name	link	tuits	retuits	rteados	followers	following	status	location	Walktrap
@_GreatUnwashed	<a href="https://twitter.com/_GreatUnwashed" target="_blank">_GreatUnwashed</a>	21	1	0	19186	9991	69078	Cascadia	007
@_MrDarwin_	<a href="https://twitter.com/_MrDarwin_" target="_blank">_MrDarwin_</a>	7	0	1	328	2495	11377	Distrito 12	006
@_Reugelo	<a href="https://twitter.com/_Reugelo" target="_blank">_Reugelo</a>	3	0	1	158	277	2146	Granollers, Catalunya	011
@_RMei_	<a href="https://twitter.com/_RMei_" target="_blank">_RMei_</a>	0	2	0					063
@0Seuba	<a href="https://twitter.com/0Seuba" target="_blank">0Seuba</a>	31	0	2	664	1159	13762	Avià-Bcn, Catalunya	016
@1139dani	<a href="https://twitter.com/1139dani" target="_blank">1139dani</a>	15	0	1	311	718	8556	Parets del Valles,Catalunya	010
@1983Sergi	<a href="https://twitter.com/1983Sergi" target="_blank">1983Sergi</a>	7	0	1	777	526	48148		004
@1octrefcom	<a href="https://twitter.com/1octrefcom" target="_blank">1octrefcom</a>	3	0	1	24	352	128	Girona, Catalunya	003
@2002eligp	<a href="https://twitter.com/2002eligp" target="_blank">2002eligp</a>	8	0	1	108	400	6693	cat	026
@2005sjusi	<a href="https://twitter.com/2005sjusi" target="_blank">2005sjusi</a>	26	0	2	805	790	51238	Costa Daurada	001
@20g32	<a href="https://twitter.com/20g32" target="_blank">20g32</a>	7	0	1	645	493	19839	Entre Gràcia i Sant Andreu	002
@2211Mes	<a href="https://twitter.com/2211Mes" target="_blank">2211Mes</a>	4	0	1	49	156	4780	Barcelona	004
@28mavi28	<a href="https://twitter.com/28mavi28" target="_blank">28mavi28</a>	14	0	1	32	96	9997		002
@32Behan	<a href="https://twitter.com/32Behan" target="_blank">32Behan</a>	17	0	1	426	618	16607	de vacances ovidianes	036
@70diazcat	<a href="https://twitter.com/70diazcat" target="_blank">70diazcat</a>	15	0	1	82	239	7375		013
@75laia	<a href="https://twitter.com/75laia" target="_blank">75laia</a>	3	0	1	69	121	1286		022
@7akbatindautxu	<a href="https://twitter.com/7akbatindautxu" target="_blank">7akbatindautxu</a>	1	13	0	912	431	1060		015
@abc53555	<a href="https://twitter.com/abc53555" target="_blank">abc53555</a>	1	0	1	1	27	142		007
@abeldomato	<a href="https://twitter.com/abeldomato" target="_blank">abeldomato</a>	1	0	1	216	284	3559	Barcelona	112
@AbelPeraire	<a href="https://twitter.com/AbelPeraire" target="_blank">AbelPeraire</a>	8	0	1	638	186	4539		030
@abeurada	<a href="https://twitter.com/abeurada" target="_blank">abeurada</a>	2	0	1	417	794	5170		004
@abo_quero	<a href="https://twitter.com/abo_quero" target="_blank">abo_quero</a>	7	0	1	1667	2732	81572	Esplugues de Llobregat .	020
@aborrast24	<a href="https://twitter.com/aborrast24" target="_blank">aborrast24</a>	1	0	1	341	352	8129	Catalunya	004
@acadainstant	<a href="https://twitter.com/acadainstant" target="_blank">acadainstant</a>	12	0	1	553	1246	22446	catalunya	006
@acodina58	<a href="https://twitter.com/acodina58" target="_blank">acodina58</a>	10	0	1	88	58	11516		125
@acorey_cat	<a href="https://twitter.com/acorey_cat" target="_blank">acorey_cat</a>	1	8	1	1117	617	7647	Sabadell, República Catalana	022
@adasainz	<a href="https://twitter.com/adasainz" target="_blank">adasainz</a>	2	0	1	344	789	6924		001
@adeuespanya2017	<a href="https://twitter.com/adeuespanya2017" target="_blank">adeuespanya2017</a>	2	1	0	141	526	272	CATALUNYA	021
@Admo_independe	<a href="https://twitter.com/Admo_independe" target="_blank">Admo_independe</a>	44	0	1	1130	627	20812	Catalunya (UE)	101
@adrcss	<a href="https://twitter.com/adrcss" target="_blank">adrcss</a>	1	0	1	72	342	574		026
@AdriVilajoana	<a href="https://twitter.com/AdriVilajoana" target="_blank">AdriVilajoana</a>	1	0	1	88	587	872		018
@afontanella15	<a href="https://twitter.com/afontanella15" target="_blank">afontanella15</a>	1	2	0	64	109	57		066
@Afonttre	<a href="https://twitter.com/Afonttre" target="_blank">Afonttre</a>	1	0	1	7	203	161	Barcelona, España	042
@afreixaferrer	<a href="https://twitter.com/afreixaferrer" target="_blank">afreixaferrer</a>	0	1	0					007
@afrocatalans	<a href="https://twitter.com/afrocatalans" target="_blank">afrocatalans</a>	1	0	1	3423	3538	4888		016
@Agalmes	<a href="https://twitter.com/Agalmes" target="_blank">Agalmes</a>	1	1	0	369	853	416	Vila de Gracia, Barcelona	072
@AgataOlegario	<a href="https://twitter.com/AgataOlegario" target="_blank">AgataOlegario</a>	10	0	1	107	435	2127		025
@ageligarcia	<a href="https://twitter.com/ageligarcia" target="_blank">ageligarcia</a>	4	0	1	89	554	1412	Figueres, España	012
@agnes_1714	<a href="https://twitter.com/agnes_1714" target="_blank">agnes_1714</a>	1	0	1	107	154	111		002
@agnesagnes10	<a href="https://twitter.com/agnesagnes10" target="_blank">agnesagnes10</a>	2	1	0	707	1185	23431	Barcelona-Catalunya	168
@aigetx	<a href="https://twitter.com/aigetx" target="_blank">aigetx</a>	5	0	1	98	131	3259		013
@aigua_rius	<a href="https://twitter.com/aigua_rius" target="_blank">aigua_rius</a>	4	0	1	20	151	328		138
@Aina10villares	<a href="https://twitter.com/Aina10villares" target="_blank">Aina10villares</a>	1	1	0	199	771	3313	Sant Cugat, Barcelona	166
@aitor_8a	<a href="https://twitter.com/aitor_8a" target="_blank">aitor_8a</a>	6	0	1	763	1994	6325	BCN, Lagos, Burela, Avilés	002
@ajoprieto	<a href="https://twitter.com/ajoprieto" target="_blank">ajoprieto</a>	5	0	1	36	225	1336		006
@Akelharre	<a href="https://twitter.com/Akelharre" target="_blank">Akelharre</a>	8	0	1	1281	1956	7556	L'Hospitalet de Llobregat	036
@alaixendri	<a href="https://twitter.com/alaixendri" target="_blank">alaixendri</a>	2	0	1	54	97	443	Tortosa, España	001
@Alba_garriga	<a href="https://twitter.com/Alba_garriga" target="_blank">Alba_garriga</a>	0	5	0					014
@AlbaMetge	<a href="https://twitter.com/AlbaMetge" target="_blank">AlbaMetge</a>	0	1	0					128
@Albert_arce	<a href="https://twitter.com/Albert_arce" target="_blank">Albert_arce</a>	4	0	1	101	110	3456	Horta - Països Catalans	027
@albert_orta	<a href="https://twitter.com/albert_orta" target="_blank">albert_orta</a>	36	0	1	1903	4994	31332	Terrassa	004
@AlbertFBosch	<a href="https://twitter.com/AlbertFBosch" target="_blank">AlbertFBosch</a>	0	1	0					118
@AlbertLloreta	<a href="https://twitter.com/AlbertLloreta" target="_blank">AlbertLloreta</a>	4	23	0	3475	1121	33819	Barcelona, Catalunya	026
@albertlluchtw	<a href="https://twitter.com/albertlluchtw" target="_blank">albertlluchtw</a>	10	1	0	640	859	53460	St Cugat del Vallès /Cat/ EU	154
@AlbertMadern	<a href="https://twitter.com/AlbertMadern" target="_blank">AlbertMadern</a>	2	0	1	111	103	5454	Figueres	012
@AlbertMajo7	<a href="https://twitter.com/AlbertMajo7" target="_blank">AlbertMajo7</a>	16	0	1	52	233	4172	Sabadell Catalunya	016
@albertolario73	<a href="https://twitter.com/albertolario73" target="_blank">albertolario73</a>	1	0	1	23	34	859	Barcelona	016
@albertorresca	<a href="https://twitter.com/albertorresca" target="_blank">albertorresca</a>	3	0	1	556	572	29151	Terrassa	002
@AlbertRey72	<a href="https://twitter.com/AlbertRey72" target="_blank">AlbertRey72</a>	13	0	1	755	839	29540	Sant Feliu de Llobregat, Cat	013
@alberttossal	<a href="https://twitter.com/alberttossal" target="_blank">alberttossal</a>	3	0	1	480	1432	9139	Igualada, Catalunya	066
@Alcuverru	<a href="https://twitter.com/Alcuverru" target="_blank">Alcuverru</a>	10	0	2	402	1024	19841	Catalunya, estat independent.	008
@aleixcj	<a href="https://twitter.com/aleixcj" target="_blank">aleixcj</a>	3	0	1	1968	2155	53517	Lluçanès / Països Catalans	030
@Alejand63567115	<a href="https://twitter.com/Alejand63567115" target="_blank">Alejand63567115</a>	20	0	1	47	34	8112		038
@alexcordonvila	<a href="https://twitter.com/alexcordonvila" target="_blank">alexcordonvila</a>	5	0	1	347	1537	2151	Barcelona	004
@AlfredMartn2	<a href="https://twitter.com/AlfredMartn2" target="_blank">AlfredMartn2</a>	10	0	1	742	875	11282	Joncosa del Montmell Tarragona	008
@alisonlisset	<a href="https://twitter.com/alisonlisset" target="_blank">alisonlisset</a>	2	0	1	176	382	3105		111
@Alrome	<a href="https://twitter.com/Alrome" target="_blank">Alrome</a>	6	1	0	736	1498	47398	Canarias - NW Africa	147
@alwejakei	<a href="https://twitter.com/alwejakei" target="_blank">alwejakei</a>	1	0	1	4	138	110		081
@AMAT_VIDAL	<a href="https://twitter.com/AMAT_VIDAL" target="_blank">AMAT_VIDAL</a>	22	0	1	217	253	19305	CATALUNYA	016
@AMI__cat	<a href="https://twitter.com/AMI__cat" target="_blank">AMI__cat</a>	39	0	2	24321	1537	28029	Catalunya, Unió Europea	023
@amicdetots	<a href="https://twitter.com/amicdetots" target="_blank">amicdetots</a>	8	0	2	4968	2848	95552	(Catalunya)	016
@AmorBoleda	<a href="https://twitter.com/AmorBoleda" target="_blank">AmorBoleda</a>	2	0	1	37	60	721		007
@AnaDrets	<a href="https://twitter.com/AnaDrets" target="_blank">AnaDrets</a>	2	0	1	142	186	4811		035
@anahappens	<a href="https://twitter.com/anahappens" target="_blank">anahappens</a>	4	0	1	27	84	3408		005
@AnaKeka	<a href="https://twitter.com/AnaKeka" target="_blank">AnaKeka</a>	0	1	0					143
@anaoromi	<a href="https://twitter.com/anaoromi" target="_blank">anaoromi</a>	80	0	2	2250	2385	419417	República Catalana. UE	021
@ANC_Arquitect	<a href="https://twitter.com/ANC_Arquitect" target="_blank">ANC_Arquitect</a>	5	0	1	1376	1036	3047	Catalunya, Països Catalans	067
@AncBru	<a href="https://twitter.com/AncBru" target="_blank">AncBru</a>	4	2	0	2592	849	4921	Brussel·les	061
@ANCNouBarris	<a href="https://twitter.com/ANCNouBarris" target="_blank">ANCNouBarris</a>	9	1	0	1846	1114	8548	Barcelona. Països Catalans	064
@ANCVilanovaG	<a href="https://twitter.com/ANCVilanovaG" target="_blank">ANCVilanovaG</a>	0	1	0					137
@andermgt	<a href="https://twitter.com/andermgt" target="_blank">andermgt</a>	10	1	0	296	508	13306	Etxarri Aranatz, EH	024
@andreu_monzo	<a href="https://twitter.com/andreu_monzo" target="_blank">andreu_monzo</a>	4	0	1	34	256	105	Catalunya	045
@Andreueste	<a href="https://twitter.com/Andreueste" target="_blank">Andreueste</a>	13	3	0	1203	722	19009	Badalona	049
@AndreuMonros	<a href="https://twitter.com/AndreuMonros" target="_blank">AndreuMonros</a>	0	2	0					059
@andreuvr	<a href="https://twitter.com/andreuvr" target="_blank">andreuvr</a>	4	0	1	927	1142	11912	Lleida, Països Catalans	062
@Andryu_Ab	<a href="https://twitter.com/Andryu_Ab" target="_blank">Andryu_Ab</a>	14	0	1	47	287	2864		004
@Angeleugeni	<a href="https://twitter.com/Angeleugeni" target="_blank">Angeleugeni</a>	26	0	1	165	1057	4993	Mollerussa	028
@angelsfont81	<a href="https://twitter.com/angelsfont81" target="_blank">angelsfont81</a>	5	0	1	65	127	1372	Viladamat, Espanya	048
@angelsmonreal	<a href="https://twitter.com/angelsmonreal" target="_blank">angelsmonreal</a>	1	0	1	0	1	6		084
@Anika1Ana	<a href="https://twitter.com/Anika1Ana" target="_blank">Anika1Ana</a>	6	0	1	36	120	926		005
@AniolBonada	<a href="https://twitter.com/AniolBonada" target="_blank">AniolBonada</a>	2	0	1	74	113	93	Sant Feliu de Torelló	002
@anna_sanllehy	<a href="https://twitter.com/anna_sanllehy" target="_blank">anna_sanllehy</a>	12	0	1	2697	4995	70657		001
@AnnaBusquets10	<a href="https://twitter.com/AnnaBusquets10" target="_blank">AnnaBusquets10</a>	3	0	1	295	630	3203	Arbúcies	004
@AnnaGuell	<a href="https://twitter.com/AnnaGuell" target="_blank">AnnaGuell</a>	7	0	1	979	1237	3688		002
@AnnaIzLo	<a href="https://twitter.com/AnnaIzLo" target="_blank">AnnaIzLo</a>	1	0	1	3	18	209		108
@AnnamDuimenez	<a href="https://twitter.com/AnnamDuimenez" target="_blank">AnnamDuimenez</a>	15	0	1	516	790	22496		016
@annapasqual	<a href="https://twitter.com/annapasqual" target="_blank">annapasqual</a>	1	0	1	1328	1397	8526	Banyeres de Mariola / Barcelona	004
@annavm95	<a href="https://twitter.com/annavm95" target="_blank">annavm95</a>	3	0	1	327	219	29244		016
@Annetaaf	<a href="https://twitter.com/Annetaaf" target="_blank">Annetaaf</a>	2	0	1	81	279	1184	Monistrol de Montserrat	004
@Annna_gd	<a href="https://twitter.com/Annna_gd" target="_blank">Annna_gd</a>	17	0	1	422	1042	23502	Catalunya	004
@AnonMato	<a href="https://twitter.com/AnonMato" target="_blank">AnonMato</a>	2	0	1	669	1102	49178		013
@antaviana79	<a href="https://twitter.com/antaviana79" target="_blank">antaviana79</a>	11	0	1	719	1578	4026	Girona, ciutat de sedició ✊🏻	026
@antih3roi	<a href="https://twitter.com/antih3roi" target="_blank">antih3roi</a>	10	0	1	294	1350	7340	Eixample Esq., Països Catalans	005
@AntiNazisUnited	<a href="https://twitter.com/AntiNazisUnited" target="_blank">AntiNazisUnited</a>	1	0	1	634	1854	22757	Je suis globaliste	044
@antirratacloaca	<a href="https://twitter.com/antirratacloaca" target="_blank">antirratacloaca</a>	2	0	1	2616	1192	41152	the world	006
@Antoniaroco	<a href="https://twitter.com/Antoniaroco" target="_blank">Antoniaroco</a>	6	0	3	431	556	5028		008
@AntonietaRovira	<a href="https://twitter.com/AntonietaRovira" target="_blank">AntonietaRovira</a>	1	0	1	58	221	1593	Vila-seca	004
@Antonio02785700	<a href="https://twitter.com/Antonio02785700" target="_blank">Antonio02785700</a>	4	0	1	53	124	2088	Blanes, Catalunya	085
@anxovetafelic	<a href="https://twitter.com/anxovetafelic" target="_blank">anxovetafelic</a>	1	0	1	9	36	258		002
@APEREZVALENTE	<a href="https://twitter.com/APEREZVALENTE" target="_blank">APEREZVALENTE</a>	6	0	1	91	297	7189		030
@aqueront	<a href="https://twitter.com/aqueront" target="_blank">aqueront</a>	11	0	1	597	1050	27456	BARCELONA-CATALUNYA	008
@arcadimt	<a href="https://twitter.com/arcadimt" target="_blank">arcadimt</a>	2	0	1	69	47	433		054
@ArianaRoca	<a href="https://twitter.com/ArianaRoca" target="_blank">ArianaRoca</a>	0	1	0					121
@AriClavell	<a href="https://twitter.com/AriClavell" target="_blank">AriClavell</a>	0	1	0					116
@ariusbou	<a href="https://twitter.com/ariusbou" target="_blank">ariusbou</a>	4	0	1	106	215	5697		016
@arquitectesplsi	<a href="https://twitter.com/arquitectesplsi" target="_blank">arquitectesplsi</a>	7	3	1	253	668	298	Catalunya, Països Catalans	067
@Arran_Tarragona	<a href="https://twitter.com/Arran_Tarragona" target="_blank">Arran_Tarragona</a>	5	1	0	1300	1039	2388	Tarragona, Països Catalans	110
@ArranBarcelona	<a href="https://twitter.com/ArranBarcelona" target="_blank">ArranBarcelona</a>	7	0	1	2743	873	7025	Barcelonès, Països Catalans	027
@arsairene	<a href="https://twitter.com/arsairene" target="_blank">arsairene</a>	2	0	1	6	64	1416		100
@askari222	<a href="https://twitter.com/askari222" target="_blank">askari222</a>	50	0	1	46	34	9286		065
@AssembleaEExI	<a href="https://twitter.com/AssembleaEExI" target="_blank">AssembleaEExI</a>	10	0	1	2440	2167	32989	Barcelona, Catalunya	008
@Assembleapv	<a href="https://twitter.com/Assembleapv" target="_blank">Assembleapv</a>	23	0	1	1126	963	11933	País Valencià	013
@Atharel	<a href="https://twitter.com/Atharel" target="_blank">Atharel</a>	14	0	1	313	473	12467	Barnacity CAT	090
@atvillarroya	<a href="https://twitter.com/atvillarroya" target="_blank">atvillarroya</a>	6	0	2	987	3391	10884		043
@AureliMC93	<a href="https://twitter.com/AureliMC93" target="_blank">AureliMC93</a>	1	0	1	4	25	5		003
@autodeterminats	<a href="https://twitter.com/autodeterminats" target="_blank">autodeterminats</a>	2	0	1	830	3933	8112		088
@avs2000	<a href="https://twitter.com/avs2000" target="_blank">avs2000</a>	3	0	1	1446	1746	16442		008
@bacteriaboada	<a href="https://twitter.com/bacteriaboada" target="_blank">bacteriaboada</a>	3	0	2	184	590	1100	Girona	008
@bandarres	<a href="https://twitter.com/bandarres" target="_blank">bandarres</a>	1	1	0	3818	442	5007	Barcelona	109
@Bardaler	<a href="https://twitter.com/Bardaler" target="_blank">Bardaler</a>	1	0	1	2040	642	84457	Pins del Vallès	009
@BasketCatala	<a href="https://twitter.com/BasketCatala" target="_blank">BasketCatala</a>	3	0	1	4864	2882	6558	Catalunya	033
@BegoZaballos	<a href="https://twitter.com/BegoZaballos" target="_blank">BegoZaballos</a>	4	0	1	8	57	74		132
@benxi99	<a href="https://twitter.com/benxi99" target="_blank">benxi99</a>	12	0	1	1556	2165	34217	Barcelona Catalonia	008
@Bergadana	<a href="https://twitter.com/Bergadana" target="_blank">Bergadana</a>	1	0	1	11	47	29	Catalunya	057
@bernatgodayol	<a href="https://twitter.com/bernatgodayol" target="_blank">bernatgodayol</a>	1	0	1	229	206	3613	Catalunya	018
@BetaFemella	<a href="https://twitter.com/BetaFemella" target="_blank">BetaFemella</a>	1	0	1	59	359	651	Barcelona, Catalunya	013
@BetonaComin	<a href="https://twitter.com/BetonaComin" target="_blank">BetonaComin</a>	2	6	0	3119	1705	40742	Catalunya	009
@BezaYolanda	<a href="https://twitter.com/BezaYolanda" target="_blank">BezaYolanda</a>	15	0	1	127	228	3702	Olesa de Montserrat, España	121
@binbonbanblog	<a href="https://twitter.com/binbonbanblog" target="_blank">binbonbanblog</a>	2	0	1	627	225	4054		015
@bisbalbasquet	<a href="https://twitter.com/bisbalbasquet" target="_blank">bisbalbasquet</a>	1	7	0	4871	4128	6610	La Bisbal d'Empordà	033
@blairodriguez	<a href="https://twitter.com/blairodriguez" target="_blank">blairodriguez</a>	37	0	1	3676	1413	22381	els encants. barna.	005
@BlancaRedLips	<a href="https://twitter.com/BlancaRedLips" target="_blank">BlancaRedLips</a>	1	0	1	210	387	4205	Tres voltes rebel	003
@BlasiSobera	<a href="https://twitter.com/BlasiSobera" target="_blank">BlasiSobera</a>	1	0	1	39	193	183		117
@BoenaSvoabo	<a href="https://twitter.com/BoenaSvoabo" target="_blank">BoenaSvoabo</a>	6	0	1	2971	4525	84711	Barcelona, Catalunya/ (sLOVEnia)	028
@booktubemania	<a href="https://twitter.com/booktubemania" target="_blank">booktubemania</a>	20	0	4	832	1695	4873	República Catalana	018
@bori_not	<a href="https://twitter.com/bori_not" target="_blank">bori_not</a>	9	3	1	1905	628	82627	Països Catalans	013
@bsalvasi	<a href="https://twitter.com/bsalvasi" target="_blank">bsalvasi</a>	1	0	1	64	133	796	Montgat	034
@bsilanes	<a href="https://twitter.com/bsilanes" target="_blank">bsilanes</a>	18	2	2	2544	2263	67518	Catalunya	010
@bsolerg	<a href="https://twitter.com/bsolerg" target="_blank">bsolerg</a>	5	0	1	274	170	8322	Catalunya	034
@Bulgarell1Mauro	<a href="https://twitter.com/Bulgarell1Mauro" target="_blank">Bulgarell1Mauro</a>	12	0	1	496	849	16499		005
@burma2008	<a href="https://twitter.com/burma2008" target="_blank">burma2008</a>	3	0	1	294	474	4965	Premià de Mar	002
@c_consol	<a href="https://twitter.com/c_consol" target="_blank">c_consol</a>	7	0	1	136	258	7048		013
@caarla45	<a href="https://twitter.com/caarla45" target="_blank">caarla45</a>	1	0	1	152	223	1464	Banyoles, Catalunya	004
@caboixo	<a href="https://twitter.com/caboixo" target="_blank">caboixo</a>	26	0	1	240	143	33953		145
@CalaJu_lia	<a href="https://twitter.com/CalaJu_lia" target="_blank">CalaJu_lia</a>	2	0	1	39	423	416		026
@CalamityDjon	<a href="https://twitter.com/CalamityDjon" target="_blank">CalamityDjon</a>	6	0	1	1986	1921	25545	En viatge interstel·lar.	016
@calzadovictor	<a href="https://twitter.com/calzadovictor" target="_blank">calzadovictor</a>	0	1	0					076
@Candeliano	<a href="https://twitter.com/Candeliano" target="_blank">Candeliano</a>	0	39	0					013
@CanoAbogado	<a href="https://twitter.com/CanoAbogado" target="_blank">CanoAbogado</a>	11	0	1	1995	220	56798	Barcelona, España	028
@canricart	<a href="https://twitter.com/canricart" target="_blank">canricart</a>	31	0	1	600	511	14383	poblenou (barcelona)	004
@canutdminairons	<a href="https://twitter.com/canutdminairons" target="_blank">canutdminairons</a>	5	0	1	24	100	1707		139
@carlesbert	<a href="https://twitter.com/carlesbert" target="_blank">carlesbert</a>	6	0	1	323	301	3261	Barcelona, Espanya	010
@carlesdomingo	<a href="https://twitter.com/carlesdomingo" target="_blank">carlesdomingo</a>	1	14	0	316	112	1617	barcelona	020
@Carlesescario	<a href="https://twitter.com/Carlesescario" target="_blank">Carlesescario</a>	28	0	1	354	330	37892		028
@CarlesMacian	<a href="https://twitter.com/CarlesMacian" target="_blank">CarlesMacian</a>	2	1	0	921	1594	3427		127
@carlesral	<a href="https://twitter.com/carlesral" target="_blank">carlesral</a>	2	0	2	1304	333	10674	Barcelona, Països Catalans	005
@Carme__M	<a href="https://twitter.com/Carme__M" target="_blank">Carme__M</a>	3	0	1	1156	1247	22644		105
@carme_corominas	<a href="https://twitter.com/carme_corominas" target="_blank">carme_corominas</a>	14	0	1	11	25	3319		004
@carmealoy	<a href="https://twitter.com/carmealoy" target="_blank">carmealoy</a>	11	0	1	215	698	5658	Sant Cugat Vallès & La Segarra	006
@CarmeLaboria	<a href="https://twitter.com/CarmeLaboria" target="_blank">CarmeLaboria</a>	3	0	1	1410	416	4502	Terrassa - Catalunya	003
@Carrasquet1682	<a href="https://twitter.com/Carrasquet1682" target="_blank">Carrasquet1682</a>	8	0	1	3283	1634	33278		001
@casalpanxo	<a href="https://twitter.com/casalpanxo" target="_blank">casalpanxo</a>	1	2	0	1690	402	10721	Berga, Països Catalans	057
@CATaccio11	<a href="https://twitter.com/CATaccio11" target="_blank">CATaccio11</a>	17	0	1	1600	1908	7288		009
@catalan_si	<a href="https://twitter.com/catalan_si" target="_blank">catalan_si</a>	0	4	0					006
@catalanensis	<a href="https://twitter.com/catalanensis" target="_blank">catalanensis</a>	16	0	1	189	199	15381	CATALÁ. MATARONÍ.CULÉ    II*II	008
@catalanet1714	<a href="https://twitter.com/catalanet1714" target="_blank">catalanet1714</a>	1	1	0	61	120	897		005
@CatalanRobot	<a href="https://twitter.com/CatalanRobot" target="_blank">CatalanRobot</a>	54	0	1	239	1	22090	Catalonia	047
@catalunya2016	<a href="https://twitter.com/catalunya2016" target="_blank">catalunya2016</a>	18	0	1	4248	4532	25597	República de Catalunya	047
@CatalunyaSioSi	<a href="https://twitter.com/CatalunyaSioSi" target="_blank">CatalunyaSioSi</a>	7	0	1	182	507	2906	Catalunya	038
@CatJoves	<a href="https://twitter.com/CatJoves" target="_blank">CatJoves</a>	1	0	1	2883	2620	5040	Barcelona, Catalunya	022
@CATJRD	<a href="https://twitter.com/CATJRD" target="_blank">CATJRD</a>	39	0	1	260	372	6994	CATALUNYA	124
@cbgviladecans	<a href="https://twitter.com/cbgviladecans" target="_blank">cbgviladecans</a>	7	0	1	2753	3135	96677	Baix Llobregat Catalunya U.E.	016
@cbonaventura	<a href="https://twitter.com/cbonaventura" target="_blank">cbonaventura</a>	40	0	1	3764	4415	71820	Girona	013
@cbsalt	<a href="https://twitter.com/cbsalt" target="_blank">cbsalt</a>	1	0	1	1850	780	2720	Salt	033
@CCaballeroUGT	<a href="https://twitter.com/CCaballeroUGT" target="_blank">CCaballeroUGT</a>	2	1	0	147	369	855	Blanes, España	001
@cchetrit	<a href="https://twitter.com/cchetrit" target="_blank">cchetrit</a>	23	0	1	60	134	3582	Banyoles, Spain	016
@CDRepublica	<a href="https://twitter.com/CDRepublica" target="_blank">CDRepublica</a>	0	3	0					009
@CDRHG7	<a href="https://twitter.com/CDRHG7" target="_blank">CDRHG7</a>	20	0	1	612	62	473		027
@celescolorado	<a href="https://twitter.com/celescolorado" target="_blank">celescolorado</a>	7	0	1	3920	947	60065	Barbera del Valles, Catalunya	036
@CemarLidia	<a href="https://twitter.com/CemarLidia" target="_blank">CemarLidia</a>	6	0	1	1091	1808	30837	Castelldefels	038
@Cesc537	<a href="https://twitter.com/Cesc537" target="_blank">Cesc537</a>	1	0	1	1286	1224	23674	Terrassa	003
@ceskfreixas	<a href="https://twitter.com/ceskfreixas" target="_blank">ceskfreixas</a>	8	0	1	33642	1796	44979	Sant Pere de Riudebitlles	004
@cespinosaji	<a href="https://twitter.com/cespinosaji" target="_blank">cespinosaji</a>	10	0	1	229	588	34113		025
@Charlee3S	<a href="https://twitter.com/Charlee3S" target="_blank">Charlee3S</a>	9	0	1	12	27	1134	Viladecans, Cataluña	016
@ChorcheRoyo	<a href="https://twitter.com/ChorcheRoyo" target="_blank">ChorcheRoyo</a>	1	0	1	305	496	4762	Aragón	040
@cibernautajoan	<a href="https://twitter.com/cibernautajoan" target="_blank">cibernautajoan</a>	3	0	1	695	283	34731	no-lloc	067
@cienciescoop	<a href="https://twitter.com/cienciescoop" target="_blank">cienciescoop</a>	3	0	1	306	302	2627		068
@CircCric	<a href="https://twitter.com/CircCric" target="_blank">CircCric</a>	0	3	0					007
@circdetarragona	<a href="https://twitter.com/circdetarragona" target="_blank">circdetarragona</a>	0	4	0					041
@ClaraDachs	<a href="https://twitter.com/ClaraDachs" target="_blank">ClaraDachs</a>	4	0	1	541	927	2009		011
@claralmanza	<a href="https://twitter.com/claralmanza" target="_blank">claralmanza</a>	2	0	1	6	22	40		018
@ClaraMerc	<a href="https://twitter.com/ClaraMerc" target="_blank">ClaraMerc</a>	16	0	1	223	687	9843	Catalunya, Espanya	019
@clarapeya	<a href="https://twitter.com/clarapeya" target="_blank">clarapeya</a>	0	1	0					095
@clarast57	<a href="https://twitter.com/clarast57" target="_blank">clarast57</a>	1	0	1	40	23	4215		154
@ClipsterBCN	<a href="https://twitter.com/ClipsterBCN" target="_blank">ClipsterBCN</a>	0	2	0					052
@ComunistesPelSi	<a href="https://twitter.com/ComunistesPelSi" target="_blank">ComunistesPelSi</a>	2	0	1	738	880	547	Catalunya	004
@ConchiMendo	<a href="https://twitter.com/ConchiMendo" target="_blank">ConchiMendo</a>	1	0	1	108	301	512	Barcelona	026
@conspirator0	<a href="https://twitter.com/conspirator0" target="_blank">conspirator0</a>	3	5	0	19462	2314	12477	USA (somewhere in time)	044
@COP_perRipollet	<a href="https://twitter.com/COP_perRipollet" target="_blank">COP_perRipollet</a>	0	3	0					005
@CorbetoXita	<a href="https://twitter.com/CorbetoXita" target="_blank">CorbetoXita</a>	8	0	1	273	984	3554		016
@COS_UB	<a href="https://twitter.com/COS_UB" target="_blank">COS_UB</a>	1	0	1	846	300	3524	Barcelona	038
@COSEducacio	<a href="https://twitter.com/COSEducacio" target="_blank">COSEducacio</a>	1	6	0	1392	1306	5849		038
@COSnacional	<a href="https://twitter.com/COSnacional" target="_blank">COSnacional</a>	8	0	2	7672	2041	34799	Països Catalans	038
@CPLaCalderera	<a href="https://twitter.com/CPLaCalderera" target="_blank">CPLaCalderera</a>	2	0	1	675	694	3474	Riudoms (Països Catalans)	152
@CrazyVet	<a href="https://twitter.com/CrazyVet" target="_blank">CrazyVet</a>	1	0	1	844	347	52238	Jerusalem	074
@CridaDemocracia	<a href="https://twitter.com/CridaDemocracia" target="_blank">CridaDemocracia</a>	13	1	0	118056	5684	6374		084
@crissansem	<a href="https://twitter.com/crissansem" target="_blank">crissansem</a>	15	1	0	954	919	57644	Catalunya	083
@cup_igualada	<a href="https://twitter.com/cup_igualada" target="_blank">cup_igualada</a>	3	0	1	1679	1084	2739		066
@CUPBarcelona	<a href="https://twitter.com/CUPBarcelona" target="_blank">CUPBarcelona</a>	7	0	1	19446	1580	32803	Barcelona	005
@CUPBerga	<a href="https://twitter.com/CUPBerga" target="_blank">CUPBerga</a>	3	0	1	3731	2679	6460	Berga, Països Catalans	057
@CUPdeFigueres	<a href="https://twitter.com/CUPdeFigueres" target="_blank">CUPdeFigueres</a>	4	0	1	2190	1384	5421	Figueres	012
@CUPdeVilanova	<a href="https://twitter.com/CUPdeVilanova" target="_blank">CUPdeVilanova</a>	19	0	1	3113	2015	6685	Vilanova i la Geltrú, PPCC	026
@CUPGirona	<a href="https://twitter.com/CUPGirona" target="_blank">CUPGirona</a>	13	0	1	6749	2150	30543	Girona, Països Catalans	004
@CUPHortaGuinard	<a href="https://twitter.com/CUPHortaGuinard" target="_blank">CUPHortaGuinard</a>	8	0	1	2679	2203	26241	Horta Guinardó	027
@cuplagarriga	<a href="https://twitter.com/cuplagarriga" target="_blank">cuplagarriga</a>	3	2	0	1828	1562	3397	La Garriga - Països Catalans	011
@CUPNordOriental	<a href="https://twitter.com/CUPNordOriental" target="_blank">CUPNordOriental</a>	2	5	0	1681	601	7349		004
@cuppineda	<a href="https://twitter.com/cuppineda" target="_blank">cuppineda</a>	1	0	1	1290	291	1504	Pineda de Mar, Països Catalans	005
@curto46	<a href="https://twitter.com/curto46" target="_blank">curto46</a>	4	0	1	392	519	5472		033
@dadma2010	<a href="https://twitter.com/dadma2010" target="_blank">dadma2010</a>	16	0	1	848	1840	28810		013
@daelius	<a href="https://twitter.com/daelius" target="_blank">daelius</a>	7	0	1	297	488	8200	Tarragona, Cataluña ES	016
@DanielLienas	<a href="https://twitter.com/DanielLienas" target="_blank">DanielLienas</a>	1	0	1	7	98	45		040
@danielvalls	<a href="https://twitter.com/danielvalls" target="_blank">danielvalls</a>	6	0	1	225	227	4340		050
@David_Moral072	<a href="https://twitter.com/David_Moral072" target="_blank">David_Moral072</a>	2	0	1	710	914	20859	Barcelona-Sant Feliu.Cat	008
@davidcompanyon	<a href="https://twitter.com/davidcompanyon" target="_blank">davidcompanyon</a>	9	0	1	6907	1870	36517	República Catalana	004
@davidGferriz	<a href="https://twitter.com/davidGferriz" target="_blank">davidGferriz</a>	1	0	1	410	722	1619	Badalona, Espanya	034
@davidgodall	<a href="https://twitter.com/davidgodall" target="_blank">davidgodall</a>	0	3	0					023
@davidsans3	<a href="https://twitter.com/davidsans3" target="_blank">davidsans3</a>	1	1	0	119	336	3428	Barcelona, Catalunya	077
@DavidSGuinjoan	<a href="https://twitter.com/DavidSGuinjoan" target="_blank">DavidSGuinjoan</a>	8	11	0	95	113	2332		019
@Davidvivesc	<a href="https://twitter.com/Davidvivesc" target="_blank">Davidvivesc</a>	3	0	1	108	419	6381		019
@dcaritgg	<a href="https://twitter.com/dcaritgg" target="_blank">dcaritgg</a>	17	0	1	333	1787	8415	Barcelona	020
@debolsillo	<a href="https://twitter.com/debolsillo" target="_blank">debolsillo</a>	1	1	0	703	1146	26015	Barcelona, Republica Catalana	074
@Decembrista	<a href="https://twitter.com/Decembrista" target="_blank">Decembrista</a>	7	0	1	344	824	42870		016
@dejuana_kaos	<a href="https://twitter.com/dejuana_kaos" target="_blank">dejuana_kaos</a>	1	0	1	126	311	4255	SAN MAMES - EUSKAL HERRIA	015
@Dellunde_UAB	<a href="https://twitter.com/Dellunde_UAB" target="_blank">Dellunde_UAB</a>	5	0	1	493	616	2193	Sydney, Austràlia.	026
@demalfermar	<a href="https://twitter.com/demalfermar" target="_blank">demalfermar</a>	3	0	1	12	114	456		042
@DemocraciaEtsav	<a href="https://twitter.com/DemocraciaEtsav" target="_blank">DemocraciaEtsav</a>	0	18	0					018
@DemocratesBCN	<a href="https://twitter.com/DemocratesBCN" target="_blank">DemocratesBCN</a>	11	0	1	728	600	4155	Barcelona, Cataluña	020
@DemocratesLleid	<a href="https://twitter.com/DemocratesLleid" target="_blank">DemocratesLleid</a>	8	0	1	161	276	488	Lleida, Catalunya	020
@denterd	<a href="https://twitter.com/denterd" target="_blank">denterd</a>	9	8	0	9160	259	33021	Genève (Suisse)	028
@depardals	<a href="https://twitter.com/depardals" target="_blank">depardals</a>	2	0	1	44	191	3856	Barcelona	004
@dfertl	<a href="https://twitter.com/dfertl" target="_blank">dfertl</a>	10	7	0	1136	3400	4786	Brussels, Belgium	007
@Dginlop	<a href="https://twitter.com/Dginlop" target="_blank">Dginlop</a>	2	0	1	145	350	3359		004
@dgoicoechea	<a href="https://twitter.com/dgoicoechea" target="_blank">dgoicoechea</a>	5	0	1	672	1425	11698	Malgrat de Mar, Catalunya	162
@dguellc	<a href="https://twitter.com/dguellc" target="_blank">dguellc</a>	4	0	1	596	905	9756	Oló, Manresa, Països Catalans	156
@dianatrisse	<a href="https://twitter.com/dianatrisse" target="_blank">dianatrisse</a>	2	0	1	8697	8785	78432		159
@didacfv	<a href="https://twitter.com/didacfv" target="_blank">didacfv</a>	2	0	1	114	209	2031		017
@DidacPorras	<a href="https://twitter.com/DidacPorras" target="_blank">DidacPorras</a>	0	1	0					164
@divapiti	<a href="https://twitter.com/divapiti" target="_blank">divapiti</a>	29	0	1	5209	5262	115252	República de Catalunya , UE	021
@Djerir26	<a href="https://twitter.com/Djerir26" target="_blank">Djerir26</a>	2	0	1	2571	474	67637	Valence	157
@dmanzano84	<a href="https://twitter.com/dmanzano84" target="_blank">dmanzano84</a>	2	1	0	530	510	5009	Solsona	163
@doctordinamo	<a href="https://twitter.com/doctordinamo" target="_blank">doctordinamo</a>	28	0	1	24	53	5532		014
@Dolors_guillen	<a href="https://twitter.com/Dolors_guillen" target="_blank">Dolors_guillen</a>	1	1	0	2036	854	12694	Mataro - Barcelona	161
@DolorsMartinezG	<a href="https://twitter.com/DolorsMartinezG" target="_blank">DolorsMartinezG</a>	2	0	1	272	588	7112	Vila de Gràcia se_bf cd s d'es	128
@DolorsSucarrats	<a href="https://twitter.com/DolorsSucarrats" target="_blank">DolorsSucarrats</a>	1	1	0	170	169	657	Ullastrell- Catalunya	160
@domenech_lluis	<a href="https://twitter.com/domenech_lluis" target="_blank">domenech_lluis</a>	77	0	3	950	2902	29578		013
@DomenechCompte	<a href="https://twitter.com/DomenechCompte" target="_blank">DomenechCompte</a>	3	0	1	132	555	6523		008
@domenecorrit	<a href="https://twitter.com/domenecorrit" target="_blank">domenecorrit</a>	1	0	1	275	224	2020	Castellnou de Bages	013
@dondepre	<a href="https://twitter.com/dondepre" target="_blank">dondepre</a>	7	0	1	864	230	47446		013
@DonespelSi	<a href="https://twitter.com/DonespelSi" target="_blank">DonespelSi</a>	3	4	0	1113	83	404	CATALUNYA	042
@dooblemalta	<a href="https://twitter.com/dooblemalta" target="_blank">dooblemalta</a>	0	1	0					156
@DoorbraakBe	<a href="https://twitter.com/DoorbraakBe" target="_blank">DoorbraakBe</a>	4	0	1	5791	2068	17615	Vlaanderen	061
@duard86	<a href="https://twitter.com/duard86" target="_blank">duard86</a>	1	0	1	124	170	792	catalunya, països catalans	004
@ebringues	<a href="https://twitter.com/ebringues" target="_blank">ebringues</a>	4	0	1	337	435	14275	Solsona	025
@eduardcabus	<a href="https://twitter.com/eduardcabus" target="_blank">eduardcabus</a>	4	9	0	14503	5921	82460		025
@EduardMartiRoca	<a href="https://twitter.com/EduardMartiRoca" target="_blank">EduardMartiRoca</a>	1	3	0	317	355	1105	Sant Miquel de Fluvià	046
@eduardvarorn	<a href="https://twitter.com/eduardvarorn" target="_blank">eduardvarorn</a>	11	0	1	658	567	38877	Barcelona, Espanya	095
@educat_	<a href="https://twitter.com/educat_" target="_blank">educat_</a>	2	0	1	602	598	2599	Lleida/Barcelona	003
@edvilalta	<a href="https://twitter.com/edvilalta" target="_blank">edvilalta</a>	3	0	1	754	983	13529	Mataró	010
@ee_clotilde	<a href="https://twitter.com/ee_clotilde" target="_blank">ee_clotilde</a>	4	0	1	43	338	3095		013
@egomistwit	<a href="https://twitter.com/egomistwit" target="_blank">egomistwit</a>	0	1	0					144
@elcaprat	<a href="https://twitter.com/elcaprat" target="_blank">elcaprat</a>	10	0	1	24	76	2223	Catalunya, Espanya	004
@ElenaEscat	<a href="https://twitter.com/ElenaEscat" target="_blank">ElenaEscat</a>	1	0	1	6	75	326	Cataluña, España	016
@Eliaek	<a href="https://twitter.com/Eliaek" target="_blank">Eliaek</a>	0	1	0					142
@EliAlos	<a href="https://twitter.com/EliAlos" target="_blank">EliAlos</a>	1	0	1	611	543	8267	Barcelona	004
@eliaperez_94	<a href="https://twitter.com/eliaperez_94" target="_blank">eliaperez_94</a>	3	0	1	181	163	2249		076
@eligirona	<a href="https://twitter.com/eligirona" target="_blank">eligirona</a>	1	1	0	2751	1801	25544	Bcn, Països Catalans	141
@elisabascon	<a href="https://twitter.com/elisabascon" target="_blank">elisabascon</a>	0	5	0					034
@elisabethoj	<a href="https://twitter.com/elisabethoj" target="_blank">elisabethoj</a>	9	0	1	1081	1053	4145	Sant Quirze del Vallès	005
@ElisendaE	<a href="https://twitter.com/ElisendaE" target="_blank">ElisendaE</a>	15	0	1	108	153	12939		013
@emercader05	<a href="https://twitter.com/emercader05" target="_blank">emercader05</a>	6	0	2	89	329	7148	Girona, Catalunya	005
@emontesinos46	<a href="https://twitter.com/emontesinos46" target="_blank">emontesinos46</a>	2	0	1	44	246	1435		004
@emotjer	<a href="https://twitter.com/emotjer" target="_blank">emotjer</a>	2	0	1	385	1048	2005	Barcelona	026
@empaperemStQ	<a href="https://twitter.com/empaperemStQ" target="_blank">empaperemStQ</a>	1	0	1	57	52	99	Sant Cugat del Vallès	009
@emparcm	<a href="https://twitter.com/emparcm" target="_blank">emparcm</a>	0	1	0					140
@Encoberts	<a href="https://twitter.com/Encoberts" target="_blank">Encoberts</a>	27	0	1	628	1505	52997	Xàtiva	004
@ENDIKA59	<a href="https://twitter.com/ENDIKA59" target="_blank">ENDIKA59</a>	54	0	1	3272	4795	153410	Leganes	026
@enjordinavarro	<a href="https://twitter.com/enjordinavarro" target="_blank">enjordinavarro</a>	5	0	1	2695	1045	33699	Girona	005
@enmunti	<a href="https://twitter.com/enmunti" target="_blank">enmunti</a>	0	1	0					139
@enRafelG	<a href="https://twitter.com/enRafelG" target="_blank">enRafelG</a>	20	0	1	1818	1976	81434	CATALUNYA	016
@Enric_de	<a href="https://twitter.com/Enric_de" target="_blank">Enric_de</a>	2	1	0	25	50	878	Bages Sud	138
@enricblanes	<a href="https://twitter.com/enricblanes" target="_blank">enricblanes</a>	15	0	1	756	713	13194	Barcelona, Països Catalans	079
@enricllauger	<a href="https://twitter.com/enricllauger" target="_blank">enricllauger</a>	2	0	1	1942	2743	25595	Catalonia (UE)	001
@entitatger	<a href="https://twitter.com/entitatger" target="_blank">entitatger</a>	6	0	1	873	109	2746	Sant Pere de Ribes (Garraf)	014
@ERC_LesCorts	<a href="https://twitter.com/ERC_LesCorts" target="_blank">ERC_LesCorts</a>	1	2	0	801	1114	1586	C/ Taquígraf Garriga , 28	060
@ERC9B	<a href="https://twitter.com/ERC9B" target="_blank">ERC9B</a>	16	0	2	1754	3084	6805	Alloza, 47 Barcelona	002
@ERCGranollers	<a href="https://twitter.com/ERCGranollers" target="_blank">ERCGranollers</a>	4	0	1	1161	814	9212	Granollers	011
@ERCOsona	<a href="https://twitter.com/ERCOsona" target="_blank">ERCOsona</a>	31	0	1	1281	566	9679	Osona, Països Catalans	045
@ERCterrassa	<a href="https://twitter.com/ERCterrassa" target="_blank">ERCterrassa</a>	5	6	0	3391	2170	18176	Terrassa - Catalunya	003
@ERCTorello	<a href="https://twitter.com/ERCTorello" target="_blank">ERCTorello</a>	2	3	0	568	528	4038	Torelló, Catalunya	045
@eric_villalon	<a href="https://twitter.com/eric_villalon" target="_blank">eric_villalon</a>	1	0	1	255	215	1371		109
@ericbertran	<a href="https://twitter.com/ericbertran" target="_blank">ericbertran</a>	5	0	1	8185	758	14556	Lloret de Mar, Catalunya	001
@erminialtarriba	<a href="https://twitter.com/erminialtarriba" target="_blank">erminialtarriba</a>	2	0	1	1495	2274	6038	BERGA	009
@ernestclotet	<a href="https://twitter.com/ernestclotet" target="_blank">ernestclotet</a>	3	0	1	907	899	5831		058
@ErnestPinsap	<a href="https://twitter.com/ErnestPinsap" target="_blank">ErnestPinsap</a>	33	0	1	258	1468	41808		027
@Eroca68	<a href="https://twitter.com/Eroca68" target="_blank">Eroca68</a>	11	0	1	79	368	2125		041
@Essent_huma	<a href="https://twitter.com/Essent_huma" target="_blank">Essent_huma</a>	9	0	1	133	131	13202		019
@EsterMatali	<a href="https://twitter.com/EsterMatali" target="_blank">EsterMatali</a>	10	0	1	1497	1066	14033	Terrassa, Catalunya	003
@esther_go	<a href="https://twitter.com/esther_go" target="_blank">esther_go</a>	0	2	0					065
@estimolavida	<a href="https://twitter.com/estimolavida" target="_blank">estimolavida</a>	6	0	1	34	37	1716		016
@etassies	<a href="https://twitter.com/etassies" target="_blank">etassies</a>	0	7	0					016
@EteBarcelo	<a href="https://twitter.com/EteBarcelo" target="_blank">EteBarcelo</a>	4	0	1	89	262	1286	Penedès	004
@Eudald_Baca	<a href="https://twitter.com/Eudald_Baca" target="_blank">Eudald_Baca</a>	2	0	1	8	86	1639		016
@EuroscepticBCN	<a href="https://twitter.com/EuroscepticBCN" target="_blank">EuroscepticBCN</a>	9	0	1	619	886	38266		062
@evaclauso	<a href="https://twitter.com/evaclauso" target="_blank">evaclauso</a>	0	5	0					043
@evamserramia	<a href="https://twitter.com/evamserramia" target="_blank">evamserramia</a>	13	0	1	743	389	6310	el Vendrell, Espanya	037
@EzkerraldeaH	<a href="https://twitter.com/EzkerraldeaH" target="_blank">EzkerraldeaH</a>	0	6	0					015
@eztenka	<a href="https://twitter.com/eztenka" target="_blank">eztenka</a>	6	0	1	368	824	5223	Pasaiako Bailara (E.H.)	005
@F2Xavier	<a href="https://twitter.com/F2Xavier" target="_blank">F2Xavier</a>	17	0	1	29	50	3411		032
@FAILderalisme	<a href="https://twitter.com/FAILderalisme" target="_blank">FAILderalisme</a>	9	0	1	685	687	27906	Prats del Cadí	043
@fcesccruanyes	<a href="https://twitter.com/fcesccruanyes" target="_blank">fcesccruanyes</a>	0	2	0					012
@fdbetancor	<a href="https://twitter.com/fdbetancor" target="_blank">fdbetancor</a>	1	2	0	609	327	15734	Virginia (via Madrid)	062
@FenixNegre	<a href="https://twitter.com/FenixNegre" target="_blank">FenixNegre</a>	10	32	0	2424	1812	25040	Barcino, Catalonia	002
@Fermintxo64	<a href="https://twitter.com/Fermintxo64" target="_blank">Fermintxo64</a>	5	0	1	100	718	2016	Berriozar Nafarroa	008
@ferranv1	<a href="https://twitter.com/ferranv1" target="_blank">ferranv1</a>	1	0	1	20	92	39	Cambrils	126
@FerreTrlla	<a href="https://twitter.com/FerreTrlla" target="_blank">FerreTrlla</a>	1	0	1	13	12	39		048
@fgsole	<a href="https://twitter.com/fgsole" target="_blank">fgsole</a>	1	0	1	723	1436	5171	Brisbane, Barcelona i l'Urgell	130
@FonteRodrigues	<a href="https://twitter.com/FonteRodrigues" target="_blank">FonteRodrigues</a>	80	0	3	664	1686	45076	Earth	007
@ForesJuliana	<a href="https://twitter.com/ForesJuliana" target="_blank">ForesJuliana</a>	0	1	0					107
@ForsLluis	<a href="https://twitter.com/ForsLluis" target="_blank">ForsLluis</a>	5	0	1	111	92	2015	República Catalana, PPCC	107
@fra1malo	<a href="https://twitter.com/fra1malo" target="_blank">fra1malo</a>	19	0	1	1274	801	47035	República Catalana	012
@francescabad	<a href="https://twitter.com/francescabad" target="_blank">francescabad</a>	13	0	1	7523	1606	79194	Barcelona	001
@francescamaro1	<a href="https://twitter.com/francescamaro1" target="_blank">francescamaro1</a>	3	0	1	471	892	9570		017
@Franel_Landau	<a href="https://twitter.com/Franel_Landau" target="_blank">Franel_Landau</a>	13	0	1	65	134	2907	Barcelona, Boston, London	013
@FrediBentanachs	<a href="https://twitter.com/FrediBentanachs" target="_blank">FrediBentanachs</a>	4	0	1	602	365	7729		005
@FReixach	<a href="https://twitter.com/FReixach" target="_blank">FReixach</a>	9	0	1	246	410	3453	Salt, Catalunya	033
@FromItaca	<a href="https://twitter.com/FromItaca" target="_blank">FromItaca</a>	8	0	1	43	278	2620	Barcelona, CATALUNYA	009
@Fromthewave	<a href="https://twitter.com/Fromthewave" target="_blank">Fromthewave</a>	0	1	0					108
@Furo2Ponent	<a href="https://twitter.com/Furo2Ponent" target="_blank">Furo2Ponent</a>	15	0	1	697	684	35923	República Catalana	016
@G_Pereularia	<a href="https://twitter.com/G_Pereularia" target="_blank">G_Pereularia</a>	9	0	1	716	942	19480	Sants, Països Catalans	064
@garrigoski	<a href="https://twitter.com/garrigoski" target="_blank">garrigoski</a>	1	0	1	117	329	7376		137
@gcodqui	<a href="https://twitter.com/gcodqui" target="_blank">gcodqui</a>	32	0	1	530	1292	19325	Barcelona,Catalunya	001
@gelmeya	<a href="https://twitter.com/gelmeya" target="_blank">gelmeya</a>	4	0	1	256	453	4185	Santa Coloma de Gramenet, Catalunya	001
@gemmamarcegm	<a href="https://twitter.com/gemmamarcegm" target="_blank">gemmamarcegm</a>	24	0	1	186	224	40918		006
@GerardAlv7	<a href="https://twitter.com/GerardAlv7" target="_blank">GerardAlv7</a>	12	1	1	468	991	4545	Barcelona, Catalunya	019
@GerardBiE	<a href="https://twitter.com/GerardBiE" target="_blank">GerardBiE</a>	9	0	1	286	907	10268	Catalunya	050
@gerardcl	<a href="https://twitter.com/gerardcl" target="_blank">gerardcl</a>	1	0	1	175	481	748	BCN	148
@GerardMai	<a href="https://twitter.com/GerardMai" target="_blank">GerardMai</a>	1	0	1	151	103	31366		002
@Gerardo_Ibelli	<a href="https://twitter.com/Gerardo_Ibelli" target="_blank">Gerardo_Ibelli</a>	0	1	0					104
@geri1996	<a href="https://twitter.com/geri1996" target="_blank">geri1996</a>	1	0	1	429	811	6521	Montcada i Reixac CAT||★||	078
@gin_jdr	<a href="https://twitter.com/gin_jdr" target="_blank">gin_jdr</a>	1	0	1	82	138	1479	Catalunya, Europa	003
@gironamola	<a href="https://twitter.com/gironamola" target="_blank">gironamola</a>	20	0	1	1793	5002	31589	Girona, Catalunya	071
@glo_frv	<a href="https://twitter.com/glo_frv" target="_blank">glo_frv</a>	2	0	1	462	161	1943		002
@Gometsak	<a href="https://twitter.com/Gometsak" target="_blank">Gometsak</a>	3	0	3	105	204	1190		015
@Gonpluaura	<a href="https://twitter.com/Gonpluaura" target="_blank">Gonpluaura</a>	2	0	1	334	836	12958	España Barcelona	027
@gorkasol	<a href="https://twitter.com/gorkasol" target="_blank">gorkasol</a>	2	0	1	14	95	246		001
@Govipu	<a href="https://twitter.com/Govipu" target="_blank">Govipu</a>	24	0	1	673	2791	35625	Regnum Aragoniae,  U.E.	023
@Granollacs	<a href="https://twitter.com/Granollacs" target="_blank">Granollacs</a>	10	1	0	3108	2116	43918	Sabadell, Catalunya	101
@Guanyarem2017	<a href="https://twitter.com/Guanyarem2017" target="_blank">Guanyarem2017</a>	20	0	1	1374	3097	17998	Barcelona, Catalonia	001
@guifre2053	<a href="https://twitter.com/guifre2053" target="_blank">guifre2053</a>	67	0	2	964	1407	169567	Sabadell, Vallès, Catalunya	006
@guillamon_jordi	<a href="https://twitter.com/guillamon_jordi" target="_blank">guillamon_jordi</a>	0	1	0					100
@Guillefaingold	<a href="https://twitter.com/Guillefaingold" target="_blank">Guillefaingold</a>	2	0	1	436	180	20916	Catalunya	023
@Guillemmiquel	<a href="https://twitter.com/Guillemmiquel" target="_blank">Guillemmiquel</a>	1	0	1	275	306	16007		021
@guillempj	<a href="https://twitter.com/guillempj" target="_blank">guillempj</a>	0	9	0					011
@guilliz	<a href="https://twitter.com/guilliz" target="_blank">guilliz</a>	4	0	1	542	1266	3786	Ciutat Podrideta	004
@gusisan5	<a href="https://twitter.com/gusisan5" target="_blank">gusisan5</a>	2	0	1	48	83	1139		006
@HadarAyxandri	<a href="https://twitter.com/HadarAyxandri" target="_blank">HadarAyxandri</a>	1	1	0	1308	2414	10183	USA/CAT	008
@HedwigJanes	<a href="https://twitter.com/HedwigJanes" target="_blank">HedwigJanes</a>	2	0	2	24	73	751	Barcelona, Spain	008
@helteo73	<a href="https://twitter.com/helteo73" target="_blank">helteo73</a>	49	0	2	1137	4569	30189	Barcelona	001
@HereudeCanPich	<a href="https://twitter.com/HereudeCanPich" target="_blank">HereudeCanPich</a>	18	0	1	3948	3222	47692		011
@holoturoideu	<a href="https://twitter.com/holoturoideu" target="_blank">holoturoideu</a>	8	0	1	2996	2541	50703	Catalunya	150
@HortaArran	<a href="https://twitter.com/HortaArran" target="_blank">HortaArran</a>	4	9	0	1685	949	4069	Horta, Barcelonès Nord	027
@hospitabulis	<a href="https://twitter.com/hospitabulis" target="_blank">hospitabulis</a>	1	0	1	1151	488	4538	Badalona, Catalunya	096
@hugargemi	<a href="https://twitter.com/hugargemi" target="_blank">hugargemi</a>	1	0	1	52	50	89		058
@huguet_gabriel	<a href="https://twitter.com/huguet_gabriel" target="_blank">huguet_gabriel</a>	100	0	1	135	145	21388	Riells i Viabrea, Catalunya	005
@huskorkut	<a href="https://twitter.com/huskorkut" target="_blank">huskorkut</a>	1	0	1	66102	5443	1222130	Türkiye	016
@HVV11015117	<a href="https://twitter.com/HVV11015117" target="_blank">HVV11015117</a>	1	0	1	361	1019	11727	Kortrijk, België	007
@i_egoi	<a href="https://twitter.com/i_egoi" target="_blank">i_egoi</a>	1	0	1	758	1062	13818		092
@ibaimati	<a href="https://twitter.com/ibaimati" target="_blank">ibaimati</a>	4	0	2	48	166	1662	santurtzi      euskal herria	015
@ibl1980	<a href="https://twitter.com/ibl1980" target="_blank">ibl1980</a>	1	0	1	28	64	137		135
@ideafix5	<a href="https://twitter.com/ideafix5" target="_blank">ideafix5</a>	7	0	1	1560	3076	108107		004
@iforaster	<a href="https://twitter.com/iforaster" target="_blank">iforaster</a>	6	2	0	648	197	23466	Valls, Països Catalans	054
@ignasi_doy	<a href="https://twitter.com/ignasi_doy" target="_blank">ignasi_doy</a>	3	0	1	2089	1717	16193	Barcelona - Catalunya	020
@IgnasiBeaSegui	<a href="https://twitter.com/IgnasiBeaSegui" target="_blank">IgnasiBeaSegui</a>	1	1	0	2997	1592	17291	Sant Cugat del Vallès	086
@Ii_iITLLCIi_iI	<a href="https://twitter.com/Ii_iITLLCIi_iI" target="_blank">Ii_iITLLCIi_iI</a>	25	0	1	1322	863	41228	🌐⚠️ Catalunya ♥️	032
@illuno69	<a href="https://twitter.com/illuno69" target="_blank">illuno69</a>	1	0	1	238	299	9617	Bilbo/Bizkaia/EuskalHerria	015
@imma0142	<a href="https://twitter.com/imma0142" target="_blank">imma0142</a>	9	0	1	1485	1485	62685		028
@Immacabestany	<a href="https://twitter.com/Immacabestany" target="_blank">Immacabestany</a>	2	0	1	25	134	851	Rocafort de Vallbona	004
@immasuge	<a href="https://twitter.com/immasuge" target="_blank">immasuge</a>	8	0	1	118	179	18406		004
@immigracio_erc	<a href="https://twitter.com/immigracio_erc" target="_blank">immigracio_erc</a>	2	1	0	1851	2398	12714		085
@indepesCCOO	<a href="https://twitter.com/indepesCCOO" target="_blank">indepesCCOO</a>	11	7	0	1169	247	5056	Catalunya	010
@Informacio_1O	<a href="https://twitter.com/Informacio_1O" target="_blank">Informacio_1O</a>	2	0	2	75	396	131	Catalunya	001
@ingocat	<a href="https://twitter.com/ingocat" target="_blank">ingocat</a>	3	0	1	398	348	876	Reus. Catalunya.	004
@institutteatre	<a href="https://twitter.com/institutteatre" target="_blank">institutteatre</a>	0	3	0					017
@INT_CAT	<a href="https://twitter.com/INT_CAT" target="_blank">INT_CAT</a>	0	3	0					047
@irca66	<a href="https://twitter.com/irca66" target="_blank">irca66</a>	1	0	1	20	141	200		104
@iriome_	<a href="https://twitter.com/iriome_" target="_blank">iriome_</a>	1	0	1	343	1327	778	Las Palmas de Gran Canaria, Islas Canarias	147
@isaacperaire	<a href="https://twitter.com/isaacperaire" target="_blank">isaacperaire</a>	9	7	0	7468	4016	52641	Prats de Lluçanès	030
@ivaframo	<a href="https://twitter.com/ivaframo" target="_blank">ivaframo</a>	1	0	1	764	1043	1432	España	166
@IvanCondes	<a href="https://twitter.com/IvanCondes" target="_blank">IvanCondes</a>	1	0	1	86	134	857		021
@IzquierdaRevMad	<a href="https://twitter.com/IzquierdaRevMad" target="_blank">IzquierdaRevMad</a>	3	1	0	1488	774	3737	Madrid, Comunidad de Madrid	081
@J_Canalias	<a href="https://twitter.com/J_Canalias" target="_blank">J_Canalias</a>	7	0	1	58	306	8258		136
@J_Masferrer	<a href="https://twitter.com/J_Masferrer" target="_blank">J_Masferrer</a>	3	0	1	10	87	257	Catalunya, Món	051
@JacintCasademon	<a href="https://twitter.com/JacintCasademon" target="_blank">JacintCasademon</a>	13	0	1	706	1038	18281	Figueres, Espanya	012
@JackCobus1	<a href="https://twitter.com/JackCobus1" target="_blank">JackCobus1</a>	1	0	1	2954	2587	67111		061
@JacoboCastilla	<a href="https://twitter.com/JacoboCastilla" target="_blank">JacoboCastilla</a>	5	0	1	526	849	20365	Catalonia	018
@jalmacellas	<a href="https://twitter.com/jalmacellas" target="_blank">jalmacellas</a>	16	0	1	1615	4429	63357	Països Catalans	009
@jaume_arus	<a href="https://twitter.com/jaume_arus" target="_blank">jaume_arus</a>	3	0	1	580	1252	28914	Catalonia (is not spain)	005
@jaume_teixido	<a href="https://twitter.com/jaume_teixido" target="_blank">jaume_teixido</a>	4	0	1	405	1026	4374	(Maresme) Catalunya	002
@JaumeBV	<a href="https://twitter.com/JaumeBV" target="_blank">JaumeBV</a>	9	0	1	201	470	7264		002
@jaumecasanas	<a href="https://twitter.com/jaumecasanas" target="_blank">jaumecasanas</a>	5	0	1	2415	3693	21781	Cunit,Penedès,Mediterrània	037
@jaumedss	<a href="https://twitter.com/jaumedss" target="_blank">jaumedss</a>	2	0	1	240	1114	15043		013
@JaumeF	<a href="https://twitter.com/JaumeF" target="_blank">JaumeF</a>	6	0	1	237	410	12920		016
@jaumejo2	<a href="https://twitter.com/jaumejo2" target="_blank">jaumejo2</a>	5	0	1	181	302	7823	Sabadell, Catalunya	003
@Jaumess	<a href="https://twitter.com/Jaumess" target="_blank">Jaumess</a>	2	0	1	103	253	2277	Barcelona	004
@jaumetenko	<a href="https://twitter.com/jaumetenko" target="_blank">jaumetenko</a>	11	0	1	176	614	19267		008
@jaumetrunyo	<a href="https://twitter.com/jaumetrunyo" target="_blank">jaumetrunyo</a>	11	0	1	48	70	4666		042
@jcasteg	<a href="https://twitter.com/jcasteg" target="_blank">jcasteg</a>	1	0	1	1468	1534	9843	Les Corts, Barcelona	060
@jcc_cat	<a href="https://twitter.com/jcc_cat" target="_blank">jcc_cat</a>	3	1	0	3636	2627	5651	Catalunya	016
@jcogra	<a href="https://twitter.com/jcogra" target="_blank">jcogra</a>	5	0	1	260	437	6349		016
@Jdob1983	<a href="https://twitter.com/Jdob1983" target="_blank">Jdob1983</a>	1	0	1	43	159	148		015
@jepivila	<a href="https://twitter.com/jepivila" target="_blank">jepivila</a>	0	1	0					080
@jercgranollers	<a href="https://twitter.com/jercgranollers" target="_blank">jercgranollers</a>	1	0	1	611	253	753	Granollers	011
@jerctrs	<a href="https://twitter.com/jerctrs" target="_blank">jerctrs</a>	0	1	0					078
@jestallo	<a href="https://twitter.com/jestallo" target="_blank">jestallo</a>	4	0	1	863	794	4895	Sant Quirze Vallès (Barcelona)	053
@JesusPellejer	<a href="https://twitter.com/JesusPellejer" target="_blank">JesusPellejer</a>	1	0	1	151	399	5580		049
@jg_navarro	<a href="https://twitter.com/jg_navarro" target="_blank">jg_navarro</a>	1	5	0	243	107	3840		002
@jgibal	<a href="https://twitter.com/jgibal" target="_blank">jgibal</a>	7	0	1	117	45	19230	Schwerzenbach, Schweiz	053
@JGodall	<a href="https://twitter.com/JGodall" target="_blank">JGodall</a>	9	0	1	1128	1760	42085		016
@jimkennedy	<a href="https://twitter.com/jimkennedy" target="_blank">jimkennedy</a>	2	0	1	438	455	10026	Barcelona - Lleida - Llavorsi	039
@jksnova	<a href="https://twitter.com/jksnova" target="_blank">jksnova</a>	21	0	1	470	585	9475	Badalona, Catalonia	002
@jm_labrador	<a href="https://twitter.com/jm_labrador" target="_blank">jm_labrador</a>	2	0	1	153	124	12921	Far West de Ponent, Catalunya	003
@jmaesod	<a href="https://twitter.com/jmaesod" target="_blank">jmaesod</a>	14	0	1	182	380	15816		008
@jmcaballero58	<a href="https://twitter.com/jmcaballero58" target="_blank">jmcaballero58</a>	15	0	3	592	488	53898		004
@jmiret1967	<a href="https://twitter.com/jmiret1967" target="_blank">jmiret1967</a>	3	0	1	685	886	15260		008
@jmocu	<a href="https://twitter.com/jmocu" target="_blank">jmocu</a>	20	0	1	1015	2116	40204	Visca! a Catalunya (per sort)	013
@jmourellev	<a href="https://twitter.com/jmourellev" target="_blank">jmourellev</a>	11	0	1	44	224	3705		016
@jmpm56	<a href="https://twitter.com/jmpm56" target="_blank">jmpm56</a>	1	0	1	69	24	642	Barcelona	016
@jmterricabras	<a href="https://twitter.com/jmterricabras" target="_blank">jmterricabras</a>	1	41	0	32928	606	3914	Girona	008
@JMTibau	<a href="https://twitter.com/JMTibau" target="_blank">JMTibau</a>	2	19	0	3232	2866	8920	Tortosa/Cornudella. Catalunya	003
@jmximenis	<a href="https://twitter.com/jmximenis" target="_blank">jmximenis</a>	3	7	0	1022	487	3670	Arenys de Munt	008
@jncsantcugat	<a href="https://twitter.com/jncsantcugat" target="_blank">jncsantcugat</a>	7	0	1	1186	767	2361	Sant Cugat del Vallès, CAT, UE	113
@joan_abs	<a href="https://twitter.com/joan_abs" target="_blank">joan_abs</a>	17	0	1	1491	1597	47038	Catalunya	032
@joan_rosanas	<a href="https://twitter.com/joan_rosanas" target="_blank">joan_rosanas</a>	8	0	1	25	254	620	Roda de Ter, Espanya	016
@joanagabarrof	<a href="https://twitter.com/joanagabarrof" target="_blank">joanagabarrof</a>	88	0	1	626	264	100639		051
@JoanBGS	<a href="https://twitter.com/JoanBGS" target="_blank">JoanBGS</a>	12	0	1	674	687	14727	Catalunya	114
@JoanCanela	<a href="https://twitter.com/JoanCanela" target="_blank">JoanCanela</a>	0	1	0					073
@joancguerrero	<a href="https://twitter.com/joancguerrero" target="_blank">joancguerrero</a>	20	1	0	813	3313	14331	BCN&GRN ||*||	071
@Joanctmail	<a href="https://twitter.com/Joanctmail" target="_blank">Joanctmail</a>	8	1	1	367	1213	11588		021
@JoanDausaCF	<a href="https://twitter.com/JoanDausaCF" target="_blank">JoanDausaCF</a>	3	0	1	1740	13	11925		168
@joanferrer79	<a href="https://twitter.com/joanferrer79" target="_blank">joanferrer79</a>	4	0	1	563	596	9009	Empordanet	033
@joanjunca	<a href="https://twitter.com/joanjunca" target="_blank">joanjunca</a>	7	0	1	687	1071	16528		031
@JoanPages7	<a href="https://twitter.com/JoanPages7" target="_blank">JoanPages7</a>	8	0	1	189	668	11512	L'Ametlla del Vallès	016
@Joansilvia3	<a href="https://twitter.com/Joansilvia3" target="_blank">Joansilvia3</a>	2	0	1	8	91	425		008
@joaquimrabaseda	<a href="https://twitter.com/joaquimrabaseda" target="_blank">joaquimrabaseda</a>	5	0	1	282	360	705	Girona	004
@JoelBernaus	<a href="https://twitter.com/JoelBernaus" target="_blank">JoelBernaus</a>	9	0	1	161	84	26007	Lleida	003
@JOELMOLAS	<a href="https://twitter.com/JOELMOLAS" target="_blank">JOELMOLAS</a>	4	0	1	358	543	619	Un pais petit k fa coses grans	080
@jomadirali	<a href="https://twitter.com/jomadirali" target="_blank">jomadirali</a>	1	0	1	258	1160	2550	Granollers	011
@jomorari	<a href="https://twitter.com/jomorari" target="_blank">jomorari</a>	4	0	1	25	47	1060		016
@jonotrago	<a href="https://twitter.com/jonotrago" target="_blank">jonotrago</a>	15	0	1	2257	2259	56206	Catalunya, Països Catalans	014
@JonSais	<a href="https://twitter.com/JonSais" target="_blank">JonSais</a>	3	0	1	362	827	927	Derbyshire, UK	007
@jordanesku10	<a href="https://twitter.com/jordanesku10" target="_blank">jordanesku10</a>	9	0	1	603	792	47622	Barcelona, Catalonia	013
@Jordi__Mur	<a href="https://twitter.com/Jordi__Mur" target="_blank">Jordi__Mur</a>	8	0	1	998	2147	10593	Barcelona.	134
@Jordi_Galderic	<a href="https://twitter.com/Jordi_Galderic" target="_blank">Jordi_Galderic</a>	9	0	1	3853	2129	136636	Girona, Països Catalans	008
@jordi_salvia	<a href="https://twitter.com/jordi_salvia" target="_blank">jordi_salvia</a>	11	0	1	639	1734	28960	Barcelona, Espanya	022
@jordiapamies	<a href="https://twitter.com/jordiapamies" target="_blank">jordiapamies</a>	8	0	1	220	316	7494		016
@JordiAPT21	<a href="https://twitter.com/JordiAPT21" target="_blank">JordiAPT21</a>	16	0	1	319	357	19114	Badalona, España	102
@jordibarreda22	<a href="https://twitter.com/jordibarreda22" target="_blank">jordibarreda22</a>	3	0	1	49	155	233		019
@jordibobet	<a href="https://twitter.com/jordibobet" target="_blank">jordibobet</a>	2	0	1	494	1586	2381	Catalunya	001
@jordicasals	<a href="https://twitter.com/jordicasals" target="_blank">jordicasals</a>	7	0	1	2410	2319	20361	Torelló	045
@jordicuminal	<a href="https://twitter.com/jordicuminal" target="_blank">jordicuminal</a>	4	6	0	6557	2391	11620	Sant Celoni. Catalunya	031
@JordiEroles	<a href="https://twitter.com/JordiEroles" target="_blank">JordiEroles</a>	0	2	0					014
@JORDIIBANEZNI	<a href="https://twitter.com/JORDIIBANEZNI" target="_blank">JORDIIBANEZNI</a>	11	0	1	829	1768	11831	L'Hospitalet de Llobregat -	029
@jordikodiak	<a href="https://twitter.com/jordikodiak" target="_blank">jordikodiak</a>	1	0	1	130	274	5171		016
@JordiLap	<a href="https://twitter.com/JordiLap" target="_blank">JordiLap</a>	3	0	1	160	288	2709	Catalonia	024
@jordimarchs	<a href="https://twitter.com/jordimarchs" target="_blank">jordimarchs</a>	3	0	1	114	520	1620		004
@JordiMontalbo	<a href="https://twitter.com/JordiMontalbo" target="_blank">JordiMontalbo</a>	0	1	0					069
@jordisalvia	<a href="https://twitter.com/jordisalvia" target="_blank">jordisalvia</a>	36	0	2	11034	2409	94359	Vilafranca del Penedès (PPCC)	026
@jordivilar66	<a href="https://twitter.com/jordivilar66" target="_blank">jordivilar66</a>	21	0	1	948	1926	9989		001
@JordiVS	<a href="https://twitter.com/JordiVS" target="_blank">JordiVS</a>	1	0	1	267	197	9206		004
@jose_gavalda	<a href="https://twitter.com/jose_gavalda" target="_blank">jose_gavalda</a>	3	0	2	98	142	17415	Ulldecona, Catalunya	008
@Joseanml	<a href="https://twitter.com/Joseanml" target="_blank">Joseanml</a>	6	0	1	5481	4410	8265	Lleida, Catalunya	010
@josep_beltran	<a href="https://twitter.com/josep_beltran" target="_blank">josep_beltran</a>	0	1	0					070
@josep_graner	<a href="https://twitter.com/josep_graner" target="_blank">josep_graner</a>	1	0	1	23	181	122	Barcelona Catalunya	016
@josep_munne	<a href="https://twitter.com/josep_munne" target="_blank">josep_munne</a>	5	0	1	18	136	1503	L'Espelt	004
@Josep_Trigo	<a href="https://twitter.com/Josep_Trigo" target="_blank">Josep_Trigo</a>	10	2	0	1962	921	12361	Barcelona	056
@josepaals	<a href="https://twitter.com/josepaals" target="_blank">josepaals</a>	17	0	1	328	302	54662		006
@JosepCatt	<a href="https://twitter.com/JosepCatt" target="_blank">JosepCatt</a>	2	0	1	6202	2935	62418		004
@josepcidm	<a href="https://twitter.com/josepcidm" target="_blank">josepcidm</a>	5	0	1	144	811	4152	Roquetes (Catalunya)	002
@JosepGontan	<a href="https://twitter.com/JosepGontan" target="_blank">JosepGontan</a>	12	0	2	406	1739	13334		011
@JosepMaBoix	<a href="https://twitter.com/JosepMaBoix" target="_blank">JosepMaBoix</a>	1	0	1	61	124	772	Puig-reig, Catalunya	016
@josepmarg	<a href="https://twitter.com/josepmarg" target="_blank">josepmarg</a>	2	0	1	453	809	3693	Lleida, CATALUNYA	030
@josepmariacatot	<a href="https://twitter.com/josepmariacatot" target="_blank">josepmariacatot</a>	1	0	1	491	762	2661	Granollers, Occident	011
@josepmerid2	<a href="https://twitter.com/josepmerid2" target="_blank">josepmerid2</a>	3	0	1	119	1759	1440	Catalunya - EU	013
@josepuntcat	<a href="https://twitter.com/josepuntcat" target="_blank">josepuntcat</a>	9	2	0	22323	19166	41366	9NSíSí~ViaCatT50~V14~M15~Tgn16	001
@Joss_F17	<a href="https://twitter.com/Joss_F17" target="_blank">Joss_F17</a>	2	0	1	166	324	7402	Catalunya	002
@jovenmaori	<a href="https://twitter.com/jovenmaori" target="_blank">jovenmaori</a>	23	1	0	1867	2274	152262	Euskal Herria	075
@JoyBolton20	<a href="https://twitter.com/JoyBolton20" target="_blank">JoyBolton20</a>	8	0	1	163	352	8744	Andorra la Vella, Andorra	021
@jr2064	<a href="https://twitter.com/jr2064" target="_blank">jr2064</a>	2	0	1	78	151	2276		006
@jsalvata	<a href="https://twitter.com/jsalvata" target="_blank">jsalvata</a>	3	0	1	216	185	3988	Barcelona	026
@jsceloni	<a href="https://twitter.com/jsceloni" target="_blank">jsceloni</a>	1	0	1	133	164	2274	Sant Celoni	056
@jspribas	<a href="https://twitter.com/jspribas" target="_blank">jspribas</a>	6	0	1	747	1614	5195	Catalunya	004
@jterricabras	<a href="https://twitter.com/jterricabras" target="_blank">jterricabras</a>	2	0	1	16	107	604		035
@JudithGr5	<a href="https://twitter.com/JudithGr5" target="_blank">JudithGr5</a>	13	0	1	33	71	548	el Pont de Vilomara i Rocafort	118
@judithriko	<a href="https://twitter.com/judithriko" target="_blank">judithriko</a>	8	0	1	19	128	89		002
@juditvida2	<a href="https://twitter.com/juditvida2" target="_blank">juditvida2</a>	8	0	1	115	223	3900	la Bisbal del Penedès, Espanya	037
@julenaltube	<a href="https://twitter.com/julenaltube" target="_blank">julenaltube</a>	3	0	2	597	1429	20339	Bilbo,EH / Liverpool,England	015
@Julia_Solans	<a href="https://twitter.com/Julia_Solans" target="_blank">Julia_Solans</a>	1	0	1	1276	1432	4854	Barcelona	004
@julimestieri	<a href="https://twitter.com/julimestieri" target="_blank">julimestieri</a>	5	0	1	886	1883	12382	Sant Cugat del Vallès	086
@julsoofg	<a href="https://twitter.com/julsoofg" target="_blank">julsoofg</a>	1	0	1	522	262	14623		001
@JuntsPelSi	<a href="https://twitter.com/JuntsPelSi" target="_blank">JuntsPelSi</a>	2	0	1	109025	632	15691		031
@jurdineneta	<a href="https://twitter.com/jurdineneta" target="_blank">jurdineneta</a>	2	0	1	40	44	87		063
@JuyaModit	<a href="https://twitter.com/JuyaModit" target="_blank">JuyaModit</a>	1	0	1	256	46	185	Sants, Barcelona	155
@Kaesar14	<a href="https://twitter.com/Kaesar14" target="_blank">Kaesar14</a>	11	0	1	1453	2019	88223	Roquetes - Catalunya - PPCC	119
@KaiRasmusen	<a href="https://twitter.com/KaiRasmusen" target="_blank">KaiRasmusen</a>	9	0	1	121	769	12749	maresme	004
@kanyabel	<a href="https://twitter.com/kanyabel" target="_blank">kanyabel</a>	7	0	1	623	550	49805	barcelona	005
@karmaatB	<a href="https://twitter.com/karmaatB" target="_blank">karmaatB</a>	11	0	1	203	248	23493	Barcelona	016
@Karuna456	<a href="https://twitter.com/Karuna456" target="_blank">Karuna456</a>	6	0	1	215	587	10111	Barcelona, Catalunya, UE	013
@kavisvaski	<a href="https://twitter.com/kavisvaski" target="_blank">kavisvaski</a>	4	1	0	92	212	2085		165
@Kbbd8	<a href="https://twitter.com/Kbbd8" target="_blank">Kbbd8</a>	1	0	1	525	1502	13178	Ireland	007
@KebNuit	<a href="https://twitter.com/KebNuit" target="_blank">KebNuit</a>	5	0	1	73	257	4116		016
@keeponfight71	<a href="https://twitter.com/keeponfight71" target="_blank">keeponfight71</a>	1	0	1	327	919	6867		015
@kenllura_vallsm	<a href="https://twitter.com/kenllura_vallsm" target="_blank">kenllura_vallsm</a>	2	0	1	32	126	1184	Barcelona	019
@KhristianLH	<a href="https://twitter.com/KhristianLH" target="_blank">KhristianLH</a>	3	0	1	1030	1585	10520	L'Hospitalet de Llobregat	036
@kikupipo	<a href="https://twitter.com/kikupipo" target="_blank">kikupipo</a>	37	0	1	8646	7051	385845		016
@kinbota	<a href="https://twitter.com/kinbota" target="_blank">kinbota</a>	42	0	1	191	225	44853		006
@konordoherty	<a href="https://twitter.com/konordoherty" target="_blank">konordoherty</a>	1	0	1	147	405	248	Olot - Girona - Cataluña	164
@kukesenaccio	<a href="https://twitter.com/kukesenaccio" target="_blank">kukesenaccio</a>	2	0	1	140	243	9853		004
@La__Vida__	<a href="https://twitter.com/La__Vida__" target="_blank">La__Vida__</a>	38	0	1	3350	87	102864	Catalunya	025
@laDiadadelSi	<a href="https://twitter.com/laDiadadelSi" target="_blank">laDiadadelSi</a>	0	1	0					008
@laespadamocles	<a href="https://twitter.com/laespadamocles" target="_blank">laespadamocles</a>	1	6	0	66	281	2497		001
@LaggerXx	<a href="https://twitter.com/LaggerXx" target="_blank">LaggerXx</a>	4	0	1	28	303	1376	Barcelona, Espanya	004
@lagoodseny	<a href="https://twitter.com/lagoodseny" target="_blank">lagoodseny</a>	22	0	2	1112	3606	55103		009
@Laksmizz	<a href="https://twitter.com/Laksmizz" target="_blank">Laksmizz</a>	6	23	0	14291	12365	14934	Reus / New York ||★||	006
@lalogonzalezmen	<a href="https://twitter.com/lalogonzalezmen" target="_blank">lalogonzalezmen</a>	6	0	2	974	1747	27162	Zizur Mayor, España	010
@lantoniola	<a href="https://twitter.com/lantoniola" target="_blank">lantoniola</a>	41	0	1	327	26	34948	Catalunya	006
@Larsito666	<a href="https://twitter.com/Larsito666" target="_blank">Larsito666</a>	0	1	0					159
@latorrecollons	<a href="https://twitter.com/latorrecollons" target="_blank">latorrecollons</a>	5	0	1	922	1193	5030		016
@laubertribas	<a href="https://twitter.com/laubertribas" target="_blank">laubertribas</a>	0	1	0					162
@laudrup69	<a href="https://twitter.com/laudrup69" target="_blank">laudrup69</a>	3	0	1	190	305	27608	En la red	018
@Laura_TejadaM	<a href="https://twitter.com/Laura_TejadaM" target="_blank">Laura_TejadaM</a>	3	0	1	220	225	3217		013
@LauraCoGi	<a href="https://twitter.com/LauraCoGi" target="_blank">LauraCoGi</a>	0	4	0					040
@Lauracordillet	<a href="https://twitter.com/Lauracordillet" target="_blank">Lauracordillet</a>	5	0	1	11	45	1947	Llanars, Espanya	004
@lauraproust_f	<a href="https://twitter.com/lauraproust_f" target="_blank">lauraproust_f</a>	1	2	0	321	572	686		024
@laurediano	<a href="https://twitter.com/laurediano" target="_blank">laurediano</a>	1	0	1	1481	750	27311	Andorra vs Barcelona	019
@Laurence_Sterne	<a href="https://twitter.com/Laurence_Sterne" target="_blank">Laurence_Sterne</a>	31	0	1	226	227	35044		013
@laveu2roses	<a href="https://twitter.com/laveu2roses" target="_blank">laveu2roses</a>	2	1	0	303	52	8845	Roses, Catalunya	157
@lavrys7	<a href="https://twitter.com/lavrys7" target="_blank">lavrys7</a>	1	0	1	14	83	797		004
@lecoderibes	<a href="https://twitter.com/lecoderibes" target="_blank">lecoderibes</a>	1	0	1	532	176	1317	Sant Pere de Ribes (Catalunya)	082
@LiamJM8	<a href="https://twitter.com/LiamJM8" target="_blank">LiamJM8</a>	5	0	1	148	150	3398	Catalunya	013
@linuxnow	<a href="https://twitter.com/linuxnow" target="_blank">linuxnow</a>	1	1	0	94	246	2510		158
@lionelpla	<a href="https://twitter.com/lionelpla" target="_blank">lionelpla</a>	4	4	0	217	339	909	Sort	039
@litosduke	<a href="https://twitter.com/litosduke" target="_blank">litosduke</a>	1	0	1	55	59	303		006
@LittleWing17	<a href="https://twitter.com/LittleWing17" target="_blank">LittleWing17</a>	2	0	1	460	784	12469	València - Barcelona	005
@llambilles	<a href="https://twitter.com/llambilles" target="_blank">llambilles</a>	20	0	2	452	1375	27096	Llambilles	026
@Llaudal	<a href="https://twitter.com/Llaudal" target="_blank">Llaudal</a>	5	0	1	270	300	25661	Tarragona	160
@LlenyataireCAT	<a href="https://twitter.com/LlenyataireCAT" target="_blank">LlenyataireCAT</a>	2	5	0	560	1571	759		021
@Llibertatcat	<a href="https://twitter.com/Llibertatcat" target="_blank">Llibertatcat</a>	18	5	0	23922	17014	54723	Països Catalans	035
@llim0na	<a href="https://twitter.com/llim0na" target="_blank">llim0na</a>	1	0	1	4161	1108	70276	Gràcia D.F.	026
@llsalellasvilar	<a href="https://twitter.com/llsalellasvilar" target="_blank">llsalellasvilar</a>	11	0	1	6320	1472	13362	Països Catalans	004
@lluis_bach	<a href="https://twitter.com/lluis_bach" target="_blank">lluis_bach</a>	7	0	1	110	394	4140		016
@lluisboet	<a href="https://twitter.com/lluisboet" target="_blank">lluisboet</a>	2	0	1	724	673	3334		026
@LluisBoschvins	<a href="https://twitter.com/LluisBoschvins" target="_blank">LluisBoschvins</a>	10	0	1	38128	38939	35821		001
@lluiscuevas	<a href="https://twitter.com/lluiscuevas" target="_blank">lluiscuevas</a>	2	0	1	2455	1829	21036	Horta. BCN. República Catalana	018
@Lluisllll	<a href="https://twitter.com/Lluisllll" target="_blank">Lluisllll</a>	6	0	1	1257	2091	26255	L'Ametlla del Vallès	129
@LluisMunne	<a href="https://twitter.com/LluisMunne" target="_blank">LluisMunne</a>	3	0	1	66	203	5957	catalunya	133
@Loligazul	<a href="https://twitter.com/Loligazul" target="_blank">Loligazul</a>	1	0	1	174	479	1694	Figueres, España	012
@lolimuar	<a href="https://twitter.com/lolimuar" target="_blank">lolimuar</a>	4	0	1	911	1319	19232	Catalunya	004
@loolipss	<a href="https://twitter.com/loolipss" target="_blank">loolipss</a>	3	0	2	74	162	1785		012
@LopezChillon	<a href="https://twitter.com/LopezChillon" target="_blank">LopezChillon</a>	4	0	1	2021	4999	27619		001
@LordLefthouse	<a href="https://twitter.com/LordLefthouse" target="_blank">LordLefthouse</a>	8	0	1	175	373	4749	Catalonia	018
@lorenaarenasrod	<a href="https://twitter.com/lorenaarenasrod" target="_blank">lorenaarenasrod</a>	2	0	1	187	242	1053	Barcelona, Catalunya	007
@lorenalacalleA	<a href="https://twitter.com/lorenalacalleA" target="_blank">lorenalacalleA</a>	9	0	1	760	291	22071	Vitoria-Gasteiz, España	008
@losabiasl	<a href="https://twitter.com/losabiasl" target="_blank">losabiasl</a>	5	0	1	59	82	3433	Aquí al costat / Aquí al lado	004
@losgehts	<a href="https://twitter.com/losgehts" target="_blank">losgehts</a>	2	0	1	210	532	1746		016
@Lourdes25539996	<a href="https://twitter.com/Lourdes25539996" target="_blank">Lourdes25539996</a>	2	0	1	6	92	704		016
@LuciMonterde	<a href="https://twitter.com/LuciMonterde" target="_blank">LuciMonterde</a>	20	0	1	870	870	34715		016
@LulaMae19	<a href="https://twitter.com/LulaMae19" target="_blank">LulaMae19</a>	5	0	1	80	231	3263		005
@luna42968947	<a href="https://twitter.com/luna42968947" target="_blank">luna42968947</a>	4	0	1	2195	4075	7607	barcelona	001
@M_Verduyckt	<a href="https://twitter.com/M_Verduyckt" target="_blank">M_Verduyckt</a>	2	0	1	140	575	648	Begijnendijk, België	007
@MafeVicent	<a href="https://twitter.com/MafeVicent" target="_blank">MafeVicent</a>	1	0	1	153	217	311	Països Catalans	059
@maguadog	<a href="https://twitter.com/maguadog" target="_blank">maguadog</a>	0	1	0					155
@maiol2	<a href="https://twitter.com/maiol2" target="_blank">maiol2</a>	3	0	1	1326	1294	32544		026
@maktub_i	<a href="https://twitter.com/maktub_i" target="_blank">maktub_i</a>	6	0	1	591	948	62833		010
@mambienaccion	<a href="https://twitter.com/mambienaccion" target="_blank">mambienaccion</a>	3	0	1	1106	975	47926	Barcelona, España.	001
@Manel_1963	<a href="https://twitter.com/Manel_1963" target="_blank">Manel_1963</a>	4	0	1	642	1063	21082	Perseguint somnis impossibles	008
@Manel36081612	<a href="https://twitter.com/Manel36081612" target="_blank">Manel36081612</a>	4	0	1	14	90	1243		013
@manelmasso	<a href="https://twitter.com/manelmasso" target="_blank">manelmasso</a>	38	0	1	53	331	8586		016
@manelpastor	<a href="https://twitter.com/manelpastor" target="_blank">manelpastor</a>	2	2	0	170	159	1508		017
@ManuelCuyas	<a href="https://twitter.com/ManuelCuyas" target="_blank">ManuelCuyas</a>	2	0	1	22143	600	33596	Mataró-Barcelona	116
@Maqui_A_Belic	<a href="https://twitter.com/Maqui_A_Belic" target="_blank">Maqui_A_Belic</a>	2	1	0	85	517	462	Catalunya	153
@MAR38716274	<a href="https://twitter.com/MAR38716274" target="_blank">MAR38716274</a>	1	0	1	3	40	67		046
@marcborrassa	<a href="https://twitter.com/marcborrassa" target="_blank">marcborrassa</a>	0	1	0					152
@MarcChornet	<a href="https://twitter.com/MarcChornet" target="_blank">MarcChornet</a>	2	0	1	442	223	1446	Barcelona, Espanya	017
@marcelcuadrado	<a href="https://twitter.com/marcelcuadrado" target="_blank">marcelcuadrado</a>	2	0	1	153	380	136		004
@marcelmorilla	<a href="https://twitter.com/marcelmorilla" target="_blank">marcelmorilla</a>	0	1	0					149
@marcesanguro	<a href="https://twitter.com/marcesanguro" target="_blank">marcesanguro</a>	6	0	1	387	541	46164		006
@marcfer1980	<a href="https://twitter.com/marcfer1980" target="_blank">marcfer1980</a>	5	0	1	333	615	9081		043
@MarcLaRage	<a href="https://twitter.com/MarcLaRage" target="_blank">MarcLaRage</a>	4	0	1	185	743	871	Reducte Hortenc, PPCC	027
@marcpeiron	<a href="https://twitter.com/marcpeiron" target="_blank">marcpeiron</a>	1	0	1	639	1008	13026	Barcelona & Vic, Catalunya	055
@MarcPifarre	<a href="https://twitter.com/MarcPifarre" target="_blank">MarcPifarre</a>	5	0	1	3075	1865	12257	Catalunya	031
@marcpuigperez	<a href="https://twitter.com/marcpuigperez" target="_blank">marcpuigperez</a>	5	4	1	2993	1816	28815	Blanes (Països Catalans)	010
@marcqueralt	<a href="https://twitter.com/marcqueralt" target="_blank">marcqueralt</a>	7	1	0	1150	1139	29552	Vilafranca del Penedès	150
@MarcRamia	<a href="https://twitter.com/MarcRamia" target="_blank">MarcRamia</a>	1	0	1	555	584	4467	Mataró, Països Catalans	005
@marcyanez14	<a href="https://twitter.com/marcyanez14" target="_blank">marcyanez14</a>	4	0	1	1248	537	18069	BCN, L'H, Gasteiz i Sant Pol	029
@Marfil1961	<a href="https://twitter.com/Marfil1961" target="_blank">Marfil1961</a>	19	0	2	2144	2941	72264	República de Catalunya, UE	001
@margaboix	<a href="https://twitter.com/margaboix" target="_blank">margaboix</a>	3	0	1	91	393	1755		141
@margaserraalias	<a href="https://twitter.com/margaserraalias" target="_blank">margaserraalias</a>	1	0	1	720	1349	3911	Vilanova i la Geltrú.	099
@MariaFMoron	<a href="https://twitter.com/MariaFMoron" target="_blank">MariaFMoron</a>	5	0	1	418	973	4100	Catalunya	035
@MariaTelloSAB	<a href="https://twitter.com/MariaTelloSAB" target="_blank">MariaTelloSAB</a>	1	0	1	70	142	594	Sant Adrià de Besòs, España	106
@maribeljosec	<a href="https://twitter.com/maribeljosec" target="_blank">maribeljosec</a>	2	0	1	33	140	792		093
@mariiacaantons	<a href="https://twitter.com/mariiacaantons" target="_blank">mariiacaantons</a>	1	0	1	146	310	146	Alt Penedès (PPCC)	004
@Mariiinaaa07	<a href="https://twitter.com/Mariiinaaa07" target="_blank">Mariiinaaa07</a>	0	1	0					005
@Marijos65214014	<a href="https://twitter.com/Marijos65214014" target="_blank">Marijos65214014</a>	11	0	2	111	140	14144		005
@marilitabcn	<a href="https://twitter.com/marilitabcn" target="_blank">marilitabcn</a>	5	1	0	39	212	2417	Barcelona, España	146
@marinoski89	<a href="https://twitter.com/marinoski89" target="_blank">marinoski89</a>	2	0	1	333	976	17336	Catalunya	004
@mario171183	<a href="https://twitter.com/mario171183" target="_blank">mario171183</a>	1	0	1	92	1227	523		060
@marioelaprendiz	<a href="https://twitter.com/marioelaprendiz" target="_blank">marioelaprendiz</a>	14	0	1	231	217	35501		005
@Marototuit	<a href="https://twitter.com/Marototuit" target="_blank">Marototuit</a>	2	0	1	4849	301	32254	en	002
@MartaBP44	<a href="https://twitter.com/MartaBP44" target="_blank">MartaBP44</a>	7	0	1	189	389	2992	Catalunya	004
@martajube	<a href="https://twitter.com/martajube" target="_blank">martajube</a>	2	0	1	150	186	1722	Catalunya	151
@MartaNiell	<a href="https://twitter.com/MartaNiell" target="_blank">MartaNiell</a>	2	0	1	435	270	10224		097
@MartaSerres	<a href="https://twitter.com/MartaSerres" target="_blank">MartaSerres</a>	6	1	0	2853	1516	41437	Valldoreix - Països Catalans	145
@Martasn38207372	<a href="https://twitter.com/Martasn38207372" target="_blank">Martasn38207372</a>	1	0	1	23	46	657	Terrassa	029
@Martastfbll	<a href="https://twitter.com/Martastfbll" target="_blank">Martastfbll</a>	4	0	1	98	458	1652		041
@MartinaSurroca	<a href="https://twitter.com/MartinaSurroca" target="_blank">MartinaSurroca</a>	4	0	1	71	253	2343		008
@MartiSaeez	<a href="https://twitter.com/MartiSaeez" target="_blank">MartiSaeez</a>	1	0	1	371	432	4276	Sitges, Països Catalans	013
@marxal87	<a href="https://twitter.com/marxal87" target="_blank">marxal87</a>	0	1	0					148
@masamont	<a href="https://twitter.com/masamont" target="_blank">masamont</a>	11	0	1	254	203	61115		006
@MataroxIndep	<a href="https://twitter.com/MataroxIndep" target="_blank">MataroxIndep</a>	0	1	0					151
@Maurici93877806	<a href="https://twitter.com/Maurici93877806" target="_blank">Maurici93877806</a>	0	1	0					167
@MauriJordi_	<a href="https://twitter.com/MauriJordi_" target="_blank">MauriJordi_</a>	2	0	1	1143	730	11291	REUS | L'ALDEA | BARCELONA	004
@mauser__c96	<a href="https://twitter.com/mauser__c96" target="_blank">mauser__c96</a>	1	0	1	124	538	1806		003
@MAxiuxiueig	<a href="https://twitter.com/MAxiuxiueig" target="_blank">MAxiuxiueig</a>	40	0	2	880	1107	41286	Catalunya	016
@mcatfr	<a href="https://twitter.com/mcatfr" target="_blank">mcatfr</a>	4	0	1	38	197	206		018
@mcmurdok	<a href="https://twitter.com/mcmurdok" target="_blank">mcmurdok</a>	3	0	1	139	1953	1536		094
@mcordomi	<a href="https://twitter.com/mcordomi" target="_blank">mcordomi</a>	2	0	1	1656	1422	4570	Cardedeu	002
@mcote16	<a href="https://twitter.com/mcote16" target="_blank">mcote16</a>	4	0	1	70	167	1036		127
@MdeRatlles	<a href="https://twitter.com/MdeRatlles" target="_blank">MdeRatlles</a>	8	0	1	1169	1448	14319	Planeta Terra	032
@melindroacid	<a href="https://twitter.com/melindroacid" target="_blank">melindroacid</a>	2	1	0	242	385	6521		004
@melyyyndru	<a href="https://twitter.com/melyyyndru" target="_blank">melyyyndru</a>	1	0	1	229	208	6151	Barcelona	002
@merceB612	<a href="https://twitter.com/merceB612" target="_blank">merceB612</a>	1	1	1	611	1116	4476	Barcelona	002
@mercejou	<a href="https://twitter.com/mercejou" target="_blank">mercejou</a>	2	0	1	2177	623	15521	Olesa de Mont. Catalunya	020
@MercePicart	<a href="https://twitter.com/MercePicart" target="_blank">MercePicart</a>	5	0	1	64	244	3686		052
@Merit_Orlando	<a href="https://twitter.com/Merit_Orlando" target="_blank">Merit_Orlando</a>	11	0	3	925	656	13735	Eivissa & Catalonia	007
@meritxellbarnan	<a href="https://twitter.com/meritxellbarnan" target="_blank">meritxellbarnan</a>	1	1	0	220	354	1255	BCN	134
@MesTerrassa	<a href="https://twitter.com/MesTerrassa" target="_blank">MesTerrassa</a>	8	0	1	532	512	4331	Terrassa	003
@metropolislang	<a href="https://twitter.com/metropolislang" target="_blank">metropolislang</a>	9	0	1	77	54	7916		041
@mexpositog	<a href="https://twitter.com/mexpositog" target="_blank">mexpositog</a>	11	0	2	616	761	17179	CATALUNYA ||☆||	003
@mforcadan	<a href="https://twitter.com/mforcadan" target="_blank">mforcadan</a>	17	0	1	510	432	18619	Barcelona	020
@mglaosv	<a href="https://twitter.com/mglaosv" target="_blank">mglaosv</a>	28	0	1	59	225	6310	Tarragona, Catalunya.	016
@mikelaliz	<a href="https://twitter.com/mikelaliz" target="_blank">mikelaliz</a>	1	0	1	367	510	27836		015
@mina_supertramp	<a href="https://twitter.com/mina_supertramp" target="_blank">mina_supertramp</a>	2	1	0	27	75	440	Barcelona	133
@mincinho	<a href="https://twitter.com/mincinho" target="_blank">mincinho</a>	0	2	0					007
@MinniMoli	<a href="https://twitter.com/MinniMoli" target="_blank">MinniMoli</a>	7	0	2	18	43	2287	Barcelona, España	007
@MiquelArgelich	<a href="https://twitter.com/MiquelArgelich" target="_blank">MiquelArgelich</a>	19	0	1	3255	3167	46374	Agramunt	013
@MiquelVillena	<a href="https://twitter.com/MiquelVillena" target="_blank">MiquelVillena</a>	0	1	0					131
@miralles_david	<a href="https://twitter.com/miralles_david" target="_blank">miralles_david</a>	2	1	0	777	886	6604		130
@mireia3	<a href="https://twitter.com/mireia3" target="_blank">mireia3</a>	13	0	1	306	330	10935	Catalunya	016
@Mireiavam	<a href="https://twitter.com/Mireiavam" target="_blank">Mireiavam</a>	7	0	1	200	33	18326	Blanes, Girona, Catalunya	028
@miriferfu	<a href="https://twitter.com/miriferfu" target="_blank">miriferfu</a>	9	0	1	146	80	36224		059
@misabelperisg	<a href="https://twitter.com/misabelperisg" target="_blank">misabelperisg</a>	3	0	1	423	598	13282	Catalunya	004
@mlavizell	<a href="https://twitter.com/mlavizell" target="_blank">mlavizell</a>	8	0	1	157	572	14720		013
@mlladonet10	<a href="https://twitter.com/mlladonet10" target="_blank">mlladonet10</a>	5	0	1	255	373	9213	Lleida, España	013
@mmarzoc	<a href="https://twitter.com/mmarzoc" target="_blank">mmarzoc</a>	8	0	1	228	551	10069	Barcelona	008
@mmillanclosa	<a href="https://twitter.com/mmillanclosa" target="_blank">mmillanclosa</a>	10	0	1	12015	10282	162173	Vaig néixer el 4 de novembre	167
@mmontesdorado	<a href="https://twitter.com/mmontesdorado" target="_blank">mmontesdorado</a>	19	0	1	122	379	19128	Mullant-me els peus al Rubicó	008
@mncsls	<a href="https://twitter.com/mncsls" target="_blank">mncsls</a>	8	0	1	1776	1879	7492	Jesús (Baix Ebre)	001
@MoiLeMiroir	<a href="https://twitter.com/MoiLeMiroir" target="_blank">MoiLeMiroir</a>	15	0	1	313	1168	5467		016
@molibusqui	<a href="https://twitter.com/molibusqui" target="_blank">molibusqui</a>	6	0	1	441	429	8506		020
@molidelpont	<a href="https://twitter.com/molidelpont" target="_blank">molidelpont</a>	20	0	1	308	333	21307		006
@moncapsa	<a href="https://twitter.com/moncapsa" target="_blank">moncapsa</a>	17	0	1	8030	7225	215308	Barcelona, Catalunya	006
@MonclausFerrer	<a href="https://twitter.com/MonclausFerrer" target="_blank">MonclausFerrer</a>	15	0	1	569	610	28677		016
@Monicamfslj	<a href="https://twitter.com/Monicamfslj" target="_blank">Monicamfslj</a>	2	0	1	8	79	403		016
@MoniCasado98	<a href="https://twitter.com/MoniCasado98" target="_blank">MoniCasado98</a>	1	0	1	107	197	4161	Bar cel ona, Països Catalans	004
@Monifunbcn	<a href="https://twitter.com/Monifunbcn" target="_blank">Monifunbcn</a>	14	0	1	443	909	4755	Barcelona, Catalunya	029
@monrodriguez	<a href="https://twitter.com/monrodriguez" target="_blank">monrodriguez</a>	9	0	1	1868	2570	19971	Sheffield Hallam University,UK	006
@Mont643	<a href="https://twitter.com/Mont643" target="_blank">Mont643</a>	3	0	1	4	94	195	Barcelona	008
@Montcau	<a href="https://twitter.com/Montcau" target="_blank">Montcau</a>	6	0	1	1172	1669	4638		029
@montperdutroig	<a href="https://twitter.com/montperdutroig" target="_blank">montperdutroig</a>	7	0	1	192	815	10798	Barcelona, Cataluña	010
@montsecasaus	<a href="https://twitter.com/montsecasaus" target="_blank">montsecasaus</a>	18	0	1	1988	2353	78132		016
@montsecastella	<a href="https://twitter.com/montsecastella" target="_blank">montsecastella</a>	1	0	1	3007	795	21938	tortosa	004
@MontseGermain	<a href="https://twitter.com/MontseGermain" target="_blank">MontseGermain</a>	1	0	1	7	16	63	Manacor, Mallorca	003
@montsemarsan	<a href="https://twitter.com/montsemarsan" target="_blank">montsemarsan</a>	24	0	2	358	541	14594		006
@montseolivep	<a href="https://twitter.com/montseolivep" target="_blank">montseolivep</a>	12	0	1	1640	4619	12729	Barcelona	005
@Montserratesben	<a href="https://twitter.com/Montserratesben" target="_blank">Montserratesben</a>	13	0	1	664	1324	32021	Barcelona	019
@montserratsaga1	<a href="https://twitter.com/montserratsaga1" target="_blank">montserratsaga1</a>	5	0	1	30	125	5507		001
@MontseTamariua	<a href="https://twitter.com/MontseTamariua" target="_blank">MontseTamariua</a>	0	1	0					129
@MontseVila2	<a href="https://twitter.com/MontseVila2" target="_blank">MontseVila2</a>	21	0	1	42	114	7441		013
@morganitzer	<a href="https://twitter.com/morganitzer" target="_blank">morganitzer</a>	3	0	1	724	765	21471	Gavà, Catalonia	025
@moriyakari	<a href="https://twitter.com/moriyakari" target="_blank">moriyakari</a>	30	0	1	9	109	747	Barcelona, Espanya	003
@MovEsqSAB	<a href="https://twitter.com/MovEsqSAB" target="_blank">MovEsqSAB</a>	11	1	0	454	417	7710		132
@mponsfer	<a href="https://twitter.com/mponsfer" target="_blank">mponsfer</a>	7	0	1	104	306	3716		146
@Mr9Nuria	<a href="https://twitter.com/Mr9Nuria" target="_blank">Mr9Nuria</a>	9	0	1	274	463	24323	Flix - Barcelona, Catalunya	016
@mrosamas	<a href="https://twitter.com/mrosamas" target="_blank">mrosamas</a>	5	0	1	555	1146	5089	Barcelona	018
@mrvengue	<a href="https://twitter.com/mrvengue" target="_blank">mrvengue</a>	0	1	0					135
@mts_marc	<a href="https://twitter.com/mts_marc" target="_blank">mts_marc</a>	4	0	1	307	605	4417	Barcelona, Catalunya	030
@muguruzafm	<a href="https://twitter.com/muguruzafm" target="_blank">muguruzafm</a>	5	29	0	29448	2174	11560	Irun, Euskal Herria	005
@muxaineta	<a href="https://twitter.com/muxaineta" target="_blank">muxaineta</a>	26	0	1	1855	1369	99439		013
@NachoRodAm64	<a href="https://twitter.com/NachoRodAm64" target="_blank">NachoRodAm64</a>	6	0	1	18	72	4068		008
@naiz_bilbotarra	<a href="https://twitter.com/naiz_bilbotarra" target="_blank">naiz_bilbotarra</a>	3	0	2	1263	846	10104		015
@NaKk3L	<a href="https://twitter.com/NaKk3L" target="_blank">NaKk3L</a>	12	0	1	116	162	7805	Barcelona, España	006
@nanasalvador	<a href="https://twitter.com/nanasalvador" target="_blank">nanasalvador</a>	3	1	1	2292	1111	26142		064
@nandoterra5	<a href="https://twitter.com/nandoterra5" target="_blank">nandoterra5</a>	0	1	0					123
@naoj77	<a href="https://twitter.com/naoj77" target="_blank">naoj77</a>	10	0	1	707	1436	6620	Barcelona, Catalunya	002
@nendetous	<a href="https://twitter.com/nendetous" target="_blank">nendetous</a>	3	0	1	390	482	797	Sant Martí de Tous	050
@nereida_edo	<a href="https://twitter.com/nereida_edo" target="_blank">nereida_edo</a>	8	1	0	1819	1999	3612	Montgat	124
@nereus_22	<a href="https://twitter.com/nereus_22" target="_blank">nereus_22</a>	17	0	1	115	497	20489	Barcelona, Catalonia	008
@NesSxE	<a href="https://twitter.com/NesSxE" target="_blank">NesSxE</a>	7	0	1	518	1736	15833	Barcelona	027
@NeusCamos	<a href="https://twitter.com/NeusCamos" target="_blank">NeusCamos</a>	1	0	1	35	100	682	Girona, Catalunya	016
@news_bisbal	<a href="https://twitter.com/news_bisbal" target="_blank">news_bisbal</a>	7	0	2	235	1148	678	la Bisbal d'Empordà, Espanya	033
@NgeliRius	<a href="https://twitter.com/NgeliRius" target="_blank">NgeliRius</a>	5	1	0	1605	1794	15119	Catalunya	125
@niceworldx	<a href="https://twitter.com/niceworldx" target="_blank">niceworldx</a>	6	0	1	1140	1875	28369	Pineda de Mar	002
@Nietneu	<a href="https://twitter.com/Nietneu" target="_blank">Nietneu</a>	7	0	1	572	556	31240	Catalunya	008
@NinaAgusti	<a href="https://twitter.com/NinaAgusti" target="_blank">NinaAgusti</a>	4	0	2	420	848	2331	Barcelona	017
@ninguneada	<a href="https://twitter.com/ninguneada" target="_blank">ninguneada</a>	6	0	1	43	96	1581		005
@noire_et_noire	<a href="https://twitter.com/noire_et_noire" target="_blank">noire_et_noire</a>	2	0	1	27	143	1012		036
@NoListenTheAsk	<a href="https://twitter.com/NoListenTheAsk" target="_blank">NoListenTheAsk</a>	1	0	1	131	329	4931	Vilassar de Dalt, Catalunya	005
@noncasadevall	<a href="https://twitter.com/noncasadevall" target="_blank">noncasadevall</a>	9	0	1	273	208	7416	Banyoles, Països Catalans	004
@NousCatalans	<a href="https://twitter.com/NousCatalans" target="_blank">NousCatalans</a>	2	0	1	13075	9831	36377	Barcelona, Catalunya	022
@NPardell	<a href="https://twitter.com/NPardell" target="_blank">NPardell</a>	3	0	1	201	483	7818		016
@NriaMunt	<a href="https://twitter.com/NriaMunt" target="_blank">NriaMunt</a>	10	0	1	38	46	1206		001
@nuarce	<a href="https://twitter.com/nuarce" target="_blank">nuarce</a>	12	0	1	485	494	7671	Teià	025
@nuranbe	<a href="https://twitter.com/nuranbe" target="_blank">nuranbe</a>	2	1	0	67	151	206	Lleida, Catalunya	120
@NurBlanch	<a href="https://twitter.com/NurBlanch" target="_blank">NurBlanch</a>	0	1	0					119
@nuria1956	<a href="https://twitter.com/nuria1956" target="_blank">nuria1956</a>	9	0	1	563	1096	43551		008
@NuriaBtz	<a href="https://twitter.com/NuriaBtz" target="_blank">NuriaBtz</a>	0	1	0					122
@nuriadgc	<a href="https://twitter.com/nuriadgc" target="_blank">nuriadgc</a>	4	0	1	3623	249	8411		020
@nuriarenartvila	<a href="https://twitter.com/nuriarenartvila" target="_blank">nuriarenartvila</a>	1	0	1	229	483	356		008
@OdetteVGomis	<a href="https://twitter.com/OdetteVGomis" target="_blank">OdetteVGomis</a>	10	0	1	1243	2505	20530	9B Barcelona...Països Catalans	042
@OlgaNavarroR	<a href="https://twitter.com/OlgaNavarroR" target="_blank">OlgaNavarroR</a>	8	0	1	986	527	1261		037
@oller_sol	<a href="https://twitter.com/oller_sol" target="_blank">oller_sol</a>	1	0	1	3	47	1		048
@OlorASocarrim	<a href="https://twitter.com/OlorASocarrim" target="_blank">OlorASocarrim</a>	21	0	1	386	594	25444	Visc a Catalunya	028
@omnium	<a href="https://twitter.com/omnium" target="_blank">omnium</a>	11	1	0	151985	9339	15585	Catalunya	126
@OmniumAnoia	<a href="https://twitter.com/OmniumAnoia" target="_blank">OmniumAnoia</a>	1	3	0	1304	1885	1545	Anoia	050
@onetti98	<a href="https://twitter.com/onetti98" target="_blank">onetti98</a>	3	0	1	150	848	6218	Barcelona, España	077
@oriol_buch	<a href="https://twitter.com/oriol_buch" target="_blank">oriol_buch</a>	1	0	1	457	1169	2619	Barcelona	002
@Oriol_L_C	<a href="https://twitter.com/Oriol_L_C" target="_blank">Oriol_L_C</a>	1	0	1	181	652	3965	Barcelona, Catalunya	013
@OriolAmoros	<a href="https://twitter.com/OriolAmoros" target="_blank">OriolAmoros</a>	5	1	1	23136	14037	26303	Barcelona, Països Catalans	019
@oriolcr	<a href="https://twitter.com/oriolcr" target="_blank">oriolcr</a>	9	0	1	681	583	9091	Barcelona	020
@oriolfg	<a href="https://twitter.com/oriolfg" target="_blank">oriolfg</a>	2	1	0	982	193	2961	Caldes de Montbui	117
@oriolgranes	<a href="https://twitter.com/oriolgranes" target="_blank">oriolgranes</a>	0	1	0					114
@Orl1714	<a href="https://twitter.com/Orl1714" target="_blank">Orl1714</a>	1	1	0	969	1170	7149	Collsuspina	023
@OscarAllue26	<a href="https://twitter.com/OscarAllue26" target="_blank">OscarAllue26</a>	1	0	1	134	220	687	Barcelona	069
@OskarMeGo	<a href="https://twitter.com/OskarMeGo" target="_blank">OskarMeGo</a>	9	0	1	1261	910	19378	Sant Pere de Ribes, Catalunya	014
@OskarPhenix	<a href="https://twitter.com/OskarPhenix" target="_blank">OskarPhenix</a>	9	0	1	302	59	28911	Internet	028
@osuanya	<a href="https://twitter.com/osuanya" target="_blank">osuanya</a>	2	0	1	1406	562	15714		002
@oterovidal	<a href="https://twitter.com/oterovidal" target="_blank">oterovidal</a>	1	0	1	122	88	175		035
@pacoriviere	<a href="https://twitter.com/pacoriviere" target="_blank">pacoriviere</a>	4	0	1	570	757	8429	Republica Catalana	026
@paisoscatalans	<a href="https://twitter.com/paisoscatalans" target="_blank">paisoscatalans</a>	3	0	1	4385	5000	53937	Països Catalans	002
@Pallacus	<a href="https://twitter.com/Pallacus" target="_blank">Pallacus</a>	25	0	1	256	261	19913	Barcino	029
@panchihuakbar	<a href="https://twitter.com/panchihuakbar" target="_blank">panchihuakbar</a>	1	0	1	89	45	4280	Witt-Ara, Regnum Suevorum	007
@pancracieta	<a href="https://twitter.com/pancracieta" target="_blank">pancracieta</a>	6	0	1	6758	6939	96352	La meva Costa Brava, Catalunya	016
@PanderetaZalea	<a href="https://twitter.com/PanderetaZalea" target="_blank">PanderetaZalea</a>	15	0	1	635	3334	11700		075
@panerola	<a href="https://twitter.com/panerola" target="_blank">panerola</a>	11	0	1	310	263	37743	Esplugues, Catalunya, Europa	039
@papatoniatt	<a href="https://twitter.com/papatoniatt" target="_blank">papatoniatt</a>	5	0	1	137	427	2607	Mataró	098
@papaurroz	<a href="https://twitter.com/papaurroz" target="_blank">papaurroz</a>	1	0	1	15	138	369	Catalunya	153
@parpelles	<a href="https://twitter.com/parpelles" target="_blank">parpelles</a>	4	0	1	18	372	238		004
@PatiLailla	<a href="https://twitter.com/PatiLailla" target="_blank">PatiLailla</a>	9	0	2	710	788	20340	Catalunya	020
@patufet33	<a href="https://twitter.com/patufet33" target="_blank">patufet33</a>	16	0	1	114	1067	7925		144
@Pau_Comajoan	<a href="https://twitter.com/Pau_Comajoan" target="_blank">Pau_Comajoan</a>	0	1	0					115
@pbatlle01	<a href="https://twitter.com/pbatlle01" target="_blank">pbatlle01</a>	6	0	1	459	1025	7751	Girona - Catalunya	004
@PC_Eixample_Esq	<a href="https://twitter.com/PC_Eixample_Esq" target="_blank">PC_Eixample_Esq</a>	1	0	1	375	502	2677	Barcelona	091
@PDCComarquesBCN	<a href="https://twitter.com/PDCComarquesBCN" target="_blank">PDCComarquesBCN</a>	11	8	0	2079	1786	6121	Catalunya	029
@PDeCAT_ViA	<a href="https://twitter.com/PDeCAT_ViA" target="_blank">PDeCAT_ViA</a>	7	0	1	492	234	5428	Sant Pere de Ribes	031
@PDECATBPenedes	<a href="https://twitter.com/PDECATBPenedes" target="_blank">PDECATBPenedes</a>	4	5	0	266	227	436		037
@PDeCATMataro	<a href="https://twitter.com/PDeCATMataro" target="_blank">PDeCATMataro</a>	6	3	0	1534	1433	6013	Mataró, Catalunya, UE	051
@PDeCATSANTCUGAT	<a href="https://twitter.com/PDeCATSANTCUGAT" target="_blank">PDeCATSANTCUGAT</a>	7	1	0	2113	2413	6479	Sant Cugat del Vallès	113
@PDECATsstg	<a href="https://twitter.com/PDECATsstg" target="_blank">PDECATsstg</a>	15	1	0	1661	2084	30241	Carrer Balmes 438, Barcelona	112
@Pdemocratacat	<a href="https://twitter.com/Pdemocratacat" target="_blank">Pdemocratacat</a>	8	24	0	190346	48261	19744	Catalunya	001
@PedroLuna73	<a href="https://twitter.com/PedroLuna73" target="_blank">PedroLuna73</a>	1	5	0	5198	263	32330	L'Hospitalet de Llobregat	036
@pep_eduard	<a href="https://twitter.com/pep_eduard" target="_blank">pep_eduard</a>	1	0	1	69	202	856	Girona	006
@pep_plana	<a href="https://twitter.com/pep_plana" target="_blank">pep_plana</a>	1	0	1	803	627	12761	El Catllar	063
@pep_requena	<a href="https://twitter.com/pep_requena" target="_blank">pep_requena</a>	3	0	1	1122	2623	2877	Catalunya	004
@PepaPlana	<a href="https://twitter.com/PepaPlana" target="_blank">PepaPlana</a>	0	3	0					048
@pepbarrachina52	<a href="https://twitter.com/pepbarrachina52" target="_blank">pepbarrachina52</a>	1	1	0	238	299	2736		002
@PepSurroca	<a href="https://twitter.com/PepSurroca" target="_blank">PepSurroca</a>	2	0	1	58	387	3737		149
@pereangerri	<a href="https://twitter.com/pereangerri" target="_blank">pereangerri</a>	1	0	1	172	523	3858	Barcelona	009
@perecampscampos	<a href="https://twitter.com/perecampscampos" target="_blank">perecampscampos</a>	1	72	1	3916	675	58758	Països Catalans	004
@peresol58	<a href="https://twitter.com/peresol58" target="_blank">peresol58</a>	1	0	1	308	289	12493		019
@peretdepalau	<a href="https://twitter.com/peretdepalau" target="_blank">peretdepalau</a>	6	0	1	109	97	4588		031
@perjj	<a href="https://twitter.com/perjj" target="_blank">perjj</a>	7	0	1	104	258	6599	Jaén, Andalucía	006
@PerMareEtCaelum	<a href="https://twitter.com/PerMareEtCaelum" target="_blank">PerMareEtCaelum</a>	7	1	0	1167	1162	12693	A Cassiopea, més o menys...	008
@PetitdelaFonda	<a href="https://twitter.com/PetitdelaFonda" target="_blank">PetitdelaFonda</a>	2	1	0	118	348	239		105
@PetrolisIndep	<a href="https://twitter.com/PetrolisIndep" target="_blank">PetrolisIndep</a>	1	0	1	3853	2046	6484	CATALUNYA-CATALONIA	032
@pgriful	<a href="https://twitter.com/pgriful" target="_blank">pgriful</a>	5	0	1	193	821	3012	Barcelona . Catalunya	002
@pitudedeu	<a href="https://twitter.com/pitudedeu" target="_blank">pitudedeu</a>	15	1	1	15767	16697	79744	#DI	018
@pitysort	<a href="https://twitter.com/pitysort" target="_blank">pitysort</a>	2	0	1	176	237	1506		039
@Pixatinter	<a href="https://twitter.com/Pixatinter" target="_blank">Pixatinter</a>	3	0	1	110	425	2616	Castellar del Vallès	013
@Pnavarron1	<a href="https://twitter.com/Pnavarron1" target="_blank">Pnavarron1</a>	1	1	0	127	394	414	Sant Adrià de Besòs, España	106
@podembadalona	<a href="https://twitter.com/podembadalona" target="_blank">podembadalona</a>	0	1	0					102
@Pointluck1	<a href="https://twitter.com/Pointluck1" target="_blank">Pointluck1</a>	28	0	1	1806	2600	168651	Barcelona	001
@portet_bruguera	<a href="https://twitter.com/portet_bruguera" target="_blank">portet_bruguera</a>	7	0	1	2755	1870	10933	Mataró. Catalunya. Europe.	051
@portu_84	<a href="https://twitter.com/portu_84" target="_blank">portu_84</a>	1	0	1	207	289	4374	portugalete	015
@possessionar	<a href="https://twitter.com/possessionar" target="_blank">possessionar</a>	20	0	1	491	697	88495	Catalunya	013
@poudecoch	<a href="https://twitter.com/poudecoch" target="_blank">poudecoch</a>	3	0	1	163	61	336		020
@ppatryrodriguez	<a href="https://twitter.com/ppatryrodriguez" target="_blank">ppatryrodriguez</a>	1	0	1	294	342	7667	Roma, Lacio	003
@PratVentura	<a href="https://twitter.com/PratVentura" target="_blank">PratVentura</a>	5	0	1	70	239	1171		122
@presidentisern	<a href="https://twitter.com/presidentisern" target="_blank">presidentisern</a>	1	0	1	375	398	11445		026
@pulpminelli	<a href="https://twitter.com/pulpminelli" target="_blank">pulpminelli</a>	2	0	1	344	483	3194	Figueres, Empordà, Catalunya	030
@qgrifell	<a href="https://twitter.com/qgrifell" target="_blank">qgrifell</a>	2	0	1	1332	2747	11591		008
@QueTeDurden	<a href="https://twitter.com/QueTeDurden" target="_blank">QueTeDurden</a>	11	0	1	79	649	5713		008
@quim_vallllo	<a href="https://twitter.com/quim_vallllo" target="_blank">quim_vallllo</a>	0	1	0					103
@quimbohils	<a href="https://twitter.com/quimbohils" target="_blank">quimbohils</a>	1	0	1	1806	2057	1906	Arbúcies	001
@quimetus	<a href="https://twitter.com/quimetus" target="_blank">quimetus</a>	14	0	1	960	2044	12735	Catalunya	019
@quimpalau2	<a href="https://twitter.com/quimpalau2" target="_blank">quimpalau2</a>	0	2	0					053
@QuimValera	<a href="https://twitter.com/QuimValera" target="_blank">QuimValera</a>	1	0	1	586	1376	2847	Pirineus - Andorra	043
@Quintudj	<a href="https://twitter.com/Quintudj" target="_blank">Quintudj</a>	13	0	1	1547	3528	128103	Fargo	002
@qvinyals	<a href="https://twitter.com/qvinyals" target="_blank">qvinyals</a>	1	1	0	1173	885	2264	Vilanova i la Geltrú	099
@RabalMaite	<a href="https://twitter.com/RabalMaite" target="_blank">RabalMaite</a>	57	0	1	85	141	26437		025
@RafelLujan	<a href="https://twitter.com/RafelLujan" target="_blank">RafelLujan</a>	2	0	1	2582	2664	8798	Barcelona, Catalunya	002
@ramontremosa	<a href="https://twitter.com/ramontremosa" target="_blank">ramontremosa</a>	18	2	0	69364	1301	31183	BCN, CAT & EU	007
@ranspenstinski	<a href="https://twitter.com/ranspenstinski" target="_blank">ranspenstinski</a>	4	0	1	2480	3998	30122	3ª Galaxia a la Izquierda.	003
@RaquelSauras	<a href="https://twitter.com/RaquelSauras" target="_blank">RaquelSauras</a>	2	0	1	93	349	2919		001
@reagrupamentpv	<a href="https://twitter.com/reagrupamentpv" target="_blank">reagrupamentpv</a>	25	0	1	1960	1959	46159	País Valencià. 960064914	013
@Redrum486	<a href="https://twitter.com/Redrum486" target="_blank">Redrum486</a>	3	0	1	72	68	1039	Barcelona	131
@ReTx00	<a href="https://twitter.com/ReTx00" target="_blank">ReTx00</a>	2	0	1	51	115	142	Reus	004
@ricardayats	<a href="https://twitter.com/ricardayats" target="_blank">ricardayats</a>	3	0	1	1292	2326	7325	Empordà, Catalonia, EU	004
@RicardLlenas	<a href="https://twitter.com/RicardLlenas" target="_blank">RicardLlenas</a>	7	0	1	811	1332	4313	Vilanova i la Geltrú	026
@ricardlm81	<a href="https://twitter.com/ricardlm81" target="_blank">ricardlm81</a>	1	2	0	53	51	194		058
@RichiPericles	<a href="https://twitter.com/RichiPericles" target="_blank">RichiPericles</a>	4	0	1	1455	1348	31983	Barcelona	004
@rmbellet	<a href="https://twitter.com/rmbellet" target="_blank">rmbellet</a>	4	0	1	407	413	47152	Barcelona	016
@RocaLongares	<a href="https://twitter.com/RocaLongares" target="_blank">RocaLongares</a>	17	0	1	431	443	21648	Barcelona, Catalunya	002
@rocbedo	<a href="https://twitter.com/rocbedo" target="_blank">rocbedo</a>	2	1	0	260	538	1369	Barcelona, Catalunya	097
@rocderevolta	<a href="https://twitter.com/rocderevolta" target="_blank">rocderevolta</a>	9	0	1	1021	732	13878	Catalunya	049
@RocioCruz1977	<a href="https://twitter.com/RocioCruz1977" target="_blank">RocioCruz1977</a>	5	0	1	814	355	21847		003
@rogerangela	<a href="https://twitter.com/rogerangela" target="_blank">rogerangela</a>	13	3	0	427	713	41455	Bætulo	001
@Rogerbuch	<a href="https://twitter.com/Rogerbuch" target="_blank">Rogerbuch</a>	17	0	1	6422	3431	30454	República de Catalunya	002
@rogervilanova	<a href="https://twitter.com/rogervilanova" target="_blank">rogervilanova</a>	6	0	1	704	976	9153	Ripollet, Catalunya	013
@roquini	<a href="https://twitter.com/roquini" target="_blank">roquini</a>	1	2	0	5893	958	33172	Vic,Catalunya	055
@rosa_msust	<a href="https://twitter.com/rosa_msust" target="_blank">rosa_msust</a>	49	0	1	538	702	14432	Badalona, Barcelona	006
@rosadellniella	<a href="https://twitter.com/rosadellniella" target="_blank">rosadellniella</a>	1	0	1	49	250	944	London, England	072
@rosercaar	<a href="https://twitter.com/rosercaar" target="_blank">rosercaar</a>	2	0	1	60	183	2128		046
@rosetjordi	<a href="https://twitter.com/rosetjordi" target="_blank">rosetjordi</a>	2	6	0	2718	2129	17372	Terrassa, Catalunya	032
@Rras58	<a href="https://twitter.com/Rras58" target="_blank">Rras58</a>	32	0	1	569	1483	16725		016
@rsrmarce	<a href="https://twitter.com/rsrmarce" target="_blank">rsrmarce</a>	1	0	1	7	37	10		004
@rsumoy	<a href="https://twitter.com/rsumoy" target="_blank">rsumoy</a>	2	0	1	54	127	761	Tarragona	056
@RtCasteller	<a href="https://twitter.com/RtCasteller" target="_blank">RtCasteller</a>	2	0	1	160	150	3368	Catalunya, Espanya	054
@RubenClemente_	<a href="https://twitter.com/RubenClemente_" target="_blank">RubenClemente_</a>	1	0	1	563	710	30121	Lleida!	013
@rudygasudi	<a href="https://twitter.com/rudygasudi" target="_blank">rudygasudi</a>	1	0	1	27	123	1453		165
@s_descordada	<a href="https://twitter.com/s_descordada" target="_blank">s_descordada</a>	3	0	1	16	105	997		008
@sabarcamarin	<a href="https://twitter.com/sabarcamarin" target="_blank">sabarcamarin</a>	9	0	1	160	309	4715		004
@sablivi	<a href="https://twitter.com/sablivi" target="_blank">sablivi</a>	4	0	1	138	246	2450	Catalunya	011
@sack_am	<a href="https://twitter.com/sack_am" target="_blank">sack_am</a>	88	0	1	2833	3178	269823	Badalona, Catalunya	031
@sagasaez	<a href="https://twitter.com/sagasaez" target="_blank">sagasaez</a>	10	0	1	21	84	2777		003
@sal_lari	<a href="https://twitter.com/sal_lari" target="_blank">sal_lari</a>	5	0	1	1347	2254	28834	Barcelona	019
@salming79	<a href="https://twitter.com/salming79" target="_blank">salming79</a>	3	0	1	48	189	4130		025
@SalomeTaller	<a href="https://twitter.com/SalomeTaller" target="_blank">SalomeTaller</a>	9	0	2	324	727	8559		022
@samevi72	<a href="https://twitter.com/samevi72" target="_blank">samevi72</a>	1	0	1	11	107	895	Badalona.	034
@sanijasuqui	<a href="https://twitter.com/sanijasuqui" target="_blank">sanijasuqui</a>	3	0	1	357	701	11305	badalona,països catalans II*II	003
@sans_ruiz	<a href="https://twitter.com/sans_ruiz" target="_blank">sans_ruiz</a>	10	0	2	578	998	21515	Regensburg, Alemanya	025
@santigutiespuny	<a href="https://twitter.com/santigutiespuny" target="_blank">santigutiespuny</a>	3	1	0	29	206	326		094
@SANTIVILLORBINA	<a href="https://twitter.com/SANTIVILLORBINA" target="_blank">SANTIVILLORBINA</a>	7	0	2	5612	3915	17806	©atalonia • €urope	001
@sants_marc	<a href="https://twitter.com/sants_marc" target="_blank">sants_marc</a>	2	0	1	1376	725	32396	Sants, Països Catalans	073
@santxoandia	<a href="https://twitter.com/santxoandia" target="_blank">santxoandia</a>	1	0	1	106	564	697		005
@saraabrilm	<a href="https://twitter.com/saraabrilm" target="_blank">saraabrilm</a>	0	1	0					096
@saviscatalans	<a href="https://twitter.com/saviscatalans" target="_blank">saviscatalans</a>	0	1	0					098
@scuerni	<a href="https://twitter.com/scuerni" target="_blank">scuerni</a>	2	0	1	208	205	46655		015
@sebastiacros	<a href="https://twitter.com/sebastiacros" target="_blank">sebastiacros</a>	7	0	1	674	1221	10575	CATALUNYA	008
@SebastiaPortell	<a href="https://twitter.com/SebastiaPortell" target="_blank">SebastiaPortell</a>	3	0	1	1754	1409	8652	Barcelona	002
@SeguiGoma	<a href="https://twitter.com/SeguiGoma" target="_blank">SeguiGoma</a>	8	0	1	103	259	5302	Peralada, Catalunya	008
@seibur_	<a href="https://twitter.com/seibur_" target="_blank">seibur_</a>	8	0	1	2009	1833	13285	Barcelona	020
@sendamunt	<a href="https://twitter.com/sendamunt" target="_blank">sendamunt</a>	1	0	1	33	91	67		005
@Sense_Por	<a href="https://twitter.com/Sense_Por" target="_blank">Sense_Por</a>	10	1	0	715	1515	14440	Mataró, Catalunya	022
@SEPCValls	<a href="https://twitter.com/SEPCValls" target="_blank">SEPCValls</a>	1	0	1	331	290	1033	Valls, Països Catalans	110
@Sergebemi	<a href="https://twitter.com/Sergebemi" target="_blank">Sergebemi</a>	1	0	1	419	196	9039	Ripollet	143
@sergimarti87	<a href="https://twitter.com/sergimarti87" target="_blank">sergimarti87</a>	6	0	1	119	187	651	Sant Miquel de Fluvià	046
@sergimia	<a href="https://twitter.com/sergimia" target="_blank">sergimia</a>	1	0	1	123	323	219		115
@sergio_ugarte	<a href="https://twitter.com/sergio_ugarte" target="_blank">sergio_ugarte</a>	2	0	1	706	1222	8745		047
@sergipinkman	<a href="https://twitter.com/sergipinkman" target="_blank">sergipinkman</a>	7	1	0	126	191	3544	+45° 42' 12.73", +21° 18' 7.53	111
@Sergisaju	<a href="https://twitter.com/Sergisaju" target="_blank">Sergisaju</a>	10	0	2	54	167	3827	Barcelona, Cataluña	007
@serpepiot	<a href="https://twitter.com/serpepiot" target="_blank">serpepiot</a>	17	0	1	1092	1131	10328	CataluNYa ||⭐️||	002
@setciencies3	<a href="https://twitter.com/setciencies3" target="_blank">setciencies3</a>	2	0	1	40	492	3920		005
@shinnoshanno	<a href="https://twitter.com/shinnoshanno" target="_blank">shinnoshanno</a>	4	0	1	469	1005	27881		008
@SiambNos	<a href="https://twitter.com/SiambNos" target="_blank">SiambNos</a>	10	0	1	1697	641	4550	Catalunya	008
@sianskiy	<a href="https://twitter.com/sianskiy" target="_blank">sianskiy</a>	20	0	1	17	69	2272	Catalunya	018
@sicallorebento	<a href="https://twitter.com/sicallorebento" target="_blank">sicallorebento</a>	0	1	0					136
@SIHortaGuinardo	<a href="https://twitter.com/SIHortaGuinardo" target="_blank">SIHortaGuinardo</a>	2	0	1	708	2073	2971		027
@silvia_renom	<a href="https://twitter.com/silvia_renom" target="_blank">silvia_renom</a>	1	0	1	312	221	862		070
@Silviacebolla	<a href="https://twitter.com/Silviacebolla" target="_blank">Silviacebolla</a>	1	0	1	607	273	1919	Zaragoza, Aragón	040
@sireduardgener	<a href="https://twitter.com/sireduardgener" target="_blank">sireduardgener</a>	1	0	1	595	360	1612	Solsona	163
@soibarrenau	<a href="https://twitter.com/soibarrenau" target="_blank">soibarrenau</a>	3	0	1	100	169	1161	Aragón	040
@Solimar26976	<a href="https://twitter.com/Solimar26976" target="_blank">Solimar26976</a>	8	0	1	2	13	559		001
@SomPDeCAT	<a href="https://twitter.com/SomPDeCAT" target="_blank">SomPDeCAT</a>	2	0	1	402	1987	260		022
@SoniaBlltrs	<a href="https://twitter.com/SoniaBlltrs" target="_blank">SoniaBlltrs</a>	8	0	1	416	880	26472		016
@sortuEH	<a href="https://twitter.com/sortuEH" target="_blank">sortuEH</a>	0	1	0					092
@sotoarmengol	<a href="https://twitter.com/sotoarmengol" target="_blank">sotoarmengol</a>	95	0	2	3397	5001	83623	Comarca Garraf	014
@SPHopeVB	<a href="https://twitter.com/SPHopeVB" target="_blank">SPHopeVB</a>	30	0	1	40	241	3012		018
@Squissu_Afectiu	<a href="https://twitter.com/Squissu_Afectiu" target="_blank">Squissu_Afectiu</a>	3	0	1	31	161	1801		026
@SrLivingstone1	<a href="https://twitter.com/SrLivingstone1" target="_blank">SrLivingstone1</a>	12	0	1	411	481	16450	Barcelona / Cunit. Catalunya	018
@SrLluisTomas	<a href="https://twitter.com/SrLluisTomas" target="_blank">SrLluisTomas</a>	16	2	1	834	587	39747	Osona	068
@srtamasa	<a href="https://twitter.com/srtamasa" target="_blank">srtamasa</a>	0	1	0					090
@ssfreixas	<a href="https://twitter.com/ssfreixas" target="_blank">ssfreixas</a>	27	0	2	144	351	13783		016
@Ssuneb	<a href="https://twitter.com/Ssuneb" target="_blank">Ssuneb</a>	29	0	1	531	652	33849	Barcelona, Catalunya	161
@streetlife_pics	<a href="https://twitter.com/streetlife_pics" target="_blank">streetlife_pics</a>	0	1	0					089
@sulivella	<a href="https://twitter.com/sulivella" target="_blank">sulivella</a>	0	1	0					091
@surfnm	<a href="https://twitter.com/surfnm" target="_blank">surfnm</a>	1	0	1	279	2738	10536		044
@suruasinoiD	<a href="https://twitter.com/suruasinoiD" target="_blank">suruasinoiD</a>	32	0	2	24	58	1616	Terrassa and Pardines (CAT)	018
@susagna40	<a href="https://twitter.com/susagna40" target="_blank">susagna40</a>	5	0	1	197	425	1785	Verges, Catalunya	010
@susanamanx	<a href="https://twitter.com/susanamanx" target="_blank">susanamanx</a>	5	0	1	286	567	4647	L'Aleixar - Països Catalans	004
@susannablab	<a href="https://twitter.com/susannablab" target="_blank">susannablab</a>	14	0	2	40	133	2420	Barcelona, Catalunya	002
@svallesd	<a href="https://twitter.com/svallesd" target="_blank">svallesd</a>	1	0	1	537	728	459		037
@tam_obradors	<a href="https://twitter.com/tam_obradors" target="_blank">tam_obradors</a>	1	0	1	78	556	6450	Catalunya	026
@TaviHarper	<a href="https://twitter.com/TaviHarper" target="_blank">TaviHarper</a>	10	0	1	117	62	10496		142
@tchambers	<a href="https://twitter.com/tchambers" target="_blank">tchambers</a>	2	0	2	1657	3384	11554	Bethesda, MD	044
@Tecnovideobooks	<a href="https://twitter.com/Tecnovideobooks" target="_blank">Tecnovideobooks</a>	13	0	1	95	376	2346		004
@teresa_just	<a href="https://twitter.com/teresa_just" target="_blank">teresa_just</a>	3	0	1	85	170	11772		001
@TerraConcertada	<a href="https://twitter.com/TerraConcertada" target="_blank">TerraConcertada</a>	12	0	2	2175	3418	34982	Països catalans per alliberar	016
@terrassenc	<a href="https://twitter.com/terrassenc" target="_blank">terrassenc</a>	24	0	1	415	678	19279	terrassa, catalonia	003
@tinti505	<a href="https://twitter.com/tinti505" target="_blank">tinti505</a>	5	0	1	6	73	866	Barcelona	030
@tomascarandell	<a href="https://twitter.com/tomascarandell" target="_blank">tomascarandell</a>	3	0	2	590	764	10614	Sant Pere de Ribes	014
@tomoda65	<a href="https://twitter.com/tomoda65" target="_blank">tomoda65</a>	16	0	1	196	221	4170	Isla Vista, CA	016
@tonfalques	<a href="https://twitter.com/tonfalques" target="_blank">tonfalques</a>	1	0	1	1810	2432	27212	St Feliu de Codines, Catalunya	010
@Toni_Domenech_G	<a href="https://twitter.com/Toni_Domenech_G" target="_blank">Toni_Domenech_G</a>	3	0	1	288	393	1144	Badalona	034
@Toniayza	<a href="https://twitter.com/Toniayza" target="_blank">Toniayza</a>	4	0	1	561	436	6300	Barcelona	004
@toniconejo72	<a href="https://twitter.com/toniconejo72" target="_blank">toniconejo72</a>	0	1	0					093
@ToniGarciaQues	<a href="https://twitter.com/ToniGarciaQues" target="_blank">ToniGarciaQues</a>	0	6	0					012
@ToniJuntspelsi	<a href="https://twitter.com/ToniJuntspelsi" target="_blank">ToniJuntspelsi</a>	1	0	1	32	193	449		008
@tonillefia	<a href="https://twitter.com/tonillefia" target="_blank">tonillefia</a>	0	1	0					087
@ToniSalab	<a href="https://twitter.com/ToniSalab" target="_blank">ToniSalab</a>	3	0	1	1	36	55	Berga, Catalunya.	004
@too_invisible	<a href="https://twitter.com/too_invisible" target="_blank">too_invisible</a>	1	0	1	112	215	696	Barcelona // Catalonia	013
@torreneules	<a href="https://twitter.com/torreneules" target="_blank">torreneules</a>	18	0	1	59	118	5829	Barcelona, Spain	008
@transtesteban	<a href="https://twitter.com/transtesteban" target="_blank">transtesteban</a>	8	0	1	284	662	7102	Dentro de mi piel.	049
@TreballadoraxI	<a href="https://twitter.com/TreballadoraxI" target="_blank">TreballadoraxI</a>	2	0	1	1364	953	7214	Països Catalans	087
@tresbranques	<a href="https://twitter.com/tresbranques" target="_blank">tresbranques</a>	17	0	1	122	447	7707	Catalunya	032
@Trescci	<a href="https://twitter.com/Trescci" target="_blank">Trescci</a>	15	0	1	1042	1229	34321	Barcelona	016
@Trumpysinlove1	<a href="https://twitter.com/Trumpysinlove1" target="_blank">Trumpysinlove1</a>	1	0	1	25	41	2472		044
@tsankaram	<a href="https://twitter.com/tsankaram" target="_blank">tsankaram</a>	11	0	1	2469	1771	21669	Burkina Faso	005
@twi_ther	<a href="https://twitter.com/twi_ther" target="_blank">twi_ther</a>	1	0	1	73	297	1342	Barcelona, Catalunya	003
@TwistedTit	<a href="https://twitter.com/TwistedTit" target="_blank">TwistedTit</a>	2	0	1	85	263	3598		004
@txainbe	<a href="https://twitter.com/txainbe" target="_blank">txainbe</a>	21	0	1	144	358	12236	Sentmenat	016
@txiscu	<a href="https://twitter.com/txiscu" target="_blank">txiscu</a>	5	0	1	247	359	9038	Catalunya	008
@unicornioarc7	<a href="https://twitter.com/unicornioarc7" target="_blank">unicornioarc7</a>	6	0	1	108	171	7048		016
@Unitat9	<a href="https://twitter.com/Unitat9" target="_blank">Unitat9</a>	6	1	1	963	419	8120	Plaça de la Vila 9B, Ribes	014
@urggell	<a href="https://twitter.com/urggell" target="_blank">urggell</a>	2	0	1	57	137	711		016
@urinuca	<a href="https://twitter.com/urinuca" target="_blank">urinuca</a>	6	0	1	97	423	944		008
@Valdun77	<a href="https://twitter.com/Valdun77" target="_blank">Valdun77</a>	2	0	1	206	446	6254	Barcelona.	010
@vampyCATman	<a href="https://twitter.com/vampyCATman" target="_blank">vampyCATman</a>	39	0	1	7352	5354	318260	Barcelona. CAT	002
@variedad	<a href="https://twitter.com/variedad" target="_blank">variedad</a>	4	0	1	120	319	19875		035
@vashondogboy	<a href="https://twitter.com/vashondogboy" target="_blank">vashondogboy</a>	12	2	0	1354	1368	23994	Vashon Island, WA	007
@vecchiaanto	<a href="https://twitter.com/vecchiaanto" target="_blank">vecchiaanto</a>	3	0	1	409	816	4756		083
@vero_acebo	<a href="https://twitter.com/vero_acebo" target="_blank">vero_acebo</a>	1	0	1	736	1073	23875	Shawn+Collins follow	089
@VidalMoll	<a href="https://twitter.com/VidalMoll" target="_blank">VidalMoll</a>	17	0	1	854	1088	53280		001
@Vigi1981	<a href="https://twitter.com/Vigi1981" target="_blank">Vigi1981</a>	1	0	1	74	276	745	Santurtzi	015
@VilanovaiGDC	<a href="https://twitter.com/VilanovaiGDC" target="_blank">VilanovaiGDC</a>	12	1	0	63	173	880		020
@vilijan	<a href="https://twitter.com/vilijan" target="_blank">vilijan</a>	7	0	1	1078	2195	15022	St Quirze d Besora Catalunya	016
@vmestres	<a href="https://twitter.com/vmestres" target="_blank">vmestres</a>	11	0	1	144	331	7339	Barcelona (Catalunya)	022
@voltesivoltes	<a href="https://twitter.com/voltesivoltes" target="_blank">voltesivoltes</a>	19	0	1	688	2378	8836	Països Catalans	041
@vudkus	<a href="https://twitter.com/vudkus" target="_blank">vudkus</a>	1	0	1	97	468	891		004
@vullvotarja	<a href="https://twitter.com/vullvotarja" target="_blank">vullvotarja</a>	23	0	1	104	415	4225		055
@welovepetit	<a href="https://twitter.com/welovepetit" target="_blank">welovepetit</a>	1	0	1	833	1531	4180	foradorbita	004
@wikytawn	<a href="https://twitter.com/wikytawn" target="_blank">wikytawn</a>	3	0	2	4	87	122	País lliure, Catalunya	024
@witiza	<a href="https://twitter.com/witiza" target="_blank">witiza</a>	5	0	1	600	733	70952	.cat	123
@xalbide	<a href="https://twitter.com/xalbide" target="_blank">xalbide</a>	2	0	1	901	996	18834	Artziniega, Basque Far West.	015
@XarxaCCEConSud	<a href="https://twitter.com/XarxaCCEConSud" target="_blank">XarxaCCEConSud</a>	0	1	0					088
@xavi_soloh	<a href="https://twitter.com/xavi_soloh" target="_blank">xavi_soloh</a>	1	0	1	70	409	1816	Barcelona Catalunya	004
@xavier_torrens	<a href="https://twitter.com/xavier_torrens" target="_blank">xavier_torrens</a>	11	66	0	27323	29992	25273		016
@XavierBadiaCat	<a href="https://twitter.com/XavierBadiaCat" target="_blank">XavierBadiaCat</a>	12	0	1	1171	1344	2330		029
@XavierBargallo	<a href="https://twitter.com/XavierBargallo" target="_blank">XavierBargallo</a>	6	0	1	559	109	13752	Barcelona	019
@xaviercatal	<a href="https://twitter.com/xaviercatal" target="_blank">xaviercatal</a>	9	0	2	2220	2227	137719	Parets Republica Catalana UE	016
@XavierGascon	<a href="https://twitter.com/XavierGascon" target="_blank">XavierGascon</a>	5	0	1	294	514	5209		140
@xavinavarro	<a href="https://twitter.com/xavinavarro" target="_blank">xavinavarro</a>	7	0	2	1403	572	19357	08720	026
@xavirm15	<a href="https://twitter.com/xavirm15" target="_blank">xavirm15</a>	1	0	1	16	98	1114		120
@xavivisa	<a href="https://twitter.com/xavivisa" target="_blank">xavivisa</a>	2	0	1	242	593	5223	Can Tabola, Montmeló	004
@xdedeu	<a href="https://twitter.com/xdedeu" target="_blank">xdedeu</a>	1	0	1	184	229	1957	Vallès Oriental, Catalunya	011
@xevhi	<a href="https://twitter.com/xevhi" target="_blank">xevhi</a>	5	0	1	436	242	15778	Girona, Països Catalans	026
@xevipuix	<a href="https://twitter.com/xevipuix" target="_blank">xevipuix</a>	46	0	1	341	1448	24360		013
@XgPujol	<a href="https://twitter.com/XgPujol" target="_blank">XgPujol</a>	3	0	1	174	159	11851		016
@Xirinacs3	<a href="https://twitter.com/Xirinacs3" target="_blank">Xirinacs3</a>	5	0	1	1998	4253	4667	Ulanula, Kenya	013
@xmonge	<a href="https://twitter.com/xmonge" target="_blank">xmonge</a>	3	0	1	4611	923	47287	Barna city, Països Catalans	005
@xpaba	<a href="https://twitter.com/xpaba" target="_blank">xpaba</a>	5	0	1	1739	1971	49230	Occitània / Catalunya	158
@Xquet	<a href="https://twitter.com/Xquet" target="_blank">Xquet</a>	16	0	1	795	884	25383		016
@xsierrav	<a href="https://twitter.com/xsierrav" target="_blank">xsierrav</a>	4	0	1	759	800	10018	Terrassa (Catalunya)	008
@ycrepeau	<a href="https://twitter.com/ycrepeau" target="_blank">ycrepeau</a>	13	1	0	291	405	10728	45.52244,-73.551066	082
@YelnikoffMikael	<a href="https://twitter.com/YelnikoffMikael" target="_blank">YelnikoffMikael</a>	7	0	1	670	1142	9919	Pittsburgh, PA	029
@YeratiT34	<a href="https://twitter.com/YeratiT34" target="_blank">YeratiT34</a>	2	0	1	268	205	536		003
@yoghurtu	<a href="https://twitter.com/yoghurtu" target="_blank">yoghurtu</a>	1	0	1	566	829	52692	España	006
@yolpou	<a href="https://twitter.com/yolpou" target="_blank">yolpou</a>	0	1	0					079
@YoshinoNara	<a href="https://twitter.com/YoshinoNara" target="_blank">YoshinoNara</a>	4	0	1	36	75	3099	Barcelona, Catalunya	065
@YOU17972	<a href="https://twitter.com/YOU17972" target="_blank">YOU17972</a>	20	0	1	107	194	11934		006
@Ziang80	<a href="https://twitter.com/Ziang80" target="_blank">Ziang80</a>	1	0	1	142	175	2136	Sort, Catalunya	039
@ZombieWorld300	<a href="https://twitter.com/ZombieWorld300" target="_blank">ZombieWorld300</a>	1	0	1	180	348	20008	{{{ubicacion}}}	052
@zuvielzirkus	<a href="https://twitter.com/zuvielzirkus" target="_blank">zuvielzirkus</a>	5	0	1	5125	814	67566	Barcelona, Catalunya	026
@Zyleb	<a href="https://twitter.com/Zyleb" target="_blank">Zyleb</a>	5	0	1	38	204	3253		103
