name	link	tuits	retuits	rteados	followers	following	status	location	Walktrap
@__batibati	<a href="https://twitter.com/__batibati" target="_blank">__batibati</a>	1	0	1	3	98	13		068
@_CARALLUDO	<a href="https://twitter.com/_CARALLUDO" target="_blank">_CARALLUDO</a>	4	0	1	249	385	6020	GZ	172
@_corbo	<a href="https://twitter.com/_corbo" target="_blank">_corbo</a>	11	0	1	125	253	6040	Catalunya	072
@_Egur_	<a href="https://twitter.com/_Egur_" target="_blank">_Egur_</a>	4	0	1	85	290	1943	Euskal Herria	057
@_freecatalonia	<a href="https://twitter.com/_freecatalonia" target="_blank">_freecatalonia</a>	4	0	1	308	450	1904	Catalunya	139
@_GreatUnwashed	<a href="https://twitter.com/_GreatUnwashed" target="_blank">_GreatUnwashed</a>	21	1	1	19186	9991	69078	Cascadia	006
@_Kolinhar_	<a href="https://twitter.com/_Kolinhar_" target="_blank">_Kolinhar_</a>	3	0	1	61	69	799	Barcelona,Spain	264
@_Meeiii_03	<a href="https://twitter.com/_Meeiii_03" target="_blank">_Meeiii_03</a>	5	0	1	11	38	926	Gerona, Cataluña	004
@_smarta_	<a href="https://twitter.com/_smarta_" target="_blank">_smarta_</a>	4	0	1	167	308	2926	Barcelona, Catalunya	054
@_xarlse	<a href="https://twitter.com/_xarlse" target="_blank">_xarlse</a>	15	0	2	139	195	7002	Tarragona, Catalunya.	007
@08840v	<a href="https://twitter.com/08840v" target="_blank">08840v</a>	4	0	1	461	285	5927	Viladecans (Barcelona)	077
@10Fals	<a href="https://twitter.com/10Fals" target="_blank">10Fals</a>	4	0	1	46	115	5618	El Camp de l'Arpa	023
@110010010011010	<a href="https://twitter.com/110010010011010" target="_blank">110010010011010</a>	1	4	0	9286	1407	192825	sәuɐƃәl әp zᴉɹpɐɯ lә	093
@15jba	<a href="https://twitter.com/15jba" target="_blank">15jba</a>	13	0	3	1097	2152	14894	Catalunya	007
@1714Drac1714	<a href="https://twitter.com/1714Drac1714" target="_blank">1714Drac1714</a>	21	0	2	516	288	52974	Catalunya.	001
@1909_RSF	<a href="https://twitter.com/1909_RSF" target="_blank">1909_RSF</a>	2	2	0	787	872	5938	Euskal Herria Askatu!	114
@1909rsf	<a href="https://twitter.com/1909rsf" target="_blank">1909rsf</a>	1	0	1	145	123	1938		057
@1Ogranollers	<a href="https://twitter.com/1Ogranollers" target="_blank">1Ogranollers</a>	1	7	0	664	1177	443	Granollers, España	011
@28mavi28	<a href="https://twitter.com/28mavi28" target="_blank">28mavi28</a>	14	0	1	32	96	9997		021
@2begi	<a href="https://twitter.com/2begi" target="_blank">2begi</a>	2	1	0	120	383	1177	Hankak lurrean burua izarretan	195
@2nosaltres2	<a href="https://twitter.com/2nosaltres2" target="_blank">2nosaltres2</a>	21	0	1	697	1083	20232		001
@32Navarro	<a href="https://twitter.com/32Navarro" target="_blank">32Navarro</a>	2	0	1	2088	2395	23729	Girona-Mataró	016
@3Rondes	<a href="https://twitter.com/3Rondes" target="_blank">3Rondes</a>	2	0	1	4461	382	21070	Catalunya	060
@434didi	<a href="https://twitter.com/434didi" target="_blank">434didi</a>	5	0	1	621	760	91190		147
@5Oktubre	<a href="https://twitter.com/5Oktubre" target="_blank">5Oktubre</a>	3	0	1	158	298	2256		067
@6uN7CtZuCK66Rpd	<a href="https://twitter.com/6uN7CtZuCK66Rpd" target="_blank">6uN7CtZuCK66Rpd</a>	7	0	1	63	397	568		023
@7akbatindautxu	<a href="https://twitter.com/7akbatindautxu" target="_blank">7akbatindautxu</a>	1	4	0	912	431	1060		091
@7albatros	<a href="https://twitter.com/7albatros" target="_blank">7albatros</a>	1	0	1	2876	4128	96895	Saturno	093
@8passenger	<a href="https://twitter.com/8passenger" target="_blank">8passenger</a>	7	0	1	341	556	28907	Berlin	049
@9colormanel	<a href="https://twitter.com/9colormanel" target="_blank">9colormanel</a>	9	0	2	88	366	5258	Sitges, España	007
@9jrib9	<a href="https://twitter.com/9jrib9" target="_blank">9jrib9</a>	90	0	1	3402	3954	192205	Barcelona	054
@a505aer	<a href="https://twitter.com/a505aer" target="_blank">a505aer</a>	1	0	1	15	59	75		001
@a9de8b44494d436	<a href="https://twitter.com/a9de8b44494d436" target="_blank">a9de8b44494d436</a>	14	0	2	57	34	6784		009
@Aalbertam	<a href="https://twitter.com/Aalbertam" target="_blank">Aalbertam</a>	1	0	1	128	308	3948	PPCC - EH	001
@AAngels1708	<a href="https://twitter.com/AAngels1708" target="_blank">AAngels1708</a>	2	1	0	25	101	923	Girona, España	177
@AArsegul	<a href="https://twitter.com/AArsegul" target="_blank">AArsegul</a>	2	0	1	30	125	521	Barcelona	005
@abague60	<a href="https://twitter.com/abague60" target="_blank">abague60</a>	9	0	1	707	795	66728		028
@AbelloSanllehi	<a href="https://twitter.com/AbelloSanllehi" target="_blank">AbelloSanllehi</a>	33	0	3	987	1533	62523	Barcelona	049
@AbelPeraire	<a href="https://twitter.com/AbelPeraire" target="_blank">AbelPeraire</a>	8	9	0	638	186	4539		024
@abusquets59	<a href="https://twitter.com/abusquets59" target="_blank">abusquets59</a>	28	0	2	206	459	51377		003
@acastrero	<a href="https://twitter.com/acastrero" target="_blank">acastrero</a>	10	0	1	516	954	39956	Catalunya (en transició)	002
@ACP3010	<a href="https://twitter.com/ACP3010" target="_blank">ACP3010</a>	76	0	1	19	36	794		076
@Acrata71	<a href="https://twitter.com/Acrata71" target="_blank">Acrata71</a>	1	0	1	522	2370	1519	Pelotas, Brasil	051
@adeucapitalisme	<a href="https://twitter.com/adeucapitalisme" target="_blank">adeucapitalisme</a>	3	0	1	1363	1270	4456	Santa Coloma de Gramenet	034
@Admo_independe	<a href="https://twitter.com/Admo_independe" target="_blank">Admo_independe</a>	44	0	4	1130	627	20812	Catalunya (UE)	007
@AdolfColl	<a href="https://twitter.com/AdolfColl" target="_blank">AdolfColl</a>	2	0	1	242	232	2291		001
@AdoromividaaC	<a href="https://twitter.com/AdoromividaaC" target="_blank">AdoromividaaC</a>	6	0	1	452	784	23061	Mongolia	079
@Adriamaymo	<a href="https://twitter.com/Adriamaymo" target="_blank">Adriamaymo</a>	1	0	1	80	249	186		133
@adriana_roca	<a href="https://twitter.com/adriana_roca" target="_blank">adriana_roca</a>	2	0	1	290	523	3300	Olot	081
@adrianadelgadoh	<a href="https://twitter.com/adrianadelgadoh" target="_blank">adrianadelgadoh</a>	3	0	2	2156	2279	6190	St Vicenç de Cast. (Catalunya)	008
@AEsquirol	<a href="https://twitter.com/AEsquirol" target="_blank">AEsquirol</a>	4	0	1	58	184	703		007
@aestefanellp	<a href="https://twitter.com/aestefanellp" target="_blank">aestefanellp</a>	4	0	1	210	494	10280	Manresa	001
@aesux	<a href="https://twitter.com/aesux" target="_blank">aesux</a>	3	1	0	2042	1184	28129	Amb el cor a la Conca Dellà. Catalonia	271
@aezkiaga	<a href="https://twitter.com/aezkiaga" target="_blank">aezkiaga</a>	7	6	0	229	146	11617	Bardulia, La Navarra maritima	080
@africa_toni	<a href="https://twitter.com/africa_toni" target="_blank">africa_toni</a>	2	0	1	41	233	2930		003
@AfricaVG	<a href="https://twitter.com/AfricaVG" target="_blank">AfricaVG</a>	4	0	1	20	231	1888		021
@agalletero	<a href="https://twitter.com/agalletero" target="_blank">agalletero</a>	3	0	1	129	350	1970	Sabadell	007
@agara	<a href="https://twitter.com/agara" target="_blank">agara</a>	7	0	1	1464	2297	23796	Euskal Herria	057
@agnes_sola	<a href="https://twitter.com/agnes_sola" target="_blank">agnes_sola</a>	8	0	1	39	178	6370		054
@Agroassessor	<a href="https://twitter.com/Agroassessor" target="_blank">Agroassessor</a>	1	2	1	275	237	502		145
@agudelocar	<a href="https://twitter.com/agudelocar" target="_blank">agudelocar</a>	2	0	1	543	1760	5592		049
@AgustiIgnasi	<a href="https://twitter.com/AgustiIgnasi" target="_blank">AgustiIgnasi</a>	8	0	1	1003	928	67519	www.cristians.cat	048
@AgustiST69	<a href="https://twitter.com/AgustiST69" target="_blank">AgustiST69</a>	8	0	2	3363	2553	37285	Andorra la Vella, Andorra	001
@Aheradin	<a href="https://twitter.com/Aheradin" target="_blank">Aheradin</a>	4	0	1	94	223	4060	Barcelona	141
@aidabitnaS	<a href="https://twitter.com/aidabitnaS" target="_blank">aidabitnaS</a>	1	1	0	925	1132	18874	Olot, Catalunya	234
@ailrido	<a href="https://twitter.com/ailrido" target="_blank">ailrido</a>	9	0	1	109	379	7276	Barcelona	048
@AinoaAJ	<a href="https://twitter.com/AinoaAJ" target="_blank">AinoaAJ</a>	2	0	1	426	417	10457		253
@aitfcb	<a href="https://twitter.com/aitfcb" target="_blank">aitfcb</a>	2	0	1	271	560	2544	Gràcia/Donostia	016
@aitorpalomares	<a href="https://twitter.com/aitorpalomares" target="_blank">aitorpalomares</a>	4	1	0	891	2643	15166	Girona	233
@AjuntamentSEB	<a href="https://twitter.com/AjuntamentSEB" target="_blank">AjuntamentSEB</a>	1	1	0	823	562	721	Santa Eugènia de Berga	230
@Alaillaj	<a href="https://twitter.com/Alaillaj" target="_blank">Alaillaj</a>	11	0	1	849	1283	17315	Barcelona, Catalunya	011
@alb_fab	<a href="https://twitter.com/alb_fab" target="_blank">alb_fab</a>	2	1	0	304	563	21524	TGN_CAT	229
@Alba_garriga	<a href="https://twitter.com/Alba_garriga" target="_blank">Alba_garriga</a>	0	1	0					025
@alba_r_aguilar	<a href="https://twitter.com/alba_r_aguilar" target="_blank">alba_r_aguilar</a>	1	0	1	300	1067	5793	Barcelona	075
@AlbaBalcells	<a href="https://twitter.com/AlbaBalcells" target="_blank">AlbaBalcells</a>	2	1	0	1262	1106	5098	Linyola	225
@albalopezsole	<a href="https://twitter.com/albalopezsole" target="_blank">albalopezsole</a>	1	0	1	63	119	205		051
@AlbaMetge	<a href="https://twitter.com/AlbaMetge" target="_blank">AlbaMetge</a>	0	1	0					224
@AlbanoDante76	<a href="https://twitter.com/AlbanoDante76" target="_blank">AlbanoDante76</a>	2	0	1	50824	3200	54286	Girona	063
@AlberdiIbarra	<a href="https://twitter.com/AlberdiIbarra" target="_blank">AlberdiIbarra</a>	15	0	1	195	243	16941		006
@albert_dmcat	<a href="https://twitter.com/albert_dmcat" target="_blank">albert_dmcat</a>	2	1	0	8355	3754	27081	Republica de Catalunya i Aran	004
@albertbatalla	<a href="https://twitter.com/albertbatalla" target="_blank">albertbatalla</a>	2	44	0	12064	7956	16022	La Seu d'Urgell. Catalunya	009
@AlbertFBT	<a href="https://twitter.com/AlbertFBT" target="_blank">AlbertFBT</a>	4	0	1	243	544	6387		096
@albertguilera	<a href="https://twitter.com/albertguilera" target="_blank">albertguilera</a>	4	0	1	1119	3234	19148	Catalunya	001
@albertitu	<a href="https://twitter.com/albertitu" target="_blank">albertitu</a>	15	0	1	300	722	48148	Barcelona	064
@AlbertKaliayev	<a href="https://twitter.com/AlbertKaliayev" target="_blank">AlbertKaliayev</a>	4	0	2	1341	544	15640	A town called Malice	041
@AlbertLloreta	<a href="https://twitter.com/AlbertLloreta" target="_blank">AlbertLloreta</a>	4	23	0	3475	1121	33819	Barcelona, Catalunya	056
@albertllussa	<a href="https://twitter.com/albertllussa" target="_blank">albertllussa</a>	2	0	1	604	2395	7390	Dublin City, Ireland	009
@AlbertMajo7	<a href="https://twitter.com/AlbertMajo7" target="_blank">AlbertMajo7</a>	16	0	1	52	233	4172	Sabadell Catalunya	052
@albertmaruny	<a href="https://twitter.com/albertmaruny" target="_blank">albertmaruny</a>	12	0	1	1550	1807	37656	Barcelona	004
@albertmulero	<a href="https://twitter.com/albertmulero" target="_blank">albertmulero</a>	3	0	1	627	507	8892		169
@AlbertMuns	<a href="https://twitter.com/AlbertMuns" target="_blank">AlbertMuns</a>	0	1	0					210
@Albertodelvalle	<a href="https://twitter.com/Albertodelvalle" target="_blank">Albertodelvalle</a>	56	0	1	2774	1266	213641	Girona,Catalunya	060
@AlbertRoca_29	<a href="https://twitter.com/AlbertRoca_29" target="_blank">AlbertRoca_29</a>	1	0	1	11	22	44	el mar	068
@albertsanmont	<a href="https://twitter.com/albertsanmont" target="_blank">albertsanmont</a>	4	0	2	224	406	4548		001
@AlberttGracia	<a href="https://twitter.com/AlberttGracia" target="_blank">AlberttGracia</a>	7	0	1	442	867	19536		054
@alberttucci	<a href="https://twitter.com/alberttucci" target="_blank">alberttucci</a>	1	0	1	452	1602	2469	Barcelona, Catalonia	001
@albertvivestous	<a href="https://twitter.com/albertvivestous" target="_blank">albertvivestous</a>	15	0	2	144	442	10403		003
@AlbinyanaRosa	<a href="https://twitter.com/AlbinyanaRosa" target="_blank">AlbinyanaRosa</a>	2	0	1	51	119	259		174
@AlbVancells	<a href="https://twitter.com/AlbVancells" target="_blank">AlbVancells</a>	5	0	1	175	165	3362		047
@Alcuverru	<a href="https://twitter.com/Alcuverru" target="_blank">Alcuverru</a>	10	0	1	402	1024	19841	Catalunya, estat independent.	150
@AleixMT	<a href="https://twitter.com/AleixMT" target="_blank">AleixMT</a>	1	2	0	171	616	1794		113
@aleixserra	<a href="https://twitter.com/aleixserra" target="_blank">aleixserra</a>	1	0	1	1144	561	21904	Barcelona • La Seu d'Urgell	001
@alex_pardo5	<a href="https://twitter.com/alex_pardo5" target="_blank">alex_pardo5</a>	1	0	1	185	387	6035	CJXT	003
@Alexaandra_1503	<a href="https://twitter.com/Alexaandra_1503" target="_blank">Alexaandra_1503</a>	1	1	0	336	188	10533	Cunit	205
@alexandrecamps	<a href="https://twitter.com/alexandrecamps" target="_blank">alexandrecamps</a>	27	0	1	411	937	8968	Sant Cugat del Vallès	001
@AlexBasAbril	<a href="https://twitter.com/AlexBasAbril" target="_blank">AlexBasAbril</a>	0	1	0					201
@AlexCampa7	<a href="https://twitter.com/AlexCampa7" target="_blank">AlexCampa7</a>	0	7	0					016
@AlexMontserrati	<a href="https://twitter.com/AlexMontserrati" target="_blank">AlexMontserrati</a>	5	1	0	47	75	614	Collbató, Montserratí, PPCC	021
@alexsastre83	<a href="https://twitter.com/alexsastre83" target="_blank">alexsastre83</a>	2	20	0	2349	759	18007	Granollers, Catalunya	011
@alextornerdegis	<a href="https://twitter.com/alextornerdegis" target="_blank">alextornerdegis</a>	48	0	2	108	265	14216	Argentona, España	003
@AlexTreIz	<a href="https://twitter.com/AlexTreIz" target="_blank">AlexTreIz</a>	2	1	0	1311	2015	18875	Catalonia	167
@AlfonsCarmona	<a href="https://twitter.com/AlfonsCarmona" target="_blank">AlfonsCarmona</a>	6	18	1	1981	3064	29535	Barcelona, Catalunya	004
@alfonsrm	<a href="https://twitter.com/alfonsrm" target="_blank">alfonsrm</a>	2	7	0	669	289	5245	Manresa (Barcelona)	075
@AlfredCat2014	<a href="https://twitter.com/AlfredCat2014" target="_blank">AlfredCat2014</a>	15	0	2	140	407	10370		053
@alfrerix	<a href="https://twitter.com/alfrerix" target="_blank">alfrerix</a>	0	1	0					270
@alfsilvan	<a href="https://twitter.com/alfsilvan" target="_blank">alfsilvan</a>	11	0	1	1676	2178	91178	Barcelona - Catalunya	001
@AliciaLaulet46	<a href="https://twitter.com/AliciaLaulet46" target="_blank">AliciaLaulet46</a>	11	0	1	7423	8139	48586	BCN	021
@aligatrencada	<a href="https://twitter.com/aligatrencada" target="_blank">aligatrencada</a>	8	0	1	64	247	11925		004
@almallmar	<a href="https://twitter.com/almallmar" target="_blank">almallmar</a>	24	0	1	54	81	13111	Catalunya	059
@Almat49	<a href="https://twitter.com/Almat49" target="_blank">Almat49</a>	19	0	1	151	257	26628		059
@almeidaetxanix	<a href="https://twitter.com/almeidaetxanix" target="_blank">almeidaetxanix</a>	2	0	2	128	170	506	Barcelona	044
@ALMOGAVERCATAL	<a href="https://twitter.com/ALMOGAVERCATAL" target="_blank">ALMOGAVERCATAL</a>	2	0	1	197	526	4488	CATALUNYA/EUROPA	001
@Alrome	<a href="https://twitter.com/Alrome" target="_blank">Alrome</a>	6	0	1	736	1498	47398	Canarias - NW Africa	001
@alsingla	<a href="https://twitter.com/alsingla" target="_blank">alsingla</a>	4	0	1	324	501	20303	Barcelona (Catalunya)	224
@am_georgina	<a href="https://twitter.com/am_georgina" target="_blank">am_georgina</a>	0	2	0					039
@amaia_haikazti	<a href="https://twitter.com/amaia_haikazti" target="_blank">amaia_haikazti</a>	16	0	1	1151	2730	492321		105
@AMAT_VIDAL	<a href="https://twitter.com/AMAT_VIDAL" target="_blank">AMAT_VIDAL</a>	22	0	2	217	253	19305	CATALUNYA	004
@ambaccentobert	<a href="https://twitter.com/ambaccentobert" target="_blank">ambaccentobert</a>	3	0	1	49	138	4122		001
@amchamizo	<a href="https://twitter.com/amchamizo" target="_blank">amchamizo</a>	9	0	1	61	156	3409		098
@AMI__cat	<a href="https://twitter.com/AMI__cat" target="_blank">AMI__cat</a>	39	0	1	24321	1537	28029	Catalunya, Unió Europea	009
@Amidala666	<a href="https://twitter.com/Amidala666" target="_blank">Amidala666</a>	3	0	1	43	63	3093		001
@aminahekmet	<a href="https://twitter.com/aminahekmet" target="_blank">aminahekmet</a>	0	12	0					002
@Ampivadi73	<a href="https://twitter.com/Ampivadi73" target="_blank">Ampivadi73</a>	1	2	0	10	71	215	Sant Sadurní d'Anoia, España	115
@anaoromi	<a href="https://twitter.com/anaoromi" target="_blank">anaoromi</a>	80	0	1	2250	2385	419417	República Catalana. UE	001
@anaraljaan	<a href="https://twitter.com/anaraljaan" target="_blank">anaraljaan</a>	16	0	1	6333	6101	121478	Bellpuig Catalunya Europa	004
@anbasala	<a href="https://twitter.com/anbasala" target="_blank">anbasala</a>	0	26	0					054
@ANC_Arquitect	<a href="https://twitter.com/ANC_Arquitect" target="_blank">ANC_Arquitect</a>	5	5	1	1376	1036	3047	Catalunya, Països Catalans	096
@ANC_BCN_SSG	<a href="https://twitter.com/ANC_BCN_SSG" target="_blank">ANC_BCN_SSG</a>	0	5	0					007
@ANC_BiB	<a href="https://twitter.com/ANC_BiB" target="_blank">ANC_BiB</a>	5	1	0	1495	1815	17766	Països Catalans	228
@ANC_Centelles	<a href="https://twitter.com/ANC_Centelles" target="_blank">ANC_Centelles</a>	5	0	1	1422	758	9168	Centelles, Catalunya	002
@ANC_FRANCE	<a href="https://twitter.com/ANC_FRANCE" target="_blank">ANC_FRANCE</a>	7	1	0	2543	1615	8464	France	227
@ANC_GRAMENET	<a href="https://twitter.com/ANC_GRAMENET" target="_blank">ANC_GRAMENET</a>	2	9	1	1515	847	4718	Santa Coloma de Gramenet	027
@ANC_USA	<a href="https://twitter.com/ANC_USA" target="_blank">ANC_USA</a>	2	1	0	4068	735	15295	United States of America	001
@ANCaldesmontbui	<a href="https://twitter.com/ANCaldesmontbui" target="_blank">ANCaldesmontbui</a>	6	5	0	1564	2235	9102	#CaldesdeMontbui	011
@ANCEuskalHerria	<a href="https://twitter.com/ANCEuskalHerria" target="_blank">ANCEuskalHerria</a>	14	0	1	2664	2104	11572	euskalherria@assemblea.cat	227
@ANCFCB	<a href="https://twitter.com/ANCFCB" target="_blank">ANCFCB</a>	20	0	1	595	1338	8870	Catalunya	128
@ANCFigueres	<a href="https://twitter.com/ANCFigueres" target="_blank">ANCFigueres</a>	2	1	0	1725	1469	8332	Figueres	222
@ANCGelida	<a href="https://twitter.com/ANCGelida" target="_blank">ANCGelida</a>	1	0	1	1076	433	2942	Gelida - Penedès - Catalunya	173
@ANCsant_cugat	<a href="https://twitter.com/ANCsant_cugat" target="_blank">ANCsant_cugat</a>	7	0	1	2875	3794	8697	Sant Cugat (Catalunya)	032
@ANCstjoanab	<a href="https://twitter.com/ANCstjoanab" target="_blank">ANCstjoanab</a>	0	1	0					221
@ANCtorredembarr	<a href="https://twitter.com/ANCtorredembarr" target="_blank">ANCtorredembarr</a>	1	1	0	1043	1447	663	Torredembarra, Catalunya	219
@ANCVilanovaG	<a href="https://twitter.com/ANCVilanovaG" target="_blank">ANCVilanovaG</a>	0	1	0					020
@andalucesAND	<a href="https://twitter.com/andalucesAND" target="_blank">andalucesAND</a>	2	3	0	9868	5167	7321	Republica de Andalucía	103
@andaluz_es	<a href="https://twitter.com/andaluz_es" target="_blank">andaluz_es</a>	1	0	1	335	574	25481		103
@andreaferreg	<a href="https://twitter.com/andreaferreg" target="_blank">andreaferreg</a>	3	0	1	55	156	1609		021
@andreasan2011	<a href="https://twitter.com/andreasan2011" target="_blank">andreasan2011</a>	1	0	1	17	231	193		111
@andreu_cat	<a href="https://twitter.com/andreu_cat" target="_blank">andreu_cat</a>	3	0	1	815	1158	20616		001
@andreufrancisco	<a href="https://twitter.com/andreufrancisco" target="_blank">andreufrancisco</a>	2	0	1	2020	1372	4033	Alella	199
@andreupalomares	<a href="https://twitter.com/andreupalomares" target="_blank">andreupalomares</a>	9	0	1	350	1135	5240	Girona	233
@andreupuig1	<a href="https://twitter.com/andreupuig1" target="_blank">andreupuig1</a>	9	0	1	247	922	14776	Cataluña, Barcelona	005
@Andryu_Ab	<a href="https://twitter.com/Andryu_Ab" target="_blank">Andryu_Ab</a>	14	0	1	47	287	2864		007
@Angel9deJunio	<a href="https://twitter.com/Angel9deJunio" target="_blank">Angel9deJunio</a>	3	0	1	1936	1237	20944	Catalunya	062
@AngelaFerrer7	<a href="https://twitter.com/AngelaFerrer7" target="_blank">AngelaFerrer7</a>	1	0	1	275	446	1449	L'Hospitalet de Llobregat	007
@AngeldeMS	<a href="https://twitter.com/AngeldeMS" target="_blank">AngeldeMS</a>	5	0	1	72	58	5021	La Bisbal d'Empordà	200
@angelslagarriga	<a href="https://twitter.com/angelslagarriga" target="_blank">angelslagarriga</a>	4	0	1	15	48	638		011
@AngelsLlatse	<a href="https://twitter.com/AngelsLlatse" target="_blank">AngelsLlatse</a>	8	0	1	150	256	2607	Mataro	001
@AngelsPunti	<a href="https://twitter.com/AngelsPunti" target="_blank">AngelsPunti</a>	9	0	1	23	107	5368		005
@AngelsSerraA	<a href="https://twitter.com/AngelsSerraA" target="_blank">AngelsSerraA</a>	2	0	1	320	1035	2697	Badalona, Catalunya	064
@angelssmh	<a href="https://twitter.com/angelssmh" target="_blank">angelssmh</a>	8	0	1	46	139	2667	República Catalana	004
@Angietro3535	<a href="https://twitter.com/Angietro3535" target="_blank">Angietro3535</a>	16	0	2	575	372	56085	República de Catalunya, UE	007
@AngryCocollona	<a href="https://twitter.com/AngryCocollona" target="_blank">AngryCocollona</a>	0	1	0					217
@anguscor	<a href="https://twitter.com/anguscor" target="_blank">anguscor</a>	3	0	1	624	754	23296		103
@Anherher	<a href="https://twitter.com/Anherher" target="_blank">Anherher</a>	3	0	1	1068	1462	11522		004
@AnnA_A_B_	<a href="https://twitter.com/AnnA_A_B_" target="_blank">AnnA_A_B_</a>	9	1	0	16	80	1485		215
@anna_canyelles	<a href="https://twitter.com/anna_canyelles" target="_blank">anna_canyelles</a>	5	0	1	197	241	1557		021
@Anna_Noell	<a href="https://twitter.com/Anna_Noell" target="_blank">Anna_Noell</a>	1	0	1	179	215	609	Barcelona	075
@Anna14395798	<a href="https://twitter.com/Anna14395798" target="_blank">Anna14395798</a>	3	0	2	5	47	182	Rub8	004
@annaalvado	<a href="https://twitter.com/annaalvado" target="_blank">annaalvado</a>	30	0	1	89	179	7454	Barcelona	051
@annabaylach	<a href="https://twitter.com/annabaylach" target="_blank">annabaylach</a>	24	0	4	157	312	13875		011
@AnnabelMarcos	<a href="https://twitter.com/AnnabelMarcos" target="_blank">AnnabelMarcos</a>	5	0	1	2027	1845	9598	Amposta	003
@AnnaCasasampera	<a href="https://twitter.com/AnnaCasasampera" target="_blank">AnnaCasasampera</a>	1	0	1	89	173	617		075
@annacerdanya	<a href="https://twitter.com/annacerdanya" target="_blank">annacerdanya</a>	10	0	1	4306	3687	25209		013
@annadevesa	<a href="https://twitter.com/annadevesa" target="_blank">annadevesa</a>	3	0	1	120	635	548		069
@AnnaEvaTSS	<a href="https://twitter.com/AnnaEvaTSS" target="_blank">AnnaEvaTSS</a>	2	0	1	169	421	398	Barcelona, España	068
@annafontjornet	<a href="https://twitter.com/annafontjornet" target="_blank">annafontjornet</a>	0	1	0					211
@annamariasastre	<a href="https://twitter.com/annamariasastre" target="_blank">annamariasastre</a>	23	0	2	713	1185	58727		003
@AnnamDuimenez	<a href="https://twitter.com/AnnamDuimenez" target="_blank">AnnamDuimenez</a>	15	0	1	516	790	22496		005
@annamoragues	<a href="https://twitter.com/annamoragues" target="_blank">annamoragues</a>	1	0	1	89	30	981	mollerussa	086
@annaneidal	<a href="https://twitter.com/annaneidal" target="_blank">annaneidal</a>	0	1	0					009
@AnnaPris	<a href="https://twitter.com/AnnaPris" target="_blank">AnnaPris</a>	1	0	1	664	810	1711	Barcelona	132
@annaprzrod	<a href="https://twitter.com/annaprzrod" target="_blank">annaprzrod</a>	3	0	1	212	98	12431	Catalunya	027
@Ant1988	<a href="https://twitter.com/Ant1988" target="_blank">Ant1988</a>	16	0	2	2163	2951	166954	Y Felinheli, Cymru	053
@anticapiCat	<a href="https://twitter.com/anticapiCat" target="_blank">anticapiCat</a>	12	5	0	5936	1822	38046	Catalunya	046
@AntigonaKor	<a href="https://twitter.com/AntigonaKor" target="_blank">AntigonaKor</a>	5	0	1	97	358	4180	Mirmanda	040
@antitxistu	<a href="https://twitter.com/antitxistu" target="_blank">antitxistu</a>	5	0	1	954	1356	42914	Waslala	105
@antoniamartos_g	<a href="https://twitter.com/antoniamartos_g" target="_blank">antoniamartos_g</a>	1	0	1	16	152	177		001
@antonicastellas	<a href="https://twitter.com/antonicastellas" target="_blank">antonicastellas</a>	9	0	2	93	134	2649		011
@AntonioAlonso25	<a href="https://twitter.com/AntonioAlonso25" target="_blank">AntonioAlonso25</a>	1	0	1	117	45	8467		021
@antonipostius	<a href="https://twitter.com/antonipostius" target="_blank">antonipostius</a>	27	0	2	3193	1003	18707	Lleida	009
@AntoniRK1956	<a href="https://twitter.com/AntoniRK1956" target="_blank">AntoniRK1956</a>	7	0	2	91	169	9207		007
@antonisoleicull	<a href="https://twitter.com/antonisoleicull" target="_blank">antonisoleicull</a>	5	0	1	79	110	5765	Arbeca	005
@Antrodrimadro	<a href="https://twitter.com/Antrodrimadro" target="_blank">Antrodrimadro</a>	3	0	1	1705	2672	65523	Parets del Vallès, Cataluña	087
@APEREZVALENTE	<a href="https://twitter.com/APEREZVALENTE" target="_blank">APEREZVALENTE</a>	6	0	1	91	297	7189		007
@Aponsm	<a href="https://twitter.com/Aponsm" target="_blank">Aponsm</a>	12	0	1	176	219	14120		020
@APVallcarca	<a href="https://twitter.com/APVallcarca" target="_blank">APVallcarca</a>	14	0	1	3639	974	12648	Vallcarca i el Coll, Bcn	176
@AquestFrederic	<a href="https://twitter.com/AquestFrederic" target="_blank">AquestFrederic</a>	29	0	1	4062	4606	93451		016
@aquipuedo	<a href="https://twitter.com/aquipuedo" target="_blank">aquipuedo</a>	23	4	0	4977	4367	135967	República de catalunya, UE	013
@AraDesdara	<a href="https://twitter.com/AraDesdara" target="_blank">AraDesdara</a>	19	0	1	391	2134	7635	Barcelona	003
@araiavui	<a href="https://twitter.com/araiavui" target="_blank">araiavui</a>	9	0	1	626	647	2896	Barcelona Spain	001
@arantxabazan1	<a href="https://twitter.com/arantxabazan1" target="_blank">arantxabazan1</a>	1	0	1	2	26	1		001
@arasagetru	<a href="https://twitter.com/arasagetru" target="_blank">arasagetru</a>	1	0	1	31	218	82	Premià de Mar, Espanya	068
@arasiquetoca	<a href="https://twitter.com/arasiquetoca" target="_blank">arasiquetoca</a>	18	0	3	46	217	6357		003
@ArbatPau	<a href="https://twitter.com/ArbatPau" target="_blank">ArbatPau</a>	0	5	0					083
@ardatx	<a href="https://twitter.com/ardatx" target="_blank">ardatx</a>	13	0	1	272	570	33547		055
@areees	<a href="https://twitter.com/areees" target="_blank">areees</a>	0	2	0					123
@AReguan	<a href="https://twitter.com/AReguan" target="_blank">AReguan</a>	1	0	1	129	209	4630		005
@Ariadna88749711	<a href="https://twitter.com/Ariadna88749711" target="_blank">Ariadna88749711</a>	3	0	1	0	63	451		004
@arianetaringrin	<a href="https://twitter.com/arianetaringrin" target="_blank">arianetaringrin</a>	1	0	1	233	1440	2838		056
@arnau_altes	<a href="https://twitter.com/arnau_altes" target="_blank">arnau_altes</a>	1	0	1	128	328	548	desubicat	003
@Arnau_BA	<a href="https://twitter.com/Arnau_BA" target="_blank">Arnau_BA</a>	10	0	1	1214	1815	98115	Lleida, Catalunya	007
@ArnauAndreu	<a href="https://twitter.com/ArnauAndreu" target="_blank">ArnauAndreu</a>	1	0	1	73	358	1887	Barcelona, Catalunya	001
@ArnauMasnou	<a href="https://twitter.com/ArnauMasnou" target="_blank">ArnauMasnou</a>	0	1	0					197
@arnaumatadc	<a href="https://twitter.com/arnaumatadc" target="_blank">arnaumatadc</a>	2	0	1	1198	1600	5990	Sant Vicenç dels Horts	065
@arnaumeski	<a href="https://twitter.com/arnaumeski" target="_blank">arnaumeski</a>	4	0	1	2167	1555	2850	Catalunya	021
@ArnauOliver	<a href="https://twitter.com/ArnauOliver" target="_blank">ArnauOliver</a>	2	0	1	273	534	1383	Llinars del Vallès	011
@arnaupujades	<a href="https://twitter.com/arnaupujades" target="_blank">arnaupujades</a>	2	0	1	751	529	15713	La Pobla de Mafumet, Catalunya	003
@arnauqueralt	<a href="https://twitter.com/arnauqueralt" target="_blank">arnauqueralt</a>	6	0	1	1765	1317	12181	Santa Eulàlia de Ronçana	175
@arnauuuu_s	<a href="https://twitter.com/arnauuuu_s" target="_blank">arnauuuu_s</a>	1	0	1	40	22	62		003
@ArranBarcelona	<a href="https://twitter.com/ArranBarcelona" target="_blank">ArranBarcelona</a>	7	0	1	2743	873	7025	Barcelonès, Països Catalans	066
@ArranSarda	<a href="https://twitter.com/ArranSarda" target="_blank">ArranSarda</a>	1	0	1	406	645	1704		109
@arrioct	<a href="https://twitter.com/arrioct" target="_blank">arrioct</a>	15	0	1	18	115	3477		018
@arsalba61	<a href="https://twitter.com/arsalba61" target="_blank">arsalba61</a>	6	0	1	20	13	538		003
@Artigaldani	<a href="https://twitter.com/Artigaldani" target="_blank">Artigaldani</a>	1	0	1	246	266	3443		060
@arturobrevablas	<a href="https://twitter.com/arturobrevablas" target="_blank">arturobrevablas</a>	6	0	2	885	798	17349		001
@arturomlaporta	<a href="https://twitter.com/arturomlaporta" target="_blank">arturomlaporta</a>	3	0	2	111	98	8108	Corbera de Llobregat, Espanya	012
@arual2	<a href="https://twitter.com/arual2" target="_blank">arual2</a>	2	0	1	27	191	1762	Països Catalans	049
@aruper	<a href="https://twitter.com/aruper" target="_blank">aruper</a>	3	0	1	28	147	292	Catalunya!!	094
@aseretRagues	<a href="https://twitter.com/aseretRagues" target="_blank">aseretRagues</a>	1	0	1	105	209	1736		041
@asiandafrica	<a href="https://twitter.com/asiandafrica" target="_blank">asiandafrica</a>	34	0	3	589	614	59976	Barcelona	007
@AssembleaValls	<a href="https://twitter.com/AssembleaValls" target="_blank">AssembleaValls</a>	7	0	2	2443	2054	7390	Valls, Països Catalans	018
@asuap	<a href="https://twitter.com/asuap" target="_blank">asuap</a>	4	0	1	35	95	463		021
@asvisa	<a href="https://twitter.com/asvisa" target="_blank">asvisa</a>	5	0	1	73	208	3445		003
@ateneucornella	<a href="https://twitter.com/ateneucornella" target="_blank">ateneucornella</a>	0	6	0					078
@atilin1976	<a href="https://twitter.com/atilin1976" target="_blank">atilin1976</a>	3	0	2	78	249	1881		005
@Atletinjen	<a href="https://twitter.com/Atletinjen" target="_blank">Atletinjen</a>	3	0	1	120	285	945	Olot	242
@atopeuri	<a href="https://twitter.com/atopeuri" target="_blank">atopeuri</a>	21	0	1	747	2487	47713		090
@Aurivis	<a href="https://twitter.com/Aurivis" target="_blank">Aurivis</a>	10	0	2	1456	453	42773	#DEPTrotsky #NoT'oblidaréMai	006
@AutenticSamu	<a href="https://twitter.com/AutenticSamu" target="_blank">AutenticSamu</a>	8	0	1	967	1189	21584	Sabadell, Catalunya	054
@AVG_Sabadell	<a href="https://twitter.com/AVG_Sabadell" target="_blank">AVG_Sabadell</a>	2	4	0	1448	1153	5792	Sabadell	041
@AxelValera	<a href="https://twitter.com/AxelValera" target="_blank">AxelValera</a>	10	0	1	202	94	26954	Barcelona, Catalunya	059
@aynoza	<a href="https://twitter.com/aynoza" target="_blank">aynoza</a>	19	0	2	1148	1805	47688	Vila de Gracia, Barcelona	001
@badalonien	<a href="https://twitter.com/badalonien" target="_blank">badalonien</a>	4	0	1	607	2795	10176	United Comarqs of Catalonia	009
@BadiaBarbera	<a href="https://twitter.com/BadiaBarbera" target="_blank">BadiaBarbera</a>	5	0	1	164	198	1434	Badia i Barberà del Vallès	117
@BadiaSerra7	<a href="https://twitter.com/BadiaSerra7" target="_blank">BadiaSerra7</a>	18	0	2	2665	2275	46212	BARCELONA	004
@badnoi	<a href="https://twitter.com/badnoi" target="_blank">badnoi</a>	4	0	1	30	55	1093		014
@baelosa	<a href="https://twitter.com/baelosa" target="_blank">baelosa</a>	4	0	1	122	341	9986		057
@barnazen	<a href="https://twitter.com/barnazen" target="_blank">barnazen</a>	8	0	1	1316	1256	37111	Barcelona, Catalunya.	013
@barrugat	<a href="https://twitter.com/barrugat" target="_blank">barrugat</a>	2	0	1	923	1417	27850	Terres de l'Ebre.	003
@bartomeumiro	<a href="https://twitter.com/bartomeumiro" target="_blank">bartomeumiro</a>	0	2	0					116
@bausa_joan	<a href="https://twitter.com/bausa_joan" target="_blank">bausa_joan</a>	5	0	1	383	388	6219	Viladecans, Catalunya	077
@Bautista2121	<a href="https://twitter.com/Bautista2121" target="_blank">Bautista2121</a>	4	0	1	43	200	3945		070
@BBaulida	<a href="https://twitter.com/BBaulida" target="_blank">BBaulida</a>	1	0	1	15	42	40		069
@bbb_gi	<a href="https://twitter.com/bbb_gi" target="_blank">bbb_gi</a>	1	0	1	83	719	940	Olot	005
@BblaiaLaia	<a href="https://twitter.com/BblaiaLaia" target="_blank">BblaiaLaia</a>	7	0	1	84	326	1809		068
@BcnHipnotik	<a href="https://twitter.com/BcnHipnotik" target="_blank">BcnHipnotik</a>	3	0	1	48	92	10010	CATALUNYA ||*||	021
@bel_margarida	<a href="https://twitter.com/bel_margarida" target="_blank">bel_margarida</a>	75	0	4	118	115	10420		003
@ben_nebot	<a href="https://twitter.com/ben_nebot" target="_blank">ben_nebot</a>	5	0	1	23	575	802		005
@benetallaferro	<a href="https://twitter.com/benetallaferro" target="_blank">benetallaferro</a>	2	0	1	15	190	1697		005
@Benetferru	<a href="https://twitter.com/Benetferru" target="_blank">Benetferru</a>	2	0	1	907	1790	11752	Figueres	083
@Berlustinho	<a href="https://twitter.com/Berlustinho" target="_blank">Berlustinho</a>	2	1	0	67340	5075	103459	Barcelona	194
@Bernat_E	<a href="https://twitter.com/Bernat_E" target="_blank">Bernat_E</a>	5	0	1	2250	2779	40995	Andorra i Catalunya	049
@BernatCastell57	<a href="https://twitter.com/BernatCastell57" target="_blank">BernatCastell57</a>	0	1	0					193
@BernatGuixeras	<a href="https://twitter.com/BernatGuixeras" target="_blank">BernatGuixeras</a>	10	0	1	53	290	2173		056
@bernatripolles	<a href="https://twitter.com/bernatripolles" target="_blank">bernatripolles</a>	1	0	1	1341	2019	25008	BCN - Massachusetts - Horta	021
@BernatRuiz	<a href="https://twitter.com/BernatRuiz" target="_blank">BernatRuiz</a>	0	3	0					040
@bernatvg	<a href="https://twitter.com/bernatvg" target="_blank">bernatvg</a>	6	0	1	193	1663	55672		021
@BERNICHAlmar	<a href="https://twitter.com/BERNICHAlmar" target="_blank">BERNICHAlmar</a>	5	0	1	910	1607	63506		125
@BertaFaro1	<a href="https://twitter.com/BertaFaro1" target="_blank">BertaFaro1</a>	33	0	1	94	59	5964		024
@BertaLajaraMoli	<a href="https://twitter.com/BertaLajaraMoli" target="_blank">BertaLajaraMoli</a>	1	0	1	285	531	523		066
@BertranRosa	<a href="https://twitter.com/BertranRosa" target="_blank">BertranRosa</a>	1	0	1	7	25	204	Barcelona,  Catalunya	007
@bertuvila	<a href="https://twitter.com/bertuvila" target="_blank">bertuvila</a>	8	1	0	88	542	2620		192
@besoblues	<a href="https://twitter.com/besoblues" target="_blank">besoblues</a>	2	0	1	110	729	1806		001
@Bet_2017	<a href="https://twitter.com/Bet_2017" target="_blank">Bet_2017</a>	3	0	1	31	274	711	Olot_Catalunya	021
@betlemcervera	<a href="https://twitter.com/betlemcervera" target="_blank">betlemcervera</a>	1	0	1	180	586	804	Mataró, Catalunya	001
@BetonaComin	<a href="https://twitter.com/BetonaComin" target="_blank">BetonaComin</a>	2	1	0	3119	1705	40742	Catalunya	186
@bioscamontse	<a href="https://twitter.com/bioscamontse" target="_blank">bioscamontse</a>	18	0	1	212	414	15588		004
@bip_jaume	<a href="https://twitter.com/bip_jaume" target="_blank">bip_jaume</a>	4	0	1	2124	2004	27451		002
@birloche	<a href="https://twitter.com/birloche" target="_blank">birloche</a>	8	0	1	115	1325	2713	Barcelona	059
@Bistekh	<a href="https://twitter.com/Bistekh" target="_blank">Bistekh</a>	5	0	1	61	114	5853	Barcelona, Espanya	001
@bjconk01	<a href="https://twitter.com/bjconk01" target="_blank">bjconk01</a>	1	0	1	260	358	5016	Louisville, KY	090
@bjom30	<a href="https://twitter.com/bjom30" target="_blank">bjom30</a>	1	2	0	187	651	5496	Terrassa, CATALUNYA	001
@bjorbla	<a href="https://twitter.com/bjorbla" target="_blank">bjorbla</a>	2	5	0	760	611	12135	Calella	019
@blanc1707c	<a href="https://twitter.com/blanc1707c" target="_blank">blanc1707c</a>	7	0	1	1497	2128	22458	L' HORTA. PAÍS VALENCIÀ	122
@blancaagullo	<a href="https://twitter.com/blancaagullo" target="_blank">blancaagullo</a>	2	0	1	4636	4513	30438	Alicante	061
@blligadas	<a href="https://twitter.com/blligadas" target="_blank">blligadas</a>	3	0	1	1674	1071	18874	Catalunya	077
@bluesmaning	<a href="https://twitter.com/bluesmaning" target="_blank">bluesmaning</a>	5	0	1	66	173	11048	Euskal Herria	127
@boifuste	<a href="https://twitter.com/boifuste" target="_blank">boifuste</a>	3	0	1	1955	3231	34795	Bloc Elspatriotes.cat	009
@BoiSentis	<a href="https://twitter.com/BoiSentis" target="_blank">BoiSentis</a>	9	0	1	12	77	2551	Sabadell. Catalunya	118
@booktubemania	<a href="https://twitter.com/booktubemania" target="_blank">booktubemania</a>	20	0	1	832	1695	4873	República Catalana	054
@BorchSans	<a href="https://twitter.com/BorchSans" target="_blank">BorchSans</a>	7	0	1	308	641	6209	De Lleida vivint a Tarragona	057
@bori_not	<a href="https://twitter.com/bori_not" target="_blank">bori_not</a>	9	6	1	1905	628	82627	Països Catalans	026
@Boro_LH	<a href="https://twitter.com/Boro_LH" target="_blank">Boro_LH</a>	21	3	0	2172	1429	11593	Iruñea	105
@BosomJordi	<a href="https://twitter.com/BosomJordi" target="_blank">BosomJordi</a>	10	0	1	78	102	5660	Camí de la llibertat.	001
@BOT_Escajadillo	<a href="https://twitter.com/BOT_Escajadillo" target="_blank">BOT_Escajadillo</a>	1	0	1	6	293	406	L'Hospitalet de Llobregat	001
@BroggiElisa	<a href="https://twitter.com/BroggiElisa" target="_blank">BroggiElisa</a>	30	0	1	2870	2795	187343	Now, between l'Escala and BCN.	007
@bruixa_dolenta	<a href="https://twitter.com/bruixa_dolenta" target="_blank">bruixa_dolenta</a>	0	1	0					135
@BrunoLTeixeiro	<a href="https://twitter.com/BrunoLTeixeiro" target="_blank">BrunoLTeixeiro</a>	6	0	1	1051	262	19750	Ferrol · Galiza	030
@BrutauEnric	<a href="https://twitter.com/BrutauEnric" target="_blank">BrutauEnric</a>	4	0	1	128	345	2160	Reus, Espanya	058
@BRXoto	<a href="https://twitter.com/BRXoto" target="_blank">BRXoto</a>	2	0	1	167	222	7102	Orkoien	030
@BTarrag	<a href="https://twitter.com/BTarrag" target="_blank">BTarrag</a>	12	0	1	143	189	11742		098
@bttgirona	<a href="https://twitter.com/bttgirona" target="_blank">bttgirona</a>	2	0	1	75	237	4616	Girona (Catalunya)	001
@Bu601	<a href="https://twitter.com/Bu601" target="_blank">Bu601</a>	1	0	1	158	310	3890		254
@buelbir	<a href="https://twitter.com/buelbir" target="_blank">buelbir</a>	17	0	1	335	154	24645		073
@buticelra	<a href="https://twitter.com/buticelra" target="_blank">buticelra</a>	3	3	0	389	286	1932	Celrà	099
@C_Ferrer_Costa	<a href="https://twitter.com/C_Ferrer_Costa" target="_blank">C_Ferrer_Costa</a>	13	0	1	124	830	11470		020
@c_regl	<a href="https://twitter.com/c_regl" target="_blank">c_regl</a>	2	0	1	245	193	36700	Catalunya,Unió Europea	005
@C_TTME	<a href="https://twitter.com/C_TTME" target="_blank">C_TTME</a>	15	0	2	5	60	1982		021
@cabre_vidal	<a href="https://twitter.com/cabre_vidal" target="_blank">cabre_vidal</a>	2	0	1	53	148	1894	Tarragona, España	098
@CagonesDe	<a href="https://twitter.com/CagonesDe" target="_blank">CagonesDe</a>	3	0	1	27	103	1183		127
@cagumlapell	<a href="https://twitter.com/cagumlapell" target="_blank">cagumlapell</a>	2	0	1	240	747	11160		021
@caiusdalmau	<a href="https://twitter.com/caiusdalmau" target="_blank">caiusdalmau</a>	4	0	1	1001	1168	18635	Lakewood Ranch - Florida	060
@calpillastre	<a href="https://twitter.com/calpillastre" target="_blank">calpillastre</a>	1	0	1	55	121	2018	Horta d'Avinyo	074
@calsojorn10	<a href="https://twitter.com/calsojorn10" target="_blank">calsojorn10</a>	26	0	3	647	290	203284		001
@camelinsTram212	<a href="https://twitter.com/camelinsTram212" target="_blank">camelinsTram212</a>	11	0	1	98	55	9708	On sigui, però ben lluny ben l	066
@Campanaiseacabo	<a href="https://twitter.com/Campanaiseacabo" target="_blank">Campanaiseacabo</a>	1	0	1	582	318	30668	Barcelona	035
@CanarioCatala	<a href="https://twitter.com/CanarioCatala" target="_blank">CanarioCatala</a>	7	0	1	622	1025	33237		007
@cancapablanca	<a href="https://twitter.com/cancapablanca" target="_blank">cancapablanca</a>	0	4	0					095
@Candeliano	<a href="https://twitter.com/Candeliano" target="_blank">Candeliano</a>	0	1	0					163
@canricart	<a href="https://twitter.com/canricart" target="_blank">canricart</a>	31	0	1	600	511	14383	poblenou (barcelona)	007
@canxanet	<a href="https://twitter.com/canxanet" target="_blank">canxanet</a>	5	0	2	230	1164	2852	Catalunya	011
@capdesuro	<a href="https://twitter.com/capdesuro" target="_blank">capdesuro</a>	38	0	3	263	722	17319	Catalonia	055
@capdevilajoan	<a href="https://twitter.com/capdevilajoan" target="_blank">capdevilajoan</a>	13	0	1	5287	4424	45454	Martorell, Catalunya	024
@capitacanavego	<a href="https://twitter.com/capitacanavego" target="_blank">capitacanavego</a>	14	0	1	642	1956	31565		058
@capues69	<a href="https://twitter.com/capues69" target="_blank">capues69</a>	1	0	1	133	580	2876		004
@CardenerCat	<a href="https://twitter.com/CardenerCat" target="_blank">CardenerCat</a>	4	0	1	99	248	1306		008
@carlemany	<a href="https://twitter.com/carlemany" target="_blank">carlemany</a>	1	0	1	450	417	12904	Catalonia	198
@carlesagusti	<a href="https://twitter.com/carlesagusti" target="_blank">carlesagusti</a>	2	1	0	3518	1100	37347	Catalunya	161
@carlesbert	<a href="https://twitter.com/carlesbert" target="_blank">carlesbert</a>	6	0	2	323	301	3261	Barcelona, Espanya	062
@CarlesCombarros	<a href="https://twitter.com/CarlesCombarros" target="_blank">CarlesCombarros</a>	12	0	1	2347	2658	11330	Barcelona, Catalunya	027
@Carlesescario	<a href="https://twitter.com/Carlesescario" target="_blank">Carlesescario</a>	28	0	2	354	330	37892		026
@carlesmanjon	<a href="https://twitter.com/carlesmanjon" target="_blank">carlesmanjon</a>	14	0	6	901	1487	14629	Barcelona, Catalunya	022
@carlespalomares	<a href="https://twitter.com/carlespalomares" target="_blank">carlespalomares</a>	2	0	1	533	458	1697	Girona	153
@carlespamies	<a href="https://twitter.com/carlespamies" target="_blank">carlespamies</a>	26	0	1	1178	1103	86670	Castellví d la Marca Catalunya	004
@carlespastor	<a href="https://twitter.com/carlespastor" target="_blank">carlespastor</a>	16	0	1	3697	2984	40912	El Prat de Llobregat	007
@carlespou74	<a href="https://twitter.com/carlespou74" target="_blank">carlespou74</a>	1	0	1	20	107	177	Castelloli	021
@CarlesSueiras	<a href="https://twitter.com/CarlesSueiras" target="_blank">CarlesSueiras</a>	30	0	3	211	114	44854	Catalunya	003
@carlosaz77	<a href="https://twitter.com/carlosaz77" target="_blank">carlosaz77</a>	0	1	0					160
@CarlosRivasFdez	<a href="https://twitter.com/CarlosRivasFdez" target="_blank">CarlosRivasFdez</a>	13	0	1	940	870	52565	Made in Barcelona	001
@carmealdana	<a href="https://twitter.com/carmealdana" target="_blank">carmealdana</a>	18	0	1	773	668	20908		023
@CarmeLaboria	<a href="https://twitter.com/CarmeLaboria" target="_blank">CarmeLaboria</a>	3	9	0	1410	416	4502	Terrassa - Catalunya	001
@carmen_uviedo	<a href="https://twitter.com/carmen_uviedo" target="_blank">carmen_uviedo</a>	16	0	2	82	227	6818	Premià de Mar, Catalunya	020
@carmepollina	<a href="https://twitter.com/carmepollina" target="_blank">carmepollina</a>	17	0	1	501	488	5071	Barcelona (Spain)	001
@carmerieramin	<a href="https://twitter.com/carmerieramin" target="_blank">carmerieramin</a>	7	0	2	418	210	8602		033
@carmerosanas	<a href="https://twitter.com/carmerosanas" target="_blank">carmerosanas</a>	4	0	1	439	642	16783	Catalunya	055
@CARMEROSSET	<a href="https://twitter.com/CARMEROSSET" target="_blank">CARMEROSSET</a>	2	0	1	149	86	14217	CATALUNYA	016
@carmeta67	<a href="https://twitter.com/carmeta67" target="_blank">carmeta67</a>	2	0	1	179	333	1446		011
@CarmeTaberner	<a href="https://twitter.com/CarmeTaberner" target="_blank">CarmeTaberner</a>	4	0	1	52	179	1999		087
@carneisabel	<a href="https://twitter.com/carneisabel" target="_blank">carneisabel</a>	8	0	1	1617	2904	62129	Catalunya. Catalonia. EU.	104
@carolina_badia	<a href="https://twitter.com/carolina_badia" target="_blank">carolina_badia</a>	9	0	1	29	126	2054	Barcelona	001
@carolinabalmes	<a href="https://twitter.com/carolinabalmes" target="_blank">carolinabalmes</a>	34	0	1	628	1357	24553		004
@CarolinaCuen	<a href="https://twitter.com/CarolinaCuen" target="_blank">CarolinaCuen</a>	2	0	1	275	233	531	Ordino	001
@CarolRafales	<a href="https://twitter.com/CarolRafales" target="_blank">CarolRafales</a>	1	1	0	74	366	909		150
@carolruiz73	<a href="https://twitter.com/carolruiz73" target="_blank">carolruiz73</a>	1	0	1	359	711	7961		004
@carreteroabel	<a href="https://twitter.com/carreteroabel" target="_blank">carreteroabel</a>	1	0	1	240	392	2378	Catalunya	049
@Carrosdefoc11	<a href="https://twitter.com/Carrosdefoc11" target="_blank">Carrosdefoc11</a>	7	0	1	268	624	7149		072
@carsujan	<a href="https://twitter.com/carsujan" target="_blank">carsujan</a>	2	0	1	243	741	4119	LLIBERTAT	007
@Casalesi	<a href="https://twitter.com/Casalesi" target="_blank">Casalesi</a>	1	3	0	1470	1774	5960	Catalunya	029
@casamadavalls	<a href="https://twitter.com/casamadavalls" target="_blank">casamadavalls</a>	27	0	5	129	310	16150		007
@CasasMAnna	<a href="https://twitter.com/CasasMAnna" target="_blank">CasasMAnna</a>	1	0	1	28	76	453	Olot	051
@Castell1430	<a href="https://twitter.com/Castell1430" target="_blank">Castell1430</a>	3	0	1	86	150	4754	Catalunya	049
@CastellaToni	<a href="https://twitter.com/CastellaToni" target="_blank">CastellaToni</a>	9	0	1	11785	3182	7452		071
@Cat_Gat	<a href="https://twitter.com/Cat_Gat" target="_blank">Cat_Gat</a>	5	0	1	301	527	23874	//*// Catalonia	049
@cat_masu	<a href="https://twitter.com/cat_masu" target="_blank">cat_masu</a>	3	0	1	560	739	19883	Wisconsyn de Dalt	001
@cat_non_stop	<a href="https://twitter.com/cat_non_stop" target="_blank">cat_non_stop</a>	9	0	1	1471	1698	10260	Sabadell, Països Catalans	072
@Catactiva	<a href="https://twitter.com/Catactiva" target="_blank">Catactiva</a>	2	0	1	526	874	10298	#Bonicnoupaísqueneixdelvot Bcn	139
@catafalmarius	<a href="https://twitter.com/catafalmarius" target="_blank">catafalmarius</a>	1	0	1	792	776	21165	Granollers, Catalunya	011
@catala1962	<a href="https://twitter.com/catala1962" target="_blank">catala1962</a>	6	0	1	300	896	20468	ATENOLECRAB	088
@cataladelsud	<a href="https://twitter.com/cataladelsud" target="_blank">cataladelsud</a>	73	0	6	1154	1886	9980	La Plana, Països Catalans	003
@catalanpride	<a href="https://twitter.com/catalanpride" target="_blank">catalanpride</a>	8	0	1	1233	2391	41258	Catalunya - Catalonia	054
@CatalanRobot	<a href="https://twitter.com/CatalanRobot" target="_blank">CatalanRobot</a>	54	0	2	239	1	22090	Catalonia	036
@CatalansForYes	<a href="https://twitter.com/CatalansForYes" target="_blank">CatalansForYes</a>	2	24	0	15966	1342	28269	Catalonia and Scotland	055
@Cataleiro	<a href="https://twitter.com/Cataleiro" target="_blank">Cataleiro</a>	9	0	2	170	319	18532	Catalonia	021
@CatalGlria	<a href="https://twitter.com/CatalGlria" target="_blank">CatalGlria</a>	6	0	2	110	94	19405		007
@CatalinaRomesco	<a href="https://twitter.com/CatalinaRomesco" target="_blank">CatalinaRomesco</a>	2	0	1	35	152	1628	London	080
@CataloniaHelp2	<a href="https://twitter.com/CataloniaHelp2" target="_blank">CataloniaHelp2</a>	3	0	1	8149	1051	1498		012
@CatalunyaRadio	<a href="https://twitter.com/CatalunyaRadio" target="_blank">CatalunyaRadio</a>	3	0	1	155940	714	70318	Catalunya	051
@CATaronja	<a href="https://twitter.com/CATaronja" target="_blank">CATaronja</a>	11	0	1	362	620	17001	Catalunya	070
@CatEmprenyat	<a href="https://twitter.com/CatEmprenyat" target="_blank">CatEmprenyat</a>	8	0	1	1995	1059	43393	Catalunya	096
@catjaume	<a href="https://twitter.com/catjaume" target="_blank">catjaume</a>	10	0	2	991	1151	11215	BCN	010
@CATJRD	<a href="https://twitter.com/CATJRD" target="_blank">CATJRD</a>	39	0	1	260	372	6994	CATALUNYA	119
@Catxavie9n	<a href="https://twitter.com/Catxavie9n" target="_blank">Catxavie9n</a>	9	0	1	2297	4982	16898	catalonien	071
@cbgviladecans	<a href="https://twitter.com/cbgviladecans" target="_blank">cbgviladecans</a>	7	0	1	2753	3135	96677	Baix Llobregat Catalunya U.E.	077
@cbotey	<a href="https://twitter.com/cbotey" target="_blank">cbotey</a>	6	0	1	983	2320	5712	Catalunya	119
@ccguardialada	<a href="https://twitter.com/ccguardialada" target="_blank">ccguardialada</a>	0	1	0					146
@CCZuric	<a href="https://twitter.com/CCZuric" target="_blank">CCZuric</a>	1	0	1	547	211	1421	Des de 1963	039
@cdcsantiscle	<a href="https://twitter.com/cdcsantiscle" target="_blank">cdcsantiscle</a>	2	0	1	73	80	1054	Sant Iscle de Vallalta	001
@cdefm	<a href="https://twitter.com/cdefm" target="_blank">cdefm</a>	9	0	1	815	1166	11602	l'Antiga Esquerra de l'Eixampl	055
@CDRHG7	<a href="https://twitter.com/CDRHG7" target="_blank">CDRHG7</a>	20	0	1	612	62	473		066
@celmi909	<a href="https://twitter.com/celmi909" target="_blank">celmi909</a>	6	0	1	12403	10461	48219	Clot Bcn	023
@cepvoc	<a href="https://twitter.com/cepvoc" target="_blank">cepvoc</a>	10	0	1	216	202	2057	Vallès Occidental	256
@cesarbarba	<a href="https://twitter.com/cesarbarba" target="_blank">cesarbarba</a>	5	0	1	3568	2143	127593	Catalunya	007
@cesarlatorrec	<a href="https://twitter.com/cesarlatorrec" target="_blank">cesarlatorrec</a>	2	0	1	97	200	682	Barcelona	021
@cesc_de_mollet	<a href="https://twitter.com/cesc_de_mollet" target="_blank">cesc_de_mollet</a>	3	0	1	133	461	12889	Mollet del Vallès. Catalunya.	005
@cesc1961	<a href="https://twitter.com/cesc1961" target="_blank">cesc1961</a>	2	0	1	182	184	1281	Catalunya, Terrassa	065
@CescCesclopez	<a href="https://twitter.com/CescCesclopez" target="_blank">CescCesclopez</a>	3	0	1	1413	1383	6918	Mataro	004
@Cesk_mm	<a href="https://twitter.com/Cesk_mm" target="_blank">Cesk_mm</a>	15	0	1	25	75	1489		054
@ceskfreixas	<a href="https://twitter.com/ceskfreixas" target="_blank">ceskfreixas</a>	8	0	1	33642	1796	44979	Sant Pere de Riudebitlles	081
@cfageda	<a href="https://twitter.com/cfageda" target="_blank">cfageda</a>	28	0	1	571	899	44402	Catalunya	060
@cfrd1909cat	<a href="https://twitter.com/cfrd1909cat" target="_blank">cfrd1909cat</a>	70	0	1	391	457	20882	Reus, Catalunya	059
@cgomezgili	<a href="https://twitter.com/cgomezgili" target="_blank">cgomezgili</a>	1	12	0	1139	847	8450	Calella	020
@CharlieFox1714	<a href="https://twitter.com/CharlieFox1714" target="_blank">CharlieFox1714</a>	50	0	1	74	92	16814		050
@ChavaSans	<a href="https://twitter.com/ChavaSans" target="_blank">ChavaSans</a>	14	0	1	1135	3001	37840	Catalunya	062
@chema_moreno_p	<a href="https://twitter.com/chema_moreno_p" target="_blank">chema_moreno_p</a>	21	0	1	55	35	3599		005
@chiquevo	<a href="https://twitter.com/chiquevo" target="_blank">chiquevo</a>	1	0	1	0	31	77		130
@ChrisLeFreak	<a href="https://twitter.com/ChrisLeFreak" target="_blank">ChrisLeFreak</a>	0	1	0					263
@Christiangf14	<a href="https://twitter.com/Christiangf14" target="_blank">Christiangf14</a>	2	0	1	350	1689	3044	Sants, Barcelona, PPCC ☭	095
@ChusZ	<a href="https://twitter.com/ChusZ" target="_blank">ChusZ</a>	10	0	1	206	121	13850	Barcelona	056
@Cigro2	<a href="https://twitter.com/Cigro2" target="_blank">Cigro2</a>	12	0	1	19	39	2483		021
@CircCric	<a href="https://twitter.com/CircCric" target="_blank">CircCric</a>	0	1	0					259
@circdetarragona	<a href="https://twitter.com/circdetarragona" target="_blank">circdetarragona</a>	0	8	0					003
@CivitiMarti	<a href="https://twitter.com/CivitiMarti" target="_blank">CivitiMarti</a>	3	0	1	5676	132	22389	L'Espluga de Francolí	024
@Clarafarreras	<a href="https://twitter.com/Clarafarreras" target="_blank">Clarafarreras</a>	1	0	1	341	326	1197		023
@claralmanza	<a href="https://twitter.com/claralmanza" target="_blank">claralmanza</a>	2	0	1	6	22	40		106
@ClaraMerc	<a href="https://twitter.com/ClaraMerc" target="_blank">ClaraMerc</a>	16	0	1	223	687	9843	Catalunya, Espanya	027
@ClaramuntAurora	<a href="https://twitter.com/ClaramuntAurora" target="_blank">ClaramuntAurora</a>	0	1	0					135
@Clarpf	<a href="https://twitter.com/Clarpf" target="_blank">Clarpf</a>	2	0	1	6	10	55		144
@ClaudiaPalomare	<a href="https://twitter.com/ClaudiaPalomare" target="_blank">ClaudiaPalomare</a>	1	0	1	23	40	10	Barcelona	142
@clemenrl	<a href="https://twitter.com/clemenrl" target="_blank">clemenrl</a>	2	0	1	12	35	2400		001
@Clidice	<a href="https://twitter.com/Clidice" target="_blank">Clidice</a>	13	0	1	832	1126	12762	Montserrat	012
@ClimentClerch	<a href="https://twitter.com/ClimentClerch" target="_blank">ClimentClerch</a>	0	1	0					244
@clipeii	<a href="https://twitter.com/clipeii" target="_blank">clipeii</a>	4	0	1	16	592	766		049
@ClipsterBCN	<a href="https://twitter.com/ClipsterBCN" target="_blank">ClipsterBCN</a>	0	1	0					254
@ClotDecideix	<a href="https://twitter.com/ClotDecideix" target="_blank">ClotDecideix</a>	11	27	0	982	213	804	el Camp de l'Arpa del Clot	023
@Clotdelllop1	<a href="https://twitter.com/Clotdelllop1" target="_blank">Clotdelllop1</a>	1	0	1	9	143	286		109
@ClotEnComu	<a href="https://twitter.com/ClotEnComu" target="_blank">ClotEnComu</a>	9	0	1	1619	3218	11709	Clot-Camp de l'Arpa, Barcelona	023
@clv86	<a href="https://twitter.com/clv86" target="_blank">clv86</a>	3	0	1	596	777	4935	Figueres / Catalonia	005
@cmarinsala	<a href="https://twitter.com/cmarinsala" target="_blank">cmarinsala</a>	2	0	1	10	83	74		082
@cmartinezbu	<a href="https://twitter.com/cmartinezbu" target="_blank">cmartinezbu</a>	1	0	1	208	97	355		068
@coco_sau	<a href="https://twitter.com/coco_sau" target="_blank">coco_sau</a>	3	0	1	144	245	8496		005
@colilles	<a href="https://twitter.com/colilles" target="_blank">colilles</a>	0	1	0					238
@ColomeFe	<a href="https://twitter.com/ColomeFe" target="_blank">ColomeFe</a>	5	0	1	459	762	38209		129
@ComandoPiolin	<a href="https://twitter.com/ComandoPiolin" target="_blank">ComandoPiolin</a>	5	0	1	12	36	513	Port de Barcelona	001
@ComasCulub	<a href="https://twitter.com/ComasCulub" target="_blank">ComasCulub</a>	21	0	1	1051	1824	10448	Girona	101
@ComteArnauMir	<a href="https://twitter.com/ComteArnauMir" target="_blank">ComteArnauMir</a>	3	0	1	47	174	3756		005
@conradpb	<a href="https://twitter.com/conradpb" target="_blank">conradpb</a>	6	0	1	124	252	2981		007
@conspirator0	<a href="https://twitter.com/conspirator0" target="_blank">conspirator0</a>	3	10	0	19462	2314	12477	USA (somewhere in time)	073
@conxasamso	<a href="https://twitter.com/conxasamso" target="_blank">conxasamso</a>	1	0	1	8	76	135		059
@COP_perRipollet	<a href="https://twitter.com/COP_perRipollet" target="_blank">COP_perRipollet</a>	0	2	0					044
@coquegarcia	<a href="https://twitter.com/coquegarcia" target="_blank">coquegarcia</a>	4	1	0	6512	1935	28324	L'H - Barcelona	237
@coralpiu	<a href="https://twitter.com/coralpiu" target="_blank">coralpiu</a>	2	0	1	879	1184	5792	Freiburg im Breisgau-Barcelona	001
@CoravilaMe	<a href="https://twitter.com/CoravilaMe" target="_blank">CoravilaMe</a>	3	0	1	114	479	2334		049
@COS_elCamp	<a href="https://twitter.com/COS_elCamp" target="_blank">COS_elCamp</a>	10	0	1	424	169	1246	Països Catalans	058
@COSEducacio	<a href="https://twitter.com/COSEducacio" target="_blank">COSEducacio</a>	1	2	0	1392	1306	5849		109
@cosetano2	<a href="https://twitter.com/cosetano2" target="_blank">cosetano2</a>	9	0	1	180	265	8868		011
@costa_lluis	<a href="https://twitter.com/costa_lluis" target="_blank">costa_lluis</a>	1	0	1	2275	4958	40059		097
@cpique29	<a href="https://twitter.com/cpique29" target="_blank">cpique29</a>	9	0	2	263	409	11419		027
@CridaCornella	<a href="https://twitter.com/CridaCornella" target="_blank">CridaCornella</a>	4	0	1	979	190	2150	Cornellà de Llobregat	078
@CridaDemocracia	<a href="https://twitter.com/CridaDemocracia" target="_blank">CridaDemocracia</a>	13	0	2	118056	5684	6374		007
@Cris56549397	<a href="https://twitter.com/Cris56549397" target="_blank">Cris56549397</a>	6	0	1	40	294	2828		004
@criscleme	<a href="https://twitter.com/criscleme" target="_blank">criscleme</a>	2	0	1	1702	503	7731		099
@CrisGironC	<a href="https://twitter.com/CrisGironC" target="_blank">CrisGironC</a>	2	0	1	523	845	4682		214
@crismarti	<a href="https://twitter.com/crismarti" target="_blank">crismarti</a>	2	0	1	23	105	1102		001
@crisroga1	<a href="https://twitter.com/crisroga1" target="_blank">crisroga1</a>	6	0	1	217	725	1542	Catalunya Tram 65-1	067
@CristianBasG	<a href="https://twitter.com/CristianBasG" target="_blank">CristianBasG</a>	12	0	1	20	72	1699	republica catalana!	009
@cristibrava	<a href="https://twitter.com/cristibrava" target="_blank">cristibrava</a>	3	0	1	13	132	635	Barcelona	001
@cristina_canero	<a href="https://twitter.com/cristina_canero" target="_blank">cristina_canero</a>	2	0	1	166	464	2557		021
@CristinaCabel16	<a href="https://twitter.com/CristinaCabel16" target="_blank">CristinaCabel16</a>	7	0	1	25	49	3050	Barcellona, Catalogna	055
@CristinaCarriq	<a href="https://twitter.com/CristinaCarriq" target="_blank">CristinaCarriq</a>	1	0	1	6	108	336	Girona, Catalunya	001
@CristinaGCa	<a href="https://twitter.com/CristinaGCa" target="_blank">CristinaGCa</a>	3	0	1	131	1057	536	Barcelona	004
@cristinasamped1	<a href="https://twitter.com/cristinasamped1" target="_blank">cristinasamped1</a>	19	0	2	1402	2171	68528		049
@cristiolivan	<a href="https://twitter.com/cristiolivan" target="_blank">cristiolivan</a>	1	0	1	6	40	49		003
@CRosselloV	<a href="https://twitter.com/CRosselloV" target="_blank">CRosselloV</a>	3	0	1	155	1040	5870		100
@crrmtrr_romero	<a href="https://twitter.com/crrmtrr_romero" target="_blank">crrmtrr_romero</a>	2	0	1	57	153	354		001
@cruizsae7	<a href="https://twitter.com/cruizsae7" target="_blank">cruizsae7</a>	5	0	1	1752	4895	48071	Barcelona, Cataluña	001
@csayos	<a href="https://twitter.com/csayos" target="_blank">csayos</a>	2	11	0	1641	2354	10695		003
@CSPichel	<a href="https://twitter.com/CSPichel" target="_blank">CSPichel</a>	0	2	0					030
@cuanamari	<a href="https://twitter.com/cuanamari" target="_blank">cuanamari</a>	1	0	1	24	408	124		001
@CuleFer	<a href="https://twitter.com/CuleFer" target="_blank">CuleFer</a>	4	0	1	14751	9844	67173	Buenos Aires, Arg.Girona Cat	062
@CUP_Penedes	<a href="https://twitter.com/CUP_Penedes" target="_blank">CUP_Penedes</a>	14	0	1	240	49	520		025
@cupartes	<a href="https://twitter.com/cupartes" target="_blank">cupartes</a>	1	0	1	1385	977	3269	Artes	074
@CUPDipTa	<a href="https://twitter.com/CUPDipTa" target="_blank">CUPDipTa</a>	23	0	2	746	173	12346	CampTTEEBaixPenedès, PPCC	018
@CUPGirona	<a href="https://twitter.com/CUPGirona" target="_blank">CUPGirona</a>	13	12	1	6749	2150	30543	Girona, Països Catalans	015
@CUPGranollers	<a href="https://twitter.com/CUPGranollers" target="_blank">CUPGranollers</a>	3	0	1	2245	1891	4875	Granollers, Vallès Oriental	011
@CUPHortaGuinard	<a href="https://twitter.com/CUPHortaGuinard" target="_blank">CUPHortaGuinard</a>	8	0	1	2679	2203	26241	Horta Guinardó	066
@CUPLaCanonja	<a href="https://twitter.com/CUPLaCanonja" target="_blank">CUPLaCanonja</a>	9	0	1	760	787	1310	La Canonja - Països Catalans	058
@CUPNordOriental	<a href="https://twitter.com/CUPNordOriental" target="_blank">CUPNordOriental</a>	2	0	1	1681	601	7349		015
@CUPPerpinya	<a href="https://twitter.com/CUPPerpinya" target="_blank">CUPPerpinya</a>	1	0	1	1253	308	526	Perpinyà [Catalunya Nord]	087
@CUPReus	<a href="https://twitter.com/CUPReus" target="_blank">CUPReus</a>	3	6	1	4159	1038	10321	Reus, Països Catalans	001
@CUPSantMarti	<a href="https://twitter.com/CUPSantMarti" target="_blank">CUPSantMarti</a>	10	0	1	2689	1035	12105	Barcelona	023
@CUPTarragona	<a href="https://twitter.com/CUPTarragona" target="_blank">CUPTarragona</a>	18	0	1	4044	1378	21590	Tarragona, Països Catalans	003
@CUPTerrassa	<a href="https://twitter.com/CUPTerrassa" target="_blank">CUPTerrassa</a>	3	1	0	3022	1356	10092	Terrassa, Països Catalans	067
@cupvalls	<a href="https://twitter.com/cupvalls" target="_blank">cupvalls</a>	7	3	0	2727	1343	29274	Valls, el Camp	018
@CurantaDavid	<a href="https://twitter.com/CurantaDavid" target="_blank">CurantaDavid</a>	14	0	1	50	130	8333		072
@DaliEnfurismada	<a href="https://twitter.com/DaliEnfurismada" target="_blank">DaliEnfurismada</a>	34	0	1	611	699	47271	Badalona	002
@dandua4	<a href="https://twitter.com/dandua4" target="_blank">dandua4</a>	1	0	1	9	65	283	Aquí.	006
@dani_segador	<a href="https://twitter.com/dani_segador" target="_blank">dani_segador</a>	5	0	1	382	1009	21905	sants	014
@danicornella	<a href="https://twitter.com/danicornella" target="_blank">danicornella</a>	8	9	0	1733	1300	3265	Celrà	069
@danieljulbe	<a href="https://twitter.com/danieljulbe" target="_blank">danieljulbe</a>	5	0	1	98	1136	1988	Catalunya	054
@danieltorrelles	<a href="https://twitter.com/danieltorrelles" target="_blank">danieltorrelles</a>	15	0	2	4369	749	159358	Barcelona - Catalunya	003
@danif_200	<a href="https://twitter.com/danif_200" target="_blank">danif_200</a>	3	0	1	187	893	2894	Barcelona	056
@DaniSarda65	<a href="https://twitter.com/DaniSarda65" target="_blank">DaniSarda65</a>	18	0	1	316	821	35941	Esparreguera, Països Catalans	050
@danivalverdeb	<a href="https://twitter.com/danivalverdeb" target="_blank">danivalverdeb</a>	14	0	1	954	877	63460	Catalunya	009
@DanRMahony	<a href="https://twitter.com/DanRMahony" target="_blank">DanRMahony</a>	1	0	1	28	116	637		058
@daristraits	<a href="https://twitter.com/daristraits" target="_blank">daristraits</a>	7	0	1	455	346	9576	Brasil	021
@DarmstadtJ	<a href="https://twitter.com/DarmstadtJ" target="_blank">DarmstadtJ</a>	24	0	1	1484	2407	27646	Catalunya	001
@DarthVaderBcn	<a href="https://twitter.com/DarthVaderBcn" target="_blank">DarthVaderBcn</a>	22	0	3	688	520	78954	Yokohama, Kanagawa, Japan	004
@david_gs5	<a href="https://twitter.com/david_gs5" target="_blank">david_gs5</a>	6	0	2	1270	1895	30044	Barcelona	001
@David68156451	<a href="https://twitter.com/David68156451" target="_blank">David68156451</a>	1	0	1	1084	5000	2503		055
@DavidBerenguerB	<a href="https://twitter.com/DavidBerenguerB" target="_blank">DavidBerenguerB</a>	13	0	1	63	76	8476		001
@davidbonvehi	<a href="https://twitter.com/davidbonvehi" target="_blank">davidbonvehi</a>	4	0	1	6593	1603	5291		003
@DavidCfd	<a href="https://twitter.com/DavidCfd" target="_blank">DavidCfd</a>	0	2	0					140
@DavidCLGA	<a href="https://twitter.com/DavidCLGA" target="_blank">DavidCLGA</a>	0	2	0					117
@davidcompanyon	<a href="https://twitter.com/davidcompanyon" target="_blank">davidcompanyon</a>	9	0	1	6907	1870	36517	República Catalana	062
@DavidDawidh	<a href="https://twitter.com/DavidDawidh" target="_blank">DavidDawidh</a>	1	0	1	251	964	9765	Barcelona, Catalunya	236
@davidgodall	<a href="https://twitter.com/davidgodall" target="_blank">davidgodall</a>	0	1	0					226
@davidmarti	<a href="https://twitter.com/davidmarti" target="_blank">davidmarti</a>	1	0	1	2920	2655	9209	Girona	049
@davidminoves	<a href="https://twitter.com/davidminoves" target="_blank">davidminoves</a>	16	0	1	6133	2591	28251	Barcelona, Països Catalans	023
@DavidMiralv	<a href="https://twitter.com/DavidMiralv" target="_blank">DavidMiralv</a>	0	2	0					035
@davidpich	<a href="https://twitter.com/davidpich" target="_blank">davidpich</a>	32	6	0	2813	2739	32866	Barcelona, Catalonia	048
@DavidReq	<a href="https://twitter.com/DavidReq" target="_blank">DavidReq</a>	1	0	1	416	991	605	Valls	060
@DavidRevolta	<a href="https://twitter.com/DavidRevolta" target="_blank">DavidRevolta</a>	4	0	1	50	134	417		023
@DavidRibes1	<a href="https://twitter.com/DavidRibes1" target="_blank">DavidRibes1</a>	1	0	1	21	161	1812		003
@DavidSC1970	<a href="https://twitter.com/DavidSC1970" target="_blank">DavidSC1970</a>	1	0	1	7	38	393	Barcelona, España	001
@davidtecnic	<a href="https://twitter.com/davidtecnic" target="_blank">davidtecnic</a>	7	0	1	202	647	12670		001
@DaylingTF	<a href="https://twitter.com/DaylingTF" target="_blank">DaylingTF</a>	7	0	1	1412	2153	55735	Islas Canarias, España	007
@DCS_58	<a href="https://twitter.com/DCS_58" target="_blank">DCS_58</a>	13	0	1	2205	1362	88777	Sarrià (Barcelona-Catalonia)	085
@Deb89719992	<a href="https://twitter.com/Deb89719992" target="_blank">Deb89719992</a>	9	0	1	91	168	8879	Scotland	012
@decalmono	<a href="https://twitter.com/decalmono" target="_blank">decalmono</a>	4	0	1	316	415	11738		013
@decibelis	<a href="https://twitter.com/decibelis" target="_blank">decibelis</a>	2	0	1	468	1363	2696	No-lloc	052
@DegeaMireia	<a href="https://twitter.com/DegeaMireia" target="_blank">DegeaMireia</a>	11	0	2	91	387	2638	barcelona, catalunya	007
@DeloAylo	<a href="https://twitter.com/DeloAylo" target="_blank">DeloAylo</a>	2	0	1	9	59	84		113
@demccat	<a href="https://twitter.com/demccat" target="_blank">demccat</a>	2	0	1	21	108	3761		021
@DemocraciaEtsav	<a href="https://twitter.com/DemocraciaEtsav" target="_blank">DemocraciaEtsav</a>	0	5	0					106
@DemocratesBCN	<a href="https://twitter.com/DemocratesBCN" target="_blank">DemocratesBCN</a>	11	0	1	728	600	4155	Barcelona, Cataluña	071
@denterd	<a href="https://twitter.com/denterd" target="_blank">denterd</a>	9	6	1	9160	259	33021	Genève (Suisse)	004
@desconnectada	<a href="https://twitter.com/desconnectada" target="_blank">desconnectada</a>	10	1	0	1950	1931	50760	BCN, Catalunya	021
@desfocat	<a href="https://twitter.com/desfocat" target="_blank">desfocat</a>	10	0	2	440	514	18915	Barcelona	055
@DespertaFerro11	<a href="https://twitter.com/DespertaFerro11" target="_blank">DespertaFerro11</a>	50	0	3	501	1378	27882		003
@deunido_cat	<a href="https://twitter.com/deunido_cat" target="_blank">deunido_cat</a>	1	0	1	11	93	336		009
@dfertl	<a href="https://twitter.com/dfertl" target="_blank">dfertl</a>	10	3	0	1136	3400	4786	Brussels, Belgium	084
@dfolquescastro	<a href="https://twitter.com/dfolquescastro" target="_blank">dfolquescastro</a>	1	0	1	62	460	1202		001
@DFPValls	<a href="https://twitter.com/DFPValls" target="_blank">DFPValls</a>	18	0	2	2721	2470	29536	Barcelona, Catalunya	004
@Dginlop	<a href="https://twitter.com/Dginlop" target="_blank">Dginlop</a>	2	0	1	145	350	3359		001
@Dicveritats	<a href="https://twitter.com/Dicveritats" target="_blank">Dicveritats</a>	2	0	1	226	707	12242	Barcelona	001
@didaclopez	<a href="https://twitter.com/didaclopez" target="_blank">didaclopez</a>	12	0	2	2809	3246	235987	Esplugues de Llobregat	017
@didacsd	<a href="https://twitter.com/didacsd" target="_blank">didacsd</a>	0	1	0					223
@Dionis7vetes	<a href="https://twitter.com/Dionis7vetes" target="_blank">Dionis7vetes</a>	7	0	3	3454	1127	13015		020
@directe	<a href="https://twitter.com/directe" target="_blank">directe</a>	6	0	1	38755	3549	145617	Països Catalans	059
@documa65	<a href="https://twitter.com/documa65" target="_blank">documa65</a>	1	0	1	51	163	3682		112
@dolors_cp	<a href="https://twitter.com/dolors_cp" target="_blank">dolors_cp</a>	6	0	1	231	873	9606	Puigcerdà	007
@Dolors63	<a href="https://twitter.com/Dolors63" target="_blank">Dolors63</a>	25	0	4	3360	1217	112503	Catalunya	004
@dolorsbonay	<a href="https://twitter.com/dolorsbonay" target="_blank">dolorsbonay</a>	4	0	1	76	396	4427		197
@dolorsesquerra	<a href="https://twitter.com/dolorsesquerra" target="_blank">dolorsesquerra</a>	2	0	1	40	108	1949		094
@DolorsFarre	<a href="https://twitter.com/DolorsFarre" target="_blank">DolorsFarre</a>	3	1	0	304	205	811	Valls	003
@dolorssidera	<a href="https://twitter.com/dolorssidera" target="_blank">dolorssidera</a>	19	0	3	114	78	17776		001
@DolorsSucarrats	<a href="https://twitter.com/DolorsSucarrats" target="_blank">DolorsSucarrats</a>	1	1	0	170	169	657	Ullastrell- Catalunya	220
@dolsaber	<a href="https://twitter.com/dolsaber" target="_blank">dolsaber</a>	4	0	1	88	242	1955		021
@domene_maria	<a href="https://twitter.com/domene_maria" target="_blank">domene_maria</a>	7	0	1	38	170	990	Olot (Catalonia), Bloomington, IN (USA)	056
@domenec1	<a href="https://twitter.com/domenec1" target="_blank">domenec1</a>	4	0	2	128	269	9923	Barcelona, Catalunya	021
@domenech_lluis	<a href="https://twitter.com/domenech_lluis" target="_blank">domenech_lluis</a>	77	0	2	950	2902	29578		052
@domingobdn	<a href="https://twitter.com/domingobdn" target="_blank">domingobdn</a>	10	0	1	378	1031	3401	Badalona (Bcn)	207
@DonespelSi	<a href="https://twitter.com/DonespelSi" target="_blank">DonespelSi</a>	3	5	0	1113	83	404	CATALUNYA	012
@DonSindulfo	<a href="https://twitter.com/DonSindulfo" target="_blank">DonSindulfo</a>	5	0	1	242	373	8476	Bàfols de Renyer, República de Catalunya	004
@dpcastells	<a href="https://twitter.com/dpcastells" target="_blank">dpcastells</a>	3	0	1	609	744	14084	Olesa de Montserrat	021
@dravalanche6	<a href="https://twitter.com/dravalanche6" target="_blank">dravalanche6</a>	2	0	1	222	171	20915		005
@dreamcule	<a href="https://twitter.com/dreamcule" target="_blank">dreamcule</a>	6	0	2	609	1049	22441	Barcelona -City	003
@drumkemps	<a href="https://twitter.com/drumkemps" target="_blank">drumkemps</a>	3	0	1	67	94	362		004
@dsaunesa	<a href="https://twitter.com/dsaunesa" target="_blank">dsaunesa</a>	3	0	1	55	163	1252		055
@duduipa	<a href="https://twitter.com/duduipa" target="_blank">duduipa</a>	15	0	1	24670	3659	45506	Catalunya UE	003
@dvallss	<a href="https://twitter.com/dvallss" target="_blank">dvallss</a>	0	7	0					076
@dvocat	<a href="https://twitter.com/dvocat" target="_blank">dvocat</a>	4	0	1	334	876	8576		001
@EA3AKY	<a href="https://twitter.com/EA3AKY" target="_blank">EA3AKY</a>	16	0	1	1114	672	3630	Distrito Federal, México	051
@EAarteako12	<a href="https://twitter.com/EAarteako12" target="_blank">EAarteako12</a>	47	0	1	359	1164	21319	Euskal Herria	091
@eba70	<a href="https://twitter.com/eba70" target="_blank">eba70</a>	17	0	2	1457	1516	42279		020
@ebringues	<a href="https://twitter.com/ebringues" target="_blank">ebringues</a>	4	0	1	337	435	14275	Solsona	232
@edgarpima	<a href="https://twitter.com/edgarpima" target="_blank">edgarpima</a>	7	0	1	375	440	20090	Els Hostalets de Pierola-Sants	001
@EdgarTwide	<a href="https://twitter.com/EdgarTwide" target="_blank">EdgarTwide</a>	12	0	2	85	154	6008		022
@ediar	<a href="https://twitter.com/ediar" target="_blank">ediar</a>	27	0	1	729	1296	137367	Mataró	061
@edpuig	<a href="https://twitter.com/edpuig" target="_blank">edpuig</a>	2	0	1	115	296	6379		016
@eduard_federico	<a href="https://twitter.com/eduard_federico" target="_blank">eduard_federico</a>	10	0	1	58	150	5251	Catalunya	021
@eduard_ribera	<a href="https://twitter.com/eduard_ribera" target="_blank">eduard_ribera</a>	3	0	1	7	109	239	Sabadell, catalunya	021
@eduardcabus	<a href="https://twitter.com/eduardcabus" target="_blank">eduardcabus</a>	4	2	0	14503	5921	82460		009
@EduardFarinyes	<a href="https://twitter.com/EduardFarinyes" target="_blank">EduardFarinyes</a>	26	0	1	87	112	12872		055
@eduardhv77	<a href="https://twitter.com/eduardhv77" target="_blank">eduardhv77</a>	19	0	1	934	1378	122287	Catalunya	015
@EduardMartiRoca	<a href="https://twitter.com/EduardMartiRoca" target="_blank">EduardMartiRoca</a>	1	1	0	317	355	1105	Sant Miquel de Fluvià	218
@eduardmotos	<a href="https://twitter.com/eduardmotos" target="_blank">eduardmotos</a>	1	0	1	590	276	373	Catalunya	004
@eduardpuchi	<a href="https://twitter.com/eduardpuchi" target="_blank">eduardpuchi</a>	6	0	2	51	343	1625	Vallvidrera, Catalunya.	004
@educalat	<a href="https://twitter.com/educalat" target="_blank">educalat</a>	1	0	1	65	123	1173	Barcelona	068
@EdudelPoblenou	<a href="https://twitter.com/EdudelPoblenou" target="_blank">EdudelPoblenou</a>	1	0	1	48	296	1809	Poblenou	061
@edvilalta	<a href="https://twitter.com/edvilalta" target="_blank">edvilalta</a>	3	0	1	754	983	13529	Mataró	062
@EEsthermontoy	<a href="https://twitter.com/EEsthermontoy" target="_blank">EEsthermontoy</a>	1	0	1	110	183	993		187
@egarciamon	<a href="https://twitter.com/egarciamon" target="_blank">egarciamon</a>	3	0	1	230	327	809		011
@EGI_gipuzkoa	<a href="https://twitter.com/EGI_gipuzkoa" target="_blank">EGI_gipuzkoa</a>	6	1	0	527	675	1339	GIPUZKOA	216
@egoalzu	<a href="https://twitter.com/egoalzu" target="_blank">egoalzu</a>	1	0	1	130	206	6905	EUSKAL ERREPUBLIKA SOZIALISTA	057
@egraells	<a href="https://twitter.com/egraells" target="_blank">egraells</a>	11	0	2	339	217	3942	Igualada	012
@EHBilduLekeitio	<a href="https://twitter.com/EHBilduLekeitio" target="_blank">EHBilduLekeitio</a>	1	1	0	233	272	455		213
@ekinez_egina	<a href="https://twitter.com/ekinez_egina" target="_blank">ekinez_egina</a>	3	0	1	43	278	472		057
@El_JoelME	<a href="https://twitter.com/El_JoelME" target="_blank">El_JoelME</a>	0	1	0					212
@elaia1970	<a href="https://twitter.com/elaia1970" target="_blank">elaia1970</a>	0	7	0					074
@elcairo_ajg	<a href="https://twitter.com/elcairo_ajg" target="_blank">elcairo_ajg</a>	0	1	0					206
@elcuco18	<a href="https://twitter.com/elcuco18" target="_blank">elcuco18</a>	1	0	1	229	326	4041	Catalunya	025
@ElenaDMorales	<a href="https://twitter.com/ElenaDMorales" target="_blank">ElenaDMorales</a>	7	0	1	926	1765	22281	Cornellà, BCN «» Eschborn, FRA	007
@ElenaOroni	<a href="https://twitter.com/ElenaOroni" target="_blank">ElenaOroni</a>	6	0	1	916	2866	38008	Ponent	259
@Elenasabater	<a href="https://twitter.com/Elenasabater" target="_blank">Elenasabater</a>	2	0	2	112	203	1885	Sant Quirze del Vallès, Catalunya	082
@elenpujol	<a href="https://twitter.com/elenpujol" target="_blank">elenpujol</a>	1	0	1	51	88	12		051
@EliPericas	<a href="https://twitter.com/EliPericas" target="_blank">EliPericas</a>	7	0	1	1076	750	22193	Marata	137
@elisabascon	<a href="https://twitter.com/elisabascon" target="_blank">elisabascon</a>	0	1	0					207
@elisabethoj	<a href="https://twitter.com/elisabethoj" target="_blank">elisabethoj</a>	9	7	0	1081	1053	4145	Sant Quirze del Vallès	082
@elmirallnet	<a href="https://twitter.com/elmirallnet" target="_blank">elmirallnet</a>	4	0	1	1337	438	3658	elmirall@elmirall.net	027
@eloifonollosa	<a href="https://twitter.com/eloifonollosa" target="_blank">eloifonollosa</a>	1	0	1	593	511	1176	Fonollosa - Catalunya	008
@eloiguell	<a href="https://twitter.com/eloiguell" target="_blank">eloiguell</a>	2	0	1	664	1673	6735	Manresa	049
@EloMinguez78	<a href="https://twitter.com/EloMinguez78" target="_blank">EloMinguez78</a>	1	0	1	80	380	4456		021
@EloyFP_SdS	<a href="https://twitter.com/EloyFP_SdS" target="_blank">EloyFP_SdS</a>	8	0	1	180	168	3801		092
@elricdog	<a href="https://twitter.com/elricdog" target="_blank">elricdog</a>	5	0	1	178	339	13019	Catalunya	009
@elsa_artadi	<a href="https://twitter.com/elsa_artadi" target="_blank">elsa_artadi</a>	8	0	1	2393	260	12175	Barcelona	021
@eltrenas	<a href="https://twitter.com/eltrenas" target="_blank">eltrenas</a>	2	2	0	217	525	1810	la Trinitat Nova, Barcelona	010
@Elviraduranc	<a href="https://twitter.com/Elviraduranc" target="_blank">Elviraduranc</a>	22	0	1	4748	5218	75798	Barcelona, España	024
@elvocerobdn	<a href="https://twitter.com/elvocerobdn" target="_blank">elvocerobdn</a>	6	0	1	23	40	1711		103
@ematariu	<a href="https://twitter.com/ematariu" target="_blank">ematariu</a>	7	0	1	305	296	6533	Sant Joan de Vilatorrada	003
@emf1714	<a href="https://twitter.com/emf1714" target="_blank">emf1714</a>	1	0	1	607	1004	3978	Vinyols, República Catalana	058
@emilialuxa	<a href="https://twitter.com/emilialuxa" target="_blank">emilialuxa</a>	2	0	2	1027	2087	68225	westcoast	073
@emilirago	<a href="https://twitter.com/emilirago" target="_blank">emilirago</a>	1	0	1	26	137	38	Barcelona, Cataluña	062
@emmallado	<a href="https://twitter.com/emmallado" target="_blank">emmallado</a>	7	0	2	331	1208	7888		039
@emonturiol	<a href="https://twitter.com/emonturiol" target="_blank">emonturiol</a>	3	0	1	97	721	2541		058
@encarnalara4	<a href="https://twitter.com/encarnalara4" target="_blank">encarnalara4</a>	1	0	1	30	102	248		059
@Encoberts	<a href="https://twitter.com/Encoberts" target="_blank">Encoberts</a>	27	0	1	628	1505	52997	Xàtiva	023
@ENDIKA59	<a href="https://twitter.com/ENDIKA59" target="_blank">ENDIKA59</a>	54	0	1	3272	4795	153410	Leganes	063
@ennaji_buchi	<a href="https://twitter.com/ennaji_buchi" target="_blank">ennaji_buchi</a>	8	0	1	40	89	4226		051
@enricabra	<a href="https://twitter.com/enricabra" target="_blank">enricabra</a>	1	0	1	243	511	711	Catalunya	001
@EnricCardonaGar	<a href="https://twitter.com/EnricCardonaGar" target="_blank">EnricCardonaGar</a>	1	0	1	2182	3257	14882	Eugenienc exiliat a Girona	203
@enricllauger	<a href="https://twitter.com/enricllauger" target="_blank">enricllauger</a>	2	3	0	1942	2743	25595	Catalonia (UE)	100
@EnricOlivaAlsin	<a href="https://twitter.com/EnricOlivaAlsin" target="_blank">EnricOlivaAlsin</a>	3	0	1	79	443	1228		001
@enricolive	<a href="https://twitter.com/enricolive" target="_blank">enricolive</a>	2	1	0	991	481	4405		200
@EnricSabria	<a href="https://twitter.com/EnricSabria" target="_blank">EnricSabria</a>	2	0	1	79	242	1367	Malpas, England	007
@enricsimoferre	<a href="https://twitter.com/enricsimoferre" target="_blank">enricsimoferre</a>	11	0	1	270	46	13441	Tortosa -  Terres Ebre - CAT	071
@enricsole	<a href="https://twitter.com/enricsole" target="_blank">enricsole</a>	0	1	0					199
@EnteraoDeMierda	<a href="https://twitter.com/EnteraoDeMierda" target="_blank">EnteraoDeMierda</a>	2	0	1	78	216	473	Stupidland	102
@entitatger	<a href="https://twitter.com/entitatger" target="_blank">entitatger</a>	6	3	2	873	109	2746	Sant Pere de Ribes (Garraf)	025
@EnverAzMe	<a href="https://twitter.com/EnverAzMe" target="_blank">EnverAzMe</a>	5	1	0	1447	1288	9098	Vilanova i la Geltrú	025
@Epicuri	<a href="https://twitter.com/Epicuri" target="_blank">Epicuri</a>	20	0	1	371	332	70112		023
@ERC_Caldes	<a href="https://twitter.com/ERC_Caldes" target="_blank">ERC_Caldes</a>	5	0	2	807	542	3232	Caldes de Montbui, Catalunya	011
@ERC_Esplugues	<a href="https://twitter.com/ERC_Esplugues" target="_blank">ERC_Esplugues</a>	2	0	1	861	942	6453	Esplugues de Llobregat	017
@ERC_Maresme	<a href="https://twitter.com/ERC_Maresme" target="_blank">ERC_Maresme</a>	7	0	2	2800	1740	8152	Maresme, Catalunya	020
@ERC9B	<a href="https://twitter.com/ERC9B" target="_blank">ERC9B</a>	16	0	1	1754	3084	6805	Alloza, 47 Barcelona	010
@ErcCornella	<a href="https://twitter.com/ErcCornella" target="_blank">ErcCornella</a>	1	1	0	729	473	1167	Cornellà de Llobregat	198
@ercdiba	<a href="https://twitter.com/ercdiba" target="_blank">ercdiba</a>	3	0	1	2195	2213	4300		020
@ErcGramenet	<a href="https://twitter.com/ErcGramenet" target="_blank">ErcGramenet</a>	0	2	0					112
@ERCLaTorre	<a href="https://twitter.com/ERCLaTorre" target="_blank">ERCLaTorre</a>	3	0	1	985	1071	2513	Torredembarra	219
@ercmataro	<a href="https://twitter.com/ercmataro" target="_blank">ercmataro</a>	8	2	0	2704	2552	14847	Mataró	133
@ercsantcugat	<a href="https://twitter.com/ercsantcugat" target="_blank">ercsantcugat</a>	5	2	0	1602	1722	7018	Sant Cugat, Països Catalans	138
@ERCterrassa	<a href="https://twitter.com/ERCterrassa" target="_blank">ERCterrassa</a>	5	0	1	3391	2170	18176	Terrassa - Catalunya	001
@ERCViladecans	<a href="https://twitter.com/ERCViladecans" target="_blank">ERCViladecans</a>	1	6	0	1745	1976	6929		077
@ericcatalunya	<a href="https://twitter.com/ericcatalunya" target="_blank">ericcatalunya</a>	3	0	1	18029	18305	73270	#CATEXIT	001
@EricGallardo69	<a href="https://twitter.com/EricGallardo69" target="_blank">EricGallardo69</a>	20	0	2	127	643	5711	Catalonia	007
@erill_m	<a href="https://twitter.com/erill_m" target="_blank">erill_m</a>	3	0	1	42	132	1032	Bellver de Cerdanya, España	049
@ErmengolLlof	<a href="https://twitter.com/ErmengolLlof" target="_blank">ErmengolLlof</a>	2	0	1	151	265	3427		095
@erminialtarriba	<a href="https://twitter.com/erminialtarriba" target="_blank">erminialtarriba</a>	2	1	0	1495	2274	6038	BERGA	196
@ernestclotet	<a href="https://twitter.com/ernestclotet" target="_blank">ernestclotet</a>	3	0	1	907	899	5831		074
@ernestmaragall	<a href="https://twitter.com/ernestmaragall" target="_blank">ernestmaragall</a>	1	5	0	36697	1291	6836	Barcelona-Catalunya-Europa	022
@ErnestPinsap	<a href="https://twitter.com/ErnestPinsap" target="_blank">ErnestPinsap</a>	33	0	3	258	1468	41808		023
@Eroca68	<a href="https://twitter.com/Eroca68" target="_blank">Eroca68</a>	11	0	1	79	368	2125		105
@erralzale77	<a href="https://twitter.com/erralzale77" target="_blank">erralzale77</a>	1	0	1	173	254	4239		057
@Escampiquipugui	<a href="https://twitter.com/Escampiquipugui" target="_blank">Escampiquipugui</a>	6	0	1	265	876	8658		021
@escatxic1	<a href="https://twitter.com/escatxic1" target="_blank">escatxic1</a>	3	0	1	24	326	918		001
@escompani	<a href="https://twitter.com/escompani" target="_blank">escompani</a>	7	0	1	12	51	940	Molins de Rei	085
@ESellart	<a href="https://twitter.com/ESellart" target="_blank">ESellart</a>	4	0	1	28	205	1322		001
@esibina	<a href="https://twitter.com/esibina" target="_blank">esibina</a>	0	1	0					011
@esolert	<a href="https://twitter.com/esolert" target="_blank">esolert</a>	2	0	1	63	382	999		270
@espaispelsomnis	<a href="https://twitter.com/espaispelsomnis" target="_blank">espaispelsomnis</a>	8	0	1	1924	1506	4664	Igualada	076
@Esquerra_ERC	<a href="https://twitter.com/Esquerra_ERC" target="_blank">Esquerra_ERC</a>	23	0	1	261100	100121	71232	Països Catalans	020
@Esquerra_Valls	<a href="https://twitter.com/Esquerra_Valls" target="_blank">Esquerra_Valls</a>	3	0	1	1482	1692	19444	VALLS	018
@esquerratortosa	<a href="https://twitter.com/esquerratortosa" target="_blank">esquerratortosa</a>	4	1	0	980	607	3040	Tortosa	214
@estanislaufons	<a href="https://twitter.com/estanislaufons" target="_blank">estanislaufons</a>	9	0	1	646	722	45157	Lleida, Països Catalans	061
@estebesio	<a href="https://twitter.com/estebesio" target="_blank">estebesio</a>	4	0	1	37	86	817		080
@estelada58	<a href="https://twitter.com/estelada58" target="_blank">estelada58</a>	7	0	1	3645	3100	20238	Tàrrega-Barcelona-Catalunya	086
@ester_alias	<a href="https://twitter.com/ester_alias" target="_blank">ester_alias</a>	21	0	1	168	215	7980		125
@EsterEsparrac	<a href="https://twitter.com/EsterEsparrac" target="_blank">EsterEsparrac</a>	8	0	1	158	256	9871	Girona	015
@estermartia	<a href="https://twitter.com/estermartia" target="_blank">estermartia</a>	35	0	2	2718	4999	170294	Tortosa	038
@esteve_online	<a href="https://twitter.com/esteve_online" target="_blank">esteve_online</a>	1	0	1	1391	1911	4726	Barcelona, Catalunya	088
@estevecamps	<a href="https://twitter.com/estevecamps" target="_blank">estevecamps</a>	4	0	1	1493	1026	14688	#Osona #Vilatorta	024
@EstevePadilla	<a href="https://twitter.com/EstevePadilla" target="_blank">EstevePadilla</a>	2	0	1	616	1808	2745	Barcelona, Catalunya	006
@estevevilalta	<a href="https://twitter.com/estevevilalta" target="_blank">estevevilalta</a>	1	0	1	44	59	215		001
@Esther_Cat3005	<a href="https://twitter.com/Esther_Cat3005" target="_blank">Esther_Cat3005</a>	20	0	1	51	54	17315		004
@EstherMarti8	<a href="https://twitter.com/EstherMarti8" target="_blank">EstherMarti8</a>	46	0	1	98	350	8726	el Guinardo, Barcelona	020
@esthermiras	<a href="https://twitter.com/esthermiras" target="_blank">esthermiras</a>	13	0	1	254	1222	15485		070
@EsticTranquil	<a href="https://twitter.com/EsticTranquil" target="_blank">EsticTranquil</a>	13	0	1	1367	1601	38092	Pals, Baix Empordà, Catalunya	001
@EstorachOtilia	<a href="https://twitter.com/EstorachOtilia" target="_blank">EstorachOtilia</a>	58	0	1	36	252	10394		005
@EsXimenez	<a href="https://twitter.com/EsXimenez" target="_blank">EsXimenez</a>	2	0	1	180	289	6636	Catalunya	001
@Eudald_Baca	<a href="https://twitter.com/Eudald_Baca" target="_blank">Eudald_Baca</a>	2	0	1	8	86	1639		003
@eudaldrifa	<a href="https://twitter.com/eudaldrifa" target="_blank">eudaldrifa</a>	7	0	1	365	401	13598	Spain - Catalunya	049
@EulaliaEufrasia	<a href="https://twitter.com/EulaliaEufrasia" target="_blank">EulaliaEufrasia</a>	2	0	1	67	139	3602		053
@eulaliampuig	<a href="https://twitter.com/eulaliampuig" target="_blank">eulaliampuig</a>	7	0	1	660	776	6826	Terrassa, Catalunya	001
@euroeuropa	<a href="https://twitter.com/euroeuropa" target="_blank">euroeuropa</a>	11	0	1	8737	7456	188801	1949DONEC PERFICIAM RepúbliCAT	004
@EUROLANG	<a href="https://twitter.com/EUROLANG" target="_blank">EUROLANG</a>	2	14	0	3647	1422	8969	Brussels, Truro, Barcelona.	053
@euskalduna9	<a href="https://twitter.com/euskalduna9" target="_blank">euskalduna9</a>	9	0	1	371	239	53486	Euskal Herria	080
@evaclauso	<a href="https://twitter.com/evaclauso" target="_blank">evaclauso</a>	0	272	0					001
@EvaColomera	<a href="https://twitter.com/EvaColomera" target="_blank">EvaColomera</a>	3	0	1	1582	380	77957	Catalunya	056
@Evacorredoira	<a href="https://twitter.com/Evacorredoira" target="_blank">Evacorredoira</a>	5	2	0	1343	2417	24297	Barcelona	007
@evacp75	<a href="https://twitter.com/evacp75" target="_blank">evacp75</a>	6	0	1	145	191	7390	Catalunya lliure	020
@EvaGallardoMans	<a href="https://twitter.com/EvaGallardoMans" target="_blank">EvaGallardoMans</a>	3	0	1	114	416	2408		016
@evaramirez67	<a href="https://twitter.com/evaramirez67" target="_blank">evaramirez67</a>	1	0	1	54	128	2789		007
@evilaisi	<a href="https://twitter.com/evilaisi" target="_blank">evilaisi</a>	2	0	1	237	564	1738	Mataró, Cataluña	004
@evukixu	<a href="https://twitter.com/evukixu" target="_blank">evukixu</a>	3	0	1	53	153	436		058
@exkixu	<a href="https://twitter.com/exkixu" target="_blank">exkixu</a>	3	0	1	178	734	1490	Euskal Herria	057
@FadaEstel	<a href="https://twitter.com/FadaEstel" target="_blank">FadaEstel</a>	12	0	1	854	887	12457	Badalona, Catalunya	064
@FancyAppleMac	<a href="https://twitter.com/FancyAppleMac" target="_blank">FancyAppleMac</a>	38	0	2	89	347	7902	Barcelona, Cataluña	031
@fannym9	<a href="https://twitter.com/fannym9" target="_blank">fannym9</a>	2	0	1	974	676	12492	Lleida	062
@Farenheit_451_	<a href="https://twitter.com/Farenheit_451_" target="_blank">Farenheit_451_</a>	10	0	1	419	980	30040		001
@Farranapetita	<a href="https://twitter.com/Farranapetita" target="_blank">Farranapetita</a>	6	0	1	34	196	12201		021
@FastRiderY	<a href="https://twitter.com/FastRiderY" target="_blank">FastRiderY</a>	16	0	2	141	220	7141		021
@fcm_190	<a href="https://twitter.com/fcm_190" target="_blank">fcm_190</a>	9	0	1	380	710	13393		001
@febrero121873	<a href="https://twitter.com/febrero121873" target="_blank">febrero121873</a>	3	0	1	1571	5000	5797	Arrecife, España	055
@FedRegERCLleida	<a href="https://twitter.com/FedRegERCLleida" target="_blank">FedRegERCLleida</a>	6	0	1	1902	1490	15542	C. Lluís Companys, 3, Lleida	013
@felix_urpi	<a href="https://twitter.com/felix_urpi" target="_blank">felix_urpi</a>	1	0	1	4	47	10		005
@femocat	<a href="https://twitter.com/femocat" target="_blank">femocat</a>	9	0	1	1096	1977	123690	Donec Perficiam	038
@FenixNegre	<a href="https://twitter.com/FenixNegre" target="_blank">FenixNegre</a>	10	1	0	2424	1812	25040	Barcino, Catalonia	247
@FERMINATX	<a href="https://twitter.com/FERMINATX" target="_blank">FERMINATX</a>	11	0	1	4156	4899	192358	barcelona	093
@FerranAb	<a href="https://twitter.com/FerranAb" target="_blank">FerranAb</a>	3	0	1	621	620	8686	Baix Camp, Catalunya	001
@ferranbarbara53	<a href="https://twitter.com/ferranbarbara53" target="_blank">ferranbarbara53</a>	10	0	1	3935	3727	23658	Torroella de Montgri.	001
@ferrancazador	<a href="https://twitter.com/ferrancazador" target="_blank">ferrancazador</a>	1	0	1	404	289	11779	Terrassa	056
@ferranestruch	<a href="https://twitter.com/ferranestruch" target="_blank">ferranestruch</a>	1	8	0	906	676	2395		008
@FerranMontardit	<a href="https://twitter.com/FerranMontardit" target="_blank">FerranMontardit</a>	5	0	1	3251	693	62125	Lleida	049
@ferranrmdeusbcn	<a href="https://twitter.com/ferranrmdeusbcn" target="_blank">ferranrmdeusbcn</a>	8	0	1	490	807	39706	Catalunya	001
@Ferransax	<a href="https://twitter.com/Ferransax" target="_blank">Ferransax</a>	4	0	1	389	725	2942	Badalona	001
@ferranses	<a href="https://twitter.com/ferranses" target="_blank">ferranses</a>	5	0	1	227	852	2498	Aguas Internacionales	001
@ferrer_viola	<a href="https://twitter.com/ferrer_viola" target="_blank">ferrer_viola</a>	3	3	0	30	314	388	Figueres	015
@FERRYFSM	<a href="https://twitter.com/FERRYFSM" target="_blank">FERRYFSM</a>	1	0	1	5	83	1304		005
@FerVillegas503	<a href="https://twitter.com/FerVillegas503" target="_blank">FerVillegas503</a>	1	0	1	166	520	718		188
@FestesKNY	<a href="https://twitter.com/FestesKNY" target="_blank">FestesKNY</a>	1	0	1	238	83	675	KNY	078
@Festina_Lente_B	<a href="https://twitter.com/Festina_Lente_B" target="_blank">Festina_Lente_B</a>	5	0	1	363	1256	43031	Corbera de Llobregat, España	007
@fgrau75	<a href="https://twitter.com/fgrau75" target="_blank">fgrau75</a>	1	0	1	231	289	1240		051
@fgsmsf	<a href="https://twitter.com/fgsmsf" target="_blank">fgsmsf</a>	12	0	1	58	310	6534	prov Lleida	021
@fgu52	<a href="https://twitter.com/fgu52" target="_blank">fgu52</a>	6	0	1	39	74	1748		021
@filog3	<a href="https://twitter.com/filog3" target="_blank">filog3</a>	32	0	1	572	672	33835		007
@filumestre	<a href="https://twitter.com/filumestre" target="_blank">filumestre</a>	22	0	2	991	1949	110926	PPCC - Principat	005
@Finafms	<a href="https://twitter.com/Finafms" target="_blank">Finafms</a>	6	0	1	289	454	2630		001
@FlashNoseCat	<a href="https://twitter.com/FlashNoseCat" target="_blank">FlashNoseCat</a>	14	0	1	486	471	42324		055
@florencicosb	<a href="https://twitter.com/florencicosb" target="_blank">florencicosb</a>	26	0	1	282	361	41947	Olot	021
@fm_bacderoda	<a href="https://twitter.com/fm_bacderoda" target="_blank">fm_bacderoda</a>	8	0	1	557	1145	6341	Catalunya	003
@fogerty1969	<a href="https://twitter.com/fogerty1969" target="_blank">fogerty1969</a>	1	0	1	61	77	1647	Lleida	001
@fourchapters	<a href="https://twitter.com/fourchapters" target="_blank">fourchapters</a>	1	0	1	85	790	12834		021
@fpratg	<a href="https://twitter.com/fpratg" target="_blank">fpratg</a>	1	0	1	865	3878	32244		031
@Fran6Qnet	<a href="https://twitter.com/Fran6Qnet" target="_blank">Fran6Qnet</a>	7	0	1	4195	2068	120015	Barcelona, Catalunya	001
@Franayuso1	<a href="https://twitter.com/Franayuso1" target="_blank">Franayuso1</a>	7	0	1	482	1422	3175		001
@Francesc_BP	<a href="https://twitter.com/Francesc_BP" target="_blank">Francesc_BP</a>	7	0	3	160	425	14630	Baix Llobregat	007
@francesc130	<a href="https://twitter.com/francesc130" target="_blank">francesc130</a>	29	0	2	2377	2471	176043	Sant Just Desvern	001
@francescmanya	<a href="https://twitter.com/francescmanya" target="_blank">francescmanya</a>	13	0	1	105	330	12041	Barcelonès	021
@Francina_Vila	<a href="https://twitter.com/Francina_Vila" target="_blank">Francina_Vila</a>	5	0	1	672	707	1939		003
@francinanavarro	<a href="https://twitter.com/francinanavarro" target="_blank">francinanavarro</a>	17	0	1	475	405	38995		001
@Francisco2015j	<a href="https://twitter.com/Francisco2015j" target="_blank">Francisco2015j</a>	7	0	1	284	620	18409		015
@FrancUllastre	<a href="https://twitter.com/FrancUllastre" target="_blank">FrancUllastre</a>	1	0	1	266	375	4222	Sant Climent Sescebes	005
@frandevelop	<a href="https://twitter.com/frandevelop" target="_blank">frandevelop</a>	5	0	1	35	154	1765	barcelona	021
@FrankMorin	<a href="https://twitter.com/FrankMorin" target="_blank">FrankMorin</a>	1	0	1	446	381	3791	Països Catalans	003
@freakydeserie	<a href="https://twitter.com/freakydeserie" target="_blank">freakydeserie</a>	16	0	2	117	320	8002		045
@FredericFede	<a href="https://twitter.com/FredericFede" target="_blank">FredericFede</a>	14	0	1	214	579	19109		002
@fredijosal	<a href="https://twitter.com/fredijosal" target="_blank">fredijosal</a>	30	0	2	829	1108	35592	Barcelona, Catalunya	004
@FreeCat201x	<a href="https://twitter.com/FreeCat201x" target="_blank">FreeCat201x</a>	13	0	1	1260	187	100097	Catalunya Lliure	005
@freed4Catalonia	<a href="https://twitter.com/freed4Catalonia" target="_blank">freed4Catalonia</a>	82	0	2	11809	6013	108489	Barcelona	004
@Freedompiolin	<a href="https://twitter.com/Freedompiolin" target="_blank">Freedompiolin</a>	2	0	1	5	68	257		021
@freepiolin_	<a href="https://twitter.com/freepiolin_" target="_blank">freepiolin_</a>	0	1	0					239
@FrentePop	<a href="https://twitter.com/FrentePop" target="_blank">FrentePop</a>	4	0	1	3937	3108	28745	Melilla	081
@fressia27	<a href="https://twitter.com/fressia27" target="_blank">fressia27</a>	11	0	1	706	2046	28236		007
@FridaMateu4	<a href="https://twitter.com/FridaMateu4" target="_blank">FridaMateu4</a>	0	1	0					241
@Frisac	<a href="https://twitter.com/Frisac" target="_blank">Frisac</a>	4	0	1	1754	1980	55044	Catalunya	021
@FROBO957	<a href="https://twitter.com/FROBO957" target="_blank">FROBO957</a>	3	0	1	37	18	1834	Roses, Catalunya	180
@frodri38	<a href="https://twitter.com/frodri38" target="_blank">frodri38</a>	24	0	1	261	607	4860	Bellver de Cerdanya	049
@FTrillas	<a href="https://twitter.com/FTrillas" target="_blank">FTrillas</a>	3	0	1	338	249	1350	El Vendrell	151
@fulsaka	<a href="https://twitter.com/fulsaka" target="_blank">fulsaka</a>	2	0	1	91	565	3975	Barcelona	001
@funkyalex77	<a href="https://twitter.com/funkyalex77" target="_blank">funkyalex77</a>	5	0	1	288	792	7585	Barcelona	007
@FXavierRC	<a href="https://twitter.com/FXavierRC" target="_blank">FXavierRC</a>	8	0	1	98	396	5956	Catalunya	001
@g1Ofc	<a href="https://twitter.com/g1Ofc" target="_blank">g1Ofc</a>	4	0	1	349	564	4241	Catalunya	007
@Gabivolador	<a href="https://twitter.com/Gabivolador" target="_blank">Gabivolador</a>	14	0	2	154	312	2701		003
@GabrielFerDiaz	<a href="https://twitter.com/GabrielFerDiaz" target="_blank">GabrielFerDiaz</a>	3	0	1	3583	796	48534	Sabadell, República Catalana	005
@gaizkasi	<a href="https://twitter.com/gaizkasi" target="_blank">gaizkasi</a>	4	0	1	574	363	11559	Euskal Herria	091
@galifardeu932	<a href="https://twitter.com/galifardeu932" target="_blank">galifardeu932</a>	2	0	1	2141	1730	12545	Barcelona - Països Catalans	004
@GalileaPiero	<a href="https://twitter.com/GalileaPiero" target="_blank">GalileaPiero</a>	10	0	1	811	1497	52202	Barcelona	001
@ganyet	<a href="https://twitter.com/ganyet" target="_blank">ganyet</a>	7	0	1	25728	1771	97571	Barcelona, Catalonia	021
@GarbiCat	<a href="https://twitter.com/GarbiCat" target="_blank">GarbiCat</a>	6	0	1	129	2117	4299	Girona, Espanya	007
@Garcilaso_de_la	<a href="https://twitter.com/Garcilaso_de_la" target="_blank">Garcilaso_de_la</a>	1	0	1	339	811	11486		104
@gcasasguell	<a href="https://twitter.com/gcasasguell" target="_blank">gcasasguell</a>	3	0	2	146	238	6289		001
@gcodqui	<a href="https://twitter.com/gcodqui" target="_blank">gcodqui</a>	32	0	2	530	1292	19325	Barcelona,Catalunya	009
@gealmeca69	<a href="https://twitter.com/gealmeca69" target="_blank">gealmeca69</a>	7	0	1	73	317	4725	molinsderei	049
@geli_anna	<a href="https://twitter.com/geli_anna" target="_blank">geli_anna</a>	1	0	1	766	684	1612	Val d'Aran-BCN	001
@gema	<a href="https://twitter.com/gema" target="_blank">gema</a>	3	0	1	534	337	2479	Rubí, Cataluña	010
@Gemma_Argelaga	<a href="https://twitter.com/Gemma_Argelaga" target="_blank">Gemma_Argelaga</a>	1	0	1	177	319	609	Vacarisses, Espanya	092
@gemma_montalban	<a href="https://twitter.com/gemma_montalban" target="_blank">gemma_montalban</a>	1	0	1	99	571	707	Amunt i avall, Ripoll i Bcn	021
@gemmahumet	<a href="https://twitter.com/gemmahumet" target="_blank">gemmahumet</a>	2	0	1	2258	880	4387	Terrassa	049
@gemmamarcegm	<a href="https://twitter.com/gemmamarcegm" target="_blank">gemmamarcegm</a>	24	0	1	186	224	40918		051
@gemmamelia	<a href="https://twitter.com/gemmamelia" target="_blank">gemmamelia</a>	5	0	1	414	759	10273		096
@GemmaParpuig	<a href="https://twitter.com/GemmaParpuig" target="_blank">GemmaParpuig</a>	1	0	1	17	230	155		255
@Gemmma2404	<a href="https://twitter.com/Gemmma2404" target="_blank">Gemmma2404</a>	3	0	2	50	125	2460	CAT	007
@GEMOGO_	<a href="https://twitter.com/GEMOGO_" target="_blank">GEMOGO_</a>	5	0	1	75	340	1122	CATALUNYA	078
@gemquim	<a href="https://twitter.com/gemquim" target="_blank">gemquim</a>	20	55	0	4141	4080	91648	Barcelona, Catalunya	004
@genesca_62	<a href="https://twitter.com/genesca_62" target="_blank">genesca_62</a>	15	0	1	215	269	48841		056
@GenisPinart	<a href="https://twitter.com/GenisPinart" target="_blank">GenisPinart</a>	3	0	1	5183	2197	75366	El Port de la Selva	101
@Georsic	<a href="https://twitter.com/Georsic" target="_blank">Georsic</a>	17	0	1	159	382	31830	Barcelona	124
@gerardsese	<a href="https://twitter.com/gerardsese" target="_blank">gerardsese</a>	0	24	0					059
@germannavarror1	<a href="https://twitter.com/germannavarror1" target="_blank">germannavarror1</a>	1	0	1	19	71	343		244
@GermaVila	<a href="https://twitter.com/GermaVila" target="_blank">GermaVila</a>	3	0	1	142	125	1955	Barcelona	011
@gfigueras	<a href="https://twitter.com/gfigueras" target="_blank">gfigueras</a>	3	0	1	8090	7633	17008	ÜT: 41.081867,1.053624	003
@gibert_bernat	<a href="https://twitter.com/gibert_bernat" target="_blank">gibert_bernat</a>	18	0	1	27	151	3866		005
@GimenezYolanda	<a href="https://twitter.com/GimenezYolanda" target="_blank">GimenezYolanda</a>	6	0	1	328	892	4852		001
@ginacompte	<a href="https://twitter.com/ginacompte" target="_blank">ginacompte</a>	3	0	1	79	300	2687		005
@giner_joan	<a href="https://twitter.com/giner_joan" target="_blank">giner_joan</a>	7	0	1	5819	1062	7171	Cornellà de Llobregat	087
@GispertSauc	<a href="https://twitter.com/GispertSauc" target="_blank">GispertSauc</a>	3	0	1	3	24	2669		001
@Givermangiv	<a href="https://twitter.com/Givermangiv" target="_blank">Givermangiv</a>	3	0	1	355	323	18660	Andorra la Vella	001
@gkpunt	<a href="https://twitter.com/gkpunt" target="_blank">gkpunt</a>	2	0	1	233	361	6498		004
@glopites	<a href="https://twitter.com/glopites" target="_blank">glopites</a>	5	0	1	237	194	8665	Sant Cugat	051
@Gloria20241629	<a href="https://twitter.com/Gloria20241629" target="_blank">Gloria20241629</a>	2	0	1	16	187	594		009
@glorialloreda	<a href="https://twitter.com/glorialloreda" target="_blank">glorialloreda</a>	6	0	1	599	595	49769		021
@Gloriarigola	<a href="https://twitter.com/Gloriarigola" target="_blank">Gloriarigola</a>	1	0	1	315	499	1751	ALP	001
@glovar07	<a href="https://twitter.com/glovar07" target="_blank">glovar07</a>	14	0	1	139	206	29913		234
@Goat13_Indy	<a href="https://twitter.com/Goat13_Indy" target="_blank">Goat13_Indy</a>	2	0	1	44	128	1839	Catalunya/ Catalonia	021
@gonpitarga	<a href="https://twitter.com/gonpitarga" target="_blank">gonpitarga</a>	6	0	1	647	2060	2667	Centelles	003
@GonzalvoSilvia	<a href="https://twitter.com/GonzalvoSilvia" target="_blank">GonzalvoSilvia</a>	2	0	1	11	58	296		059
@Gorka25	<a href="https://twitter.com/Gorka25" target="_blank">Gorka25</a>	1	1	0	390	1075	4556	Catalunya ||*||	236
@GORU172	<a href="https://twitter.com/GORU172" target="_blank">GORU172</a>	6	0	1	10	66	1330	Lleida	110
@GraceAspin6	<a href="https://twitter.com/GraceAspin6" target="_blank">GraceAspin6</a>	1	0	1	335	940	13812	Portland, OR	073
@GranerJosep	<a href="https://twitter.com/GranerJosep" target="_blank">GranerJosep</a>	5	0	1	60	303	2083	Barcelona, Catalunya	004
@GranollersDC	<a href="https://twitter.com/GranollersDC" target="_blank">GranollersDC</a>	2	0	1	152	586	127	Granollers, Catalunya	011
@GrasGene	<a href="https://twitter.com/GrasGene" target="_blank">GrasGene</a>	2	0	1	6	57	286		009
@GringoSkiador	<a href="https://twitter.com/GringoSkiador" target="_blank">GringoSkiador</a>	11	0	1	664	191	29702	Sant Cugat - Catalunya	155
@GriseldaPostigo	<a href="https://twitter.com/GriseldaPostigo" target="_blank">GriseldaPostigo</a>	8	0	1	103	117	5234		020
@GrupdeTreball	<a href="https://twitter.com/GrupdeTreball" target="_blank">GrupdeTreball</a>	6	0	1	24	71	4161		021
@gsolmec3	<a href="https://twitter.com/gsolmec3" target="_blank">gsolmec3</a>	3	0	1	24	54	53		065
@guandemor	<a href="https://twitter.com/guandemor" target="_blank">guandemor</a>	5	0	1	206	437	11566	Barcelona, España	059
@Guatlleta	<a href="https://twitter.com/Guatlleta" target="_blank">Guatlleta</a>	10	0	1	186	288	59086	Catalunya	021
@gueriowen	<a href="https://twitter.com/gueriowen" target="_blank">gueriowen</a>	5	0	1	87	297	4147		159
@gui_llem_hg	<a href="https://twitter.com/gui_llem_hg" target="_blank">gui_llem_hg</a>	2	0	1	222	497	1503		066
@Guidda25	<a href="https://twitter.com/Guidda25" target="_blank">Guidda25</a>	6	0	1	64	144	3180		007
@Guiilleem11	<a href="https://twitter.com/Guiilleem11" target="_blank">Guiilleem11</a>	1	0	1	1151	918	10813	Barcelona, Catalunya	001
@GuillemBelmar	<a href="https://twitter.com/GuillemBelmar" target="_blank">GuillemBelmar</a>	22	0	2	1044	2298	28436	Leeuwarden, Nederland	055
@Guscarrascotfe	<a href="https://twitter.com/Guscarrascotfe" target="_blank">Guscarrascotfe</a>	2	0	1	546	291	18403	Manresa	075
@GusDUI	<a href="https://twitter.com/GusDUI" target="_blank">GusDUI</a>	2	0	1	794	634	26781	Catalonia	061
@hannahbcn1	<a href="https://twitter.com/hannahbcn1" target="_blank">hannahbcn1</a>	29	0	1	2666	2968	118923	Barcelona, Catalunya	045
@Hanxxs	<a href="https://twitter.com/Hanxxs" target="_blank">Hanxxs</a>	12	0	2	805	701	53330		014
@happyworkssbd	<a href="https://twitter.com/happyworkssbd" target="_blank">happyworkssbd</a>	1	0	1	38	147	142	Sabadell	217
@Hartmannmora	<a href="https://twitter.com/Hartmannmora" target="_blank">Hartmannmora</a>	4	0	1	2242	2087	45526	Catalunya central	004
@HARWARDGILL	<a href="https://twitter.com/HARWARDGILL" target="_blank">HARWARDGILL</a>	2	0	1	107	129	465	Tarragona, Catalunya	003
@hectorpa	<a href="https://twitter.com/hectorpa" target="_blank">hectorpa</a>	7	0	1	404	758	16307	Barcelona, Catalunya	026
@helena_llm	<a href="https://twitter.com/helena_llm" target="_blank">helena_llm</a>	3	0	1	94	367	9861	Catalogne nord	059
@HelleKettner	<a href="https://twitter.com/HelleKettner" target="_blank">HelleKettner</a>	4	8	0	4705	1209	7326	Tarragona-Barcelona, Catalonia	050
@HeluaBilbo	<a href="https://twitter.com/HeluaBilbo" target="_blank">HeluaBilbo</a>	18	0	1	542	533	54157		061
@Hexposito46	<a href="https://twitter.com/Hexposito46" target="_blank">Hexposito46</a>	1	0	1	121	112	271		080
@hfontcall	<a href="https://twitter.com/hfontcall" target="_blank">hfontcall</a>	23	0	2	102	156	23884		001
@hjgdp	<a href="https://twitter.com/hjgdp" target="_blank">hjgdp</a>	9	3	2	620	1635	11565	les Corts, Barcelona	144
@HMinuesa	<a href="https://twitter.com/HMinuesa" target="_blank">HMinuesa</a>	0	2	0					111
@holacardona	<a href="https://twitter.com/holacardona" target="_blank">holacardona</a>	4	0	1	82	176	4996		045
@holaemdiccarles	<a href="https://twitter.com/holaemdiccarles" target="_blank">holaemdiccarles</a>	0	2	0					141
@holoturoideu	<a href="https://twitter.com/holoturoideu" target="_blank">holoturoideu</a>	8	1	0	2996	2541	50703	Catalunya	235
@home_del_sac	<a href="https://twitter.com/home_del_sac" target="_blank">home_del_sac</a>	2	0	1	326	149	24195		001
@HortaArran	<a href="https://twitter.com/HortaArran" target="_blank">HortaArran</a>	4	10	0	1685	949	4069	Horta, Barcelonès Nord	066
@Houseteee	<a href="https://twitter.com/Houseteee" target="_blank">Houseteee</a>	4	0	1	15	120	1806	Catalunya (Països Catalans)	015
@HsoriaH	<a href="https://twitter.com/HsoriaH" target="_blank">HsoriaH</a>	1	0	1	83	365	65		206
@HugoNaudin	<a href="https://twitter.com/HugoNaudin" target="_blank">HugoNaudin</a>	8	0	1	2769	1851	109949	Je me le demande souvent	051
@huguet_gabriel	<a href="https://twitter.com/huguet_gabriel" target="_blank">huguet_gabriel</a>	100	0	9	135	145	21388	Riells i Viabrea, Catalunya	004
@I_CSC	<a href="https://twitter.com/I_CSC" target="_blank">I_CSC</a>	3	4	0	3898	3025	5742	Països Catalans	011
@iahmedini	<a href="https://twitter.com/iahmedini" target="_blank">iahmedini</a>	1	0	1	18	82	328		142
@ianFilosofeando	<a href="https://twitter.com/ianFilosofeando" target="_blank">ianFilosofeando</a>	9	0	1	459	1387	22513	Mi buzón ✎✉ @AP33285 - BCN	051
@IbaiKNY	<a href="https://twitter.com/IbaiKNY" target="_blank">IbaiKNY</a>	2	0	1	3443	2670	64997	Barcelona, Catalunya	001
@ibanbdn	<a href="https://twitter.com/ibanbdn" target="_blank">ibanbdn</a>	7	0	1	1742	2188	13754	Vila de Gràcia	059
@ibesora	<a href="https://twitter.com/ibesora" target="_blank">ibesora</a>	1	0	1	1415	3447	14083	Berga	017
@Ibisabel	<a href="https://twitter.com/Ibisabel" target="_blank">Ibisabel</a>	3	0	1	419	780	19534	Barcelona	004
@ICONNA1	<a href="https://twitter.com/ICONNA1" target="_blank">ICONNA1</a>	9	0	1	2367	2397	16028		069
@Icorde	<a href="https://twitter.com/Icorde" target="_blank">Icorde</a>	1	0	1	440	904	3717	Lima- Barcelona	021
@ifenna_unic	<a href="https://twitter.com/ifenna_unic" target="_blank">ifenna_unic</a>	1	0	1	43	59	8505		004
@IFernaRibelles	<a href="https://twitter.com/IFernaRibelles" target="_blank">IFernaRibelles</a>	1	0	1	202	643	3771	Raimat, Lleida	001
@ifont4	<a href="https://twitter.com/ifont4" target="_blank">ifont4</a>	2	0	1	182	381	5975		007
@Ifontgi	<a href="https://twitter.com/Ifontgi" target="_blank">Ifontgi</a>	1	0	1	31	97	106	reus	132
@IGalipienso	<a href="https://twitter.com/IGalipienso" target="_blank">IGalipienso</a>	1	0	1	393	3	7108		239
@IGereka	<a href="https://twitter.com/IGereka" target="_blank">IGereka</a>	2	0	1	202	593	4445	Getaia	057
@ignasi_besora	<a href="https://twitter.com/ignasi_besora" target="_blank">ignasi_besora</a>	2	0	1	224	591	7149		007
@IgnasiMayolas	<a href="https://twitter.com/IgnasiMayolas" target="_blank">IgnasiMayolas</a>	8	0	1	34	71	5305		156
@ignatiuegarensi	<a href="https://twitter.com/ignatiuegarensi" target="_blank">ignatiuegarensi</a>	1	0	1	15	76	683		075
@IgorMeltxor	<a href="https://twitter.com/IgorMeltxor" target="_blank">IgorMeltxor</a>	4	13	0	8414	5624	13759	Ortuella (Bizkaia)	061
@Ii_iITLLCIi_iI	<a href="https://twitter.com/Ii_iITLLCIi_iI" target="_blank">Ii_iITLLCIi_iI</a>	25	1	1	1322	863	41228	🌐⚠️ Catalunya ♥️	036
@Ilitia82	<a href="https://twitter.com/Ilitia82" target="_blank">Ilitia82</a>	6	0	1	11	99	1701		057
@IMarcuello	<a href="https://twitter.com/IMarcuello" target="_blank">IMarcuello</a>	4	2	0	1778	1351	33749	Sant Adrià de Besòs/ Barcelona	001
@imma_ccorominas	<a href="https://twitter.com/imma_ccorominas" target="_blank">imma_ccorominas</a>	5	0	1	235	354	46667	Navàs	022
@immagodevi	<a href="https://twitter.com/immagodevi" target="_blank">immagodevi</a>	7	0	1	276	434	34812	Mataró, Espanya	056
@immapunti	<a href="https://twitter.com/immapunti" target="_blank">immapunti</a>	1	0	1	105	298	982	Vic, Barcelona, Catalunya	021
@ImmaSistane	<a href="https://twitter.com/ImmaSistane" target="_blank">ImmaSistane</a>	3	0	1	76	243	3281	Barcelona, Espanya	005
@immasuge	<a href="https://twitter.com/immasuge" target="_blank">immasuge</a>	8	0	2	118	179	18406		007
@inakisantos_11	<a href="https://twitter.com/inakisantos_11" target="_blank">inakisantos_11</a>	1	0	1	353	751	21222	Iruña- Txantrea	057
@indepesCCOO	<a href="https://twitter.com/indepesCCOO" target="_blank">indepesCCOO</a>	11	29	0	1169	247	5056	Catalunya	062
@IndepesSi	<a href="https://twitter.com/IndepesSi" target="_blank">IndepesSi</a>	16	0	1	232	338	7064	Sempre Endavant!	001
@indignindigente	<a href="https://twitter.com/indignindigente" target="_blank">indignindigente</a>	50	0	1	11606	9046	372989	Montseny Barcelona	014
@infogrempleo	<a href="https://twitter.com/infogrempleo" target="_blank">infogrempleo</a>	1	0	1	7	22	87	Albio, Tarragona.	228
@inigogoiko	<a href="https://twitter.com/inigogoiko" target="_blank">inigogoiko</a>	2	0	1	161	179	3790	ataun	057
@inigosuspe	<a href="https://twitter.com/inigosuspe" target="_blank">inigosuspe</a>	13	0	1	2410	3144	103322	Euskal Herria	057
@InkibackJaime	<a href="https://twitter.com/InkibackJaime" target="_blank">InkibackJaime</a>	1	0	1	120	246	4768	Barcelona	021
@IntoMari	<a href="https://twitter.com/IntoMari" target="_blank">IntoMari</a>	14	0	2	322	195	78725	Sant Boi	007
@IoritzEtxebeste	<a href="https://twitter.com/IoritzEtxebeste" target="_blank">IoritzEtxebeste</a>	2	0	1	1302	438	28142	EUSKAL HERRIA	057
@Iris57534726B	<a href="https://twitter.com/Iris57534726B" target="_blank">Iris57534726B</a>	10	0	2	261	478	13995		009
@irodon	<a href="https://twitter.com/irodon" target="_blank">irodon</a>	4	1	1	4354	1915	21428	Valls	029
@isa_roor	<a href="https://twitter.com/isa_roor" target="_blank">isa_roor</a>	40	0	1	104	112	13609	Barcelona	154
@isaacperaire	<a href="https://twitter.com/isaacperaire" target="_blank">isaacperaire</a>	9	1	1	7468	4016	52641	Prats de Lluçanès	024
@isabelbargallo1	<a href="https://twitter.com/isabelbargallo1" target="_blank">isabelbargallo1</a>	11	0	2	149	189	9183		004
@isabeleta2	<a href="https://twitter.com/isabeleta2" target="_blank">isabeleta2</a>	3	0	1	3371	3781	53380	Catalunya	001
@isabelmhaq	<a href="https://twitter.com/isabelmhaq" target="_blank">isabelmhaq</a>	5	1	0	152	407	4235	Xixón - Spain	019
@IsabelRedgaliz	<a href="https://twitter.com/IsabelRedgaliz" target="_blank">IsabelRedgaliz</a>	4	0	1	149	365	17209	barcelona	001
@ISASOLAGON	<a href="https://twitter.com/ISASOLAGON" target="_blank">ISASOLAGON</a>	1	0	1	37	81	95		011
@IsiCat2015	<a href="https://twitter.com/IsiCat2015" target="_blank">IsiCat2015</a>	0	1	0					232
@IsidreSierra	<a href="https://twitter.com/IsidreSierra" target="_blank">IsidreSierra</a>	3	0	1	2563	2473	19536	sant climent de llobregat	003
@itslixiebieber	<a href="https://twitter.com/itslixiebieber" target="_blank">itslixiebieber</a>	8	0	1	750	921	19503	Barcelona, Països Catalans.	016
@iuforn	<a href="https://twitter.com/iuforn" target="_blank">iuforn</a>	2	0	1	47437	269	26907		001
@Ivanet77	<a href="https://twitter.com/Ivanet77" target="_blank">Ivanet77</a>	2	1	0	190	577	3488	Sabadell-Catalonia-Catalunya	067
@IvanOrpella	<a href="https://twitter.com/IvanOrpella" target="_blank">IvanOrpella</a>	3	0	1	194	631	2736		062
@ivanvoinitski	<a href="https://twitter.com/ivanvoinitski" target="_blank">ivanvoinitski</a>	32	0	1	723	207	216834	Tomsk	004
@izovi	<a href="https://twitter.com/izovi" target="_blank">izovi</a>	8	0	1	165	175	15797	Avui al aeroport de...	001
@j0n0r0	<a href="https://twitter.com/j0n0r0" target="_blank">j0n0r0</a>	1	0	1	139	247	5985	Vés a saber on anirem a parar.	055
@Ja_hi_som	<a href="https://twitter.com/Ja_hi_som" target="_blank">Ja_hi_som</a>	1	0	1	582	389	9977	#jahisomgp	001
@Jabi_dikas	<a href="https://twitter.com/Jabi_dikas" target="_blank">Jabi_dikas</a>	1	0	1	315	304	2995	Urnieta ziti (EH)	057
@Jacint_	<a href="https://twitter.com/Jacint_" target="_blank">Jacint_</a>	2	0	1	274	560	4079	Catalunya	060
@Jacme	<a href="https://twitter.com/Jacme" target="_blank">Jacme</a>	1	1	0	401	372	3706	La Cala	231
@jacob_31	<a href="https://twitter.com/jacob_31" target="_blank">jacob_31</a>	16	0	1	37	269	1496	Barcelona	007
@jael_cat	<a href="https://twitter.com/jael_cat" target="_blank">jael_cat</a>	0	1	0					107
@jafeliu	<a href="https://twitter.com/jafeliu" target="_blank">jafeliu</a>	3	0	1	57	101	1175	Cardedeu, Catalunya	049
@jaimercalero	<a href="https://twitter.com/jaimercalero" target="_blank">jaimercalero</a>	12	0	1	123	146	10906		058
@jaipcat	<a href="https://twitter.com/jaipcat" target="_blank">jaipcat</a>	3	1	1	6178	5478	13374	Vilafranca - Països Catalans	023
@jalmacellas	<a href="https://twitter.com/jalmacellas" target="_blank">jalmacellas</a>	16	0	2	1615	4429	63357	Països Catalans	048
@JamesSmithee1	<a href="https://twitter.com/JamesSmithee1" target="_blank">JamesSmithee1</a>	1	0	1	283	626	54040		073
@JanBarcino	<a href="https://twitter.com/JanBarcino" target="_blank">JanBarcino</a>	3	0	1	1165	2754	30135	Barcelona, República Catalana	017
@JanetNolla	<a href="https://twitter.com/JanetNolla" target="_blank">JanetNolla</a>	14	0	1	117	76	12699		054
@janquim	<a href="https://twitter.com/janquim" target="_blank">janquim</a>	0	2	0					004
@Jaume08010	<a href="https://twitter.com/Jaume08010" target="_blank">Jaume08010</a>	1	0	1	8	126	96	les Corts, Barcelona	068
@jaumecst	<a href="https://twitter.com/jaumecst" target="_blank">jaumecst</a>	10	0	1	2135	2103	25992		072
@jaumeferrerpuig	<a href="https://twitter.com/jaumeferrerpuig" target="_blank">jaumeferrerpuig</a>	4	0	1	692	1888	14537	Montblanc | Vilafranca	021
@jaumemogue	<a href="https://twitter.com/jaumemogue" target="_blank">jaumemogue</a>	1	0	1	24	99	1599		007
@JaumeNollaiMart	<a href="https://twitter.com/JaumeNollaiMart" target="_blank">JaumeNollaiMart</a>	3	0	1	3811	682	29090	Instagram: @jaumenolla	005
@jaumeserrag	<a href="https://twitter.com/jaumeserrag" target="_blank">jaumeserrag</a>	3	0	1	141	433	8344		001
@JaumeXii70	<a href="https://twitter.com/JaumeXii70" target="_blank">JaumeXii70</a>	9	0	2	193	420	27028		004
@Javi_Quique_OK	<a href="https://twitter.com/Javi_Quique_OK" target="_blank">Javi_Quique_OK</a>	34	0	2	26859	19052	400612	Galdo, España	007
@JavierMartinBor	<a href="https://twitter.com/JavierMartinBor" target="_blank">JavierMartinBor</a>	2	0	1	69	121	671	Ullastrell	003
@jbarrullbadia	<a href="https://twitter.com/jbarrullbadia" target="_blank">jbarrullbadia</a>	16	0	1	240	438	8346		001
@jbascu53	<a href="https://twitter.com/jbascu53" target="_blank">jbascu53</a>	17	0	3	2385	3345	97884		004
@jbhc10	<a href="https://twitter.com/jbhc10" target="_blank">jbhc10</a>	10	0	1	199	583	17788		055
@jbkinderbo	<a href="https://twitter.com/jbkinderbo" target="_blank">jbkinderbo</a>	2	0	1	88	450	836		131
@jbrunetj	<a href="https://twitter.com/jbrunetj" target="_blank">jbrunetj</a>	5	0	1	63	142	3880	Catalunya	001
@jcabezas4647	<a href="https://twitter.com/jcabezas4647" target="_blank">jcabezas4647</a>	2	0	1	94	392	1882		001
@Jcamprup	<a href="https://twitter.com/Jcamprup" target="_blank">Jcamprup</a>	23	0	2	27	100	4006		021
@jcastann	<a href="https://twitter.com/jcastann" target="_blank">jcastann</a>	3	0	1	23	115	1606		101
@jcc_cat	<a href="https://twitter.com/jcc_cat" target="_blank">jcc_cat</a>	3	1	0	3636	2627	5651	Catalunya	108
@jcecatalunya	<a href="https://twitter.com/jcecatalunya" target="_blank">jcecatalunya</a>	8	0	2	3522	3991	47212	República de Catalunya, EU	014
@jcunya	<a href="https://twitter.com/jcunya" target="_blank">jcunya</a>	7	0	1	182	223	4859	CAT	025
@jemc0	<a href="https://twitter.com/jemc0" target="_blank">jemc0</a>	6	0	2	426	240	18517	Catalània	055
@jepijet	<a href="https://twitter.com/jepijet" target="_blank">jepijet</a>	4	0	1	561	2078	6797	Sabadell	001
@jepit63	<a href="https://twitter.com/jepit63" target="_blank">jepit63</a>	8	0	1	36	93	2675		007
@jercstcugat	<a href="https://twitter.com/jercstcugat" target="_blank">jercstcugat</a>	6	0	1	1082	757	2683	Sant Cugat, Països Catalans	032
@jercStJoanAb	<a href="https://twitter.com/jercStJoanAb" target="_blank">jercStJoanAb</a>	2	0	1	252	271	363	Sant Joan de les Abadesses	221
@jercviladecans	<a href="https://twitter.com/jercviladecans" target="_blank">jercviladecans</a>	3	0	1	181	216	930	Viladecans, Catalunya	077
@jesuset58	<a href="https://twitter.com/jesuset58" target="_blank">jesuset58</a>	6	0	1	2679	2601	32700	I am Catalan	004
@jesusrubiosuria	<a href="https://twitter.com/jesusrubiosuria" target="_blank">jesusrubiosuria</a>	2	0	1	386	604	8746	Súria	001
@jfeliup	<a href="https://twitter.com/jfeliup" target="_blank">jfeliup</a>	3	0	1	101	484	8598	Catalunya	059
@jgarciavalls	<a href="https://twitter.com/jgarciavalls" target="_blank">jgarciavalls</a>	6	0	1	421	924	4172	Valls	003
@jgarro66	<a href="https://twitter.com/jgarro66" target="_blank">jgarro66</a>	1	0	1	1183	2178	14264	Badajoz, a 700 kms. de Bilbao	115
@jgmarimon	<a href="https://twitter.com/jgmarimon" target="_blank">jgmarimon</a>	1	4	0	49	233	1152		045
@jibern57	<a href="https://twitter.com/jibern57" target="_blank">jibern57</a>	1	0	1	61	36	1806		049
@jimfer1964	<a href="https://twitter.com/jimfer1964" target="_blank">jimfer1964</a>	8	0	1	234	69	24059	SantaKo, Cataluña	112
@jintyjanjan	<a href="https://twitter.com/jintyjanjan" target="_blank">jintyjanjan</a>	0	3	0					012
@jiru35	<a href="https://twitter.com/jiru35" target="_blank">jiru35</a>	4	0	1	299	702	11215	Barcelona	001
@Jisegura78	<a href="https://twitter.com/Jisegura78" target="_blank">Jisegura78</a>	3	17	1	159	235	6607	Badalona, España	064
@jlguart	<a href="https://twitter.com/jlguart" target="_blank">jlguart</a>	4	0	1	32	133	1266		021
@JLLGarciaS	<a href="https://twitter.com/JLLGarciaS" target="_blank">JLLGarciaS</a>	15	0	1	94	110	9939		115
@jllrs	<a href="https://twitter.com/jllrs" target="_blank">jllrs</a>	1	0	1	24	203	469		001
@jls_palacios	<a href="https://twitter.com/jls_palacios" target="_blank">jls_palacios</a>	3	0	1	1146	2404	11088	Santa Coloma de Gramenet	027
@jm_cabases	<a href="https://twitter.com/jm_cabases" target="_blank">jm_cabases</a>	7	0	1	734	264	45939	Entre el Vallès i el Segrià	049
@jmartimayol	<a href="https://twitter.com/jmartimayol" target="_blank">jmartimayol</a>	7	0	2	188	253	3368	Molins de Rei	051
@Jmasdomi	<a href="https://twitter.com/Jmasdomi" target="_blank">Jmasdomi</a>	13	0	1	476	1284	17107	Catalunya, Països Catalans	005
@Jmateuvi	<a href="https://twitter.com/Jmateuvi" target="_blank">Jmateuvi</a>	4	0	1	497	971	32405		165
@jmb_tram312	<a href="https://twitter.com/jmb_tram312" target="_blank">jmb_tram312</a>	1	0	1	446	396	11396		007
@jmbullichsj	<a href="https://twitter.com/jmbullichsj" target="_blank">jmbullichsj</a>	15	0	1	100	188	3929	MANRESA	007
@jmcruz40	<a href="https://twitter.com/jmcruz40" target="_blank">jmcruz40</a>	0	1	0					001
@jmeyaa	<a href="https://twitter.com/jmeyaa" target="_blank">jmeyaa</a>	6	0	1	313	612	17379		064
@jmmarce	<a href="https://twitter.com/jmmarce" target="_blank">jmmarce</a>	3	0	1	227	180	7096	Catalunya	021
@JMMD8	<a href="https://twitter.com/JMMD8" target="_blank">JMMD8</a>	7	1	0	1790	4103	27028		002
@jmontanalleset	<a href="https://twitter.com/jmontanalleset" target="_blank">jmontanalleset</a>	2	0	1	362	774	1136	Pallars Sobirà	003
@JMotaSierra	<a href="https://twitter.com/JMotaSierra" target="_blank">JMotaSierra</a>	6	0	1	561	1424	3497	Girona - Catalunya	149
@JMTejedoGrau	<a href="https://twitter.com/JMTejedoGrau" target="_blank">JMTejedoGrau</a>	2	0	1	85	211	400	Argentona, Catalunya	021
@jmterricabras	<a href="https://twitter.com/jmterricabras" target="_blank">jmterricabras</a>	1	79	0	32928	606	3914	Girona	005
@JMTibau	<a href="https://twitter.com/JMTibau" target="_blank">JMTibau</a>	2	6	0	3232	2866	8920	Tortosa/Cornudella. Catalunya	079
@jmvila49	<a href="https://twitter.com/jmvila49" target="_blank">jmvila49</a>	3	0	1	4200	4085	62360	Soc ANC	001
@jmximenis	<a href="https://twitter.com/jmximenis" target="_blank">jmximenis</a>	3	0	1	1022	487	3670	Arenys de Munt	195
@jnavarroe	<a href="https://twitter.com/jnavarroe" target="_blank">jnavarroe</a>	2	0	1	309	553	2120	Blanes (Girona) Catalunya	021
@JNCatalunya	<a href="https://twitter.com/JNCatalunya" target="_blank">JNCatalunya</a>	1	2	0	8685	2591	8876		124
@JNCCampTGN	<a href="https://twitter.com/JNCCampTGN" target="_blank">JNCCampTGN</a>	13	0	1	344	376	933	Camp de Tarragona, Catalunya	003
@JNCCiutatVella	<a href="https://twitter.com/JNCCiutatVella" target="_blank">JNCCiutatVella</a>	8	0	1	259	138	11908	Barcelona, Catalunya	003
@JNCtdlleida	<a href="https://twitter.com/JNCtdlleida" target="_blank">JNCtdlleida</a>	3	0	2	1086	1235	2331	Terres de Lleida, Catalunya	107
@joan_benaiges	<a href="https://twitter.com/joan_benaiges" target="_blank">joan_benaiges</a>	0	2	0					110
@Joan_Gatell	<a href="https://twitter.com/Joan_Gatell" target="_blank">Joan_Gatell</a>	7	0	2	116	682	2866	Sabadell	056
@joan_pujolas	<a href="https://twitter.com/joan_pujolas" target="_blank">joan_pujolas</a>	5	0	2	740	778	6689	Països Catalans	047
@joan_seaview	<a href="https://twitter.com/joan_seaview" target="_blank">joan_seaview</a>	2	0	1	163	287	10204	Barcelona	005
@joanabep	<a href="https://twitter.com/joanabep" target="_blank">joanabep</a>	1	0	1	414	984	5377		001
@joanacatany	<a href="https://twitter.com/joanacatany" target="_blank">joanacatany</a>	3	0	1	440	633	4871	Llucmajor, Illes Balears.	116
@joanafarrera	<a href="https://twitter.com/joanafarrera" target="_blank">joanafarrera</a>	7	0	1	44	149	887		003
@joanagabarrof	<a href="https://twitter.com/joanagabarrof" target="_blank">joanagabarrof</a>	88	0	3	626	264	100639		003
@joanantonisach	<a href="https://twitter.com/joanantonisach" target="_blank">joanantonisach</a>	1	0	1	48	699	872	Lavern - Subirats	001
@joanarinoibarz	<a href="https://twitter.com/joanarinoibarz" target="_blank">joanarinoibarz</a>	1	10	0	4	49	484		070
@joanawake	<a href="https://twitter.com/joanawake" target="_blank">joanawake</a>	1	0	1	274	271	1328	La Seu d'Urgell and Andorra	009
@JoanBaello	<a href="https://twitter.com/JoanBaello" target="_blank">JoanBaello</a>	9	0	1	52	122	4723	Barcelona, Espanya	020
@joanbatlle	<a href="https://twitter.com/joanbatlle" target="_blank">joanbatlle</a>	1	0	1	202	57	459	Barcelona	022
@JoanBay	<a href="https://twitter.com/JoanBay" target="_blank">JoanBay</a>	38	0	4	2356	4275	118153	el masnou/bcn/països catalans	004
@JoanBGS	<a href="https://twitter.com/JoanBGS" target="_blank">JoanBGS</a>	12	0	1	674	687	14727	Catalunya	028
@joancasanovas27	<a href="https://twitter.com/joancasanovas27" target="_blank">joancasanovas27</a>	8	0	1	30	130	2675	Son Sardina - Mallorca	001
@Joanctmail	<a href="https://twitter.com/Joanctmail" target="_blank">Joanctmail</a>	8	0	2	367	1213	11588		003
@joandausa	<a href="https://twitter.com/joandausa" target="_blank">joandausa</a>	1	39	0	14698	3663	3971	Sant Feliu de Llobregat. CAT	051
@Joandlpc	<a href="https://twitter.com/Joandlpc" target="_blank">Joandlpc</a>	3	0	1	277	271	6153	Girona, Catalunya	007
@joanesbarandi	<a href="https://twitter.com/joanesbarandi" target="_blank">joanesbarandi</a>	1	0	1	304	285	12935	Bilbao/Zaratamo	091
@joanferrr	<a href="https://twitter.com/joanferrr" target="_blank">joanferrr</a>	9	0	2	2688	2378	33894	Entre Mataró i Granollers	121
@JoanFontRibera	<a href="https://twitter.com/JoanFontRibera" target="_blank">JoanFontRibera</a>	4	0	1	1415	684	22870	Alt Empordà	047
@Joangomezr	<a href="https://twitter.com/Joangomezr" target="_blank">Joangomezr</a>	6	0	1	685	1317	4245		001
@joanguiu	<a href="https://twitter.com/joanguiu" target="_blank">joanguiu</a>	1	0	1	79	417	1746	casa meua	001
@joangv66	<a href="https://twitter.com/joangv66" target="_blank">joangv66</a>	8	0	1	208	680	17444	An Occupied Country	058
@Joanhernandez75	<a href="https://twitter.com/Joanhernandez75" target="_blank">Joanhernandez75</a>	1	0	1	96	329	229	Lloret de Mar, Catalunya	021
@JoanHoms	<a href="https://twitter.com/JoanHoms" target="_blank">JoanHoms</a>	2	0	1	20	66	203		021
@Joanibanez1971	<a href="https://twitter.com/Joanibanez1971" target="_blank">Joanibanez1971</a>	6	0	1	154	434	21435		001
@joaninsky	<a href="https://twitter.com/joaninsky" target="_blank">joaninsky</a>	9	0	1	201	333	6013	Tarragona, Catalunya.	021
@joanjordam	<a href="https://twitter.com/joanjordam" target="_blank">joanjordam</a>	5	0	2	1083	2104	3803	Sant Boi de Llobregat, Espanya	011
@JoanLaportaFCB	<a href="https://twitter.com/JoanLaportaFCB" target="_blank">JoanLaportaFCB</a>	0	1	0					208
@joanmariapique	<a href="https://twitter.com/joanmariapique" target="_blank">joanmariapique</a>	12	1	0	18693	3854	90362	Barcelona, Catalunya	004
@JoanMayolGibert	<a href="https://twitter.com/JoanMayolGibert" target="_blank">JoanMayolGibert</a>	27	0	3	956	1685	25995	Caldes de Montbui	011
@JoanotColom	<a href="https://twitter.com/JoanotColom" target="_blank">JoanotColom</a>	3	0	1	389	248	5434	RepubliCAT-Colònia felanitxera	064
@JoanPages7	<a href="https://twitter.com/JoanPages7" target="_blank">JoanPages7</a>	8	0	1	189	668	11512	L'Ametlla del Vallès	007
@JoanPerkele	<a href="https://twitter.com/JoanPerkele" target="_blank">JoanPerkele</a>	2	0	1	94	386	930	Bethesda, MD	021
@JoanR_	<a href="https://twitter.com/JoanR_" target="_blank">JoanR_</a>	10	0	1	632	1748	41761	De la Terra Ferma.	007
@JoanRamon	<a href="https://twitter.com/JoanRamon" target="_blank">JoanRamon</a>	1	1	0	30	171	934	Catalunya	209
@joanrecasens	<a href="https://twitter.com/joanrecasens" target="_blank">joanrecasens</a>	5	0	1	1548	770	5826		071
@joantarradas	<a href="https://twitter.com/joantarradas" target="_blank">joantarradas</a>	3	0	1	169	157	626	Teià	223
@JoanVinyesPuig	<a href="https://twitter.com/JoanVinyesPuig" target="_blank">JoanVinyesPuig</a>	1	0	1	375	420	1332	Sant Quirze del Vallès	082
@joanvm	<a href="https://twitter.com/joanvm" target="_blank">joanvm</a>	3	0	1	594	1945	21877	Barcelona, Catalonia	004
@JOATIKIQUIN	<a href="https://twitter.com/JOATIKIQUIN" target="_blank">JOATIKIQUIN</a>	1	0	1	134	464	2620		007
@jocrusells	<a href="https://twitter.com/jocrusells" target="_blank">jocrusells</a>	12	0	1	104	226	6160		266
@joeabenpresa	<a href="https://twitter.com/joeabenpresa" target="_blank">joeabenpresa</a>	4	0	1	2676	1814	77037	Rolle.Ginebra	001
@JoelBernaus	<a href="https://twitter.com/JoelBernaus" target="_blank">JoelBernaus</a>	9	0	1	161	84	26007	Lleida	001
@joeltgn	<a href="https://twitter.com/joeltgn" target="_blank">joeltgn</a>	3	0	1	311	337	9147	Tarragona	062
@jofre53	<a href="https://twitter.com/jofre53" target="_blank">jofre53</a>	10	0	1	23	36	1453		054
@JofrePilos	<a href="https://twitter.com/JofrePilos" target="_blank">JofrePilos</a>	14	0	2	463	947	24411		053
@JohnGaltthe	<a href="https://twitter.com/JohnGaltthe" target="_blank">JohnGaltthe</a>	4	0	1	93	460	2471	Santako, Catalonia	050
@JonAnderSagas	<a href="https://twitter.com/JonAnderSagas" target="_blank">JonAnderSagas</a>	1	0	1	273	271	3463	Deustu-Euskal Herria	061
@JonnyValleyBoy	<a href="https://twitter.com/JonnyValleyBoy" target="_blank">JonnyValleyBoy</a>	2	0	1	2035	1210	84170	Cymru nid Prydain	053
@jonotrago	<a href="https://twitter.com/jonotrago" target="_blank">jonotrago</a>	15	0	1	2257	2259	56206	Catalunya, Països Catalans	061
@jopirov	<a href="https://twitter.com/jopirov" target="_blank">jopirov</a>	8	0	1	2522	2054	16290	Pirineu de Lleida	001
@jordanesku10	<a href="https://twitter.com/jordanesku10" target="_blank">jordanesku10</a>	9	0	1	603	792	47622	Barcelona, Catalonia	059
@jordi_baldo	<a href="https://twitter.com/jordi_baldo" target="_blank">jordi_baldo</a>	3	0	1	1117	2156	14162	Països Catalans	011
@jordi_cardus	<a href="https://twitter.com/jordi_cardus" target="_blank">jordi_cardus</a>	36	0	1	459	750	24894	Catalunya	004
@jordi_gimeno	<a href="https://twitter.com/jordi_gimeno" target="_blank">jordi_gimeno</a>	1	0	1	6	63	107	Alella	001
@jordi_grinyo	<a href="https://twitter.com/jordi_grinyo" target="_blank">jordi_grinyo</a>	0	2	0					139
@jordi_masachs	<a href="https://twitter.com/jordi_masachs" target="_blank">jordi_masachs</a>	2	0	1	26	142	1041	Sant Antoni de Vilamajor, Espanya	204
@jordi_naval	<a href="https://twitter.com/jordi_naval" target="_blank">jordi_naval</a>	21	0	2	530	857	18032	Barcelona, Espanya	049
@Jordi_Orobitg	<a href="https://twitter.com/Jordi_Orobitg" target="_blank">Jordi_Orobitg</a>	3	0	1	1834	239	4806	Lloret de Mar	094
@jordi_rouge	<a href="https://twitter.com/jordi_rouge" target="_blank">jordi_rouge</a>	31	0	1	1247	1191	93677	Barcelona Catalunya.	032
@jordi_rubioes	<a href="https://twitter.com/jordi_rubioes" target="_blank">jordi_rubioes</a>	2	10	0	348	519	2327	Olot, Catalunya	071
@jordi_thoms	<a href="https://twitter.com/jordi_thoms" target="_blank">jordi_thoms</a>	2	0	1	340	854	5430	Baix Llobregat nord	001
@Jordi1Juarez	<a href="https://twitter.com/Jordi1Juarez" target="_blank">Jordi1Juarez</a>	3	0	1	167	185	4047	Molins de Rei, Catalunya	021
@JordiAPT21	<a href="https://twitter.com/JordiAPT21" target="_blank">JordiAPT21</a>	16	0	1	319	357	19114	Badalona, España	089
@jordiboletet	<a href="https://twitter.com/jordiboletet" target="_blank">jordiboletet</a>	1	0	1	177	437	7771	República de Catalunya	049
@jordiclosa	<a href="https://twitter.com/jordiclosa" target="_blank">jordiclosa</a>	1	0	1	25	60	2833		001
@Jordicostelo	<a href="https://twitter.com/Jordicostelo" target="_blank">Jordicostelo</a>	17	0	3	137	256	13569		001
@JordiCubalan	<a href="https://twitter.com/JordiCubalan" target="_blank">JordiCubalan</a>	6	0	1	602	1353	5263	Barcelona -- Catalunya	021
@jordidalmau22	<a href="https://twitter.com/jordidalmau22" target="_blank">jordidalmau22</a>	3	0	1	25	124	480		005
@jordifisio	<a href="https://twitter.com/jordifisio" target="_blank">jordifisio</a>	1	0	1	365	936	3814	Castelló d'empúries	001
@jordigilabert	<a href="https://twitter.com/jordigilabert" target="_blank">jordigilabert</a>	2	9	0	1955	1869	20411	montmeló / granollers	011
@jordigraur	<a href="https://twitter.com/jordigraur" target="_blank">jordigraur</a>	18	0	1	3307	1382	94478	Catalunya	021
@Jordijpardo	<a href="https://twitter.com/Jordijpardo" target="_blank">Jordijpardo</a>	11	0	1	667	960	18180	Sabadell. Catalonia. PPCC	049
@jordimaths79	<a href="https://twitter.com/jordimaths79" target="_blank">jordimaths79</a>	0	10	0					065
@jordiobiols85	<a href="https://twitter.com/jordiobiols85" target="_blank">jordiobiols85</a>	1	0	1	24	116	22	La Seu d'Urgell - Andorra	001
@JordiPhoto	<a href="https://twitter.com/JordiPhoto" target="_blank">JordiPhoto</a>	4	0	1	1832	2083	24481	Barcelona.Menorca	003
@JordiPina1	<a href="https://twitter.com/JordiPina1" target="_blank">JordiPina1</a>	1	0	1	608	343	2500	catalunya	009
@jordiplan6	<a href="https://twitter.com/jordiplan6" target="_blank">jordiplan6</a>	1	0	1	334	602	15885		011
@jordipons8	<a href="https://twitter.com/jordipons8" target="_blank">jordipons8</a>	13	0	1	22	100	2754	Catalunya	096
@jordipujals	<a href="https://twitter.com/jordipujals" target="_blank">jordipujals</a>	1	0	1	1390	2054	6209	Berga	196
@JordiRaClot	<a href="https://twitter.com/JordiRaClot" target="_blank">JordiRaClot</a>	1	0	1	2	22	70	Barcelona	023
@jordisendra	<a href="https://twitter.com/jordisendra" target="_blank">jordisendra</a>	10	0	1	3453	3513	29032	Tarragona, CATALUNYA	003
@JordiTaronja	<a href="https://twitter.com/JordiTaronja" target="_blank">JordiTaronja</a>	5	0	1	17	38	1486	Barcelona, Catalunya	063
@jorditenora	<a href="https://twitter.com/jorditenora" target="_blank">jorditenora</a>	1	0	1	918	751	2569		267
@JordiUriVila	<a href="https://twitter.com/JordiUriVila" target="_blank">JordiUriVila</a>	1	0	1	1267	1627	2546	Barcelona, Catalunya	088
@jordivndrll	<a href="https://twitter.com/jordivndrll" target="_blank">jordivndrll</a>	2	0	1	198	398	2583		076
@Jorpaes	<a href="https://twitter.com/Jorpaes" target="_blank">Jorpaes</a>	1	0	1	214	202	1381	Palamós	003
@jorx3	<a href="https://twitter.com/jorx3" target="_blank">jorx3</a>	2	1	0	182	434	1805	Cardedeu	204
@jorx600	<a href="https://twitter.com/jorx600" target="_blank">jorx600</a>	1	0	1	32	98	204	Barcelona	079
@josasis	<a href="https://twitter.com/josasis" target="_blank">josasis</a>	4	0	1	650	2353	25047	València	001
@JoseLuisSanz20	<a href="https://twitter.com/JoseLuisSanz20" target="_blank">JoseLuisSanz20</a>	1	0	1	7	31	82		021
@joseluisstrauss	<a href="https://twitter.com/joseluisstrauss" target="_blank">joseluisstrauss</a>	6	0	1	46	225	2113	Barcelona	007
@josep_beltran	<a href="https://twitter.com/josep_beltran" target="_blank">josep_beltran</a>	0	1	0					003
@Josep_Guerrero	<a href="https://twitter.com/Josep_Guerrero" target="_blank">Josep_Guerrero</a>	17	0	1	421	407	22894	Salt, Girones, Catalunya	246
@Josep_Orra	<a href="https://twitter.com/Josep_Orra" target="_blank">Josep_Orra</a>	12	0	1	1505	4327	9746		163
@josep_tomas	<a href="https://twitter.com/josep_tomas" target="_blank">josep_tomas</a>	13	0	1	253	179	8846	Catalunya	003
@Josep10Marti	<a href="https://twitter.com/Josep10Marti" target="_blank">Josep10Marti</a>	13	0	1	59	134	2856		021
@JosepArnau	<a href="https://twitter.com/JosepArnau" target="_blank">JosepArnau</a>	26	0	1	2350	2545	61809	Dublin City, Ireland	054
@josepbarril	<a href="https://twitter.com/josepbarril" target="_blank">josepbarril</a>	6	0	1	47	78	6061	sabadell	005
@josepbelg	<a href="https://twitter.com/josepbelg" target="_blank">josepbelg</a>	2	0	1	1170	546	20163	Procesconstituent-República	049
@JosepBenGurion8	<a href="https://twitter.com/JosepBenGurion8" target="_blank">JosepBenGurion8</a>	1	0	1	9	67	379		059
@josepcanal	<a href="https://twitter.com/josepcanal" target="_blank">josepcanal</a>	1	1	0	568	1148	12727	Girona	203
@JosepCanals222	<a href="https://twitter.com/JosepCanals222" target="_blank">JosepCanals222</a>	47	0	1	435	276	66515	REPÚBLICA DE CATALUNYA, UE.	007
@JosepCarmona	<a href="https://twitter.com/JosepCarmona" target="_blank">JosepCarmona</a>	10	0	1	10502	10377	83885	Barcelona, España	003
@josepdolot	<a href="https://twitter.com/josepdolot" target="_blank">josepdolot</a>	7	0	1	135	429	2799		064
@JOSEPFARRASGO	<a href="https://twitter.com/JOSEPFARRASGO" target="_blank">JOSEPFARRASGO</a>	4	0	1	273	891	1159		164
@josepfrancesest	<a href="https://twitter.com/josepfrancesest" target="_blank">josepfrancesest</a>	7	0	2	204	303	6317		037
@josepfroura	<a href="https://twitter.com/josepfroura" target="_blank">josepfroura</a>	8	0	1	51	540	4687	Besalú	021
@josepgisbert	<a href="https://twitter.com/josepgisbert" target="_blank">josepgisbert</a>	1	0	1	306	541	1646	Sabadell, Catalunya	041
@JosepGontan	<a href="https://twitter.com/JosepGontan" target="_blank">JosepGontan</a>	12	0	1	406	1739	13334		011
@JosepGraells	<a href="https://twitter.com/JosepGraells" target="_blank">JosepGraells</a>	3	0	1	326	428	2226	Sant Pere de Ribes	021
@joseplluisat	<a href="https://twitter.com/joseplluisat" target="_blank">joseplluisat</a>	3	0	1	488	494	3415	Rubí	010
@josepmcastella	<a href="https://twitter.com/josepmcastella" target="_blank">josepmcastella</a>	3	0	1	8	75	556	Vilassar de Dalt, Espanya	005
@JosepMMontaner	<a href="https://twitter.com/JosepMMontaner" target="_blank">JosepMMontaner</a>	2	1	0	604	990	3748	Solsona-Olius-Sant Andreu	202
@JosepRamonBadia	<a href="https://twitter.com/JosepRamonBadia" target="_blank">JosepRamonBadia</a>	17	0	1	1107	2087	10639	Barcelona	001
@JosepRuaix	<a href="https://twitter.com/JosepRuaix" target="_blank">JosepRuaix</a>	74	0	1	1256	3755	57222		007
@JosepRufa	<a href="https://twitter.com/JosepRufa" target="_blank">JosepRufa</a>	4	0	1	1189	1770	9568	La Selva del Camp	062
@JosepTellez	<a href="https://twitter.com/JosepTellez" target="_blank">JosepTellez</a>	6	0	1	6238	1162	21269	Badalona	064
@JosepTristany	<a href="https://twitter.com/JosepTristany" target="_blank">JosepTristany</a>	1	0	1	238	173	2637	Cardona	008
@josepuntcat	<a href="https://twitter.com/josepuntcat" target="_blank">josepuntcat</a>	9	69	4	22323	19166	41366	9NSíSí~ViaCatT50~V14~M15~Tgn16	007
@josgnzlz	<a href="https://twitter.com/josgnzlz" target="_blank">josgnzlz</a>	16	0	1	1964	656	57387	Sabadell, Barcelona	052
@josmato	<a href="https://twitter.com/josmato" target="_blank">josmato</a>	18	0	1	270	499	12963		001
@josoob	<a href="https://twitter.com/josoob" target="_blank">josoob</a>	3	0	1	149	269	8034	el Prat de Llobregat, Catalunya	074
@josspjossp	<a href="https://twitter.com/josspjossp" target="_blank">josspjossp</a>	5	0	1	1209	2047	43619		001
@Jota_Still	<a href="https://twitter.com/Jota_Still" target="_blank">Jota_Still</a>	3	0	1	28	159	1329	Moderdonia	007
@jovenmaori	<a href="https://twitter.com/jovenmaori" target="_blank">jovenmaori</a>	23	0	1	1867	2274	152262	Euskal Herria	001
@JovesValls	<a href="https://twitter.com/JovesValls" target="_blank">JovesValls</a>	1	21	0	8408	2048	6118	Valls	060
@jovitapuigsoler	<a href="https://twitter.com/jovitapuigsoler" target="_blank">jovitapuigsoler</a>	1	0	1	8	74	796		001
@jp_noicat	<a href="https://twitter.com/jp_noicat" target="_blank">jp_noicat</a>	0	1	0					191
@jpairo	<a href="https://twitter.com/jpairo" target="_blank">jpairo</a>	2	0	1	417	214	1685	Catalunya	020
@jpc_1974	<a href="https://twitter.com/jpc_1974" target="_blank">jpc_1974</a>	1	0	1	8	71	46		191
@jpele80	<a href="https://twitter.com/jpele80" target="_blank">jpele80</a>	0	1	0					189
@jpidiazabal	<a href="https://twitter.com/jpidiazabal" target="_blank">jpidiazabal</a>	1	0	1	7	78	177		001
@jpolpirru	<a href="https://twitter.com/jpolpirru" target="_blank">jpolpirru</a>	2	0	1	192	398	1861	República de Catalunya	057
@jpresastwit	<a href="https://twitter.com/jpresastwit" target="_blank">jpresastwit</a>	4	0	3	382	264	1983	Girona	062
@jr_llover	<a href="https://twitter.com/jr_llover" target="_blank">jr_llover</a>	5	1	0	302	189	1978	Catalunya	190
@jroger25	<a href="https://twitter.com/jroger25" target="_blank">jroger25</a>	0	1	0					187
@JRRBiker	<a href="https://twitter.com/JRRBiker" target="_blank">JRRBiker</a>	0	1	0					188
@jsgispert	<a href="https://twitter.com/jsgispert" target="_blank">jsgispert</a>	3	2	0	12220	9696	9127	Catalunya, Europa	119
@jtorrents	<a href="https://twitter.com/jtorrents" target="_blank">jtorrents</a>	8	3	1	11635	6254	70431	Granollers	088
@jtravesset	<a href="https://twitter.com/jtravesset" target="_blank">jtravesset</a>	13	0	2	71	258	11881		004
@juandi	<a href="https://twitter.com/juandi" target="_blank">juandi</a>	9	0	1	137	411	4661		269
@JuaniKusturica	<a href="https://twitter.com/JuaniKusturica" target="_blank">JuaniKusturica</a>	1	0	1	383	274	4073	KNY	078
@Juanito_Palomo	<a href="https://twitter.com/Juanito_Palomo" target="_blank">Juanito_Palomo</a>	3	0	1	79	225	1779		027
@JuanJ2708	<a href="https://twitter.com/JuanJ2708" target="_blank">JuanJ2708</a>	19	0	3	90	144	14730	Cat	051
@Juanjobrull	<a href="https://twitter.com/Juanjobrull" target="_blank">Juanjobrull</a>	2	0	1	41	368	690	Amposta	001
@juanjosbd	<a href="https://twitter.com/juanjosbd" target="_blank">juanjosbd</a>	8	0	1	1162	1264	12727	Sabadell	179
@juanpegarridof	<a href="https://twitter.com/juanpegarridof" target="_blank">juanpegarridof</a>	4	0	1	32	149	2115	Móstoles, España	007
@JuanRamonArnau	<a href="https://twitter.com/JuanRamonArnau" target="_blank">JuanRamonArnau</a>	11	0	1	160	337	27175		021
@jucollvi	<a href="https://twitter.com/jucollvi" target="_blank">jucollvi</a>	18	0	3	79	110	24788		051
@jucunu	<a href="https://twitter.com/jucunu" target="_blank">jucunu</a>	1	0	1	51	87	749	Cabrera de Mar Barcelona Spain	021
@juditcalveras	<a href="https://twitter.com/juditcalveras" target="_blank">juditcalveras</a>	0	1	0					005
@juditvida2	<a href="https://twitter.com/juditvida2" target="_blank">juditvida2</a>	8	0	1	115	223	3900	la Bisbal del Penedès, Espanya	060
@Julia_Macushla	<a href="https://twitter.com/Julia_Macushla" target="_blank">Julia_Macushla</a>	3	0	1	163	379	2344		021
@JuliaBacardit	<a href="https://twitter.com/JuliaBacardit" target="_blank">JuliaBacardit</a>	9	0	1	663	1373	2104	Barcelona, España	002
@JuliaMartorell	<a href="https://twitter.com/JuliaMartorell" target="_blank">JuliaMartorell</a>	2	0	1	18	26	426		005
@JulianAssange	<a href="https://twitter.com/JulianAssange" target="_blank">JulianAssange</a>	2	4	0	438828	1	3018	Everywhere	090
@juliangrau	<a href="https://twitter.com/juliangrau" target="_blank">juliangrau</a>	45	0	1	1791	2139	156693	Bueno pues molt bé pues adiós.	004
@julimestieri	<a href="https://twitter.com/julimestieri" target="_blank">julimestieri</a>	5	0	1	886	1883	12382	Sant Cugat del Vallès	046
@julsaco	<a href="https://twitter.com/julsaco" target="_blank">julsaco</a>	13	0	1	802	1161	113678		063
@JuntsPelSi_Cat	<a href="https://twitter.com/JuntsPelSi_Cat" target="_blank">JuntsPelSi_Cat</a>	35	1	2	3397	2406	95301		003
@JuntsSi	<a href="https://twitter.com/JuntsSi" target="_blank">JuntsSi</a>	9	0	1	85	321	6229		009
@jvayreda	<a href="https://twitter.com/jvayreda" target="_blank">jvayreda</a>	1	0	1	119	342	542		055
@jvilach	<a href="https://twitter.com/jvilach" target="_blank">jvilach</a>	35	0	4	741	1036	39308	Barcelona, República Catalana	055
@Kaesar14	<a href="https://twitter.com/Kaesar14" target="_blank">Kaesar14</a>	11	0	1	1453	2019	88223	Roquetes - Catalunya - PPCC	049
@kalaportu	<a href="https://twitter.com/kalaportu" target="_blank">kalaportu</a>	4	0	1	4631	2772	10709	Zarautz	053
@KaleZale	<a href="https://twitter.com/KaleZale" target="_blank">KaleZale</a>	1	1	0	425	798	6156	Atarrabia	185
@KaliYuga13	<a href="https://twitter.com/KaliYuga13" target="_blank">KaliYuga13</a>	20	0	1	343	223	85100		021
@kanallak1	<a href="https://twitter.com/kanallak1" target="_blank">kanallak1</a>	7	0	1	3782	3758	3342		061
@karlgg_	<a href="https://twitter.com/karlgg_" target="_blank">karlgg_</a>	1	0	1	129	418	642	Stalingrad	052
@Karmgut	<a href="https://twitter.com/Karmgut" target="_blank">Karmgut</a>	2	0	1	107	388	4117	Matadepera (Catalunya)	001
@Karolll70	<a href="https://twitter.com/Karolll70" target="_blank">Karolll70</a>	15	0	1	1395	1266	51913	Sitges, República de Catalunya	004
@karolus71	<a href="https://twitter.com/karolus71" target="_blank">karolus71</a>	1	0	1	478	823	3562	Baix Ebre, Cat. PPCC	049
@kataklock	<a href="https://twitter.com/kataklock" target="_blank">kataklock</a>	28	6	0	1499	2819	42283	República Catalana	007
@kavisvaski	<a href="https://twitter.com/kavisvaski" target="_blank">kavisvaski</a>	4	1	0	92	212	2085		184
@Kellliure	<a href="https://twitter.com/Kellliure" target="_blank">Kellliure</a>	42	0	3	255	366	49993		009
@kikucule	<a href="https://twitter.com/kikucule" target="_blank">kikucule</a>	24	0	1	6890	5740	231029	Barcelona, Catalunya	004
@kikupipo	<a href="https://twitter.com/kikupipo" target="_blank">kikupipo</a>	37	0	1	8646	7051	385845		093
@kim_soler	<a href="https://twitter.com/kim_soler" target="_blank">kim_soler</a>	3	1	0	10659	2802	26466	Catalonia, Europe, World	120
@kinbota	<a href="https://twitter.com/kinbota" target="_blank">kinbota</a>	42	0	1	191	225	44853		007
@kittenguardian	<a href="https://twitter.com/kittenguardian" target="_blank">kittenguardian</a>	1	1	0	308	406	1402	Barcelona	183
@Koldo_	<a href="https://twitter.com/Koldo_" target="_blank">Koldo_</a>	8	0	1	101	191	2336	Figueres	015
@konx78	<a href="https://twitter.com/konx78" target="_blank">konx78</a>	7	0	2	189	251	34651	Granollers	001
@Koxis90	<a href="https://twitter.com/Koxis90" target="_blank">Koxis90</a>	2	0	1	72	369	5156	Calatunya: Not Spain	052
@ktobox	<a href="https://twitter.com/ktobox" target="_blank">ktobox</a>	3	0	2	3	49	42	Cataluña	021
@Kunsapeta	<a href="https://twitter.com/Kunsapeta" target="_blank">Kunsapeta</a>	4	1	0	406	850	6709	||*||	182
@l_obrera	<a href="https://twitter.com/l_obrera" target="_blank">l_obrera</a>	1	15	0	2217	493	2918	Avg de Barberà 142, Sabadell	052
@La__Vida__	<a href="https://twitter.com/La__Vida__" target="_blank">La__Vida__</a>	38	0	1	3350	87	102864	Catalunya	007
@La_Coronela_	<a href="https://twitter.com/La_Coronela_" target="_blank">La_Coronela_</a>	23	0	4	69	418	5088	l'Hospitalet de Llobregat	007
@LA_ISABELLA_	<a href="https://twitter.com/LA_ISABELLA_" target="_blank">LA_ISABELLA_</a>	0	1	0					036
@La_Starlet	<a href="https://twitter.com/La_Starlet" target="_blank">La_Starlet</a>	10	0	1	332	453	17296	Badalona	004
@la_xirinoia	<a href="https://twitter.com/la_xirinoia" target="_blank">la_xirinoia</a>	4	2	0	64	127	591	Barcelona	014
@LABudaladonosti	<a href="https://twitter.com/LABudaladonosti" target="_blank">LABudaladonosti</a>	1	0	1	242	324	1979	Euskal Herria	080
@lacasadelavall	<a href="https://twitter.com/lacasadelavall" target="_blank">lacasadelavall</a>	9	0	2	39	496	2508	Erill la Vall	050
@laciutatdels	<a href="https://twitter.com/laciutatdels" target="_blank">laciutatdels</a>	3	0	1	204	408	6785	Barcelona, Catalunya	001
@LaDiferencial	<a href="https://twitter.com/LaDiferencial" target="_blank">LaDiferencial</a>	15	0	2	747	1379	17184	Catalunya. #SíSí	007
@laespadamocles	<a href="https://twitter.com/laespadamocles" target="_blank">laespadamocles</a>	1	1	0	66	281	2497		181
@LaiaAliart	<a href="https://twitter.com/LaiaAliart" target="_blank">LaiaAliart</a>	1	0	1	123	309	1130		001
@laiachaconcanut	<a href="https://twitter.com/laiachaconcanut" target="_blank">laiachaconcanut</a>	1	0	1	45	387	1706		009
@Laieti	<a href="https://twitter.com/Laieti" target="_blank">Laieti</a>	3	0	1	569	2102	4338		049
@lainmaromeo	<a href="https://twitter.com/lainmaromeo" target="_blank">lainmaromeo</a>	2	0	2	865	1964	5556	Lleida. Mollerussa-Borges-TGN.	062
@Laksmizz	<a href="https://twitter.com/Laksmizz" target="_blank">Laksmizz</a>	6	3	1	14291	12365	14934	Reus / New York ||★||	004
@lamarta	<a href="https://twitter.com/lamarta" target="_blank">lamarta</a>	24	0	1	954	926	43584	Catalunya	008
@LandaJauna	<a href="https://twitter.com/LandaJauna" target="_blank">LandaJauna</a>	17	1	1	1477	1455	46681	Iruñea [Basque Free Republic]	272
@Lanesttosa	<a href="https://twitter.com/Lanesttosa" target="_blank">Lanesttosa</a>	6	0	1	1194	1224	43216	Bilbo, Bizkaia.	061
@LangTeachersIre	<a href="https://twitter.com/LangTeachersIre" target="_blank">LangTeachersIre</a>	1	0	1	6572	4871	87687		053
@lantoniola	<a href="https://twitter.com/lantoniola" target="_blank">lantoniola</a>	41	0	3	327	26	34948	Catalunya	007
@LaQuartera	<a href="https://twitter.com/LaQuartera" target="_blank">LaQuartera</a>	0	2	0					118
@lartauni	<a href="https://twitter.com/lartauni" target="_blank">lartauni</a>	3	0	1	204	442	4137		057
@LaTiger1	<a href="https://twitter.com/LaTiger1" target="_blank">LaTiger1</a>	10	0	1	1314	1475	47532	Confoederatio Helvetica	141
@Laura_Pujol	<a href="https://twitter.com/Laura_Pujol" target="_blank">Laura_Pujol</a>	3	0	1	361	178	4576	Sabadell - Catalunya	012
@lauracarrera_	<a href="https://twitter.com/lauracarrera_" target="_blank">lauracarrera_</a>	2	0	1	66	219	768		021
@LauraFrances82	<a href="https://twitter.com/LauraFrances82" target="_blank">LauraFrances82</a>	3	0	1	184	379	672	Girona	005
@Laurence_Sterne	<a href="https://twitter.com/Laurence_Sterne" target="_blank">Laurence_Sterne</a>	31	0	1	226	227	35044		050
@lavernicola	<a href="https://twitter.com/lavernicola" target="_blank">lavernicola</a>	7	0	2	123	334	4855	Reading, England	001
@laveu2roses	<a href="https://twitter.com/laveu2roses" target="_blank">laveu2roses</a>	2	1	0	303	52	8845	Roses, Catalunya	180
@lca1979	<a href="https://twitter.com/lca1979" target="_blank">lca1979</a>	2	0	1	4	25	38		152
@LDalmauGutsens	<a href="https://twitter.com/LDalmauGutsens" target="_blank">LDalmauGutsens</a>	7	0	1	259	293	10383		060
@Lespo_	<a href="https://twitter.com/Lespo_" target="_blank">Lespo_</a>	19	0	1	114	658	7449	Sant Adrià de Besòs, Catalunya	128
@LFImagina	<a href="https://twitter.com/LFImagina" target="_blank">LFImagina</a>	10	2	0	741	652	6480	Les Franqueses del Vallès	137
@librosconalma	<a href="https://twitter.com/librosconalma" target="_blank">librosconalma</a>	3	0	1	4386	4998	42333	Barcelona, España	062
@lidia_molero	<a href="https://twitter.com/lidia_molero" target="_blank">lidia_molero</a>	1	0	1	13	175	12	Valls, España	060
@lidia_pons	<a href="https://twitter.com/lidia_pons" target="_blank">lidia_pons</a>	0	1	0					107
@Lillithput	<a href="https://twitter.com/Lillithput" target="_blank">Lillithput</a>	6	0	1	216	239	8852		057
@linacabrils	<a href="https://twitter.com/linacabrils" target="_blank">linacabrils</a>	3	0	1	111	148	797	Cabrils, España	028
@linitaantonina	<a href="https://twitter.com/linitaantonina" target="_blank">linitaantonina</a>	5	0	1	6	78	546		021
@litoshome	<a href="https://twitter.com/litoshome" target="_blank">litoshome</a>	4	0	1	108	191	4572	Catalunya , Catalunya.	021
@llagosteraji	<a href="https://twitter.com/llagosteraji" target="_blank">llagosteraji</a>	3	0	1	2	89	789		020
@llembp	<a href="https://twitter.com/llembp" target="_blank">llembp</a>	1	0	1	94	507	1504	Barcelona - Catalonia	001
@llenguaddicta	<a href="https://twitter.com/llenguaddicta" target="_blank">llenguaddicta</a>	3	1	0	206	197	2849	Barcelona, Catalonia	001
@llenguadebou	<a href="https://twitter.com/llenguadebou" target="_blank">llenguadebou</a>	3	0	1	25	124	964		001
@llibertatcat_	<a href="https://twitter.com/llibertatcat_" target="_blank">llibertatcat_</a>	2	0	1	5	14	1571		062
@llibertmargalef	<a href="https://twitter.com/llibertmargalef" target="_blank">llibertmargalef</a>	14	0	1	143	253	5680		007
@llJoramll	<a href="https://twitter.com/llJoramll" target="_blank">llJoramll</a>	4	0	1	175	384	961	Catalunya	002
@llturro	<a href="https://twitter.com/llturro" target="_blank">llturro</a>	8	7	0	1332	1231	19382	Catalunya ||*||	001
@LlucCahis	<a href="https://twitter.com/LlucCahis" target="_blank">LlucCahis</a>	1	0	1	963	1282	1524		138
@LluciaJulbe	<a href="https://twitter.com/LluciaJulbe" target="_blank">LluciaJulbe</a>	11	0	1	15	189	1770	Rheinfelden Deutschland	021
@lluisaaguilera	<a href="https://twitter.com/lluisaaguilera" target="_blank">lluisaaguilera</a>	3	0	1	205	143	1540	Catalunya	001
@LluisBorrell87	<a href="https://twitter.com/LluisBorrell87" target="_blank">LluisBorrell87</a>	2	0	1	423	1059	16093	|Goiânia - GO - Brasil|	004
@LluisBoschvins	<a href="https://twitter.com/LluisBoschvins" target="_blank">LluisBoschvins</a>	10	0	1	38128	38939	35821		004
@LluisCatala	<a href="https://twitter.com/LluisCatala" target="_blank">LluisCatala</a>	3	0	1	434	334	8174	Alcover	060
@lluisgallen	<a href="https://twitter.com/lluisgallen" target="_blank">lluisgallen</a>	3	0	1	286	335	2794	Tiana / Catalunya	090
@LluisMarco1	<a href="https://twitter.com/LluisMarco1" target="_blank">LluisMarco1</a>	18	0	1	1585	529	17668	Catalunya	005
@lluisminguell	<a href="https://twitter.com/lluisminguell" target="_blank">lluisminguell</a>	2	0	1	178	411	2430	Catalunya	072
@LluisPerarnau	<a href="https://twitter.com/LluisPerarnau" target="_blank">LluisPerarnau</a>	6	1	0	426	245	3689	Vallès Occidental	179
@lluispiqueras	<a href="https://twitter.com/lluispiqueras" target="_blank">lluispiqueras</a>	1	0	1	81	162	682	Barcelona Spain	051
@Lluisrigal	<a href="https://twitter.com/Lluisrigal" target="_blank">Lluisrigal</a>	5	0	1	153	357	1823		205
@llunavermella	<a href="https://twitter.com/llunavermella" target="_blank">llunavermella</a>	166	0	6	3532	791	445765	catalunya	001
@Llusa19	<a href="https://twitter.com/Llusa19" target="_blank">Llusa19</a>	11	0	1	26	124	4392		005
@lmanent	<a href="https://twitter.com/lmanent" target="_blank">lmanent</a>	4	0	1	1858	3641	97822	Sabadell, Països Catalans	007
@lmarrama	<a href="https://twitter.com/lmarrama" target="_blank">lmarrama</a>	9	0	1	53	84	5432		057
@lnasticat	<a href="https://twitter.com/lnasticat" target="_blank">lnasticat</a>	0	1	0					178
@lockcda	<a href="https://twitter.com/lockcda" target="_blank">lockcda</a>	3	0	1	280	274	32921		166
@LocoTaca	<a href="https://twitter.com/LocoTaca" target="_blank">LocoTaca</a>	36	0	1	4	24	378	Manresa, Catalunya	092
@lohen11	<a href="https://twitter.com/lohen11" target="_blank">lohen11</a>	2	0	1	234	494	3432	Sant Cugat del Vallès. CAT	001
@Lola49075700	<a href="https://twitter.com/Lola49075700" target="_blank">Lola49075700</a>	3	0	1	35	45	2198		062
@lolaromeu10	<a href="https://twitter.com/lolaromeu10" target="_blank">lolaromeu10</a>	29	0	2	1599	1983	37875	BCN	026
@loligonzalez68	<a href="https://twitter.com/loligonzalez68" target="_blank">loligonzalez68</a>	28	0	1	22	78	7103	Sant Celoni, Catalunya	003
@LongaronM	<a href="https://twitter.com/LongaronM" target="_blank">LongaronM</a>	5	0	1	89	216	727	Barcelona	143
@lopallares1	<a href="https://twitter.com/lopallares1" target="_blank">lopallares1</a>	3	0	1	52	125	2796		005
@lopenat36	<a href="https://twitter.com/lopenat36" target="_blank">lopenat36</a>	1	0	1	497	1191	10394	Mallorca, PPCC, Esperantujo	116
@lord_Jordi	<a href="https://twitter.com/lord_Jordi" target="_blank">lord_Jordi</a>	12	0	1	51	46	5501	Tàrrega, España	001
@lordamarauri	<a href="https://twitter.com/lordamarauri" target="_blank">lordamarauri</a>	18	0	1	100	231	1044		058
@losada_rosillo	<a href="https://twitter.com/losada_rosillo" target="_blank">losada_rosillo</a>	1	0	1	6	13	178		065
@lothlertu	<a href="https://twitter.com/lothlertu" target="_blank">lothlertu</a>	33	0	1	3172	2427	387144		004
@louisbcn17141	<a href="https://twitter.com/louisbcn17141" target="_blank">louisbcn17141</a>	11	0	1	30	27	3318		003
@lourdesg2a	<a href="https://twitter.com/lourdesg2a" target="_blank">lourdesg2a</a>	11	2	1	881	1297	11212	Barcelona	023
@LourdesLsurroca	<a href="https://twitter.com/LourdesLsurroca" target="_blank">LourdesLsurroca</a>	4	0	2	276	423	13377		004
@ltplana	<a href="https://twitter.com/ltplana" target="_blank">ltplana</a>	4	0	1	144	323	1369		069
@LuciMonterde	<a href="https://twitter.com/LuciMonterde" target="_blank">LuciMonterde</a>	20	0	2	870	870	34715		043
@lulay75	<a href="https://twitter.com/lulay75" target="_blank">lulay75</a>	1	0	1	53	217	3369	Barcelona	023
@LuviaEspontanea	<a href="https://twitter.com/LuviaEspontanea" target="_blank">LuviaEspontanea</a>	3	0	2	151	357	9164	Arroyomolinos de la Vera, Espa	108
@LZilahy	<a href="https://twitter.com/LZilahy" target="_blank">LZilahy</a>	3	3	0	2413	1109	8550	Begues, Barcelona (Catalunya)	104
@M__Sanchez	<a href="https://twitter.com/M__Sanchez" target="_blank">M__Sanchez</a>	4	0	1	132	170	1136	Barcelona	215
@M_BrokenLeg	<a href="https://twitter.com/M_BrokenLeg" target="_blank">M_BrokenLeg</a>	22	0	2	8965	6516	308583	BCN/Lluçanès, Catalunya	004
@m_mferrer	<a href="https://twitter.com/m_mferrer" target="_blank">m_mferrer</a>	1	0	1	58	102	45		021
@ma13maig	<a href="https://twitter.com/ma13maig" target="_blank">ma13maig</a>	1	0	1	55	53	3991		011
@ma2408	<a href="https://twitter.com/ma2408" target="_blank">ma2408</a>	7	0	1	25	43	2559		001
@maartaa24	<a href="https://twitter.com/maartaa24" target="_blank">maartaa24</a>	2	0	1	1280	840	20285	Valls	060
@MaasRosa	<a href="https://twitter.com/MaasRosa" target="_blank">MaasRosa</a>	1	0	1	46	143	4329		055
@madeinbcn	<a href="https://twitter.com/madeinbcn" target="_blank">madeinbcn</a>	2	0	1	218	306	1718	La Garriga/BCN/CAT	189
@madeinkatalonia	<a href="https://twitter.com/madeinkatalonia" target="_blank">madeinkatalonia</a>	13	0	2	77	255	7686	Barcelona	021
@madovi19571	<a href="https://twitter.com/madovi19571" target="_blank">madovi19571</a>	19	0	1	442	42	72573		001
@mafaldaviolant	<a href="https://twitter.com/mafaldaviolant" target="_blank">mafaldaviolant</a>	5	0	1	497	695	5509		007
@Magda_Lein	<a href="https://twitter.com/Magda_Lein" target="_blank">Magda_Lein</a>	7	0	2	133	269	3470		051
@MagdaAlonso8	<a href="https://twitter.com/MagdaAlonso8" target="_blank">MagdaAlonso8</a>	2	0	1	11	147	1557		003
@magdacas	<a href="https://twitter.com/magdacas" target="_blank">magdacas</a>	0	3	0					020
@magdaoriap	<a href="https://twitter.com/magdaoriap" target="_blank">magdaoriap</a>	31	0	3	670	935	22604	Castelldefels, Espanya	004
@magg_wallace	<a href="https://twitter.com/magg_wallace" target="_blank">magg_wallace</a>	6	0	1	10	54	660	España	007
@MaicaBernal	<a href="https://twitter.com/MaicaBernal" target="_blank">MaicaBernal</a>	1	0	1	38	71	909		056
@Maite55841694	<a href="https://twitter.com/Maite55841694" target="_blank">Maite55841694</a>	7	0	1	7	77	878		001
@MaiteAmigo4	<a href="https://twitter.com/MaiteAmigo4" target="_blank">MaiteAmigo4</a>	19	0	2	32	70	2107		009
@MaiteAymerich	<a href="https://twitter.com/MaiteAymerich" target="_blank">MaiteAymerich</a>	1	0	1	1269	1699	3998	Sant Vicenç dels Horts	065
@maitesala123	<a href="https://twitter.com/maitesala123" target="_blank">maitesala123</a>	3	0	1	537	873	35181		007
@maituga	<a href="https://twitter.com/maituga" target="_blank">maituga</a>	5	0	1	1101	2353	20092	barcelona	005
@Majoral33	<a href="https://twitter.com/Majoral33" target="_blank">Majoral33</a>	14	0	1	591	1583	3205		001
@Makotosama_85	<a href="https://twitter.com/Makotosama_85" target="_blank">Makotosama_85</a>	6	0	1	1505	136	46487	Vila del Pingüí (BCN)	181
@malborillo	<a href="https://twitter.com/malborillo" target="_blank">malborillo</a>	1	0	1	3110	209	42185	En la playa	007
@Mallorcat	<a href="https://twitter.com/Mallorcat" target="_blank">Mallorcat</a>	5	0	1	504	1257	9338	Palma	054
@mamaatea	<a href="https://twitter.com/mamaatea" target="_blank">mamaatea</a>	2	0	1	231	398	15212	girona- catalunya	015
@mambienaccion	<a href="https://twitter.com/mambienaccion" target="_blank">mambienaccion</a>	3	0	1	1106	975	47926	Barcelona, España.	003
@mamoros8	<a href="https://twitter.com/mamoros8" target="_blank">mamoros8</a>	4	0	1	419	822	8800	Móra d'Ebre	005
@ManCatalonia	<a href="https://twitter.com/ManCatalonia" target="_blank">ManCatalonia</a>	3	2	0	478	810	8648		128
@Manel_go	<a href="https://twitter.com/Manel_go" target="_blank">Manel_go</a>	1	0	1	72	69	5177	D'aquí, d'allà, tant se val.	001
@manel_pcr	<a href="https://twitter.com/manel_pcr" target="_blank">manel_pcr</a>	3	0	1	227	627	2546	Basque Country (Europe)	053
@manelbustos	<a href="https://twitter.com/manelbustos" target="_blank">manelbustos</a>	3	0	1	35	38	759	Sabadell,Catalunya	001
@manelclos	<a href="https://twitter.com/manelclos" target="_blank">manelclos</a>	2	0	1	39	63	645		158
@manelfarras	<a href="https://twitter.com/manelfarras" target="_blank">manelfarras</a>	2	0	1	121	261	465	aravell	009
@manelmarquez	<a href="https://twitter.com/manelmarquez" target="_blank">manelmarquez</a>	1	2	0	25532	1359	63569	Terrassa	127
@ManelMRaga	<a href="https://twitter.com/ManelMRaga" target="_blank">ManelMRaga</a>	1	0	1	128	303	1779	Barcelona	003
@manelsarrau	<a href="https://twitter.com/manelsarrau" target="_blank">manelsarrau</a>	4	0	1	553	548	8604		051
@maneltapia	<a href="https://twitter.com/maneltapia" target="_blank">maneltapia</a>	1	0	1	817	1610	8993	Manresa	008
@manfree72	<a href="https://twitter.com/manfree72" target="_blank">manfree72</a>	2	0	1	2	97	270		005
@mangelstp	<a href="https://twitter.com/mangelstp" target="_blank">mangelstp</a>	1	0	1	95	136	1784		001
@manu_rufo	<a href="https://twitter.com/manu_rufo" target="_blank">manu_rufo</a>	6	0	1	2800	3978	30341	Vic, Catalunya	064
@maps5100	<a href="https://twitter.com/maps5100" target="_blank">maps5100</a>	5	0	2	271	318	16259	Catalunya	009
@Mara6111	<a href="https://twitter.com/Mara6111" target="_blank">Mara6111</a>	39	0	2	984	435	39550		004
@MarBondia	<a href="https://twitter.com/MarBondia" target="_blank">MarBondia</a>	1	3	0	1284	1339	2705	California, USA	017
@marc_i96	<a href="https://twitter.com/marc_i96" target="_blank">marc_i96</a>	3	0	1	26	88	252		003
@marc_morera	<a href="https://twitter.com/marc_morera" target="_blank">marc_morera</a>	6	0	1	230	471	6018		021
@MarcAyala_	<a href="https://twitter.com/MarcAyala_" target="_blank">MarcAyala_</a>	20	0	1	2218	3789	15257	Valls | Camp de Tarragona	029
@marcbuffetlibre	<a href="https://twitter.com/marcbuffetlibre" target="_blank">marcbuffetlibre</a>	1	0	1	2843	136	10726	41.406111,2.157999	075
@Marcel_Bomber	<a href="https://twitter.com/Marcel_Bomber" target="_blank">Marcel_Bomber</a>	5	0	2	218	147	14398	Catalunya nou estat Europa	005
@MarcEspill	<a href="https://twitter.com/MarcEspill" target="_blank">MarcEspill</a>	9	0	1	437	1199	15257	Barcelona, Catalunya	136
@marcf_t	<a href="https://twitter.com/marcf_t" target="_blank">marcf_t</a>	3	2	0	525	1358	9150	Barcelona	037
@marcfaustino	<a href="https://twitter.com/marcfaustino" target="_blank">marcfaustino</a>	3	0	1	2219	1531	47445	Les Corts - Països Catalans	047
@marcmoia	<a href="https://twitter.com/marcmoia" target="_blank">marcmoia</a>	3	0	1	476	850	12013		020
@marcobonanote	<a href="https://twitter.com/marcobonanote" target="_blank">marcobonanote</a>	6	0	1	63	340	2190	Toledo, España	007
@MarcPuigpinos	<a href="https://twitter.com/MarcPuigpinos" target="_blank">MarcPuigpinos</a>	7	0	1	13	246	995	Catalunya, Espanya	003
@MarcPuigtio	<a href="https://twitter.com/MarcPuigtio" target="_blank">MarcPuigtio</a>	1	1	0	417	249	1901		003
@marcrosich	<a href="https://twitter.com/marcrosich" target="_blank">marcrosich</a>	14	0	1	2777	507	3260		099
@marcsd1	<a href="https://twitter.com/marcsd1" target="_blank">marcsd1</a>	29	0	1	88	376	4639	Vila de Gracia, Barcelona	004
@mardelumes	<a href="https://twitter.com/mardelumes" target="_blank">mardelumes</a>	7	1	1	1990	1057	3077	Galiza	030
@Marfil1961	<a href="https://twitter.com/Marfil1961" target="_blank">Marfil1961</a>	19	0	1	2144	2941	72264	República de Catalunya, UE	061
@marga_mas	<a href="https://twitter.com/marga_mas" target="_blank">marga_mas</a>	1	0	1	81	88	6659	Vallés Oriental	011
@margacrous	<a href="https://twitter.com/margacrous" target="_blank">margacrous</a>	3	0	1	815	1732	1350	Barcelona	268
@MargaElvira	<a href="https://twitter.com/MargaElvira" target="_blank">MargaElvira</a>	1	0	1	9	79	1026		001
@margaritafontr	<a href="https://twitter.com/margaritafontr" target="_blank">margaritafontr</a>	15	0	1	1232	1092	42358	Catalunya  Tàrrega	003
@Mariagarcia_11	<a href="https://twitter.com/Mariagarcia_11" target="_blank">Mariagarcia_11</a>	1	0	1	389	679	9178	El poble que bull	051
@MariaJOrozco1	<a href="https://twitter.com/MariaJOrozco1" target="_blank">MariaJOrozco1</a>	17	0	1	267	528	16473		005
@mariamdelleida	<a href="https://twitter.com/mariamdelleida" target="_blank">mariamdelleida</a>	14	0	1	52	202	6530	Lleida, Catalunya	009
@MariaOxbow	<a href="https://twitter.com/MariaOxbow" target="_blank">MariaOxbow</a>	48	0	1	1072	1912	225081	Barcelona	021
@MariaRigola	<a href="https://twitter.com/MariaRigola" target="_blank">MariaRigola</a>	1	0	1	336	730	905	Alp - Catalunya	001
@mariaroca87	<a href="https://twitter.com/mariaroca87" target="_blank">mariaroca87</a>	3	1	0	588	859	10944	Sarral	121
@MariaRuaix	<a href="https://twitter.com/MariaRuaix" target="_blank">MariaRuaix</a>	16	0	2	165	338	8356		005
@mariasesca	<a href="https://twitter.com/mariasesca" target="_blank">mariasesca</a>	19	0	3	5912	6287	141550	Catalunya	007
@MaribelCatala	<a href="https://twitter.com/MaribelCatala" target="_blank">MaribelCatala</a>	8	0	3	22	51	2419		021
@Maribelgg17G	<a href="https://twitter.com/Maribelgg17G" target="_blank">Maribelgg17G</a>	2	0	1	143	112	10912	Barcelona Catalunya	003
@MaricarmeNulo	<a href="https://twitter.com/MaricarmeNulo" target="_blank">MaricarmeNulo</a>	12	0	1	897	1253	25765	Balaguer	052
@MarielaVillarr2	<a href="https://twitter.com/MarielaVillarr2" target="_blank">MarielaVillarr2</a>	33	0	1	97	402	3800		007
@MarinaArimany	<a href="https://twitter.com/MarinaArimany" target="_blank">MarinaArimany</a>	2	0	1	52	226	510	Catalunya	084
@marinavifo	<a href="https://twitter.com/marinavifo" target="_blank">marinavifo</a>	5	0	1	216	358	1151	Barcelona	069
@marioelaprendiz	<a href="https://twitter.com/marioelaprendiz" target="_blank">marioelaprendiz</a>	14	0	1	231	217	35501		052
@Marionahoms	<a href="https://twitter.com/Marionahoms" target="_blank">Marionahoms</a>	1	2	0	869	1054	2858	Surienca fora vila. Manresa	008
@Maritxu950	<a href="https://twitter.com/Maritxu950" target="_blank">Maritxu950</a>	1	0	1	282	916	364	Estradenca i del Baix Montseny	006
@MariusMassalle	<a href="https://twitter.com/MariusMassalle" target="_blank">MariusMassalle</a>	5	4	0	731	365	21331	Terrassa	001
@marjose_bcn	<a href="https://twitter.com/marjose_bcn" target="_blank">marjose_bcn</a>	7	0	1	221	697	17859	Barcelona	061
@marlesribas	<a href="https://twitter.com/marlesribas" target="_blank">marlesribas</a>	1	0	1	97	136	184		226
@marrameu63	<a href="https://twitter.com/marrameu63" target="_blank">marrameu63</a>	1	0	1	13	99	148	Inòpia	123
@marramiauuuuuu	<a href="https://twitter.com/marramiauuuuuu" target="_blank">marramiauuuuuu</a>	98	0	7	414	1012	66874	Sevilla, España	011
@marta_salellas	<a href="https://twitter.com/marta_salellas" target="_blank">marta_salellas</a>	4	0	1	181	424	11460		054
@martaboldu	<a href="https://twitter.com/martaboldu" target="_blank">martaboldu</a>	5	0	1	311	399	18963	Barcelona, Catalunya	056
@MartaDejuan	<a href="https://twitter.com/MartaDejuan" target="_blank">MartaDejuan</a>	1	0	1	818	1638	19931	Andorra	009
@martaebo	<a href="https://twitter.com/martaebo" target="_blank">martaebo</a>	2	0	1	480	2282	2747		058
@martaleonri	<a href="https://twitter.com/martaleonri" target="_blank">martaleonri</a>	0	5	0					087
@martamartuki	<a href="https://twitter.com/martamartuki" target="_blank">martamartuki</a>	1	0	1	276	683	597		160
@MartaMigo	<a href="https://twitter.com/MartaMigo" target="_blank">MartaMigo</a>	2	0	1	142	392	2966	Valls -Catalunya-	029
@martamonnef	<a href="https://twitter.com/martamonnef" target="_blank">martamonnef</a>	2	0	1	553	1147	5804	Maresme	001
@martamunjo	<a href="https://twitter.com/martamunjo" target="_blank">martamunjo</a>	5	0	1	357	319	8538		222
@MartaSensada	<a href="https://twitter.com/MartaSensada" target="_blank">MartaSensada</a>	2	0	1	125	132	3097	Barcelona, Catalunya	056
@martasugranyes1	<a href="https://twitter.com/martasugranyes1" target="_blank">martasugranyes1</a>	1	0	1	442	435	3907		065
@MartaTapiolas	<a href="https://twitter.com/MartaTapiolas" target="_blank">MartaTapiolas</a>	9	0	1	57	144	8630	Barcelona	005
@martavilaltat	<a href="https://twitter.com/martavilaltat" target="_blank">martavilaltat</a>	2	0	1	7651	3048	14384	Torregrossa. Països Catalans.	008
@MartiArau	<a href="https://twitter.com/MartiArau" target="_blank">MartiArau</a>	5	0	1	58	161	4003		001
@martiboigues	<a href="https://twitter.com/martiboigues" target="_blank">martiboigues</a>	2	0	1	3714	1915	15982	Girona	015
@marticasares	<a href="https://twitter.com/marticasares" target="_blank">marticasares</a>	1	0	1	701	1169	5432	Vilassar de mar	062
@MartiHatikva	<a href="https://twitter.com/MartiHatikva" target="_blank">MartiHatikva</a>	3	0	1	241	619	1670		001
@martinraquelm	<a href="https://twitter.com/martinraquelm" target="_blank">martinraquelm</a>	1	0	1	56	123	309		190
@martiserrano	<a href="https://twitter.com/martiserrano" target="_blank">martiserrano</a>	3	0	1	135	102	49356	Barcelona	021
@martitze	<a href="https://twitter.com/martitze" target="_blank">martitze</a>	34	0	1	2104	2049	208455	EH	001
@MartonapmPm	<a href="https://twitter.com/MartonapmPm" target="_blank">MartonapmPm</a>	1	0	1	12	75	60		003
@martossais	<a href="https://twitter.com/martossais" target="_blank">martossais</a>	8	0	1	1062	959	4645	Tordera - Barcelona	003
@Mas693	<a href="https://twitter.com/Mas693" target="_blank">Mas693</a>	3	0	1	99	196	9968		001
@Masdelbondia	<a href="https://twitter.com/Masdelbondia" target="_blank">Masdelbondia</a>	1	0	1	464	498	14169		049
@MasiesVoltrega	<a href="https://twitter.com/MasiesVoltrega" target="_blank">MasiesVoltrega</a>	2	0	1	266	66	78		230
@MasoQueralt	<a href="https://twitter.com/MasoQueralt" target="_blank">MasoQueralt</a>	18	0	2	86	166	6584		002
@Mater_audacia	<a href="https://twitter.com/Mater_audacia" target="_blank">Mater_audacia</a>	31	0	1	1656	1151	78420	República de Catalunya	009
@MateuMirai	<a href="https://twitter.com/MateuMirai" target="_blank">MateuMirai</a>	17	0	1	612	1779	19372	Barcelona, Catalunya, PPCC	011
@MAU211267	<a href="https://twitter.com/MAU211267" target="_blank">MAU211267</a>	8	0	2	3	84	1620		054
@MAxiuxiueig	<a href="https://twitter.com/MAxiuxiueig" target="_blank">MAxiuxiueig</a>	40	0	1	880	1107	41286	Catalunya	016
@maypibcn	<a href="https://twitter.com/maypibcn" target="_blank">maypibcn</a>	3	0	1	66	155	977		011
@mazonisongs	<a href="https://twitter.com/mazonisongs" target="_blank">mazonisongs</a>	0	7	0					047
@MbpPobama	<a href="https://twitter.com/MbpPobama" target="_blank">MbpPobama</a>	1	0	1	59	125	4222	Vilassar de Dalt,Catalunya.	001
@MBuscalla	<a href="https://twitter.com/MBuscalla" target="_blank">MBuscalla</a>	1	0	1	42	107	171		068
@mcaballatif	<a href="https://twitter.com/mcaballatif" target="_blank">mcaballatif</a>	1	0	1	45	251	349	Barcelona	271
@mcapafons	<a href="https://twitter.com/mcapafons" target="_blank">mcapafons</a>	9	0	1	188	312	15676		049
@mcarmemm52	<a href="https://twitter.com/mcarmemm52" target="_blank">mcarmemm52</a>	7	0	1	121	401	2643	tarragona, catalunya	050
@MCarmenEscriche	<a href="https://twitter.com/MCarmenEscriche" target="_blank">MCarmenEscriche</a>	1	0	1	441	778	4193		007
@mclarapr	<a href="https://twitter.com/mclarapr" target="_blank">mclarapr</a>	3	0	1	102	194	1409	Catalunya	003
@mcmm2010	<a href="https://twitter.com/mcmm2010" target="_blank">mcmm2010</a>	10	0	1	593	1092	7886	Catalunya, Tarragona	005
@mcreus54	<a href="https://twitter.com/mcreus54" target="_blank">mcreus54</a>	5	0	1	522	1072	15071		001
@mdimercu	<a href="https://twitter.com/mdimercu" target="_blank">mdimercu</a>	1	0	1	6	56	118		007
@mdomenech81	<a href="https://twitter.com/mdomenech81" target="_blank">mdomenech81</a>	1	0	1	9	53	22		126
@Melindronet	<a href="https://twitter.com/Melindronet" target="_blank">Melindronet</a>	7	0	1	2935	2258	112760	Madrid, Comunidad de Madrid	021
@Mensisole	<a href="https://twitter.com/Mensisole" target="_blank">Mensisole</a>	5	0	1	318	528	11740		064
@merceB612	<a href="https://twitter.com/merceB612" target="_blank">merceB612</a>	1	1	0	611	1116	4476	Barcelona	176
@mercecusco	<a href="https://twitter.com/mercecusco" target="_blank">mercecusco</a>	5	0	1	90	285	3183	Barcelona. Catalunya	071
@MerceFreixa	<a href="https://twitter.com/MerceFreixa" target="_blank">MerceFreixa</a>	3	0	1	45	93	2956		019
@mercegarciam	<a href="https://twitter.com/mercegarciam" target="_blank">mercegarciam</a>	5	0	1	421	698	20211		003
@mercejoia	<a href="https://twitter.com/mercejoia" target="_blank">mercejoia</a>	3	0	2	735	740	41988	Catalunya	007
@MercePicart	<a href="https://twitter.com/MercePicart" target="_blank">MercePicart</a>	5	0	1	64	244	3686		001
@Mercesenar	<a href="https://twitter.com/Mercesenar" target="_blank">Mercesenar</a>	5	0	1	69	53	10880		002
@Merchevita70	<a href="https://twitter.com/Merchevita70" target="_blank">Merchevita70</a>	36	0	3	112	471	4291	països catalans	013
@meri_clash	<a href="https://twitter.com/meri_clash" target="_blank">meri_clash</a>	8	3	1	1577	1500	42904	#maresme	007
@Merimadalenas	<a href="https://twitter.com/Merimadalenas" target="_blank">Merimadalenas</a>	1	0	1	167	225	1313	Sant Esteve Sesrovires	006
@MeritxellSerret	<a href="https://twitter.com/MeritxellSerret" target="_blank">MeritxellSerret</a>	5	1	0	3541	270	5682	Vallfogona de B.	175
@meriyanes	<a href="https://twitter.com/meriyanes" target="_blank">meriyanes</a>	4	0	1	252	249	668		099
@merlutho	<a href="https://twitter.com/merlutho" target="_blank">merlutho</a>	4	0	1	46	353	2032	Catalunya	049
@MES_Baix_Llob	<a href="https://twitter.com/MES_Baix_Llob" target="_blank">MES_Baix_Llob</a>	12	1	0	494	937	2280	Baix Llobregat	022
@MESLaSelvaCamp	<a href="https://twitter.com/MESLaSelvaCamp" target="_blank">MESLaSelvaCamp</a>	5	1	0	289	440	4249	la Selva del Camp, Espanya	022
@MesPonent	<a href="https://twitter.com/MesPonent" target="_blank">MesPonent</a>	15	0	1	825	1298	6194	Terres de Ponent - LLEIDA	022
@MesTerrassa	<a href="https://twitter.com/MesTerrassa" target="_blank">MesTerrassa</a>	8	0	1	532	512	4331	Terrassa	001
@met_cat	<a href="https://twitter.com/met_cat" target="_blank">met_cat</a>	11	2	0	526	967	28885	Barcelona, Catalonia	001
@MeugeArri	<a href="https://twitter.com/MeugeArri" target="_blank">MeugeArri</a>	1	0	1	1111	800	3460		216
@mexpositog	<a href="https://twitter.com/mexpositog" target="_blank">mexpositog</a>	11	0	1	616	761	17179	CATALUNYA ||☆||	004
@mforcadan	<a href="https://twitter.com/mforcadan" target="_blank">mforcadan</a>	17	0	1	510	432	18619	Barcelona	071
@mfornells	<a href="https://twitter.com/mfornells" target="_blank">mfornells</a>	3	22	0	2623	729	18099	Ribelles (Vilanova de l'Aguda)	004
@mglaosv	<a href="https://twitter.com/mglaosv" target="_blank">mglaosv</a>	28	0	2	59	225	6310	Tarragona, Catalunya.	020
@mgrocp	<a href="https://twitter.com/mgrocp" target="_blank">mgrocp</a>	2	0	1	1479	1535	18568	catalunya independent	129
@Mgsafont70	<a href="https://twitter.com/Mgsafont70" target="_blank">Mgsafont70</a>	4	2	0	99	179	619		130
@mguellribas	<a href="https://twitter.com/mguellribas" target="_blank">mguellribas</a>	0	1	0					174
@mgustosycolores	<a href="https://twitter.com/mgustosycolores" target="_blank">mgustosycolores</a>	15	0	1	542	783	29627	Catalunya	225
@miabatllo	<a href="https://twitter.com/miabatllo" target="_blank">miabatllo</a>	3	0	1	96	153	585		001
@miaioia_r	<a href="https://twitter.com/miaioia_r" target="_blank">miaioia_r</a>	6	0	1	378	680	27836		001
@MiamiMark001	<a href="https://twitter.com/MiamiMark001" target="_blank">MiamiMark001</a>	1	0	1	1107	3444	29309	Miami Beach	048
@migdiadacadadia	<a href="https://twitter.com/migdiadacadadia" target="_blank">migdiadacadadia</a>	5	0	1	145	167	5032		004
@migmonpei	<a href="https://twitter.com/migmonpei" target="_blank">migmonpei</a>	3	0	1	108	231	6622		130
@MikelArreseigor	<a href="https://twitter.com/MikelArreseigor" target="_blank">MikelArreseigor</a>	1	31	0	4117	4850	3862	Tolosa	057
@MikelEzkerra	<a href="https://twitter.com/MikelEzkerra" target="_blank">MikelEzkerra</a>	4	0	1	529	733	3431		213
@mikeliturria	<a href="https://twitter.com/mikeliturria" target="_blank">mikeliturria</a>	3	0	1	920	480	6355	Donostia~Euskal Herria	057
@mikelvives	<a href="https://twitter.com/mikelvives" target="_blank">mikelvives</a>	4	0	1	1133	2905	21480	Igualada	003
@milosin1	<a href="https://twitter.com/milosin1" target="_blank">milosin1</a>	3	0	1	26	92	1887		016
@milotxa	<a href="https://twitter.com/milotxa" target="_blank">milotxa</a>	10	0	1	1625	377	6712		047
@mincinho	<a href="https://twitter.com/mincinho" target="_blank">mincinho</a>	0	1	0					172
@mindundi10	<a href="https://twitter.com/mindundi10" target="_blank">mindundi10</a>	7	0	1	285	370	20509	Catalunya	004
@MIODRI	<a href="https://twitter.com/MIODRI" target="_blank">MIODRI</a>	1	0	1	174	582	1332		260
@MiqTweet	<a href="https://twitter.com/MiqTweet" target="_blank">MiqTweet</a>	14	0	2	243	243	45288	Catalunya	005
@miquel2710	<a href="https://twitter.com/miquel2710" target="_blank">miquel2710</a>	6	0	1	135	99	12079		007
@Miquelet_mataro	<a href="https://twitter.com/Miquelet_mataro" target="_blank">Miquelet_mataro</a>	12	0	1	20	68	4112	Catalunya	001
@miqueletmr	<a href="https://twitter.com/miqueletmr" target="_blank">miqueletmr</a>	5	0	1	74	177	1105		006
@miquelflorit	<a href="https://twitter.com/miquelflorit" target="_blank">miquelflorit</a>	21	0	1	1346	1948	60497	entre Rumania i La Canonja.	251
@miquelguiot71	<a href="https://twitter.com/miquelguiot71" target="_blank">miquelguiot71</a>	4	1	0	455	1058	8404	Vilallonga del Camp, Espanya	171
@MiquelIbaez	<a href="https://twitter.com/MiquelIbaez" target="_blank">MiquelIbaez</a>	11	0	1	1335	1400	43337		001
@miqueljou	<a href="https://twitter.com/miqueljou" target="_blank">miqueljou</a>	1	0	1	52	188	2120		047
@MiquelSolaSuris	<a href="https://twitter.com/MiquelSolaSuris" target="_blank">MiquelSolaSuris</a>	5	0	1	1575	4120	12622	Mataró,Catalunya	003
@miquibricu	<a href="https://twitter.com/miquibricu" target="_blank">miquibricu</a>	2	0	1	544	1100	5353	Països Catalans	001
@mireiacanicio	<a href="https://twitter.com/mireiacanicio" target="_blank">mireiacanicio</a>	1	0	1	599	1898	403	España	001
@Mireiagalindo	<a href="https://twitter.com/Mireiagalindo" target="_blank">Mireiagalindo</a>	10	0	1	2571	2288	64864		001
@MireiaSevillano	<a href="https://twitter.com/MireiaSevillano" target="_blank">MireiaSevillano</a>	2	0	1	112	385	1566	Barcelona	064
@MireiaTort	<a href="https://twitter.com/MireiaTort" target="_blank">MireiaTort</a>	3	0	1	212	575	1675	Alt Penedès, Països Catalans	056
@mirellacges	<a href="https://twitter.com/mirellacges" target="_blank">mirellacges</a>	1	1	0	536	259	1168	Sallent, Espanya	169
@MiretEva	<a href="https://twitter.com/MiretEva" target="_blank">MiretEva</a>	1	0	1	1290	352	12211	Barcelona	201
@Mirgarmar	<a href="https://twitter.com/Mirgarmar" target="_blank">Mirgarmar</a>	1	1	0	165	788	407		170
@Miriam66chimeno	<a href="https://twitter.com/Miriam66chimeno" target="_blank">Miriam66chimeno</a>	30	0	3	294	236	23246		001
@mirovira75	<a href="https://twitter.com/mirovira75" target="_blank">mirovira75</a>	9	0	1	1919	3150	199878	Barcelona	170
@mjanesam_jan	<a href="https://twitter.com/mjanesam_jan" target="_blank">mjanesam_jan</a>	14	0	1	47	156	4385	Olesa de Montserrat	007
@mjarilla1	<a href="https://twitter.com/mjarilla1" target="_blank">mjarilla1</a>	7	0	1	2683	2284	20385	CATALUNYA	033
@mjorbad	<a href="https://twitter.com/mjorbad" target="_blank">mjorbad</a>	8	0	1	77	199	2627	CAT	001
@mjpous	<a href="https://twitter.com/mjpous" target="_blank">mjpous</a>	1	0	1	81	235	3225		074
@MLCabezuelo	<a href="https://twitter.com/MLCabezuelo" target="_blank">MLCabezuelo</a>	1	0	1	2724	3141	27714	Alcaraz, España	140
@mlluisvall	<a href="https://twitter.com/mlluisvall" target="_blank">mlluisvall</a>	10	2	0	1613	1294	8826	Terrassa	028
@mlparrag1964	<a href="https://twitter.com/mlparrag1964" target="_blank">mlparrag1964</a>	5	0	1	14	47	1477		004
@MMarAlcalde	<a href="https://twitter.com/MMarAlcalde" target="_blank">MMarAlcalde</a>	6	0	1	269	223	26502		177
@MMartiAmigo	<a href="https://twitter.com/MMartiAmigo" target="_blank">MMartiAmigo</a>	2	0	1	8	56	139		058
@mmasip25	<a href="https://twitter.com/mmasip25" target="_blank">mmasip25</a>	1	0	1	34	101	1261		058
@mmedrosa	<a href="https://twitter.com/mmedrosa" target="_blank">mmedrosa</a>	11	0	2	39	84	2301		042
@mmiquelv	<a href="https://twitter.com/mmiquelv" target="_blank">mmiquelv</a>	1	0	1	50	110	491		202
@mmo59cran	<a href="https://twitter.com/mmo59cran" target="_blank">mmo59cran</a>	3	0	1	642	1223	4842	Catalunya/ Andorra	049
@mmontesdorado	<a href="https://twitter.com/mmontesdorado" target="_blank">mmontesdorado</a>	19	0	1	122	379	19128	Mullant-me els peus al Rubicó	005
@mmulieris	<a href="https://twitter.com/mmulieris" target="_blank">mmulieris</a>	3	0	3	107	325	3951		106
@MnicaRebullCome	<a href="https://twitter.com/MnicaRebullCome" target="_blank">MnicaRebullCome</a>	11	0	1	8515	7453	171600	palamós	004
@mobiplayer	<a href="https://twitter.com/mobiplayer" target="_blank">mobiplayer</a>	9	0	1	973	3208	26578	Reading & Barcelona	048
@molibusqui	<a href="https://twitter.com/molibusqui" target="_blank">molibusqui</a>	6	0	1	441	429	8506		011
@molin_eli	<a href="https://twitter.com/molin_eli" target="_blank">molin_eli</a>	1	0	1	177	418	1654	Barcelona	056
@MolineDiaz	<a href="https://twitter.com/MolineDiaz" target="_blank">MolineDiaz</a>	1	0	1	57	83	394	organyà	001
@MonaMoliner	<a href="https://twitter.com/MonaMoliner" target="_blank">MonaMoliner</a>	1	0	1	3	3	5	A La Cuca	123
@MonBonaterra	<a href="https://twitter.com/MonBonaterra" target="_blank">MonBonaterra</a>	2	2	1	262	382	1309	Vilamaniscle, Catalunya	005
@moncapsa	<a href="https://twitter.com/moncapsa" target="_blank">moncapsa</a>	17	57	2	8030	7225	215308	Barcelona, Catalunya	007
@moneny68	<a href="https://twitter.com/moneny68" target="_blank">moneny68</a>	19	0	1	199	440	9583	US	134
@monicacomaroura	<a href="https://twitter.com/monicacomaroura" target="_blank">monicacomaroura</a>	9	0	3	235	672	10538		001
@monicapalacin29	<a href="https://twitter.com/monicapalacin29" target="_blank">monicapalacin29</a>	1	18	1	1124	1060	1282	Pineda de Mar, Catalonia	020
@MonicaSoriaOrti	<a href="https://twitter.com/MonicaSoriaOrti" target="_blank">MonicaSoriaOrti</a>	3	0	1	56	248	1172	Caldes de Montbui, Cataluña	097
@monicasuchgmai1	<a href="https://twitter.com/monicasuchgmai1" target="_blank">monicasuchgmai1</a>	5	0	1	539	447	8006		043
@monicontomate	<a href="https://twitter.com/monicontomate" target="_blank">monicontomate</a>	0	1	0					168
@Monifunbcn	<a href="https://twitter.com/Monifunbcn" target="_blank">Monifunbcn</a>	14	0	1	443	909	4755	Barcelona, Catalunya	003
@monikambK	<a href="https://twitter.com/monikambK" target="_blank">monikambK</a>	14	0	1	514	1427	15706	Catalunya	003
@monisbl	<a href="https://twitter.com/monisbl" target="_blank">monisbl</a>	2	0	1	225	215	2164	Tarragona	113
@Monix81Tri	<a href="https://twitter.com/Monix81Tri" target="_blank">Monix81Tri</a>	6	0	1	295	428	12108		007
@monsamga	<a href="https://twitter.com/monsamga" target="_blank">monsamga</a>	44	0	1	77	307	6573		054
@montantxo	<a href="https://twitter.com/montantxo" target="_blank">montantxo</a>	7	0	1	114	232	9708		056
@montcatalan	<a href="https://twitter.com/montcatalan" target="_blank">montcatalan</a>	4	1	0	78	96	973	Gelida, Penedès	173
@Montcau	<a href="https://twitter.com/Montcau" target="_blank">Montcau</a>	6	1	0	1172	1669	4638		003
@montse_panades	<a href="https://twitter.com/montse_panades" target="_blank">montse_panades</a>	3	0	1	26	77	286	Igualada	007
@MontseBonjoch	<a href="https://twitter.com/MontseBonjoch" target="_blank">MontseBonjoch</a>	1	0	1	50	454	219		004
@montsecasellas	<a href="https://twitter.com/montsecasellas" target="_blank">montsecasellas</a>	3	0	1	428	446	3638	Valls	060
@montsegolSiSi	<a href="https://twitter.com/montsegolSiSi" target="_blank">montsegolSiSi</a>	10	0	1	5361	4291	116289	Ítaca	019
@montsemagnet	<a href="https://twitter.com/montsemagnet" target="_blank">montsemagnet</a>	13	0	1	205	865	9474	Berga	051
@montseolivep	<a href="https://twitter.com/montseolivep" target="_blank">montseolivep</a>	12	0	1	1640	4619	12729	Barcelona	005
@montsepalau	<a href="https://twitter.com/montsepalau" target="_blank">montsepalau</a>	7	0	1	3415	1733	20458		058
@montsepdm	<a href="https://twitter.com/montsepdm" target="_blank">montsepdm</a>	11	0	1	29	147	1496		005
@Montser98108406	<a href="https://twitter.com/Montser98108406" target="_blank">Montser98108406</a>	5	0	1	7	99	1033		001
@montserratfran9	<a href="https://twitter.com/montserratfran9" target="_blank">montserratfran9</a>	2	0	1	123	285	901	catalunya	019
@montserumbau	<a href="https://twitter.com/montserumbau" target="_blank">montserumbau</a>	49	0	1	2855	2713	158310	Santa Coloma de Queralt	261
@MONTSEVILAVILA	<a href="https://twitter.com/MONTSEVILAVILA" target="_blank">MONTSEVILAVILA</a>	6	0	1	35	81	2266		021
@Moragues72	<a href="https://twitter.com/Moragues72" target="_blank">Moragues72</a>	3	0	1	577	779	41459	Mollerussa (Lleida)	086
@morcatfx	<a href="https://twitter.com/morcatfx" target="_blank">morcatfx</a>	2	2	0	12	143	550		126
@MoreraNria	<a href="https://twitter.com/MoreraNria" target="_blank">MoreraNria</a>	21	0	3	9	49	1198		019
@morestel	<a href="https://twitter.com/morestel" target="_blank">morestel</a>	6	0	2	31	90	2153	Andorra	001
@mossski	<a href="https://twitter.com/mossski" target="_blank">mossski</a>	1	0	1	302	449	2162		057
@motoretcatacric	<a href="https://twitter.com/motoretcatacric" target="_blank">motoretcatacric</a>	5	0	1	19	178	376		247
@MovEsqSAB	<a href="https://twitter.com/MovEsqSAB" target="_blank">MovEsqSAB</a>	11	3	0	454	417	7710		022
@MovEsquerres	<a href="https://twitter.com/MovEsquerres" target="_blank">MovEsquerres</a>	34	0	2	4443	934	6986		001
@mpabcn2010	<a href="https://twitter.com/mpabcn2010" target="_blank">mpabcn2010</a>	1	0	1	6	32	44		058
@mpb513	<a href="https://twitter.com/mpb513" target="_blank">mpb513</a>	23	0	1	1148	1837	86933	Barcelona	161
@MPertigan	<a href="https://twitter.com/MPertigan" target="_blank">MPertigan</a>	2	0	1	15	75	343	Malaga	004
@mpgmuret60	<a href="https://twitter.com/mpgmuret60" target="_blank">mpgmuret60</a>	2	0	1	146	118	20228		059
@mqlnglvalles	<a href="https://twitter.com/mqlnglvalles" target="_blank">mqlnglvalles</a>	3	0	1	1649	2847	12264	CAT Europe	003
@Mr9Nuria	<a href="https://twitter.com/Mr9Nuria" target="_blank">Mr9Nuria</a>	9	0	1	274	463	24323	Flix - Barcelona, Catalunya	021
@mramonm	<a href="https://twitter.com/mramonm" target="_blank">mramonm</a>	0	2	0					001
@MrFlashside	<a href="https://twitter.com/MrFlashside" target="_blank">MrFlashside</a>	3	0	1	239	657	5410	Norwich UK	011
@mrierapla	<a href="https://twitter.com/mrierapla" target="_blank">mrierapla</a>	4	0	1	4183	2813	13909	Girona i Torroella M. (PP.CC.)	001
@mrktns	<a href="https://twitter.com/mrktns" target="_blank">mrktns</a>	6	0	1	1191	1223	14357	Barcelona,  Catalunya	001
@MrsDiNamiTTee	<a href="https://twitter.com/MrsDiNamiTTee" target="_blank">MrsDiNamiTTee</a>	1	0	1	181	462	7679	The World	237
@msenserrich	<a href="https://twitter.com/msenserrich" target="_blank">msenserrich</a>	7	0	1	4575	1678	7525	Igualada	003
@msolecvic	<a href="https://twitter.com/msolecvic" target="_blank">msolecvic</a>	1	0	1	99	295	526	Vic	051
@muguruzafm	<a href="https://twitter.com/muguruzafm" target="_blank">muguruzafm</a>	5	7	0	29448	2174	11560	Irun, Euskal Herria	006
@mujertpuntcat	<a href="https://twitter.com/mujertpuntcat" target="_blank">mujertpuntcat</a>	8	0	1	530	722	11507	girona	001
@murri1972	<a href="https://twitter.com/murri1972" target="_blank">murri1972</a>	31	0	2	335	351	40759		007
@Mussolteatre	<a href="https://twitter.com/Mussolteatre" target="_blank">Mussolteatre</a>	33	0	2	2117	2062	25087	Valencia. Meliana. 960064915	032
@MVIprof	<a href="https://twitter.com/MVIprof" target="_blank">MVIprof</a>	1	0	1	37	132	458	Barcelona	007
@mvisapons	<a href="https://twitter.com/mvisapons" target="_blank">mvisapons</a>	11	0	1	830	1110	54439		019
@nagusticasals	<a href="https://twitter.com/nagusticasals" target="_blank">nagusticasals</a>	26	0	1	1912	2272	130299	Catalunya, Espanya	005
@nain_nelo	<a href="https://twitter.com/nain_nelo" target="_blank">nain_nelo</a>	1	0	1	154	698	2365		057
@nainonai1975	<a href="https://twitter.com/nainonai1975" target="_blank">nainonai1975</a>	2	0	1	2156	2419	3068	MdR, Catalonia	252
@nancyacostatfe	<a href="https://twitter.com/nancyacostatfe" target="_blank">nancyacostatfe</a>	1	0	1	281	501	22817		015
@narcisvidal7	<a href="https://twitter.com/narcisvidal7" target="_blank">narcisvidal7</a>	3	1	0	20667	9240	15442	Baix Empordà	165
@NaturaMaresme	<a href="https://twitter.com/NaturaMaresme" target="_blank">NaturaMaresme</a>	51	0	2	102	179	8555		051
@NatxoMdVA	<a href="https://twitter.com/NatxoMdVA" target="_blank">NatxoMdVA</a>	1	0	1	436	928	811		047
@NautaPsico	<a href="https://twitter.com/NautaPsico" target="_blank">NautaPsico</a>	1	0	1	559	275	8216		001
@NavarroJosep	<a href="https://twitter.com/NavarroJosep" target="_blank">NavarroJosep</a>	0	1	0					164
@NBaltasa	<a href="https://twitter.com/NBaltasa" target="_blank">NBaltasa</a>	22	0	1	98	23	16134		003
@nbanyos	<a href="https://twitter.com/nbanyos" target="_blank">nbanyos</a>	12	0	1	41	97	2108		033
@nea1971	<a href="https://twitter.com/nea1971" target="_blank">nea1971</a>	1	0	1	30	125	586	Riells del Fai, Catalunya	186
@Nedadora	<a href="https://twitter.com/Nedadora" target="_blank">Nedadora</a>	13	0	1	19	147	2560		021
@neilpyecat	<a href="https://twitter.com/neilpyecat" target="_blank">neilpyecat</a>	3	0	1	173	374	3184	Manresa	074
@Nemesis_XIII	<a href="https://twitter.com/Nemesis_XIII" target="_blank">Nemesis_XIII</a>	2	0	1	90	124	1372	Tarragona	001
@nerone69	<a href="https://twitter.com/nerone69" target="_blank">nerone69</a>	8	0	1	117	254	2811	Manresa, Catalunya	007
@NesSxE	<a href="https://twitter.com/NesSxE" target="_blank">NesSxE</a>	7	0	1	518	1736	15833	Barcelona	066
@Nest_indy	<a href="https://twitter.com/Nest_indy" target="_blank">Nest_indy</a>	36	0	1	1398	2126	43660	Brienz, Switzerland	005
@nestweety	<a href="https://twitter.com/nestweety" target="_blank">nestweety</a>	6	0	1	9	79	1675		082
@netasceta	<a href="https://twitter.com/netasceta" target="_blank">netasceta</a>	1	0	1	203	372	5590		046
@neulibe	<a href="https://twitter.com/neulibe" target="_blank">neulibe</a>	2	0	1	73	165	946	EUSKAL HERRIA	004
@NeusPM1	<a href="https://twitter.com/NeusPM1" target="_blank">NeusPM1</a>	15	0	1	98	250	19905		003
@neusrx	<a href="https://twitter.com/neusrx" target="_blank">neusrx</a>	1	0	1	66	203	2941		051
@NIKODANEL	<a href="https://twitter.com/NIKODANEL" target="_blank">NIKODANEL</a>	1	0	1	217	969	1912		114
@NilPapiol	<a href="https://twitter.com/NilPapiol" target="_blank">NilPapiol</a>	0	4	0					094
@niluspc	<a href="https://twitter.com/niluspc" target="_blank">niluspc</a>	8	0	1	1018	863	22174	Catalunya	021
@NinaIvori	<a href="https://twitter.com/NinaIvori" target="_blank">NinaIvori</a>	3	0	1	1029	524	65419	Tarragona, Cataluña	058
@NinNuma	<a href="https://twitter.com/NinNuma" target="_blank">NinNuma</a>	2	0	1	108	436	413		001
@nitaldia	<a href="https://twitter.com/nitaldia" target="_blank">nitaldia</a>	3	0	1	56	139	3446		051
@Niuet	<a href="https://twitter.com/Niuet" target="_blank">Niuet</a>	5	0	1	937	550	81129	Tuiter Resort	007
@NJosepm	<a href="https://twitter.com/NJosepm" target="_blank">NJosepm</a>	20	0	1	640	789	25968	Catalunya	051
@nk_esther	<a href="https://twitter.com/nk_esther" target="_blank">nk_esther</a>	15	0	2	27	62	3153		135
@noa_rey	<a href="https://twitter.com/noa_rey" target="_blank">noa_rey</a>	0	1	0					166
@noe_bail	<a href="https://twitter.com/noe_bail" target="_blank">noe_bail</a>	1	13	0	466	376	1389		063
@noevilaseca	<a href="https://twitter.com/noevilaseca" target="_blank">noevilaseca</a>	0	1	0					038
@nomcognoms1973	<a href="https://twitter.com/nomcognoms1973" target="_blank">nomcognoms1973</a>	4	0	1	6	206	735		021
@NomDePava	<a href="https://twitter.com/NomDePava" target="_blank">NomDePava</a>	3	0	1	50	296	5972		001
@NoMesXoris	<a href="https://twitter.com/NoMesXoris" target="_blank">NoMesXoris</a>	37	8	3	2391	1994	111632	Terrassa	067
@norinski8	<a href="https://twitter.com/norinski8" target="_blank">norinski8</a>	0	1	0					159
@Nr6d2	<a href="https://twitter.com/Nr6d2" target="_blank">Nr6d2</a>	3	0	1	131	562	611		067
@nrch65	<a href="https://twitter.com/nrch65" target="_blank">nrch65</a>	6	0	1	173	110	6201		051
@NriaGess	<a href="https://twitter.com/NriaGess" target="_blank">NriaGess</a>	5	0	1	3	56	267	Catalunya, Espanya	003
@nukar10	<a href="https://twitter.com/nukar10" target="_blank">nukar10</a>	15	0	1	7	77	3106		004
@NukFlic	<a href="https://twitter.com/NukFlic" target="_blank">NukFlic</a>	11	0	1	128	350	4106	Catalunya	089
@nunucavi	<a href="https://twitter.com/nunucavi" target="_blank">nunucavi</a>	2	0	1	148	411	365		049
@nuri_guanter	<a href="https://twitter.com/nuri_guanter" target="_blank">nuri_guanter</a>	3	0	1	8	29	191		015
@Nuria_G_M	<a href="https://twitter.com/Nuria_G_M" target="_blank">Nuria_G_M</a>	11	0	1	54	157	4491		054
@Nuria_Tulis	<a href="https://twitter.com/Nuria_Tulis" target="_blank">Nuria_Tulis</a>	8	0	1	4	47	924		004
@nuria77	<a href="https://twitter.com/nuria77" target="_blank">nuria77</a>	3	0	1	1263	2069	8363	Terrassa	001
@nuriacastells	<a href="https://twitter.com/nuriacastells" target="_blank">nuriacastells</a>	1	1	0	2278	785	17746		162
@NuriaFerret	<a href="https://twitter.com/NuriaFerret" target="_blank">NuriaFerret</a>	2	0	1	282	314	2490	Països Catalans	023
@nuriafura	<a href="https://twitter.com/nuriafura" target="_blank">nuriafura</a>	1	1	0	54	166	2789		005
@nuriagavarro	<a href="https://twitter.com/nuriagavarro" target="_blank">nuriagavarro</a>	1	3	0	447	544	1418	Valls, Catalunya	018
@nuriajoana	<a href="https://twitter.com/nuriajoana" target="_blank">nuriajoana</a>	19	0	2	481	341	18127	Tortosa	035
@NuriaJubero	<a href="https://twitter.com/NuriaJubero" target="_blank">NuriaJubero</a>	3	0	1	230	451	906		008
@nuriamanyer	<a href="https://twitter.com/nuriamanyer" target="_blank">nuriamanyer</a>	12	0	1	257	892	17892		007
@NuriaMares1	<a href="https://twitter.com/NuriaMares1" target="_blank">NuriaMares1</a>	3	0	1	94	127	3630		049
@NuriaMontmany	<a href="https://twitter.com/NuriaMontmany" target="_blank">NuriaMontmany</a>	6	0	1	199	313	1728	Barcelona	001
@NuriaNvrt	<a href="https://twitter.com/NuriaNvrt" target="_blank">NuriaNvrt</a>	1	0	1	6	42	383		064
@nuriaserrat	<a href="https://twitter.com/nuriaserrat" target="_blank">nuriaserrat</a>	0	1	0					158
@Nuriatg	<a href="https://twitter.com/Nuriatg" target="_blank">Nuriatg</a>	1	0	1	296	333	2355	Les Valls de Valira	009
@nurieta_4	<a href="https://twitter.com/nurieta_4" target="_blank">nurieta_4</a>	2	0	1	58	38	562		005
@nurietta_20	<a href="https://twitter.com/nurietta_20" target="_blank">nurietta_20</a>	1	0	1	50	168	468		095
@nurigiol	<a href="https://twitter.com/nurigiol" target="_blank">nurigiol</a>	3	0	2	34	125	603		120
@nurimadsal	<a href="https://twitter.com/nurimadsal" target="_blank">nurimadsal</a>	1	0	1	125	225	288	Països Catalans	145
@Nuriolfarma	<a href="https://twitter.com/Nuriolfarma" target="_blank">Nuriolfarma</a>	1	0	1	1244	1927	7799	Sant Cugat Vallès - Catalunya	032
@nuritanaca	<a href="https://twitter.com/nuritanaca" target="_blank">nuritanaca</a>	4	0	1	326	1300	24690	Delta de l'Ebre. Catalunya	001
@nuvolsenserumb	<a href="https://twitter.com/nuvolsenserumb" target="_blank">nuvolsenserumb</a>	8	0	1	556	1414	24819		001
@nvallsch	<a href="https://twitter.com/nvallsch" target="_blank">nvallsch</a>	3	0	1	111	489	242	Sabadell	001
@obffelius	<a href="https://twitter.com/obffelius" target="_blank">obffelius</a>	17	0	2	792	900	67992		003
@ocistero	<a href="https://twitter.com/ocistero" target="_blank">ocistero</a>	4	0	1	497	372	3993	Països catalans	138
@OCRevolucion	<a href="https://twitter.com/OCRevolucion" target="_blank">OCRevolucion</a>	0	1	0					108
@OEroles	<a href="https://twitter.com/OEroles" target="_blank">OEroles</a>	6	0	1	89	308	2798		059
@ogracia	<a href="https://twitter.com/ogracia" target="_blank">ogracia</a>	2	0	1	6032	6538	76584	Barcelona, Spain	122
@OHLen4	<a href="https://twitter.com/OHLen4" target="_blank">OHLen4</a>	9	0	2	66	26	9208		005
@oiarzabal	<a href="https://twitter.com/oiarzabal" target="_blank">oiarzabal</a>	2	0	1	648	602	6652	planet earth or not	057
@olgagcarrion	<a href="https://twitter.com/olgagcarrion" target="_blank">olgagcarrion</a>	2	0	1	65	81	709	Al meu món i a...	143
@olgapubilla	<a href="https://twitter.com/olgapubilla" target="_blank">olgapubilla</a>	1	0	1	69	212	338	Sempre a punt!	051
@oliextra	<a href="https://twitter.com/oliextra" target="_blank">oliextra</a>	8	0	1	17	70	1403		024
@olivaresdavid	<a href="https://twitter.com/olivaresdavid" target="_blank">olivaresdavid</a>	3	0	1	3780	1313	5026	Catalunya	004
@OlorASocarrim	<a href="https://twitter.com/OlorASocarrim" target="_blank">OlorASocarrim</a>	21	0	1	386	594	25444	Visc a Catalunya	021
@omarimon	<a href="https://twitter.com/omarimon" target="_blank">omarimon</a>	1	1	0	692	319	6259	Barcelona, Catalunya	157
@omercadedelas	<a href="https://twitter.com/omercadedelas" target="_blank">omercadedelas</a>	2	0	1	162	447	1867		005
@omfarquitectura	<a href="https://twitter.com/omfarquitectura" target="_blank">omfarquitectura</a>	8	0	1	214	522	7786	Girona	070
@OmniumAltUrgell	<a href="https://twitter.com/OmniumAltUrgell" target="_blank">OmniumAltUrgell</a>	1	0	1	246	146	289	Alt Urgell, Catalunya	009
@OmniumAnoia	<a href="https://twitter.com/OmniumAnoia" target="_blank">OmniumAnoia</a>	1	25	0	1304	1885	1545	Anoia	007
@OmniumHG	<a href="https://twitter.com/OmniumHG" target="_blank">OmniumHG</a>	13	0	1	243	317	2135	Horta-Guinardó, Barcelona	066
@OmniumPenedes	<a href="https://twitter.com/OmniumPenedes" target="_blank">OmniumPenedes</a>	1	1	0	886	526	2160	Alt Penedès	156
@OmniumVOriental	<a href="https://twitter.com/OmniumVOriental" target="_blank">OmniumVOriental</a>	8	2	6	1302	2084	2557	Vallès Oriental, Catalunya	011
@orcafoc	<a href="https://twitter.com/orcafoc" target="_blank">orcafoc</a>	6	0	2	99	253	4880	Cabrils Catalunya	007
@Ori_Tous	<a href="https://twitter.com/Ori_Tous" target="_blank">Ori_Tous</a>	3	0	1	251	374	9078	Països Catalans	005
@Oriol_Franch	<a href="https://twitter.com/Oriol_Franch" target="_blank">Oriol_Franch</a>	3	0	1	902	748	10657	Barcelona, Catalunya	157
@orioletto	<a href="https://twitter.com/orioletto" target="_blank">orioletto</a>	1	7	0	993	1035	2745	Esplugues de Llobregat (PPCC)	017
@oriolforgas	<a href="https://twitter.com/oriolforgas" target="_blank">oriolforgas</a>	2	0	1	41	166	1246		001
@OriolRodilla	<a href="https://twitter.com/OriolRodilla" target="_blank">OriolRodilla</a>	1	0	1	110	212	1225	Cardedeu, Catalunya	240
@OriolRV	<a href="https://twitter.com/OriolRV" target="_blank">OriolRV</a>	2	0	1	2813	1441	30802		001
@oriolvila_	<a href="https://twitter.com/oriolvila_" target="_blank">oriolvila_</a>	5	10	0	1214	2020	9078	Granollers - Barcelona	011
@Oritxenko13	<a href="https://twitter.com/Oritxenko13" target="_blank">Oritxenko13</a>	9	0	1	147	129	19369	Girona, Catalunya	004
@oscargarcom	<a href="https://twitter.com/oscargarcom" target="_blank">oscargarcom</a>	1	0	1	452	470	657	Solsona	238
@oscarlm98	<a href="https://twitter.com/oscarlm98" target="_blank">oscarlm98</a>	49	0	3	2893	1890	117254	Barcelona, Catalunya	004
@OscarMuS	<a href="https://twitter.com/OscarMuS" target="_blank">OscarMuS</a>	11	0	1	341	1578	33993	Catalunya	079
@OskarMeGo	<a href="https://twitter.com/OskarMeGo" target="_blank">OskarMeGo</a>	9	7	2	1261	910	19378	Sant Pere de Ribes, Catalunya	025
@OtaferrerMarta	<a href="https://twitter.com/OtaferrerMarta" target="_blank">OtaferrerMarta</a>	0	1	0					155
@otiotxo	<a href="https://twitter.com/otiotxo" target="_blank">otiotxo</a>	3	0	1	73	204	1868		061
@ouiearap	<a href="https://twitter.com/ouiearap" target="_blank">ouiearap</a>	4	0	1	1564	238	2225		011
@Pacoescude	<a href="https://twitter.com/Pacoescude" target="_blank">Pacoescude</a>	21	0	2	443	887	26915	Barcelona, Catalunya	003
@Pacominuesaval1	<a href="https://twitter.com/Pacominuesaval1" target="_blank">Pacominuesaval1</a>	1	0	1	11	196	111		111
@PacoRodriguez66	<a href="https://twitter.com/PacoRodriguez66" target="_blank">PacoRodriguez66</a>	1	0	1	321	179	2150	Sant Vicenç dels Horts	065
@pain_spain	<a href="https://twitter.com/pain_spain" target="_blank">pain_spain</a>	26	0	1	950	860	65137	Catalonia, not Spain	003
@PaisdeBojos	<a href="https://twitter.com/PaisdeBojos" target="_blank">PaisdeBojos</a>	1	0	1	345	544	10004	Catalunya, que no espanya.	049
@Pajarrakuss	<a href="https://twitter.com/Pajarrakuss" target="_blank">Pajarrakuss</a>	11	0	1	67	136	3900	Barcelona, Catalunya	007
@pakrito	<a href="https://twitter.com/pakrito" target="_blank">pakrito</a>	1	0	1	7	133	2297		001
@PalansiAnna	<a href="https://twitter.com/PalansiAnna" target="_blank">PalansiAnna</a>	6	0	1	377	692	10070	catalunya	005
@Palas4	<a href="https://twitter.com/Palas4" target="_blank">Palas4</a>	7	0	1	5722	4826	54537	ni idea	067
@Pambolixocolat	<a href="https://twitter.com/Pambolixocolat" target="_blank">Pambolixocolat</a>	3	0	1	13	157	471		011
@pampallugaines	<a href="https://twitter.com/pampallugaines" target="_blank">pampallugaines</a>	1	0	1	73	260	336		076
@panerola	<a href="https://twitter.com/panerola" target="_blank">panerola</a>	11	0	1	310	263	37743	Esplugues, Catalunya, Europa	017
@pankunken	<a href="https://twitter.com/pankunken" target="_blank">pankunken</a>	8	0	1	257	531	3353		007
@papanatas	<a href="https://twitter.com/papanatas" target="_blank">papanatas</a>	5	0	1	188	257	1360	Vila de Gracia, Barcelona	021
@paquiglez82	<a href="https://twitter.com/paquiglez82" target="_blank">paquiglez82</a>	1	1	0	8244	7630	35490	Barcelona, nou barris	120
@partitocraciaNO	<a href="https://twitter.com/partitocraciaNO" target="_blank">partitocraciaNO</a>	13	0	1	618	1591	37182	balaguer	002
@PartitodeiSardi	<a href="https://twitter.com/PartitodeiSardi" target="_blank">PartitodeiSardi</a>	1	1	0	495	575	1143		154
@PatamPatim	<a href="https://twitter.com/PatamPatim" target="_blank">PatamPatim</a>	6	0	1	1843	2407	41895	Tarragona - Catalunya	053
@PatrickVedel	<a href="https://twitter.com/PatrickVedel" target="_blank">PatrickVedel</a>	14	0	1	3269	5001	254397	Le Perthus, France	231
@PatriRoman71	<a href="https://twitter.com/PatriRoman71" target="_blank">PatriRoman71</a>	4	0	1	7	25	74		265
@paucomes	<a href="https://twitter.com/paucomes" target="_blank">paucomes</a>	2	4	0	4786	5185	76441	Vic (Països Catalans)	001
@pauconsola	<a href="https://twitter.com/pauconsola" target="_blank">pauconsola</a>	1	0	1	633	598	4981		001
@PauFarinetes	<a href="https://twitter.com/PauFarinetes" target="_blank">PauFarinetes</a>	50	0	1	346	815	37343	Hostafrancs (EastEnd Cortsenc)	257
@PaulHanley12	<a href="https://twitter.com/PaulHanley12" target="_blank">PaulHanley12</a>	1	0	1	379	94	77691		073
@paullonch	<a href="https://twitter.com/paullonch" target="_blank">paullonch</a>	4	0	1	24090	2183	64773	Sabadell	052
@PauRibes7	<a href="https://twitter.com/PauRibes7" target="_blank">PauRibes7</a>	0	1	0					152
@PDCComarquesBCN	<a href="https://twitter.com/PDCComarquesBCN" target="_blank">PDCComarquesBCN</a>	11	2	1	2079	1786	6121	Catalunya	028
@PDeCAT_ViA	<a href="https://twitter.com/PDeCAT_ViA" target="_blank">PDeCAT_ViA</a>	7	0	3	492	234	5428	Sant Pere de Ribes	003
@PDECATBPenedes	<a href="https://twitter.com/PDECATBPenedes" target="_blank">PDECATBPenedes</a>	4	1	0	266	227	436		151
@PDeCATCornella	<a href="https://twitter.com/PDeCATCornella" target="_blank">PDeCATCornella</a>	0	1	0					153
@PDeCATCTGN	<a href="https://twitter.com/PDeCATCTGN" target="_blank">PDeCATCTGN</a>	2	0	2	152	75	984		003
@PdecatGracia	<a href="https://twitter.com/PdecatGracia" target="_blank">PdecatGracia</a>	28	4	2	324	72	8436	Barcelona, Catalunya	003
@PDECATGramenet	<a href="https://twitter.com/PDECATGramenet" target="_blank">PDECATGramenet</a>	4	0	1	558	491	1619	Santa Coloma de Gramenet	027
@PDeCATNOGUERA	<a href="https://twitter.com/PDeCATNOGUERA" target="_blank">PDeCATNOGUERA</a>	4	0	1	300	965	1131		003
@pdecatquart	<a href="https://twitter.com/pdecatquart" target="_blank">pdecatquart</a>	0	3	0					007
@PDECATsstg	<a href="https://twitter.com/PDECATsstg" target="_blank">PDECATsstg</a>	15	0	1	1661	2084	30241	Carrer Balmes 438, Barcelona	003
@PDECatTarragona	<a href="https://twitter.com/PDECatTarragona" target="_blank">PDECatTarragona</a>	9	0	1	978	1708	2795		003
@PDECATValls	<a href="https://twitter.com/PDECATValls" target="_blank">PDECATValls</a>	11	0	2	331	751	3116		003
@Pdemocratacat	<a href="https://twitter.com/Pdemocratacat" target="_blank">Pdemocratacat</a>	8	110	0	190346	48261	19744	Catalunya	003
@Pedrofdezsan	<a href="https://twitter.com/Pedrofdezsan" target="_blank">Pedrofdezsan</a>	5	0	1	111	785	13560	catalunya	045
@pedrogarciaflo3	<a href="https://twitter.com/pedrogarciaflo3" target="_blank">pedrogarciaflo3</a>	61	0	1	1890	547	370488	REPUBLICA CATALANA (GIRONA)	004
@PedroLuna73	<a href="https://twitter.com/PedroLuna73" target="_blank">PedroLuna73</a>	1	5	0	5198	263	32330	L'Hospitalet de Llobregat	001
@PedroMalz	<a href="https://twitter.com/PedroMalz" target="_blank">PedroMalz</a>	10	0	1	830	1662	25382	Badalona, España	134
@PellSanllehi	<a href="https://twitter.com/PellSanllehi" target="_blank">PellSanllehi</a>	8	0	1	136	905	865		004
@penelope_pe	<a href="https://twitter.com/penelope_pe" target="_blank">penelope_pe</a>	1	0	1	671	362	44652		001
@pep_armenteras	<a href="https://twitter.com/pep_armenteras" target="_blank">pep_armenteras</a>	3	0	1	43	57	1556	Vic	001
@pep_mila	<a href="https://twitter.com/pep_mila" target="_blank">pep_mila</a>	3	0	1	3513	3455	27067	Barcelona	011
@Pep95527177	<a href="https://twitter.com/Pep95527177" target="_blank">Pep95527177</a>	15	0	1	522	2852	29411	Ger, Catalunya	054
@pepabaliu	<a href="https://twitter.com/pepabaliu" target="_blank">pepabaliu</a>	1	0	1	69	267	1064	L'Espelt	076
@PepaPlana	<a href="https://twitter.com/PepaPlana" target="_blank">PepaPlana</a>	0	2	0					034
@pepavives	<a href="https://twitter.com/pepavives" target="_blank">pepavives</a>	15	0	1	631	1010	8429	Barcelona	058
@pepba	<a href="https://twitter.com/pepba" target="_blank">pepba</a>	2	0	1	451	961	2411	L'Abellar  de dalt	059
@PepCasolivaGrau	<a href="https://twitter.com/PepCasolivaGrau" target="_blank">PepCasolivaGrau</a>	3	0	1	755	2173	40715	Països Catalans	002
@PEPDECAT	<a href="https://twitter.com/PEPDECAT" target="_blank">PEPDECAT</a>	7	0	1	836	1521	9086	República de Catalunya UE.	021
@Pepe_Tron_B_M	<a href="https://twitter.com/Pepe_Tron_B_M" target="_blank">Pepe_Tron_B_M</a>	3	2	0	497	407	10719	Dieuloulou	125
@PepEstepa	<a href="https://twitter.com/PepEstepa" target="_blank">PepEstepa</a>	5	2	0	1146	2289	26035	Barcelona	122
@pepetimarieta	<a href="https://twitter.com/pepetimarieta" target="_blank">pepetimarieta</a>	4	0	1	5618	747	8478	Ulldecona, Benicarló i BCN	131
@PepetPig	<a href="https://twitter.com/PepetPig" target="_blank">PepetPig</a>	0	1	0					149
@pepitu_grillu	<a href="https://twitter.com/pepitu_grillu" target="_blank">pepitu_grillu</a>	8	0	1	191	188	13493		020
@pepnassos	<a href="https://twitter.com/pepnassos" target="_blank">pepnassos</a>	11	0	1	501	2037	24539		021
@pepsabater	<a href="https://twitter.com/pepsabater" target="_blank">pepsabater</a>	24	0	4	316	49	58539	Catalunya	009
@pepsauri	<a href="https://twitter.com/pepsauri" target="_blank">pepsauri</a>	3	0	1	859	1200	22662	Catalunya	021
@Pepsina_Mataro	<a href="https://twitter.com/Pepsina_Mataro" target="_blank">Pepsina_Mataro</a>	1	0	1	5924	615	96163	Mataró	070
@PepTorner	<a href="https://twitter.com/PepTorner" target="_blank">PepTorner</a>	1	0	1	1188	943	6520	Empordà	083
@Peptorrubi	<a href="https://twitter.com/Peptorrubi" target="_blank">Peptorrubi</a>	4	0	1	210	538	6372	Països Catalans	208
@Pere_Jaume	<a href="https://twitter.com/Pere_Jaume" target="_blank">Pere_Jaume</a>	1	0	1	240	312	1750	Igualada, Catalunya	001
@perecampscampos	<a href="https://twitter.com/perecampscampos" target="_blank">perecampscampos</a>	1	54	0	3916	675	58758	Països Catalans	049
@perecatala10	<a href="https://twitter.com/perecatala10" target="_blank">perecatala10</a>	6	0	1	28	77	3311		009
@pereculell	<a href="https://twitter.com/pereculell" target="_blank">pereculell</a>	2	0	1	1576	760	14249	Catalunya	005
@PereForner	<a href="https://twitter.com/PereForner" target="_blank">PereForner</a>	1	0	1	69	83	78		106
@PereLleixa	<a href="https://twitter.com/PereLleixa" target="_blank">PereLleixa</a>	16	0	1	1993	4967	52737	Catalunya, PPCC	100
@perellinas	<a href="https://twitter.com/perellinas" target="_blank">perellinas</a>	1	0	1	831	1918	9590		077
@perellonet	<a href="https://twitter.com/perellonet" target="_blank">perellonet</a>	2	0	1	1677	1499	14849	People's Republic of Catalonia	011
@peremasoanglada	<a href="https://twitter.com/peremasoanglada" target="_blank">peremasoanglada</a>	3	0	1	315	1010	742		007
@perenoubarris	<a href="https://twitter.com/perenoubarris" target="_blank">perenoubarris</a>	2	0	1	785	2159	5860	NOU BARRIS	049
@perepasqual	<a href="https://twitter.com/perepasqual" target="_blank">perepasqual</a>	2	0	1	127	723	2544	València, l'Amistat	049
@perequint	<a href="https://twitter.com/perequint" target="_blank">perequint</a>	1	0	1	206	324	26469	Catalunya	049
@perescalador	<a href="https://twitter.com/perescalador" target="_blank">perescalador</a>	3	0	1	411	443	8750	Catalunya	007
@PereSoldevila	<a href="https://twitter.com/PereSoldevila" target="_blank">PereSoldevila</a>	4	0	2	1076	1951	25197	Barcelona	013
@PereZaBo63	<a href="https://twitter.com/PereZaBo63" target="_blank">PereZaBo63</a>	7	0	1	313	906	19284		192
@PerezSaubi	<a href="https://twitter.com/PerezSaubi" target="_blank">PerezSaubi</a>	17	0	1	461	624	44512		007
@peronelladarago	<a href="https://twitter.com/peronelladarago" target="_blank">peronelladarago</a>	11	0	2	5419	3736	52441	República Catalana, UE	007
@PERPLAU	<a href="https://twitter.com/PERPLAU" target="_blank">PERPLAU</a>	1	0	1	464	788	28704	Europa	055
@personadelworld	<a href="https://twitter.com/personadelworld" target="_blank">personadelworld</a>	7	0	1	27	34	2689	Mundo	024
@pestanyf	<a href="https://twitter.com/pestanyf" target="_blank">pestanyf</a>	7	0	1	342	618	24185	catalunya central	026
@PetrolisIndep	<a href="https://twitter.com/PetrolisIndep" target="_blank">PetrolisIndep</a>	1	9	0	3853	2046	6484	CATALUNYA-CATALONIA	072
@petunia_fonts	<a href="https://twitter.com/petunia_fonts" target="_blank">petunia_fonts</a>	11	0	1	1480	1565	41848	La Garrotxa - Catalunya	003
@pgimenezs	<a href="https://twitter.com/pgimenezs" target="_blank">pgimenezs</a>	15	0	2	49	110	5645	Catalunya, Espanya	003
@pgriful	<a href="https://twitter.com/pgriful" target="_blank">pgriful</a>	5	2	0	193	821	3012	Barcelona . Catalunya	129
@PibernatJoan	<a href="https://twitter.com/PibernatJoan" target="_blank">PibernatJoan</a>	7	0	1	57	126	2113	Girona	051
@PicoFidel	<a href="https://twitter.com/PicoFidel" target="_blank">PicoFidel</a>	0	1	0					121
@PilarGP_	<a href="https://twitter.com/PilarGP_" target="_blank">PilarGP_</a>	11	0	1	541	1743	15635	Espanya	209
@PileteJosefine	<a href="https://twitter.com/PileteJosefine" target="_blank">PileteJosefine</a>	33	0	1	2785	2117	146848		007
@PinyolJordi	<a href="https://twitter.com/PinyolJordi" target="_blank">PinyolJordi</a>	4	0	1	2045	3274	24026	Terrassa	060
@pinyuner	<a href="https://twitter.com/pinyuner" target="_blank">pinyuner</a>	14	0	1	227	1042	14821	Barcelona	056
@Piolin_fc	<a href="https://twitter.com/Piolin_fc" target="_blank">Piolin_fc</a>	21	0	3	31	90	1407		004
@PiratesRubi	<a href="https://twitter.com/PiratesRubi" target="_blank">PiratesRubi</a>	3	5	0	179	175	2597	Rubí	010
@pirineus75	<a href="https://twitter.com/pirineus75" target="_blank">pirineus75</a>	11	0	2	776	1783	5850	Girona, Catalunya	007
@pititinga	<a href="https://twitter.com/pititinga" target="_blank">pititinga</a>	2	0	1	220	769	526	Maresme, Barcelona	067
@pitu_mikel	<a href="https://twitter.com/pitu_mikel" target="_blank">pitu_mikel</a>	8	0	1	30	239	3093	Barcelona, Espanya	021
@pitucat1971	<a href="https://twitter.com/pitucat1971" target="_blank">pitucat1971</a>	3	0	2	1209	1991	13124	catalunya II*II	004
@pitudedeu	<a href="https://twitter.com/pitudedeu" target="_blank">pitudedeu</a>	15	4	1	15767	16697	79744	#DI	002
@Piulador_CATALA	<a href="https://twitter.com/Piulador_CATALA" target="_blank">Piulador_CATALA</a>	1	0	1	17040	1988	28540	CATALUNYA	021
@PiuletCat	<a href="https://twitter.com/PiuletCat" target="_blank">PiuletCat</a>	7	0	1	1049	1002	41662	Girona	071
@pjmagda	<a href="https://twitter.com/pjmagda" target="_blank">pjmagda</a>	3	0	1	154	634	1214		137
@planajordi	<a href="https://twitter.com/planajordi" target="_blank">planajordi</a>	0	4	0					092
@PlanaJosep	<a href="https://twitter.com/PlanaJosep" target="_blank">PlanaJosep</a>	3	0	1	1276	1246	33980		001
@PlanasAnna	<a href="https://twitter.com/PlanasAnna" target="_blank">PlanasAnna</a>	1	0	1	146	175	614		069
@pltaberner	<a href="https://twitter.com/pltaberner" target="_blank">pltaberner</a>	4	0	1	9	100	472		037
@pmenamendoza	<a href="https://twitter.com/pmenamendoza" target="_blank">pmenamendoza</a>	12	0	1	1047	2501	25816		054
@Poblelliure	<a href="https://twitter.com/Poblelliure" target="_blank">Poblelliure</a>	5	0	1	100	231	3521	Sabadell, Catalunya	005
@podem_cat	<a href="https://twitter.com/podem_cat" target="_blank">podem_cat</a>	3	0	1	11706	1305	23935	Catalunya	063
@Pointluck1	<a href="https://twitter.com/Pointluck1" target="_blank">Pointluck1</a>	28	0	1	1806	2600	168651	Barcelona	054
@Pokibo_76	<a href="https://twitter.com/Pokibo_76" target="_blank">Pokibo_76</a>	3	0	1	678	2416	8065	Sils (La Selva) / Ayr (Ayrshire)	014
@Polanskifreixa	<a href="https://twitter.com/Polanskifreixa" target="_blank">Polanskifreixa</a>	4	0	1	568	699	7395	Barcelona, Països Catalans	023
@poldejongh	<a href="https://twitter.com/poldejongh" target="_blank">poldejongh</a>	2	0	1	24	103	296	Barcelona	001
@pole748	<a href="https://twitter.com/pole748" target="_blank">pole748</a>	4	0	1	57	375	3790	Barcelona, Catalunya, Europa	021
@polldelcel	<a href="https://twitter.com/polldelcel" target="_blank">polldelcel</a>	3	0	1	132	575	1536	Barcelona	021
@poloniotroski	<a href="https://twitter.com/poloniotroski" target="_blank">poloniotroski</a>	16	0	1	1484	1686	43359	Catalunya	004
@pompe47	<a href="https://twitter.com/pompe47" target="_blank">pompe47</a>	2	0	1	101	564	1428	Barcelona	104
@poplidpop	<a href="https://twitter.com/poplidpop" target="_blank">poplidpop</a>	11	0	1	92	401	5514		054
@popocatepetl420	<a href="https://twitter.com/popocatepetl420" target="_blank">popocatepetl420</a>	1	0	1	911	729	31490	Earth	212
@porabajo	<a href="https://twitter.com/porabajo" target="_blank">porabajo</a>	20	0	1	1292	2618	85269	Esplugues de Llob. , Catalunya	017
@PostureigLleida	<a href="https://twitter.com/PostureigLleida" target="_blank">PostureigLleida</a>	7	0	1	14072	1002	42215	Lleida, on si no?	110
@PozasJoan	<a href="https://twitter.com/PozasJoan" target="_blank">PozasJoan</a>	12	5	1	363	663	5878	Barcelona, Catalunya	027
@prenmepermi	<a href="https://twitter.com/prenmepermi" target="_blank">prenmepermi</a>	3	0	1	313	724	14180	Terrassa	001
@pribaqes	<a href="https://twitter.com/pribaqes" target="_blank">pribaqes</a>	1	9	0	31	33	22	Catalunya, Espanya	068
@proyectocongres	<a href="https://twitter.com/proyectocongres" target="_blank">proyectocongres</a>	1	0	1	526	495	8033	Valencia, España	183
@PrufiJaume	<a href="https://twitter.com/PrufiJaume" target="_blank">PrufiJaume</a>	0	5	0					011
@psantaeulalia	<a href="https://twitter.com/psantaeulalia" target="_blank">psantaeulalia</a>	1	1	0	370	582	5303	Berlin, Alemanya	148
@ptmpautolosa	<a href="https://twitter.com/ptmpautolosa" target="_blank">ptmpautolosa</a>	1	0	1	9	21	88	Valls, Tarragona	005
@PTugues	<a href="https://twitter.com/PTugues" target="_blank">PTugues</a>	2	0	1	2742	2168	17759	Sant Cugat/Barcelona	021
@PuigRichart	<a href="https://twitter.com/PuigRichart" target="_blank">PuigRichart</a>	1	1	0	81	169	370		147
@PuigXavi	<a href="https://twitter.com/PuigXavi" target="_blank">PuigXavi</a>	3	0	1	37	205	773	Barcelona, Catalunya	082
@puiplus	<a href="https://twitter.com/puiplus" target="_blank">puiplus</a>	1	0	1	930	4942	7114	Sinera	049
@punyet	<a href="https://twitter.com/punyet" target="_blank">punyet</a>	4	0	1	1482	1031	10570	ÜT: 41.12149,1.251592	001
@putxinelli79	<a href="https://twitter.com/putxinelli79" target="_blank">putxinelli79</a>	1	0	1	226	414	1979		067
@PUTXOT	<a href="https://twitter.com/PUTXOT" target="_blank">PUTXOT</a>	3	0	1	1293	796	11418	CATALUNYA/PPCC	220
@PyrusPep	<a href="https://twitter.com/PyrusPep" target="_blank">PyrusPep</a>	7	0	1	199	382	5230		001
@quelcolom	<a href="https://twitter.com/quelcolom" target="_blank">quelcolom</a>	14	0	2	657	452	135719	Palma	007
@quertycat	<a href="https://twitter.com/quertycat" target="_blank">quertycat</a>	1	0	1	252	611	16060		053
@quicoa	<a href="https://twitter.com/quicoa" target="_blank">quicoa</a>	2	0	1	1894	1432	11978	Sabadell , Països Catalans	245
@Quimberenguer	<a href="https://twitter.com/Quimberenguer" target="_blank">Quimberenguer</a>	13	0	1	621	1037	75929		070
@QuimFernandez	<a href="https://twitter.com/QuimFernandez" target="_blank">QuimFernandez</a>	3	0	1	2920	2128	15305	Mataró  (Catalunya)	001
@QuimGreal	<a href="https://twitter.com/QuimGreal" target="_blank">QuimGreal</a>	4	0	2	110	339	402	Alp, Catalunya	005
@quimloras	<a href="https://twitter.com/quimloras" target="_blank">quimloras</a>	1	0	1	1431	859	20620	Sant Cugat	235
@QuimSilvestre	<a href="https://twitter.com/QuimSilvestre" target="_blank">QuimSilvestre</a>	3	0	1	510	674	35394	Catalunya, Països Catalans	062
@QuimSopena1	<a href="https://twitter.com/QuimSopena1" target="_blank">QuimSopena1</a>	2	0	1	297	506	4205		078
@QuimTorraiPla	<a href="https://twitter.com/QuimTorraiPla" target="_blank">QuimTorraiPla</a>	12	0	2	7847	752	12465	Barcelona, República de Catalunya	001
@Quins_pebrots	<a href="https://twitter.com/Quins_pebrots" target="_blank">Quins_pebrots</a>	7	0	1	850	2025	28938	República de Catalunya	007
@R_U_Nuts	<a href="https://twitter.com/R_U_Nuts" target="_blank">R_U_Nuts</a>	1	0	1	418	699	18231	Fix East	073
@raalmiro	<a href="https://twitter.com/raalmiro" target="_blank">raalmiro</a>	7	0	2	138	195	2979	barcelona	023
@raalmiro1	<a href="https://twitter.com/raalmiro1" target="_blank">raalmiro1</a>	9	0	1	48	84	1960		023
@RabalMaite	<a href="https://twitter.com/RabalMaite" target="_blank">RabalMaite</a>	57	0	1	85	141	26437		003
@rafaelmacias23	<a href="https://twitter.com/rafaelmacias23" target="_blank">rafaelmacias23</a>	1	0	1	53	74	169		017
@rafaferrern	<a href="https://twitter.com/rafaferrern" target="_blank">rafaferrern</a>	1	0	1	844	1354	6464	Gandia, País Valencià	051
@RafaMartnezSanc	<a href="https://twitter.com/RafaMartnezSanc" target="_blank">RafaMartnezSanc</a>	1	0	1	133	284	9084		060
@RamblaNuria	<a href="https://twitter.com/RamblaNuria" target="_blank">RamblaNuria</a>	15	0	1	169	296	7031	CAT	009
@rameneses1	<a href="https://twitter.com/rameneses1" target="_blank">rameneses1</a>	5	0	1	13945	6543	222328	spain	069
@Ramon_Roig	<a href="https://twitter.com/Ramon_Roig" target="_blank">Ramon_Roig</a>	3	0	1	439	97	23205	Terres de l'Ebre, Catalunya.	258
@ramoncod	<a href="https://twitter.com/ramoncod" target="_blank">ramoncod</a>	1	0	1	578	532	13933	Barcelona, Catalonia, Spain	021
@ramoncortina55	<a href="https://twitter.com/ramoncortina55" target="_blank">ramoncortina55</a>	1	0	1	122	247	7056	PP.CC	049
@Ramonlaseu	<a href="https://twitter.com/Ramonlaseu" target="_blank">Ramonlaseu</a>	4	0	1	86	41	3338	la Seu d'Urgell, Espanya	009
@ramonminoves	<a href="https://twitter.com/ramonminoves" target="_blank">ramonminoves</a>	3	1	0	1854	3355	6802	BERGA - Països Catalans	023
@RamonMiro	<a href="https://twitter.com/RamonMiro" target="_blank">RamonMiro</a>	2	0	1	292	251	2013	Barcelona	001
@RamonSans5	<a href="https://twitter.com/RamonSans5" target="_blank">RamonSans5</a>	7	0	1	420	304	49210		001
@ramontremosa	<a href="https://twitter.com/ramontremosa" target="_blank">ramontremosa</a>	18	139	0	69364	1301	31183	BCN, CAT & EU	021
@RamonVilaltella	<a href="https://twitter.com/RamonVilaltella" target="_blank">RamonVilaltella</a>	8	0	2	654	759	9941	Tarragona/Barcelona, Catalonia	003
@rampalacio	<a href="https://twitter.com/rampalacio" target="_blank">rampalacio</a>	3	0	1	293	255	4538	Barcelona	040
@rampitu	<a href="https://twitter.com/rampitu" target="_blank">rampitu</a>	5	0	1	65	173	407	Olot	250
@raquelantoner	<a href="https://twitter.com/raquelantoner" target="_blank">raquelantoner</a>	2	1	0	176	341	996		267
@RaquelGiro	<a href="https://twitter.com/RaquelGiro" target="_blank">RaquelGiro</a>	3	0	1	245	479	3581	Les Roques	069
@raquelmirmauri	<a href="https://twitter.com/raquelmirmauri" target="_blank">raquelmirmauri</a>	2	0	1	3	40	236	Catalunya	001
@rarmeng1	<a href="https://twitter.com/rarmeng1" target="_blank">rarmeng1</a>	1	0	1	112	120	1294		146
@RataDesletrada	<a href="https://twitter.com/RataDesletrada" target="_blank">RataDesletrada</a>	1	0	1	3347	1707	10100	Mallorca/Maresme	004
@RatRavell	<a href="https://twitter.com/RatRavell" target="_blank">RatRavell</a>	9	0	2	563	1138	15971	Catalunya	023
@raul_san_juan	<a href="https://twitter.com/raul_san_juan" target="_blank">raul_san_juan</a>	8	0	1	74	234	3280	Barcelona, Cataluña	007
@RaulMoroteColas	<a href="https://twitter.com/RaulMoroteColas" target="_blank">RaulMoroteColas</a>	1	0	1	3	56	207		042
@rblasi	<a href="https://twitter.com/rblasi" target="_blank">rblasi</a>	3	1	0	3297	1023	20166	Barcelona, Catalunya, Europe	004
@RbsSkitx	<a href="https://twitter.com/RbsSkitx" target="_blank">RbsSkitx</a>	2	0	1	75	113	1375		025
@RCanoO	<a href="https://twitter.com/RCanoO" target="_blank">RCanoO</a>	4	0	1	301	352	36462		168
@rcantons	<a href="https://twitter.com/rcantons" target="_blank">rcantons</a>	10	0	1	745	877	46704		004
@rcasas22	<a href="https://twitter.com/rcasas22" target="_blank">rcasas22</a>	0	1	0					268
@rcpuig94	<a href="https://twitter.com/rcpuig94" target="_blank">rcpuig94</a>	23	0	1	1046	1056	19063	CATALONIA/ CATALUNYA	021
@RDBCat	<a href="https://twitter.com/RDBCat" target="_blank">RDBCat</a>	38	0	2	107	135	15829	Catalunya	007
@ReaganCBrown	<a href="https://twitter.com/ReaganCBrown" target="_blank">ReaganCBrown</a>	1	0	1	505	291	128596		073
@reagrupament	<a href="https://twitter.com/reagrupament" target="_blank">reagrupament</a>	0	2	0					009
@reagrupamentpv	<a href="https://twitter.com/reagrupamentpv" target="_blank">reagrupamentpv</a>	25	0	3	1960	1959	46159	País Valencià. 960064914	011
@recordarem	<a href="https://twitter.com/recordarem" target="_blank">recordarem</a>	2	0	1	198	42	842	Catalonia, Catalonia	003
@redboybroken	<a href="https://twitter.com/redboybroken" target="_blank">redboybroken</a>	1	0	1	396	107	103763		073
@redgunner17	<a href="https://twitter.com/redgunner17" target="_blank">redgunner17</a>	5	0	1	188	1008	4312		021
@REF1714	<a href="https://twitter.com/REF1714" target="_blank">REF1714</a>	2	1	0	9	47	239	Terrassa, España	269
@reflexions_NS	<a href="https://twitter.com/reflexions_NS" target="_blank">reflexions_NS</a>	25	0	1	644	1717	45038	Català a Madrid. Indepe. Ara a CAT	001
@refugi101	<a href="https://twitter.com/refugi101" target="_blank">refugi101</a>	10	0	1	96	560	7975	al mig del no-res	009
@regul_ilerget	<a href="https://twitter.com/regul_ilerget" target="_blank">regul_ilerget</a>	41	0	1	1785	1588	83518	Lleida (Vegueria de Ponent)	262
@renoinoi	<a href="https://twitter.com/renoinoi" target="_blank">renoinoi</a>	4	0	1	491	1046	12730	Barcelona	059
@renover2004	<a href="https://twitter.com/renover2004" target="_blank">renover2004</a>	6	0	1	2021	2154	19325		004
@republican197	<a href="https://twitter.com/republican197" target="_blank">republican197</a>	3	0	1	29	80	539	Barcelona, España	007
@RetesVita	<a href="https://twitter.com/RetesVita" target="_blank">RetesVita</a>	6	0	1	83	366	6883		001
@REV_SocialMedia	<a href="https://twitter.com/REV_SocialMedia" target="_blank">REV_SocialMedia</a>	1	0	1	320	484	1315	Barcelona	102
@rfernandezjou	<a href="https://twitter.com/rfernandezjou" target="_blank">rfernandezjou</a>	38	0	1	1114	397	145508		066
@rfontcofan	<a href="https://twitter.com/rfontcofan" target="_blank">rfontcofan</a>	1	0	1	19	117	104		218
@RGbarcelones	<a href="https://twitter.com/RGbarcelones" target="_blank">RGbarcelones</a>	1	0	1	401	193	3319		046
@rhisiartcrowe	<a href="https://twitter.com/rhisiartcrowe" target="_blank">rhisiartcrowe</a>	16	0	1	226	353	4374	Caerdydd Cardiff	053
@ribes_lopez	<a href="https://twitter.com/ribes_lopez" target="_blank">ribes_lopez</a>	7	0	1	229	244	2291	Ribes, Garraf, Països Catalans	025
@ribetanades	<a href="https://twitter.com/ribetanades" target="_blank">ribetanades</a>	2	0	1	172	35	12550		003
@riCar_FCB	<a href="https://twitter.com/riCar_FCB" target="_blank">riCar_FCB</a>	5	0	1	75	222	6121		263
@RICARD24096125	<a href="https://twitter.com/RICARD24096125" target="_blank">RICARD24096125</a>	14	0	3	630	2502	27004		004
@ricardo7003	<a href="https://twitter.com/ricardo7003" target="_blank">ricardo7003</a>	2	0	1	24	108	1729		021
@RicardVic	<a href="https://twitter.com/RicardVic" target="_blank">RicardVic</a>	2	1	0	135	171	2800	Calella	265
@rifepa86	<a href="https://twitter.com/rifepa86" target="_blank">rifepa86</a>	7	0	1	299	804	6896		058
@rijago	<a href="https://twitter.com/rijago" target="_blank">rijago</a>	47	0	8	73	133	12841		001
@ripollesheras	<a href="https://twitter.com/ripollesheras" target="_blank">ripollesheras</a>	7	0	2	56	107	3253		034
@Ritxi_Witxi	<a href="https://twitter.com/Ritxi_Witxi" target="_blank">Ritxi_Witxi</a>	14	3	1	2007	1328	59713	Això és a prop! Cerca! Near!	085
@riudomsxindepen	<a href="https://twitter.com/riudomsxindepen" target="_blank">riudomsxindepen</a>	0	1	0					266
@rlopezct	<a href="https://twitter.com/rlopezct" target="_blank">rlopezct</a>	11	1	1	1634	2307	72550	Catalonia	005
@rmm2014	<a href="https://twitter.com/rmm2014" target="_blank">rmm2014</a>	2	0	1	157	1283	4107	Barcelona	051
@robert_ara	<a href="https://twitter.com/robert_ara" target="_blank">robert_ara</a>	5	0	1	557	613	4127		011
@RobertBadia	<a href="https://twitter.com/RobertBadia" target="_blank">RobertBadia</a>	26	0	1	1572	1899	97062	Barcelona, Catalonia, Europe	001
@RobertChoLee	<a href="https://twitter.com/RobertChoLee" target="_blank">RobertChoLee</a>	6	0	1	14	31	3736		005
@robertprats_	<a href="https://twitter.com/robertprats_" target="_blank">robertprats_</a>	1	0	1	104	504	1313		007
@Rodamon_cat	<a href="https://twitter.com/Rodamon_cat" target="_blank">Rodamon_cat</a>	5	0	1	163	156	12352	Valls (Alt Camp, Catalunya)	018
@Roger_CdV	<a href="https://twitter.com/Roger_CdV" target="_blank">Roger_CdV</a>	0	1	0					264
@RogeroBram	<a href="https://twitter.com/RogeroBram" target="_blank">RogeroBram</a>	5	0	1	2243	2216	41465		001
@rogerpinart	<a href="https://twitter.com/rogerpinart" target="_blank">rogerpinart</a>	0	3	0					101
@RogerTeresa	<a href="https://twitter.com/RogerTeresa" target="_blank">RogerTeresa</a>	2	0	1	44	283	2619	Catalunya, Espanya	001
@ROGRCA	<a href="https://twitter.com/ROGRCA" target="_blank">ROGRCA</a>	9	0	1	1421	1481	24778	Girona - Catalonia	001
@ROMI_BCN	<a href="https://twitter.com/ROMI_BCN" target="_blank">ROMI_BCN</a>	7	0	1	181	511	3856	Catalunya	007
@roquini	<a href="https://twitter.com/roquini" target="_blank">roquini</a>	1	5	0	5893	958	33172	Vic,Catalunya	011
@rosa_esteve	<a href="https://twitter.com/rosa_esteve" target="_blank">rosa_esteve</a>	4	0	1	616	696	65648	La Ràpita, Montsia	070
@rosa_msust	<a href="https://twitter.com/rosa_msust" target="_blank">rosa_msust</a>	49	0	1	538	702	14432	Badalona, Barcelona	021
@rosa_sust	<a href="https://twitter.com/rosa_sust" target="_blank">rosa_sust</a>	28	0	1	525	632	6094		005
@RosaClotet	<a href="https://twitter.com/RosaClotet" target="_blank">RosaClotet</a>	6	1	0	2540	2061	46506	Barcelona	261
@Rosadpgeo	<a href="https://twitter.com/Rosadpgeo" target="_blank">Rosadpgeo</a>	1	0	1	47	101	586	Barcelona	001
@rosapique	<a href="https://twitter.com/rosapique" target="_blank">rosapique</a>	8	0	1	685	500	9866	Catalunya	003
@RosaSorribes	<a href="https://twitter.com/RosaSorribes" target="_blank">RosaSorribes</a>	29	0	3	953	1081	51168		007
@Rosbyt	<a href="https://twitter.com/Rosbyt" target="_blank">Rosbyt</a>	4	0	1	2118	2120	41853	#RepúblicaCatalana	011
@roserbonet	<a href="https://twitter.com/roserbonet" target="_blank">roserbonet</a>	7	0	1	540	303	81043	República de Catalunya, UE	004
@roserpascualser	<a href="https://twitter.com/roserpascualser" target="_blank">roserpascualser</a>	7	0	1	287	490	13744		001
@RoserPeck	<a href="https://twitter.com/RoserPeck" target="_blank">RoserPeck</a>	2	0	1	34	72	439	Barcelona, Spain	003
@RoserPPCC	<a href="https://twitter.com/RoserPPCC" target="_blank">RoserPPCC</a>	8	0	1	958	1295	13914		136
@rosetjordi	<a href="https://twitter.com/rosetjordi" target="_blank">rosetjordi</a>	2	0	1	2718	2129	17372	Terrassa, Catalunya	026
@rospale	<a href="https://twitter.com/rospale" target="_blank">rospale</a>	1	0	1	161	622	4469		079
@rossend1963	<a href="https://twitter.com/rossend1963" target="_blank">rossend1963</a>	10	0	1	4583	3637	246346		020
@RouraMon	<a href="https://twitter.com/RouraMon" target="_blank">RouraMon</a>	5	0	1	72	195	2449	Catalunya	011
@RramonfRrf	<a href="https://twitter.com/RramonfRrf" target="_blank">RramonfRrf</a>	19	0	1	540	746	17409	barcelona gracia	004
@Rras58	<a href="https://twitter.com/Rras58" target="_blank">Rras58</a>	32	0	2	569	1483	16725		002
@RratAnento	<a href="https://twitter.com/RratAnento" target="_blank">RratAnento</a>	1	1	0	683	951	10468	Catalunya	003
@RRuizsole	<a href="https://twitter.com/RRuizsole" target="_blank">RRuizsole</a>	1	0	1	15	60	311	Valls.	060
@RSFanonymous	<a href="https://twitter.com/RSFanonymous" target="_blank">RSFanonymous</a>	2	0	1	537	38	9825	Anoeta Estadioa(Euskal Herria)	114
@Rubiperindep	<a href="https://twitter.com/Rubiperindep" target="_blank">Rubiperindep</a>	18	0	1	1581	1201	17359	Rubí, Catalunya	001
@rubita_nf	<a href="https://twitter.com/rubita_nf" target="_blank">rubita_nf</a>	0	1	0					260
@RueRamon	<a href="https://twitter.com/RueRamon" target="_blank">RueRamon</a>	2	0	1	21	77	394		243
@RullCalaf	<a href="https://twitter.com/RullCalaf" target="_blank">RullCalaf</a>	1	0	1	4	80	7		058
@Rupi51	<a href="https://twitter.com/Rupi51" target="_blank">Rupi51</a>	1	0	1	73	141	5090		092
@Rutdegramenet	<a href="https://twitter.com/Rutdegramenet" target="_blank">Rutdegramenet</a>	13	0	1	613	373	24863	Santa Coloma de Gramenet	027
@rutinoverbal	<a href="https://twitter.com/rutinoverbal" target="_blank">rutinoverbal</a>	2	0	1	109	365	1213		078
@rvidal64	<a href="https://twitter.com/rvidal64" target="_blank">rvidal64</a>	1	0	1	60	152	2230	Catalunya	051
@s_parias	<a href="https://twitter.com/s_parias" target="_blank">s_parias</a>	1	0	1	1389	559	19196	Madrid	093
@s_valls	<a href="https://twitter.com/s_valls" target="_blank">s_valls</a>	12	0	2	820	531	97431		005
@S38Mum	<a href="https://twitter.com/S38Mum" target="_blank">S38Mum</a>	2	0	1	76	233	827		063
@SabadellMontse	<a href="https://twitter.com/SabadellMontse" target="_blank">SabadellMontse</a>	4	6	0	146	178	1877	Sabadell	014
@sabjm48	<a href="https://twitter.com/sabjm48" target="_blank">sabjm48</a>	4	0	1	2030	1925	52222	Catalunya interior	007
@sabrebel	<a href="https://twitter.com/sabrebel" target="_blank">sabrebel</a>	3	1	0	809	2920	10200	Sants	257
@sack_am	<a href="https://twitter.com/sack_am" target="_blank">sack_am</a>	88	0	2	2833	3178	269823	Badalona, Catalunya	049
@saezmiravet	<a href="https://twitter.com/saezmiravet" target="_blank">saezmiravet</a>	0	1	0					258
@sagal62	<a href="https://twitter.com/sagal62" target="_blank">sagal62</a>	20	0	1	2222	1981	137000	Importa amb quí, no on.	001
@salagl93	<a href="https://twitter.com/salagl93" target="_blank">salagl93</a>	4	1	0	874	1812	7321	Barcelona	262
@salutvilaro	<a href="https://twitter.com/salutvilaro" target="_blank">salutvilaro</a>	7	0	1	508	515	28325		001
@SalvaAreva	<a href="https://twitter.com/SalvaAreva" target="_blank">SalvaAreva</a>	8	0	1	8	49	685		182
@Salvador_Murla	<a href="https://twitter.com/Salvador_Murla" target="_blank">Salvador_Murla</a>	5	0	1	140	118	5089		003
@salvadorfarres	<a href="https://twitter.com/salvadorfarres" target="_blank">salvadorfarres</a>	2	0	1	134	319	2121		167
@salvadorgil123	<a href="https://twitter.com/salvadorgil123" target="_blank">salvadorgil123</a>	1	0	1	142	693	611		001
@Salvajuliana	<a href="https://twitter.com/Salvajuliana" target="_blank">Salvajuliana</a>	2	0	1	993	1204	13811	Catalunya	005
@salvijolis	<a href="https://twitter.com/salvijolis" target="_blank">salvijolis</a>	26	0	1	48	368	6145		063
@SamaManel	<a href="https://twitter.com/SamaManel" target="_blank">SamaManel</a>	1	0	1	192	330	2054		074
@Sandra__Ramos	<a href="https://twitter.com/Sandra__Ramos" target="_blank">Sandra__Ramos</a>	1	0	1	361	283	1517		117
@SandramasM	<a href="https://twitter.com/SandramasM" target="_blank">SandramasM</a>	1	0	1	163	333	1967	Sabadell	095
@SansaJordi	<a href="https://twitter.com/SansaJordi" target="_blank">SansaJordi</a>	3	0	3	17	145	1465		011
@santamoros	<a href="https://twitter.com/santamoros" target="_blank">santamoros</a>	2	0	1	49	517	756		001
@santi_m_j	<a href="https://twitter.com/santi_m_j" target="_blank">santi_m_j</a>	3	0	1	653	1040	3443	Santa Coloma de Gramenet	027
@santicasas	<a href="https://twitter.com/santicasas" target="_blank">santicasas</a>	6	0	1	1594	1037	28173	Terrassa, Catalunya	010
@SantiFortuny	<a href="https://twitter.com/SantiFortuny" target="_blank">SantiFortuny</a>	5	0	1	814	1441	5773	Tarragona, Països Catalans	058
@SantiGoogle	<a href="https://twitter.com/SantiGoogle" target="_blank">SantiGoogle</a>	25	0	2	1108	1744	29702	Sabadell	007
@santigutiespuny	<a href="https://twitter.com/santigutiespuny" target="_blank">santigutiespuny</a>	3	3	0	29	206	326		097
@santpol1	<a href="https://twitter.com/santpol1" target="_blank">santpol1</a>	11	0	2	376	497	20214	Catalunya	003
@Saorsayabass	<a href="https://twitter.com/Saorsayabass" target="_blank">Saorsayabass</a>	4	0	1	1137	1262	21911	Falkirk, Scotland Joined 2015	023
@sapigu	<a href="https://twitter.com/sapigu" target="_blank">sapigu</a>	1	0	1	78	361	650	Catalunya - Canada	069
@Sara17salana	<a href="https://twitter.com/Sara17salana" target="_blank">Sara17salana</a>	1	1	0	6	54	440		003
@Sara67822151	<a href="https://twitter.com/Sara67822151" target="_blank">Sara67822151</a>	25	0	1	28	51	5316		007
@SaraFigueras	<a href="https://twitter.com/SaraFigueras" target="_blank">SaraFigueras</a>	3	0	1	62	149	472		082
@sarda_judit	<a href="https://twitter.com/sarda_judit" target="_blank">sarda_judit</a>	2	0	1	60	88	2068		056
@SatoroDi	<a href="https://twitter.com/SatoroDi" target="_blank">SatoroDi</a>	1	0	1	33	128	117	Barcelona	051
@satuna2002	<a href="https://twitter.com/satuna2002" target="_blank">satuna2002</a>	1	0	1	338	826	8232	Catalunya	001
@saviscatalans	<a href="https://twitter.com/saviscatalans" target="_blank">saviscatalans</a>	0	2	0					043
@Sbavoda	<a href="https://twitter.com/Sbavoda" target="_blank">Sbavoda</a>	17	0	1	25	24	3492		056
@scrmrngrc	<a href="https://twitter.com/scrmrngrc" target="_blank">scrmrngrc</a>	0	1	0					255
@SE_Aimerigues	<a href="https://twitter.com/SE_Aimerigues" target="_blank">SE_Aimerigues</a>	4	1	0	87	73	321	Terrassa, Catalunya	256
@sebasnogueres	<a href="https://twitter.com/sebasnogueres" target="_blank">sebasnogueres</a>	16	0	1	5080	4632	220219	CATALUNYA #1-O #DUI	001
@SebastiaBCN	<a href="https://twitter.com/SebastiaBCN" target="_blank">SebastiaBCN</a>	2	0	1	224	353	8583	08021 Barcelona	049
@secreto2000	<a href="https://twitter.com/secreto2000" target="_blank">secreto2000</a>	7	0	1	1168	2294	18800	Barcelona, Catalonia, Spain	063
@SeguiGoma	<a href="https://twitter.com/SeguiGoma" target="_blank">SeguiGoma</a>	8	0	1	103	259	5302	Peralada, Catalunya	081
@sei_casa	<a href="https://twitter.com/sei_casa" target="_blank">sei_casa</a>	2	0	1	198	321	1476		083
@Semari007	<a href="https://twitter.com/Semari007" target="_blank">Semari007</a>	2	0	1	52	169	646	Barcelona	211
@senpla	<a href="https://twitter.com/senpla" target="_blank">senpla</a>	1	0	1	360	488	4676	Benimaclet-Gandia	001
@senugi	<a href="https://twitter.com/senugi" target="_blank">senugi</a>	3	0	1	396	396	1572	Vilademí, Catalonia	005
@senyorapona	<a href="https://twitter.com/senyorapona" target="_blank">senyorapona</a>	2	4	0	227	1181	1615	applicant to EFTA	001
@SEPCIgualada	<a href="https://twitter.com/SEPCIgualada" target="_blank">SEPCIgualada</a>	1	0	1	512	596	1571	Igualada, Països Catalans	076
@seramons	<a href="https://twitter.com/seramons" target="_blank">seramons</a>	2	0	1	5	31	354		044
@Sergi_Curto	<a href="https://twitter.com/Sergi_Curto" target="_blank">Sergi_Curto</a>	1	0	1	188	273	3374	De l'Ebre cap a Granollers	011
@Sergi_Jimmy	<a href="https://twitter.com/Sergi_Jimmy" target="_blank">Sergi_Jimmy</a>	6	0	3	165	512	8885	Pineda de mar	020
@sergi_jorda	<a href="https://twitter.com/sergi_jorda" target="_blank">sergi_jorda</a>	14	0	1	785	649	16955		010
@sergi_pages	<a href="https://twitter.com/sergi_pages" target="_blank">sergi_pages</a>	1	2	0	278	104	6111	Països Catalans	031
@Sergidelmig	<a href="https://twitter.com/Sergidelmig" target="_blank">Sergidelmig</a>	13	4	2	254	420	5387		016
@sergimarza71	<a href="https://twitter.com/sergimarza71" target="_blank">sergimarza71</a>	4	0	1	99	117	9185		021
@SergioAPodio	<a href="https://twitter.com/SergioAPodio" target="_blank">SergioAPodio</a>	1	0	1	511	429	51917	Tarragona, España	058
@Sergipasq	<a href="https://twitter.com/Sergipasq" target="_blank">Sergipasq</a>	5	2	1	94	333	4397		001
@SergiRegas	<a href="https://twitter.com/SergiRegas" target="_blank">SergiRegas</a>	1	0	1	846	952	5366	Hostalric (La Selva) Catalunya	094
@sergisancho	<a href="https://twitter.com/sergisancho" target="_blank">sergisancho</a>	16	0	1	662	910	20259	Barcelona	011
@SergiTarres	<a href="https://twitter.com/SergiTarres" target="_blank">SergiTarres</a>	6	1	0	2467	2950	36661		001
@SergiVSfisio	<a href="https://twitter.com/SergiVSfisio" target="_blank">SergiVSfisio</a>	2	0	1	367	603	1168	l'Hospitalet de Llobregat, Cat	007
@Sergvar_	<a href="https://twitter.com/Sergvar_" target="_blank">Sergvar_</a>	5	0	1	47	251	3132	香港	001
@SerMG97	<a href="https://twitter.com/SerMG97" target="_blank">SerMG97</a>	6	0	1	221	312	14699	Països Catalans	194
@serra_merce	<a href="https://twitter.com/serra_merce" target="_blank">serra_merce</a>	21	0	1	187	89	36740	Barcelona	007
@SFJoana	<a href="https://twitter.com/SFJoana" target="_blank">SFJoana</a>	1	2	0	194	47	265		142
@SgMireia	<a href="https://twitter.com/SgMireia" target="_blank">SgMireia</a>	13	0	1	42	98	2693		051
@sharonnixon15	<a href="https://twitter.com/sharonnixon15" target="_blank">sharonnixon15</a>	1	0	1	54	102	31506		073
@sianskiy	<a href="https://twitter.com/sianskiy" target="_blank">sianskiy</a>	20	0	1	17	69	2272	Catalunya	001
@sickofyouth	<a href="https://twitter.com/sickofyouth" target="_blank">sickofyouth</a>	2	0	1	154	467	15574	Barcelona	023
@Siket367	<a href="https://twitter.com/Siket367" target="_blank">Siket367</a>	11	0	1	184	651	13813	Ижевск, Удмуртская республика	001
@silencis_mf	<a href="https://twitter.com/silencis_mf" target="_blank">silencis_mf</a>	4	0	1	151	187	1037		184
@Silurydd	<a href="https://twitter.com/Silurydd" target="_blank">Silurydd</a>	1	0	1	171	172	2384	#IndyWales	053
@silvia_inc	<a href="https://twitter.com/silvia_inc" target="_blank">silvia_inc</a>	6	0	1	683	370	28598	Barcelona, Catalunya	085
@Silvia_Villarro	<a href="https://twitter.com/Silvia_Villarro" target="_blank">Silvia_Villarro</a>	3	0	2	96	102	1586		004
@SilviaHerr6	<a href="https://twitter.com/SilviaHerr6" target="_blank">SilviaHerr6</a>	1	0	1	20	27	70	Mexico	126
@silviasaiz_1714	<a href="https://twitter.com/silviasaiz_1714" target="_blank">silviasaiz_1714</a>	9	0	2	113	298	4125		007
@Similoya	<a href="https://twitter.com/Similoya" target="_blank">Similoya</a>	1	0	1	111	333	1043		079
@SINDICAT_SMAC	<a href="https://twitter.com/SINDICAT_SMAC" target="_blank">SINDICAT_SMAC</a>	2	4	1	1423	3695	4508	Barcelona, España	081
@sintonica	<a href="https://twitter.com/sintonica" target="_blank">sintonica</a>	3	0	1	40	493	1676	Barcelona, España	001
@Sis0kala	<a href="https://twitter.com/Sis0kala" target="_blank">Sis0kala</a>	11	0	1	55	1203	5912		162
@sisondeta	<a href="https://twitter.com/sisondeta" target="_blank">sisondeta</a>	7	0	1	62	685	6233		001
@Sisquelles	<a href="https://twitter.com/Sisquelles" target="_blank">Sisquelles</a>	1	0	1	5	103	109	Mataró, Catalunya	021
@SitaSP	<a href="https://twitter.com/SitaSP" target="_blank">SitaSP</a>	15	2	0	2616	3472	49939		136
@SJD_PrenPartit	<a href="https://twitter.com/SJD_PrenPartit" target="_blank">SJD_PrenPartit</a>	1	1	0	1216	753	38	Sant Joan Despí	253
@smestres	<a href="https://twitter.com/smestres" target="_blank">smestres</a>	1	0	1	84	124	3580	Barcelona	021
@smiejka	<a href="https://twitter.com/smiejka" target="_blank">smiejka</a>	6	0	1	22	130	1017		001
@smujal	<a href="https://twitter.com/smujal" target="_blank">smujal</a>	60	0	2	4220	4994	218901	Barcelona	012
@SocialWorkCat	<a href="https://twitter.com/SocialWorkCat" target="_blank">SocialWorkCat</a>	2	0	1	23	55	1344	Barcelona	003
@sola_toni	<a href="https://twitter.com/sola_toni" target="_blank">sola_toni</a>	14	2	3	52	92	5299	a saber...	011
@Soletveig	<a href="https://twitter.com/Soletveig" target="_blank">Soletveig</a>	8	0	1	113	221	5065	Catalunya	001
@somgentdpau	<a href="https://twitter.com/somgentdpau" target="_blank">somgentdpau</a>	14	0	1	207	563	7817		049
@somiserem2014	<a href="https://twitter.com/somiserem2014" target="_blank">somiserem2014</a>	5	0	1	762	1044	29297	Republica de Catalunya	001
@Soniavila2	<a href="https://twitter.com/Soniavila2" target="_blank">Soniavila2</a>	1	0	1	85	131	77		051
@sopi64	<a href="https://twitter.com/sopi64" target="_blank">sopi64</a>	10	0	1	957	1152	41228	Tarragona, Catalunya	021
@Sor_Tomassa	<a href="https://twitter.com/Sor_Tomassa" target="_blank">Sor_Tomassa</a>	5	0	1	1381	4342	5207	Mallorca	004
@sotoarmengol	<a href="https://twitter.com/sotoarmengol" target="_blank">sotoarmengol</a>	95	0	3	3397	5001	83623	Comarca Garraf	001
@spika59	<a href="https://twitter.com/spika59" target="_blank">spika59</a>	12	3	1	2794	1600	15680	Catalunya ||*||	086
@sr_cinefilo	<a href="https://twitter.com/sr_cinefilo" target="_blank">sr_cinefilo</a>	2	0	1	352	89	3689		063
@SRemola	<a href="https://twitter.com/SRemola" target="_blank">SRemola</a>	7	0	3	862	5001	7624	Jungle🤘	004
@Ssuneb	<a href="https://twitter.com/Ssuneb" target="_blank">Ssuneb</a>	29	0	2	531	652	33849	Barcelona, Catalunya	007
@stakarabia	<a href="https://twitter.com/stakarabia" target="_blank">stakarabia</a>	4	0	1	36	88	5002		058
@Starling_Bcs	<a href="https://twitter.com/Starling_Bcs" target="_blank">Starling_Bcs</a>	0	3	0					102
@sunyeta	<a href="https://twitter.com/sunyeta" target="_blank">sunyeta</a>	17	0	1	330	616	26885	Catalunya	021
@supercatalunya	<a href="https://twitter.com/supercatalunya" target="_blank">supercatalunya</a>	12	3	0	2693	1045	10720	★ VISCA CATALUNYA LLIURE ★	089
@Superclochard	<a href="https://twitter.com/Superclochard" target="_blank">Superclochard</a>	1	0	1	185	1189	7555	Barcelona	001
@supermaruxi	<a href="https://twitter.com/supermaruxi" target="_blank">supermaruxi</a>	3	0	1	105	259	2373		021
@susanna_sl	<a href="https://twitter.com/susanna_sl" target="_blank">susanna_sl</a>	2	0	1	142	174	3191	Esparreguera, Països Catalans	056
@syforo	<a href="https://twitter.com/syforo" target="_blank">syforo</a>	2	0	1	22	157	592		004
@tallarinamarina	<a href="https://twitter.com/tallarinamarina" target="_blank">tallarinamarina</a>	17	0	1	153	151	5244	Arenys de Mar, Espanya	007
@Talluscat	<a href="https://twitter.com/Talluscat" target="_blank">Talluscat</a>	3	0	1	33	184	1334	Catalunya	049
@Tamborras	<a href="https://twitter.com/Tamborras" target="_blank">Tamborras</a>	11	0	1	1128	664	78920	CATALUNYA  (Sant Cugat)	005
@TanCalvet	<a href="https://twitter.com/TanCalvet" target="_blank">TanCalvet</a>	1	2	0	133	476	691	Tortosa, Catalunya	131
@TantSIcomNO_SBD	<a href="https://twitter.com/TantSIcomNO_SBD" target="_blank">TantSIcomNO_SBD</a>	1	2	0	181	221	60		143
@TarragonaCdr	<a href="https://twitter.com/TarragonaCdr" target="_blank">TarragonaCdr</a>	10	32	0	761	298	636	Tarragona, Països Catalans	058
@TarragonaJNC	<a href="https://twitter.com/TarragonaJNC" target="_blank">TarragonaJNC</a>	8	0	2	422	540	1186	Tarragona, Catalunya, Europa	003
@Tatelo65	<a href="https://twitter.com/Tatelo65" target="_blank">Tatelo65</a>	1	0	1	16	61	304		021
@tatpibernat	<a href="https://twitter.com/tatpibernat" target="_blank">tatpibernat</a>	5	1	0	111	157	2663	Binissalem (Països Catalans)	250
@TDolors	<a href="https://twitter.com/TDolors" target="_blank">TDolors</a>	48	0	2	224	235	26402	Catalunya	011
@Teclaiguixclic	<a href="https://twitter.com/Teclaiguixclic" target="_blank">Teclaiguixclic</a>	6	0	1	1409	1760	14894	Sabadell, Cataluña	118
@Tecnovideobooks	<a href="https://twitter.com/Tecnovideobooks" target="_blank">Tecnovideobooks</a>	13	0	1	95	376	2346		007
@teiamf	<a href="https://twitter.com/teiamf" target="_blank">teiamf</a>	2	0	1	166	367	5611	CATALUNYA	007
@TeixidoJaume	<a href="https://twitter.com/TeixidoJaume" target="_blank">TeixidoJaume</a>	14	1	0	209	281	8194	Barcelona ( Catalunya )	019
@Teixonera	<a href="https://twitter.com/Teixonera" target="_blank">Teixonera</a>	10	0	2	227	572	5672	Canet de mar	026
@TeodoraMartin	<a href="https://twitter.com/TeodoraMartin" target="_blank">TeodoraMartin</a>	2	0	1	1046	1809	29720	valladolid	001
@teresa_tarrago	<a href="https://twitter.com/teresa_tarrago" target="_blank">teresa_tarrago</a>	1	0	1	597	398	3959	Barcelona	051
@tereserarg	<a href="https://twitter.com/tereserarg" target="_blank">tereserarg</a>	9	0	1	65	62	2247		009
@TerraConcertada	<a href="https://twitter.com/TerraConcertada" target="_blank">TerraConcertada</a>	12	0	1	2175	3418	34982	Països catalans per alliberar	062
@TerrassaPelSi	<a href="https://twitter.com/TerrassaPelSi" target="_blank">TerrassaPelSi</a>	8	0	6	169	584	296	Terrassa	001
@TesaCasalsBosom	<a href="https://twitter.com/TesaCasalsBosom" target="_blank">TesaCasalsBosom</a>	4	0	1	130	440	5334	Barcelona, Catalunya	005
@teteagus64	<a href="https://twitter.com/teteagus64" target="_blank">teteagus64</a>	3	0	3	148	261	3972	BCN-Premià-Cardona	003
@Tgarcia_m	<a href="https://twitter.com/Tgarcia_m" target="_blank">Tgarcia_m</a>	16	0	1	960	1283	4322	Valls, Catalunya	029
@thinktankcat	<a href="https://twitter.com/thinktankcat" target="_blank">thinktankcat</a>	1	0	1	415	545	1681		124
@tietaaib5	<a href="https://twitter.com/tietaaib5" target="_blank">tietaaib5</a>	2	0	1	25	101	737		021
@tietaVeronica	<a href="https://twitter.com/tietaVeronica" target="_blank">tietaVeronica</a>	7	0	1	150	776	8303		001
@TiganaBelgarath	<a href="https://twitter.com/TiganaBelgarath" target="_blank">TiganaBelgarath</a>	7	0	1	564	1308	14078	Republica de Catalunya.UE	003
@tinet52	<a href="https://twitter.com/tinet52" target="_blank">tinet52</a>	12	1	0	865	1448	34541	Barcelona, Catalunya	251
@tinissimus	<a href="https://twitter.com/tinissimus" target="_blank">tinissimus</a>	10	0	1	424	838	31497		052
@tirantlonegre	<a href="https://twitter.com/tirantlonegre" target="_blank">tirantlonegre</a>	10	0	1	603	1146	18585	Catalunya	021
@TMagrinya	<a href="https://twitter.com/TMagrinya" target="_blank">TMagrinya</a>	6	0	1	158	314	2490	Vilallonga del Camp	171
@tobcnwithlove	<a href="https://twitter.com/tobcnwithlove" target="_blank">tobcnwithlove</a>	0	1	0					249
@TomasLopezSimo	<a href="https://twitter.com/TomasLopezSimo" target="_blank">TomasLopezSimo</a>	4	0	1	35	144	1193	Terrassa, Catalunya	007
@TomasPerezEsau	<a href="https://twitter.com/TomasPerezEsau" target="_blank">TomasPerezEsau</a>	1	0	1	437	1329	4809	Arrecife de Lanzarote	248
@Tombouctu	<a href="https://twitter.com/Tombouctu" target="_blank">Tombouctu</a>	2	0	1	104	574	3141	Donde me llevan los pies	049
@tomoda65	<a href="https://twitter.com/tomoda65" target="_blank">tomoda65</a>	16	0	1	196	221	4170	Isla Vista, CA	007
@tondoiguell	<a href="https://twitter.com/tondoiguell" target="_blank">tondoiguell</a>	19	0	1	504	731	13261	Tarragona, Rep. de Catalunya	058
@toni_selva	<a href="https://twitter.com/toni_selva" target="_blank">toni_selva</a>	2	0	1	83	147	531	Peramola	005
@tonicesteve	<a href="https://twitter.com/tonicesteve" target="_blank">tonicesteve</a>	17	0	1	3324	3598	158610	Barcelona	021
@tonicortesming	<a href="https://twitter.com/tonicortesming" target="_blank">tonicortesming</a>	2	3	0	1217	859	5126	Igualada (Catalunya)	033
@toniddp	<a href="https://twitter.com/toniddp" target="_blank">toniddp</a>	1	0	1	1117	358	41001	Catalonia Nation & Andorra	001
@tonillefia	<a href="https://twitter.com/tonillefia" target="_blank">tonillefia</a>	0	2	0					042
@ToniMasanes	<a href="https://twitter.com/ToniMasanes" target="_blank">ToniMasanes</a>	4	0	1	53	213	611	Catalunya	021
@ToniRodrguez	<a href="https://twitter.com/ToniRodrguez" target="_blank">ToniRodrguez</a>	9	0	1	317	467	27825	Catalunya	021
@tonividalsastre	<a href="https://twitter.com/tonividalsastre" target="_blank">tonividalsastre</a>	5	1	0	694	863	2775	Catalunya	246
@tonivillanuevag	<a href="https://twitter.com/tonivillanuevag" target="_blank">tonivillanuevag</a>	1	0	1	17	33	74		007
@Tony_Orcha	<a href="https://twitter.com/Tony_Orcha" target="_blank">Tony_Orcha</a>	11	1	0	527	335	10352	Barcelona	031
@TonyMCcoy34	<a href="https://twitter.com/TonyMCcoy34" target="_blank">TonyMCcoy34</a>	4	0	1	53	262	1251	Sant vicenç dels horts	065
@tore51	<a href="https://twitter.com/tore51" target="_blank">tore51</a>	19	0	1	1236	1349	139459	catalunya	004
@torras_jaume	<a href="https://twitter.com/torras_jaume" target="_blank">torras_jaume</a>	5	0	1	276	347	16510		005
@torrehanoi	<a href="https://twitter.com/torrehanoi" target="_blank">torrehanoi</a>	4	0	1	156	646	2582		051
@TORRENTJULIAAA	<a href="https://twitter.com/TORRENTJULIAAA" target="_blank">TORRENTJULIAAA</a>	4	0	1	97	203	2596	catalunya	021
@Tortilla_Patata	<a href="https://twitter.com/Tortilla_Patata" target="_blank">Tortilla_Patata</a>	2	0	1	29	150	2985		021
@totiaprop	<a href="https://twitter.com/totiaprop" target="_blank">totiaprop</a>	11	0	1	556	1183	1550		241
@TotiCanet	<a href="https://twitter.com/TotiCanet" target="_blank">TotiCanet</a>	2	0	1	322	23	2197		062
@tramuntana04	<a href="https://twitter.com/tramuntana04" target="_blank">tramuntana04</a>	3	0	1	243	1358	2933		001
@transtesteban	<a href="https://twitter.com/transtesteban" target="_blank">transtesteban</a>	8	0	2	284	662	7102	Dentro de mi piel.	046
@Trescci	<a href="https://twitter.com/Trescci" target="_blank">Trescci</a>	15	0	1	1042	1229	34321	Barcelona	058
@TretzeMesU	<a href="https://twitter.com/TretzeMesU" target="_blank">TretzeMesU</a>	9	0	1	386	691	10495	Catalunya	007
@TriuWeb	<a href="https://twitter.com/TriuWeb" target="_blank">TriuWeb</a>	1	0	1	4	26	162	Schortens, Deutschland	148
@Tros_de_Quoniam	<a href="https://twitter.com/Tros_de_Quoniam" target="_blank">Tros_de_Quoniam</a>	2	0	1	174	661	2871		005
@trucafort	<a href="https://twitter.com/trucafort" target="_blank">trucafort</a>	6	0	1	176	435	13322	Països Catalans	060
@tupitupitupi2	<a href="https://twitter.com/tupitupitupi2" target="_blank">tupitupitupi2</a>	35	0	2	2058	1144	50550		004
@turroga	<a href="https://twitter.com/turroga" target="_blank">turroga</a>	1	0	1	207	436	3685	República de la Tramuntana	083
@TvBiosfera	<a href="https://twitter.com/TvBiosfera" target="_blank">TvBiosfera</a>	0	1	0					248
@Twilburys	<a href="https://twitter.com/Twilburys" target="_blank">Twilburys</a>	1	0	1	68	200	1325		055
@twimabel	<a href="https://twitter.com/twimabel" target="_blank">twimabel</a>	19	0	1	108	235	7972		001
@twittmorgana	<a href="https://twitter.com/twittmorgana" target="_blank">twittmorgana</a>	1	0	1	18	83	415	Empordà	083
@txainbe	<a href="https://twitter.com/txainbe" target="_blank">txainbe</a>	21	0	1	144	358	12236	Sentmenat	050
@txell_teixido	<a href="https://twitter.com/txell_teixido" target="_blank">txell_teixido</a>	3	1	1	362	900	1885		273
@Txellbellostes	<a href="https://twitter.com/Txellbellostes" target="_blank">Txellbellostes</a>	5	0	1	751	1386	13321	Barcelona	007
@txellfontanet	<a href="https://twitter.com/txellfontanet" target="_blank">txellfontanet</a>	18	0	1	881	1415	18169	Lleida, Catalunya	009
@txema111191	<a href="https://twitter.com/txema111191" target="_blank">txema111191</a>	4	0	1	354	1037	9395		057
@txema2608	<a href="https://twitter.com/txema2608" target="_blank">txema2608</a>	3	0	1	935	1372	25434	Tarragona	058
@txemita1968	<a href="https://twitter.com/txemita1968" target="_blank">txemita1968</a>	2	0	1	1315	1605	4045	Catalunya	003
@txifi	<a href="https://twitter.com/txifi" target="_blank">txifi</a>	6	0	1	26	124	1683	bilbao	057
@Ualgero	<a href="https://twitter.com/Ualgero" target="_blank">Ualgero</a>	1	0	1	116	236	1313		057
@ucendomim	<a href="https://twitter.com/ucendomim" target="_blank">ucendomim</a>	4	0	1	151	170	2202	Sabadell	052
@UgtDHLParcel	<a href="https://twitter.com/UgtDHLParcel" target="_blank">UgtDHLParcel</a>	1	0	1	2433	1308	4989	Catalunya	102
@ullsverds	<a href="https://twitter.com/ullsverds" target="_blank">ullsverds</a>	5	0	1	72	103	2699	per aquí desde l´abril del 201	020
@Unai777777	<a href="https://twitter.com/Unai777777" target="_blank">Unai777777</a>	6	0	1	344	1068	4761	Euzkadi 1974	007
@Unitat9	<a href="https://twitter.com/Unitat9" target="_blank">Unitat9</a>	6	0	1	963	419	8120	Plaça de la Vila 9B, Ribes	025
@urifc75	<a href="https://twitter.com/urifc75" target="_blank">urifc75</a>	3	0	1	101	103	2060	Granollers, Catalunya, PPCC.	011
@uriolaeus	<a href="https://twitter.com/uriolaeus" target="_blank">uriolaeus</a>	2	0	1	3498	3827	36025	Bilbo	091
@UriSolerLl	<a href="https://twitter.com/UriSolerLl" target="_blank">UriSolerLl</a>	4	0	1	330	782	583		063
@urtzai	<a href="https://twitter.com/urtzai" target="_blank">urtzai</a>	3	0	1	1591	598	27304	Zarautz-Laudio (Euskal Herria)	053
@URV_SEPC	<a href="https://twitter.com/URV_SEPC" target="_blank">URV_SEPC</a>	18	0	1	266	130	1129	Tarragona PPCC	058
@vadorcl	<a href="https://twitter.com/vadorcl" target="_blank">vadorcl</a>	3	0	1	86	215	2932	Catalunya	133
@valdrada_72	<a href="https://twitter.com/valdrada_72" target="_blank">valdrada_72</a>	0	2	0					132
@ValentiCapdevi4	<a href="https://twitter.com/ValentiCapdevi4" target="_blank">ValentiCapdevi4</a>	1	0	1	1	6	2		065
@vallmy	<a href="https://twitter.com/vallmy" target="_blank">vallmy</a>	34	0	1	780	298	26565	CATALUNYA	005
@vampyCATman	<a href="https://twitter.com/vampyCATman" target="_blank">vampyCATman</a>	39	0	2	7352	5354	318260	Barcelona. CAT	027
@vancstcugat	<a href="https://twitter.com/vancstcugat" target="_blank">vancstcugat</a>	0	5	0					032
@vascopolaco	<a href="https://twitter.com/vascopolaco" target="_blank">vascopolaco</a>	1	0	1	181	872	2506	N'Djamena - Bilbao - Warszawa	001
@vashondogboy	<a href="https://twitter.com/vashondogboy" target="_blank">vashondogboy</a>	12	1	0	1354	1368	23994	Vashon Island, WA	006
@vecchiaanto	<a href="https://twitter.com/vecchiaanto" target="_blank">vecchiaanto</a>	3	0	1	409	816	4756		009
@VerdesXelCambio	<a href="https://twitter.com/VerdesXelCambio" target="_blank">VerdesXelCambio</a>	11	0	1	612	534	24376	Repúblicas Populares	046
@Vergarilla99	<a href="https://twitter.com/Vergarilla99" target="_blank">Vergarilla99</a>	1	0	1	30	39	164	Barcelona, Cataluña	001
@vesquevinc	<a href="https://twitter.com/vesquevinc" target="_blank">vesquevinc</a>	11	0	1	146	533	2822	del nord del sud	003
@vicentephasbd	<a href="https://twitter.com/vicentephasbd" target="_blank">vicentephasbd</a>	3	1	0	1477	1516	13250	sabadell	245
@VickyMR12	<a href="https://twitter.com/VickyMR12" target="_blank">VickyMR12</a>	13	1	0	982	1027	25525		252
@VicRF72	<a href="https://twitter.com/VicRF72" target="_blank">VicRF72</a>	4	0	2	477	2496	4759	Barcelona, Catalunya, Europe	009
@Victor_FR83	<a href="https://twitter.com/Victor_FR83" target="_blank">Victor_FR83</a>	1	0	1	1265	1603	9227	C. Madrid, República Española	140
@victoracedoma	<a href="https://twitter.com/victoracedoma" target="_blank">victoracedoma</a>	5	0	1	453	688	28385		007
@VictorAG80	<a href="https://twitter.com/VictorAG80" target="_blank">VictorAG80</a>	8	0	1	131	461	3340	Barcelona, Rehiyon ng Bikol	001
@victoriafornesb	<a href="https://twitter.com/victoriafornesb" target="_blank">victoriafornesb</a>	2	0	1	23	248	683	Alcanar, Espanya	051
@VictoriaKtalana	<a href="https://twitter.com/VictoriaKtalana" target="_blank">VictoriaKtalana</a>	6	0	1	44	135	3477		020
@victorjr_2	<a href="https://twitter.com/victorjr_2" target="_blank">victorjr_2</a>	1	0	1	839	1234	36	Barcelona	210
@VidalTarrida	<a href="https://twitter.com/VidalTarrida" target="_blank">VidalTarrida</a>	1	0	1	6	37	415	Barcelona, Espanya	003
@vigolet	<a href="https://twitter.com/vigolet" target="_blank">vigolet</a>	4	0	1	1117	1273	14548	Valls	178
@vigonbel65	<a href="https://twitter.com/vigonbel65" target="_blank">vigonbel65</a>	9	0	1	638	1544	24151	Terres de l'Ebre -  Catalunya	063
@vila9990	<a href="https://twitter.com/vila9990" target="_blank">vila9990</a>	5	0	1	19	76	1303	Barcelona	021
@vilar_antoni	<a href="https://twitter.com/vilar_antoni" target="_blank">vilar_antoni</a>	61	0	2	664	1517	80775		022
@VilarMv	<a href="https://twitter.com/VilarMv" target="_blank">VilarMv</a>	6	0	1	154	207	1084		001
@VilaVila119	<a href="https://twitter.com/VilaVila119" target="_blank">VilaVila119</a>	2	2	1	316	336	1002		038
@vilayla_	<a href="https://twitter.com/vilayla_" target="_blank">vilayla_</a>	2	0	1	90	211	1901		026
@vinolasbcn	<a href="https://twitter.com/vinolasbcn" target="_blank">vinolasbcn</a>	14	0	1	326	647	26635	World	063
@vinyeglas	<a href="https://twitter.com/vinyeglas" target="_blank">vinyeglas</a>	3	0	1	59	143	7613		001
@vinyetp	<a href="https://twitter.com/vinyetp" target="_blank">vinyetp</a>	7	0	2	2193	1916	16741		040
@Virgili7	<a href="https://twitter.com/Virgili7" target="_blank">Virgili7</a>	22	0	1	1609	2352	62346	Riudoms	004
@Visentin_Diego	<a href="https://twitter.com/Visentin_Diego" target="_blank">Visentin_Diego</a>	4	0	1	112	45	1261	ALTIVOLE  (TV)	090
@vivies1	<a href="https://twitter.com/vivies1" target="_blank">vivies1</a>	8	0	1	1242	2408	23288	Catalunya	005
@volemmambodui	<a href="https://twitter.com/volemmambodui" target="_blank">volemmambodui</a>	11	0	1	215	566	3277	Barcelona, Catalonia	070
@voluntatdeser	<a href="https://twitter.com/voluntatdeser" target="_blank">voluntatdeser</a>	24	0	8	896	233	67097	República de Catalunya	007
@VotCat	<a href="https://twitter.com/VotCat" target="_blank">VotCat</a>	2	1	1	4104	4423	1412	Estat Català al món.	032
@WarOpPlanResp	<a href="https://twitter.com/WarOpPlanResp" target="_blank">WarOpPlanResp</a>	1	0	1	86	166	117	Barcelona, Spain	084
@wiky73	<a href="https://twitter.com/wiky73" target="_blank">wiky73</a>	15	0	2	3172	2767	17433	Catalunya	011
@Wittgenstein_jm	<a href="https://twitter.com/Wittgenstein_jm" target="_blank">Wittgenstein_jm</a>	123	0	3	2488	1303	526014	Barcelona - Ulldecona - CAT	001
@X_Lalena_X	<a href="https://twitter.com/X_Lalena_X" target="_blank">X_Lalena_X</a>	30	0	3	1542	1655	57234	||★|| Catalunya ||★||	025
@x_roca	<a href="https://twitter.com/x_roca" target="_blank">x_roca</a>	3	0	1	170	414	4514		003
@xafemho_tot	<a href="https://twitter.com/xafemho_tot" target="_blank">xafemho_tot</a>	1	2	0	1528	2604	7465	Bellserrat, Catalunya	134
@xagago1973	<a href="https://twitter.com/xagago1973" target="_blank">xagago1973</a>	0	1	0					001
@xanetabr	<a href="https://twitter.com/xanetabr" target="_blank">xanetabr</a>	8	0	1	319	331	12597	Barcelona, CATALUNYA	001
@xarbos	<a href="https://twitter.com/xarbos" target="_blank">xarbos</a>	1	0	1	39	180	1476	Catalunya	001
@XARLIPIU	<a href="https://twitter.com/XARLIPIU" target="_blank">XARLIPIU</a>	14	0	1	446	713	32238	Catalunya	062
@xatEliteSputnik	<a href="https://twitter.com/xatEliteSputnik" target="_blank">xatEliteSputnik</a>	1	0	1	42	77	716	Orbitatuz	057
@xavi_blanch	<a href="https://twitter.com/xavi_blanch" target="_blank">xavi_blanch</a>	6	0	1	214	471	4359	#Tortosa	003
@xavi_borras	<a href="https://twitter.com/xavi_borras" target="_blank">xavi_borras</a>	1	1	0	243	283	4530	Catalunya	243
@xavi_ciuro	<a href="https://twitter.com/xavi_ciuro" target="_blank">xavi_ciuro</a>	3	0	1	107	326	515	valls	062
@xavi_echeverria	<a href="https://twitter.com/xavi_echeverria" target="_blank">xavi_echeverria</a>	14	0	1	339	234	8256	Barcelona, Catalunya	072
@Xavi44896342	<a href="https://twitter.com/Xavi44896342" target="_blank">Xavi44896342</a>	42	0	2	1288	1309	61919		002
@XaviAngelergues	<a href="https://twitter.com/XaviAngelergues" target="_blank">XaviAngelergues</a>	10	0	2	2265	1913	83518	Reus	017
@XaviCuBu	<a href="https://twitter.com/XaviCuBu" target="_blank">XaviCuBu</a>	28	0	3	128	184	15170	Ègara	009
@xavier_cat	<a href="https://twitter.com/xavier_cat" target="_blank">xavier_cat</a>	1	3	0	793	981	1834	Freixinet de Riner, Catalunya	013
@xavier_torrens	<a href="https://twitter.com/xavier_torrens" target="_blank">xavier_torrens</a>	11	8	0	27323	29992	25273		004
@xavieralmar1957	<a href="https://twitter.com/xavieralmar1957" target="_blank">xavieralmar1957</a>	1	0	1	13	65	113		001
@xavierbastos1	<a href="https://twitter.com/xavierbastos1" target="_blank">xavierbastos1</a>	7	0	1	444	432	18441	Barcelona (Catalunya)	056
@xavierborda	<a href="https://twitter.com/xavierborda" target="_blank">xavierborda</a>	2	0	1	702	349	15438	Mataró-Lleida	049
@xaviercatal	<a href="https://twitter.com/xaviercatal" target="_blank">xaviercatal</a>	9	0	1	2220	2227	137719	Parets Republica Catalana UE	007
@xavieri555	<a href="https://twitter.com/xavieri555" target="_blank">xavieri555</a>	1	0	1	64	144	301		001
@XavierRomeraC	<a href="https://twitter.com/XavierRomeraC" target="_blank">XavierRomeraC</a>	7	0	1	262	257	10765	Tordera. Catalunya	020
@xaviersan10	<a href="https://twitter.com/xaviersan10" target="_blank">xaviersan10</a>	5	0	1	2122	1712	17511	BCN, CAT, EFTA / NWI, ENG, UK	021
@XavierSezLorent	<a href="https://twitter.com/XavierSezLorent" target="_blank">XavierSezLorent</a>	6	0	1	150	137	9880	Catalunya, New State of Europe	055
@Xaviko_	<a href="https://twitter.com/Xaviko_" target="_blank">Xaviko_</a>	3	0	1	63	128	5027	Sant Feliu de Llobregat	021
@XaviMarti5	<a href="https://twitter.com/XaviMarti5" target="_blank">XaviMarti5</a>	10	0	1	395	787	14607	Barcelona	007
@xavimontana	<a href="https://twitter.com/xavimontana" target="_blank">xavimontana</a>	9	0	1	210	454	18665	Cardona - Calella	020
@Xavindreu	<a href="https://twitter.com/Xavindreu" target="_blank">Xavindreu</a>	3	0	1	159	459	5635	Tarragona, entre d'altres	058
@Xavinoriguis	<a href="https://twitter.com/Xavinoriguis" target="_blank">Xavinoriguis</a>	1	0	1	4868	868	52614	buscandomar.com	056
@XaviPalli	<a href="https://twitter.com/XaviPalli" target="_blank">XaviPalli</a>	6	0	1	1834	1022	6009	Sabadell, Països Catalans	041
@xavisentinella	<a href="https://twitter.com/xavisentinella" target="_blank">xavisentinella</a>	28	11	8	39	346	6567	Catalunya	001
@xavvifm	<a href="https://twitter.com/xavvifm" target="_blank">xavvifm</a>	9	0	1	124	229	20856		072
@XBernardsans	<a href="https://twitter.com/XBernardsans" target="_blank">XBernardsans</a>	3	0	1	55	107	453		005
@XBorralleras	<a href="https://twitter.com/XBorralleras" target="_blank">XBorralleras</a>	5	0	1	440	1265	6901	Prats de Lluçanès, Espanya	185
@xeanhort007	<a href="https://twitter.com/xeanhort007" target="_blank">xeanhort007</a>	3	0	1	33	349	1909	Barcelona, Catalunya	007
@xellulles	<a href="https://twitter.com/xellulles" target="_blank">xellulles</a>	10	0	1	80	280	14203	Barcelona II*II	009
@xeniailaia	<a href="https://twitter.com/xeniailaia" target="_blank">xeniailaia</a>	4	0	1	227	318	6700	Catalunya	005
@XeniaPardo	<a href="https://twitter.com/XeniaPardo" target="_blank">XeniaPardo</a>	13	0	1	4569	4844	6744	República de Catalunya, UE.	100
@Xevi_Pages	<a href="https://twitter.com/Xevi_Pages" target="_blank">Xevi_Pages</a>	1	1	0	205	372	1396		242
@xevialde	<a href="https://twitter.com/xevialde" target="_blank">xevialde</a>	10	0	1	2156	1852	97007	Girona, Cataunya	001
@xevibcn	<a href="https://twitter.com/xevibcn" target="_blank">xevibcn</a>	14	0	2	162	617	3489	from Barcelona	007
@Xevilife	<a href="https://twitter.com/Xevilife" target="_blank">Xevilife</a>	3	0	2	21	20	3009	Catalunya.	001
@xganeshax	<a href="https://twitter.com/xganeshax" target="_blank">xganeshax</a>	4	0	1	908	378	11317	Sant Iscle de Vallalta ||*||	007
@xguillen2014	<a href="https://twitter.com/xguillen2014" target="_blank">xguillen2014</a>	8	0	1	53	84	8016		229
@xinluses	<a href="https://twitter.com/xinluses" target="_blank">xinluses</a>	20	0	1	640	693	75632	Manresa	001
@xisccastell	<a href="https://twitter.com/xisccastell" target="_blank">xisccastell</a>	1	0	1	10	173	68		193
@XLlFS	<a href="https://twitter.com/XLlFS" target="_blank">XLlFS</a>	15	0	2	605	720	15474		049
@XMasclans	<a href="https://twitter.com/XMasclans" target="_blank">XMasclans</a>	1	0	1	59	124	683		001
@xmiserachs	<a href="https://twitter.com/xmiserachs" target="_blank">xmiserachs</a>	3	2	0	3109	428	37078	Catalunya	026
@Xollador	<a href="https://twitter.com/Xollador" target="_blank">Xollador</a>	6	0	2	403	616	53289	Reus	001
@xpaba	<a href="https://twitter.com/xpaba" target="_blank">xpaba</a>	5	3	0	1739	1971	49230	Occitània / Catalunya	098
@xperiments	<a href="https://twitter.com/xperiments" target="_blank">xperiments</a>	8	0	1	259	556	3086	Perpignan -- Barcelona	048
@XPLENS	<a href="https://twitter.com/XPLENS" target="_blank">XPLENS</a>	5	0	3	202	279	12765	CATALUNYA	062
@xpuig79	<a href="https://twitter.com/xpuig79" target="_blank">xpuig79</a>	5	0	1	438	2023	14490	Catalunya	249
@xTETE48	<a href="https://twitter.com/xTETE48" target="_blank">xTETE48</a>	1	0	1	213	2298	762		021
@xul81	<a href="https://twitter.com/xul81" target="_blank">xul81</a>	1	0	1	834	1452	67222		056
@xurrumeka	<a href="https://twitter.com/xurrumeka" target="_blank">xurrumeka</a>	0	2	0					001
@XVila72	<a href="https://twitter.com/XVila72" target="_blank">XVila72</a>	35	0	3	36	120	6944		021
@yoelvisgm	<a href="https://twitter.com/yoelvisgm" target="_blank">yoelvisgm</a>	3	0	1	174	237	17831		021
@Yolanda53410548	<a href="https://twitter.com/Yolanda53410548" target="_blank">Yolanda53410548</a>	5	0	1	16	37	1165		004
@YolandaArtigas1	<a href="https://twitter.com/YolandaArtigas1" target="_blank">YolandaArtigas1</a>	2	0	1	223	97	1763		065
@YOU17972	<a href="https://twitter.com/YOU17972" target="_blank">YOU17972</a>	20	0	3	107	194	11934		007
@ZEtxeburua	<a href="https://twitter.com/ZEtxeburua" target="_blank">ZEtxeburua</a>	3	0	1	3262	3215	29915	Euskal Herria, Basque Country	057
@zpetralanda	<a href="https://twitter.com/zpetralanda" target="_blank">zpetralanda</a>	3	0	1	179	440	8014	Euskal Herria	057
@zus1969	<a href="https://twitter.com/zus1969" target="_blank">zus1969</a>	2	0	1	54	133	390		007
@zuurrii	<a href="https://twitter.com/zuurrii" target="_blank">zuurrii</a>	3	1	0	194	262	964		240
@zzirobcn	<a href="https://twitter.com/zzirobcn" target="_blank">zzirobcn</a>	2	0	1	50	55	544	Barcelona	007
