name	link	tuits	retuits	rteados	followers	following	status	location	Walktrap
@_carlesandreu	<a href="https://twitter.com/_carlesandreu" target="_blank">_carlesandreu</a>	3	0	1	226	529	4859	CAT	002
@_eduardsb	<a href="https://twitter.com/_eduardsb" target="_blank">_eduardsb</a>	4	0	1	743	161	1354	Igualada	010
@_FreeKp	<a href="https://twitter.com/_FreeKp" target="_blank">_FreeKp</a>	2	0	1	834	185	48943	Barcelona	010
@_GreatUnwashed	<a href="https://twitter.com/_GreatUnwashed" target="_blank">_GreatUnwashed</a>	21	4	0	19186	9991	69078	Cascadia	109
@_joanpm	<a href="https://twitter.com/_joanpm" target="_blank">_joanpm</a>	3	0	1	79	126	602	Barcelona, Països Catalans	010
@_luchadeclases	<a href="https://twitter.com/_luchadeclases" target="_blank">_luchadeclases</a>	13	0	1	3411	1397	49969	Estado Español	202
@_Meeiii_03	<a href="https://twitter.com/_Meeiii_03" target="_blank">_Meeiii_03</a>	5	0	1	11	38	926	Gerona, Cataluña	138
@_Oscar_P_	<a href="https://twitter.com/_Oscar_P_" target="_blank">_Oscar_P_</a>	3	0	1	67	633	3344		010
@_RMei_	<a href="https://twitter.com/_RMei_" target="_blank">_RMei_</a>	0	1	0					178
@_RogerValles	<a href="https://twitter.com/_RogerValles" target="_blank">_RogerValles</a>	2	0	1	164	194	253	Catalunya is not Spain	010
@_sergib	<a href="https://twitter.com/_sergib" target="_blank">_sergib</a>	1	0	1	904	133	792	Barcelona	010
@_Solemusic	<a href="https://twitter.com/_Solemusic" target="_blank">_Solemusic</a>	1	0	1	212	103	1509	Caldes de Montbui	010
@_SolEnInvierno	<a href="https://twitter.com/_SolEnInvierno" target="_blank">_SolEnInvierno</a>	2	0	1	10	95	827	Barcelona, Cataluña	010
@_YolandaG	<a href="https://twitter.com/_YolandaG" target="_blank">_YolandaG</a>	1	0	1	34	72	702	Catalunya	010
@08840v	<a href="https://twitter.com/08840v" target="_blank">08840v</a>	4	2	0	461	285	5927	Viladecans (Barcelona)	007
@1_K4r0l_1	<a href="https://twitter.com/1_K4r0l_1" target="_blank">1_K4r0l_1</a>	12	0	1	70	379	1068	Barcelona, España	025
@101ECV_GADGET	<a href="https://twitter.com/101ECV_GADGET" target="_blank">101ECV_GADGET</a>	8	0	1	151	46	13716	Planet Earth, Solar System.	010
@1139dani	<a href="https://twitter.com/1139dani" target="_blank">1139dani</a>	15	0	1	311	718	8556	Parets del Valles,Catalunya	091
@11s2014	<a href="https://twitter.com/11s2014" target="_blank">11s2014</a>	8	0	1	1506	2051	23723	Mataró, Catalunya	082
@13MCJ	<a href="https://twitter.com/13MCJ" target="_blank">13MCJ</a>	2	1	1	92	167	2331		140
@1714Drac1714	<a href="https://twitter.com/1714Drac1714" target="_blank">1714Drac1714</a>	21	0	1	516	288	52974	Catalunya.	173
@1714sasa	<a href="https://twitter.com/1714sasa" target="_blank">1714sasa</a>	2	0	1	264	542	1865	Gavà, BCN ,Catalunya	058
@1909_RSF	<a href="https://twitter.com/1909_RSF" target="_blank">1909_RSF</a>	2	1	0	787	872	5938	Euskal Herria Askatu!	179
@1putuamu	<a href="https://twitter.com/1putuamu" target="_blank">1putuamu</a>	2	0	1	64	1194	2214		010
@2002eligp	<a href="https://twitter.com/2002eligp" target="_blank">2002eligp</a>	8	0	2	108	400	6693	cat	017
@2005sjusi	<a href="https://twitter.com/2005sjusi" target="_blank">2005sjusi</a>	26	0	4	805	790	51238	Costa Daurada	010
@2017_REFERENDUM	<a href="https://twitter.com/2017_REFERENDUM" target="_blank">2017_REFERENDUM</a>	3	0	2	73	573	3493		004
@20g32	<a href="https://twitter.com/20g32" target="_blank">20g32</a>	7	0	1	645	493	19839	Entre Gràcia i Sant Andreu	082
@28mavi28	<a href="https://twitter.com/28mavi28" target="_blank">28mavi28</a>	14	0	2	32	96	9997		010
@2anclar	<a href="https://twitter.com/2anclar" target="_blank">2anclar</a>	1	0	1	5	111	25		063
@2torianatxo	<a href="https://twitter.com/2torianatxo" target="_blank">2torianatxo</a>	3	0	1	48	359	306	Bergara (Seminarixoko Ganbaran)	179
@30deniers	<a href="https://twitter.com/30deniers" target="_blank">30deniers</a>	1	0	1	332	681	11840	Mas Alla De Orion	010
@3131Bibi	<a href="https://twitter.com/3131Bibi" target="_blank">3131Bibi</a>	1	0	1	211	940	2844	Bcn, Catalunya	002
@3N4ICM4u41	<a href="https://twitter.com/3N4ICM4u41" target="_blank">3N4ICM4u41</a>	8	0	1	3462	3357	62845	Catalunya (Països Catalans)	058
@45c32378c34f499	<a href="https://twitter.com/45c32378c34f499" target="_blank">45c32378c34f499</a>	22	0	1	540	629	80217		010
@4catbars	<a href="https://twitter.com/4catbars" target="_blank">4catbars</a>	1	0	1	94	253	5889	Ben a prop del mar	010
@5ergim	<a href="https://twitter.com/5ergim" target="_blank">5ergim</a>	2	0	1	18	210	1252		010
@67_josep	<a href="https://twitter.com/67_josep" target="_blank">67_josep</a>	5	0	1	123	234	15856	Santpedor	080
@68MireiaXD	<a href="https://twitter.com/68MireiaXD" target="_blank">68MireiaXD</a>	4	0	1	118	516	2751		010
@6uN7CtZuCK66Rpd	<a href="https://twitter.com/6uN7CtZuCK66Rpd" target="_blank">6uN7CtZuCK66Rpd</a>	7	1	0	63	397	568		174
@74Normix	<a href="https://twitter.com/74Normix" target="_blank">74Normix</a>	5	0	1	71	157	1882	Martorelles	010
@75gorka	<a href="https://twitter.com/75gorka" target="_blank">75gorka</a>	4	0	1	152	371	9116		010
@77cesc	<a href="https://twitter.com/77cesc" target="_blank">77cesc</a>	4	0	1	48	489	2374		010
@77delg	<a href="https://twitter.com/77delg" target="_blank">77delg</a>	7	0	2	218	975	2370		010
@7daigua	<a href="https://twitter.com/7daigua" target="_blank">7daigua</a>	11	0	1	75	316	2750		060
@7daniel73	<a href="https://twitter.com/7daniel73" target="_blank">7daniel73</a>	4	0	1	72	245	6648		082
@8AaRoN6	<a href="https://twitter.com/8AaRoN6" target="_blank">8AaRoN6</a>	12	0	1	547	645	23054	BcN, CaTaLuNYa	010
@8rosaespinosa	<a href="https://twitter.com/8rosaespinosa" target="_blank">8rosaespinosa</a>	4	0	1	426	873	11009		010
@9jrib9	<a href="https://twitter.com/9jrib9" target="_blank">9jrib9</a>	90	0	2	3402	3954	192205	Barcelona	001
@A_B_Shepard	<a href="https://twitter.com/A_B_Shepard" target="_blank">A_B_Shepard</a>	3	0	1	380	489	4163		010
@a_leixcg	<a href="https://twitter.com/a_leixcg" target="_blank">a_leixcg</a>	2	0	1	39	204	1382	Barcelona, Catalunya	052
@a_morenourpi	<a href="https://twitter.com/a_morenourpi" target="_blank">a_morenourpi</a>	6	0	1	351	528	7099	Sabadell, Països Catalans	232
@A_RoyoMarine	<a href="https://twitter.com/A_RoyoMarine" target="_blank">A_RoyoMarine</a>	5	0	1	6077	2196	9069	Catalonia (EU)	001
@AAixurach	<a href="https://twitter.com/AAixurach" target="_blank">AAixurach</a>	16	0	1	2357	4990	62401	Via Lactia	054
@aalarrea	<a href="https://twitter.com/aalarrea" target="_blank">aalarrea</a>	1	0	1	118	516	665		104
@aalbeert	<a href="https://twitter.com/aalbeert" target="_blank">aalbeert</a>	7	0	1	12906	5420	13969		010
@aaltafaj	<a href="https://twitter.com/aaltafaj" target="_blank">aaltafaj</a>	3	11	0	17243	1430	20888	Brussels & BCN	090
@AAqUaSS	<a href="https://twitter.com/AAqUaSS" target="_blank">AAqUaSS</a>	3	0	1	55	220	533		010
@abadiar	<a href="https://twitter.com/abadiar" target="_blank">abadiar</a>	4	0	1	55	83	1893		010
@abague60	<a href="https://twitter.com/abague60" target="_blank">abague60</a>	9	0	1	707	795	66728		010
@ABalagu	<a href="https://twitter.com/ABalagu" target="_blank">ABalagu</a>	17	17	0	4646	4899	101124		005
@AbbayePuig	<a href="https://twitter.com/AbbayePuig" target="_blank">AbbayePuig</a>	29	0	3	1162	1684	76474	Catalunya	005
@Abelletaindepe	<a href="https://twitter.com/Abelletaindepe" target="_blank">Abelletaindepe</a>	5	0	1	6183	3454	4094	Catalunya ||*||	004
@AbelloSanllehi	<a href="https://twitter.com/AbelloSanllehi" target="_blank">AbelloSanllehi</a>	33	0	1	987	1533	62523	Barcelona	010
@abo_quero	<a href="https://twitter.com/abo_quero" target="_blank">abo_quero</a>	7	0	1	1667	2732	81572	Esplugues de Llobregat .	107
@AcampadaMordaza	<a href="https://twitter.com/AcampadaMordaza" target="_blank">AcampadaMordaza</a>	34	0	1	3110	617	18314	De momento, en Cibeles	109
@AcEvaarmengol	<a href="https://twitter.com/AcEvaarmengol" target="_blank">AcEvaarmengol</a>	2	0	1	1	16	56		010
@AciD_MuSh_303	<a href="https://twitter.com/AciD_MuSh_303" target="_blank">AciD_MuSh_303</a>	26	0	1	27	353	2618	Països Catalans	025
@acodina58	<a href="https://twitter.com/acodina58" target="_blank">acodina58</a>	10	0	1	88	58	11516		050
@Acostacurta	<a href="https://twitter.com/Acostacurta" target="_blank">Acostacurta</a>	1	0	1	627	993	50046		093
@Acp84Toni	<a href="https://twitter.com/Acp84Toni" target="_blank">Acp84Toni</a>	5	0	1	1907	1927	25074	L'Hospitalet de Llobregat	010
@AdajacJosep	<a href="https://twitter.com/AdajacJosep" target="_blank">AdajacJosep</a>	1	0	1	6	27	191		010
@AdaMasriera	<a href="https://twitter.com/AdaMasriera" target="_blank">AdaMasriera</a>	3	0	1	281	570	4188	Barcelona	048
@Adeu_Espanya	<a href="https://twitter.com/Adeu_Espanya" target="_blank">Adeu_Espanya</a>	8	0	1	11117	6917	20303	Catalunya	078
@adinkratika	<a href="https://twitter.com/adinkratika" target="_blank">adinkratika</a>	1	0	1	62	448	494		010
@Admo_independe	<a href="https://twitter.com/Admo_independe" target="_blank">Admo_independe</a>	44	0	1	1130	627	20812	Catalunya (UE)	100
@adominvi	<a href="https://twitter.com/adominvi" target="_blank">adominvi</a>	7	0	1	1342	2916	5768	Barcelona, Catalunya, Europe	010
@AdoromividaaC	<a href="https://twitter.com/AdoromividaaC" target="_blank">AdoromividaaC</a>	6	0	1	452	784	23061	Mongolia	010
@adosc	<a href="https://twitter.com/adosc" target="_blank">adosc</a>	0	1	0					171
@adretuab	<a href="https://twitter.com/adretuab" target="_blank">adretuab</a>	0	5	0					012
@AdriaAlert	<a href="https://twitter.com/AdriaAlert" target="_blank">AdriaAlert</a>	5	0	1	58	139	2273	Barcelona	010
@AdriaAlsina	<a href="https://twitter.com/AdriaAlsina" target="_blank">AdriaAlsina</a>	1	0	1	5931	1797	23739	Barcelona, Lisboa, Madrid	010
@adriabofill	<a href="https://twitter.com/adriabofill" target="_blank">adriabofill</a>	3	0	1	626	790	2143	Barcelona	002
@adriacastellvi	<a href="https://twitter.com/adriacastellvi" target="_blank">adriacastellvi</a>	3	0	1	401	672	1165		089
@AdriaDescamps	<a href="https://twitter.com/AdriaDescamps" target="_blank">AdriaDescamps</a>	1	0	1	51	84	2838		010
@adrialorca	<a href="https://twitter.com/adrialorca" target="_blank">adrialorca</a>	1	0	1	332	110	100	Barcelona, España	010
@adriamartinez	<a href="https://twitter.com/adriamartinez" target="_blank">adriamartinez</a>	1	0	1	132	57	1527	Vilanova del Vallès, España	010
@AdrianaAixala	<a href="https://twitter.com/AdrianaAixala" target="_blank">AdrianaAixala</a>	3	0	1	164	744	919		010
@AdriaRabassa	<a href="https://twitter.com/AdriaRabassa" target="_blank">AdriaRabassa</a>	9	0	1	127	308	4992	Girona(Catalunya)	010
@aezkiaga	<a href="https://twitter.com/aezkiaga" target="_blank">aezkiaga</a>	7	0	1	229	146	11617	Bardulia, La Navarra maritima	010
@AgataOlegario	<a href="https://twitter.com/AgataOlegario" target="_blank">AgataOlegario</a>	10	0	1	107	435	2127		014
@AgnieskaDean	<a href="https://twitter.com/AgnieskaDean" target="_blank">AgnieskaDean</a>	1	0	1	18	387	249		010
@AGR_Network	<a href="https://twitter.com/AGR_Network" target="_blank">AGR_Network</a>	17	0	1	1016	2050	33236	Україна	004
@aguilar1_luisa	<a href="https://twitter.com/aguilar1_luisa" target="_blank">aguilar1_luisa</a>	4	0	1	484	1060	15931	Barcelona /  Catalunya	219
@AgusilvinSilvia	<a href="https://twitter.com/AgusilvinSilvia" target="_blank">AgusilvinSilvia</a>	2	0	1	22	180	352	Sant Vicenç de Montalt, Espanya	011
@agusti_cc	<a href="https://twitter.com/agusti_cc" target="_blank">agusti_cc</a>	2	0	1	9	110	831	aqui	018
@agustiargimon	<a href="https://twitter.com/agustiargimon" target="_blank">agustiargimon</a>	1	0	1	2329	2071	16533	Sants - Països Catalans	004
@Agustin_Guil	<a href="https://twitter.com/Agustin_Guil" target="_blank">Agustin_Guil</a>	15	0	1	12	28	1295		010
@agustiph	<a href="https://twitter.com/agustiph" target="_blank">agustiph</a>	1	0	1	165	215	2842		118
@aherreror	<a href="https://twitter.com/aherreror" target="_blank">aherreror</a>	6	0	1	18	58	1454	Barcelona, Catalunya	010
@Aida_PF85	<a href="https://twitter.com/Aida_PF85" target="_blank">Aida_PF85</a>	6	0	1	23	57	1458	Barcelona	010
@aidyl62	<a href="https://twitter.com/aidyl62" target="_blank">aidyl62</a>	0	2	0					031
@AIllamola	<a href="https://twitter.com/AIllamola" target="_blank">AIllamola</a>	4	0	1	425	984	1470	Catalunya	051
@ainarodoncasale	<a href="https://twitter.com/ainarodoncasale" target="_blank">ainarodoncasale</a>	2	0	1	81	212	323	Nòmada	011
@Ainhoja	<a href="https://twitter.com/Ainhoja" target="_blank">Ainhoja</a>	1	0	1	238	309	2731	Bermeo	010
@AIRJAG	<a href="https://twitter.com/AIRJAG" target="_blank">AIRJAG</a>	3	0	1	590	2131	23305	República de Catalunya, UE	001
@aisiathomas	<a href="https://twitter.com/aisiathomas" target="_blank">aisiathomas</a>	1	0	1	189	226	1926		010
@Aitor_BC	<a href="https://twitter.com/Aitor_BC" target="_blank">Aitor_BC</a>	8	0	1	230	1098	1842	TGN-BLG, Països Catalans	010
@AitorCZ	<a href="https://twitter.com/AitorCZ" target="_blank">AitorCZ</a>	9	0	2	1090	983	41780	Santa Coloma de Gramenet	010
@Aitorelizaran00	<a href="https://twitter.com/Aitorelizaran00" target="_blank">Aitorelizaran00</a>	1	0	1	50	33	20	Donostia	010
@aiturko	<a href="https://twitter.com/aiturko" target="_blank">aiturko</a>	4	1	0	111	93	621	Basauri	253
@Aixeus2	<a href="https://twitter.com/Aixeus2" target="_blank">Aixeus2</a>	1	0	1	44	337	150		082
@ajaume	<a href="https://twitter.com/ajaume" target="_blank">ajaume</a>	11	0	1	1466	628	60925	barcelona	018
@ajaxtorra	<a href="https://twitter.com/ajaxtorra" target="_blank">ajaxtorra</a>	1	0	1	52	608	1006		010
@AJGuissona	<a href="https://twitter.com/AJGuissona" target="_blank">AJGuissona</a>	3	2	0	1592	403	5597	Guissona, Lleida	157
@ajimenezca	<a href="https://twitter.com/ajimenezca" target="_blank">ajimenezca</a>	1	0	1	45	99	129	Barcelona	010
@akaMGP	<a href="https://twitter.com/akaMGP" target="_blank">akaMGP</a>	5	0	1	134	269	6741	CAT	010
@alba_abe	<a href="https://twitter.com/alba_abe" target="_blank">alba_abe</a>	0	2	0					138
@Alba_garriga	<a href="https://twitter.com/Alba_garriga" target="_blank">Alba_garriga</a>	0	4	0					110
@AlbaAssumpta	<a href="https://twitter.com/AlbaAssumpta" target="_blank">AlbaAssumpta</a>	3	0	1	23	33	3315		178
@AlbaceAlbert	<a href="https://twitter.com/AlbaceAlbert" target="_blank">AlbaceAlbert</a>	1	0	1	6	42	24		004
@Albaguti3	<a href="https://twitter.com/Albaguti3" target="_blank">Albaguti3</a>	11	0	1	585	957	6135	Winterthur, Schweiz	018
@AlbaMalagelada	<a href="https://twitter.com/AlbaMalagelada" target="_blank">AlbaMalagelada</a>	2	0	1	77	116	1885	Sant Feliu de Guíxols	123
@AlbaMetge	<a href="https://twitter.com/AlbaMetge" target="_blank">AlbaMetge</a>	0	1	0					217
@alberdi_hot	<a href="https://twitter.com/alberdi_hot" target="_blank">alberdi_hot</a>	1	0	1	80	183	3743		042
@AlberolaJordi	<a href="https://twitter.com/AlberolaJordi" target="_blank">AlberolaJordi</a>	1	0	1	8	68	127		010
@Albert_arce	<a href="https://twitter.com/Albert_arce" target="_blank">Albert_arce</a>	4	0	1	101	110	3456	Horta - Països Catalans	128
@albert_latorre_	<a href="https://twitter.com/albert_latorre_" target="_blank">albert_latorre_</a>	3	0	1	257	249	1841	Barcelona, Catalunya	018
@albert_orta	<a href="https://twitter.com/albert_orta" target="_blank">albert_orta</a>	36	0	3	1903	4994	31332	Terrassa	063
@AlbertArcasPons	<a href="https://twitter.com/AlbertArcasPons" target="_blank">AlbertArcasPons</a>	3	0	1	257	629	3247	Calella	010
@albertbatalla	<a href="https://twitter.com/albertbatalla" target="_blank">albertbatalla</a>	2	6	0	12064	7956	16022	La Seu d'Urgell. Catalunya	049
@AlbertCamos	<a href="https://twitter.com/AlbertCamos" target="_blank">AlbertCamos</a>	4	0	1	537	2030	40484	Girona - København	080
@Albertfepe	<a href="https://twitter.com/Albertfepe" target="_blank">Albertfepe</a>	1	0	1	353	977	920		017
@albertgj21	<a href="https://twitter.com/albertgj21" target="_blank">albertgj21</a>	5	0	1	403	968	7211	Cambrils / Barcelona	001
@AlbertGuerrer	<a href="https://twitter.com/AlbertGuerrer" target="_blank">AlbertGuerrer</a>	1	0	1	212	307	1888	Agramunt	103
@albertitu	<a href="https://twitter.com/albertitu" target="_blank">albertitu</a>	15	0	1	300	722	48148	Barcelona	096
@AlbertLC73	<a href="https://twitter.com/AlbertLC73" target="_blank">AlbertLC73</a>	10	0	1	94	105	15036		010
@AlbertLloreta	<a href="https://twitter.com/AlbertLloreta" target="_blank">AlbertLloreta</a>	4	7	0	3475	1121	33819	Barcelona, Catalunya	039
@AlbertLluc	<a href="https://twitter.com/AlbertLluc" target="_blank">AlbertLluc</a>	18	0	1	374	548	20235		063
@albertolive	<a href="https://twitter.com/albertolive" target="_blank">albertolive</a>	1	7	0	138	79	207	Cardedeu	010
@albertplcat	<a href="https://twitter.com/albertplcat" target="_blank">albertplcat</a>	7	0	1	27	194	3026	Catalunya	063
@AlbertRaurell	<a href="https://twitter.com/AlbertRaurell" target="_blank">AlbertRaurell</a>	3	0	1	498	1152	11344	Barcelona	010
@AlbertRocabruna	<a href="https://twitter.com/AlbertRocabruna" target="_blank">AlbertRocabruna</a>	3	0	1	145	158	4818	Barcelona	010
@albertrofi	<a href="https://twitter.com/albertrofi" target="_blank">albertrofi</a>	1	0	1	13	193	459		010
@AlbertSanjaume	<a href="https://twitter.com/AlbertSanjaume" target="_blank">AlbertSanjaume</a>	1	0	1	17	114	223		010
@AlbertVives	<a href="https://twitter.com/AlbertVives" target="_blank">AlbertVives</a>	1	0	1	284	1235	5064	Around The World	080
@albi_norman	<a href="https://twitter.com/albi_norman" target="_blank">albi_norman</a>	5	0	1	2	46	839		010
@albinegres	<a href="https://twitter.com/albinegres" target="_blank">albinegres</a>	1	0	1	352	543	6914		010
@albnicolas	<a href="https://twitter.com/albnicolas" target="_blank">albnicolas</a>	1	0	1	39	78	304	Barcelona	082
@albur61435319	<a href="https://twitter.com/albur61435319" target="_blank">albur61435319</a>	2	0	1	6	36	125		010
@Alegre_Joaquim	<a href="https://twitter.com/Alegre_Joaquim" target="_blank">Alegre_Joaquim</a>	2	0	1	178	1519	2703	Barcelona - Montellà	026
@AlegriaJoan	<a href="https://twitter.com/AlegriaJoan" target="_blank">AlegriaJoan</a>	1	0	1	113	257	1263	Tortosa- Terres de l,Ebre- Cat	010
@Aleix_Anducas	<a href="https://twitter.com/Aleix_Anducas" target="_blank">Aleix_Anducas</a>	1	0	1	1904	951	2787	Barcelona	010
@aleix_BDN_rules	<a href="https://twitter.com/aleix_BDN_rules" target="_blank">aleix_BDN_rules</a>	7	0	1	63	150	944	Catalunya	009
@aleix_miol	<a href="https://twitter.com/aleix_miol" target="_blank">aleix_miol</a>	0	11	0					062
@AleixMT	<a href="https://twitter.com/AleixMT" target="_blank">AleixMT</a>	1	1	0	171	616	1794		252
@AleixTrull	<a href="https://twitter.com/AleixTrull" target="_blank">AleixTrull</a>	1	0	1	474	601	6855	Barcelona, Catalonia	010
@ALEJANDROJ19YT	<a href="https://twitter.com/ALEJANDROJ19YT" target="_blank">ALEJANDROJ19YT</a>	2	0	1	129	186	6603	Barcelona, Catalunya ||*||	010
@alex_carrasco_	<a href="https://twitter.com/alex_carrasco_" target="_blank">alex_carrasco_</a>	15	1	1	77	199	2607	Girona	010
@alexandrecamps	<a href="https://twitter.com/alexandrecamps" target="_blank">alexandrecamps</a>	27	0	1	411	937	8968	Sant Cugat del Vallès	010
@AlexandreEnrich	<a href="https://twitter.com/AlexandreEnrich" target="_blank">AlexandreEnrich</a>	3	0	1	18	18	827	Bellpuig	010
@AlexBosch77	<a href="https://twitter.com/AlexBosch77" target="_blank">AlexBosch77</a>	4	0	1	1157	1291	27757	Barcelona, Alt Empordà	010
@alexcatsbd	<a href="https://twitter.com/alexcatsbd" target="_blank">alexcatsbd</a>	9	0	1	2293	2285	21931	Sabadell.CAT	011
@alexelliott	<a href="https://twitter.com/alexelliott" target="_blank">alexelliott</a>	1	0	1	1732	3895	16696	Up North and way to the Left	010
@AlexGipuz	<a href="https://twitter.com/AlexGipuz" target="_blank">AlexGipuz</a>	1	0	1	136	707	2763	Euskal Herria	086
@alexmarquez01	<a href="https://twitter.com/alexmarquez01" target="_blank">alexmarquez01</a>	2	0	1	479	457	2046		010
@alexmiquel	<a href="https://twitter.com/alexmiquel" target="_blank">alexmiquel</a>	7	0	1	4604	5001	11458	Barcelona, Catalonia, Europe	060
@AlexPic	<a href="https://twitter.com/AlexPic" target="_blank">AlexPic</a>	5	0	1	20	139	1330	Cliffside Park, NJ	099
@alexsastre83	<a href="https://twitter.com/alexsastre83" target="_blank">alexsastre83</a>	2	1	0	2349	759	18007	Granollers, Catalunya	251
@AlexZipotz	<a href="https://twitter.com/AlexZipotz" target="_blank">AlexZipotz</a>	1	0	1	152	300	808		036
@alfons_godall	<a href="https://twitter.com/alfons_godall" target="_blank">alfons_godall</a>	2	0	1	10817	10234	27427	Barcelona, Catalunya	001
@AlfonsCarmona	<a href="https://twitter.com/AlfonsCarmona" target="_blank">AlfonsCarmona</a>	6	3	1	1981	3064	29535	Barcelona, Catalunya	081
@alfonsnic	<a href="https://twitter.com/alfonsnic" target="_blank">alfonsnic</a>	4	0	1	1457	2369	15056	Barcelona	010
@alfonsocvcd	<a href="https://twitter.com/alfonsocvcd" target="_blank">alfonsocvcd</a>	1	0	1	405	1245	1079	el mundo si-si	010
@Alfonsoiaio	<a href="https://twitter.com/Alfonsoiaio" target="_blank">Alfonsoiaio</a>	2	0	1	851	676	21496	barcelona	004
@alfonsrm	<a href="https://twitter.com/alfonsrm" target="_blank">alfonsrm</a>	2	4	1	669	289	5245	Manresa (Barcelona)	129
@Alfred0CC	<a href="https://twitter.com/Alfred0CC" target="_blank">Alfred0CC</a>	2	0	1	174	712	2392		170
@Aliciamorros	<a href="https://twitter.com/Aliciamorros" target="_blank">Aliciamorros</a>	1	0	1	350	411	5848		010
@Alius_ka	<a href="https://twitter.com/Alius_ka" target="_blank">Alius_ka</a>	2	0	1	508	1322	1870	Vallirana, Catalunya	208
@alligadas	<a href="https://twitter.com/alligadas" target="_blank">alligadas</a>	1	0	1	148	234	480	Catalunya	010
@alma_maite	<a href="https://twitter.com/alma_maite" target="_blank">alma_maite</a>	2	0	1	43	128	949		010
@AlmaHoper	<a href="https://twitter.com/AlmaHoper" target="_blank">AlmaHoper</a>	1	0	1	51	258	285	Ametlla del Vallès, Catalunya	004
@Almat49	<a href="https://twitter.com/Almat49" target="_blank">Almat49</a>	19	0	1	151	257	26628		010
@Almusanchis	<a href="https://twitter.com/Almusanchis" target="_blank">Almusanchis</a>	4	0	1	658	521	16559	País Valencià - Sabadell	057
@AlomaSand	<a href="https://twitter.com/AlomaSand" target="_blank">AlomaSand</a>	8	0	1	181	156	1943	Barcelona-Catalunya	010
@alrega79	<a href="https://twitter.com/alrega79" target="_blank">alrega79</a>	23	0	1	302	902	28447	Catalonia	010
@Alsamora79	<a href="https://twitter.com/Alsamora79" target="_blank">Alsamora79</a>	1	0	1	10	26	94		010
@Alsapla	<a href="https://twitter.com/Alsapla" target="_blank">Alsapla</a>	8	0	1	2978	3329	53442	Tram 412	142
@altinlover	<a href="https://twitter.com/altinlover" target="_blank">altinlover</a>	2	0	1	280	294	10053		010
@AlvarBorrell	<a href="https://twitter.com/AlvarBorrell" target="_blank">AlvarBorrell</a>	2	0	1	114	195	262	Olot, Catalunya	080
@alvarorangil	<a href="https://twitter.com/alvarorangil" target="_blank">alvarorangil</a>	1	0	1	83	182	7344		048
@AlvaroSaizSerra	<a href="https://twitter.com/AlvaroSaizSerra" target="_blank">AlvaroSaizSerra</a>	1	0	1	31	88	639		010
@alxjunca	<a href="https://twitter.com/alxjunca" target="_blank">alxjunca</a>	4	0	1	123	439	4436	Barcelona, Espanya	010
@Amadeu_Juando	<a href="https://twitter.com/Amadeu_Juando" target="_blank">Amadeu_Juando</a>	8	0	1	881	109	30117	Sao Paulo, Brasil	010
@amadurell	<a href="https://twitter.com/amadurell" target="_blank">amadurell</a>	7	0	1	337	463	18955	Caravaggio	010
@amaialmi	<a href="https://twitter.com/amaialmi" target="_blank">amaialmi</a>	5	0	1	526	747	5903	Donostia, Euskal Herria	042
@amaiurmaya	<a href="https://twitter.com/amaiurmaya" target="_blank">amaiurmaya</a>	6	0	1	77	340	2879		010
@Amarcost	<a href="https://twitter.com/Amarcost" target="_blank">Amarcost</a>	3	0	1	70	537	2132		016
@ameliarpalau	<a href="https://twitter.com/ameliarpalau" target="_blank">ameliarpalau</a>	3	0	1	879	1265	13604	Barcelona. Catalunya	010
@amicsdelalletja	<a href="https://twitter.com/amicsdelalletja" target="_blank">amicsdelalletja</a>	4	1	0	6268	3205	83533	Lleida	246
@Ampivadi73	<a href="https://twitter.com/Ampivadi73" target="_blank">Ampivadi73</a>	1	1	0	10	71	215	Sant Sadurní d'Anoia, España	244
@amps62	<a href="https://twitter.com/amps62" target="_blank">amps62</a>	4	0	1	10	52	692		010
@AnaDrets	<a href="https://twitter.com/AnaDrets" target="_blank">AnaDrets</a>	2	0	1	142	186	4811		062
@anamartinezd	<a href="https://twitter.com/anamartinezd" target="_blank">anamartinezd</a>	20	0	2	584	1135	4092	Girona-República de Catalunya	054
@anaoromi	<a href="https://twitter.com/anaoromi" target="_blank">anaoromi</a>	80	0	3	2250	2385	419417	República Catalana. UE	010
@anasarabia33	<a href="https://twitter.com/anasarabia33" target="_blank">anasarabia33</a>	4	0	1	241	246	1509		010
@anbasala	<a href="https://twitter.com/anbasala" target="_blank">anbasala</a>	0	4	0					038
@ANC_Bombers	<a href="https://twitter.com/ANC_Bombers" target="_blank">ANC_Bombers</a>	4	84	0	13931	6149	7063	Països Catalans	004
@ANC_CTBBxI	<a href="https://twitter.com/ANC_CTBBxI" target="_blank">ANC_CTBBxI</a>	10	0	1	1001	235	53161		004
@ANC_GRAMENET	<a href="https://twitter.com/ANC_GRAMENET" target="_blank">ANC_GRAMENET</a>	2	2	1	1515	847	4718	Santa Coloma de Gramenet	010
@anc_polska	<a href="https://twitter.com/anc_polska" target="_blank">anc_polska</a>	0	1	0					254
@ANCaldesmontbui	<a href="https://twitter.com/ANCaldesmontbui" target="_blank">ANCaldesmontbui</a>	6	0	1	1564	2235	9102	#CaldesdeMontbui	100
@ANCAltUrgell	<a href="https://twitter.com/ANCAltUrgell" target="_blank">ANCAltUrgell</a>	0	2	0					163
@ANCCanovelles	<a href="https://twitter.com/ANCCanovelles" target="_blank">ANCCanovelles</a>	1	0	1	1203	1117	9924	Canovelles	010
@ANCDones	<a href="https://twitter.com/ANCDones" target="_blank">ANCDones</a>	2	0	1	1626	1166	2774	República de Catalunya PPCC	010
@ANCNouBarris	<a href="https://twitter.com/ANCNouBarris" target="_blank">ANCNouBarris</a>	9	5	0	1846	1114	8548	Barcelona. Països Catalans	099
@ancsantcliment	<a href="https://twitter.com/ancsantcliment" target="_blank">ancsantcliment</a>	2	0	1	865	742	1485	sant Climent de llobregat	080
@ANCstAnd	<a href="https://twitter.com/ANCstAnd" target="_blank">ANCstAnd</a>	2	0	1	2600	1098	27865		010
@ancSuisse	<a href="https://twitter.com/ancSuisse" target="_blank">ancSuisse</a>	12	0	1	1930	407	9592	Suisse - Suïssa - Switzerland	010
@AnderGurusa	<a href="https://twitter.com/AnderGurusa" target="_blank">AnderGurusa</a>	6	0	2	510	549	7674	Donostia	042
@AnderSurfing	<a href="https://twitter.com/AnderSurfing" target="_blank">AnderSurfing</a>	3	0	1	540	632	10970	HONDARTZAN, BARAKALDO , EH	010
@andonism67	<a href="https://twitter.com/andonism67" target="_blank">andonism67</a>	1	0	1	121	122	701		025
@andreu_cb	<a href="https://twitter.com/andreu_cb" target="_blank">andreu_cb</a>	1	0	1	124	471	13338	Osona, Barcelona, Catalunya	010
@Andreueste	<a href="https://twitter.com/Andreueste" target="_blank">Andreueste</a>	13	0	2	1203	722	19009	Badalona	021
@andreuvr	<a href="https://twitter.com/andreuvr" target="_blank">andreuvr</a>	4	0	1	927	1142	11912	Lleida, Països Catalans	010
@angela_blava	<a href="https://twitter.com/angela_blava" target="_blank">angela_blava</a>	1	0	1	0	35	47		010
@angelbarbara___	<a href="https://twitter.com/angelbarbara___" target="_blank">angelbarbara___</a>	2	0	1	76	2259	1196		029
@Angeleugeni	<a href="https://twitter.com/Angeleugeni" target="_blank">Angeleugeni</a>	26	0	1	165	1057	4993	Mollerussa	060
@angelfontcatal1	<a href="https://twitter.com/angelfontcatal1" target="_blank">angelfontcatal1</a>	5	0	1	1011	1153	17047		010
@angelmartimat	<a href="https://twitter.com/angelmartimat" target="_blank">angelmartimat</a>	2	0	1	1523	1937	21666		142
@AngelsCody	<a href="https://twitter.com/AngelsCody" target="_blank">AngelsCody</a>	1	0	1	77	351	2183	Barcelona	004
@angelsgranados1	<a href="https://twitter.com/angelsgranados1" target="_blank">angelsgranados1</a>	1	0	1	16	100	472	Reus, Espanya	010
@angelsmarc2	<a href="https://twitter.com/angelsmarc2" target="_blank">angelsmarc2</a>	15	0	1	34	139	2526		161
@angelsmcastells	<a href="https://twitter.com/angelsmcastells" target="_blank">angelsmcastells</a>	11	4	1	11276	2250	70786	Barcelona	101
@angelsponsa	<a href="https://twitter.com/angelsponsa" target="_blank">angelsponsa</a>	3	3	0	2546	2028	11555	Sant Cugat del Vallès	028
@angelsrabal	<a href="https://twitter.com/angelsrabal" target="_blank">angelsrabal</a>	5	0	1	265	372	7544		026
@angelsvj	<a href="https://twitter.com/angelsvj" target="_blank">angelsvj</a>	19	0	2	563	1317	10851		089
@AngieSeward	<a href="https://twitter.com/AngieSeward" target="_blank">AngieSeward</a>	1	0	1	42	181	803	Devon	131
@AngryCatalan	<a href="https://twitter.com/AngryCatalan" target="_blank">AngryCatalan</a>	6	0	1	921	209	66729	Vallès Accidental	085
@anibalmeltor	<a href="https://twitter.com/anibalmeltor" target="_blank">anibalmeltor</a>	5	0	1	1944	1045	71092		010
@anitacaldes	<a href="https://twitter.com/anitacaldes" target="_blank">anitacaldes</a>	6	0	1	53	194	4667		080
@anitacarrerasma	<a href="https://twitter.com/anitacarrerasma" target="_blank">anitacarrerasma</a>	2	0	1	5	57	70		010
@Aniuska	<a href="https://twitter.com/Aniuska" target="_blank">Aniuska</a>	11	0	1	361	540	20335	Mataró, República de Catalunya	062
@ANJI_ANC	<a href="https://twitter.com/ANJI_ANC" target="_blank">ANJI_ANC</a>	2	0	1	5664	3477	8678	Països Catalans	010
@Anna_Comin	<a href="https://twitter.com/Anna_Comin" target="_blank">Anna_Comin</a>	1	0	1	34	77	79		221
@anna_coverhouse	<a href="https://twitter.com/anna_coverhouse" target="_blank">anna_coverhouse</a>	4	0	1	96	221	1458		010
@anna_sau	<a href="https://twitter.com/anna_sau" target="_blank">anna_sau</a>	2	0	1	61	226	1262	#viscacatalunyalliure	054
@AnnaAlos	<a href="https://twitter.com/AnnaAlos" target="_blank">AnnaAlos</a>	5	0	2	96	221	3208	Catalonia	051
@annabavi	<a href="https://twitter.com/annabavi" target="_blank">annabavi</a>	1	0	1	183	280	4011		010
@annabcncat	<a href="https://twitter.com/annabcncat" target="_blank">annabcncat</a>	1	0	1	71	538	541		010
@annabrtgn	<a href="https://twitter.com/annabrtgn" target="_blank">annabrtgn</a>	5	0	1	44	79	4917		088
@annacat1973	<a href="https://twitter.com/annacat1973" target="_blank">annacat1973</a>	15	0	2	1477	377	24510	Sant Feliu de Guíxols	056
@annacortes15	<a href="https://twitter.com/annacortes15" target="_blank">annacortes15</a>	3	0	1	213	234	4604		010
@AnnaFornt	<a href="https://twitter.com/AnnaFornt" target="_blank">AnnaFornt</a>	1	0	1	85	198	406	Barcelona, Catalunya	080
@AnnaFrancesF	<a href="https://twitter.com/AnnaFrancesF" target="_blank">AnnaFrancesF</a>	10	0	1	1453	1688	69229	Madrid i #ésPalma	254
@AnnaLosantos	<a href="https://twitter.com/AnnaLosantos" target="_blank">AnnaLosantos</a>	5	0	2	90	192	414		002
@AnnamDuimenez	<a href="https://twitter.com/AnnamDuimenez" target="_blank">AnnamDuimenez</a>	15	0	1	516	790	22496		018
@AnnaMoner	<a href="https://twitter.com/AnnaMoner" target="_blank">AnnaMoner</a>	4	0	1	194	622	2815	Vath d'Aspa	010
@Annananit	<a href="https://twitter.com/Annananit" target="_blank">Annananit</a>	4	0	1	577	2545	12374	Girona, Catalunya	010
@Annaod72	<a href="https://twitter.com/Annaod72" target="_blank">Annaod72</a>	4	0	2	21	62	1386	!	018
@AnnaPaezF	<a href="https://twitter.com/AnnaPaezF" target="_blank">AnnaPaezF</a>	21	0	1	96	185	4330		010
@AnnaPomes	<a href="https://twitter.com/AnnaPomes" target="_blank">AnnaPomes</a>	1	0	1	4	50	45	Catalunya	010
@annapr94	<a href="https://twitter.com/annapr94" target="_blank">annapr94</a>	1	1	0	468	1027	3322	Barcelona	247
@AnnaSimo	<a href="https://twitter.com/AnnaSimo" target="_blank">AnnaSimo</a>	9	0	1	33264	1979	48825	L'Hospitalet de Llobregat	051
@annastb	<a href="https://twitter.com/annastb" target="_blank">annastb</a>	4	0	1	21	130	739		010
@annasuredac	<a href="https://twitter.com/annasuredac" target="_blank">annasuredac</a>	1	0	1	192	331	457		088
@annia74	<a href="https://twitter.com/annia74" target="_blank">annia74</a>	1	0	1	116	141	974	Girona	010
@AnonimCAT	<a href="https://twitter.com/AnonimCAT" target="_blank">AnonimCAT</a>	1	0	1	475	152	8871	Catalunya	010
@anticapiCat	<a href="https://twitter.com/anticapiCat" target="_blank">anticapiCat</a>	12	2	0	5936	1822	38046	Catalunya	021
@Antoni_Mallorca	<a href="https://twitter.com/Antoni_Mallorca" target="_blank">Antoni_Mallorca</a>	8	0	2	3631	1886	106479	Catalunya	010
@AntoniMaGrau	<a href="https://twitter.com/AntoniMaGrau" target="_blank">AntoniMaGrau</a>	7	0	1	448	471	11418	Barcelona - l'Ametlla del V.	010
@ANTONIMOSULL	<a href="https://twitter.com/ANTONIMOSULL" target="_blank">ANTONIMOSULL</a>	1	0	1	53	63	425		010
@Antonio_GarSi	<a href="https://twitter.com/Antonio_GarSi" target="_blank">Antonio_GarSi</a>	9	0	1	345	397	2908	Soviet de Lacoma (Fuencarral)	127
@antonio_pinedo	<a href="https://twitter.com/antonio_pinedo" target="_blank">antonio_pinedo</a>	7	0	1	75	115	8953	Barcelona	010
@antoniokanzino	<a href="https://twitter.com/antoniokanzino" target="_blank">antoniokanzino</a>	1	0	1	246	444	7118	Barcelona	115
@antonipostius	<a href="https://twitter.com/antonipostius" target="_blank">antonipostius</a>	27	0	1	3193	1003	18707	Lleida	010
@antseburb	<a href="https://twitter.com/antseburb" target="_blank">antseburb</a>	2	0	1	92	321	1445	ÜT: 41.5270371,2.0286636	010
@antxonrodriguez	<a href="https://twitter.com/antxonrodriguez" target="_blank">antxonrodriguez</a>	4	0	1	1123	366	5902	Cat · Eus	010
@anunjimm	<a href="https://twitter.com/anunjimm" target="_blank">anunjimm</a>	6	0	1	438	1390	5339	Sants Barcelona	121
@AOJ	<a href="https://twitter.com/AOJ" target="_blank">AOJ</a>	5	0	1	10900	3658	43263	Barcelona, España	010
@Apatxe365	<a href="https://twitter.com/Apatxe365" target="_blank">Apatxe365</a>	2	0	1	132	623	675	Barcelona (Catalunya)	010
@aperezcodorniu	<a href="https://twitter.com/aperezcodorniu" target="_blank">aperezcodorniu</a>	1	0	1	1366	1356	9745	Jesus-Tortosa, Catalunya	010
@Aponsm	<a href="https://twitter.com/Aponsm" target="_blank">Aponsm</a>	12	0	1	176	219	14120		010
@Apostrof_coop	<a href="https://twitter.com/Apostrof_coop" target="_blank">Apostrof_coop</a>	0	7	0					092
@AquestFrederic	<a href="https://twitter.com/AquestFrederic" target="_blank">AquestFrederic</a>	29	0	1	4062	4606	93451		010
@ara_digueu	<a href="https://twitter.com/ara_digueu" target="_blank">ara_digueu</a>	1	0	1	228	305	2504	Catalunya ll*ll	080
@AraceliEsf	<a href="https://twitter.com/AraceliEsf" target="_blank">AraceliEsf</a>	4	0	1	228	239	1268		114
@aranmen	<a href="https://twitter.com/aranmen" target="_blank">aranmen</a>	11	0	1	4932	4919	46653	República de Catalunya	024
@arasiquetoca	<a href="https://twitter.com/arasiquetoca" target="_blank">arasiquetoca</a>	18	0	1	46	217	6357		010
@arathodic	<a href="https://twitter.com/arathodic" target="_blank">arathodic</a>	16	0	1	1467	2591	51457		010
@ardnasrp	<a href="https://twitter.com/ardnasrp" target="_blank">ardnasrp</a>	1	0	1	80	209	121		010
@argelagaonfire	<a href="https://twitter.com/argelagaonfire" target="_blank">argelagaonfire</a>	4	0	1	734	1339	25043	República de Catalunya	193
@ariacongost	<a href="https://twitter.com/ariacongost" target="_blank">ariacongost</a>	0	3	0					117
@ariadnaafa	<a href="https://twitter.com/ariadnaafa" target="_blank">ariadnaafa</a>	1	0	1	124	423	478	Tarragona/Catalunya	010
@ariadnarmasia	<a href="https://twitter.com/ariadnarmasia" target="_blank">ariadnarmasia</a>	0	1	0					245
@aribocat	<a href="https://twitter.com/aribocat" target="_blank">aribocat</a>	3	0	1	115	225	717	Barcelona	010
@ariigdi	<a href="https://twitter.com/ariigdi" target="_blank">ariigdi</a>	3	0	1	16	58	437		010
@AritzEtxebe	<a href="https://twitter.com/AritzEtxebe" target="_blank">AritzEtxebe</a>	3	0	1	286	205	473	EUSKAL HERRIA	086
@ArnaizKarlos	<a href="https://twitter.com/ArnaizKarlos" target="_blank">ArnaizKarlos</a>	1	0	1	46	108	118		010
@arnau_padres	<a href="https://twitter.com/arnau_padres" target="_blank">arnau_padres</a>	3	0	1	71	74	1508	Corts, Cornellà del Terri, Catalunya	010
@arnaumatadc	<a href="https://twitter.com/arnaumatadc" target="_blank">arnaumatadc</a>	2	0	1	1198	1600	5990	Sant Vicenç dels Horts	017
@arnauroviro	<a href="https://twitter.com/arnauroviro" target="_blank">arnauroviro</a>	1	0	1	39	180	663		010
@ArnauSal4	<a href="https://twitter.com/ArnauSal4" target="_blank">ArnauSal4</a>	1	0	1	136	206	274	Vilanova i la Geltrú	014
@arnautista	<a href="https://twitter.com/arnautista" target="_blank">arnautista</a>	4	0	1	680	529	51414	Catalunya NO és España	010
@Arnwald_32	<a href="https://twitter.com/Arnwald_32" target="_blank">Arnwald_32</a>	2	0	1	944	2000	30127	Terrassa	010
@arqtecnic	<a href="https://twitter.com/arqtecnic" target="_blank">arqtecnic</a>	1	0	1	484	580	764	Organyà - Alt Urgell	010
@arrate_i	<a href="https://twitter.com/arrate_i" target="_blank">arrate_i</a>	1	0	1	127	348	654		042
@arrelart	<a href="https://twitter.com/arrelart" target="_blank">arrelart</a>	0	2	0					033
@arres	<a href="https://twitter.com/arres" target="_blank">arres</a>	2	0	1	692	1058	4993	Barcelona, Catalunya	010
@ARUMI_Jordi	<a href="https://twitter.com/ARUMI_Jordi" target="_blank">ARUMI_Jordi</a>	4	0	1	109	152	3664	CATALUNYA	010
@asfarre707	<a href="https://twitter.com/asfarre707" target="_blank">asfarre707</a>	3	0	1	372	445	2197	catalunya	256
@Asier_Nineu	<a href="https://twitter.com/Asier_Nineu" target="_blank">Asier_Nineu</a>	2	0	1	335	528	179	Leioa. Euskal Herria	010
@AsierMgd	<a href="https://twitter.com/AsierMgd" target="_blank">AsierMgd</a>	1	0	1	128	198	19741		162
@askari222	<a href="https://twitter.com/askari222" target="_blank">askari222</a>	50	0	1	46	34	9286		010
@AssembleaCunit	<a href="https://twitter.com/AssembleaCunit" target="_blank">AssembleaCunit</a>	5	0	1	338	319	4970	Cunit, Tarragona, Catalunya	010
@AssembleaValls	<a href="https://twitter.com/AssembleaValls" target="_blank">AssembleaValls</a>	7	0	1	2443	2054	7390	Valls, Països Catalans	224
@Assu_Tzena	<a href="https://twitter.com/Assu_Tzena" target="_blank">Assu_Tzena</a>	4	0	1	54	291	262	Benifallet	010
@Astronaut_8	<a href="https://twitter.com/Astronaut_8" target="_blank">Astronaut_8</a>	1	0	1	1	52	149		010
@ateneucornella	<a href="https://twitter.com/ateneucornella" target="_blank">ateneucornella</a>	0	2	0					143
@Atharel	<a href="https://twitter.com/Atharel" target="_blank">Atharel</a>	14	0	1	313	473	12467	Barnacity CAT	010
@atopeuri	<a href="https://twitter.com/atopeuri" target="_blank">atopeuri</a>	21	0	2	747	2487	47713		010
@atramrelos	<a href="https://twitter.com/atramrelos" target="_blank">atramrelos</a>	1	0	1	209	540	88		009
@AtxuriUrdin	<a href="https://twitter.com/AtxuriUrdin" target="_blank">AtxuriUrdin</a>	1	0	1	596	524	456	Sara	086
@Aurivis	<a href="https://twitter.com/Aurivis" target="_blank">Aurivis</a>	10	0	1	1456	453	42773	#DEPTrotsky #NoT'oblidaréMai	034
@aurorab933	<a href="https://twitter.com/aurorab933" target="_blank">aurorab933</a>	2	0	1	2540	1619	211356		010
@Authopsy	<a href="https://twitter.com/Authopsy" target="_blank">Authopsy</a>	1	0	1	6	20	47		010
@avaristu	<a href="https://twitter.com/avaristu" target="_blank">avaristu</a>	4	0	1	776	1699	13885		010
@AvellanaTGN	<a href="https://twitter.com/AvellanaTGN" target="_blank">AvellanaTGN</a>	6	0	1	579	676	36502	Tarragona (Catalunya)	010
@AVG_Sabadell	<a href="https://twitter.com/AVG_Sabadell" target="_blank">AVG_Sabadell</a>	2	1	0	1448	1153	5792	Sabadell	236
@Axijaka	<a href="https://twitter.com/Axijaka" target="_blank">Axijaka</a>	2	0	1	517	406	2313	Donostia, Basque Country	042
@AXirla	<a href="https://twitter.com/AXirla" target="_blank">AXirla</a>	4	0	1	232	835	11881		010
@Ayla365	<a href="https://twitter.com/Ayla365" target="_blank">Ayla365</a>	3	0	1	152	310	2891		080
@b3r2s	<a href="https://twitter.com/b3r2s" target="_blank">b3r2s</a>	1	0	1	496	623	19782		025
@badalonero	<a href="https://twitter.com/badalonero" target="_blank">badalonero</a>	1	0	1	56	83	4657		010
@badmany	<a href="https://twitter.com/badmany" target="_blank">badmany</a>	1	0	1	511	1080	15406	Girona independent !!!	010
@BadosaRoger	<a href="https://twitter.com/BadosaRoger" target="_blank">BadosaRoger</a>	1	0	1	144	192	135		017
@BagariaJoan	<a href="https://twitter.com/BagariaJoan" target="_blank">BagariaJoan</a>	4	1	0	309	516	5085	La Garriga, Catalunya	018
@bages8	<a href="https://twitter.com/bages8" target="_blank">bages8</a>	2	0	1	342	197	767		010
@Bakardadetik	<a href="https://twitter.com/Bakardadetik" target="_blank">Bakardadetik</a>	1	0	1	135	240	1243	Euskal Herria	086
@BaladasBolt	<a href="https://twitter.com/BaladasBolt" target="_blank">BaladasBolt</a>	1	0	1	327	694	3993	Catalunya	001
@Balateu	<a href="https://twitter.com/Balateu" target="_blank">Balateu</a>	1	0	1	446	1277	5053	Besalú (Catalunya)	010
@balguero	<a href="https://twitter.com/balguero" target="_blank">balguero</a>	1	0	1	85	190	388		010
@Balta83349311	<a href="https://twitter.com/Balta83349311" target="_blank">Balta83349311</a>	1	0	1	21	108	33		010
@bandicoot_rojx	<a href="https://twitter.com/bandicoot_rojx" target="_blank">bandicoot_rojx</a>	2	0	1	200	261	9083	Catalunya Socialista	010
@BaqlH	<a href="https://twitter.com/BaqlH" target="_blank">BaqlH</a>	4	0	1	295	181	2161	Zona 1/L'H, República Catalana	010
@Barbararamon83	<a href="https://twitter.com/Barbararamon83" target="_blank">Barbararamon83</a>	2	0	1	174	446	307		010
@barbaravalls	<a href="https://twitter.com/barbaravalls" target="_blank">barbaravalls</a>	2	1	0	848	383	1847		224
@barcaboca10	<a href="https://twitter.com/barcaboca10" target="_blank">barcaboca10</a>	9	0	2	2934	1886	37108	poble nou catalunya	063
@BarniBanana	<a href="https://twitter.com/BarniBanana" target="_blank">BarniBanana</a>	10	0	1	114	461	4336		018
@Barrabinix	<a href="https://twitter.com/Barrabinix" target="_blank">Barrabinix</a>	4	0	1	80	262	2826	Trondheim	010
@barratemple	<a href="https://twitter.com/barratemple" target="_blank">barratemple</a>	6	0	1	313	254	24859	DÚPLEX - Barri Chic de Dublin	010
@barroer	<a href="https://twitter.com/barroer" target="_blank">barroer</a>	2	0	1	295	415	12263	Cerdanyola, Països Catalans	010
@BCarlosN	<a href="https://twitter.com/BCarlosN" target="_blank">BCarlosN</a>	2	0	1	11	34	273		010
@bcn_cowboy	<a href="https://twitter.com/bcn_cowboy" target="_blank">bcn_cowboy</a>	3	0	1	27	266	536	Sant Andreu, Barcelona	010
@Bcn75JPP	<a href="https://twitter.com/Bcn75JPP" target="_blank">Bcn75JPP</a>	2	0	1	10	83	209	Barcelona, Espanya	010
@BcnSyd	<a href="https://twitter.com/BcnSyd" target="_blank">BcnSyd</a>	3	0	1	40	122	3849		010
@bego_blay	<a href="https://twitter.com/bego_blay" target="_blank">bego_blay</a>	1	0	1	34	92	62		010
@bel_margarida	<a href="https://twitter.com/bel_margarida" target="_blank">bel_margarida</a>	75	0	1	118	115	10420		010
@bel1881	<a href="https://twitter.com/bel1881" target="_blank">bel1881</a>	7	0	1	32	221	1104	barcelona	004
@Bellorsays	<a href="https://twitter.com/Bellorsays" target="_blank">Bellorsays</a>	1	0	1	287	1014	810	Barcelona	010
@beltranologo	<a href="https://twitter.com/beltranologo" target="_blank">beltranologo</a>	1	0	1	52	235	1621		080
@BenitoCas	<a href="https://twitter.com/BenitoCas" target="_blank">BenitoCas</a>	7	0	1	20	82	536		010
@benuR_RV	<a href="https://twitter.com/benuR_RV" target="_blank">benuR_RV</a>	5	0	1	200	517	3817	Valls - República de Catalunya	010
@Berjula	<a href="https://twitter.com/Berjula" target="_blank">Berjula</a>	0	1	0					066
@Berlustinho	<a href="https://twitter.com/Berlustinho" target="_blank">Berlustinho</a>	2	4	0	67340	5075	103459	Barcelona	037
@bernardomeca	<a href="https://twitter.com/bernardomeca" target="_blank">bernardomeca</a>	5	0	1	158	572	5342	La Rinconada, Andalucía	010
@Bernat_	<a href="https://twitter.com/Bernat_" target="_blank">Bernat_</a>	9	0	1	1460	1459	8393	AMER - BARCELONA	010
@BernatBerenguer	<a href="https://twitter.com/BernatBerenguer" target="_blank">BernatBerenguer</a>	20	0	1	680	1089	42426		004
@bernatpicornell	<a href="https://twitter.com/bernatpicornell" target="_blank">bernatpicornell</a>	0	2	0					074
@BernatRicard	<a href="https://twitter.com/BernatRicard" target="_blank">BernatRicard</a>	6	0	1	191	347	6144	Catalonia	214
@BernatVicaria	<a href="https://twitter.com/BernatVicaria" target="_blank">BernatVicaria</a>	2	0	1	14	139	282		010
@BerniGonzi	<a href="https://twitter.com/BerniGonzi" target="_blank">BerniGonzi</a>	2	0	1	279	162	9092	Catalunya	010
@Berriemaile	<a href="https://twitter.com/Berriemaile" target="_blank">Berriemaile</a>	1	0	1	294	618	809	Tamariu-Palafrugell	010
@Berrironaiz	<a href="https://twitter.com/Berrironaiz" target="_blank">Berrironaiz</a>	1	0	1	490	476	5730		010
@berry_bearing	<a href="https://twitter.com/berry_bearing" target="_blank">berry_bearing</a>	1	0	1	307	497	12008	Catalunya	080
@BertaCasarramon	<a href="https://twitter.com/BertaCasarramon" target="_blank">BertaCasarramon</a>	5	0	2	1322	1673	33255	Barri de Gràcia. Sabadell	010
@bertapj1	<a href="https://twitter.com/bertapj1" target="_blank">bertapj1</a>	1	0	1	12	32	32		058
@bertola34	<a href="https://twitter.com/bertola34" target="_blank">bertola34</a>	1	0	1	80	87	8674		010
@bertubmx	<a href="https://twitter.com/bertubmx" target="_blank">bertubmx</a>	2	0	1	20	60	448		167
@Bertuus96	<a href="https://twitter.com/Bertuus96" target="_blank">Bertuus96</a>	1	0	1	150	461	1627	Barcelona	010
@betikoargia1512	<a href="https://twitter.com/betikoargia1512" target="_blank">betikoargia1512</a>	1	0	1	11	261	632		010
@betlems	<a href="https://twitter.com/betlems" target="_blank">betlems</a>	2	0	1	123	210	2160	camptarragonès	010
@BezaYolanda	<a href="https://twitter.com/BezaYolanda" target="_blank">BezaYolanda</a>	15	0	1	127	228	3702	Olesa de Montserrat, España	094
@BiaixPPCC	<a href="https://twitter.com/BiaixPPCC" target="_blank">BiaixPPCC</a>	10	0	1	736	1658	17383	República Catalana	080
@Biel_Domenge	<a href="https://twitter.com/Biel_Domenge" target="_blank">Biel_Domenge</a>	1	0	1	61	254	2862	Sabadell, Catalunya,P.P.C.C.	010
@BielSegui	<a href="https://twitter.com/BielSegui" target="_blank">BielSegui</a>	15	0	1	1624	1227	32344	Mallorca	184
@big_taff	<a href="https://twitter.com/big_taff" target="_blank">big_taff</a>	6	0	1	894	3971	29941	wales	054
@bilbasket	<a href="https://twitter.com/bilbasket" target="_blank">bilbasket</a>	3	0	1	282	307	24384		162
@bilbohiria	<a href="https://twitter.com/bilbohiria" target="_blank">bilbohiria</a>	1	0	1	4225	3700	29917	Bilbao	025
@bilbotronik	<a href="https://twitter.com/bilbotronik" target="_blank">bilbotronik</a>	12	0	1	445	1250	39165	Bilbao	089
@Biorebeca	<a href="https://twitter.com/Biorebeca" target="_blank">Biorebeca</a>	36	0	1	418	513	17634		063
@bioscamontse	<a href="https://twitter.com/bioscamontse" target="_blank">bioscamontse</a>	18	0	1	212	414	15588		181
@BiureRaich	<a href="https://twitter.com/BiureRaich" target="_blank">BiureRaich</a>	6	0	1	3030	2917	36701	Castellfollit de Riubregós, Es	010
@bjom30	<a href="https://twitter.com/bjom30" target="_blank">bjom30</a>	1	0	1	187	651	5496	Terrassa, CATALUNYA	010
@Blackadder2011	<a href="https://twitter.com/Blackadder2011" target="_blank">Blackadder2011</a>	2	0	1	4	178	353	Maresme	010
@blairodriguez	<a href="https://twitter.com/blairodriguez" target="_blank">blairodriguez</a>	37	0	1	3676	1413	22381	els encants. barna.	010
@blancabusquets	<a href="https://twitter.com/blancabusquets" target="_blank">blancabusquets</a>	2	0	1	1064	691	3179	Catalunya	084
@BlancaMuntadas	<a href="https://twitter.com/BlancaMuntadas" target="_blank">BlancaMuntadas</a>	2	1	0	61	102	354	Barcelona, Spain	216
@Blanchis79	<a href="https://twitter.com/Blanchis79" target="_blank">Blanchis79</a>	3	0	1	14	78	800		082
@BLeunda	<a href="https://twitter.com/BLeunda" target="_blank">BLeunda</a>	2	0	1	163	503	1857	Orexa,  Euskal Herria	086
@bluesmaning	<a href="https://twitter.com/bluesmaning" target="_blank">bluesmaning</a>	5	0	2	66	173	11048	Euskal Herria	015
@BNG_Compostela	<a href="https://twitter.com/BNG_Compostela" target="_blank">BNG_Compostela</a>	2	0	1	859	225	1780		233
@bnoro	<a href="https://twitter.com/bnoro" target="_blank">bnoro</a>	5	0	1	1261	2980	11329	Catalunya	017
@BoiSentis	<a href="https://twitter.com/BoiSentis" target="_blank">BoiSentis</a>	9	0	1	12	77	2551	Sabadell. Catalunya	057
@BoixEnric	<a href="https://twitter.com/BoixEnric" target="_blank">BoixEnric</a>	1	0	1	27	101	59		010
@boixmerce	<a href="https://twitter.com/boixmerce" target="_blank">boixmerce</a>	1	0	1	287	304	2386		010
@bol8	<a href="https://twitter.com/bol8" target="_blank">bol8</a>	3	0	1	109	421	2024	catalunya	025
@Boladevidre	<a href="https://twitter.com/Boladevidre" target="_blank">Boladevidre</a>	3	0	2	2231	1981	40897	Països Catalans	066
@bombersfigueres	<a href="https://twitter.com/bombersfigueres" target="_blank">bombersfigueres</a>	4	0	1	712	793	2114	Parc de Bombers de Figueres	146
@Bomberssllo	<a href="https://twitter.com/Bomberssllo" target="_blank">Bomberssllo</a>	1	6	0	832	307	457	Sant Llorenç de Morunys	094
@bombersvlrd	<a href="https://twitter.com/bombersvlrd" target="_blank">bombersvlrd</a>	1	0	1	996	724	294	Catalunya (Tgn - Alt Camp)	004
@bonamarga	<a href="https://twitter.com/bonamarga" target="_blank">bonamarga</a>	4	0	1	141	299	5589	Manresa	004
@boneugmoda	<a href="https://twitter.com/boneugmoda" target="_blank">boneugmoda</a>	3	0	1	66	344	821	Castellar del Vallès, Espanya	144
@BonhomeMarc	<a href="https://twitter.com/BonhomeMarc" target="_blank">BonhomeMarc</a>	3	0	1	233	48	26329	Muret, Midi-Pyrénées	010
@bonminyo	<a href="https://twitter.com/bonminyo" target="_blank">bonminyo</a>	3	0	1	330	2488	3468	Barcelona, Catalunya	010
@BonsHomes	<a href="https://twitter.com/BonsHomes" target="_blank">BonsHomes</a>	3	0	1	367	1106	3191		241
@booktubemania	<a href="https://twitter.com/booktubemania" target="_blank">booktubemania</a>	20	0	1	832	1695	4873	República Catalana	016
@Bordegot	<a href="https://twitter.com/Bordegot" target="_blank">Bordegot</a>	3	0	1	130	79	1042	Alós (Alt Àneu)	010
@bordoll	<a href="https://twitter.com/bordoll" target="_blank">bordoll</a>	1	0	1	93	355	561		026
@bori_not	<a href="https://twitter.com/bori_not" target="_blank">bori_not</a>	9	4	0	1905	628	82627	Països Catalans	016
@borjagama	<a href="https://twitter.com/borjagama" target="_blank">borjagama</a>	5	0	1	493	923	1538	Peralada, Catalunya	010
@Boro_LH	<a href="https://twitter.com/Boro_LH" target="_blank">Boro_LH</a>	21	1	0	2172	1429	11593	Iruñea	205
@BorrsMarc	<a href="https://twitter.com/BorrsMarc" target="_blank">BorrsMarc</a>	3	0	1	92	186	1581		139
@BosomJordi	<a href="https://twitter.com/BosomJordi" target="_blank">BosomJordi</a>	10	0	1	78	102	5660	Camí de la llibertat.	010
@braguletty	<a href="https://twitter.com/braguletty" target="_blank">braguletty</a>	2	0	1	341	1059	13898	CATALUNYA INDEPENDENT	010
@briefriend	<a href="https://twitter.com/briefriend" target="_blank">briefriend</a>	5	0	1	191	286	1976	Vanished off  face of Earth	004
@brotodex	<a href="https://twitter.com/brotodex" target="_blank">brotodex</a>	3	0	1	113	92	1198		062
@Brugarolas	<a href="https://twitter.com/Brugarolas" target="_blank">Brugarolas</a>	2	9	0	2496	1834	7579	Sant Cugat	061
@BruixadelEst	<a href="https://twitter.com/BruixadelEst" target="_blank">BruixadelEst</a>	1	0	1	80	385	740		010
@BruixTanit	<a href="https://twitter.com/BruixTanit" target="_blank">BruixTanit</a>	10	0	1	178	483	5866	Bothell, WA	010
@Brunxnho	<a href="https://twitter.com/Brunxnho" target="_blank">Brunxnho</a>	2	0	1	1352	597	19127	Barcelona	086
@Brx_Eva	<a href="https://twitter.com/Brx_Eva" target="_blank">Brx_Eva</a>	2	2	0	3059	2754	42365	Catalunya	023
@bsilanes	<a href="https://twitter.com/bsilanes" target="_blank">bsilanes</a>	18	0	1	2544	2263	67518	Catalunya	059
@buelbir	<a href="https://twitter.com/buelbir" target="_blank">buelbir</a>	17	0	1	335	154	24645		018
@bukimiro	<a href="https://twitter.com/bukimiro" target="_blank">bukimiro</a>	2	0	1	101	175	2262		024
@BuscaIsabel	<a href="https://twitter.com/BuscaIsabel" target="_blank">BuscaIsabel</a>	3	0	1	21	78	860		026
@BZVGS	<a href="https://twitter.com/BZVGS" target="_blank">BZVGS</a>	4	0	1	156	320	4261	vor den Toren der Hölle	010
@C_TTME	<a href="https://twitter.com/C_TTME" target="_blank">C_TTME</a>	15	0	1	5	60	1982		010
@caarlotar	<a href="https://twitter.com/caarlotar" target="_blank">caarlotar</a>	1	0	1	172	269	405	Badalona	009
@cagigos_mamen	<a href="https://twitter.com/cagigos_mamen" target="_blank">cagigos_mamen</a>	7	0	2	413	168	15641		023
@cagumlapell	<a href="https://twitter.com/cagumlapell" target="_blank">cagumlapell</a>	2	0	1	240	747	11160		060
@CalaixNikov	<a href="https://twitter.com/CalaixNikov" target="_blank">CalaixNikov</a>	1	0	1	5330	988	40360	Als fitxers del CesiCAT, PPCC	010
@Calcat601	<a href="https://twitter.com/Calcat601" target="_blank">Calcat601</a>	2	0	1	94	299	5073		010
@calreflex	<a href="https://twitter.com/calreflex" target="_blank">calreflex</a>	5	0	1	2347	2161	109551	El Pla de Sant Tirs #polonorte	163
@calsegarreta	<a href="https://twitter.com/calsegarreta" target="_blank">calsegarreta</a>	1	0	1	31	133	841		010
@caltraginer	<a href="https://twitter.com/caltraginer" target="_blank">caltraginer</a>	1	0	1	4	76	115		062
@calva1902	<a href="https://twitter.com/calva1902" target="_blank">calva1902</a>	10	0	2	1177	529	35242	Brey	018
@CaminsJ	<a href="https://twitter.com/CaminsJ" target="_blank">CaminsJ</a>	9	0	1	109	245	5452	Repùblica Catalana UE	015
@CampanaEncarna	<a href="https://twitter.com/CampanaEncarna" target="_blank">CampanaEncarna</a>	2	0	1	4	13	285	Barcelona ( Catalunya)	010
@cancapablanca	<a href="https://twitter.com/cancapablanca" target="_blank">cancapablanca</a>	0	12	0					057
@Candeliano	<a href="https://twitter.com/Candeliano" target="_blank">Candeliano</a>	0	64	0					010
@canricart	<a href="https://twitter.com/canricart" target="_blank">canricart</a>	31	0	2	600	511	14383	poblenou (barcelona)	059
@cantalozella	<a href="https://twitter.com/cantalozella" target="_blank">cantalozella</a>	1	0	1	1954	2584	23117	santa coloma de farners	010
@canxanet	<a href="https://twitter.com/canxanet" target="_blank">canxanet</a>	5	0	1	230	1164	2852	Catalunya	001
@caos30	<a href="https://twitter.com/caos30" target="_blank">caos30</a>	8	0	1	38	61	1207	Hermosillo, Sonora, México	010
@CapafonsLopez	<a href="https://twitter.com/CapafonsLopez" target="_blank">CapafonsLopez</a>	1	0	1	35	56	2648		107
@capdepremsa	<a href="https://twitter.com/capdepremsa" target="_blank">capdepremsa</a>	10	0	1	2173	3015	7330	Catalunya	010
@capdesuro	<a href="https://twitter.com/capdesuro" target="_blank">capdesuro</a>	38	0	1	263	722	17319	Catalonia	010
@capdevilajoan	<a href="https://twitter.com/capdevilajoan" target="_blank">capdevilajoan</a>	13	0	1	5287	4424	45454	Martorell, Catalunya	024
@CapdevilaMorro	<a href="https://twitter.com/CapdevilaMorro" target="_blank">CapdevilaMorro</a>	3	0	1	147	412	462	Barcelona	010
@Caperuzotaroja	<a href="https://twitter.com/Caperuzotaroja" target="_blank">Caperuzotaroja</a>	16	0	1	14	33	722		011
@CapitaFesol	<a href="https://twitter.com/CapitaFesol" target="_blank">CapitaFesol</a>	14	0	1	435	1447	5330	Catalunya	010
@capitaguillola	<a href="https://twitter.com/capitaguillola" target="_blank">capitaguillola</a>	2	0	1	111	345	1030		010
@CapitHaddock1	<a href="https://twitter.com/CapitHaddock1" target="_blank">CapitHaddock1</a>	9	0	1	1172	1196	70718	Catalunya	010
@car_soba	<a href="https://twitter.com/car_soba" target="_blank">car_soba</a>	5	0	1	123	482	7105		004
@Carballinh0	<a href="https://twitter.com/Carballinh0" target="_blank">Carballinh0</a>	1	0	1	8	13	12	España	187
@CarbonellF	<a href="https://twitter.com/CarbonellF" target="_blank">CarbonellF</a>	3	0	1	123	216	818		044
@carbonetti2	<a href="https://twitter.com/carbonetti2" target="_blank">carbonetti2</a>	11	0	1	90	308	14545		010
@carelmaritz	<a href="https://twitter.com/carelmaritz" target="_blank">carelmaritz</a>	1	0	1	198	480	554		010
@carinho9	<a href="https://twitter.com/carinho9" target="_blank">carinho9</a>	1	0	1	3607	2064	99006	En el EXILIO 🇪🇸🇪🇺🇻🇪	105
@carla_paloschi	<a href="https://twitter.com/carla_paloschi" target="_blank">carla_paloschi</a>	1	0	1	7	108	6		010
@carlamontero44	<a href="https://twitter.com/carlamontero44" target="_blank">carlamontero44</a>	2	0	1	210	175	6840		010
@carleeee94	<a href="https://twitter.com/carleeee94" target="_blank">carleeee94</a>	5	0	1	163	297	3522	Barcelona	010
@Carles_Sastre	<a href="https://twitter.com/Carles_Sastre" target="_blank">Carles_Sastre</a>	1	0	1	1699	1354	4494	Països Catalans	097
@carles27164774	<a href="https://twitter.com/carles27164774" target="_blank">carles27164774</a>	1	0	1	2041	1933	12159		010
@carlesbert	<a href="https://twitter.com/carlesbert" target="_blank">carlesbert</a>	6	43	0	323	301	3261	Barcelona, Espanya	082
@CarlesFlash	<a href="https://twitter.com/CarlesFlash" target="_blank">CarlesFlash</a>	10	3	0	1358	1411	7507	Vilanova i la Geltrú	014
@carlesmanjon	<a href="https://twitter.com/carlesmanjon" target="_blank">carlesmanjon</a>	14	0	1	901	1487	14629	Barcelona, Catalunya	010
@carlesneus3	<a href="https://twitter.com/carlesneus3" target="_blank">carlesneus3</a>	1	0	1	61	274	1692		010
@carlespamies	<a href="https://twitter.com/carlespamies" target="_blank">carlespamies</a>	26	0	2	1178	1103	86670	Castellví d la Marca Catalunya	073
@carlespla	<a href="https://twitter.com/carlespla" target="_blank">carlespla</a>	5	0	1	151	299	7175	Cambrils, España	010
@CarlesVallsB	<a href="https://twitter.com/CarlesVallsB" target="_blank">CarlesVallsB</a>	6	0	1	77	87	1167		010
@carlotagiza	<a href="https://twitter.com/carlotagiza" target="_blank">carlotagiza</a>	2	0	1	95	271	650	Barcelona	010
@carmaguila	<a href="https://twitter.com/carmaguila" target="_blank">carmaguila</a>	5	0	1	656	959	4723	Barcelona, Catalunya	010
@Carme_SC	<a href="https://twitter.com/Carme_SC" target="_blank">Carme_SC</a>	5	0	1	1609	1672	29030		103
@CarmeEgea1	<a href="https://twitter.com/CarmeEgea1" target="_blank">CarmeEgea1</a>	2	0	1	124	291	2797		010
@CarmeFito	<a href="https://twitter.com/CarmeFito" target="_blank">CarmeFito</a>	3	0	1	21	55	606		004
@CarmeLaboria	<a href="https://twitter.com/CarmeLaboria" target="_blank">CarmeLaboria</a>	3	1	0	1410	416	4502	Terrassa - Catalunya	087
@carmen_uviedo	<a href="https://twitter.com/carmen_uviedo" target="_blank">carmen_uviedo</a>	16	0	3	82	227	6818	Premià de Mar, Catalunya	010
@CarreJosep	<a href="https://twitter.com/CarreJosep" target="_blank">CarreJosep</a>	11	0	1	6340	6494	83213	DUI al PROGRAMA i a jugar...	010
@CarreteroSergi	<a href="https://twitter.com/CarreteroSergi" target="_blank">CarreteroSergi</a>	1	0	1	16	73	388		010
@carxofaland	<a href="https://twitter.com/carxofaland" target="_blank">carxofaland</a>	1	0	1	252	633	2482	Carxofaland	124
@casaxus	<a href="https://twitter.com/casaxus" target="_blank">casaxus</a>	39	0	4	428	1582	97613	aquimateix	004
@Casi_AzulMar	<a href="https://twitter.com/Casi_AzulMar" target="_blank">Casi_AzulMar</a>	5	0	2	97	220	2995		010
@casiopea1971	<a href="https://twitter.com/casiopea1971" target="_blank">casiopea1971</a>	0	1	0					165
@CasipBadalona	<a href="https://twitter.com/CasipBadalona" target="_blank">CasipBadalona</a>	1	12	0	602	200	752	Badalona	009
@CastellaToni	<a href="https://twitter.com/CastellaToni" target="_blank">CastellaToni</a>	9	0	1	11785	3182	7452		018
@CAT_2017_INDEPE	<a href="https://twitter.com/CAT_2017_INDEPE" target="_blank">CAT_2017_INDEPE</a>	11	0	1	6719	6507	23147		058
@CATaccio11	<a href="https://twitter.com/CATaccio11" target="_blank">CATaccio11</a>	17	0	1	1600	1908	7288		010
@cataladelsud	<a href="https://twitter.com/cataladelsud" target="_blank">cataladelsud</a>	73	0	5	1154	1886	9980	La Plana, Països Catalans	010
@Catalan_Dragon	<a href="https://twitter.com/Catalan_Dragon" target="_blank">Catalan_Dragon</a>	36	0	1	110	142	8270	iPhone: 41.136982,1.206330	004
@catalana2017	<a href="https://twitter.com/catalana2017" target="_blank">catalana2017</a>	4	0	1	31	50	1861		082
@catalanagarrapa	<a href="https://twitter.com/catalanagarrapa" target="_blank">catalanagarrapa</a>	1	0	1	1386	1870	28626		105
@catalanensis	<a href="https://twitter.com/catalanensis" target="_blank">catalanensis</a>	16	0	1	189	199	15381	CATALÁ. MATARONÍ.CULÉ    II*II	010
@CatalanRobot	<a href="https://twitter.com/CatalanRobot" target="_blank">CatalanRobot</a>	54	0	2	239	1	22090	Catalonia	029
@cataloniadirect	<a href="https://twitter.com/cataloniadirect" target="_blank">cataloniadirect</a>	4	0	1	2391	1176	5378	Barcelona, Catalonia	010
@cataloniants	<a href="https://twitter.com/cataloniants" target="_blank">cataloniants</a>	4	0	1	579	223	1097	Barcelona,Catalunya	010
@catalunya2016	<a href="https://twitter.com/catalunya2016" target="_blank">catalunya2016</a>	18	0	1	4248	4532	25597	República de Catalunya	010
@catalunyaaccio	<a href="https://twitter.com/catalunyaaccio" target="_blank">catalunyaaccio</a>	1	0	1	3901	3774	6859	Catalunya	213
@CatarifeTrs	<a href="https://twitter.com/CatarifeTrs" target="_blank">CatarifeTrs</a>	3	0	1	250	798	3201	Tenerife	198
@Catmeli	<a href="https://twitter.com/Catmeli" target="_blank">Catmeli</a>	3	0	1	388	763	13161	Barcelona, Catalonia	010
@cavallerstJordi	<a href="https://twitter.com/cavallerstJordi" target="_blank">cavallerstJordi</a>	8	0	1	5616	3647	39694	Catalunya, EFTA	010
@cavallrepublica	<a href="https://twitter.com/cavallrepublica" target="_blank">cavallrepublica</a>	1	0	1	51	51	513	Parets del Vallès, Espanya	091
@cbonaventura	<a href="https://twitter.com/cbonaventura" target="_blank">cbonaventura</a>	40	1	1	3764	4415	71820	Girona	010
@CCaballeroUGT	<a href="https://twitter.com/CCaballeroUGT" target="_blank">CCaballeroUGT</a>	2	1	0	147	369	855	Blanes, España	255
@cchetrit	<a href="https://twitter.com/cchetrit" target="_blank">cchetrit</a>	23	0	1	60	134	3582	Banyoles, Spain	056
@CCOOParcsiJardi	<a href="https://twitter.com/CCOOParcsiJardi" target="_blank">CCOOParcsiJardi</a>	1	0	1	151	138	1279		159
@CDReferendumSVH	<a href="https://twitter.com/CDReferendumSVH" target="_blank">CDReferendumSVH</a>	0	16	0					017
@CDReferendumVic	<a href="https://twitter.com/CDReferendumVic" target="_blank">CDReferendumVic</a>	5	0	1	758	309	276	Vic, Osona	111
@CDRepublica	<a href="https://twitter.com/CDRepublica" target="_blank">CDRepublica</a>	0	1	0					013
@CDRGoticRaval	<a href="https://twitter.com/CDRGoticRaval" target="_blank">CDRGoticRaval</a>	11	5	0	982	44	497	El Raval, Barcelona	113
@CDRNouBarris	<a href="https://twitter.com/CDRNouBarris" target="_blank">CDRNouBarris</a>	3	2	0	993	153	240	Barcelona	139
@cdrvng	<a href="https://twitter.com/cdrvng" target="_blank">cdrvng</a>	50	0	3	1459	38	726	Vilanova i la Geltrú	014
@CeliaMuns	<a href="https://twitter.com/CeliaMuns" target="_blank">CeliaMuns</a>	4	0	2	113	615	516		113
@cendroscarles	<a href="https://twitter.com/cendroscarles" target="_blank">cendroscarles</a>	1	0	1	59	298	2395		010
@cerillopillo	<a href="https://twitter.com/cerillopillo" target="_blank">cerillopillo</a>	5	0	2	1251	2539	62169		039
@cervera_jess	<a href="https://twitter.com/cervera_jess" target="_blank">cervera_jess</a>	35	0	3	3191	3909	251577	Catalunya, Països Catalans, UE	018
@CerveraVilas	<a href="https://twitter.com/CerveraVilas" target="_blank">CerveraVilas</a>	1	0	1	0	39	14	la Nova Esquerra de l'Eixample	010
@CervillaDavid	<a href="https://twitter.com/CervillaDavid" target="_blank">CervillaDavid</a>	2	0	1	75	188	720		010
@cesc239	<a href="https://twitter.com/cesc239" target="_blank">cesc239</a>	10	0	1	477	710	75815	Països Catalans	057
@cesc851	<a href="https://twitter.com/cesc851" target="_blank">cesc851</a>	1	0	1	5	29	221		161
@cescjg	<a href="https://twitter.com/cescjg" target="_blank">cescjg</a>	2	0	1	91	163	391		010
@CescSoler1	<a href="https://twitter.com/CescSoler1" target="_blank">CescSoler1</a>	1	0	1	137	142	260		010
@CFiguerasEconom	<a href="https://twitter.com/CFiguerasEconom" target="_blank">CFiguerasEconom</a>	9	0	1	174	204	6147		011
@cfrd1909cat	<a href="https://twitter.com/cfrd1909cat" target="_blank">cfrd1909cat</a>	70	0	2	391	457	20882	Reus, Catalunya	004
@Chamamor	<a href="https://twitter.com/Chamamor" target="_blank">Chamamor</a>	1	0	1	1049	1417	107913	cadiz	115
@ChantalFramis	<a href="https://twitter.com/ChantalFramis" target="_blank">ChantalFramis</a>	1	0	1	153	221	1686		018
@charlsq77	<a href="https://twitter.com/charlsq77" target="_blank">charlsq77</a>	1	0	1	30	191	78		010
@chisto1975	<a href="https://twitter.com/chisto1975" target="_blank">chisto1975</a>	2	0	1	402	1076	26906		010
@christianguarro	<a href="https://twitter.com/christianguarro" target="_blank">christianguarro</a>	2	0	1	290	918	3680	Barcelona, V Catalunya	010
@Christo45046444	<a href="https://twitter.com/Christo45046444" target="_blank">Christo45046444</a>	15	0	8	1780	3301	66438	Canberra, Australian Capital Territory	002
@chulete	<a href="https://twitter.com/chulete" target="_blank">chulete</a>	4	0	1	152	263	1246		010
@chuslleida	<a href="https://twitter.com/chuslleida" target="_blank">chuslleida</a>	12	0	1	385	1083	11713	Torrelameu	018
@Ciclismo2005	<a href="https://twitter.com/Ciclismo2005" target="_blank">Ciclismo2005</a>	1	0	1	11632	562	127767	Former Austro-Hungarian Empire	010
@cincoeles	<a href="https://twitter.com/cincoeles" target="_blank">cincoeles</a>	6	0	1	170	482	1687		010
@ciocat27S	<a href="https://twitter.com/ciocat27S" target="_blank">ciocat27S</a>	4	0	1	690	1159	31259	futura Republica Catalana	010
@circdetarragona	<a href="https://twitter.com/circdetarragona" target="_blank">circdetarragona</a>	0	1	0					250
@clara_jorquera	<a href="https://twitter.com/clara_jorquera" target="_blank">clara_jorquera</a>	4	0	1	1349	743	13893	Barcelona, Països Catalans. ☭♀	010
@clara_teoya	<a href="https://twitter.com/clara_teoya" target="_blank">clara_teoya</a>	2	0	1	0	16	144	Barcelona	010
@clarafelis	<a href="https://twitter.com/clarafelis" target="_blank">clarafelis</a>	1	0	1	1452	1837	20839	Madrid	117
@clarquinyol	<a href="https://twitter.com/clarquinyol" target="_blank">clarquinyol</a>	1	0	1	157	634	1510	Catalunya	010
@claudia_mena4	<a href="https://twitter.com/claudia_mena4" target="_blank">claudia_mena4</a>	1	0	1	91	205	1043	Barcelona	010
@ClaudiaFurriols	<a href="https://twitter.com/ClaudiaFurriols" target="_blank">ClaudiaFurriols</a>	3	0	1	164	536	879		010
@climentcc	<a href="https://twitter.com/climentcc" target="_blank">climentcc</a>	5	0	1	274	503	2173		010
@ClotDecideix	<a href="https://twitter.com/ClotDecideix" target="_blank">ClotDecideix</a>	11	1	0	982	213	804	el Camp de l'Arpa del Clot	249
@cmentxu	<a href="https://twitter.com/cmentxu" target="_blank">cmentxu</a>	13	0	1	472	726	18442	Catalunya	010
@cmnoya60	<a href="https://twitter.com/cmnoya60" target="_blank">cmnoya60</a>	2	0	1	452	1031	3291		004
@CobetEnric	<a href="https://twitter.com/CobetEnric" target="_blank">CobetEnric</a>	8	0	1	131	137	28843		080
@cojocabrado	<a href="https://twitter.com/cojocabrado" target="_blank">cojocabrado</a>	1	0	1	545	1147	11175		010
@CollectiuEmma	<a href="https://twitter.com/CollectiuEmma" target="_blank">CollectiuEmma</a>	16	0	1	15151	1204	40477	Sant Joan de les Abadesses	010
@ColomeRCRH1889	<a href="https://twitter.com/ColomeRCRH1889" target="_blank">ColomeRCRH1889</a>	1	0	1	242	155	13763	Vilafranca del Penedès, España	010
@comanec	<a href="https://twitter.com/comanec" target="_blank">comanec</a>	17	0	3	478	537	29248	Súria	002
@ComarquesPonent	<a href="https://twitter.com/ComarquesPonent" target="_blank">ComarquesPonent</a>	2	0	1	3390	793	10141	Tàrrega	157
@ComasCulub	<a href="https://twitter.com/ComasCulub" target="_blank">ComasCulub</a>	21	0	1	1051	1824	10448	Girona	108
@ComLluis	<a href="https://twitter.com/ComLluis" target="_blank">ComLluis</a>	2	0	1	654	1469	4678	Catalunya	011
@CompteHola	<a href="https://twitter.com/CompteHola" target="_blank">CompteHola</a>	2	0	1	25	211	332	Girona, Catalunya	054
@comptesnosurten	<a href="https://twitter.com/comptesnosurten" target="_blank">comptesnosurten</a>	2	0	1	428	771	1647		092
@ComunistesPelSi	<a href="https://twitter.com/ComunistesPelSi" target="_blank">ComunistesPelSi</a>	2	0	1	738	880	547	Catalunya	004
@CongostNil	<a href="https://twitter.com/CongostNil" target="_blank">CongostNil</a>	1	0	1	83	151	373	Barcelona, Cataluña	010
@consolrobles	<a href="https://twitter.com/consolrobles" target="_blank">consolrobles</a>	4	0	2	444	1603	4739	Catalunya	012
@conspirator0	<a href="https://twitter.com/conspirator0" target="_blank">conspirator0</a>	3	1	0	19462	2314	12477	USA (somewhere in time)	248
@ConstantiMic	<a href="https://twitter.com/ConstantiMic" target="_blank">ConstantiMic</a>	16	0	1	255	784	10789	Vilanova i la Geltrú	010
@contratemps	<a href="https://twitter.com/contratemps" target="_blank">contratemps</a>	2	0	1	553	1153	24392	Lloret de Mar, Catalunya	010
@Control_REC	<a href="https://twitter.com/Control_REC" target="_blank">Control_REC</a>	1	2	0	996	9	985	pàgina no oficial	158
@conxita_avila	<a href="https://twitter.com/conxita_avila" target="_blank">conxita_avila</a>	22	0	3	242	193	26158		018
@CoopCatCentral	<a href="https://twitter.com/CoopCatCentral" target="_blank">CoopCatCentral</a>	1	0	1	527	260	921	Catalunya Central	092
@Cooper_Morris	<a href="https://twitter.com/Cooper_Morris" target="_blank">Cooper_Morris</a>	8	0	1	1090	2796	21155	Llagostera	080
@coralpiu	<a href="https://twitter.com/coralpiu" target="_blank">coralpiu</a>	2	0	1	879	1184	5792	Freiburg im Breisgau-Barcelona	041
@cosetano2	<a href="https://twitter.com/cosetano2" target="_blank">cosetano2</a>	9	0	1	180	265	8868		026
@cosmebcn	<a href="https://twitter.com/cosmebcn" target="_blank">cosmebcn</a>	3	0	1	862	1272	15512		015
@CostaBravaToday	<a href="https://twitter.com/CostaBravaToday" target="_blank">CostaBravaToday</a>	31	0	1	30824	4379	13554	Catalonia, Spain	010
@COSTAMARTA10	<a href="https://twitter.com/COSTAMARTA10" target="_blank">COSTAMARTA10</a>	41	0	1	861	461	111015	Barcelona- Catalunya	055
@crackdel2012	<a href="https://twitter.com/crackdel2012" target="_blank">crackdel2012</a>	10	0	2	59	109	3025	Barcelona, Catalunya	019
@CrancRoquer	<a href="https://twitter.com/CrancRoquer" target="_blank">CrancRoquer</a>	2	0	1	836	1343	5611	Catalonia (my country)	010
@crema_catalana	<a href="https://twitter.com/crema_catalana" target="_blank">crema_catalana</a>	1	0	1	68	181	454	Barcelona	112
@CridaDemocracia	<a href="https://twitter.com/CridaDemocracia" target="_blank">CridaDemocracia</a>	13	0	1	118056	5684	6374		004
@CRIS_taconassos	<a href="https://twitter.com/CRIS_taconassos" target="_blank">CRIS_taconassos</a>	4	1	1	4622	2292	75076	Catalunya	023
@crisgib	<a href="https://twitter.com/crisgib" target="_blank">crisgib</a>	1	0	1	449	581	1871	Barcelona	010
@CrisJ1234	<a href="https://twitter.com/CrisJ1234" target="_blank">CrisJ1234</a>	2	0	1	94	109	11966		005
@crisortegar	<a href="https://twitter.com/crisortegar" target="_blank">crisortegar</a>	3	0	1	757	1119	16617	Catalunya	010
@crisroga1	<a href="https://twitter.com/crisroga1" target="_blank">crisroga1</a>	6	0	1	217	725	1542	Catalunya Tram 65-1	010
@Crissrocabert	<a href="https://twitter.com/Crissrocabert" target="_blank">Crissrocabert</a>	1	0	1	4	72	39		010
@cristina_azorin	<a href="https://twitter.com/cristina_azorin" target="_blank">cristina_azorin</a>	1	0	1	106	194	579	Les Franqueses del Vallès	251
@Cristina_Roure	<a href="https://twitter.com/Cristina_Roure" target="_blank">Cristina_Roure</a>	3	0	1	77	95	1589	Barcelona, Catalonia	010
@Cristinacrisc	<a href="https://twitter.com/Cristinacrisc" target="_blank">Cristinacrisc</a>	9	0	1	17	123	1274		010
@cristinaisanta	<a href="https://twitter.com/cristinaisanta" target="_blank">cristinaisanta</a>	31	0	1	290	626	17454	Sant Sadurní d'Anoia	010
@cristinalosant1	<a href="https://twitter.com/cristinalosant1" target="_blank">cristinalosant1</a>	3	92	0	269	201	358		002
@cristinasamped1	<a href="https://twitter.com/cristinasamped1" target="_blank">cristinasamped1</a>	19	0	1	1402	2171	68528		124
@Cristtina_5	<a href="https://twitter.com/Cristtina_5" target="_blank">Cristtina_5</a>	1	0	1	48	105	101		010
@CRTinoco	<a href="https://twitter.com/CRTinoco" target="_blank">CRTinoco</a>	4	0	1	92	240	4174		013
@csa12	<a href="https://twitter.com/csa12" target="_blank">csa12</a>	5	0	1	285	580	18750	Navarcles	085
@CSPichel	<a href="https://twitter.com/CSPichel" target="_blank">CSPichel</a>	0	1	0					233
@cspozon	<a href="https://twitter.com/cspozon" target="_blank">cspozon</a>	4	0	1	60	577	122		010
@CuestaMonica	<a href="https://twitter.com/CuestaMonica" target="_blank">CuestaMonica</a>	1	0	1	32	76	386		010
@cupbanyoles	<a href="https://twitter.com/cupbanyoles" target="_blank">cupbanyoles</a>	5	0	3	1572	659	4687	Banyoles (Països Catalans)	017
@CUPBarcelona	<a href="https://twitter.com/CUPBarcelona" target="_blank">CUPBarcelona</a>	7	0	1	19446	1580	32803	Barcelona	139
@CUPdeVilanova	<a href="https://twitter.com/CUPdeVilanova" target="_blank">CUPdeVilanova</a>	19	0	1	3113	2015	6685	Vilanova i la Geltrú, PPCC	076
@CUPGirona	<a href="https://twitter.com/CUPGirona" target="_blank">CUPGirona</a>	13	2	0	6749	2150	30543	Girona, Països Catalans	141
@CUPReus	<a href="https://twitter.com/CUPReus" target="_blank">CUPReus</a>	3	1	0	4159	1038	10321	Reus, Països Catalans	229
@CUPSantCeloni	<a href="https://twitter.com/CUPSantCeloni" target="_blank">CUPSantCeloni</a>	0	1	0					228
@CUPSVH	<a href="https://twitter.com/CUPSVH" target="_blank">CUPSVH</a>	4	0	1	547	389	1132		017
@Cuyi_7500	<a href="https://twitter.com/Cuyi_7500" target="_blank">Cuyi_7500</a>	2	0	1	233	490	1281	En medio de ";" , "()" y "{}"	010
@CyanLemonTree	<a href="https://twitter.com/CyanLemonTree" target="_blank">CyanLemonTree</a>	0	2	0					008
@D_Granero	<a href="https://twitter.com/D_Granero" target="_blank">D_Granero</a>	1	0	1	59	195	465	Bcn	010
@da2010lleida	<a href="https://twitter.com/da2010lleida" target="_blank">da2010lleida</a>	14	0	1	2865	3300	95593	Girona, Catalunya	010
@dacaru78	<a href="https://twitter.com/dacaru78" target="_blank">dacaru78</a>	2	0	1	122	275	2460		122
@Dachopo	<a href="https://twitter.com/Dachopo" target="_blank">Dachopo</a>	1	0	1	85	527	2033	Barcelona-Cornellà, Catalunya	010
@dada_ricart	<a href="https://twitter.com/dada_ricart" target="_blank">dada_ricart</a>	1	0	1	201	401	588	Vilanova i la Geltrú	092
@dadma2010	<a href="https://twitter.com/dadma2010" target="_blank">dadma2010</a>	16	1	0	848	1840	28810		222
@DaliEnfurismada	<a href="https://twitter.com/DaliEnfurismada" target="_blank">DaliEnfurismada</a>	34	0	2	611	699	47271	Badalona	010
@Dalinga	<a href="https://twitter.com/Dalinga" target="_blank">Dalinga</a>	1	0	1	54	176	868	Barcelona	010
@danianguren	<a href="https://twitter.com/danianguren" target="_blank">danianguren</a>	2	0	1	152	103	2916	Barcelona	010
@danicfo	<a href="https://twitter.com/danicfo" target="_blank">danicfo</a>	9	0	1	2226	2470	31136	Barcelona, Catalunya	010
@danicornella	<a href="https://twitter.com/danicornella" target="_blank">danicornella</a>	8	2	0	1733	1300	3265	Celrà	161
@daniel_cat	<a href="https://twitter.com/daniel_cat" target="_blank">daniel_cat</a>	1	0	1	124	431	1347	Barcelona, Catalonia	089
@danielbetoret	<a href="https://twitter.com/danielbetoret" target="_blank">danielbetoret</a>	13	0	1	791	604	9109	Alacant	010
@DanielFerrer23	<a href="https://twitter.com/DanielFerrer23" target="_blank">DanielFerrer23</a>	1	0	1	71	161	819		010
@DaniSarda65	<a href="https://twitter.com/DaniSarda65" target="_blank">DaniSarda65</a>	18	0	1	316	821	35941	Esparreguera, Països Catalans	060
@DaniSerranoB	<a href="https://twitter.com/DaniSerranoB" target="_blank">DaniSerranoB</a>	7	0	1	68	248	3555	Vilassar de mar	186
@Daraque1899	<a href="https://twitter.com/Daraque1899" target="_blank">Daraque1899</a>	4	0	1	291	1924	6547	Desde el cielo gatuno	010
@DariusDomingo	<a href="https://twitter.com/DariusDomingo" target="_blank">DariusDomingo</a>	1	0	1	147	621	3476	CATALUNYA. REPUBLICA INDEP	094
@dasansol92	<a href="https://twitter.com/dasansol92" target="_blank">dasansol92</a>	1	0	1	81	113	145	Santa Cristina d'Aro, Cataluña	010
@DateNoRyuu	<a href="https://twitter.com/DateNoRyuu" target="_blank">DateNoRyuu</a>	2	0	1	228	498	83042	||*|| Catalunya	137
@david_aristegui	<a href="https://twitter.com/david_aristegui" target="_blank">david_aristegui</a>	3	0	1	1506	1460	20496	Madrid	191
@David_Corral_	<a href="https://twitter.com/David_Corral_" target="_blank">David_Corral_</a>	4	0	1	37	87	1630		010
@david_drg	<a href="https://twitter.com/david_drg" target="_blank">david_drg</a>	3	0	2	1650	1511	4189	Solsona	008
@david97163606	<a href="https://twitter.com/david97163606" target="_blank">david97163606</a>	1	0	1	218	3529	860	Barcelona	010
@davidberga	<a href="https://twitter.com/davidberga" target="_blank">davidberga</a>	5	0	1	970	1892	14355	Catalonia	121
@DavidCamps5	<a href="https://twitter.com/DavidCamps5" target="_blank">DavidCamps5</a>	2	0	1	212	717	2157	Girona	101
@DavidCLGA	<a href="https://twitter.com/DavidCLGA" target="_blank">DavidCLGA</a>	0	3	0					122
@davidegea	<a href="https://twitter.com/davidegea" target="_blank">davidegea</a>	5	0	1	4448	894	93401	Sant Andreu-Terrassa-CATALUNYA	010
@DavidFargas	<a href="https://twitter.com/DavidFargas" target="_blank">DavidFargas</a>	5	0	1	399	1168	4071	Catalunya	010
@davidmartib	<a href="https://twitter.com/davidmartib" target="_blank">davidmartib</a>	1	0	1	484	1536	4626	La Llacuna	001
@DavidMasRosello	<a href="https://twitter.com/DavidMasRosello" target="_blank">DavidMasRosello</a>	2	0	1	242	672	1016	Celrà, Catalunya	010
@davidpich	<a href="https://twitter.com/davidpich" target="_blank">davidpich</a>	32	1	0	2813	2739	32866	Barcelona, Catalonia	154
@davidreus91	<a href="https://twitter.com/davidreus91" target="_blank">davidreus91</a>	2	0	1	490	894	7123	Reus, Països Catalans	097
@davidriera	<a href="https://twitter.com/davidriera" target="_blank">davidriera</a>	2	0	1	160	343	3693		010
@DavidTrePe	<a href="https://twitter.com/DavidTrePe" target="_blank">DavidTrePe</a>	2	0	1	110	600	579		010
@DavidVargasMo	<a href="https://twitter.com/DavidVargasMo" target="_blank">DavidVargasMo</a>	11	1	0	1062	1958	35055	Badalona	219
@DavidVitali	<a href="https://twitter.com/DavidVitali" target="_blank">DavidVitali</a>	2	0	1	2050	1156	13813	Capellades. Països Catalans.	113
@DavidXIGG	<a href="https://twitter.com/DavidXIGG" target="_blank">DavidXIGG</a>	4	0	1	303	787	21342	Castilla	010
@dbarroso	<a href="https://twitter.com/dbarroso" target="_blank">dbarroso</a>	3	0	1	699	1775	6181	Catalonia	001
@DCastanye	<a href="https://twitter.com/DCastanye" target="_blank">DCastanye</a>	0	1	0					218
@dcruzf	<a href="https://twitter.com/dcruzf" target="_blank">dcruzf</a>	3	0	1	523	1364	3225	Barcelona, Europa	017
@DCS_58	<a href="https://twitter.com/DCS_58" target="_blank">DCS_58</a>	13	0	1	2205	1362	88777	Sarrià (Barcelona-Catalonia)	018
@dcuenta	<a href="https://twitter.com/dcuenta" target="_blank">dcuenta</a>	0	2	0					148
@DeantaKiku	<a href="https://twitter.com/DeantaKiku" target="_blank">DeantaKiku</a>	2	0	1	56	162	4373		010
@deBCNalmundo	<a href="https://twitter.com/deBCNalmundo" target="_blank">deBCNalmundo</a>	4	0	1	122	580	10173		010
@DeborahZimmerm	<a href="https://twitter.com/DeborahZimmerm" target="_blank">DeborahZimmerm</a>	3	0	1	226	141	495	Vilanova i la Geltrú, España	126
@deifgiri	<a href="https://twitter.com/deifgiri" target="_blank">deifgiri</a>	3	0	1	375	383	7316	Republic of Catalonia	010
@demeterkrm	<a href="https://twitter.com/demeterkrm" target="_blank">demeterkrm</a>	1	0	1	47	484	3361	Barcelona	010
@DemocraciaEtsav	<a href="https://twitter.com/DemocraciaEtsav" target="_blank">DemocraciaEtsav</a>	0	6	0					085
@DemocratesLleid	<a href="https://twitter.com/DemocratesLleid" target="_blank">DemocratesLleid</a>	8	0	1	161	276	488	Lleida, Catalunya	018
@DenebGabe	<a href="https://twitter.com/DenebGabe" target="_blank">DenebGabe</a>	1	2	0	3068	2826	13271	República Catalana	010
@denterd	<a href="https://twitter.com/denterd" target="_blank">denterd</a>	9	0	1	9160	259	33021	Genève (Suisse)	018
@Der_Betrachter_	<a href="https://twitter.com/Der_Betrachter_" target="_blank">Der_Betrachter_</a>	19	0	1	222	202	8193	República De Catalunya y Arán	010
@DespertaFerro11	<a href="https://twitter.com/DespertaFerro11" target="_blank">DespertaFerro11</a>	50	0	1	501	1378	27882		058
@destret	<a href="https://twitter.com/destret" target="_blank">destret</a>	2	0	1	1635	930	2888		002
@DeTorre6	<a href="https://twitter.com/DeTorre6" target="_blank">DeTorre6</a>	6	0	5	52	224	3157		002
@Dew231973	<a href="https://twitter.com/Dew231973" target="_blank">Dew231973</a>	15	1	1	374	1409	3973	República de Catalunya	154
@dfbensonguiu	<a href="https://twitter.com/dfbensonguiu" target="_blank">dfbensonguiu</a>	1	0	1	286	386	2909	Dunedin	010
@Dianasilva_14	<a href="https://twitter.com/Dianasilva_14" target="_blank">Dianasilva_14</a>	1	0	1	103	339	305	Gelida, Cataluña	010
@dictam_	<a href="https://twitter.com/dictam_" target="_blank">dictam_</a>	3	0	1	10	123	361		121
@diridamdiridu	<a href="https://twitter.com/diridamdiridu" target="_blank">diridamdiridu</a>	5	0	1	199	767	1896	un lugar llamado mundo	010
@divided23	<a href="https://twitter.com/divided23" target="_blank">divided23</a>	5	0	1	441	498	19713	Barcelona, Països Catalans	010
@Djerir26	<a href="https://twitter.com/Djerir26" target="_blank">Djerir26</a>	2	0	1	2571	474	67637	Valence	230
@DjRepubliCAT	<a href="https://twitter.com/DjRepubliCAT" target="_blank">DjRepubliCAT</a>	11	0	2	5127	5222	30232	República Catalana	038
@DLopategi	<a href="https://twitter.com/DLopategi" target="_blank">DLopategi</a>	2	0	1	1464	864	13343	Bilbotarra	132
@dmanzano84	<a href="https://twitter.com/dmanzano84" target="_blank">dmanzano84</a>	2	0	1	530	510	5009	Solsona	008
@dmestre1	<a href="https://twitter.com/dmestre1" target="_blank">dmestre1</a>	2	3	0	736	991	2348	Catalunya	114
@dmsuareza	<a href="https://twitter.com/dmsuareza" target="_blank">dmsuareza</a>	1	0	1	514	1534	3660	Barcelona, España	025
@DN_argent	<a href="https://twitter.com/DN_argent" target="_blank">DN_argent</a>	14	0	1	204	144	6639	Catalunya	010
@DoctorPipa	<a href="https://twitter.com/DoctorPipa" target="_blank">DoctorPipa</a>	6	0	1	870	2469	35957	221B Baker Street, TARDIS	010
@Dolors63	<a href="https://twitter.com/Dolors63" target="_blank">Dolors63</a>	25	0	1	3360	1217	112503	Catalunya	086
@DolorsTorrelles	<a href="https://twitter.com/DolorsTorrelles" target="_blank">DolorsTorrelles</a>	5	0	1	90	168	1735		010
@Dom70Bcn	<a href="https://twitter.com/Dom70Bcn" target="_blank">Dom70Bcn</a>	12	0	1	3923	3288	117799	Barcelona	005
@domenech_lluis	<a href="https://twitter.com/domenech_lluis" target="_blank">domenech_lluis</a>	77	0	2	950	2902	29578		010
@dontxomin	<a href="https://twitter.com/dontxomin" target="_blank">dontxomin</a>	4	0	3	193	384	20074	Euskaldun garbien zerutik.	010
@dora_nicoletta	<a href="https://twitter.com/dora_nicoletta" target="_blank">dora_nicoletta</a>	32	0	2	13074	11179	255114	Barcelona, Catalunya	005
@dorobitg	<a href="https://twitter.com/dorobitg" target="_blank">dorobitg</a>	2	0	1	362	606	1671		011
@dpanxeta	<a href="https://twitter.com/dpanxeta" target="_blank">dpanxeta</a>	2	0	1	966	123	23879	Països Catalans	010
@dpuigs	<a href="https://twitter.com/dpuigs" target="_blank">dpuigs</a>	3	0	1	128	202	1874	Barcelona	010
@dpuli96	<a href="https://twitter.com/dpuli96" target="_blank">dpuli96</a>	2	0	1	76	86	3952	Figueres | Girona	010
@dpunti1984	<a href="https://twitter.com/dpunti1984" target="_blank">dpunti1984</a>	2	1	1	30	185	357	Girona	258
@Dr_Esterichia	<a href="https://twitter.com/Dr_Esterichia" target="_blank">Dr_Esterichia</a>	10	0	1	235	360	12018	marsella	090
@dractrek	<a href="https://twitter.com/dractrek" target="_blank">dractrek</a>	6	0	1	330	3023	3836	Cervera, Espanya	010
@DraRubioMayol	<a href="https://twitter.com/DraRubioMayol" target="_blank">DraRubioMayol</a>	31	2	0	861	1304	33770	La Selva del Camp	020
@DrRaulDM	<a href="https://twitter.com/DrRaulDM" target="_blank">DrRaulDM</a>	6	0	1	1404	618	8016	República de Catalunya	010
@dsamblas	<a href="https://twitter.com/dsamblas" target="_blank">dsamblas</a>	8	2	0	472	363	29191	somewhere over the rainbow	032
@dvallss	<a href="https://twitter.com/dvallss" target="_blank">dvallss</a>	0	2	0					160
@dvilgon	<a href="https://twitter.com/dvilgon" target="_blank">dvilgon</a>	1	0	1	196	316	2147	Barcelona, Espanya	010
@dwebos	<a href="https://twitter.com/dwebos" target="_blank">dwebos</a>	1	0	1	2002	3172	9291	Principality of Andorra II*II  1-0	018
@eajpnveibar	<a href="https://twitter.com/eajpnveibar" target="_blank">eajpnveibar</a>	1	0	1	444	252	2174	Eibar, Gipuzkoa.	125
@eajpnverrenteri	<a href="https://twitter.com/eajpnverrenteri" target="_blank">eajpnverrenteri</a>	3	0	1	160	109	186	ERRENTERIA	125
@eajpnvgipuzkoa	<a href="https://twitter.com/eajpnvgipuzkoa" target="_blank">eajpnvgipuzkoa</a>	2	3	0	1607	176	6345	Gipuzkoa	125
@eba70	<a href="https://twitter.com/eba70" target="_blank">eba70</a>	17	0	2	1457	1516	42279		041
@EBPidesign	<a href="https://twitter.com/EBPidesign" target="_blank">EBPidesign</a>	9	0	1	53	59	10528	Catalunya	160
@edllro1971	<a href="https://twitter.com/edllro1971" target="_blank">edllro1971</a>	2	0	1	181	1101	3406		101
@EDMANUEL1234	<a href="https://twitter.com/EDMANUEL1234" target="_blank">EDMANUEL1234</a>	21	0	1	1227	2129	28836	BARCELONA	010
@Eduard_Argerich	<a href="https://twitter.com/Eduard_Argerich" target="_blank">Eduard_Argerich</a>	3	0	1	33	59	917	Navès, Cataluña	010
@EduardBiosca	<a href="https://twitter.com/EduardBiosca" target="_blank">EduardBiosca</a>	4	0	1	1649	587	5734	Terrassa, Espanya	082
@eduardcabus	<a href="https://twitter.com/eduardcabus" target="_blank">eduardcabus</a>	4	1	1	14503	5921	82460		001
@eduardereza	<a href="https://twitter.com/eduardereza" target="_blank">eduardereza</a>	4	0	1	393	124	1461	Barcelona, Catalunya	010
@eduardfuertes	<a href="https://twitter.com/eduardfuertes" target="_blank">eduardfuertes</a>	1	0	1	200	482	10907	Catalunya (Caldes de Montbui)	010
@EduardHerrmann	<a href="https://twitter.com/EduardHerrmann" target="_blank">EduardHerrmann</a>	1	0	1	188	387	1279		010
@eduardperez2008	<a href="https://twitter.com/eduardperez2008" target="_blank">eduardperez2008</a>	5	1	0	180	358	18872	Vallirana, Catalunya	208
@eduardrob	<a href="https://twitter.com/eduardrob" target="_blank">eduardrob</a>	2	0	1	583	936	1789	la Sénia	010
@Educastellvi	<a href="https://twitter.com/Educastellvi" target="_blank">Educastellvi</a>	1	0	1	132	391	859	Bristol	010
@Edudh68	<a href="https://twitter.com/Edudh68" target="_blank">Edudh68</a>	3	0	1	9	214	204		010
@edulartzanguren	<a href="https://twitter.com/edulartzanguren" target="_blank">edulartzanguren</a>	1	0	1	1956	436	15892	Euskal Herria	104
@eduofir	<a href="https://twitter.com/eduofir" target="_blank">eduofir</a>	1	0	1	208	374	4830		082
@EduScissorhands	<a href="https://twitter.com/EduScissorhands" target="_blank">EduScissorhands</a>	5	0	2	338	1087	17919	Gavà	050
@eduyardo	<a href="https://twitter.com/eduyardo" target="_blank">eduyardo</a>	0	1	0					207
@egarriga	<a href="https://twitter.com/egarriga" target="_blank">egarriga</a>	3	0	1	1488	1214	33296	Vilanova	126
@egejo_eva	<a href="https://twitter.com/egejo_eva" target="_blank">egejo_eva</a>	1	0	1	42	73	517	Terres de l'Ebre	010
@EGruyere	<a href="https://twitter.com/EGruyere" target="_blank">EGruyere</a>	1	0	1	320	742	8149	Pequín i Pocón	010
@EGuruzeaga	<a href="https://twitter.com/EGuruzeaga" target="_blank">EGuruzeaga</a>	1	0	1	1042	894	13113	Aia, Euskal Herria	010
@ehbildubizkaia	<a href="https://twitter.com/ehbildubizkaia" target="_blank">ehbildubizkaia</a>	8	2	0	2621	773	18707	Bizkaia	132
@ehbildustz	<a href="https://twitter.com/ehbildustz" target="_blank">ehbildustz</a>	0	1	0					206
@Ei_h_ar	<a href="https://twitter.com/Ei_h_ar" target="_blank">Ei_h_ar</a>	1	0	1	498	762	3791		010
@eihek	<a href="https://twitter.com/eihek" target="_blank">eihek</a>	7	0	1	492	316	6800	Barcelona	010
@eipisha	<a href="https://twitter.com/eipisha" target="_blank">eipisha</a>	1	0	1	59	86	128	Vilafranca del penedès	010
@Eiximena	<a href="https://twitter.com/Eiximena" target="_blank">Eiximena</a>	7	0	1	733	925	83744		010
@ejidalgo	<a href="https://twitter.com/ejidalgo" target="_blank">ejidalgo</a>	2	0	1	143	268	2698	Barcelona, Cataluña	052
@ek0d3	<a href="https://twitter.com/ek0d3" target="_blank">ek0d3</a>	2	0	1	4	22	118	Catalunya	010
@EkhiErremundegi	<a href="https://twitter.com/EkhiErremundegi" target="_blank">EkhiErremundegi</a>	5	0	1	2733	617	24369	Baiona | Euskal Herria	010
@EL9NOU_VOr	<a href="https://twitter.com/EL9NOU_VOr" target="_blank">EL9NOU_VOr</a>	18	0	1	14178	1692	55243	Vallès Oriental	091
@ELAsindikatua	<a href="https://twitter.com/ELAsindikatua" target="_blank">ELAsindikatua</a>	9	0	1	5312	887	25046	Euskal Herria	253
@elcamifapujada	<a href="https://twitter.com/elcamifapujada" target="_blank">elcamifapujada</a>	3	0	1	781	1127	34226		120
@eldelmaleti	<a href="https://twitter.com/eldelmaleti" target="_blank">eldelmaleti</a>	9	0	1	276	727	12034	Catalonia, an European State	089
@elenamoreno70	<a href="https://twitter.com/elenamoreno70" target="_blank">elenamoreno70</a>	2	0	1	158	291	2541	Terrassa	010
@elfonti	<a href="https://twitter.com/elfonti" target="_blank">elfonti</a>	15	0	1	139	206	24757		135
@Elihuguet	<a href="https://twitter.com/Elihuguet" target="_blank">Elihuguet</a>	1	0	1	186	294	7524		027
@elisabethoj	<a href="https://twitter.com/elisabethoj" target="_blank">elisabethoj</a>	9	3	0	1081	1053	4145	Sant Quirze del Vallès	119
@ElisabethSolCar	<a href="https://twitter.com/ElisabethSolCar" target="_blank">ElisabethSolCar</a>	32	0	2	401	371	13186		010
@elisabetpa2	<a href="https://twitter.com/elisabetpa2" target="_blank">elisabetpa2</a>	1	0	1	1004	1166	10891	Sabadell	010
@elisendacat	<a href="https://twitter.com/elisendacat" target="_blank">elisendacat</a>	1	0	1	852	1474	8229		088
@ElisendaPerez	<a href="https://twitter.com/ElisendaPerez" target="_blank">ElisendaPerez</a>	2	16	0	648	420	1729	Calonge - Sant Antoni	027
@ElisendaTF	<a href="https://twitter.com/ElisendaTF" target="_blank">ElisendaTF</a>	1	0	1	497	569	4250	Camp de Tarragona	151
@elizabe95815732	<a href="https://twitter.com/elizabe95815732" target="_blank">elizabe95815732</a>	4	0	1	645	234	87893	Scotland	174
@elizabeth_r_bcn	<a href="https://twitter.com/elizabeth_r_bcn" target="_blank">elizabeth_r_bcn</a>	10	0	1	261	931	5624	La Vila del Pingüí	058
@elliotfrombcn	<a href="https://twitter.com/elliotfrombcn" target="_blank">elliotfrombcn</a>	2	0	1	767	1635	28216	Barcelona / Flix 4ever / Norge	010
@EloEulalia	<a href="https://twitter.com/EloEulalia" target="_blank">EloEulalia</a>	1	0	1	11	51	388		010
@elpiani	<a href="https://twitter.com/elpiani" target="_blank">elpiani</a>	8	0	1	500	422	48879	Barcelona	004
@Elquefaltaba5	<a href="https://twitter.com/Elquefaltaba5" target="_blank">Elquefaltaba5</a>	4	0	1	5	110	852	Francia	010
@elsegol	<a href="https://twitter.com/elsegol" target="_blank">elsegol</a>	2	0	1	201	671	3769		015
@ElSenyorRamon	<a href="https://twitter.com/ElSenyorRamon" target="_blank">ElSenyorRamon</a>	7	0	1	64	74	13793	Camí de l'espai exterior	010
@eltroalfred	<a href="https://twitter.com/eltroalfred" target="_blank">eltroalfred</a>	5	0	1	56	226	2139	Andorra	010
@elvira4559236	<a href="https://twitter.com/elvira4559236" target="_blank">elvira4559236</a>	2	0	1	47	174	1853		026
@Elxiquetdesanfe	<a href="https://twitter.com/Elxiquetdesanfe" target="_blank">Elxiquetdesanfe</a>	6	0	1	202	671	20989		010
@emiaguilar	<a href="https://twitter.com/emiaguilar" target="_blank">emiaguilar</a>	3	0	1	33	111	1046	El Escorial	010
@emilialbo	<a href="https://twitter.com/emilialbo" target="_blank">emilialbo</a>	1	0	1	330	706	1999	Sant Feliu de Guixols	010
@EmmaCid26	<a href="https://twitter.com/EmmaCid26" target="_blank">EmmaCid26</a>	1	0	1	47	137	61		009
@emmallado	<a href="https://twitter.com/emmallado" target="_blank">emmallado</a>	7	0	2	331	1208	7888		001
@emolotrab_	<a href="https://twitter.com/emolotrab_" target="_blank">emolotrab_</a>	4	0	1	480	548	2668		061
@EmpesCAT	<a href="https://twitter.com/EmpesCAT" target="_blank">EmpesCAT</a>	5	0	1	735	983	54787	Catalunya	010
@EmswilerLluci	<a href="https://twitter.com/EmswilerLluci" target="_blank">EmswilerLluci</a>	12	0	1	54	362	3835	Sabadell	010
@enaltg	<a href="https://twitter.com/enaltg" target="_blank">enaltg</a>	1	0	1	1134	1737	13405	Granollers-Olot-PPCC	055
@encametes	<a href="https://twitter.com/encametes" target="_blank">encametes</a>	1	0	1	201	146	1732	Figueres	069
@EncarnaMagin	<a href="https://twitter.com/EncarnaMagin" target="_blank">EncarnaMagin</a>	14	0	1	2188	2201	44717	Girona	010
@encarnita111	<a href="https://twitter.com/encarnita111" target="_blank">encarnita111</a>	4	0	1	4	151	354		010
@EnCharles_98	<a href="https://twitter.com/EnCharles_98" target="_blank">EnCharles_98</a>	14	0	1	275	261	13841	Olot, Catalunya	010
@Encoberts	<a href="https://twitter.com/Encoberts" target="_blank">Encoberts</a>	27	0	2	628	1505	52997	Xàtiva	015
@Endavant_OSAN	<a href="https://twitter.com/Endavant_OSAN" target="_blank">Endavant_OSAN</a>	3	0	1	11709	1273	26493	Països Catalans	013
@Endavant_Valles	<a href="https://twitter.com/Endavant_Valles" target="_blank">Endavant_Valles</a>	2	0	1	1125	673	4395	Vallès Occidental	236
@EnekoTxarroalde	<a href="https://twitter.com/EnekoTxarroalde" target="_blank">EnekoTxarroalde</a>	1	0	1	144	213	5993	Getxo/Lizarra, Euskal Herria	010
@Enfandilada2012	<a href="https://twitter.com/Enfandilada2012" target="_blank">Enfandilada2012</a>	5	0	1	1196	3548	58476		026
@engarreta	<a href="https://twitter.com/engarreta" target="_blank">engarreta</a>	1	0	1	1069	1484	15024		148
@EnigmaheartTrue	<a href="https://twitter.com/EnigmaheartTrue" target="_blank">EnigmaheartTrue</a>	18	0	1	3133	3490	62986	T708CatalunyaV_T6F8#9N2014#27S	010
@enRafelG	<a href="https://twitter.com/enRafelG" target="_blank">enRafelG</a>	20	0	2	1818	1976	81434	CATALUNYA	058
@enric_creus	<a href="https://twitter.com/enric_creus" target="_blank">enric_creus</a>	0	1	0					196
@Enricconesa	<a href="https://twitter.com/Enricconesa" target="_blank">Enricconesa</a>	1	0	1	135	524	1394		010
@EnricEspelt	<a href="https://twitter.com/EnricEspelt" target="_blank">EnricEspelt</a>	0	1	0					194
@enricolive	<a href="https://twitter.com/enricolive" target="_blank">enricolive</a>	2	1	0	991	481	4405		010
@enricsimo	<a href="https://twitter.com/enricsimo" target="_blank">enricsimo</a>	9	0	1	1548	1248	23258	Tortosa - Terres Ebre - CAT	010
@enricsimoferre	<a href="https://twitter.com/enricsimoferre" target="_blank">enricsimoferre</a>	11	0	1	270	46	13441	Tortosa -  Terres Ebre - CAT	018
@EnriqueTgn	<a href="https://twitter.com/EnriqueTgn" target="_blank">EnriqueTgn</a>	4	0	2	891	1445	36119	Tarragona. Països Catalans.	063
@ensabonat	<a href="https://twitter.com/ensabonat" target="_blank">ensabonat</a>	8	0	1	284	606	3358	Claret - Lleida - SPAIN	048
@enSergioles	<a href="https://twitter.com/enSergioles" target="_blank">enSergioles</a>	1	10	0	4608	394	19148	República de Catalunya	055
@Entzun	<a href="https://twitter.com/Entzun" target="_blank">Entzun</a>	1	0	1	421	486	17421	Girona - Catalunya	010
@EnverAzMe	<a href="https://twitter.com/EnverAzMe" target="_blank">EnverAzMe</a>	5	3	0	1447	1288	9098	Vilanova i la Geltrú	126
@eoloriki3	<a href="https://twitter.com/eoloriki3" target="_blank">eoloriki3</a>	1	0	1	60	232	911	Llavorsí, Espanya	098
@eowynonfire	<a href="https://twitter.com/eowynonfire" target="_blank">eowynonfire</a>	5	0	1	19	125	1816	Barcelona, España	010
@EPanisello94	<a href="https://twitter.com/EPanisello94" target="_blank">EPanisello94</a>	17	0	1	430	1168	6623		046
@EPascualLagunas	<a href="https://twitter.com/EPascualLagunas" target="_blank">EPascualLagunas</a>	13	0	1	430	441	42561	Barcelona. Catalunya	018
@Epicuri	<a href="https://twitter.com/Epicuri" target="_blank">Epicuri</a>	20	0	1	371	332	70112		010
@ERC_Caldes	<a href="https://twitter.com/ERC_Caldes" target="_blank">ERC_Caldes</a>	5	5	0	807	542	3232	Caldes de Montbui, Catalunya	100
@ERC_SantQuirze	<a href="https://twitter.com/ERC_SantQuirze" target="_blank">ERC_SantQuirze</a>	2	0	1	267	205	1462	Sant Quirze del Vallès	119
@ERC9B	<a href="https://twitter.com/ERC9B" target="_blank">ERC9B</a>	16	0	2	1754	3084	6805	Alloza, 47 Barcelona	030
@ercdiba	<a href="https://twitter.com/ercdiba" target="_blank">ercdiba</a>	3	0	1	2195	2213	4300		095
@ERCGava	<a href="https://twitter.com/ERCGava" target="_blank">ERCGava</a>	7	0	1	1290	2118	15894	Gavà, Catalunya, Europa	050
@erclarapita	<a href="https://twitter.com/erclarapita" target="_blank">erclarapita</a>	0	4	0					107
@ERCMontmelo	<a href="https://twitter.com/ERCMontmelo" target="_blank">ERCMontmelo</a>	1	0	1	361	861	1977	Montmeló	217
@ERCOsona	<a href="https://twitter.com/ERCOsona" target="_blank">ERCOsona</a>	31	7	0	1281	566	9679	Osona, Països Catalans	051
@ERCViladecans	<a href="https://twitter.com/ERCViladecans" target="_blank">ERCViladecans</a>	1	2	0	1745	1976	6929		007
@ERCVng	<a href="https://twitter.com/ERCVng" target="_blank">ERCVng</a>	5	0	1	1355	1022	6066	Vilanova i la Geltrú	014
@ericbertran	<a href="https://twitter.com/ericbertran" target="_blank">ericbertran</a>	5	0	1	8185	758	14556	Lloret de Mar, Catalunya	096
@EricCastel74	<a href="https://twitter.com/EricCastel74" target="_blank">EricCastel74</a>	4	1	0	3691	2734	38386	ANC Sant Andreu de Palomar	180
@EricGallardo69	<a href="https://twitter.com/EricGallardo69" target="_blank">EricGallardo69</a>	20	0	2	127	643	5711	Catalonia	010
@ErmengolLlof	<a href="https://twitter.com/ErmengolLlof" target="_blank">ErmengolLlof</a>	2	0	1	151	265	3427		057
@ernestmaragall	<a href="https://twitter.com/ernestmaragall" target="_blank">ernestmaragall</a>	1	8	0	36697	1291	6836	Barcelona-Catalunya-Europa	050
@ernestpd	<a href="https://twitter.com/ernestpd" target="_blank">ernestpd</a>	3	0	1	128	84	11067		010
@ErnestPinsap	<a href="https://twitter.com/ErnestPinsap" target="_blank">ErnestPinsap</a>	33	0	3	258	1468	41808		025
@Eroca68	<a href="https://twitter.com/Eroca68" target="_blank">Eroca68</a>	11	0	1	79	368	2125		025
@Erramun2014	<a href="https://twitter.com/Erramun2014" target="_blank">Erramun2014</a>	8	3	0	1744	469	48703	Euskal Herria	015
@esanmarti	<a href="https://twitter.com/esanmarti" target="_blank">esanmarti</a>	1	0	1	427	566	2689	Barcelona, Catalunya	010
@EscursellMarti	<a href="https://twitter.com/EscursellMarti" target="_blank">EscursellMarti</a>	1	0	1	55	234	894		010
@esgombau	<a href="https://twitter.com/esgombau" target="_blank">esgombau</a>	2	0	1	84	125	5156		010
@esolsona	<a href="https://twitter.com/esolsona" target="_blank">esolsona</a>	3	0	1	116	297	766	Barcelona	004
@Espellum1956	<a href="https://twitter.com/Espellum1956" target="_blank">Espellum1956</a>	3	0	1	5	22	270		063
@Espera1000	<a href="https://twitter.com/Espera1000" target="_blank">Espera1000</a>	38	0	3	736	838	70117	Sant Cugat -Catalonia-	010
@Espiga_14	<a href="https://twitter.com/Espiga_14" target="_blank">Espiga_14</a>	2	0	1	373	450	2796		010
@espurnaajib	<a href="https://twitter.com/espurnaajib" target="_blank">espurnaajib</a>	2	1	1	925	1541	4421	Badalona | Països Catalans	009
@Esquerra_ERC	<a href="https://twitter.com/Esquerra_ERC" target="_blank">Esquerra_ERC</a>	23	0	1	261100	100121	71232	Països Catalans	027
@Esquitx17	<a href="https://twitter.com/Esquitx17" target="_blank">Esquitx17</a>	43	0	2	3225	3159	181256	Vilanna, Girona, Catalunya	005
@Essent_huma	<a href="https://twitter.com/Essent_huma" target="_blank">Essent_huma</a>	9	0	2	133	131	13202		082
@estebaan90	<a href="https://twitter.com/estebaan90" target="_blank">estebaan90</a>	1	0	1	76	187	1313		010
@ester_alias	<a href="https://twitter.com/ester_alias" target="_blank">ester_alias</a>	21	0	1	168	215	7980		010
@esterbarril	<a href="https://twitter.com/esterbarril" target="_blank">esterbarril</a>	1	0	1	64	488	1811		010
@estermartia	<a href="https://twitter.com/estermartia" target="_blank">estermartia</a>	35	0	1	2718	4999	170294	Tortosa	010
@EsterMatali	<a href="https://twitter.com/EsterMatali" target="_blank">EsterMatali</a>	10	0	3	1497	1066	14033	Terrassa, Catalunya	041
@Esteve_Grau	<a href="https://twitter.com/Esteve_Grau" target="_blank">Esteve_Grau</a>	1	0	1	47	52	105	Catalunya	010
@Esteve_Sebastia	<a href="https://twitter.com/Esteve_Sebastia" target="_blank">Esteve_Sebastia</a>	5	0	1	642	914	14321	Catalunya-PPCC	010
@estevelg	<a href="https://twitter.com/estevelg" target="_blank">estevelg</a>	5	0	1	197	437	16436	Empordà	158
@estevemm	<a href="https://twitter.com/estevemm" target="_blank">estevemm</a>	3	0	1	241	778	1655	Granollers (Barcelona)	010
@estherbm82	<a href="https://twitter.com/estherbm82" target="_blank">estherbm82</a>	4	0	1	546	654	6682	Entre Cerdanyola i Gràcia	092
@EstherMarti8	<a href="https://twitter.com/EstherMarti8" target="_blank">EstherMarti8</a>	46	0	1	98	350	8726	el Guinardo, Barcelona	010
@EstherRomagosa	<a href="https://twitter.com/EstherRomagosa" target="_blank">EstherRomagosa</a>	1	0	1	439	654	1558	Cornellà - Barcelona	010
@esthersabo	<a href="https://twitter.com/esthersabo" target="_blank">esthersabo</a>	1	0	1	1563	619	14030	Sabadell	002
@esticmoltagust	<a href="https://twitter.com/esticmoltagust" target="_blank">esticmoltagust</a>	3	0	1	47	120	3154		004
@EstorachOtilia	<a href="https://twitter.com/EstorachOtilia" target="_blank">EstorachOtilia</a>	58	0	5	36	252	10394		010
@Estrell74618466	<a href="https://twitter.com/Estrell74618466" target="_blank">Estrell74618466</a>	2	0	1	320	927	4011		010
@EteBarcelo	<a href="https://twitter.com/EteBarcelo" target="_blank">EteBarcelo</a>	4	0	1	89	262	1286	Penedès	010
@EtorManterola	<a href="https://twitter.com/EtorManterola" target="_blank">EtorManterola</a>	8	0	1	295	557	2616	hementxe	010
@Etxetxo	<a href="https://twitter.com/Etxetxo" target="_blank">Etxetxo</a>	1	0	1	220	509	2391		125
@eugeni_r	<a href="https://twitter.com/eugeni_r" target="_blank">eugeni_r</a>	1	0	1	135	192	672		018
@EugeniMas	<a href="https://twitter.com/EugeniMas" target="_blank">EugeniMas</a>	25	0	1	198	543	29101		005
@eugenioroj	<a href="https://twitter.com/eugenioroj" target="_blank">eugenioroj</a>	1	0	1	110	219	592		010
@EulaliaSara	<a href="https://twitter.com/EulaliaSara" target="_blank">EulaliaSara</a>	11	0	1	514	531	21593	Spain	005
@Eullia90466432	<a href="https://twitter.com/Eullia90466432" target="_blank">Eullia90466432</a>	1	0	1	7	13	176	Catalunya, Espanya	010
@euroeuropa	<a href="https://twitter.com/euroeuropa" target="_blank">euroeuropa</a>	11	0	1	8737	7456	188801	1949DONEC PERFICIAM RepúbliCAT	005
@EUROLANG	<a href="https://twitter.com/EUROLANG" target="_blank">EUROLANG</a>	2	2	0	3647	1422	8969	Brussels, Truro, Barcelona.	131
@euskalduna9	<a href="https://twitter.com/euskalduna9" target="_blank">euskalduna9</a>	9	0	1	371	239	53486	Euskal Herria	132
@Eva_Gene	<a href="https://twitter.com/Eva_Gene" target="_blank">Eva_Gene</a>	7	0	1	3792	3199	59573	Vilanova de la Barca - Segrià	004
@Eva_Luna7	<a href="https://twitter.com/Eva_Luna7" target="_blank">Eva_Luna7</a>	14	0	2	597	590	52006	Catalunya	044
@eva_p_c	<a href="https://twitter.com/eva_p_c" target="_blank">eva_p_c</a>	2	0	1	652	650	1706	Sabadell, Països Catalans	057
@evaclauso	<a href="https://twitter.com/evaclauso" target="_blank">evaclauso</a>	0	71	0					080
@evaea11	<a href="https://twitter.com/evaea11" target="_blank">evaea11</a>	1	0	1	5	19	192		080
@evallory	<a href="https://twitter.com/evallory" target="_blank">evallory</a>	4	5	0	5681	601	14179	Barcelona, Catalunya	098
@EvaNetves	<a href="https://twitter.com/EvaNetves" target="_blank">EvaNetves</a>	1	0	1	1	31	68		010
@evapruja	<a href="https://twitter.com/evapruja" target="_blank">evapruja</a>	2	0	1	93	219	518		010
@Evetse	<a href="https://twitter.com/Evetse" target="_blank">Evetse</a>	2	0	1	121	193	1847		010
@excurrycurry	<a href="https://twitter.com/excurrycurry" target="_blank">excurrycurry</a>	2	0	1	50	195	270		247
@Expresivmaniac	<a href="https://twitter.com/Expresivmaniac" target="_blank">Expresivmaniac</a>	1	0	1	1793	658	18636		010
@eyeclipse	<a href="https://twitter.com/eyeclipse" target="_blank">eyeclipse</a>	7	0	1	638	558	15542	Barcelona	010
@eztenka	<a href="https://twitter.com/eztenka" target="_blank">eztenka</a>	6	0	1	368	824	5223	Pasaiako Bailara (E.H.)	036
@F2Xavier	<a href="https://twitter.com/F2Xavier" target="_blank">F2Xavier</a>	17	0	2	29	50	3411		010
@FadaEstel	<a href="https://twitter.com/FadaEstel" target="_blank">FadaEstel</a>	12	0	1	854	887	12457	Badalona, Catalunya	192
@Falgue89	<a href="https://twitter.com/Falgue89" target="_blank">Falgue89</a>	1	0	1	10	35	129		169
@falip_sab	<a href="https://twitter.com/falip_sab" target="_blank">falip_sab</a>	1	1	0	38	17	532		177
@falkehen	<a href="https://twitter.com/falkehen" target="_blank">falkehen</a>	16	0	1	93	149	8180		010
@FanaletFernando	<a href="https://twitter.com/FanaletFernando" target="_blank">FanaletFernando</a>	20	0	1	2050	1563	90828	Terrassa, Catalunya	010
@FCastelltort	<a href="https://twitter.com/FCastelltort" target="_blank">FCastelltort</a>	4	0	1	9	28	569		010
@fduranv	<a href="https://twitter.com/fduranv" target="_blank">fduranv</a>	2	0	1	2277	2331	6919	Badalona	009
@FelipMiquel	<a href="https://twitter.com/FelipMiquel" target="_blank">FelipMiquel</a>	1	0	1	89	177	2840	Medinyà	044
@felisukobcn	<a href="https://twitter.com/felisukobcn" target="_blank">felisukobcn</a>	8	0	1	509	2121	28001	Barcelona, Catalunya, PPCC, EU	010
@feliu57	<a href="https://twitter.com/feliu57" target="_blank">feliu57</a>	1	0	1	65	222	519	Sant Quirze del valles	088
@feliupb	<a href="https://twitter.com/feliupb" target="_blank">feliupb</a>	1	0	1	251	586	9722	Castellciutat	010
@fem_pinya_indep	<a href="https://twitter.com/fem_pinya_indep" target="_blank">fem_pinya_indep</a>	3	0	1	95	236	4664	Catalunya	010
@femquelcom	<a href="https://twitter.com/femquelcom" target="_blank">femquelcom</a>	3	0	1	5692	5195	10167		103
@femvialliure	<a href="https://twitter.com/femvialliure" target="_blank">femvialliure</a>	3	0	1	765	1026	11526	Barcelona	052
@FenixNegre	<a href="https://twitter.com/FenixNegre" target="_blank">FenixNegre</a>	10	1	1	2424	1812	25040	Barcino, Catalonia	065
@fer140771	<a href="https://twitter.com/fer140771" target="_blank">fer140771</a>	7	0	1	184	246	3455	Girona. Catalunya	082
@fernandotrejos	<a href="https://twitter.com/fernandotrejos" target="_blank">fernandotrejos</a>	2	0	1	45	229	1020		011
@ferran_jorba	<a href="https://twitter.com/ferran_jorba" target="_blank">ferran_jorba</a>	2	0	1	176	477	2085	Catalunya	010
@ferran2val	<a href="https://twitter.com/ferran2val" target="_blank">ferran2val</a>	15	0	2	400	2186	4808	Barcelona, Catalunya	011
@FerranJambert	<a href="https://twitter.com/FerranJambert" target="_blank">FerranJambert</a>	1	0	1	33	42	387		010
@FerranOtif	<a href="https://twitter.com/FerranOtif" target="_blank">FerranOtif</a>	6	0	1	3010	1767	49237	Jordi Savall	089
@ferranpalau57	<a href="https://twitter.com/ferranpalau57" target="_blank">ferranpalau57</a>	1	0	1	135	167	3266	Ara, República Catalana ||*||	010
@ferransanchez69	<a href="https://twitter.com/ferransanchez69" target="_blank">ferransanchez69</a>	1	0	1	268	355	2288	Almenar, Cataluña	018
@ferrer_marc	<a href="https://twitter.com/ferrer_marc" target="_blank">ferrer_marc</a>	5	0	1	6466	3437	39608	Cochabamba	004
@ferrrermarius	<a href="https://twitter.com/ferrrermarius" target="_blank">ferrrermarius</a>	2	0	1	82	90	562		177
@fgalig	<a href="https://twitter.com/fgalig" target="_blank">fgalig</a>	4	0	1	75	353	1163	England i Catalunya	010
@FGSCREW	<a href="https://twitter.com/FGSCREW" target="_blank">FGSCREW</a>	14	0	1	171	928	11133	Goa	055
@FicuJoan	<a href="https://twitter.com/FicuJoan" target="_blank">FicuJoan</a>	1	0	1	1064	935	55059	Twin Peaks	025
@figrexas	<a href="https://twitter.com/figrexas" target="_blank">figrexas</a>	3	0	1	757	1834	28502	Cedeira  Galiza.	010
@filog3	<a href="https://twitter.com/filog3" target="_blank">filog3</a>	32	0	1	572	672	33835		010
@fina_rubio	<a href="https://twitter.com/fina_rubio" target="_blank">fina_rubio</a>	6	0	1	299	442	15571		027
@finslagorra_1	<a href="https://twitter.com/finslagorra_1" target="_blank">finslagorra_1</a>	13	0	2	1999	2036	27285	Santa Coloma de Queralt	053
@Fismov91	<a href="https://twitter.com/Fismov91" target="_blank">Fismov91</a>	11	0	1	13	33	2669		004
@fisnx	<a href="https://twitter.com/fisnx" target="_blank">fisnx</a>	7	0	1	548	190	35669	Barcelona	010
@flag_new	<a href="https://twitter.com/flag_new" target="_blank">flag_new</a>	3	0	1	92	170	4050		010
@flcarlesD	<a href="https://twitter.com/flcarlesD" target="_blank">flcarlesD</a>	12	0	1	1365	1446	40332	Bescanó, Girona, Catalunya	010
@FLopezcamp	<a href="https://twitter.com/FLopezcamp" target="_blank">FLopezcamp</a>	4	0	1	13	103	434		010
@florencicosb	<a href="https://twitter.com/florencicosb" target="_blank">florencicosb</a>	26	0	1	282	361	41947	Olot	163
@florsnus	<a href="https://twitter.com/florsnus" target="_blank">florsnus</a>	1	0	1	156	242	456	Igualada	010
@FlyingS14652197	<a href="https://twitter.com/FlyingS14652197" target="_blank">FlyingS14652197</a>	29	0	1	44	224	2354	巴塞罗那 Barcelona Catalonia	001
@focaiguaiterra	<a href="https://twitter.com/focaiguaiterra" target="_blank">focaiguaiterra</a>	17	0	3	2164	3653	98868	República Catalana. UE	011
@fonta_jr	<a href="https://twitter.com/fonta_jr" target="_blank">fonta_jr</a>	1	0	1	253	85	3504	Boston (Massachusetts)	010
@fontyou1	<a href="https://twitter.com/fontyou1" target="_blank">fontyou1</a>	1	0	1	40	117	697	Barcelona, Spain	010
@Formerme126	<a href="https://twitter.com/Formerme126" target="_blank">Formerme126</a>	1	0	1	21	60	677	Lejos del mundanal ruido	010
@fotoespai	<a href="https://twitter.com/fotoespai" target="_blank">fotoespai</a>	1	0	1	1189	165	11641	Barcelona	010
@FranBcn10	<a href="https://twitter.com/FranBcn10" target="_blank">FranBcn10</a>	3	0	1	149	235	9352	Barcelona,	010
@franc_rossello	<a href="https://twitter.com/franc_rossello" target="_blank">franc_rossello</a>	1	0	1	169	324	4369		010
@Francesc_Puy	<a href="https://twitter.com/Francesc_Puy" target="_blank">Francesc_Puy</a>	1	0	1	5	78	238		010
@francescabad	<a href="https://twitter.com/francescabad" target="_blank">francescabad</a>	13	0	2	7523	1606	79194	Barcelona	018
@francescagarri9	<a href="https://twitter.com/francescagarri9" target="_blank">francescagarri9</a>	17	0	1	362	537	10643		010
@FrancescBetbe	<a href="https://twitter.com/FrancescBetbe" target="_blank">FrancescBetbe</a>	1	0	1	71	87	6764		024
@FrancescBoada	<a href="https://twitter.com/FrancescBoada" target="_blank">FrancescBoada</a>	9	0	1	525	193	4267	Tarragona	010
@FrancescCesc1	<a href="https://twitter.com/FrancescCesc1" target="_blank">FrancescCesc1</a>	8	0	1	514	1323	23566		153
@FrancescConesa	<a href="https://twitter.com/FrancescConesa" target="_blank">FrancescConesa</a>	3	0	1	3	19	122		010
@FrancescCots	<a href="https://twitter.com/FrancescCots" target="_blank">FrancescCots</a>	1	0	1	89	94	3431		001
@francescferrerf	<a href="https://twitter.com/francescferrerf" target="_blank">francescferrerf</a>	0	1	0					073
@francescfuster	<a href="https://twitter.com/francescfuster" target="_blank">francescfuster</a>	1	0	1	28	99	64	Girona - Catalunya	010
@francescrs	<a href="https://twitter.com/francescrs" target="_blank">francescrs</a>	2	0	1	440	462	5799	Arbeca / Les Garrigues	010
@francescsenti	<a href="https://twitter.com/francescsenti" target="_blank">francescsenti</a>	10	0	1	83	54	8540	barcelona	010
@francescstucner	<a href="https://twitter.com/francescstucner" target="_blank">francescstucner</a>	2	0	1	274	532	8820		025
@FrancescViadel	<a href="https://twitter.com/FrancescViadel" target="_blank">FrancescViadel</a>	3	0	1	4654	4592	39376	Barcelona	077
@franciscupala	<a href="https://twitter.com/franciscupala" target="_blank">franciscupala</a>	0	1	0					176
@francocontu	<a href="https://twitter.com/francocontu" target="_blank">francocontu</a>	1	0	1	1438	128	4597	Sardegna	176
@Franel_Landau	<a href="https://twitter.com/Franel_Landau" target="_blank">Franel_Landau</a>	13	0	1	65	134	2907	Barcelona, Boston, London	080
@franksierrafoto	<a href="https://twitter.com/franksierrafoto" target="_blank">franksierrafoto</a>	1	0	1	71	331	287		010
@frankysolev	<a href="https://twitter.com/frankysolev" target="_blank">frankysolev</a>	7	0	1	183	263	9715	Països Catalans	010
@frebcn	<a href="https://twitter.com/frebcn" target="_blank">frebcn</a>	2	0	1	167	257	79551	Barcelona, Catalunya	001
@FredigVba	<a href="https://twitter.com/FredigVba" target="_blank">FredigVba</a>	2	0	1	252	506	929		010
@fredmcgregor	<a href="https://twitter.com/fredmcgregor" target="_blank">fredmcgregor</a>	2	0	1	2	51	184	Barcelona, Espanya	010
@FreeCat201x	<a href="https://twitter.com/FreeCat201x" target="_blank">FreeCat201x</a>	13	0	2	1260	187	100097	Catalunya Lliure	080
@freecates	<a href="https://twitter.com/freecates" target="_blank">freecates</a>	3	0	1	488	625	14085	ÜT: 41.383895,2.168625	010
@freecatpiula	<a href="https://twitter.com/freecatpiula" target="_blank">freecatpiula</a>	3	0	1	1418	745	6164	Catalunya	010
@FRelats	<a href="https://twitter.com/FRelats" target="_blank">FRelats</a>	1	0	1	13	119	1106		040
@frescll	<a href="https://twitter.com/frescll" target="_blank">frescll</a>	4	0	1	152	522	9043	Barcelona	010
@freskot	<a href="https://twitter.com/freskot" target="_blank">freskot</a>	4	0	1	1474	609	31864		010
@FroilanVives	<a href="https://twitter.com/FroilanVives" target="_blank">FroilanVives</a>	17	0	1	78	465	12564		108
@frontpilsener	<a href="https://twitter.com/frontpilsener" target="_blank">frontpilsener</a>	1	0	1	12	103	275		025
@frosines	<a href="https://twitter.com/frosines" target="_blank">frosines</a>	1	0	1	11	35	201		010
@froVirosez	<a href="https://twitter.com/froVirosez" target="_blank">froVirosez</a>	4	0	1	538	1037	22268	Els Darenys	010
@fturro	<a href="https://twitter.com/fturro" target="_blank">fturro</a>	1	0	1	108	573	3713	Barcelona/Palamos	010
@fuck_all_over	<a href="https://twitter.com/fuck_all_over" target="_blank">fuck_all_over</a>	2	0	1	691	1139	11455	Vagueries soviètiqes dels PPCC	004
@Furo2Ponent	<a href="https://twitter.com/Furo2Ponent" target="_blank">Furo2Ponent</a>	15	0	2	697	684	35923	República Catalana	001
@fusped2014	<a href="https://twitter.com/fusped2014" target="_blank">fusped2014</a>	1	0	1	44	205	1032		010
@fxavierbautista	<a href="https://twitter.com/fxavierbautista" target="_blank">fxavierbautista</a>	4	0	1	207	961	3835	Barcelona	010
@fxavirodriguez	<a href="https://twitter.com/fxavirodriguez" target="_blank">fxavirodriguez</a>	1	0	1	6	33	425	Manresa, España	010
@fxcase	<a href="https://twitter.com/fxcase" target="_blank">fxcase</a>	6	0	1	163	435	5102		090
@g1Ofc	<a href="https://twitter.com/g1Ofc" target="_blank">g1Ofc</a>	4	1	0	349	564	4241	Catalunya	019
@gabiferrador	<a href="https://twitter.com/gabiferrador" target="_blank">gabiferrador</a>	4	0	2	1662	2577	13462	Lluçanès	024
@Gabrielbenidorm	<a href="https://twitter.com/Gabrielbenidorm" target="_blank">Gabrielbenidorm</a>	2	0	1	375	803	7133	España	010
@gafz11	<a href="https://twitter.com/gafz11" target="_blank">gafz11</a>	0	5	0					036
@Galiano44	<a href="https://twitter.com/Galiano44" target="_blank">Galiano44</a>	10	0	2	82	109	25569		056
@galizarebelde	<a href="https://twitter.com/galizarebelde" target="_blank">galizarebelde</a>	8	0	1	2018	264	12091	Barcelona	004
@gallinavasca	<a href="https://twitter.com/gallinavasca" target="_blank">gallinavasca</a>	1	4	0	5280	710	1705	Euskal Herria	112
@GalvanRafel	<a href="https://twitter.com/GalvanRafel" target="_blank">GalvanRafel</a>	1	0	1	452	705	4364	Catalunya	058
@Gandaiet	<a href="https://twitter.com/Gandaiet" target="_blank">Gandaiet</a>	8	0	1	254	529	7621		010
@ganxova003	<a href="https://twitter.com/ganxova003" target="_blank">ganxova003</a>	3	0	1	45	146	1842		001
@GARA_jiturria	<a href="https://twitter.com/GARA_jiturria" target="_blank">GARA_jiturria</a>	1	0	1	3904	550	15615	Euskal Herria	086
@GarbiCat	<a href="https://twitter.com/GarbiCat" target="_blank">GarbiCat</a>	6	0	1	129	2117	4299	Girona, Espanya	010
@GarciRoser	<a href="https://twitter.com/GarciRoser" target="_blank">GarciRoser</a>	1	0	1	22	79	1043		195
@garroig	<a href="https://twitter.com/garroig" target="_blank">garroig</a>	1	0	1	10	69	117		017
@GaskoinPowers	<a href="https://twitter.com/GaskoinPowers" target="_blank">GaskoinPowers</a>	3	0	1	104	389	2008	Caldes de Montbui	100
@GasolRat	<a href="https://twitter.com/GasolRat" target="_blank">GasolRat</a>	0	2	0					130
@Gata_maula	<a href="https://twitter.com/Gata_maula" target="_blank">Gata_maula</a>	8	0	1	1681	946	57996	Sant Andreu. BARCELONA	001
@gataambbotes	<a href="https://twitter.com/gataambbotes" target="_blank">gataambbotes</a>	4	0	1	34	37	2988	del guinardó a la selva	010
@GDEnMaia	<a href="https://twitter.com/GDEnMaia" target="_blank">GDEnMaia</a>	26	0	1	109	592	15328	i aquí	010
@gemma9N	<a href="https://twitter.com/gemma9N" target="_blank">gemma9N</a>	2	0	1	129	212	8165		009
@Gemmacdev	<a href="https://twitter.com/Gemmacdev" target="_blank">Gemmacdev</a>	14	0	1	173	577	14829		018
@gemmagelpi	<a href="https://twitter.com/gemmagelpi" target="_blank">gemmagelpi</a>	4	0	2	1014	1041	4717	Barcelona	059
@gemmamarcegm	<a href="https://twitter.com/gemmamarcegm" target="_blank">gemmamarcegm</a>	24	0	1	186	224	40918		010
@Gemmamb00	<a href="https://twitter.com/Gemmamb00" target="_blank">Gemmamb00</a>	1	0	1	11	90	388		010
@gemmamelia	<a href="https://twitter.com/gemmamelia" target="_blank">gemmamelia</a>	5	0	2	414	759	10273		002
@GemmaMitjans	<a href="https://twitter.com/GemmaMitjans" target="_blank">GemmaMitjans</a>	1	0	1	294	1071	4467		010
@GemmaMontanya	<a href="https://twitter.com/GemmaMontanya" target="_blank">GemmaMontanya</a>	0	1	0					175
@gemmapedros	<a href="https://twitter.com/gemmapedros" target="_blank">gemmapedros</a>	3	0	1	136	183	978		088
@Gemmaroig97	<a href="https://twitter.com/Gemmaroig97" target="_blank">Gemmaroig97</a>	7	0	2	445	1554	14567	Barcelona, Catalunya	010
@Gemmasm78	<a href="https://twitter.com/Gemmasm78" target="_blank">Gemmasm78</a>	3	0	1	13	48	225		229
@GEMOGO_	<a href="https://twitter.com/GEMOGO_" target="_blank">GEMOGO_</a>	5	0	1	75	340	1122	CATALUNYA	080
@gemquim	<a href="https://twitter.com/gemquim" target="_blank">gemquim</a>	20	4	0	4141	4080	91648	Barcelona, Catalunya	108
@GeneralMoragues	<a href="https://twitter.com/GeneralMoragues" target="_blank">GeneralMoragues</a>	6	0	1	507	343	23435	Bruguers , Gavà	010
@Genis_Roca	<a href="https://twitter.com/Genis_Roca" target="_blank">Genis_Roca</a>	1	0	1	154	483	4942	¡Que soy compañero, coño!	010
@GeorgiaLinares	<a href="https://twitter.com/GeorgiaLinares" target="_blank">GeorgiaLinares</a>	2	0	1	1025	1974	16989	Sant Feliu de Guíxols	123
@GeorginaPujals	<a href="https://twitter.com/GeorginaPujals" target="_blank">GeorginaPujals</a>	4	0	1	218	299	3436	Sabadell	047
@Gerard11C	<a href="https://twitter.com/Gerard11C" target="_blank">Gerard11C</a>	2	0	1	239	667	3354		010
@GerardAlv7	<a href="https://twitter.com/GerardAlv7" target="_blank">GerardAlv7</a>	12	0	1	468	991	4545	Barcelona, Catalunya	010
@gerardalvarez3	<a href="https://twitter.com/gerardalvarez3" target="_blank">gerardalvarez3</a>	5	0	1	617	967	14924	Barcelona, Catalonia, EU	010
@GerardAnglerill	<a href="https://twitter.com/GerardAnglerill" target="_blank">GerardAnglerill</a>	5	2	0	388	879	3219	Solsona, Solsonès, Catalunya	008
@Gerardbague	<a href="https://twitter.com/Gerardbague" target="_blank">Gerardbague</a>	3	0	1	956	1035	2348	Girona - Catalunya	010
@GerardBiE	<a href="https://twitter.com/GerardBiE" target="_blank">GerardBiE</a>	9	0	3	286	907	10268	Catalunya	010
@GerardCarboIbar	<a href="https://twitter.com/GerardCarboIbar" target="_blank">GerardCarboIbar</a>	1	0	1	196	355	12452		010
@GerardFernndez1	<a href="https://twitter.com/GerardFernndez1" target="_blank">GerardFernndez1</a>	0	5	0					053
@gerardfs81	<a href="https://twitter.com/gerardfs81" target="_blank">gerardfs81</a>	1	0	1	42	122	497		010
@GerardGarriga	<a href="https://twitter.com/GerardGarriga" target="_blank">GerardGarriga</a>	5	0	1	336	731	10453	Les Planes d'Hostoles	010
@gerardnus	<a href="https://twitter.com/gerardnus" target="_blank">gerardnus</a>	10	0	1	340	1027	36683	Gavà (Barcelona)	010
@Gerardo_Ibelli	<a href="https://twitter.com/Gerardo_Ibelli" target="_blank">Gerardo_Ibelli</a>	0	2	0					019
@GerardSalvadorG	<a href="https://twitter.com/GerardSalvadorG" target="_blank">GerardSalvadorG</a>	1	0	1	21	30	21		243
@gerardsese	<a href="https://twitter.com/gerardsese" target="_blank">gerardsese</a>	0	4	0					106
@GermanGG7	<a href="https://twitter.com/GermanGG7" target="_blank">GermanGG7</a>	4	0	1	493	812	3335	Tarragona, Països Catalans	010
@gerok77	<a href="https://twitter.com/gerok77" target="_blank">gerok77</a>	1	0	1	268	690	6964	Salt - Girona	010
@gibert_bernat	<a href="https://twitter.com/gibert_bernat" target="_blank">gibert_bernat</a>	18	0	1	27	151	3866		010
@giiinv	<a href="https://twitter.com/giiinv" target="_blank">giiinv</a>	1	0	1	75	188	158	Pardines, Catalunya	010
@GilbenoGilbert	<a href="https://twitter.com/GilbenoGilbert" target="_blank">GilbenoGilbert</a>	2	0	1	69	70	3287		025
@GillStella	<a href="https://twitter.com/GillStella" target="_blank">GillStella</a>	11	0	1	1279	1915	73024		010
@GilPallise	<a href="https://twitter.com/GilPallise" target="_blank">GilPallise</a>	3	0	1	1	62	98		010
@giner_juanjo	<a href="https://twitter.com/giner_juanjo" target="_blank">giner_juanjo</a>	5	0	1	370	329	3776		004
@ginesabata	<a href="https://twitter.com/ginesabata" target="_blank">ginesabata</a>	1	0	1	24	37	59		010
@gio_callejeru	<a href="https://twitter.com/gio_callejeru" target="_blank">gio_callejeru</a>	3	0	1	719	1047	2145	Mataró	010
@giripower	<a href="https://twitter.com/giripower" target="_blank">giripower</a>	5	0	1	721	1068	29059		129
@GironaDC	<a href="https://twitter.com/GironaDC" target="_blank">GironaDC</a>	10	0	2	212	273	1670	Girona, Catalunya	061
@gironamola	<a href="https://twitter.com/gironamola" target="_blank">gironamola</a>	20	0	1	1793	5002	31589	Girona, Catalunya	054
@gironet	<a href="https://twitter.com/gironet" target="_blank">gironet</a>	3	0	1	679	2129	16226		124
@GladGiving	<a href="https://twitter.com/GladGiving" target="_blank">GladGiving</a>	3	0	1	1458	1431	52286	#ViaLliure free Catalonia	010
@glaragim	<a href="https://twitter.com/glaragim" target="_blank">glaragim</a>	2	0	1	77	290	1052		136
@glicinavioleta	<a href="https://twitter.com/glicinavioleta" target="_blank">glicinavioleta</a>	2	0	1	664	862	11325	Igualada, l'Anoia, PPCC	160
@gloria10mal	<a href="https://twitter.com/gloria10mal" target="_blank">gloria10mal</a>	2	0	1	55	132	912	Barcelona	166
@Gloriaplanas	<a href="https://twitter.com/Gloriaplanas" target="_blank">Gloriaplanas</a>	21	0	2	525	717	46636	Cardedeu, Catalunya	004
@GloriaSS2014	<a href="https://twitter.com/GloriaSS2014" target="_blank">GloriaSS2014</a>	8	0	1	585	819	23053		010
@glorinsurgent	<a href="https://twitter.com/glorinsurgent" target="_blank">glorinsurgent</a>	2	0	1	579	2044	5595	Lausanne-Barcelona	004
@Goat13_Indy	<a href="https://twitter.com/Goat13_Indy" target="_blank">Goat13_Indy</a>	2	0	1	44	128	1839	Catalunya/ Catalonia	080
@GollyRectoret	<a href="https://twitter.com/GollyRectoret" target="_blank">GollyRectoret</a>	10	0	2	165	519	14842		072
@goonie4ever_	<a href="https://twitter.com/goonie4ever_" target="_blank">goonie4ever_</a>	5	0	2	2088	301	127621	Astoria/Priorat.	001
@gorkadm	<a href="https://twitter.com/gorkadm" target="_blank">gorkadm</a>	1	0	1	86	284	3264	Gasteiz-Euskal Herria	010
@gorkasol	<a href="https://twitter.com/gorkasol" target="_blank">gorkasol</a>	2	0	1	14	95	246		010
@gosblau	<a href="https://twitter.com/gosblau" target="_blank">gosblau</a>	31	0	1	10265	9450	57444		010
@Govipu	<a href="https://twitter.com/Govipu" target="_blank">Govipu</a>	24	0	2	673	2791	35625	Regnum Aragoniae,  U.E.	046
@gps_bcn	<a href="https://twitter.com/gps_bcn" target="_blank">gps_bcn</a>	8	0	1	424	605	32635	Barcelona	018
@GraciaxINDP	<a href="https://twitter.com/GraciaxINDP" target="_blank">GraciaxINDP</a>	24	0	1	1978	1392	10140		010
@GranerJosep	<a href="https://twitter.com/GranerJosep" target="_blank">GranerJosep</a>	5	0	2	60	303	2083	Barcelona, Catalunya	027
@Granollacs	<a href="https://twitter.com/Granollacs" target="_blank">Granollacs</a>	10	0	1	3108	2116	43918	Sabadell, Catalunya	010
@grau_s	<a href="https://twitter.com/grau_s" target="_blank">grau_s</a>	3	0	1	323	522	3046	Terrassa, Catalunya	010
@grebolverd	<a href="https://twitter.com/grebolverd" target="_blank">grebolverd</a>	2	0	1	42	489	5149		010
@greengranota	<a href="https://twitter.com/greengranota" target="_blank">greengranota</a>	1	0	1	14	226	1146	Barcelona	257
@GregoP1992	<a href="https://twitter.com/GregoP1992" target="_blank">GregoP1992</a>	4	0	1	240	900	560	Reus & Barcelona	010
@GrupdeTreball	<a href="https://twitter.com/GrupdeTreball" target="_blank">GrupdeTreball</a>	6	0	1	24	71	4161		010
@GrupEcos	<a href="https://twitter.com/GrupEcos" target="_blank">GrupEcos</a>	1	0	1	1508	389	2214	Casp, 43 / Bailèn, 5	092
@Guanyarem2017	<a href="https://twitter.com/Guanyarem2017" target="_blank">Guanyarem2017</a>	20	0	1	1374	3097	17998	Barcelona, Catalonia	080
@guapumm69	<a href="https://twitter.com/guapumm69" target="_blank">guapumm69</a>	8	0	2	978	2208	48139	Vilassar de Mar. Catalunya	002
@guasa_bee	<a href="https://twitter.com/guasa_bee" target="_blank">guasa_bee</a>	8	0	1	296	1413	20506	Santoni	010
@guelfa10	<a href="https://twitter.com/guelfa10" target="_blank">guelfa10</a>	25	0	6	166	475	13398		002
@Guera1X	<a href="https://twitter.com/Guera1X" target="_blank">Guera1X</a>	13	0	2	1260	1125	29873		015
@gueromex100	<a href="https://twitter.com/gueromex100" target="_blank">gueromex100</a>	12	0	2	472	708	30073		027
@GuiCoTwit	<a href="https://twitter.com/GuiCoTwit" target="_blank">GuiCoTwit</a>	3	0	2	177	610	2461	Liverpool	049
@guifre2053	<a href="https://twitter.com/guifre2053" target="_blank">guifre2053</a>	67	0	2	964	1407	169567	Sabadell, Vallès, Catalunya	005
@guillem_4	<a href="https://twitter.com/guillem_4" target="_blank">guillem_4</a>	5	0	1	377	816	11673	Barcelona, Catalunya	010
@Guillem_Muntane	<a href="https://twitter.com/Guillem_Muntane" target="_blank">Guillem_Muntane</a>	2	0	1	177	97	7621	Catalunya	010
@GuillemBrugue	<a href="https://twitter.com/GuillemBrugue" target="_blank">GuillemBrugue</a>	1	0	1	498	202	13901		010
@GuilleMolinas1	<a href="https://twitter.com/GuilleMolinas1" target="_blank">GuilleMolinas1</a>	17	0	2	1271	2362	71884	Esparreguera, Catalunya	010
@guimfortuny	<a href="https://twitter.com/guimfortuny" target="_blank">guimfortuny</a>	1	0	1	607	1146	1133		010
@guitacm	<a href="https://twitter.com/guitacm" target="_blank">guitacm</a>	1	0	1	531	376	5425	Sort	010
@guiu_laia	<a href="https://twitter.com/guiu_laia" target="_blank">guiu_laia</a>	1	0	1	10	50	36		001
@GuixolsANC	<a href="https://twitter.com/GuixolsANC" target="_blank">GuixolsANC</a>	0	3	0					123
@GureEskuDagoEO	<a href="https://twitter.com/GureEskuDagoEO" target="_blank">GureEskuDagoEO</a>	2	0	1	444	298	1062	Errenteria-Orereta	086
@hanna_thaler	<a href="https://twitter.com/hanna_thaler" target="_blank">hanna_thaler</a>	0	1	0					173
@hannahbcn1	<a href="https://twitter.com/hannahbcn1" target="_blank">hannahbcn1</a>	29	0	1	2666	2968	118923	Barcelona, Catalunya	005
@Hannasthazla	<a href="https://twitter.com/Hannasthazla" target="_blank">Hannasthazla</a>	1	0	1	48	75	7353	in my own world	029
@HappyHola1	<a href="https://twitter.com/HappyHola1" target="_blank">HappyHola1</a>	1	0	1	5	12	117		010
@Hawckmoon73	<a href="https://twitter.com/Hawckmoon73" target="_blank">Hawckmoon73</a>	2	0	1	55	86	5979		082
@HBonafont	<a href="https://twitter.com/HBonafont" target="_blank">HBonafont</a>	1	0	1	28	3	361		010
@HDabil	<a href="https://twitter.com/HDabil" target="_blank">HDabil</a>	1	0	1	63	676	1073		010
@HectorVentura98	<a href="https://twitter.com/HectorVentura98" target="_blank">HectorVentura98</a>	3	0	1	435	669	5333	Deltebre, Catalunya	010
@helenabier	<a href="https://twitter.com/helenabier" target="_blank">helenabier</a>	4	0	2	275	346	2276	en la mejor	059
@HelleKettner	<a href="https://twitter.com/HelleKettner" target="_blank">HelleKettner</a>	4	12	0	4705	1209	7326	Tarragona-Barcelona, Catalonia	060
@helsola	<a href="https://twitter.com/helsola" target="_blank">helsola</a>	0	1	0					172
@helteo73	<a href="https://twitter.com/helteo73" target="_blank">helteo73</a>	49	0	3	1137	4569	30189	Barcelona	010
@HenryDark9	<a href="https://twitter.com/HenryDark9" target="_blank">HenryDark9</a>	2	0	1	201	1873	8320		010
@HerasJoan	<a href="https://twitter.com/HerasJoan" target="_blank">HerasJoan</a>	1	0	1	78	500	550		095
@hergrojor	<a href="https://twitter.com/hergrojor" target="_blank">hergrojor</a>	14	0	1	10	77	1895		010
@Herliyi	<a href="https://twitter.com/Herliyi" target="_blank">Herliyi</a>	6	0	1	170	325	17228	Bastión de Tormentas	023
@heserhet	<a href="https://twitter.com/heserhet" target="_blank">heserhet</a>	1	0	1	13	49	2904		010
@HGxI	<a href="https://twitter.com/HGxI" target="_blank">HGxI</a>	11	0	1	2593	2079	28388	Horta-Guinardó BCN (Catalunya)	010
@HiriBizia	<a href="https://twitter.com/HiriBizia" target="_blank">HiriBizia</a>	4	10	0	2340	805	18385	Donostia	042
@hisnamesbucky	<a href="https://twitter.com/hisnamesbucky" target="_blank">hisnamesbucky</a>	6	0	1	297	191	59738	Barcelona, Catalunya.	012
@HistoriaRC	<a href="https://twitter.com/HistoriaRC" target="_blank">HistoriaRC</a>	1	0	1	27	240	613	Barcelona	010
@hjgdp	<a href="https://twitter.com/hjgdp" target="_blank">hjgdp</a>	9	1	1	620	1635	11565	les Corts, Barcelona	259
@Hold_Fast_85	<a href="https://twitter.com/Hold_Fast_85" target="_blank">Hold_Fast_85</a>	3	4	0	30	57	1231		111
@home_del_sac	<a href="https://twitter.com/home_del_sac" target="_blank">home_del_sac</a>	2	0	1	326	149	24195		082
@home_peix	<a href="https://twitter.com/home_peix" target="_blank">home_peix</a>	4	0	1	153	518	2731		089
@Horrorizada	<a href="https://twitter.com/Horrorizada" target="_blank">Horrorizada</a>	1	0	1	294	412	4287	Barcelona	010
@HortaArran	<a href="https://twitter.com/HortaArran" target="_blank">HortaArran</a>	4	4	0	1685	949	4069	Horta, Barcelonès Nord	128
@HortaGuinardo	<a href="https://twitter.com/HortaGuinardo" target="_blank">HortaGuinardo</a>	2	0	2	474	345	563	Horta-Guinardó	128
@huebot19171945	<a href="https://twitter.com/huebot19171945" target="_blank">huebot19171945</a>	1	0	1	24	121	3737		025
@huguet_gabriel	<a href="https://twitter.com/huguet_gabriel" target="_blank">huguet_gabriel</a>	100	0	7	135	145	21388	Riells i Viabrea, Catalunya	010
@HuryBeer	<a href="https://twitter.com/HuryBeer" target="_blank">HuryBeer</a>	1	0	1	701	483	19656	Northern Sky	117
@I_CSC	<a href="https://twitter.com/I_CSC" target="_blank">I_CSC</a>	3	5	0	3898	3025	5742	Països Catalans	097
@Iaia_Toneta	<a href="https://twitter.com/Iaia_Toneta" target="_blank">Iaia_Toneta</a>	2	0	1	47488	11292	72946	Igualada - Catalunya	026
@iamborncreatlve	<a href="https://twitter.com/iamborncreatlve" target="_blank">iamborncreatlve</a>	1	0	1	66	2272	1305	Fremont, CA 94538	029
@ibaimati	<a href="https://twitter.com/ibaimati" target="_blank">ibaimati</a>	4	0	1	48	166	1662	santurtzi      euskal herria	206
@ibaiztueta	<a href="https://twitter.com/ibaiztueta" target="_blank">ibaiztueta</a>	1	0	1	120	122	503		112
@ibaum6	<a href="https://twitter.com/ibaum6" target="_blank">ibaum6</a>	6	0	2	43	83	2970	L'H, BCN, Catalunya	062
@iDeepp	<a href="https://twitter.com/iDeepp" target="_blank">iDeepp</a>	2	0	1	162	242	2139		010
@ideiazabaldu	<a href="https://twitter.com/ideiazabaldu" target="_blank">ideiazabaldu</a>	21	7	2	5769	595	49616	Gernika - Euskal Herria	015
@idic68	<a href="https://twitter.com/idic68" target="_blank">idic68</a>	2	0	1	24	103	2878		010
@idith120604	<a href="https://twitter.com/idith120604" target="_blank">idith120604</a>	5	0	1	118	279	664		212
@ifresnillo	<a href="https://twitter.com/ifresnillo" target="_blank">ifresnillo</a>	2	0	1	5336	2879	28383	Barcelona	207
@IGargallo	<a href="https://twitter.com/IGargallo" target="_blank">IGargallo</a>	1	0	1	12	60	134		010
@ignaccio55	<a href="https://twitter.com/ignaccio55" target="_blank">ignaccio55</a>	2	0	1	147	187	12978	SFG, Catalunya	086
@ignasi	<a href="https://twitter.com/ignasi" target="_blank">ignasi</a>	2	0	1	1592	253	7204		010
@Ignasi_Bonet_	<a href="https://twitter.com/Ignasi_Bonet_" target="_blank">Ignasi_Bonet_</a>	3	2	0	1125	868	19180		135
@ignasi_doy	<a href="https://twitter.com/ignasi_doy" target="_blank">ignasi_doy</a>	3	0	1	2089	1717	16193	Barcelona - Catalunya	018
@Ignasi47463511	<a href="https://twitter.com/Ignasi47463511" target="_blank">Ignasi47463511</a>	1	0	1	10	81	445	Barcelona, España	010
@IgnasiDU	<a href="https://twitter.com/IgnasiDU" target="_blank">IgnasiDU</a>	1	0	1	91	127	1700	Olesa de Montserrat, Catalunya	010
@IgnasirColl	<a href="https://twitter.com/IgnasirColl" target="_blank">IgnasirColl</a>	1	0	1	89	259	1796		010
@IgnasiRoqueta	<a href="https://twitter.com/IgnasiRoqueta" target="_blank">IgnasiRoqueta</a>	6	0	1	170	235	1375		010
@ignasivalera	<a href="https://twitter.com/ignasivalera" target="_blank">ignasivalera</a>	6	0	1	655	1010	16555	Vilallonga del Camp	082
@IgorMeltxor	<a href="https://twitter.com/IgorMeltxor" target="_blank">IgorMeltxor</a>	4	2	0	8414	5624	13759	Ortuella (Bizkaia)	162
@ikerkasanova	<a href="https://twitter.com/ikerkasanova" target="_blank">ikerkasanova</a>	4	0	1	3116	392	10884		010
@illa_pirata	<a href="https://twitter.com/illa_pirata" target="_blank">illa_pirata</a>	3	6	1	1236	1397	1635		093
@Illingas	<a href="https://twitter.com/Illingas" target="_blank">Illingas</a>	2	0	2	253	165	825		002
@ilMenssaggero	<a href="https://twitter.com/ilMenssaggero" target="_blank">ilMenssaggero</a>	3	0	1	1117	1380	19216	La Valldigna Catalunya Nova	180
@imacbomb	<a href="https://twitter.com/imacbomb" target="_blank">imacbomb</a>	2	0	1	157	363	3819	Lleida, Catalunya	010
@IMarcuello	<a href="https://twitter.com/IMarcuello" target="_blank">IMarcuello</a>	4	1	0	1778	1351	33749	Sant Adrià de Besòs/ Barcelona	087
@immabastida	<a href="https://twitter.com/immabastida" target="_blank">immabastida</a>	10	0	1	373	827	48067	Banlieu sud de Paris	010
@ImmaBaucells	<a href="https://twitter.com/ImmaBaucells" target="_blank">ImmaBaucells</a>	1	0	1	51	180	42	La Garriga, Vallès Oriental	010
@IMMACLEMENTE1	<a href="https://twitter.com/IMMACLEMENTE1" target="_blank">IMMACLEMENTE1</a>	2	0	1	53	219	1195	Arenys de mar-Mataro	010
@InakiAsti	<a href="https://twitter.com/InakiAsti" target="_blank">InakiAsti</a>	1	0	1	133	236	2854	Azkoitia	010
@InakiLlopart	<a href="https://twitter.com/InakiLlopart" target="_blank">InakiLlopart</a>	9	0	1	367	483	5540		010
@inbocat	<a href="https://twitter.com/inbocat" target="_blank">inbocat</a>	3	0	1	2245	2956	4738	Catalunya	010
@indepesCCOO	<a href="https://twitter.com/indepesCCOO" target="_blank">indepesCCOO</a>	11	11	0	1169	247	5056	Catalunya	059
@IndepesSi	<a href="https://twitter.com/IndepesSi" target="_blank">IndepesSi</a>	16	0	1	232	338	7064	Sempre Endavant!	010
@indigetaempren1	<a href="https://twitter.com/indigetaempren1" target="_blank">indigetaempren1</a>	4	0	1	14	137	849		010
@indignindigente	<a href="https://twitter.com/indignindigente" target="_blank">indignindigente</a>	50	0	2	11606	9046	372989	Montseny Barcelona	058
@InesCBranco	<a href="https://twitter.com/InesCBranco" target="_blank">InesCBranco</a>	2	0	1	267	881	271		083
@InfoCerdanyola	<a href="https://twitter.com/InfoCerdanyola" target="_blank">InfoCerdanyola</a>	1	0	1	2437	1805	11974	Cerdanyola del Vallès	012
@InfoClau	<a href="https://twitter.com/InfoClau" target="_blank">InfoClau</a>	3	0	1	1436	1038	3909	Sant Celoni	010
@insonorizate	<a href="https://twitter.com/insonorizate" target="_blank">insonorizate</a>	5	0	1	1971	740	89246	Sabadell	010
@IntoMari	<a href="https://twitter.com/IntoMari" target="_blank">IntoMari</a>	14	0	1	322	195	78725	Sant Boi	010
@iolandagandia	<a href="https://twitter.com/iolandagandia" target="_blank">iolandagandia</a>	1	0	1	358	571	2557	igualada	010
@Ipallaresr	<a href="https://twitter.com/Ipallaresr" target="_blank">Ipallaresr</a>	2	0	1	241	240	6191		097
@ipassa3	<a href="https://twitter.com/ipassa3" target="_blank">ipassa3</a>	3	0	1	1034	1161	4947		010
@iPaud	<a href="https://twitter.com/iPaud" target="_blank">iPaud</a>	3	0	1	596	573	4742		010
@iraola_	<a href="https://twitter.com/iraola_" target="_blank">iraola_</a>	2	0	1	370	405	2134	Paesi Baschi	010
@IratiIciar	<a href="https://twitter.com/IratiIciar" target="_blank">IratiIciar</a>	5	0	1	1056	774	15026	Gasteiz- Eibar - Gasteiz	112
@irodon	<a href="https://twitter.com/irodon" target="_blank">irodon</a>	4	21	0	4354	1915	21428	Valls	011
@IrRamonet	<a href="https://twitter.com/IrRamonet" target="_blank">IrRamonet</a>	1	0	1	1011	976	7595		010
@irun721	<a href="https://twitter.com/irun721" target="_blank">irun721</a>	1	0	1	80	241	2452	Barcelona, Catalunya	010
@isaalvarezcruz	<a href="https://twitter.com/isaalvarezcruz" target="_blank">isaalvarezcruz</a>	2	0	1	34	190	773		010
@IsabelF24428972	<a href="https://twitter.com/IsabelF24428972" target="_blank">IsabelF24428972</a>	4	0	1	102	311	4346	Barcelona. Catalunya	050
@isetta09	<a href="https://twitter.com/isetta09" target="_blank">isetta09</a>	2	0	1	34	232	1259		010
@IsidorMari	<a href="https://twitter.com/IsidorMari" target="_blank">IsidorMari</a>	11	0	6	4002	240	31687		002
@IsidreRossell	<a href="https://twitter.com/IsidreRossell" target="_blank">IsidreRossell</a>	1	0	1	67	131	1219	catalunYa central	010
@Ismaeldelrioel	<a href="https://twitter.com/Ismaeldelrioel" target="_blank">Ismaeldelrioel</a>	19	0	3	307	1274	10941	Mataró	057
@ismaelpalacin	<a href="https://twitter.com/ismaelpalacin" target="_blank">ismaelpalacin</a>	17	0	1	10369	3382	32515	Barcelona	098
@italunya	<a href="https://twitter.com/italunya" target="_blank">italunya</a>	1	0	1	1	52	146		010
@iToniGarcia	<a href="https://twitter.com/iToniGarcia" target="_blank">iToniGarcia</a>	1	0	1	140	370	554		010
@itsyanotme	<a href="https://twitter.com/itsyanotme" target="_blank">itsyanotme</a>	2	1	0	9	16	582		169
@Itzibeltz	<a href="https://twitter.com/Itzibeltz" target="_blank">Itzibeltz</a>	3	0	1	120	208	1917		010
@Iva_	<a href="https://twitter.com/Iva_" target="_blank">Iva_</a>	17	0	1	257	126	25678	Països Catalans	246
@Ivan_Moreno1980	<a href="https://twitter.com/Ivan_Moreno1980" target="_blank">Ivan_Moreno1980</a>	5	0	1	185	1024	5979		010
@ivanaltimira	<a href="https://twitter.com/ivanaltimira" target="_blank">ivanaltimira</a>	1	0	1	935	559	3408		025
@Ivanguiu	<a href="https://twitter.com/Ivanguiu" target="_blank">Ivanguiu</a>	2	0	1	224	213	528		010
@IvanLQF	<a href="https://twitter.com/IvanLQF" target="_blank">IvanLQF</a>	6	0	1	9982	886	204890	The Hell	018
@Ivanmgar	<a href="https://twitter.com/Ivanmgar" target="_blank">Ivanmgar</a>	0	1	0					170
@Ivechu_	<a href="https://twitter.com/Ivechu_" target="_blank">Ivechu_</a>	2	0	1	612	294	50732	BCN	010
@izovi	<a href="https://twitter.com/izovi" target="_blank">izovi</a>	8	0	1	165	175	15797	Avui al aeroport de...	090
@IzquierdaRevol	<a href="https://twitter.com/IzquierdaRevol" target="_blank">IzquierdaRevol</a>	8	0	2	3297	4521	4196	Estado español	127
@j_cirne	<a href="https://twitter.com/j_cirne" target="_blank">j_cirne</a>	1	0	1	440	704	5363	Catalunya	010
@J_de_Jordi	<a href="https://twitter.com/J_de_Jordi" target="_blank">J_de_Jordi</a>	1	0	1	42	320	661	Ganxet city	010
@J_pascual81	<a href="https://twitter.com/J_pascual81" target="_blank">J_pascual81</a>	18	0	1	13	156	1534	Catalunya	010
@J_Roca_m	<a href="https://twitter.com/J_Roca_m" target="_blank">J_Roca_m</a>	5	0	1	101	411	2932		080
@J0ui	<a href="https://twitter.com/J0ui" target="_blank">J0ui</a>	2	0	1	75	295	2147		010
@jacob_31	<a href="https://twitter.com/jacob_31" target="_blank">jacob_31</a>	16	0	1	37	269	1496	Barcelona	095
@jadingoo	<a href="https://twitter.com/jadingoo" target="_blank">jadingoo</a>	10	0	3	38	123	2277	República de Catalunya	010
@JAixalaGensana	<a href="https://twitter.com/JAixalaGensana" target="_blank">JAixalaGensana</a>	1	0	1	5	7	174		010
@jamadoP9	<a href="https://twitter.com/jamadoP9" target="_blank">jamadoP9</a>	2	1	0	620	961	7652		168
@jambo__	<a href="https://twitter.com/jambo__" target="_blank">jambo__</a>	3	0	1	265	396	3502	Sabadell (Catalunya)	010
@JancaStroma	<a href="https://twitter.com/JancaStroma" target="_blank">JancaStroma</a>	4	0	1	203	1323	4689	Barcelona, Catalonia	010
@Jandro21pk	<a href="https://twitter.com/Jandro21pk" target="_blank">Jandro21pk</a>	2	0	1	462	248	16733	Barcelona	010
@Jandro894	<a href="https://twitter.com/Jandro894" target="_blank">Jandro894</a>	1	0	1	106	205	921	Montcada i Reixac, Catalunya	010
@JandroJaudi	<a href="https://twitter.com/JandroJaudi" target="_blank">JandroJaudi</a>	12	0	1	287	848	17334	Barcelona, España	010
@janpunti	<a href="https://twitter.com/janpunti" target="_blank">janpunti</a>	14	0	1	3151	2461	18441	Rubí	010
@janrovirabalce	<a href="https://twitter.com/janrovirabalce" target="_blank">janrovirabalce</a>	1	0	1	131	93	2261	Catalunya	085
@japbcn	<a href="https://twitter.com/japbcn" target="_blank">japbcn</a>	31	0	1	518	545	46576		103
@JaqenH_ghar	<a href="https://twitter.com/JaqenH_ghar" target="_blank">JaqenH_ghar</a>	2	0	1	27	51	343	Catalunya	010
@jarenasprat	<a href="https://twitter.com/jarenasprat" target="_blank">jarenasprat</a>	1	0	1	174	376	1868		063
@jascat1973	<a href="https://twitter.com/jascat1973" target="_blank">jascat1973</a>	5	0	2	41	118	4550		010
@jaume784	<a href="https://twitter.com/jaume784" target="_blank">jaume784</a>	1	0	1	15	102	2100		083
@JaumeAlegret	<a href="https://twitter.com/JaumeAlegret" target="_blank">JaumeAlegret</a>	2	0	1	295	564	7628	N-II,   08360 Canet de Mar	080
@JaumeAmargant	<a href="https://twitter.com/JaumeAmargant" target="_blank">JaumeAmargant</a>	4	0	1	314	566	5837	Vic	063
@JaumeClapes	<a href="https://twitter.com/JaumeClapes" target="_blank">JaumeClapes</a>	6	0	1	2433	2136	34040		010
@jaumefranquesa	<a href="https://twitter.com/jaumefranquesa" target="_blank">jaumefranquesa</a>	3	0	1	77	167	3587		088
@jaumejfm	<a href="https://twitter.com/jaumejfm" target="_blank">jaumejfm</a>	20	0	1	2860	2890	42764		048
@jaumejosafenes	<a href="https://twitter.com/jaumejosafenes" target="_blank">jaumejosafenes</a>	6	0	2	1474	1649	44026	Barcelona.	080
@JaumeLlach	<a href="https://twitter.com/JaumeLlach" target="_blank">JaumeLlach</a>	2	2	0	134	358	3981	cadaques	156
@JaumeLlanso	<a href="https://twitter.com/JaumeLlanso" target="_blank">JaumeLlanso</a>	6	0	1	186	20	1683		065
@JaumeMaeso	<a href="https://twitter.com/JaumeMaeso" target="_blank">JaumeMaeso</a>	1	0	1	1132	644	5954	Terrassa, Països Catalans	010
@JaumeMarfany	<a href="https://twitter.com/JaumeMarfany" target="_blank">JaumeMarfany</a>	4	0	1	5733	2147	13407	Països Catalans	010
@jaumemarva	<a href="https://twitter.com/jaumemarva" target="_blank">jaumemarva</a>	2	0	1	1111	1337	12914	Balaguer, Catalonia	010
@JaumeMontserrat	<a href="https://twitter.com/JaumeMontserrat" target="_blank">JaumeMontserrat</a>	2	0	1	159	156	2858	Catalunya, Girona	010
@JaumeNorberto	<a href="https://twitter.com/JaumeNorberto" target="_blank">JaumeNorberto</a>	6	0	1	599	1478	5744	Vic	010
@jaumepre	<a href="https://twitter.com/jaumepre" target="_blank">jaumepre</a>	2	1	1	2207	3255	9477	Barcelona, Catalunya	064
@jaumesol	<a href="https://twitter.com/jaumesol" target="_blank">jaumesol</a>	31	0	1	690	324	76126	Vidreres (Girona) Spain	010
@jaumet1983	<a href="https://twitter.com/jaumet1983" target="_blank">jaumet1983</a>	0	1	0					167
@jaumetcas	<a href="https://twitter.com/jaumetcas" target="_blank">jaumetcas</a>	1	0	1	68	207	439		010
@jaumetrunyo	<a href="https://twitter.com/jaumetrunyo" target="_blank">jaumetrunyo</a>	11	0	1	48	70	4666		010
@jaumevallde	<a href="https://twitter.com/jaumevallde" target="_blank">jaumevallde</a>	4	0	1	244	527	2297	Barcelona, Catalunya	010
@Javi_Quique_OK	<a href="https://twitter.com/Javi_Quique_OK" target="_blank">Javi_Quique_OK</a>	34	0	1	26859	19052	400612	Galdo, España	010
@javibigbang	<a href="https://twitter.com/javibigbang" target="_blank">javibigbang</a>	1	0	1	33	116	361	Palma, Islas Baleares	010
@JavierBcn72	<a href="https://twitter.com/JavierBcn72" target="_blank">JavierBcn72</a>	1	0	1	2215	1784	46102	Barcelona	105
@JavierRdV	<a href="https://twitter.com/JavierRdV" target="_blank">JavierRdV</a>	3	0	1	55	253	376	BARCELONA,ESPAÑA	010
@javilp7	<a href="https://twitter.com/javilp7" target="_blank">javilp7</a>	2	0	1	663	828	12590	Granollers	010
@javisr14	<a href="https://twitter.com/javisr14" target="_blank">javisr14</a>	8	0	1	129	471	21651	Barcelona	001
@jballesbcn	<a href="https://twitter.com/jballesbcn" target="_blank">jballesbcn</a>	7	0	1	329	435	27525	Instagram : @jballesbcn	010
@jbatlle	<a href="https://twitter.com/jbatlle" target="_blank">jbatlle</a>	12	0	1	715	1065	13072		010
@JBCaturla	<a href="https://twitter.com/JBCaturla" target="_blank">JBCaturla</a>	10	0	1	86	52	6622		039
@jberrar	<a href="https://twitter.com/jberrar" target="_blank">jberrar</a>	1	0	1	122	363	1201	CATALUNYA	140
@jbiscarri	<a href="https://twitter.com/jbiscarri" target="_blank">jbiscarri</a>	1	0	1	264	205	1704	41.40158, 2.13680	010
@jbkammerer	<a href="https://twitter.com/jbkammerer" target="_blank">jbkammerer</a>	3	0	1	225	240	26348	Alsace, France	010
@JBorralle	<a href="https://twitter.com/JBorralle" target="_blank">JBorralle</a>	10	5	1	193	248	2813	Prats de Lluçanès, Catalunya	024
@jbrichsg	<a href="https://twitter.com/jbrichsg" target="_blank">jbrichsg</a>	18	0	2	415	339	61067	Vilanova i la Geltrú	039
@JC_Gonzalo69	<a href="https://twitter.com/JC_Gonzalo69" target="_blank">JC_Gonzalo69</a>	5	0	1	46	217	3091	Sabadell, España	010
@jcarlesr	<a href="https://twitter.com/jcarlesr" target="_blank">jcarlesr</a>	15	0	1	192	854	18116		010
@JCFriasF	<a href="https://twitter.com/JCFriasF" target="_blank">JCFriasF</a>	2	0	1	1108	1655	11998		082
@jcogra	<a href="https://twitter.com/jcogra" target="_blank">jcogra</a>	5	0	2	260	437	6349		011
@jdtfilosofia	<a href="https://twitter.com/jdtfilosofia" target="_blank">jdtfilosofia</a>	11	0	2	7735	7197	10436	Desembarco del Rey (7 Reinos)	052
@jejeloos	<a href="https://twitter.com/jejeloos" target="_blank">jejeloos</a>	2	0	1	209	528	3017	Igualada, Rubió - Catalunya	150
@Jep_dx	<a href="https://twitter.com/Jep_dx" target="_blank">Jep_dx</a>	5	0	1	246	483	16678	Caldes de Montbui, Catalunya	210
@jeptorne	<a href="https://twitter.com/jeptorne" target="_blank">jeptorne</a>	2	0	1	353	712	14138	Catalonia	001
@Jerptb	<a href="https://twitter.com/Jerptb" target="_blank">Jerptb</a>	3	0	1	14	73	346		010
@JessySnake	<a href="https://twitter.com/JessySnake" target="_blank">JessySnake</a>	27	0	2	185	359	8258		068
@jesuset58	<a href="https://twitter.com/jesuset58" target="_blank">jesuset58</a>	6	1	0	2679	2601	32700	I am Catalan	005
@jfolguera	<a href="https://twitter.com/jfolguera" target="_blank">jfolguera</a>	2	0	1	610	1192	6749	Parets del Vallès, Barcelona	091
@jfont11	<a href="https://twitter.com/jfont11" target="_blank">jfont11</a>	2	0	1	862	313	1777		010
@JGasen	<a href="https://twitter.com/JGasen" target="_blank">JGasen</a>	3	0	1	127	494	3347		092
@jgomezz	<a href="https://twitter.com/jgomezz" target="_blank">jgomezz</a>	2	0	1	580	948	17914	Londres, Inglaterra	082
@jguillaumes	<a href="https://twitter.com/jguillaumes" target="_blank">jguillaumes</a>	9	0	1	463	495	33433	Barcelona	185
@Jgutsems	<a href="https://twitter.com/Jgutsems" target="_blank">Jgutsems</a>	1	0	1	156	663	2591	Catalunya, Europa	175
@Jhguzman10	<a href="https://twitter.com/Jhguzman10" target="_blank">Jhguzman10</a>	4	0	1	286	739	12519	Calella, Barcelona	010
@jhuguetn	<a href="https://twitter.com/jhuguetn" target="_blank">jhuguetn</a>	1	0	1	14	77	146	Alkmaar NL	010
@Jimirebeld	<a href="https://twitter.com/Jimirebeld" target="_blank">Jimirebeld</a>	1	0	1	970	117	7078		010
@jimnez_paqui	<a href="https://twitter.com/jimnez_paqui" target="_blank">jimnez_paqui</a>	4	0	3	711	961	18047		087
@jjrubira	<a href="https://twitter.com/jjrubira" target="_blank">jjrubira</a>	7	0	1	116	491	2343	Catalunya	010
@jksnova	<a href="https://twitter.com/jksnova" target="_blank">jksnova</a>	21	0	1	470	585	9475	Badalona, Catalonia	010
@jlatorref	<a href="https://twitter.com/jlatorref" target="_blank">jlatorref</a>	0	1	0					166
@jm_cabases	<a href="https://twitter.com/jm_cabases" target="_blank">jm_cabases</a>	7	0	1	734	264	45939	Entre el Vallès i el Segrià	194
@jm_clavero	<a href="https://twitter.com/jm_clavero" target="_blank">jm_clavero</a>	2	0	1	6822	635	8183		055
@jmaltayo	<a href="https://twitter.com/jmaltayo" target="_blank">jmaltayo</a>	19	0	1	145	841	13412	Barcelona. Catalunya.	010
@JManubens	<a href="https://twitter.com/JManubens" target="_blank">JManubens</a>	1	0	1	1594	3079	22635	Catalunya EUROPA	010
@jmartinezcasan	<a href="https://twitter.com/jmartinezcasan" target="_blank">jmartinezcasan</a>	3	0	1	132	420	3557		010
@jmartinlloret	<a href="https://twitter.com/jmartinlloret" target="_blank">jmartinlloret</a>	1	0	1	792	986	3131		002
@jmcaballero58	<a href="https://twitter.com/jmcaballero58" target="_blank">jmcaballero58</a>	15	0	1	592	488	53898		050
@jmdalmau	<a href="https://twitter.com/jmdalmau" target="_blank">jmdalmau</a>	4	0	1	221	545	8646	Catalunya	010
@jmecanic	<a href="https://twitter.com/jmecanic" target="_blank">jmecanic</a>	8	0	1	157	156	23707	tarragona	005
@jmedinaalsina	<a href="https://twitter.com/jmedinaalsina" target="_blank">jmedinaalsina</a>	4	5	0	1480	910	17789		014
@jmfesplugas	<a href="https://twitter.com/jmfesplugas" target="_blank">jmfesplugas</a>	1	0	1	0	12	20		010
@jmgrau76	<a href="https://twitter.com/jmgrau76" target="_blank">jmgrau76</a>	5	0	2	2656	1237	54631	Entre Tarragona i Flix.	060
@jmgudy	<a href="https://twitter.com/jmgudy" target="_blank">jmgudy</a>	1	0	1	304	593	3797	41.384464,2.1126547	010
@Jmhornet	<a href="https://twitter.com/Jmhornet" target="_blank">Jmhornet</a>	3	0	1	9	173	437	Igualada, Catalunya	010
@JMMD8	<a href="https://twitter.com/JMMD8" target="_blank">JMMD8</a>	7	0	1	1790	4103	27028		040
@Jmsa76	<a href="https://twitter.com/Jmsa76" target="_blank">Jmsa76</a>	2	0	1	153	637	734		010
@jmterricabras	<a href="https://twitter.com/jmterricabras" target="_blank">jmterricabras</a>	1	7	0	32928	606	3914	Girona	044
@JMTibau	<a href="https://twitter.com/JMTibau" target="_blank">JMTibau</a>	2	1	0	3232	2866	8920	Tortosa/Cornudella. Catalunya	257
@jmvidalillanes	<a href="https://twitter.com/jmvidalillanes" target="_blank">jmvidalillanes</a>	46	0	1	6107	1886	85501	Illes Balears (Mediterrània)	031
@JNCBCN	<a href="https://twitter.com/JNCBCN" target="_blank">JNCBCN</a>	9	0	1	2697	1842	7635	Barcelona	010
@Jnirap	<a href="https://twitter.com/Jnirap" target="_blank">Jnirap</a>	2	0	1	76	135	3705	Uranus	010
@joan_abs	<a href="https://twitter.com/joan_abs" target="_blank">joan_abs</a>	17	0	1	1491	1597	47038	Catalunya	010
@Joan_Llacuna	<a href="https://twitter.com/Joan_Llacuna" target="_blank">Joan_Llacuna</a>	5	0	1	1678	945	27016	Barcelona, Catalunya	063
@Joan_Urgelles	<a href="https://twitter.com/Joan_Urgelles" target="_blank">Joan_Urgelles</a>	1	0	1	688	505	16825	l'Havana xica	010
@Joan_Vendrell	<a href="https://twitter.com/Joan_Vendrell" target="_blank">Joan_Vendrell</a>	1	0	1	441	693	10440		010
@joanabarbany	<a href="https://twitter.com/joanabarbany" target="_blank">joanabarbany</a>	1	0	1	2229	1542	8795	Sant Cugat del Vallès	010
@joanagabarrof	<a href="https://twitter.com/joanagabarrof" target="_blank">joanagabarrof</a>	88	0	1	626	264	100639		010
@joanAlmogavers	<a href="https://twitter.com/joanAlmogavers" target="_blank">joanAlmogavers</a>	2	0	1	1427	2103	20870	Catalonia	010
@joanantoniherr2	<a href="https://twitter.com/joanantoniherr2" target="_blank">joanantoniherr2</a>	2	0	1	70	224	2328		080
@joanbague	<a href="https://twitter.com/joanbague" target="_blank">joanbague</a>	5	0	1	2848	2858	23511	Girona	058
@JoanBay	<a href="https://twitter.com/JoanBay" target="_blank">JoanBay</a>	38	0	1	2356	4275	118153	el masnou/bcn/països catalans	063
@JoanBGS	<a href="https://twitter.com/JoanBGS" target="_blank">JoanBGS</a>	12	2	1	674	687	14727	Catalunya	083
@JoanBragulat	<a href="https://twitter.com/JoanBragulat" target="_blank">JoanBragulat</a>	10	0	1	456	2446	2867	Barcelona, Catalunya	090
@joancamaracasad	<a href="https://twitter.com/joancamaracasad" target="_blank">joancamaracasad</a>	1	0	1	25	164	2886	Arenys de Mar, España	010
@joancguerrero	<a href="https://twitter.com/joancguerrero" target="_blank">joancguerrero</a>	20	0	1	813	3313	14331	BCN&GRN ||*||	010
@JoanCplanella	<a href="https://twitter.com/JoanCplanella" target="_blank">JoanCplanella</a>	1	0	1	159	231	1011	CAMPRODON?	010
@joandausa	<a href="https://twitter.com/joandausa" target="_blank">joandausa</a>	1	1	0	14698	3663	3971	Sant Feliu de Llobregat. CAT	256
@JoanEdo	<a href="https://twitter.com/JoanEdo" target="_blank">JoanEdo</a>	2	0	1	35	116	717	H Eart H	010
@Joanetdigualada	<a href="https://twitter.com/Joanetdigualada" target="_blank">Joanetdigualada</a>	2	0	1	131	531	2240	Ordino,	010
@JoanFiga	<a href="https://twitter.com/JoanFiga" target="_blank">JoanFiga</a>	31	0	1	382	1448	2041	Cardedeu. República Catalana.	010
@joanguasch2	<a href="https://twitter.com/joanguasch2" target="_blank">joanguasch2</a>	3	0	1	118	192	6224		151
@joanguila	<a href="https://twitter.com/joanguila" target="_blank">joanguila</a>	9	0	1	653	629	26566	Palma (PPCC)	010
@JoanIgualada	<a href="https://twitter.com/JoanIgualada" target="_blank">JoanIgualada</a>	13	0	1	1477	1399	2732		004
@joanjosepisern	<a href="https://twitter.com/joanjosepisern" target="_blank">joanjosepisern</a>	5	0	5	2820	295	27747	Catalunya	002
@joanmariapique	<a href="https://twitter.com/joanmariapique" target="_blank">joanmariapique</a>	12	1357	0	18693	3854	90362	Barcelona, Catalunya	010
@joanquisal	<a href="https://twitter.com/joanquisal" target="_blank">joanquisal</a>	4	0	1	1091	392	17950		010
@joanteixa	<a href="https://twitter.com/joanteixa" target="_blank">joanteixa</a>	3	0	1	75	316	1059		010
@joanturro	<a href="https://twitter.com/joanturro" target="_blank">joanturro</a>	1	0	1	449	518	319	Catalunya	010
@Joanvcstr	<a href="https://twitter.com/Joanvcstr" target="_blank">Joanvcstr</a>	1	0	1	31	135	542		010
@jobarcol	<a href="https://twitter.com/jobarcol" target="_blank">jobarcol</a>	1	0	1	5	130	384		215
@jobegran	<a href="https://twitter.com/jobegran" target="_blank">jobegran</a>	1	0	1	243	523	1326		228
@jocrusells	<a href="https://twitter.com/jocrusells" target="_blank">jocrusells</a>	12	0	1	104	226	6160		010
@JoelBernaus	<a href="https://twitter.com/JoelBernaus" target="_blank">JoelBernaus</a>	9	0	2	161	84	26007	Lleida	055
@joelregue	<a href="https://twitter.com/joelregue" target="_blank">joelregue</a>	1	0	1	384	448	1928		010
@joelsola12	<a href="https://twitter.com/joelsola12" target="_blank">joelsola12</a>	4	0	1	401	1129	4983	Terrassa, Països Catalans	010
@joelv_p	<a href="https://twitter.com/joelv_p" target="_blank">joelv_p</a>	1	0	1	14	129	23		238
@jofre53	<a href="https://twitter.com/jofre53" target="_blank">jofre53</a>	10	0	1	23	36	1453		004
@JofrePilos	<a href="https://twitter.com/JofrePilos" target="_blank">JofrePilos</a>	14	0	1	463	947	24411		010
@jolocat	<a href="https://twitter.com/jolocat" target="_blank">jolocat</a>	1	0	1	5	43	122	Barcelona, Espanya	010
@JoMarina55	<a href="https://twitter.com/JoMarina55" target="_blank">JoMarina55</a>	13	0	1	3350	3751	135563	Barcelona	010
@jomsdev	<a href="https://twitter.com/jomsdev" target="_blank">jomsdev</a>	1	0	1	112	626	1968	San Jose, CA	010
@JonathanLVera	<a href="https://twitter.com/JonathanLVera" target="_blank">JonathanLVera</a>	8	0	1	756	79	10326	Barcelona	120
@JonBetaMax	<a href="https://twitter.com/JonBetaMax" target="_blank">JonBetaMax</a>	6	0	1	74	355	6189	Catalunya	010
@JoniMullor	<a href="https://twitter.com/JoniMullor" target="_blank">JoniMullor</a>	4	0	1	31	210	977	girona	010
@JonNReinicke	<a href="https://twitter.com/JonNReinicke" target="_blank">JonNReinicke</a>	4	0	1	40	216	2067	Barcelona	010
@joplara	<a href="https://twitter.com/joplara" target="_blank">joplara</a>	6	0	1	326	892	16420	Catalunya	010
@JordaFiter	<a href="https://twitter.com/JordaFiter" target="_blank">JordaFiter</a>	9	0	1	19	100	2913		010
@jordanesku10	<a href="https://twitter.com/jordanesku10" target="_blank">jordanesku10</a>	9	0	1	603	792	47622	Barcelona, Catalonia	089
@JordcatG	<a href="https://twitter.com/JordcatG" target="_blank">JordcatG</a>	4	0	1	76	264	7340		010
@Jordi__Mur	<a href="https://twitter.com/Jordi__Mur" target="_blank">Jordi__Mur</a>	8	0	1	998	2147	10593	Barcelona.	010
@jordi_bernalC	<a href="https://twitter.com/jordi_bernalC" target="_blank">jordi_bernalC</a>	2	0	1	111	522	2722	Perigord, France	090
@Jordi_Ganzer	<a href="https://twitter.com/Jordi_Ganzer" target="_blank">Jordi_Ganzer</a>	1	0	1	2	20	38	London, England	010
@jordi_jimix	<a href="https://twitter.com/jordi_jimix" target="_blank">jordi_jimix</a>	2	0	1	13	62	15		017
@Jordi_Margalef	<a href="https://twitter.com/Jordi_Margalef" target="_blank">Jordi_Margalef</a>	3	0	1	373	999	5233	BCN-Lleida-Mallorca	088
@jordi_naval	<a href="https://twitter.com/jordi_naval" target="_blank">jordi_naval</a>	21	0	1	530	857	18032	Barcelona, Espanya	018
@jordi_palomo	<a href="https://twitter.com/jordi_palomo" target="_blank">jordi_palomo</a>	1	0	1	185	566	2660		010
@jordi_rubioes	<a href="https://twitter.com/jordi_rubioes" target="_blank">jordi_rubioes</a>	2	0	1	348	519	2327	Olot, Catalunya	018
@jordi_semi	<a href="https://twitter.com/jordi_semi" target="_blank">jordi_semi</a>	1	0	1	11	33	88		010
@Jordi278	<a href="https://twitter.com/Jordi278" target="_blank">Jordi278</a>	10	0	1	74	361	7154	Catalunya	010
@Jordi46003628	<a href="https://twitter.com/Jordi46003628" target="_blank">Jordi46003628</a>	1	0	1	12	131	183		011
@JordiAD_27	<a href="https://twitter.com/JordiAD_27" target="_blank">JordiAD_27</a>	8	0	1	352	1270	7835	St Andreu d Palomar, ara Navàs	010
@JordiAlabert85	<a href="https://twitter.com/JordiAlabert85" target="_blank">JordiAlabert85</a>	1	0	1	212	124	277		086
@jordials	<a href="https://twitter.com/jordials" target="_blank">jordials</a>	2	1	0	1030	1288	9322	Barcelona - Súria	002
@JordiAmate	<a href="https://twitter.com/JordiAmate" target="_blank">JordiAmate</a>	1	0	1	84	11	9888		010
@JordianaE	<a href="https://twitter.com/JordianaE" target="_blank">JordianaE</a>	1	0	1	12	30	20		240
@jordibacha	<a href="https://twitter.com/jordibacha" target="_blank">jordibacha</a>	1	0	1	28191	24001	163109	Sabadell Catalunya	010
@jordibarreda22	<a href="https://twitter.com/jordibarreda22" target="_blank">jordibarreda22</a>	3	0	1	49	155	233		010
@jordiborras_ttr	<a href="https://twitter.com/jordiborras_ttr" target="_blank">jordiborras_ttr</a>	7	0	1	429	823	20270	les Borges del Camp, Espanya	010
@jordiconesaree	<a href="https://twitter.com/jordiconesaree" target="_blank">jordiconesaree</a>	4	0	1	155	1178	3451		011
@Jordicorfont	<a href="https://twitter.com/Jordicorfont" target="_blank">Jordicorfont</a>	5	0	1	25	66	308		164
@jordicrisol	<a href="https://twitter.com/jordicrisol" target="_blank">jordicrisol</a>	8	0	1	3065	1652	26406	Badalona - Barcelona	098
@jordifolchr	<a href="https://twitter.com/jordifolchr" target="_blank">jordifolchr</a>	2	0	1	216	385	5256	Barcelona-Catalunya	010
@jordifranc	<a href="https://twitter.com/jordifranc" target="_blank">jordifranc</a>	7	0	1	7319	7073	56671	Barcelona,Catalunya,Via Làctia	010
@JordiGabarro	<a href="https://twitter.com/JordiGabarro" target="_blank">JordiGabarro</a>	1	0	1	63	93	11474		018
@jordigilabert	<a href="https://twitter.com/jordigilabert" target="_blank">jordigilabert</a>	2	1	0	1955	1869	20411	montmeló / granollers	242
@jordigl4	<a href="https://twitter.com/jordigl4" target="_blank">jordigl4</a>	1	0	1	368	574	659	Mataró	010
@JordiGranUmbert	<a href="https://twitter.com/JordiGranUmbert" target="_blank">JordiGranUmbert</a>	2	0	1	239	338	2962	Besalu, Catalunya	010
@JordiJDC	<a href="https://twitter.com/JordiJDC" target="_blank">JordiJDC</a>	3	0	2	189	568	23714	Catalunya	082
@Jordijpardo	<a href="https://twitter.com/Jordijpardo" target="_blank">Jordijpardo</a>	11	0	2	667	960	18180	Sabadell. Catalonia. PPCC	057
@jordijuanico	<a href="https://twitter.com/jordijuanico" target="_blank">jordijuanico</a>	1	1	0	801	600	3936	Catalunya	241
@Jordilic	<a href="https://twitter.com/Jordilic" target="_blank">Jordilic</a>	4	0	1	406	415	4909	Premià de Mar	010
@JordiMariaPau1	<a href="https://twitter.com/JordiMariaPau1" target="_blank">JordiMariaPau1</a>	19	0	2	38	83	6083	Barcelona, Catalonia	043
@jordimas25	<a href="https://twitter.com/jordimas25" target="_blank">jordimas25</a>	1	0	1	1213	4143	4008	Barcelona, Catalonia, Spain	018
@jordimassa	<a href="https://twitter.com/jordimassa" target="_blank">jordimassa</a>	4	0	1	401	1150	8056		010
@jordimiquelroca	<a href="https://twitter.com/jordimiquelroca" target="_blank">jordimiquelroca</a>	2	0	2	29	47	855		058
@JordiMonros	<a href="https://twitter.com/JordiMonros" target="_blank">JordiMonros</a>	10	7	0	2695	2133	17322	L'Hospitalet de Llobregat	046
@jordimurgo	<a href="https://twitter.com/jordimurgo" target="_blank">jordimurgo</a>	3	0	1	1689	1222	8156	Lleida - Catalonia - Europe	001
@jordimvila	<a href="https://twitter.com/jordimvila" target="_blank">jordimvila</a>	5	0	1	581	299	6152		088
@JORDINADOR	<a href="https://twitter.com/JORDINADOR" target="_blank">JORDINADOR</a>	17	0	1	10094	1323	142227	Barcelona, Catalunya	010
@JordiPasto	<a href="https://twitter.com/JordiPasto" target="_blank">JordiPasto</a>	2	0	1	210	1960	2685	Lleida	010
@JordiPontt	<a href="https://twitter.com/JordiPontt" target="_blank">JordiPontt</a>	2	0	2	520	611	1518	Valls	071
@jordipota	<a href="https://twitter.com/jordipota" target="_blank">jordipota</a>	1	0	1	658	572	3199	Barcelona	010
@jordiregincos	<a href="https://twitter.com/jordiregincos" target="_blank">jordiregincos</a>	1	0	1	201	475	1069	Torroella de Montgrí / Girona	010
@jordisantacruz4	<a href="https://twitter.com/jordisantacruz4" target="_blank">jordisantacruz4</a>	3	0	1	197	443	1356	La Seu d'Urgell	049
@Jordisebastia	<a href="https://twitter.com/Jordisebastia" target="_blank">Jordisebastia</a>	2	0	1	857	721	34714	Terres de l'Ebre	025
@JordiSeguer	<a href="https://twitter.com/JordiSeguer" target="_blank">JordiSeguer</a>	1	8	0	1304	678	6811		091
@jordisio1971	<a href="https://twitter.com/jordisio1971" target="_blank">jordisio1971</a>	2	0	1	82	225	426	El Prat de Llobregat	010
@JordiSouto	<a href="https://twitter.com/JordiSouto" target="_blank">JordiSouto</a>	6	0	2	1051	731	4756	Lleida	001
@JordiTorres78	<a href="https://twitter.com/JordiTorres78" target="_blank">JordiTorres78</a>	4	0	1	1043	989	20973	Girona	080
@JordiVD1	<a href="https://twitter.com/JordiVD1" target="_blank">JordiVD1</a>	2	0	1	72	163	671		002
@JordiVPou	<a href="https://twitter.com/JordiVPou" target="_blank">JordiVPou</a>	4	1	2	1305	518	15858	Lleida	018
@jordixtr	<a href="https://twitter.com/jordixtr" target="_blank">jordixtr</a>	6	0	2	297	451	29355	Badalona	039
@jordixyoli	<a href="https://twitter.com/jordixyoli" target="_blank">jordixyoli</a>	8	0	1	55	156	3959	Barcelona	010
@jordiyhermi	<a href="https://twitter.com/jordiyhermi" target="_blank">jordiyhermi</a>	1	0	1	6	17	88		010
@JorginaMarser	<a href="https://twitter.com/JorginaMarser" target="_blank">JorginaMarser</a>	8	0	1	84	179	4602		010
@jorginapuig	<a href="https://twitter.com/jorginapuig" target="_blank">jorginapuig</a>	4	0	1	436	792	17934	la dicotomia és perfecta ~	004
@joriolcarbonell	<a href="https://twitter.com/joriolcarbonell" target="_blank">joriolcarbonell</a>	1	0	1	74	46	207	Claravalls, a l'Urgell	010
@jorquera4	<a href="https://twitter.com/jorquera4" target="_blank">jorquera4</a>	1	0	1	270	235	3924		010
@jorse65	<a href="https://twitter.com/jorse65" target="_blank">jorse65</a>	6	0	2	341	438	16930	Catalunya	001
@Jortx	<a href="https://twitter.com/Jortx" target="_blank">Jortx</a>	1	0	1	126	392	5013		010
@JOSBAUSA	<a href="https://twitter.com/JOSBAUSA" target="_blank">JOSBAUSA</a>	5	0	1	4708	3386	84384	MALLORCA	010
@joscampolier	<a href="https://twitter.com/joscampolier" target="_blank">joscampolier</a>	7	0	1	176	502	3150		010
@jose____diaz	<a href="https://twitter.com/jose____diaz" target="_blank">jose____diaz</a>	2	0	1	488	2636	2822		010
@jose_l_ht	<a href="https://twitter.com/jose_l_ht" target="_blank">jose_l_ht</a>	1	0	1	76	129	1290	Barcelona	001
@Joseandonosti	<a href="https://twitter.com/Joseandonosti" target="_blank">Joseandonosti</a>	1	0	1	35	72	159	Donostia - San Sebastian	042
@JoseMari2013	<a href="https://twitter.com/JoseMari2013" target="_blank">JoseMari2013</a>	2	0	1	186	568	5420	Tarragona	010
@josemsantasusan	<a href="https://twitter.com/josemsantasusan" target="_blank">josemsantasusan</a>	5	0	1	139	166	4054		010
@JOSEP_MENORQUI	<a href="https://twitter.com/JOSEP_MENORQUI" target="_blank">JOSEP_MENORQUI</a>	4	1	1	170	380	7974	Terrassa. R.I.Catalunya	027
@josep_nebot	<a href="https://twitter.com/josep_nebot" target="_blank">josep_nebot</a>	1	0	1	1	67	4		010
@josep_segura	<a href="https://twitter.com/josep_segura" target="_blank">josep_segura</a>	2	0	1	23	82	288	Cataluña, España	010
@josepaals	<a href="https://twitter.com/josepaals" target="_blank">josepaals</a>	17	0	1	328	302	54662		010
@JosepArnan	<a href="https://twitter.com/JosepArnan" target="_blank">JosepArnan</a>	9	0	1	840	1107	29777	Catalunya	010
@JosepArnau	<a href="https://twitter.com/JosepArnau" target="_blank">JosepArnau</a>	26	1	1	2350	2545	61809	Dublin City, Ireland	010
@josepbaucells12	<a href="https://twitter.com/josepbaucells12" target="_blank">josepbaucells12</a>	3	0	2	5359	5222	45576		027
@JosepCanals222	<a href="https://twitter.com/JosepCanals222" target="_blank">JosepCanals222</a>	47	0	1	435	276	66515	REPÚBLICA DE CATALUNYA, UE.	082
@josepcgtense	<a href="https://twitter.com/josepcgtense" target="_blank">josepcgtense</a>	3	0	1	100	49	1179		110
@josepdolot	<a href="https://twitter.com/josepdolot" target="_blank">josepdolot</a>	7	0	1	135	429	2799		010
@Josepesaroni	<a href="https://twitter.com/Josepesaroni" target="_blank">Josepesaroni</a>	2	0	1	10	31	64		010
@josepfroura	<a href="https://twitter.com/josepfroura" target="_blank">josepfroura</a>	8	0	1	51	540	4687	Besalú	080
@josepgallart	<a href="https://twitter.com/josepgallart" target="_blank">josepgallart</a>	4	0	1	686	656	7652	Caldes de Montbui	100
@josepgoded	<a href="https://twitter.com/josepgoded" target="_blank">josepgoded</a>	0	5	0					029
@JosepLluis_zapp	<a href="https://twitter.com/JosepLluis_zapp" target="_blank">JosepLluis_zapp</a>	2	0	1	2	26	471	Catalunya, Espanya	010
@JosepLosantos	<a href="https://twitter.com/JosepLosantos" target="_blank">JosepLosantos</a>	15	0	9	18	39	1008		002
@Josepmariadr	<a href="https://twitter.com/Josepmariadr" target="_blank">Josepmariadr</a>	1	0	1	9	29	55		010
@JosepmariaJosep	<a href="https://twitter.com/JosepmariaJosep" target="_blank">JosepmariaJosep</a>	17	0	1	301	534	8947	Barcelona, España	010
@josepmendez78	<a href="https://twitter.com/josepmendez78" target="_blank">josepmendez78</a>	11	0	1	944	678	11107	Repùblica Catalana	204
@josepmontbull	<a href="https://twitter.com/josepmontbull" target="_blank">josepmontbull</a>	1	0	1	25	172	464		010
@josepmunoz	<a href="https://twitter.com/josepmunoz" target="_blank">josepmunoz</a>	3	0	1	53	462	1064	Catalunya	010
@josepOna	<a href="https://twitter.com/josepOna" target="_blank">josepOna</a>	2	0	1	165	334	3072	Sabadell	057
@JosepSerna	<a href="https://twitter.com/JosepSerna" target="_blank">JosepSerna</a>	4	0	1	50	112	5102	Sabadell, Espanya	010
@JosepTellez	<a href="https://twitter.com/JosepTellez" target="_blank">JosepTellez</a>	6	0	1	6238	1162	21269	Badalona	009
@JosepTraphero	<a href="https://twitter.com/JosepTraphero" target="_blank">JosepTraphero</a>	1	0	1	69	33	140	Barcelona, Catalunya	010
@joseptweet	<a href="https://twitter.com/joseptweet" target="_blank">joseptweet</a>	6	0	1	97	181	4189	Reus	010
@josepuntcat	<a href="https://twitter.com/josepuntcat" target="_blank">josepuntcat</a>	9	12	0	22323	19166	41366	9NSíSí~ViaCatT50~V14~M15~Tgn16	011
@josepvives	<a href="https://twitter.com/josepvives" target="_blank">josepvives</a>	4	0	1	444	935	4929	Barcelona	010
@JoseRamonGasco1	<a href="https://twitter.com/JoseRamonGasco1" target="_blank">JoseRamonGasco1</a>	1	0	1	8	98	100		010
@josfer122	<a href="https://twitter.com/josfer122" target="_blank">josfer122</a>	1	0	1	262	374	2328	Figueres, Catalunya Lliure	146
@josoclamarta	<a href="https://twitter.com/josoclamarta" target="_blank">josoclamarta</a>	2	0	1	89	75	3316	Catalunya	010
@josoclaquima	<a href="https://twitter.com/josoclaquima" target="_blank">josoclaquima</a>	1	0	1	15	113	14	Catalunya	010
@jota_esa	<a href="https://twitter.com/jota_esa" target="_blank">jota_esa</a>	1	0	1	1	14	160		010
@jotaemaPPCC	<a href="https://twitter.com/jotaemaPPCC" target="_blank">jotaemaPPCC</a>	2	0	1	536	1318	4113	Olius - El Farró, Catalunya	010
@jove_gracienc	<a href="https://twitter.com/jove_gracienc" target="_blank">jove_gracienc</a>	3	0	1	354	1288	10894	Vila de Gràcia, PPCC	092
@jovespagesos	<a href="https://twitter.com/jovespagesos" target="_blank">jovespagesos</a>	1	1	0	214	59	250		239
@JovesValls	<a href="https://twitter.com/JovesValls" target="_blank">JovesValls</a>	1	1	0	8408	2048	6118	Valls	071
@joxeanurkiola	<a href="https://twitter.com/joxeanurkiola" target="_blank">joxeanurkiola</a>	5	0	1	1040	1034	35239	Euskal Herria	042
@jpadros	<a href="https://twitter.com/jpadros" target="_blank">jpadros</a>	11	0	1	1013	3934	9620	Republic of Catalonia	088
@jpadullers	<a href="https://twitter.com/jpadullers" target="_blank">jpadullers</a>	1	0	1	77	273	406		010
@Jpg00000G	<a href="https://twitter.com/Jpg00000G" target="_blank">Jpg00000G</a>	30	0	1	31	35	3792	Montgat, España	010
@jpolpirru	<a href="https://twitter.com/jpolpirru" target="_blank">jpolpirru</a>	2	0	1	192	398	1861	República de Catalunya	010
@jpp902s2	<a href="https://twitter.com/jpp902s2" target="_blank">jpp902s2</a>	14	0	1	702	594	36761		010
@Jpujolicart	<a href="https://twitter.com/Jpujolicart" target="_blank">Jpujolicart</a>	1	0	1	182	412	14901	France	001
@JRafe1	<a href="https://twitter.com/JRafe1" target="_blank">JRafe1</a>	7	0	1	123	404	8724	Badalona, Catalunya	010
@JramonMp	<a href="https://twitter.com/JramonMp" target="_blank">JramonMp</a>	2	0	1	160	1333	2927		011
@JredondoK	<a href="https://twitter.com/JredondoK" target="_blank">JredondoK</a>	15	0	1	290	227	40899		010
@jsgispert	<a href="https://twitter.com/jsgispert" target="_blank">jsgispert</a>	3	0	2	12220	9696	9127	Catalunya, Europa	024
@jsksanz	<a href="https://twitter.com/jsksanz" target="_blank">jsksanz</a>	0	1	0					240
@JTomasAcosta	<a href="https://twitter.com/JTomasAcosta" target="_blank">JTomasAcosta</a>	3	0	1	295	596	1264	Barcelona	010
@jtrabale	<a href="https://twitter.com/jtrabale" target="_blank">jtrabale</a>	1	0	1	43	72	2035	Catalunya	010
@jtrempi	<a href="https://twitter.com/jtrempi" target="_blank">jtrempi</a>	1	0	1	97	74	680		168
@JTurMadriles	<a href="https://twitter.com/JTurMadriles" target="_blank">JTurMadriles</a>	3	0	1	336	731	9437		010
@juanaguilera55	<a href="https://twitter.com/juanaguilera55" target="_blank">juanaguilera55</a>	1	0	1	685	1063	9795	Catalunya	010
@juancaalvarezg	<a href="https://twitter.com/juancaalvarezg" target="_blank">juancaalvarezg</a>	15	0	1	186	1063	3527	BARCELONA - DARLINGTON (UK)	171
@juanchollc	<a href="https://twitter.com/juanchollc" target="_blank">juanchollc</a>	2	0	1	37	61	4547	Barcelona	004
@juandelosciegos	<a href="https://twitter.com/juandelosciegos" target="_blank">juandelosciegos</a>	16	0	1	363	1388	8919	Viladecans (Barcelona)	154
@juanedla	<a href="https://twitter.com/juanedla" target="_blank">juanedla</a>	5	0	1	30	78	4630	Barcelona	010
@JuanitaBananak	<a href="https://twitter.com/JuanitaBananak" target="_blank">JuanitaBananak</a>	1	0	1	44	453	1072	Barcelona	010
@juanjobote	<a href="https://twitter.com/juanjobote" target="_blank">juanjobote</a>	12	0	1	1742	1116	51242	Barcelona, Cataluña	010
@juanpegarridof	<a href="https://twitter.com/juanpegarridof" target="_blank">juanpegarridof</a>	4	0	1	32	149	2115	Móstoles, España	225
@JuanSarasola	<a href="https://twitter.com/JuanSarasola" target="_blank">JuanSarasola</a>	3	0	1	24	171	842		025
@JuanVi_Lorente	<a href="https://twitter.com/JuanVi_Lorente" target="_blank">JuanVi_Lorente</a>	1	0	1	17	55	229		010
@jucollvi	<a href="https://twitter.com/jucollvi" target="_blank">jucollvi</a>	18	0	1	79	110	24788		080
@JuditJordana	<a href="https://twitter.com/JuditJordana" target="_blank">JuditJordana</a>	4	0	1	1197	2789	21192	Montmajor	010
@JuditLLM	<a href="https://twitter.com/JuditLLM" target="_blank">JuditLLM</a>	1	0	1	5	35	338	Catalunya	010
@JuditPinazo	<a href="https://twitter.com/JuditPinazo" target="_blank">JuditPinazo</a>	1	0	1	87	323	473		010
@juditvida2	<a href="https://twitter.com/juditvida2" target="_blank">juditvida2</a>	8	0	1	115	223	3900	la Bisbal del Penedès, Espanya	058
@juliage111	<a href="https://twitter.com/juliage111" target="_blank">juliage111</a>	1	0	1	25	134	154		203
@JuliaMa96016562	<a href="https://twitter.com/JuliaMa96016562" target="_blank">JuliaMa96016562</a>	18	0	1	64	42	5904		062
@juliangrau	<a href="https://twitter.com/juliangrau" target="_blank">juliangrau</a>	45	0	2	1791	2139	156693	Bueno pues molt bé pues adiós.	018
@julieta_sunyol	<a href="https://twitter.com/julieta_sunyol" target="_blank">julieta_sunyol</a>	2	2	1	22	35	330	Catalunya	084
@julietatojeta	<a href="https://twitter.com/julietatojeta" target="_blank">julietatojeta</a>	1	0	1	93	215	738	Santa Coloma de Gramenet	130
@juliette_pou	<a href="https://twitter.com/juliette_pou" target="_blank">juliette_pou</a>	5	0	1	159	258	4403	Mataró	003
@JuntsSQV	<a href="https://twitter.com/JuntsSQV" target="_blank">JuntsSQV</a>	3	0	1	313	275	1543	Sant Quirze del Vallès	119
@JuntsxSVH	<a href="https://twitter.com/JuntsxSVH" target="_blank">JuntsxSVH</a>	1	0	1	1399	2256	4409	Sant Vicenç dels Horts	017
@justicasado	<a href="https://twitter.com/justicasado" target="_blank">justicasado</a>	4	0	1	88	700	3657		010
@JustoJOrihuela	<a href="https://twitter.com/JustoJOrihuela" target="_blank">JustoJOrihuela</a>	1	0	1	123	110	7222		223
@JValCad	<a href="https://twitter.com/JValCad" target="_blank">JValCad</a>	1	0	1	56	103	1825		010
@jvcalvo	<a href="https://twitter.com/jvcalvo" target="_blank">jvcalvo</a>	3	0	1	216	358	3590	Valencia	010
@jvila31	<a href="https://twitter.com/jvila31" target="_blank">jvila31</a>	24	0	1	345	681	28000	Figueres, Catalunya	010
@JVilalta_cat	<a href="https://twitter.com/JVilalta_cat" target="_blank">JVilalta_cat</a>	4	0	1	54	149	3474		080
@jvilap	<a href="https://twitter.com/jvilap" target="_blank">jvilap</a>	2	0	1	188	319	1979		010
@jvintrom	<a href="https://twitter.com/jvintrom" target="_blank">jvintrom</a>	2	0	1	221	651	3019	Hospitalet de Llobregat	046
@jxufren	<a href="https://twitter.com/jxufren" target="_blank">jxufren</a>	19	0	3	99	348	10658	Barcelona	006
@kabaskule	<a href="https://twitter.com/kabaskule" target="_blank">kabaskule</a>	4	0	1	1934	1949	102093		086
@kaira_cat	<a href="https://twitter.com/kaira_cat" target="_blank">kaira_cat</a>	12	0	1	31	164	8015		058
@Kaleiu	<a href="https://twitter.com/Kaleiu" target="_blank">Kaleiu</a>	2	0	1	214	633	1370		010
@KaleZale	<a href="https://twitter.com/KaleZale" target="_blank">KaleZale</a>	1	1	0	425	798	6156	Atarrabia	237
@KaliYuga13	<a href="https://twitter.com/KaliYuga13" target="_blank">KaliYuga13</a>	20	0	1	343	223	85100		080
@Kamilaahh	<a href="https://twitter.com/Kamilaahh" target="_blank">Kamilaahh</a>	1	0	1	898	2853	6956		248
@KaputxetaRoja	<a href="https://twitter.com/KaputxetaRoja" target="_blank">KaputxetaRoja</a>	2	0	1	606	1723	13114	Països Catalans	010
@karobur57	<a href="https://twitter.com/karobur57" target="_blank">karobur57</a>	6	0	1	640	874	29394	Gràcia, Barcelona , Catalunya	010
@Kasadesus	<a href="https://twitter.com/Kasadesus" target="_blank">Kasadesus</a>	1	1	0	1421	680	5439	Tarragona, Catalunya	238
@kataklock	<a href="https://twitter.com/kataklock" target="_blank">kataklock</a>	28	2	0	1499	2819	42283	República Catalana	034
@kataluno	<a href="https://twitter.com/kataluno" target="_blank">kataluno</a>	12	0	1	130	157	6609		006
@KatMacktub	<a href="https://twitter.com/KatMacktub" target="_blank">KatMacktub</a>	8	0	1	375	1706	15278	Mollerussa, Catalunya	004
@kavisvaski	<a href="https://twitter.com/kavisvaski" target="_blank">kavisvaski</a>	4	3	0	92	212	2085		022
@Kcuatro_	<a href="https://twitter.com/Kcuatro_" target="_blank">Kcuatro_</a>	1	0	1	373	730	2981		010
@Kdospuntcat	<a href="https://twitter.com/Kdospuntcat" target="_blank">Kdospuntcat</a>	1	0	1	184	262	214	Molins de Rei	010
@kediosnosasista	<a href="https://twitter.com/kediosnosasista" target="_blank">kediosnosasista</a>	2	0	1	10	86	358	planeta tierra	100
@KeeganGar	<a href="https://twitter.com/KeeganGar" target="_blank">KeeganGar</a>	8	0	1	332	766	4575	Catalunya	010
@Kellliure	<a href="https://twitter.com/Kellliure" target="_blank">Kellliure</a>	42	0	1	255	366	49993		082
@kgaseni	<a href="https://twitter.com/kgaseni" target="_blank">kgaseni</a>	1	1	0	723	1160	8131		235
@kikucule	<a href="https://twitter.com/kikucule" target="_blank">kikucule</a>	24	0	1	6890	5740	231029	Barcelona, Catalunya	010
@kikupipo	<a href="https://twitter.com/kikupipo" target="_blank">kikupipo</a>	37	0	1	8646	7051	385845		055
@kilombo_70	<a href="https://twitter.com/kilombo_70" target="_blank">kilombo_70</a>	2	0	1	29	119	847		010
@kim_soler	<a href="https://twitter.com/kim_soler" target="_blank">kim_soler</a>	3	0	1	10659	2802	26466	Catalonia, Europe, World	010
@KiMarina26	<a href="https://twitter.com/KiMarina26" target="_blank">KiMarina26</a>	1	0	1	105	327	3212	barcelona	010
@kipic	<a href="https://twitter.com/kipic" target="_blank">kipic</a>	4	0	1	83	243	2796	Ripollet (Països Catalans)	011
@kirichof	<a href="https://twitter.com/kirichof" target="_blank">kirichof</a>	1	0	1	69	82	612	Hospitalet de Llobregat	010
@kittenguardian	<a href="https://twitter.com/kittenguardian" target="_blank">kittenguardian</a>	1	0	1	308	406	1402	Barcelona	010
@knilodelatorra	<a href="https://twitter.com/knilodelatorra" target="_blank">knilodelatorra</a>	0	1	0					234
@KnoDemagog	<a href="https://twitter.com/KnoDemagog" target="_blank">KnoDemagog</a>	13	0	2	157	569	11348	Barcelona	010
@konirametal	<a href="https://twitter.com/konirametal" target="_blank">konirametal</a>	2	2	0	151	133	593	La Geltrú	076
@kopcat30	<a href="https://twitter.com/kopcat30" target="_blank">kopcat30</a>	2	0	1	88	272	4325	catalunya	056
@kovi85	<a href="https://twitter.com/kovi85" target="_blank">kovi85</a>	2	0	1	73	117	1247	N 41°40' 0'' / E 0°36' 0''	010
@Krick__in_inde_	<a href="https://twitter.com/Krick__in_inde_" target="_blank">Krick__in_inde_</a>	1	0	1	345	927	9270	El Prat de Llobregat	010
@kruelspell	<a href="https://twitter.com/kruelspell" target="_blank">kruelspell</a>	5	0	1	109	349	6500	Barcelona	010
@KymaconK	<a href="https://twitter.com/KymaconK" target="_blank">KymaconK</a>	2	0	1	136	512	6429	l'Ametlla del Vallès, Espanya	010
@L_Jaaf	<a href="https://twitter.com/L_Jaaf" target="_blank">L_Jaaf</a>	4	0	1	9	142	1558	Barcelona, Spain	038
@l_obrera	<a href="https://twitter.com/l_obrera" target="_blank">l_obrera</a>	1	3	0	2217	493	2918	Avg de Barberà 142, Sabadell	120
@l0cu	<a href="https://twitter.com/l0cu" target="_blank">l0cu</a>	1	0	1	55	122	266	Terrassa	010
@La_Fillol	<a href="https://twitter.com/La_Fillol" target="_blank">La_Fillol</a>	5	0	1	214	318	6218	Barcelona	010
@LaBiifurcada	<a href="https://twitter.com/LaBiifurcada" target="_blank">LaBiifurcada</a>	1	0	1	276	249	12597	República Catalana	010
@lacudi_rosa	<a href="https://twitter.com/lacudi_rosa" target="_blank">lacudi_rosa</a>	9	0	1	74	189	2148		010
@lacurculla	<a href="https://twitter.com/lacurculla" target="_blank">lacurculla</a>	2	0	1	18	50	614	Girona,  Catalunya	010
@laia_sala	<a href="https://twitter.com/laia_sala" target="_blank">laia_sala</a>	2	0	1	910	662	1641	Terrassa, Barcelona	003
@laiaaragall	<a href="https://twitter.com/laiaaragall" target="_blank">laiaaragall</a>	1	0	1	19	19	193	barcelona	004
@LaiaMateos	<a href="https://twitter.com/LaiaMateos" target="_blank">LaiaMateos</a>	3	0	1	391	1698	8093		010
@laiamateub	<a href="https://twitter.com/laiamateub" target="_blank">laiamateub</a>	1	0	1	110	419	686		010
@laiapardo	<a href="https://twitter.com/laiapardo" target="_blank">laiapardo</a>	6	0	1	289	990	9298	Barcelona	010
@laiapratco	<a href="https://twitter.com/laiapratco" target="_blank">laiapratco</a>	4	0	1	14	109	544	Sabadell, Espanya	010
@laiasola	<a href="https://twitter.com/laiasola" target="_blank">laiasola</a>	4	0	1	251	827	6025	Països Catalans	010
@Laieti	<a href="https://twitter.com/Laieti" target="_blank">Laieti</a>	3	0	1	569	2102	4338		222
@Laksmizz	<a href="https://twitter.com/Laksmizz" target="_blank">Laksmizz</a>	6	2	0	14291	12365	14934	Reus / New York ||★||	006
@lali__sm	<a href="https://twitter.com/lali__sm" target="_blank">lali__sm</a>	3	0	1	43	107	1570	Here	119
@lamarta	<a href="https://twitter.com/lamarta" target="_blank">lamarta</a>	24	0	2	954	926	43584	Catalunya	010
@LaPiuletaPiula	<a href="https://twitter.com/LaPiuletaPiula" target="_blank">LaPiuletaPiula</a>	4	0	1	142	121	4812	Barcelona, Catalunya	010
@laraposa	<a href="https://twitter.com/laraposa" target="_blank">laraposa</a>	2	0	1	49	244	1904	Barcelona	096
@lariga222	<a href="https://twitter.com/lariga222" target="_blank">lariga222</a>	7	0	1	4753	4768	37133	GuiSSona	010
@larrabe1	<a href="https://twitter.com/larrabe1" target="_blank">larrabe1</a>	1	0	1	350	555	1161	Larrabetzu	010
@lasilviaijo	<a href="https://twitter.com/lasilviaijo" target="_blank">lasilviaijo</a>	44	0	7	313	857	37421		002
@latorrecollons	<a href="https://twitter.com/latorrecollons" target="_blank">latorrecollons</a>	5	0	1	922	1193	5030		099
@lauraalmer	<a href="https://twitter.com/lauraalmer" target="_blank">lauraalmer</a>	5	0	1	172	82	1229		051
@laurafabregasc	<a href="https://twitter.com/laurafabregasc" target="_blank">laurafabregasc</a>	1	0	1	88	320	794		010
@LauraiJosep	<a href="https://twitter.com/LauraiJosep" target="_blank">LauraiJosep</a>	2	0	1	361	218	625	Catalunya	010
@LauraJ19	<a href="https://twitter.com/LauraJ19" target="_blank">LauraJ19</a>	1	0	1	193	1008	1073	vic, catalunya, el món	010
@lauramartibcn8	<a href="https://twitter.com/lauramartibcn8" target="_blank">lauramartibcn8</a>	1	0	1	1175	1111	853	Barcelona	010
@Lauraolle1	<a href="https://twitter.com/Lauraolle1" target="_blank">Lauraolle1</a>	1	0	1	85	219	1056	bcn	080
@laurapujol_	<a href="https://twitter.com/laurapujol_" target="_blank">laurapujol_</a>	1	0	1	239	349	4933		010
@Laurarenas66	<a href="https://twitter.com/Laurarenas66" target="_blank">Laurarenas66</a>	1	1	0	5799	1837	55502	#SC #BM #CAT	231
@laurarifer	<a href="https://twitter.com/laurarifer" target="_blank">laurarifer</a>	1	1	0	216	364	199		232
@laurasole93	<a href="https://twitter.com/laurasole93" target="_blank">laurasole93</a>	1	0	1	918	1454	2727	Sabadell	120
@LauravilaVega	<a href="https://twitter.com/LauravilaVega" target="_blank">LauravilaVega</a>	1	0	1	83	148	331		010
@lauretaingalls	<a href="https://twitter.com/lauretaingalls" target="_blank">lauretaingalls</a>	8	0	2	196	618	2160		058
@Lauvigu	<a href="https://twitter.com/Lauvigu" target="_blank">Lauvigu</a>	1	0	1	13	81	622		010
@laveu2roses	<a href="https://twitter.com/laveu2roses" target="_blank">laveu2roses</a>	2	1	0	303	52	8845	Roses, Catalunya	230
@lavila68	<a href="https://twitter.com/lavila68" target="_blank">lavila68</a>	2	0	1	3	46	476		010
@lciuro	<a href="https://twitter.com/lciuro" target="_blank">lciuro</a>	3	0	1	3734	984	15953	Sabadell	047
@ldelgadosalcedo	<a href="https://twitter.com/ldelgadosalcedo" target="_blank">ldelgadosalcedo</a>	20	0	1	1187	2231	44598	Catalunya	010
@LeandroGado25	<a href="https://twitter.com/LeandroGado25" target="_blank">LeandroGado25</a>	1	0	1	182	785	4982		010
@Leire_Luengo	<a href="https://twitter.com/Leire_Luengo" target="_blank">Leire_Luengo</a>	1	0	1	95	223	156	Ordizia	104
@LekuMarcos	<a href="https://twitter.com/LekuMarcos" target="_blank">LekuMarcos</a>	2	0	1	854	1548	14308		010
@lenca7	<a href="https://twitter.com/lenca7" target="_blank">lenca7</a>	3	0	1	62	285	670	Solsona	183
@LHereu	<a href="https://twitter.com/LHereu" target="_blank">LHereu</a>	1	0	1	1281	239	11542	A Barcelona, NO.	093
@lHIJOdIVANDRAGO	<a href="https://twitter.com/lHIJOdIVANDRAGO" target="_blank">lHIJOdIVANDRAGO</a>	1	0	1	74	434	2327		025
@lhoiskiie03	<a href="https://twitter.com/lhoiskiie03" target="_blank">lhoiskiie03</a>	1	0	1	60	1664	7305	Biñan, Laguna	029
@lia_voort	<a href="https://twitter.com/lia_voort" target="_blank">lia_voort</a>	4	0	1	22	145	484	Barcelona, Cataluña	010
@librosconalma	<a href="https://twitter.com/librosconalma" target="_blank">librosconalma</a>	3	0	1	4386	4998	42333	Barcelona, España	010
@LiDeienTrinitat	<a href="https://twitter.com/LiDeienTrinitat" target="_blank">LiDeienTrinitat</a>	3	0	1	1347	1978	25205	Western català	019
@lidiapeleja	<a href="https://twitter.com/lidiapeleja" target="_blank">lidiapeleja</a>	7	0	1	597	444	18597	Capçanes - Barcelona	010
@lifesitu	<a href="https://twitter.com/lifesitu" target="_blank">lifesitu</a>	5	0	1	255	69	111316	Barcelona, España	010
@Linaguasca	<a href="https://twitter.com/Linaguasca" target="_blank">Linaguasca</a>	7	0	1	2515	2527	11365	Sant Fost de Campsentelles	010
@lionelpla	<a href="https://twitter.com/lionelpla" target="_blank">lionelpla</a>	4	0	1	217	339	909	Sort	010
@Lior_Mastejn	<a href="https://twitter.com/Lior_Mastejn" target="_blank">Lior_Mastejn</a>	22	0	1	1487	2511	81149		010
@litxar	<a href="https://twitter.com/litxar" target="_blank">litxar</a>	3	0	1	178	413	13920	aiguamolls	010
@lizievizie	<a href="https://twitter.com/lizievizie" target="_blank">lizievizie</a>	4	0	1	13	51	353	Les Garrigues	010
@llaurado_se	<a href="https://twitter.com/llaurado_se" target="_blank">llaurado_se</a>	16	0	1	110	113	5203	Caste	043
@llbatet	<a href="https://twitter.com/llbatet" target="_blank">llbatet</a>	2	0	1	232	1089	22728		010
@LleidaSI	<a href="https://twitter.com/LleidaSI" target="_blank">LleidaSI</a>	4	3	0	95	212	1075	Lleida, Catalunya	004
@Llibertatcat	<a href="https://twitter.com/Llibertatcat" target="_blank">Llibertatcat</a>	18	2	0	23922	17014	54723	Països Catalans	024
@llibertteixido	<a href="https://twitter.com/llibertteixido" target="_blank">llibertteixido</a>	1	0	1	751	356	6491	Barcelona	010
@LlibreriaIndex	<a href="https://twitter.com/LlibreriaIndex" target="_blank">LlibreriaIndex</a>	1	0	1	2131	300	10026	Vilassar de Mar	002
@llpascual89	<a href="https://twitter.com/llpascual89" target="_blank">llpascual89</a>	2	0	1	331	799	5209	Barcelona, Catalunya	010
@llturro	<a href="https://twitter.com/llturro" target="_blank">llturro</a>	8	2	0	1332	1231	19382	Catalunya ||*||	010
@llucfont	<a href="https://twitter.com/llucfont" target="_blank">llucfont</a>	1	0	1	163	790	3098		010
@Lluis_Ducet	<a href="https://twitter.com/Lluis_Ducet" target="_blank">Lluis_Ducet</a>	9	0	1	774	1006	59620	Esplugues de Llobregat	010
@lluis_soler	<a href="https://twitter.com/lluis_soler" target="_blank">lluis_soler</a>	4	0	1	2538	2579	1794	Deltebre	058
@lluisa_ng	<a href="https://twitter.com/lluisa_ng" target="_blank">lluisa_ng</a>	25	0	1	16	267	1343		049
@Lluisapujol	<a href="https://twitter.com/Lluisapujol" target="_blank">Lluisapujol</a>	5	0	1	472	1350	5271	Barcelona	010
@lluisbl	<a href="https://twitter.com/lluisbl" target="_blank">lluisbl</a>	2	0	1	194	406	1832		010
@lluisbu	<a href="https://twitter.com/lluisbu" target="_blank">lluisbu</a>	1	0	1	184	1174	3141	Catalunya	010
@LluisColl13	<a href="https://twitter.com/LluisColl13" target="_blank">LluisColl13</a>	23	0	1	5035	381	30619		080
@LluisDuran3	<a href="https://twitter.com/LluisDuran3" target="_blank">LluisDuran3</a>	1	0	1	236	406	1344		001
@Lluisllll	<a href="https://twitter.com/Lluisllll" target="_blank">Lluisllll</a>	6	0	1	1257	2091	26255	L'Ametlla del Vallès	010
@lluispf	<a href="https://twitter.com/lluispf" target="_blank">lluispf</a>	1	0	1	70	186	488	Badalona (CAT)	010
@LluisRealKlein	<a href="https://twitter.com/LluisRealKlein" target="_blank">LluisRealKlein</a>	8	0	1	2487	3999	31126	Barcelona - Catalunya	010
@lluistry	<a href="https://twitter.com/lluistry" target="_blank">lluistry</a>	4	0	1	268	476	2928	Reserva Índia del Montseny	010
@llumenera	<a href="https://twitter.com/llumenera" target="_blank">llumenera</a>	1	13	0	1018	878	9322	Vila de Gràcia, Catalunya	056
@llunavermella	<a href="https://twitter.com/llunavermella" target="_blank">llunavermella</a>	166	0	1	3532	791	445765	catalunya	148
@Llusa19	<a href="https://twitter.com/Llusa19" target="_blank">Llusa19</a>	11	0	1	26	124	4392		010
@LMadurell	<a href="https://twitter.com/LMadurell" target="_blank">LMadurell</a>	11	0	1	582	437	25159		010
@lmanent	<a href="https://twitter.com/lmanent" target="_blank">lmanent</a>	4	0	1	1858	3641	97822	Sabadell, Països Catalans	080
@lmbarcelo	<a href="https://twitter.com/lmbarcelo" target="_blank">lmbarcelo</a>	5	0	1	762	2138	22908	barcelona	090
@lo_xerramec	<a href="https://twitter.com/lo_xerramec" target="_blank">lo_xerramec</a>	4	0	1	260	2126	6380		010
@LoCiscoDeCanPey	<a href="https://twitter.com/LoCiscoDeCanPey" target="_blank">LoCiscoDeCanPey</a>	7	0	1	3017	628	26945	Mataró, Espanya	010
@LocoTaca	<a href="https://twitter.com/LocoTaca" target="_blank">LocoTaca</a>	36	0	1	4	24	378	Manresa, Catalunya	190
@locuspolitikus	<a href="https://twitter.com/locuspolitikus" target="_blank">locuspolitikus</a>	19	0	1	6586	6547	385113	Barcelona, España	101
@LoFuflunet	<a href="https://twitter.com/LoFuflunet" target="_blank">LoFuflunet</a>	6	0	1	4677	4386	43497	Catalunya	010
@Lola49075700	<a href="https://twitter.com/Lola49075700" target="_blank">Lola49075700</a>	3	0	1	35	45	2198		059
@lolamangues	<a href="https://twitter.com/lolamangues" target="_blank">lolamangues</a>	1	0	1	16	60	2282		058
@loloolol_	<a href="https://twitter.com/loloolol_" target="_blank">loloolol_</a>	38	0	1	61	72	8038		108
@Lolpad2	<a href="https://twitter.com/Lolpad2" target="_blank">Lolpad2</a>	5	0	1	338	839	42420	nata montana you're my hammer	010
@lomerletsec	<a href="https://twitter.com/lomerletsec" target="_blank">lomerletsec</a>	4	0	1	494	918	3142	Baix Camp - Països Catalans	010
@LopezdeMuniain	<a href="https://twitter.com/LopezdeMuniain" target="_blank">LopezdeMuniain</a>	6	0	1	650	284	11027	Euskal Herria / Basque Country	010
@LordCaptainLol	<a href="https://twitter.com/LordCaptainLol" target="_blank">LordCaptainLol</a>	34	0	1	69	126	8400		155
@Lordcat10	<a href="https://twitter.com/Lordcat10" target="_blank">Lordcat10</a>	6	0	1	9	238	1093	Barcelona	010
@Loren81046635	<a href="https://twitter.com/Loren81046635" target="_blank">Loren81046635</a>	24	0	2	202	456	16173	Donostia ,Euskal Herria	036
@LorenSantako	<a href="https://twitter.com/LorenSantako" target="_blank">LorenSantako</a>	2	0	1	35	191	2210		010
@loste_m	<a href="https://twitter.com/loste_m" target="_blank">loste_m</a>	2	0	1	24	588	998		010
@lothlertu	<a href="https://twitter.com/lothlertu" target="_blank">lothlertu</a>	33	0	2	3172	2427	387144		034
@lourdescasadem	<a href="https://twitter.com/lourdescasadem" target="_blank">lourdescasadem</a>	7	0	1	340	605	4623		010
@Lrds_MC	<a href="https://twitter.com/Lrds_MC" target="_blank">Lrds_MC</a>	4	0	1	4	54	51	Sant Carles de la Ràpita - CAT	245
@Lu77cat	<a href="https://twitter.com/Lu77cat" target="_blank">Lu77cat</a>	3	0	1	229	492	7229	Girona (Polonia)	082
@lucsricca	<a href="https://twitter.com/lucsricca" target="_blank">lucsricca</a>	2	0	1	506	631	22994	Barcelona, Argentina	010
@LuisaDufour	<a href="https://twitter.com/LuisaDufour" target="_blank">LuisaDufour</a>	1	0	1	2	82	44		096
@LuisFM260982	<a href="https://twitter.com/LuisFM260982" target="_blank">LuisFM260982</a>	8	0	1	30	190	2393	Barcelona, Catalunya, Europa	106
@luisrueda96	<a href="https://twitter.com/luisrueda96" target="_blank">luisrueda96</a>	10	0	1	14414	11029	37935	Arroyomolinos (Madrid)	010
@luistp72	<a href="https://twitter.com/luistp72" target="_blank">luistp72</a>	1	0	1	100	277	478	Spain	010
@Lunacatalunya	<a href="https://twitter.com/Lunacatalunya" target="_blank">Lunacatalunya</a>	9	0	2	254	409	6233	Catalunya	051
@lupous	<a href="https://twitter.com/lupous" target="_blank">lupous</a>	2	0	1	37	137	229		010
@lustitia0	<a href="https://twitter.com/lustitia0" target="_blank">lustitia0</a>	1	0	1	150	438	5143		010
@m_borotau	<a href="https://twitter.com/m_borotau" target="_blank">m_borotau</a>	1	0	1	30	102	218	Essen, Nordrhein-Westfalen	114
@m_o_o_n_d_o	<a href="https://twitter.com/m_o_o_n_d_o" target="_blank">m_o_o_n_d_o</a>	1	0	1	44	100	118		129
@m4rctorres	<a href="https://twitter.com/m4rctorres" target="_blank">m4rctorres</a>	1	0	1	48	67	644	Barcelona	010
@macagundeus	<a href="https://twitter.com/macagundeus" target="_blank">macagundeus</a>	2	0	1	13	52	439	Calafell, Espanya	049
@Madonzilla	<a href="https://twitter.com/Madonzilla" target="_blank">Madonzilla</a>	3	0	2	376	884	7212	Catalunya	033
@madovi19571	<a href="https://twitter.com/madovi19571" target="_blank">madovi19571</a>	19	0	1	442	42	72573		053
@madredearianeta	<a href="https://twitter.com/madredearianeta" target="_blank">madredearianeta</a>	3	0	1	19	55	167		010
@maforpi1	<a href="https://twitter.com/maforpi1" target="_blank">maforpi1</a>	2	0	1	120	345	8324	Catalunya	010
@magda_tcr	<a href="https://twitter.com/magda_tcr" target="_blank">magda_tcr</a>	3	0	1	3	25	71		010
@magdacas	<a href="https://twitter.com/magdacas" target="_blank">magdacas</a>	0	1	0					020
@MagdaCasol	<a href="https://twitter.com/MagdaCasol" target="_blank">MagdaCasol</a>	1	0	1	0	70	19		010
@MagiCanyelles	<a href="https://twitter.com/MagiCanyelles" target="_blank">MagiCanyelles</a>	1	0	1	686	715	2673	Molins de Rei	080
@magictheboss5	<a href="https://twitter.com/magictheboss5" target="_blank">magictheboss5</a>	1	0	1	37	132	735		010
@magixmagixmagix	<a href="https://twitter.com/magixmagixmagix" target="_blank">magixmagixmagix</a>	3	0	1	138	511	1001		010
@mai_den_mai	<a href="https://twitter.com/mai_den_mai" target="_blank">mai_den_mai</a>	3	0	1	33	225	1114	Somewhere in my mind	010
@maidiries	<a href="https://twitter.com/maidiries" target="_blank">maidiries</a>	1	0	1	13	90	163		010
@MaiMtr53	<a href="https://twitter.com/MaiMtr53" target="_blank">MaiMtr53</a>	1	0	1	1502	1496	82831	Nou Barris, Barcelona	165
@MaiolRdenas	<a href="https://twitter.com/MaiolRdenas" target="_blank">MaiolRdenas</a>	3	0	1	18	82	680		010
@MaionaK	<a href="https://twitter.com/MaionaK" target="_blank">MaionaK</a>	4	0	1	27	200	2301	Catalunya	010
@maitesala123	<a href="https://twitter.com/maitesala123" target="_blank">maitesala123</a>	3	0	1	537	873	35181		010
@Majoral33	<a href="https://twitter.com/Majoral33" target="_blank">Majoral33</a>	14	0	1	591	1583	3205		010
@majuliabe	<a href="https://twitter.com/majuliabe" target="_blank">majuliabe</a>	5	0	1	910	1088	20326	Barcelona, Catalunya	098
@maktub_i	<a href="https://twitter.com/maktub_i" target="_blank">maktub_i</a>	6	0	1	591	948	62833		009
@Malalt9	<a href="https://twitter.com/Malalt9" target="_blank">Malalt9</a>	4	2	0	671	934	8934	Catalunya	145
@mallorquins	<a href="https://twitter.com/mallorquins" target="_blank">mallorquins</a>	2	0	1	3851	1071	20374	Mallorca, Illes Balears	010
@Mallus_Malleus	<a href="https://twitter.com/Mallus_Malleus" target="_blank">Mallus_Malleus</a>	21	0	1	762	775	69931	Terrassa	082
@mammassol	<a href="https://twitter.com/mammassol" target="_blank">mammassol</a>	1	0	1	57	187	1065	Catalunya	044
@MananGarriga	<a href="https://twitter.com/MananGarriga" target="_blank">MananGarriga</a>	1	0	1	360	594	2736		094
@manel_lafarga	<a href="https://twitter.com/manel_lafarga" target="_blank">manel_lafarga</a>	11	0	1	773	1140	38696		010
@ManeldHorta	<a href="https://twitter.com/ManeldHorta" target="_blank">ManeldHorta</a>	5	0	1	398	851	3391	Horta, Països Catalans	128
@manelgallart	<a href="https://twitter.com/manelgallart" target="_blank">manelgallart</a>	7	0	1	2140	2207	66417	L'Escala-Agullent	010
@manelrawal	<a href="https://twitter.com/manelrawal" target="_blank">manelrawal</a>	19	0	1	310	646	80157	Raval (Barcelona)	010
@mantoncobos	<a href="https://twitter.com/mantoncobos" target="_blank">mantoncobos</a>	6	0	1	236	1484	4745	Martorell	010
@ManuelConsuegr5	<a href="https://twitter.com/ManuelConsuegr5" target="_blank">ManuelConsuegr5</a>	15	0	1	1607	5001	33440	En estranger,zaragoza,spain	010
@ManzanoFrancesc	<a href="https://twitter.com/ManzanoFrancesc" target="_blank">ManzanoFrancesc</a>	2	0	1	10	15	503	Catalunya	010
@MAPH61	<a href="https://twitter.com/MAPH61" target="_blank">MAPH61</a>	2	0	1	83	283	2843	Barcelona	080
@mapuky	<a href="https://twitter.com/mapuky" target="_blank">mapuky</a>	3	0	2	1	25	34		013
@mapyjpf	<a href="https://twitter.com/mapyjpf" target="_blank">mapyjpf</a>	4	0	1	40	95	2033		010
@Mara6111	<a href="https://twitter.com/Mara6111" target="_blank">Mara6111</a>	39	0	1	984	435	39550		010
@MarArabia_	<a href="https://twitter.com/MarArabia_" target="_blank">MarArabia_</a>	5	0	1	3977	2326	58142	Sempre aquí 42.346451,3.203347	010
@marc_bayo	<a href="https://twitter.com/marc_bayo" target="_blank">marc_bayo</a>	1	0	1	259	253	16252	Barcelona	010
@marc_noguera	<a href="https://twitter.com/marc_noguera" target="_blank">marc_noguera</a>	2	0	1	161	334	2128	Barcelona	010
@marcarza	<a href="https://twitter.com/marcarza" target="_blank">marcarza</a>	4	0	1	6322	1762	39885	Reus. Catalunya. Europa.	116
@marcborrassole	<a href="https://twitter.com/marcborrassole" target="_blank">marcborrassole</a>	1	0	1	194	348	3059		010
@marccalves	<a href="https://twitter.com/marccalves" target="_blank">marccalves</a>	6	0	1	48	395	644	berga, catalunya	118
@marccasellas	<a href="https://twitter.com/marccasellas" target="_blank">marccasellas</a>	1	0	1	146	219	2508	Del Lloch de Les Peces	010
@marccomapuig	<a href="https://twitter.com/marccomapuig" target="_blank">marccomapuig</a>	2	0	1	472	545	55974		080
@MarcEnrichC	<a href="https://twitter.com/MarcEnrichC" target="_blank">MarcEnrichC</a>	1	0	1	282	729	6608	Catalunya	118
@marcfaustino	<a href="https://twitter.com/marcfaustino" target="_blank">marcfaustino</a>	3	0	1	2219	1531	47445	Les Corts - Països Catalans	097
@marcfer1980	<a href="https://twitter.com/marcfer1980" target="_blank">marcfer1980</a>	5	0	1	333	615	9081		010
@marcffcat	<a href="https://twitter.com/marcffcat" target="_blank">marcffcat</a>	5	2	0	11	26	966		079
@marcfontribas	<a href="https://twitter.com/marcfontribas" target="_blank">marcfontribas</a>	2	0	1	4908	917	20365		017
@marcforcadell_	<a href="https://twitter.com/marcforcadell_" target="_blank">marcforcadell_</a>	2	0	1	295	857	1856	tarragona	010
@MarcForns	<a href="https://twitter.com/MarcForns" target="_blank">MarcForns</a>	1	0	1	75	408	306	Les Franqueses, Catalunya	010
@marcfrancesch	<a href="https://twitter.com/marcfrancesch" target="_blank">marcfrancesch</a>	3	0	1	478	640	6383	Tordera i Girona	010
@marcm76	<a href="https://twitter.com/marcm76" target="_blank">marcm76</a>	1	0	1	38	99	120	Barcelona	010
@MarcMateos	<a href="https://twitter.com/MarcMateos" target="_blank">MarcMateos</a>	5	0	2	439	626	27440		004
@marcof701	<a href="https://twitter.com/marcof701" target="_blank">marcof701</a>	1	0	1	126	580	746	Tarragona - España	004
@marcotovarich	<a href="https://twitter.com/marcotovarich" target="_blank">marcotovarich</a>	11	0	1	258	440	12128	Dublin City, Ireland	010
@Marcramirez2308	<a href="https://twitter.com/Marcramirez2308" target="_blank">Marcramirez2308</a>	4	0	1	46	426	1758	Tarragona, Catalunya	010
@marcsanjaume	<a href="https://twitter.com/marcsanjaume" target="_blank">marcsanjaume</a>	3	0	1	2645	1892	6036		010
@MarcSBaeza	<a href="https://twitter.com/MarcSBaeza" target="_blank">MarcSBaeza</a>	17	0	1	263	602	4877	Vila de Gracia, Barcelona	010
@marcsocar	<a href="https://twitter.com/marcsocar" target="_blank">marcsocar</a>	1	0	1	65	219	823		010
@marctamata	<a href="https://twitter.com/marctamata" target="_blank">marctamata</a>	1	0	1	11	46	252	Garraf	010
@marcvermell	<a href="https://twitter.com/marcvermell" target="_blank">marcvermell</a>	1	0	1	254	270	641	sant llorenç de morunys	094
@marcyanez14	<a href="https://twitter.com/marcyanez14" target="_blank">marcyanez14</a>	4	0	1	1248	537	18069	BCN, L'H, Gasteiz i Sant Pol	046
@MarcZenTime	<a href="https://twitter.com/MarcZenTime" target="_blank">MarcZenTime</a>	36	0	2	1392	1535	34657	CAT	048
@MarcZurriaga	<a href="https://twitter.com/MarcZurriaga" target="_blank">MarcZurriaga</a>	5	0	1	66	161	404		164
@marencoff	<a href="https://twitter.com/marencoff" target="_blank">marencoff</a>	1	0	1	880	505	12470	Barranquilla Colombia	117
@Marenostrum28	<a href="https://twitter.com/Marenostrum28" target="_blank">Marenostrum28</a>	3	0	1	2162	2568	11545	!!*!!	010
@Marfil1961	<a href="https://twitter.com/Marfil1961" target="_blank">Marfil1961</a>	19	0	1	2144	2941	72264	República de Catalunya, UE	059
@Marga66304808	<a href="https://twitter.com/Marga66304808" target="_blank">Marga66304808</a>	3	0	1	17	46	2196	Mataró	010
@margaAndreo	<a href="https://twitter.com/margaAndreo" target="_blank">margaAndreo</a>	8	0	1	115	182	10185	Vilabella, Espanya	010
@MargaFR	<a href="https://twitter.com/MargaFR" target="_blank">MargaFR</a>	1	0	1	213	201	1021	Cadaqués	156
@MargaLosantos	<a href="https://twitter.com/MargaLosantos" target="_blank">MargaLosantos</a>	6	0	1	368	329	1907	Sant Cugat del Vallès	002
@MargaritaRita33	<a href="https://twitter.com/MargaritaRita33" target="_blank">MargaritaRita33</a>	1	0	1	5	40	504		010
@margotdvries	<a href="https://twitter.com/margotdvries" target="_blank">margotdvries</a>	3	0	1	27	72	558	Catalunya, Espanya	054
@maria_sitja	<a href="https://twitter.com/maria_sitja" target="_blank">maria_sitja</a>	1	0	1	46	156	86	Catalonia, Spain	010
@Maria1899FCB	<a href="https://twitter.com/Maria1899FCB" target="_blank">Maria1899FCB</a>	9	0	1	1605	2949	74977	Barcelona, Catalunya	010
@mariaabl_3	<a href="https://twitter.com/mariaabl_3" target="_blank">mariaabl_3</a>	1	0	1	160	388	5102		058
@mariabc_1	<a href="https://twitter.com/mariabc_1" target="_blank">mariabc_1</a>	2	0	1	107	367	4644	Barcelona	010
@mariadlts17	<a href="https://twitter.com/mariadlts17" target="_blank">mariadlts17</a>	2	0	1	750	442	3275	Sant Cugat del Vallès	017
@MariaEivissa	<a href="https://twitter.com/MariaEivissa" target="_blank">MariaEivissa</a>	3	0	1	495	243	11557	Ibiza	010
@MariaFont3	<a href="https://twitter.com/MariaFont3" target="_blank">MariaFont3</a>	1	0	1	406	392	488	Móra la Nova, Països Catalans.	006
@MariaJOrozco1	<a href="https://twitter.com/MariaJOrozco1" target="_blank">MariaJOrozco1</a>	17	0	1	267	528	16473		010
@mariamdelleida	<a href="https://twitter.com/mariamdelleida" target="_blank">mariamdelleida</a>	14	0	1	52	202	6530	Lleida, Catalunya	027
@MariaMerceGaCa	<a href="https://twitter.com/MariaMerceGaCa" target="_blank">MariaMerceGaCa</a>	5	0	1	185	221	9476		070
@marian1bcn	<a href="https://twitter.com/marian1bcn" target="_blank">marian1bcn</a>	18	0	1	142	235	11038	Barcelona	018
@mariangelagiral	<a href="https://twitter.com/mariangelagiral" target="_blank">mariangelagiral</a>	2	0	1	741	425	38899	Vilafranca del Penedès, Catalu	010
@MariaOxbow	<a href="https://twitter.com/MariaOxbow" target="_blank">MariaOxbow</a>	48	0	1	1072	1912	225081	Barcelona	010
@MariaPLaya	<a href="https://twitter.com/MariaPLaya" target="_blank">MariaPLaya</a>	1	0	1	5634	561	43915	Madrid / Pontevedra/ La Luna	010
@mariarboc10	<a href="https://twitter.com/mariarboc10" target="_blank">mariarboc10</a>	0	1	0					243
@mariasesca	<a href="https://twitter.com/mariasesca" target="_blank">mariasesca</a>	19	0	3	5912	6287	141550	Catalunya	063
@maribel_maylen	<a href="https://twitter.com/maribel_maylen" target="_blank">maribel_maylen</a>	3	0	1	355	471	8019	Barcelona, España	010
@Maribelgg17G	<a href="https://twitter.com/Maribelgg17G" target="_blank">Maribelgg17G</a>	2	0	1	143	112	10912	Barcelona Catalunya	003
@Maribue1	<a href="https://twitter.com/Maribue1" target="_blank">Maribue1</a>	8	0	1	2	65	500	Barcelona, España	075
@Marie_de_France	<a href="https://twitter.com/Marie_de_France" target="_blank">Marie_de_France</a>	3	0	1	220	388	3223	Catalunya	094
@MarietaVilanova	<a href="https://twitter.com/MarietaVilanova" target="_blank">MarietaVilanova</a>	1	2	0	146	243	1049	Vilanova i la Geltru	144
@MariettaPuco	<a href="https://twitter.com/MariettaPuco" target="_blank">MariettaPuco</a>	0	1	0					227
@mariiahg7	<a href="https://twitter.com/mariiahg7" target="_blank">mariiahg7</a>	2	0	1	152	349	3283		010
@marina_tusell	<a href="https://twitter.com/marina_tusell" target="_blank">marina_tusell</a>	3	0	1	16	76	735		010
@marinadols	<a href="https://twitter.com/marinadols" target="_blank">marinadols</a>	2	0	1	608	1507	3890	Rubí	010
@Marinar38914720	<a href="https://twitter.com/Marinar38914720" target="_blank">Marinar38914720</a>	3	0	1	8	70	997		043
@MarioMagaro	<a href="https://twitter.com/MarioMagaro" target="_blank">MarioMagaro</a>	1	0	1	254	969	232	Barcellona, Spagna	010
@MarionaFour	<a href="https://twitter.com/MarionaFour" target="_blank">MarionaFour</a>	4	0	1	9	13	533		010
@MariposaRepubli	<a href="https://twitter.com/MariposaRepubli" target="_blank">MariposaRepubli</a>	4	0	1	56	207	2656	.	010
@Marisa83861395	<a href="https://twitter.com/Marisa83861395" target="_blank">Marisa83861395</a>	5	0	1	27	188	1116		010
@MarisaPaituvi	<a href="https://twitter.com/MarisaPaituvi" target="_blank">MarisaPaituvi</a>	1	0	1	9	103	10	Sants-Badal, Barcelona	001
@marisatorrents	<a href="https://twitter.com/marisatorrents" target="_blank">marisatorrents</a>	1	0	1	283	675	2122	Barcelona, Cataluña	018
@marissa_prat	<a href="https://twitter.com/marissa_prat" target="_blank">marissa_prat</a>	14	0	1	15	232	2253		010
@MariusMassalle	<a href="https://twitter.com/MariusMassalle" target="_blank">MariusMassalle</a>	5	1	0	731	365	21331	Terrassa	013
@mariusserra	<a href="https://twitter.com/mariusserra" target="_blank">mariusserra</a>	4	0	1	77531	1438	37524	Barcelona	056
@mariweder	<a href="https://twitter.com/mariweder" target="_blank">mariweder</a>	2	0	1	234	361	4901		127
@Marixica78	<a href="https://twitter.com/Marixica78" target="_blank">Marixica78</a>	1	0	1	8	38	30		010
@marjose_bcn	<a href="https://twitter.com/marjose_bcn" target="_blank">marjose_bcn</a>	7	0	2	221	697	17859	Barcelona	013
@markitusGi	<a href="https://twitter.com/markitusGi" target="_blank">markitusGi</a>	27	0	1	384	807	10570	Girona, Catalunya	010
@Markvallejo	<a href="https://twitter.com/Markvallejo" target="_blank">Markvallejo</a>	3	0	1	311	335	3272	iPhone: 42.097038,1.853572	004
@Marquinhus_marc	<a href="https://twitter.com/Marquinhus_marc" target="_blank">Marquinhus_marc</a>	3	0	1	75	362	5415	Barcelona	149
@marramiauuuuuu	<a href="https://twitter.com/marramiauuuuuu" target="_blank">marramiauuuuuu</a>	98	0	3	414	1012	66874	Sevilla, España	004
@Marta_Valldaura	<a href="https://twitter.com/Marta_Valldaura" target="_blank">Marta_Valldaura</a>	6	0	1	96	249	2058	Palamós, España	255
@MARTA230371	<a href="https://twitter.com/MARTA230371" target="_blank">MARTA230371</a>	19	0	1	46	71	4185	Barcelona	080
@MartaBLASTOFF	<a href="https://twitter.com/MartaBLASTOFF" target="_blank">MartaBLASTOFF</a>	6	0	1	68	494	2350		010
@martacafr	<a href="https://twitter.com/martacafr" target="_blank">martacafr</a>	1	0	1	17	105	482	Barcelona	010
@martacasar	<a href="https://twitter.com/martacasar" target="_blank">martacasar</a>	1	0	1	192	78	5407		010
@martaleonri	<a href="https://twitter.com/martaleonri" target="_blank">martaleonri</a>	0	1	0					225
@MartaSC_90	<a href="https://twitter.com/MartaSC_90" target="_blank">MartaSC_90</a>	2	1	0	77	140	1932	Arenys de Mar	226
@MartaSerres	<a href="https://twitter.com/MartaSerres" target="_blank">MartaSerres</a>	6	4	1	2853	1516	41437	Valldoreix - Països Catalans	013
@MartiMuntane	<a href="https://twitter.com/MartiMuntane" target="_blank">MartiMuntane</a>	1	0	1	1645	942	6189	IGUALADA	010
@martinartacho	<a href="https://twitter.com/martinartacho" target="_blank">martinartacho</a>	2	0	1	47	43	1276	Granollers	010
@martingerz_	<a href="https://twitter.com/martingerz_" target="_blank">martingerz_</a>	14	0	1	1400	2142	9420	Euskal Herria	004
@martinis2000	<a href="https://twitter.com/martinis2000" target="_blank">martinis2000</a>	2	0	1	208	313	7613	Moncada	010
@MartiProven	<a href="https://twitter.com/MartiProven" target="_blank">MartiProven</a>	10	0	3	1949	1979	49465		010
@martorellsans	<a href="https://twitter.com/martorellsans" target="_blank">martorellsans</a>	1	0	1	19	51	712		010
@martossais	<a href="https://twitter.com/martossais" target="_blank">martossais</a>	8	0	1	1062	959	4645	Tordera - Barcelona	003
@mashirito74	<a href="https://twitter.com/mashirito74" target="_blank">mashirito74</a>	3	0	1	47	166	1749	Cabrils (Catalunya)	189
@Massana_Colet	<a href="https://twitter.com/Massana_Colet" target="_blank">Massana_Colet</a>	5	0	1	219	358	7229	El Prat del Llobregat	010
@Mater_audacia	<a href="https://twitter.com/Mater_audacia" target="_blank">Mater_audacia</a>	31	0	1	1656	1151	78420	República de Catalunya	008
@mateuparera	<a href="https://twitter.com/mateuparera" target="_blank">mateuparera</a>	2	2	0	682	809	6179	Girona	146
@MatildeNuri	<a href="https://twitter.com/MatildeNuri" target="_blank">MatildeNuri</a>	1	0	1	102	200	1228	L'Ametlla del Vallès-Catalunya	084
@MATPIN01	<a href="https://twitter.com/MATPIN01" target="_blank">MATPIN01</a>	9	0	1	735	1103	25044	CONSTRUCTOR-CATALUNYA	010
@matriuxpc	<a href="https://twitter.com/matriuxpc" target="_blank">matriuxpc</a>	11	0	1	54	32	5585		010
@maveri63	<a href="https://twitter.com/maveri63" target="_blank">maveri63</a>	13	0	1	295	821	16965		010
@MAxiuxiueig	<a href="https://twitter.com/MAxiuxiueig" target="_blank">MAxiuxiueig</a>	40	0	1	880	1107	41286	Catalunya	052
@MayteLozanoRub1	<a href="https://twitter.com/MayteLozanoRub1" target="_blank">MayteLozanoRub1</a>	8	0	1	1790	2215	52017	Barcelona CATALUNYA	200
@Mazelmind	<a href="https://twitter.com/Mazelmind" target="_blank">Mazelmind</a>	0	4	0					105
@mbigast	<a href="https://twitter.com/mbigast" target="_blank">mbigast</a>	1	0	1	2	46	72		010
@Mcarrascu	<a href="https://twitter.com/Mcarrascu" target="_blank">Mcarrascu</a>	3	0	3	33	111	43	Barcelona, Catalunya	002
@mchamorrovega	<a href="https://twitter.com/mchamorrovega" target="_blank">mchamorrovega</a>	3	0	1	139	323	5510	Cataluña, España	030
@mcote16	<a href="https://twitter.com/mcote16" target="_blank">mcote16</a>	4	0	1	70	167	1036		010
@Mcp01534122	<a href="https://twitter.com/Mcp01534122" target="_blank">Mcp01534122</a>	1	0	1	1	52	9		010
@mcrius	<a href="https://twitter.com/mcrius" target="_blank">mcrius</a>	2	0	1	240	196	1838	Granollers	010
@MDMusica	<a href="https://twitter.com/MDMusica" target="_blank">MDMusica</a>	0	1	0					223
@MeAgainMLP	<a href="https://twitter.com/MeAgainMLP" target="_blank">MeAgainMLP</a>	4	0	1	130	1005	1477		010
@med012365	<a href="https://twitter.com/med012365" target="_blank">med012365</a>	1	0	1	1261	3054	1633	República de Catalunya	010
@MehabaNabil	<a href="https://twitter.com/MehabaNabil" target="_blank">MehabaNabil</a>	1	0	1	11	140	93		010
@meiraodina	<a href="https://twitter.com/meiraodina" target="_blank">meiraodina</a>	1	0	1	233	536	3611	Barcelona, Spain	060
@MelciorA	<a href="https://twitter.com/MelciorA" target="_blank">MelciorA</a>	5	0	1	65	110	4639		040
@Memorial1714	<a href="https://twitter.com/Memorial1714" target="_blank">Memorial1714</a>	1	0	1	2278	683	2009	Fossar de les Moreres	063
@menfora	<a href="https://twitter.com/menfora" target="_blank">menfora</a>	1	0	1	14	28	2381		010
@MerceEscudero	<a href="https://twitter.com/MerceEscudero" target="_blank">MerceEscudero</a>	4	0	1	3	18	1122		106
@MercePeracaula	<a href="https://twitter.com/MercePeracaula" target="_blank">MercePeracaula</a>	4	0	1	88	612	2872		135
@Merceserra80	<a href="https://twitter.com/Merceserra80" target="_blank">Merceserra80</a>	2	0	1	19	87	1140		010
@mercevalderrama	<a href="https://twitter.com/mercevalderrama" target="_blank">mercevalderrama</a>	4	0	1	77	228	910	Sant cugat del valles	010
@Merchevita70	<a href="https://twitter.com/Merchevita70" target="_blank">Merchevita70</a>	36	0	2	112	471	4291	països catalans	058
@meri_feliu	<a href="https://twitter.com/meri_feliu" target="_blank">meri_feliu</a>	5	0	1	798	1268	8298		018
@meritorrelles	<a href="https://twitter.com/meritorrelles" target="_blank">meritorrelles</a>	1	0	1	46	194	439	catalunya	010
@meritxellbenedi	<a href="https://twitter.com/meritxellbenedi" target="_blank">meritxellbenedi</a>	2	11	1	463	1019	3430	Catalunya	002
@MeritxellHuguet	<a href="https://twitter.com/MeritxellHuguet" target="_blank">MeritxellHuguet</a>	8	0	1	99	380	5767	Barcelona	010
@MerxMoon	<a href="https://twitter.com/MerxMoon" target="_blank">MerxMoon</a>	2	0	1	186	488	3358	Arenys de Munt, Catalunya	010
@mesplall	<a href="https://twitter.com/mesplall" target="_blank">mesplall</a>	1	0	1	41	154	569		010
@MESSantJustDesv	<a href="https://twitter.com/MESSantJustDesv" target="_blank">MESSantJustDesv</a>	10	0	1	325	654	1270		147
@mestressadecasa	<a href="https://twitter.com/mestressadecasa" target="_blank">mestressadecasa</a>	15	0	6	708	1008	9245	Sant Feliu de Llobregat	002
@metalito77	<a href="https://twitter.com/metalito77" target="_blank">metalito77</a>	1	0	1	22	121	934		025
@meteoterrassa1	<a href="https://twitter.com/meteoterrassa1" target="_blank">meteoterrassa1</a>	16	0	1	834	2041	5725	Terrassa-CATALUNYA	010
@mfornells	<a href="https://twitter.com/mfornells" target="_blank">mfornells</a>	3	6	0	2623	729	18099	Ribelles (Vilanova de l'Aguda)	040
@mgallegosaballs	<a href="https://twitter.com/mgallegosaballs" target="_blank">mgallegosaballs</a>	1	0	1	643	471	6677	Palamós	010
@mgalserra	<a href="https://twitter.com/mgalserra" target="_blank">mgalserra</a>	2	0	1	11	201	864		130
@MGEN63567611	<a href="https://twitter.com/MGEN63567611" target="_blank">MGEN63567611</a>	6	0	1	50	111	9231		010
@mglaosv	<a href="https://twitter.com/mglaosv" target="_blank">mglaosv</a>	28	0	5	59	225	6310	Tarragona, Catalunya.	002
@mgloriaaltes	<a href="https://twitter.com/mgloriaaltes" target="_blank">mgloriaaltes</a>	12	0	1	662	949	26207	Barcelona, Catalunya	010
@Mgsafont70	<a href="https://twitter.com/Mgsafont70" target="_blank">Mgsafont70</a>	4	1	0	99	179	619		221
@mgustosycolores	<a href="https://twitter.com/mgustosycolores" target="_blank">mgustosycolores</a>	15	0	1	542	783	29627	Catalunya	010
@MHcat_dsl	<a href="https://twitter.com/MHcat_dsl" target="_blank">MHcat_dsl</a>	1	0	1	1089	2193	2254	Barcelona	001
@miaclimanoia	<a href="https://twitter.com/miaclimanoia" target="_blank">miaclimanoia</a>	2	0	1	91	233	12755		010
@miatarter	<a href="https://twitter.com/miatarter" target="_blank">miatarter</a>	10	0	1	709	597	8488	Moià	046
@Migobus	<a href="https://twitter.com/Migobus" target="_blank">Migobus</a>	1	0	1	111	141	7705		239
@MikelArreseigor	<a href="https://twitter.com/MikelArreseigor" target="_blank">MikelArreseigor</a>	1	23	1	4117	4850	3862	Tolosa	086
@Mikelink2013	<a href="https://twitter.com/Mikelink2013" target="_blank">Mikelink2013</a>	1	0	1	31	108	944		080
@mikner84	<a href="https://twitter.com/mikner84" target="_blank">mikner84</a>	5	0	1	46	239	1556		091
@milotxa	<a href="https://twitter.com/milotxa" target="_blank">milotxa</a>	10	0	1	1625	377	6712		002
@Mimii07	<a href="https://twitter.com/Mimii07" target="_blank">Mimii07</a>	0	1	0					220
@Minette333	<a href="https://twitter.com/Minette333" target="_blank">Minette333</a>	1	0	1	159	122	20714	Cataluña, España	010
@MinniMoli	<a href="https://twitter.com/MinniMoli" target="_blank">MinniMoli</a>	7	0	1	18	43	2287	Barcelona, España	010
@miq167	<a href="https://twitter.com/miq167" target="_blank">miq167</a>	1	0	1	76	147	241	Sant Pere de Ribes, Espanya	049
@Miquel_ATSC	<a href="https://twitter.com/Miquel_ATSC" target="_blank">Miquel_ATSC</a>	1	0	1	1284	1244	15293	Sant Celoni	010
@miquel_silvia	<a href="https://twitter.com/miquel_silvia" target="_blank">miquel_silvia</a>	4	0	1	42	114	604		010
@miquel2014	<a href="https://twitter.com/miquel2014" target="_blank">miquel2014</a>	2	0	1	147	696	1827	Catalunya	106
@miquel303marti	<a href="https://twitter.com/miquel303marti" target="_blank">miquel303marti</a>	31	0	1	1445	2139	94049		080
@Miquel82XTI	<a href="https://twitter.com/Miquel82XTI" target="_blank">Miquel82XTI</a>	3	0	1	816	827	18023	Sant Cugat del Vallès. Catalunya.	010
@MiquelAlemanyZ	<a href="https://twitter.com/MiquelAlemanyZ" target="_blank">MiquelAlemanyZ</a>	2	0	1	131	581	578	Barcelona, Espanya	010
@MiquelArgelich	<a href="https://twitter.com/MiquelArgelich" target="_blank">MiquelArgelich</a>	19	5	2	3255	3167	46374	Agramunt	103
@MiquelCAT1714	<a href="https://twitter.com/MiquelCAT1714" target="_blank">MiquelCAT1714</a>	8	0	1	5202	4104	28397	Caldes - Països catalans	010
@MiquelFumanal	<a href="https://twitter.com/MiquelFumanal" target="_blank">MiquelFumanal</a>	24	0	1	186	374	16102		010
@MIQUELLARA	<a href="https://twitter.com/MIQUELLARA" target="_blank">MIQUELLARA</a>	82	6	10	8993	9419	300619	SALT - CATALUNYA	010
@MiquelManubens	<a href="https://twitter.com/MiquelManubens" target="_blank">MiquelManubens</a>	2	0	1	2175	440	29590	(CAT)	001
@miquelmp	<a href="https://twitter.com/miquelmp" target="_blank">miquelmp</a>	6	0	1	441	2603	8602	Vilanova i la Geltrú	010
@MiquelngelBarc5	<a href="https://twitter.com/MiquelngelBarc5" target="_blank">MiquelngelBarc5</a>	1	0	1	1	23	159		010
@miquelot1971	<a href="https://twitter.com/miquelot1971" target="_blank">miquelot1971</a>	6	0	1	318	547	8265	Barcelona, Catalunya	010
@miquelpicheta69	<a href="https://twitter.com/miquelpicheta69" target="_blank">miquelpicheta69</a>	1	0	1	45	454	4347	METALLICA🤘PLUTÓ	001
@miquelpoch1973	<a href="https://twitter.com/miquelpoch1973" target="_blank">miquelpoch1973</a>	1	0	1	229	1603	1288		018
@miquelsaperas	<a href="https://twitter.com/miquelsaperas" target="_blank">miquelsaperas</a>	4	0	1	1426	600	14834	Reus, Països Catalans	088
@miquibricu	<a href="https://twitter.com/miquibricu" target="_blank">miquibricu</a>	2	0	1	544	1100	5353	Països Catalans	010
@Mire_Ripoll	<a href="https://twitter.com/Mire_Ripoll" target="_blank">Mire_Ripoll</a>	1	0	1	232	267	805	Girona, Catalunya	089
@MireFerran	<a href="https://twitter.com/MireFerran" target="_blank">MireFerran</a>	1	54	0	809	1072	9772	Andreuenca.Barcelona.Catalonia	001
@mireia3	<a href="https://twitter.com/mireia3" target="_blank">mireia3</a>	13	0	1	306	330	10935	Catalunya	063
@MireiaBosch	<a href="https://twitter.com/MireiaBosch" target="_blank">MireiaBosch</a>	8	0	1	74	182	1502	Girona	054
@mireiagiralt	<a href="https://twitter.com/mireiagiralt" target="_blank">mireiagiralt</a>	1	0	1	568	910	1238	Rubí, España	010
@MireiaOR	<a href="https://twitter.com/MireiaOR" target="_blank">MireiaOR</a>	3	0	1	111	474	968	Vilafranca del Penedès	010
@Mireiavam	<a href="https://twitter.com/Mireiavam" target="_blank">Mireiavam</a>	7	0	2	200	33	18326	Blanes, Girona, Catalunya	018
@mirellacges	<a href="https://twitter.com/mirellacges" target="_blank">mirellacges</a>	1	2	0	536	259	1168	Sallent, Espanya	011
@Miriam66chimeno	<a href="https://twitter.com/Miriam66chimeno" target="_blank">Miriam66chimeno</a>	30	0	3	294	236	23246		010
@miriamnoguerasM	<a href="https://twitter.com/miriamnoguerasM" target="_blank">miriamnoguerasM</a>	9	0	1	23406	10568	58473	Cardedeu/Mataró Catalunya	010
@mismayo164	<a href="https://twitter.com/mismayo164" target="_blank">mismayo164</a>	4	0	1	798	941	33078		010
@misspandalebear	<a href="https://twitter.com/misspandalebear" target="_blank">misspandalebear</a>	1	0	1	1423	1560	31261	Glasgow	060
@mitcoes	<a href="https://twitter.com/mitcoes" target="_blank">mitcoes</a>	15	0	1	1500	3259	19360	ES	045
@mitjanit	<a href="https://twitter.com/mitjanit" target="_blank">mitjanit</a>	5	0	2	356	833	12796		002
@mitusj	<a href="https://twitter.com/mitusj" target="_blank">mitusj</a>	1	0	1	56	168	2799	catalunya	010
@MiyaMushashi	<a href="https://twitter.com/MiyaMushashi" target="_blank">MiyaMushashi</a>	4	0	1	288	577	5442	Edo (si el del antiguo japon)	010
@mkl_a	<a href="https://twitter.com/mkl_a" target="_blank">mkl_a</a>	4	0	1	133	266	15003	Euskal Herria #LIBRE	010
@Ml_Xena	<a href="https://twitter.com/Ml_Xena" target="_blank">Ml_Xena</a>	1	0	1	19	75	57	Catalunya	010
@mlluisvall	<a href="https://twitter.com/mlluisvall" target="_blank">mlluisvall</a>	10	0	2	1613	1294	8826	Terrassa	003
@MMarAlcalde	<a href="https://twitter.com/MMarAlcalde" target="_blank">MMarAlcalde</a>	6	0	1	269	223	26502		037
@mmasllovet	<a href="https://twitter.com/mmasllovet" target="_blank">mmasllovet</a>	10	0	1	80	473	4074	Sabadell, Catalunya	004
@mmnestor1	<a href="https://twitter.com/mmnestor1" target="_blank">mmnestor1</a>	2	0	1	35	155	494	República de Catalunya	010
@mmrovira	<a href="https://twitter.com/mmrovira" target="_blank">mmrovira</a>	1	0	1	2	8	13		010
@mmuntb	<a href="https://twitter.com/mmuntb" target="_blank">mmuntb</a>	2	0	1	96	470	1231	Manlleu, Catalunya	010
@MnicaRebullCome	<a href="https://twitter.com/MnicaRebullCome" target="_blank">MnicaRebullCome</a>	11	0	1	8515	7453	171600	palamós	005
@mnk_bm_knm	<a href="https://twitter.com/mnk_bm_knm" target="_blank">mnk_bm_knm</a>	4	0	2	148	234	2484	Maresme, Catalunya	004
@mo_ro_es	<a href="https://twitter.com/mo_ro_es" target="_blank">mo_ro_es</a>	6	0	1	21	37	3534		004
@moldegust	<a href="https://twitter.com/moldegust" target="_blank">moldegust</a>	7	0	1	286	344	6515	De Tòrrec, vivint a Alemanya	058
@molibusqui	<a href="https://twitter.com/molibusqui" target="_blank">molibusqui</a>	6	0	2	441	429	8506		061
@moluxs	<a href="https://twitter.com/moluxs" target="_blank">moluxs</a>	1	0	1	29	53	1077		080
@moncapsa	<a href="https://twitter.com/moncapsa" target="_blank">moncapsa</a>	17	1	2	8030	7225	215308	Barcelona, Catalunya	004
@MonclausFerrer	<a href="https://twitter.com/MonclausFerrer" target="_blank">MonclausFerrer</a>	15	0	1	569	610	28677		058
@moneysniper365	<a href="https://twitter.com/moneysniper365" target="_blank">moneysniper365</a>	1	0	1	4	28	191	Barcelona, Cataluña	010
@monicapalacin29	<a href="https://twitter.com/monicapalacin29" target="_blank">monicapalacin29</a>	1	7	0	1124	1060	1282	Pineda de Mar, Catalonia	095
@monicaraventos	<a href="https://twitter.com/monicaraventos" target="_blank">monicaraventos</a>	1	0	1	220	220	612		017
@monikabasa	<a href="https://twitter.com/monikabasa" target="_blank">monikabasa</a>	11	0	1	47	277	1262		010
@monsamga	<a href="https://twitter.com/monsamga" target="_blank">monsamga</a>	44	0	1	77	307	6573		056
@Mont_Pla	<a href="https://twitter.com/Mont_Pla" target="_blank">Mont_Pla</a>	8	0	1	724	710	19285	Vilafranca del Penedès, CAT	002
@Montcau	<a href="https://twitter.com/Montcau" target="_blank">Montcau</a>	6	4	0	1172	1669	4638		003
@monterhusmore	<a href="https://twitter.com/monterhusmore" target="_blank">monterhusmore</a>	14	0	1	939	1975	60368		102
@MontForcadaCot	<a href="https://twitter.com/MontForcadaCot" target="_blank">MontForcadaCot</a>	1	0	1	179	374	4022		080
@Montgirbau	<a href="https://twitter.com/Montgirbau" target="_blank">Montgirbau</a>	6	0	1	542	587	33815	St Cugat- Catalonia	016
@montse_castella	<a href="https://twitter.com/montse_castella" target="_blank">montse_castella</a>	8	0	1	169	277	5132	Terrassa	010
@Montse_Sagrera	<a href="https://twitter.com/Montse_Sagrera" target="_blank">Montse_Sagrera</a>	4	0	1	22	40	1192		010
@montsebenedi	<a href="https://twitter.com/montsebenedi" target="_blank">montsebenedi</a>	8	0	1	1922	1251	7177	La Sagrera - Barcelona	002
@MontseC59	<a href="https://twitter.com/MontseC59" target="_blank">MontseC59</a>	7	0	1	19	60	341	Arenys de Mar, España	226
@montsecastella	<a href="https://twitter.com/montsecastella" target="_blank">montsecastella</a>	1	1	0	3007	795	21938	tortosa	214
@MontseCateura	<a href="https://twitter.com/MontseCateura" target="_blank">MontseCateura</a>	2	0	1	306	614	3447	Catalunya	235
@montsecec	<a href="https://twitter.com/montsecec" target="_blank">montsecec</a>	2	0	1	156	498	4273		010
@montsegolSiSi	<a href="https://twitter.com/montsegolSiSi" target="_blank">montsegolSiSi</a>	10	0	1	5361	4291	116289	Ítaca	010
@Montsejor	<a href="https://twitter.com/Montsejor" target="_blank">Montsejor</a>	1	0	1	39	85	1282	Canet de mar	010
@montsemarsan	<a href="https://twitter.com/montsemarsan" target="_blank">montsemarsan</a>	24	0	1	358	541	14594		010
@MontsePujadasB	<a href="https://twitter.com/MontsePujadasB" target="_blank">MontsePujadasB</a>	17	0	1	384	293	29806		010
@MontseRibot	<a href="https://twitter.com/MontseRibot" target="_blank">MontseRibot</a>	3	0	1	1258	1023	15605	Girona Baix Empordà Catalunya	010
@Montserratesben	<a href="https://twitter.com/Montserratesben" target="_blank">Montserratesben</a>	13	0	2	664	1324	32021	Barcelona	031
@MontserratGA	<a href="https://twitter.com/MontserratGA" target="_blank">MontserratGA</a>	6	0	1	1357	1045	116761	Catalunya	058
@MontserratPubil	<a href="https://twitter.com/MontserratPubil" target="_blank">MontserratPubil</a>	1	0	1	9	29	216		010
@montserratsaga1	<a href="https://twitter.com/montserratsaga1" target="_blank">montserratsaga1</a>	5	0	1	30	125	5507		010
@MontseRsans	<a href="https://twitter.com/MontseRsans" target="_blank">MontseRsans</a>	1	0	1	9	92	121		010
@montseste	<a href="https://twitter.com/montseste" target="_blank">montseste</a>	1	0	1	148	533	4087	Terrassa	062
@MontseVila2	<a href="https://twitter.com/MontseVila2" target="_blank">MontseVila2</a>	21	0	1	42	114	7441		010
@montsevilellac	<a href="https://twitter.com/montsevilellac" target="_blank">montsevilellac</a>	6	0	1	913	737	2345	Reus	028
@moonblue365	<a href="https://twitter.com/moonblue365" target="_blank">moonblue365</a>	40	0	4	2846	1433	89620	Barcelona, Catalonia - UE	011
@Morenacatalana	<a href="https://twitter.com/Morenacatalana" target="_blank">Morenacatalana</a>	4	0	1	669	1183	12345		134
@Moscadelvi	<a href="https://twitter.com/Moscadelvi" target="_blank">Moscadelvi</a>	8	0	1	135	174	3448		010
@Moscamascojoner	<a href="https://twitter.com/Moscamascojoner" target="_blank">Moscamascojoner</a>	20	0	1	2053	4950	66980		053
@mosqueragoce	<a href="https://twitter.com/mosqueragoce" target="_blank">mosqueragoce</a>	5	0	1	733	886	51669	Ponteareas,Galiza	010
@MovEsqSAB	<a href="https://twitter.com/MovEsqSAB" target="_blank">MovEsqSAB</a>	11	2	0	454	417	7710		147
@MovEsquerres	<a href="https://twitter.com/MovEsquerres" target="_blank">MovEsquerres</a>	34	0	1	4443	934	6986		020
@mpb513	<a href="https://twitter.com/mpb513" target="_blank">mpb513</a>	23	0	2	1148	1837	86933	Barcelona	047
@MPolovelasco	<a href="https://twitter.com/MPolovelasco" target="_blank">MPolovelasco</a>	1	0	1	4	39	240		004
@MPuigderrajols	<a href="https://twitter.com/MPuigderrajols" target="_blank">MPuigderrajols</a>	3	0	1	43	130	1031		010
@MRegaliz	<a href="https://twitter.com/MRegaliz" target="_blank">MRegaliz</a>	4	0	1	44	172	2561		004
@msanbui	<a href="https://twitter.com/msanbui" target="_blank">msanbui</a>	13	0	2	97	293	17466		058
@msenserrich	<a href="https://twitter.com/msenserrich" target="_blank">msenserrich</a>	7	0	1	4575	1678	7525	Igualada	028
@msm0891	<a href="https://twitter.com/msm0891" target="_blank">msm0891</a>	1	0	1	48	230	1031	Barcelona	010
@msunyol	<a href="https://twitter.com/msunyol" target="_blank">msunyol</a>	1	0	1	517	1204	4387		010
@mtcopu	<a href="https://twitter.com/mtcopu" target="_blank">mtcopu</a>	1	0	1	15	137	93	el Gotic, Barcelona	010
@mtlaillaj	<a href="https://twitter.com/mtlaillaj" target="_blank">mtlaillaj</a>	1	0	1	71	195	1342		061
@mtmolla	<a href="https://twitter.com/mtmolla" target="_blank">mtmolla</a>	1	0	1	47	148	331		091
@mts_marc	<a href="https://twitter.com/mts_marc" target="_blank">mts_marc</a>	4	0	1	307	605	4417	Barcelona, Catalunya	040
@muguruzafm	<a href="https://twitter.com/muguruzafm" target="_blank">muguruzafm</a>	5	35	1	29448	2174	11560	Irun, Euskal Herria	025
@MunsaBar	<a href="https://twitter.com/MunsaBar" target="_blank">MunsaBar</a>	2	0	1	4	29	203		010
@muntsarius	<a href="https://twitter.com/muntsarius" target="_blank">muntsarius</a>	4	0	1	506	707	1310	Catalunya	011
@MurrayPep	<a href="https://twitter.com/MurrayPep" target="_blank">MurrayPep</a>	1	0	1	108	374	568	Barcelona, Espanya	001
@murri1972	<a href="https://twitter.com/murri1972" target="_blank">murri1972</a>	31	0	2	335	351	40759		002
@Mussolteatre	<a href="https://twitter.com/Mussolteatre" target="_blank">Mussolteatre</a>	33	0	1	2117	2062	25087	Valencia. Meliana. 960064915	145
@musxocolata	<a href="https://twitter.com/musxocolata" target="_blank">musxocolata</a>	7	0	1	18	51	1403		080
@Muxiqueta	<a href="https://twitter.com/Muxiqueta" target="_blank">Muxiqueta</a>	2	0	1	59	104	470		010
@mvperis75	<a href="https://twitter.com/mvperis75" target="_blank">mvperis75</a>	14	0	1	1119	1779	66982	Palafrugell-BCN. RepubliCAT	080
@mydefcon3	<a href="https://twitter.com/mydefcon3" target="_blank">mydefcon3</a>	2	0	1	13	54	1293		088
@myriammoysset	<a href="https://twitter.com/myriammoysset" target="_blank">myriammoysset</a>	2	0	1	683	781	14456		007
@N1oct	<a href="https://twitter.com/N1oct" target="_blank">N1oct</a>	1	0	1	14	167	165	Catalunya	010
@nagusticasals	<a href="https://twitter.com/nagusticasals" target="_blank">nagusticasals</a>	26	0	1	1912	2272	130299	Catalunya, Espanya	010
@nahionuke	<a href="https://twitter.com/nahionuke" target="_blank">nahionuke</a>	1	0	1	54	167	1230	Euskal Herria	086
@Naifre02	<a href="https://twitter.com/Naifre02" target="_blank">Naifre02</a>	2	0	1	24	124	261		010
@NaKk3L	<a href="https://twitter.com/NaKk3L" target="_blank">NaKk3L</a>	12	0	2	116	162	7805	Barcelona, España	063
@NALBAROMA	<a href="https://twitter.com/NALBAROMA" target="_blank">NALBAROMA</a>	12	0	1	187	341	10281	Barcelona	010
@namesvullvotar	<a href="https://twitter.com/namesvullvotar" target="_blank">namesvullvotar</a>	26	0	1	458	828	33579	Tram 412	018
@NaniMasriera	<a href="https://twitter.com/NaniMasriera" target="_blank">NaniMasriera</a>	23	0	1	285	163	70259		010
@NaniRobert	<a href="https://twitter.com/NaniRobert" target="_blank">NaniRobert</a>	0	1	0					215
@naoj77	<a href="https://twitter.com/naoj77" target="_blank">naoj77</a>	10	0	1	707	1436	6620	Barcelona, Catalunya	010
@napardipper	<a href="https://twitter.com/napardipper" target="_blank">napardipper</a>	2	0	1	460	418	30820	Euskal Herria	010
@narcisbeg	<a href="https://twitter.com/narcisbeg" target="_blank">narcisbeg</a>	1	0	1	109	87	29679		010
@narcisvinolas	<a href="https://twitter.com/narcisvinolas" target="_blank">narcisvinolas</a>	1	0	1	7	34	19	Girona, Catalunya	010
@nataliapintado	<a href="https://twitter.com/nataliapintado" target="_blank">nataliapintado</a>	7	0	1	1339	731	46458	Barcelona, Catalunya (lliure)	001
@natant7777	<a href="https://twitter.com/natant7777" target="_blank">natant7777</a>	1	0	1	11	206	5		010
@Natdici	<a href="https://twitter.com/Natdici" target="_blank">Natdici</a>	7	0	1	127	341	16098		010
@NatxoBCN	<a href="https://twitter.com/NatxoBCN" target="_blank">NatxoBCN</a>	12	0	1	973	2254	35725	Barcelona	010
@Natxofajardo	<a href="https://twitter.com/Natxofajardo" target="_blank">Natxofajardo</a>	1	0	1	102	279	383	Girona, Catalunya	141
@natxox	<a href="https://twitter.com/natxox" target="_blank">natxox</a>	2	0	1	2581	3696	212034	En las grandes alamedas	015
@ncadenes	<a href="https://twitter.com/ncadenes" target="_blank">ncadenes</a>	5	5	0	8351	2394	9670		041
@NCalderer	<a href="https://twitter.com/NCalderer" target="_blank">NCalderer</a>	1	0	1	5	35	81		080
@ncarabassa	<a href="https://twitter.com/ncarabassa" target="_blank">ncarabassa</a>	5	0	1	79	255	1946		004
@ncpairun	<a href="https://twitter.com/ncpairun" target="_blank">ncpairun</a>	1	0	1	116	368	2714		144
@NebilimKH	<a href="https://twitter.com/NebilimKH" target="_blank">NebilimKH</a>	1	0	1	510	171	48701	Marín, Pontevedra	010
@NegreViader	<a href="https://twitter.com/NegreViader" target="_blank">NegreViader</a>	4	0	1	397	1314	1335		025
@nenee_eu	<a href="https://twitter.com/nenee_eu" target="_blank">nenee_eu</a>	13	0	1	1559	2274	75677	Catalunya	010
@NeoCat2014	<a href="https://twitter.com/NeoCat2014" target="_blank">NeoCat2014</a>	0	1	0					001
@NeOz7	<a href="https://twitter.com/NeOz7" target="_blank">NeOz7</a>	1	0	1	178	235	8149	Gelida	010
@NesFutur	<a href="https://twitter.com/NesFutur" target="_blank">NesFutur</a>	3	0	2	13	44	659		063
@netorosm	<a href="https://twitter.com/netorosm" target="_blank">netorosm</a>	1	0	1	155	373	11279	República Catalana	090
@NeusNogue	<a href="https://twitter.com/NeusNogue" target="_blank">NeusNogue</a>	9	0	1	1493	620	18166	Barcelona (Catalunya)	056
@NeusPalouFerrer	<a href="https://twitter.com/NeusPalouFerrer" target="_blank">NeusPalouFerrer</a>	1	0	1	59	132	8182		010
@NeusPM1	<a href="https://twitter.com/NeusPM1" target="_blank">NeusPM1</a>	15	0	1	98	250	19905		004
@NeverLewinsky	<a href="https://twitter.com/NeverLewinsky" target="_blank">NeverLewinsky</a>	2	0	1	262	205	38208	Barcelona, CATALUNYA	037
@newzero45	<a href="https://twitter.com/newzero45" target="_blank">newzero45</a>	2	0	1	275	566	13593		010
@nhoa	<a href="https://twitter.com/nhoa" target="_blank">nhoa</a>	15	0	1	86	94	3704		010
@Nicolaseta1	<a href="https://twitter.com/Nicolaseta1" target="_blank">Nicolaseta1</a>	7	0	1	1786	2554	3751	Catalunya	010
@Nieps81	<a href="https://twitter.com/Nieps81" target="_blank">Nieps81</a>	1	0	1	180	156	5769	cos a SVH i cor a Menorca	017
@Nikewan	<a href="https://twitter.com/Nikewan" target="_blank">Nikewan</a>	4	0	1	17	77	1442		038
@nilpamgi	<a href="https://twitter.com/nilpamgi" target="_blank">nilpamgi</a>	1	0	1	143	295	241	girona	086
@NilPapiol	<a href="https://twitter.com/NilPapiol" target="_blank">NilPapiol</a>	0	2	0					134
@NilPuigivila	<a href="https://twitter.com/NilPuigivila" target="_blank">NilPuigivila</a>	3	0	1	967	1577	5951	Vic, PPCC	111
@NilRomagosa	<a href="https://twitter.com/NilRomagosa" target="_blank">NilRomagosa</a>	9	0	1	454	337	4015		010
@niluspc	<a href="https://twitter.com/niluspc" target="_blank">niluspc</a>	8	0	1	1018	863	22174	Catalunya	004
@niobe1714	<a href="https://twitter.com/niobe1714" target="_blank">niobe1714</a>	9	0	1	41	30	7003		010
@niskas	<a href="https://twitter.com/niskas" target="_blank">niskas</a>	44	0	2	204	2040	5544		062
@NiuboVictor	<a href="https://twitter.com/NiuboVictor" target="_blank">NiuboVictor</a>	11	0	1	159	254	13203	El Moianès, Catalunya	004
@nodekey	<a href="https://twitter.com/nodekey" target="_blank">nodekey</a>	3	0	2	49	55	1063	N 41°33' 0'' / E 2°0' 0''	063
@noe_bail	<a href="https://twitter.com/noe_bail" target="_blank">noe_bail</a>	1	4	0	466	376	1389		045
@Noeeelia_PL	<a href="https://twitter.com/Noeeelia_PL" target="_blank">Noeeelia_PL</a>	1	0	1	33	101	126		080
@noeliavalero76	<a href="https://twitter.com/noeliavalero76" target="_blank">noeliavalero76</a>	2	0	1	112	352	2626	Barcelona	099
@NoemiPAH	<a href="https://twitter.com/NoemiPAH" target="_blank">NoemiPAH</a>	25	0	3	750	918	61226		026
@Noietamandanga	<a href="https://twitter.com/Noietamandanga" target="_blank">Noietamandanga</a>	1	0	1	28	302	1866		010
@noihex	<a href="https://twitter.com/noihex" target="_blank">noihex</a>	2	0	2	110	15	2538	Catalunya	067
@Nollallunera	<a href="https://twitter.com/Nollallunera" target="_blank">Nollallunera</a>	4	0	1	447	281	36221	Badalona, República catalana	172
@NoLoSe82797140	<a href="https://twitter.com/NoLoSe82797140" target="_blank">NoLoSe82797140</a>	5	0	1	80	91	11234		010
@nomambarrova	<a href="https://twitter.com/nomambarrova" target="_blank">nomambarrova</a>	5	0	1	35	484	713		010
@NoMesXoris	<a href="https://twitter.com/NoMesXoris" target="_blank">NoMesXoris</a>	37	3	2	2391	1994	111632	Terrassa	022
@Noname_Warrior_	<a href="https://twitter.com/Noname_Warrior_" target="_blank">Noname_Warrior_</a>	1	0	1	36	192	942		105
@noncasadevall	<a href="https://twitter.com/noncasadevall" target="_blank">noncasadevall</a>	9	0	2	273	208	7416	Banyoles, Països Catalans	026
@nosequin	<a href="https://twitter.com/nosequin" target="_blank">nosequin</a>	2	0	1	255	622	687	Taradell	010
@Nria26290763	<a href="https://twitter.com/Nria26290763" target="_blank">Nria26290763</a>	1	0	1	15	65	287	SBD	080
@NSeguraResalt	<a href="https://twitter.com/NSeguraResalt" target="_blank">NSeguraResalt</a>	2	0	1	59	85	1223	Vilanova i la Geltrú	040
@NTeixidoSarda	<a href="https://twitter.com/NTeixidoSarda" target="_blank">NTeixidoSarda</a>	1	0	1	65	393	629	Barcelona	010
@Nuria1966	<a href="https://twitter.com/Nuria1966" target="_blank">Nuria1966</a>	9	0	2	427	329	23630	Barcelona	032
@nuriabs88	<a href="https://twitter.com/nuriabs88" target="_blank">nuriabs88</a>	23	0	2	430	598	18012	barcelona, catalunya	027
@NuriaCasademont	<a href="https://twitter.com/NuriaCasademont" target="_blank">NuriaCasademont</a>	6	0	1	60	584	564		010
@nuriacastells	<a href="https://twitter.com/nuriacastells" target="_blank">nuriacastells</a>	1	2	0	2278	785	17746		153
@nuriades	<a href="https://twitter.com/nuriades" target="_blank">nuriades</a>	3	0	1	1603	1341	6616		004
@nuriaingles	<a href="https://twitter.com/nuriaingles" target="_blank">nuriaingles</a>	9	1	0	2080	2295	51529	Catalunya	213
@nuriapena53	<a href="https://twitter.com/nuriapena53" target="_blank">nuriapena53</a>	4	0	1	22	59	375		001
@nuriapueyod	<a href="https://twitter.com/nuriapueyod" target="_blank">nuriapueyod</a>	5	0	1	209	739	2611	Barcelona	010
@NusGordia	<a href="https://twitter.com/NusGordia" target="_blank">NusGordia</a>	3	0	1	2467	4187	47309	BCN Catalonia	018
@Nuska48319537	<a href="https://twitter.com/Nuska48319537" target="_blank">Nuska48319537</a>	2	0	1	7	28	45	Girona, Espanya	010
@nussubi	<a href="https://twitter.com/nussubi" target="_blank">nussubi</a>	2	0	1	1	58	49		010
@nuumaa2	<a href="https://twitter.com/nuumaa2" target="_blank">nuumaa2</a>	1	0	1	2	37	98		010
@nuvolroig	<a href="https://twitter.com/nuvolroig" target="_blank">nuvolroig</a>	1	0	1	289	709	5385		010
@NyMarky	<a href="https://twitter.com/NyMarky" target="_blank">NyMarky</a>	5	0	1	57	102	4758		010
@o_carli	<a href="https://twitter.com/o_carli" target="_blank">o_carli</a>	3	0	1	369	1345	4162	Vilafranca del Penedès, PPCC	041
@ocarrascoserra	<a href="https://twitter.com/ocarrascoserra" target="_blank">ocarrascoserra</a>	1	0	1	256	665	1433	Barcelona-Sant Pol, Catalunya	002
@octavimasip	<a href="https://twitter.com/octavimasip" target="_blank">octavimasip</a>	19	0	2	801	1030	20198	República Catalana	014
@OdetteVGomis	<a href="https://twitter.com/OdetteVGomis" target="_blank">OdetteVGomis</a>	10	0	2	1243	2505	20530	9B Barcelona...Països Catalans	045
@Odrelo	<a href="https://twitter.com/Odrelo" target="_blank">Odrelo</a>	1	0	1	27	51	2480	Discworld	010
@ogarciaalzorriz	<a href="https://twitter.com/ogarciaalzorriz" target="_blank">ogarciaalzorriz</a>	4	0	1	627	1911	5620	Barcelona	122
@OH_Poemas	<a href="https://twitter.com/OH_Poemas" target="_blank">OH_Poemas</a>	2	0	1	1841	1807	63506	.	001
@ojeylo	<a href="https://twitter.com/ojeylo" target="_blank">ojeylo</a>	2	0	1	87	144	1720		010
@okupibaraka	<a href="https://twitter.com/okupibaraka" target="_blank">okupibaraka</a>	2	0	1	1005	651	4011	Barakaldo, Ezkerraldea (EH)	205
@oldtown_93	<a href="https://twitter.com/oldtown_93" target="_blank">oldtown_93</a>	3	0	1	1244	785	29060	Ao pé do carballo nun buraco	010
@OlgaCat63	<a href="https://twitter.com/OlgaCat63" target="_blank">OlgaCat63</a>	2	0	1	10	105	836	Catalonia next state of Europe	010
@olgamineraina	<a href="https://twitter.com/olgamineraina" target="_blank">olgamineraina</a>	25	0	1	96	233	3534		010
@OlgaPardoC	<a href="https://twitter.com/OlgaPardoC" target="_blank">OlgaPardoC</a>	1	0	1	21	51	130		010
@olm609	<a href="https://twitter.com/olm609" target="_blank">olm609</a>	2	0	1	20	116	552		010
@OlorASocarrim	<a href="https://twitter.com/OlorASocarrim" target="_blank">OlorASocarrim</a>	21	0	3	386	594	25444	Visc a Catalunya	011
@omiralpeix96	<a href="https://twitter.com/omiralpeix96" target="_blank">omiralpeix96</a>	1	0	1	343	835	1116	Barcelona, Catalunya.	201
@OmniumAnoia	<a href="https://twitter.com/OmniumAnoia" target="_blank">OmniumAnoia</a>	1	6	0	1304	1885	1545	Anoia	043
@OMotger	<a href="https://twitter.com/OMotger" target="_blank">OMotger</a>	11	0	1	195	497	23716		010
@OnaCedo1	<a href="https://twitter.com/OnaCedo1" target="_blank">OnaCedo1</a>	6	0	1	184	660	10231		010
@OneEyeOpen	<a href="https://twitter.com/OneEyeOpen" target="_blank">OneEyeOpen</a>	3	0	1	170	149	11838	Taipei, Taiwan	010
@onestepbeyong	<a href="https://twitter.com/onestepbeyong" target="_blank">onestepbeyong</a>	10	0	1	192	735	17523		060
@onetouchmaq	<a href="https://twitter.com/onetouchmaq" target="_blank">onetouchmaq</a>	1	0	1	4	75	685	Sant Cugat del Vallès, Catalunya	010
@opis76	<a href="https://twitter.com/opis76" target="_blank">opis76</a>	3	0	1	139	223	1508	Santa Coloma de Queralt	086
@oraingoanBAI	<a href="https://twitter.com/oraingoanBAI" target="_blank">oraingoanBAI</a>	2	0	1	1653	1668	3234	Euskal Herrian	036
@ori1905	<a href="https://twitter.com/ori1905" target="_blank">ori1905</a>	60	0	1	107	1090	10381	Catalunya	011
@orientaccio	<a href="https://twitter.com/orientaccio" target="_blank">orientaccio</a>	6	0	1	220	532	2199		010
@Oriol_BP	<a href="https://twitter.com/Oriol_BP" target="_blank">Oriol_BP</a>	3	0	1	591	399	2252	Badalona/Catalunya	010
@OriolAmoros	<a href="https://twitter.com/OriolAmoros" target="_blank">OriolAmoros</a>	5	0	1	23136	14037	26303	Barcelona, Països Catalans	082
@ORIOLET7	<a href="https://twitter.com/ORIOLET7" target="_blank">ORIOLET7</a>	15	0	1	464	829	30247		010
@orioletvipe	<a href="https://twitter.com/orioletvipe" target="_blank">orioletvipe</a>	5	0	1	112	379	2237		010
@oriolgarcia11	<a href="https://twitter.com/oriolgarcia11" target="_blank">oriolgarcia11</a>	2	0	1	82	196	2631	Barcelona, Catalunya	010
@oriolguell	<a href="https://twitter.com/oriolguell" target="_blank">oriolguell</a>	2	0	1	1794	2670	14790	Barcelona	001
@OriolHosta	<a href="https://twitter.com/OriolHosta" target="_blank">OriolHosta</a>	6	0	1	997	2169	5930	Gràcia - Barcelona	002
@OriolLari	<a href="https://twitter.com/OriolLari" target="_blank">OriolLari</a>	0	5	0					010
@oriolmoCAT	<a href="https://twitter.com/oriolmoCAT" target="_blank">oriolmoCAT</a>	6	0	1	233	430	9593	Lleida, Catalunya	010
@OriolPalenzuela	<a href="https://twitter.com/OriolPalenzuela" target="_blank">OriolPalenzuela</a>	1	0	1	331	206	2291	Catalunya	082
@oriolpineiro	<a href="https://twitter.com/oriolpineiro" target="_blank">oriolpineiro</a>	3	0	1	286	661	7893	LaRepúblicaCatalana	001
@oriolrodri	<a href="https://twitter.com/oriolrodri" target="_blank">oriolrodri</a>	1	0	1	250	674	1915	Manresa, Barcelona	010
@Oriolsastrot	<a href="https://twitter.com/Oriolsastrot" target="_blank">Oriolsastrot</a>	5	0	1	14	142	1520		082
@oriolvila_	<a href="https://twitter.com/oriolvila_" target="_blank">oriolvila_</a>	5	0	2	1214	2020	9078	Granollers - Barcelona	061
@OrioruSan	<a href="https://twitter.com/OrioruSan" target="_blank">OrioruSan</a>	1	0	1	912	428	23121	Area 51	010
@oronell	<a href="https://twitter.com/oronell" target="_blank">oronell</a>	1	0	1	177	236	4513	Reus	010
@OsalvadoM	<a href="https://twitter.com/OsalvadoM" target="_blank">OsalvadoM</a>	13	0	1	19	88	1309	Sant Boi de Llobregat, Espanya	116
@oscar_ahidalgo	<a href="https://twitter.com/oscar_ahidalgo" target="_blank">oscar_ahidalgo</a>	2	0	1	291	1012	751	Bóixols, Pallars Jussà	010
@oscar_imia	<a href="https://twitter.com/oscar_imia" target="_blank">oscar_imia</a>	4	0	1	398	1391	4801	Catalunya	010
@oscar1losada	<a href="https://twitter.com/oscar1losada" target="_blank">oscar1losada</a>	4	0	1	148	102	189	Terrassa, Països Catalans	133
@OscarCanti	<a href="https://twitter.com/OscarCanti" target="_blank">OscarCanti</a>	1	0	1	77	438	887	BCN	010
@oscarcivera	<a href="https://twitter.com/oscarcivera" target="_blank">oscarcivera</a>	3	0	1	43	254	2312		010
@oscarlm98	<a href="https://twitter.com/oscarlm98" target="_blank">oscarlm98</a>	49	0	2	2893	1890	117254	Barcelona, Catalunya	010
@oscarmanubens	<a href="https://twitter.com/oscarmanubens" target="_blank">oscarmanubens</a>	3	0	1	52	255	354		010
@OscarMuS	<a href="https://twitter.com/OscarMuS" target="_blank">OscarMuS</a>	11	0	1	341	1578	33993	Catalunya	010
@oskarmatute	<a href="https://twitter.com/oskarmatute" target="_blank">oskarmatute</a>	3	0	1	11240	3527	44513	Bilbao	010
@OskarMeGo	<a href="https://twitter.com/OskarMeGo" target="_blank">OskarMeGo</a>	9	0	1	1261	910	19378	Sant Pere de Ribes, Catalunya	110
@ossiatwit	<a href="https://twitter.com/ossiatwit" target="_blank">ossiatwit</a>	4	0	1	162	187	2065	Sant Privat d'en Bas	098
@osuanya	<a href="https://twitter.com/osuanya" target="_blank">osuanya</a>	2	0	1	1406	562	15714		010
@oti_oto	<a href="https://twitter.com/oti_oto" target="_blank">oti_oto</a>	3	0	1	111	269	11438	Catalunya	010
@OuFeRRaT	<a href="https://twitter.com/OuFeRRaT" target="_blank">OuFeRRaT</a>	1	0	1	439	1442	2399	Barcelona	010
@Outsiderplayer_	<a href="https://twitter.com/Outsiderplayer_" target="_blank">Outsiderplayer_</a>	1	0	1	88	53	502	Barcelona, España	010
@OvMois	<a href="https://twitter.com/OvMois" target="_blank">OvMois</a>	1	0	1	37	187	33		010
@OWynn	<a href="https://twitter.com/OWynn" target="_blank">OWynn</a>	3	0	1	80	578	680	Sabadell	010
@PabloARosa	<a href="https://twitter.com/PabloARosa" target="_blank">PabloARosa</a>	1	0	1	48	98	672	Barcelona	010
@PacoBoixados	<a href="https://twitter.com/PacoBoixados" target="_blank">PacoBoixados</a>	1	0	1	22	48	262	Barcelona	010
@pacoturegano	<a href="https://twitter.com/pacoturegano" target="_blank">pacoturegano</a>	4	0	1	280	381	29991		027
@pafega221089	<a href="https://twitter.com/pafega221089" target="_blank">pafega221089</a>	2	0	1	11	137	209		082
@paikinho	<a href="https://twitter.com/paikinho" target="_blank">paikinho</a>	2	1	0	523	1104	14375	L L E I D A	212
@Pajarraca83	<a href="https://twitter.com/Pajarraca83" target="_blank">Pajarraca83</a>	6	0	1	176	717	1236	el Raval, Barcelona	113
@Pala_8	<a href="https://twitter.com/Pala_8" target="_blank">Pala_8</a>	3	0	1	4	52	747		010
@Pallacus	<a href="https://twitter.com/Pallacus" target="_blank">Pallacus</a>	25	0	1	256	261	19913	Barcino	055
@pallares91	<a href="https://twitter.com/pallares91" target="_blank">pallares91</a>	5	0	1	56	209	4694	Figueres, Catalunya	010
@PAM_Mesas	<a href="https://twitter.com/PAM_Mesas" target="_blank">PAM_Mesas</a>	2	0	1	285	884	2796		010
@pampallugaines	<a href="https://twitter.com/pampallugaines" target="_blank">pampallugaines</a>	1	2	0	73	260	336		150
@PanadesPb	<a href="https://twitter.com/PanadesPb" target="_blank">PanadesPb</a>	20	0	1	986	1570	58493		211
@PanderetaZalea	<a href="https://twitter.com/PanderetaZalea" target="_blank">PanderetaZalea</a>	15	0	1	635	3334	11700		010
@panionios13	<a href="https://twitter.com/panionios13" target="_blank">panionios13</a>	2	0	1	155	244	6342	villava	237
@panximay	<a href="https://twitter.com/panximay" target="_blank">panximay</a>	1	0	1	45	169	375	de Blanes city, of course!	082
@pare_pere	<a href="https://twitter.com/pare_pere" target="_blank">pare_pere</a>	4	0	1	71	70	14828		010
@Paredesr	<a href="https://twitter.com/Paredesr" target="_blank">Paredesr</a>	5	0	1	615	1282	16496		080
@ParetoJulia	<a href="https://twitter.com/ParetoJulia" target="_blank">ParetoJulia</a>	7	0	1	13	41	828		010
@partitocraciaNO	<a href="https://twitter.com/partitocraciaNO" target="_blank">partitocraciaNO</a>	13	0	1	618	1591	37182	balaguer	010
@PastorRos	<a href="https://twitter.com/PastorRos" target="_blank">PastorRos</a>	1	0	1	105	1495	281		010
@PatiLailla	<a href="https://twitter.com/PatiLailla" target="_blank">PatiLailla</a>	9	0	1	710	788	20340	Catalunya	018
@patllarivila	<a href="https://twitter.com/patllarivila" target="_blank">patllarivila</a>	2	0	1	53	59	873		010
@PatosoRecluta	<a href="https://twitter.com/PatosoRecluta" target="_blank">PatosoRecluta</a>	5	0	1	75	210	10219	Galiza	025
@PatrickVedel	<a href="https://twitter.com/PatrickVedel" target="_blank">PatrickVedel</a>	14	0	1	3269	5001	254397	Le Perthus, France	010
@patrilla12	<a href="https://twitter.com/patrilla12" target="_blank">patrilla12</a>	1	0	1	564	447	5304		152
@patufetcabrejat	<a href="https://twitter.com/patufetcabrejat" target="_blank">patufetcabrejat</a>	4	0	1	25	241	1554	Olesa de montserrat	010
@Patufets_verds	<a href="https://twitter.com/Patufets_verds" target="_blank">Patufets_verds</a>	1	0	1	65	52	289	Dublin City, Ireland	010
@pau_ors	<a href="https://twitter.com/pau_ors" target="_blank">pau_ors</a>	4	0	1	432	891	6285	Cardedeu, Catalunya	010
@paubloescobar	<a href="https://twitter.com/paubloescobar" target="_blank">paubloescobar</a>	8	0	1	860	141	8646	Catalunya	010
@paucomes	<a href="https://twitter.com/paucomes" target="_blank">paucomes</a>	2	1	0	4786	5185	76441	Vic (Països Catalans)	211
@pauf_sj	<a href="https://twitter.com/pauf_sj" target="_blank">pauf_sj</a>	3	0	1	130	520	7955	Premià de Mar	010
@paulladorebull	<a href="https://twitter.com/paulladorebull" target="_blank">paulladorebull</a>	1	0	1	595	527	6022	Palafrugell, Catalunya	010
@PaulPaulpietri	<a href="https://twitter.com/PaulPaulpietri" target="_blank">PaulPaulpietri</a>	1	0	1	561	499	6960		010
@paulusrex4	<a href="https://twitter.com/paulusrex4" target="_blank">paulusrex4</a>	5	0	1	676	1508	2649		010
@pauvilagarcia	<a href="https://twitter.com/pauvilagarcia" target="_blank">pauvilagarcia</a>	1	0	1	381	287	2014	Barcelona	010
@pauvilaserra	<a href="https://twitter.com/pauvilaserra" target="_blank">pauvilaserra</a>	1	0	1	147	391	621		010
@pbatlle01	<a href="https://twitter.com/pbatlle01" target="_blank">pbatlle01</a>	6	0	1	459	1025	7751	Girona - Catalunya	010
@pbuades	<a href="https://twitter.com/pbuades" target="_blank">pbuades</a>	17	0	1	293	696	11578	sa Pobla, Majorca, Catalonia	010
@pcladelles	<a href="https://twitter.com/pcladelles" target="_blank">pcladelles</a>	2	0	1	646	493	5567	Tortosa	010
@PDCALLDETENES	<a href="https://twitter.com/PDCALLDETENES" target="_blank">PDCALLDETENES</a>	7	0	1	372	627	6392	Catalunya	209
@PdcAnoia	<a href="https://twitter.com/PdcAnoia" target="_blank">PdcAnoia</a>	0	2	0					152
@PDCComarquesBCN	<a href="https://twitter.com/PDCComarquesBCN" target="_blank">PDCComarquesBCN</a>	11	1	0	2079	1786	6121	Catalunya	210
@PDeC_Capellades	<a href="https://twitter.com/PDeC_Capellades" target="_blank">PDeC_Capellades</a>	1	0	1	284	760	807	Capellades, Catalunya	152
@PDECAT_AMB	<a href="https://twitter.com/PDECAT_AMB" target="_blank">PDECAT_AMB</a>	9	0	2	1049	1181	13449		028
@PDeCAT_LH	<a href="https://twitter.com/PDeCAT_LH" target="_blank">PDeCAT_LH</a>	4	3	0	1417	1764	3269	L'Hospitalet de Llobregat	116
@pdecat_sabadell	<a href="https://twitter.com/pdecat_sabadell" target="_blank">pdecat_sabadell</a>	3	4	0	205	167	676	Sabadell, Catalunya	047
@PDeCAT_TMA	<a href="https://twitter.com/PDeCAT_TMA" target="_blank">PDeCAT_TMA</a>	2	0	1	400	547	2273	Catalunya	010
@pdecatdiba	<a href="https://twitter.com/pdecatdiba" target="_blank">pdecatdiba</a>	1	0	1	2653	2128	2923	Barcelona	058
@PdecatGracia	<a href="https://twitter.com/PdecatGracia" target="_blank">PdecatGracia</a>	28	0	1	324	72	8436	Barcelona, Catalunya	058
@PDECATGramenet	<a href="https://twitter.com/PDECATGramenet" target="_blank">PDECATGramenet</a>	4	0	1	558	491	1619	Santa Coloma de Gramenet	058
@PDeCATMataro	<a href="https://twitter.com/PDeCATMataro" target="_blank">PDeCATMataro</a>	6	2	0	1534	1433	6013	Mataró, Catalunya, UE	035
@PDECATNouBarris	<a href="https://twitter.com/PDECATNouBarris" target="_blank">PDECATNouBarris</a>	8	0	1	385	316	1075		099
@PDECATSegria	<a href="https://twitter.com/PDECATSegria" target="_blank">PDECATSegria</a>	0	1	0					209
@pdecatTerrassa	<a href="https://twitter.com/pdecatTerrassa" target="_blank">pdecatTerrassa</a>	2	3	0	1692	1636	2322	Terrassa	003
@Pdemocratacat	<a href="https://twitter.com/Pdemocratacat" target="_blank">Pdemocratacat</a>	8	36	0	190346	48261	19744	Catalunya	058
@PedroLuna73	<a href="https://twitter.com/PedroLuna73" target="_blank">PedroLuna73</a>	1	3	0	5198	263	32330	L'Hospitalet de Llobregat	121
@peerlux	<a href="https://twitter.com/peerlux" target="_blank">peerlux</a>	1	0	1	2319	2254	2681	lommel	001
@PeggyMaswell	<a href="https://twitter.com/PeggyMaswell" target="_blank">PeggyMaswell</a>	3	0	1	1120	1164	16460		010
@pekpep	<a href="https://twitter.com/pekpep" target="_blank">pekpep</a>	22	0	1	494	1179	43547	BARCELONA, SPAIN	018
@pellicer_silvia	<a href="https://twitter.com/pellicer_silvia" target="_blank">pellicer_silvia</a>	2	0	1	6	35	137	Barcelona, Espanya	058
@Pennylanerules	<a href="https://twitter.com/Pennylanerules" target="_blank">Pennylanerules</a>	1	0	1	102	705	881		001
@peo365	<a href="https://twitter.com/peo365" target="_blank">peo365</a>	3	0	1	928	1567	15434	Riells i Viabrea, Girona	010
@Pep__Vila	<a href="https://twitter.com/Pep__Vila" target="_blank">Pep__Vila</a>	11	0	1	59	133	6440		010
@pep_coca	<a href="https://twitter.com/pep_coca" target="_blank">pep_coca</a>	9	0	1	35	105	1714		010
@pep_olle	<a href="https://twitter.com/pep_olle" target="_blank">pep_olle</a>	2	0	1	206	473	2079		010
@Pep95527177	<a href="https://twitter.com/Pep95527177" target="_blank">Pep95527177</a>	15	0	1	522	2852	29411	Ger, Catalunya	010
@Pepabonet	<a href="https://twitter.com/Pepabonet" target="_blank">Pepabonet</a>	5	0	1	411	773	21056	Catalunya	001
@PepaPlana	<a href="https://twitter.com/PepaPlana" target="_blank">PepaPlana</a>	0	2	0					149
@PEPDECAT	<a href="https://twitter.com/PEPDECAT" target="_blank">PEPDECAT</a>	7	0	1	836	1521	9086	República de Catalunya UE.	004
@pepepuntcat	<a href="https://twitter.com/pepepuntcat" target="_blank">pepepuntcat</a>	3	0	1	1532	2968	41332	Catalunya	010
@PepGanxet	<a href="https://twitter.com/PepGanxet" target="_blank">PepGanxet</a>	2	0	1	20	152	4008		106
@pepitode	<a href="https://twitter.com/pepitode" target="_blank">pepitode</a>	1	0	1	36	182	49	Barcelona	010
@pepitu_grillu	<a href="https://twitter.com/pepitu_grillu" target="_blank">pepitu_grillu</a>	8	0	1	191	188	13493		196
@pepmartorell	<a href="https://twitter.com/pepmartorell" target="_blank">pepmartorell</a>	4	62	0	5887	1368	21335	Barcelona	018
@pepplana63	<a href="https://twitter.com/pepplana63" target="_blank">pepplana63</a>	1	0	1	30	128	208		094
@peppujool	<a href="https://twitter.com/peppujool" target="_blank">peppujool</a>	17	0	1	143	396	10110		079
@peprm	<a href="https://twitter.com/peprm" target="_blank">peprm</a>	5	0	1	1252	1408	45976	mataro - canyamars	010
@pepsauri	<a href="https://twitter.com/pepsauri" target="_blank">pepsauri</a>	3	0	1	859	1200	22662	Catalunya	089
@pepsolavall	<a href="https://twitter.com/pepsolavall" target="_blank">pepsolavall</a>	19	0	1	198	260	7808	La Safor	044
@Peptrapella	<a href="https://twitter.com/Peptrapella" target="_blank">Peptrapella</a>	6	0	1	1411	1581	41945		010
@Pepvr	<a href="https://twitter.com/Pepvr" target="_blank">Pepvr</a>	1	0	1	29	100	83		010
@peque_jvs	<a href="https://twitter.com/peque_jvs" target="_blank">peque_jvs</a>	2	0	1	10	27	524		004
@PeranEspartac	<a href="https://twitter.com/PeranEspartac" target="_blank">PeranEspartac</a>	1	0	1	3931	912	1715	Mataró	080
@pere_bahi	<a href="https://twitter.com/pere_bahi" target="_blank">pere_bahi</a>	11	0	1	937	1879	13486	Catalonia-Olot (La Garrotxa )	010
@pere_cat54	<a href="https://twitter.com/pere_cat54" target="_blank">pere_cat54</a>	9	0	2	59	159	2512	Barcelona, España	010
@pere_s_pers	<a href="https://twitter.com/pere_s_pers" target="_blank">pere_s_pers</a>	4	0	1	404	505	31336	Catalonia	062
@Pere500	<a href="https://twitter.com/Pere500" target="_blank">Pere500</a>	1	0	1	24	74	180	sota el montgri	010
@PereBertomeu	<a href="https://twitter.com/PereBertomeu" target="_blank">PereBertomeu</a>	1	0	1	91	132	279	Barcelona	010
@perebosch20	<a href="https://twitter.com/perebosch20" target="_blank">perebosch20</a>	1	0	1	2	21	108		010
@perecampscampos	<a href="https://twitter.com/perecampscampos" target="_blank">perecampscampos</a>	1	21	0	3916	675	58758	Països Catalans	088
@PereCardus	<a href="https://twitter.com/PereCardus" target="_blank">PereCardus</a>	5	0	5	15288	1614	26882	Països Catalans	002
@peredelescabres	<a href="https://twitter.com/peredelescabres" target="_blank">peredelescabres</a>	6	0	1	1968	991	32992	Riudaura, Països Catalans	010
@Pereestany	<a href="https://twitter.com/Pereestany" target="_blank">Pereestany</a>	2	0	1	133	251	650	Oliana	234
@perepubill	<a href="https://twitter.com/perepubill" target="_blank">perepubill</a>	1	0	1	420	532	1540	Barberà del Vallès	122
@peresabat	<a href="https://twitter.com/peresabat" target="_blank">peresabat</a>	3	1	0	1808	1261	22809		204
@PereSauri	<a href="https://twitter.com/PereSauri" target="_blank">PereSauri</a>	2	0	1	73	182	1743	Aiguafreda	010
@Peret72118101	<a href="https://twitter.com/Peret72118101" target="_blank">Peret72118101</a>	17	0	1	37	86	3762		249
@peretuset	<a href="https://twitter.com/peretuset" target="_blank">peretuset</a>	10	0	1	405	620	4529	Granollers, Rep. of Catalonia	010
@perillxrv	<a href="https://twitter.com/perillxrv" target="_blank">perillxrv</a>	3	0	1	22	67	4562		088
@permafrostrebla	<a href="https://twitter.com/permafrostrebla" target="_blank">permafrostrebla</a>	1	0	1	65	267	757	Catalonia	010
@petardet	<a href="https://twitter.com/petardet" target="_blank">petardet</a>	16	0	1	630	1121	34970	Puig-reig	010
@peusdeporcat	<a href="https://twitter.com/peusdeporcat" target="_blank">peusdeporcat</a>	2	0	1	17	94	820	Barcelona	010
@pezigollas	<a href="https://twitter.com/pezigollas" target="_blank">pezigollas</a>	6	0	1	87	272	1900		010
@pezil	<a href="https://twitter.com/pezil" target="_blank">pezil</a>	2	0	1	292	857	6584	Tolosa	010
@phoenix_derive	<a href="https://twitter.com/phoenix_derive" target="_blank">phoenix_derive</a>	7	0	1	213	403	10889		004
@Pibol33	<a href="https://twitter.com/Pibol33" target="_blank">Pibol33</a>	1	0	1	47	43	2104		143
@pidekat	<a href="https://twitter.com/pidekat" target="_blank">pidekat</a>	1	0	1	153	156	461		010
@PilarFoixL	<a href="https://twitter.com/PilarFoixL" target="_blank">PilarFoixL</a>	4	3	0	64	76	2451	Catalunya	102
@PilarinRodri	<a href="https://twitter.com/PilarinRodri" target="_blank">PilarinRodri</a>	12	0	1	670	480	74752	catalunya	010
@pilarmntz	<a href="https://twitter.com/pilarmntz" target="_blank">pilarmntz</a>	1	0	1	50	344	146		025
@PilarPerezBcn	<a href="https://twitter.com/PilarPerezBcn" target="_blank">PilarPerezBcn</a>	2	0	1	3898	4493	35597	Nou Barris, Barcelona	001
@PilarVila9	<a href="https://twitter.com/PilarVila9" target="_blank">PilarVila9</a>	2	0	1	4	104	519		010
@PileteJosefine	<a href="https://twitter.com/PileteJosefine" target="_blank">PileteJosefine</a>	33	0	1	2785	2117	146848		005
@Pillem23	<a href="https://twitter.com/Pillem23" target="_blank">Pillem23</a>	2	0	1	178	166	12957	Reus	010
@pilucs1	<a href="https://twitter.com/pilucs1" target="_blank">pilucs1</a>	5	0	1	86	251	1104	Barcelona, Catalunya	004
@PinArt_cat	<a href="https://twitter.com/PinArt_cat" target="_blank">PinArt_cat</a>	3	0	1	536	1249	5248	Països Catalans	010
@Pinkukeki	<a href="https://twitter.com/Pinkukeki" target="_blank">Pinkukeki</a>	2	0	1	167	103	20241	Barcelona/Catalunya ||*||	010
@PinyolElisenda	<a href="https://twitter.com/PinyolElisenda" target="_blank">PinyolElisenda</a>	8	0	1	57	167	3096		010
@Piolin_fc	<a href="https://twitter.com/Piolin_fc" target="_blank">Piolin_fc</a>	21	0	1	31	90	1407		004
@piracant6	<a href="https://twitter.com/piracant6" target="_blank">piracant6</a>	14	0	1	223	362	15305		010
@pititinga	<a href="https://twitter.com/pititinga" target="_blank">pititinga</a>	2	0	1	220	769	526	Maresme, Barcelona	039
@pitumasdevall	<a href="https://twitter.com/pitumasdevall" target="_blank">pitumasdevall</a>	3	0	1	1439	2396	6837	Girona, Catalunya	010
@pituxinxola	<a href="https://twitter.com/pituxinxola" target="_blank">pituxinxola</a>	3	2	0	131	220	929	catalunya	159
@placidparis	<a href="https://twitter.com/placidparis" target="_blank">placidparis</a>	1	0	1	34	85	2154		010
@PlaForcadell	<a href="https://twitter.com/PlaForcadell" target="_blank">PlaForcadell</a>	1	0	1	20	28	121		010
@plaidystumtaf	<a href="https://twitter.com/plaidystumtaf" target="_blank">plaidystumtaf</a>	1	0	1	323	265	6104	Ystum Taf Llandaf North	131
@PlanetaMelmac	<a href="https://twitter.com/PlanetaMelmac" target="_blank">PlanetaMelmac</a>	1	0	1	54	189	1874		025
@pletes2	<a href="https://twitter.com/pletes2" target="_blank">pletes2</a>	1	0	1	52	118	310		010
@pllengua	<a href="https://twitter.com/pllengua" target="_blank">pllengua</a>	3	0	1	1901	1581	47451	República catalana, UE	001
@Pointluck1	<a href="https://twitter.com/Pointluck1" target="_blank">Pointluck1</a>	28	0	1	1806	2600	168651	Barcelona	001
@polcruells	<a href="https://twitter.com/polcruells" target="_blank">polcruells</a>	1	0	1	1148	388	5149	Sabadell	010
@Poltemps	<a href="https://twitter.com/Poltemps" target="_blank">Poltemps</a>	4	0	1	500	521	50541		010
@ponscello	<a href="https://twitter.com/ponscello" target="_blank">ponscello</a>	1	0	1	59	310	92	Terrassa	010
@PonsOlot	<a href="https://twitter.com/PonsOlot" target="_blank">PonsOlot</a>	3	0	1	154	444	7171		010
@popgrillat	<a href="https://twitter.com/popgrillat" target="_blank">popgrillat</a>	2	0	1	115	432	4013	Barcelona (Catalunya)	010
@popy1714	<a href="https://twitter.com/popy1714" target="_blank">popy1714</a>	1	0	1	199	369	784	CATALUNYA	010
@porabajo	<a href="https://twitter.com/porabajo" target="_blank">porabajo</a>	20	0	2	1292	2618	85269	Esplugues de Llob. , Catalunya	053
@portclick	<a href="https://twitter.com/portclick" target="_blank">portclick</a>	4	0	1	322	511	7705	Barcelona	064
@portet_bruguera	<a href="https://twitter.com/portet_bruguera" target="_blank">portet_bruguera</a>	7	0	1	2755	1870	10933	Mataró. Catalunya. Europe.	035
@potsmots	<a href="https://twitter.com/potsmots" target="_blank">potsmots</a>	1	0	1	1605	2057	21962	CATALUNYA-INDEPENDENT...JA !!!	063
@PotterMontrose	<a href="https://twitter.com/PotterMontrose" target="_blank">PotterMontrose</a>	1	0	1	130	18	11406		010
@Poxci53	<a href="https://twitter.com/Poxci53" target="_blank">Poxci53</a>	28	0	1	173	259	31759		010
@ppsoe2000	<a href="https://twitter.com/ppsoe2000" target="_blank">ppsoe2000</a>	4	0	1	2454	1764	107278	Arrasate	010
@prats_adria	<a href="https://twitter.com/prats_adria" target="_blank">prats_adria</a>	1	0	1	16	58	182		010
@pratsangles	<a href="https://twitter.com/pratsangles" target="_blank">pratsangles</a>	5	0	1	220	1054	7214	Barcelona  Catalunya	010
@PratXevi	<a href="https://twitter.com/PratXevi" target="_blank">PratXevi</a>	5	0	1	351	429	23519	Catalunya. Barcelona i Enbas	010
@pribaqes	<a href="https://twitter.com/pribaqes" target="_blank">pribaqes</a>	1	1	0	31	33	22	Catalunya, Espanya	201
@PromisedLand14	<a href="https://twitter.com/PromisedLand14" target="_blank">PromisedLand14</a>	1	0	1	35	162	2356	Rep of CAT and BAL	082
@ptomaselliGuit	<a href="https://twitter.com/ptomaselliGuit" target="_blank">ptomaselliGuit</a>	0	1	0					202
@Puchuater	<a href="https://twitter.com/Puchuater" target="_blank">Puchuater</a>	1	0	1	32	91	666		010
@Puigdu	<a href="https://twitter.com/Puigdu" target="_blank">Puigdu</a>	6	0	1	234	545	5490	Barcelona, Catalunya	058
@PuigFigueras	<a href="https://twitter.com/PuigFigueras" target="_blank">PuigFigueras</a>	6	0	1	1754	1054	91674	Alcover,República de Catalunya	010
@puignero	<a href="https://twitter.com/puignero" target="_blank">puignero</a>	1	0	1	65	176	4033		010
@PujaltJ	<a href="https://twitter.com/PujaltJ" target="_blank">PujaltJ</a>	10	0	1	106	215	3939		010
@pujolxavi	<a href="https://twitter.com/pujolxavi" target="_blank">pujolxavi</a>	2	0	1	82	490	3127		010
@punyet	<a href="https://twitter.com/punyet" target="_blank">punyet</a>	4	0	1	1482	1031	10570	ÜT: 41.12149,1.251592	250
@pvallesc	<a href="https://twitter.com/pvallesc" target="_blank">pvallesc</a>	3	0	1	1567	2329	5985	Badalona, CT, Països Catalans	010
@q_Raquel_p	<a href="https://twitter.com/q_Raquel_p" target="_blank">q_Raquel_p</a>	3	1	0	1747	1168	51184	Barcelona (Catalunya)	199
@qarpifoto	<a href="https://twitter.com/qarpifoto" target="_blank">qarpifoto</a>	1	0	1	25	79	89		010
@Qerumen	<a href="https://twitter.com/Qerumen" target="_blank">Qerumen</a>	1	0	1	59	361	590		025
@quadricula	<a href="https://twitter.com/quadricula" target="_blank">quadricula</a>	2	0	1	1815	1926	13331	Catalunya	010
@quelfus	<a href="https://twitter.com/quelfus" target="_blank">quelfus</a>	15	0	2	193	189	14824	banyoles	002
@quesfotin	<a href="https://twitter.com/quesfotin" target="_blank">quesfotin</a>	2	0	1	16	65	364		010
@QueTeDurden	<a href="https://twitter.com/QueTeDurden" target="_blank">QueTeDurden</a>	11	0	1	79	649	5713		001
@quicodomingo	<a href="https://twitter.com/quicodomingo" target="_blank">quicodomingo</a>	1	0	1	1231	703	6330	Barcelona	010
@Quim_AP	<a href="https://twitter.com/Quim_AP" target="_blank">Quim_AP</a>	0	1	0					200
@Quim_Sabate	<a href="https://twitter.com/Quim_Sabate" target="_blank">Quim_Sabate</a>	11	0	1	807	1373	30378		010
@quimbosch	<a href="https://twitter.com/quimbosch" target="_blank">quimbosch</a>	8	0	1	527	549	7274	Barcelona	018
@QuimCompte	<a href="https://twitter.com/QuimCompte" target="_blank">QuimCompte</a>	2	0	1	314	763	15873		010
@quimcosta	<a href="https://twitter.com/quimcosta" target="_blank">quimcosta</a>	2	0	1	757	1039	25446	Catalunya	010
@quimcurbet	<a href="https://twitter.com/quimcurbet" target="_blank">quimcurbet</a>	7	0	1	2074	1253	12977	Girona - Catalunya	010
@quimetus	<a href="https://twitter.com/quimetus" target="_blank">quimetus</a>	14	0	3	960	2044	12735	Catalunya	002
@quimgonter	<a href="https://twitter.com/quimgonter" target="_blank">quimgonter</a>	2	0	1	319	332	5286	Barcelona	010
@quimns	<a href="https://twitter.com/quimns" target="_blank">quimns</a>	2	0	1	81	128	8383	Catalunya, Canovelles	004
@QuimPiqueras	<a href="https://twitter.com/QuimPiqueras" target="_blank">QuimPiqueras</a>	8	0	1	186	174	20936	A cavall. Aquí i Allà	010
@QuimRevi	<a href="https://twitter.com/QuimRevi" target="_blank">QuimRevi</a>	12	0	1	42	35	720	Figueres	010
@QuimRiberaRufas	<a href="https://twitter.com/QuimRiberaRufas" target="_blank">QuimRiberaRufas</a>	1	0	1	495	901	15315	Soriguera-Països Catalans	010
@QuimSalas5	<a href="https://twitter.com/QuimSalas5" target="_blank">QuimSalas5</a>	6	0	1	163	194	15462		082
@quimta	<a href="https://twitter.com/quimta" target="_blank">quimta</a>	9	0	1	1683	1982	44272	Vic, Catalunya	054
@quinossio	<a href="https://twitter.com/quinossio" target="_blank">quinossio</a>	6	0	1	81	898	4943		093
@QuinquillaNuria	<a href="https://twitter.com/QuinquillaNuria" target="_blank">QuinquillaNuria</a>	12	0	1	53	46	4296	Barcelona	026
@qvilar	<a href="https://twitter.com/qvilar" target="_blank">qvilar</a>	7	0	1	400	70	17677		044
@R_Caserras	<a href="https://twitter.com/R_Caserras" target="_blank">R_Caserras</a>	3	0	1	50	149	907		010
@ra_vel_es	<a href="https://twitter.com/ra_vel_es" target="_blank">ra_vel_es</a>	3	0	1	42	39	2876		010
@RabalMaite	<a href="https://twitter.com/RabalMaite" target="_blank">RabalMaite</a>	57	0	1	85	141	26437		010
@RadioIgualada	<a href="https://twitter.com/RadioIgualada" target="_blank">RadioIgualada</a>	4	0	1	5103	1995	48763	103.2 FM	150
@rafabm14	<a href="https://twitter.com/rafabm14" target="_blank">rafabm14</a>	0	8	0					052
@Rafael2015DUI	<a href="https://twitter.com/Rafael2015DUI" target="_blank">Rafael2015DUI</a>	4	0	1	171	351	14857		063
@RafaNualart	<a href="https://twitter.com/RafaNualart" target="_blank">RafaNualart</a>	1	0	1	146	81	341	Barcelona & The World	010
@rafel_cm	<a href="https://twitter.com/rafel_cm" target="_blank">rafel_cm</a>	5	0	1	1808	2777	42918	Barcelona - República Catalana	063
@rafelvng	<a href="https://twitter.com/rafelvng" target="_blank">rafelvng</a>	1	0	1	215	358	17458	Vilanova i la Geltrú, Espanya	010
@RaholaOficial	<a href="https://twitter.com/RaholaOficial" target="_blank">RaholaOficial</a>	12	0	1	222116	531	62108		010
@RaimonCarrasco	<a href="https://twitter.com/RaimonCarrasco" target="_blank">RaimonCarrasco</a>	6	0	3	228	134	1549	Barcelona	002
@raimonpoves	<a href="https://twitter.com/raimonpoves" target="_blank">raimonpoves</a>	14	0	1	159	188	3281		010
@raimonsm	<a href="https://twitter.com/raimonsm" target="_blank">raimonsm</a>	4	0	1	436	2173	4771		010
@Ralph_Sabadell	<a href="https://twitter.com/Ralph_Sabadell" target="_blank">Ralph_Sabadell</a>	12	0	1	304	2639	6256	Catalonia	010
@ramon_ballart	<a href="https://twitter.com/ramon_ballart" target="_blank">ramon_ballart</a>	2	0	1	123	499	3807	Catalunya	080
@ramonaladern	<a href="https://twitter.com/ramonaladern" target="_blank">ramonaladern</a>	3	0	1	36	104	782	Catalunya, Espanya	010
@RamonBalaguerll	<a href="https://twitter.com/RamonBalaguerll" target="_blank">RamonBalaguerll</a>	12	0	2	574	1244	8534	Sant Carles de la Ràpita, Espa	052
@RamonCodinas	<a href="https://twitter.com/RamonCodinas" target="_blank">RamonCodinas</a>	3	1	0	1962	2517	4171		198
@ramonferrer	<a href="https://twitter.com/ramonferrer" target="_blank">ramonferrer</a>	1	0	1	271	506	4331		010
@RamonGasull	<a href="https://twitter.com/RamonGasull" target="_blank">RamonGasull</a>	2	0	1	169	123	763	Tarragona, Catalunya, el món	252
@ramongrauserra	<a href="https://twitter.com/ramongrauserra" target="_blank">ramongrauserra</a>	12	0	1	617	1004	100446	Granollers	010
@ramonmateusans	<a href="https://twitter.com/ramonmateusans" target="_blank">ramonmateusans</a>	2	0	1	463	484	12443	Al millor país CATALUNYA !	001
@ramonp99	<a href="https://twitter.com/ramonp99" target="_blank">ramonp99</a>	1	0	1	127	102	1143	Parets del Vallès, Cataluña	091
@Ramonpoch	<a href="https://twitter.com/Ramonpoch" target="_blank">Ramonpoch</a>	7	0	1	5927	5827	31185	ara a Barcelona - CAT	001
@ramonreig	<a href="https://twitter.com/ramonreig" target="_blank">ramonreig</a>	1	0	1	3537	1878	58079	Vic, Catalunya, Europa	010
@ramontremosa	<a href="https://twitter.com/ramontremosa" target="_blank">ramontremosa</a>	18	6	0	69364	1301	31183	BCN, CAT & EU	096
@ramorosm	<a href="https://twitter.com/ramorosm" target="_blank">ramorosm</a>	1	0	1	182	245	371		010
@RandomsSU	<a href="https://twitter.com/RandomsSU" target="_blank">RandomsSU</a>	3	0	1	60	146	7827	República de Catalunya	137
@rangelserra1	<a href="https://twitter.com/rangelserra1" target="_blank">rangelserra1</a>	5	0	1	48	125	3165	Montgat, España	010
@rantichb	<a href="https://twitter.com/rantichb" target="_blank">rantichb</a>	1	0	1	527	547	9834	Barcelona, Catalunya	010
@Raquel75742555	<a href="https://twitter.com/Raquel75742555" target="_blank">Raquel75742555</a>	2	0	1	3	46	116		010
@RaquelPuig	<a href="https://twitter.com/RaquelPuig" target="_blank">RaquelPuig</a>	2	0	1	309	528	2687	Allà on sóc	004
@RatRavell	<a href="https://twitter.com/RatRavell" target="_blank">RatRavell</a>	9	0	1	563	1138	15971	Catalunya	010
@raul_ur	<a href="https://twitter.com/raul_ur" target="_blank">raul_ur</a>	1	0	1	43	179	444	barcelona	010
@RauldeFlix	<a href="https://twitter.com/RauldeFlix" target="_blank">RauldeFlix</a>	1	0	1	944	1200	8133	Flix	010
@raulgr82	<a href="https://twitter.com/raulgr82" target="_blank">raulgr82</a>	4	0	1	905	874	10607	Sant Celoni, Catalunya	010
@raulmorenof	<a href="https://twitter.com/raulmorenof" target="_blank">raulmorenof</a>	3	0	1	47	163	3216	Spain	082
@rbnmndz	<a href="https://twitter.com/rbnmndz" target="_blank">rbnmndz</a>	6	0	1	256	903	1907	Vilanova, Catalonia	010
@rcpuig94	<a href="https://twitter.com/rcpuig94" target="_blank">rcpuig94</a>	23	0	1	1046	1056	19063	CATALONIA/ CATALUNYA	010
@reagrupamentpv	<a href="https://twitter.com/reagrupamentpv" target="_blank">reagrupamentpv</a>	25	0	1	1960	1959	46159	País Valencià. 960064914	145
@RebecaMoscote	<a href="https://twitter.com/RebecaMoscote" target="_blank">RebecaMoscote</a>	3	0	1	75	275	7788	A Coruña, Galicia	101
@ref1octubrefig1	<a href="https://twitter.com/ref1octubrefig1" target="_blank">ref1octubrefig1</a>	0	1	0					203
@ReigVicenc	<a href="https://twitter.com/ReigVicenc" target="_blank">ReigVicenc</a>	1	0	1	4	13	84		010
@relaxbcncentre	<a href="https://twitter.com/relaxbcncentre" target="_blank">relaxbcncentre</a>	2	0	1	1	10	115	les Corts, Barcelona	010
@renoinoi	<a href="https://twitter.com/renoinoi" target="_blank">renoinoi</a>	4	0	1	491	1046	12730	Barcelona	080
@Renoudebuit	<a href="https://twitter.com/Renoudebuit" target="_blank">Renoudebuit</a>	7	0	1	116	666	12311		010
@repofcat	<a href="https://twitter.com/repofcat" target="_blank">repofcat</a>	2	0	1	205	259	5622		010
@reporcat	<a href="https://twitter.com/reporcat" target="_blank">reporcat</a>	8	0	1	1694	1561	10957	Visc a Barcelona, de Tarragona	080
@resderres	<a href="https://twitter.com/resderres" target="_blank">resderres</a>	4	0	1	34	82	2932		010
@ressons	<a href="https://twitter.com/ressons" target="_blank">ressons</a>	1	0	1	306	1015	8714	Catalunya	010
@retonic49	<a href="https://twitter.com/retonic49" target="_blank">retonic49</a>	1	0	1	39	50	932	Mi casa	010
@revistatalaiot	<a href="https://twitter.com/revistatalaiot" target="_blank">revistatalaiot</a>	2	0	1	127	174	2232	Roquetes (9Barris) Catalunya	010
@RGombau	<a href="https://twitter.com/RGombau" target="_blank">RGombau</a>	2	0	1	7	81	278		091
@rhabarbeer	<a href="https://twitter.com/rhabarbeer" target="_blank">rhabarbeer</a>	2	0	1	486	950	85914		039
@ribalta_joan	<a href="https://twitter.com/ribalta_joan" target="_blank">ribalta_joan</a>	1	0	1	3	14	25		010
@ricardayats	<a href="https://twitter.com/ricardayats" target="_blank">ricardayats</a>	3	0	1	1292	2326	7325	Empordà, Catalonia, EU	010
@RicardFite	<a href="https://twitter.com/RicardFite" target="_blank">RicardFite</a>	14	0	1	412	1029	13301	Barcelona	018
@Ricardo_Llorca	<a href="https://twitter.com/Ricardo_Llorca" target="_blank">Ricardo_Llorca</a>	1	0	1	207	403	1202	Badalona	009
@RICARDPF	<a href="https://twitter.com/RICARDPF" target="_blank">RICARDPF</a>	9	0	1	2471	3322	33408	Sant Boi,Catalunya Independent	011
@RicardZapata	<a href="https://twitter.com/RicardZapata" target="_blank">RicardZapata</a>	3	0	1	1276	976	6138	Sant Pol de Mar, Catalunya	010
@richy_Si	<a href="https://twitter.com/richy_Si" target="_blank">richy_Si</a>	1	0	1	28	154	1003	Madrid, Comunidad de Madrid	010
@rickymurall	<a href="https://twitter.com/rickymurall" target="_blank">rickymurall</a>	1	0	1	96	351	130		010
@Riedweg	<a href="https://twitter.com/Riedweg" target="_blank">Riedweg</a>	3	0	1	1413	1784	5500	Barcelona	010
@rijago	<a href="https://twitter.com/rijago" target="_blank">rijago</a>	47	0	5	73	133	12841		010
@rincewindcat	<a href="https://twitter.com/rincewindcat" target="_blank">rincewindcat</a>	4	0	1	11638	4526	198583	B.Llobregat-Catalunya-Occident	010
@rjoanna77	<a href="https://twitter.com/rjoanna77" target="_blank">rjoanna77</a>	1	0	1	223	2064	505	Verges	010
@rmolins	<a href="https://twitter.com/rmolins" target="_blank">rmolins</a>	3	0	1	138	537	7069	Catalunya	010
@roarto	<a href="https://twitter.com/roarto" target="_blank">roarto</a>	2	0	2	66	90	519	Mataró, Catalunya	035
@roc_esquius	<a href="https://twitter.com/roc_esquius" target="_blank">roc_esquius</a>	2	0	1	664	398	3394		010
@rocaamadour_	<a href="https://twitter.com/rocaamadour_" target="_blank">rocaamadour_</a>	2	0	1	61	383	235		010
@rocballesteros	<a href="https://twitter.com/rocballesteros" target="_blank">rocballesteros</a>	5	0	1	10	79	1135		010
@RodonCa	<a href="https://twitter.com/RodonCa" target="_blank">RodonCa</a>	1	0	1	210	139	3669		010
@Rodri_Edu1979	<a href="https://twitter.com/Rodri_Edu1979" target="_blank">Rodri_Edu1979</a>	4	0	1	147	537	2506	Barcelona, Cataluña	010
@Roger_Lluriach	<a href="https://twitter.com/Roger_Lluriach" target="_blank">Roger_Lluriach</a>	3	0	1	7	92	510		010
@Roger_Riera	<a href="https://twitter.com/Roger_Riera" target="_blank">Roger_Riera</a>	6	0	2	589	362	32406	Eivissa, Illes Pitiüses.	080
@roger_vilanova	<a href="https://twitter.com/roger_vilanova" target="_blank">roger_vilanova</a>	6	0	1	1044	2572	10422	Catalan Republic	063
@Rogerbuch	<a href="https://twitter.com/Rogerbuch" target="_blank">Rogerbuch</a>	17	20	0	6422	3431	30454	República de Catalunya	089
@rogerfraderer	<a href="https://twitter.com/rogerfraderer" target="_blank">rogerfraderer</a>	0	1	0					067
@rogeriera8	<a href="https://twitter.com/rogeriera8" target="_blank">rogeriera8</a>	5	0	1	375	717	6102	Badalona, Catalunya	010
@RogerMartin314	<a href="https://twitter.com/RogerMartin314" target="_blank">RogerMartin314</a>	5	0	1	188	302	14517	República de Catalunya	082
@rogermontaguti	<a href="https://twitter.com/rogermontaguti" target="_blank">rogermontaguti</a>	1	0	1	16	72	217		010
@rogeroliver6	<a href="https://twitter.com/rogeroliver6" target="_blank">rogeroliver6</a>	3	0	1	21	39	1342		010
@RogerOneTT	<a href="https://twitter.com/RogerOneTT" target="_blank">RogerOneTT</a>	2	0	1	33	245	2663		010
@RogerPastorRob1	<a href="https://twitter.com/RogerPastorRob1" target="_blank">RogerPastorRob1</a>	0	1	0					012
@RogerSallas	<a href="https://twitter.com/RogerSallas" target="_blank">RogerSallas</a>	2	0	1	1210	553	6772	Badalona (Països Catalans)	009
@rogerserra	<a href="https://twitter.com/rogerserra" target="_blank">rogerserra</a>	3	0	2	6811	3289	26705	Sabadell (Barcelona)	037
@rogertuneu	<a href="https://twitter.com/rogertuneu" target="_blank">rogertuneu</a>	4	0	1	407	608	3267	Catalunya	010
@rogervilanova	<a href="https://twitter.com/rogervilanova" target="_blank">rogervilanova</a>	6	0	1	704	976	9153	Ripollet, Catalunya	080
@RogerYoda	<a href="https://twitter.com/RogerYoda" target="_blank">RogerYoda</a>	13	0	1	7725	5952	103408	E Street, Jungleland	080
@RoigCano	<a href="https://twitter.com/RoigCano" target="_blank">RoigCano</a>	1	0	1	66	269	1578	Catalunya	010
@Roigsky14	<a href="https://twitter.com/Roigsky14" target="_blank">Roigsky14</a>	8	0	1	49	107	2081		010
@roliver_	<a href="https://twitter.com/roliver_" target="_blank">roliver_</a>	2	0	1	392	584	8331	Catalunya	056
@RollGiMad	<a href="https://twitter.com/RollGiMad" target="_blank">RollGiMad</a>	0	3	0					115
@romanidemata	<a href="https://twitter.com/romanidemata" target="_blank">romanidemata</a>	6	0	3	818	182	47113	descriptor ✏ 47067411	041
@roquini	<a href="https://twitter.com/roquini" target="_blank">roquini</a>	1	3	0	5893	958	33172	Vic,Catalunya	124
@rosa_msust	<a href="https://twitter.com/rosa_msust" target="_blank">rosa_msust</a>	49	0	2	538	702	14432	Badalona, Barcelona	005
@rosafitopons	<a href="https://twitter.com/rosafitopons" target="_blank">rosafitopons</a>	0	1	0					197
@RosaGiralt	<a href="https://twitter.com/RosaGiralt" target="_blank">RosaGiralt</a>	11	0	1	152	309	17891		010
@rosagpl44	<a href="https://twitter.com/rosagpl44" target="_blank">rosagpl44</a>	24	0	1	561	1557	81556		002
@RosaMalagarriga	<a href="https://twitter.com/RosaMalagarriga" target="_blank">RosaMalagarriga</a>	6	0	1	167	422	4693	Catalunya	004
@RosaMar83120165	<a href="https://twitter.com/RosaMar83120165" target="_blank">RosaMar83120165</a>	1	0	1	47	89	2892	Barcelona, Espanya	010
@rosamariallm	<a href="https://twitter.com/rosamariallm" target="_blank">rosamariallm</a>	12	0	2	372	852	11817		004
@RosamariVS	<a href="https://twitter.com/RosamariVS" target="_blank">RosamariVS</a>	6	0	1	672	649	55811	Cambrils	056
@RosaSorribes	<a href="https://twitter.com/RosaSorribes" target="_blank">RosaSorribes</a>	29	0	3	953	1081	51168		010
@Rosclofent	<a href="https://twitter.com/Rosclofent" target="_blank">Rosclofent</a>	3	2	0	31	122	1324	Barcelona, Catalunya	078
@rosenfeld_anna	<a href="https://twitter.com/rosenfeld_anna" target="_blank">rosenfeld_anna</a>	1	0	1	2541	1298	5817		004
@roser_colome	<a href="https://twitter.com/roser_colome" target="_blank">roser_colome</a>	2	0	1	372	384	3022	Catalunya	010
@Roser_Morraja	<a href="https://twitter.com/Roser_Morraja" target="_blank">Roser_Morraja</a>	12	0	2	1008	1803	69518		052
@RoserdelRey	<a href="https://twitter.com/RoserdelRey" target="_blank">RoserdelRey</a>	1	0	1	22	98	2626		010
@roseretaue	<a href="https://twitter.com/roseretaue" target="_blank">roseretaue</a>	0	1	0					195
@RoserParedes	<a href="https://twitter.com/RoserParedes" target="_blank">RoserParedes</a>	2	0	1	48	152	130	Girona	220
@rosetjordi	<a href="https://twitter.com/rosetjordi" target="_blank">rosetjordi</a>	2	27	0	2718	2129	17372	Terrassa, Catalunya	063
@RosinaRibes	<a href="https://twitter.com/RosinaRibes" target="_blank">RosinaRibes</a>	1	0	1	32	249	194		010
@rossend1963	<a href="https://twitter.com/rossend1963" target="_blank">rossend1963</a>	10	0	1	4583	3637	246346		010
@rotondadeponts	<a href="https://twitter.com/rotondadeponts" target="_blank">rotondadeponts</a>	6	0	2	204	144	1137	Ponts	040
@RouraMon	<a href="https://twitter.com/RouraMon" target="_blank">RouraMon</a>	5	0	2	72	195	2449	Catalunya	080
@rouse17130	<a href="https://twitter.com/rouse17130" target="_blank">rouse17130</a>	1	0	1	435	769	7157	L'Escala - Girona - Almatret	010
@roviramerce76	<a href="https://twitter.com/roviramerce76" target="_blank">roviramerce76</a>	3	0	3	8	161	79		004
@rpagerols	<a href="https://twitter.com/rpagerols" target="_blank">rpagerols</a>	1	0	1	107	293	2102	catalunya	062
@rpatallo	<a href="https://twitter.com/rpatallo" target="_blank">rpatallo</a>	2	0	1	132	201	1466		032
@ruastur	<a href="https://twitter.com/ruastur" target="_blank">ruastur</a>	14	0	1	702	959	26313	Free Asturies	011
@RubenSIM_21	<a href="https://twitter.com/RubenSIM_21" target="_blank">RubenSIM_21</a>	1	0	1	297	436	11954	Madrid, Comunidad de Madrid	010
@Rubiperindep	<a href="https://twitter.com/Rubiperindep" target="_blank">Rubiperindep</a>	18	0	1	1581	1201	17359	Rubí, Catalunya	058
@Rufo1903	<a href="https://twitter.com/Rufo1903" target="_blank">Rufo1903</a>	1	0	1	207	452	7335		010
@runi1974	<a href="https://twitter.com/runi1974" target="_blank">runi1974</a>	3	0	1	257	155	3447	Banyoles, Girona (Catalunya)	017
@ruth_nela	<a href="https://twitter.com/ruth_nela" target="_blank">ruth_nela</a>	1	0	1	25	57	703	CATALONIA	231
@RuthCamprubi	<a href="https://twitter.com/RuthCamprubi" target="_blank">RuthCamprubi</a>	1	0	1	42	127	89	Matadepera, Cataluña	010
@RuthEmeEme	<a href="https://twitter.com/RuthEmeEme" target="_blank">RuthEmeEme</a>	3	0	1	942	280	1924	Santa Coloma de Gramenet	045
@ryghtan	<a href="https://twitter.com/ryghtan" target="_blank">ryghtan</a>	1	0	1	493	290	14310	Barcelona, Catalunya.	010
@sa_torra	<a href="https://twitter.com/sa_torra" target="_blank">sa_torra</a>	2	0	1	2	31	182		010
@SabadellMontse	<a href="https://twitter.com/SabadellMontse" target="_blank">SabadellMontse</a>	4	0	1	146	178	1877	Sabadell	057
@sack_am	<a href="https://twitter.com/sack_am" target="_blank">sack_am</a>	88	0	3	2833	3178	269823	Badalona, Catalunya	010
@Saculto333	<a href="https://twitter.com/Saculto333" target="_blank">Saculto333</a>	4	0	1	2	53	1066		141
@safoneta	<a href="https://twitter.com/safoneta" target="_blank">safoneta</a>	1	0	1	136	153	989	Matadepera	010
@sagasaez	<a href="https://twitter.com/sagasaez" target="_blank">sagasaez</a>	10	0	1	21	84	2777		011
@Salpebrat	<a href="https://twitter.com/Salpebrat" target="_blank">Salpebrat</a>	3	0	1	45	144	510		054
@salvadorcardus	<a href="https://twitter.com/salvadorcardus" target="_blank">salvadorcardus</a>	3	0	1	50838	827	49276	Catalunya (Països Catalans)	010
@SalvadorTorras1	<a href="https://twitter.com/SalvadorTorras1" target="_blank">SalvadorTorras1</a>	6	0	1	164	1059	1714		010
@SalvaPicas	<a href="https://twitter.com/SalvaPicas" target="_blank">SalvaPicas</a>	1	0	1	107	156	1497	Terrassa	010
@Salvigrau72	<a href="https://twitter.com/Salvigrau72" target="_blank">Salvigrau72</a>	0	6	0					048
@Sam46a	<a href="https://twitter.com/Sam46a" target="_blank">Sam46a</a>	5	0	1	391	381	36524	cabrils	082
@samuelaris_aris	<a href="https://twitter.com/samuelaris_aris" target="_blank">samuelaris_aris</a>	2	0	1	179	496	8601	països catalans	004
@samuuuuu_98	<a href="https://twitter.com/samuuuuu_98" target="_blank">samuuuuu_98</a>	1	0	1	64	569	2678	Madrid, Comunidad de Madrid	010
@sandalins	<a href="https://twitter.com/sandalins" target="_blank">sandalins</a>	7	0	1	307	489	7617	Catalunya	010
@sandraintheam	<a href="https://twitter.com/sandraintheam" target="_blank">sandraintheam</a>	1	0	1	534	682	7438	Catalunya	010
@SandraPazos	<a href="https://twitter.com/SandraPazos" target="_blank">SandraPazos</a>	0	1	0					017
@sandratudo	<a href="https://twitter.com/sandratudo" target="_blank">sandratudo</a>	3	0	1	127	242	539		010
@santantonianc	<a href="https://twitter.com/santantonianc" target="_blank">santantonianc</a>	1	0	1	502	1083	3199	Sant Antoni, BCN, Catalunya	090
@SantiagoBotonet	<a href="https://twitter.com/SantiagoBotonet" target="_blank">SantiagoBotonet</a>	11	0	1	63	273	5567		010
@SantiFortuny	<a href="https://twitter.com/SantiFortuny" target="_blank">SantiFortuny</a>	5	0	1	814	1441	5773	Tarragona, Països Catalans	113
@SantolayaBuforn	<a href="https://twitter.com/SantolayaBuforn" target="_blank">SantolayaBuforn</a>	1	1	0	483	524	12778	Sant Cugat del Vallès	192
@santpol1	<a href="https://twitter.com/santpol1" target="_blank">santpol1</a>	11	0	1	376	497	20214	Catalunya	134
@santypeet	<a href="https://twitter.com/santypeet" target="_blank">santypeet</a>	1	0	1	54	85	377	Sant Feliu de Codines, España	216
@sara_judit	<a href="https://twitter.com/sara_judit" target="_blank">sara_judit</a>	3	0	1	274	349	12188	Catalunya. Γνώθι σεαυτόν.	010
@Sara67822151	<a href="https://twitter.com/Sara67822151" target="_blank">Sara67822151</a>	25	0	2	28	51	5316		004
@sarabzq_bdn	<a href="https://twitter.com/sarabzq_bdn" target="_blank">sarabzq_bdn</a>	4	0	1	7489	7544	7667	Badalona	155
@sariamtal	<a href="https://twitter.com/sariamtal" target="_blank">sariamtal</a>	2	0	1	5	12	608		010
@sativamush	<a href="https://twitter.com/sativamush" target="_blank">sativamush</a>	14	0	1	601	1070	28425		081
@saturnow	<a href="https://twitter.com/saturnow" target="_blank">saturnow</a>	6	0	1	1980	1024	73103		010
@saurinesdocs	<a href="https://twitter.com/saurinesdocs" target="_blank">saurinesdocs</a>	0	2	0					151
@SBDxI	<a href="https://twitter.com/SBDxI" target="_blank">SBDxI</a>	6	1	1	3673	2205	74265	Sabadell - Països Catalans	070
@SDrolkar	<a href="https://twitter.com/SDrolkar" target="_blank">SDrolkar</a>	3	0	1	70	611	1952		010
@SE_Aimerigues	<a href="https://twitter.com/SE_Aimerigues" target="_blank">SE_Aimerigues</a>	4	2	0	87	73	321	Terrassa, Catalunya	133
@Seaste	<a href="https://twitter.com/Seaste" target="_blank">Seaste</a>	1	0	1	142	325	10151	Barcelona, Catalunya	010
@sebastia_martos	<a href="https://twitter.com/sebastia_martos" target="_blank">sebastia_martos</a>	2	1	0	72	261	2233		193
@seeergi95	<a href="https://twitter.com/seeergi95" target="_blank">seeergi95</a>	4	0	1	165	156	2951	Barcelona ,Catalunya	010
@SenglarCatala	<a href="https://twitter.com/SenglarCatala" target="_blank">SenglarCatala</a>	7	0	2	1017	1516	19630	Baix Montseny, PPCC	042
@Seny_i_rauxa	<a href="https://twitter.com/Seny_i_rauxa" target="_blank">Seny_i_rauxa</a>	13	0	1	1720	1636	23747	Barcelona, Catalunya	010
@sepc_badalona	<a href="https://twitter.com/sepc_badalona" target="_blank">sepc_badalona</a>	3	0	1	413	340	576	Badalona, Països Catalans	009
@SEPC_nacional	<a href="https://twitter.com/SEPC_nacional" target="_blank">SEPC_nacional</a>	6	0	1	16473	1001	14408	Països Catalans	012
@sepfane	<a href="https://twitter.com/sepfane" target="_blank">sepfane</a>	2	0	1	83	215	2093	Molins de Rei, Països Catalans	010
@serav_bcn123	<a href="https://twitter.com/serav_bcn123" target="_blank">serav_bcn123</a>	18	0	1	64	105	7849		010
@Sergi_Jimmy	<a href="https://twitter.com/Sergi_Jimmy" target="_blank">Sergi_Jimmy</a>	6	0	1	165	512	8885	Pineda de mar	010
@sergiavidal	<a href="https://twitter.com/sergiavidal" target="_blank">sergiavidal</a>	1	0	1	85	375	1008	Barcelona	088
@sergiborraslope	<a href="https://twitter.com/sergiborraslope" target="_blank">sergiborraslope</a>	10	0	1	221	230	18718		011
@SergiDiaz94	<a href="https://twitter.com/SergiDiaz94" target="_blank">SergiDiaz94</a>	1	0	1	935	1614	72981	Esplugues de Ll.	025
@sergillima	<a href="https://twitter.com/sergillima" target="_blank">sergillima</a>	13	0	1	889	2045	163406		010
@sergiocerdan95	<a href="https://twitter.com/sergiocerdan95" target="_blank">sergiocerdan95</a>	13	0	1	726	2691	28404	Rubí, España	010
@SergioMerius	<a href="https://twitter.com/SergioMerius" target="_blank">SergioMerius</a>	1	0	1	466	183	34132		010
@sergiovbcn	<a href="https://twitter.com/sergiovbcn" target="_blank">sergiovbcn</a>	3	0	1	243	1562	3472	Bcn, Catalunya	010
@Sergisaju	<a href="https://twitter.com/Sergisaju" target="_blank">Sergisaju</a>	10	0	1	54	167	3827	Barcelona, Cataluña	010
@sergisancho	<a href="https://twitter.com/sergisancho" target="_blank">sergisancho</a>	16	0	1	662	910	20259	Barcelona	061
@sergitorrenta	<a href="https://twitter.com/sergitorrenta" target="_blank">sergitorrenta</a>	3	0	1	302	329	3523	CATALUNYA	010
@SerraRigat	<a href="https://twitter.com/SerraRigat" target="_blank">SerraRigat</a>	2	0	1	6	75	196	Sabadell	010
@serratsabi	<a href="https://twitter.com/serratsabi" target="_blank">serratsabi</a>	3	0	1	3035	2621	61347		010
@serraxic	<a href="https://twitter.com/serraxic" target="_blank">serraxic</a>	1	0	1	166	345	3048	Berga	158
@sescolah67	<a href="https://twitter.com/sescolah67" target="_blank">sescolah67</a>	3	0	1	586	1218	27744	Moja - Penedès - CATALUNYA	061
@SEzquerra	<a href="https://twitter.com/SEzquerra" target="_blank">SEzquerra</a>	9	0	1	3199	1242	12556		021
@SGR79_	<a href="https://twitter.com/SGR79_" target="_blank">SGR79_</a>	3	0	1	142	780	4029		014
@siedu21	<a href="https://twitter.com/siedu21" target="_blank">siedu21</a>	1	0	1	537	1650	395	Figueres	010
@siloimaginas	<a href="https://twitter.com/siloimaginas" target="_blank">siloimaginas</a>	10	0	1	2466	2463	20619		010
@Silvia_Senz	<a href="https://twitter.com/Silvia_Senz" target="_blank">Silvia_Senz</a>	6	0	1	1894	589	55791		056
@silvianogareda	<a href="https://twitter.com/silvianogareda" target="_blank">silvianogareda</a>	1	0	1	296	541	5529	Olot - BCN	227
@silviatorralba2	<a href="https://twitter.com/silviatorralba2" target="_blank">silviatorralba2</a>	2	0	1	58	280	2954		010
@sinapellidoscat	<a href="https://twitter.com/sinapellidoscat" target="_blank">sinapellidoscat</a>	4	0	1	80	145	1108	Catalonia	010
@SindicaEstudian	<a href="https://twitter.com/SindicaEstudian" target="_blank">SindicaEstudian</a>	6	4	0	21599	1386	17786	Estado español	127
@SINDICAT_SMAC	<a href="https://twitter.com/SINDICAT_SMAC" target="_blank">SINDICAT_SMAC</a>	2	1	0	1423	3695	4508	Barcelona, España	191
@sirgmp83	<a href="https://twitter.com/sirgmp83" target="_blank">sirgmp83</a>	2	0	1	85	49	7721	Viladecans	010
@sisdeu	<a href="https://twitter.com/sisdeu" target="_blank">sisdeu</a>	9	0	1	1568	2090	53209	Jerusalem.	010
@SisoMako	<a href="https://twitter.com/SisoMako" target="_blank">SisoMako</a>	21	0	3	1757	4085	48384	Catalonia	063
@sistach5	<a href="https://twitter.com/sistach5" target="_blank">sistach5</a>	1	0	1	15	111	77		010
@SitaSP	<a href="https://twitter.com/SitaSP" target="_blank">SitaSP</a>	15	0	1	2616	3472	49939		018
@SLopeX	<a href="https://twitter.com/SLopeX" target="_blank">SLopeX</a>	2	0	1	658	1064	3170	Catalunya, Espanya	010
@slowolou	<a href="https://twitter.com/slowolou" target="_blank">slowolou</a>	0	13	0					026
@SMoncholi	<a href="https://twitter.com/SMoncholi" target="_blank">SMoncholi</a>	1	0	1	60	326	203		010
@smujal	<a href="https://twitter.com/smujal" target="_blank">smujal</a>	60	0	2	4220	4994	218901	Barcelona	004
@Snrg3	<a href="https://twitter.com/Snrg3" target="_blank">Snrg3</a>	1	1	0	13	98	61		190
@soc_cat	<a href="https://twitter.com/soc_cat" target="_blank">soc_cat</a>	1	1	0	71	111	1324		068
@socafema	<a href="https://twitter.com/socafema" target="_blank">socafema</a>	1	0	1	9	55	232		010
@socarnipa	<a href="https://twitter.com/socarnipa" target="_blank">socarnipa</a>	1	0	1	10	20	2		010
@socblat	<a href="https://twitter.com/socblat" target="_blank">socblat</a>	3	0	1	13	52	1055		080
@SocialismexCAT	<a href="https://twitter.com/SocialismexCAT" target="_blank">SocialismexCAT</a>	16	0	1	445	771	1701	Catalunya	147
@socialistesxSI	<a href="https://twitter.com/socialistesxSI" target="_blank">socialistesxSI</a>	36	0	2	310	251	1126		020
@socladianna	<a href="https://twitter.com/socladianna" target="_blank">socladianna</a>	5	0	1	561	962	17103	A casa meva	046
@soibarrenau	<a href="https://twitter.com/soibarrenau" target="_blank">soibarrenau</a>	3	0	1	100	169	1161	Aragón	010
@Sol92535303	<a href="https://twitter.com/Sol92535303" target="_blank">Sol92535303</a>	13	0	2	49	83	4495	Collbató, España	005
@sola_toni	<a href="https://twitter.com/sola_toni" target="_blank">sola_toni</a>	14	0	1	52	92	5299	a saber...	242
@solamestres	<a href="https://twitter.com/solamestres" target="_blank">solamestres</a>	2	0	1	17	100	35		197
@soler_toni	<a href="https://twitter.com/soler_toni" target="_blank">soler_toni</a>	9	0	1	249331	182	49483	Barcelona	010
@Soletveig	<a href="https://twitter.com/Soletveig" target="_blank">Soletveig</a>	8	0	1	113	221	5065	Catalunya	010
@SolidaridEstela	<a href="https://twitter.com/SolidaridEstela" target="_blank">SolidaridEstela</a>	6	0	1	2745	5002	71207		043
@solidaritatcat	<a href="https://twitter.com/solidaritatcat" target="_blank">solidaritatcat</a>	5	0	1	35568	19235	25732	Països Catalans	004
@soliobreracnt	<a href="https://twitter.com/soliobreracnt" target="_blank">soliobreracnt</a>	1	0	1	3031	882	4092		093
@SoloCuandoMeRio	<a href="https://twitter.com/SoloCuandoMeRio" target="_blank">SoloCuandoMeRio</a>	4	0	1	641	2335	13877	Barcelona	010
@SOMgramenet	<a href="https://twitter.com/SOMgramenet" target="_blank">SOMgramenet</a>	2	2	0	1546	934	5784	Santa Coloma de Gramenet	155
@SomSegarra	<a href="https://twitter.com/SomSegarra" target="_blank">SomSegarra</a>	3	0	1	2973	526	16266		010
@somvoltrega	<a href="https://twitter.com/somvoltrega" target="_blank">somvoltrega</a>	1	0	1	190	105	705	Voltreganès - Osona - PPCC	051
@soniafroig	<a href="https://twitter.com/soniafroig" target="_blank">soniafroig</a>	1	2	0	628	1324	20591	Trappist-1E	137
@SoniaJoana74	<a href="https://twitter.com/SoniaJoana74" target="_blank">SoniaJoana74</a>	4	0	1	12	164	1101	Catalonia	010
@SonogramaMGZN	<a href="https://twitter.com/SonogramaMGZN" target="_blank">SonogramaMGZN</a>	4	0	1	2075	1016	7762	Barcelona	114
@SonrisaLab	<a href="https://twitter.com/SonrisaLab" target="_blank">SonrisaLab</a>	9	0	1	564	1949	12099	Andorra la Vieja, Andorra	010
@sopi64	<a href="https://twitter.com/sopi64" target="_blank">sopi64</a>	10	0	1	957	1152	41228	Tarragona, Catalunya	010
@Sor_Tomassa	<a href="https://twitter.com/Sor_Tomassa" target="_blank">Sor_Tomassa</a>	5	0	1	1381	4342	5207	Mallorca	010
@SoriGran	<a href="https://twitter.com/SoriGran" target="_blank">SoriGran</a>	12	0	1	124	264	13494		010
@SortuDonostia	<a href="https://twitter.com/SortuDonostia" target="_blank">SortuDonostia</a>	1	0	1	1036	337	2686	Donostia, Euskal Herria	042
@soy_tars	<a href="https://twitter.com/soy_tars" target="_blank">soy_tars</a>	3	0	1	17	85	264		010
@SoyLaLolaLa	<a href="https://twitter.com/SoyLaLolaLa" target="_blank">SoyLaLolaLa</a>	1	0	1	15	83	402	Barcelona	010
@spartanatv3	<a href="https://twitter.com/spartanatv3" target="_blank">spartanatv3</a>	2	0	1	457	490	11431		059
@spidderr	<a href="https://twitter.com/spidderr" target="_blank">spidderr</a>	12	0	1	139	323	23365		010
@Spocksegarra	<a href="https://twitter.com/Spocksegarra" target="_blank">Spocksegarra</a>	12	0	1	467	1651	12082	La Segarra - Països Catalans	015
@sra_danvers	<a href="https://twitter.com/sra_danvers" target="_blank">sra_danvers</a>	27	0	3	1739	1710	88681		010
@sredomarti	<a href="https://twitter.com/sredomarti" target="_blank">sredomarti</a>	7	0	1	1295	1152	37961	Manresa	044
@stakarabia	<a href="https://twitter.com/stakarabia" target="_blank">stakarabia</a>	4	0	1	36	88	5002		080
@Starling_Bcs	<a href="https://twitter.com/Starling_Bcs" target="_blank">Starling_Bcs</a>	0	1	0					189
@statufly	<a href="https://twitter.com/statufly" target="_blank">statufly</a>	1	0	1	12	81	1943		010
@StopMordazas	<a href="https://twitter.com/StopMordazas" target="_blank">StopMordazas</a>	39	0	1	20745	17673	159958		109
@storiol	<a href="https://twitter.com/storiol" target="_blank">storiol</a>	9	0	1	366	319	58077	GRACIA	153
@SumaBLlobregat	<a href="https://twitter.com/SumaBLlobregat" target="_blank">SumaBLlobregat</a>	8	0	1	987	597	4672		082
@super_oxigenat	<a href="https://twitter.com/super_oxigenat" target="_blank">super_oxigenat</a>	12	0	1	92	369	4409	Ribes, el Garraf	149
@superlaionqueen	<a href="https://twitter.com/superlaionqueen" target="_blank">superlaionqueen</a>	1	0	1	57	178	1163		010
@suruasinoiD	<a href="https://twitter.com/suruasinoiD" target="_blank">suruasinoiD</a>	32	0	4	24	58	1616	Terrassa and Pardines (CAT)	085
@susaboni	<a href="https://twitter.com/susaboni" target="_blank">susaboni</a>	1	0	1	221	410	5444	Sant Feliu de Guíxols	123
@susagna40	<a href="https://twitter.com/susagna40" target="_blank">susagna40</a>	5	0	1	197	425	1785	Verges, Catalunya	059
@SusanaRamrezGo1	<a href="https://twitter.com/SusanaRamrezGo1" target="_blank">SusanaRamrezGo1</a>	9	0	1	3	55	786		095
@susannacampillo	<a href="https://twitter.com/susannacampillo" target="_blank">susannacampillo</a>	1	0	1	8	42	775		043
@SusannaMiras	<a href="https://twitter.com/SusannaMiras" target="_blank">SusannaMiras</a>	1	0	1	32	137	127		088
@SusannaRenau	<a href="https://twitter.com/SusannaRenau" target="_blank">SusannaRenau</a>	2	0	1	8	59	54		010
@susmartis	<a href="https://twitter.com/susmartis" target="_blank">susmartis</a>	1	0	1	1483	1435	12161	República de Catalunya	107
@sust_m	<a href="https://twitter.com/sust_m" target="_blank">sust_m</a>	4	0	1	446	1000	10538	Vila de Gracia, Barcelona	010
@swingTIC	<a href="https://twitter.com/swingTIC" target="_blank">swingTIC</a>	16	0	1	82	260	3457	Tarragona, Catalunya	060
@swissfenian	<a href="https://twitter.com/swissfenian" target="_blank">swissfenian</a>	1	0	1	94	256	1064		025
@szpere	<a href="https://twitter.com/szpere" target="_blank">szpere</a>	1	0	1	186	624	2851		057
@T3rr0rZ0n3	<a href="https://twitter.com/T3rr0rZ0n3" target="_blank">T3rr0rZ0n3</a>	6	0	1	1287	1058	49145	/home/Zagur	010
@talbts	<a href="https://twitter.com/talbts" target="_blank">talbts</a>	21	0	1	405	755	12850		010
@talitacala	<a href="https://twitter.com/talitacala" target="_blank">talitacala</a>	3	0	1	243	571	6452		027
@talkarecords	<a href="https://twitter.com/talkarecords" target="_blank">talkarecords</a>	2	0	1	508	261	843	Irun	025
@TallaferroMusic	<a href="https://twitter.com/TallaferroMusic" target="_blank">TallaferroMusic</a>	2	0	1	174	179	1502	Besalú, Catalunya	010
@tallarinamarina	<a href="https://twitter.com/tallarinamarina" target="_blank">tallarinamarina</a>	17	0	1	153	151	5244	Arenys de Mar, Espanya	010
@TantSIcomNO_SBD	<a href="https://twitter.com/TantSIcomNO_SBD" target="_blank">TantSIcomNO_SBD</a>	1	0	1	181	221	60		010
@TaoainzeGoierri	<a href="https://twitter.com/TaoainzeGoierri" target="_blank">TaoainzeGoierri</a>	6	0	1	187	172	814	Goierri	036
@TarresMarc	<a href="https://twitter.com/TarresMarc" target="_blank">TarresMarc</a>	1	0	1	2214	1825	693	Maresme	010
@TatEnuas	<a href="https://twitter.com/TatEnuas" target="_blank">TatEnuas</a>	2	0	1	68	233	1489	a prop del Mediterrani	010
@TBetbeder	<a href="https://twitter.com/TBetbeder" target="_blank">TBetbeder</a>	1	0	1	1152	1696	10860	euskal herria	025
@TDolors	<a href="https://twitter.com/TDolors" target="_blank">TDolors</a>	48	0	1	224	235	26402	Catalunya	027
@tdsoya	<a href="https://twitter.com/tdsoya" target="_blank">tdsoya</a>	2	0	1	205	410	20319	Llagostera, Espanya	018
@Tecnovideobooks	<a href="https://twitter.com/Tecnovideobooks" target="_blank">Tecnovideobooks</a>	13	0	1	95	376	2346		010
@teigran	<a href="https://twitter.com/teigran" target="_blank">teigran</a>	2	0	1	192	363	3537	Cadaqués	156
@TeoTGNA	<a href="https://twitter.com/TeoTGNA" target="_blank">TeoTGNA</a>	6	0	1	66	445	3150	Tarragona, Espanya	010
@Teresa_Ciges	<a href="https://twitter.com/Teresa_Ciges" target="_blank">Teresa_Ciges</a>	3	0	1	218	245	1542	València	010
@TeresaVich	<a href="https://twitter.com/TeresaVich" target="_blank">TeresaVich</a>	1	0	1	4	57	116		010
@Tertulianenca	<a href="https://twitter.com/Tertulianenca" target="_blank">Tertulianenca</a>	2	0	1	389	224	1160		010
@The_Calico_Jack	<a href="https://twitter.com/The_Calico_Jack" target="_blank">The_Calico_Jack</a>	1	0	1	46	63	105	Catalunya	111
@the_hend81	<a href="https://twitter.com/the_hend81" target="_blank">the_hend81</a>	1	0	1	593	1273	6358	Raval - Barcelona	093
@theborderline75	<a href="https://twitter.com/theborderline75" target="_blank">theborderline75</a>	1	0	1	8	43	95		010
@TheDothrabbi	<a href="https://twitter.com/TheDothrabbi" target="_blank">TheDothrabbi</a>	4	0	1	135	505	14155		010
@Thekanet	<a href="https://twitter.com/Thekanet" target="_blank">Thekanet</a>	2	0	1	43	163	1008		010
@themanelman	<a href="https://twitter.com/themanelman" target="_blank">themanelman</a>	1	0	1	278	748	16716	El Prat - BCN	010
@TheOutlpayer	<a href="https://twitter.com/TheOutlpayer" target="_blank">TheOutlpayer</a>	6	0	1	51	121	6747		010
@TheWalrus81	<a href="https://twitter.com/TheWalrus81" target="_blank">TheWalrus81</a>	2	0	1	123	311	7801	Cataluña, España	010
@tia_despla	<a href="https://twitter.com/tia_despla" target="_blank">tia_despla</a>	1	0	1	5	16	121	catalunya	010
@TibiuLallai	<a href="https://twitter.com/TibiuLallai" target="_blank">TibiuLallai</a>	1	0	1	13	79	353		010
@tietaVeronica	<a href="https://twitter.com/tietaVeronica" target="_blank">tietaVeronica</a>	7	0	1	150	776	8303		004
@TigrePaper	<a href="https://twitter.com/TigrePaper" target="_blank">TigrePaper</a>	2	0	1	5265	792	5654	Manresa, Països Catalans	025
@Timbaler_cat	<a href="https://twitter.com/Timbaler_cat" target="_blank">Timbaler_cat</a>	1	0	1	20	58	609		010
@tirantl	<a href="https://twitter.com/tirantl" target="_blank">tirantl</a>	1	0	1	299	337	8167	Països Catalans	082
@tititlertxundi	<a href="https://twitter.com/tititlertxundi" target="_blank">tititlertxundi</a>	1	0	1	155	236	729	Salt	010
@titixic	<a href="https://twitter.com/titixic" target="_blank">titixic</a>	2	0	1	279	307	4088	la Conreria	188
@titolupin	<a href="https://twitter.com/titolupin" target="_blank">titolupin</a>	1	0	1	121	678	648	Vidreres, España	010
@titusmontcada61	<a href="https://twitter.com/titusmontcada61" target="_blank">titusmontcada61</a>	3	0	1	213	477	5501	Montcada i Reixac,Catalunya	010
@TobySwlms	<a href="https://twitter.com/TobySwlms" target="_blank">TobySwlms</a>	1	0	1	32	1506	1338	Hartselle, AL	010
@Toconero78	<a href="https://twitter.com/Toconero78" target="_blank">Toconero78</a>	1	0	1	141	694	6526		010
@todoscojidos	<a href="https://twitter.com/todoscojidos" target="_blank">todoscojidos</a>	2	0	1	60	444	1232	BARCELONA	218
@Toetterbeck	<a href="https://twitter.com/Toetterbeck" target="_blank">Toetterbeck</a>	2	0	1	143	651	14068	Germany/Spain	060
@tohr1963	<a href="https://twitter.com/tohr1963" target="_blank">tohr1963</a>	27	0	1	816	1283	29726	Barcelona	095
@Tokotoo1	<a href="https://twitter.com/Tokotoo1" target="_blank">Tokotoo1</a>	1	0	1	14	50	46		025
@tomasferrerma	<a href="https://twitter.com/tomasferrerma" target="_blank">tomasferrerma</a>	2	0	1	9	42	242	Sabadell, Barcelona	010
@TomasLopezSimo	<a href="https://twitter.com/TomasLopezSimo" target="_blank">TomasLopezSimo</a>	4	0	1	35	144	1193	Terrassa, Catalunya	010
@TomeuSoler	<a href="https://twitter.com/TomeuSoler" target="_blank">TomeuSoler</a>	3	0	1	153	116	3427	Petra	010
@Tonamanguess	<a href="https://twitter.com/Tonamanguess" target="_blank">Tonamanguess</a>	1	0	1	166	528	928		010
@Toni_Aguilar13	<a href="https://twitter.com/Toni_Aguilar13" target="_blank">Toni_Aguilar13</a>	1	0	1	66	208	473	Soria	136
@toni_rosado	<a href="https://twitter.com/toni_rosado" target="_blank">toni_rosado</a>	1	0	1	83	203	123		010
@toniamp1	<a href="https://twitter.com/toniamp1" target="_blank">toniamp1</a>	6	0	1	413	1075	18618	Sant Climent de Llobregat	018
@ToniGarciaQues	<a href="https://twitter.com/ToniGarciaQues" target="_blank">ToniGarciaQues</a>	0	1	0					187
@tonigata96	<a href="https://twitter.com/tonigata96" target="_blank">tonigata96</a>	2	0	1	719	723	25612	Gata de Gorgos/Països Catalans	012
@ToniHernandez73	<a href="https://twitter.com/ToniHernandez73" target="_blank">ToniHernandez73</a>	1	0	1	11	40	133		010
@tonillefia	<a href="https://twitter.com/tonillefia" target="_blank">tonillefia</a>	0	1	0					188
@tonimulero	<a href="https://twitter.com/tonimulero" target="_blank">tonimulero</a>	3	0	2	108	528	1124	catalonia	007
@Tonino1714	<a href="https://twitter.com/Tonino1714" target="_blank">Tonino1714</a>	1	0	1	1	19	54		010
@toniorvay	<a href="https://twitter.com/toniorvay" target="_blank">toniorvay</a>	1	0	1	66	112	764		010
@toniperostes	<a href="https://twitter.com/toniperostes" target="_blank">toniperostes</a>	1	0	1	63	312	2252		080
@ToniRicoGarcia	<a href="https://twitter.com/ToniRicoGarcia" target="_blank">ToniRicoGarcia</a>	3	0	1	2054	889	9317	Països Catalans	010
@TonyMataRomero1	<a href="https://twitter.com/TonyMataRomero1" target="_blank">TonyMataRomero1</a>	10	0	1	329	359	16894	Barcelona, Cataluña	010
@TOPEindepe	<a href="https://twitter.com/TOPEindepe" target="_blank">TOPEindepe</a>	3	0	1	201	393	2761	República de Catalunya	010
@TorinetaCalduch	<a href="https://twitter.com/TorinetaCalduch" target="_blank">TorinetaCalduch</a>	7	0	1	7	33	156		010
@TORRENTJULIAAA	<a href="https://twitter.com/TORRENTJULIAAA" target="_blank">TORRENTJULIAAA</a>	4	0	1	97	203	2596	catalunya	005
@TorresYany	<a href="https://twitter.com/TorresYany" target="_blank">TorresYany</a>	1	0	1	99	202	67	Barcelona, España	010
@TostadoraVeloz	<a href="https://twitter.com/TostadoraVeloz" target="_blank">TostadoraVeloz</a>	2	0	1	13	97	1125		010
@Tostao222	<a href="https://twitter.com/Tostao222" target="_blank">Tostao222</a>	1	0	1	268	1067	1283		086
@tote_llado	<a href="https://twitter.com/tote_llado" target="_blank">tote_llado</a>	34	0	2	53	58	4578	Barcelona	001
@totiapm	<a href="https://twitter.com/totiapm" target="_blank">totiapm</a>	36	0	1	382	241	81767	Catalonia	010
@TotiCanet	<a href="https://twitter.com/TotiCanet" target="_blank">TotiCanet</a>	2	0	1	322	23	2197		059
@TotiTule	<a href="https://twitter.com/TotiTule" target="_blank">TotiTule</a>	4	0	1	170	93	35680	Visc a Catalunya, UE	090
@tottibayer	<a href="https://twitter.com/tottibayer" target="_blank">tottibayer</a>	1	0	1	260	1035	2958	Catalonia-Sweden-UK	010
@toutestanous	<a href="https://twitter.com/toutestanous" target="_blank">toutestanous</a>	0	1	0					021
@TowandaMG	<a href="https://twitter.com/TowandaMG" target="_blank">TowandaMG</a>	7	0	1	40	139	2583	Catalunya, Espanya	010
@trastorillo	<a href="https://twitter.com/trastorillo" target="_blank">trastorillo</a>	2	0	1	395	583	29334	Barcelona	010
@TreballadoraxI	<a href="https://twitter.com/TreballadoraxI" target="_blank">TreballadoraxI</a>	2	0	1	1364	953	7214	Països Catalans	097
@Trescci	<a href="https://twitter.com/Trescci" target="_blank">Trescci</a>	15	0	1	1042	1229	34321	Barcelona	022
@TriasManel	<a href="https://twitter.com/TriasManel" target="_blank">TriasManel</a>	1	0	1	1320	1166	8701	República de Catalunya	010
@trinitro	<a href="https://twitter.com/trinitro" target="_blank">trinitro</a>	2	0	1	9205	1710	184514	Barcelona, Catalunya	002
@triutoya	<a href="https://twitter.com/triutoya" target="_blank">triutoya</a>	3	0	1	24	61	926	Catalunya	010
@trodejuliol	<a href="https://twitter.com/trodejuliol" target="_blank">trodejuliol</a>	6	0	1	175	363	427	Catalunya	010
@truerigths	<a href="https://twitter.com/truerigths" target="_blank">truerigths</a>	1	0	1	5	89	61		010
@trustrulla	<a href="https://twitter.com/trustrulla" target="_blank">trustrulla</a>	2	0	1	57	173	970	barcelona	159
@Trwitta	<a href="https://twitter.com/Trwitta" target="_blank">Trwitta</a>	5	0	1	445	320	7238	Barcelona	002
@tryothersways	<a href="https://twitter.com/tryothersways" target="_blank">tryothersways</a>	4	0	1	1704	1518	150533	Numancia	010
@tsabadell	<a href="https://twitter.com/tsabadell" target="_blank">tsabadell</a>	1	0	1	5	9	34		010
@TSOWCband	<a href="https://twitter.com/TSOWCband" target="_blank">TSOWCband</a>	1	0	1	711	190	1140		025
@TT_TRUEMAN	<a href="https://twitter.com/TT_TRUEMAN" target="_blank">TT_TRUEMAN</a>	1	0	1	87	138	1288	Catalunya	088
@tuiterpere	<a href="https://twitter.com/tuiterpere" target="_blank">tuiterpere</a>	2	0	1	53	131	1082	Terrassa, Catalunya	010
@Tvallj	<a href="https://twitter.com/Tvallj" target="_blank">Tvallj</a>	12	0	1	395	1162	13662	Vic	010
@TwitLluis	<a href="https://twitter.com/TwitLluis" target="_blank">TwitLluis</a>	1	0	1	244	571	5675	Barcelona	001
@Tx97494467	<a href="https://twitter.com/Tx97494467" target="_blank">Tx97494467</a>	1	0	1	2	23	20		025
@txainbe	<a href="https://twitter.com/txainbe" target="_blank">txainbe</a>	21	0	1	144	358	12236	Sentmenat	004
@txaliocat	<a href="https://twitter.com/txaliocat" target="_blank">txaliocat</a>	10	0	1	4486	4486	21154	Caldes de Montbui, Catalunya	080
@txanot	<a href="https://twitter.com/txanot" target="_blank">txanot</a>	1	0	1	2	40	75	Aquí, de cap a peus.	157
@txavu	<a href="https://twitter.com/txavu" target="_blank">txavu</a>	2	0	1	1190	1058	14947	Terrassa, Països Catalans	057
@txeiks	<a href="https://twitter.com/txeiks" target="_blank">txeiks</a>	6	0	1	412	452	3846	Catalunya, Girona	010
@TxellCabanas	<a href="https://twitter.com/TxellCabanas" target="_blank">TxellCabanas</a>	0	2	0					077
@txellferrando	<a href="https://twitter.com/txellferrando" target="_blank">txellferrando</a>	1	0	1	230	718	7889		010
@txellfontanet	<a href="https://twitter.com/txellfontanet" target="_blank">txellfontanet</a>	18	0	2	881	1415	18169	Lleida, Catalunya	058
@Txelljs79	<a href="https://twitter.com/Txelljs79" target="_blank">Txelljs79</a>	3	0	1	2	30	179	Sant Esteve de Palautordera, Espanya	080
@txemival	<a href="https://twitter.com/txemival" target="_blank">txemival</a>	3	0	1	242	919	6867		010
@Txetake	<a href="https://twitter.com/Txetake" target="_blank">Txetake</a>	2	0	1	690	1027	9041		022
@txifi	<a href="https://twitter.com/txifi" target="_blank">txifi</a>	6	0	1	26	124	1683	bilbao	010
@txinton	<a href="https://twitter.com/txinton" target="_blank">txinton</a>	2	0	1	1083	1198	10516	Egia Herria	086
@txititxi	<a href="https://twitter.com/txititxi" target="_blank">txititxi</a>	3	0	1	91	362	764		010
@Tyronnosaurio	<a href="https://twitter.com/Tyronnosaurio" target="_blank">Tyronnosaurio</a>	1	0	1	3	38	69		010
@Tzu_hsi_	<a href="https://twitter.com/Tzu_hsi_" target="_blank">Tzu_hsi_</a>	1	0	1	6	105	574	Catalunya	010
@UcedAlba	<a href="https://twitter.com/UcedAlba" target="_blank">UcedAlba</a>	1	0	1	2	59	60	España	244
@ultrasonica	<a href="https://twitter.com/ultrasonica" target="_blank">ultrasonica</a>	1	11	0	6184	4219	20301	Barcelona i Girona	054
@Un_Amic	<a href="https://twitter.com/Un_Amic" target="_blank">Un_Amic</a>	3	0	1	239	194	9784	Catalunya	010
@un_esser	<a href="https://twitter.com/un_esser" target="_blank">un_esser</a>	9	0	1	1255	553	62711	Cada terra passa guerra	002
@una_traductora	<a href="https://twitter.com/una_traductora" target="_blank">una_traductora</a>	1	0	1	215	394	2010	Viladecans, paradís tropical	007
@unaltredelleida	<a href="https://twitter.com/unaltredelleida" target="_blank">unaltredelleida</a>	19	0	1	2468	4324	111687	Gironès Catalunya	010
@UnanuaJone	<a href="https://twitter.com/UnanuaJone" target="_blank">UnanuaJone</a>	2	0	1	190	821	1400	Gipuzkoa, País Vasco	025
@UnCastellsMes	<a href="https://twitter.com/UnCastellsMes" target="_blank">UnCastellsMes</a>	0	1	0					185
@unilateralcat	<a href="https://twitter.com/unilateralcat" target="_blank">unilateralcat</a>	3	0	1	15946	11097	8796	Països Catalans	102
@Unitat9	<a href="https://twitter.com/Unitat9" target="_blank">Unitat9</a>	6	0	1	963	419	8120	Plaça de la Vila 9B, Ribes	110
@urais_91	<a href="https://twitter.com/urais_91" target="_blank">urais_91</a>	1	0	1	133	164	5162	VIAFRANCA DEL PENEDÈS	010
@urbixxx	<a href="https://twitter.com/urbixxx" target="_blank">urbixxx</a>	2	0	1	1435	338	40184	Urnieta	010
@Uri19705483	<a href="https://twitter.com/Uri19705483" target="_blank">Uri19705483</a>	5	0	3	5	70	1116		063
@UriTerreta	<a href="https://twitter.com/UriTerreta" target="_blank">UriTerreta</a>	1	0	1	98	297	656		010
@urivinyoles	<a href="https://twitter.com/urivinyoles" target="_blank">urivinyoles</a>	3	0	1	5	44	291		010
@urnenfelder	<a href="https://twitter.com/urnenfelder" target="_blank">urnenfelder</a>	4	0	1	29	190	689		010
@vacmentiras	<a href="https://twitter.com/vacmentiras" target="_blank">vacmentiras</a>	15	0	1	5081	4878	37230		138
@ValentiRossell	<a href="https://twitter.com/ValentiRossell" target="_blank">ValentiRossell</a>	0	1	0					186
@vallesana	<a href="https://twitter.com/vallesana" target="_blank">vallesana</a>	1	0	1	582	851	9658	Sabadell	010
@vcasadella	<a href="https://twitter.com/vcasadella" target="_blank">vcasadella</a>	1	0	1	106	1232	1095	Barcelona, Catalunya, EU	010
@VDK84	<a href="https://twitter.com/VDK84" target="_blank">VDK84</a>	4	0	1	13	72	633	Catalonia	010
@Veganatural	<a href="https://twitter.com/Veganatural" target="_blank">Veganatural</a>	1	0	1	551	1115	4730	Montgat, Cataluña	080
@VendrellFisas	<a href="https://twitter.com/VendrellFisas" target="_blank">VendrellFisas</a>	2	0	2	649	1194	2030	Països Catalans	004
@VeroAuladell	<a href="https://twitter.com/VeroAuladell" target="_blank">VeroAuladell</a>	10	0	1	34	69	1907	Catalunya	010
@Viccttoria	<a href="https://twitter.com/Viccttoria" target="_blank">Viccttoria</a>	14	0	1	257	465	11605	Tarragona	010
@vicenfp	<a href="https://twitter.com/vicenfp" target="_blank">vicenfp</a>	2	0	2	212	269	31038		050
@vicentephasbd	<a href="https://twitter.com/vicentephasbd" target="_blank">vicentephasbd</a>	3	1	0	1477	1516	13250	sabadell	016
@Vicento24	<a href="https://twitter.com/Vicento24" target="_blank">Vicento24</a>	1	0	1	170	447	2524	catalunya	010
@VicentPauJoanR	<a href="https://twitter.com/VicentPauJoanR" target="_blank">VicentPauJoanR</a>	3	0	1	29	111	2329	Eivissa	010
@vicesalles	<a href="https://twitter.com/vicesalles" target="_blank">vicesalles</a>	2	0	1	518	790	2245	Vic (Catalonia)	010
@vicribes	<a href="https://twitter.com/vicribes" target="_blank">vicribes</a>	7	0	1	58	99	4493		080
@victor_dotor	<a href="https://twitter.com/victor_dotor" target="_blank">victor_dotor</a>	1	0	1	66	705	1203		010
@Victor_EuiA_Sab	<a href="https://twitter.com/Victor_EuiA_Sab" target="_blank">Victor_EuiA_Sab</a>	1	0	1	73	47	369		059
@victorcapdet	<a href="https://twitter.com/victorcapdet" target="_blank">victorcapdet</a>	2	0	1	608	1151	11050	Catalunya	010
@victorfalguera	<a href="https://twitter.com/victorfalguera" target="_blank">victorfalguera</a>	4	0	1	2132	1716	6256	Albatàrrec	018
@victubio	<a href="https://twitter.com/victubio" target="_blank">victubio</a>	1	0	1	1374	1249	4864	Iruñea - Euskal Herria	010
@vigilant_cat	<a href="https://twitter.com/vigilant_cat" target="_blank">vigilant_cat</a>	6	0	1	1121	174	24916		010
@vikkills	<a href="https://twitter.com/vikkills" target="_blank">vikkills</a>	4	0	1	257	559	18523		010
@vilar_antoni	<a href="https://twitter.com/vilar_antoni" target="_blank">vilar_antoni</a>	61	0	1	664	1517	80775		010
@VilarMv	<a href="https://twitter.com/VilarMv" target="_blank">VilarMv</a>	6	0	1	154	207	1084		010
@VilaVila119	<a href="https://twitter.com/VilaVila119" target="_blank">VilaVila119</a>	2	1	0	316	336	1002		183
@vinolasbcn	<a href="https://twitter.com/vinolasbcn" target="_blank">vinolasbcn</a>	14	0	1	326	647	26635	World	010
@vinyetp	<a href="https://twitter.com/vinyetp" target="_blank">vinyetp</a>	7	0	1	2193	1916	16741		050
@violantml	<a href="https://twitter.com/violantml" target="_blank">violantml</a>	1	0	1	564	283	2051	Vallromanes, Catalunya	010
@virgi71	<a href="https://twitter.com/virgi71" target="_blank">virgi71</a>	2	0	1	49	232	1273	Barcelona, Catalunya	080
@Virgili7	<a href="https://twitter.com/Virgili7" target="_blank">Virgili7</a>	22	0	1	1609	2352	62346	Riudoms	086
@vitoria201059	<a href="https://twitter.com/vitoria201059" target="_blank">vitoria201059</a>	4	0	1	2019	1993	72900		022
@vittorio_scar	<a href="https://twitter.com/vittorio_scar" target="_blank">vittorio_scar</a>	2	0	1	65	171	1544	Polinyà - Catalonia	010
@VivesBiel	<a href="https://twitter.com/VivesBiel" target="_blank">VivesBiel</a>	11	0	1	1339	3148	38155	Mallorca	010
@Vividissim	<a href="https://twitter.com/Vividissim" target="_blank">Vividissim</a>	1	0	1	52	299	2615		080
@vmolinaperona	<a href="https://twitter.com/vmolinaperona" target="_blank">vmolinaperona</a>	1	0	1	447	416	6460	Muro - País Valencià	010
@volemmambodui	<a href="https://twitter.com/volemmambodui" target="_blank">volemmambodui</a>	11	0	1	215	566	3277	Barcelona, Catalonia	116
@voltesivoltes	<a href="https://twitter.com/voltesivoltes" target="_blank">voltesivoltes</a>	19	0	1	688	2378	8836	Països Catalans	096
@voluntari9N	<a href="https://twitter.com/voluntari9N" target="_blank">voluntari9N</a>	0	1	0					184
@voluntatdeser	<a href="https://twitter.com/voluntatdeser" target="_blank">voluntatdeser</a>	24	0	1	896	233	67097	República de Catalunya	010
@vs_carles	<a href="https://twitter.com/vs_carles" target="_blank">vs_carles</a>	1	0	1	280	882	1228	Catalunya	010
@VSCvicsix	<a href="https://twitter.com/VSCvicsix" target="_blank">VSCvicsix</a>	6	0	1	117	235	539		099
@vullunfestuc	<a href="https://twitter.com/vullunfestuc" target="_blank">vullunfestuc</a>	4	0	1	764	719	21374	Alt festuquès ⤳ (Catalonia)	010
@walescabrera2	<a href="https://twitter.com/walescabrera2" target="_blank">walescabrera2</a>	9	1	0	45	74	3600		182
@wartosteve	<a href="https://twitter.com/wartosteve" target="_blank">wartosteve</a>	3	0	1	57	211	4422	Barcelona, Spain	010
@wau_design	<a href="https://twitter.com/wau_design" target="_blank">wau_design</a>	2	0	1	729	649	2187	• CM a #BarcelONa #Andorra	010
@WhiteBunny92	<a href="https://twitter.com/WhiteBunny92" target="_blank">WhiteBunny92</a>	7	0	1	58	195	2263	Catalunya	037
@wiky73	<a href="https://twitter.com/wiky73" target="_blank">wiky73</a>	15	0	1	3172	2767	17433	Catalunya	010
@WildCosa	<a href="https://twitter.com/WildCosa" target="_blank">WildCosa</a>	3	0	1	1176	668	36909		089
@witiza	<a href="https://twitter.com/witiza" target="_blank">witiza</a>	5	0	1	600	733	70952	.cat	010
@Wllopis	<a href="https://twitter.com/Wllopis" target="_blank">Wllopis</a>	1	0	1	1710	1734	2627	Barcelona	082
@WompX_69	<a href="https://twitter.com/WompX_69" target="_blank">WompX_69</a>	1	0	1	210	746	3578	Ripoll	052
@Woundorf	<a href="https://twitter.com/Woundorf" target="_blank">Woundorf</a>	13	0	1	125	107	26903	Girona, Catalunya	027
@x_segui	<a href="https://twitter.com/x_segui" target="_blank">x_segui</a>	2	0	1	122	547	733		010
@x_xeixa	<a href="https://twitter.com/x_xeixa" target="_blank">x_xeixa</a>	5	0	1	80	227	6558		033
@xabatsalaberria	<a href="https://twitter.com/xabatsalaberria" target="_blank">xabatsalaberria</a>	1	0	1	311	414	7290		086
@xabi_soto	<a href="https://twitter.com/xabi_soto" target="_blank">xabi_soto</a>	17	0	1	650	1045	16064	Donostia Euskal Herria Mundua	025
@xabiber	<a href="https://twitter.com/xabiber" target="_blank">xabiber</a>	6	0	1	479	509	9392	Euskalherriko nafar estatua	086
@xabier_pakito95	<a href="https://twitter.com/xabier_pakito95" target="_blank">xabier_pakito95</a>	1	0	1	278	508	10317	Bilbao, Basque Country, Europe	010
@xabierfortes	<a href="https://twitter.com/xabierfortes" target="_blank">xabierfortes</a>	1	0	1	12691	585	16392	Pontevedra, Pasarón.	115
@XaioTro	<a href="https://twitter.com/XaioTro" target="_blank">XaioTro</a>	7	2	0	2923	2741	29786	Voluntaria x la llengua	142
@xaiqueta	<a href="https://twitter.com/xaiqueta" target="_blank">xaiqueta</a>	1	0	1	272	530	3058	Cataluña	063
@xalguero	<a href="https://twitter.com/xalguero" target="_blank">xalguero</a>	3	0	1	28	190	619		010
@XandriCalsapeu	<a href="https://twitter.com/XandriCalsapeu" target="_blank">XandriCalsapeu</a>	2	1	0	1196	913	5258	Mataró	072
@xanetabr	<a href="https://twitter.com/xanetabr" target="_blank">xanetabr</a>	8	0	1	319	331	12597	Barcelona, CATALUNYA	010
@Xanitutinax	<a href="https://twitter.com/Xanitutinax" target="_blank">Xanitutinax</a>	8	0	1	40	99	4979	Catalunya, Espanya	010
@XARLIPIU	<a href="https://twitter.com/XARLIPIU" target="_blank">XARLIPIU</a>	14	0	1	446	713	32238	Catalunya	010
@xarnegosperlain	<a href="https://twitter.com/xarnegosperlain" target="_blank">xarnegosperlain</a>	3	0	1	6893	3672	23787	República de Catalunya	010
@XaumeC	<a href="https://twitter.com/XaumeC" target="_blank">XaumeC</a>	1	0	1	120	290	6292		080
@xavi_echeverria	<a href="https://twitter.com/xavi_echeverria" target="_blank">xavi_echeverria</a>	14	0	1	339	234	8256	Barcelona, Catalunya	061
@Xavi_Serra	<a href="https://twitter.com/Xavi_Serra" target="_blank">Xavi_Serra</a>	4	0	3	219	333	765		016
@xavi_sunyer	<a href="https://twitter.com/xavi_sunyer" target="_blank">xavi_sunyer</a>	4	0	1	330	322	1274		010
@Xavi_Vidal_88	<a href="https://twitter.com/Xavi_Vidal_88" target="_blank">Xavi_Vidal_88</a>	1	0	1	20	123	129		107
@xavi3838	<a href="https://twitter.com/xavi3838" target="_blank">xavi3838</a>	1	0	1	30	199	136	Barcelona, Cataluña	199
@Xavi9B	<a href="https://twitter.com/Xavi9B" target="_blank">Xavi9B</a>	1	1	0	168	254	1900	Catalunya	140
@xavialtaneu	<a href="https://twitter.com/xavialtaneu" target="_blank">xavialtaneu</a>	1	0	1	424	467	1264	Isavarre	010
@xavibi99	<a href="https://twitter.com/xavibi99" target="_blank">xavibi99</a>	2	0	1	97	228	284	Matadepera, Catalunya	010
@xaviboadavila	<a href="https://twitter.com/xaviboadavila" target="_blank">xaviboadavila</a>	1	1	1	85068	69158	63216	Barcelona - Europe	069
@XaviCuBu	<a href="https://twitter.com/XaviCuBu" target="_blank">XaviCuBu</a>	28	0	1	128	184	15170	Ègara	001
@Xavieer_31	<a href="https://twitter.com/Xavieer_31" target="_blank">Xavieer_31</a>	2	0	1	19	39	42		133
@xavielcatala	<a href="https://twitter.com/xavielcatala" target="_blank">xavielcatala</a>	3	0	1	72	284	933	Al millor país, CATALUNYA	010
@xavier_torrens	<a href="https://twitter.com/xavier_torrens" target="_blank">xavier_torrens</a>	11	2	0	27323	29992	25273		075
@Xavier179179	<a href="https://twitter.com/Xavier179179" target="_blank">Xavier179179</a>	3	2	2	8	0	1066	Banyoles, Espanya	260
@XavierAbadMdG	<a href="https://twitter.com/XavierAbadMdG" target="_blank">XavierAbadMdG</a>	14	0	2	2343	1585	70617	BCN-Catalunya	058
@xavierborras_	<a href="https://twitter.com/xavierborras_" target="_blank">xavierborras_</a>	3	0	1	2031	1776	37827	La Vall d'en Bas, Catalunya	001
@XavierCaballer0	<a href="https://twitter.com/XavierCaballer0" target="_blank">XavierCaballer0</a>	0	2	0					006
@xaviercapicua	<a href="https://twitter.com/xaviercapicua" target="_blank">xaviercapicua</a>	13	0	5	468	399	3412		002
@XavierEscofet	<a href="https://twitter.com/XavierEscofet" target="_blank">XavierEscofet</a>	13	0	1	1020	486	17026	Vilanova i la Geltrú	074
@xaviermartorell	<a href="https://twitter.com/xaviermartorell" target="_blank">xaviermartorell</a>	4	0	1	52	347	505		010
@xavierserrado	<a href="https://twitter.com/xavierserrado" target="_blank">xavierserrado</a>	1	0	1	184	231	1307		080
@xaviervallverdu	<a href="https://twitter.com/xaviervallverdu" target="_blank">xaviervallverdu</a>	9	0	1	52	198	2246	la Selva del Camp, Catalunya	010
@xavierviguer	<a href="https://twitter.com/xavierviguer" target="_blank">xavierviguer</a>	1	0	1	753	188	1085	Barcelona	010
@xavifillol	<a href="https://twitter.com/xavifillol" target="_blank">xavifillol</a>	14	0	3	6270	5717	68067	Barcelona, Espanya	018
@XaviGardes	<a href="https://twitter.com/XaviGardes" target="_blank">XaviGardes</a>	1	0	1	221	137	158		010
@XaviL9	<a href="https://twitter.com/XaviL9" target="_blank">XaviL9</a>	3	0	1	15	227	732		010
@Xavimespu	<a href="https://twitter.com/Xavimespu" target="_blank">Xavimespu</a>	1	0	1	3	57	21		010
@xavinur	<a href="https://twitter.com/xavinur" target="_blank">xavinur</a>	1	0	1	109	282	2505		090
@xaviprint	<a href="https://twitter.com/xaviprint" target="_blank">xaviprint</a>	5	0	1	2839	1713	53193	Aldeà i catalufo	182
@XaviRamiro	<a href="https://twitter.com/XaviRamiro" target="_blank">XaviRamiro</a>	2	0	1	1557	1148	10421	Girona i Barcelona	010
@xavisentinella	<a href="https://twitter.com/xavisentinella" target="_blank">xavisentinella</a>	28	2	4	39	346	6567	Catalunya	010
@XaviSor	<a href="https://twitter.com/XaviSor" target="_blank">XaviSor</a>	2	2	0	21	74	110	Nou Barris i Sant Boi de Llobr	030
@XaviViladomat	<a href="https://twitter.com/XaviViladomat" target="_blank">XaviViladomat</a>	2	0	1	668	193	3775	Catalunya	010
@xavu82	<a href="https://twitter.com/xavu82" target="_blank">xavu82</a>	6	0	1	90	246	7725	Vila de Gracia	010
@xbdn1971	<a href="https://twitter.com/xbdn1971" target="_blank">xbdn1971</a>	4	0	1	679	757	21146	República catalana	010
@xborras1900gma1	<a href="https://twitter.com/xborras1900gma1" target="_blank">xborras1900gma1</a>	14	0	1	232	271	26747		081
@xcorbera	<a href="https://twitter.com/xcorbera" target="_blank">xcorbera</a>	1	0	1	1824	1223	21755	Catalonia	010
@xdemocradirecta	<a href="https://twitter.com/xdemocradirecta" target="_blank">xdemocradirecta</a>	34	0	1	1354	624	21051	#Asturies  #Españistan	109
@xduran_e	<a href="https://twitter.com/xduran_e" target="_blank">xduran_e</a>	7	0	1	1289	930	16129	Catalunya	010
@Xela1971	<a href="https://twitter.com/Xela1971" target="_blank">Xela1971</a>	1	2	0	240	369	14575	Montcada i Reixac	136
@XeniaBusse	<a href="https://twitter.com/XeniaBusse" target="_blank">XeniaBusse</a>	22	0	2	1334	2730	62151		002
@xesfeliu	<a href="https://twitter.com/xesfeliu" target="_blank">xesfeliu</a>	3	0	1	1378	2094	7110		080
@xevhi	<a href="https://twitter.com/xevhi" target="_blank">xevhi</a>	5	0	1	436	242	15778	Girona, Països Catalans	010
@xevibcn	<a href="https://twitter.com/xevibcn" target="_blank">xevibcn</a>	14	0	2	162	617	3489	from Barcelona	010
@XeviCoro	<a href="https://twitter.com/XeviCoro" target="_blank">XeviCoro</a>	2	0	1	419	822	2147	Girona	010
@xeviexpo	<a href="https://twitter.com/xeviexpo" target="_blank">xeviexpo</a>	2	0	1	151	386	1445		010
@xguillen2014	<a href="https://twitter.com/xguillen2014" target="_blank">xguillen2014</a>	8	0	1	53	84	8016		011
@XicoTorres1	<a href="https://twitter.com/XicoTorres1" target="_blank">XicoTorres1</a>	1	0	1	353	872	6856	Brussel·les i París. Tornarem	010
@xim_i_pum	<a href="https://twitter.com/xim_i_pum" target="_blank">xim_i_pum</a>	1	0	1	5	24	18	BARCELONA	010
@XISCA2	<a href="https://twitter.com/XISCA2" target="_blank">XISCA2</a>	7	0	1	368	1341	43001	MALLORCA(ILLES BALEARS)	058
@xma	<a href="https://twitter.com/xma" target="_blank">xma</a>	1	0	1	468	352	4522	Igualada, Catalunya	010
@xmasllorens	<a href="https://twitter.com/xmasllorens" target="_blank">xmasllorens</a>	1	0	1	1753	1401	3712		088
@xmiserachs	<a href="https://twitter.com/xmiserachs" target="_blank">xmiserachs</a>	3	3	0	3109	428	37078	Catalunya	118
@xnicolazzi	<a href="https://twitter.com/xnicolazzi" target="_blank">xnicolazzi</a>	1	0	1	664	33	1096		010
@xpareja	<a href="https://twitter.com/xpareja" target="_blank">xpareja</a>	2	0	1	581	1236	7257	barcelona	089
@xrocacros	<a href="https://twitter.com/xrocacros" target="_blank">xrocacros</a>	0	1	0					181
@Xroko	<a href="https://twitter.com/Xroko" target="_blank">Xroko</a>	2	0	1	29	64	285	Arenys de Mar	010
@XSaumell	<a href="https://twitter.com/XSaumell" target="_blank">XSaumell</a>	7	0	1	39	260	3267	Barcelona	010
@xserra	<a href="https://twitter.com/xserra" target="_blank">xserra</a>	14	0	1	1458	2046	14078	Girona, Catalonia, Spain	027
@XuacuRodriguez	<a href="https://twitter.com/XuacuRodriguez" target="_blank">XuacuRodriguez</a>	1	0	1	1720	870	7378	Uviéu - Asturies	010
@XVERICAT	<a href="https://twitter.com/XVERICAT" target="_blank">XVERICAT</a>	5	0	1	10	116	276		010
@XVila72	<a href="https://twitter.com/XVila72" target="_blank">XVila72</a>	35	0	5	36	120	6944		010
@xxargay	<a href="https://twitter.com/xxargay" target="_blank">xxargay</a>	19	0	1	437	1136	31431	Barcelona - Catalunya	010
@yark78	<a href="https://twitter.com/yark78" target="_blank">yark78</a>	2	0	1	80	149	576		010
@yasvig	<a href="https://twitter.com/yasvig" target="_blank">yasvig</a>	9	0	1	187	297	35366	Barcelona i Vilanova	010
@yok3r	<a href="https://twitter.com/yok3r" target="_blank">yok3r</a>	1	0	1	1630	3030	13225		010
@yosiekny	<a href="https://twitter.com/yosiekny" target="_blank">yosiekny</a>	1	0	1	217	491	2324		143
@Zemog_66	<a href="https://twitter.com/Zemog_66" target="_blank">Zemog_66</a>	2	0	1	23	53	588		010
@zer0deConduit	<a href="https://twitter.com/zer0deConduit" target="_blank">zer0deConduit</a>	1	0	1	3184	3650	43258	Scotland.	010
@ZEtxeburua	<a href="https://twitter.com/ZEtxeburua" target="_blank">ZEtxeburua</a>	3	4	0	3262	3215	29915	Euskal Herria, Basque Country	104
@zkky	<a href="https://twitter.com/zkky" target="_blank">zkky</a>	1	0	1	215	335	3562	Catalunya	010
@zuria85	<a href="https://twitter.com/zuria85" target="_blank">zuria85</a>	1	0	1	7	19	75		010
@zuurrii	<a href="https://twitter.com/zuurrii" target="_blank">zuurrii</a>	3	2	0	194	262	964		164
