Source	Target
@_BATXURI_	@rfernandezjou
@_Sergiozuares	@jtpuerto
@08840v	@albertduran75
@08840v	@Enric_1969
@08840v	@freed4Catalonia
@08840v	@Kaffird
@08840v	@mallagro
@08840v	@MireiaComasVia
@08840v	@Nest_indy
@08840v	@Petite1985
@6uN7CtZuCK66Rpd	@IsThisAB0t
@aaltafaj	@errjey
@aaltafaj	@margapayola
@ABalagu	@DFPValls
@ABalagu	@EnricBCNcat
@ABalagu	@joan_abs
@ABalagu	@martetamataro
@ABalagu	@pedrogarciaflo3
@adeuespanya2017	@IgnasiGrosAuber
@adretuab	@fballus
@aezkiaga	@A2AoA
@agustiargimon	@JosepLDomenech
@agustiargimon	@manelmr70
@agustiargimon	@NoEmFacisRiure
@AhotsaInfo	@AritzHuarte
@AhotsaInfo	@bilbotronik
@AhotsaInfo	@bilduman90
@AhotsaInfo	@Dew231973
@AhotsaInfo	@ErnestPinsap
@AhotsaInfo	@Erramun2014
@AhotsaInfo	@goraosasuna1987
@AhotsaInfo	@Govipu
@AhotsaInfo	@Jagobafafo
@AhotsaInfo	@JosGranaC9
@AhotsaInfo	@juancarlosmohr
@AhotsaInfo	@piratajonkar
@aidaurgell	@nosepas
@aina_jorba	@crackdel2012
@aiolga	@ref_2017
@AJGuissona	@LopezCanero
@albafk	@AnnaMendezM
@albamoraroca	@emotjer
@albamoraroca	@practiquem
@albamoraroca	@Satur11
@albamoraroca	@XaviFranquet
@albert_dmcat	@abarcelo91
@albert_dmcat	@acaballep
@albert_dmcat	@airmosso
@albert_dmcat	@Algarsal65
@albert_dmcat	@asiandafrica
@albert_dmcat	@barcaboca10
@albert_dmcat	@CaputxetaIndy
@albert_dmcat	@CATJRD
@albert_dmcat	@CharlieFox1714
@albert_dmcat	@dnicatala
@albert_dmcat	@EnricVilanova3
@albert_dmcat	@ficcion2011
@albert_dmcat	@francesc112233
@albert_dmcat	@Gay_Luss4c
@albert_dmcat	@guifre2053
@albert_dmcat	@kenllura_vallsm
@albert_dmcat	@marccuat
@albert_dmcat	@montsembordonau
@albert_dmcat	@rogervadejocs
@albert_dmcat	@rosa_msust
@albert_dmcat	@Skulld88
@albertbatalla	@anna_llaurado
@albertbatalla	@BioMaresme
@albertbatalla	@CanalAjuntament
@albertbatalla	@capdepremsa
@albertbatalla	@carles_cs
@albertbatalla	@immav14
@albertbatalla	@jomateix50
@albertbatalla	@MercePicart
@albertbatalla	@pensandova
@albertbatalla	@SantiagoBotonet
@albertbatalla	@twimabel
@AlbertCAT2017	@Migueln47492864
@albertfdezp	@Quisso2
@AlbertLloreta	@chacueco
@AlbertLloreta	@DianaHD
@AlbertLloreta	@DidacKhotso
@AlbertLloreta	@Josep_Trigo
@AlbertLloreta	@Maribel_TM
@AlbertLloreta	@PatrickVedel
@albertolive	@9jrib9
@albertolive	@cervera_jess
@albertolive	@freed4Catalonia
@albertolive	@JordanLna
@albertolive	@Junot1807
@albertpedret	@lucam_68
@albertpedret	@noemi_borras
@aleix_miol	@Nazgulcoc
@aleix_miol	@RocKcs
@aleix_miol	@vega_vila
@aleix_miol	@volemmambodui
@alex_carrasco_	@anaoromi
@AlexCastell74	@bertupuigvertf1
@alexdetiana	@alainjefe77
@alexdoro98	@Govipu
@alexdoro98	@voyager66doro
@alexsastre83	@SusanaGimenezPa
@AlexTreIz	@ANAISquintana
@AlfonsCanela	@PDeCATMataro
@AlfonsCanela	@SerraEdu
@AlfonsCarmona	@11s2014
@AlfonsCarmona	@9jrib9
@AlfonsCarmona	@estebanirvana
@AlfonsCarmona	@NathanAlbes
@AlfonsCarmona	@zoughbiff
@alfonsrm	@ToniVerges
@almotuit	@JOSESANCHEZGAR2
@Alxcuesta	@antonicaballero
@AmaiaArmiArma	@NoMesXoris
@AmaiaArmiArma	@Pellufer
@AmaiaArmiArma	@quicosabater
@amargant_olga	@fcarles58
@amargant_olga	@RTapiasCors
@ametller_maria	@anamartinezd
@ametller_maria	@JuanolaRafel
@AmicsiAmiguesEH	@EndikaMontes
@AmicsiAmiguesEH	@ErnestPinsap
@aminahekmet	@davidminoves
@aminahekmet	@GerardCunill
@aminahekmet	@joanpaurue
@aminahekmet	@marcotovarich
@aminahekmet	@perezlozano
@aminahekmet	@SilviaT78
@aminahekmet	@sucreblau
@aminahekmet	@super_oxigenat
@anahisauri	@Salberqu
@anbasala	@ECastell9
@anbasala	@Jesus83075610
@anbasala	@Surutillo
@ANC_BCN_SSG	@AAixurach
@ANC_BCN_SSG	@AngelsVilaSoler
@ANC_BCN_SSG	@AntoniRK1956
@ANC_BCN_SSG	@casaxus
@ANC_BCN_SSG	@Soletveig
@ANC_Bombers	@an_gelonch
@ANC_Bombers	@AngeldeMS
@ANC_Bombers	@bombersfigueres
@ANC_Bombers	@Butinyo
@ANC_Bombers	@CarladelCampo13
@ANC_Bombers	@CharlieFox1714
@ANC_Bombers	@Clio_deries
@ANC_Bombers	@dcaritgg
@ANC_Bombers	@EBPidesign
@ANC_Bombers	@GarroTejero
@ANC_Bombers	@ginovartclara
@ANC_Bombers	@Jesus83075610
@ANC_Bombers	@Kellliure
@ANC_Bombers	@marc_morera
@ANC_Bombers	@MarkVia_
@ANC_Bombers	@mateuparera
@ANC_Bombers	@Millavepater
@ANC_Bombers	@monsamga
@ANC_Bombers	@OscarCat1976
@ANC_Bombers	@RaMOn50544972
@ANC_Bombers	@Ribas78
@ANC_Bombers	@roge_bcn
@ANC_Bombers	@Votar32456286
@anc_polska	@CarullaDaniel
@ANCaldesmontbui	@josepgallart
@ANCNouBarris	@ERC9B
@ANCNouBarris	@francescllamas
@ANCNouBarris	@Schweickart
@ANCPalamos	@GasullBJoan
@ANCPalamos	@GloriaMassague
@ANCtorredembarr	@CUPTorre
@ANCXile	@LauraOreig
@andreu_monzo	@Alertes1O
@andreu_monzo	@anaoromi
@andreu_monzo	@izovi
@andreu_monzo	@pepll51
@andreu_monzo	@Well086
@Andreueste	@anticapiCat
@Andreueste	@brouiprou
@Andreueste	@EnverAzMe
@Andreueste	@ErnestPinsap
@Andreueste	@giner_joan
@Andreueste	@maria_9barris
@angelsmcastells	@11Xic
@angelsmcastells	@1977rarra
@angelsmcastells	@A_Mesto
@angelsmcastells	@Adelita49455610
@angelsmcastells	@AgataBuxade
@angelsmcastells	@albaparareda
@angelsmcastells	@albertsala3
@angelsmcastells	@anastasifan
@angelsmcastells	@andreadunu
@angelsmcastells	@andreualio
@angelsmcastells	@angelfontcatal1
@angelsmcastells	@anunjimm
@angelsmcastells	@aranbara
@angelsmcastells	@ArnauGuix
@angelsmcastells	@BelZaballa
@angelsmcastells	@BilombaJFT
@angelsmcastells	@binga_cat
@angelsmcastells	@BlackSpartak
@angelsmcastells	@blaucat
@angelsmcastells	@BoiSentis
@angelsmcastells	@bou_ricard
@angelsmcastells	@CalaJu_lia
@angelsmcastells	@Call_Bures
@angelsmcastells	@CapitaCuc
@angelsmcastells	@carlescat1
@angelsmcastells	@carlesserra3
@angelsmcastells	@carlesvilanova
@angelsmcastells	@carlosraya_raya
@angelsmcastells	@CarmeBusquets
@angelsmcastells	@CasajuanaM
@angelsmcastells	@casaxus
@angelsmcastells	@cataladelsud
@angelsmcastells	@CGT_UPC
@angelsmcastells	@chabyerr
@angelsmcastells	@claraferrer90
@angelsmcastells	@ClaraMerc
@angelsmcastells	@ComellasRamon
@angelsmcastells	@CorronsHeim
@angelsmcastells	@CridaCornella
@angelsmcastells	@cristina16ch
@angelsmcastells	@cristinavalles
@angelsmcastells	@danadananka
@angelsmcastells	@danielinog
@angelsmcastells	@DanoFaciaben
@angelsmcastells	@davevall
@angelsmcastells	@DavidAguilar_M
@angelsmcastells	@DavidPelegri
@angelsmcastells	@davidpich
@angelsmcastells	@dribo4
@angelsmcastells	@EA2CXK
@angelsmcastells	@EFelip
@angelsmcastells	@El_Ekilibrio
@angelsmcastells	@elcalderer
@angelsmcastells	@ElisendaMorera
@angelsmcastells	@elmarcmartinez
@angelsmcastells	@ElsokeBarricada
@angelsmcastells	@Enfocant
@angelsmcastells	@EPascualLagunas
@angelsmcastells	@esbarzer_roig
@angelsmcastells	@escompani
@angelsmcastells	@EspinetRicard
@angelsmcastells	@estevemaruri
@angelsmcastells	@Farranapetita
@angelsmcastells	@fballus
@angelsmcastells	@FerranFerran1
@angelsmcastells	@flcarlesD
@angelsmcastells	@FlorenzaXavier
@angelsmcastells	@FlyingS14652197
@angelsmcastells	@ganyet
@angelsmcastells	@gemma_mv97
@angelsmcastells	@GeneralMorague2
@angelsmcastells	@gilpuig_
@angelsmcastells	@Ginju3
@angelsmcastells	@GironesX
@angelsmcastells	@gkmtape
@angelsmcastells	@guellsabata
@angelsmcastells	@Guidda25
@angelsmcastells	@hcabezas2011
@angelsmcastells	@hperxi
@angelsmcastells	@iagofolguera
@angelsmcastells	@Ictineo
@angelsmcastells	@idaeidea
@angelsmcastells	@iDrOj_BcN
@angelsmcastells	@imasm
@angelsmcastells	@immapetit
@angelsmcastells	@Inachis_9
@angelsmcastells	@IntoMari
@angelsmcastells	@iolandagustina
@angelsmcastells	@Isaagma
@angelsmcastells	@jaumemassons
@angelsmcastells	@Jenn_hypatia
@angelsmcastells	@jhabas13
@angelsmcastells	@joan_abs
@angelsmcastells	@joanravi
@angelsmcastells	@joanvendrellg
@angelsmcastells	@JoelJoanJuve
@angelsmcastells	@jofrenin
@angelsmcastells	@Jordi278
@angelsmcastells	@jordiCat1
@angelsmcastells	@jordimartifont_
@angelsmcastells	@JordinaEM
@angelsmcastells	@JordiPotaroig
@angelsmcastells	@JordiVanderwaal
@angelsmcastells	@JosepAlonso67
@angelsmcastells	@JosepCatt
@angelsmcastells	@josepmuntpros
@angelsmcastells	@joseppique
@angelsmcastells	@jota_tepe
@angelsmcastells	@jtortosc
@angelsmcastells	@JuaneloTurriano
@angelsmcastells	@julidejdarmuoz
@angelsmcastells	@Julymon35
@angelsmcastells	@jwatermelono
@angelsmcastells	@Kellliure
@angelsmcastells	@kirapermanyer
@angelsmcastells	@kopcat30
@angelsmcastells	@larrymcarrow
@angelsmcastells	@Laurence_Sterne
@angelsmcastells	@laureta79
@angelsmcastells	@laurls86
@angelsmcastells	@littlemisspinyi
@angelsmcastells	@lluciaferrer
@angelsmcastells	@LluisAlcala
@angelsmcastells	@LluisCobaledaM
@angelsmcastells	@LluisNavarrete
@angelsmcastells	@maimateus
@angelsmcastells	@maite_verd
@angelsmcastells	@mandarina2406
@angelsmcastells	@Manelic1714
@angelsmcastells	@manelpastor
@angelsmcastells	@manolo_loop
@angelsmcastells	@MarcFerranS
@angelsmcastells	@marcrosich
@angelsmcastells	@Mariola67290946
@angelsmcastells	@Maripicher
@angelsmcastells	@MartaAriste
@angelsmcastells	@MartaBP44
@angelsmcastells	@MartaTapiolas
@angelsmcastells	@MarzaGimenez
@angelsmcastells	@mcalderonmirada
@angelsmcastells	@menjafus
@angelsmcastells	@MeritxellSerret
@angelsmcastells	@merkatari
@angelsmcastells	@miaioia_r
@angelsmcastells	@mickycastiella
@angelsmcastells	@miluverd
@angelsmcastells	@mindundi10
@angelsmcastells	@mireia_capde
@angelsmcastells	@Molt05
@angelsmcastells	@Montsefranchs
@angelsmcastells	@mosqueragoce
@angelsmcastells	@mtresserra
@angelsmcastells	@munkunill
@angelsmcastells	@NALBAROMA
@angelsmcastells	@natxo_k
@angelsmcastells	@niljan
@angelsmcastells	@NuriaPereiras
@angelsmcastells	@NuriaPradas
@angelsmcastells	@nurichi87
@angelsmcastells	@OlatzodiomiPC
@angelsmcastells	@OMotger
@angelsmcastells	@OWynn
@angelsmcastells	@pain_spain
@angelsmcastells	@PanderetaZalea
@angelsmcastells	@pauperez
@angelsmcastells	@PauRomeuTorres
@angelsmcastells	@paysol49
@angelsmcastells	@peluamaritimo
@angelsmcastells	@PepG_P
@angelsmcastells	@perebanmar
@angelsmcastells	@PilarAg98127948
@angelsmcastells	@pmarquez86
@angelsmcastells	@Podem_Lleida
@angelsmcastells	@podemsantsbcn
@angelsmcastells	@quim_net
@angelsmcastells	@RamonetFont
@angelsmcastells	@rcpuig94
@angelsmcastells	@RDBCat
@angelsmcastells	@rguixe
@angelsmcastells	@rikr_66
@angelsmcastells	@roccasagran
@angelsmcastells	@roger_vilanova
@angelsmcastells	@Rogerleiva81
@angelsmcastells	@Roscalsina
@angelsmcastells	@rosertornes
@angelsmcastells	@RoxanneU2
@angelsmcastells	@SAPMuntanya
@angelsmcastells	@sdombon
@angelsmcastells	@Sergi_SMJ
@angelsmcastells	@SergiCastanye
@angelsmcastells	@SergiFirmino
@angelsmcastells	@sergiisolaa
@angelsmcastells	@SergiPascualFer
@angelsmcastells	@sherlocka1714
@angelsmcastells	@Silviavm74
@angelsmcastells	@Silvitot
@angelsmcastells	@Somiatwiter
@angelsmcastells	@SoniaCatalaneta
@angelsmcastells	@Sooniafarran
@angelsmcastells	@SRemola
@angelsmcastells	@Sury2J
@angelsmcastells	@SusanaCraviotto
@angelsmcastells	@swazulu
@angelsmcastells	@TaviHarper
@angelsmcastells	@tereroige
@angelsmcastells	@TheNewCTLN
@angelsmcastells	@tlop75
@angelsmcastells	@tramuntana04
@angelsmcastells	@twimabel
@angelsmcastells	@txellinscat
@angelsmcastells	@valenciaerik1
@angelsmcastells	@VeroAuladell
@angelsmcastells	@VHongria
@angelsmcastells	@VictorAG80
@angelsmcastells	@wonderanimals
@angelsmcastells	@x_xeixa
@angelsmcastells	@XavierEscofet
@angelsmcastells	@XaviPortales
@angelsmcastells	@xbdn1971
@angelsmcastells	@xet1905
@angelsmcastells	@xeviosor
@angelsmcastells	@xgeldex
@angelsmcastells	@xisttie
@angelsmcastells	@XixiroJbg
@angelsmcastells	@xmes3
@angelsmcastells	@YleniaAlmar
@angelsmcastells	@YYZZA
@angelsmcastells	@Zhaaz1
@angelsponsa	@davidsaldoni
@angelsponsa	@F2Xavier
@angelsponsa	@jaumetrunyo
@angelsponsa	@JuntsPelSi
@angelsponsa	@LlatseEmili
@angelsponsa	@MontseVila2
@angelsponsa	@NataliaBonjoc
@angelsponsa	@Pepifin
@angelsponsa	@TomiTomikum
@anna_arque	@ALM1200gs
@anna_arque	@altpir
@anna_arque	@angelsvj
@anna_arque	@betplanas
@anna_arque	@dguardias
@anna_arque	@esvai
@anna_arque	@FerranFaRun
@anna_arque	@ferranrebull
@anna_arque	@gian_val
@anna_arque	@gllmsvll
@anna_arque	@guifre2053
@anna_arque	@ICECintl
@anna_arque	@jordi_cc
@anna_arque	@joseplluis4
@anna_arque	@la_magnolia
@anna_arque	@mtsarda
@anna_arque	@nellyfe33318061
@anna_arque	@Pepvernet
@anna_arque	@Pijama40
@anna_arque	@Polcodina
@anna_arque	@RebeketaPelFred
@anna_arque	@Reyesdiar
@anna_arque	@rogenku
@anna_arque	@roserblasco
@anna_arque	@somgentdpau
@anna_arque	@tohr1963
@anna_arque	@toni77bcn
@anna_arque	@WarriorPinzas
@annabc1984	@alpicatina41
@annabc1984	@cbonaventura
@annabc1984	@EduGuitart
@annabc1984	@ficcion2011
@annabc1984	@LlibertB
@annabc1984	@MIQUELLARA
@annabelmia	@cbonaventura
@AnnaCraix	@IraultzaAmesten
@annafenoy	@kiakli
@AnnaSoles99	@juliagifre
@AnnaSoles99	@torramilans8
@anticapiCat	@Cup_Breda
@anticapiCat	@formatistica
@anticapiCat	@Gabriel_JM
@anticapiCat	@Kgumlolla
@anticapiCat	@LaiaFacet
@anticapiCat	@mikelltuit
@anticapiCat	@podemsantapepa
@anticapiCat	@raquelragal
@anticapiCat	@RedYowl
@anticapiCat	@SEzquerra
@anticapiCat	@voltesivoltes
@anton19lopez	@anatasia40
@anton19lopez	@colchonero54
@Apostrof_coop	@chmasia
@armandkat	@VallsAngela
@Arran_BaixCamp	@ciailec
@Arran_Tarragona	@AEmanuelTerNat
@Arran_Tarragona	@Arran_BaixCamp
@Arran_Tarragona	@Arran_jovent
@Arran_Tarragona	@ArranVlc
@Arran_Tarragona	@AugustoNazzar
@Arran_Tarragona	@calbasi
@Arran_Tarragona	@COS_elCamp
@Arran_Tarragona	@COSnacional
@Arran_Tarragona	@CUPDipTa
@Arran_Tarragona	@CUPLaCanonja
@Arran_Tarragona	@CUPTarragona
@Arran_Tarragona	@Deixadeserilla
@Arran_Tarragona	@dekidetgn
@Arran_Tarragona	@dpiloncita
@Arran_Tarragona	@EAarteako12
@Arran_Tarragona	@eduardhv77
@Arran_Tarragona	@ElvisMikle
@Arran_Tarragona	@Ernesterlin
@Arran_Tarragona	@FabregatMerce
@Arran_Tarragona	@fimfa72
@Arran_Tarragona	@FranPardo_
@Arran_Tarragona	@Graciaviva
@Arran_Tarragona	@Javi_Quique_OK
@Arran_Tarragona	@JordiMatalasser
@Arran_Tarragona	@la_Sageta
@Arran_Tarragona	@llunavermella
@Arran_Tarragona	@LourdesClave
@Arran_Tarragona	@marxistJorge
@Arran_Tarragona	@miquelflorit
@Arran_Tarragona	@mireia_albiol
@Arran_Tarragona	@NitEncesa
@Arran_Tarragona	@OkhreClara
@Arran_Tarragona	@olivernet73
@Arran_Tarragona	@pepavives
@Arran_Tarragona	@redanon17
@Arran_Tarragona	@rjstrikers
@Arran_Tarragona	@SEPC_nacional
@Arran_Tarragona	@swingTIC
@Arran_Tarragona	@TarragonaCdr
@Arran_Tarragona	@tgncmp
@Arran_Tarragona	@URV_SEPC
@Arran_Tarragona	@vigonbel65
@Arran_Tarragona	@Wittgenstein_jm
@Arran_Tarragona	@Zhaaz1
@Arran_Tarragona	@zjmbreeze
@asentiscamprubi	@VHongria
@AssembleaValls	@asunbdnhotmail1
@AssembleaValls	@Kenauko
@AssembleaValls	@NitdeBoira
@AssembleaValls	@oiram_co
@AssembleaValls	@peitocavernoso
@AssembleaValls	@pepindependent
@AssembleaValls	@RFontH
@atramrelos	@divinabadalona
@AVG_Sabadell	@matassans
@Azpitarte	@eloi_16_rt
@Azpitarte	@lukaskywalker19
@Azpitarte	@sergioespsan
@Azpitarte	@vdelaserna
@baiasca	@blairodriguez
@barbaravalls	@fina_domingo
@BatmanGramenet	@Victorgrtm
@Berlustinho	@Alter_Jo
@Berlustinho	@gerwrdpique
@Berlustinho	@IraultzaAmesten
@Berlustinho	@PatrickVedel
@bertagv14	@EnCharles_98
@bertagv14	@lponse
@betplanas	@maletaboston
@bolsamania	@alvaronavarro82
@bombersfigueres	@ramonroyo
@Bomberssllo	@aleix224
@Bomberssllo	@eNKapm
@Bomberssllo	@uruk1973
@bori_not	@elLLOP9
@bori_not	@xbabyhoney
@Brugarolas	@AgustiIgnasi
@Brugarolas	@Alaillaj
@Brugarolas	@alexandrecamps
@Brugarolas	@annamariasastre
@Brugarolas	@antonicastellas
@Brugarolas	@DanilsaNv
@Brugarolas	@dcaritgg
@Brugarolas	@DemocratesBCN
@Brugarolas	@DemocratesCAT
@Brugarolas	@DemocratesLleid
@Brugarolas	@jactonanderson
@Brugarolas	@jjuliamarti
@Brugarolas	@lasilviaijo
@Brugarolas	@malisabru
@Brugarolas	@mforcadan
@Brugarolas	@obffelius
@Brugarolas	@Pallacus
@Brugarolas	@PAlzinaTrullars
@Brugarolas	@PereCastillo53
@Brugarolas	@RosaSorribes
@Brugarolas	@seibur_
@bsilanes	@1983Sergi
@bsilanes	@a_45rpm
@bsilanes	@annasole44
@buticelra	@danicornella
@CADCI	@airmosso
@CADCI	@Alter_Jo
@CADCI	@annacano86
@CADCI	@AnnaPaezF
@CADCI	@ArmandMuniesa
@CADCI	@Arnau21
@CADCI	@bageles
@CADCI	@BarcelonaGlides
@CADCI	@bricio_laura
@CADCI	@C_TTME
@CADCI	@carmen_uviedo
@CADCI	@danieltorrelles
@CADCI	@DaniSerranoB
@CADCI	@darmada80
@CADCI	@emmallado
@CADCI	@Esbarzers
@CADCI	@Eva_Gene
@CADCI	@fblancoros
@CADCI	@francescEG
@CADCI	@guifre2053
@CADCI	@HOMSROSA
@CADCI	@huguet_gabriel
@CADCI	@Ii_iITLLCIi_iI
@CADCI	@jaumepre
@CADCI	@Jcamprup
@CADCI	@JoanTonisastre
@CADCI	@jordiboada
@CADCI	@JordiGraupera
@CADCI	@JordiMariaPau1
@CADCI	@Josepmandreu
@CADCI	@juditpujado
@CADCI	@kxuxng
@CADCI	@lluisgibert
@CADCI	@malbacb
@CADCI	@Manchon1956
@CADCI	@mgloriaaltes
@CADCI	@monforcolla
@CADCI	@niceworldx
@CADCI	@nogsys
@CADCI	@NuriaCompteB
@CADCI	@robert_ara
@CADCI	@RoseHat1
@CADCI	@roserdegirona
@CADCI	@serav_bcn123
@CADCI	@Sis0kala
@CADCI	@teresapimpam
@CADCI	@titixic
@CADCI	@VicentShepherd
@CADCI	@White_BRD
@CADCI	@XaviAngelergues
@CADCI	@XeniaPardo
@CADCI	@yolandatn1
@Calaverot	@Saki_o_neal
@cancapablanca	@ANGEL_SBD
@cancapablanca	@CaterinaRiMa
@cancapablanca	@LaMitjanit
@cancapablanca	@marcbarni
@cancapablanca	@SabadellMontse
@Candeliano	@amaia_bQ
@Candeliano	@ANC_Israel
@Candeliano	@AnnaAznar
@Candeliano	@annap3
@Candeliano	@AnnaSelva
@Candeliano	@BarniBanana
@Candeliano	@dolorspm53
@Candeliano	@FrancescMerce
@Candeliano	@goagul1
@Candeliano	@guifreborras
@Candeliano	@Jesus83075610
@Candeliano	@josepmendez78
@Candeliano	@Kellliure
@Candeliano	@Legolasindar
@Candeliano	@ManelRodri1
@Candeliano	@MariaOxbow
@Candeliano	@marissa_prat
@Candeliano	@MartaSaGui2
@Candeliano	@MonicaTS74
@Candeliano	@NaturaMaresme
@Candeliano	@PedroMalz
@Candeliano	@rsoler2000
@Candeliano	@SalaBonet
@Candeliano	@salvijolis
@Candeliano	@siloimaginas
@Candeliano	@Wittgenstein_jm
@Candeliano	@xmarcet
@Candeliano	@Zipomanson
@Carles77	@MarceloKlein_d
@carlesbert	@2005sjusi
@carlesbert	@ampordanes
@carlesbert	@AnnadeGirona
@carlesbert	@Annia57
@carlesbert	@CurantaDavid
@carlesbert	@danunic
@carlesbert	@frescll
@carlesbert	@fxgoic
@carlesbert	@Guatlleta
@carlesbert	@indepesCCOO
@carlesbert	@jomateix50
@carlesbert	@JonBetaMax
@carlesbert	@jordiserra_cat
@carlesbert	@jpresastwit
@carlesbert	@JuanfraCordoba
@carlesbert	@lectoracorrent
@carlesbert	@marissa_prat
@carlesbert	@MARserreTA
@carlesbert	@MARTA230371
@carlesbert	@Panchorevival
@carlesbert	@PTalamanca
@carlesbert	@RamblaNuria
@carlesbert	@RogerCaminal
@carlesbert	@sinasdv
@carlesbert	@vallmy
@carlesbert	@xavicht
@carlesbert	@XPLENS
@CarlesHeredia	@OnlyKiddingYou
@CarlesHeredia	@rosamcru
@CarlesMundo	@1714Drac1714
@CarlesMundo	@1Lescorts
@CarlesMundo	@a9de8b44494d436
@CarlesMundo	@AAixurach
@CarlesMundo	@AdelMoya8
@CarlesMundo	@aialomar1
@CarlesMundo	@alexandrecamps
@CarlesMundo	@AlexsitoPons
@CarlesMundo	@Amadeu_Juando
@CarlesMundo	@ANDREU_DURAN
@CarlesMundo	@angelsvj
@CarlesMundo	@anna_sanllehy
@CarlesMundo	@ANTONICOMPTA
@CarlesMundo	@AntoniPladevall
@CarlesMundo	@aracegea
@CarlesMundo	@araramendia
@CarlesMundo	@arnauriwz
@CarlesMundo	@barratemple
@CarlesMundo	@BodegaCoca
@CarlesMundo	@BrujaSeli
@CarlesMundo	@capdevilajoan
@CarlesMundo	@CapitaCuc
@CarlesMundo	@carme60pm
@CarlesMundo	@catalciara
@CarlesMundo	@Cconmemoria
@CarlesMundo	@CharlyGCB
@CarlesMundo	@Claramonte
@CarlesMundo	@Clidice
@CarlesMundo	@cris_tram65
@CarlesMundo	@cristina16ch
@CarlesMundo	@Cristinabcn28
@CarlesMundo	@cristinaisanta
@CarlesMundo	@curropeque
@CarlesMundo	@Daimakaimura
@CarlesMundo	@DavidVargasMo
@CarlesMundo	@domenech_lluis
@CarlesMundo	@dvMarta
@CarlesMundo	@ea3cvi
@CarlesMundo	@EA3FRB
@CarlesMundo	@educhserra
@CarlesMundo	@el3rull
@CarlesMundo	@eliceva5
@CarlesMundo	@elizabeth_r_bcn
@CarlesMundo	@ElXaviRaventos
@CarlesMundo	@ERCOsona
@CarlesMundo	@eyembieros0000
@CarlesMundo	@FAMILYGOSPA
@CarlesMundo	@Farenheit_451_
@CarlesMundo	@FarSerrat
@CarlesMundo	@fcarles58
@CarlesMundo	@FerranEva
@CarlesMundo	@FraJeremies
@CarlesMundo	@FreeCat201x
@CarlesMundo	@frodri38
@CarlesMundo	@Fuckprincees
@CarlesMundo	@GeneralMorague2
@CarlesMundo	@GerardGarriga
@CarlesMundo	@ggirby
@CarlesMundo	@GillStella
@CarlesMundo	@Granollacs
@CarlesMundo	@homefoscdarknes
@CarlesMundo	@icemancbg
@CarlesMundo	@ideafix5
@CarlesMundo	@Ii_iITLLCIi_iI
@CarlesMundo	@imma0142
@CarlesMundo	@IsidorMari
@CarlesMundo	@itsmisscrawford
@CarlesMundo	@ivanlopez3
@CarlesMundo	@J_Canalias
@CarlesMundo	@JaumeBV
@CarlesMundo	@jaumeramonsole
@CarlesMundo	@Javi_Quique_OK
@CarlesMundo	@jbigorra
@CarlesMundo	@jcarlesr
@CarlesMundo	@JJPLCat
@CarlesMundo	@Joan_T_G
@CarlesMundo	@Joan314Joan
@CarlesMundo	@JoanRockguitar
@CarlesMundo	@jopocht
@CarlesMundo	@Jordi_Solaa03
@CarlesMundo	@jordifranc
@CarlesMundo	@JordiMontanya
@CarlesMundo	@jordirifa
@CarlesMundo	@jorse65
@CarlesMundo	@josepfherrera
@CarlesMundo	@karmeabad
@CarlesMundo	@KatMacktub
@CarlesMundo	@KeeganGar
@CarlesMundo	@lagoodseny
@CarlesMundo	@lamarta
@CarlesMundo	@lasilviaijo
@CarlesMundo	@Lauracanut
@CarlesMundo	@Lizacooker
@CarlesMundo	@llagus77
@CarlesMundo	@LluisSabates
@CarlesMundo	@lulu6019
@CarlesMundo	@mariasesca
@CarlesMundo	@mbanus
@CarlesMundo	@mgloriaaltes
@CarlesMundo	@miaioia_r
@CarlesMundo	@mindbrewer
@CarlesMundo	@mindundi10
@CarlesMundo	@MiqTweet
@CarlesMundo	@moltail_lusio
@CarlesMundo	@Mont74
@CarlesMundo	@montperdutroig
@CarlesMundo	@montse_castella
@CarlesMundo	@montsepalau
@CarlesMundo	@montserumbau
@CarlesMundo	@MontseVila2
@CarlesMundo	@Montxin12
@CarlesMundo	@NataliaBlanchar
@CarlesMundo	@nk_esther
@CarlesMundo	@Noebcn84
@CarlesMundo	@nolimolina91
@CarlesMundo	@nuriabs88
@CarlesMundo	@nuriapueyod
@CarlesMundo	@olgamollet
@CarlesMundo	@pakobloom
@CarlesMundo	@paucolell
@CarlesMundo	@pensandova
@CarlesMundo	@polinices11
@CarlesMundo	@pomesfi13
@CarlesMundo	@porabajo
@CarlesMundo	@Quintudj
@CarlesMundo	@ramontorresarus
@CarlesMundo	@rcantons
@CarlesMundo	@RMartinb
@CarlesMundo	@RTapiasCors
@CarlesMundo	@Rubenpulido97
@CarlesMundo	@SagreraT
@CarlesMundo	@Sara67822151
@CarlesMundo	@secaisa
@CarlesMundo	@sergiisolaa
@CarlesMundo	@spidderr
@CarlesMundo	@talitacala
@CarlesMundo	@tdsoya
@CarlesMundo	@terrassenc
@CarlesMundo	@ToniSerrano_23
@CarlesMundo	@trodejuliol
@CarlesMundo	@TSivatte
@CarlesMundo	@TurneMartiOct
@CarlesMundo	@vacmentiras
@CarlesMundo	@vadorcl
@CarlesMundo	@vicenta1962
@CarlesMundo	@Winona1610
@CarlesMundo	@xellulles
@CarlesMundo	@xevipuix
@CarlesMundo	@Zicandarr
@CarlesMundo	@zofinabac
@CarmeLaboria	@MariusMassalle
@CarmeLaboria	@palbertiserra
@CarolaZafarana	@RogerH_C
@Casalesi	@soledadfrutosmo
@CasalEsparrec	@calamuntsa
@CasalEsparrec	@txantxi
@CasipBadalona	@angelbadalona
@CasipBadalona	@margrifol
@CasipBadalona	@paulagorins
@CasipBadalona	@PocinoMarta
@CasipBadalona	@Serg10Berart
@CatDemocratica	@cbonaventura
@CatEuskadi	@CDFerrer
@cbonaventura	@anamartinezd
@cbonaventura	@desfocat
@CDReferendumSVH	@AlexFerrerias
@CDReferendumSVH	@arabadan
@CDReferendumSVH	@CUPSVH
@CDReferendumSVH	@isulanabianchi
@CDReferendumSVH	@MARCOESTEVEZ70
@CDReferendumSVH	@saracabrerac
@CDReferendumSVH	@YolandaArtigas1
@CDRGoticRaval	@CDBRaval
@CDRGoticRaval	@gregorsiles
@CDRGoticRaval	@MariaPoppins
@CDRGoticRaval	@SEzquerra
@CDRNouBarris	@alvaromapache
@CDRNouBarris	@crisensenom
@CDRNouBarris	@jg_navarro
@CDRNouBarris	@josemsantasusan
@CDRNouBarris	@julinhosbraun
@CDRNouBarris	@minara93
@CDRNouBarris	@mlbaiges
@CDRNouBarris	@NavarroCarme
@CDRNouBarris	@NerBlack
@CDRNouBarris	@Thecarrottman
@CDRNouBarris	@UruKurtz
@celescolorado	@ejanet15
@cerclecatalahis	@MAxiuxiueig
@cesc_sp	@EnCharles_98
@ChachoAlmaraz	@_Saulo_7
@ChachoAlmaraz	@747Aguila
@ChachoAlmaraz	@ahoraluzycolor
@ChachoAlmaraz	@alfons60
@ChachoAlmaraz	@caboixo
@ChachoAlmaraz	@ClaraMerc
@ChachoAlmaraz	@Damolinaza
@ChachoAlmaraz	@Dotzededotze
@ChachoAlmaraz	@EduGuitart
@ChachoAlmaraz	@ElCotufo
@ChachoAlmaraz	@elpanades
@ChachoAlmaraz	@emilifdx
@ChachoAlmaraz	@FERMINATX
@ChachoAlmaraz	@ficcion2011
@ChachoAlmaraz	@finnualla
@ChachoAlmaraz	@gelodroxtria
@ChachoAlmaraz	@imba80
@ChachoAlmaraz	@itoh1975
@ChachoAlmaraz	@JJPPbcn
@ChachoAlmaraz	@Joaninet
@ChachoAlmaraz	@Joaquimgr
@ChachoAlmaraz	@laurabassa19
@ChachoAlmaraz	@Maite99389397
@ChachoAlmaraz	@Mar81dice
@ChachoAlmaraz	@marionaxs
@ChachoAlmaraz	@montset94
@ChachoAlmaraz	@PadreEmerito
@ChachoAlmaraz	@paqui26
@ChachoAlmaraz	@patrimurillo87
@ChachoAlmaraz	@PauQuintano
@ChachoAlmaraz	@Raamoon13
@ChachoAlmaraz	@RogerGalazan
@ChachoAlmaraz	@salamo35
@ChachoAlmaraz	@serav_bcn123
@ChachoAlmaraz	@SMMoreno5
@ChachoAlmaraz	@soy_bien_bien
@ChachoAlmaraz	@SunyerJaume
@ChachoAlmaraz	@tonibonetp
@ChachoAlmaraz	@ValentinaLeni
@ChachoAlmaraz	@XMartiGasto
@ciumataro	@AngelsLlatse
@ciumataro	@danielarrufat
@ciumataro	@Josepfontmorera
@ciumataro	@NuriaCalpe
@ciumataro	@QuimFernandez
@Clareetta24	@carl9s_
@ClaritaBernat	@Albert_44062
@ClaritaBernat	@OscarMuS
@ClauBellCas	@MartaNiell
@coachjacob13	@asanalo58
@colli_5	@JordiJordiball
@conspirator0	@cristo_monte
@Control_REC	@AntunezNgel
@Control_REC	@BellverVol
@Control_REC	@bomberscab10600
@Control_REC	@darder958
@Control_REC	@ramonbarrios17
@Control_REC	@tonimarles
@cristinafc9	@AugustoNazzar
@cristinalosant1	@AnnaLosantos
@cristinalosant1	@Bertabocado
@cristinalosant1	@bingsfables
@cristinalosant1	@canbutjosa
@cristinalosant1	@Christo45046444
@cristinalosant1	@danadananka
@cristinalosant1	@destret
@cristinalosant1	@JosepLosantos
@cristinalosant1	@MargaLosantos
@cristinalosant1	@suruasinoiD
@cristinalosant1	@xaviercapicua
@CSPichel	@BorxaGC
@CSPichel	@curreloss
@CSPichel	@dansuvil
@CSPichel	@DioniAntenor53
@CSPichel	@iscagz
@ctaniac	@joseignaciomf
@CUPGirona	@llsalellasvilar
@CUPGirona	@llunavermella
@CUPGirona	@tanrebfc
@dadma2010	@divapiti
@dadma2010	@japbcn
@dadma2010	@marramiauuuuuu
@DaniTurau	@albertserra5
@daponsvi	@godacat
@daveza72	@peixcoix
@davidcardelus	@Montseepple
@davidcardelus	@soclalight
@davidoliete	@aleixt
@DawizardDG	@SantyKG21
@dbalears	@jeronirossell
@dcuenta	@FranPardo_
@dcuenta	@hidrargentiun
@dcuenta	@lauralepick
@dcuenta	@marilitabcn
@dcuenta	@NoMesXoris
@dcuenta	@StopRepreCR
@dcuenta	@Trescci
@deifgiri	@AlbertClaramont
@DemocraciaEtsav	@csa12
@DemocraciaEtsav	@JoanPuigdomenec
@DemocraciaEtsav	@suruasinoiD
@DemocratesJoves	@dcaritgg
@DemocratesJoves	@enricsimoferre
@DemocratesJoves	@mcpedemonte
@DemocratesJoves	@meri_feliu
@DemocratesJoves	@MeritxellP97
@DemocratesJoves	@PatrickVedel
@DemocratesJoves	@titonlailla
@DesobedienciaCi	@Rosa00459601
@Dew231973	@tirant_el_blanc
@dfertl	@der_bluthund
@dfertl	@joseppratscarre
@dfertl	@Mr_Spock
@dfertl	@paulrogers002
@dfertl	@seamus_kik
@diablesbat	@ANCtarrega
@diablesbat	@CUPTarrega
@diablesbat	@elRostoll
@diablesbat	@EsquerraTarrega
@diablesbat	@jaumeramonsole
@diablesbat	@jmgabernet
@DiazRubengoyo	@joelmolina00
@DidacHerreroBa	@Tvallj
@didacsd	@miquelfortea
@directe	@AGR_Network
@directe	@ainanvb
@directe	@angelsclotet
@directe	@carlespamies
@directe	@Casanovas1994
@directe	@cfrd1909cat
@directe	@Clio_deries
@directe	@ComellasRamon
@directe	@daemlo2002
@directe	@DolsR
@directe	@francesc112233
@directe	@jbarrullbadia
@directe	@joanagabarrof
@directe	@joanfandos
@directe	@JredondoK
@directe	@lulipepo1
@directe	@mpgmuret60
@directe	@pinxokike
@directe	@SantiagoBotonet
@directe	@serginock
@directe	@smujal
@directe	@vilar_antoni
@directe	@xevibcn
@divapiti	@Alfred0CC
@dmestre1	@AlsinaCompany
@dmestre1	@SeilaBallerini
@dnicatala	@macatxis
@dnicatala	@NaKk3L
@DolorsMoreno74	@mororo74
@DraRubioMayol	@DraRubioMayol
@DraRubioMayol	@jaumeramonsole
@DraRubioMayol	@MESesquerresCdT
@DraRubioMayol	@MESLaSelvaCamp
@DraRubioMayol	@MesPonent
@DraRubioMayol	@MovEsquerres
@DraRubioMayol	@OnaCedo1
@dsamblas	@Anarisd
@dsamblas	@Clio_deries
@dsamblas	@Dr_Esterichia
@dvallss	@ComesFrancesc
@dvallss	@miaclimanoia
@e3_barca	@75gorka
@e3_barca	@GuiuFernandez26
@e3_barca	@Marsal95
@e3_barca	@Sergi_Ceal
@eajpnvgipuzkoa	@EGI_gipuzkoa
@eajpnvgipuzkoa	@leirecaridad
@eajpnvuz	@Euskalherriaske
@eajpnvuz	@GureEskuDago
@eajpnvuz	@karlostini
@eajpnvuz	@Marijos65214014
@ebenach	@noecapelb
@ebenach	@rfabregues
@ebenach	@XVila72
@EdgarCA97	@MiquelArgelich
@eduardcabus	@juandelosciegos
@eduardcabus	@MariaRuaix
@eduardcabus	@thinkcatalonia
@educadordegats	@catala1962
@edufuste	@GuillemDou
@ehbildubizkaia	@IsuskizaZigor
@ehbildubizkaia	@unanuejosu
@EkhiErremundegi	@isulanabianchi
@EkhiErremundegi	@TxoriaAmanik
@El_Forn	@llucreixach
@el_pais	@AshaGomez_
@el_pais	@carvajalsz
@el_pais	@crisbermepa
@el_pais	@Dolors82600591
@el_pais	@domenech_lluis
@el_pais	@EspFP
@el_pais	@Espina11041959
@el_pais	@estrellasymar1
@el_pais	@expo92_sevilla
@el_pais	@gnrdown
@el_pais	@javiersanfrutos
@el_pais	@jmartigalbis
@el_pais	@Jmhercas
@el_pais	@jordicabre
@el_pais	@josegomeztaler1
@el_pais	@Lirico
@el_pais	@MaribelGuilln
@el_pais	@Marioperfi1
@el_pais	@migueldelpuce
@el_pais	@oscarlm98
@el_pais	@pedrodiaz90
@el_pais	@PepeGandaras59
@el_pais	@salvareus52
@el_pais	@TeixidoJaume
@el_pais	@titosantako
@elcairo_ajg	@CUPGranollers
@Elcojoktodolove	@catalanejant
@Elcojoktodolove	@Elcojoktodolove
@Elcojoktodolove	@JuanPalop30490
@Elcojoktodolove	@PALOPINYU
@Elcojoktodolove	@setsiencies
@Elcojoktodolove	@vegetamada
@ElDesmarque_FCB	@eldesmarque
@ElDesmarque_FCB	@joaquin_alku
@elies	@raparici
@eligutes	@josep_margarit
@ElisendaPerez	@Esther_Cat3005
@Elnomnofalacosa	@anaoromi
@Elvellblues	@70diazcat
@Elvellblues	@AlfredPiqueras
@Elvellblues	@BozzettoStefano
@Elvellblues	@CarreJosep
@Elvellblues	@ComellasRamon
@Elvellblues	@DarmstadtJ
@Elvellblues	@dnicatala
@Elvellblues	@domenech_lluis
@Elvellblues	@fligantada
@Elvellblues	@jbaylina
@Elvellblues	@marc_sansa
@Elvellblues	@molidelpont
@Elvellblues	@niskas
@Elvellblues	@PauVerd1
@Elvellblues	@txell1976
@Elvellblues	@XaioTro
@Elvellblues	@XavierRibalta1
@Elviraduranc	@PatrickVedel
@emasana	@peppujool
@eNKapm	@xfarrarons
@EnricCardonaGar	@eldimonipuntcom
@enricsole	@1a2z107
@enricsole	@ALM1200gs
@enricsole	@isulanabianchi
@enricsole	@Joaninet
@enricsole	@miqueldepalol
@enSergioles	@Carlesescario
@enSergioles	@climentberg
@enSergioles	@Guatlleta
@enSergioles	@Johan5_0
@enSergioles	@MoiLeMiroir
@enSergioles	@out187
@enSergioles	@salvad_m
@EnverAzMe	@CerclePodemVNG
@EnverAzMe	@DavidLlorenteS
@EnverAzMe	@jpoveda1977
@EnverAzMe	@malgrat_podemos
@EnverAzMe	@raquelragal
@EnverAzMe	@somVNG
@ERC_Caldes	@DolorsNun
@ERC_SPM	@polllastre
@ERCCalella	@Esteve_Sebastia
@ERCCalella	@josep__torrent
@ERCCalella	@miqpersu
@ERCCalella	@sa_meda
@ercmataro	@jagv64
@ercmataro	@lluisvives24
@ercmataro	@SalvaAreva
@ERCOsona	@alfonsjm
@ERCOsona	@AnnaSimo
@ERCOsona	@divad121cc
@ERCOsona	@EsquerraManlleu
@ERCOsona	@GriseldaPostigo
@ERCOsona	@jordicasals
@ERCOsona	@LluisSabates
@ERCOsona	@nan0912
@ERCOsona	@NuriRecio
@ERCTorello	@shiroikarasu63
@erminialtarriba	@Carolinacalvos
@Erramun2014	@EnxanetaMVP
@Erramun2014	@monri02
@Erramun2014	@the_angryreaper
@es4one	@estupefalso
@es4one	@FranchoGuaky
@es4one	@hlableti
@es4one	@koskita
@es4one	@merlynnat
@es4one	@Tian_server
@es4one	@Veliscv
@esibina	@AMI__cat
@esibina	@BertaFaro1
@esibina	@CanalAjuntament
@esibina	@capdepremsa
@esibina	@catalanensis
@esibina	@CristianBasG
@esibina	@el9nou
@esibina	@ESantanera
@esibina	@EstorachOtilia
@esibina	@LluisSabates
@esibina	@magdalaveca
@esibina	@msanglas
@esibina	@SaSsibina
@esibina	@settorello
@esibina	@totiapm
@esibina	@xavisentinella
@esierraserra	@gcarbonell
@ESKnafarroa	@alainjefe77
@ESKnafarroa	@klaralopezlopez
@esplaiscatalans	@mmarti6
@esplaiscatalans	@monitors_lleure
@esplaiscatalans	@obuenaventura
@esport3	@anna_pitiua21
@esport3	@CatalunyaRadio
@esport3	@CatalunyaSiSi
@esport3	@cchetrit
@esport3	@emercader05
@esport3	@frankfrankbcn
@esport3	@GuiuFernandez26
@esport3	@MarcMonserrate
@esport3	@Mauro999Mauro
@esport3	@miqueloro
@esport3	@PigaiMos
@esport3	@PolSule
@esport3	@rfernandezjou
@esport3	@superlopez45
@esportpelsi	@Arcadi42
@esportpelsi	@camero_morales
@esportpelsi	@CATexit61
@esportpelsi	@Inachis_9
@esportpelsi	@lalimolist
@esportpelsi	@mariallado
@esportpelsi	@pitudedeu
@esportpelsi	@Pucurull
@esportpelsi	@roncerdos
@esportpelsi	@ssfreixas
@esportpelsi	@Titosalou
@espurnaajib	@assembleesjoves
@espurnaajib	@geri20021
@espurnaajib	@sepc_badalona
@Esquitx17	@asiandafrica
@Esquitx17	@bonamossa
@Esquitx17	@caboixo
@Esquitx17	@cdm1950
@Esquitx17	@cgc787
@Esquitx17	@Dom70Bcn
@Esquitx17	@DUIJudith
@Esquitx17	@MartaSerres
@Esquitx17	@pancracieta
@Esquitx17	@pedrogarciaflo3
@Esquitx17	@perolillos
@Esquitx17	@rpratc
@EstherPonsa	@pepsabater
@euroeuropa	@abellot10
@euroeuropa	@HMProy
@euroeuropa	@JosepCanals222
@euroeuropa	@NaKk3L
@euroeuropa	@Nest_indy
@EUROLANG	@BluesPossessed
@EUROLANG	@der_bluthund
@EUROLANG	@tomoda65
@evaclauso	@adriasolanes
@evaclauso	@AngelaC15337322
@evaclauso	@annaalbasim
@evaclauso	@arbvacuumpacked
@evaclauso	@betcasamit
@evaclauso	@calolmo
@evaclauso	@camelpo
@evaclauso	@charli_soler
@evaclauso	@CollectiuEmma
@evaclauso	@davidindebcn
@evaclauso	@delsseixanta
@evaclauso	@eloibotey
@evaclauso	@EmiliBella_
@evaclauso	@estermartia
@evaclauso	@estevemm
@evaclauso	@eudaldixit
@evaclauso	@GarrellMarc
@evaclauso	@GeriMariMas
@evaclauso	@giripower
@evaclauso	@huguet_gabriel
@evaclauso	@J_SanchezHuerta
@evaclauso	@jmv_cat
@evaclauso	@JosepGallardo16
@evaclauso	@JoSerrallonga
@evaclauso	@Ll_Mateo
@evaclauso	@Llusa19
@evaclauso	@Madammeli
@evaclauso	@margacrous
@evaclauso	@mferra69
@evaclauso	@MFGmartaMFG
@evaclauso	@Millavepater
@evaclauso	@miqueldepalol
@evaclauso	@miquelrdgz
@evaclauso	@mm_purroy
@evaclauso	@MPerarna
@evaclauso	@NALBAROMA
@evaclauso	@paubenitezd
@evaclauso	@pepsbdbcn
@evaclauso	@piula06
@evaclauso	@rabiatifuscoler
@evaclauso	@RudiAntunes
@evaclauso	@TereBiB
@evaclauso	@UstrellRoig
@evaclauso	@XixiroJbg
@evaclauso	@XVRGF1970
@evallory	@Carlangues
@evallory	@FundacioBofill
@eyeclipse	@cervera_jess
@fatima13llc	@monfort_xavier
@FenixNegre	@AlbertMaj
@FenixNegre	@montserumbau
@ferrer_marc	@ANC_Bombers
@ferrer_marc	@BoschTere
@ferrer_marc	@CaputxetaIndy
@ferrer_marc	@ferranrmdeusbcn
@ferrer_marc	@halepues
@ferrer_marc	@josepmaguirre
@ferrer_marc	@pelutdelbori
@ferrer_marc	@rbordoy
@ferrer_marc	@roserota
@ferrer_marc	@sole_robert
@ferrer_marc	@xavisanzribera
@forrocalf	@DavidAnton2010
@Fortelena	@trirrem
@Francesc_Coll	@mcdolcet
@francescferrerf	@IgnasiGrosAuber
@FreeCat201x	@ToniAlonso3777
@freepiolin_	@jliftweet
@Fustegueres	@eduardvarorn
@fvilav	@dgoicoechea
@gabiferrador	@AbelPeraire
@gabiferrador	@BroggiElisa
@gabiferrador	@JBorralle
@gallinavasca	@AnaisNi
@gallinavasca	@ngarde67
@gallinavasca	@txerren
@gemmadedalt	@AugustoNazzar
@Gemmarex	@xavisentinella
@gemquim	@AgustidelDiego
@gemquim	@AixImma
@gemquim	@AnaAgp_1967
@gemquim	@BernadFelip
@gemquim	@BhrmmJoaquim
@gemquim	@CaminsJ
@gemquim	@cdm1950
@gemquim	@Esquitx17
@gemquim	@EvamolloNov
@gemquim	@ferranrmdeusbcn
@gemquim	@Gay_Luss4c
@gemquim	@JOSEPGELABERT
@gemquim	@kikucule
@gemquim	@Lluis_Casanovas
@gemquim	@Molt05
@gemquim	@montsegolSiSi
@gemquim	@pambtomaquet14
@gemquim	@pancracieta
@gemquim	@PepValderrama
@gemquim	@RSUAREZ4
@gerardsese	@Esteve67575199
@gerardsese	@olgasallent1
@Guera1X	@Ehyrt
@guillembagaria	@joanfontgarcia
@HelleKettner	@CharlieFox1714
@herna_guille	@isulanabianchi
@HiriBizia	@Loren81046635
@HiriBizia	@OscarCat1976
@HiriBizia	@txinton
@HoladeValls	@latxell
@holaemdiccarles	@elGamarus
@Honor_Leyenda	@Albryante
@Honor_Leyenda	@calboloco22
@Honor_Leyenda	@el_josith
@Honor_Leyenda	@isragl95
@HortaArran	@xquerriera
@I_CSC	@TaulaColombia
@ideiazabaldu	@Libe_RV
@ideiazabaldu	@robotaburuan1
@ignasi_castcar	@isulanabianchi
@ignasi_castcar	@Nil_AG1
@ignasi_castcar	@rosa_msust
@ignasicabre	@joanramos75
@ignasicabre	@Koldo_
@ignasicabre	@monicavilahu
@ignasicabre	@ris1965
@IgorMeltxor	@arnaucr1
@IgorMeltxor	@bilduman90
@IgorMeltxor	@davidpich
@IgorMeltxor	@El_Raskita
@IgorMeltxor	@IgorMeltxor
@IgorMeltxor	@matalaz
@IgorMeltxor	@mobiplayer
@IgorMeltxor	@tenak
@illa_pirata	@AGR_Network
@IndepenRadio	@_Rosamary_
@IndepenRadio	@ANCPalautordera
@IndepenRadio	@dferred
@IndepenRadio	@eduardhv77
@IndepenRadio	@EnricOlivaAlsin
@IndepenRadio	@etorremorell
@IndepenRadio	@roserblasco
@IndepenRadio	@tohr1963
@indepesCCOO	@toniartero
@Informacio_1O	@andreu_monzo
@irodon	@ericfcktm
@ironmarc	@capgros4
@irribarrez	@MilaBrabo
@isaacperaire	@Gloriaborrall
@iveeeeeetii	@HumaDidac
@IvnGimnez	@ELAsindikatua
@IvnGimnez	@falonsopascual
@IvnGimnez	@jituino
@IvnGimnez	@martingerz_
@IzquierdaRevol	@antikora83
@IzquierdaRevol	@EzkIraultzailea
@IzquierdaRevol	@SEMalaga
@IzquierdaRevol	@SEUCM
@IzquierdaRevol	@SindicaEstudian
@IzquierdaRevol	@SouthernSP
@JanSession	@elisenda2010
@JanSession	@Oriol_Corral
@japping_bcn	@Govipu
@jarvis_this	@jsoler63
@Jaume_JVT	@teterebarcelona
@jbaylina	@antonimarber
@JBorralle	@blanbu_josep
@JBorralle	@EnxanetaMVP
@JBorralle	@Gata_i330
@jcc_cat	@ismansiete
@jcuixart	@Admo_independe
@jcuixart	@agnes_sola
@jcuixart	@Albert_44062
@jcuixart	@albertpons3
@jcuixart	@alex_carrasco_
@jcuixart	@am_hueto
@jcuixart	@aniolsaiz
@jcuixart	@Annapg10
@jcuixart	@AnniaBosch
@jcuixart	@arasiquetoca
@jcuixart	@bertasosa91
@jcuixart	@Butinyo
@jcuixart	@capipota
@jcuixart	@Carol52325272
@jcuixart	@Casanovas1994
@jcuixart	@cchetrit
@jcuixart	@CintaVerge
@jcuixart	@coach_en_viu
@jcuixart	@CobetEnric
@jcuixart	@DolsR
@jcuixart	@ElXaviRaventos
@jcuixart	@EnfinFermin
@jcuixart	@Esther_Cat3005
@jcuixart	@francesca160
@jcuixart	@FredigVba
@jcuixart	@gasolbcn
@jcuixart	@GassiotMerce
@jcuixart	@GenisSinca
@jcuixart	@Gloriaplanas
@jcuixart	@goldsmith_21
@jcuixart	@Guatlleta
@jcuixart	@i_castells
@jcuixart	@IrmamilaM
@jcuixart	@japbcn
@jcuixart	@jaumeramonsole
@jcuixart	@jbrichsg
@jcuixart	@JessySnake
@jcuixart	@JOAN_SACASAS
@jcuixart	@joanagabarrof
@jcuixart	@JoanBay
@jcuixart	@joansalav
@jcuixart	@jordi_rouge
@jcuixart	@JosepRamonBadia
@jcuixart	@jvila31
@jcuixart	@kinbota
@jcuixart	@lloretmontse
@jcuixart	@Lluisdanes
@jcuixart	@MarcMonserrate
@jcuixart	@mariacarmeboix
@jcuixart	@Mariadfuertes
@jcuixart	@Marsal95
@jcuixart	@Mi_guim
@jcuixart	@molonetti
@jcuixart	@Mont3serrat
@jcuixart	@MOQ2112
@jcuixart	@NaturaMaresme
@jcuixart	@NuriaEste
@jcuixart	@omnium
@jcuixart	@OmniumEbre
@jcuixart	@partitocraciaNO
@jcuixart	@pellourzelai
@jcuixart	@PepPayo
@jcuixart	@PereCRieraLnE
@jcuixart	@pferrerm
@jcuixart	@Ribas78
@jcuixart	@roccopertiga
@jcuixart	@rogervilanova
@jcuixart	@rosa_msust
@jcuixart	@RouraMon
@jcuixart	@sack_am
@jcuixart	@serra_merce
@jcuixart	@Silviavm74
@jcuixart	@sinasdv
@jcuixart	@SiNoEtVaBePorta
@jcuixart	@socjsn
@jcuixart	@SoriGran
@jcuixart	@srcometa
@jcuixart	@SusanaGimenezPa
@jcuixart	@tallarinamarina
@jcuixart	@tfigueroa
@jcuixart	@tore51
@jcuixart	@vikkills
@jcuixart	@vmestres
@jcuixart	@XeniaPardo
@jcuixart	@xevivic
@jcuixart	@xtina_acedo
@jcuixart	@ziarra64
@JERCReus	@esquerracamp
@JERCReus	@nllaurado
@JERCReus	@OriolCamprubi
@JERCReus	@oscarsubirats
@JERCReus	@VirgniaMartnez2
@JERCReus	@xatin16
@Jisegura78	@jofrefc
@jmedinaalsina	@AriadnaLlorens
@jmlopezzafra	@_liberales
@jmlopezzafra	@violeta_harper
@JMRebes	@ramonroyo
@jmterricabras	@0Seuba
@jmterricabras	@123Alarco
@jmterricabras	@1970Marta
@jmterricabras	@25mmoreno
@jmterricabras	@67_josep
@jmterricabras	@abarberalluis
@jmterricabras	@AdellFerran
@jmterricabras	@AdriaRabassa
@jmterricabras	@AEsquirol
@jmterricabras	@AgustidelDiego
@jmterricabras	@ainanvb
@jmterricabras	@Aitor_Kabories
@jmterricabras	@AlbaAssumpta
@jmterricabras	@AlbaPunt
@jmterricabras	@AlbertTestart
@jmterricabras	@alescu72
@jmterricabras	@AlexGuitart
@jmterricabras	@Algarsal65
@jmterricabras	@ampordanes
@jmterricabras	@AndreuCortada
@jmterricabras	@antoni_font
@jmterricabras	@antonisoleicull
@jmterricabras	@Arcadi42
@jmterricabras	@ateixidom
@jmterricabras	@atFrancesc
@jmterricabras	@AugustoNazzar
@jmterricabras	@avs2000
@jmterricabras	@Azema47Ferran
@jmterricabras	@barra1700
@jmterricabras	@BegueSonia
@jmterricabras	@Bernat_
@jmterricabras	@BertaFaro1
@jmterricabras	@Blanchis79
@jmterricabras	@BolduGrau
@jmterricabras	@C_TTME
@jmterricabras	@caelumtangi
@jmterricabras	@cafedescafeinat
@jmterricabras	@cantorGalifarde
@jmterricabras	@carmen_uviedo
@jmterricabras	@carmerosanas
@jmterricabras	@CarreteroMarta
@jmterricabras	@Catalan_Dragon
@jmterricabras	@catalanensis
@jmterricabras	@cativilalta
@jmterricabras	@cchetrit
@jmterricabras	@celesvillaverde
@jmterricabras	@CescCesclopez
@jmterricabras	@Chus_67
@jmterricabras	@clarabalsells
@jmterricabras	@ComiNicol
@jmterricabras	@contreras_vila
@jmterricabras	@cr_rakel
@jmterricabras	@CurantaDavid
@jmterricabras	@DavFolch
@jmterricabras	@DavidTorrentsPu
@jmterricabras	@deiviit89
@jmterricabras	@Dionis7vetes
@jmterricabras	@dolorsroo
@jmterricabras	@DolsR
@jmterricabras	@duduipa
@jmterricabras	@dvcabrera
@jmterricabras	@EAngues
@jmterricabras	@ebartomeu
@jmterricabras	@ecarasusan
@jmterricabras	@edgarpima
@jmterricabras	@edugb70
@jmterricabras	@Elisabe23256248
@jmterricabras	@elisabetflsf
@jmterricabras	@EnfinFermin
@jmterricabras	@EscalLid
@jmterricabras	@Esquerra_ERC
@jmterricabras	@EsterSantacana
@jmterricabras	@Esther_Cat3005
@jmterricabras	@EvaBoschR
@jmterricabras	@extrizquierdo
@jmterricabras	@FancyAppleMac
@jmterricabras	@fargasjoan
@jmterricabras	@filiberttt
@jmterricabras	@fina_forpu
@jmterricabras	@FranchMontse
@jmterricabras	@FromItaca
@jmterricabras	@GadorCamps
@jmterricabras	@garrigos_robert
@jmterricabras	@gcasasguell
@jmterricabras	@GdDDissenyadors
@jmterricabras	@gema
@jmterricabras	@Gemmaborch
@jmterricabras	@GerardLleida
@jmterricabras	@gibert_bernat
@jmterricabras	@GracJordi
@jmterricabras	@Guanyarem2017
@jmterricabras	@guillemsot
@jmterricabras	@Gusbet
@jmterricabras	@HannahJudith61
@jmterricabras	@helenaencinas
@jmterricabras	@himerce
@jmterricabras	@Hosapelvent
@jmterricabras	@ignasi_rodolf
@jmterricabras	@IiLliure
@jmterricabras	@ImmaMoragas
@jmterricabras	@InakiLlopart
@jmterricabras	@isa_roor
@jmterricabras	@Isamunt
@jmterricabras	@jafeliu
@jmterricabras	@jaumepoto
@jmterricabras	@jaumesanfeliu1
@jmterricabras	@jbrichsg
@jmterricabras	@Jcamprup
@jmterricabras	@jmaltayo
@jmterricabras	@jmcaballero58
@jmterricabras	@joan_olivares
@jmterricabras	@JoanaRoR
@jmterricabras	@JoanPages7
@jmterricabras	@jorditarradas
@jmterricabras	@JorgeVa97565495
@jmterricabras	@Josep_Guerrero
@jmterricabras	@josepaals
@jmterricabras	@JosepCanals222
@jmterricabras	@josepmmar
@jmterricabras	@JRNogueraVilalt
@jmterricabras	@juanedla
@jmterricabras	@jucollvi
@jmterricabras	@juliacl60
@jmterricabras	@KaiRasmusen
@jmterricabras	@konx78
@jmterricabras	@laia_marimon
@jmterricabras	@LaiaCasasayas
@jmterricabras	@LlatseEmili
@jmterricabras	@llaurado_se
@jmterricabras	@Llcia2
@jmterricabras	@llJoramll
@jmterricabras	@LluisMarco1
@jmterricabras	@LluisSabates
@jmterricabras	@Lo_Descurat
@jmterricabras	@Lord_Maramu
@jmterricabras	@LordCaptainLol
@jmterricabras	@Losona77
@jmterricabras	@loste_m
@jmterricabras	@lothlertu
@jmterricabras	@magdalaveca
@jmterricabras	@MaiteAmigo4
@jmterricabras	@MalbaFS
@jmterricabras	@MarcEspill
@jmterricabras	@MarcFaNa
@jmterricabras	@marcindanet
@jmterricabras	@margarit1959
@jmterricabras	@MaribelCatala
@jmterricabras	@marina_arbat
@jmterricabras	@Marta_Valldaura
@jmterricabras	@martahmiras
@jmterricabras	@mclaramunt
@jmterricabras	@merce_solsona
@jmterricabras	@mercevilarmau
@jmterricabras	@meritxellbenedi
@jmterricabras	@meteomasnou
@jmterricabras	@milfulls
@jmterricabras	@MininoOscuro
@jmterricabras	@MiqTweet
@jmterricabras	@miqueldelroyo
@jmterricabras	@MIQUELLARA
@jmterricabras	@MiquelRoman
@jmterricabras	@MLiceranNieto
@jmterricabras	@MonclausFerrer
@jmterricabras	@MontenegroPep
@jmterricabras	@MontseLM163
@jmterricabras	@montsepdm
@jmterricabras	@MontseRom73
@jmterricabras	@montserratfj
@jmterricabras	@MONTSERRATMAOS1
@jmterricabras	@montserratsaga1
@jmterricabras	@montserroco
@jmterricabras	@msala12
@jmterricabras	@MTaunus
@jmterricabras	@mut2802
@jmterricabras	@NachoRodAm64
@jmterricabras	@nellyfe33318061
@jmterricabras	@neusponseti
@jmterricabras	@nirobles
@jmterricabras	@No_Tinc_Por
@jmterricabras	@noeliamaca7
@jmterricabras	@norbert93vt
@jmterricabras	@nur_fermont
@jmterricabras	@Nuria_G_M
@jmterricabras	@NURIGOJU
@jmterricabras	@nyonyi9
@jmterricabras	@olgacoviella
@jmterricabras	@OniKCM
@jmterricabras	@pauformon
@jmterricabras	@PedroJPJGM
@jmterricabras	@PereCRieraLnE
@jmterricabras	@Peret72118101
@jmterricabras	@PibernatJoan
@jmterricabras	@PilarinRodri
@jmterricabras	@pitipucetas
@jmterricabras	@poliramon
@jmterricabras	@PolVancells
@jmterricabras	@popgrillat
@jmterricabras	@Pyrall
@jmterricabras	@rcanalst
@jmterricabras	@RebeketaPelFred
@jmterricabras	@RGombau
@jmterricabras	@RitaPratC
@jmterricabras	@rjuvany
@jmterricabras	@roge_bcn
@jmterricabras	@rosa_msust
@jmterricabras	@RoserCerd
@jmterricabras	@roseroseh
@jmterricabras	@RubenLMF
@jmterricabras	@SalaBonet
@jmterricabras	@SaraPujolras
@jmterricabras	@sau_enric
@jmterricabras	@SegimonRovira
@jmterricabras	@shendeluth
@jmterricabras	@sinzapati
@jmterricabras	@SrFl0ppy
@jmterricabras	@Tanllor2
@jmterricabras	@TesaCasalsBosom
@jmterricabras	@ToniGuevara
@jmterricabras	@tonirh1
@jmterricabras	@trodejuliol
@jmterricabras	@txemita1968
@jmterricabras	@vicenslozano
@jmterricabras	@victorfalguera
@jmterricabras	@vilar_antoni
@jmterricabras	@villafranca1952
@jmterricabras	@vmestres
@jmterricabras	@waiser28
@jmterricabras	@Winona1610
@jmterricabras	@WorldTravellerr
@jmterricabras	@Xavier179179
@jmterricabras	@xaviolivella
@jmterricabras	@xaviprint
@jmterricabras	@XeniaBusse
@jmterricabras	@Xevifisio
@jmterricabras	@xsierrav
@jmterricabras	@xtorresmaso
@jmterricabras	@XVila72
@JNCatalunya	@45c32378c34f499
@JNCatalunya	@amirabal10
@JNCatalunya	@FSarda14
@JNCatalunya	@GerardAnglerill
@JNCatalunya	@JNC_VOriental
@JNCatalunya	@JNCBCN
@JNCatalunya	@JNCCiutatVella
@JNCatalunya	@JNCEEISA
@JNCatalunya	@JNCSantAndreu
@JNCatalunya	@jncupf
@JNCatalunya	@josep__torrent
@JNCatalunya	@PolPrez
@JNCatalunya	@Puigdu
@JNCatalunya	@sack_am
@JNCatalunya	@Sr_Bernadi
@joakimVivas	@1ncognito__
@joakimVivas	@Mme_de_Boo
@joanarinoibarz	@_corbo
@JoanBGS	@paumon98
@joandausa	@montseDJ
@joanmariapique	@_Catalunya_
@joanmariapique	@_Dyos
@joanmariapique	@_jo_do
@joanmariapique	@_jordipahisa
@joanmariapique	@_MiquelL_
@joanmariapique	@_xarlse
@joanmariapique	@07_977
@joanmariapique	@15jba
@joanmariapique	@1714Drac1714
@joanmariapique	@1Oct_
@joanmariapique	@434didi
@joanmariapique	@7eduvilla
@joanmariapique	@86Gaete
@joanmariapique	@8Peke
@joanmariapique	@AbelPeraire
@joanmariapique	@AdriaCanellas
@joanmariapique	@agallartp
@joanmariapique	@agomezbarot
@joanmariapique	@AguantaMacgyver
@joanmariapique	@AgusilvinSilvia
@joanmariapique	@AgustiBartra92
@joanmariapique	@AgustiCapdevila
@joanmariapique	@AGUSTITENLLADO
@joanmariapique	@AidaPN4
@joanmariapique	@ainabarrio
@joanmariapique	@airmosso
@joanmariapique	@airunalvarez
@joanmariapique	@ajanerfa1
@joanmariapique	@AkerAkerra
@joanmariapique	@alaixendri
@joanmariapique	@alaronina
@joanmariapique	@AlbaILLA
@joanmariapique	@albarocaplans
@joanmariapique	@Albert_44062
@joanmariapique	@Albert_Llorca
@joanmariapique	@albert_p_xaus
@joanmariapique	@Albert37391692
@joanmariapique	@AlbertBague
@joanmariapique	@albertbrias
@joanmariapique	@albertbrosa
@joanmariapique	@AlbertdeSantBoi
@joanmariapique	@alberthundr
@joanmariapique	@Albertodelvalle
@joanmariapique	@AlbertRey72
@joanmariapique	@aleixrv
@joanmariapique	@alenkhat
@joanmariapique	@AlfonsooMG
@joanmariapique	@AlfonsoSampCerv
@joanmariapique	@AlfredCat2014
@joanmariapique	@Alicia75017500
@joanmariapique	@aliciamolinas60
@joanmariapique	@alohapepsi
@joanmariapique	@ALPINE_JOAN
@joanmariapique	@AlsinaCompany
@joanmariapique	@amps62
@joanmariapique	@an_gelonch
@joanmariapique	@anacb113
@joanmariapique	@anaraljaan
@joanmariapique	@ANC_SFxI
@joanmariapique	@ANCCiutatVella
@joanmariapique	@ANCLleidaSegria
@joanmariapique	@Andrescr54
@joanmariapique	@andreu_gonzalez
@joanmariapique	@AndreuArxer
@joanmariapique	@andreurius
@joanmariapique	@angelplanas
@joanmariapique	@angels_pallas
@joanmariapique	@AngelsOliva
@joanmariapique	@angelsrtrias1
@joanmariapique	@angiecarabassa
@joanmariapique	@annaartigas
@joanmariapique	@AnnaAznar
@joanmariapique	@annacage
@joanmariapique	@annacerdanya
@joanmariapique	@annadelanuza
@joanmariapique	@annamariasastre
@joanmariapique	@annap3
@joanmariapique	@Anthias700
@joanmariapique	@antoinevr5
@joanmariapique	@AntoniCorrales
@joanmariapique	@Antonio_H_D
@joanmariapique	@Antonitorrasrai
@joanmariapique	@apangelats
@joanmariapique	@apsabogadolabor
@joanmariapique	@aquiara_david
@joanmariapique	@Arcadi75
@joanmariapique	@AriadnaVerniol
@joanmariapique	@ArmandBeli
@joanmariapique	@Arnau_BA
@joanmariapique	@arnauaragay
@joanmariapique	@ArnauBaques
@joanmariapique	@arnaubvendrell
@joanmariapique	@arnaucabeza
@joanmariapique	@ArnauRicart
@joanmariapique	@ArtalSort
@joanmariapique	@arturolle
@joanmariapique	@aruper
@joanmariapique	@asalarovira
@joanmariapique	@asansag
@joanmariapique	@asiermarruedo
@joanmariapique	@AssembleaEExI
@joanmariapique	@atilin1976
@joanmariapique	@atjazz08
@joanmariapique	@aurorafaus
@joanmariapique	@babilon25
@joanmariapique	@badivol
@joanmariapique	@Badnews77
@joanmariapique	@Barbaenremojo
@joanmariapique	@BasaganaJoan
@joanmariapique	@BastaixDeCorda
@joanmariapique	@BCN_Scouser
@joanmariapique	@beleneila13
@joanmariapique	@BeltrDomingo
@joanmariapique	@Benat_Oiarzabal
@joanmariapique	@Bernat_GR
@joanmariapique	@bernatds
@joanmariapique	@bertuvila
@joanmariapique	@betumf
@joanmariapique	@BICHILLOVERDE
@joanmariapique	@biel_ferrer
@joanmariapique	@BielSegui
@joanmariapique	@bilduman90
@joanmariapique	@BioMaresme
@joanmariapique	@bip_jaume
@joanmariapique	@blaugranamarti
@joanmariapique	@Blaumar0
@joanmariapique	@BlayCondo
@joanmariapique	@BMaristany
@joanmariapique	@BorchSans
@joanmariapique	@borja_eh
@joanmariapique	@BornToRun8
@joanmariapique	@BotaJordi
@joanmariapique	@bou_ricard
@joanmariapique	@bsolerg
@joanmariapique	@Buitragu
@joanmariapique	@c_consol
@joanmariapique	@cabos_j
@joanmariapique	@CalvoVerges
@joanmariapique	@CanalAjuntament
@joanmariapique	@capdeski
@joanmariapique	@carlesalles
@joanmariapique	@Carlesborges
@joanmariapique	@carlesmotas
@joanmariapique	@carloosalba
@joanmariapique	@carme662
@joanmariapique	@CarmePampido
@joanmariapique	@CarnerEduard
@joanmariapique	@CASTREXO1
@joanmariapique	@CatalanSimon
@joanmariapique	@Catalonia1640
@joanmariapique	@Catspinne
@joanmariapique	@Catxavie9n
@joanmariapique	@Cesc_Catala
@joanmariapique	@cfoment
@joanmariapique	@CharlesSampons
@joanmariapique	@CheeseGiovertti
@joanmariapique	@chenda40
@joanmariapique	@chicodechicle
@joanmariapique	@Chikeeen199
@joanmariapique	@chuan49
@joanmariapique	@CintoEnfurismat
@joanmariapique	@ClaraPedrals
@joanmariapique	@ClrcusEdge
@joanmariapique	@ClunaJosep
@joanmariapique	@coachingsaxofon
@joanmariapique	@CollsDavid
@joanmariapique	@ComasCulubre
@joanmariapique	@ComellasRamon
@joanmariapique	@ConcreteDonkeyy
@joanmariapique	@contreras_vila
@joanmariapique	@CoralReixach
@joanmariapique	@cracksona9
@joanmariapique	@CROcultura1
@joanmariapique	@CROMOSTIMES
@joanmariapique	@CUPTorre
@joanmariapique	@D353u
@joanmariapique	@daemlo2002
@joanmariapique	@damontanya
@joanmariapique	@Dan_i7
@joanmariapique	@Daniel09Gimenez
@joanmariapique	@Danijustimas
@joanmariapique	@danimarticom
@joanmariapique	@danivalverdeb
@joanmariapique	@DasmannCR
@joanmariapique	@DavidFe35426605
@joanmariapique	@davidhrius
@joanmariapique	@Davidmistral1
@joanmariapique	@davidpich
@joanmariapique	@Davids_GAMER_YT
@joanmariapique	@davidsaez97
@joanmariapique	@ddnogue
@joanmariapique	@dferred
@joanmariapique	@didacjo
@joanmariapique	@djover72
@joanmariapique	@dnicatala
@joanmariapique	@Doctlivingstone
@joanmariapique	@dolors_cp
@joanmariapique	@dolorsesteveco
@joanmariapique	@DolorsNun
@joanmariapique	@Domenecgf
@joanmariapique	@doncarioco
@joanmariapique	@dtorres_86
@joanmariapique	@DUI_n_hi_do
@joanmariapique	@e_lores
@joanmariapique	@ECV_cat
@joanmariapique	@EduardFarinyes
@joanmariapique	@eduardpuchi
@joanmariapique	@eferbel
@joanmariapique	@eladar76
@joanmariapique	@ELCA69
@joanmariapique	@elcaprat
@joanmariapique	@eliainabiel
@joanmariapique	@elies_carles
@joanmariapique	@ElionordUrgell
@joanmariapique	@ElisendaDe
@joanmariapique	@ElMonigoteRajoy
@joanmariapique	@Eloi242
@joanmariapique	@ElSenyorRamon
@joanmariapique	@ElTitoLewis
@joanmariapique	@elxavisole
@joanmariapique	@EmiliGuillamon
@joanmariapique	@emkoselim
@joanmariapique	@emlegaz
@joanmariapique	@EMMAFERRAN1
@joanmariapique	@EmPiuCat
@joanmariapique	@enabesa
@joanmariapique	@Enfocant
@joanmariapique	@EngBlanco
@joanmariapique	@ENRICBOYERPUIG
@joanmariapique	@enricendurance
@joanmariapique	@EnricHeras
@joanmariapique	@enricllb
@joanmariapique	@EPalomer
@joanmariapique	@EricDonadeu
@joanmariapique	@ernestcabre
@joanmariapique	@erolesferran
@joanmariapique	@esalas188
@joanmariapique	@esjuel
@joanmariapique	@EspeArres
@joanmariapique	@ESslvado
@joanmariapique	@estassaverders
@joanmariapique	@estebanbender
@joanmariapique	@esteldealba1
@joanmariapique	@ESTERARNAUS21
@joanmariapique	@esteve_folch
@joanmariapique	@Esther_Gasol
@joanmariapique	@Esther27092015
@joanmariapique	@estratosferic
@joanmariapique	@etm290873
@joanmariapique	@Eudald4
@joanmariapique	@eudaldsellares
@joanmariapique	@EugeniMas
@joanmariapique	@eva_llonch
@joanmariapique	@evilardagav
@joanmariapique	@f_Cassandra
@joanmariapique	@Felip_Doco
@joanmariapique	@felix1pineiro
@joanmariapique	@ferran801
@joanmariapique	@FerranCeCa
@joanmariapique	@FerranGinebrosa
@joanmariapique	@FerranMontero
@joanmariapique	@ferranpalau1
@joanmariapique	@FerranRodes
@joanmariapique	@ferranvfr
@joanmariapique	@FFontanals
@joanmariapique	@finaiglesias
@joanmariapique	@fnieto114
@joanmariapique	@fortuny_marti
@joanmariapique	@francescm15
@joanmariapique	@Francescsv
@joanmariapique	@frankiebbdj
@joanmariapique	@franzzypop
@joanmariapique	@FredericRoig
@joanmariapique	@fredipisuke
@joanmariapique	@Freedomfigtherr
@joanmariapique	@fsecoli
@joanmariapique	@funkyalex77
@joanmariapique	@fxavipla
@joanmariapique	@G_SRRT
@joanmariapique	@GallegoPuig
@joanmariapique	@galleterff_2
@joanmariapique	@GariGaraialde
@joanmariapique	@GarrellMarc
@joanmariapique	@GarroTejero
@joanmariapique	@gat_estelat
@joanmariapique	@GavinaFreixa
@joanmariapique	@Gay_Luss4c
@joanmariapique	@gbarniolc
@joanmariapique	@GBrandemburgo
@joanmariapique	@GelpiGomez
@joanmariapique	@gemmapla
@joanmariapique	@georgina_pou
@joanmariapique	@GerardCuadras
@joanmariapique	@GerardCunill
@joanmariapique	@gerardehierro
@joanmariapique	@GerardEncuentra
@joanmariapique	@gertrudisroig
@joanmariapique	@GilComaMasana
@joanmariapique	@GironesX
@joanmariapique	@gironi100
@joanmariapique	@Givermangiv
@joanmariapique	@gorribeltz
@joanmariapique	@got_sanchez
@joanmariapique	@GriseldaPostigo
@joanmariapique	@grovirafreixa
@joanmariapique	@gserral
@joanmariapique	@Guillem_Matute
@joanmariapique	@GuillemSalvado
@joanmariapique	@guixapr
@joanmariapique	@Gus_Dui
@joanmariapique	@gustaucastells
@joanmariapique	@gynan22
@joanmariapique	@GZuazola
@joanmariapique	@HansPeterT
@joanmariapique	@hectorrubioBCN
@joanmariapique	@HeeernyGF
@joanmariapique	@helena_vima
@joanmariapique	@HERMESECHEVERR2
@joanmariapique	@Hermo46572739
@joanmariapique	@HindKhaila
@joanmariapique	@HosogayaManel
@joanmariapique	@hotm_anna26mar
@joanmariapique	@IcarNinS
@joanmariapique	@iessuacatot
@joanmariapique	@IGBerga
@joanmariapique	@IgnacioMBB
@joanmariapique	@ignasdelgrannas
@joanmariapique	@ignasi4169
@joanmariapique	@ignasiarnaus
@joanmariapique	@ignasitort
@joanmariapique	@igormaresme
@joanmariapique	@IgorPuig
@joanmariapique	@immabebo
@joanmariapique	@immavives
@joanmariapique	@inakilabella
@joanmariapique	@IndiaBlau
@joanmariapique	@Ingrid26010509
@joanmariapique	@IronFerrus
@joanmariapique	@isabelberga
@joanmariapique	@Isidre83070678
@joanmariapique	@istharCaT
@joanmariapique	@isulanabianchi
@joanmariapique	@ITARRS
@joanmariapique	@ItziarGarca1
@joanmariapique	@J_Lordan
@joanmariapique	@jacintct
@joanmariapique	@JandroRoMu
@joanmariapique	@jara_toni
@joanmariapique	@jaume1949
@joanmariapique	@jaume1954
@joanmariapique	@jaumearcos
@joanmariapique	@jaumemedinae
@joanmariapique	@jaumeoliva_
@joanmariapique	@jaumet_cdu
@joanmariapique	@Javierdevillas1
@joanmariapique	@javitomassanch1
@joanmariapique	@jbarrullbadia
@joanmariapique	@jbparquitectura
@joanmariapique	@je_ybarra
@joanmariapique	@jepedrocchi
@joanmariapique	@Jesus83075610
@joanmariapique	@JesusAgudo_
@joanmariapique	@jgasau
@joanmariapique	@JIMacia
@joanmariapique	@jjescribe
@joanmariapique	@jm_solivellas
@joanmariapique	@jmagan81
@joanmariapique	@jmatorres
@joanmariapique	@jmbullichsj
@joanmariapique	@jmflorestra
@joanmariapique	@JNCSantAndreu
@joanmariapique	@joan_besa
@joanmariapique	@Joan_S_Vila
@joanmariapique	@Joanabisbal
@joanmariapique	@JoanBoladeras
@joanmariapique	@joanbtwit
@joanmariapique	@joancollet1
@joanmariapique	@joancomaz
@joanmariapique	@joane_7
@joanmariapique	@joangs
@joanmariapique	@joanidrach
@joanmariapique	@joanmarsal5
@joanmariapique	@JoanOliu
@joanmariapique	@JoanPages7
@joanmariapique	@joanravi
@joanmariapique	@joanrfols
@joanmariapique	@JoanRutes
@joanmariapique	@joansempere
@joanmariapique	@JoanStivie
@joanmariapique	@Joaquim14327315
@joanmariapique	@joarvi79
@joanmariapique	@jocape75
@joanmariapique	@JoelPS33
@joanmariapique	@JoIanta
@joanmariapique	@jonathanargu
@joanmariapique	@jordam77
@joanmariapique	@jordi_cardus
@joanmariapique	@Jordi_Galderic
@joanmariapique	@jordi_masachs
@joanmariapique	@Jordi_S91
@joanmariapique	@jordi_salvia
@joanmariapique	@jordi63p
@joanmariapique	@Jordi7455
@joanmariapique	@jordialfabrega
@joanmariapique	@JordiDiaz7
@joanmariapique	@jordifandi77
@joanmariapique	@JordiGibertP
@joanmariapique	@jordiguilleumes
@joanmariapique	@JordiMonros
@joanmariapique	@JordiOliva
@joanmariapique	@jordiperez5768
@joanmariapique	@jordiprenafeta
@joanmariapique	@jordirabionet
@joanmariapique	@JordiRengel
@joanmariapique	@JordiSalaCosp
@joanmariapique	@jordisb99
@joanmariapique	@JordiTaronja
@joanmariapique	@jorditarradas
@joanmariapique	@joreyesce
@joanmariapique	@JorgeMoralesGar
@joanmariapique	@jose73vng
@joanmariapique	@josep_freixas
@joanmariapique	@Josep_Pijoan
@joanmariapique	@josep_salvado
@joanmariapique	@josepbartroli
@joanmariapique	@joseperoles
@joanmariapique	@josepmfarre
@joanmariapique	@josepmgg
@joanmariapique	@JosepRamonCB
@joanmariapique	@josepvidala
@joanmariapique	@jovesxindy
@joanmariapique	@jparetas
@joanmariapique	@jpellicer
@joanmariapique	@jpereta
@joanmariapique	@jrdprdprm
@joanmariapique	@jroch_musico
@joanmariapique	@jrosell2000
@joanmariapique	@Jsala5
@joanmariapique	@jspribas
@joanmariapique	@JudithSerradell
@joanmariapique	@JuditPuig
@joanmariapique	@juhcor
@joanmariapique	@jukim1714
@joanmariapique	@jvilach
@joanmariapique	@jxf01
@joanmariapique	@kakosaez
@joanmariapique	@kankushiro
@joanmariapique	@kataklock
@joanmariapique	@KawasakiManZ750
@joanmariapique	@KebNuit
@joanmariapique	@ketarosa
@joanmariapique	@kitoxs
@joanmariapique	@krmeta12
@joanmariapique	@Krostens
@joanmariapique	@ks7000
@joanmariapique	@la_marcella
@joanmariapique	@lady_himawari
@joanmariapique	@laia_luque
@joanmariapique	@laia_puig
@joanmariapique	@laialuz
@joanmariapique	@LaiaZaragoza
@joanmariapique	@Lainavil
@joanmariapique	@laliwhite_
@joanmariapique	@lamerelama
@joanmariapique	@laura__moyano
@joanmariapique	@LauraPuig11
@joanmariapique	@laziopunk
@joanmariapique	@LCabreraBosquet
@joanmariapique	@lcanalsb
@joanmariapique	@lectorinformat
@joanmariapique	@leo_avanti
@joanmariapique	@LescortsSantsSI
@joanmariapique	@lickiwicki
@joanmariapique	@LIRORIALLER
@joanmariapique	@lluballu
@joanmariapique	@lluis_colas
@joanmariapique	@Lluis_Sole
@joanmariapique	@LluisBorrell87
@joanmariapique	@lluisdecalapona
@joanmariapique	@LluisDeMar
@joanmariapique	@lluismarley
@joanmariapique	@lluisvives24
@joanmariapique	@loCarranquer
@joanmariapique	@Loidape
@joanmariapique	@Lomaikel93
@joanmariapique	@LoRavenant
@joanmariapique	@lucasmessi1232
@joanmariapique	@LuisCentelles
@joanmariapique	@LuisJaRuiz13
@joanmariapique	@lyropeia
@joanmariapique	@M_BrokenLeg
@joanmariapique	@m_isabelsuarez
@joanmariapique	@m_llombart
@joanmariapique	@maarcmusii
@joanmariapique	@macflu
@joanmariapique	@mafios18
@joanmariapique	@MagiBadia
@joanmariapique	@MaiteRepulicana
@joanmariapique	@majetesi1
@joanmariapique	@malgastarte
@joanmariapique	@mallafre
@joanmariapique	@ManAguiLo
@joanmariapique	@Manez9
@joanmariapique	@MANLLEU79
@joanmariapique	@Mar2neta
@joanmariapique	@Marc_Aparicio
@joanmariapique	@Marc31Morales
@joanmariapique	@MarceloKlein_d
@joanmariapique	@Marcelsayol
@joanmariapique	@MarcJaraGimeno
@joanmariapique	@MarcMuntada82
@joanmariapique	@MarcosLielisks
@joanmariapique	@MarcP1979
@joanmariapique	@MarcSabu
@joanmariapique	@MarcVinya
@joanmariapique	@margapayola
@joanmariapique	@MargaritJoan
@joanmariapique	@margemi1
@joanmariapique	@maria_parellada
@joanmariapique	@mariabarrivell
@joanmariapique	@marialuisafamad
@joanmariapique	@marian1bcn
@joanmariapique	@MariaVilaseca8
@joanmariapique	@marietta_bf
@joanmariapique	@marlonrico
@joanmariapique	@martadalmau23
@joanmariapique	@martakolle
@joanmariapique	@Martandresrouge
@joanmariapique	@MasNatmas
@joanmariapique	@mcanosan
@joanmariapique	@MCarmenSol1
@joanmariapique	@Mcpey9E
@joanmariapique	@Meik111
@joanmariapique	@MercCarbonell1
@joanmariapique	@MerceEscudero
@joanmariapique	@mercegost
@joanmariapique	@merialriial
@joanmariapique	@meritxellroig7
@joanmariapique	@mgbam77
@joanmariapique	@mgenover
@joanmariapique	@MIJARATE
@joanmariapique	@mikigarcia99
@joanmariapique	@Mikymorph
@joanmariapique	@MiqTweet
@joanmariapique	@miquel_fel
@joanmariapique	@Miquelesquinas
@joanmariapique	@MiqueletFusell
@joanmariapique	@miquelpb
@joanmariapique	@MiquelPeri
@joanmariapique	@mj3773jm
@joanmariapique	@mkltolosa
@joanmariapique	@mlavizell
@joanmariapique	@mllop73
@joanmariapique	@mlluisvall
@joanmariapique	@MMPassarim
@joanmariapique	@mmvidald
@joanmariapique	@MngelsMontserra
@joanmariapique	@MnicaGinesBlasi
@joanmariapique	@Molia2010
@joanmariapique	@MoliMolinag
@joanmariapique	@monpuigmal
@joanmariapique	@montse099
@joanmariapique	@Montser82887492
@joanmariapique	@monttsem
@joanmariapique	@morcatfx
@joanmariapique	@MoreraNria
@joanmariapique	@Mpanyella
@joanmariapique	@msantd
@joanmariapique	@MultiroleR
@joanmariapique	@MVedruna
@joanmariapique	@mynameg3rard
@joanmariapique	@NagoreM99
@joanmariapique	@nakkimusic
@joanmariapique	@negrorevolution
@joanmariapique	@NES16677
@joanmariapique	@nessacabre
@joanmariapique	@Nest_indy
@joanmariapique	@NeusPM1
@joanmariapique	@NextbitFan
@joanmariapique	@NEXTDXCCCAT
@joanmariapique	@nhm135_batlle
@joanmariapique	@NinaQueral
@joanmariapique	@NJosepm
@joanmariapique	@NLlongueres
@joanmariapique	@nmznuria
@joanmariapique	@noelliafcb
@joanmariapique	@NoEmFacisRiure
@joanmariapique	@noguerad
@joanmariapique	@Nogueravidal
@joanmariapique	@NoguesMJosep
@joanmariapique	@noidelnord
@joanmariapique	@NoletMarc
@joanmariapique	@noliverasguz
@joanmariapique	@Nona36858197
@joanmariapique	@noraelsamedina
@joanmariapique	@nplm88
@joanmariapique	@npventura
@joanmariapique	@NriaSala3
@joanmariapique	@NriaSala5
@joanmariapique	@nsolerp
@joanmariapique	@nulloca
@joanmariapique	@nuria_lorente
@joanmariapique	@NuriaAmatMarti1
@joanmariapique	@Nuriabonar
@joanmariapique	@NuriaCaAy
@joanmariapique	@nuriafura
@joanmariapique	@nuriavilardell7
@joanmariapique	@nuritanaca
@joanmariapique	@Oitoo09
@joanmariapique	@omatram
@joanmariapique	@OnaCedo1
@joanmariapique	@onoper
@joanmariapique	@oriolhost
@joanmariapique	@orozko_jordi
@joanmariapique	@oscar_sebastia
@joanmariapique	@OscarForra
@joanmariapique	@oskarang10
@joanmariapique	@OTornabell
@joanmariapique	@pablolacor
@joanmariapique	@ParejaManel
@joanmariapique	@PasconaMontsant
@joanmariapique	@PastiseriaVerdi
@joanmariapique	@patxap
@joanmariapique	@PatxiBengoa
@joanmariapique	@PauBCN17
@joanmariapique	@pcolomers
@joanmariapique	@pconservative9
@joanmariapique	@Pebrotsverds
@joanmariapique	@pedrin_cat
@joanmariapique	@Pedro_AlonsoEPC
@joanmariapique	@pedrogarciaflo3
@joanmariapique	@pefenes
@joanmariapique	@peiretis
@joanmariapique	@peminsu
@joanmariapique	@penya1992
@joanmariapique	@pep_cabrera
@joanmariapique	@pepegotera65
@joanmariapique	@pepito_grill
@joanmariapique	@pepmaki
@joanmariapique	@peptorra10
@joanmariapique	@Pepvernet
@joanmariapique	@perecascares72
@joanmariapique	@PereFerrer
@joanmariapique	@pereg64
@joanmariapique	@PereKlvet
@joanmariapique	@peremora71
@joanmariapique	@PerezBeatrix
@joanmariapique	@perro_pulgoso
@joanmariapique	@Petita00616241
@joanmariapique	@picapostes
@joanmariapique	@picotgarser81
@joanmariapique	@Picual78
@joanmariapique	@PilarGmezmarti2
@joanmariapique	@pinedin13
@joanmariapique	@Pinyaki
@joanmariapique	@pinyuner
@joanmariapique	@Pirata_cat
@joanmariapique	@piratajonkar
@joanmariapique	@piula06
@joanmariapique	@placebodelbo
@joanmariapique	@pmorales95
@joanmariapique	@Pokoyocat2
@joanmariapique	@polbatapag
@joanmariapique	@PonsCort67
@joanmariapique	@portapruna
@joanmariapique	@postillonfcb
@joanmariapique	@PotvicPotau
@joanmariapique	@psicofarmacosno
@joanmariapique	@pumba12306
@joanmariapique	@putopaqui
@joanmariapique	@qtorras
@joanmariapique	@Quimoh
@joanmariapique	@quimxap
@joanmariapique	@radgezito
@joanmariapique	@Rafapardos
@joanmariapique	@RamonaSole
@joanmariapique	@RamonLlop
@joanmariapique	@ramonrocaribo
@joanmariapique	@ramonroyo
@joanmariapique	@ramontorresarus
@joanmariapique	@raparici
@joanmariapique	@RatRau
@joanmariapique	@rattruk
@joanmariapique	@RaulLopezSoria
@joanmariapique	@rduarri
@joanmariapique	@RebekaUbera
@joanmariapique	@refuse2forget64
@joanmariapique	@Repicatruges1
@joanmariapique	@republicano_71
@joanmariapique	@rfernandezjou
@joanmariapique	@ricard1899
@joanmariapique	@ricardwan
@joanmariapique	@rickicampos77
@joanmariapique	@Ritchiecat
@joanmariapique	@RMDEYMINN
@joanmariapique	@roccopertiga
@joanmariapique	@Rockuis
@joanmariapique	@rodolfmoret
@joanmariapique	@roetner
@joanmariapique	@roger_marin
@joanmariapique	@RogerBaiges82
@joanmariapique	@RogerMetalBiker
@joanmariapique	@RojasBusque
@joanmariapique	@roman_carmelo
@joanmariapique	@Roquer_i_Sala
@joanmariapique	@Rosa00459601
@joanmariapique	@rosapique
@joanmariapique	@rosayue
@joanmariapique	@ROSER1963
@joanmariapique	@RoserCirera
@joanmariapique	@roserdegirona
@joanmariapique	@roserlopartt
@joanmariapique	@RoserTeixido
@joanmariapique	@rosertornes
@joanmariapique	@rossendcortes
@joanmariapique	@RossettiHoraci
@joanmariapique	@rsegural
@joanmariapique	@RTapiasCors
@joanmariapique	@Rubs1714
@joanmariapique	@RuizRaposo
@joanmariapique	@RuloGP
@joanmariapique	@ruthbros85
@joanmariapique	@s_contijoch
@joanmariapique	@saavedra_BBLL
@joanmariapique	@saboira
@joanmariapique	@sacamoko
@joanmariapique	@Salva_Baro
@joanmariapique	@salva1122
@joanmariapique	@salvabarbus
@joanmariapique	@salvaikon
@joanmariapique	@SalvatXavi
@joanmariapique	@Sandrabrik
@joanmariapique	@SandraNuri72
@joanmariapique	@SanouCatasus
@joanmariapique	@SantiValls4
@joanmariapique	@SantPatras
@joanmariapique	@sapuvila
@joanmariapique	@seguianoll
@joanmariapique	@senyorfort
@joanmariapique	@Sergi__Santos
@joanmariapique	@Sergi_Herrada
@joanmariapique	@sergimd1
@joanmariapique	@serginock
@joanmariapique	@Sergipemu_88
@joanmariapique	@SergiSarri
@joanmariapique	@sergisas3
@joanmariapique	@sergiset
@joanmariapique	@serra_merce
@joanmariapique	@shinnoshanno
@joanmariapique	@sianskiy
@joanmariapique	@sidegate91
@joanmariapique	@SilviaPlanas3
@joanmariapique	@simonbokanegra
@joanmariapique	@sisepuede_o_no
@joanmariapique	@sklla1
@joanmariapique	@snoopo71
@joanmariapique	@socladianna
@joanmariapique	@SolerMarcal
@joanmariapique	@SolidaritatBCN
@joanmariapique	@soniafajula
@joanmariapique	@Sorgine47
@joanmariapique	@sotsproject
@joanmariapique	@Stargalabcn
@joanmariapique	@storiol
@joanmariapique	@sunyeta
@joanmariapique	@Susanna8138
@joanmariapique	@sweet_sbbk
@joanmariapique	@t_ransdani
@joanmariapique	@tamaragaliza
@joanmariapique	@Tania77795278
@joanmariapique	@taronjacat
@joanmariapique	@tarracopinio
@joanmariapique	@tejotaol
@joanmariapique	@teresa_artigas
@joanmariapique	@teresapratsll
@joanmariapique	@terrassenc
@joanmariapique	@TerritoriLliure
@joanmariapique	@TheRedStrato
@joanmariapique	@tinet52
@joanmariapique	@tio_punti
@joanmariapique	@TMagrinya
@joanmariapique	@TomSinde
@joanmariapique	@Toni_Mosene
@joanmariapique	@toni16mc
@joanmariapique	@tonialba
@joanmariapique	@toniamp1
@joanmariapique	@ToniCots
@joanmariapique	@ToniGCamps
@joanmariapique	@ToniTorrentt
@joanmariapique	@toniwingcid
@joanmariapique	@Tony_Orcha
@joanmariapique	@torratxa
@joanmariapique	@TotDeSabadell
@joanmariapique	@tramunt_anna
@joanmariapique	@trubint
@joanmariapique	@tsanchezol
@joanmariapique	@TSivatte
@joanmariapique	@TuraTF
@joanmariapique	@twimabel
@joanmariapique	@ubarrutia
@joanmariapique	@UGambini
@joanmariapique	@ugaoaskatu
@joanmariapique	@Uilifoc2014
@joanmariapique	@UniversoSinsom
@joanmariapique	@unmespelsi
@joanmariapique	@Uzulo
@joanmariapique	@ValgusHallux
@joanmariapique	@vconill
@joanmariapique	@vega_vila
@joanmariapique	@Velasco_04
@joanmariapique	@vicenssala
@joanmariapique	@VicentShepherd
@joanmariapique	@Vichuente
@joanmariapique	@vicrorMC
@joanmariapique	@Victor_Almirall
@joanmariapique	@VilamajoCarles
@joanmariapique	@vilaprision
@joanmariapique	@VilasecaMe
@joanmariapique	@VilchesFrancesc
@joanmariapique	@villimunoz
@joanmariapique	@waka1z
@joanmariapique	@xamman
@joanmariapique	@xanari_bcn
@joanmariapique	@Xanxi69Juan
@joanmariapique	@xarrupet
@joanmariapique	@XaviArum
@joanmariapique	@xavicht
@joanmariapique	@XaviConejos
@joanmariapique	@Xavierbjc
@joanmariapique	@xavierborras_
@joanmariapique	@xaviercatal
@joanmariapique	@XavierClmr
@joanmariapique	@XavierCPA
@joanmariapique	@xavierdomingo71
@joanmariapique	@XaviGuillorme
@joanmariapique	@xavilunya
@joanmariapique	@xavimassachs
@joanmariapique	@XaviN18
@joanmariapique	@xavirg1974
@joanmariapique	@xbataller
@joanmariapique	@XeniaPardo
@joanmariapique	@xevigv
@joanmariapique	@xevijo
@joanmariapique	@xfunzza
@joanmariapique	@Xiscu_61
@joanmariapique	@XpTotxo
@joanmariapique	@YagoPons
@joanmariapique	@Yolanda53410548
@joanmariapique	@YORYO25MD
@joanmariapique	@ZanartuCarlos
@joanmariapique	@zanata63
@joanmariapique	@zarrizarri
@joanmariapique	@ziarra64
@joanqueralto	@AbbayePuig
@joanqueralto	@adell_rios_edit
@joanqueralto	@albertAEPDA
@joanqueralto	@AlbertRey72
@joanqueralto	@alrega79
@joanqueralto	@anaoromilluch
@joanqueralto	@Aniuska
@joanqueralto	@antoniferrer48
@joanqueralto	@aquiara_david
@joanqueralto	@Atharel
@joanqueralto	@barcaboca10
@joanqueralto	@BhrmmJoaquim
@joanqueralto	@BioMaresme
@joanqueralto	@BoteyTamara
@joanqueralto	@CADCI
@joanqueralto	@Catalonia1640
@joanqueralto	@cbonaventura
@joanqueralto	@cerillopillo
@joanqueralto	@ClaraMerc
@joanqueralto	@ClarCatala
@joanqueralto	@ConxitaBou
@joanqueralto	@crisvilaplana
@joanqueralto	@DavidTorrentsPu
@joanqueralto	@Davidvivesc
@joanqueralto	@diumengevotarem
@joanqueralto	@DolorsNun
@joanqueralto	@ecarasusan
@joanqueralto	@ef90a7f96e624bd
@joanqueralto	@francesc112233
@joanqueralto	@frankysolev
@joanqueralto	@freakydeserie
@joanqueralto	@gelodroxtria
@joanqueralto	@haviam
@joanqueralto	@Iris57534726B
@joanqueralto	@jalmacellas
@joanqueralto	@jmvergesprat
@joanqueralto	@JordiMestres
@joanqueralto	@JosepCanals222
@joanqueralto	@JosepRuaix
@joanqueralto	@JudithFontcat
@joanqueralto	@juliangrau
@joanqueralto	@justolaverdad
@joanqueralto	@kinbota
@joanqueralto	@Laiesken
@joanqueralto	@lamarta
@joanqueralto	@M_Aseret
@joanqueralto	@maitema1973
@joanqueralto	@MAR_T_AUTET
@joanqueralto	@Mara6111
@joanqueralto	@MarcZenTime
@joanqueralto	@MariaJOrozco1
@joanqueralto	@marialuisafamad
@joanqueralto	@maricruzperealo
@joanqueralto	@MartaSerres
@joanqueralto	@Massana_Colet
@joanqueralto	@merce_castellvi
@joanqueralto	@mgustosycolores
@joanqueralto	@MLluisaBarrera
@joanqueralto	@montsemarsan
@joanqueralto	@MONTSERRATMAOS1
@joanqueralto	@mvperis75
@joanqueralto	@neoklau
@joanqueralto	@Nest_indy
@joanqueralto	@NuriARibas
@joanqueralto	@Paperenblanc
@joanqueralto	@Pelenhawer
@joanqueralto	@peo365
@joanqueralto	@pep_cruanyes
@joanqueralto	@PepPayo
@joanqueralto	@photomiquelruiz
@joanqueralto	@Poliol
@joanqueralto	@raalmiro
@joanqueralto	@RabalMaite
@joanqueralto	@Ralph_Sabadell
@joanqueralto	@ranspenstinski
@joanqueralto	@resteve3
@joanqueralto	@rosa_msust
@joanqueralto	@RTapiasCors
@joanqueralto	@Saavedra05G
@joanqueralto	@salvad_m
@joanqueralto	@SantiGoogle
@joanqueralto	@sargantania
@joanqueralto	@Sc4Fortuna
@joanqueralto	@serginock
@joanqueralto	@sotivinitero
@joanqueralto	@SRemola
@joanqueralto	@Ssuneb
@joanqueralto	@storiol
@joanqueralto	@tomoda65
@joanqueralto	@txaliocat
@joanqueralto	@ubagoparados
@joanqueralto	@unelement
@joanqueralto	@zanata63
@joansempere	@ignasip2005
@joansempere	@latorradora
@JoanteleSUR	@Adelita49455610
@JoanteleSUR	@Albaaliq1
@JoanteleSUR	@Antonnic1
@JoanteleSUR	@Chelhu
@JoanteleSUR	@ConexiontlSUR
@JoanteleSUR	@DeboraVentancor
@JoanteleSUR	@edisonburbanoCM
@JoanteleSUR	@Ensendero
@JoanteleSUR	@FrankSpecial
@JoanteleSUR	@GrupDeuteLH
@JoanteleSUR	@indignindigente
@JoanteleSUR	@Insistir
@JoanteleSUR	@lexotania63
@JoanteleSUR	@moracarmo50
@JoanteleSUR	@oscarlm98
@JoanteleSUR	@ralvarezdj
@JoanteleSUR	@ramrovert
@JoanteleSUR	@teleSURtv
@JoanteleSUR	@TomasPesquera
@JoanteleSUR	@Wirataka16
@jordialmolda	@jaumesol
@jordibusi4	@jorse65
@Jordicentellesr	@BernatRicard
@Jordicentellesr	@gemquim
@jordicuminal	@carmen_uviedo
@JordiFortuny	@0Seuba
@JordiFortuny	@anaoromi
@JordiFortuny	@mireia_albiol
@JordiFortuny	@MovEsqCONSTANTI
@JordiFortuny	@MovEsquerres
@JordiFortuny	@oriolcalvet
@JordiFortuny	@terelprieto
@JordiMontalbo	@naoj77
@JordiSeguer	@bordas82
@JordiSeguer	@ERCParets
@JordiSeguer	@terratremolo
@JordiVito	@PobleLliure_Mar
@jordixavila	@xevifguell
@Josep_Trigo	@jmvinyes
@Josep_Trigo	@joancarbonellm
@Josep_Trigo	@JordiFraxedas
@Josep_Trigo	@xduran_e
@josepbobe	@hectorbobe97
@josepgoded	@pedrogarciaflo3
@JosepMMontaner	@gloriagp76
@JosepMMontaner	@GR170llobregos
@JosepMMontaner	@NataliaBonjoc
@JosepMMontaner	@xavi_sunyer
@JosepRufa	@Anton_Salvat
@JosepRufa	@JordiFortuny
@josepuntcat	@carmen_fotos
@josepuntcat	@DanilsaNv
@josepuntcat	@Emili_DG
@josepuntcat	@freed4Catalonia
@josepuntcat	@jcm_jcm2011
@josepuntcat	@Kquim23
@josepuntcat	@lacasademitia
@josepuntcat	@Meldolca
@josepuntcat	@MiquelEsquius
@josepuntcat	@PereLligonya
@josepuntcat	@photomiquelruiz
@josepuntcat	@Tarratwit
@josepuntcat	@toni9buceta
@josepuntcat	@Vivancos_Sarda
@jovenmaori	@lupinthebost
@JovesValls	@Muxerrilla
@juanbcnibz	@jliftweet
@judrocab	@partitocraciaNO
@JulianAssange	@__CarmenLopez
@JulianAssange	@1ncognito__
@JulianAssange	@1xarnego
@JulianAssange	@CatalanRobot
@JulianAssange	@clemente_al
@JulianAssange	@Jordijpardo
@JulianAssange	@jr_llover
@JulianAssange	@jvelascoerro
@JulianAssange	@lozanoigorrr
@JulianAssange	@marcfarre55
@JulianAssange	@muxaineta
@JulianAssange	@oscarlm98
@JulianAssange	@torrajordi
@JulianAssange	@XixiroJbg
@JuliaTreig	@Natx_Lopez
@jurgddb	@jurgddb
@jvfaig	@baiasca
@jvfaig	@davidtrepat
@jvfaig	@isaacperaire
@jvfaig	@Javi_Quique_OK
@jvfaig	@jordinoveno
@jvfaig	@mireiacsdmt
@jvfaig	@NoEmFacisRiure
@jvfaig	@sergiisolaa
@jvfaig	@unisxrepublica
@jvfaig	@WarriorPinzas
@kapdwells	@CesarStrawberry
@kataklock	@oskarh71
@kataklock	@SamuelLealG
@kattegat_	@scott___75
@kavisvaski	@AlsinaCompany
@kgaseni	@Esnerof
@kim_soler	@8rosaespinosa
@kim_soler	@alpicatina41
@kim_soler	@alxndrebb
@kim_soler	@anaraljaan
@kim_soler	@Anna300976
@kim_soler	@arrieros_somos
@kim_soler	@asiandafrica
@kim_soler	@BenSitges
@kim_soler	@bertafcb
@kim_soler	@calabuchi
@kim_soler	@carbonetti2
@kim_soler	@cchetrit
@kim_soler	@cerclecatalahis
@kim_soler	@cgc787
@kim_soler	@Clio_deries
@kim_soler	@David_Corral_
@kim_soler	@dnicatala
@kim_soler	@EduGuitart
@kim_soler	@estelada58
@kim_soler	@f2008friends
@kim_soler	@ficcion2011
@kim_soler	@isulanabianchi
@kim_soler	@japbcn
@kim_soler	@JGG_E
@kim_soler	@joanramon1
@kim_soler	@joegrn23
@kim_soler	@Josep_Vicent_vb
@kim_soler	@JosepArnau
@kim_soler	@josepmendez78
@kim_soler	@jpinart
@kim_soler	@martamonfort13
@kim_soler	@maxilladelloret
@kim_soler	@MAxiuxiueig
@kim_soler	@MesLlest
@kim_soler	@Mikymorph
@kim_soler	@mjusticial
@kim_soler	@Molt05
@kim_soler	@monicasuchgmai1
@kim_soler	@Mytruth75
@kim_soler	@pain_spain
@kim_soler	@PalouPatrick
@kim_soler	@planetaminu
@kim_soler	@Poliol
@kim_soler	@QuimGranen
@kim_soler	@RexachLzaro
@kim_soler	@RosaSorribes
@kim_soler	@sargantania
@kim_soler	@Schweickart
@kim_soler	@selvata10
@kim_soler	@STudela
@kim_soler	@Tosudament
@kim_soler	@villafranca1952
@kim_soler	@VSCvicsix
@kim_soler	@WinOlivAres
@knilodelatorra	@elisenda_ribera
@knilodelatorra	@JoanBach
@knilodelatorra	@tonet76
@la__doll	@allioli_cat
@lacasadelcopy	@gironamola
@lacasadelcopy	@joaquimbohigas
@laespadamocles	@balyboy72
@laespadamocles	@catipinar
@laespadamocles	@ManuelGuallar
@laespadamocles	@MohaAlami99
@laespadamocles	@quiroseleven
@laespadamocles	@rogerfjg
@laespadamocles	@S2Marga
@laespadamocles	@SergioZyre
@laespadamocles	@xbabyhoney
@LaHaineInfo	@BhrmmJoaquim
@LaHaineInfo	@bilduman90
@LaHaineInfo	@Castro4De
@LaHaineInfo	@ElMagoMarcos
@LaHaineInfo	@hidalgomonica
@LaHaineInfo	@MerParg
@LaHaineInfo	@NoMesXoris
@LaHaineInfo	@osec
@LaHaineInfo	@pancartera
@LaHaineInfo	@PauFarinetes
@LaHaineInfo	@petitcupsi
@LaHaineInfo	@SandokRN
@LaHaineInfo	@XaviAngelergues
@laiafagesp	@5ergim
@laiafagesp	@giuliaojeda
@laiafagesp	@Jaumefages
@laiafagesp	@joanms314
@laiafagesp	@nuuria_ms
@Laksmizz	@2005sjusi
@Laksmizz	@45c32378c34f499
@Laksmizz	@9jrib9
@Laksmizz	@a9de8b44494d436
@Laksmizz	@ABalagu
@Laksmizz	@asunbdnhotmail1
@Laksmizz	@atopeuri
@Laksmizz	@avilagrann
@Laksmizz	@BroggiElisa
@Laksmizz	@Casanovas1994
@Laksmizz	@Cat_i_Gos
@Laksmizz	@cataladelsud
@Laksmizz	@catalanyquepasa
@Laksmizz	@cchetrit
@Laksmizz	@ComellasRamon
@Laksmizz	@Damolinaza
@Laksmizz	@DFPValls
@Laksmizz	@DUISISI
@Laksmizz	@ester_alias
@Laksmizz	@f2008friends
@Laksmizz	@GranerJosep
@Laksmizz	@guifre2053
@Laksmizz	@huguet_gabriel
@Laksmizz	@IntoMari
@Laksmizz	@Jabbastation
@Laksmizz	@japbcn
@Laksmizz	@joanki77
@Laksmizz	@joaquinluquep
@Laksmizz	@jorrdirrobert
@Laksmizz	@josepuntcat
@Laksmizz	@juliacl60
@Laksmizz	@Kellliure
@Laksmizz	@maatkare66
@Laksmizz	@Mara6111
@Laksmizz	@MAxiuxiueig
@Laksmizz	@mgustosycolores
@Laksmizz	@moncapsa
@Laksmizz	@NaKk3L
@Laksmizz	@oscarmenazapata
@Laksmizz	@retraka
@Laksmizz	@rosa_msust
@Laksmizz	@terrassenc
@Laksmizz	@vidalmerino_
@Laksmizz	@XixiroJbg
@LandaJauna	@AhotsaInfo
@LandaJauna	@alainjefe77
@LandaJauna	@CGT_UPC
@LandaJauna	@euskalduna9
@LandaJauna	@Euskalherriaske
@LandaJauna	@HeluaBilbo
@LandaJauna	@ideiazabaldu
@LandaJauna	@IgorMeltxor
@LandaJauna	@joangesti
@LandaJauna	@jonabasque
@LandaJauna	@jovenmaori
@LandaJauna	@LandaJauna
@LandaJauna	@Loren81046635
@LandaJauna	@pancartera
@LandaJauna	@pernandobarrena
@LandaJauna	@piratajonkar
@LaraToroLienas	@cristinalosant1
@lau97l	@SilviaArgudo
@lau97l	@txescu
@lauraaranv	@crackdel2012
@laurapinyol	@bertaguillemot
@laurapinyol	@gorinna
@Laurarenas66	@_corbo
@Laurarenas66	@Anapandora098
@Laurarenas66	@benoitmortier1
@Laurarenas66	@big_taff
@Laurarenas66	@capdevilajoan
@Laurarenas66	@dnicatala
@Laurarenas66	@ERC_Caldes
@Laurarenas66	@Ictineo
@Laurarenas66	@JaumeManyoses
@Laurarenas66	@JMiquelVarea
@Laurarenas66	@JoanMayolGibert
@Laurarenas66	@JofrePilos
@Laurarenas66	@jordanesku10
@Laurarenas66	@jorditermes14
@Laurarenas66	@JordiTorres78
@Laurarenas66	@LauraIriberri
@Laurarenas66	@lluisoliveras
@Laurarenas66	@mikiadrover
@Laurarenas66	@morbcn
@Laurarenas66	@NPeix
@Laurarenas66	@OlgaPalahi
@Laurarenas66	@PatrickVedel
@Laurarenas66	@Poliol
@Laurarenas66	@rosa_msust
@Laurarenas66	@RosaSorribes
@Laurarenas66	@Roser_Angrill
@Laurarenas66	@sebasmaji
@Laurarenas66	@serginock
@Laurarenas66	@vervebcn
@LaXungaCPS	@amorfus
@LaXungaCPS	@marcpjsr
@LaXungaCPS	@Rocco_969
@lciuro	@TotDeSabadell
@leina_espaijove	@BelAritz
@leina_espaijove	@I_CSC
@leina_espaijove	@marcfaustino
@leina_espaijove	@victori70006640
@LFImagina	@escanueladrums
@librosconalma	@ManuelConsuegr5
@Linaguasca	@MeteoRibes
@Linaguasca	@vinolasbcn
@linarestc	@osanfrancesc
@linuxnow	@catvolvotar
@linuxnow	@x_xeixa
@lionelpla	@9jrib9
@lionelpla	@AgenteEstatal
@lionelpla	@espaispelsomnis
@lionelpla	@GNogareda
@lionelpla	@JMLluis
@lionelpla	@jordigomezm
@lionelpla	@locisko
@lionelpla	@montzapa
@lionelpla	@NereidaGV
@lionelpla	@RamonAytes
@lionelpla	@TXANTS
@LittleWing17	@losingmyhead
@Llibertatcat	@AAixurach
@Llibertatcat	@CapitHaddock1
@Llibertatcat	@francesc130
@Llibertatcat	@Guera1X
@Llibertatcat	@JoanRubioBarris
@Llibertatcat	@Juanal_47
@Llibertatcat	@margaritafontr
@Llibertatcat	@miquelflorit
@Llibertatcat	@PacoLopez1453
@Llibertatcat	@parpelles
@Llibertatcat	@PauFarinetes
@Llibertatcat	@titusmontcada61
@llturro	@952b55bdb0b944d
@llturro	@pjrb68
@Lluis_Casanovas	@cataladelsud
@Lluis_Casanovas	@FortMagda
@Lluis_Casanovas	@Wittgenstein_jm
@llumenera	@BioMaresme
@llumenera	@Gazofilaci
@llumenera	@jaumesol
@llumenera	@matilmartinez
@llumenera	@RamonaSole
@llumenera	@romanidemata
@Losona77	@Albert_El_Gran
@Lukk____	@awesonne
@macia68	@andreu_gonzalez
@macia68	@cchetrit
@magdacas	@elregueret
@magdacas	@jaumeramonsole
@magdacas	@MESesquerresCdT
@magdacas	@MovEsquerres
@magdacas	@peregarcia63
@magdacas	@periferic
@magdacas	@sotoarmengol
@magiverd	@elisenda2010
@manel1978	@eliamcavac
@manelcom	@anamariaobando3
@manipulacions	@TeresaGine
@marcffcat	@AugustoNazzar
@MarcGijon	@AngelsCampa
@marclafont	@q_vila
@marcpjsr	@ANC_Vic
@marctoro4	@AAixurach
@marctoro4	@andreumerino
@marctoro4	@annaccod
@marctoro4	@CADCI
@marctoro4	@carlesgonzalezf
@marctoro4	@elipradell
@marctoro4	@eNKapm
@marctoro4	@esthermiras
@marctoro4	@GerPons
@marctoro4	@ideal__
@marctoro4	@Ijimiii
@marctoro4	@IsabelCamprodon
@marctoro4	@itsmisscrawford
@marctoro4	@jausaferr
@marctoro4	@joancguerrero
@marctoro4	@joanjauset72
@marctoro4	@joanserrat
@marctoro4	@JosepAlonso67
@marctoro4	@LaraToroLienas
@marctoro4	@leirefig
@marctoro4	@llunavermella
@marctoro4	@nosequin
@marctoro4	@papadria
@marctoro4	@Paraules
@marctoro4	@pausantandreu
@marctoro4	@PilarRaja
@marctoro4	@pinxokike
@marctoro4	@rcantons
@marctoro4	@Rogerbuch
@marctoro4	@Winona1610
@marctoro4	@XaviAngelergues
@marctoro4	@xaviercapicua
@marctoro4	@xbarbaster
@MarcVinya	@EPanisello94
@MarcVinya	@SergiRcde
@marealilalleida	@9jrib9
@marealilalleida	@claudiosnchez8
@marealilalleida	@CUPLleida
@marealilalleida	@Gemmacasal
@marealilalleida	@hmora85
@marealilalleida	@labaulalleida
@marealilalleida	@maaddig
@marealilalleida	@PAHLleida
@marealilalleida	@sanityfordie
@marealilalleida	@sepcUdL
@marealilalleida	@sisco_garcia
@MariaRoigAlsina	@__CarmenLopez
@MariaRoigAlsina	@Aurivis
@MariaRoigAlsina	@lcanalsb
@MariaRoigAlsina	@WarriorPinzas
@mariavila_3	@Croketadepernil
@mariavila_3	@neuscalafell
@MarietaVilanova	@llatelodije
@MariusMassalle	@MasNatmas
@MarsVNG	@lluis1893
@MarsVNG	@NoEmFacisRiure
@MartaSC_90	@NuriaSalva
@MartaSerres	@llunavermella
@MartaSerres	@Ojodepiojo
@martavima	@mirovira75
@marticres	@albertrafols
@marticres	@davroca5
@marticres	@MariaPoppins
@marticres	@smilingwithlou
@mateuparera	@Eduardguino
@mateuparera	@fora38
@mateuparera	@xaviburgas
@maximors63	@edumarblan
@merceB612	@xavihosta
@meritxellbenedi	@eBermejo
@meritxellbenedi	@la_poua
@meritxellroige	@AlfredoFerreF
@meritxellroige	@ANCTortosa
@meritxellroige	@DavidBenitoLL
@meritxellroige	@ef90a7f96e624bd
@meritxellroige	@enricsimo
@meritxellroige	@enricsimoferre
@meritxellroige	@Ferran_Bel
@meritxellroige	@JosepReyBonet
@meritxellroige	@jvallesdalmau68
@meritxellroige	@LidiaSauraB
@meritxellroige	@OscarOlogaray
@meritxellroige	@PDeCATTortosa
@messimarrec	@aenriquez85
@messimarrec	@aram_marti
@mfornells	@9jrib9
@mfornells	@AEsquirol
@mfornells	@amaiurmaya
@mfornells	@RecercaxI
@mfornells	@totiapm
@mfornells	@Xavier_Agusti
@MikelArreseigor	@alvarezswing
@MikelArreseigor	@bloodstone4444
@MikelArreseigor	@gerwrdpique
@MikelArreseigor	@MikelErreala
@MikelArreseigor	@piratajonkar
@MikelArreseigor	@quicome
@MikelArreseigor	@ra_boix
@MikelArreseigor	@ReReRebie
@MikelArreseigor	@segigutxo
@MiquelArgelich	@csolepa
@MiquelArgelich	@Josep_A_Marquez
@MiquelArgelich	@NataliaBonjoc
@MIQUELLARA	@_Dyos
@MIQUELLARA	@8NURIA
@MIQUELLARA	@Abelletaindepe
@MIQUELLARA	@Adelita49455610
@MIQUELLARA	@AForcades
@MIQUELLARA	@AgataBuxade
@MIQUELLARA	@Albertodelvalle
@MIQUELLARA	@AlbertYarza
@MIQUELLARA	@AlexMalagn
@MIQUELLARA	@AlomaSand
@MIQUELLARA	@anamartinezd
@MIQUELLARA	@andreaferreg
@MIQUELLARA	@AndreuPurroy
@MIQUELLARA	@andreurobuste
@MIQUELLARA	@angelramos1958
@MIQUELLARA	@angelsvj
@MIQUELLARA	@antonnaraio
@MIQUELLARA	@arandilla1
@MIQUELLARA	@arturolle
@MIQUELLARA	@AugustoNazzar
@MIQUELLARA	@barcaboca10
@MIQUELLARA	@BcnCatEu
@MIQUELLARA	@bertubmx
@MIQUELLARA	@boifuste
@MIQUELLARA	@bonamossa
@MIQUELLARA	@Buitragu
@MIQUELLARA	@canricart
@MIQUELLARA	@carlespamies
@MIQUELLARA	@carolinabalmes
@MIQUELLARA	@Cat72222
@MIQUELLARA	@catalaMaulet
@MIQUELLARA	@CATaronja
@MIQUELLARA	@cbonaventura
@MIQUELLARA	@cchetrit
@MIQUELLARA	@Ceba_maRdita
@MIQUELLARA	@chuti45
@MIQUELLARA	@Clio_deries
@MIQUELLARA	@ClivilleJordi
@MIQUELLARA	@CristinaVera_14
@MIQUELLARA	@danyvoit1
@MIQUELLARA	@dari_low
@MIQUELLARA	@DarkcVader
@MIQUELLARA	@desfocat
@MIQUELLARA	@Drap_Kira
@MIQUELLARA	@duduipa
@MIQUELLARA	@EduGuitart
@MIQUELLARA	@el3rull
@MIQUELLARA	@eldisop
@MIQUELLARA	@Eledertxiiu
@MIQUELLARA	@elenacardenosa
@MIQUELLARA	@elpanades
@MIQUELLARA	@EricBM_Corb
@MIQUELLARA	@Espera1000
@MIQUELLARA	@eugeniaferrer4
@MIQUELLARA	@eusebioetxarren
@MIQUELLARA	@eyembieros0000
@MIQUELLARA	@f_xevi
@MIQUELLARA	@GallaecianMist
@MIQUELLARA	@gandipi
@MIQUELLARA	@Gatosombra1
@MIQUELLARA	@ginoalvar
@MIQUELLARA	@graw_ge
@MIQUELLARA	@Guanyarem2017
@MIQUELLARA	@GuillemBelmar
@MIQUELLARA	@helteo73
@MIQUELLARA	@indignindigente
@MIQUELLARA	@ipassa3
@MIQUELLARA	@iyouwe007
@MIQUELLARA	@JGrassot
@MIQUELLARA	@JmspJo
@MIQUELLARA	@joairen
@MIQUELLARA	@joandafontc
@MIQUELLARA	@JoanJl
@MIQUELLARA	@JoanMayolGibert
@MIQUELLARA	@Jordi_Sidera
@MIQUELLARA	@Jordijpardo
@MIQUELLARA	@jorrdirrobert
@MIQUELLARA	@Josemoyjim
@MIQUELLARA	@Josep_Guerrero
@MIQUELLARA	@Josep103
@MIQUELLARA	@JosepLDomenech
@MIQUELLARA	@Jospala3
@MIQUELLARA	@jrdois
@MIQUELLARA	@JudithSerradell
@MIQUELLARA	@kakosaez
@MIQUELLARA	@kikucatkiku
@MIQUELLARA	@lagoodseny
@MIQUELLARA	@LauraGranadosW
@MIQUELLARA	@lloretmontse
@MIQUELLARA	@lluisredondo
@MIQUELLARA	@lola_creus
@MIQUELLARA	@lolimagaz
@MIQUELLARA	@losingmyhead
@MIQUELLARA	@lponse
@MIQUELLARA	@maitema1973
@MIQUELLARA	@maloooley
@MIQUELLARA	@mariabassab
@MIQUELLARA	@Mariadelaocon
@MIQUELLARA	@Marpalau
@MIQUELLARA	@marramiauuuuuu
@MIQUELLARA	@Merceserra80
@MIQUELLARA	@Merche24580653
@MIQUELLARA	@mike_jmg
@MIQUELLARA	@Miree_6
@MIQUELLARA	@missyrat4
@MIQUELLARA	@mmarti41
@MIQUELLARA	@MontserratMata1
@MIQUELLARA	@montserumbau
@MIQUELLARA	@montsitaO
@MIQUELLARA	@Mr9Nuria
@MIQUELLARA	@mujertpuntcat
@MIQUELLARA	@mvisapons
@MIQUELLARA	@nagusticasals
@MIQUELLARA	@Narcistubert
@MIQUELLARA	@naual15_
@MIQUELLARA	@NauChester
@MIQUELLARA	@Nest_indy
@MIQUELLARA	@ninucat
@MIQUELLARA	@niskas
@MIQUELLARA	@nuuriagarcia2
@MIQUELLARA	@nymph_moon
@MIQUELLARA	@ojocallejero
@MIQUELLARA	@OlorizJoan
@MIQUELLARA	@oscarlm98
@MIQUELLARA	@painkillerdila
@MIQUELLARA	@pancracieta
@MIQUELLARA	@PatriotaPopular
@MIQUELLARA	@PatxiBengoa
@MIQUELLARA	@pauimarta
@MIQUELLARA	@pausurfer
@MIQUELLARA	@pedrosgs69
@MIQUELLARA	@pepsabater
@MIQUELLARA	@PerezSaubi
@MIQUELLARA	@peruchita1950
@MIQUELLARA	@photomiquelruiz
@MIQUELLARA	@pmenamendoza
@MIQUELLARA	@Pucurull
@MIQUELLARA	@Quiquelosa
@MIQUELLARA	@reagrupamentpv
@MIQUELLARA	@rfernandezjou
@MIQUELLARA	@RocaLongares
@MIQUELLARA	@rosa_msust
@MIQUELLARA	@RosaSorribes
@MIQUELLARA	@rvilaret
@MIQUELLARA	@SalomeTaller
@MIQUELLARA	@sargantania
@MIQUELLARA	@sergiborraslope
@MIQUELLARA	@stellarg65
@MIQUELLARA	@supercatalunya
@MIQUELLARA	@tamaraperezdiaz
@MIQUELLARA	@ToniQuique
@MIQUELLARA	@totiapm
@MIQUELLARA	@Trescci
@MIQUELLARA	@trynyty009
@MIQUELLARA	@Valar_Aman
@MIQUELLARA	@VidalMoll
@MIQUELLARA	@vmestres
@MIQUELLARA	@walescabrera2
@MIQUELLARA	@weiss_vg
@MIQUELLARA	@wylli7
@MIQUELLARA	@XaioTro
@MIQUELLARA	@xaviercatal
@MIQUELLARA	@XeniaBusse
@MIQUELLARA	@xeniailaia
@MIQUELLARA	@xipijulia
@MIQUELLARA	@Xipress
@MIQUELLARA	@xisco37
@MIQUELLARA	@xmvilaltac
@MIQUELLARA	@yuzpep
@MIQUELLARA	@Zhaaz1
@MireFerran	@45c32378c34f499
@MireFerran	@ainanvb
@MireFerran	@albert_espelt
@MireFerran	@alexandrecamps
@MireFerran	@amwessisla
@MireFerran	@Angeleugeni
@MireFerran	@annadevesa
@MireFerran	@aqueront
@MireFerran	@Arnau_Estanyol2
@MireFerran	@BelGalera
@MireFerran	@berengueras
@MireFerran	@bernatjj
@MireFerran	@BilombaJFT
@MireFerran	@biribiroli
@MireFerran	@blanca98pb
@MireFerran	@c_consol
@MireFerran	@carlespamies
@MireFerran	@CollectiuEmma
@MireFerran	@dACEniel
@MireFerran	@DavictusCat
@MireFerran	@dolors_pujol
@MireFerran	@ebreah
@MireFerran	@elisabetroch
@MireFerran	@estermartia
@MireFerran	@EsterRubio2
@MireFerran	@fmargarit
@MireFerran	@fusteretpetit
@MireFerran	@GegeMM__
@MireFerran	@Georginarife
@MireFerran	@gerardb96
@MireFerran	@guelfa10
@MireFerran	@guifre2053
@MireFerran	@heitus
@MireFerran	@hpichaco
@MireFerran	@HumphreyDiuQue
@MireFerran	@IgnasiMayolas
@MireFerran	@ivannieto80
@MireFerran	@JaumeNorberto
@MireFerran	@Jcamprup
@MireFerran	@Jesus83075610
@MireFerran	@jllorensi
@MireFerran	@JoanMayolGibert
@MireFerran	@Jolavica
@MireFerran	@jolival65
@MireFerran	@jordi_cc
@MireFerran	@jordi_rouge
@MireFerran	@JordiUllan
@MireFerran	@JosepMariaDeop
@MireFerran	@jrosell2000
@MireFerran	@jsanmarge
@MireFerran	@jvila31
@MireFerran	@knur
@MireFerran	@La___Gertrudis
@MireFerran	@mapebo10
@MireFerran	@marian1bcn
@MireFerran	@MariaRuaix
@MireFerran	@mdolors
@MireFerran	@menjofetge
@MireFerran	@mescapsqbarrets
@MireFerran	@miqueldepalol
@MireFerran	@MiquelRoman
@MireFerran	@Montsebch
@MireFerran	@Moscamascojoner
@MireFerran	@mqlgalera
@MireFerran	@Ner98
@MireFerran	@NeusCunill
@MireFerran	@NINONA68
@MireFerran	@ninucat
@MireFerran	@Nur_Casas
@MireFerran	@perefolguera
@MireFerran	@perellonet
@MireFerran	@perenat
@MireFerran	@pilarcarracelas
@MireFerran	@raparici
@MireFerran	@rmfranquet
@MireFerran	@robert_ara
@MireFerran	@Roger_Riera
@MireFerran	@rvilaret
@MireFerran	@sandratudo
@MireFerran	@selvata10
@MireFerran	@suruasinoiD
@MireFerran	@susanaerin
@MireFerran	@TereSM_
@MireFerran	@thinkcatalonia
@MireFerran	@tiburonHuertas
@MireFerran	@toniamp1
@MireFerran	@totiapm
@MireFerran	@UbicanDo_e
@MireFerran	@vicgand
@MireFerran	@VicGzOu
@mireiapujol18	@Jordi_Torrens
@mirellacges	@Jcamprup
@mirellacges	@jordimartideu
@miriamasturias	@CosVila
@miriamasturias	@danicornella
@mirinelblog	@Mariadelaocon
@misjosep	@albertAEPDA
@misjosep	@alivleojjaen
@misjosep	@Andoor62
@misjosep	@AntonioOlaria
@misjosep	@aqueront
@misjosep	@arnaupages1
@misjosep	@barnazen
@misjosep	@COSTAMARTA10
@misjosep	@electricblau
@misjosep	@Elviraduranc
@misjosep	@emcarbonellh
@misjosep	@guifre2053
@misjosep	@jara_toni
@misjosep	@jaumecst
@misjosep	@joscampolier
@misjosep	@Kitty1983Hello
@misjosep	@lluisredondo
@misjosep	@negre_joan
@misjosep	@papatoniatt
@misjosep	@SantiGoogle
@misjosep	@SiNoEtVaBePorta
@misjosep	@SitaSP
@misjosep	@Soletveig
@misjosep	@thecigronet
@misjosep	@Toni34rn
@misjosep	@xinluses
@MnicaRebullCome	@ABalagu
@MnicaRebullCome	@anaoromi
@MnicaRebullCome	@anitanu66
@MnicaRebullCome	@annacerdanya
@MnicaRebullCome	@aquipuedo
@MnicaRebullCome	@cdm1950
@MnicaRebullCome	@cerillopillo
@MnicaRebullCome	@cris_tram65
@MnicaRebullCome	@divapiti
@MnicaRebullCome	@dractrek
@MnicaRebullCome	@EnigmaheartTrue
@MnicaRebullCome	@EnricVilanova3
@MnicaRebullCome	@Esquitx17
@MnicaRebullCome	@EvamolloNov
@MnicaRebullCome	@freed4Catalonia
@MnicaRebullCome	@gemquim
@MnicaRebullCome	@hannahbcn1
@MnicaRebullCome	@ignasip2005
@MnicaRebullCome	@JoanRubioBarris
@MnicaRebullCome	@JORDINADOR
@MnicaRebullCome	@KaiRasmusen
@MnicaRebullCome	@kikucule
@MnicaRebullCome	@Lluis_Casanovas
@MnicaRebullCome	@lothlertu
@MnicaRebullCome	@M_BrokenLeg
@MnicaRebullCome	@marjose_bcn
@MnicaRebullCome	@miquelflorit
@MnicaRebullCome	@misjosep
@MnicaRebullCome	@montsegolSiSi
@MnicaRebullCome	@muxaineta
@MnicaRebullCome	@pedrogarciaflo3
@MnicaRebullCome	@sagal62
@MnicaRebullCome	@Santifono
@MnicaRebullCome	@TomeuTimor
@MnicaRebullCome	@TostDe
@MnicaRebullCome	@Virgili7
@MnicaRebullCome	@XavierRibalta1
@MoltesMerces16	@1714Drac1714
@MoltesMerces16	@Al3X_Bll
@MoltesMerces16	@annaguilo
@MoltesMerces16	@annvilalta
@MoltesMerces16	@bertafcb
@MoltesMerces16	@boxersinarms
@MoltesMerces16	@CarlesSueiras
@MoltesMerces16	@carme60pm
@MoltesMerces16	@daesga
@MoltesMerces16	@eduardperez2008
@MoltesMerces16	@gerardvilardell
@MoltesMerces16	@immasuge
@MoltesMerces16	@Jabbastation
@MoltesMerces16	@JosepCanals222
@MoltesMerces16	@lothlertu
@MoltesMerces16	@MontseEsclusa
@MoltesMerces16	@MTudela
@MoltesMerces16	@rachelATV
@MoltesMerces16	@rompicollone
@MoltesMerces16	@RSUAREZ4
@MoltesMerces16	@terrassenc
@MoltesMerces16	@vilijan
@MoltesMerces16	@vinolasbcn
@moncapsa	@sinedianu
@monicapalacin29	@Chus_67
@monicapalacin29	@SLl15371318
@monrealcasado	@JMateu69
@Morenacatalana	@albertpardell
@Morenacatalana	@gemquim
@Morenacatalana	@JosepCanals222
@Morenacatalana	@MuletViticultor
@muguruzafm	@albasoria83
@muguruzafm	@amanda_g_egea
@muguruzafm	@arcadakoncerts
@muguruzafm	@BetadelTer
@muguruzafm	@Gnomalab
@muguruzafm	@JuanRibas
@natilles_com	@1ncognito__
@naubatalla	@SMMoreno5
@ncadenes	@KnoDemagog
@neusmatamala	@Javi_Quique_OK
@neusmatamala	@JMPalahi
@neusmatamala	@mtsarda
@neusmatamala	@peponii
@neuspullina	@Clara_Hsr
@NinaQueral	@Jud1969
@NoMesXoris	@PeopleWitness
@NTCaballe	@anaoromi
@NTCaballe	@montserumbau
@NukFlic	@anamartinezd
@nuriaingles	@NoideTona
@nuriapalomar	@NoeMolinero
@nursole	@infiestafelip
@obuenaventura	@PereOlm87
@OmniumAnoia	@Arimi17
@OmniumAnoia	@dolorsroo
@OmniumAnoia	@FloraPuntos
@oriolfont	@Omiset
@OriolLari	@InformacioCat
@OriolLari	@sergeyrag
@pampallugaines	@Mariona_Dt
@paquiglez82	@conceppp
@paquiglez82	@PatxiBengoa
@paquiglez82	@quinti99
@PatGuardiola	@AquestFrederic
@PatGuardiola	@el3rull
@PatGuardiola	@jaume_teixido
@PatGuardiola	@mercepascuali
@PatGuardiola	@resderres
@pau_urenya	@u34
@PBizantinofilo	@ETenfurecido
@PDCComarquesBCN	@PDCComarquesBCN
@PDCComarquesBCN	@XavierBadiaCat
@PDeCAT_LH	@ramon_comellas
@pdecat_sabadell	@ArnauRebull
@pdecat_sabadell	@CharlieFox1714
@pdecat_sabadell	@Deivid1714
@pdecat_sabadell	@DespertaFerro11
@pdecat_sabadell	@EPanisello94
@pdecat_sabadell	@GeorginaPujals
@pdecat_sabadell	@pdcjusticia
@pdecat_sabadell	@Simonetta20
@PDECATBPenedes	@AntoniuCasanova
@PDECatManresa	@PDECAT_Bages
@PDeCATSANTCUGAT	@damiacalvet
@PDeCATSANTCUGAT	@FloraPuntos
@PDeCATSANTCUGAT	@GringoSkiador
@PDeCATSANTCUGAT	@JoanRubioBarris
@PDeCATSANTCUGAT	@mariaeulalia12
@Pdemocratacat	@AdurHelvetios
@Pdemocratacat	@airmosso
@Pdemocratacat	@AlbertMajo7
@Pdemocratacat	@albertpunsola
@Pdemocratacat	@Annapas6
@Pdemocratacat	@AntoniuCasanova
@Pdemocratacat	@AssumptaMarce
@Pdemocratacat	@bribru7
@Pdemocratacat	@CapitaCuc
@Pdemocratacat	@carlescampuzano
@Pdemocratacat	@carmefornesfiol
@Pdemocratacat	@CarreJosep
@Pdemocratacat	@CATJRD
@Pdemocratacat	@david_frigola
@Pdemocratacat	@DavidVargasMo
@Pdemocratacat	@DPdecat
@Pdemocratacat	@duduipa
@Pdemocratacat	@Enocrates
@Pdemocratacat	@EPanisello94
@Pdemocratacat	@ficcion2011
@Pdemocratacat	@FloraPuntos
@Pdemocratacat	@freed4Catalonia
@Pdemocratacat	@gibert_bernat
@Pdemocratacat	@guifre2053
@Pdemocratacat	@Guinedilda
@Pdemocratacat	@ifrankesa
@Pdemocratacat	@J0HNYB4S3
@Pdemocratacat	@Javi_Quique_OK
@Pdemocratacat	@jlcleries
@Pdemocratacat	@jmbruserra
@Pdemocratacat	@JNCSCFarners
@Pdemocratacat	@joanagabarrof
@Pdemocratacat	@Lluis_Ducet
@Pdemocratacat	@MAxiuxiueig
@Pdemocratacat	@merce_blitz
@Pdemocratacat	@mgispert
@Pdemocratacat	@mlluisvall
@Pdemocratacat	@moldegust
@Pdemocratacat	@MonteLopezAlon1
@Pdemocratacat	@morellsau
@Pdemocratacat	@msenserrich
@Pdemocratacat	@palaumarc
@Pdemocratacat	@PDeCATGIRONA
@Pdemocratacat	@PdecatGracia
@Pdemocratacat	@PDECATNouBarris
@Pdemocratacat	@PDeCATPonts
@Pdemocratacat	@PDeCATRubi
@Pdemocratacat	@PDECATValls
@Pdemocratacat	@pep_marsal
@Pdemocratacat	@PereCRieraLnE
@Pdemocratacat	@PozasJoan
@Pdemocratacat	@Puigdu
@Pdemocratacat	@RabalMaite
@Pdemocratacat	@RaiSallent
@Pdemocratacat	@RaquelCantos1
@Pdemocratacat	@RDBCat
@Pdemocratacat	@salvijolis
@Pdemocratacat	@serpepiot
@Pdemocratacat	@skirep
@Pdemocratacat	@tirantlonegre
@Pdemocratacat	@vanflowne
@Pdemocratacat	@VicRF72
@Pdemocratacat	@xevipuix
@Pedofifty	@nyebit
@Pedofifty	@Solperezmadrid
@PepaPlana	@parpelles
@pepemari_jm	@catxarrot67
@pepmariavila	@9jrib9
@pepmariavila	@CADCI
@pepmariavila	@cataladelsud
@pepmariavila	@huguet_gabriel
@pepmariavila	@xevipuix
@pepmartorell	@28mavi28
@pepmartorell	@Alaillaj
@pepmartorell	@AlbertCamos
@pepmartorell	@Aleix_Roig
@pepmartorell	@anaoromi
@pepmartorell	@anna_T713
@pepmartorell	@BerniGonzi
@pepmartorell	@Blancr1
@pepmartorell	@Brugarolas
@pepmartorell	@carlespamies
@pepmartorell	@catalanyquepasa
@pepmartorell	@CharlieFox1714
@pepmartorell	@CollectiuEmma
@pepmartorell	@dcaritgg
@pepmartorell	@DemocratesBCN
@pepmartorell	@DemocratesCAT
@pepmartorell	@eladar76
@pepmartorell	@emolotrab_
@pepmartorell	@Endika_GB
@pepmartorell	@ESTERSORIANOFER
@pepmartorell	@EstherMendel
@pepmartorell	@evendrella
@pepmartorell	@fragoneste
@pepmartorell	@FrancescCesc1
@pepmartorell	@GarrellMarc
@pepmartorell	@glorialloreda
@pepmartorell	@guifre2053
@pepmartorell	@ignasdelgrannas
@pepmartorell	@Jcamprup
@pepmartorell	@JECSALIS
@pepmartorell	@jjuliamarti
@pepmartorell	@joanesteve
@pepmartorell	@joanmendoza555
@pepmartorell	@joanpaurue
@pepmartorell	@Johan5_0
@pepmartorell	@jomateix50
@pepmartorell	@jordi_cc
@pepmartorell	@jordicabre
@pepmartorell	@JordiMariaPau1
@pepmartorell	@keldomenech
@pepmartorell	@llcc40
@pepmartorell	@Lluis_Ducet
@pepmartorell	@lulu6019
@pepmartorell	@lulufloridita
@pepmartorell	@mamia55
@pepmartorell	@ManelGinesBiels
@pepmartorell	@ManelPlanas
@pepmartorell	@Mara6111
@pepmartorell	@mariainoalberto
@pepmartorell	@MariaOxbow
@pepmartorell	@mariona_sabi
@pepmartorell	@marramiauuuuuu
@pepmartorell	@martavm_
@pepmartorell	@mercejou
@pepmartorell	@mforcadan
@pepmartorell	@mindundi10
@pepmartorell	@MiqTweet
@pepmartorell	@miquelcano
@pepmartorell	@miqueldepalol
@pepmartorell	@Nest_indy
@pepmartorell	@Nuria_G_M
@pepmartorell	@OlorASocarrim
@pepmartorell	@oriolcr
@pepmartorell	@pain_spain
@pepmartorell	@Pelenhawer
@pepmartorell	@Pepmoline
@pepmartorell	@PorcularPartido
@pepmartorell	@ramontremosa
@pepmartorell	@recordarem
@pepmartorell	@Ribas78
@pepmartorell	@Rocsalafaixa
@pepmartorell	@roserdegirona
@pepmartorell	@RoserUrra
@pepmartorell	@rubeneix1976
@pepmartorell	@Sara67822151
@pepmartorell	@Schweickart
@pepmartorell	@seibur_
@pepmartorell	@sergisancho
@pepmartorell	@storiol
@pepmartorell	@toni77bcn
@pepmartorell	@tonnerresdebrrr
@pepmartorell	@totiapm
@pepmartorell	@tupitupitupi2
@pepmartorell	@TuraTF
@pepmartorell	@Xtetu
@Pepsina_Mataro	@alexandrecamps
@Pepsina_Mataro	@alexgime23
@Pepsina_Mataro	@Carlesescario
@Pepsina_Mataro	@jrodriguEZFilba
@Pepsina_Mataro	@nuritanaca
@Pepsina_Mataro	@PanderetaZalea
@Pepsina_Mataro	@RogerMata9
@Pepsina_Mataro	@VConsC
@Pepsina_Mataro	@Wittgenstein_jm
@perecampscampos	@CarlesVidal
@perecampscampos	@coiamb
@perecampscampos	@laia_sc
@PereRF	@_Rosamary_
@PereRF	@123Alarco
@PereRF	@1603ip
@PereRF	@3479cristina
@PereRF	@3loiBalletboG
@PereRF	@4691tms
@PereRF	@AdanJulia
@PereRF	@AicasaSerrano
@PereRF	@aida_borrell
@PereRF	@Aina00894897
@PereRF	@Al3X_Bll
@PereRF	@Albert_44062
@PereRF	@Albert_El_Gran
@PereRF	@Albert_Nog_Mir
@PereRF	@albert_orta
@PereRF	@albertbrias
@PereRF	@albertlluchtw
@PereRF	@albertrafols
@PereRF	@AlbertRey72
@PereRF	@AlbertYarza
@PereRF	@aleixgalano
@PereRF	@AleixMJ
@PereRF	@Alex_1899
@PereRF	@alexandrecamps
@PereRF	@alexferod74
@PereRF	@aliciamolinas60
@PereRF	@AlsinaCompany
@PereRF	@angelcolom
@PereRF	@angelsclotet
@PereRF	@angelssmh
@PereRF	@angelsvj
@PereRF	@Angi98699481
@PereRF	@anjorbr
@PereRF	@AnnaMAliberch
@PereRF	@AnnaRDom
@PereRF	@arabia_ivan
@PereRF	@aracegea
@PereRF	@Argset
@PereRF	@aricorbella
@PereRF	@arnauebri
@PereRF	@ArnauRicart
@PereRF	@arnausd
@PereRF	@asansixto
@PereRF	@askari222
@PereRF	@AyA_KR
@PereRF	@Ayla365
@PereRF	@bannedgarden
@PereRF	@batecslliures
@PereRF	@Bautistasotelo
@PereRF	@Benjami82072689
@PereRF	@BergasJoan
@PereRF	@Bernadet47
@PereRF	@BertaFaro1
@PereRF	@Bibigenser
@PereRF	@biel_ferrer
@PereRF	@bimbabimbabimb1
@PereRF	@bioscamontse
@PereRF	@Blaiescoda
@PereRF	@BOIXEDAMUM
@PereRF	@Brandelafuente
@PereRF	@bsolerg
@PereRF	@CADCI
@PereRF	@cafeoleman
@PereRF	@CalamityDjon
@PereRF	@calolmo
@PereRF	@calva1902
@PereRF	@capdesuro
@PereRF	@CapitaFigatell
@PereRF	@carabanyo
@PereRF	@caravaggio1714
@PereRF	@Carles7
@PereRF	@carlespamies
@PereRF	@carlospollovapu
@PereRF	@Cat_i_Gos
@PereRF	@CATaccio11
@PereRF	@catala1962
@PereRF	@cataladelsud
@PereRF	@catalunya2016
@PereRF	@CATJRD
@PereRF	@CBazaga
@PereRF	@cbonaventura
@PereRF	@cedes950
@PereRF	@cfrd1909cat
@PereRF	@Cigro2
@PereRF	@CivitiMarti
@PereRF	@Claustre_1965
@PereRF	@ColellJudith
@PereRF	@cplanasal
@PereRF	@crazysupercrazy
@PereRF	@CristinaLliur
@PereRF	@cxnicobara
@PereRF	@Dabo65G
@PereRF	@david_gs5
@PereRF	@David03942379
@PereRF	@davidhidalgo
@PereRF	@davidserranodss
@PereRF	@decalmono
@PereRF	@delbarrioalbert
@PereRF	@Dew231973
@PereRF	@DimasFabregas
@PereRF	@Dolors63
@PereRF	@dolorsDolorsv
@PereRF	@domenech_lluis
@PereRF	@Doro_Arango
@PereRF	@DuranEster
@PereRF	@duranipoble
@PereRF	@ebreah
@PereRF	@ed_hanan
@PereRF	@eduard_roge
@PereRF	@elboscnegre
@PereRF	@elegb82
@PereRF	@ELEMENTSUBVERS
@PereRF	@Elenaa_Jurado
@PereRF	@Elenagonzalez61
@PereRF	@Elenikita5
@PereRF	@elgris255
@PereRF	@Elnomnofalacosa
@PereRF	@ElTontoUtil_ETU
@PereRF	@ElXaviRaventos
@PereRF	@Enocrates
@PereRF	@Enric_egf
@PereRF	@EnricGarriga
@PereRF	@enricruiz2011
@PereRF	@enricvd
@PereRF	@EnricX
@PereRF	@EnriqueTgn
@PereRF	@Erak02
@PereRF	@EricGallardo69
@PereRF	@erico_pep
@PereRF	@Esbarzers
@PereRF	@EsterMatali
@PereRF	@estevelg
@PereRF	@estherdenoa
@PereRF	@Estherperalfos
@PereRF	@EstorachOtilia
@PereRF	@etorrescassana
@PereRF	@eva_vdlc
@PereRF	@Eva9977
@PereRF	@EvamolloNov
@PereRF	@f_xevi
@PereRF	@FarSerrat
@PereRF	@FeliuVentura
@PereRF	@FenixNegre
@PereRF	@FERMINATX
@PereRF	@FinaBeas
@PereRF	@FlyingS14652197
@PereRF	@francesc112233
@PereRF	@francesca160
@PereRF	@FrancescSalat
@PereRF	@francesctorres
@PereRF	@FrancJfarmo
@PereRF	@frankfrankbcn
@PereRF	@freed4Catalonia
@PereRF	@fricart
@PereRF	@fsampedro
@PereRF	@funciogamma
@PereRF	@G_Virgili
@PereRF	@GabrieloskyBcn
@PereRF	@GalbeEladi
@PereRF	@Galiano44
@PereRF	@GarolaDolors
@PereRF	@GDEnMaia
@PereRF	@gemmamarcegm
@PereRF	@gemmitars
@PereRF	@gemquim
@PereRF	@GeorgeCruni
@PereRF	@gerardnus
@PereRF	@gimy_el_gran
@PereRF	@Ginju3
@PereRF	@girbau69
@PereRF	@gloritp
@PereRF	@goldismine2016
@PereRF	@Govipu
@PereRF	@GraDeSorra
@PereRF	@guifre2053
@PereRF	@guillemcv
@PereRF	@guillemtrave5
@PereRF	@GutJors7
@PereRF	@Helenacasc
@PereRF	@helteo73
@PereRF	@hepese00
@PereRF	@hergrojor
@PereRF	@hfontcall
@PereRF	@HistoManresa
@PereRF	@homaranya
@PereRF	@Hortnsia4
@PereRF	@HospiVandeANC
@PereRF	@huguet_gabriel
@PereRF	@huston2011
@PereRF	@I_Jo_Mateix
@PereRF	@IbanyezSanti
@PereRF	@ibcibcibci
@PereRF	@icortes10
@PereRF	@ignasdelgrannas
@PereRF	@ignasiplaza
@PereRF	@imaka78
@PereRF	@imboay
@PereRF	@ImmaMonserrat
@PereRF	@inflacolchoneta
@PereRF	@irene_rosell
@PereRF	@isaacizquierdo2
@PereRF	@Isabel1Marquez
@PereRF	@isabelmartpujal
@PereRF	@IsidroCasado
@PereRF	@j_amoraga
@PereRF	@jacob_31
@PereRF	@jacometferrer
@PereRF	@jagracas
@PereRF	@jagv64
@PereRF	@jaumebf
@PereRF	@jaumecst
@PereRF	@JaumeGirbau
@PereRF	@JaumeManyoses
@PereRF	@JaumeRife
@PereRF	@Javierdevillas1
@PereRF	@javisr14
@PereRF	@jcarlesr
@PereRF	@jesus_tella
@PereRF	@jfaus1
@PereRF	@jfritsch1976
@PereRF	@jinomusicUK
@PereRF	@jjestallo
@PereRF	@JLCD0
@PereRF	@jmartincanal
@PereRF	@jmcchacon
@PereRF	@jmeyaa
@PereRF	@jmgarcia1960
@PereRF	@jmv_cat
@PereRF	@joairen
@PereRF	@joan_sellares
@PereRF	@joaneliesadell
@PereRF	@joanparratena
@PereRF	@JoanPistu
@PereRF	@JoanRosiLlobet
@PereRF	@JofrePilos
@PereRF	@jordi_cardus
@PereRF	@jordi_cc
@PereRF	@jordi_rouge
@PereRF	@jordi_twit
@PereRF	@Jordi278
@PereRF	@jordialan7
@PereRF	@jordiDX
@PereRF	@jordigrata
@PereRF	@JordiPrats_
@PereRF	@jordisalvia
@PereRF	@jormarcom
@PereRF	@jorrdirrobert
@PereRF	@JoseJosepaterna
@PereRF	@josepaals
@PereRF	@Josepantongil
@PereRF	@josepcomas7
@PereRF	@Josepmandreu
@PereRF	@JosepRamonBadia
@PereRF	@jsabateofficial
@PereRF	@JuanJ2708
@PereRF	@JuanRamonArnau
@PereRF	@JudithM76093350
@PereRF	@jvila31
@PereRF	@jvilach
@PereRF	@KaliYuga13
@PereRF	@kataklock
@PereRF	@kiketomas
@PereRF	@kikupipo
@PereRF	@KilianLohse
@PereRF	@LaiaCast
@PereRF	@laiamagell
@PereRF	@LaPratty
@PereRF	@laubcn1978
@PereRF	@lcanalsb
@PereRF	@LiadaLiosa
@PereRF	@lisengfp
@PereRF	@llibertmargalef
@PereRF	@lloretmontse
@PereRF	@Lluis_Gimenez
@PereRF	@Lluisdanes
@PereRF	@LluisDeMar
@PereRF	@lluisgibert
@PereRF	@lluisoliveras
@PereRF	@LluisTomas_
@PereRF	@lopeza81
@PereRF	@Lordcat10
@PereRF	@maatkare66
@PereRF	@manipulacions
@PereRF	@marc_miravet
@PereRF	@MarcCR79
@PereRF	@marcindanet
@PereRF	@marcsd1
@PereRF	@MarcVallsiGurt
@PereRF	@mari4luz
@PereRF	@Mariadelaocon
@PereRF	@mariangelalleo
@PereRF	@MariaRuaix
@PereRF	@MaribelCatala
@PereRF	@Mariionnaa
@PereRF	@marius_petit
@PereRF	@marramiauuuuuu
@PereRF	@marta_salellas
@PereRF	@Martadescans
@PereRF	@martaestevep
@PereRF	@martafonollosa
@PereRF	@Marti_Reig
@PereRF	@MCentwit
@PereRF	@mcnokadi6
@PereRF	@mdamare
@PereRF	@Mdunckan
@PereRF	@mequetref1
@PereRF	@mercepulpla
@PereRF	@mertxesr
@PereRF	@mestevem
@PereRF	@mgloriaaltes
@PereRF	@mguirado97
@PereRF	@migandgon
@PereRF	@MilaJoan
@PereRF	@MininoOscuro
@PereRF	@Miquelbadrog
@PereRF	@MiqueletV8
@PereRF	@MiquelFumanal
@PereRF	@mireiatorras22
@PereRF	@Miriam66chimeno
@PereRF	@MiriamMoAu
@PereRF	@MonicaNJover
@PereRF	@monkape
@PereRF	@montsepdm
@PereRF	@MontserratMata1
@PereRF	@mpipe07
@PereRF	@MpoPuig
@PereRF	@MRialp
@PereRF	@mtsarda
@PereRF	@mujertpuntcat
@PereRF	@muntadalluis
@PereRF	@muricec1
@PereRF	@murri1972
@PereRF	@muxaineta
@PereRF	@MVedruna
@PereRF	@NeusFalgas
@PereRF	@NeusNogue
@PereRF	@niceworldx
@PereRF	@niskas
@PereRF	@noajida1
@PereRF	@NoemiPAH
@PereRF	@noesasu
@PereRF	@noidelscabells
@PereRF	@NoMesXoris
@PereRF	@nomitraso
@PereRF	@Nuria_G_M
@PereRF	@Nuria1966
@PereRF	@nuriabs88
@PereRF	@nuriarkaitz
@PereRF	@omfarquitectura
@PereRF	@onestepbeyong
@PereRF	@Opusprima1
@PereRF	@oscarlm98
@PereRF	@osentmarti
@PereRF	@Otkel78
@PereRF	@padrenamorado
@PereRF	@Palas4
@PereRF	@Panchorevival
@PereRF	@PanderetaZalea
@PereRF	@panerola
@PereRF	@patronus12
@PereRF	@Pdeperet
@PereRF	@PedroMalz
@PereRF	@pefus58
@PereRF	@PellSanllehi
@PereRF	@pemigual
@PereRF	@PepPayo
@PereRF	@PeppuigV
@PereRF	@PereRF
@PereRF	@perezlozano
@PereRF	@perfilcat
@PereRF	@Pi7ros
@PereRF	@pinarello_verd
@PereRF	@pinxokike
@PereRF	@pmenamendoza
@PereRF	@Polanskifreixa
@PereRF	@Puropoliester
@PereRF	@Qristinaperez
@PereRF	@quepesatsoutots
@PereRF	@quimbosch
@PereRF	@quimet74
@PereRF	@quimgirbau
@PereRF	@Quimi_Portet
@PereRF	@ramonroyo
@PereRF	@RDBCat
@PereRF	@RebeketaPelFred
@PereRF	@republicano_71
@PereRF	@ReTwitStorm_por
@PereRF	@rfernandezjou
@PereRF	@robert_ara
@PereRF	@RodrigoArenasGa
@PereRF	@RodwayBcn
@PereRF	@RomainQuidant
@PereRF	@rosaginesta
@PereRF	@RosaGiralt
@PereRF	@RosaMasalles
@PereRF	@rosamfip33
@PereRF	@RosaSancho8
@PereRF	@RosaSorribes
@PereRF	@roserblasco
@PereRF	@roserbonet
@PereRF	@RosesNegres
@PereRF	@rrocai
@PereRF	@rsimop
@PereRF	@RTapiasCors
@PereRF	@Rubbenss1
@PereRF	@SalaBonet
@PereRF	@SalvatXavi
@PereRF	@SamComarca
@PereRF	@SanFranBCN
@PereRF	@SantiFaro
@PereRF	@scastrobay
@PereRF	@selvata10
@PereRF	@semprevilanova
@PereRF	@SenglarCatala
@PereRF	@sergiisolaa
@PereRF	@SGarcialo
@PereRF	@shantytownbcn
@PereRF	@sianskiy
@PereRF	@solidaritatcat
@PereRF	@somgentdpau
@PereRF	@sotsproject
@PereRF	@SrtaModolell
@PereRF	@superdracir
@PereRF	@tallafocs
@PereRF	@tallarinamarina
@PereRF	@TeixidoJaume
@PereRF	@terejs7
@PereRF	@TereMafalda
@PereRF	@terirrubio
@PereRF	@TheRedStrato
@PereRF	@Timbalerdelbru2
@PereRF	@TORRENTJULIAAA
@PereRF	@Tosudament
@PereRF	@totiapm
@PereRF	@Trescci
@PereRF	@tskd13
@PereRF	@tupitupitupi2
@PereRF	@Tvallj
@PereRF	@TVilaregut
@PereRF	@txantxi
@PereRF	@UriSolerLl
@PereRF	@VerdesXelCambio
@PereRF	@VHongria
@PereRF	@vicentduart
@PereRF	@Virgili7
@PereRF	@Vonthoma1
@PereRF	@Votar32456286
@PereRF	@Wittgenstein_jm
@PereRF	@XaviAngelergues
@PereRF	@xavier_serret
@PereRF	@XavierEscofet
@PereRF	@XavimanLopez
@PereRF	@XaviManzanares
@PereRF	@XaviParellada
@PereRF	@Xavipenya9
@PereRF	@XeniaPardo
@PereRF	@xirinacsalsenat
@PereRF	@XixiroJbg
@PereRF	@y2konya
@PereRF	@Yonfri
@PereRF	@ziarra64
@PereRF	@Zipomanson
@peresabat	@delbarrioalbert
@peresabat	@nes_ggmm
@peresabat	@Pajarrakuss
@PilarFoixL	@huguet_gabriel
@PilarFoixL	@jvilach
@PiratesRubi	@mvpacheco58
@pitikollons	@antonbracero
@polmelchior	@tania_barranco
@poppyrain	@ConstantiMic
@portet_bruguera	@AGR_Network
@portet_bruguera	@albert_orta
@portet_bruguera	@Casanovas1994
@portet_bruguera	@cescmasdeu
@portet_bruguera	@CintaPons
@portet_bruguera	@cmoratuxans
@portet_bruguera	@DDomene
@portet_bruguera	@DolorsFeliu
@portet_bruguera	@ernestcentellas
@portet_bruguera	@Estoyrara
@portet_bruguera	@guifre2053
@portet_bruguera	@Jabbastation
@portet_bruguera	@joairen
@portet_bruguera	@joanfoguet
@portet_bruguera	@L_ESPADATDEFOC
@portet_bruguera	@LaiaCast
@portet_bruguera	@lauretaingalls
@portet_bruguera	@lluisgpera
@portet_bruguera	@miquel_pla
@portet_bruguera	@miqueldepalol
@portet_bruguera	@MontserratMata1
@portet_bruguera	@roser_colome
@portet_bruguera	@vilar_antoni
@portet_bruguera	@Virgili7
@portet_bruguera	@xevibcn
@PozasJoan	@OlgaLlach
@PozasJoan	@PozasJoan
@PrimaveraLliure	@Gruxanta
@PrincesssNu	@Argset
@PrincesssNu	@carme60pm
@PrincesssNu	@LordCanario
@PrincesssNu	@OnaCedo1
@PrincesssNu	@PatriotaPopular
@psantaeulalia	@JoanRaventos
@psantaeulalia	@jrodes09
@PSlifer27	@HugoUrunuela
@puntopelota	@Dani14PM
@qmolins	@LuisJaRuiz13
@rafikiscope	@MASerralvo
@rafikiscope	@YourConstant_
@RaholaOficial	@AdriaAlert
@RaholaOficial	@ainanvb
@RaholaOficial	@Albertodelvalle
@RaholaOficial	@alex_carrasco_
@RaholaOficial	@AMartn3
@RaholaOficial	@angelmartimat
@RaholaOficial	@Annapg10
@RaholaOficial	@araiavui
@RaholaOficial	@araramendia
@RaholaOficial	@aryling
@RaholaOficial	@asunbdnhotmail1
@RaholaOficial	@avilagrann
@RaholaOficial	@bioscamontse
@RaholaOficial	@bsolerg
@RaholaOficial	@c_consol
@RaholaOficial	@CalTolla
@RaholaOficial	@carbonetti2
@RaholaOficial	@carlespamies
@RaholaOficial	@carmen_uviedo
@RaholaOficial	@CharlesSampons
@RaholaOficial	@CMAURIRIU
@RaholaOficial	@CriminalKoi
@RaholaOficial	@danielventeo
@RaholaOficial	@dolorsesteveco
@RaholaOficial	@dreamcule
@RaholaOficial	@duna810
@RaholaOficial	@edu_masias
@RaholaOficial	@EduardMarrugat
@RaholaOficial	@eltroalfred
@RaholaOficial	@estevecj
@RaholaOficial	@francesc112233
@RaholaOficial	@freed4Catalonia
@RaholaOficial	@FroilanVives
@RaholaOficial	@GelpiGomez
@RaholaOficial	@gemma_flaque
@RaholaOficial	@GillStella
@RaholaOficial	@GlolarLara
@RaholaOficial	@guifre2053
@RaholaOficial	@IGBerga
@RaholaOficial	@JAbrilPuigcerda
@RaholaOficial	@japbcn
@RaholaOficial	@jaumetrunyo
@RaholaOficial	@jboixv
@RaholaOficial	@jcm_jcm2011
@RaholaOficial	@jmaltayo
@RaholaOficial	@JoanBay
@RaholaOficial	@joanforn
@RaholaOficial	@joanmiquel55_
@RaholaOficial	@joelis21
@RaholaOficial	@jofre53
@RaholaOficial	@jordisb99
@RaholaOficial	@JoseLui24493852
@RaholaOficial	@joseluisstrauss
@RaholaOficial	@josepaals
@RaholaOficial	@Josepantongil
@RaholaOficial	@jrdprdprm
@RaholaOficial	@JredondoK
@RaholaOficial	@juliangrau
@RaholaOficial	@Kellliure
@RaholaOficial	@kinbota
@RaholaOficial	@krutx
@RaholaOficial	@lego1949
@RaholaOficial	@Marsal95
@RaholaOficial	@martabago
@RaholaOficial	@MasoQueralt
@RaholaOficial	@mgustosycolores
@RaholaOficial	@MONTSERRATMAOS1
@RaholaOficial	@MontseVila2
@RaholaOficial	@Nest_indy
@RaholaOficial	@NeusPM1
@RaholaOficial	@Nicolaseta1
@RaholaOficial	@octavigirona
@RaholaOficial	@papadria
@RaholaOficial	@pat_noa
@RaholaOficial	@PratXevi
@RaholaOficial	@PuigXavi
@RaholaOficial	@rich_kararak
@RaholaOficial	@rijago
@RaholaOficial	@RosaGiralt
@RaholaOficial	@Rubiperindep
@RaholaOficial	@SantiagoBotonet
@RaholaOficial	@saralidiaester
@RaholaOficial	@scbcardona
@RaholaOficial	@Schweickart
@RaholaOficial	@sergisas3
@RaholaOficial	@SorollaCarlos
@RaholaOficial	@sotivinitero
@RaholaOficial	@Tvallj
@RaholaOficial	@Vicenc15
@RaholaOficial	@Xanitutinax
@RaholaOficial	@Xavi44896342
@RaholaOficial	@XavicIIII
@RaholaOficial	@xavidurall
@RaholaOficial	@yolandatn1
@ramonaguilarg	@sra_danvers
@RamonCodinas	@kikucatkiku
@RamonCodinas	@RamonCodinas
@ramontremosa	@6uN7CtZuCK66Rpd
@ramontremosa	@Elzorro48804212
@ramontremosa	@JMencio
@ramontremosa	@juliettta95
@ramontremosa	@Lainavil
@ramontremosa	@Laureus_nobilis
@ramontremosa	@linuxnow
@ramontremosa	@marcbarni
@ramontremosa	@mcser14
@ramontremosa	@oscarlm98
@ramontremosa	@paqui26
@ramontremosa	@PatxiBengoa
@ramontremosa	@Vicky_Taibo
@RataDesletrada	@francesc130
@ref1octubrefig1	@bertaCTordera
@ref1octubrefig1	@IdeliaTello
@RenaixentCat	@viscat2
@robertmur	@mamactas
@Roger_CdV	@ERCStMarti
@Roger_CdV	@hermoso_esther
@Roger_CdV	@LluisR3
@Rogerbuch	@alberticious
@Rogerbuch	@FZueras
@Rogerbuch	@indeper_cat
@Rogerbuch	@isabelmartpujal
@Rogerbuch	@lluisct
@Rogerbuch	@miquelot1971
@Rogerbuch	@Rogerbuch
@Rogerbuch	@Spocksegarra
@RogerSaperas	@__MireMi
@RogerSaperas	@ainarodri
@RogerSaperas	@Albertxdye
@RogerSaperas	@AleixFabre13
@RogerSaperas	@daju2002
@RogerSaperas	@ecarbonellmon
@RogerSaperas	@Edu9761
@RogerSaperas	@Elisa_kp
@RogerSaperas	@FreeCat4ever
@RogerSaperas	@gerardalbo
@RogerSaperas	@gerardnus
@RogerSaperas	@GuillemAlb
@RogerSaperas	@icortes10
@RogerSaperas	@IGNASICH
@RogerSaperas	@ignasip2005
@RogerSaperas	@jlpfunu
@RogerSaperas	@joanki77
@RogerSaperas	@JordiGarciaP
@RogerSaperas	@JordiNicBal
@RogerSaperas	@jtejerap11
@RogerSaperas	@juanmalinares
@RogerSaperas	@kurbai
@RogerSaperas	@LinarJordi
@RogerSaperas	@Lserranochacon
@RogerSaperas	@MarcSans95
@RogerSaperas	@Mtenas
@RogerSaperas	@Nil_Ximi
@RogerSaperas	@Nuuriaaa3
@RogerSaperas	@oihane_85
@RogerSaperas	@pausancho87
@RogerSaperas	@perearenyas
@RogerSaperas	@Peremm
@RogerSaperas	@RaiSallent
@RogerSaperas	@sinhue1967
@RogerSaperas	@tetimartinez5
@RogerSaperas	@Tituleaks
@RogerSaperas	@tupitupitupi2
@RogerSaperas	@Uilifoc2014
@roquini	@davidhrius
@roquini	@DuranEster
@roquini	@flcarlesD
@roquini	@joan_abs
@roquini	@marinasginer
@roquini	@MiqueletV8
@roquini	@mlavizell
@roquini	@RoserTeixido
@roquini	@SergiPascualFer
@roquini	@victorviatger67
@roquini	@voltesivoltes
@roquini	@xaviervallverdu
@ROSER1963	@61_merc
@ROSER1963	@jaumevic63
@ROSER1963	@mpausas
@rosetjordi	@paubetriu
@rosetjordi	@silviadebru
@rsanturtzi	@TROLL760
@Ru_Pla	@menorqtres
@Ru_Pla	@toquedecanela
@salosalut	@Joans871
@Salvado34766156	@rosa_msust
@Salvigrau72	@RamonSans5
@Salvigrau72	@tohr1963
@Salvigrau72	@TuraTF
@sangculeoficial	@AlbertYarza
@sangculeoficial	@gerarddefonso
@sangculeoficial	@joseproig75
@sangculeoficial	@orlandogorriti
@SantiFortuny	@albert_orta
@SantiFortuny	@TarragonaCdr
@sants_marc	@albert_orta
@saviscatalans	@jacob_31
@saviscatalans	@PorcularPartido
@SE_Aimerigues	@cepvoc
@sebastiacros	@sebastiacros
@sebastiacros	@Wittgenstein_jm
@SeleccionsCAT	@angelsrabal
@SeleccionsCAT	@CATJRD
@SeleccionsCAT	@DavidBarcelo28
@SeleccionsCAT	@freed4Catalonia
@SeleccionsCAT	@joanmolbe
@SeleccionsCAT	@juliettta95
@SeleccionsCAT	@Laiiia95
@SeleccionsCAT	@LourdesClave
@SeleccionsCAT	@OSalvanya
@SeleccionsCAT	@paulusrex4
@SeleccionsCAT	@totiapm
@Selmins	@ingrid_herrero
@Sensicdp	@ISANCAT
@Sensicdp	@sotsproject
@sergicaldes	@AugustoNazzar
@sergicaldes	@grantomasin
@sergiERCcps	@_blancssss
@sergiERCcps	@_nissu_
@sergiERCcps	@23Silma
@sergiERCcps	@27JotaJota
@sergiERCcps	@8passenger
@sergiERCcps	@adolfo_poveda
@sergiERCcps	@aiddaplata
@sergiERCcps	@alebm
@sergiERCcps	@aloma74
@sergiERCcps	@andresgomtab
@sergiERCcps	@AngelDomNac
@sergiERCcps	@angelesmb1
@sergiERCcps	@annasole44
@sergiERCcps	@anpelydraws
@sergiERCcps	@Anxel_Lage
@sergiERCcps	@arbapi
@sergiERCcps	@arnaumeski
@sergiERCcps	@aroa_eh
@sergiERCcps	@asiandafrica
@sergiERCcps	@bcnbelu84
@sergiERCcps	@BcnLu
@sergiERCcps	@beatriiiz021
@sergiERCcps	@begonys
@sergiERCcps	@BonetNugramenet
@sergiERCcps	@c_delarubia
@sergiERCcps	@capdesuro
@sergiERCcps	@CarmeVilaC
@sergiERCcps	@ClaudiaCampos81
@sergiERCcps	@cuberos_moya
@sergiERCcps	@daniebomb
@sergiERCcps	@DavidFdez1980
@sergiERCcps	@DivinaBelmonte
@sergiERCcps	@domenech_lluis
@sergiERCcps	@eb_289
@sergiERCcps	@Eledertxiiu
@sergiERCcps	@Elviraduranc
@sergiERCcps	@Encoberts
@sergiERCcps	@enric_barrios
@sergiERCcps	@ericbg22
@sergiERCcps	@es_nauta
@sergiERCcps	@esbarzer_roig
@sergiERCcps	@EstherMarco
@sergiERCcps	@EuropaEnsEspera
@sergiERCcps	@EvamolloNov
@sergiERCcps	@FelipeGCan
@sergiERCcps	@ferminmuozalmen
@sergiERCcps	@FrostShadow6
@sergiERCcps	@Gaia_Starseed
@sergiERCcps	@gandreu79
@sergiERCcps	@Gay_Luss4c
@sergiERCcps	@gmoraleda_
@sergiERCcps	@GranBerta
@sergiERCcps	@grillaje
@sergiERCcps	@guillecg19
@sergiERCcps	@guillem_millan
@sergiERCcps	@hantonio50000
@sergiERCcps	@HCGFreeRaider
@sergiERCcps	@IFajula
@sergiERCcps	@irijurado
@sergiERCcps	@ivanalmi
@sergiERCcps	@JaumeBV
@sergiERCcps	@jaumesol
@sergiERCcps	@JaxNeverDie
@sergiERCcps	@JCarxofa
@sergiERCcps	@JLlabur
@sergiERCcps	@Jose_Menjibar
@sergiERCcps	@JrealJavireal
@sergiERCcps	@jsabat2
@sergiERCcps	@Judd_Hysteria
@sergiERCcps	@Kquim23
@sergiERCcps	@Kskabell
@sergiERCcps	@laiashelley
@sergiERCcps	@laimabcn
@sergiERCcps	@lamarta
@sergiERCcps	@LauraFontVila
@sergiERCcps	@lindyhomer
@sergiERCcps	@lluisredondo
@sergiERCcps	@LMadurell
@sergiERCcps	@LolaPareja
@sergiERCcps	@luisollokiegi
@sergiERCcps	@luitic75
@sergiERCcps	@lulipepo1
@sergiERCcps	@lydbcn
@sergiERCcps	@Manel4bg
@sergiERCcps	@Manjaume
@sergiERCcps	@MarcCapo
@sergiERCcps	@MarcVinya
@sergiERCcps	@MarioCalvoGarzo
@sergiERCcps	@marquinho997
@sergiERCcps	@martasaballs
@sergiERCcps	@MaskJonny
@sergiERCcps	@matthewtree
@sergiERCcps	@merce_prats
@sergiERCcps	@Meritxell_000
@sergiERCcps	@michinori99
@sergiERCcps	@Mike_Paint
@sergiERCcps	@miquelflorit
@sergiERCcps	@mmascaroo
@sergiERCcps	@moncabanas
@sergiERCcps	@Myt1980
@sergiERCcps	@newzero45
@sergiERCcps	@NoiGuineu
@sergiERCcps	@nuriabreezy
@sergiERCcps	@pancracieta
@sergiERCcps	@ParadoxicalCat
@sergiERCcps	@patriciamach94
@sergiERCcps	@PatriotaPopular
@sergiERCcps	@Pau_cc
@sergiERCcps	@pedrogarciaflo3
@sergiERCcps	@Pere_doji
@sergiERCcps	@peredenargo
@sergiERCcps	@pitarch8
@sergiERCcps	@podamar
@sergiERCcps	@PonceJLG
@sergiERCcps	@porabajo
@sergiERCcps	@profEHRBAR
@sergiERCcps	@proudtobecat
@sergiERCcps	@psf98
@sergiERCcps	@Psicodromo
@sergiERCcps	@Quiquelosa
@sergiERCcps	@ragde_1990
@sergiERCcps	@Ramonpauls
@sergiERCcps	@raqel__
@sergiERCcps	@RogerBaiget
@sergiERCcps	@RSUAREZ4
@sergiERCcps	@ruben_4444
@sergiERCcps	@SaraLozano97
@sergiERCcps	@Sebas_Porsiacas
@sergiERCcps	@Sergey13_
@sergiERCcps	@SherryFlox
@sergiERCcps	@Shicasene
@sergiERCcps	@SitoValca
@sergiERCcps	@SMaL0_Anime
@sergiERCcps	@SonjamurilloWei
@sergiERCcps	@SusoPerezGarcia
@sergiERCcps	@tamaraperezdiaz
@sergiERCcps	@tekueldruida
@sergiERCcps	@tonisanper
@sergiERCcps	@tote_llado
@sergiERCcps	@tru7
@sergiERCcps	@twitsmaggie
@sergiERCcps	@Un_inciso
@sergiERCcps	@Vance_Dyer
@sergiERCcps	@vidmz
@sergiERCcps	@VirginiaLagunas
@sergiERCcps	@VodkaIsntEnough
@sergiERCcps	@xavalcat
@sergiERCcps	@xavierferrer73
@sergiERCcps	@xguillen2014
@sergiERCcps	@Yandrax94
@sergiERCcps	@yoly4216
@sergiERCcps	@zdavalos_
@sergiERCcps	@Zolinlarra
@sergipinkman	@arytzam
@sergisas3	@sergisas3
@SerraEdu	@PDeCATMataro
@SindicaEstudian	@ahoravdlt
@SindicaEstudian	@algopedagogica
@SindicaEstudian	@Anastasiado43
@SindicaEstudian	@Antonio_GarSi
@SindicaEstudian	@BelenGalvan__
@SindicaEstudian	@bronsfire
@SindicaEstudian	@EHSozialista
@SindicaEstudian	@EzkIraultzailea
@SindicaEstudian	@GanemosCCOO
@SindicaEstudian	@GazteluAna
@SindicaEstudian	@IzquierdaRevol
@SindicaEstudian	@jesus_rued
@SindicaEstudian	@MattDobson85
@SindicaEstudian	@MissNieve
@SindicaEstudian	@monograficotwit
@SindicaEstudian	@rhart97
@SindicaEstudian	@Sc4Fortuna
@SindicaEstudian	@SEMalaga
@SindicaEstudian	@SEUCM
@SindicaEstudian	@SocialistSouth
@SindicaEstudian	@SPS_socialist
@SindicaEstudian	@Txantxangorri
@SindicaEstudian	@TxemaFernan1970
@SindicaEstudian	@WinOlivAres
@Sistomatiques	@cuplagarriga
@Sistomatiques	@vspascual
@sixtiestwist	@Al3x_xX
@sixtiestwist	@Sergi_SMJ
@soc_cat	@JessySnake
@soc_cat	@jgimenezpascual
@Socialist_party	@benmlongmore
@Socialist_party	@rhart97
@SOMgramenet	@AlbadeBenaura
@SOMgramenet	@francescllamas
@SOMgramenet	@junimont
@SOMgramenet	@maria_9barris
@sortuEH	@CUPGranollers
@SoyMaarz	@josemarialope16
@SoyMaarz	@RubemPa
@sport	@15_corre
@sport	@albertcanarion
@sport	@asunbdnhotmail1
@sport	@betarango
@sport	@brgrzr99
@sport	@cabrerarncr
@sport	@grupozeta
@sport	@Joan0414
@sport	@LaChicaCule27
@sport	@LuisJaRuiz13
@sport	@MarielaBejar
@sport	@Marsal95
@sport	@maruxiiii
@sport	@quikep77
@sport	@Robertogzagza93
@swarua	@Jordi_Galderic
@TarragonaCdr	@FlautistaDJbln
@TeresaJorda	@_FreeKp
@TeresaJorda	@_marfernandez
@TeresaJorda	@0Seuba
@TeresaJorda	@14Analuque
@TeresaJorda	@1a2z107
@TeresaJorda	@5_arnau
@TeresaJorda	@6uN7CtZuCK66Rpd
@TeresaJorda	@70diazcat
@TeresaJorda	@77delg
@TeresaJorda	@agracian99
@TeresaJorda	@ainasastre14
@TeresaJorda	@albertobueso
@TeresaJorda	@albertrafols
@TeresaJorda	@alexandrecamps
@TeresaJorda	@AliciaAlnara
@TeresaJorda	@Almat49
@TeresaJorda	@anasurra
@TeresaJorda	@ANCLleidaSegria
@TeresaJorda	@Angeleugeni
@TeresaJorda	@annaalvado
@TeresaJorda	@annanogcab
@TeresaJorda	@annazamar
@TeresaJorda	@antonicastellas
@TeresaJorda	@antonisoy
@TeresaJorda	@AntunezNgel
@TeresaJorda	@aquipuedo
@TeresaJorda	@ArnauMinguell
@TeresaJorda	@arnauricartt
@TeresaJorda	@arturolle
@TeresaJorda	@ary2d2
@TeresaJorda	@asanalo58
@TeresaJorda	@asiandafrica
@TeresaJorda	@askari222
@TeresaJorda	@Asno102
@TeresaJorda	@atopeuri
@TeresaJorda	@barnazen
@TeresaJorda	@bausa_joan
@TeresaJorda	@BblaiaLaia
@TeresaJorda	@BernatRicard
@TeresaJorda	@BernatVicaria
@TeresaJorda	@bet166
@TeresaJorda	@BielSegui
@TeresaJorda	@bou_josep
@TeresaJorda	@bsilanes
@TeresaJorda	@BZVGS
@TeresaJorda	@calolmo
@TeresaJorda	@CamposBarreda
@TeresaJorda	@capdevilajoan
@TeresaJorda	@carles_gavila
@TeresaJorda	@cataladelsud
@TeresaJorda	@catalanchick
@TeresaJorda	@CatalansForYes
@TeresaJorda	@Cesk_mm
@TeresaJorda	@cfrd1909cat
@TeresaJorda	@charliesbd
@TeresaJorda	@CollantesManuel
@TeresaJorda	@ComellasRamon
@TeresaJorda	@ComesFrancesc
@TeresaJorda	@COSTAMARTA10
@TeresaJorda	@Cris56549397
@TeresaJorda	@crisespique
@TeresaJorda	@dadma2010
@TeresaJorda	@daesga
@TeresaJorda	@david9n_27s
@TeresaJorda	@DavidBulta
@TeresaJorda	@didacjoanz
@TeresaJorda	@DolorsNun
@TeresaJorda	@DolsR
@TeresaJorda	@domenech_lluis
@TeresaJorda	@dominguezmv
@TeresaJorda	@DUIJudith
@TeresaJorda	@eba70
@TeresaJorda	@ediar
@TeresaJorda	@eduardhv77
@TeresaJorda	@elcatodicos
@TeresaJorda	@elfa_neus
@TeresaJorda	@ElisabethSolCar
@TeresaJorda	@ElisaFontanill2
@TeresaJorda	@ElisendaPerez
@TeresaJorda	@emiliboladeres
@TeresaJorda	@EncarnaMagin
@TeresaJorda	@EnricMartin1
@TeresaJorda	@ERC_Caldes
@TeresaJorda	@ERCsindical
@TeresaJorda	@eriicsaanchez
@TeresaJorda	@erk_abzugan
@TeresaJorda	@Esquerra_ERC
@TeresaJorda	@esteve_folch
@TeresaJorda	@euskagofo
@TeresaJorda	@eyeclipse
@TeresaJorda	@FerranGinebrosa
@TeresaJorda	@fgonzalezm68
@TeresaJorda	@fina_forpu
@TeresaJorda	@flaviosoq
@TeresaJorda	@ForestalGest
@TeresaJorda	@FrancescJ63
@TeresaJorda	@FrancescPerezPu
@TeresaJorda	@Gemmaroig97
@TeresaJorda	@Gery13Teixido
@TeresaJorda	@GillStella
@TeresaJorda	@ginoalvar
@TeresaJorda	@gloriaputxi
@TeresaJorda	@GriseldaPostigo
@TeresaJorda	@guillercg
@TeresaJorda	@Habain77
@TeresaJorda	@HomsArturo
@TeresaJorda	@iammaarinaa
@TeresaJorda	@IHuete
@TeresaJorda	@inma1312
@TeresaJorda	@IreneBornay
@TeresaJorda	@iroca
@TeresaJorda	@Isaacggils79
@TeresaJorda	@Ivanet77
@TeresaJorda	@Jabbastation
@TeresaJorda	@JaumeMeneses
@TeresaJorda	@Javi_Quique_OK
@TeresaJorda	@jbarrullbadia
@TeresaJorda	@JC_Gonzalo69
@TeresaJorda	@joan_abs
@TeresaJorda	@Joan_T_G
@TeresaJorda	@Joan314Joan
@TeresaJorda	@joanc29
@TeresaJorda	@joancapu
@TeresaJorda	@joanguila
@TeresaJorda	@joangv66
@TeresaJorda	@joanmm7
@TeresaJorda	@jocrusells
@TeresaJorda	@JoelBernaus
@TeresaJorda	@JonathanLVera
@TeresaJorda	@JordaFiter
@TeresaJorda	@Jordi_RG
@TeresaJorda	@Jordicentellesr
@TeresaJorda	@JordiJDC
@TeresaJorda	@jordipons8
@TeresaJorda	@jordisb99
@TeresaJorda	@JorgeBlaschke
@TeresaJorda	@Josep_Guerrero
@TeresaJorda	@JosepCanals222
@TeresaJorda	@josepfrancesest
@TeresaJorda	@JosepRamonBadia
@TeresaJorda	@JosepRicoma
@TeresaJorda	@jsalvadorduch
@TeresaJorda	@juandi
@TeresaJorda	@JuntsPelSi_Cat
@TeresaJorda	@jvilach
@TeresaJorda	@KaliYuga13
@TeresaJorda	@kikucule
@TeresaJorda	@KtarCesc
@TeresaJorda	@Laaaaaia
@TeresaJorda	@Lanesttosa
@TeresaJorda	@lauracastelfort
@TeresaJorda	@lavernicola
@TeresaJorda	@llaloy
@TeresaJorda	@LlatseEmili
@TeresaJorda	@llorens_marc
@TeresaJorda	@Lluisrigal
@TeresaJorda	@lluisrimon
@TeresaJorda	@LluisSabates
@TeresaJorda	@lluisvives24
@TeresaJorda	@LolaBardo
@TeresaJorda	@lord_Jordi
@TeresaJorda	@LuisMarin86
@TeresaJorda	@Mampi64
@TeresaJorda	@ManAguiLo
@TeresaJorda	@manelgallart
@TeresaJorda	@MAR13_01
@TeresaJorda	@marc_bcncat
@TeresaJorda	@MarcVilloro
@TeresaJorda	@mariam550
@TeresaJorda	@MariaVidal5
@TeresaJorda	@MaribelCatala
@TeresaJorda	@Mariola67290946
@TeresaJorda	@Marper4
@TeresaJorda	@MartaBP44
@TeresaJorda	@martalagrana
@TeresaJorda	@MartaRieraERC
@TeresaJorda	@Martatp1970
@TeresaJorda	@MartiEstella
@TeresaJorda	@maxijoan
@TeresaJorda	@maximo_moretti
@TeresaJorda	@mayor_monica
@TeresaJorda	@mbaraj1971
@TeresaJorda	@mcarnicero05
@TeresaJorda	@mestevem
@TeresaJorda	@mestressadecasa
@TeresaJorda	@mgrabuleda
@TeresaJorda	@michelcuston1
@TeresaJorda	@MiquelBadia3
@TeresaJorda	@MiquelRoman
@TeresaJorda	@mireia_albiol
@TeresaJorda	@Mireia888
@TeresaJorda	@Mireiavam
@TeresaJorda	@mirpanna
@TeresaJorda	@mmaaarrz
@TeresaJorda	@MonicaTS74
@TeresaJorda	@monimo0908
@TeresaJorda	@montsecasaus
@TeresaJorda	@moonblue365
@TeresaJorda	@mujertpuntcat
@TeresaJorda	@naggerman
@TeresaJorda	@NaturaMaresme
@TeresaJorda	@NeusCunill
@TeresaJorda	@NextbitFan
@TeresaJorda	@niskas
@TeresaJorda	@nomagradares
@TeresaJorda	@OmniumTarragone
@TeresaJorda	@orientaccio
@TeresaJorda	@Oxano75Rossello
@TeresaJorda	@PanderetaZalea
@TeresaJorda	@panitinho
@TeresaJorda	@pantone172c
@TeresaJorda	@paquilatorrera1
@TeresaJorda	@Paso_d_Tu
@TeresaJorda	@paullonch
@TeresaJorda	@penya1992
@TeresaJorda	@PepAurell
@TeresaJorda	@PepPayo
@TeresaJorda	@picapicabufa
@TeresaJorda	@PilarmAlsina
@TeresaJorda	@pilarneo58
@TeresaJorda	@polbatapag
@TeresaJorda	@politologmurcia
@TeresaJorda	@porabajo
@TeresaJorda	@Portabales_Hijo
@TeresaJorda	@Practicala
@TeresaJorda	@PratXevi
@TeresaJorda	@PuigRichart
@TeresaJorda	@pujolarsenpau
@TeresaJorda	@quimetus
@TeresaJorda	@rbatlle7
@TeresaJorda	@rfernandezjou
@TeresaJorda	@ricard_moreu
@TeresaJorda	@ricardcases
@TeresaJorda	@RICARDPF
@TeresaJorda	@ricart_isabel
@TeresaJorda	@riicard7
@TeresaJorda	@rl_lucena
@TeresaJorda	@Roger_Riera
@TeresaJorda	@rosagpl44
@TeresaJorda	@roserlopartt
@TeresaJorda	@sagasaez
@TeresaJorda	@sananoulook
@TeresaJorda	@SantiGoogle
@TeresaJorda	@sapoconcho
@TeresaJorda	@saralidiaester
@TeresaJorda	@sativamush
@TeresaJorda	@scapadtot
@TeresaJorda	@scitarragona
@TeresaJorda	@Seishiro
@TeresaJorda	@sergipinkman
@TeresaJorda	@sergisas3
@TeresaJorda	@sinasdv
@TeresaJorda	@smfawea
@TeresaJorda	@sole_mariano
@TeresaJorda	@spagarolas
@TeresaJorda	@ssfreixas
@TeresaJorda	@storresel
@TeresaJorda	@susanna_sl
@TeresaJorda	@TereMafalda
@TeresaJorda	@Tgarcia_m
@TeresaJorda	@tohr1963
@TeresaJorda	@tommyblancob
@TeresaJorda	@txus_txus
@TeresaJorda	@VicRF72
@TeresaJorda	@villacrosa
@TeresaJorda	@xavadegirona
@TeresaJorda	@xavieritja
@TeresaJorda	@xaviervallverdu
@TeresaJorda	@xevixeff1
@TeresaJorda	@Xquet
@TeresaJorda	@Xurrasca
@TeresaJorda	@XVRGF1970
@TeresaJorda	@ZelaiJai
@tomeu2	@NewsNeus
@Tomi147	@MomoBegur
@toniaira	@Joaninet
@toniaira	@lilamesq
@tonillefia	@andresxvidal
@tonillefia	@CasellasCarlos
@Torrelles_ERC	@danicfo
@Torrelles_ERC	@DoloresGarcia3
@ullsverds85	@Mapt81
@ultrasonica	@miqueldepalol
@unelement	@soclaquellegeix
@ValentiRossell	@AnnaSelva
@ValentiRossell	@BertaFaro1
@ValentiRossell	@GarolaDolors
@valeriagaillard	@_carlesandreu
@valeriagaillard	@Somiatwiter
@Van_der_Pla	@DidacKhotso
@vancstcugat	@ercsantcugat
@VeraYang1980	@andrac52
@VeraYang1980	@montsegolSiSi
@VeraYang1980	@montserumbau
@VeraYang1980	@SMMoreno5
@victormiro1980	@fvernet72
@WompX_69	@elcatodicos
@XaioTro	@Orlik_Cat
@XandriCalsapeu	@GollyRectoret
@XandriCalsapeu	@Kunsapeta
@XandriCalsapeu	@SalvaAreva
@xavartal	@blairodriguez
@xavartal	@debolsillo
@xavartal	@Marpalau
@xavartal	@ORigola
@xavartal	@PauFarinetes
@xavartal	@RespecteAnimals
@xavartal	@revistatalaiot
@xavartal	@tresaroca
@xavartal	@Txetake
@xavichica	@aitor_8a
@xavichica	@gest69
@xavichica	@herminia2208
@xavichica	@JesusSanTe
@xavichica	@joan_mortes
@xavichica	@laurarv
@xavichica	@loucerdanya
@xavichica	@MarcMonserrate
@xavichica	@martinez_enya
@xavichica	@mh_agustin
@xavichica	@morbcn
@xavichica	@satigalanavila
@xavier_torrens	@conceppp
@xavier_torrens	@moneny68
@xavier_torrens	@Paredesr
@Xavier179179	@rrocai
@xavipinsach	@Koldo_
@xecspir	@puerta_nuria
@xoriguersudg	@3Rondes
@xoriguersudg	@6uN7CtZuCK66Rpd
@xoriguersudg	@sergimarti87
@Zandranori	@trapella
@ZEtxeburua	@ane_fernandez
@ZEtxeburua	@capdesuro
@ZEtxeburua	@Euskalherriaske
@ZEtxeburua	@gurutzeizagirre
@ZEtxeburua	@MUkulturparkea
@ZEtxeburua	@petraelser
@ZEtxeburua	@saioarodriguez
@ZEtxeburua	@TaoainzeGoierri
