name	link	tuits	retuits	rteados	followers	following	status	location	Walktrap
@__CarmenLopez	<a href="https://twitter.com/__CarmenLopez" target="_blank">__CarmenLopez</a>	19	0	2	16667	15242	102165		012
@__MireMi	<a href="https://twitter.com/__MireMi" target="_blank">__MireMi</a>	3	0	1	432	417	12577	Reus-Barcelona, Catalunya	091
@_BATXURI_	<a href="https://twitter.com/_BATXURI_" target="_blank">_BATXURI_</a>	1	1	0	233	487	6830	Basque Country & World	006
@_blancssss	<a href="https://twitter.com/_blancssss" target="_blank">_blancssss</a>	1	0	1	277	917	3713	Barcelona	105
@_carlesandreu	<a href="https://twitter.com/_carlesandreu" target="_blank">_carlesandreu</a>	3	0	1	226	529	4859	CAT	057
@_Catalunya_	<a href="https://twitter.com/_Catalunya_" target="_blank">_Catalunya_</a>	2	0	1	64	102	3777		003
@_corbo	<a href="https://twitter.com/_corbo" target="_blank">_corbo</a>	11	0	2	125	253	6040	Catalunya	018
@_Dyos	<a href="https://twitter.com/_Dyos" target="_blank">_Dyos</a>	12	0	2	96	272	5168		006
@_FreeKp	<a href="https://twitter.com/_FreeKp" target="_blank">_FreeKp</a>	2	0	1	834	185	48943	Barcelona	002
@_jo_do	<a href="https://twitter.com/_jo_do" target="_blank">_jo_do</a>	2	0	1	782	1434	3791	Colònia per poc temps	003
@_jordipahisa	<a href="https://twitter.com/_jordipahisa" target="_blank">_jordipahisa</a>	5	0	1	48	157	4572	Sant Cugat, Barcelona	003
@_liberales	<a href="https://twitter.com/_liberales" target="_blank">_liberales</a>	6	0	1	4551	1899	123816		163
@_marfernandez	<a href="https://twitter.com/_marfernandez" target="_blank">_marfernandez</a>	2	0	1	184	333	1228	Catalunya	002
@_MiquelL_	<a href="https://twitter.com/_MiquelL_" target="_blank">_MiquelL_</a>	15	0	1	180	186	27359		003
@_nissu_	<a href="https://twitter.com/_nissu_" target="_blank">_nissu_</a>	2	0	1	53	132	3544	Girona	105
@_Rosamary_	<a href="https://twitter.com/_Rosamary_" target="_blank">_Rosamary_</a>	18	0	2	3374	3034	130740	Catalunya	015
@_Saulo_7	<a href="https://twitter.com/_Saulo_7" target="_blank">_Saulo_7</a>	1	0	1	792	595	43548	Al-Yazira al-Jadra ۞	094
@_Sergiozuares	<a href="https://twitter.com/_Sergiozuares" target="_blank">_Sergiozuares</a>	0	1	0					329
@_xarlse	<a href="https://twitter.com/_xarlse" target="_blank">_xarlse</a>	15	0	1	139	195	7002	Tarragona, Catalunya.	003
@07_977	<a href="https://twitter.com/07_977" target="_blank">07_977</a>	2	0	1	24	89	179		003
@08840v	<a href="https://twitter.com/08840v" target="_blank">08840v</a>	4	8	0	461	285	5927	Viladecans (Barcelona)	120
@0Seuba	<a href="https://twitter.com/0Seuba" target="_blank">0Seuba</a>	31	0	3	664	1159	13762	Avià-Bcn, Catalunya	064
@11s2014	<a href="https://twitter.com/11s2014" target="_blank">11s2014</a>	8	0	1	1506	2051	23723	Mataró, Catalunya	137
@11Xic	<a href="https://twitter.com/11Xic" target="_blank">11Xic</a>	1	0	1	207	773	8833		007
@123Alarco	<a href="https://twitter.com/123Alarco" target="_blank">123Alarco</a>	4	0	2	7	78	2137		064
@14Analuque	<a href="https://twitter.com/14Analuque" target="_blank">14Analuque</a>	3	0	1	17	49	601	Castelldefels, España	002
@15_corre	<a href="https://twitter.com/15_corre" target="_blank">15_corre</a>	1	0	1	391	1460	48691	Santa Cruz de Tenerife	035
@15jba	<a href="https://twitter.com/15jba" target="_blank">15jba</a>	13	0	1	1097	2152	14894	Catalunya	003
@1603ip	<a href="https://twitter.com/1603ip" target="_blank">1603ip</a>	4	0	1	8	142	1222		005
@1714Drac1714	<a href="https://twitter.com/1714Drac1714" target="_blank">1714Drac1714</a>	21	0	3	516	288	52974	Catalunya.	087
@1970Marta	<a href="https://twitter.com/1970Marta" target="_blank">1970Marta</a>	8	0	1	33	439	4704		064
@1977rarra	<a href="https://twitter.com/1977rarra" target="_blank">1977rarra</a>	1	0	1	184	540	1966	vallverd-golmes	007
@1983Sergi	<a href="https://twitter.com/1983Sergi" target="_blank">1983Sergi</a>	7	0	1	777	526	48148		080
@1a2z107	<a href="https://twitter.com/1a2z107" target="_blank">1a2z107</a>	2	0	2	3	46	44	Reus (Catalunya)	003
@1Lescorts	<a href="https://twitter.com/1Lescorts" target="_blank">1Lescorts</a>	1	0	1	126	2078	436	Vic, Espanya	008
@1ncognito__	<a href="https://twitter.com/1ncognito__" target="_blank">1ncognito__</a>	3	0	3	2658	1760	100713	London, England	040
@1Oct_	<a href="https://twitter.com/1Oct_" target="_blank">1Oct_</a>	2	0	1	1543	2415	2466		003
@1xarnego	<a href="https://twitter.com/1xarnego" target="_blank">1xarnego</a>	4	0	1	80	223	5932	euskadi	099
@2005sjusi	<a href="https://twitter.com/2005sjusi" target="_blank">2005sjusi</a>	26	0	2	805	790	51238	Costa Daurada	017
@23Silma	<a href="https://twitter.com/23Silma" target="_blank">23Silma</a>	1	0	1	5	19	112		105
@25mmoreno	<a href="https://twitter.com/25mmoreno" target="_blank">25mmoreno</a>	2	0	1	126	276	4154		064
@27JotaJota	<a href="https://twitter.com/27JotaJota" target="_blank">27JotaJota</a>	1	0	1	13	38	717	España	105
@28mavi28	<a href="https://twitter.com/28mavi28" target="_blank">28mavi28</a>	14	0	1	32	96	9997		003
@3479cristina	<a href="https://twitter.com/3479cristina" target="_blank">3479cristina</a>	1	0	1	1	35	95	London	005
@3loiBalletboG	<a href="https://twitter.com/3loiBalletboG" target="_blank">3loiBalletboG</a>	3	0	1	251	597	4976	Catalunya	005
@3Rondes	<a href="https://twitter.com/3Rondes" target="_blank">3Rondes</a>	2	0	1	4461	382	21070	Catalunya	149
@434didi	<a href="https://twitter.com/434didi" target="_blank">434didi</a>	5	0	1	621	760	91190		003
@45c32378c34f499	<a href="https://twitter.com/45c32378c34f499" target="_blank">45c32378c34f499</a>	22	0	3	540	629	80217		019
@4691tms	<a href="https://twitter.com/4691tms" target="_blank">4691tms</a>	11	0	1	46	168	2557	DUI	005
@5_arnau	<a href="https://twitter.com/5_arnau" target="_blank">5_arnau</a>	1	0	1	46	369	2443	Lliçà d'Amunt, España	002
@5ergim	<a href="https://twitter.com/5ergim" target="_blank">5ergim</a>	2	0	1	18	210	1252		133
@61_merc	<a href="https://twitter.com/61_merc" target="_blank">61_merc</a>	1	0	1	190	160	5715	Sant Climent de Llobregat	138
@67_josep	<a href="https://twitter.com/67_josep" target="_blank">67_josep</a>	5	0	1	123	234	15856	Santpedor	064
@6uN7CtZuCK66Rpd	<a href="https://twitter.com/6uN7CtZuCK66Rpd" target="_blank">6uN7CtZuCK66Rpd</a>	7	2	3	63	397	568		006
@70diazcat	<a href="https://twitter.com/70diazcat" target="_blank">70diazcat</a>	15	0	2	82	239	7375		022
@747Aguila	<a href="https://twitter.com/747Aguila" target="_blank">747Aguila</a>	1	0	1	7	33	99	Vallmoll,  Catalunya	094
@75gorka	<a href="https://twitter.com/75gorka" target="_blank">75gorka</a>	4	0	1	152	371	9116		070
@77delg	<a href="https://twitter.com/77delg" target="_blank">77delg</a>	7	0	1	218	975	2370		002
@7eduvilla	<a href="https://twitter.com/7eduvilla" target="_blank">7eduvilla</a>	1	0	1	133	426	762	Terrassa	003
@86Gaete	<a href="https://twitter.com/86Gaete" target="_blank">86Gaete</a>	1	0	1	1	31	123		003
@8NURIA	<a href="https://twitter.com/8NURIA" target="_blank">8NURIA</a>	7	0	2	130	686	2846	Salt, Girona, Costa Brava	006
@8passenger	<a href="https://twitter.com/8passenger" target="_blank">8passenger</a>	7	0	1	341	556	28907	Berlin	105
@8Peke	<a href="https://twitter.com/8Peke" target="_blank">8Peke</a>	2	0	1	81	71	794	Mataró	003
@8rosaespinosa	<a href="https://twitter.com/8rosaespinosa" target="_blank">8rosaespinosa</a>	4	0	1	426	873	11009		001
@952b55bdb0b944d	<a href="https://twitter.com/952b55bdb0b944d" target="_blank">952b55bdb0b944d</a>	9	0	1	5	147	1042	Vila de Gracia, Barcelona	169
@9jrib9	<a href="https://twitter.com/9jrib9" target="_blank">9jrib9</a>	90	0	7	3402	3954	192205	Barcelona	003
@a_45rpm	<a href="https://twitter.com/a_45rpm" target="_blank">a_45rpm</a>	1	0	1	443	488	14876	Barcelona	080
@A_Mesto	<a href="https://twitter.com/A_Mesto" target="_blank">A_Mesto</a>	1	0	1	172	599	11830	Madrid	007
@A2AoA	<a href="https://twitter.com/A2AoA" target="_blank">A2AoA</a>	1	0	1	8	47	568		247
@a9de8b44494d436	<a href="https://twitter.com/a9de8b44494d436" target="_blank">a9de8b44494d436</a>	14	0	2	57	34	6784		003
@AAixurach	<a href="https://twitter.com/AAixurach" target="_blank">AAixurach</a>	16	0	4	2357	4990	62401	Via Lactia	083
@aaltafaj	<a href="https://twitter.com/aaltafaj" target="_blank">aaltafaj</a>	3	2	0	17243	1430	20888	Brussels & BCN	060
@ABalagu	<a href="https://twitter.com/ABalagu" target="_blank">ABalagu</a>	17	5	2	4646	4899	101124		001
@abarberalluis	<a href="https://twitter.com/abarberalluis" target="_blank">abarberalluis</a>	19	0	1	815	639	4324		064
@abarcelo91	<a href="https://twitter.com/abarcelo91" target="_blank">abarcelo91</a>	2	0	1	1058	1395	13976	Reus - BCN	001
@AbbayePuig	<a href="https://twitter.com/AbbayePuig" target="_blank">AbbayePuig</a>	29	0	1	1162	1684	76474	Catalunya	001
@Abelletaindepe	<a href="https://twitter.com/Abelletaindepe" target="_blank">Abelletaindepe</a>	5	0	1	6183	3454	4094	Catalunya ||*||	006
@abellot10	<a href="https://twitter.com/abellot10" target="_blank">abellot10</a>	3	0	1	196	1540	8288	Catalunya	001
@AbelPeraire	<a href="https://twitter.com/AbelPeraire" target="_blank">AbelPeraire</a>	8	0	2	638	186	4539		003
@acaballep	<a href="https://twitter.com/acaballep" target="_blank">acaballep</a>	7	0	1	524	790	11629		001
@AdanJulia	<a href="https://twitter.com/AdanJulia" target="_blank">AdanJulia</a>	1	0	1	187	374	2308		005
@Adelita49455610	<a href="https://twitter.com/Adelita49455610" target="_blank">Adelita49455610</a>	17	0	3	164	89	33943		007
@adell_rios_edit	<a href="https://twitter.com/adell_rios_edit" target="_blank">adell_rios_edit</a>	7	0	1	722	3746	2442		001
@AdellFerran	<a href="https://twitter.com/AdellFerran" target="_blank">AdellFerran</a>	2	0	1	282	474	8803		064
@AdelMoya8	<a href="https://twitter.com/AdelMoya8" target="_blank">AdelMoya8</a>	1	0	1	419	541	2313		008
@adeuespanya2017	<a href="https://twitter.com/adeuespanya2017" target="_blank">adeuespanya2017</a>	2	1	0	141	526	272	CATALUNYA	162
@Admo_independe	<a href="https://twitter.com/Admo_independe" target="_blank">Admo_independe</a>	44	0	1	1130	627	20812	Catalunya (UE)	009
@adolfo_poveda	<a href="https://twitter.com/adolfo_poveda" target="_blank">adolfo_poveda</a>	1	0	1	343	2005	6320		105
@adretuab	<a href="https://twitter.com/adretuab" target="_blank">adretuab</a>	0	1	0					007
@AdriaAlert	<a href="https://twitter.com/AdriaAlert" target="_blank">AdriaAlert</a>	5	0	1	58	139	2273	Barcelona	001
@AdriaCanellas	<a href="https://twitter.com/AdriaCanellas" target="_blank">AdriaCanellas</a>	1	0	1	47	69	131	Catalunya	003
@AdriaRabassa	<a href="https://twitter.com/AdriaRabassa" target="_blank">AdriaRabassa</a>	9	0	1	127	308	4992	Girona(Catalunya)	064
@adriasolanes	<a href="https://twitter.com/adriasolanes" target="_blank">adriasolanes</a>	1	0	1	133	649	1058	Cabralunya	093
@AdurHelvetios	<a href="https://twitter.com/AdurHelvetios" target="_blank">AdurHelvetios</a>	1	0	1	63	194	352		013
@AEmanuelTerNat	<a href="https://twitter.com/AEmanuelTerNat" target="_blank">AEmanuelTerNat</a>	38	0	1	65	375	6684	Barcelona, Catalunya	051
@aenriquez85	<a href="https://twitter.com/aenriquez85" target="_blank">aenriquez85</a>	1	0	1	219	188	591		192
@AEsquirol	<a href="https://twitter.com/AEsquirol" target="_blank">AEsquirol</a>	4	0	2	58	184	703		085
@aezkiaga	<a href="https://twitter.com/aezkiaga" target="_blank">aezkiaga</a>	7	1	0	229	146	11617	Bardulia, La Navarra maritima	247
@AForcades	<a href="https://twitter.com/AForcades" target="_blank">AForcades</a>	4	0	1	864	1977	3062	Catalunya	006
@agallartp	<a href="https://twitter.com/agallartp" target="_blank">agallartp</a>	5	0	1	204	373	2649		003
@AgataBuxade	<a href="https://twitter.com/AgataBuxade" target="_blank">AgataBuxade</a>	5	0	2	173	517	9667	Barcelona	007
@AgenteEstatal	<a href="https://twitter.com/AgenteEstatal" target="_blank">AgenteEstatal</a>	1	0	1	315	402	4942	Barcelona, España	111
@agnes_sola	<a href="https://twitter.com/agnes_sola" target="_blank">agnes_sola</a>	8	0	1	39	178	6370		009
@agomezbarot	<a href="https://twitter.com/agomezbarot" target="_blank">agomezbarot</a>	3	0	1	69	158	1520	Poblenou, República Catalana	003
@AGR_Network	<a href="https://twitter.com/AGR_Network" target="_blank">AGR_Network</a>	17	0	3	1016	2050	33236	Україна	036
@agracian99	<a href="https://twitter.com/agracian99" target="_blank">agracian99</a>	3	0	1	16	40	429		002
@AguantaMacgyver	<a href="https://twitter.com/AguantaMacgyver" target="_blank">AguantaMacgyver</a>	8	0	1	245	725	14362	España	003
@AgusilvinSilvia	<a href="https://twitter.com/AgusilvinSilvia" target="_blank">AgusilvinSilvia</a>	2	0	1	22	180	352	Sant Vicenç de Montalt, Espanya	003
@agustiargimon	<a href="https://twitter.com/agustiargimon" target="_blank">agustiargimon</a>	1	3	0	2329	2071	16533	Sants - Països Catalans	012
@AgustiBartra92	<a href="https://twitter.com/AgustiBartra92" target="_blank">AgustiBartra92</a>	1	0	1	38	138	162	Catalunya	003
@AgustiCapdevila	<a href="https://twitter.com/AgustiCapdevila" target="_blank">AgustiCapdevila</a>	4	0	1	23	69	1300	les Masies de Voltregà, Espanya	003
@AgustidelDiego	<a href="https://twitter.com/AgustidelDiego" target="_blank">AgustidelDiego</a>	6	0	2	691	960	9345	Tarragona	001
@AgustiIgnasi	<a href="https://twitter.com/AgustiIgnasi" target="_blank">AgustiIgnasi</a>	8	0	1	1003	928	67519	www.cristians.cat	001
@AGUSTITENLLADO	<a href="https://twitter.com/AGUSTITENLLADO" target="_blank">AGUSTITENLLADO</a>	1	0	1	134	291	867	Esplugues de Llobregat, Cataluña	003
@ahoraluzycolor	<a href="https://twitter.com/ahoraluzycolor" target="_blank">ahoraluzycolor</a>	4	0	1	11630	8726	15754		094
@ahoravdlt	<a href="https://twitter.com/ahoravdlt" target="_blank">ahoravdlt</a>	2	0	1	355	492	5027	Villanueva de la Torre	045
@AhotsaInfo	<a href="https://twitter.com/AhotsaInfo" target="_blank">AhotsaInfo</a>	18	12	1	16640	1024	55586	Nafarroa - Euskal Herria	010
@aialomar1	<a href="https://twitter.com/aialomar1" target="_blank">aialomar1</a>	5	0	1	61	96	6034		008
@AicasaSerrano	<a href="https://twitter.com/AicasaSerrano" target="_blank">AicasaSerrano</a>	3	0	1	84	291	2794		005
@aida_borrell	<a href="https://twitter.com/aida_borrell" target="_blank">aida_borrell</a>	1	0	1	6	114	228	Barcelona, Catalunya	005
@AidaPN4	<a href="https://twitter.com/AidaPN4" target="_blank">AidaPN4</a>	1	0	1	127	573	595	Tarragona, Spain	003
@aidaurgell	<a href="https://twitter.com/aidaurgell" target="_blank">aidaurgell</a>	0	1	0					273
@aiddaplata	<a href="https://twitter.com/aiddaplata" target="_blank">aiddaplata</a>	3	0	1	2283	1357	39361	Barcelona	105
@aina_jorba	<a href="https://twitter.com/aina_jorba" target="_blank">aina_jorba</a>	2	1	0	39	24	98	Barcelona, Catalunya	168
@Aina00894897	<a href="https://twitter.com/Aina00894897" target="_blank">Aina00894897</a>	4	0	1	17	68	1676		005
@ainabarrio	<a href="https://twitter.com/ainabarrio" target="_blank">ainabarrio</a>	1	0	1	397	399	2591	Catalunya	003
@ainanvb	<a href="https://twitter.com/ainanvb" target="_blank">ainanvb</a>	5	0	4	108	355	18692		003
@ainarodri	<a href="https://twitter.com/ainarodri" target="_blank">ainarodri</a>	4	0	1	657	1340	7289	Barcelona, Catalunya	091
@ainasastre14	<a href="https://twitter.com/ainasastre14" target="_blank">ainasastre14</a>	4	0	1	165	437	5199	Mallorca, Països Catalans	002
@aiolga	<a href="https://twitter.com/aiolga" target="_blank">aiolga</a>	1	1	0	96	621	1033	Barcelona	268
@airmosso	<a href="https://twitter.com/airmosso" target="_blank">airmosso</a>	23	0	4	450	451	31904	Catalunya	001
@airunalvarez	<a href="https://twitter.com/airunalvarez" target="_blank">airunalvarez</a>	8	0	1	28	228	3460		003
@aitor_8a	<a href="https://twitter.com/aitor_8a" target="_blank">aitor_8a</a>	6	0	1	763	1994	6325	BCN, Lagos, Burela, Avilés	110
@Aitor_Kabories	<a href="https://twitter.com/Aitor_Kabories" target="_blank">Aitor_Kabories</a>	2	0	1	30	262	1088		064
@AixImma	<a href="https://twitter.com/AixImma" target="_blank">AixImma</a>	5	0	1	127	304	7436		001
@ajanerfa1	<a href="https://twitter.com/ajanerfa1" target="_blank">ajanerfa1</a>	1	0	1	13	77	27	Camprodon	003
@AJGuissona	<a href="https://twitter.com/AJGuissona" target="_blank">AJGuissona</a>	3	1	0	1592	403	5597	Guissona, Lleida	266
@AkerAkerra	<a href="https://twitter.com/AkerAkerra" target="_blank">AkerAkerra</a>	2	0	1	36	221	2421		003
@Al3X_Bll	<a href="https://twitter.com/Al3X_Bll" target="_blank">Al3X_Bll</a>	5	0	2	40	222	3373		087
@Al3x_xX	<a href="https://twitter.com/Al3x_xX" target="_blank">Al3x_xX</a>	2	0	1	90	496	972		056
@Alaillaj	<a href="https://twitter.com/Alaillaj" target="_blank">Alaillaj</a>	11	0	2	849	1283	17315	Barcelona, Catalunya	001
@alainjefe77	<a href="https://twitter.com/alainjefe77" target="_blank">alainjefe77</a>	4	0	3	353	302	6949		043
@alaixendri	<a href="https://twitter.com/alaixendri" target="_blank">alaixendri</a>	2	0	1	54	97	443	Tortosa, España	003
@alaronina	<a href="https://twitter.com/alaronina" target="_blank">alaronina</a>	1	0	1	22	86	104	mallorca	003
@Albaaliq1	<a href="https://twitter.com/Albaaliq1" target="_blank">Albaaliq1</a>	2	0	1	827	397	85398		107
@AlbaAssumpta	<a href="https://twitter.com/AlbaAssumpta" target="_blank">AlbaAssumpta</a>	3	0	1	23	33	3315		064
@AlbadeBenaura	<a href="https://twitter.com/AlbadeBenaura" target="_blank">AlbadeBenaura</a>	1	0	1	1707	3008	3317	Benaura, Països Catalans	025
@albafk	<a href="https://twitter.com/albafk" target="_blank">albafk</a>	0	1	0					265
@AlbaILLA	<a href="https://twitter.com/AlbaILLA" target="_blank">AlbaILLA</a>	1	0	1	843	670	14451	Bages	003
@albamoraroca	<a href="https://twitter.com/albamoraroca" target="_blank">albamoraroca</a>	0	4	0					146
@albaparareda	<a href="https://twitter.com/albaparareda" target="_blank">albaparareda</a>	1	0	1	96	426	686	Catalunya	007
@AlbaPunt	<a href="https://twitter.com/AlbaPunt" target="_blank">AlbaPunt</a>	2	0	1	163	353	2193	Folgueroles	064
@albarocaplans	<a href="https://twitter.com/albarocaplans" target="_blank">albarocaplans</a>	2	0	1	147	313	4445	Barcelona	003
@albasoria83	<a href="https://twitter.com/albasoria83" target="_blank">albasoria83</a>	2	0	1	251	276	682		127
@Albert_44062	<a href="https://twitter.com/Albert_44062" target="_blank">Albert_44062</a>	22	0	4	48	173	3404	Sabadell, Espanya	003
@albert_dmcat	<a href="https://twitter.com/albert_dmcat" target="_blank">albert_dmcat</a>	2	21	0	8355	3754	27081	Republica de Catalunya i Aran	001
@Albert_El_Gran	<a href="https://twitter.com/Albert_El_Gran" target="_blank">Albert_El_Gran</a>	7	0	2	219	233	13938	Catalunya	064
@albert_espelt	<a href="https://twitter.com/albert_espelt" target="_blank">albert_espelt</a>	1	0	1	437	502	4458		019
@Albert_Llorca	<a href="https://twitter.com/Albert_Llorca" target="_blank">Albert_Llorca</a>	3	0	1	47	173	953	Catalunya	003
@Albert_Nog_Mir	<a href="https://twitter.com/Albert_Nog_Mir" target="_blank">Albert_Nog_Mir</a>	3	0	1	52	286	498		005
@albert_orta	<a href="https://twitter.com/albert_orta" target="_blank">albert_orta</a>	36	0	4	1903	4994	31332	Terrassa	036
@albert_p_xaus	<a href="https://twitter.com/albert_p_xaus" target="_blank">albert_p_xaus</a>	3	0	1	235	550	806	castelldefels, barcelona	003
@Albert37391692	<a href="https://twitter.com/Albert37391692" target="_blank">Albert37391692</a>	1	0	1	1	58	3		003
@albertAEPDA	<a href="https://twitter.com/albertAEPDA" target="_blank">albertAEPDA</a>	11	0	2	1193	1006	73252		011
@AlbertBague	<a href="https://twitter.com/AlbertBague" target="_blank">AlbertBague</a>	1	0	1	871	1269	6836	Vic	003
@albertbatalla	<a href="https://twitter.com/albertbatalla" target="_blank">albertbatalla</a>	2	11	0	12064	7956	16022	La Seu d'Urgell. Catalunya	014
@albertbrias	<a href="https://twitter.com/albertbrias" target="_blank">albertbrias</a>	14	0	2	129	345	1327	Horta (Barcelona)	005
@albertbrosa	<a href="https://twitter.com/albertbrosa" target="_blank">albertbrosa</a>	1	0	1	1197	220	4824	Olot (Catalunya)	003
@AlbertCamos	<a href="https://twitter.com/AlbertCamos" target="_blank">AlbertCamos</a>	4	0	1	537	2030	40484	Girona - København	003
@albertcanarion	<a href="https://twitter.com/albertcanarion" target="_blank">albertcanarion</a>	1	0	1	48	137	4129	San Bartolomé de Tirajana, España	035
@AlbertCAT2017	<a href="https://twitter.com/AlbertCAT2017" target="_blank">AlbertCAT2017</a>	1	1	0	1637	1651	10049	República de Catalunya	259
@AlbertClaramont	<a href="https://twitter.com/AlbertClaramont" target="_blank">AlbertClaramont</a>	9	0	1	264	403	8596	Tàrrega	251
@AlbertdeSantBoi	<a href="https://twitter.com/AlbertdeSantBoi" target="_blank">AlbertdeSantBoi</a>	3	0	1	76	327	1750	...del Llobregat, Catalunya	003
@albertduran75	<a href="https://twitter.com/albertduran75" target="_blank">albertduran75</a>	1	0	1	113	192	851		120
@albertfdezp	<a href="https://twitter.com/albertfdezp" target="_blank">albertfdezp</a>	0	1	0					257
@alberthundr	<a href="https://twitter.com/alberthundr" target="_blank">alberthundr</a>	1	0	1	183	1232	5675	in quantum superposition	003
@alberticious	<a href="https://twitter.com/alberticious" target="_blank">alberticious</a>	5	0	1	72	555	2706	Canterbury	076
@AlbertLloreta	<a href="https://twitter.com/AlbertLloreta" target="_blank">AlbertLloreta</a>	4	6	0	3475	1121	33819	Barcelona, Catalunya	029
@albertlluchtw	<a href="https://twitter.com/albertlluchtw" target="_blank">albertlluchtw</a>	10	0	1	640	859	53460	St Cugat del Vallès /Cat/ EU	005
@AlbertMaj	<a href="https://twitter.com/AlbertMaj" target="_blank">AlbertMaj</a>	12	0	1	1261	1510	72641	41º 58' N 2º 49'  E aprox.	005
@AlbertMajo7	<a href="https://twitter.com/AlbertMajo7" target="_blank">AlbertMajo7</a>	16	0	1	52	233	4172	Sabadell Catalunya	013
@albertobueso	<a href="https://twitter.com/albertobueso" target="_blank">albertobueso</a>	2	0	1	51	172	1525	Catalunya	002
@Albertodelvalle	<a href="https://twitter.com/Albertodelvalle" target="_blank">Albertodelvalle</a>	56	0	3	2774	1266	213641	Girona,Catalunya	001
@albertolive	<a href="https://twitter.com/albertolive" target="_blank">albertolive</a>	1	5	0	138	79	207	Cardedeu	002
@albertpardell	<a href="https://twitter.com/albertpardell" target="_blank">albertpardell</a>	16	0	1	628	1401	13975	Als Collons, Antipodes	001
@albertpedret	<a href="https://twitter.com/albertpedret" target="_blank">albertpedret</a>	1	2	0	12285	6934	1919	Països Catalans	183
@albertpons3	<a href="https://twitter.com/albertpons3" target="_blank">albertpons3</a>	5	0	1	540	1718	22423	München	009
@albertpunsola	<a href="https://twitter.com/albertpunsola" target="_blank">albertpunsola</a>	2	0	1	51	134	2402	Premià de Dalt, Catalunya	013
@albertrafols	<a href="https://twitter.com/albertrafols" target="_blank">albertrafols</a>	13	0	3	538	62	64455	Barcelona	005
@AlbertRey72	<a href="https://twitter.com/AlbertRey72" target="_blank">AlbertRey72</a>	13	0	3	755	839	29540	Sant Feliu de Llobregat, Cat	001
@albertsala3	<a href="https://twitter.com/albertsala3" target="_blank">albertsala3</a>	7	0	1	155	450	7042	Torroella de Montgrí	007
@albertserra5	<a href="https://twitter.com/albertserra5" target="_blank">albertserra5</a>	2	0	1	120	97	1517	El Masnou - Catalunya	256
@AlbertTestart	<a href="https://twitter.com/AlbertTestart" target="_blank">AlbertTestart</a>	3	0	1	535	278	1043	Figueres	064
@Albertxdye	<a href="https://twitter.com/Albertxdye" target="_blank">Albertxdye</a>	1	0	1	90	190	4529	El Prat de Llobregat, España	091
@AlbertYarza	<a href="https://twitter.com/AlbertYarza" target="_blank">AlbertYarza</a>	29	0	3	459	882	3078		005
@Albryante	<a href="https://twitter.com/Albryante" target="_blank">Albryante</a>	1	0	1	1	3	435		145
@alebm	<a href="https://twitter.com/alebm" target="_blank">alebm</a>	2	0	1	261	357	2919		105
@aleix_miol	<a href="https://twitter.com/aleix_miol" target="_blank">aleix_miol</a>	0	4	0					065
@Aleix_Roig	<a href="https://twitter.com/Aleix_Roig" target="_blank">Aleix_Roig</a>	8	0	1	194	290	2172	Catalunya	003
@aleix224	<a href="https://twitter.com/aleix224" target="_blank">aleix224</a>	1	0	1	68	41	172		034
@AleixFabre13	<a href="https://twitter.com/AleixFabre13" target="_blank">AleixFabre13</a>	2	0	1	195	189	2301		091
@aleixgalano	<a href="https://twitter.com/aleixgalano" target="_blank">aleixgalano</a>	1	0	1	100	199	846	Barcelona	005
@AleixMJ	<a href="https://twitter.com/AleixMJ" target="_blank">AleixMJ</a>	1	0	1	156	329	6431		005
@aleixrv	<a href="https://twitter.com/aleixrv" target="_blank">aleixrv</a>	1	0	1	63	140	264		003
@aleixt	<a href="https://twitter.com/aleixt" target="_blank">aleixt</a>	2	0	1	287	352	3161	Catalunya	254
@alenkhat	<a href="https://twitter.com/alenkhat" target="_blank">alenkhat</a>	2	0	1	206	157	6520	Barcelona II⭐️II	003
@Alertes1O	<a href="https://twitter.com/Alertes1O" target="_blank">Alertes1O</a>	1	0	1	86	351	114	Catalunya	130
@alescu72	<a href="https://twitter.com/alescu72" target="_blank">alescu72</a>	4	0	1	118	369	7564		064
@Alex_1899	<a href="https://twitter.com/Alex_1899" target="_blank">Alex_1899</a>	5	0	1	378	384	10578		005
@alex_carrasco_	<a href="https://twitter.com/alex_carrasco_" target="_blank">alex_carrasco_</a>	15	1	2	77	199	2607	Girona	005
@alexandrecamps	<a href="https://twitter.com/alexandrecamps" target="_blank">alexandrecamps</a>	27	0	6	411	937	8968	Sant Cugat del Vallès	002
@AlexCastell74	<a href="https://twitter.com/AlexCastell74" target="_blank">AlexCastell74</a>	0	1	0					211
@alexdetiana	<a href="https://twitter.com/alexdetiana" target="_blank">alexdetiana</a>	0	1	0					043
@alexdoro98	<a href="https://twitter.com/alexdoro98" target="_blank">alexdoro98</a>	0	2	0					096
@alexferod74	<a href="https://twitter.com/alexferod74" target="_blank">alexferod74</a>	5	0	1	579	620	9686	República de Catalunya	005
@AlexFerrerias	<a href="https://twitter.com/AlexFerrerias" target="_blank">AlexFerrerias</a>	1	0	1	83	163	208	Sant Vicenç dels Horts, España	124
@alexgime23	<a href="https://twitter.com/alexgime23" target="_blank">alexgime23</a>	1	0	1	92	212	1229	Corbera de Llobregat	024
@AlexGuitart	<a href="https://twitter.com/AlexGuitart" target="_blank">AlexGuitart</a>	4	0	1	230	698	6623	el Raval, Barcelona	064
@AlexMalagn	<a href="https://twitter.com/AlexMalagn" target="_blank">AlexMalagn</a>	1	0	1	17	46	205		006
@alexsastre83	<a href="https://twitter.com/alexsastre83" target="_blank">alexsastre83</a>	2	1	0	2349	759	18007	Granollers, Catalunya	009
@AlexsitoPons	<a href="https://twitter.com/AlexsitoPons" target="_blank">AlexsitoPons</a>	3	0	1	64	117	2711	Catalunya	008
@AlexTreIz	<a href="https://twitter.com/AlexTreIz" target="_blank">AlexTreIz</a>	2	1	0	1311	2015	18875	Catalonia	206
@alfons60	<a href="https://twitter.com/alfons60" target="_blank">alfons60</a>	1	0	1	1435	1959	8771	Barcelona	094
@AlfonsCanela	<a href="https://twitter.com/AlfonsCanela" target="_blank">AlfonsCanela</a>	1	2	0	726	1847	2692	Mataró, Catalunya, UE	208
@AlfonsCarmona	<a href="https://twitter.com/AlfonsCarmona" target="_blank">AlfonsCarmona</a>	6	5	0	1981	3064	29535	Barcelona, Catalunya	137
@alfonsjm	<a href="https://twitter.com/alfonsjm" target="_blank">alfonsjm</a>	1	0	1	310	646	10502	taradell, Catalunya	116
@AlfonsooMG	<a href="https://twitter.com/AlfonsooMG" target="_blank">AlfonsooMG</a>	1	0	1	746	368	18555	País Valencià	003
@AlfonsoSampCerv	<a href="https://twitter.com/AlfonsoSampCerv" target="_blank">AlfonsoSampCerv</a>	1	0	1	676	297	20118	Pilar de la Horadada, Alicante	003
@alfonsrm	<a href="https://twitter.com/alfonsrm" target="_blank">alfonsrm</a>	2	1	0	669	289	5245	Manresa (Barcelona)	316
@Alfred0CC	<a href="https://twitter.com/Alfred0CC" target="_blank">Alfred0CC</a>	2	0	1	174	712	2392		001
@AlfredCat2014	<a href="https://twitter.com/AlfredCat2014" target="_blank">AlfredCat2014</a>	15	0	1	140	407	10370		003
@AlfredoFerreF	<a href="https://twitter.com/AlfredoFerreF" target="_blank">AlfredoFerreF</a>	3	0	1	781	887	5473	#tram412	079
@AlfredPiqueras	<a href="https://twitter.com/AlfredPiqueras" target="_blank">AlfredPiqueras</a>	4	0	1	216	734	6091		022
@Algarsal65	<a href="https://twitter.com/Algarsal65" target="_blank">Algarsal65</a>	11	0	2	622	722	41957	Catalunya	001
@algopedagogica	<a href="https://twitter.com/algopedagogica" target="_blank">algopedagogica</a>	3	0	1	142	254	4860		045
@Alicia75017500	<a href="https://twitter.com/Alicia75017500" target="_blank">Alicia75017500</a>	2	0	1	0	9	764		003
@AliciaAlnara	<a href="https://twitter.com/AliciaAlnara" target="_blank">AliciaAlnara</a>	2	0	1	18	28	321	Sant Just Desvern, Cataluña	002
@aliciamolinas60	<a href="https://twitter.com/aliciamolinas60" target="_blank">aliciamolinas60</a>	5	0	2	29	186	2025	Barcelona	005
@alivleojjaen	<a href="https://twitter.com/alivleojjaen" target="_blank">alivleojjaen</a>	1	0	1	293	1948	1593	Cataluña, España	011
@allioli_cat	<a href="https://twitter.com/allioli_cat" target="_blank">allioli_cat</a>	1	0	1	476	257	21701	No ho tinc clar	234
@ALM1200gs	<a href="https://twitter.com/ALM1200gs" target="_blank">ALM1200gs</a>	2	0	2	734	2640	8483	San Francisco, CA	003
@Almat49	<a href="https://twitter.com/Almat49" target="_blank">Almat49</a>	19	0	1	151	257	26628		002
@almotuit	<a href="https://twitter.com/almotuit" target="_blank">almotuit</a>	0	1	0					317
@alohapepsi	<a href="https://twitter.com/alohapepsi" target="_blank">alohapepsi</a>	1	0	1	30	92	373		003
@aloma74	<a href="https://twitter.com/aloma74" target="_blank">aloma74</a>	1	0	1	152	138	899		105
@AlomaSand	<a href="https://twitter.com/AlomaSand" target="_blank">AlomaSand</a>	8	0	1	181	156	1943	Barcelona-Catalunya	006
@alpicatina41	<a href="https://twitter.com/alpicatina41" target="_blank">alpicatina41</a>	9	0	2	65	169	5012		006
@ALPINE_JOAN	<a href="https://twitter.com/ALPINE_JOAN" target="_blank">ALPINE_JOAN</a>	1	0	1	492	675	14569	(DUI) ||*|| BALAGUER ||*||	003
@alrega79	<a href="https://twitter.com/alrega79" target="_blank">alrega79</a>	23	0	1	302	902	28447	Catalonia	001
@AlsinaCompany	<a href="https://twitter.com/AlsinaCompany" target="_blank">AlsinaCompany</a>	4	0	4	318	998	2455	Gironella - CATALUNYA	038
@Alter_Jo	<a href="https://twitter.com/Alter_Jo" target="_blank">Alter_Jo</a>	13	0	2	329	2183	10603	Toronto, Ontario	037
@altpir	<a href="https://twitter.com/altpir" target="_blank">altpir</a>	4	0	1	1683	344	8711	||*|| UT 42.184413,0.899344	015
@alvarezswing	<a href="https://twitter.com/alvarezswing" target="_blank">alvarezswing</a>	1	0	1	54	338	815	Madrid, Comunidad de Madrid	117
@alvaromapache	<a href="https://twitter.com/alvaromapache" target="_blank">alvaromapache</a>	10	0	1	255	683	475	Barcelona	108
@alvaronavarro82	<a href="https://twitter.com/alvaronavarro82" target="_blank">alvaronavarro82</a>	1	0	1	195	418	5071		315
@Alxcuesta	<a href="https://twitter.com/Alxcuesta" target="_blank">Alxcuesta</a>	1	1	0	416	784	1032	Barcelona	314
@alxndrebb	<a href="https://twitter.com/alxndrebb" target="_blank">alxndrebb</a>	1	0	1	75	277	1452	Catalunya	001
@am_hueto	<a href="https://twitter.com/am_hueto" target="_blank">am_hueto</a>	3	0	1	33	180	1251	Cervelló (BCN), Catalunya	009
@Amadeu_Juando	<a href="https://twitter.com/Amadeu_Juando" target="_blank">Amadeu_Juando</a>	8	0	1	881	109	30117	Sao Paulo, Brasil	008
@amaia_bQ	<a href="https://twitter.com/amaia_bQ" target="_blank">amaia_bQ</a>	3	0	1	44	290	381		048
@AmaiaArmiArma	<a href="https://twitter.com/AmaiaArmiArma" target="_blank">AmaiaArmiArma</a>	0	3	0					143
@amaiurmaya	<a href="https://twitter.com/amaiurmaya" target="_blank">amaiurmaya</a>	6	0	1	77	340	2879		085
@amanda_g_egea	<a href="https://twitter.com/amanda_g_egea" target="_blank">amanda_g_egea</a>	4	0	1	139	459	6530		127
@amargant_olga	<a href="https://twitter.com/amargant_olga" target="_blank">amargant_olga</a>	1	2	0	4035	3812	38098	I am Catalan	008
@AMartn3	<a href="https://twitter.com/AMartn3" target="_blank">AMartn3</a>	9	0	1	39	218	4013		001
@ametller_maria	<a href="https://twitter.com/ametller_maria" target="_blank">ametller_maria</a>	0	2	0					039
@AMI__cat	<a href="https://twitter.com/AMI__cat" target="_blank">AMI__cat</a>	39	0	1	24321	1537	28029	Catalunya, Unió Europea	014
@AmicsiAmiguesEH	<a href="https://twitter.com/AmicsiAmiguesEH" target="_blank">AmicsiAmiguesEH</a>	1	2	0	2589	497	10287	Països Catalans	102
@aminahekmet	<a href="https://twitter.com/aminahekmet" target="_blank">aminahekmet</a>	0	8	0					075
@amirabal10	<a href="https://twitter.com/amirabal10" target="_blank">amirabal10</a>	2	0	1	356	1125	2040	Reus, Catalunya	109
@amorfus	<a href="https://twitter.com/amorfus" target="_blank">amorfus</a>	2	0	1	472	802	18698	Barcelona, Catalonia	032
@ampordanes	<a href="https://twitter.com/ampordanes" target="_blank">ampordanes</a>	13	0	2	74	75	16620		017
@amps62	<a href="https://twitter.com/amps62" target="_blank">amps62</a>	4	0	1	10	52	692		003
@amwessisla	<a href="https://twitter.com/amwessisla" target="_blank">amwessisla</a>	1	0	1	612	1083	7236		019
@an_gelonch	<a href="https://twitter.com/an_gelonch" target="_blank">an_gelonch</a>	5	0	2	359	374	4845	Barcelona	001
@AnaAgp_1967	<a href="https://twitter.com/AnaAgp_1967" target="_blank">AnaAgp_1967</a>	2	0	1	3608	3924	58368		001
@anacb113	<a href="https://twitter.com/anacb113" target="_blank">anacb113</a>	1	0	1	77	66	136	Sant Quirze del Vallès	003
@anahisauri	<a href="https://twitter.com/anahisauri" target="_blank">anahisauri</a>	1	1	0	145	163	804		286
@AnaisNi	<a href="https://twitter.com/AnaisNi" target="_blank">AnaisNi</a>	4	0	1	1504	386	52156	Leioa	155
@ANAISquintana	<a href="https://twitter.com/ANAISquintana" target="_blank">ANAISquintana</a>	2	0	1	79	129	583	Catalunya	206
@anamariaobando3	<a href="https://twitter.com/anamariaobando3" target="_blank">anamariaobando3</a>	2	0	1	45	78	1294		220
@anamartinezd	<a href="https://twitter.com/anamartinezd" target="_blank">anamartinezd</a>	20	0	4	584	1135	4092	Girona-República de Catalunya	039
@anaoromi	<a href="https://twitter.com/anaoromi" target="_blank">anaoromi</a>	80	0	7	2250	2385	419417	República Catalana. UE	005
@anaoromilluch	<a href="https://twitter.com/anaoromilluch" target="_blank">anaoromilluch</a>	17	0	1	375	539	30620	Catalonia	001
@Anapandora098	<a href="https://twitter.com/Anapandora098" target="_blank">Anapandora098</a>	1	0	1	2	59	209		018
@anaraljaan	<a href="https://twitter.com/anaraljaan" target="_blank">anaraljaan</a>	16	0	2	6333	6101	121478	Bellpuig Catalunya Europa	001
@Anarisd	<a href="https://twitter.com/Anarisd" target="_blank">Anarisd</a>	14	0	1	693	762	29976	Barcelona	142
@Anastasiado43	<a href="https://twitter.com/Anastasiado43" target="_blank">Anastasiado43</a>	1	0	1	52	488	561	Guadalajara, España	045
@anastasifan	<a href="https://twitter.com/anastasifan" target="_blank">anastasifan</a>	1	0	1	643	760	32527	catalunya	007
@anasurra	<a href="https://twitter.com/anasurra" target="_blank">anasurra</a>	8	0	1	4021	490	3421	Barcelona, Cataluña	002
@anatasia40	<a href="https://twitter.com/anatasia40" target="_blank">anatasia40</a>	1	0	1	18	80	81		166
@anbasala	<a href="https://twitter.com/anbasala" target="_blank">anbasala</a>	0	3	0					148
@ANC_BCN_SSG	<a href="https://twitter.com/ANC_BCN_SSG" target="_blank">ANC_BCN_SSG</a>	0	5	0					011
@ANC_Bombers	<a href="https://twitter.com/ANC_Bombers" target="_blank">ANC_Bombers</a>	4	23	1	13931	6149	7063	Països Catalans	001
@ANC_Israel	<a href="https://twitter.com/ANC_Israel" target="_blank">ANC_Israel</a>	4	0	1	1553	116	3878	Israel	048
@anc_polska	<a href="https://twitter.com/anc_polska" target="_blank">anc_polska</a>	0	1	0					275
@ANC_SFxI	<a href="https://twitter.com/ANC_SFxI" target="_blank">ANC_SFxI</a>	3	0	1	6742	3921	58634	Catalunya	003
@ANC_Vic	<a href="https://twitter.com/ANC_Vic" target="_blank">ANC_Vic</a>	1	0	1	2955	2082	8800	Vic, Osona, Catalunya	032
@ANCaldesmontbui	<a href="https://twitter.com/ANCaldesmontbui" target="_blank">ANCaldesmontbui</a>	6	1	0	1564	2235	9102	#CaldesdeMontbui	274
@ANCCiutatVella	<a href="https://twitter.com/ANCCiutatVella" target="_blank">ANCCiutatVella</a>	13	0	1	1758	1141	23120	Barcelona	003
@ANCLleidaSegria	<a href="https://twitter.com/ANCLleidaSegria" target="_blank">ANCLleidaSegria</a>	11	0	2	1135	328	2904	Carrer Acadèmia, 16 - Lleida	002
@ANCNouBarris	<a href="https://twitter.com/ANCNouBarris" target="_blank">ANCNouBarris</a>	9	3	0	1846	1114	8548	Barcelona. Països Catalans	025
@ANCPalamos	<a href="https://twitter.com/ANCPalamos" target="_blank">ANCPalamos</a>	0	2	0					172
@ANCPalautordera	<a href="https://twitter.com/ANCPalautordera" target="_blank">ANCPalautordera</a>	5	0	1	467	110	2744	Catalunya	015
@ANCtarrega	<a href="https://twitter.com/ANCtarrega" target="_blank">ANCtarrega</a>	3	0	1	689	463	1960	Tàrrega	129
@ANCtorredembarr	<a href="https://twitter.com/ANCtorredembarr" target="_blank">ANCtorredembarr</a>	1	1	0	1043	1447	663	Torredembarra, Catalunya	003
@ANCTortosa	<a href="https://twitter.com/ANCTortosa" target="_blank">ANCTortosa</a>	1	0	1	1252	800	2338	Tortosa	079
@ANCXile	<a href="https://twitter.com/ANCXile" target="_blank">ANCXile</a>	3	1	0	2137	981	3101	Xile	271
@Andoor62	<a href="https://twitter.com/Andoor62" target="_blank">Andoor62</a>	8	0	1	122	113	4050		011
@andrac52	<a href="https://twitter.com/andrac52" target="_blank">andrac52</a>	4	0	1	479	850	10619		001
@andreadunu	<a href="https://twitter.com/andreadunu" target="_blank">andreadunu</a>	1	0	1	228	455	3601	Cornellà de Llobregat - BCN	007
@andreaferreg	<a href="https://twitter.com/andreaferreg" target="_blank">andreaferreg</a>	3	0	1	55	156	1609		006
@Andrescr54	<a href="https://twitter.com/Andrescr54" target="_blank">Andrescr54</a>	1	0	1	9	49	117		003
@andresgomtab	<a href="https://twitter.com/andresgomtab" target="_blank">andresgomtab</a>	1	0	1	96	410	7381	Gijón	105
@andresxvidal	<a href="https://twitter.com/andresxvidal" target="_blank">andresxvidal</a>	2	0	1	10	50	543		171
@ANDREU_DURAN	<a href="https://twitter.com/ANDREU_DURAN" target="_blank">ANDREU_DURAN</a>	1	0	1	665	537	2564	Vigatà	008
@andreu_gonzalez	<a href="https://twitter.com/andreu_gonzalez" target="_blank">andreu_gonzalez</a>	6	0	2	8250	4325	31979	Catalunya	003
@andreu_monzo	<a href="https://twitter.com/andreu_monzo" target="_blank">andreu_monzo</a>	4	5	1	34	256	105	Catalunya	130
@andreualio	<a href="https://twitter.com/andreualio" target="_blank">andreualio</a>	1	0	1	44	311	2233		007
@AndreuArxer	<a href="https://twitter.com/AndreuArxer" target="_blank">AndreuArxer</a>	1	0	1	82	140	276	Gerona, Cataluña	003
@AndreuCortada	<a href="https://twitter.com/AndreuCortada" target="_blank">AndreuCortada</a>	1	0	1	29	99	168		064
@Andreueste	<a href="https://twitter.com/Andreueste" target="_blank">Andreueste</a>	13	6	0	1203	722	19009	Badalona	010
@andreumerino	<a href="https://twitter.com/andreumerino" target="_blank">andreumerino</a>	2	0	1	635	598	4031	Barcelona, Països Catalans	083
@AndreuPurroy	<a href="https://twitter.com/AndreuPurroy" target="_blank">AndreuPurroy</a>	8	0	1	851	119	11970	Lleida	006
@andreurius	<a href="https://twitter.com/andreurius" target="_blank">andreurius</a>	3	0	1	29	69	568		003
@andreurobuste	<a href="https://twitter.com/andreurobuste" target="_blank">andreurobuste</a>	3	0	1	371	378	4868		006
@ane_fernandez	<a href="https://twitter.com/ane_fernandez" target="_blank">ane_fernandez</a>	1	0	1	558	938	360	Donostia	123
@ANGEL_SBD	<a href="https://twitter.com/ANGEL_SBD" target="_blank">ANGEL_SBD</a>	1	0	1	199	225	3880	Sense Estat	066
@AngelaC15337322	<a href="https://twitter.com/AngelaC15337322" target="_blank">AngelaC15337322</a>	1	0	1	38	118	216	Palma	093
@angelbadalona	<a href="https://twitter.com/angelbadalona" target="_blank">angelbadalona</a>	3	0	1	440	1450	1035		134
@angelcolom	<a href="https://twitter.com/angelcolom" target="_blank">angelcolom</a>	2	0	1	8770	1469	19956	Barcelona	005
@AngeldeMS	<a href="https://twitter.com/AngeldeMS" target="_blank">AngeldeMS</a>	5	0	1	72	58	5021	La Bisbal d'Empordà	001
@AngelDomNac	<a href="https://twitter.com/AngelDomNac" target="_blank">AngelDomNac</a>	1	0	1	415	452	34918	Salamanca	105
@angelesmb1	<a href="https://twitter.com/angelesmb1" target="_blank">angelesmb1</a>	6	0	1	354	581	22033		105
@Angeleugeni	<a href="https://twitter.com/Angeleugeni" target="_blank">Angeleugeni</a>	26	0	2	165	1057	4993	Mollerussa	019
@angelfontcatal1	<a href="https://twitter.com/angelfontcatal1" target="_blank">angelfontcatal1</a>	5	0	1	1011	1153	17047		007
@angelmartimat	<a href="https://twitter.com/angelmartimat" target="_blank">angelmartimat</a>	2	0	1	1523	1937	21666		001
@angelplanas	<a href="https://twitter.com/angelplanas" target="_blank">angelplanas</a>	4	0	1	571	1553	6789	Catalunya	003
@angelramos1958	<a href="https://twitter.com/angelramos1958" target="_blank">angelramos1958</a>	5	0	1	230	316	3152	Barcelona, Catalunya	006
@angels_pallas	<a href="https://twitter.com/angels_pallas" target="_blank">angels_pallas</a>	24	0	1	67	92	5920		003
@AngelsCampa	<a href="https://twitter.com/AngelsCampa" target="_blank">AngelsCampa</a>	1	0	1	289	165	3753	Terrassa	218
@angelsclotet	<a href="https://twitter.com/angelsclotet" target="_blank">angelsclotet</a>	19	0	3	970	790	65574		003
@AngelsLlatse	<a href="https://twitter.com/AngelsLlatse" target="_blank">AngelsLlatse</a>	8	0	1	150	256	2607	Mataro	131
@angelsmcastells	<a href="https://twitter.com/angelsmcastells" target="_blank">angelsmcastells</a>	11	228	0	11276	2250	70786	Barcelona	007
@AngelsOliva	<a href="https://twitter.com/AngelsOliva" target="_blank">AngelsOliva</a>	9	0	1	98	176	1954	Catalunya	003
@angelsponsa	<a href="https://twitter.com/angelsponsa" target="_blank">angelsponsa</a>	3	9	0	2546	2028	11555	Sant Cugat del Vallès	049
@angelsrabal	<a href="https://twitter.com/angelsrabal" target="_blank">angelsrabal</a>	5	0	1	265	372	7544		082
@angelsrtrias1	<a href="https://twitter.com/angelsrtrias1" target="_blank">angelsrtrias1</a>	1	0	1	14	219	96	Gavà, Catalunya	003
@angelssmh	<a href="https://twitter.com/angelssmh" target="_blank">angelssmh</a>	8	0	1	46	139	2667	República Catalana	005
@AngelsVilaSoler	<a href="https://twitter.com/AngelsVilaSoler" target="_blank">AngelsVilaSoler</a>	1	0	1	74	185	54		011
@angelsvj	<a href="https://twitter.com/angelsvj" target="_blank">angelsvj</a>	19	0	4	563	1317	10851		006
@Angi98699481	<a href="https://twitter.com/Angi98699481" target="_blank">Angi98699481</a>	2	0	1	31	82	610	Catalunya	005
@angiecarabassa	<a href="https://twitter.com/angiecarabassa" target="_blank">angiecarabassa</a>	1	0	1	94	186	270		003
@aniolsaiz	<a href="https://twitter.com/aniolsaiz" target="_blank">aniolsaiz</a>	1	0	1	481	2163	5312	Alella, Catalunya	009
@anitanu66	<a href="https://twitter.com/anitanu66" target="_blank">anitanu66</a>	5	0	1	359	441	2376	Barcelona	001
@Aniuska	<a href="https://twitter.com/Aniuska" target="_blank">Aniuska</a>	11	0	1	361	540	20335	Mataró, República de Catalunya	001
@anjorbr	<a href="https://twitter.com/anjorbr" target="_blank">anjorbr</a>	1	0	1	147	357	391	Catalunya	005
@anna_arque	<a href="https://twitter.com/anna_arque" target="_blank">anna_arque</a>	2	28	0	18782	4990	15541	Lleida-BCN-Països Catalans	015
@anna_llaurado	<a href="https://twitter.com/anna_llaurado" target="_blank">anna_llaurado</a>	1	0	1	7	126	90		014
@anna_pitiua21	<a href="https://twitter.com/anna_pitiua21" target="_blank">anna_pitiua21</a>	3	0	1	743	893	3865		113
@anna_sanllehy	<a href="https://twitter.com/anna_sanllehy" target="_blank">anna_sanllehy</a>	12	0	1	2697	4995	70657		008
@anna_T713	<a href="https://twitter.com/anna_T713" target="_blank">anna_T713</a>	2	0	1	35	191	1995	Girona, España	003
@Anna300976	<a href="https://twitter.com/Anna300976" target="_blank">Anna300976</a>	20	0	1	1047	1304	26565	Sant Feliu de Llobregat - CAT	001
@annaalbasim	<a href="https://twitter.com/annaalbasim" target="_blank">annaalbasim</a>	3	0	1	104	178	3176	CARDEDEU	093
@annaalvado	<a href="https://twitter.com/annaalvado" target="_blank">annaalvado</a>	30	0	1	89	179	7454	Barcelona	002
@annaartigas	<a href="https://twitter.com/annaartigas" target="_blank">annaartigas</a>	1	0	1	88	196	287	Catalunya	003
@AnnaAznar	<a href="https://twitter.com/AnnaAznar" target="_blank">AnnaAznar</a>	13	0	2	396	652	14932	Lleida - Catalunya	048
@annabc1984	<a href="https://twitter.com/annabc1984" target="_blank">annabc1984</a>	1	6	0	50	157	84		006
@annabelmia	<a href="https://twitter.com/annabelmia" target="_blank">annabelmia</a>	2	1	0	918	1006	18884	Bonn, Germany	006
@annacage	<a href="https://twitter.com/annacage" target="_blank">annacage</a>	1	0	1	122	260	359	Caldes de Montbui	003
@annacano86	<a href="https://twitter.com/annacano86" target="_blank">annacano86</a>	1	0	1	29	94	82		037
@annaccod	<a href="https://twitter.com/annaccod" target="_blank">annaccod</a>	6	0	1	81	165	5096	Torelló (Barcelona)	083
@annacerdanya	<a href="https://twitter.com/annacerdanya" target="_blank">annacerdanya</a>	10	0	2	4306	3687	25209		001
@AnnaCraix	<a href="https://twitter.com/AnnaCraix" target="_blank">AnnaCraix</a>	6	1	0	754	2052	29434	Salt-PaïsosCatalans	100
@AnnadeGirona	<a href="https://twitter.com/AnnadeGirona" target="_blank">AnnadeGirona</a>	8	0	1	2800	3149	1384	Catalunya - Catalonia	017
@annadelanuza	<a href="https://twitter.com/annadelanuza" target="_blank">annadelanuza</a>	2	0	1	65	113	163		003
@annadevesa	<a href="https://twitter.com/annadevesa" target="_blank">annadevesa</a>	3	0	1	120	635	548		019
@annafenoy	<a href="https://twitter.com/annafenoy" target="_blank">annafenoy</a>	3	1	0	632	948	4560	d'Hostalets de Pierola a Suïssa	229
@annaguilo	<a href="https://twitter.com/annaguilo" target="_blank">annaguilo</a>	3	0	1	615	1440	1604	Llafranc	087
@AnnaLosantos	<a href="https://twitter.com/AnnaLosantos" target="_blank">AnnaLosantos</a>	5	0	2	90	192	414		086
@AnnaMAliberch	<a href="https://twitter.com/AnnaMAliberch" target="_blank">AnnaMAliberch</a>	1	0	1	50	246	141	Catalunya	005
@annamariasastre	<a href="https://twitter.com/annamariasastre" target="_blank">annamariasastre</a>	23	0	2	713	1185	58727		001
@AnnaMendezM	<a href="https://twitter.com/AnnaMendezM" target="_blank">AnnaMendezM</a>	3	0	1	57	141	208		265
@annanogcab	<a href="https://twitter.com/annanogcab" target="_blank">annanogcab</a>	4	0	1	37	214	1712		002
@annap3	<a href="https://twitter.com/annap3" target="_blank">annap3</a>	9	0	2	40	23	1837	Badalona, Espanya	048
@AnnaPaezF	<a href="https://twitter.com/AnnaPaezF" target="_blank">AnnaPaezF</a>	21	0	1	96	185	4330		037
@Annapas6	<a href="https://twitter.com/Annapas6" target="_blank">Annapas6</a>	1	0	1	5	65	11	la Palma de Cervelló, Espanya	013
@Annapg10	<a href="https://twitter.com/Annapg10" target="_blank">Annapg10</a>	6	0	2	70	196	4840		009
@AnnaRDom	<a href="https://twitter.com/AnnaRDom" target="_blank">AnnaRDom</a>	4	0	1	201	899	3676	Barcelona	005
@AnnaSelva	<a href="https://twitter.com/AnnaSelva" target="_blank">AnnaSelva</a>	4	0	2	66	109	989		048
@AnnaSimo	<a href="https://twitter.com/AnnaSimo" target="_blank">AnnaSimo</a>	9	0	1	33264	1979	48825	L'Hospitalet de Llobregat	116
@annasole44	<a href="https://twitter.com/annasole44" target="_blank">annasole44</a>	8	0	2	598	1172	15060		080
@AnnaSoles99	<a href="https://twitter.com/AnnaSoles99" target="_blank">AnnaSoles99</a>	0	2	0					181
@annazamar	<a href="https://twitter.com/annazamar" target="_blank">annazamar</a>	2	0	1	581	434	2973	Sort, Catalunya	002
@Annia57	<a href="https://twitter.com/Annia57" target="_blank">Annia57</a>	1	0	1	17	66	4554		017
@AnniaBosch	<a href="https://twitter.com/AnniaBosch" target="_blank">AnniaBosch</a>	3	0	1	129	554	1621		009
@annvilalta	<a href="https://twitter.com/annvilalta" target="_blank">annvilalta</a>	11	0	1	662	730	39796	@democrates.cat //Tram409	087
@anpelydraws	<a href="https://twitter.com/anpelydraws" target="_blank">anpelydraws</a>	2	0	1	392	526	7630	Magnolia, Fiore	105
@Anthias700	<a href="https://twitter.com/Anthias700" target="_blank">Anthias700</a>	1	0	1	8	27	74		003
@anticapiCat	<a href="https://twitter.com/anticapiCat" target="_blank">anticapiCat</a>	12	12	1	5936	1822	38046	Catalunya	118
@antikora83	<a href="https://twitter.com/antikora83" target="_blank">antikora83</a>	1	0	1	107	150	124		045
@antoinevr5	<a href="https://twitter.com/antoinevr5" target="_blank">antoinevr5</a>	7	0	1	352	363	28355	CAMP NOU	003
@Anton_Salvat	<a href="https://twitter.com/Anton_Salvat" target="_blank">Anton_Salvat</a>	3	0	1	214	540	8134		028
@anton19lopez	<a href="https://twitter.com/anton19lopez" target="_blank">anton19lopez</a>	0	2	0					166
@antonbracero	<a href="https://twitter.com/antonbracero" target="_blank">antonbracero</a>	7	0	1	449	1018	2521		298
@antoni_font	<a href="https://twitter.com/antoni_font" target="_blank">antoni_font</a>	6	0	1	20	36	2266		064
@antonicaballero	<a href="https://twitter.com/antonicaballero" target="_blank">antonicaballero</a>	1	0	1	180	82	1070	Barcelona	314
@antonicastellas	<a href="https://twitter.com/antonicastellas" target="_blank">antonicastellas</a>	9	0	2	93	134	2649		001
@ANTONICOMPTA	<a href="https://twitter.com/ANTONICOMPTA" target="_blank">ANTONICOMPTA</a>	2	0	1	779	830	16609	Baix Ampordà, Barcelona, .CAT	008
@AntoniCorrales	<a href="https://twitter.com/AntoniCorrales" target="_blank">AntoniCorrales</a>	4	0	1	341	1091	2158	Reus	003
@antoniferrer48	<a href="https://twitter.com/antoniferrer48" target="_blank">antoniferrer48</a>	19	0	1	75	213	2630	Barcelona, Camprodon	001
@antonimarber	<a href="https://twitter.com/antonimarber" target="_blank">antonimarber</a>	2	0	1	15	105	420	Frankfurt am Main, Deutschland	022
@Antonio_GarSi	<a href="https://twitter.com/Antonio_GarSi" target="_blank">Antonio_GarSi</a>	9	0	1	345	397	2908	Soviet de Lacoma (Fuencarral)	045
@Antonio_H_D	<a href="https://twitter.com/Antonio_H_D" target="_blank">Antonio_H_D</a>	2	0	1	4	41	279		003
@AntonioOlaria	<a href="https://twitter.com/AntonioOlaria" target="_blank">AntonioOlaria</a>	2	0	1	385	506	12830	Barcelona, Catalunya	011
@AntoniPladevall	<a href="https://twitter.com/AntoniPladevall" target="_blank">AntoniPladevall</a>	1	0	1	544	291	4400	Taradell (Osona)	008
@AntoniRK1956	<a href="https://twitter.com/AntoniRK1956" target="_blank">AntoniRK1956</a>	7	0	1	91	169	9207		011
@antonisoleicull	<a href="https://twitter.com/antonisoleicull" target="_blank">antonisoleicull</a>	5	0	1	79	110	5765	Arbeca	064
@antonisoy	<a href="https://twitter.com/antonisoy" target="_blank">antonisoy</a>	3	0	1	3485	1235	63646	Catalunya (Estat espanyol)	002
@Antonitorrasrai	<a href="https://twitter.com/Antonitorrasrai" target="_blank">Antonitorrasrai</a>	1	0	1	0	8	5		003
@AntoniuCasanova	<a href="https://twitter.com/AntoniuCasanova" target="_blank">AntoniuCasanova</a>	2	0	2	48	93	72		013
@antonnaraio	<a href="https://twitter.com/antonnaraio" target="_blank">antonnaraio</a>	26	0	1	362	347	34591		006
@Antonnic1	<a href="https://twitter.com/Antonnic1" target="_blank">Antonnic1</a>	26	0	1	3144	3067	207021	Patria Grande	107
@AntunezNgel	<a href="https://twitter.com/AntunezNgel" target="_blank">AntunezNgel</a>	8	0	2	140	225	10473	Castellbisbal, Catalonia,!!*!!	068
@anunjimm	<a href="https://twitter.com/anunjimm" target="_blank">anunjimm</a>	6	0	1	438	1390	5339	Sants Barcelona	007
@Anxel_Lage	<a href="https://twitter.com/Anxel_Lage" target="_blank">Anxel_Lage</a>	1	0	1	146	307	3238	Galiza - EH	105
@apangelats	<a href="https://twitter.com/apangelats" target="_blank">apangelats</a>	1	0	1	52	212	585	Ripoll, Catalunya	003
@Apostrof_coop	<a href="https://twitter.com/Apostrof_coop" target="_blank">Apostrof_coop</a>	0	1	0					231
@apsabogadolabor	<a href="https://twitter.com/apsabogadolabor" target="_blank">apsabogadolabor</a>	3	0	1	22	24	627		003
@aqueront	<a href="https://twitter.com/aqueront" target="_blank">aqueront</a>	11	0	2	597	1050	27456	BARCELONA-CATALUNYA	011
@AquestFrederic	<a href="https://twitter.com/AquestFrederic" target="_blank">AquestFrederic</a>	29	0	1	4062	4606	93451		140
@aquiara_david	<a href="https://twitter.com/aquiara_david" target="_blank">aquiara_david</a>	2	0	2	59	205	1801	Premià de mar	001
@aquipuedo	<a href="https://twitter.com/aquipuedo" target="_blank">aquipuedo</a>	23	0	2	4977	4367	135967	República de catalunya, UE	001
@arabadan	<a href="https://twitter.com/arabadan" target="_blank">arabadan</a>	1	0	1	1633	599	14584	Sant Vicenç dels Horts	124
@arabia_ivan	<a href="https://twitter.com/arabia_ivan" target="_blank">arabia_ivan</a>	14	0	1	17	105	1282		005
@aracegea	<a href="https://twitter.com/aracegea" target="_blank">aracegea</a>	35	0	2	751	2020	42406	Barcelona - Catalunya	008
@araiavui	<a href="https://twitter.com/araiavui" target="_blank">araiavui</a>	9	0	1	626	647	2896	Barcelona Spain	001
@aram_marti	<a href="https://twitter.com/aram_marti" target="_blank">aram_marti</a>	2	0	1	263	237	1162	Girona	192
@aranbara	<a href="https://twitter.com/aranbara" target="_blank">aranbara</a>	1	0	1	439	880	349		007
@arandilla1	<a href="https://twitter.com/arandilla1" target="_blank">arandilla1</a>	1	0	1	2282	2552	32712	Bizkaia	006
@araramendia	<a href="https://twitter.com/araramendia" target="_blank">araramendia</a>	10	0	2	210	378	49029	Barcelona, Catalunya	001
@arasiquetoca	<a href="https://twitter.com/arasiquetoca" target="_blank">arasiquetoca</a>	18	0	1	46	217	6357		009
@arbapi	<a href="https://twitter.com/arbapi" target="_blank">arbapi</a>	6	0	1	400	706	18544	Republica Catalana	105
@arbvacuumpacked	<a href="https://twitter.com/arbvacuumpacked" target="_blank">arbvacuumpacked</a>	5	0	1	170	430	2943	Arbúcies	093
@arcadakoncerts	<a href="https://twitter.com/arcadakoncerts" target="_blank">arcadakoncerts</a>	1	0	1	528	737	1335	Granollers, BCN	127
@Arcadi42	<a href="https://twitter.com/Arcadi42" target="_blank">Arcadi42</a>	9	0	2	13724	1077	20274	Catalunya	081
@Arcadi75	<a href="https://twitter.com/Arcadi75" target="_blank">Arcadi75</a>	3	0	1	91	154	5212		003
@Argset	<a href="https://twitter.com/Argset" target="_blank">Argset</a>	3	0	2	27	140	2018	CATALUNYA (europa)	003
@AriadnaLlorens	<a href="https://twitter.com/AriadnaLlorens" target="_blank">AriadnaLlorens</a>	1	0	1	78	93	101	Vilanova i la Geltrú	292
@AriadnaVerniol	<a href="https://twitter.com/AriadnaVerniol" target="_blank">AriadnaVerniol</a>	5	0	1	385	913	5112	Catalunya	003
@aricorbella	<a href="https://twitter.com/aricorbella" target="_blank">aricorbella</a>	2	0	1	111	296	1314		005
@Arimi17	<a href="https://twitter.com/Arimi17" target="_blank">Arimi17</a>	6	0	1	134	600	17702	Barcelona	016
@AritzHuarte	<a href="https://twitter.com/AritzHuarte" target="_blank">AritzHuarte</a>	5	0	1	289	342	9157	Iruñea, Euskal Herria	010
@ArmandBeli	<a href="https://twitter.com/ArmandBeli" target="_blank">ArmandBeli</a>	1	0	1	57	160	452	CATALUNYA	003
@armandkat	<a href="https://twitter.com/armandkat" target="_blank">armandkat</a>	1	1	0	109	139	365	Vilafranca	225
@ArmandMuniesa	<a href="https://twitter.com/ArmandMuniesa" target="_blank">ArmandMuniesa</a>	6	0	1	113	134	2224		037
@Arnau_BA	<a href="https://twitter.com/Arnau_BA" target="_blank">Arnau_BA</a>	10	0	1	1214	1815	98115	Lleida, Catalunya	003
@Arnau_Estanyol2	<a href="https://twitter.com/Arnau_Estanyol2" target="_blank">Arnau_Estanyol2</a>	2	0	1	669	1251	11129	Sant Boi de Ll., Catalunya	019
@Arnau21	<a href="https://twitter.com/Arnau21" target="_blank">Arnau21</a>	1	0	1	124	154	1680	Catalunya	037
@arnauaragay	<a href="https://twitter.com/arnauaragay" target="_blank">arnauaragay</a>	1	0	1	235	118	1166		003
@ArnauBaques	<a href="https://twitter.com/ArnauBaques" target="_blank">ArnauBaques</a>	1	0	1	1	31	200		003
@arnaubvendrell	<a href="https://twitter.com/arnaubvendrell" target="_blank">arnaubvendrell</a>	1	0	1	21	122	219		003
@arnaucabeza	<a href="https://twitter.com/arnaucabeza" target="_blank">arnaucabeza</a>	1	0	1	437	637	16727		003
@arnaucr1	<a href="https://twitter.com/arnaucr1" target="_blank">arnaucr1</a>	3	0	1	224	455	4058	Ripollet, Catalunya	125
@arnauebri	<a href="https://twitter.com/arnauebri" target="_blank">arnauebri</a>	5	0	1	1834	953	14877	Argentona, El Maresme, PPCC	005
@ArnauGuix	<a href="https://twitter.com/ArnauGuix" target="_blank">ArnauGuix</a>	1	0	1	87	190	2193		007
@arnaumeski	<a href="https://twitter.com/arnaumeski" target="_blank">arnaumeski</a>	4	0	1	2167	1555	2850	Catalunya	105
@ArnauMinguell	<a href="https://twitter.com/ArnauMinguell" target="_blank">ArnauMinguell</a>	1	0	1	35	198	276		002
@arnaupages1	<a href="https://twitter.com/arnaupages1" target="_blank">arnaupages1</a>	9	0	1	142	158	3888	Donostia/Girona, Catalunya, UE	011
@ArnauRebull	<a href="https://twitter.com/ArnauRebull" target="_blank">ArnauRebull</a>	1	0	1	117	230	1695	Sabadell	122
@ArnauRicart	<a href="https://twitter.com/ArnauRicart" target="_blank">ArnauRicart</a>	2	0	2	188	316	164	Balaguer	005
@arnauricartt	<a href="https://twitter.com/arnauricartt" target="_blank">arnauricartt</a>	2	0	1	136	346	4701	Barcelona	002
@arnauriwz	<a href="https://twitter.com/arnauriwz" target="_blank">arnauriwz</a>	3	0	1	700	1513	17034	BarceLondon	008
@arnausd	<a href="https://twitter.com/arnausd" target="_blank">arnausd</a>	1	0	1	67	229	3067		005
@aroa_eh	<a href="https://twitter.com/aroa_eh" target="_blank">aroa_eh</a>	1	0	1	542	417	12438	Orereta /Made in Jamaica/	105
@Arran_BaixCamp	<a href="https://twitter.com/Arran_BaixCamp" target="_blank">Arran_BaixCamp</a>	4	1	4	127	69	147	Baix Camp	051
@Arran_jovent	<a href="https://twitter.com/Arran_jovent" target="_blank">Arran_jovent</a>	2	0	1	22066	1030	23631	Països Catalans	051
@Arran_Tarragona	<a href="https://twitter.com/Arran_Tarragona" target="_blank">Arran_Tarragona</a>	5	55	0	1300	1039	2388	Tarragona, Països Catalans	051
@ArranVlc	<a href="https://twitter.com/ArranVlc" target="_blank">ArranVlc</a>	2	0	1	796	143	1597	València, Països Catalans	051
@arrieros_somos	<a href="https://twitter.com/arrieros_somos" target="_blank">arrieros_somos</a>	2	0	1	332	1971	2703	Barcelona, Espanya	001
@ArtalSort	<a href="https://twitter.com/ArtalSort" target="_blank">ArtalSort</a>	2	0	1	1099	2134	3217		003
@arturolle	<a href="https://twitter.com/arturolle" target="_blank">arturolle</a>	5	0	3	426	541	7855	Sitges, República Catalana	002
@aruper	<a href="https://twitter.com/aruper" target="_blank">aruper</a>	3	0	1	28	147	292	Catalunya!!	003
@ary2d2	<a href="https://twitter.com/ary2d2" target="_blank">ary2d2</a>	2	0	1	9	112	317	Vila de Gracia, Barcelona	002
@aryling	<a href="https://twitter.com/aryling" target="_blank">aryling</a>	13	0	1	155	212	15246	Cadaqués, Catalunya	001
@arytzam	<a href="https://twitter.com/arytzam" target="_blank">arytzam</a>	5	0	1	1518	995	34197	Euskal Errepublika	002
@asalarovira	<a href="https://twitter.com/asalarovira" target="_blank">asalarovira</a>	1	0	1	17	73	153	Barcelona	003
@asanalo58	<a href="https://twitter.com/asanalo58" target="_blank">asanalo58</a>	3	0	2	254	407	8871	Santa Coloma de Gramenet	002
@asansag	<a href="https://twitter.com/asansag" target="_blank">asansag</a>	5	0	1	647	1678	10984	Bastió de la Vegueria Penedès	003
@asansixto	<a href="https://twitter.com/asansixto" target="_blank">asansixto</a>	3	0	1	18	61	892		005
@asentiscamprubi	<a href="https://twitter.com/asentiscamprubi" target="_blank">asentiscamprubi</a>	0	1	0					007
@AshaGomez_	<a href="https://twitter.com/AshaGomez_" target="_blank">AshaGomez_</a>	1	0	1	207	1388	15911		090
@asiandafrica	<a href="https://twitter.com/asiandafrica" target="_blank">asiandafrica</a>	34	0	5	589	614	59976	Barcelona	001
@asiermarruedo	<a href="https://twitter.com/asiermarruedo" target="_blank">asiermarruedo</a>	1	0	1	92	535	3527		003
@askari222	<a href="https://twitter.com/askari222" target="_blank">askari222</a>	50	0	2	46	34	9286		002
@Asno102	<a href="https://twitter.com/Asno102" target="_blank">Asno102</a>	2	0	1	65	139	655		002
@AssembleaEExI	<a href="https://twitter.com/AssembleaEExI" target="_blank">AssembleaEExI</a>	10	0	1	2440	2167	32989	Barcelona, Catalunya	003
@AssembleaValls	<a href="https://twitter.com/AssembleaValls" target="_blank">AssembleaValls</a>	7	7	0	2443	2054	7390	Valls, Països Catalans	126
@assembleesjoves	<a href="https://twitter.com/assembleesjoves" target="_blank">assembleesjoves</a>	3	0	1	2390	548	7612	Països Catalans	158
@AssumptaMarce	<a href="https://twitter.com/AssumptaMarce" target="_blank">AssumptaMarce</a>	2	0	1	3	46	291		013
@asunbdnhotmail1	<a href="https://twitter.com/asunbdnhotmail1" target="_blank">asunbdnhotmail1</a>	10	0	4	34	166	5232		003
@ateixidom	<a href="https://twitter.com/ateixidom" target="_blank">ateixidom</a>	2	0	1	61	100	1687		064
@atFrancesc	<a href="https://twitter.com/atFrancesc" target="_blank">atFrancesc</a>	3	0	1	6	66	889		064
@Atharel	<a href="https://twitter.com/Atharel" target="_blank">Atharel</a>	14	0	1	313	473	12467	Barnacity CAT	001
@atilin1976	<a href="https://twitter.com/atilin1976" target="_blank">atilin1976</a>	3	0	1	78	249	1881		003
@atjazz08	<a href="https://twitter.com/atjazz08" target="_blank">atjazz08</a>	1	0	1	57	50	131	Badalona, Espanya	003
@atopeuri	<a href="https://twitter.com/atopeuri" target="_blank">atopeuri</a>	21	0	2	747	2487	47713		003
@atramrelos	<a href="https://twitter.com/atramrelos" target="_blank">atramrelos</a>	1	1	0	209	540	88		327
@AugustoNazzar	<a href="https://twitter.com/AugustoNazzar" target="_blank">AugustoNazzar</a>	11	0	7	12	86	1883		030
@Aurivis	<a href="https://twitter.com/Aurivis" target="_blank">Aurivis</a>	10	0	1	1456	453	42773	#DEPTrotsky #NoT'oblidaréMai	012
@aurorafaus	<a href="https://twitter.com/aurorafaus" target="_blank">aurorafaus</a>	1	0	1	51	681	573		003
@AVG_Sabadell	<a href="https://twitter.com/AVG_Sabadell" target="_blank">AVG_Sabadell</a>	2	1	0	1448	1153	5792	Sabadell	325
@avilagrann	<a href="https://twitter.com/avilagrann" target="_blank">avilagrann</a>	9	0	2	2701	1258	145597	Vitoria-Gasteiz (Euskalherria)	003
@avs2000	<a href="https://twitter.com/avs2000" target="_blank">avs2000</a>	3	0	1	1446	1746	16442		064
@awesonne	<a href="https://twitter.com/awesonne" target="_blank">awesonne</a>	1	0	1	470	392	357		224
@AyA_KR	<a href="https://twitter.com/AyA_KR" target="_blank">AyA_KR</a>	4	0	1	256	380	14985	Barcelona	005
@Ayla365	<a href="https://twitter.com/Ayla365" target="_blank">Ayla365</a>	3	0	1	152	310	2891		005
@Azema47Ferran	<a href="https://twitter.com/Azema47Ferran" target="_blank">Azema47Ferran</a>	1	0	1	19	38	444	Barcelona	064
@Azpitarte	<a href="https://twitter.com/Azpitarte" target="_blank">Azpitarte</a>	0	4	0					147
@babilon25	<a href="https://twitter.com/babilon25" target="_blank">babilon25</a>	1	0	1	83	22	637	andorra	003
@badivol	<a href="https://twitter.com/badivol" target="_blank">badivol</a>	2	0	1	1256	2554	26545		003
@Badnews77	<a href="https://twitter.com/Badnews77" target="_blank">Badnews77</a>	1	0	1	231	613	6815	Toledo	003
@bageles	<a href="https://twitter.com/bageles" target="_blank">bageles</a>	1	0	1	414	742	10192		037
@baiasca	<a href="https://twitter.com/baiasca" target="_blank">baiasca</a>	1	1	1	1343	903	10679	Països Catalans	012
@balyboy72	<a href="https://twitter.com/balyboy72" target="_blank">balyboy72</a>	1	0	1	6	18	327	Barcelona, España	115
@bannedgarden	<a href="https://twitter.com/bannedgarden" target="_blank">bannedgarden</a>	6	0	1	160	312	7774	Barcelona	005
@Barbaenremojo	<a href="https://twitter.com/Barbaenremojo" target="_blank">Barbaenremojo</a>	2	0	1	201	410	22622	Barbados	003
@barbaravalls	<a href="https://twitter.com/barbaravalls" target="_blank">barbaravalls</a>	2	1	0	848	383	1847		318
@barcaboca10	<a href="https://twitter.com/barcaboca10" target="_blank">barcaboca10</a>	9	0	3	2934	1886	37108	poble nou catalunya	001
@BarcelonaGlides	<a href="https://twitter.com/BarcelonaGlides" target="_blank">BarcelonaGlides</a>	8	0	1	260	210	6161	iPhone: 41.545631,2.101534	037
@barnazen	<a href="https://twitter.com/barnazen" target="_blank">barnazen</a>	8	0	2	1316	1256	37111	Barcelona, Catalunya.	011
@BarniBanana	<a href="https://twitter.com/BarniBanana" target="_blank">BarniBanana</a>	10	0	1	114	461	4336		048
@barra1700	<a href="https://twitter.com/barra1700" target="_blank">barra1700</a>	3	0	1	7	84	2993		064
@barratemple	<a href="https://twitter.com/barratemple" target="_blank">barratemple</a>	6	0	1	313	254	24859	DÚPLEX - Barri Chic de Dublin	008
@BasaganaJoan	<a href="https://twitter.com/BasaganaJoan" target="_blank">BasaganaJoan</a>	2	0	1	3	21	322		003
@BastaixDeCorda	<a href="https://twitter.com/BastaixDeCorda" target="_blank">BastaixDeCorda</a>	9	0	1	1828	1744	6404	Online des d'Astúries	003
@batecslliures	<a href="https://twitter.com/batecslliures" target="_blank">batecslliures</a>	7	0	1	78	149	7156	Catalunya	005
@BatmanGramenet	<a href="https://twitter.com/BatmanGramenet" target="_blank">BatmanGramenet</a>	1	1	0	1834	1492	2997	Santa Coloma de Gramenet	320
@bausa_joan	<a href="https://twitter.com/bausa_joan" target="_blank">bausa_joan</a>	5	0	1	383	388	6219	Viladecans, Catalunya	002
@Bautistasotelo	<a href="https://twitter.com/Bautistasotelo" target="_blank">Bautistasotelo</a>	1	0	1	151	368	935	Barcelona	005
@BblaiaLaia	<a href="https://twitter.com/BblaiaLaia" target="_blank">BblaiaLaia</a>	7	0	1	84	326	1809		002
@BCN_Scouser	<a href="https://twitter.com/BCN_Scouser" target="_blank">BCN_Scouser</a>	4	0	1	245	251	21313	Barcelona, Catalunya	003
@bcnbelu84	<a href="https://twitter.com/bcnbelu84" target="_blank">bcnbelu84</a>	6	0	1	378	719	30424		105
@BcnCatEu	<a href="https://twitter.com/BcnCatEu" target="_blank">BcnCatEu</a>	7	0	1	394	1054	12465	Barri gòtic	006
@BcnLu	<a href="https://twitter.com/BcnLu" target="_blank">BcnLu</a>	2	0	1	271	553	10899	Barcelona, Catalunya	105
@beatriiiz021	<a href="https://twitter.com/beatriiiz021" target="_blank">beatriiiz021</a>	1	0	1	26	57	613		105
@begonys	<a href="https://twitter.com/begonys" target="_blank">begonys</a>	12	0	1	2537	2392	134294	España	105
@BegueSonia	<a href="https://twitter.com/BegueSonia" target="_blank">BegueSonia</a>	1	0	1	21	96	347		064
@BelAritz	<a href="https://twitter.com/BelAritz" target="_blank">BelAritz</a>	1	0	1	254	219	957	Badalona, Catalunya	027
@beleneila13	<a href="https://twitter.com/beleneila13" target="_blank">beleneila13</a>	1	0	1	55	150	461	Mataró, España	003
@BelenGalvan__	<a href="https://twitter.com/BelenGalvan__" target="_blank">BelenGalvan__</a>	5	0	1	197	298	5157		045
@BelGalera	<a href="https://twitter.com/BelGalera" target="_blank">BelGalera</a>	5	0	1	1685	2296	17999	Barcelona, Catalunya	019
@BellverVol	<a href="https://twitter.com/BellverVol" target="_blank">BellverVol</a>	1	0	1	686	356	4500	Bellver de Cerdanya, España	068
@BeltrDomingo	<a href="https://twitter.com/BeltrDomingo" target="_blank">BeltrDomingo</a>	1	0	1	2	13	80		003
@BelZaballa	<a href="https://twitter.com/BelZaballa" target="_blank">BelZaballa</a>	2	0	1	4891	1844	12829	Països Catalans	007
@Benat_Oiarzabal	<a href="https://twitter.com/Benat_Oiarzabal" target="_blank">Benat_Oiarzabal</a>	1	0	1	578	1336	9661	Euskadi - Basque Country	003
@Benjami82072689	<a href="https://twitter.com/Benjami82072689" target="_blank">Benjami82072689</a>	12	0	1	6	68	3162	Premià de Mar, Espanya	005
@benmlongmore	<a href="https://twitter.com/benmlongmore" target="_blank">benmlongmore</a>	1	0	1	98	227	1098	West Midlands, England	052
@benoitmortier1	<a href="https://twitter.com/benoitmortier1" target="_blank">benoitmortier1</a>	3	0	1	637	996	66397	Brussels	018
@BenSitges	<a href="https://twitter.com/BenSitges" target="_blank">BenSitges</a>	1	0	1	404	595	1538	Sitges	001
@berengueras	<a href="https://twitter.com/berengueras" target="_blank">berengueras</a>	1	0	1	2635	1409	18093	Barcelona	019
@BergasJoan	<a href="https://twitter.com/BergasJoan" target="_blank">BergasJoan</a>	5	0	1	87	137	906	Manresa	005
@Berlustinho	<a href="https://twitter.com/Berlustinho" target="_blank">Berlustinho</a>	2	4	0	67340	5075	103459	Barcelona	037
@Bernadet47	<a href="https://twitter.com/Bernadet47" target="_blank">Bernadet47</a>	1	0	1	84	252	1018	palma de mallorca	005
@BernadFelip	<a href="https://twitter.com/BernadFelip" target="_blank">BernadFelip</a>	7	0	1	908	1501	9755	Badalona, CATALUNYA.	001
@Bernat_	<a href="https://twitter.com/Bernat_" target="_blank">Bernat_</a>	9	0	1	1460	1459	8393	AMER - BARCELONA	064
@Bernat_GR	<a href="https://twitter.com/Bernat_GR" target="_blank">Bernat_GR</a>	1	0	1	97	203	7120	Barcelona, Catalunya	003
@bernatds	<a href="https://twitter.com/bernatds" target="_blank">bernatds</a>	1	0	1	79	310	594	Terrassa, Catalunya,España	003
@bernatjj	<a href="https://twitter.com/bernatjj" target="_blank">bernatjj</a>	1	0	1	50	181	883		019
@BernatRicard	<a href="https://twitter.com/BernatRicard" target="_blank">BernatRicard</a>	6	0	2	191	347	6144	Catalonia	002
@BernatVicaria	<a href="https://twitter.com/BernatVicaria" target="_blank">BernatVicaria</a>	2	0	1	14	139	282		002
@BerniGonzi	<a href="https://twitter.com/BerniGonzi" target="_blank">BerniGonzi</a>	2	0	1	279	162	9092	Catalunya	003
@Bertabocado	<a href="https://twitter.com/Bertabocado" target="_blank">Bertabocado</a>	2	0	1	387	508	1270		086
@bertaCTordera	<a href="https://twitter.com/bertaCTordera" target="_blank">bertaCTordera</a>	3	0	1	48	165	1044		184
@BertaFaro1	<a href="https://twitter.com/BertaFaro1" target="_blank">BertaFaro1</a>	33	0	4	94	59	5964		014
@bertafcb	<a href="https://twitter.com/bertafcb" target="_blank">bertafcb</a>	2	0	2	112	206	2010		087
@bertaguillemot	<a href="https://twitter.com/bertaguillemot" target="_blank">bertaguillemot</a>	9	0	1	547	1107	14974	Mallorca i Catalunya	182
@bertagv14	<a href="https://twitter.com/bertagv14" target="_blank">bertagv14</a>	3	2	0	221	366	1002	Catalunya	046
@bertasosa91	<a href="https://twitter.com/bertasosa91" target="_blank">bertasosa91</a>	9	0	1	90	223	2800		009
@bertubmx	<a href="https://twitter.com/bertubmx" target="_blank">bertubmx</a>	2	0	1	20	60	448		006
@bertupuigvertf1	<a href="https://twitter.com/bertupuigvertf1" target="_blank">bertupuigvertf1</a>	11	0	1	1186	1269	42265		211
@bertuvila	<a href="https://twitter.com/bertuvila" target="_blank">bertuvila</a>	8	0	1	88	542	2620		003
@bet166	<a href="https://twitter.com/bet166" target="_blank">bet166</a>	2	0	1	115	394	216		002
@BetadelTer	<a href="https://twitter.com/BetadelTer" target="_blank">BetadelTer</a>	4	0	1	765	869	14115	Bordils, Països Catalans	127
@betarango	<a href="https://twitter.com/betarango" target="_blank">betarango</a>	1	0	1	489	384	139449	America del sur	035
@betcasamit	<a href="https://twitter.com/betcasamit" target="_blank">betcasamit</a>	1	0	1	172	418	2385		093
@betplanas	<a href="https://twitter.com/betplanas" target="_blank">betplanas</a>	1	1	1	778	1212	16762	Terrassa-Matadepera, Catalunya	015
@betumf	<a href="https://twitter.com/betumf" target="_blank">betumf</a>	1	0	1	55	258	165	Sabadell, Republica Catalana	003
@BhrmmJoaquim	<a href="https://twitter.com/BhrmmJoaquim" target="_blank">BhrmmJoaquim</a>	17	0	3	926	2176	51793	Països Catalans	001
@Bibigenser	<a href="https://twitter.com/Bibigenser" target="_blank">Bibigenser</a>	1	0	1	576	327	10516		005
@BICHILLOVERDE	<a href="https://twitter.com/BICHILLOVERDE" target="_blank">BICHILLOVERDE</a>	1	0	1	47403	754	24400		003
@biel_ferrer	<a href="https://twitter.com/biel_ferrer" target="_blank">biel_ferrer</a>	6	0	2	733	1094	17954	Baix Camp, Països Catalans.	005
@BielSegui	<a href="https://twitter.com/BielSegui" target="_blank">BielSegui</a>	15	0	2	1624	1227	32344	Mallorca	002
@big_taff	<a href="https://twitter.com/big_taff" target="_blank">big_taff</a>	6	0	1	894	3971	29941	wales	018
@bilbotronik	<a href="https://twitter.com/bilbotronik" target="_blank">bilbotronik</a>	12	0	1	445	1250	39165	Bilbao	010
@bilduman90	<a href="https://twitter.com/bilduman90" target="_blank">bilduman90</a>	27	0	4	708	245	209204		003
@BilombaJFT	<a href="https://twitter.com/BilombaJFT" target="_blank">BilombaJFT</a>	2	0	2	166	713	1257	Baix Empordà i més llocs	019
@bimbabimbabimb1	<a href="https://twitter.com/bimbabimbabimb1" target="_blank">bimbabimbabimb1</a>	2	0	1	67	128	1814		005
@binga_cat	<a href="https://twitter.com/binga_cat" target="_blank">binga_cat</a>	6	0	1	84	307	1655		007
@bingsfables	<a href="https://twitter.com/bingsfables" target="_blank">bingsfables</a>	1	0	1	275	876	1153	Netherlands	086
@BioMaresme	<a href="https://twitter.com/BioMaresme" target="_blank">BioMaresme</a>	7	0	4	1353	2415	11840	Catalunya	014
@bioscamontse	<a href="https://twitter.com/bioscamontse" target="_blank">bioscamontse</a>	18	0	2	212	414	15588		001
@bip_jaume	<a href="https://twitter.com/bip_jaume" target="_blank">bip_jaume</a>	4	0	1	2124	2004	27451		003
@biribiroli	<a href="https://twitter.com/biribiroli" target="_blank">biribiroli</a>	26	0	1	70	455	6129		019
@BlackSpartak	<a href="https://twitter.com/BlackSpartak" target="_blank">BlackSpartak</a>	4	0	1	1170	495	18942	BCN	007
@Blaiescoda	<a href="https://twitter.com/Blaiescoda" target="_blank">Blaiescoda</a>	3	0	1	417	766	14351		005
@blairodriguez	<a href="https://twitter.com/blairodriguez" target="_blank">blairodriguez</a>	37	0	2	3676	1413	22381	els encants. barna.	012
@blanbu_josep	<a href="https://twitter.com/blanbu_josep" target="_blank">blanbu_josep</a>	1	0	1	11	29	428		021
@blanca98pb	<a href="https://twitter.com/blanca98pb" target="_blank">blanca98pb</a>	1	0	1	13	171	333		019
@Blanchis79	<a href="https://twitter.com/Blanchis79" target="_blank">Blanchis79</a>	3	0	1	14	78	800		064
@Blancr1	<a href="https://twitter.com/Blancr1" target="_blank">Blancr1</a>	4	0	1	455	1080	30627		003
@blaucat	<a href="https://twitter.com/blaucat" target="_blank">blaucat</a>	1	0	1	252	489	5514	Països Catalans	007
@blaugranamarti	<a href="https://twitter.com/blaugranamarti" target="_blank">blaugranamarti</a>	2	0	1	43	186	13021		003
@Blaumar0	<a href="https://twitter.com/Blaumar0" target="_blank">Blaumar0</a>	5	0	1	54	210	2621	Barcelona, Catalunya	003
@BlayCondo	<a href="https://twitter.com/BlayCondo" target="_blank">BlayCondo</a>	3	0	1	35	239	212	Sant Pere Santa Caterina i la Ribera	003
@bloodstone4444	<a href="https://twitter.com/bloodstone4444" target="_blank">bloodstone4444</a>	1	0	1	71	764	6642	Lund, Sverige	117
@BluesPossessed	<a href="https://twitter.com/BluesPossessed" target="_blank">BluesPossessed</a>	5	0	1	35	127	420	Sabadell (Catalonia)	067
@BMaristany	<a href="https://twitter.com/BMaristany" target="_blank">BMaristany</a>	1	0	1	330	576	3387	Premià de Mar. Catalunya.	003
@BodegaCoca	<a href="https://twitter.com/BodegaCoca" target="_blank">BodegaCoca</a>	1	0	1	307	544	299	Sabadell	008
@boifuste	<a href="https://twitter.com/boifuste" target="_blank">boifuste</a>	3	0	1	1955	3231	34795	Bloc Elspatriotes.cat	006
@BoiSentis	<a href="https://twitter.com/BoiSentis" target="_blank">BoiSentis</a>	9	0	1	12	77	2551	Sabadell. Catalunya	007
@BOIXEDAMUM	<a href="https://twitter.com/BOIXEDAMUM" target="_blank">BOIXEDAMUM</a>	7	0	1	26	146	3679		005
@BolduGrau	<a href="https://twitter.com/BolduGrau" target="_blank">BolduGrau</a>	1	0	1	14	60	269		064
@bolsamania	<a href="https://twitter.com/bolsamania" target="_blank">bolsamania</a>	0	1	0					315
@bomberscab10600	<a href="https://twitter.com/bomberscab10600" target="_blank">bomberscab10600</a>	1	0	1	730	296	679		068
@bombersfigueres	<a href="https://twitter.com/bombersfigueres" target="_blank">bombersfigueres</a>	4	1	1	712	793	2114	Parc de Bombers de Figueres	001
@Bomberssllo	<a href="https://twitter.com/Bomberssllo" target="_blank">Bomberssllo</a>	1	3	0	832	307	457	Sant Llorenç de Morunys	034
@bonamossa	<a href="https://twitter.com/bonamossa" target="_blank">bonamossa</a>	3	0	2	1972	2386	5350		001
@BonetNugramenet	<a href="https://twitter.com/BonetNugramenet" target="_blank">BonetNugramenet</a>	2	0	1	145	390	3568	Barcelona	105
@BorchSans	<a href="https://twitter.com/BorchSans" target="_blank">BorchSans</a>	7	0	1	308	641	6209	De Lleida vivint a Tarragona	003
@bordas82	<a href="https://twitter.com/bordas82" target="_blank">bordas82</a>	1	0	1	17	137	251		157
@bori_not	<a href="https://twitter.com/bori_not" target="_blank">bori_not</a>	9	2	0	1905	628	82627	Països Catalans	050
@borja_eh	<a href="https://twitter.com/borja_eh" target="_blank">borja_eh</a>	1	0	1	171	449	3321	Nomada	003
@BornToRun8	<a href="https://twitter.com/BornToRun8" target="_blank">BornToRun8</a>	1	0	1	6	47	58		003
@BorxaGC	<a href="https://twitter.com/BorxaGC" target="_blank">BorxaGC</a>	14	0	1	838	1958	15274	Pontevedra, Galiza	132
@BoschTere	<a href="https://twitter.com/BoschTere" target="_blank">BoschTere</a>	1	0	1	64	152	1153	Terrassa  Barcelona	114
@BotaJordi	<a href="https://twitter.com/BotaJordi" target="_blank">BotaJordi</a>	1	0	1	1211	4020	2709	Girona, Catalunya	003
@BoteyTamara	<a href="https://twitter.com/BoteyTamara" target="_blank">BoteyTamara</a>	5	0	1	209	377	7346	República de Catalunya, UE	001
@bou_josep	<a href="https://twitter.com/bou_josep" target="_blank">bou_josep</a>	5	0	1	571	1528	12004		002
@bou_ricard	<a href="https://twitter.com/bou_ricard" target="_blank">bou_ricard</a>	17	0	2	110	101	5718	Girona	007
@boxersinarms	<a href="https://twitter.com/boxersinarms" target="_blank">boxersinarms</a>	5	0	1	1615	1653	74714	catalonia	087
@BozzettoStefano	<a href="https://twitter.com/BozzettoStefano" target="_blank">BozzettoStefano</a>	2	0	1	673	1375	14289	Bologna '82 Agric.Eng., Farmer	022
@Brandelafuente	<a href="https://twitter.com/Brandelafuente" target="_blank">Brandelafuente</a>	1	0	1	178	351	1577	Sant Celoni	005
@brgrzr99	<a href="https://twitter.com/brgrzr99" target="_blank">brgrzr99</a>	1	0	1	85	247	1193	Gijón, España	035
@bribru7	<a href="https://twitter.com/bribru7" target="_blank">bribru7</a>	1	0	1	187	754	841	Palamós	013
@bricio_laura	<a href="https://twitter.com/bricio_laura" target="_blank">bricio_laura</a>	2	0	1	42	336	565	Tarragona, Catalunya	037
@BroggiElisa	<a href="https://twitter.com/BroggiElisa" target="_blank">BroggiElisa</a>	30	0	2	2870	2795	187343	Now, between l'Escala and BCN.	003
@bronsfire	<a href="https://twitter.com/bronsfire" target="_blank">bronsfire</a>	7	0	3	240	256	1554	Málaga	045
@brouiprou	<a href="https://twitter.com/brouiprou" target="_blank">brouiprou</a>	2	0	1	3173	4798	6294	Lleida	010
@Brugarolas	<a href="https://twitter.com/Brugarolas" target="_blank">Brugarolas</a>	2	27	1	2496	1834	7579	Sant Cugat	001
@BrujaSeli	<a href="https://twitter.com/BrujaSeli" target="_blank">BrujaSeli</a>	1	0	1	492	1215	4739	CATALUNYA	008
@bsilanes	<a href="https://twitter.com/bsilanes" target="_blank">bsilanes</a>	18	3	1	2544	2263	67518	Catalunya	080
@bsolerg	<a href="https://twitter.com/bsolerg" target="_blank">bsolerg</a>	5	0	3	274	170	8322	Catalunya	001
@Buitragu	<a href="https://twitter.com/Buitragu" target="_blank">Buitragu</a>	2	0	2	528	357	13957	Valencia	006
@buticelra	<a href="https://twitter.com/buticelra" target="_blank">buticelra</a>	3	1	0	389	286	1932	Celrà	041
@Butinyo	<a href="https://twitter.com/Butinyo" target="_blank">Butinyo</a>	5	0	2	51	106	2609		001
@BZVGS	<a href="https://twitter.com/BZVGS" target="_blank">BZVGS</a>	4	0	1	156	320	4261	vor den Toren der Hölle	002
@c_consol	<a href="https://twitter.com/c_consol" target="_blank">c_consol</a>	7	0	3	136	258	7048		001
@c_delarubia	<a href="https://twitter.com/c_delarubia" target="_blank">c_delarubia</a>	2	0	1	19	70	271		105
@C_TTME	<a href="https://twitter.com/C_TTME" target="_blank">C_TTME</a>	15	0	2	5	60	1982		037
@caboixo	<a href="https://twitter.com/caboixo" target="_blank">caboixo</a>	26	0	2	240	143	33953		001
@cabos_j	<a href="https://twitter.com/cabos_j" target="_blank">cabos_j</a>	2	0	1	13	151	386		003
@cabrerarncr	<a href="https://twitter.com/cabrerarncr" target="_blank">cabrerarncr</a>	1	0	1	753	436	173980	Caracas-Venezuela	035
@CADCI	<a href="https://twitter.com/CADCI" target="_blank">CADCI</a>	16	52	4	3233	1893	28503	Rambla Santa Mònica, Barcelona	037
@caelumtangi	<a href="https://twitter.com/caelumtangi" target="_blank">caelumtangi</a>	9	0	1	61	144	4482		064
@cafedescafeinat	<a href="https://twitter.com/cafedescafeinat" target="_blank">cafedescafeinat</a>	5	0	1	100	310	821	Barcelona	064
@cafeoleman	<a href="https://twitter.com/cafeoleman" target="_blank">cafeoleman</a>	8	0	1	73	273	4113	Catalunya	005
@calabuchi	<a href="https://twitter.com/calabuchi" target="_blank">calabuchi</a>	1	0	1	57	130	839	Salou	001
@CalaJu_lia	<a href="https://twitter.com/CalaJu_lia" target="_blank">CalaJu_lia</a>	2	0	1	39	423	416		007
@CalamityDjon	<a href="https://twitter.com/CalamityDjon" target="_blank">CalamityDjon</a>	6	0	1	1986	1921	25545	En viatge interstel·lar.	005
@calamuntsa	<a href="https://twitter.com/calamuntsa" target="_blank">calamuntsa</a>	2	0	1	1827	1749	11292		061
@Calaverot	<a href="https://twitter.com/Calaverot" target="_blank">Calaverot</a>	2	1	0	87	420	1265		285
@calbasi	<a href="https://twitter.com/calbasi" target="_blank">calbasi</a>	5	0	1	189	386	3130	A la lluna...	051
@calboloco22	<a href="https://twitter.com/calboloco22" target="_blank">calboloco22</a>	1	0	1	422	300	14444		145
@Call_Bures	<a href="https://twitter.com/Call_Bures" target="_blank">Call_Bures</a>	3	0	1	90	295	2014	Lloret de Mar	007
@calolmo	<a href="https://twitter.com/calolmo" target="_blank">calolmo</a>	10	0	3	25	76	1606		093
@CalTolla	<a href="https://twitter.com/CalTolla" target="_blank">CalTolla</a>	15	0	1	2781	2310	85386	Catalunya	001
@calva1902	<a href="https://twitter.com/calva1902" target="_blank">calva1902</a>	10	0	1	1177	529	35242	Brey	005
@CalvoVerges	<a href="https://twitter.com/CalvoVerges" target="_blank">CalvoVerges</a>	2	0	1	127	586	901		003
@camelpo	<a href="https://twitter.com/camelpo" target="_blank">camelpo</a>	1	0	1	200	1542	6553		093
@camero_morales	<a href="https://twitter.com/camero_morales" target="_blank">camero_morales</a>	6	0	1	110	145	10017		081
@CaminsJ	<a href="https://twitter.com/CaminsJ" target="_blank">CaminsJ</a>	9	0	1	109	245	5452	Repùblica Catalana UE	001
@CamposBarreda	<a href="https://twitter.com/CamposBarreda" target="_blank">CamposBarreda</a>	4	0	1	9	68	864		002
@CanalAjuntament	<a href="https://twitter.com/CanalAjuntament" target="_blank">CanalAjuntament</a>	13	0	3	8927	4141	45228	Catalunya	014
@canbutjosa	<a href="https://twitter.com/canbutjosa" target="_blank">canbutjosa</a>	1	0	1	860	650	1470	Parets del Vallès	086
@cancapablanca	<a href="https://twitter.com/cancapablanca" target="_blank">cancapablanca</a>	0	5	0					066
@Candeliano	<a href="https://twitter.com/Candeliano" target="_blank">Candeliano</a>	0	28	0					048
@canricart	<a href="https://twitter.com/canricart" target="_blank">canricart</a>	31	0	1	600	511	14383	poblenou (barcelona)	006
@cantorGalifarde	<a href="https://twitter.com/cantorGalifarde" target="_blank">cantorGalifarde</a>	1	0	1	34	110	1140	Barcelona Catalunya	064
@capdepremsa	<a href="https://twitter.com/capdepremsa" target="_blank">capdepremsa</a>	10	0	2	2173	3015	7330	Catalunya	014
@capdeski	<a href="https://twitter.com/capdeski" target="_blank">capdeski</a>	4	0	1	122	713	3087	Barcelona	003
@capdesuro	<a href="https://twitter.com/capdesuro" target="_blank">capdesuro</a>	38	0	3	263	722	17319	Catalonia	005
@capdevilajoan	<a href="https://twitter.com/capdevilajoan" target="_blank">capdevilajoan</a>	13	0	3	5287	4424	45454	Martorell, Catalunya	018
@capgros4	<a href="https://twitter.com/capgros4" target="_blank">capgros4</a>	14	0	1	953	2451	9315	països catalans	308
@capipota	<a href="https://twitter.com/capipota" target="_blank">capipota</a>	7	0	1	2040	2050	46920	Catalunya	009
@CapitaCuc	<a href="https://twitter.com/CapitaCuc" target="_blank">CapitaCuc</a>	6	0	3	22	150	1023		013
@CapitaFigatell	<a href="https://twitter.com/CapitaFigatell" target="_blank">CapitaFigatell</a>	7	0	1	315	829	13325		005
@CapitHaddock1	<a href="https://twitter.com/CapitHaddock1" target="_blank">CapitHaddock1</a>	9	0	1	1172	1196	70718	Catalunya	020
@CaputxetaIndy	<a href="https://twitter.com/CaputxetaIndy" target="_blank">CaputxetaIndy</a>	8	0	2	95	211	3879	Catalunya	001
@carabanyo	<a href="https://twitter.com/carabanyo" target="_blank">carabanyo</a>	1	0	1	66	244	554	Valls	005
@caravaggio1714	<a href="https://twitter.com/caravaggio1714" target="_blank">caravaggio1714</a>	1	0	1	452	1431	6900		005
@carbonetti2	<a href="https://twitter.com/carbonetti2" target="_blank">carbonetti2</a>	11	0	2	90	308	14545		001
@carl9s_	<a href="https://twitter.com/carl9s_" target="_blank">carl9s_</a>	1	0	1	71	111	244	Moià, Cataluña	263
@CarladelCampo13	<a href="https://twitter.com/CarladelCampo13" target="_blank">CarladelCampo13</a>	5	0	1	16	60	2406	Barcelona, Espanya	001
@Carlangues	<a href="https://twitter.com/Carlangues" target="_blank">Carlangues</a>	1	0	1	468	600	34149	Sant Boi de Llobregat	178
@carles_cs	<a href="https://twitter.com/carles_cs" target="_blank">carles_cs</a>	1	0	1	113	110	1508	Els Pirineus	014
@carles_gavila	<a href="https://twitter.com/carles_gavila" target="_blank">carles_gavila</a>	3	0	1	9	14	1171		002
@Carles7	<a href="https://twitter.com/Carles7" target="_blank">Carles7</a>	2	0	1	25	77	5653		005
@Carles77	<a href="https://twitter.com/Carles77" target="_blank">Carles77</a>	0	1	0					003
@carlesalles	<a href="https://twitter.com/carlesalles" target="_blank">carlesalles</a>	4	0	1	612	1607	11617		003
@carlesbert	<a href="https://twitter.com/carlesbert" target="_blank">carlesbert</a>	6	27	0	323	301	3261	Barcelona, Espanya	017
@Carlesborges	<a href="https://twitter.com/Carlesborges" target="_blank">Carlesborges</a>	2	0	1	100	274	301	Les Borges del Camp	003
@carlescampuzano	<a href="https://twitter.com/carlescampuzano" target="_blank">carlescampuzano</a>	4	0	1	14681	6868	43919	Vilanova i la Geltrú	013
@carlescat1	<a href="https://twitter.com/carlescat1" target="_blank">carlescat1</a>	2	0	1	3	53	201	manresa,Catalunya	007
@Carlesescario	<a href="https://twitter.com/Carlesescario" target="_blank">Carlesescario</a>	28	0	2	354	330	37892		024
@carlesgonzalezf	<a href="https://twitter.com/carlesgonzalezf" target="_blank">carlesgonzalezf</a>	1	0	1	8	11	8	Catalunya, Espanya	083
@CarlesHeredia	<a href="https://twitter.com/CarlesHeredia" target="_blank">CarlesHeredia</a>	1	2	0	1257	850	2420	Valls	180
@carlesmotas	<a href="https://twitter.com/carlesmotas" target="_blank">carlesmotas</a>	1	0	1	873	662	4012	Sant Feliu de Guixols	003
@CarlesMundo	<a href="https://twitter.com/CarlesMundo" target="_blank">CarlesMundo</a>	1	150	0	15715	834	7987	Catalunya	008
@carlespamies	<a href="https://twitter.com/carlespamies" target="_blank">carlespamies</a>	26	0	6	1178	1103	86670	Castellví d la Marca Catalunya	003
@carlesserra3	<a href="https://twitter.com/carlesserra3" target="_blank">carlesserra3</a>	1	0	1	132	103	1742		007
@CarlesSueiras	<a href="https://twitter.com/CarlesSueiras" target="_blank">CarlesSueiras</a>	30	0	1	211	114	44854	Catalunya	087
@CarlesVidal	<a href="https://twitter.com/CarlesVidal" target="_blank">CarlesVidal</a>	3	0	1	249	515	5045	Sant Cugat, Barcelona	156
@carlesvilanova	<a href="https://twitter.com/carlesvilanova" target="_blank">carlesvilanova</a>	1	0	1	77	649	695		007
@carloosalba	<a href="https://twitter.com/carloosalba" target="_blank">carloosalba</a>	4	0	1	183	9	31659	Barcelona	003
@carlospollovapu	<a href="https://twitter.com/carlospollovapu" target="_blank">carlospollovapu</a>	1	0	1	241	927	1456	badalona-llavaneras	005
@carlosraya_raya	<a href="https://twitter.com/carlosraya_raya" target="_blank">carlosraya_raya</a>	1	0	1	519	531	5081	el Bosque	007
@carme60pm	<a href="https://twitter.com/carme60pm" target="_blank">carme60pm</a>	8	0	3	333	226	41433		003
@carme662	<a href="https://twitter.com/carme662" target="_blank">carme662</a>	1	0	1	8	34	390		003
@CarmeBusquets	<a href="https://twitter.com/CarmeBusquets" target="_blank">CarmeBusquets</a>	2	0	1	935	1491	3258		007
@carmefornesfiol	<a href="https://twitter.com/carmefornesfiol" target="_blank">carmefornesfiol</a>	3	0	1	36	302	1089		013
@CarmeLaboria	<a href="https://twitter.com/CarmeLaboria" target="_blank">CarmeLaboria</a>	3	2	0	1410	416	4502	Terrassa - Catalunya	047
@carmen_fotos	<a href="https://twitter.com/carmen_fotos" target="_blank">carmen_fotos</a>	2	0	1	46	171	3170		084
@carmen_uviedo	<a href="https://twitter.com/carmen_uviedo" target="_blank">carmen_uviedo</a>	16	0	4	82	227	6818	Premià de Mar, Catalunya	001
@CarmePampido	<a href="https://twitter.com/CarmePampido" target="_blank">CarmePampido</a>	1	0	1	76	290	3043	Barcelona, Catalunya	003
@carmerosanas	<a href="https://twitter.com/carmerosanas" target="_blank">carmerosanas</a>	4	0	1	439	642	16783	Catalunya	064
@CarmeVilaC	<a href="https://twitter.com/CarmeVilaC" target="_blank">CarmeVilaC</a>	4	0	1	307	512	19398		105
@CarnerEduard	<a href="https://twitter.com/CarnerEduard" target="_blank">CarnerEduard</a>	3	0	1	26	161	356		003
@Carol52325272	<a href="https://twitter.com/Carol52325272" target="_blank">Carol52325272</a>	1	0	1	1	17	42	Girona, Espanya	009
@CarolaZafarana	<a href="https://twitter.com/CarolaZafarana" target="_blank">CarolaZafarana</a>	0	1	0					272
@carolinabalmes	<a href="https://twitter.com/carolinabalmes" target="_blank">carolinabalmes</a>	34	0	1	628	1357	24553		006
@Carolinacalvos	<a href="https://twitter.com/Carolinacalvos" target="_blank">Carolinacalvos</a>	1	0	1	46	137	644	Sagàs, Catalunya	223
@CarreJosep	<a href="https://twitter.com/CarreJosep" target="_blank">CarreJosep</a>	11	0	2	6340	6494	83213	DUI al PROGRAMA i a jugar...	022
@CarreteroMarta	<a href="https://twitter.com/CarreteroMarta" target="_blank">CarreteroMarta</a>	3	0	1	74	90	403		064
@CarullaDaniel	<a href="https://twitter.com/CarullaDaniel" target="_blank">CarullaDaniel</a>	9	0	1	1196	1034	36324		275
@carvajalsz	<a href="https://twitter.com/carvajalsz" target="_blank">carvajalsz</a>	1	0	1	220	133	36309	East Coast, United States	090
@CasajuanaM	<a href="https://twitter.com/CasajuanaM" target="_blank">CasajuanaM</a>	8	0	1	332	119	50374		007
@Casalesi	<a href="https://twitter.com/Casalesi" target="_blank">Casalesi</a>	1	1	0	1470	1774	5960	Catalunya	270
@CasalEsparrec	<a href="https://twitter.com/CasalEsparrec" target="_blank">CasalEsparrec</a>	0	2	0					061
@Casanovas1994	<a href="https://twitter.com/Casanovas1994" target="_blank">Casanovas1994</a>	22	0	4	2250	2007	97164		003
@casaxus	<a href="https://twitter.com/casaxus" target="_blank">casaxus</a>	39	0	2	428	1582	97613	aquimateix	011
@CasellasCarlos	<a href="https://twitter.com/CasellasCarlos" target="_blank">CasellasCarlos</a>	1	0	1	62	235	5109		171
@CasipBadalona	<a href="https://twitter.com/CasipBadalona" target="_blank">CasipBadalona</a>	1	5	0	602	200	752	Badalona	134
@CASTREXO1	<a href="https://twitter.com/CASTREXO1" target="_blank">CASTREXO1</a>	1	0	1	178	534	5020	LVCVS	003
@Castro4De	<a href="https://twitter.com/Castro4De" target="_blank">Castro4De</a>	6	0	2	511	835	18132		010
@Cat_i_Gos	<a href="https://twitter.com/Cat_i_Gos" target="_blank">Cat_i_Gos</a>	2	0	2	34	422	354	Cataluña, España	003
@Cat72222	<a href="https://twitter.com/Cat72222" target="_blank">Cat72222</a>	1	0	1	4751	4863	51716	En algun lugar	006
@CATaccio11	<a href="https://twitter.com/CATaccio11" target="_blank">CATaccio11</a>	17	0	2	1600	1908	7288		005
@catala1962	<a href="https://twitter.com/catala1962" target="_blank">catala1962</a>	6	0	2	300	896	20468	ATENOLECRAB	005
@cataladelsud	<a href="https://twitter.com/cataladelsud" target="_blank">cataladelsud</a>	73	0	6	1154	1886	9980	La Plana, Països Catalans	003
@catalaMaulet	<a href="https://twitter.com/catalaMaulet" target="_blank">catalaMaulet</a>	10	0	1	2668	2877	89556	Camp del Arpa	006
@Catalan_Dragon	<a href="https://twitter.com/Catalan_Dragon" target="_blank">Catalan_Dragon</a>	36	0	1	110	142	8270	iPhone: 41.136982,1.206330	064
@catalanchick	<a href="https://twitter.com/catalanchick" target="_blank">catalanchick</a>	1	0	1	0	23	108	Catalunya	002
@catalanejant	<a href="https://twitter.com/catalanejant" target="_blank">catalanejant</a>	3	0	1	134	200	2514		135
@catalanensis	<a href="https://twitter.com/catalanensis" target="_blank">catalanensis</a>	16	0	2	189	199	15381	CATALÁ. MATARONÍ.CULÉ    II*II	014
@CatalanRobot	<a href="https://twitter.com/CatalanRobot" target="_blank">CatalanRobot</a>	54	0	1	239	1	22090	Catalonia	099
@CatalansForYes	<a href="https://twitter.com/CatalansForYes" target="_blank">CatalansForYes</a>	2	0	1	15966	1342	28269	Catalonia and Scotland	002
@CatalanSimon	<a href="https://twitter.com/CatalanSimon" target="_blank">CatalanSimon</a>	2	0	1	162	1284	3117	Catalunya,	003
@catalanyquepasa	<a href="https://twitter.com/catalanyquepasa" target="_blank">catalanyquepasa</a>	7	0	2	1457	3825	35121	Andorra	003
@catalciara	<a href="https://twitter.com/catalciara" target="_blank">catalciara</a>	5	0	1	454	864	11782	Barcelona, Catalunya	008
@Catalonia1640	<a href="https://twitter.com/Catalonia1640" target="_blank">Catalonia1640</a>	48	0	2	3007	4939	54799		001
@catalunya2016	<a href="https://twitter.com/catalunya2016" target="_blank">catalunya2016</a>	18	0	1	4248	4532	25597	República de Catalunya	005
@CatalunyaRadio	<a href="https://twitter.com/CatalunyaRadio" target="_blank">CatalunyaRadio</a>	3	0	1	155940	714	70318	Catalunya	113
@CatalunyaSiSi	<a href="https://twitter.com/CatalunyaSiSi" target="_blank">CatalunyaSiSi</a>	7	0	1	6380	6173	44805	Reus, Catalunya	113
@CATaronja	<a href="https://twitter.com/CATaronja" target="_blank">CATaronja</a>	11	0	1	362	620	17001	Catalunya	006
@CatDemocratica	<a href="https://twitter.com/CatDemocratica" target="_blank">CatDemocratica</a>	0	1	0					006
@CaterinaRiMa	<a href="https://twitter.com/CaterinaRiMa" target="_blank">CaterinaRiMa</a>	6	0	1	74	551	906	Sabadell	066
@CatEuskadi	<a href="https://twitter.com/CatEuskadi" target="_blank">CatEuskadi</a>	0	1	0					269
@CATexit61	<a href="https://twitter.com/CATexit61" target="_blank">CATexit61</a>	5	0	1	57	196	4728	Ciutadà Del Món	081
@catipinar	<a href="https://twitter.com/catipinar" target="_blank">catipinar</a>	1	0	1	85	146	260	Reus	115
@cativilalta	<a href="https://twitter.com/cativilalta" target="_blank">cativilalta</a>	1	0	1	355	1376	3551		064
@CATJRD	<a href="https://twitter.com/CATJRD" target="_blank">CATJRD</a>	39	0	5	260	372	6994	CATALUNYA	013
@Catspinne	<a href="https://twitter.com/Catspinne" target="_blank">Catspinne</a>	4	0	1	132	63	7187	Catalunya where else ?	003
@catvolvotar	<a href="https://twitter.com/catvolvotar" target="_blank">catvolvotar</a>	1	0	1	12	120	398		006
@catxarrot67	<a href="https://twitter.com/catxarrot67" target="_blank">catxarrot67</a>	2	0	1	112	157	468		326
@Catxavie9n	<a href="https://twitter.com/Catxavie9n" target="_blank">Catxavie9n</a>	9	0	1	2297	4982	16898	catalonien	003
@CBazaga	<a href="https://twitter.com/CBazaga" target="_blank">CBazaga</a>	1	0	1	321	694	9398		005
@cbonaventura	<a href="https://twitter.com/cbonaventura" target="_blank">cbonaventura</a>	40	2	8	3764	4415	71820	Girona	006
@cchetrit	<a href="https://twitter.com/cchetrit" target="_blank">cchetrit</a>	23	0	8	60	134	3582	Banyoles, Spain	006
@Cconmemoria	<a href="https://twitter.com/Cconmemoria" target="_blank">Cconmemoria</a>	1	0	1	5111	4055	91595	Valparaíso, Chile	008
@CDBRaval	<a href="https://twitter.com/CDBRaval" target="_blank">CDBRaval</a>	6	0	1	473	101	367	Raval, Barcelona	004
@CDFerrer	<a href="https://twitter.com/CDFerrer" target="_blank">CDFerrer</a>	1	0	1	137	383	3496	Granada, España	269
@cdm1950	<a href="https://twitter.com/cdm1950" target="_blank">cdm1950</a>	24	0	3	1599	617	60564	Barcelona/ Catalunya	001
@CDReferendumSVH	<a href="https://twitter.com/CDReferendumSVH" target="_blank">CDReferendumSVH</a>	0	7	0					124
@CDRGoticRaval	<a href="https://twitter.com/CDRGoticRaval" target="_blank">CDRGoticRaval</a>	11	4	0	982	44	497	El Raval, Barcelona	004
@CDRNouBarris	<a href="https://twitter.com/CDRNouBarris" target="_blank">CDRNouBarris</a>	3	11	0	993	153	240	Barcelona	108
@Ceba_maRdita	<a href="https://twitter.com/Ceba_maRdita" target="_blank">Ceba_maRdita</a>	3	0	1	55	80	2119		006
@cedes950	<a href="https://twitter.com/cedes950" target="_blank">cedes950</a>	6	0	1	566	1095	15786	Catalunya	005
@celescolorado	<a href="https://twitter.com/celescolorado" target="_blank">celescolorado</a>	7	1	0	3920	947	60065	Barbera del Valles, Catalunya	267
@celesvillaverde	<a href="https://twitter.com/celesvillaverde" target="_blank">celesvillaverde</a>	7	0	1	1700	2336	52654		064
@cepvoc	<a href="https://twitter.com/cepvoc" target="_blank">cepvoc</a>	10	0	1	216	202	2057	Vallès Occidental	288
@cerclecatalahis	<a href="https://twitter.com/cerclecatalahis" target="_blank">cerclecatalahis</a>	12	1	1	886	714	5591	CATALUNYA/CATALONIA	001
@CerclePodemVNG	<a href="https://twitter.com/CerclePodemVNG" target="_blank">CerclePodemVNG</a>	7	0	2	455	1080	1664	Vilanova i la Geltrú, CAT	071
@cerillopillo	<a href="https://twitter.com/cerillopillo" target="_blank">cerillopillo</a>	5	0	2	1251	2539	62169		001
@cervera_jess	<a href="https://twitter.com/cervera_jess" target="_blank">cervera_jess</a>	35	0	2	3191	3909	251577	Catalunya, Països Catalans, UE	002
@CesarStrawberry	<a href="https://twitter.com/CesarStrawberry" target="_blank">CesarStrawberry</a>	1	0	1	19906	1585	29962	Madrid (Sur de Europa)	238
@Cesc_Catala	<a href="https://twitter.com/Cesc_Catala" target="_blank">Cesc_Catala</a>	1	0	1	143	229	2562	Lleida	003
@cesc_sp	<a href="https://twitter.com/cesc_sp" target="_blank">cesc_sp</a>	0	1	0					046
@CescCesclopez	<a href="https://twitter.com/CescCesclopez" target="_blank">CescCesclopez</a>	3	0	1	1413	1383	6918	Mataro	064
@cescmasdeu	<a href="https://twitter.com/cescmasdeu" target="_blank">cescmasdeu</a>	3	0	1	481	861	5824		036
@Cesk_mm	<a href="https://twitter.com/Cesk_mm" target="_blank">Cesk_mm</a>	15	0	1	25	75	1489		002
@cfoment	<a href="https://twitter.com/cfoment" target="_blank">cfoment</a>	1	0	1	16	89	123		003
@cfrd1909cat	<a href="https://twitter.com/cfrd1909cat" target="_blank">cfrd1909cat</a>	70	0	3	391	457	20882	Reus, Catalunya	003
@cgc787	<a href="https://twitter.com/cgc787" target="_blank">cgc787</a>	2	0	2	148	627	13672		001
@CGT_UPC	<a href="https://twitter.com/CGT_UPC" target="_blank">CGT_UPC</a>	14	0	2	743	416	36650	Barcelona	010
@chabyerr	<a href="https://twitter.com/chabyerr" target="_blank">chabyerr</a>	1	0	1	66	88	615	Catalunya	007
@ChachoAlmaraz	<a href="https://twitter.com/ChachoAlmaraz" target="_blank">ChachoAlmaraz</a>	2	40	0	3134	195	13608	Por el bajo Llobregat	094
@chacueco	<a href="https://twitter.com/chacueco" target="_blank">chacueco</a>	4	0	1	635	1523	6538	Aluche	029
@CharlesSampons	<a href="https://twitter.com/CharlesSampons" target="_blank">CharlesSampons</a>	30	0	2	2158	2250	131185	Catalunya	001
@charli_soler	<a href="https://twitter.com/charli_soler" target="_blank">charli_soler</a>	6	0	1	118	139	4607	Catalunya (Bages Sec)	093
@CharlieFox1714	<a href="https://twitter.com/CharlieFox1714" target="_blank">CharlieFox1714</a>	50	0	5	74	92	16814		001
@charliesbd	<a href="https://twitter.com/charliesbd" target="_blank">charliesbd</a>	9	0	1	1836	2523	7357	República de Catalunya	002
@CharlyGCB	<a href="https://twitter.com/CharlyGCB" target="_blank">CharlyGCB</a>	8	0	1	70	217	2630		008
@CheeseGiovertti	<a href="https://twitter.com/CheeseGiovertti" target="_blank">CheeseGiovertti</a>	1	0	1	56	216	1571	Barcelona, España	003
@Chelhu	<a href="https://twitter.com/Chelhu" target="_blank">Chelhu</a>	1	0	1	63	79	10482		107
@chenda40	<a href="https://twitter.com/chenda40" target="_blank">chenda40</a>	1	0	1	431	102	13943	Barcelona	003
@chicodechicle	<a href="https://twitter.com/chicodechicle" target="_blank">chicodechicle</a>	10	0	1	2345	889	60439	Barcelona, Catalunya.	003
@Chikeeen199	<a href="https://twitter.com/Chikeeen199" target="_blank">Chikeeen199</a>	2	0	1	72	361	4258		003
@chmasia	<a href="https://twitter.com/chmasia" target="_blank">chmasia</a>	1	0	1	470	452	3214		231
@Christo45046444	<a href="https://twitter.com/Christo45046444" target="_blank">Christo45046444</a>	15	0	4	1780	3301	66438	Canberra, Australian Capital Territory	086
@chuan49	<a href="https://twitter.com/chuan49" target="_blank">chuan49</a>	5	0	1	104	168	17012	l'hospitalet de llobregat	003
@Chus_67	<a href="https://twitter.com/Chus_67" target="_blank">Chus_67</a>	2	0	2	6	15	798		058
@chuti45	<a href="https://twitter.com/chuti45" target="_blank">chuti45</a>	19	0	1	1215	1928	30727		006
@ciailec	<a href="https://twitter.com/ciailec" target="_blank">ciailec</a>	1	0	1	205	147	16686		051
@Cigro2	<a href="https://twitter.com/Cigro2" target="_blank">Cigro2</a>	12	0	1	19	39	2483		005
@CintaPons	<a href="https://twitter.com/CintaPons" target="_blank">CintaPons</a>	2	0	1	6	54	125		036
@CintaVerge	<a href="https://twitter.com/CintaVerge" target="_blank">CintaVerge</a>	1	0	1	224	360	23383		009
@CintoEnfurismat	<a href="https://twitter.com/CintoEnfurismat" target="_blank">CintoEnfurismat</a>	3	0	1	1384	995	10916	Folgueroles	003
@ciumataro	<a href="https://twitter.com/ciumataro" target="_blank">ciumataro</a>	1	5	0	1864	1463	12454	Mataró, Catalunya, Europa	131
@CivitiMarti	<a href="https://twitter.com/CivitiMarti" target="_blank">CivitiMarti</a>	3	0	1	5676	132	22389	L'Espluga de Francolí	005
@Clara_Hsr	<a href="https://twitter.com/Clara_Hsr" target="_blank">Clara_Hsr</a>	1	0	1	252	497	7477	|-/ !	204
@clarabalsells	<a href="https://twitter.com/clarabalsells" target="_blank">clarabalsells</a>	2	0	1	17	187	534		064
@claraferrer90	<a href="https://twitter.com/claraferrer90" target="_blank">claraferrer90</a>	1	0	1	198	523	613	Girona	007
@ClaraMerc	<a href="https://twitter.com/ClaraMerc" target="_blank">ClaraMerc</a>	16	0	3	223	687	9843	Catalunya, Espanya	094
@Claramonte	<a href="https://twitter.com/Claramonte" target="_blank">Claramonte</a>	9	0	1	2065	2097	17797		008
@ClaraPedrals	<a href="https://twitter.com/ClaraPedrals" target="_blank">ClaraPedrals</a>	2	0	1	225	398	3730	Barcelona	003
@ClarCatala	<a href="https://twitter.com/ClarCatala" target="_blank">ClarCatala</a>	6	0	1	2300	4450	5389	Barcelona, Catalunya	001
@Clareetta24	<a href="https://twitter.com/Clareetta24" target="_blank">Clareetta24</a>	1	1	0	99	109	181		263
@ClaritaBernat	<a href="https://twitter.com/ClaritaBernat" target="_blank">ClaritaBernat</a>	0	2	0					097
@ClauBellCas	<a href="https://twitter.com/ClauBellCas" target="_blank">ClauBellCas</a>	1	1	0	340	378	1924		264
@ClaudiaCampos81	<a href="https://twitter.com/ClaudiaCampos81" target="_blank">ClaudiaCampos81</a>	13	0	1	27	162	1057	spain	105
@claudiosnchez8	<a href="https://twitter.com/claudiosnchez8" target="_blank">claudiosnchez8</a>	2	0	1	613	845	15837	LLEIDA	112
@Claustre_1965	<a href="https://twitter.com/Claustre_1965" target="_blank">Claustre_1965</a>	1	0	1	591	1154	10237		005
@clemente_al	<a href="https://twitter.com/clemente_al" target="_blank">clemente_al</a>	3	0	1	1552	2367	91304	Islas Canarias, España	099
@Clidice	<a href="https://twitter.com/Clidice" target="_blank">Clidice</a>	13	0	1	832	1126	12762	Montserrat	008
@climentberg	<a href="https://twitter.com/climentberg" target="_blank">climentberg</a>	1	0	1	28	108	403		024
@Clio_deries	<a href="https://twitter.com/Clio_deries" target="_blank">Clio_deries</a>	45	0	6	1919	2586	126634		006
@ClivilleJordi	<a href="https://twitter.com/ClivilleJordi" target="_blank">ClivilleJordi</a>	1	0	1	17	92	75		006
@ClrcusEdge	<a href="https://twitter.com/ClrcusEdge" target="_blank">ClrcusEdge</a>	1	0	1	20	358	1147	Brooklyn NYC	003
@ClunaJosep	<a href="https://twitter.com/ClunaJosep" target="_blank">ClunaJosep</a>	11	0	1	808	1223	55224	Barcelona, Catalunya	003
@CMAURIRIU	<a href="https://twitter.com/CMAURIRIU" target="_blank">CMAURIRIU</a>	5	0	1	335	373	4317	Ripoll	001
@cmoratuxans	<a href="https://twitter.com/cmoratuxans" target="_blank">cmoratuxans</a>	17	0	1	2358	4998	31634		036
@coach_en_viu	<a href="https://twitter.com/coach_en_viu" target="_blank">coach_en_viu</a>	10	0	1	164	206	11214	Barcelona, Catalunya (UE)	009
@coachingsaxofon	<a href="https://twitter.com/coachingsaxofon" target="_blank">coachingsaxofon</a>	2	0	1	38	334	354	Terrassa	003
@coachjacob13	<a href="https://twitter.com/coachjacob13" target="_blank">coachjacob13</a>	6	1	0	248	284	1339	Cabrils, Catalunya	002
@CobetEnric	<a href="https://twitter.com/CobetEnric" target="_blank">CobetEnric</a>	8	0	1	131	137	28843		009
@coiamb	<a href="https://twitter.com/coiamb" target="_blank">coiamb</a>	3	0	1	136	48	37679		156
@colchonero54	<a href="https://twitter.com/colchonero54" target="_blank">colchonero54</a>	1	0	1	99	542	1553		166
@ColellJudith	<a href="https://twitter.com/ColellJudith" target="_blank">ColellJudith</a>	3	0	1	1423	622	3804		005
@CollantesManuel	<a href="https://twitter.com/CollantesManuel" target="_blank">CollantesManuel</a>	7	0	1	47	151	2518	santa Maria de Palautordera	002
@CollectiuEmma	<a href="https://twitter.com/CollectiuEmma" target="_blank">CollectiuEmma</a>	16	0	3	15151	1204	40477	Sant Joan de les Abadesses	093
@colli_5	<a href="https://twitter.com/colli_5" target="_blank">colli_5</a>	9	1	0	424	999	4213	Sabadell	262
@CollsDavid	<a href="https://twitter.com/CollsDavid" target="_blank">CollsDavid</a>	1	0	1	28	109	164		003
@ComasCulubre	<a href="https://twitter.com/ComasCulubre" target="_blank">ComasCulubre</a>	1	0	1	11	74	46		003
@ComellasRamon	<a href="https://twitter.com/ComellasRamon" target="_blank">ComellasRamon</a>	23	0	6	1156	1833	43164		003
@ComesFrancesc	<a href="https://twitter.com/ComesFrancesc" target="_blank">ComesFrancesc</a>	3	0	2	17	140	543		059
@ComiNicol	<a href="https://twitter.com/ComiNicol" target="_blank">ComiNicol</a>	2	0	1	7	106	222		064
@conceppp	<a href="https://twitter.com/conceppp" target="_blank">conceppp</a>	2	0	2	29	86	272	Barcelona, Catalunya	023
@ConcreteDonkeyy	<a href="https://twitter.com/ConcreteDonkeyy" target="_blank">ConcreteDonkeyy</a>	1	0	1	298	755	1094	Bigues i Riells, Catalunya	003
@ConexiontlSUR	<a href="https://twitter.com/ConexiontlSUR" target="_blank">ConexiontlSUR</a>	1	0	1	4604	577	3729		107
@conspirator0	<a href="https://twitter.com/conspirator0" target="_blank">conspirator0</a>	3	1	0	19462	2314	12477	USA (somewhere in time)	261
@ConstantiMic	<a href="https://twitter.com/ConstantiMic" target="_blank">ConstantiMic</a>	16	0	1	255	784	10789	Vilanova i la Geltrú	297
@contreras_vila	<a href="https://twitter.com/contreras_vila" target="_blank">contreras_vila</a>	4	0	3	2	97	162		064
@Control_REC	<a href="https://twitter.com/Control_REC" target="_blank">Control_REC</a>	1	6	0	996	9	985	pàgina no oficial	068
@ConxitaBou	<a href="https://twitter.com/ConxitaBou" target="_blank">ConxitaBou</a>	26	0	1	851	1335	50361	Catalunya	001
@CoralReixach	<a href="https://twitter.com/CoralReixach" target="_blank">CoralReixach</a>	1	0	1	282	345	1420		003
@CorronsHeim	<a href="https://twitter.com/CorronsHeim" target="_blank">CorronsHeim</a>	1	0	1	6	43	86		007
@COS_elCamp	<a href="https://twitter.com/COS_elCamp" target="_blank">COS_elCamp</a>	10	0	1	424	169	1246	Països Catalans	051
@COSnacional	<a href="https://twitter.com/COSnacional" target="_blank">COSnacional</a>	8	0	1	7672	2041	34799	Països Catalans	051
@COSTAMARTA10	<a href="https://twitter.com/COSTAMARTA10" target="_blank">COSTAMARTA10</a>	41	0	2	861	461	111015	Barcelona- Catalunya	011
@CosVila	<a href="https://twitter.com/CosVila" target="_blank">CosVila</a>	1	0	1	20	105	56		041
@cplanasal	<a href="https://twitter.com/cplanasal" target="_blank">cplanasal</a>	6	0	1	28	49	5073	Barcelona, España	005
@cr_rakel	<a href="https://twitter.com/cr_rakel" target="_blank">cr_rakel</a>	2	0	1	6	48	426		064
@crackdel2012	<a href="https://twitter.com/crackdel2012" target="_blank">crackdel2012</a>	10	0	2	59	109	3025	Barcelona, Catalunya	168
@cracksona9	<a href="https://twitter.com/cracksona9" target="_blank">cracksona9</a>	2	0	1	2761	2608	21142	Reus	003
@crazysupercrazy	<a href="https://twitter.com/crazysupercrazy" target="_blank">crazysupercrazy</a>	4	0	1	71	360	1365	Catalunya	005
@CridaCornella	<a href="https://twitter.com/CridaCornella" target="_blank">CridaCornella</a>	4	0	1	979	190	2150	Cornellà de Llobregat	007
@CriminalKoi	<a href="https://twitter.com/CriminalKoi" target="_blank">CriminalKoi</a>	10	0	1	277	600	9425	Lost in the Supermarket .	001
@cris_tram65	<a href="https://twitter.com/cris_tram65" target="_blank">cris_tram65</a>	6	0	2	2530	2808	53895	Republica de Catalunya	001
@Cris56549397	<a href="https://twitter.com/Cris56549397" target="_blank">Cris56549397</a>	6	0	1	40	294	2828		002
@crisbermepa	<a href="https://twitter.com/crisbermepa" target="_blank">crisbermepa</a>	1	0	1	911	1365	8810		090
@crisensenom	<a href="https://twitter.com/crisensenom" target="_blank">crisensenom</a>	5	0	1	447	684	5353	el Carmel, Barcelona	108
@crisespique	<a href="https://twitter.com/crisespique" target="_blank">crisespique</a>	4	0	1	19	53	249	Barcelona, catalunya	002
@CristianBasG	<a href="https://twitter.com/CristianBasG" target="_blank">CristianBasG</a>	12	0	1	20	72	1699	republica catalana!	014
@cristina16ch	<a href="https://twitter.com/cristina16ch" target="_blank">cristina16ch</a>	18	0	2	647	3228	32107	Sant Cugat del Valles Spain	008
@Cristinabcn28	<a href="https://twitter.com/Cristinabcn28" target="_blank">Cristinabcn28</a>	2	0	1	1799	959	29694		008
@cristinafc9	<a href="https://twitter.com/cristinafc9" target="_blank">cristinafc9</a>	0	1	0					030
@cristinaisanta	<a href="https://twitter.com/cristinaisanta" target="_blank">cristinaisanta</a>	31	0	1	290	626	17454	Sant Sadurní d'Anoia	008
@CristinaLliur	<a href="https://twitter.com/CristinaLliur" target="_blank">CristinaLliur</a>	3	0	1	138	438	657	Molins de Rei	005
@cristinalosant1	<a href="https://twitter.com/cristinalosant1" target="_blank">cristinalosant1</a>	3	15	1	269	201	358		086
@cristinavalles	<a href="https://twitter.com/cristinavalles" target="_blank">cristinavalles</a>	3	0	1	620	691	6639	l'empordà	007
@CristinaVera_14	<a href="https://twitter.com/CristinaVera_14" target="_blank">CristinaVera_14</a>	1	0	1	1393	2951	4591	Girona	006
@cristo_monte	<a href="https://twitter.com/cristo_monte" target="_blank">cristo_monte</a>	1	0	1	524	1242	51695		261
@crisvilaplana	<a href="https://twitter.com/crisvilaplana" target="_blank">crisvilaplana</a>	2	0	1	42	179	1904		001
@CROcultura1	<a href="https://twitter.com/CROcultura1" target="_blank">CROcultura1</a>	3	0	1	4	38	279		003
@Croketadepernil	<a href="https://twitter.com/Croketadepernil" target="_blank">Croketadepernil</a>	2	0	1	22	90	577	BdS	177
@CROMOSTIMES	<a href="https://twitter.com/CROMOSTIMES" target="_blank">CROMOSTIMES</a>	1	0	1	1	9	6		003
@csa12	<a href="https://twitter.com/csa12" target="_blank">csa12</a>	5	0	4	285	580	18750	Navarcles	074
@csolepa	<a href="https://twitter.com/csolepa" target="_blank">csolepa</a>	3	0	1	588	726	4221	Agramunt	151
@CSPichel	<a href="https://twitter.com/CSPichel" target="_blank">CSPichel</a>	0	5	0					132
@ctaniac	<a href="https://twitter.com/ctaniac" target="_blank">ctaniac</a>	0	1	0					260
@cuberos_moya	<a href="https://twitter.com/cuberos_moya" target="_blank">cuberos_moya</a>	3	0	1	15	9	1631		105
@Cup_Breda	<a href="https://twitter.com/Cup_Breda" target="_blank">Cup_Breda</a>	2	0	1	710	537	1316	Breda	118
@CUPDipTa	<a href="https://twitter.com/CUPDipTa" target="_blank">CUPDipTa</a>	23	0	2	746	173	12346	CampTTEEBaixPenedès, PPCC	051
@CUPGirona	<a href="https://twitter.com/CUPGirona" target="_blank">CUPGirona</a>	13	3	0	6749	2150	30543	Girona, Països Catalans	154
@CUPGranollers	<a href="https://twitter.com/CUPGranollers" target="_blank">CUPGranollers</a>	3	0	2	2245	1891	4875	Granollers, Vallès Oriental	191
@CUPLaCanonja	<a href="https://twitter.com/CUPLaCanonja" target="_blank">CUPLaCanonja</a>	9	0	1	760	787	1310	La Canonja - Països Catalans	051
@cuplagarriga	<a href="https://twitter.com/cuplagarriga" target="_blank">cuplagarriga</a>	3	0	1	1828	1562	3397	La Garriga - Països Catalans	186
@CUPLleida	<a href="https://twitter.com/CUPLleida" target="_blank">CUPLleida</a>	3	0	1	4006	1617	19183	Lleida (Països Catalans)	112
@CUPSVH	<a href="https://twitter.com/CUPSVH" target="_blank">CUPSVH</a>	4	0	1	547	389	1132		124
@CUPTarragona	<a href="https://twitter.com/CUPTarragona" target="_blank">CUPTarragona</a>	18	0	2	4044	1378	21590	Tarragona, Països Catalans	051
@CUPTarrega	<a href="https://twitter.com/CUPTarrega" target="_blank">CUPTarrega</a>	3	0	1	1130	1081	2374	Tàrrega	129
@CUPTorre	<a href="https://twitter.com/CUPTorre" target="_blank">CUPTorre</a>	5	0	2	953	500	4617		003
@CurantaDavid	<a href="https://twitter.com/CurantaDavid" target="_blank">CurantaDavid</a>	14	0	2	50	130	8333		017
@curreloss	<a href="https://twitter.com/curreloss" target="_blank">curreloss</a>	37	0	1	286	202	20757	Galiza	132
@curropeque	<a href="https://twitter.com/curropeque" target="_blank">curropeque</a>	1	0	1	10	42	635	Lloret de Mar, Espanya	008
@cxnicobara	<a href="https://twitter.com/cxnicobara" target="_blank">cxnicobara</a>	3	0	1	633	905	11059	Maó-Terrassa, Països Catalans	005
@D353u	<a href="https://twitter.com/D353u" target="_blank">D353u</a>	10	0	1	10	209	2226		003
@Dabo65G	<a href="https://twitter.com/Dabo65G" target="_blank">Dabo65G</a>	1	0	1	97	290	8067		005
@dACEniel	<a href="https://twitter.com/dACEniel" target="_blank">dACEniel</a>	2	0	1	95	243	2693	Barcelona, Catalunya	019
@dadma2010	<a href="https://twitter.com/dadma2010" target="_blank">dadma2010</a>	16	3	1	848	1840	28810		001
@daemlo2002	<a href="https://twitter.com/daemlo2002" target="_blank">daemlo2002</a>	8	0	2	393	164	53716	GELIDA / BARCELONA	003
@daesga	<a href="https://twitter.com/daesga" target="_blank">daesga</a>	21	0	2	222	1069	19428	CORNUDELLA, CATALUNYA	087
@Daimakaimura	<a href="https://twitter.com/Daimakaimura" target="_blank">Daimakaimura</a>	2	0	1	390	1330	3013	Plön, Germany	008
@daju2002	<a href="https://twitter.com/daju2002" target="_blank">daju2002</a>	1	0	1	26	83	1296	Pont de Vilomara	091
@damiacalvet	<a href="https://twitter.com/damiacalvet" target="_blank">damiacalvet</a>	1	0	1	3164	690	4851	Catalunya	016
@Damolinaza	<a href="https://twitter.com/Damolinaza" target="_blank">Damolinaza</a>	11	0	2	86	275	6224		094
@damontanya	<a href="https://twitter.com/damontanya" target="_blank">damontanya</a>	3	0	1	303	621	10085	Aquí	003
@Dan_i7	<a href="https://twitter.com/Dan_i7" target="_blank">Dan_i7</a>	1	0	1	100	199	2994		003
@danadananka	<a href="https://twitter.com/danadananka" target="_blank">danadananka</a>	6	0	2	465	1388	13969	Barcelona, Catalonia 💙♥️	086
@Dani14PM	<a href="https://twitter.com/Dani14PM" target="_blank">Dani14PM</a>	1	0	1	184	336	5113	España	302
@danicfo	<a href="https://twitter.com/danicfo" target="_blank">danicfo</a>	9	0	1	2226	2470	31136	Barcelona, Catalunya	194
@danicornella	<a href="https://twitter.com/danicornella" target="_blank">danicornella</a>	8	0	2	1733	1300	3265	Celrà	041
@daniebomb	<a href="https://twitter.com/daniebomb" target="_blank">daniebomb</a>	6	0	1	62	291	2528		105
@Daniel09Gimenez	<a href="https://twitter.com/Daniel09Gimenez" target="_blank">Daniel09Gimenez</a>	1	0	1	419	881	2630	Barcelona	003
@danielarrufat	<a href="https://twitter.com/danielarrufat" target="_blank">danielarrufat</a>	2	0	1	54	90	624		131
@danielinog	<a href="https://twitter.com/danielinog" target="_blank">danielinog</a>	2	0	1	62	347	2133		007
@danieltorrelles	<a href="https://twitter.com/danieltorrelles" target="_blank">danieltorrelles</a>	15	0	1	4369	749	159358	Barcelona - Catalunya	037
@danielventeo	<a href="https://twitter.com/danielventeo" target="_blank">danielventeo</a>	2	0	1	46	172	607	Santa Agnés de Malanyanes	001
@Danijustimas	<a href="https://twitter.com/Danijustimas" target="_blank">Danijustimas</a>	1	0	1	281	260	819		003
@DanilsaNv	<a href="https://twitter.com/DanilsaNv" target="_blank">DanilsaNv</a>	5	0	2	47	203	3334		084
@danimarticom	<a href="https://twitter.com/danimarticom" target="_blank">danimarticom</a>	1	0	1	187	110	233	sydney  glasgow	003
@DaniSerranoB	<a href="https://twitter.com/DaniSerranoB" target="_blank">DaniSerranoB</a>	7	0	1	68	248	3555	Vilassar de mar	037
@DaniTurau	<a href="https://twitter.com/DaniTurau" target="_blank">DaniTurau</a>	0	1	0					256
@danivalverdeb	<a href="https://twitter.com/danivalverdeb" target="_blank">danivalverdeb</a>	14	0	1	954	877	63460	Catalunya	003
@DanoFaciaben	<a href="https://twitter.com/DanoFaciaben" target="_blank">DanoFaciaben</a>	1	0	1	106	355	2352	Barcelona	007
@dansuvil	<a href="https://twitter.com/dansuvil" target="_blank">dansuvil</a>	10	0	1	1049	1887	27950	República Popular Galega	132
@danunic	<a href="https://twitter.com/danunic" target="_blank">danunic</a>	1	0	1	631	958	3985	barcelona	017
@danyvoit1	<a href="https://twitter.com/danyvoit1" target="_blank">danyvoit1</a>	4	0	1	524	1397	30896		006
@daponsvi	<a href="https://twitter.com/daponsvi" target="_blank">daponsvi</a>	0	1	0					258
@darder958	<a href="https://twitter.com/darder958" target="_blank">darder958</a>	1	0	1	135	336	84	Catalunya	068
@dari_low	<a href="https://twitter.com/dari_low" target="_blank">dari_low</a>	3	0	1	941	1451	59002	Catalunya (Països Catalans)	006
@DarkcVader	<a href="https://twitter.com/DarkcVader" target="_blank">DarkcVader</a>	12	0	2	679	1159	25046	Granollers.  Catalunya	006
@darmada80	<a href="https://twitter.com/darmada80" target="_blank">darmada80</a>	6	0	1	27	38	1382		037
@DarmstadtJ	<a href="https://twitter.com/DarmstadtJ" target="_blank">DarmstadtJ</a>	24	0	1	1484	2407	27646	Catalunya	022
@DasmannCR	<a href="https://twitter.com/DasmannCR" target="_blank">DasmannCR</a>	1	0	1	14	160	487		003
@davevall	<a href="https://twitter.com/davevall" target="_blank">davevall</a>	4	0	1	273	309	7279	barcelona	007
@daveza72	<a href="https://twitter.com/daveza72" target="_blank">daveza72</a>	3	1	0	56	118	1285	Barcelona	255
@DavFolch	<a href="https://twitter.com/DavFolch" target="_blank">DavFolch</a>	10	0	1	417	431	16217	Catalunya	064
@DavictusCat	<a href="https://twitter.com/DavictusCat" target="_blank">DavictusCat</a>	9	0	1	4474	2934	45607	Barcelona, Catalunya	019
@David_Corral_	<a href="https://twitter.com/David_Corral_" target="_blank">David_Corral_</a>	4	0	1	37	87	1630		001
@david_frigola	<a href="https://twitter.com/david_frigola" target="_blank">david_frigola</a>	1	0	1	150	145	706	Figueres, Catalunya	013
@david_gs5	<a href="https://twitter.com/david_gs5" target="_blank">david_gs5</a>	6	0	1	1270	1895	30044	Barcelona	005
@David03942379	<a href="https://twitter.com/David03942379" target="_blank">David03942379</a>	2	0	1	0	12	166		005
@david9n_27s	<a href="https://twitter.com/david9n_27s" target="_blank">david9n_27s</a>	5	0	1	189	286	3704	Països Catalans	002
@DavidAguilar_M	<a href="https://twitter.com/DavidAguilar_M" target="_blank">DavidAguilar_M</a>	3	0	1	186	572	5615	Catalunya	007
@DavidAnton2010	<a href="https://twitter.com/DavidAnton2010" target="_blank">DavidAnton2010</a>	1	0	1	172	377	476	Mataró	324
@DavidBarcelo28	<a href="https://twitter.com/DavidBarcelo28" target="_blank">DavidBarcelo28</a>	10	0	1	144	420	8826	Barcelona, Catalunya	082
@DavidBenitoLL	<a href="https://twitter.com/DavidBenitoLL" target="_blank">DavidBenitoLL</a>	4	0	1	288	439	988	Lleida, España	079
@DavidBulta	<a href="https://twitter.com/DavidBulta" target="_blank">DavidBulta</a>	1	0	1	42	137	2651		002
@davidcardelus	<a href="https://twitter.com/davidcardelus" target="_blank">davidcardelus</a>	0	2	0					188
@DavidFdez1980	<a href="https://twitter.com/DavidFdez1980" target="_blank">DavidFdez1980</a>	1	0	1	23	217	678	Barcelona, Catalunya	105
@DavidFe35426605	<a href="https://twitter.com/DavidFe35426605" target="_blank">DavidFe35426605</a>	4	0	1	29	51	3362	Argentona	003
@davidhidalgo	<a href="https://twitter.com/davidhidalgo" target="_blank">davidhidalgo</a>	1	0	1	969	1630	11718	Barcelona	005
@davidhrius	<a href="https://twitter.com/davidhrius" target="_blank">davidhrius</a>	2	0	2	41	107	609		003
@davidindebcn	<a href="https://twitter.com/davidindebcn" target="_blank">davidindebcn</a>	2	0	1	187	937	12919	Barcelona, Catalunya	093
@DavidLlorenteS	<a href="https://twitter.com/DavidLlorenteS" target="_blank">DavidLlorenteS</a>	13	0	1	2960	1146	18991	Toledo, España	071
@davidminoves	<a href="https://twitter.com/davidminoves" target="_blank">davidminoves</a>	16	0	1	6133	2591	28251	Barcelona, Països Catalans	075
@Davidmistral1	<a href="https://twitter.com/Davidmistral1" target="_blank">Davidmistral1</a>	1	0	1	2011	325	2950	vic-barcelona	003
@davidoliete	<a href="https://twitter.com/davidoliete" target="_blank">davidoliete</a>	1	1	0	1081	1187	2800	Coco Islands, Tarragona	254
@DavidPelegri	<a href="https://twitter.com/DavidPelegri" target="_blank">DavidPelegri</a>	20	0	1	80	91	10699		007
@davidpich	<a href="https://twitter.com/davidpich" target="_blank">davidpich</a>	32	0	3	2813	2739	32866	Barcelona, Catalonia	003
@Davids_GAMER_YT	<a href="https://twitter.com/Davids_GAMER_YT" target="_blank">Davids_GAMER_YT</a>	1	0	1	38	124	599		003
@davidsaez97	<a href="https://twitter.com/davidsaez97" target="_blank">davidsaez97</a>	2	0	1	710	205	2481	Santa Eulàlia de Ronçana	003
@davidsaldoni	<a href="https://twitter.com/davidsaldoni" target="_blank">davidsaldoni</a>	3	0	1	1707	1400	1229		049
@davidserranodss	<a href="https://twitter.com/davidserranodss" target="_blank">davidserranodss</a>	5	0	1	151	529	1515		005
@DavidTorrentsPu	<a href="https://twitter.com/DavidTorrentsPu" target="_blank">DavidTorrentsPu</a>	2	0	2	46	154	5469	Catalunya	001
@davidtrepat	<a href="https://twitter.com/davidtrepat" target="_blank">davidtrepat</a>	2	0	1	106	276	697		012
@DavidVargasMo	<a href="https://twitter.com/DavidVargasMo" target="_blank">DavidVargasMo</a>	11	0	2	1062	1958	35055	Badalona	013
@Davidvivesc	<a href="https://twitter.com/Davidvivesc" target="_blank">Davidvivesc</a>	3	0	1	108	419	6381		001
@davroca5	<a href="https://twitter.com/davroca5" target="_blank">davroca5</a>	1	0	1	668	1567	9921	Entre L'Hospitalet i Esplugues	004
@DawizardDG	<a href="https://twitter.com/DawizardDG" target="_blank">DawizardDG</a>	0	1	0					253
@dbalears	<a href="https://twitter.com/dbalears" target="_blank">dbalears</a>	1	1	0	19413	2475	102738	Illes Balears	252
@dcaritgg	<a href="https://twitter.com/dcaritgg" target="_blank">dcaritgg</a>	17	0	5	333	1787	8415	Barcelona	001
@dcuenta	<a href="https://twitter.com/dcuenta" target="_blank">dcuenta</a>	0	8	0					077
@ddnogue	<a href="https://twitter.com/ddnogue" target="_blank">ddnogue</a>	3	0	1	1058	782	5529	Barcelona	003
@DDomene	<a href="https://twitter.com/DDomene" target="_blank">DDomene</a>	5	0	1	5690	6032	156544	N TENIM ALTRE SOBIRÀ QEL POBLE	036
@debolsillo	<a href="https://twitter.com/debolsillo" target="_blank">debolsillo</a>	1	0	1	703	1146	26015	Barcelona, Republica Catalana	078
@DeboraVentancor	<a href="https://twitter.com/DeboraVentancor" target="_blank">DeboraVentancor</a>	2	0	1	634	273	88258	Argentina	107
@decalmono	<a href="https://twitter.com/decalmono" target="_blank">decalmono</a>	4	0	1	316	415	11738		005
@deifgiri	<a href="https://twitter.com/deifgiri" target="_blank">deifgiri</a>	3	1	0	375	383	7316	Republic of Catalonia	251
@Deivid1714	<a href="https://twitter.com/Deivid1714" target="_blank">Deivid1714</a>	13	0	1	247	445	9952	Gavà, BCN - Catalunya	122
@deiviit89	<a href="https://twitter.com/deiviit89" target="_blank">deiviit89</a>	1	0	1	729	68	2324	Badalona, Cataluña	064
@Deixadeserilla	<a href="https://twitter.com/Deixadeserilla" target="_blank">Deixadeserilla</a>	2	0	1	526	623	5464		051
@dekidetgn	<a href="https://twitter.com/dekidetgn" target="_blank">dekidetgn</a>	1	0	1	15	38	487		051
@delbarrioalbert	<a href="https://twitter.com/delbarrioalbert" target="_blank">delbarrioalbert</a>	7	0	2	259	983	8163	Catalunya, Països Catalans	055
@delsseixanta	<a href="https://twitter.com/delsseixanta" target="_blank">delsseixanta</a>	3	0	1	23	81	156		093
@DemocraciaEtsav	<a href="https://twitter.com/DemocraciaEtsav" target="_blank">DemocraciaEtsav</a>	0	7	0					074
@DemocratesBCN	<a href="https://twitter.com/DemocratesBCN" target="_blank">DemocratesBCN</a>	11	0	3	728	600	4155	Barcelona, Cataluña	001
@DemocratesCAT	<a href="https://twitter.com/DemocratesCAT" target="_blank">DemocratesCAT</a>	12	0	3	11187	2163	13041		001
@DemocratesJoves	<a href="https://twitter.com/DemocratesJoves" target="_blank">DemocratesJoves</a>	0	7	0					069
@DemocratesLleid	<a href="https://twitter.com/DemocratesLleid" target="_blank">DemocratesLleid</a>	8	0	2	161	276	488	Lleida, Catalunya	001
@der_bluthund	<a href="https://twitter.com/der_bluthund" target="_blank">der_bluthund</a>	9	0	2	8398	1656	472410	South East, England	067
@desfocat	<a href="https://twitter.com/desfocat" target="_blank">desfocat</a>	10	0	2	440	514	18915	Barcelona	006
@DesobedienciaCi	<a href="https://twitter.com/DesobedienciaCi" target="_blank">DesobedienciaCi</a>	7	1	0	1547	2199	37717	Cataluña	003
@DespertaFerro11	<a href="https://twitter.com/DespertaFerro11" target="_blank">DespertaFerro11</a>	50	0	1	501	1378	27882		122
@destret	<a href="https://twitter.com/destret" target="_blank">destret</a>	2	0	1	1635	930	2888		086
@Dew231973	<a href="https://twitter.com/Dew231973" target="_blank">Dew231973</a>	15	1	2	374	1409	3973	República de Catalunya	010
@dferred	<a href="https://twitter.com/dferred" target="_blank">dferred</a>	2	0	2	705	1051	18139	Tarragona, Catalunya	015
@dfertl	<a href="https://twitter.com/dfertl" target="_blank">dfertl</a>	10	5	0	1136	3400	4786	Brussels, Belgium	139
@DFPValls	<a href="https://twitter.com/DFPValls" target="_blank">DFPValls</a>	18	0	2	2721	2470	29536	Barcelona, Catalunya	001
@dgoicoechea	<a href="https://twitter.com/dgoicoechea" target="_blank">dgoicoechea</a>	5	0	1	672	1425	11698	Malgrat de Mar, Catalunya	319
@dguardias	<a href="https://twitter.com/dguardias" target="_blank">dguardias</a>	1	0	1	27	93	64		015
@diablesbat	<a href="https://twitter.com/diablesbat" target="_blank">diablesbat</a>	0	6	0					129
@DianaHD	<a href="https://twitter.com/DianaHD" target="_blank">DianaHD</a>	1	0	1	224	304	1465	Catalunya	029
@DiazRubengoyo	<a href="https://twitter.com/DiazRubengoyo" target="_blank">DiazRubengoyo</a>	0	1	0					250
@DidacHerreroBa	<a href="https://twitter.com/DidacHerreroBa" target="_blank">DidacHerreroBa</a>	0	1	0					001
@didacjo	<a href="https://twitter.com/didacjo" target="_blank">didacjo</a>	3	0	1	3	38	1209	Asturias, Principado de Asturi	003
@didacjoanz	<a href="https://twitter.com/didacjoanz" target="_blank">didacjoanz</a>	10	0	1	111	154	4453	Tunez Hammamet	002
@DidacKhotso	<a href="https://twitter.com/DidacKhotso" target="_blank">DidacKhotso</a>	2	0	2	334	627	3682		029
@didacsd	<a href="https://twitter.com/didacsd" target="_blank">didacsd</a>	0	1	0					249
@DimasFabregas	<a href="https://twitter.com/DimasFabregas" target="_blank">DimasFabregas</a>	1	0	1	1076	1364	14793	Barcelona	005
@DioniAntenor53	<a href="https://twitter.com/DioniAntenor53" target="_blank">DioniAntenor53</a>	3	0	1	41	24	762		132
@Dionis7vetes	<a href="https://twitter.com/Dionis7vetes" target="_blank">Dionis7vetes</a>	7	0	1	3454	1127	13015		064
@directe	<a href="https://twitter.com/directe" target="_blank">directe</a>	6	23	0	38755	3549	145617	Països Catalans	003
@diumengevotarem	<a href="https://twitter.com/diumengevotarem" target="_blank">diumengevotarem</a>	7	0	1	45	116	3724		001
@divad121cc	<a href="https://twitter.com/divad121cc" target="_blank">divad121cc</a>	4	0	1	645	918	10076	Muntanyola, Catalonia	116
@divapiti	<a href="https://twitter.com/divapiti" target="_blank">divapiti</a>	29	1	2	5209	5262	115252	República de Catalunya , UE	001
@divinabadalona	<a href="https://twitter.com/divinabadalona" target="_blank">divinabadalona</a>	2	0	1	87	197	1222	Badalona	327
@DivinaBelmonte	<a href="https://twitter.com/DivinaBelmonte" target="_blank">DivinaBelmonte</a>	1	0	1	0	32	28	Badalona, Espanya	105
@djover72	<a href="https://twitter.com/djover72" target="_blank">djover72</a>	2	0	1	66	345	346		003
@dmestre1	<a href="https://twitter.com/dmestre1" target="_blank">dmestre1</a>	2	2	0	736	991	2348	Catalunya	038
@dnicatala	<a href="https://twitter.com/dnicatala" target="_blank">dnicatala</a>	26	2	5	8855	1570	174784	Terrassa, Catalunya	001
@Doctlivingstone	<a href="https://twitter.com/Doctlivingstone" target="_blank">Doctlivingstone</a>	1	0	1	57	174	1401		003
@DoloresGarcia3	<a href="https://twitter.com/DoloresGarcia3" target="_blank">DoloresGarcia3</a>	4	0	2	51	127	7098		194
@dolors_cp	<a href="https://twitter.com/dolors_cp" target="_blank">dolors_cp</a>	6	0	1	231	873	9606	Puigcerdà	003
@dolors_pujol	<a href="https://twitter.com/dolors_pujol" target="_blank">dolors_pujol</a>	5	0	1	260	576	12182	Mollerussa	019
@Dolors63	<a href="https://twitter.com/Dolors63" target="_blank">Dolors63</a>	25	0	1	3360	1217	112503	Catalunya	005
@Dolors82600591	<a href="https://twitter.com/Dolors82600591" target="_blank">Dolors82600591</a>	2	0	1	10	263	191		090
@dolorsDolorsv	<a href="https://twitter.com/dolorsDolorsv" target="_blank">dolorsDolorsv</a>	4	0	1	10	44	1325		005
@dolorsesteveco	<a href="https://twitter.com/dolorsesteveco" target="_blank">dolorsesteveco</a>	7	0	2	106	24	16167		001
@DolorsFeliu	<a href="https://twitter.com/DolorsFeliu" target="_blank">DolorsFeliu</a>	1	0	1	1453	1134	2558		036
@DolorsMoreno74	<a href="https://twitter.com/DolorsMoreno74" target="_blank">DolorsMoreno74</a>	2	1	0	139	331	1338	Llers	248
@DolorsNun	<a href="https://twitter.com/DolorsNun" target="_blank">DolorsNun</a>	10	0	4	132	179	11665	Caldes de Montbui, (Vallès Or)	002
@dolorspm53	<a href="https://twitter.com/dolorspm53" target="_blank">dolorspm53</a>	3	0	1	39	83	2659		048
@dolorsroo	<a href="https://twitter.com/dolorsroo" target="_blank">dolorsroo</a>	6	0	2	169	262	1463		016
@DolsR	<a href="https://twitter.com/DolsR" target="_blank">DolsR</a>	28	0	4	366	428	35650	Barcelona	003
@Dom70Bcn	<a href="https://twitter.com/Dom70Bcn" target="_blank">Dom70Bcn</a>	12	0	1	3923	3288	117799	Barcelona	001
@Domenecgf	<a href="https://twitter.com/Domenecgf" target="_blank">Domenecgf</a>	8	0	1	15	179	3120		003
@domenech_lluis	<a href="https://twitter.com/domenech_lluis" target="_blank">domenech_lluis</a>	77	0	6	950	2902	29578		002
@dominguezmv	<a href="https://twitter.com/dominguezmv" target="_blank">dominguezmv</a>	4	0	1	107	457	4904		002
@doncarioco	<a href="https://twitter.com/doncarioco" target="_blank">doncarioco</a>	2	0	1	206	387	16530		003
@Doro_Arango	<a href="https://twitter.com/Doro_Arango" target="_blank">Doro_Arango</a>	1	0	1	180	304	7512	Barcelona	005
@Dotzededotze	<a href="https://twitter.com/Dotzededotze" target="_blank">Dotzededotze</a>	1	0	1	77	301	9030	Catalunya	094
@DPdecat	<a href="https://twitter.com/DPdecat" target="_blank">DPdecat</a>	3	0	1	56	157	1479		013
@dpiloncita	<a href="https://twitter.com/dpiloncita" target="_blank">dpiloncita</a>	2	0	1	22365	17766	679738	Caracas	051
@Dr_Esterichia	<a href="https://twitter.com/Dr_Esterichia" target="_blank">Dr_Esterichia</a>	10	0	1	235	360	12018	marsella	142
@dractrek	<a href="https://twitter.com/dractrek" target="_blank">dractrek</a>	6	0	1	330	3023	3836	Cervera, Espanya	001
@Drap_Kira	<a href="https://twitter.com/Drap_Kira" target="_blank">Drap_Kira</a>	4	0	1	78	259	970	Girona	006
@DraRubioMayol	<a href="https://twitter.com/DraRubioMayol" target="_blank">DraRubioMayol</a>	31	7	1	861	1304	33770	La Selva del Camp	033
@dreamcule	<a href="https://twitter.com/dreamcule" target="_blank">dreamcule</a>	6	0	1	609	1049	22441	Barcelona -City	001
@dribo4	<a href="https://twitter.com/dribo4" target="_blank">dribo4</a>	4	0	1	156	525	2184	Canet de Mar, Catalunya	007
@dsamblas	<a href="https://twitter.com/dsamblas" target="_blank">dsamblas</a>	8	3	0	472	363	29191	somewhere over the rainbow	142
@dtorres_86	<a href="https://twitter.com/dtorres_86" target="_blank">dtorres_86</a>	8	0	1	796	1115	4138	Terrassa	003
@duduipa	<a href="https://twitter.com/duduipa" target="_blank">duduipa</a>	15	0	3	24670	3659	45506	Catalunya UE	013
@DUI_n_hi_do	<a href="https://twitter.com/DUI_n_hi_do" target="_blank">DUI_n_hi_do</a>	1	0	1	105	263	1572	Girona, Espanya	003
@DUIJudith	<a href="https://twitter.com/DUIJudith" target="_blank">DUIJudith</a>	3	0	2	526	514	3421	Garrotxa, CATALUNYA	001
@DUISISI	<a href="https://twitter.com/DUISISI" target="_blank">DUISISI</a>	11	0	1	776	670	16089	Visca Catalunya	003
@duna810	<a href="https://twitter.com/duna810" target="_blank">duna810</a>	2	0	1	57	280	1959		001
@DuranEster	<a href="https://twitter.com/DuranEster" target="_blank">DuranEster</a>	5	0	2	60	123	1498	Catalunya	003
@duranipoble	<a href="https://twitter.com/duranipoble" target="_blank">duranipoble</a>	2	0	1	309	341	3341	Caldes de Montbui, Catalunya	005
@dvallss	<a href="https://twitter.com/dvallss" target="_blank">dvallss</a>	0	2	0					059
@dvcabrera	<a href="https://twitter.com/dvcabrera" target="_blank">dvcabrera</a>	11	0	1	210	495	4122	Catalunya	064
@dvMarta	<a href="https://twitter.com/dvMarta" target="_blank">dvMarta</a>	10	0	1	1128	1032	12290	Barcelona CATALUNYA	008
@e_lores	<a href="https://twitter.com/e_lores" target="_blank">e_lores</a>	10	0	1	505	455	38109	Ourense, España	003
@e3_barca	<a href="https://twitter.com/e3_barca" target="_blank">e3_barca</a>	0	4	0					070
@EA2CXK	<a href="https://twitter.com/EA2CXK" target="_blank">EA2CXK</a>	2	0	1	263	497	4532	Fraga, España	007
@ea3cvi	<a href="https://twitter.com/ea3cvi" target="_blank">ea3cvi</a>	3	0	1	52	214	3061	Barcelona	008
@EA3FRB	<a href="https://twitter.com/EA3FRB" target="_blank">EA3FRB</a>	1	0	1	184	309	7104	Països Catalans	008
@EAarteako12	<a href="https://twitter.com/EAarteako12" target="_blank">EAarteako12</a>	47	0	1	359	1164	21319	Euskal Herria	051
@eajpnvgipuzkoa	<a href="https://twitter.com/eajpnvgipuzkoa" target="_blank">eajpnvgipuzkoa</a>	2	2	0	1607	176	6345	Gipuzkoa	189
@eajpnvuz	<a href="https://twitter.com/eajpnvuz" target="_blank">eajpnvuz</a>	0	4	0					152
@EAngues	<a href="https://twitter.com/EAngues" target="_blank">EAngues</a>	8	0	1	127	393	6106		064
@eb_289	<a href="https://twitter.com/eb_289" target="_blank">eb_289</a>	2	0	1	17	121	840	Catalunya	105
@eba70	<a href="https://twitter.com/eba70" target="_blank">eba70</a>	17	0	1	1457	1516	42279		002
@ebartomeu	<a href="https://twitter.com/ebartomeu" target="_blank">ebartomeu</a>	1	0	1	40	84	65	Vilablareix	064
@ebenach	<a href="https://twitter.com/ebenach" target="_blank">ebenach</a>	0	3	0					054
@eBermejo	<a href="https://twitter.com/eBermejo" target="_blank">eBermejo</a>	1	0	1	176	237	4853		106
@EBPidesign	<a href="https://twitter.com/EBPidesign" target="_blank">EBPidesign</a>	9	0	1	53	59	10528	Catalunya	001
@ebreah	<a href="https://twitter.com/ebreah" target="_blank">ebreah</a>	16	0	2	890	1928	53913	Kedah, Malaysia ~ Scotland	019
@ecarasusan	<a href="https://twitter.com/ecarasusan" target="_blank">ecarasusan</a>	7	0	2	175	399	2247	Barcelona	001
@ecarbonellmon	<a href="https://twitter.com/ecarbonellmon" target="_blank">ecarbonellmon</a>	4	0	1	174	574	6400	c/ Girona, 76 Barcelona	091
@ECastell9	<a href="https://twitter.com/ECastell9" target="_blank">ECastell9</a>	8	0	1	12	47	2242		148
@ECV_cat	<a href="https://twitter.com/ECV_cat" target="_blank">ECV_cat</a>	1	0	1	5	65	1385	l'Hospitalet de Llobregat	003
@ed_hanan	<a href="https://twitter.com/ed_hanan" target="_blank">ed_hanan</a>	3	0	1	33	290	2107		005
@EdgarCA97	<a href="https://twitter.com/EdgarCA97" target="_blank">EdgarCA97</a>	0	1	0					151
@edgarpima	<a href="https://twitter.com/edgarpima" target="_blank">edgarpima</a>	7	0	1	375	440	20090	Els Hostalets de Pierola-Sants	064
@ediar	<a href="https://twitter.com/ediar" target="_blank">ediar</a>	27	0	1	729	1296	137367	Mataró	002
@edisonburbanoCM	<a href="https://twitter.com/edisonburbanoCM" target="_blank">edisonburbanoCM</a>	4	0	1	1085	1844	25875	Barcelona, España	107
@edu_masias	<a href="https://twitter.com/edu_masias" target="_blank">edu_masias</a>	1	0	1	50	142	8642		001
@Edu9761	<a href="https://twitter.com/Edu9761" target="_blank">Edu9761</a>	2	0	1	118	587	1687	Sant Celoni, Països Catalans	091
@eduard_roge	<a href="https://twitter.com/eduard_roge" target="_blank">eduard_roge</a>	7	0	1	36	252	545	Mataró (Barcelona) CATALUNYA	005
@eduardcabus	<a href="https://twitter.com/eduardcabus" target="_blank">eduardcabus</a>	4	3	0	14503	5921	82460		019
@EduardFarinyes	<a href="https://twitter.com/EduardFarinyes" target="_blank">EduardFarinyes</a>	26	0	1	87	112	12872		003
@Eduardguino	<a href="https://twitter.com/Eduardguino" target="_blank">Eduardguino</a>	1	0	1	176	421	1553		141
@eduardhv77	<a href="https://twitter.com/eduardhv77" target="_blank">eduardhv77</a>	19	0	3	934	1378	122287	Catalunya	015
@EduardMarrugat	<a href="https://twitter.com/EduardMarrugat" target="_blank">EduardMarrugat</a>	2	0	1	94	240	4946	Barcelona, Catalunya	001
@eduardperez2008	<a href="https://twitter.com/eduardperez2008" target="_blank">eduardperez2008</a>	5	0	1	180	358	18872	Vallirana, Catalunya	087
@eduardpuchi	<a href="https://twitter.com/eduardpuchi" target="_blank">eduardpuchi</a>	6	0	1	51	343	1625	Vallvidrera, Catalunya.	003
@eduardvarorn	<a href="https://twitter.com/eduardvarorn" target="_blank">eduardvarorn</a>	11	0	1	658	567	38877	Barcelona, Espanya	321
@educadordegats	<a href="https://twitter.com/educadordegats" target="_blank">educadordegats</a>	3	1	0	1048	278	6729	Barcelona	005
@educhserra	<a href="https://twitter.com/educhserra" target="_blank">educhserra</a>	2	0	1	199	1004	2686	Girona	008
@edufuste	<a href="https://twitter.com/edufuste" target="_blank">edufuste</a>	0	1	0					246
@edugb70	<a href="https://twitter.com/edugb70" target="_blank">edugb70</a>	3	0	1	13	80	442		064
@EduGuitart	<a href="https://twitter.com/EduGuitart" target="_blank">EduGuitart</a>	23	0	4	185	626	8401	Barcelona	006
@edumarblan	<a href="https://twitter.com/edumarblan" target="_blank">edumarblan</a>	2	0	1	2769	4302	66707		215
@ef90a7f96e624bd	<a href="https://twitter.com/ef90a7f96e624bd" target="_blank">ef90a7f96e624bd</a>	14	0	2	261	256	15019	Roquetes, Catalunya	079
@EFelip	<a href="https://twitter.com/EFelip" target="_blank">EFelip</a>	1	0	1	122	415	336		007
@eferbel	<a href="https://twitter.com/eferbel" target="_blank">eferbel</a>	8	0	1	96	124	21349		003
@EGI_gipuzkoa	<a href="https://twitter.com/EGI_gipuzkoa" target="_blank">EGI_gipuzkoa</a>	6	0	1	527	675	1339	GIPUZKOA	189
@ehbildubizkaia	<a href="https://twitter.com/ehbildubizkaia" target="_blank">ehbildubizkaia</a>	8	2	0	2621	773	18707	Bizkaia	190
@EHSozialista	<a href="https://twitter.com/EHSozialista" target="_blank">EHSozialista</a>	5	0	1	547	496	1168	Euskal Herria	045
@Ehyrt	<a href="https://twitter.com/Ehyrt" target="_blank">Ehyrt</a>	11	0	1	1435	1083	63753	Èrtia -Terra de nous principis	020
@ejanet15	<a href="https://twitter.com/ejanet15" target="_blank">ejanet15</a>	41	0	1	2498	1290	210612	PLANETA TIERRA	267
@EkhiErremundegi	<a href="https://twitter.com/EkhiErremundegi" target="_blank">EkhiErremundegi</a>	5	2	0	2733	617	24369	Baiona | Euskal Herria	092
@El_Ekilibrio	<a href="https://twitter.com/El_Ekilibrio" target="_blank">El_Ekilibrio</a>	3	0	1	1147	2507	34809	Molins de Rei / Sabadell	007
@El_Forn	<a href="https://twitter.com/El_Forn" target="_blank">El_Forn</a>	0	1	0					244
@el_josith	<a href="https://twitter.com/el_josith" target="_blank">el_josith</a>	1	0	1	153	583	3600		145
@el_pais	<a href="https://twitter.com/el_pais" target="_blank">el_pais</a>	0	25	0					090
@El_Raskita	<a href="https://twitter.com/El_Raskita" target="_blank">El_Raskita</a>	1	0	1	202	554	9484	Camp Nou	125
@el3rull	<a href="https://twitter.com/el3rull" target="_blank">el3rull</a>	4	0	3	265	363	14535		006
@el9nou	<a href="https://twitter.com/el9nou" target="_blank">el9nou</a>	5	0	1	25638	3993	92541	Vic, Catalunya	014
@eladar76	<a href="https://twitter.com/eladar76" target="_blank">eladar76</a>	3	0	2	490	733	9339	Sant Boi del Llobregat - CAT	003
@ELAsindikatua	<a href="https://twitter.com/ELAsindikatua" target="_blank">ELAsindikatua</a>	9	0	1	5312	887	25046	Euskal Herria	144
@elboscnegre	<a href="https://twitter.com/elboscnegre" target="_blank">elboscnegre</a>	3	0	1	12	48	408	Catalunya	005
@ELCA69	<a href="https://twitter.com/ELCA69" target="_blank">ELCA69</a>	3	0	1	163	412	2285	BARCELONA (CATALUNYA)	003
@elcairo_ajg	<a href="https://twitter.com/elcairo_ajg" target="_blank">elcairo_ajg</a>	0	1	0					191
@elcalderer	<a href="https://twitter.com/elcalderer" target="_blank">elcalderer</a>	1	0	1	111	191	1690		007
@elcaprat	<a href="https://twitter.com/elcaprat" target="_blank">elcaprat</a>	10	0	1	24	76	2223	Catalunya, Espanya	003
@elcatodicos	<a href="https://twitter.com/elcatodicos" target="_blank">elcatodicos</a>	2	0	2	53	128	3680		002
@Elcojoktodolove	<a href="https://twitter.com/Elcojoktodolove" target="_blank">Elcojoktodolove</a>	2	6	1	751	16	3443	Encuentranos en YOUTUBE	135
@ElCotufo	<a href="https://twitter.com/ElCotufo" target="_blank">ElCotufo</a>	3	0	1	1566	1943	86998	Tenerife (Islas Canarias)	094
@eldesmarque	<a href="https://twitter.com/eldesmarque" target="_blank">eldesmarque</a>	1	0	1	10724	397	104541	España	165
@ElDesmarque_FCB	<a href="https://twitter.com/ElDesmarque_FCB" target="_blank">ElDesmarque_FCB</a>	0	2	0					165
@eldimonipuntcom	<a href="https://twitter.com/eldimonipuntcom" target="_blank">eldimonipuntcom</a>	8	0	1	2285	3049	14180	Santa Eugènia de Ter (Gironès)	233
@eldisop	<a href="https://twitter.com/eldisop" target="_blank">eldisop</a>	3	0	1	163	638	6328	Cassà de la Selva, Cataluña	006
@electricblau	<a href="https://twitter.com/electricblau" target="_blank">electricblau</a>	5	0	1	130	362	1544	Països Catalans	011
@Eledertxiiu	<a href="https://twitter.com/Eledertxiiu" target="_blank">Eledertxiiu</a>	3	0	2	1183	162	31505	21 años - País Vasco - STZ	105
@elegb82	<a href="https://twitter.com/elegb82" target="_blank">elegb82</a>	7	0	1	24	150	1931		005
@ELEMENTSUBVERS	<a href="https://twitter.com/ELEMENTSUBVERS" target="_blank">ELEMENTSUBVERS</a>	12	0	1	99	373	9523	GIRONA	005
@Elenaa_Jurado	<a href="https://twitter.com/Elenaa_Jurado" target="_blank">Elenaa_Jurado</a>	2	0	1	815	2931	34440	Catalunya - Caribbean	005
@elenacardenosa	<a href="https://twitter.com/elenacardenosa" target="_blank">elenacardenosa</a>	4	0	1	160	402	8146	Tossa de Mar , Girona	006
@Elenagonzalez61	<a href="https://twitter.com/Elenagonzalez61" target="_blank">Elenagonzalez61</a>	3	0	1	359	918	5386	Catalunya	005
@Elenikita5	<a href="https://twitter.com/Elenikita5" target="_blank">Elenikita5</a>	1	0	1	96	572	501	Santa Coloma de Cervelló, España	005
@elfa_neus	<a href="https://twitter.com/elfa_neus" target="_blank">elfa_neus</a>	4	0	1	504	911	12083	Paris-Sabadell	002
@elGamarus	<a href="https://twitter.com/elGamarus" target="_blank">elGamarus</a>	1	0	1	64	76	50		312
@elgris255	<a href="https://twitter.com/elgris255" target="_blank">elgris255</a>	9	0	1	29	69	1247		005
@eliainabiel	<a href="https://twitter.com/eliainabiel" target="_blank">eliainabiel</a>	1	0	1	59	112	735		003
@eliamcavac	<a href="https://twitter.com/eliamcavac" target="_blank">eliamcavac</a>	5	0	1	37	97	2989		221
@eliceva5	<a href="https://twitter.com/eliceva5" target="_blank">eliceva5</a>	2	0	1	46	137	943	Calella	008
@elies	<a href="https://twitter.com/elies" target="_blank">elies</a>	5	1	0	4540	1023	11232		019
@elies_carles	<a href="https://twitter.com/elies_carles" target="_blank">elies_carles</a>	2	0	1	22	240	224		003
@eligutes	<a href="https://twitter.com/eligutes" target="_blank">eligutes</a>	0	1	0					235
@ElionordUrgell	<a href="https://twitter.com/ElionordUrgell" target="_blank">ElionordUrgell</a>	5	0	1	17	37	1021	Ermita de St Joan de Montblanc	003
@elipradell	<a href="https://twitter.com/elipradell" target="_blank">elipradell</a>	2	0	1	81	210	101		083
@Elisa_kp	<a href="https://twitter.com/Elisa_kp" target="_blank">Elisa_kp</a>	1	0	1	413	321	27520		091
@Elisabe23256248	<a href="https://twitter.com/Elisabe23256248" target="_blank">Elisabe23256248</a>	1	0	1	1	37	145	Sant miquel de balenya	064
@elisabetflsf	<a href="https://twitter.com/elisabetflsf" target="_blank">elisabetflsf</a>	4	0	1	411	650	8214		064
@ElisabethSolCar	<a href="https://twitter.com/ElisabethSolCar" target="_blank">ElisabethSolCar</a>	32	0	1	401	371	13186		002
@elisabetroch	<a href="https://twitter.com/elisabetroch" target="_blank">elisabetroch</a>	2	0	1	1271	1098	38134	Catalunya, Andorra	019
@ElisaFontanill2	<a href="https://twitter.com/ElisaFontanill2" target="_blank">ElisaFontanill2</a>	3	0	1	35	185	1444	Poble Nou ,Barcelona	002
@elisenda_ribera	<a href="https://twitter.com/elisenda_ribera" target="_blank">elisenda_ribera</a>	1	0	1	68	137	167	Coll de Nargó	159
@elisenda2010	<a href="https://twitter.com/elisenda2010" target="_blank">elisenda2010</a>	3	0	2	49	38	2854		042
@ElisendaDe	<a href="https://twitter.com/ElisendaDe" target="_blank">ElisendaDe</a>	2	0	1	70	438	1238	Barcelona, Espanya	003
@ElisendaMorera	<a href="https://twitter.com/ElisendaMorera" target="_blank">ElisendaMorera</a>	3	0	1	107	308	3949		007
@ElisendaPerez	<a href="https://twitter.com/ElisendaPerez" target="_blank">ElisendaPerez</a>	2	1	1	648	420	1729	Calonge - Sant Antoni	002
@elizabeth_r_bcn	<a href="https://twitter.com/elizabeth_r_bcn" target="_blank">elizabeth_r_bcn</a>	10	0	1	261	931	5624	La Vila del Pingüí	008
@elLLOP9	<a href="https://twitter.com/elLLOP9" target="_blank">elLLOP9</a>	13	0	1	1100	1091	56261		050
@ElMagoMarcos	<a href="https://twitter.com/ElMagoMarcos" target="_blank">ElMagoMarcos</a>	2	0	1	1052	839	23164	A Coruña, Galicia	010
@elmarcmartinez	<a href="https://twitter.com/elmarcmartinez" target="_blank">elmarcmartinez</a>	2	0	1	7857	1403	13013	41°23′20″N 02°09′32″E	007
@ElMonigoteRajoy	<a href="https://twitter.com/ElMonigoteRajoy" target="_blank">ElMonigoteRajoy</a>	1	0	1	55	100	1900	La MonCloaC, Madrit	003
@Elnomnofalacosa	<a href="https://twitter.com/Elnomnofalacosa" target="_blank">Elnomnofalacosa</a>	8	1	1	532	1112	14672	República Catalana	005
@eloi_16_rt	<a href="https://twitter.com/eloi_16_rt" target="_blank">eloi_16_rt</a>	1	0	1	37	76	117	Barcelona, Cataluña	147
@Eloi242	<a href="https://twitter.com/Eloi242" target="_blank">Eloi242</a>	4	0	1	39	99	1167	Barcelona, Cataluña	003
@eloibotey	<a href="https://twitter.com/eloibotey" target="_blank">eloibotey</a>	1	0	1	194	159	615		093
@elpanades	<a href="https://twitter.com/elpanades" target="_blank">elpanades</a>	7	0	2	1110	2286	35753	Catalunya	094
@elregueret	<a href="https://twitter.com/elregueret" target="_blank">elregueret</a>	4	0	1	1610	2880	31309	25320 Anglesola	033
@elRostoll	<a href="https://twitter.com/elRostoll" target="_blank">elRostoll</a>	1	0	1	1110	1162	1505	Tàrrega, l'Urgell, PPCC	129
@ElSenyorRamon	<a href="https://twitter.com/ElSenyorRamon" target="_blank">ElSenyorRamon</a>	7	0	1	64	74	13793	Camí de l'espai exterior	003
@ElsokeBarricada	<a href="https://twitter.com/ElsokeBarricada" target="_blank">ElsokeBarricada</a>	22	0	1	563	1433	17978	Primera linea de fuego.MAD-BCN	007
@ElTitoLewis	<a href="https://twitter.com/ElTitoLewis" target="_blank">ElTitoLewis</a>	1	0	1	565	967	1700		003
@ElTontoUtil_ETU	<a href="https://twitter.com/ElTontoUtil_ETU" target="_blank">ElTontoUtil_ETU</a>	2	0	1	67	330	3888	de La Mancha	005
@eltroalfred	<a href="https://twitter.com/eltroalfred" target="_blank">eltroalfred</a>	5	0	1	56	226	2139	Andorra	001
@Elvellblues	<a href="https://twitter.com/Elvellblues" target="_blank">Elvellblues</a>	1	19	0	8220	8115	67754	República de Catalunya	022
@Elviraduranc	<a href="https://twitter.com/Elviraduranc" target="_blank">Elviraduranc</a>	22	1	2	4748	5218	75798	Barcelona, España	011
@ElvisMikle	<a href="https://twitter.com/ElvisMikle" target="_blank">ElvisMikle</a>	1	0	1	6527	1749	109187	España	051
@ElXaviRaventos	<a href="https://twitter.com/ElXaviRaventos" target="_blank">ElXaviRaventos</a>	5	0	3	1426	1270	14878	Vilafranca - Vegueria Penedès	009
@elxavisole	<a href="https://twitter.com/elxavisole" target="_blank">elxavisole</a>	2	0	1	543	893	14503	CATALUNYA-PAÏSOS CATALANS	003
@Elzorro48804212	<a href="https://twitter.com/Elzorro48804212" target="_blank">Elzorro48804212</a>	1	0	1	3	31	174	Barcelona, Cataluña	006
@emasana	<a href="https://twitter.com/emasana" target="_blank">emasana</a>	2	1	0	334	141	8577	Riudaura	232
@emcarbonellh	<a href="https://twitter.com/emcarbonellh" target="_blank">emcarbonellh</a>	1	0	1	984	986	31140		011
@emercader05	<a href="https://twitter.com/emercader05" target="_blank">emercader05</a>	6	0	1	89	329	7148	Girona, Catalunya	113
@Emili_DG	<a href="https://twitter.com/Emili_DG" target="_blank">Emili_DG</a>	3	0	1	2934	2521	46250	Catalunya, EU (NOT SPAIN)	084
@EmiliBella_	<a href="https://twitter.com/EmiliBella_" target="_blank">EmiliBella_</a>	4	0	1	11424	3954	1060	Sabadell	093
@emiliboladeres	<a href="https://twitter.com/emiliboladeres" target="_blank">emiliboladeres</a>	1	0	1	120	423	3777	Catalunya	002
@emilifdx	<a href="https://twitter.com/emilifdx" target="_blank">emilifdx</a>	4	0	1	141	491	3806	L' Hospitalet. CATALUNYA.	094
@EmiliGuillamon	<a href="https://twitter.com/EmiliGuillamon" target="_blank">EmiliGuillamon</a>	1	0	1	32	74	152		003
@emkoselim	<a href="https://twitter.com/emkoselim" target="_blank">emkoselim</a>	2	0	1	952	2099	12032	Cardedeu	003
@emlegaz	<a href="https://twitter.com/emlegaz" target="_blank">emlegaz</a>	1	0	1	31	74	2731		003
@EMMAFERRAN1	<a href="https://twitter.com/EMMAFERRAN1" target="_blank">EMMAFERRAN1</a>	1	0	1	2	54	383		003
@emmallado	<a href="https://twitter.com/emmallado" target="_blank">emmallado</a>	7	0	1	331	1208	7888		037
@emolotrab_	<a href="https://twitter.com/emolotrab_" target="_blank">emolotrab_</a>	4	0	1	480	548	2668		003
@emotjer	<a href="https://twitter.com/emotjer" target="_blank">emotjer</a>	2	0	1	385	1048	2005	Barcelona	146
@EmPiuCat	<a href="https://twitter.com/EmPiuCat" target="_blank">EmPiuCat</a>	1	0	1	249	616	1879	Catalunya. Països Catalans	003
@enabesa	<a href="https://twitter.com/enabesa" target="_blank">enabesa</a>	2	0	1	15	143	204	Catalunya	003
@EncarnaMagin	<a href="https://twitter.com/EncarnaMagin" target="_blank">EncarnaMagin</a>	14	0	1	2188	2201	44717	Girona	002
@EnCharles_98	<a href="https://twitter.com/EnCharles_98" target="_blank">EnCharles_98</a>	14	0	2	275	261	13841	Olot, Catalunya	046
@Encoberts	<a href="https://twitter.com/Encoberts" target="_blank">Encoberts</a>	27	0	1	628	1505	52997	Xàtiva	105
@Endika_GB	<a href="https://twitter.com/Endika_GB" target="_blank">Endika_GB</a>	5	0	1	213	829	6481		003
@EndikaMontes	<a href="https://twitter.com/EndikaMontes" target="_blank">EndikaMontes</a>	8	0	1	281	473	9590	Erandio, Euskal Herria	102
@EnfinFermin	<a href="https://twitter.com/EnfinFermin" target="_blank">EnfinFermin</a>	5	0	2	108	241	26706		009
@Enfocant	<a href="https://twitter.com/Enfocant" target="_blank">Enfocant</a>	11	0	2	3062	518	7119	Barcelona	007
@EngBlanco	<a href="https://twitter.com/EngBlanco" target="_blank">EngBlanco</a>	1	0	1	99	396	1015		003
@EnigmaheartTrue	<a href="https://twitter.com/EnigmaheartTrue" target="_blank">EnigmaheartTrue</a>	18	0	1	3133	3490	62986	T708CatalunyaV_T6F8#9N2014#27S	001
@eNKapm	<a href="https://twitter.com/eNKapm" target="_blank">eNKapm</a>	4	1	2	89	252	522		034
@Enocrates	<a href="https://twitter.com/Enocrates" target="_blank">Enocrates</a>	3	0	2	885	985	13617	Catalunya	013
@Enric_1969	<a href="https://twitter.com/Enric_1969" target="_blank">Enric_1969</a>	3	0	1	485	842	11225	Barcelona, Catalunya	120
@enric_barrios	<a href="https://twitter.com/enric_barrios" target="_blank">enric_barrios</a>	1	0	1	839	1197	16922	Berga	105
@Enric_egf	<a href="https://twitter.com/Enric_egf" target="_blank">Enric_egf</a>	1	0	1	21	83	1694	Cataluña, España	005
@EnricBCNcat	<a href="https://twitter.com/EnricBCNcat" target="_blank">EnricBCNcat</a>	12	0	1	1532	2075	34393	Barcelona	001
@ENRICBOYERPUIG	<a href="https://twitter.com/ENRICBOYERPUIG" target="_blank">ENRICBOYERPUIG</a>	3	0	1	8	23	1333		003
@EnricCardonaGar	<a href="https://twitter.com/EnricCardonaGar" target="_blank">EnricCardonaGar</a>	1	1	0	2182	3257	14882	Eugenienc exiliat a Girona	233
@enricendurance	<a href="https://twitter.com/enricendurance" target="_blank">enricendurance</a>	5	0	1	791	1048	8367	Catalunya	003
@EnricGarriga	<a href="https://twitter.com/EnricGarriga" target="_blank">EnricGarriga</a>	2	0	1	481	1304	3872	La Ràpita - Barcelona	005
@EnricHeras	<a href="https://twitter.com/EnricHeras" target="_blank">EnricHeras</a>	4	0	1	17	144	2234	Barcelona, Cataluña	003
@enricllb	<a href="https://twitter.com/enricllb" target="_blank">enricllb</a>	2	0	1	2	56	389		003
@EnricMartin1	<a href="https://twitter.com/EnricMartin1" target="_blank">EnricMartin1</a>	1	0	1	21	107	652	Mataró, Espanya	002
@EnricOlivaAlsin	<a href="https://twitter.com/EnricOlivaAlsin" target="_blank">EnricOlivaAlsin</a>	3	0	1	79	443	1228		015
@enricruiz2011	<a href="https://twitter.com/enricruiz2011" target="_blank">enricruiz2011</a>	5	0	1	47	151	1922	Terrassa, República Catalana	005
@enricsimo	<a href="https://twitter.com/enricsimo" target="_blank">enricsimo</a>	9	0	1	1548	1248	23258	Tortosa - Terres Ebre - CAT	079
@enricsimoferre	<a href="https://twitter.com/enricsimoferre" target="_blank">enricsimoferre</a>	11	0	2	270	46	13441	Tortosa -  Terres Ebre - CAT	069
@enricsole	<a href="https://twitter.com/enricsole" target="_blank">enricsole</a>	0	5	0					003
@enricvd	<a href="https://twitter.com/enricvd" target="_blank">enricvd</a>	5	0	1	9035	794	32592		005
@EnricVilanova3	<a href="https://twitter.com/EnricVilanova3" target="_blank">EnricVilanova3</a>	5	0	2	161	604	9845	Països Catalans	001
@EnricX	<a href="https://twitter.com/EnricX" target="_blank">EnricX</a>	2	0	1	103	152	7364	Barcelona, Catalonia	005
@EnriqueTgn	<a href="https://twitter.com/EnriqueTgn" target="_blank">EnriqueTgn</a>	4	0	1	891	1445	36119	Tarragona. Països Catalans.	005
@Ensendero	<a href="https://twitter.com/Ensendero" target="_blank">Ensendero</a>	2	0	1	1044	808	77326		107
@enSergioles	<a href="https://twitter.com/enSergioles" target="_blank">enSergioles</a>	1	7	0	4608	394	19148	República de Catalunya	024
@EnverAzMe	<a href="https://twitter.com/EnverAzMe" target="_blank">EnverAzMe</a>	5	8	1	1447	1288	9098	Vilanova i la Geltrú	071
@EnxanetaMVP	<a href="https://twitter.com/EnxanetaMVP" target="_blank">EnxanetaMVP</a>	5	0	2	9	30	898		021
@EPalomer	<a href="https://twitter.com/EPalomer" target="_blank">EPalomer</a>	3	0	1	100	412	3217	Girona	003
@EPanisello94	<a href="https://twitter.com/EPanisello94" target="_blank">EPanisello94</a>	17	0	3	430	1168	6623		003
@EPascualLagunas	<a href="https://twitter.com/EPascualLagunas" target="_blank">EPascualLagunas</a>	13	0	1	430	441	42561	Barcelona. Catalunya	007
@Erak02	<a href="https://twitter.com/Erak02" target="_blank">Erak02</a>	2	0	1	52	183	840	Spain	005
@ERC_Caldes	<a href="https://twitter.com/ERC_Caldes" target="_blank">ERC_Caldes</a>	5	1	2	807	542	3232	Caldes de Montbui, Catalunya	002
@ERC_SPM	<a href="https://twitter.com/ERC_SPM" target="_blank">ERC_SPM</a>	0	1	0					230
@ERC9B	<a href="https://twitter.com/ERC9B" target="_blank">ERC9B</a>	16	0	1	1754	3084	6805	Alloza, 47 Barcelona	025
@ERCCalella	<a href="https://twitter.com/ERCCalella" target="_blank">ERCCalella</a>	3	4	0	714	574	3967	Calella	053
@ercmataro	<a href="https://twitter.com/ercmataro" target="_blank">ercmataro</a>	8	3	0	2704	2552	14847	Mataró	005
@ERCOsona	<a href="https://twitter.com/ERCOsona" target="_blank">ERCOsona</a>	31	9	1	1281	566	9679	Osona, Països Catalans	116
@ERCParets	<a href="https://twitter.com/ERCParets" target="_blank">ERCParets</a>	1	0	1	692	1057	4551	Parets del Vallès	157
@ercsantcugat	<a href="https://twitter.com/ercsantcugat" target="_blank">ercsantcugat</a>	5	0	1	1602	1722	7018	Sant Cugat, Països Catalans	281
@ERCsindical	<a href="https://twitter.com/ERCsindical" target="_blank">ERCsindical</a>	6	0	1	327	107	3087	Barcelona, Catalunya	002
@ERCStMarti	<a href="https://twitter.com/ERCStMarti" target="_blank">ERCStMarti</a>	9	0	1	1081	763	2796	Sant Martí	160
@ERCTorello	<a href="https://twitter.com/ERCTorello" target="_blank">ERCTorello</a>	2	1	0	568	528	4038	Torelló, Catalunya	222
@ericbg22	<a href="https://twitter.com/ericbg22" target="_blank">ericbg22</a>	1	0	1	141	163	3744	La Plana Alta	105
@EricBM_Corb	<a href="https://twitter.com/EricBM_Corb" target="_blank">EricBM_Corb</a>	9	0	1	427	1379	6826		006
@EricDonadeu	<a href="https://twitter.com/EricDonadeu" target="_blank">EricDonadeu</a>	1	0	1	8	3	9		003
@ericfcktm	<a href="https://twitter.com/ericfcktm" target="_blank">ericfcktm</a>	2	0	1	751	1136	3432	VALLS	307
@EricGallardo69	<a href="https://twitter.com/EricGallardo69" target="_blank">EricGallardo69</a>	20	0	1	127	643	5711	Catalonia	005
@erico_pep	<a href="https://twitter.com/erico_pep" target="_blank">erico_pep</a>	2	0	1	101	536	1325	Barcelona, Catalunya	005
@eriicsaanchez	<a href="https://twitter.com/eriicsaanchez" target="_blank">eriicsaanchez</a>	1	0	1	6	18	170	L'Hospitalet de Llobregat, Esp	002
@erk_abzugan	<a href="https://twitter.com/erk_abzugan" target="_blank">erk_abzugan</a>	2	0	1	5	87	741		002
@erminialtarriba	<a href="https://twitter.com/erminialtarriba" target="_blank">erminialtarriba</a>	2	1	0	1495	2274	6038	BERGA	223
@ernestcabre	<a href="https://twitter.com/ernestcabre" target="_blank">ernestcabre</a>	1	0	1	121	80	3714	Barcelona	003
@ernestcentellas	<a href="https://twitter.com/ernestcentellas" target="_blank">ernestcentellas</a>	9	0	1	1322	2080	38002	Manresa - Catalunya	036
@Ernesterlin	<a href="https://twitter.com/Ernesterlin" target="_blank">Ernesterlin</a>	2	0	1	2	17	55	Paisos Catalans	051
@ErnestPinsap	<a href="https://twitter.com/ErnestPinsap" target="_blank">ErnestPinsap</a>	33	0	3	258	1468	41808		010
@erolesferran	<a href="https://twitter.com/erolesferran" target="_blank">erolesferran</a>	1	0	1	27	70	78		003
@Erramun2014	<a href="https://twitter.com/Erramun2014" target="_blank">Erramun2014</a>	8	3	1	1744	469	48703	Euskal Herria	021
@errjey	<a href="https://twitter.com/errjey" target="_blank">errjey</a>	8	0	1	150	99	19140	Barcelona	060
@es_nauta	<a href="https://twitter.com/es_nauta" target="_blank">es_nauta</a>	6	0	1	333	857	28571		105
@es4one	<a href="https://twitter.com/es4one" target="_blank">es4one</a>	0	7	0					121
@esalas188	<a href="https://twitter.com/esalas188" target="_blank">esalas188</a>	1	0	1	41	59	577	Barcelona. CAT	003
@ESantanera	<a href="https://twitter.com/ESantanera" target="_blank">ESantanera</a>	1	0	1	9	16	12		014
@esbarzer_roig	<a href="https://twitter.com/esbarzer_roig" target="_blank">esbarzer_roig</a>	2	0	2	25	39	443	Països Catalans	105
@Esbarzers	<a href="https://twitter.com/Esbarzers" target="_blank">Esbarzers</a>	3	0	2	70	879	2639	Catalunya!	037
@EscalLid	<a href="https://twitter.com/EscalLid" target="_blank">EscalLid</a>	2	0	1	8	78	160	Llesp	064
@escanueladrums	<a href="https://twitter.com/escanueladrums" target="_blank">escanueladrums</a>	21	0	1	274	575	5340	Les Franqueses del Vallès BCN	227
@escompani	<a href="https://twitter.com/escompani" target="_blank">escompani</a>	7	0	1	12	51	940	Molins de Rei	007
@esibina	<a href="https://twitter.com/esibina" target="_blank">esibina</a>	0	16	0					014
@esierraserra	<a href="https://twitter.com/esierraserra" target="_blank">esierraserra</a>	1	1	0	453	985	1320	Sant Antoni, Barcelona	212
@esjuel	<a href="https://twitter.com/esjuel" target="_blank">esjuel</a>	3	0	1	170	385	1996		003
@ESKnafarroa	<a href="https://twitter.com/ESKnafarroa" target="_blank">ESKnafarroa</a>	0	2	0					043
@Esnerof	<a href="https://twitter.com/Esnerof" target="_blank">Esnerof</a>	1	0	1	45	99	318		236
@espaispelsomnis	<a href="https://twitter.com/espaispelsomnis" target="_blank">espaispelsomnis</a>	8	0	1	1924	1506	4664	Igualada	111
@EspeArres	<a href="https://twitter.com/EspeArres" target="_blank">EspeArres</a>	1	0	1	127	340	1066	Premià de Dalt/Viladrau	003
@Espera1000	<a href="https://twitter.com/Espera1000" target="_blank">Espera1000</a>	38	0	1	736	838	70117	Sant Cugat -Catalonia-	006
@EspFP	<a href="https://twitter.com/EspFP" target="_blank">EspFP</a>	1	0	1	793	1349	8603		090
@Espina11041959	<a href="https://twitter.com/Espina11041959" target="_blank">Espina11041959</a>	1	0	1	105	407	12621	Barcelona, España	090
@EspinetRicard	<a href="https://twitter.com/EspinetRicard" target="_blank">EspinetRicard</a>	1	0	1	1	22	234		007
@esplaiscatalans	<a href="https://twitter.com/esplaiscatalans" target="_blank">esplaiscatalans</a>	0	3	0					031
@esport3	<a href="https://twitter.com/esport3" target="_blank">esport3</a>	0	14	0					113
@esportpelsi	<a href="https://twitter.com/esportpelsi" target="_blank">esportpelsi</a>	0	11	0					081
@espurnaajib	<a href="https://twitter.com/espurnaajib" target="_blank">espurnaajib</a>	2	3	0	925	1541	4421	Badalona | Països Catalans	158
@Esquerra_ERC	<a href="https://twitter.com/Esquerra_ERC" target="_blank">Esquerra_ERC</a>	23	0	2	261100	100121	71232	Països Catalans	064
@esquerracamp	<a href="https://twitter.com/esquerracamp" target="_blank">esquerracamp</a>	7	0	1	1148	1184	6993	Països Catalans	128
@EsquerraManlleu	<a href="https://twitter.com/EsquerraManlleu" target="_blank">EsquerraManlleu</a>	3	0	1	789	486	1476	Manlleu, Capital del Ter	116
@EsquerraTarrega	<a href="https://twitter.com/EsquerraTarrega" target="_blank">EsquerraTarrega</a>	3	0	1	843	1122	1909	Tàrrega, Països Catalans	129
@Esquitx17	<a href="https://twitter.com/Esquitx17" target="_blank">Esquitx17</a>	43	12	2	3225	3159	181256	Vilanna, Girona, Catalunya	001
@ESslvado	<a href="https://twitter.com/ESslvado" target="_blank">ESslvado</a>	4	0	1	14	117	2136		003
@estassaverders	<a href="https://twitter.com/estassaverders" target="_blank">estassaverders</a>	1	0	1	68	207	1631		003
@estebanbender	<a href="https://twitter.com/estebanbender" target="_blank">estebanbender</a>	3	0	1	907	1591	14131	Barcelona, Catalunya	003
@estebanirvana	<a href="https://twitter.com/estebanirvana" target="_blank">estebanirvana</a>	1	0	1	90	196	8086	Euskadi	137
@estelada58	<a href="https://twitter.com/estelada58" target="_blank">estelada58</a>	7	0	1	3645	3100	20238	Tàrrega-Barcelona-Catalunya	001
@esteldealba1	<a href="https://twitter.com/esteldealba1" target="_blank">esteldealba1</a>	4	0	1	3	47	189	Sant Pol de Mar , Catalunya	003
@ester_alias	<a href="https://twitter.com/ester_alias" target="_blank">ester_alias</a>	21	0	1	168	215	7980		003
@ESTERARNAUS21	<a href="https://twitter.com/ESTERARNAUS21" target="_blank">ESTERARNAUS21</a>	2	0	1	222	202	867	Barcelona, Vic	003
@estermartia	<a href="https://twitter.com/estermartia" target="_blank">estermartia</a>	35	0	2	2718	4999	170294	Tortosa	093
@EsterMatali	<a href="https://twitter.com/EsterMatali" target="_blank">EsterMatali</a>	10	0	1	1497	1066	14033	Terrassa, Catalunya	005
@EsterRubio2	<a href="https://twitter.com/EsterRubio2" target="_blank">EsterRubio2</a>	2	0	1	458	174	17989		019
@EsterSantacana	<a href="https://twitter.com/EsterSantacana" target="_blank">EsterSantacana</a>	11	0	1	44	186	2675	barcelona, españa	064
@ESTERSORIANOFER	<a href="https://twitter.com/ESTERSORIANOFER" target="_blank">ESTERSORIANOFER</a>	1	0	1	13	16	465		003
@esteve_folch	<a href="https://twitter.com/esteve_folch" target="_blank">esteve_folch</a>	9	0	2	20	66	2726		002
@Esteve_Sebastia	<a href="https://twitter.com/Esteve_Sebastia" target="_blank">Esteve_Sebastia</a>	5	0	1	642	914	14321	Catalunya-PPCC	053
@Esteve67575199	<a href="https://twitter.com/Esteve67575199" target="_blank">Esteve67575199</a>	5	0	1	13	91	629		175
@estevecj	<a href="https://twitter.com/estevecj" target="_blank">estevecj</a>	10	0	1	96	214	2795	Esparreguera	001
@estevelg	<a href="https://twitter.com/estevelg" target="_blank">estevelg</a>	5	0	1	197	437	16436	Empordà	005
@estevemaruri	<a href="https://twitter.com/estevemaruri" target="_blank">estevemaruri</a>	1	0	1	725	600	40140	Barcelona, Espanya	007
@estevemm	<a href="https://twitter.com/estevemm" target="_blank">estevemm</a>	3	0	1	241	778	1655	Granollers (Barcelona)	093
@Esther_Cat3005	<a href="https://twitter.com/Esther_Cat3005" target="_blank">Esther_Cat3005</a>	20	0	3	51	54	17315		002
@Esther_Gasol	<a href="https://twitter.com/Esther_Gasol" target="_blank">Esther_Gasol</a>	1	0	1	109	232	582	Barcelona (Catalunya)	003
@Esther27092015	<a href="https://twitter.com/Esther27092015" target="_blank">Esther27092015</a>	1	0	1	69	161	1283		003
@estherdenoa	<a href="https://twitter.com/estherdenoa" target="_blank">estherdenoa</a>	6	0	1	34	127	2045		005
@EstherMarco	<a href="https://twitter.com/EstherMarco" target="_blank">EstherMarco</a>	6	0	1	153	312	3347		105
@EstherMendel	<a href="https://twitter.com/EstherMendel" target="_blank">EstherMendel</a>	2	0	1	827	482	23579		003
@esthermiras	<a href="https://twitter.com/esthermiras" target="_blank">esthermiras</a>	13	0	1	254	1222	15485		083
@Estherperalfos	<a href="https://twitter.com/Estherperalfos" target="_blank">Estherperalfos</a>	2	0	1	113	215	3920	Barcelona, Catalunya	005
@EstherPonsa	<a href="https://twitter.com/EstherPonsa" target="_blank">EstherPonsa</a>	0	1	0					006
@EstorachOtilia	<a href="https://twitter.com/EstorachOtilia" target="_blank">EstorachOtilia</a>	58	0	2	36	252	10394		014
@Estoyrara	<a href="https://twitter.com/Estoyrara" target="_blank">Estoyrara</a>	1	0	1	176	233	1382		036
@estratosferic	<a href="https://twitter.com/estratosferic" target="_blank">estratosferic</a>	13	0	1	93	112	4346	Catalunya	003
@estrellasymar1	<a href="https://twitter.com/estrellasymar1" target="_blank">estrellasymar1</a>	1	0	1	772	1709	28792	Málaga	090
@estupefalso	<a href="https://twitter.com/estupefalso" target="_blank">estupefalso</a>	3	0	1	874	1103	127676		121
@esvai	<a href="https://twitter.com/esvai" target="_blank">esvai</a>	3	0	1	464	689	6457	Celrà-Girona	015
@ETenfurecido	<a href="https://twitter.com/ETenfurecido" target="_blank">ETenfurecido</a>	1	0	1	257	918	25274	Barcelona, Pozoblanco	199
@etm290873	<a href="https://twitter.com/etm290873" target="_blank">etm290873</a>	1	0	1	7	33	1236	mrc	003
@etorremorell	<a href="https://twitter.com/etorremorell" target="_blank">etorremorell</a>	1	0	1	42	462	1356		015
@etorrescassana	<a href="https://twitter.com/etorrescassana" target="_blank">etorrescassana</a>	1	0	1	531	1169	1669		005
@Eudald4	<a href="https://twitter.com/Eudald4" target="_blank">Eudald4</a>	1	0	1	436	1470	14432	Ripoll - Catalunya	003
@eudaldixit	<a href="https://twitter.com/eudaldixit" target="_blank">eudaldixit</a>	1	0	1	120	928	4838	Borgonyà, Catalunya	093
@eudaldsellares	<a href="https://twitter.com/eudaldsellares" target="_blank">eudaldsellares</a>	3	0	1	1009	1161	8557	República Catalana	003
@eugeniaferrer4	<a href="https://twitter.com/eugeniaferrer4" target="_blank">eugeniaferrer4</a>	1	0	1	1535	1997	29459		006
@EugeniMas	<a href="https://twitter.com/EugeniMas" target="_blank">EugeniMas</a>	25	0	1	198	543	29101		003
@euroeuropa	<a href="https://twitter.com/euroeuropa" target="_blank">euroeuropa</a>	11	5	0	8737	7456	188801	1949DONEC PERFICIAM RepúbliCAT	001
@EUROLANG	<a href="https://twitter.com/EUROLANG" target="_blank">EUROLANG</a>	2	3	0	3647	1422	8969	Brussels, Truro, Barcelona.	067
@EuropaEnsEspera	<a href="https://twitter.com/EuropaEnsEspera" target="_blank">EuropaEnsEspera</a>	1	0	1	218	812	1153		105
@eusebioetxarren	<a href="https://twitter.com/eusebioetxarren" target="_blank">eusebioetxarren</a>	1	0	1	1024	943	32433		006
@euskagofo	<a href="https://twitter.com/euskagofo" target="_blank">euskagofo</a>	1	0	1	130	152	914		002
@euskalduna9	<a href="https://twitter.com/euskalduna9" target="_blank">euskalduna9</a>	9	0	1	371	239	53486	Euskal Herria	010
@Euskalherriaske	<a href="https://twitter.com/Euskalherriaske" target="_blank">Euskalherriaske</a>	11	0	3	5201	5571	87824	Bizkaia - Euskal Herria	010
@Eva_Gene	<a href="https://twitter.com/Eva_Gene" target="_blank">Eva_Gene</a>	7	0	1	3792	3199	59573	Vilanova de la Barca - Segrià	037
@eva_llonch	<a href="https://twitter.com/eva_llonch" target="_blank">eva_llonch</a>	1	0	1	5	56	265		003
@eva_vdlc	<a href="https://twitter.com/eva_vdlc" target="_blank">eva_vdlc</a>	12	0	1	596	1709	16095		005
@Eva9977	<a href="https://twitter.com/Eva9977" target="_blank">Eva9977</a>	5	0	1	14	67	1672		005
@EvaBoschR	<a href="https://twitter.com/EvaBoschR" target="_blank">EvaBoschR</a>	3	0	1	555	1186	3638	Anglès, Catalunya	064
@evaclauso	<a href="https://twitter.com/evaclauso" target="_blank">evaclauso</a>	0	45	0					093
@evallory	<a href="https://twitter.com/evallory" target="_blank">evallory</a>	4	2	0	5681	601	14179	Barcelona, Catalunya	178
@EvamolloNov	<a href="https://twitter.com/EvamolloNov" target="_blank">EvamolloNov</a>	14	0	4	4273	4622	75670	Barcelona	001
@evendrella	<a href="https://twitter.com/evendrella" target="_blank">evendrella</a>	5	0	1	2413	2563	11712		003
@evilardagav	<a href="https://twitter.com/evilardagav" target="_blank">evilardagav</a>	2	0	1	19	59	777		003
@expo92_sevilla	<a href="https://twitter.com/expo92_sevilla" target="_blank">expo92_sevilla</a>	1	0	1	1202	2493	117860		090
@extrizquierdo	<a href="https://twitter.com/extrizquierdo" target="_blank">extrizquierdo</a>	1	0	1	2445	120	23084		064
@eyeclipse	<a href="https://twitter.com/eyeclipse" target="_blank">eyeclipse</a>	7	1	1	638	558	15542	Barcelona	002
@eyembieros0000	<a href="https://twitter.com/eyembieros0000" target="_blank">eyembieros0000</a>	10	0	3	1245	1860	33734		006
@EzkIraultzailea	<a href="https://twitter.com/EzkIraultzailea" target="_blank">EzkIraultzailea</a>	5	0	2	68	51	283		045
@f_Cassandra	<a href="https://twitter.com/f_Cassandra" target="_blank">f_Cassandra</a>	7	0	1	161	465	6759	Les Borges Blanques	003
@f_xevi	<a href="https://twitter.com/f_xevi" target="_blank">f_xevi</a>	4	0	2	27	88	857	Planeta Terra	006
@f2008friends	<a href="https://twitter.com/f2008friends" target="_blank">f2008friends</a>	22	0	2	476	468	48537	Catalunya	001
@F2Xavier	<a href="https://twitter.com/F2Xavier" target="_blank">F2Xavier</a>	17	0	1	29	50	3411		049
@FabregatMerce	<a href="https://twitter.com/FabregatMerce" target="_blank">FabregatMerce</a>	1	0	1	17	228	321	Reus, Espanya	051
@falonsopascual	<a href="https://twitter.com/falonsopascual" target="_blank">falonsopascual</a>	4	0	1	202	308	3073		144
@FAMILYGOSPA	<a href="https://twitter.com/FAMILYGOSPA" target="_blank">FAMILYGOSPA</a>	9	0	1	17	377	2560	Sabadell, Catalunya	008
@FancyAppleMac	<a href="https://twitter.com/FancyAppleMac" target="_blank">FancyAppleMac</a>	38	0	1	89	347	7902	Barcelona, Cataluña	064
@Farenheit_451_	<a href="https://twitter.com/Farenheit_451_" target="_blank">Farenheit_451_</a>	10	0	1	419	980	30040		008
@fargasjoan	<a href="https://twitter.com/fargasjoan" target="_blank">fargasjoan</a>	2	0	1	678	968	2394	Catalunya	064
@Farranapetita	<a href="https://twitter.com/Farranapetita" target="_blank">Farranapetita</a>	6	0	1	34	196	12201		007
@FarSerrat	<a href="https://twitter.com/FarSerrat" target="_blank">FarSerrat</a>	5	0	2	45	428	478	Barcelona	008
@fatima13llc	<a href="https://twitter.com/fatima13llc" target="_blank">fatima13llc</a>	2	1	0	109	210	2109	RepúblicaCat	328
@fballus	<a href="https://twitter.com/fballus" target="_blank">fballus</a>	2	0	2	35	177	806	Girona, Catalunya	007
@fblancoros	<a href="https://twitter.com/fblancoros" target="_blank">fblancoros</a>	4	0	1	143	417	1683	Girona	037
@fcarles58	<a href="https://twitter.com/fcarles58" target="_blank">fcarles58</a>	20	0	2	42	110	2955	TARRAGONA	008
@Felip_Doco	<a href="https://twitter.com/Felip_Doco" target="_blank">Felip_Doco</a>	1	0	1	269	776	9042	london, UK	003
@FelipeGCan	<a href="https://twitter.com/FelipeGCan" target="_blank">FelipeGCan</a>	5	0	1	722	586	25928	Islas Canarias, España	105
@FeliuVentura	<a href="https://twitter.com/FeliuVentura" target="_blank">FeliuVentura</a>	6	0	1	18072	874	21605	Xàtiva	005
@felix1pineiro	<a href="https://twitter.com/felix1pineiro" target="_blank">felix1pineiro</a>	2	0	1	75	28	2244		003
@FenixNegre	<a href="https://twitter.com/FenixNegre" target="_blank">FenixNegre</a>	10	2	1	2424	1812	25040	Barcino, Catalonia	005
@FERMINATX	<a href="https://twitter.com/FERMINATX" target="_blank">FERMINATX</a>	11	0	2	4156	4899	192358	barcelona	094
@ferminmuozalmen	<a href="https://twitter.com/ferminmuozalmen" target="_blank">ferminmuozalmen</a>	1	0	1	14704	14134	27454		105
@Ferran_Bel	<a href="https://twitter.com/Ferran_Bel" target="_blank">Ferran_Bel</a>	4	0	1	4414	367	22318	Tortosa Terres de l'Ebre	079
@ferran801	<a href="https://twitter.com/ferran801" target="_blank">ferran801</a>	1	0	1	56	156	460	Catalunya	003
@FerranCeCa	<a href="https://twitter.com/FerranCeCa" target="_blank">FerranCeCa</a>	1	0	1	62	419	131	Olesa de Montserrat, Catalunya	003
@FerranEva	<a href="https://twitter.com/FerranEva" target="_blank">FerranEva</a>	1	0	1	212	304	2274		008
@FerranFaRun	<a href="https://twitter.com/FerranFaRun" target="_blank">FerranFaRun</a>	5	0	1	77	238	2389	Manresa, Espanya	015
@FerranFerran1	<a href="https://twitter.com/FerranFerran1" target="_blank">FerranFerran1</a>	1	0	1	72	366	1936		007
@FerranGinebrosa	<a href="https://twitter.com/FerranGinebrosa" target="_blank">FerranGinebrosa</a>	23	0	2	274	227	14068	Lliçà d'Amunt	002
@FerranMontero	<a href="https://twitter.com/FerranMontero" target="_blank">FerranMontero</a>	3	0	1	236	274	3381	Ca meva, Mallorca	003
@ferranpalau1	<a href="https://twitter.com/ferranpalau1" target="_blank">ferranpalau1</a>	1	0	1	18	141	385	Alcoletge, Espanya	003
@ferranrebull	<a href="https://twitter.com/ferranrebull" target="_blank">ferranrebull</a>	2	0	1	224	537	5503	||*||	015
@ferranrmdeusbcn	<a href="https://twitter.com/ferranrmdeusbcn" target="_blank">ferranrmdeusbcn</a>	8	0	2	490	807	39706	Catalunya	001
@FerranRodes	<a href="https://twitter.com/FerranRodes" target="_blank">FerranRodes</a>	6	0	1	40	176	2517		003
@ferranvfr	<a href="https://twitter.com/ferranvfr" target="_blank">ferranvfr</a>	4	0	1	20	151	799	Barcelona, Catalunya	003
@ferrer_marc	<a href="https://twitter.com/ferrer_marc" target="_blank">ferrer_marc</a>	5	11	0	6466	3437	39608	Cochabamba	114
@FFontanals	<a href="https://twitter.com/FFontanals" target="_blank">FFontanals</a>	1	0	1	5	77	62		003
@fgonzalezm68	<a href="https://twitter.com/fgonzalezm68" target="_blank">fgonzalezm68</a>	2	0	1	21	84	285		002
@ficcion2011	<a href="https://twitter.com/ficcion2011" target="_blank">ficcion2011</a>	29	0	5	2004	1847	98803	Barcelona	001
@filiberttt	<a href="https://twitter.com/filiberttt" target="_blank">filiberttt</a>	1	0	1	11	55	352	Catalunya	064
@fimfa72	<a href="https://twitter.com/fimfa72" target="_blank">fimfa72</a>	1	0	1	2	18	17		051
@fina_domingo	<a href="https://twitter.com/fina_domingo" target="_blank">fina_domingo</a>	2	0	1	25	90	438	Valls, Cataluña	318
@fina_forpu	<a href="https://twitter.com/fina_forpu" target="_blank">fina_forpu</a>	7	0	2	138	150	5358	Manresa	064
@FinaBeas	<a href="https://twitter.com/FinaBeas" target="_blank">FinaBeas</a>	1	0	1	12	88	136		005
@finaiglesias	<a href="https://twitter.com/finaiglesias" target="_blank">finaiglesias</a>	8	0	1	541	630	23645	L'Hospitalet Ll., Catalunya	003
@finnualla	<a href="https://twitter.com/finnualla" target="_blank">finnualla</a>	1	0	1	13	85	224	Tarragona	094
@FlautistaDJbln	<a href="https://twitter.com/FlautistaDJbln" target="_blank">FlautistaDJbln</a>	2	0	1	10	207	173		051
@flaviosoq	<a href="https://twitter.com/flaviosoq" target="_blank">flaviosoq</a>	2	0	1	206	862	12103	tarragona	002
@flcarlesD	<a href="https://twitter.com/flcarlesD" target="_blank">flcarlesD</a>	12	0	2	1365	1446	40332	Bescanó, Girona, Catalunya	003
@fligantada	<a href="https://twitter.com/fligantada" target="_blank">fligantada</a>	5	0	1	449	448	29194	Garrotxa	022
@FloraPuntos	<a href="https://twitter.com/FloraPuntos" target="_blank">FloraPuntos</a>	4	0	3	910	1199	3711	Sant Cugat del Vallès	016
@FlorenzaXavier	<a href="https://twitter.com/FlorenzaXavier" target="_blank">FlorenzaXavier</a>	2	0	1	64	133	2630	Catalunya	007
@FlyingS14652197	<a href="https://twitter.com/FlyingS14652197" target="_blank">FlyingS14652197</a>	29	0	2	44	224	2354	巴塞罗那 Barcelona Catalonia	007
@fmargarit	<a href="https://twitter.com/fmargarit" target="_blank">fmargarit</a>	5	0	1	281	967	9471	Ciutadella de Menorca	019
@fnieto114	<a href="https://twitter.com/fnieto114" target="_blank">fnieto114</a>	2	0	1	5	18	58	Catalunya	003
@fora38	<a href="https://twitter.com/fora38" target="_blank">fora38</a>	3	0	1	137	467	2139		141
@ForestalGest	<a href="https://twitter.com/ForestalGest" target="_blank">ForestalGest</a>	2	0	1	39	122	275	Catalunya, Barcelona	002
@formatistica	<a href="https://twitter.com/formatistica" target="_blank">formatistica</a>	7	0	1	347	894	5198		118
@forrocalf	<a href="https://twitter.com/forrocalf" target="_blank">forrocalf</a>	0	1	0					324
@Fortelena	<a href="https://twitter.com/Fortelena" target="_blank">Fortelena</a>	2	1	0	2358	1066	62465	Catalunya lliure	323
@FortMagda	<a href="https://twitter.com/FortMagda" target="_blank">FortMagda</a>	3	0	1	61	136	608	Reus	003
@fortuny_marti	<a href="https://twitter.com/fortuny_marti" target="_blank">fortuny_marti</a>	11	0	1	82	158	5783	Cat	003
@fragoneste	<a href="https://twitter.com/fragoneste" target="_blank">fragoneste</a>	8	0	1	14	46	2541		003
@FraJeremies	<a href="https://twitter.com/FraJeremies" target="_blank">FraJeremies</a>	5	0	1	5264	1751	40332	Sant Urró del Pinetell, CAT	008
@Francesc_Coll	<a href="https://twitter.com/Francesc_Coll" target="_blank">Francesc_Coll</a>	3	1	0	1463	1364	1488	Catalunya	322
@francesc112233	<a href="https://twitter.com/francesc112233" target="_blank">francesc112233</a>	14	0	5	649	909	26153	Barcelona, Catalunya	003
@francesc130	<a href="https://twitter.com/francesc130" target="_blank">francesc130</a>	29	0	2	2377	2471	176043	Sant Just Desvern	020
@francesca160	<a href="https://twitter.com/francesca160" target="_blank">francesca160</a>	4	0	2	22	140	955	catalunya	009
@FrancescCesc1	<a href="https://twitter.com/FrancescCesc1" target="_blank">FrancescCesc1</a>	8	0	1	514	1323	23566		003
@francescEG	<a href="https://twitter.com/francescEG" target="_blank">francescEG</a>	8	0	1	27	201	1114		037
@francescferrerf	<a href="https://twitter.com/francescferrerf" target="_blank">francescferrerf</a>	0	1	0					162
@FrancescJ63	<a href="https://twitter.com/FrancescJ63" target="_blank">FrancescJ63</a>	21	0	1	149	451	5275	Catalunya	002
@francescllamas	<a href="https://twitter.com/francescllamas" target="_blank">francescllamas</a>	5	0	2	628	1141	4661	Barcelona, Catalunya	025
@francescm15	<a href="https://twitter.com/francescm15" target="_blank">francescm15</a>	1	0	1	73	1006	295	Barcelona	003
@FrancescMerce	<a href="https://twitter.com/FrancescMerce" target="_blank">FrancescMerce</a>	8	0	1	66	65	1783		048
@FrancescPerezPu	<a href="https://twitter.com/FrancescPerezPu" target="_blank">FrancescPerezPu</a>	1	0	1	328	532	5711	Quart - Girona - Catalunya	002
@FrancescSalat	<a href="https://twitter.com/FrancescSalat" target="_blank">FrancescSalat</a>	3	0	1	407	817	22346	Barcelona, Catalunya	005
@Francescsv	<a href="https://twitter.com/Francescsv" target="_blank">Francescsv</a>	3	0	1	1360	655	3382		003
@francesctorres	<a href="https://twitter.com/francesctorres" target="_blank">francesctorres</a>	2	0	1	1164	2360	13882	Reus	005
@FranchMontse	<a href="https://twitter.com/FranchMontse" target="_blank">FranchMontse</a>	3	0	1	110	249	4256	Roses, Alt Empordà	064
@FranchoGuaky	<a href="https://twitter.com/FranchoGuaky" target="_blank">FranchoGuaky</a>	1	0	1	1481	1919	13100	PCV-Gallo Rojo	121
@FrancJfarmo	<a href="https://twitter.com/FrancJfarmo" target="_blank">FrancJfarmo</a>	30	0	1	1910	2441	99546	REPUBLICA CATALANA	005
@frankfrankbcn	<a href="https://twitter.com/frankfrankbcn" target="_blank">frankfrankbcn</a>	2	0	2	92	254	9636	BARCELONA	005
@frankiebbdj	<a href="https://twitter.com/frankiebbdj" target="_blank">frankiebbdj</a>	5	0	1	35	161	1756	Salou, España	003
@FrankSpecial	<a href="https://twitter.com/FrankSpecial" target="_blank">FrankSpecial</a>	1	0	1	965	4350	13945	Venezuela	107
@frankysolev	<a href="https://twitter.com/frankysolev" target="_blank">frankysolev</a>	7	0	1	183	263	9715	Països Catalans	001
@FranPardo_	<a href="https://twitter.com/FranPardo_" target="_blank">FranPardo_</a>	4	0	2	11281	4145	118525	País Valencià	077
@franzzypop	<a href="https://twitter.com/franzzypop" target="_blank">franzzypop</a>	4	0	1	219	679	27269	el Besòs i el Maresme, Barcelona	003
@freakydeserie	<a href="https://twitter.com/freakydeserie" target="_blank">freakydeserie</a>	16	0	1	117	320	8002		001
@FredericRoig	<a href="https://twitter.com/FredericRoig" target="_blank">FredericRoig</a>	4	0	1	50	183	2434	Catalunya	003
@FredigVba	<a href="https://twitter.com/FredigVba" target="_blank">FredigVba</a>	2	0	1	252	506	929		009
@fredipisuke	<a href="https://twitter.com/fredipisuke" target="_blank">fredipisuke</a>	1	0	1	64	244	2156	Igualada	003
@FreeCat201x	<a href="https://twitter.com/FreeCat201x" target="_blank">FreeCat201x</a>	13	1	1	1260	187	100097	Catalunya Lliure	008
@FreeCat4ever	<a href="https://twitter.com/FreeCat4ever" target="_blank">FreeCat4ever</a>	5	0	1	800	1094	18151	República de Catalunya, UE	091
@freed4Catalonia	<a href="https://twitter.com/freed4Catalonia" target="_blank">freed4Catalonia</a>	82	0	8	11809	6013	108489	Barcelona	005
@Freedomfigtherr	<a href="https://twitter.com/Freedomfigtherr" target="_blank">Freedomfigtherr</a>	1	0	1	6	32	451		003
@freepiolin_	<a href="https://twitter.com/freepiolin_" target="_blank">freepiolin_</a>	0	1	0					174
@frescll	<a href="https://twitter.com/frescll" target="_blank">frescll</a>	4	0	1	152	522	9043	Barcelona	017
@fricart	<a href="https://twitter.com/fricart" target="_blank">fricart</a>	8	0	1	496	449	10066	Catalunya	005
@frodri38	<a href="https://twitter.com/frodri38" target="_blank">frodri38</a>	24	0	1	261	607	4860	Bellver de Cerdanya	008
@FroilanVives	<a href="https://twitter.com/FroilanVives" target="_blank">FroilanVives</a>	17	0	1	78	465	12564		001
@FromItaca	<a href="https://twitter.com/FromItaca" target="_blank">FromItaca</a>	8	0	1	43	278	2620	Barcelona, CATALUNYA	064
@FrostShadow6	<a href="https://twitter.com/FrostShadow6" target="_blank">FrostShadow6</a>	1	0	1	175	568	4318	Xerxes	105
@fsampedro	<a href="https://twitter.com/fsampedro" target="_blank">fsampedro</a>	2	0	1	21	88	640		005
@FSarda14	<a href="https://twitter.com/FSarda14" target="_blank">FSarda14</a>	4	0	1	381	604	14280	Reus-BCN, Països Catalans	109
@fsecoli	<a href="https://twitter.com/fsecoli" target="_blank">fsecoli</a>	2	0	1	25	54	845	Catalonia	003
@Fuckprincees	<a href="https://twitter.com/Fuckprincees" target="_blank">Fuckprincees</a>	4	0	1	42	174	1081	Los Angeles, CA	008
@funciogamma	<a href="https://twitter.com/funciogamma" target="_blank">funciogamma</a>	13	0	1	230	677	16376	Unió Soviètica	005
@FundacioBofill	<a href="https://twitter.com/FundacioBofill" target="_blank">FundacioBofill</a>	1	0	1	18831	3316	39834	Barcelona, Catalonia	178
@funkyalex77	<a href="https://twitter.com/funkyalex77" target="_blank">funkyalex77</a>	5	0	1	288	792	7585	Barcelona	003
@Fustegueres	<a href="https://twitter.com/Fustegueres" target="_blank">Fustegueres</a>	0	1	0					321
@fusteretpetit	<a href="https://twitter.com/fusteretpetit" target="_blank">fusteretpetit</a>	9	0	1	636	1278	12329	CATALUNYA	019
@fvernet72	<a href="https://twitter.com/fvernet72" target="_blank">fvernet72</a>	1	0	1	37	128	107	Cambrils, España	280
@fvilav	<a href="https://twitter.com/fvilav" target="_blank">fvilav</a>	0	1	0					319
@fxavipla	<a href="https://twitter.com/fxavipla" target="_blank">fxavipla</a>	2	0	1	236	1407	1954		003
@fxgoic	<a href="https://twitter.com/fxgoic" target="_blank">fxgoic</a>	3	0	1	27	95	1203	Cambridge, MA	017
@FZueras	<a href="https://twitter.com/FZueras" target="_blank">FZueras</a>	3	0	1	329	385	2337	Horta	076
@G_SRRT	<a href="https://twitter.com/G_SRRT" target="_blank">G_SRRT</a>	1	0	1	15	58	38		003
@G_Virgili	<a href="https://twitter.com/G_Virgili" target="_blank">G_Virgili</a>	4	0	1	154	384	1224	Vilaplana	005
@gabiferrador	<a href="https://twitter.com/gabiferrador" target="_blank">gabiferrador</a>	4	3	0	1662	2577	13462	Lluçanès	003
@Gabriel_JM	<a href="https://twitter.com/Gabriel_JM" target="_blank">Gabriel_JM</a>	2	0	1	114	145	2225	Barcelona	118
@GabrieloskyBcn	<a href="https://twitter.com/GabrieloskyBcn" target="_blank">GabrieloskyBcn</a>	1	0	1	19	104	587	Barcelona	005
@GadorCamps	<a href="https://twitter.com/GadorCamps" target="_blank">GadorCamps</a>	4	0	1	47	266	841		064
@Gaia_Starseed	<a href="https://twitter.com/Gaia_Starseed" target="_blank">Gaia_Starseed</a>	1	0	1	163	158	1776		105
@GalbeEladi	<a href="https://twitter.com/GalbeEladi" target="_blank">GalbeEladi</a>	2	0	1	128	861	3004	Tivenys	005
@Galiano44	<a href="https://twitter.com/Galiano44" target="_blank">Galiano44</a>	10	0	1	82	109	25569		005
@GallaecianMist	<a href="https://twitter.com/GallaecianMist" target="_blank">GallaecianMist</a>	3	0	2	82	341	3067		006
@GallegoPuig	<a href="https://twitter.com/GallegoPuig" target="_blank">GallegoPuig</a>	7	0	1	70	185	738	Barcelona	003
@galleterff_2	<a href="https://twitter.com/galleterff_2" target="_blank">galleterff_2</a>	3	0	1	76	341	717	Santa Coloma de Gramenet, Cata	003
@gallinavasca	<a href="https://twitter.com/gallinavasca" target="_blank">gallinavasca</a>	1	3	0	5280	710	1705	Euskal Herria	155
@gandipi	<a href="https://twitter.com/gandipi" target="_blank">gandipi</a>	1	0	1	75	97	2700	Bizkaia, País Vasco	006
@gandreu79	<a href="https://twitter.com/gandreu79" target="_blank">gandreu79</a>	3	0	1	62	297	711	Catalunya	105
@GanemosCCOO	<a href="https://twitter.com/GanemosCCOO" target="_blank">GanemosCCOO</a>	1	0	1	1955	496	2534		045
@ganyet	<a href="https://twitter.com/ganyet" target="_blank">ganyet</a>	7	0	1	25728	1771	97571	Barcelona, Catalonia	007
@GariGaraialde	<a href="https://twitter.com/GariGaraialde" target="_blank">GariGaraialde</a>	2	0	1	2776	1035	15538	Irun, Basque Country	003
@GarolaDolors	<a href="https://twitter.com/GarolaDolors" target="_blank">GarolaDolors</a>	4	0	2	86	130	3605	Catalunya	048
@GarrellMarc	<a href="https://twitter.com/GarrellMarc" target="_blank">GarrellMarc</a>	13	0	3	533	527	21941	Granolles	003
@garrigos_robert	<a href="https://twitter.com/garrigos_robert" target="_blank">garrigos_robert</a>	1	0	1	42	111	418	Barcelona, Catalunya	064
@GarroTejero	<a href="https://twitter.com/GarroTejero" target="_blank">GarroTejero</a>	19	0	2	12	90	1974	El Prat de Llobregat, España	001
@gasolbcn	<a href="https://twitter.com/gasolbcn" target="_blank">gasolbcn</a>	1	0	1	93	518	1818		009
@GassiotMerce	<a href="https://twitter.com/GassiotMerce" target="_blank">GassiotMerce</a>	4	0	1	235	574	9308		009
@GasullBJoan	<a href="https://twitter.com/GasullBJoan" target="_blank">GasullBJoan</a>	1	0	1	186	360	932		172
@gat_estelat	<a href="https://twitter.com/gat_estelat" target="_blank">gat_estelat</a>	3	0	1	297	269	10795	#EndavantRepública	003
@Gata_i330	<a href="https://twitter.com/Gata_i330" target="_blank">Gata_i330</a>	1	0	1	3	53	39	Alcalá de Henares, España	021
@Gatosombra1	<a href="https://twitter.com/Gatosombra1" target="_blank">Gatosombra1</a>	8	0	1	3347	3027	74876		006
@GavinaFreixa	<a href="https://twitter.com/GavinaFreixa" target="_blank">GavinaFreixa</a>	4	0	1	60	121	35		003
@Gay_Luss4c	<a href="https://twitter.com/Gay_Luss4c" target="_blank">Gay_Luss4c</a>	9	0	4	125	284	5222		001
@Gazofilaci	<a href="https://twitter.com/Gazofilaci" target="_blank">Gazofilaci</a>	11	0	1	574	396	14932	El Prat de Llobregat	044
@GazteluAna	<a href="https://twitter.com/GazteluAna" target="_blank">GazteluAna</a>	1	0	1	52	297	6335		045
@gbarniolc	<a href="https://twitter.com/gbarniolc" target="_blank">gbarniolc</a>	6	0	1	68	160	1064		003
@GBrandemburgo	<a href="https://twitter.com/GBrandemburgo" target="_blank">GBrandemburgo</a>	1	0	1	65	329	206		003
@gcarbonell	<a href="https://twitter.com/gcarbonell" target="_blank">gcarbonell</a>	5	0	1	3682	3200	12787	Barcelona	212
@gcasasguell	<a href="https://twitter.com/gcasasguell" target="_blank">gcasasguell</a>	3	0	1	146	238	6289		064
@GdDDissenyadors	<a href="https://twitter.com/GdDDissenyadors" target="_blank">GdDDissenyadors</a>	3	0	1	27	81	1140	l'Hospitalet de Llobregat	064
@GDEnMaia	<a href="https://twitter.com/GDEnMaia" target="_blank">GDEnMaia</a>	26	0	1	109	592	15328	i aquí	005
@GegeMM__	<a href="https://twitter.com/GegeMM__" target="_blank">GegeMM__</a>	3	0	1	1813	1280	10868	Uk, And, Cat	019
@gelodroxtria	<a href="https://twitter.com/gelodroxtria" target="_blank">gelodroxtria</a>	9	0	2	1517	2650	69302	Catalunya	094
@GelpiGomez	<a href="https://twitter.com/GelpiGomez" target="_blank">GelpiGomez</a>	5	0	2	1442	1337	17666	Barcelona, Catalunya	001
@gema	<a href="https://twitter.com/gema" target="_blank">gema</a>	3	0	1	534	337	2479	Rubí, Cataluña	064
@gemma_flaque	<a href="https://twitter.com/gemma_flaque" target="_blank">gemma_flaque</a>	4	0	1	201	422	3710	Olot	001
@gemma_mv97	<a href="https://twitter.com/gemma_mv97" target="_blank">gemma_mv97</a>	1	0	1	120	201	4189		007
@Gemmaborch	<a href="https://twitter.com/Gemmaborch" target="_blank">Gemmaborch</a>	5	0	1	62	218	479	De Barcelona,enamorada del món	064
@Gemmacasal	<a href="https://twitter.com/Gemmacasal" target="_blank">Gemmacasal</a>	1	0	1	473	588	6443	Lleida. Països Catalans	112
@gemmadedalt	<a href="https://twitter.com/gemmadedalt" target="_blank">gemmadedalt</a>	4	1	0	225	502	12401	Premià de Dalt (el Maresme)	030
@gemmamarcegm	<a href="https://twitter.com/gemmamarcegm" target="_blank">gemmamarcegm</a>	24	0	1	186	224	40918		005
@gemmapla	<a href="https://twitter.com/gemmapla" target="_blank">gemmapla</a>	2	0	1	476	972	3176	Sant Adrià de Besòs	003
@Gemmarex	<a href="https://twitter.com/Gemmarex" target="_blank">Gemmarex</a>	1	1	0	36	58	341	Catalunya	014
@Gemmaroig97	<a href="https://twitter.com/Gemmaroig97" target="_blank">Gemmaroig97</a>	7	0	1	445	1554	14567	Barcelona, Catalunya	002
@gemmitars	<a href="https://twitter.com/gemmitars" target="_blank">gemmitars</a>	3	0	1	235	630	7706	Republica Catalana	005
@gemquim	<a href="https://twitter.com/gemquim" target="_blank">gemquim</a>	20	20	5	4141	4080	91648	Barcelona, Catalunya	001
@GeneralMorague2	<a href="https://twitter.com/GeneralMorague2" target="_blank">GeneralMorague2</a>	26	0	2	228	292	29167	Catalunya, Espanya	008
@GenisSinca	<a href="https://twitter.com/GenisSinca" target="_blank">GenisSinca</a>	1	0	1	3400	1850	14490	Barcelona	009
@GeorgeCruni	<a href="https://twitter.com/GeorgeCruni" target="_blank">GeorgeCruni</a>	1	0	1	10	221	316		005
@georgina_pou	<a href="https://twitter.com/georgina_pou" target="_blank">georgina_pou</a>	3	0	1	1726	1433	23836	molins de rei	003
@GeorginaPujals	<a href="https://twitter.com/GeorginaPujals" target="_blank">GeorginaPujals</a>	4	0	1	218	299	3436	Sabadell	122
@Georginarife	<a href="https://twitter.com/Georginarife" target="_blank">Georginarife</a>	3	0	1	813	1349	7824	Barcelona	019
@gerardalbo	<a href="https://twitter.com/gerardalbo" target="_blank">gerardalbo</a>	2	0	1	267	408	14341		091
@GerardAnglerill	<a href="https://twitter.com/GerardAnglerill" target="_blank">GerardAnglerill</a>	5	0	1	388	879	3219	Solsona, Solsonès, Catalunya	109
@gerardb96	<a href="https://twitter.com/gerardb96" target="_blank">gerardb96</a>	3	0	1	277	548	24508	Casa meva | Geraardsbergen	019
@GerardCuadras	<a href="https://twitter.com/GerardCuadras" target="_blank">GerardCuadras</a>	1	0	1	610	537	7176	Barcelona, Catalonia	003
@GerardCunill	<a href="https://twitter.com/GerardCunill" target="_blank">GerardCunill</a>	5	0	2	843	1777	6294	Puigcerdà i Barcelona	075
@gerarddefonso	<a href="https://twitter.com/gerarddefonso" target="_blank">gerarddefonso</a>	3	0	1	107	515	5471	barcelona	153
@gerardehierro	<a href="https://twitter.com/gerardehierro" target="_blank">gerardehierro</a>	1	0	1	74	261	2455	Països Catalans	003
@GerardEncuentra	<a href="https://twitter.com/GerardEncuentra" target="_blank">GerardEncuentra</a>	2	0	1	519	831	2261	Lleida	003
@GerardGarriga	<a href="https://twitter.com/GerardGarriga" target="_blank">GerardGarriga</a>	5	0	1	336	731	10453	Les Planes d'Hostoles	008
@GerardLleida	<a href="https://twitter.com/GerardLleida" target="_blank">GerardLleida</a>	3	0	1	178	515	14062		064
@gerardnus	<a href="https://twitter.com/gerardnus" target="_blank">gerardnus</a>	10	0	2	340	1027	36683	Gavà (Barcelona)	091
@gerardsese	<a href="https://twitter.com/gerardsese" target="_blank">gerardsese</a>	0	2	0					175
@gerardvilardell	<a href="https://twitter.com/gerardvilardell" target="_blank">gerardvilardell</a>	8	0	1	130	120	11228	el Poblenou	087
@geri20021	<a href="https://twitter.com/geri20021" target="_blank">geri20021</a>	1	0	1	7	24	27		158
@GeriMariMas	<a href="https://twitter.com/GeriMariMas" target="_blank">GeriMariMas</a>	1	0	1	40	119	144		093
@GerPons	<a href="https://twitter.com/GerPons" target="_blank">GerPons</a>	5	0	1	267	656	1374	Barcelona	083
@gertrudisroig	<a href="https://twitter.com/gertrudisroig" target="_blank">gertrudisroig</a>	1	0	1	42	81	10027		003
@gerwrdpique	<a href="https://twitter.com/gerwrdpique" target="_blank">gerwrdpique</a>	3	0	2	10869	5694	70337	España	037
@Gery13Teixido	<a href="https://twitter.com/Gery13Teixido" target="_blank">Gery13Teixido</a>	1	0	1	91	276	1008	Mataró	002
@gest69	<a href="https://twitter.com/gest69" target="_blank">gest69</a>	1	0	1	41	113	2511		110
@ggirby	<a href="https://twitter.com/ggirby" target="_blank">ggirby</a>	3	0	1	105	247	1074	Barcelona / UK	008
@gian_val	<a href="https://twitter.com/gian_val" target="_blank">gian_val</a>	1	0	1	104	167	450		015
@gibert_bernat	<a href="https://twitter.com/gibert_bernat" target="_blank">gibert_bernat</a>	18	0	2	27	151	3866		013
@GilComaMasana	<a href="https://twitter.com/GilComaMasana" target="_blank">GilComaMasana</a>	1	0	1	339	332	2366	Gelida (Alt Penedès)	003
@GillStella	<a href="https://twitter.com/GillStella" target="_blank">GillStella</a>	11	0	3	1279	1915	73024		001
@gilpuig_	<a href="https://twitter.com/gilpuig_" target="_blank">gilpuig_</a>	2	0	1	203	264	1200		007
@gimy_el_gran	<a href="https://twitter.com/gimy_el_gran" target="_blank">gimy_el_gran</a>	3	0	1	137	325	9871	Països Catalans	005
@giner_joan	<a href="https://twitter.com/giner_joan" target="_blank">giner_joan</a>	7	0	1	5819	1062	7171	Cornellà de Llobregat	010
@Ginju3	<a href="https://twitter.com/Ginju3" target="_blank">Ginju3</a>	20	0	2	248	389	60787		007
@ginoalvar	<a href="https://twitter.com/ginoalvar" target="_blank">ginoalvar</a>	3	0	2	116	196	3532		006
@ginovartclara	<a href="https://twitter.com/ginovartclara" target="_blank">ginovartclara</a>	3	0	1	3	24	157		001
@girbau69	<a href="https://twitter.com/girbau69" target="_blank">girbau69</a>	1	0	1	18	81	471	Barcelona, Catalunya	005
@giripower	<a href="https://twitter.com/giripower" target="_blank">giripower</a>	5	0	1	721	1068	29059		093
@gironamola	<a href="https://twitter.com/gironamola" target="_blank">gironamola</a>	20	0	1	1793	5002	31589	Girona, Catalunya	164
@GironesX	<a href="https://twitter.com/GironesX" target="_blank">GironesX</a>	3	0	2	41	358	1782	Catalunya	007
@gironi100	<a href="https://twitter.com/gironi100" target="_blank">gironi100</a>	2	0	1	3349	3318	57472	Girona - BCN  - Catalunya	003
@giuliaojeda	<a href="https://twitter.com/giuliaojeda" target="_blank">giuliaojeda</a>	2	0	1	116	546	1004		133
@Givermangiv	<a href="https://twitter.com/Givermangiv" target="_blank">Givermangiv</a>	3	0	1	355	323	18660	Andorra la Vella	003
@gkmtape	<a href="https://twitter.com/gkmtape" target="_blank">gkmtape</a>	3	0	1	110	165	5781	Catalunya	007
@gllmsvll	<a href="https://twitter.com/gllmsvll" target="_blank">gllmsvll</a>	2	0	1	892	1158	35339	L’Hospitalet de Ll. (PPCC)	015
@GlolarLara	<a href="https://twitter.com/GlolarLara" target="_blank">GlolarLara</a>	12	0	1	377	452	26433	Vilassar de Mar. Barcelona	001
@Gloriaborrall	<a href="https://twitter.com/Gloriaborrall" target="_blank">Gloriaborrall</a>	1	0	1	380	421	2209	Prats de Lluçanès, P.Catalans	012
@gloriagp76	<a href="https://twitter.com/gloriagp76" target="_blank">gloriagp76</a>	1	0	1	53	234	299		150
@glorialloreda	<a href="https://twitter.com/glorialloreda" target="_blank">glorialloreda</a>	6	0	1	599	595	49769		003
@GloriaMassague	<a href="https://twitter.com/GloriaMassague" target="_blank">GloriaMassague</a>	4	0	1	4	31	271	Palamós	172
@Gloriaplanas	<a href="https://twitter.com/Gloriaplanas" target="_blank">Gloriaplanas</a>	21	0	1	525	717	46636	Cardedeu, Catalunya	009
@gloriaputxi	<a href="https://twitter.com/gloriaputxi" target="_blank">gloriaputxi</a>	1	0	1	170	331	1498		002
@gloritp	<a href="https://twitter.com/gloritp" target="_blank">gloritp</a>	1	0	1	108	316	867	Pel Baix Camp	005
@gmoraleda_	<a href="https://twitter.com/gmoraleda_" target="_blank">gmoraleda_</a>	1	0	1	207	156	4512	München	105
@GNogareda	<a href="https://twitter.com/GNogareda" target="_blank">GNogareda</a>	4	0	1	299	278	22708	Olesa de Montserrat	111
@Gnomalab	<a href="https://twitter.com/Gnomalab" target="_blank">Gnomalab</a>	1	0	1	830	720	6931	Terrassa	127
@gnrdown	<a href="https://twitter.com/gnrdown" target="_blank">gnrdown</a>	1	0	1	1213	786	111678	USA	090
@goagul1	<a href="https://twitter.com/goagul1" target="_blank">goagul1</a>	1	0	1	164	423	3584	Barcelona, República Catalunya	048
@godacat	<a href="https://twitter.com/godacat" target="_blank">godacat</a>	8	0	1	188	519	1664	Godall	258
@goldismine2016	<a href="https://twitter.com/goldismine2016" target="_blank">goldismine2016</a>	22	0	1	30	31	3170		005
@goldsmith_21	<a href="https://twitter.com/goldsmith_21" target="_blank">goldsmith_21</a>	5	0	1	1191	1990	85936	Barcelona - Guatemala	009
@GollyRectoret	<a href="https://twitter.com/GollyRectoret" target="_blank">GollyRectoret</a>	10	0	2	165	519	14842		193
@goraosasuna1987	<a href="https://twitter.com/goraosasuna1987" target="_blank">goraosasuna1987</a>	17	0	1	2564	3287	57212		010
@gorinna	<a href="https://twitter.com/gorinna" target="_blank">gorinna</a>	4	0	1	631	680	18240	Matadepera, Països Catalans	182
@gorribeltz	<a href="https://twitter.com/gorribeltz" target="_blank">gorribeltz</a>	15	0	1	1251	4223	63111	EUSKALHERRIA / BASQUE COUNTRY	003
@got_sanchez	<a href="https://twitter.com/got_sanchez" target="_blank">got_sanchez</a>	1	0	1	7	33	280		003
@Govipu	<a href="https://twitter.com/Govipu" target="_blank">Govipu</a>	24	0	5	673	2791	35625	Regnum Aragoniae,  U.E.	005
@GR170llobregos	<a href="https://twitter.com/GR170llobregos" target="_blank">GR170llobregos</a>	1	0	1	309	288	1001	Torà (La Segarra)	150
@Graciaviva	<a href="https://twitter.com/Graciaviva" target="_blank">Graciaviva</a>	2	0	1	7302	1003	12763	Gràcia, Països Catalans	051
@GracJordi	<a href="https://twitter.com/GracJordi" target="_blank">GracJordi</a>	1	0	1	7	35	399		064
@GraDeSorra	<a href="https://twitter.com/GraDeSorra" target="_blank">GraDeSorra</a>	6	0	1	255	584	56197	Catalunya	005
@GranBerta	<a href="https://twitter.com/GranBerta" target="_blank">GranBerta</a>	1	0	1	441	563	31810		105
@GranerJosep	<a href="https://twitter.com/GranerJosep" target="_blank">GranerJosep</a>	5	0	1	60	303	2083	Barcelona, Catalunya	003
@Granollacs	<a href="https://twitter.com/Granollacs" target="_blank">Granollacs</a>	10	0	1	3108	2116	43918	Sabadell, Catalunya	008
@grantomasin	<a href="https://twitter.com/grantomasin" target="_blank">grantomasin</a>	17	0	1	1278	2061	13407	Barcelona.	030
@graw_ge	<a href="https://twitter.com/graw_ge" target="_blank">graw_ge</a>	11	0	1	57	187	1823		006
@gregorsiles	<a href="https://twitter.com/gregorsiles" target="_blank">gregorsiles</a>	3	0	1	404	532	3340		004
@grillaje	<a href="https://twitter.com/grillaje" target="_blank">grillaje</a>	1	0	1	3	10	246		105
@GringoSkiador	<a href="https://twitter.com/GringoSkiador" target="_blank">GringoSkiador</a>	11	0	1	664	191	29702	Sant Cugat - Catalunya	016
@GriseldaPostigo	<a href="https://twitter.com/GriseldaPostigo" target="_blank">GriseldaPostigo</a>	8	0	3	103	117	5234		002
@grovirafreixa	<a href="https://twitter.com/grovirafreixa" target="_blank">grovirafreixa</a>	3	0	1	187	487	629	Vic, Catalunya	003
@GrupDeuteLH	<a href="https://twitter.com/GrupDeuteLH" target="_blank">GrupDeuteLH</a>	4	0	1	6789	7122	31828		107
@grupozeta	<a href="https://twitter.com/grupozeta" target="_blank">grupozeta</a>	1	0	1	1054	119	3506	España	035
@Gruxanta	<a href="https://twitter.com/Gruxanta" target="_blank">Gruxanta</a>	9	0	1	329	652	11307	Sabadell, Catalunya	296
@gserral	<a href="https://twitter.com/gserral" target="_blank">gserral</a>	2	0	1	49	241	115		003
@Guanyarem2017	<a href="https://twitter.com/Guanyarem2017" target="_blank">Guanyarem2017</a>	20	0	2	1374	3097	17998	Barcelona, Catalonia	064
@Guatlleta	<a href="https://twitter.com/Guatlleta" target="_blank">Guatlleta</a>	10	0	3	186	288	59086	Catalunya	017
@guelfa10	<a href="https://twitter.com/guelfa10" target="_blank">guelfa10</a>	25	0	1	166	475	13398		019
@guellsabata	<a href="https://twitter.com/guellsabata" target="_blank">guellsabata</a>	31	0	1	1172	3339	18794		007
@Guera1X	<a href="https://twitter.com/Guera1X" target="_blank">Guera1X</a>	13	1	1	1260	1125	29873		020
@Guidda25	<a href="https://twitter.com/Guidda25" target="_blank">Guidda25</a>	6	0	1	64	144	3180		007
@guifre2053	<a href="https://twitter.com/guifre2053" target="_blank">guifre2053</a>	67	0	11	964	1407	169567	Sabadell, Vallès, Catalunya	005
@guifreborras	<a href="https://twitter.com/guifreborras" target="_blank">guifreborras</a>	3	0	1	11	77	130		048
@guillecg19	<a href="https://twitter.com/guillecg19" target="_blank">guillecg19</a>	5	0	1	362	105	28708	Barcelona	105
@Guillem_Matute	<a href="https://twitter.com/Guillem_Matute" target="_blank">Guillem_Matute</a>	4	0	1	145	402	11476	Roma - Barcelona	003
@guillem_millan	<a href="https://twitter.com/guillem_millan" target="_blank">guillem_millan</a>	1	0	1	231	250	1286	Barcelona	105
@GuillemAlb	<a href="https://twitter.com/GuillemAlb" target="_blank">GuillemAlb</a>	1	0	1	57	199	594	Barcelona	091
@guillembagaria	<a href="https://twitter.com/guillembagaria" target="_blank">guillembagaria</a>	1	1	0	183	323	372	Folgueroles, Catalunya	313
@GuillemBelmar	<a href="https://twitter.com/GuillemBelmar" target="_blank">GuillemBelmar</a>	22	0	2	1044	2298	28436	Leeuwarden, Nederland	006
@guillemcv	<a href="https://twitter.com/guillemcv" target="_blank">guillemcv</a>	3	0	1	183	547	6912	Catalunya	005
@GuillemDou	<a href="https://twitter.com/GuillemDou" target="_blank">GuillemDou</a>	4	0	1	76	214	835		246
@GuillemSalvado	<a href="https://twitter.com/GuillemSalvado" target="_blank">GuillemSalvado</a>	2	0	1	13	110	851		003
@guillemsot	<a href="https://twitter.com/guillemsot" target="_blank">guillemsot</a>	2	0	1	75	186	2868	Figueres, Catalunya, UE	064
@guillemtrave5	<a href="https://twitter.com/guillemtrave5" target="_blank">guillemtrave5</a>	2	0	2	123	357	586	Barcelona	005
@guillercg	<a href="https://twitter.com/guillercg" target="_blank">guillercg</a>	10	0	1	881	1147	39474	hospitalet	002
@Guinedilda	<a href="https://twitter.com/Guinedilda" target="_blank">Guinedilda</a>	6	0	1	548	368	12210	Les Corts - BCN - CATALUNYA	013
@GuiuFernandez26	<a href="https://twitter.com/GuiuFernandez26" target="_blank">GuiuFernandez26</a>	3	0	2	558	5002	201081	CP Folgueroles i Folgueroles	070
@guixapr	<a href="https://twitter.com/guixapr" target="_blank">guixapr</a>	2	0	1	25	65	360		003
@GureEskuDago	<a href="https://twitter.com/GureEskuDago" target="_blank">GureEskuDago</a>	21	0	1	15200	687	23349	Euskal Herria	152
@gurutzeizagirre	<a href="https://twitter.com/gurutzeizagirre" target="_blank">gurutzeizagirre</a>	1	0	1	164	117	160		123
@Gus_Dui	<a href="https://twitter.com/Gus_Dui" target="_blank">Gus_Dui</a>	3	0	1	1027	1454	1763	Catalunya	003
@Gusbet	<a href="https://twitter.com/Gusbet" target="_blank">Gusbet</a>	1	0	1	546	1159	8992	Barcelona / Catalunya	064
@gustaucastells	<a href="https://twitter.com/gustaucastells" target="_blank">gustaucastells</a>	3	0	1	1315	1857	21133	Catalunya	003
@GutJors7	<a href="https://twitter.com/GutJors7" target="_blank">GutJors7</a>	1	0	1	10	51	244		005
@gynan22	<a href="https://twitter.com/gynan22" target="_blank">gynan22</a>	1	0	1	71	167	807		003
@GZuazola	<a href="https://twitter.com/GZuazola" target="_blank">GZuazola</a>	1	0	1	451	323	1239	Montevideo - Uruguay	003
@Habain77	<a href="https://twitter.com/Habain77" target="_blank">Habain77</a>	2	0	1	626	899	50514	País Llionés - Madrid	002
@halepues	<a href="https://twitter.com/halepues" target="_blank">halepues</a>	18	0	1	126	371	5438	TARRAGONA	114
@hannahbcn1	<a href="https://twitter.com/hannahbcn1" target="_blank">hannahbcn1</a>	29	0	1	2666	2968	118923	Barcelona, Catalunya	001
@HannahJudith61	<a href="https://twitter.com/HannahJudith61" target="_blank">HannahJudith61</a>	21	0	1	34	58	2458		064
@HansPeterT	<a href="https://twitter.com/HansPeterT" target="_blank">HansPeterT</a>	10	0	1	3719	5004	26418	Girona	003
@hantonio50000	<a href="https://twitter.com/hantonio50000" target="_blank">hantonio50000</a>	2	0	1	1395	1334	14740	Madrid, España	105
@haviam	<a href="https://twitter.com/haviam" target="_blank">haviam</a>	8	0	1	211	817	3133	Barcelona	001
@hcabezas2011	<a href="https://twitter.com/hcabezas2011" target="_blank">hcabezas2011</a>	1	0	1	44	312	313		007
@HCGFreeRaider	<a href="https://twitter.com/HCGFreeRaider" target="_blank">HCGFreeRaider</a>	1	0	1	23	91	333		105
@hectorbobe97	<a href="https://twitter.com/hectorbobe97" target="_blank">hectorbobe97</a>	1	0	1	254	388	6199	Barcelona, Catalunya	242
@hectorrubioBCN	<a href="https://twitter.com/hectorrubioBCN" target="_blank">hectorrubioBCN</a>	8	0	1	7	35	1638		003
@HeeernyGF	<a href="https://twitter.com/HeeernyGF" target="_blank">HeeernyGF</a>	1	0	1	320	320	2365	Los Molinos, Madrid	003
@heitus	<a href="https://twitter.com/heitus" target="_blank">heitus</a>	7	0	1	162	539	10031	Barcelona	019
@helena_vima	<a href="https://twitter.com/helena_vima" target="_blank">helena_vima</a>	6	0	1	34	98	1368		003
@Helenacasc	<a href="https://twitter.com/Helenacasc" target="_blank">Helenacasc</a>	2	0	1	388	1020	3435	Catalunya	005
@helenaencinas	<a href="https://twitter.com/helenaencinas" target="_blank">helenaencinas</a>	1	0	1	279	465	1974	Barcelona	064
@HelleKettner	<a href="https://twitter.com/HelleKettner" target="_blank">HelleKettner</a>	4	1	0	4705	1209	7326	Tarragona-Barcelona, Catalonia	001
@helteo73	<a href="https://twitter.com/helteo73" target="_blank">helteo73</a>	49	0	2	1137	4569	30189	Barcelona	006
@HeluaBilbo	<a href="https://twitter.com/HeluaBilbo" target="_blank">HeluaBilbo</a>	18	0	1	542	533	54157		010
@hepese00	<a href="https://twitter.com/hepese00" target="_blank">hepese00</a>	1	0	1	50	200	606		005
@hergrojor	<a href="https://twitter.com/hergrojor" target="_blank">hergrojor</a>	14	0	1	10	77	1895		005
@HERMESECHEVERR2	<a href="https://twitter.com/HERMESECHEVERR2" target="_blank">HERMESECHEVERR2</a>	1	0	1	357	1846	3276	ESMERALDAS	003
@herminia2208	<a href="https://twitter.com/herminia2208" target="_blank">herminia2208</a>	2	0	1	12	25	383	Girona, Catalunya	110
@Hermo46572739	<a href="https://twitter.com/Hermo46572739" target="_blank">Hermo46572739</a>	4	0	1	67	175	4589	Catalunya, Espanya	003
@hermoso_esther	<a href="https://twitter.com/hermoso_esther" target="_blank">hermoso_esther</a>	7	0	1	193	190	44781	Barcelona, España	160
@herna_guille	<a href="https://twitter.com/herna_guille" target="_blank">herna_guille</a>	3	1	0	43	146	649		003
@hfontcall	<a href="https://twitter.com/hfontcall" target="_blank">hfontcall</a>	23	0	1	102	156	23884		005
@hidalgomonica	<a href="https://twitter.com/hidalgomonica" target="_blank">hidalgomonica</a>	4	0	1	711	813	16686	Madrid-Malasaña, y mañana??	010
@hidrargentiun	<a href="https://twitter.com/hidrargentiun" target="_blank">hidrargentiun</a>	1	0	1	274	400	57899		077
@himerce	<a href="https://twitter.com/himerce" target="_blank">himerce</a>	1	0	1	54	107	179	Catalunya	064
@HindKhaila	<a href="https://twitter.com/HindKhaila" target="_blank">HindKhaila</a>	1	0	1	16	50	599		003
@HiriBizia	<a href="https://twitter.com/HiriBizia" target="_blank">HiriBizia</a>	4	3	0	2340	805	18385	Donostia	072
@HistoManresa	<a href="https://twitter.com/HistoManresa" target="_blank">HistoManresa</a>	1	0	1	204	138	1160	Manresa, Catalunya	005
@hlableti	<a href="https://twitter.com/hlableti" target="_blank">hlableti</a>	1	0	1	1292	1637	26487	Estado Miranda! #TROPA	121
@hmora85	<a href="https://twitter.com/hmora85" target="_blank">hmora85</a>	1	0	1	482	371	6085	Lleida, España	112
@HMProy	<a href="https://twitter.com/HMProy" target="_blank">HMProy</a>	21	0	1	271	348	17515	Catalunya	001
@HoladeValls	<a href="https://twitter.com/HoladeValls" target="_blank">HoladeValls</a>	6	1	0	834	254	10943		311
@holaemdiccarles	<a href="https://twitter.com/holaemdiccarles" target="_blank">holaemdiccarles</a>	0	1	0					312
@homaranya	<a href="https://twitter.com/homaranya" target="_blank">homaranya</a>	10	0	1	489	1607	42477		005
@homefoscdarknes	<a href="https://twitter.com/homefoscdarknes" target="_blank">homefoscdarknes</a>	1	0	1	486	533	7058	Catalunya	008
@HomsArturo	<a href="https://twitter.com/HomsArturo" target="_blank">HomsArturo</a>	8	0	1	106	159	15443		002
@HOMSROSA	<a href="https://twitter.com/HOMSROSA" target="_blank">HOMSROSA</a>	3	0	1	108	324	5306	Barcelona. Catalunya.	037
@Honor_Leyenda	<a href="https://twitter.com/Honor_Leyenda" target="_blank">Honor_Leyenda</a>	0	4	0					145
@HortaArran	<a href="https://twitter.com/HortaArran" target="_blank">HortaArran</a>	4	1	0	1685	949	4069	Horta, Barcelonès Nord	310
@Hortnsia4	<a href="https://twitter.com/Hortnsia4" target="_blank">Hortnsia4</a>	7	0	1	7	92	5002		005
@Hosapelvent	<a href="https://twitter.com/Hosapelvent" target="_blank">Hosapelvent</a>	6	0	1	15	120	1596	Castelldefels, España	064
@HosogayaManel	<a href="https://twitter.com/HosogayaManel" target="_blank">HosogayaManel</a>	1	0	1	1	10	44	spain	003
@HospiVandeANC	<a href="https://twitter.com/HospiVandeANC" target="_blank">HospiVandeANC</a>	5	0	1	182	368	6728		005
@hotm_anna26mar	<a href="https://twitter.com/hotm_anna26mar" target="_blank">hotm_anna26mar</a>	1	0	1	10	72	198		003
@hperxi	<a href="https://twitter.com/hperxi" target="_blank">hperxi</a>	3	0	1	23	210	151		007
@hpichaco	<a href="https://twitter.com/hpichaco" target="_blank">hpichaco</a>	6	0	1	222	1123	9659	Sant Esteve Sesrovires	019
@HugoUrunuela	<a href="https://twitter.com/HugoUrunuela" target="_blank">HugoUrunuela</a>	7	0	1	262	365	3906		301
@huguet_gabriel	<a href="https://twitter.com/huguet_gabriel" target="_blank">huguet_gabriel</a>	100	0	7	135	145	21388	Riells i Viabrea, Catalunya	003
@HumaDidac	<a href="https://twitter.com/HumaDidac" target="_blank">HumaDidac</a>	2	0	1	52	50	149	Barcelona, Catalunya	309
@HumphreyDiuQue	<a href="https://twitter.com/HumphreyDiuQue" target="_blank">HumphreyDiuQue</a>	4	0	1	636	0	5568		019
@huston2011	<a href="https://twitter.com/huston2011" target="_blank">huston2011</a>	2	0	1	309	918	1754	Catalunya	005
@i_castells	<a href="https://twitter.com/i_castells" target="_blank">i_castells</a>	7	0	1	34	70	2416		009
@I_CSC	<a href="https://twitter.com/I_CSC" target="_blank">I_CSC</a>	3	1	1	3898	3025	5742	Països Catalans	027
@I_Jo_Mateix	<a href="https://twitter.com/I_Jo_Mateix" target="_blank">I_Jo_Mateix</a>	2	0	1	205	445	1352		005
@iagofolguera	<a href="https://twitter.com/iagofolguera" target="_blank">iagofolguera</a>	2	0	1	24	123	167	Catalunya Lliure	007
@iammaarinaa	<a href="https://twitter.com/iammaarinaa" target="_blank">iammaarinaa</a>	1	0	1	52	77	1150	Catalunya	002
@IbanyezSanti	<a href="https://twitter.com/IbanyezSanti" target="_blank">IbanyezSanti</a>	2	0	1	18	38	1020		005
@ibcibcibci	<a href="https://twitter.com/ibcibcibci" target="_blank">ibcibcibci</a>	1	0	1	13	52	96		005
@IcarNinS	<a href="https://twitter.com/IcarNinS" target="_blank">IcarNinS</a>	1	0	1	63	102	2276	Catalunya	003
@ICECintl	<a href="https://twitter.com/ICECintl" target="_blank">ICECintl</a>	1	0	1	1074	70	1026	World	015
@icemancbg	<a href="https://twitter.com/icemancbg" target="_blank">icemancbg</a>	1	0	1	88	1004	2064	Catalunya	008
@icortes10	<a href="https://twitter.com/icortes10" target="_blank">icortes10</a>	2	0	2	136	352	2543		091
@Ictineo	<a href="https://twitter.com/Ictineo" target="_blank">Ictineo</a>	5	0	2	715	1537	24761	N 41°23' 0'' / E 2°8' 0''	018
@idaeidea	<a href="https://twitter.com/idaeidea" target="_blank">idaeidea</a>	6	0	1	1403	2665	19532	Girona	007
@ideafix5	<a href="https://twitter.com/ideafix5" target="_blank">ideafix5</a>	7	0	1	1560	3076	108107		008
@ideal__	<a href="https://twitter.com/ideal__" target="_blank">ideal__</a>	6	0	1	12	10	1827	BCN	083
@ideiazabaldu	<a href="https://twitter.com/ideiazabaldu" target="_blank">ideiazabaldu</a>	21	2	1	5769	595	49616	Gernika - Euskal Herria	119
@IdeliaTello	<a href="https://twitter.com/IdeliaTello" target="_blank">IdeliaTello</a>	2	0	1	41	108	822		184
@iDrOj_BcN	<a href="https://twitter.com/iDrOj_BcN" target="_blank">iDrOj_BcN</a>	9	0	1	10	86	2178		007
@iessuacatot	<a href="https://twitter.com/iessuacatot" target="_blank">iessuacatot</a>	1	0	1	55	167	252	Sabadell, Catalunya	003
@IFajula	<a href="https://twitter.com/IFajula" target="_blank">IFajula</a>	1	0	1	5	25	127		105
@ifrankesa	<a href="https://twitter.com/ifrankesa" target="_blank">ifrankesa</a>	2	0	1	25	121	2827	Reus, Cataluña	013
@IGBerga	<a href="https://twitter.com/IGBerga" target="_blank">IGBerga</a>	2	0	2	438	351	3274	Berga	001
@IgnacioMBB	<a href="https://twitter.com/IgnacioMBB" target="_blank">IgnacioMBB</a>	3	0	1	935	903	85004	Barcelona	003
@ignasdelgrannas	<a href="https://twitter.com/ignasdelgrannas" target="_blank">ignasdelgrannas</a>	13	0	3	3902	3804	15849	Barcelona	003
@ignasi_castcar	<a href="https://twitter.com/ignasi_castcar" target="_blank">ignasi_castcar</a>	3	3	0	1559	3326	37077	Barcelona,catalunya	003
@ignasi_rodolf	<a href="https://twitter.com/ignasi_rodolf" target="_blank">ignasi_rodolf</a>	3	0	1	32	84	1155	Catalunya.	064
@ignasi4169	<a href="https://twitter.com/ignasi4169" target="_blank">ignasi4169</a>	1	0	1	15	77	467	Lleida, Catalunya	003
@ignasiarnaus	<a href="https://twitter.com/ignasiarnaus" target="_blank">ignasiarnaus</a>	1	0	1	70	255	3342		003
@ignasicabre	<a href="https://twitter.com/ignasicabre" target="_blank">ignasicabre</a>	1	4	0	331	749	2302	L'Empordà, Catalunya	026
@IGNASICH	<a href="https://twitter.com/IGNASICH" target="_blank">IGNASICH</a>	3	0	1	225	793	18365	badalona	091
@IgnasiGrosAuber	<a href="https://twitter.com/IgnasiGrosAuber" target="_blank">IgnasiGrosAuber</a>	11	0	2	1344	1798	34014		162
@IgnasiMayolas	<a href="https://twitter.com/IgnasiMayolas" target="_blank">IgnasiMayolas</a>	8	0	1	34	71	5305		019
@ignasip2005	<a href="https://twitter.com/ignasip2005" target="_blank">ignasip2005</a>	8	0	3	364	749	2300	Reus	001
@ignasiplaza	<a href="https://twitter.com/ignasiplaza" target="_blank">ignasiplaza</a>	1	0	1	178	495	3940	Catalunya, un gran país	005
@ignasitort	<a href="https://twitter.com/ignasitort" target="_blank">ignasitort</a>	5	0	1	992	1708	17789	Barcelona	003
@igormaresme	<a href="https://twitter.com/igormaresme" target="_blank">igormaresme</a>	1	0	1	66	256	3588		003
@IgorMeltxor	<a href="https://twitter.com/IgorMeltxor" target="_blank">IgorMeltxor</a>	4	8	2	8414	5624	13759	Ortuella (Bizkaia)	125
@IgorPuig	<a href="https://twitter.com/IgorPuig" target="_blank">IgorPuig</a>	9	0	1	373	923	9007	Catalunya	003
@IHuete	<a href="https://twitter.com/IHuete" target="_blank">IHuete</a>	3	0	1	36	88	1100	Manresa	002
@Ii_iITLLCIi_iI	<a href="https://twitter.com/Ii_iITLLCIi_iI" target="_blank">Ii_iITLLCIi_iI</a>	25	0	2	1322	863	41228	🌐⚠️ Catalunya ♥️	037
@IiLliure	<a href="https://twitter.com/IiLliure" target="_blank">IiLliure</a>	6	0	1	37	155	1089	l'Hospitalet de Llobregat	064
@Ijimiii	<a href="https://twitter.com/Ijimiii" target="_blank">Ijimiii</a>	2	0	1	194	139	19438	한국	083
@illa_pirata	<a href="https://twitter.com/illa_pirata" target="_blank">illa_pirata</a>	3	1	0	1236	1397	1635		036
@imaka78	<a href="https://twitter.com/imaka78" target="_blank">imaka78</a>	5	0	1	45	115	2705	catalunya	005
@imasm	<a href="https://twitter.com/imasm" target="_blank">imasm</a>	2	0	1	62	221	490		007
@imba80	<a href="https://twitter.com/imba80" target="_blank">imba80</a>	1	0	1	402	993	2181	Igualada	094
@imboay	<a href="https://twitter.com/imboay" target="_blank">imboay</a>	1	0	1	124	351	168	Romanyà d'Empordà	005
@imma0142	<a href="https://twitter.com/imma0142" target="_blank">imma0142</a>	9	0	1	1485	1485	62685		008
@immabebo	<a href="https://twitter.com/immabebo" target="_blank">immabebo</a>	9	0	1	84	149	2181	Sant Antoni de Vilamajor	003
@ImmaMonserrat	<a href="https://twitter.com/ImmaMonserrat" target="_blank">ImmaMonserrat</a>	3	0	1	51	210	1276		005
@ImmaMoragas	<a href="https://twitter.com/ImmaMoragas" target="_blank">ImmaMoragas</a>	3	0	1	60	287	561		064
@immapetit	<a href="https://twitter.com/immapetit" target="_blank">immapetit</a>	2	0	1	19	115	1071		007
@immasuge	<a href="https://twitter.com/immasuge" target="_blank">immasuge</a>	8	0	1	118	179	18406		087
@immav14	<a href="https://twitter.com/immav14" target="_blank">immav14</a>	2	0	1	148	733	2333		014
@immavives	<a href="https://twitter.com/immavives" target="_blank">immavives</a>	1	0	1	1	8	46	Barcelona, Cstalunys	003
@Inachis_9	<a href="https://twitter.com/Inachis_9" target="_blank">Inachis_9</a>	3	0	2	635	1058	3442	Catalunya	081
@inakilabella	<a href="https://twitter.com/inakilabella" target="_blank">inakilabella</a>	1	0	1	224	1018	3623	Madrid, Comunidad de Madrid	003
@InakiLlopart	<a href="https://twitter.com/InakiLlopart" target="_blank">InakiLlopart</a>	9	0	1	367	483	5540		064
@IndepenRadio	<a href="https://twitter.com/IndepenRadio" target="_blank">IndepenRadio</a>	0	8	0					015
@indeper_cat	<a href="https://twitter.com/indeper_cat" target="_blank">indeper_cat</a>	1	0	1	370	810	919		076
@indepesCCOO	<a href="https://twitter.com/indepesCCOO" target="_blank">indepesCCOO</a>	11	1	1	1169	247	5056	Catalunya	017
@IndiaBlau	<a href="https://twitter.com/IndiaBlau" target="_blank">IndiaBlau</a>	1	0	1	14	64	71		003
@indignindigente	<a href="https://twitter.com/indignindigente" target="_blank">indignindigente</a>	50	0	2	11606	9046	372989	Montseny Barcelona	006
@infiestafelip	<a href="https://twitter.com/infiestafelip" target="_blank">infiestafelip</a>	1	0	1	414	1397	8389		202
@inflacolchoneta	<a href="https://twitter.com/inflacolchoneta" target="_blank">inflacolchoneta</a>	2	0	1	21	134	1684		005
@Informacio_1O	<a href="https://twitter.com/Informacio_1O" target="_blank">Informacio_1O</a>	2	1	0	75	396	131	Catalunya	130
@InformacioCat	<a href="https://twitter.com/InformacioCat" target="_blank">InformacioCat</a>	6	0	1	4514	1611	13957	Catalunya	167
@ingrid_herrero	<a href="https://twitter.com/ingrid_herrero" target="_blank">ingrid_herrero</a>	1	0	1	124	162	2113		287
@Ingrid26010509	<a href="https://twitter.com/Ingrid26010509" target="_blank">Ingrid26010509</a>	1	0	1	2	39	26	Bescanó, Espanya	003
@inma1312	<a href="https://twitter.com/inma1312" target="_blank">inma1312</a>	2	0	1	86	257	6310	Sant Boi de Llob., Catalunya	002
@Insistir	<a href="https://twitter.com/Insistir" target="_blank">Insistir</a>	14	0	1	4470	4999	214859		107
@IntoMari	<a href="https://twitter.com/IntoMari" target="_blank">IntoMari</a>	14	0	2	322	195	78725	Sant Boi	003
@iolandagustina	<a href="https://twitter.com/iolandagustina" target="_blank">iolandagustina</a>	8	0	1	24	87	1704		007
@ipassa3	<a href="https://twitter.com/ipassa3" target="_blank">ipassa3</a>	3	0	1	1034	1161	4947		006
@IraultzaAmesten	<a href="https://twitter.com/IraultzaAmesten" target="_blank">IraultzaAmesten</a>	8	0	2	333	1165	8210	Orereta, Euskal Herria	100
@irene_rosell	<a href="https://twitter.com/irene_rosell" target="_blank">irene_rosell</a>	1	0	1	70	421	1871		005
@IreneBornay	<a href="https://twitter.com/IreneBornay" target="_blank">IreneBornay</a>	1	0	1	7	35	146		002
@irijurado	<a href="https://twitter.com/irijurado" target="_blank">irijurado</a>	3	0	1	282	221	22426		105
@Iris57534726B	<a href="https://twitter.com/Iris57534726B" target="_blank">Iris57534726B</a>	10	0	1	261	478	13995		001
@IrmamilaM	<a href="https://twitter.com/IrmamilaM" target="_blank">IrmamilaM</a>	10	0	1	86	202	9089	SantQ, Catalonia	009
@iroca	<a href="https://twitter.com/iroca" target="_blank">iroca</a>	7	0	1	675	326	5754	Catalonia	002
@irodon	<a href="https://twitter.com/irodon" target="_blank">irodon</a>	4	1	0	4354	1915	21428	Valls	307
@IronFerrus	<a href="https://twitter.com/IronFerrus" target="_blank">IronFerrus</a>	1	0	1	461	880	30940	Catalunya, Europa, II*II	003
@ironmarc	<a href="https://twitter.com/ironmarc" target="_blank">ironmarc</a>	2	1	0	67	274	592	República de Catalunya	308
@irribarrez	<a href="https://twitter.com/irribarrez" target="_blank">irribarrez</a>	0	1	0					306
@isa_roor	<a href="https://twitter.com/isa_roor" target="_blank">isa_roor</a>	40	0	1	104	112	13609	Barcelona	064
@Isaacggils79	<a href="https://twitter.com/Isaacggils79" target="_blank">Isaacggils79</a>	2	0	1	49	155	803	l'Hospitalet de Llobregat, Cat	002
@isaacizquierdo2	<a href="https://twitter.com/isaacizquierdo2" target="_blank">isaacizquierdo2</a>	2	0	1	119	262	5300		005
@isaacperaire	<a href="https://twitter.com/isaacperaire" target="_blank">isaacperaire</a>	9	1	1	7468	4016	52641	Prats de Lluçanès	012
@Isaagma	<a href="https://twitter.com/Isaagma" target="_blank">Isaagma</a>	1	0	1	12	100	133		007
@Isabel1Marquez	<a href="https://twitter.com/Isabel1Marquez" target="_blank">Isabel1Marquez</a>	3	0	1	319	562	3893		005
@isabelberga	<a href="https://twitter.com/isabelberga" target="_blank">isabelberga</a>	9	0	1	598	2188	12306		003
@IsabelCamprodon	<a href="https://twitter.com/IsabelCamprodon" target="_blank">IsabelCamprodon</a>	3	0	1	30	84	71		083
@isabelmartpujal	<a href="https://twitter.com/isabelmartpujal" target="_blank">isabelmartpujal</a>	6	0	2	61	633	2703		076
@Isamunt	<a href="https://twitter.com/Isamunt" target="_blank">Isamunt</a>	1	0	1	290	379	3444	L'Hospitalet de Llobregat	064
@ISANCAT	<a href="https://twitter.com/ISANCAT" target="_blank">ISANCAT</a>	2	0	1	110	118	1583	Sabadell, Catalunya	101
@iscagz	<a href="https://twitter.com/iscagz" target="_blank">iscagz</a>	3	0	1	3378	406	7875	Galiza	132
@IsidorMari	<a href="https://twitter.com/IsidorMari" target="_blank">IsidorMari</a>	11	0	1	4002	240	31687		008
@Isidre83070678	<a href="https://twitter.com/Isidre83070678" target="_blank">Isidre83070678</a>	1	0	1	0	0	3		003
@IsidroCasado	<a href="https://twitter.com/IsidroCasado" target="_blank">IsidroCasado</a>	2	0	1	680	1709	23631	Esplugues de Llobregat	005
@ismansiete	<a href="https://twitter.com/ismansiete" target="_blank">ismansiete</a>	1	0	1	624	905	2179		305
@isragl95	<a href="https://twitter.com/isragl95" target="_blank">isragl95</a>	1	0	1	392	363	18722	Madrid	145
@istharCaT	<a href="https://twitter.com/istharCaT" target="_blank">istharCaT</a>	9	0	1	37	48	7186		003
@IsThisAB0t	<a href="https://twitter.com/IsThisAB0t" target="_blank">IsThisAB0t</a>	61	0	2	2460	1272	415431	Scotland, United Kingdom	006
@isulanabianchi	<a href="https://twitter.com/isulanabianchi" target="_blank">isulanabianchi</a>	20	0	7	1789	4995	121619		003
@IsuskizaZigor	<a href="https://twitter.com/IsuskizaZigor" target="_blank">IsuskizaZigor</a>	3	0	1	220	217	2817		190
@ITARRS	<a href="https://twitter.com/ITARRS" target="_blank">ITARRS</a>	1	0	1	59	132	331	Roda de Ter	003
@itoh1975	<a href="https://twitter.com/itoh1975" target="_blank">itoh1975</a>	2	0	1	333	666	6941	L'Hospitalet de Llobregat	094
@itsmisscrawford	<a href="https://twitter.com/itsmisscrawford" target="_blank">itsmisscrawford</a>	7	0	2	644	648	19562	London, England	083
@ItziarGarca1	<a href="https://twitter.com/ItziarGarca1" target="_blank">ItziarGarca1</a>	2	0	1	11	58	594		003
@ivanalmi	<a href="https://twitter.com/ivanalmi" target="_blank">ivanalmi</a>	1	0	1	326	645	10266		105
@Ivanet77	<a href="https://twitter.com/Ivanet77" target="_blank">Ivanet77</a>	2	0	1	190	577	3488	Sabadell-Catalonia-Catalunya	002
@ivanlopez3	<a href="https://twitter.com/ivanlopez3" target="_blank">ivanlopez3</a>	3	0	1	501	1269	1664	Barcelona	008
@ivannieto80	<a href="https://twitter.com/ivannieto80" target="_blank">ivannieto80</a>	4	0	1	1643	3058	20825	Bellvitge	019
@iveeeeeetii	<a href="https://twitter.com/iveeeeeetii" target="_blank">iveeeeeetii</a>	1	1	0	512	536	1524	Torelló, Barcelona	309
@IvnGimnez	<a href="https://twitter.com/IvnGimnez" target="_blank">IvnGimnez</a>	0	4	0					144
@iyouwe007	<a href="https://twitter.com/iyouwe007" target="_blank">iyouwe007</a>	5	0	1	883	2493	7732		006
@izovi	<a href="https://twitter.com/izovi" target="_blank">izovi</a>	8	0	1	165	175	15797	Avui al aeroport de...	130
@IzquierdaRevol	<a href="https://twitter.com/IzquierdaRevol" target="_blank">IzquierdaRevol</a>	8	6	1	3297	4521	4196	Estado español	045
@j_amoraga	<a href="https://twitter.com/j_amoraga" target="_blank">j_amoraga</a>	1	0	1	4475	3487	6767	Sant Esteve Sesrovires	005
@J_Canalias	<a href="https://twitter.com/J_Canalias" target="_blank">J_Canalias</a>	7	0	1	58	306	8258		008
@J_Lordan	<a href="https://twitter.com/J_Lordan" target="_blank">J_Lordan</a>	1	0	1	123	169	406	Lleida - Catalunya	003
@J_SanchezHuerta	<a href="https://twitter.com/J_SanchezHuerta" target="_blank">J_SanchezHuerta</a>	1	0	1	197	581	1984	Barcelona	093
@J0HNYB4S3	<a href="https://twitter.com/J0HNYB4S3" target="_blank">J0HNYB4S3</a>	7	0	1	36	224	4374	R1P0LL3T	013
@Jabbastation	<a href="https://twitter.com/Jabbastation" target="_blank">Jabbastation</a>	29	0	4	598	283	146254	Catalunya	003
@JAbrilPuigcerda	<a href="https://twitter.com/JAbrilPuigcerda" target="_blank">JAbrilPuigcerda</a>	2	0	1	202	207	1527	Puigcerdà	001
@jacintct	<a href="https://twitter.com/jacintct" target="_blank">jacintct</a>	1	0	1	4	37	44		003
@jacob_31	<a href="https://twitter.com/jacob_31" target="_blank">jacob_31</a>	16	0	2	37	269	1496	Barcelona	005
@jacometferrer	<a href="https://twitter.com/jacometferrer" target="_blank">jacometferrer</a>	1	0	1	4	24	59		005
@jactonanderson	<a href="https://twitter.com/jactonanderson" target="_blank">jactonanderson</a>	3	0	1	347	1031	10920	Principality of Catalonia	001
@jafeliu	<a href="https://twitter.com/jafeliu" target="_blank">jafeliu</a>	3	0	1	57	101	1175	Cardedeu, Catalunya	064
@Jagobafafo	<a href="https://twitter.com/Jagobafafo" target="_blank">Jagobafafo</a>	3	0	1	217	564	2726	Euskal Herria - Basque country	010
@jagracas	<a href="https://twitter.com/jagracas" target="_blank">jagracas</a>	3	0	1	40	78	1346	barcelona	005
@jagv64	<a href="https://twitter.com/jagv64" target="_blank">jagv64</a>	9	0	2	72	266	5891	Barcelona	005
@jalmacellas	<a href="https://twitter.com/jalmacellas" target="_blank">jalmacellas</a>	16	0	1	1615	4429	63357	Països Catalans	001
@JandroRoMu	<a href="https://twitter.com/JandroRoMu" target="_blank">JandroRoMu</a>	2	0	1	166	383	6851	L'Hospitalet de Ll.	003
@JanSession	<a href="https://twitter.com/JanSession" target="_blank">JanSession</a>	0	2	0					042
@japbcn	<a href="https://twitter.com/japbcn" target="_blank">japbcn</a>	31	0	5	518	545	46576		001
@japping_bcn	<a href="https://twitter.com/japping_bcn" target="_blank">japping_bcn</a>	1	1	0	43	101	62		005
@jara_toni	<a href="https://twitter.com/jara_toni" target="_blank">jara_toni</a>	14	0	2	859	2250	56969		011
@jarvis_this	<a href="https://twitter.com/jarvis_this" target="_blank">jarvis_this</a>	0	1	0					304
@Jaume_JVT	<a href="https://twitter.com/Jaume_JVT" target="_blank">Jaume_JVT</a>	0	1	0					303
@jaume_teixido	<a href="https://twitter.com/jaume_teixido" target="_blank">jaume_teixido</a>	4	0	1	405	1026	4374	(Maresme) Catalunya	140
@jaume1949	<a href="https://twitter.com/jaume1949" target="_blank">jaume1949</a>	6	0	1	8	25	336	Barcelona, Catalunya	003
@jaume1954	<a href="https://twitter.com/jaume1954" target="_blank">jaume1954</a>	3	0	1	20	76	3349		003
@jaumearcos	<a href="https://twitter.com/jaumearcos" target="_blank">jaumearcos</a>	1	0	1	171	428	275		003
@jaumebf	<a href="https://twitter.com/jaumebf" target="_blank">jaumebf</a>	1	0	1	115	409	872		005
@JaumeBV	<a href="https://twitter.com/JaumeBV" target="_blank">JaumeBV</a>	9	0	2	201	470	7264		105
@jaumecst	<a href="https://twitter.com/jaumecst" target="_blank">jaumecst</a>	10	0	2	2135	2103	25992		011
@Jaumefages	<a href="https://twitter.com/Jaumefages" target="_blank">Jaumefages</a>	1	0	1	5	101	30		133
@JaumeGirbau	<a href="https://twitter.com/JaumeGirbau" target="_blank">JaumeGirbau</a>	6	0	1	95	231	7181		005
@JaumeManyoses	<a href="https://twitter.com/JaumeManyoses" target="_blank">JaumeManyoses</a>	7	0	2	1081	998	36845	Sant Feliu de Llobregat	018
@jaumemassons	<a href="https://twitter.com/jaumemassons" target="_blank">jaumemassons</a>	5	0	1	195	340	1983	Barcelona	007
@jaumemedinae	<a href="https://twitter.com/jaumemedinae" target="_blank">jaumemedinae</a>	3	0	1	70	289	568	Rubí, Espanya	003
@JaumeMeneses	<a href="https://twitter.com/JaumeMeneses" target="_blank">JaumeMeneses</a>	14	0	1	19	73	2593		002
@JaumeNorberto	<a href="https://twitter.com/JaumeNorberto" target="_blank">JaumeNorberto</a>	6	0	1	599	1478	5744	Vic	019
@jaumeoliva_	<a href="https://twitter.com/jaumeoliva_" target="_blank">jaumeoliva_</a>	3	0	1	2308	2008	10012	Sarrià - Sant Gervasi	003
@jaumepoto	<a href="https://twitter.com/jaumepoto" target="_blank">jaumepoto</a>	2	0	1	3	54	292		064
@jaumepre	<a href="https://twitter.com/jaumepre" target="_blank">jaumepre</a>	2	0	1	2207	3255	9477	Barcelona, Catalunya	037
@jaumeramonsole	<a href="https://twitter.com/jaumeramonsole" target="_blank">jaumeramonsole</a>	24	0	6	2300	4998	23183	Tàrrega	033
@JaumeRife	<a href="https://twitter.com/JaumeRife" target="_blank">JaumeRife</a>	2	0	1	13	76	130		005
@jaumesanfeliu1	<a href="https://twitter.com/jaumesanfeliu1" target="_blank">jaumesanfeliu1</a>	2	0	1	19	128	1601		064
@jaumesol	<a href="https://twitter.com/jaumesol" target="_blank">jaumesol</a>	31	0	3	690	324	76126	Vidreres (Girona) Spain	044
@jaumet_cdu	<a href="https://twitter.com/jaumet_cdu" target="_blank">jaumet_cdu</a>	1	0	1	50	125	731	Cardedeu	003
@jaumetrunyo	<a href="https://twitter.com/jaumetrunyo" target="_blank">jaumetrunyo</a>	11	0	2	48	70	4666		001
@jaumevic63	<a href="https://twitter.com/jaumevic63" target="_blank">jaumevic63</a>	3	0	1	223	319	1166	Catalunya	138
@jausaferr	<a href="https://twitter.com/jausaferr" target="_blank">jausaferr</a>	4	0	1	251	473	10589		083
@Javi_Quique_OK	<a href="https://twitter.com/Javi_Quique_OK" target="_blank">Javi_Quique_OK</a>	34	0	6	26859	19052	400612	Galdo, España	008
@Javierdevillas1	<a href="https://twitter.com/Javierdevillas1" target="_blank">Javierdevillas1</a>	3	0	2	9	17	189	Sant Celoni, España	005
@javiersanfrutos	<a href="https://twitter.com/javiersanfrutos" target="_blank">javiersanfrutos</a>	1	0	1	495	1565	3161	Alcalá de Henares	090
@javisr14	<a href="https://twitter.com/javisr14" target="_blank">javisr14</a>	8	0	1	129	471	21651	Barcelona	005
@javitomassanch1	<a href="https://twitter.com/javitomassanch1" target="_blank">javitomassanch1</a>	1	0	1	1	68	24	Olesa de Montserrat, España	003
@JaxNeverDie	<a href="https://twitter.com/JaxNeverDie" target="_blank">JaxNeverDie</a>	1	0	1	35	80	993	España	105
@jbarrullbadia	<a href="https://twitter.com/jbarrullbadia" target="_blank">jbarrullbadia</a>	16	0	3	240	438	8346		003
@jbaylina	<a href="https://twitter.com/jbaylina" target="_blank">jbaylina</a>	1	1	1	796	425	864	BARCELONA	022
@jbigorra	<a href="https://twitter.com/jbigorra" target="_blank">jbigorra</a>	2	0	1	1272	956	12422	Vilaplana-LaMussara, Catalunya	008
@jboixv	<a href="https://twitter.com/jboixv" target="_blank">jboixv</a>	2	0	1	309	327	1934		001
@JBorralle	<a href="https://twitter.com/JBorralle" target="_blank">JBorralle</a>	10	3	1	193	248	2813	Prats de Lluçanès, Catalunya	021
@jbparquitectura	<a href="https://twitter.com/jbparquitectura" target="_blank">jbparquitectura</a>	1	0	1	162	441	672		003
@jbrichsg	<a href="https://twitter.com/jbrichsg" target="_blank">jbrichsg</a>	18	0	2	415	339	61067	Vilanova i la Geltrú	009
@JC_Gonzalo69	<a href="https://twitter.com/JC_Gonzalo69" target="_blank">JC_Gonzalo69</a>	5	0	1	46	217	3091	Sabadell, España	002
@Jcamprup	<a href="https://twitter.com/Jcamprup" target="_blank">Jcamprup</a>	23	0	5	27	100	4006		037
@jcarlesr	<a href="https://twitter.com/jcarlesr" target="_blank">jcarlesr</a>	15	0	2	192	854	18116		008
@JCarxofa	<a href="https://twitter.com/JCarxofa" target="_blank">JCarxofa</a>	1	0	1	42	145	103		105
@jcc_cat	<a href="https://twitter.com/jcc_cat" target="_blank">jcc_cat</a>	3	1	0	3636	2627	5651	Catalunya	305
@jcm_jcm2011	<a href="https://twitter.com/jcm_jcm2011" target="_blank">jcm_jcm2011</a>	6	0	2	139	247	16648		084
@jcuixart	<a href="https://twitter.com/jcuixart" target="_blank">jcuixart</a>	0	87	0					009
@je_ybarra	<a href="https://twitter.com/je_ybarra" target="_blank">je_ybarra</a>	1	0	1	584	971	2226	Berlín, Alemania	003
@JECSALIS	<a href="https://twitter.com/JECSALIS" target="_blank">JECSALIS</a>	15	0	1	140	444	6814	Baix Empordà	003
@Jenn_hypatia	<a href="https://twitter.com/Jenn_hypatia" target="_blank">Jenn_hypatia</a>	9	0	1	525	390	10725	Empordà - Bcn - World	007
@jepedrocchi	<a href="https://twitter.com/jepedrocchi" target="_blank">jepedrocchi</a>	1	0	1	50	111	2825	Catalunya	003
@JERCReus	<a href="https://twitter.com/JERCReus" target="_blank">JERCReus</a>	0	6	0					128
@jeronirossell	<a href="https://twitter.com/jeronirossell" target="_blank">jeronirossell</a>	1	0	1	194	299	4201	Palma, Mallorca	252
@JessySnake	<a href="https://twitter.com/JessySnake" target="_blank">JessySnake</a>	27	0	2	185	359	8258		062
@jesus_rued	<a href="https://twitter.com/jesus_rued" target="_blank">jesus_rued</a>	5	0	1	111	160	10951	Málaga, España	045
@jesus_tella	<a href="https://twitter.com/jesus_tella" target="_blank">jesus_tella</a>	1	0	1	4	81	294	Terrassa, España	005
@Jesus83075610	<a href="https://twitter.com/Jesus83075610" target="_blank">Jesus83075610</a>	16	0	5	52	77	4796		001
@JesusAgudo_	<a href="https://twitter.com/JesusAgudo_" target="_blank">JesusAgudo_</a>	2	0	1	1	14	525		003
@JesusSanTe	<a href="https://twitter.com/JesusSanTe" target="_blank">JesusSanTe</a>	3	0	1	1116	749	7628	Gramenet del Besòs	110
@jfaus1	<a href="https://twitter.com/jfaus1" target="_blank">jfaus1</a>	3	0	1	526	803	23624	La Ràpita	005
@jfritsch1976	<a href="https://twitter.com/jfritsch1976" target="_blank">jfritsch1976</a>	8	0	1	109	307	6473		005
@jg_navarro	<a href="https://twitter.com/jg_navarro" target="_blank">jg_navarro</a>	1	0	1	243	107	3840		108
@jgasau	<a href="https://twitter.com/jgasau" target="_blank">jgasau</a>	1	0	1	151	545	1770		003
@JGG_E	<a href="https://twitter.com/JGG_E" target="_blank">JGG_E</a>	9	0	1	1186	2302	22446	Terrassa - Barcelona	001
@jgimenezpascual	<a href="https://twitter.com/jgimenezpascual" target="_blank">jgimenezpascual</a>	7	0	1	36	262	1435		062
@JGrassot	<a href="https://twitter.com/JGrassot" target="_blank">JGrassot</a>	6	0	1	207	550	7962	Calonge - Girona	006
@jhabas13	<a href="https://twitter.com/jhabas13" target="_blank">jhabas13</a>	3	0	1	11	62	451	Pineda de Mar, España	007
@JIMacia	<a href="https://twitter.com/JIMacia" target="_blank">JIMacia</a>	10	0	1	874	781	14959	República de Catalunya  ||☆||	003
@jinomusicUK	<a href="https://twitter.com/jinomusicUK" target="_blank">jinomusicUK</a>	6	0	1	165	413	15442	London, UK	005
@Jisegura78	<a href="https://twitter.com/Jisegura78" target="_blank">Jisegura78</a>	3	1	0	159	235	6607	Badalona, España	291
@jituino	<a href="https://twitter.com/jituino" target="_blank">jituino</a>	1	0	1	133	226	527	Bilbao	144
@jjescribe	<a href="https://twitter.com/jjescribe" target="_blank">jjescribe</a>	1	0	1	38	80	75		003
@jjestallo	<a href="https://twitter.com/jjestallo" target="_blank">jjestallo</a>	1	0	1	22	38	267	Sant Quirze del Vallès, España	005
@JJPLCat	<a href="https://twitter.com/JJPLCat" target="_blank">JJPLCat</a>	5	0	1	384	468	10844	Catalunya	008
@JJPPbcn	<a href="https://twitter.com/JJPPbcn" target="_blank">JJPPbcn</a>	22	0	1	1531	2293	81107	Cerdanyola /Catalunya	094
@jjuliamarti	<a href="https://twitter.com/jjuliamarti" target="_blank">jjuliamarti</a>	7	0	2	1187	1162	8140	Barcelona, Catalunya	001
@JLCD0	<a href="https://twitter.com/JLCD0" target="_blank">JLCD0</a>	15	0	1	465	1718	42942	l´Hospitalet de Llobregat	005
@jlcleries	<a href="https://twitter.com/jlcleries" target="_blank">jlcleries</a>	5	0	1	8512	3609	12418		013
@jliftweet	<a href="https://twitter.com/jliftweet" target="_blank">jliftweet</a>	2	0	2	774	1958	60616	retuiteando 2.0	174
@JLlabur	<a href="https://twitter.com/JLlabur" target="_blank">JLlabur</a>	1	0	1	16	55	542	catalunya	105
@jllorensi	<a href="https://twitter.com/jllorensi" target="_blank">jllorensi</a>	4	0	1	60	125	12409		019
@jlpfunu	<a href="https://twitter.com/jlpfunu" target="_blank">jlpfunu</a>	1	0	1	68	287	718		091
@jm_solivellas	<a href="https://twitter.com/jm_solivellas" target="_blank">jm_solivellas</a>	3	0	1	25	11	2605	SITGES	003
@jmagan81	<a href="https://twitter.com/jmagan81" target="_blank">jmagan81</a>	7	0	1	65	224	976	Catalunya	003
@jmaltayo	<a href="https://twitter.com/jmaltayo" target="_blank">jmaltayo</a>	19	0	2	145	841	13412	Barcelona. Catalunya.	001
@jmartigalbis	<a href="https://twitter.com/jmartigalbis" target="_blank">jmartigalbis</a>	8	0	1	2008	4812	2616	Barcelona	090
@jmartincanal	<a href="https://twitter.com/jmartincanal" target="_blank">jmartincanal</a>	1	0	1	6	156	132	Barcelona, Catalunya	005
@JMateu69	<a href="https://twitter.com/JMateu69" target="_blank">JMateu69</a>	1	0	1	29	45	1916		209
@jmatorres	<a href="https://twitter.com/jmatorres" target="_blank">jmatorres</a>	9	0	1	392	1061	10271	balaguer, lleida	003
@jmbruserra	<a href="https://twitter.com/jmbruserra" target="_blank">jmbruserra</a>	12	0	1	206	206	22561	Reus, Catalunya	013
@jmbullichsj	<a href="https://twitter.com/jmbullichsj" target="_blank">jmbullichsj</a>	15	0	1	100	188	3929	MANRESA	003
@jmcaballero58	<a href="https://twitter.com/jmcaballero58" target="_blank">jmcaballero58</a>	15	0	1	592	488	53898		064
@jmcchacon	<a href="https://twitter.com/jmcchacon" target="_blank">jmcchacon</a>	5	0	1	958	1878	7792	Sencelles (Països Catalans)	005
@jmedinaalsina	<a href="https://twitter.com/jmedinaalsina" target="_blank">jmedinaalsina</a>	4	1	0	1480	910	17789		292
@JMencio	<a href="https://twitter.com/JMencio" target="_blank">JMencio</a>	1	0	1	167	35	961	Cassà de la Selva	006
@jmeyaa	<a href="https://twitter.com/jmeyaa" target="_blank">jmeyaa</a>	6	0	1	313	612	17379		005
@jmflorestra	<a href="https://twitter.com/jmflorestra" target="_blank">jmflorestra</a>	1	0	1	256	359	707	Vilobí del Penedès (Catalunya)	003
@jmgabernet	<a href="https://twitter.com/jmgabernet" target="_blank">jmgabernet</a>	2	0	1	434	364	2881	Tàrrega	129
@jmgarcia1960	<a href="https://twitter.com/jmgarcia1960" target="_blank">jmgarcia1960</a>	4	0	1	23	252	1318		005
@Jmhercas	<a href="https://twitter.com/Jmhercas" target="_blank">Jmhercas</a>	1	0	1	167	81	69369		090
@JMiquelVarea	<a href="https://twitter.com/JMiquelVarea" target="_blank">JMiquelVarea</a>	1	0	1	585	635	3887		018
@JMLluis	<a href="https://twitter.com/JMLluis" target="_blank">JMLluis</a>	4	0	1	215	320	1608	Catalunya	111
@jmlopezzafra	<a href="https://twitter.com/jmlopezzafra" target="_blank">jmlopezzafra</a>	0	2	0					163
@JMPalahi	<a href="https://twitter.com/JMPalahi" target="_blank">JMPalahi</a>	1	0	1	642	1259	3455	Girona/Catalunya	104
@JMRebes	<a href="https://twitter.com/JMRebes" target="_blank">JMRebes</a>	1	1	0	980	779	25265	Barcelona, Catalunya	001
@JmspJo	<a href="https://twitter.com/JmspJo" target="_blank">JmspJo</a>	2	0	1	894	1479	34152		006
@jmterricabras	<a href="https://twitter.com/jmterricabras" target="_blank">jmterricabras</a>	1	240	0	32928	606	3914	Girona	064
@jmv_cat	<a href="https://twitter.com/jmv_cat" target="_blank">jmv_cat</a>	3	0	2	303	316	10410	CAT	093
@jmvergesprat	<a href="https://twitter.com/jmvergesprat" target="_blank">jmvergesprat</a>	15	0	1	1815	1183	193077	Igualada	001
@jmvinyes	<a href="https://twitter.com/jmvinyes" target="_blank">jmvinyes</a>	2	0	1	218	247	4701	Catalonia	136
@JNC_VOriental	<a href="https://twitter.com/JNC_VOriental" target="_blank">JNC_VOriental</a>	2	0	1	585	52	346		109
@JNCatalunya	<a href="https://twitter.com/JNCatalunya" target="_blank">JNCatalunya</a>	1	15	0	8685	2591	8876		109
@JNCBCN	<a href="https://twitter.com/JNCBCN" target="_blank">JNCBCN</a>	9	0	1	2697	1842	7635	Barcelona	109
@JNCCiutatVella	<a href="https://twitter.com/JNCCiutatVella" target="_blank">JNCCiutatVella</a>	8	0	1	259	138	11908	Barcelona, Catalunya	109
@JNCEEISA	<a href="https://twitter.com/JNCEEISA" target="_blank">JNCEEISA</a>	1	0	1	913	1136	1432	Barcelona, Eixample	109
@JNCSantAndreu	<a href="https://twitter.com/JNCSantAndreu" target="_blank">JNCSantAndreu</a>	3	0	2	404	539	2261		003
@JNCSCFarners	<a href="https://twitter.com/JNCSCFarners" target="_blank">JNCSCFarners</a>	3	0	1	215	688	223	Santa Coloma de Farners	013
@jncupf	<a href="https://twitter.com/jncupf" target="_blank">jncupf</a>	1	0	1	257	287	336		109
@joairen	<a href="https://twitter.com/joairen" target="_blank">joairen</a>	8	0	3	85	260	1930	BARCELONA	036
@joakimVivas	<a href="https://twitter.com/joakimVivas" target="_blank">joakimVivas</a>	2	2	0	2807	3971	22375	Sant Cugat del Vallès, Spain	040
@joan_abs	<a href="https://twitter.com/joan_abs" target="_blank">joan_abs</a>	17	0	4	1491	1597	47038	Catalunya	003
@joan_besa	<a href="https://twitter.com/joan_besa" target="_blank">joan_besa</a>	1	0	1	148	519	1380	Spain	003
@joan_mortes	<a href="https://twitter.com/joan_mortes" target="_blank">joan_mortes</a>	1	0	1	138	154	5221	Lleida	110
@joan_olivares	<a href="https://twitter.com/joan_olivares" target="_blank">joan_olivares</a>	2	0	1	686	653	8448	Catalunya	064
@Joan_S_Vila	<a href="https://twitter.com/Joan_S_Vila" target="_blank">Joan_S_Vila</a>	1	0	1	6	23	104		003
@JOAN_SACASAS	<a href="https://twitter.com/JOAN_SACASAS" target="_blank">JOAN_SACASAS</a>	3	0	1	78	336	1262		009
@joan_sellares	<a href="https://twitter.com/joan_sellares" target="_blank">joan_sellares</a>	2	0	1	99	148	14722		005
@Joan_T_G	<a href="https://twitter.com/Joan_T_G" target="_blank">Joan_T_G</a>	5	0	2	57	141	3376		008
@Joan0414	<a href="https://twitter.com/Joan0414" target="_blank">Joan0414</a>	3	0	1	273	553	6233	Catalunya	035
@Joan314Joan	<a href="https://twitter.com/Joan314Joan" target="_blank">Joan314Joan</a>	3	0	2	368	688	6513	Blanes (La Selva) Rep.Catalana	008
@Joanabisbal	<a href="https://twitter.com/Joanabisbal" target="_blank">Joanabisbal</a>	1	0	1	40	48	363		003
@joanagabarrof	<a href="https://twitter.com/joanagabarrof" target="_blank">joanagabarrof</a>	88	0	3	626	264	100639		003
@joanarinoibarz	<a href="https://twitter.com/joanarinoibarz" target="_blank">joanarinoibarz</a>	1	1	0	4	49	484		018
@JoanaRoR	<a href="https://twitter.com/JoanaRoR" target="_blank">JoanaRoR</a>	2	0	1	8	59	236		064
@JoanBach	<a href="https://twitter.com/JoanBach" target="_blank">JoanBach</a>	1	0	1	249	504	4360	Coll de Nargó - Bcn - Biniamar	159
@JoanBay	<a href="https://twitter.com/JoanBay" target="_blank">JoanBay</a>	38	0	2	2356	4275	118153	el masnou/bcn/països catalans	009
@JoanBGS	<a href="https://twitter.com/JoanBGS" target="_blank">JoanBGS</a>	12	1	0	674	687	14727	Catalunya	277
@JoanBoladeras	<a href="https://twitter.com/JoanBoladeras" target="_blank">JoanBoladeras</a>	2	0	1	76	219	5390	Girona	003
@joanbtwit	<a href="https://twitter.com/joanbtwit" target="_blank">joanbtwit</a>	5	0	1	310	252	37188	República de Catalunya	003
@joanc29	<a href="https://twitter.com/joanc29" target="_blank">joanc29</a>	13	0	1	284	484	5077		002
@joancapu	<a href="https://twitter.com/joancapu" target="_blank">joancapu</a>	8	0	1	203	527	8433	barcelona	002
@joancarbonellm	<a href="https://twitter.com/joancarbonellm" target="_blank">joancarbonellm</a>	1	0	1	144	407	3270		136
@joancguerrero	<a href="https://twitter.com/joancguerrero" target="_blank">joancguerrero</a>	20	0	1	813	3313	14331	BCN&GRN ||*||	083
@joancollet1	<a href="https://twitter.com/joancollet1" target="_blank">joancollet1</a>	3	0	1	1909	2598	26259	Mallorca- Països Catalans	003
@joancomaz	<a href="https://twitter.com/joancomaz" target="_blank">joancomaz</a>	1	0	1	162	126	953	Esparreguera (Barcelona)	003
@joandafontc	<a href="https://twitter.com/joandafontc" target="_blank">joandafontc</a>	1	0	1	2206	2388	22602	Republica de Catalunya	006
@joandausa	<a href="https://twitter.com/joandausa" target="_blank">joandausa</a>	1	1	0	14698	3663	3971	Sant Feliu de Llobregat. CAT	276
@joane_7	<a href="https://twitter.com/joane_7" target="_blank">joane_7</a>	1	0	1	142	143	141		003
@joaneliesadell	<a href="https://twitter.com/joaneliesadell" target="_blank">joaneliesadell</a>	8	0	1	3098	2135	29510	l'Alguer	005
@joanesteve	<a href="https://twitter.com/joanesteve" target="_blank">joanesteve</a>	3	0	1	189	555	2749	Catalonia	003
@joanfandos	<a href="https://twitter.com/joanfandos" target="_blank">joanfandos</a>	2	0	1	251	384	2236	ÜT: 41.551304,2.0725	003
@joanfoguet	<a href="https://twitter.com/joanfoguet" target="_blank">joanfoguet</a>	3	0	1	3993	5001	96601	Catalunya	036
@joanfontgarcia	<a href="https://twitter.com/joanfontgarcia" target="_blank">joanfontgarcia</a>	2	0	1	533	1068	2149		313
@joanforn	<a href="https://twitter.com/joanforn" target="_blank">joanforn</a>	2	0	1	66	210	1071	Catalunya	001
@joangesti	<a href="https://twitter.com/joangesti" target="_blank">joangesti</a>	2	0	1	147	964	1074	Barcelona, Països Catalans	010
@joangs	<a href="https://twitter.com/joangs" target="_blank">joangs</a>	1	0	1	1155	707	3394		003
@joanguila	<a href="https://twitter.com/joanguila" target="_blank">joanguila</a>	9	0	1	653	629	26566	Palma (PPCC)	002
@joangv66	<a href="https://twitter.com/joangv66" target="_blank">joangv66</a>	8	0	1	208	680	17444	An Occupied Country	002
@joanidrach	<a href="https://twitter.com/joanidrach" target="_blank">joanidrach</a>	2	0	1	11	82	244		003
@Joaninet	<a href="https://twitter.com/Joaninet" target="_blank">Joaninet</a>	5	0	3	36	108	2105	Pais Valencià	003
@joanjauset72	<a href="https://twitter.com/joanjauset72" target="_blank">joanjauset72</a>	2	0	1	619	652	7041	Tarragona, Espanya	083
@JoanJl	<a href="https://twitter.com/JoanJl" target="_blank">JoanJl</a>	4	0	1	32	72	2430		006
@joanki77	<a href="https://twitter.com/joanki77" target="_blank">joanki77</a>	8	0	2	223	519	6087		091
@joanmariapique	<a href="https://twitter.com/joanmariapique" target="_blank">joanmariapique</a>	12	853	0	18693	3854	90362	Barcelona, Catalunya	003
@joanmarsal5	<a href="https://twitter.com/joanmarsal5" target="_blank">joanmarsal5</a>	1	0	1	189	828	4244		003
@JoanMayolGibert	<a href="https://twitter.com/JoanMayolGibert" target="_blank">JoanMayolGibert</a>	27	0	3	956	1685	25995	Caldes de Montbui	018
@joanmendoza555	<a href="https://twitter.com/joanmendoza555" target="_blank">joanmendoza555</a>	6	0	1	38	231	605	Barcelona	003
@joanmiquel55_	<a href="https://twitter.com/joanmiquel55_" target="_blank">joanmiquel55_</a>	7	0	1	31	96	1324	Catalunya	001
@joanmm7	<a href="https://twitter.com/joanmm7" target="_blank">joanmm7</a>	3	0	1	295	1818	1943		002
@joanmolbe	<a href="https://twitter.com/joanmolbe" target="_blank">joanmolbe</a>	1	0	1	734	699	38598		082
@joanms314	<a href="https://twitter.com/joanms314" target="_blank">joanms314</a>	2	0	1	1025	456	13827	sabadell	133
@JoanOliu	<a href="https://twitter.com/JoanOliu" target="_blank">JoanOliu</a>	2	0	1	2066	2255	21179	Barcelona	003
@JoanPages7	<a href="https://twitter.com/JoanPages7" target="_blank">JoanPages7</a>	8	0	2	189	668	11512	L'Ametlla del Vallès	064
@joanparratena	<a href="https://twitter.com/joanparratena" target="_blank">joanparratena</a>	4	0	1	1719	1876	22314	Penedes Catalunya	005
@joanpaurue	<a href="https://twitter.com/joanpaurue" target="_blank">joanpaurue</a>	18	0	2	1495	2245	22228	República de Catalunya i Aran	075
@JoanPistu	<a href="https://twitter.com/JoanPistu" target="_blank">JoanPistu</a>	1	0	1	48	395	524	Begues	005
@JoanPuigdomenec	<a href="https://twitter.com/JoanPuigdomenec" target="_blank">JoanPuigdomenec</a>	2	0	1	1071	966	4928		074
@joanqueralto	<a href="https://twitter.com/joanqueralto" target="_blank">joanqueralto</a>	10	93	0	26004	24554	81483	Barcelona	001
@joanramon1	<a href="https://twitter.com/joanramon1" target="_blank">joanramon1</a>	2	0	1	941	1152	19376	Castellserà	001
@joanramos75	<a href="https://twitter.com/joanramos75" target="_blank">joanramos75</a>	9	0	1	98	147	12253	Figueres, Cataluña	026
@JoanRaventos	<a href="https://twitter.com/JoanRaventos" target="_blank">JoanRaventos</a>	1	0	1	1110	1032	3433	Vilafranca del Penedès	185
@joanravi	<a href="https://twitter.com/joanravi" target="_blank">joanravi</a>	8	0	2	270	548	5075	Terrassa	007
@joanrfols	<a href="https://twitter.com/joanrfols" target="_blank">joanrfols</a>	2	0	1	480	415	74		003
@JoanRockguitar	<a href="https://twitter.com/JoanRockguitar" target="_blank">JoanRockguitar</a>	6	0	1	291	639	5701	Catalunya	008
@JoanRosiLlobet	<a href="https://twitter.com/JoanRosiLlobet" target="_blank">JoanRosiLlobet</a>	2	0	1	52	65	1080		005
@JoanRubioBarris	<a href="https://twitter.com/JoanRubioBarris" target="_blank">JoanRubioBarris</a>	15	0	3	900	1200	102984	Catalunya	001
@JoanRutes	<a href="https://twitter.com/JoanRutes" target="_blank">JoanRutes</a>	1	0	1	6	13	8		003
@Joans871	<a href="https://twitter.com/Joans871" target="_blank">Joans871</a>	3	0	1	81	221	6314		289
@joansalav	<a href="https://twitter.com/joansalav" target="_blank">joansalav</a>	2	0	1	299	818	2038	Catalunya	009
@joansempere	<a href="https://twitter.com/joansempere" target="_blank">joansempere</a>	1	2	1	291	165	3327	sabadell	001
@joanserrat	<a href="https://twitter.com/joanserrat" target="_blank">joanserrat</a>	2	0	1	454	747	1754	barcelona p9	083
@JoanStivie	<a href="https://twitter.com/JoanStivie" target="_blank">JoanStivie</a>	1	0	1	166	616	2856	Catalunya estat Independent	003
@JoanteleSUR	<a href="https://twitter.com/JoanteleSUR" target="_blank">JoanteleSUR</a>	0	20	0					107
@JoanTonisastre	<a href="https://twitter.com/JoanTonisastre" target="_blank">JoanTonisastre</a>	10	0	1	664	320	123035		037
@joanvendrellg	<a href="https://twitter.com/joanvendrellg" target="_blank">joanvendrellg</a>	3	0	1	364	297	9404	Barcelona - Catalunya	007
@Joaquim14327315	<a href="https://twitter.com/Joaquim14327315" target="_blank">Joaquim14327315</a>	1	0	1	1	45	41	Peralada, Espanya	003
@joaquimbohigas	<a href="https://twitter.com/joaquimbohigas" target="_blank">joaquimbohigas</a>	2	0	1	391	595	8518	Girona centre	164
@Joaquimgr	<a href="https://twitter.com/Joaquimgr" target="_blank">Joaquimgr</a>	1	0	1	10	19	101	Catalunya	094
@joaquin_alku	<a href="https://twitter.com/joaquin_alku" target="_blank">joaquin_alku</a>	1	0	1	409	600	17579	Alcuéscar/Sevilla	165
@joaquinluquep	<a href="https://twitter.com/joaquinluquep" target="_blank">joaquinluquep</a>	1	0	1	23360	22477	172646	Cataluña, España	003
@joarvi79	<a href="https://twitter.com/joarvi79" target="_blank">joarvi79</a>	1	0	1	415	393	1648	el baix Llobregat	003
@jocape75	<a href="https://twitter.com/jocape75" target="_blank">jocape75</a>	2	0	1	294	303	7592		003
@jocrusells	<a href="https://twitter.com/jocrusells" target="_blank">jocrusells</a>	12	0	1	104	226	6160		002
@joegrn23	<a href="https://twitter.com/joegrn23" target="_blank">joegrn23</a>	6	0	1	484	1622	13824		001
@JoelBernaus	<a href="https://twitter.com/JoelBernaus" target="_blank">JoelBernaus</a>	9	0	1	161	84	26007	Lleida	002
@joelis21	<a href="https://twitter.com/joelis21" target="_blank">joelis21</a>	1	0	1	135	290	2159	Eindhoven, Nederland	001
@JoelJoanJuve	<a href="https://twitter.com/JoelJoanJuve" target="_blank">JoelJoanJuve</a>	4	0	1	39210	630	14051	Països Catalans	007
@joelmolina00	<a href="https://twitter.com/joelmolina00" target="_blank">joelmolina00</a>	1	0	1	3175	4698	2469	https://elabonadofurioso.blogspot.com.es/	250
@JoelPS33	<a href="https://twitter.com/JoelPS33" target="_blank">JoelPS33</a>	16	0	1	39	74	2318	Girona, Catalunya.	003
@jofre53	<a href="https://twitter.com/jofre53" target="_blank">jofre53</a>	10	0	1	23	36	1453		001
@jofrefc	<a href="https://twitter.com/jofrefc" target="_blank">jofrefc</a>	1	0	1	9	23	102		291
@jofrenin	<a href="https://twitter.com/jofrenin" target="_blank">jofrenin</a>	2	0	1	58	347	2211		007
@JofrePilos	<a href="https://twitter.com/JofrePilos" target="_blank">JofrePilos</a>	14	0	2	463	947	24411		018
@Johan5_0	<a href="https://twitter.com/Johan5_0" target="_blank">Johan5_0</a>	7	0	2	114	233	22438	Terrassa	024
@JoIanta	<a href="https://twitter.com/JoIanta" target="_blank">JoIanta</a>	2	0	1	119	340	258	Catalunya	003
@Jolavica	<a href="https://twitter.com/Jolavica" target="_blank">Jolavica</a>	11	0	1	595	2188	25795	Terrassa - Catalunya	019
@jolival65	<a href="https://twitter.com/jolival65" target="_blank">jolival65</a>	7	0	1	4970	2996	35155		019
@jomateix50	<a href="https://twitter.com/jomateix50" target="_blank">jomateix50</a>	16	0	3	437	981	39426	Sitges	014
@jonabasque	<a href="https://twitter.com/jonabasque" target="_blank">jonabasque</a>	26	0	1	539	1299	18983	Euskal Herria	010
@jonathanargu	<a href="https://twitter.com/jonathanargu" target="_blank">jonathanargu</a>	1	0	1	337	246	300		003
@JonathanLVera	<a href="https://twitter.com/JonathanLVera" target="_blank">JonathanLVera</a>	8	0	1	756	79	10326	Barcelona	002
@JonBetaMax	<a href="https://twitter.com/JonBetaMax" target="_blank">JonBetaMax</a>	6	0	1	74	355	6189	Catalunya	017
@jopocht	<a href="https://twitter.com/jopocht" target="_blank">jopocht</a>	2	0	1	647	1589	5148	Girona-Costa Brava-Catalunya	008
@JordaFiter	<a href="https://twitter.com/JordaFiter" target="_blank">JordaFiter</a>	9	0	1	19	100	2913		002
@jordam77	<a href="https://twitter.com/jordam77" target="_blank">jordam77</a>	1	0	1	80	358	177	Mollet del Vallès	003
@jordanesku10	<a href="https://twitter.com/jordanesku10" target="_blank">jordanesku10</a>	9	0	1	603	792	47622	Barcelona, Catalonia	018
@JordanLna	<a href="https://twitter.com/JordanLna" target="_blank">JordanLna</a>	1	0	1	42	61	709		002
@jordi_cardus	<a href="https://twitter.com/jordi_cardus" target="_blank">jordi_cardus</a>	36	0	2	459	750	24894	Catalunya	005
@jordi_cc	<a href="https://twitter.com/jordi_cc" target="_blank">jordi_cc</a>	17	0	4	195	529	19479	Girona, Catalunya	015
@Jordi_Galderic	<a href="https://twitter.com/Jordi_Galderic" target="_blank">Jordi_Galderic</a>	9	0	2	3853	2129	136636	Girona, Països Catalans	003
@jordi_masachs	<a href="https://twitter.com/jordi_masachs" target="_blank">jordi_masachs</a>	2	0	1	26	142	1041	Sant Antoni de Vilamajor, Espanya	003
@Jordi_RG	<a href="https://twitter.com/Jordi_RG" target="_blank">Jordi_RG</a>	3	0	1	399	641	17074		002
@jordi_rouge	<a href="https://twitter.com/jordi_rouge" target="_blank">jordi_rouge</a>	31	0	3	1247	1191	93677	Barcelona Catalunya.	009
@Jordi_S91	<a href="https://twitter.com/Jordi_S91" target="_blank">Jordi_S91</a>	1	0	1	79	253	248	Girona, Catalunya	003
@jordi_salvia	<a href="https://twitter.com/jordi_salvia" target="_blank">jordi_salvia</a>	11	0	1	639	1734	28960	Barcelona, Espanya	003
@Jordi_Sidera	<a href="https://twitter.com/Jordi_Sidera" target="_blank">Jordi_Sidera</a>	1	0	1	11	21	73	Girona, Catalunya	006
@Jordi_Solaa03	<a href="https://twitter.com/Jordi_Solaa03" target="_blank">Jordi_Solaa03</a>	7	0	1	207	1346	3370	Centelles,Barcelona, Catalunya	008
@Jordi_Torrens	<a href="https://twitter.com/Jordi_Torrens" target="_blank">Jordi_Torrens</a>	2	0	1	123	221	1943	el Masnou, Catalunya	210
@jordi_twit	<a href="https://twitter.com/jordi_twit" target="_blank">jordi_twit</a>	2	0	1	1053	1744	33311	Barcelona	005
@Jordi278	<a href="https://twitter.com/Jordi278" target="_blank">Jordi278</a>	10	0	2	74	361	7154	Catalunya	007
@jordi63p	<a href="https://twitter.com/jordi63p" target="_blank">jordi63p</a>	4	0	1	1078	1137	34614		003
@Jordi7455	<a href="https://twitter.com/Jordi7455" target="_blank">Jordi7455</a>	31	0	1	57	112	4639	Barcelona	003
@jordialan7	<a href="https://twitter.com/jordialan7" target="_blank">jordialan7</a>	1	0	1	50	90	653	Barcelona	005
@jordialfabrega	<a href="https://twitter.com/jordialfabrega" target="_blank">jordialfabrega</a>	7	0	1	13	57	1470		003
@jordialmolda	<a href="https://twitter.com/jordialmolda" target="_blank">jordialmolda</a>	4	1	0	480	1018	9815	Cádiz	044
@jordiboada	<a href="https://twitter.com/jordiboada" target="_blank">jordiboada</a>	5	0	1	147	143	11950	Barcelona, Catalunya	037
@jordibusi4	<a href="https://twitter.com/jordibusi4" target="_blank">jordibusi4</a>	1	1	0	123	322	962	Espanya	008
@jordicabre	<a href="https://twitter.com/jordicabre" target="_blank">jordicabre</a>	18	0	2	4448	3546	19613	Barcelona	090
@jordicasals	<a href="https://twitter.com/jordicasals" target="_blank">jordicasals</a>	7	0	1	2410	2319	20361	Torelló	116
@jordiCat1	<a href="https://twitter.com/jordiCat1" target="_blank">jordiCat1</a>	6	0	1	1484	2217	11525	Catalunya	007
@Jordicentellesr	<a href="https://twitter.com/Jordicentellesr" target="_blank">Jordicentellesr</a>	14	2	1	37	226	1754	Terrassa, catalunya	002
@jordicuminal	<a href="https://twitter.com/jordicuminal" target="_blank">jordicuminal</a>	4	1	0	6557	2391	11620	Sant Celoni. Catalunya	001
@JordiDiaz7	<a href="https://twitter.com/JordiDiaz7" target="_blank">JordiDiaz7</a>	1	0	1	230	100	1863	Palamós, Girona	003
@jordiDX	<a href="https://twitter.com/jordiDX" target="_blank">jordiDX</a>	3	0	1	447	663	23601	Catalunya	005
@jordifandi77	<a href="https://twitter.com/jordifandi77" target="_blank">jordifandi77</a>	1	0	1	224	411	1528		003
@JordiFortuny	<a href="https://twitter.com/JordiFortuny" target="_blank">JordiFortuny</a>	4	7	1	1793	2783	5059	Tarragona	028
@jordifranc	<a href="https://twitter.com/jordifranc" target="_blank">jordifranc</a>	7	0	1	7319	7073	56671	Barcelona,Catalunya,Via Làctia	008
@JordiFraxedas	<a href="https://twitter.com/JordiFraxedas" target="_blank">JordiFraxedas</a>	5	0	1	165	203	8928		136
@JordiGarciaP	<a href="https://twitter.com/JordiGarciaP" target="_blank">JordiGarciaP</a>	3	0	1	169	757	4650	Catalunya / Catalonia	091
@JordiGibertP	<a href="https://twitter.com/JordiGibertP" target="_blank">JordiGibertP</a>	1	0	1	25	63	534		003
@jordigomezm	<a href="https://twitter.com/jordigomezm" target="_blank">jordigomezm</a>	1	0	1	336	867	3573	Catalunya	111
@jordigrata	<a href="https://twitter.com/jordigrata" target="_blank">jordigrata</a>	9	0	1	302	377	5208	Catalunya	005
@JordiGraupera	<a href="https://twitter.com/JordiGraupera" target="_blank">JordiGraupera</a>	2	0	1	87314	3464	66800		037
@jordiguilleumes	<a href="https://twitter.com/jordiguilleumes" target="_blank">jordiguilleumes</a>	1	0	1	252	388	5994	Barcelona (Catalonia)	003
@JordiJDC	<a href="https://twitter.com/JordiJDC" target="_blank">JordiJDC</a>	3	0	1	189	568	23714	Catalunya	002
@JordiJordiball	<a href="https://twitter.com/JordiJordiball" target="_blank">JordiJordiball</a>	2	0	1	93	295	2444		262
@Jordijpardo	<a href="https://twitter.com/Jordijpardo" target="_blank">Jordijpardo</a>	11	0	2	667	960	18180	Sabadell. Catalonia. PPCC	099
@JordiMariaPau1	<a href="https://twitter.com/JordiMariaPau1" target="_blank">JordiMariaPau1</a>	19	0	2	38	83	6083	Barcelona, Catalonia	037
@jordimartideu	<a href="https://twitter.com/jordimartideu" target="_blank">jordimartideu</a>	4	0	1	968	632	7376	Sant Pere Pescador	095
@jordimartifont_	<a href="https://twitter.com/jordimartifont_" target="_blank">jordimartifont_</a>	12	0	1	4041	1164	18017	Camp de Tgn, Països Catalans	007
@JordiMatalasser	<a href="https://twitter.com/JordiMatalasser" target="_blank">JordiMatalasser</a>	1	0	1	137	243	1662		051
@JordiMestres	<a href="https://twitter.com/JordiMestres" target="_blank">JordiMestres</a>	7	0	1	2127	2346	32598		001
@JordiMonros	<a href="https://twitter.com/JordiMonros" target="_blank">JordiMonros</a>	10	0	1	2695	2133	17322	L'Hospitalet de Llobregat	003
@JordiMontalbo	<a href="https://twitter.com/JordiMontalbo" target="_blank">JordiMontalbo</a>	0	1	0					245
@JordiMontanya	<a href="https://twitter.com/JordiMontanya" target="_blank">JordiMontanya</a>	2	0	1	1313	2027	27086	Catalunya	008
@JORDINADOR	<a href="https://twitter.com/JORDINADOR" target="_blank">JORDINADOR</a>	17	0	1	10094	1323	142227	Barcelona, Catalunya	001
@JordinaEM	<a href="https://twitter.com/JordinaEM" target="_blank">JordinaEM</a>	3	0	1	1116	1428	13013	Tarragona, Països Catalans	007
@JordiNicBal	<a href="https://twitter.com/JordiNicBal" target="_blank">JordiNicBal</a>	1	0	1	23	87	210	Sabadell	091
@jordinoveno	<a href="https://twitter.com/jordinoveno" target="_blank">jordinoveno</a>	4	0	1	51	209	2971		012
@JordiOliva	<a href="https://twitter.com/JordiOliva" target="_blank">JordiOliva</a>	1	0	1	54	120	2321		003
@jordiperez5768	<a href="https://twitter.com/jordiperez5768" target="_blank">jordiperez5768</a>	1	0	1	2	16	47	Lleida, Catalunya	003
@jordipons8	<a href="https://twitter.com/jordipons8" target="_blank">jordipons8</a>	13	0	1	22	100	2754	Catalunya	002
@JordiPotaroig	<a href="https://twitter.com/JordiPotaroig" target="_blank">JordiPotaroig</a>	3	0	1	3084	3368	12741	Catalonia is Not Spain ll*ll	007
@JordiPrats_	<a href="https://twitter.com/JordiPrats_" target="_blank">JordiPrats_</a>	3	0	1	1111	696	6301	Mataró	005
@jordiprenafeta	<a href="https://twitter.com/jordiprenafeta" target="_blank">jordiprenafeta</a>	2	0	1	172	43	472	Catalunya	003
@jordirabionet	<a href="https://twitter.com/jordirabionet" target="_blank">jordirabionet</a>	4	0	1	47	98	7146		003
@JordiRengel	<a href="https://twitter.com/JordiRengel" target="_blank">JordiRengel</a>	3	0	1	144	540	2322	CAP LA MINA	003
@jordirifa	<a href="https://twitter.com/jordirifa" target="_blank">jordirifa</a>	3	0	1	239	2184	1909		008
@JordiSalaCosp	<a href="https://twitter.com/JordiSalaCosp" target="_blank">JordiSalaCosp</a>	11	0	1	594	1698	12326	Barcelona	003
@jordisalvia	<a href="https://twitter.com/jordisalvia" target="_blank">jordisalvia</a>	36	0	1	11034	2409	94359	Vilafranca del Penedès (PPCC)	005
@jordisb99	<a href="https://twitter.com/jordisb99" target="_blank">jordisb99</a>	8	0	3	5358	4770	25459	Bellpuig, Catalunya	001
@JordiSeguer	<a href="https://twitter.com/JordiSeguer" target="_blank">JordiSeguer</a>	1	3	0	1304	678	6811		157
@jordiserra_cat	<a href="https://twitter.com/jordiserra_cat" target="_blank">jordiserra_cat</a>	7	0	1	27	85	2088	CATALUNYA	017
@JordiTaronja	<a href="https://twitter.com/JordiTaronja" target="_blank">JordiTaronja</a>	5	0	1	17	38	1486	Barcelona, Catalunya	003
@jorditarradas	<a href="https://twitter.com/jorditarradas" target="_blank">jorditarradas</a>	10	0	2	716	3027	4195	Manresa (Barcelona)	064
@jorditermes14	<a href="https://twitter.com/jorditermes14" target="_blank">jorditermes14</a>	2	0	1	104	90	1947		018
@JordiTorres78	<a href="https://twitter.com/JordiTorres78" target="_blank">JordiTorres78</a>	4	0	1	1043	989	20973	Girona	018
@JordiUllan	<a href="https://twitter.com/JordiUllan" target="_blank">JordiUllan</a>	1	0	1	1750	3657	3329		019
@JordiVanderwaal	<a href="https://twitter.com/JordiVanderwaal" target="_blank">JordiVanderwaal</a>	6	0	1	487	512	32530	Barcelona, Catalunya	007
@JordiVito	<a href="https://twitter.com/JordiVito" target="_blank">JordiVito</a>	5	1	0	158	239	2791		243
@jordixavila	<a href="https://twitter.com/jordixavila" target="_blank">jordixavila</a>	1	1	0	5274	2495	15580	Salt/Girona/Sant Cugat	241
@joreyesce	<a href="https://twitter.com/joreyesce" target="_blank">joreyesce</a>	3	0	1	2	82	372	Barcelona, Cataluña	003
@JorgeBlaschke	<a href="https://twitter.com/JorgeBlaschke" target="_blank">JorgeBlaschke</a>	1	0	1	10	35	297	Spain	002
@JorgeMoralesGar	<a href="https://twitter.com/JorgeMoralesGar" target="_blank">JorgeMoralesGar</a>	1	0	1	1070	1313	107066	República de Vallekas	003
@JorgeVa97565495	<a href="https://twitter.com/JorgeVa97565495" target="_blank">JorgeVa97565495</a>	1	0	1	45	141	2006	Andromeda 3cr derecha	064
@jormarcom	<a href="https://twitter.com/jormarcom" target="_blank">jormarcom</a>	7	0	1	389	115	36535	Terrassa	005
@jorrdirrobert	<a href="https://twitter.com/jorrdirrobert" target="_blank">jorrdirrobert</a>	11	0	3	7603	7768	184115	Costa Brava	003
@jorse65	<a href="https://twitter.com/jorse65" target="_blank">jorse65</a>	6	0	2	341	438	16930	Catalunya	008
@joscampolier	<a href="https://twitter.com/joscampolier" target="_blank">joscampolier</a>	7	0	1	176	502	3150		011
@Jose_Menjibar	<a href="https://twitter.com/Jose_Menjibar" target="_blank">Jose_Menjibar</a>	1	0	1	36	367	481		105
@jose73vng	<a href="https://twitter.com/jose73vng" target="_blank">jose73vng</a>	4	0	1	45	137	884	Vilanova i La Geltrú	003
@josegomeztaler1	<a href="https://twitter.com/josegomeztaler1" target="_blank">josegomeztaler1</a>	1	0	1	53	145	3541	Madrid	090
@joseignaciomf	<a href="https://twitter.com/joseignaciomf" target="_blank">joseignaciomf</a>	1	0	1	101	306	2765	Noreña, Asturias	260
@JoseJosepaterna	<a href="https://twitter.com/JoseJosepaterna" target="_blank">JoseJosepaterna</a>	3	0	1	10	90	722	Barcelona, Catalunya	005
@JoseLui24493852	<a href="https://twitter.com/JoseLui24493852" target="_blank">JoseLui24493852</a>	3	0	1	46	141	11158		001
@joseluisstrauss	<a href="https://twitter.com/joseluisstrauss" target="_blank">joseluisstrauss</a>	6	0	1	46	225	2113	Barcelona	001
@josemarialope16	<a href="https://twitter.com/josemarialope16" target="_blank">josemarialope16</a>	1	0	1	335	353	3705	Murcia-Madrid-GrandLine	187
@Josemoyjim	<a href="https://twitter.com/Josemoyjim" target="_blank">Josemoyjim</a>	4	0	1	521	753	13602	t	006
@josemsantasusan	<a href="https://twitter.com/josemsantasusan" target="_blank">josemsantasusan</a>	5	0	1	139	166	4054		108
@josep__torrent	<a href="https://twitter.com/josep__torrent" target="_blank">josep__torrent</a>	3	0	2	10	73	748		053
@Josep_A_Marquez	<a href="https://twitter.com/Josep_A_Marquez" target="_blank">Josep_A_Marquez</a>	2	0	1	214	462	8976		151
@josep_freixas	<a href="https://twitter.com/josep_freixas" target="_blank">josep_freixas</a>	12	0	1	63	84	3450		003
@Josep_Guerrero	<a href="https://twitter.com/Josep_Guerrero" target="_blank">Josep_Guerrero</a>	17	0	3	421	407	22894	Salt, Girones, Catalunya	064
@josep_margarit	<a href="https://twitter.com/josep_margarit" target="_blank">josep_margarit</a>	1	0	1	6	17	35		235
@Josep_Pijoan	<a href="https://twitter.com/Josep_Pijoan" target="_blank">Josep_Pijoan</a>	1	0	1	93	185	931	Barcelona, España	003
@josep_salvado	<a href="https://twitter.com/josep_salvado" target="_blank">josep_salvado</a>	18	0	1	1457	2470	59646	Barcelona, Països Catalans	003
@Josep_Trigo	<a href="https://twitter.com/Josep_Trigo" target="_blank">Josep_Trigo</a>	10	4	1	1962	921	12361	Barcelona	136
@Josep_Vicent_vb	<a href="https://twitter.com/Josep_Vicent_vb" target="_blank">Josep_Vicent_vb</a>	4	0	1	575	1711	46201		001
@Josep103	<a href="https://twitter.com/Josep103" target="_blank">Josep103</a>	4	0	1	2883	2802	10055		006
@josepaals	<a href="https://twitter.com/josepaals" target="_blank">josepaals</a>	17	0	4	328	302	54662		064
@JosepAlonso67	<a href="https://twitter.com/JosepAlonso67" target="_blank">JosepAlonso67</a>	6	0	2	1226	2116	4577	Catalunya	083
@Josepantongil	<a href="https://twitter.com/Josepantongil" target="_blank">Josepantongil</a>	9	0	2	163	231	23873	Barcelona	001
@JosepArnau	<a href="https://twitter.com/JosepArnau" target="_blank">JosepArnau</a>	26	0	1	2350	2545	61809	Dublin City, Ireland	001
@josepbartroli	<a href="https://twitter.com/josepbartroli" target="_blank">josepbartroli</a>	27	0	1	830	1937	13648	Barcelona	003
@josepbobe	<a href="https://twitter.com/josepbobe" target="_blank">josepbobe</a>	2	1	0	3893	559	39981	Barcelona/Catalunya/Europa	242
@JosepCanals222	<a href="https://twitter.com/JosepCanals222" target="_blank">JosepCanals222</a>	47	0	6	435	276	66515	REPÚBLICA DE CATALUNYA, UE.	001
@JosepCatt	<a href="https://twitter.com/JosepCatt" target="_blank">JosepCatt</a>	2	0	1	6202	2935	62418		007
@josepcomas7	<a href="https://twitter.com/josepcomas7" target="_blank">josepcomas7</a>	2	0	1	313	573	11190	Sant Cugat del Vallès	005
@joseperoles	<a href="https://twitter.com/joseperoles" target="_blank">joseperoles</a>	1	0	1	43	247	34		003
@josepfherrera	<a href="https://twitter.com/josepfherrera" target="_blank">josepfherrera</a>	2	0	1	397	828	18803	Sabadell, Catalunya.	008
@Josepfontmorera	<a href="https://twitter.com/Josepfontmorera" target="_blank">Josepfontmorera</a>	2	0	1	800	686	2307		131
@josepfrancesest	<a href="https://twitter.com/josepfrancesest" target="_blank">josepfrancesest</a>	7	0	1	204	303	6317		002
@JosepGallardo16	<a href="https://twitter.com/JosepGallardo16" target="_blank">JosepGallardo16</a>	9	0	1	109	65	4041		093
@josepgallart	<a href="https://twitter.com/josepgallart" target="_blank">josepgallart</a>	4	0	1	686	656	7652	Caldes de Montbui	274
@JOSEPGELABERT	<a href="https://twitter.com/JOSEPGELABERT" target="_blank">JOSEPGELABERT</a>	7	0	1	180	1778	4456	Catalunya	001
@josepgoded	<a href="https://twitter.com/josepgoded" target="_blank">josepgoded</a>	0	1	0					001
@JosepLDomenech	<a href="https://twitter.com/JosepLDomenech" target="_blank">JosepLDomenech</a>	15	0	2	26831	2548	18553	Barcelona	012
@joseplluis4	<a href="https://twitter.com/joseplluis4" target="_blank">joseplluis4</a>	1	0	1	472	888	2710	Barcelona, Cataluña	015
@JosepLosantos	<a href="https://twitter.com/JosepLosantos" target="_blank">JosepLosantos</a>	15	0	1	18	39	1008		086
@josepmaguirre	<a href="https://twitter.com/josepmaguirre" target="_blank">josepmaguirre</a>	1	0	1	2272	1999	22596	Girona, Catalunya	114
@Josepmandreu	<a href="https://twitter.com/Josepmandreu" target="_blank">Josepmandreu</a>	12	0	2	805	140	16943	Catalunya	037
@JosepMariaDeop	<a href="https://twitter.com/JosepMariaDeop" target="_blank">JosepMariaDeop</a>	7	0	1	47	81	1567	Barcelona, Catalonia	019
@josepmendez78	<a href="https://twitter.com/josepmendez78" target="_blank">josepmendez78</a>	11	0	2	944	678	11107	Repùblica Catalana	048
@josepmfarre	<a href="https://twitter.com/josepmfarre" target="_blank">josepmfarre</a>	12	0	1	50	106	3848		003
@josepmgg	<a href="https://twitter.com/josepmgg" target="_blank">josepmgg</a>	1	0	1	139	243	295	Catalunya Barcelona La Sagrera	003
@josepmmar	<a href="https://twitter.com/josepmmar" target="_blank">josepmmar</a>	2	0	1	25	77	943	Girona, Catalunya	064
@JosepMMontaner	<a href="https://twitter.com/JosepMMontaner" target="_blank">JosepMMontaner</a>	2	4	0	604	990	3748	Solsona-Olius-Sant Andreu	150
@josepmuntpros	<a href="https://twitter.com/josepmuntpros" target="_blank">josepmuntpros</a>	4	0	1	309	381	8578	el Poblenou, Barcelona	007
@joseppique	<a href="https://twitter.com/joseppique" target="_blank">joseppique</a>	4	0	1	1274	575	15013	Segons el dia...	007
@joseppratscarre	<a href="https://twitter.com/joseppratscarre" target="_blank">joseppratscarre</a>	5	0	1	31	106	1250	Lérida, Cataluña	139
@JosepRamonBadia	<a href="https://twitter.com/JosepRamonBadia" target="_blank">JosepRamonBadia</a>	17	0	3	1107	2087	10639	Barcelona	009
@JosepRamonCB	<a href="https://twitter.com/JosepRamonCB" target="_blank">JosepRamonCB</a>	1	0	1	2	17	293	Pel món de les idees	003
@JosepReyBonet	<a href="https://twitter.com/JosepReyBonet" target="_blank">JosepReyBonet</a>	1	0	1	70	329	681	Tortosa - Tarragona	079
@JosepRicoma	<a href="https://twitter.com/JosepRicoma" target="_blank">JosepRicoma</a>	1	0	1	16	62	327		002
@joseproig75	<a href="https://twitter.com/joseproig75" target="_blank">joseproig75</a>	1	0	1	65	176	404		153
@JosepRuaix	<a href="https://twitter.com/JosepRuaix" target="_blank">JosepRuaix</a>	74	0	1	1256	3755	57222		001
@JosepRufa	<a href="https://twitter.com/JosepRufa" target="_blank">JosepRufa</a>	4	2	0	1189	1770	9568	La Selva del Camp	028
@josepuntcat	<a href="https://twitter.com/josepuntcat" target="_blank">josepuntcat</a>	9	14	1	22323	19166	41366	9NSíSí~ViaCatT50~V14~M15~Tgn16	084
@josepvidala	<a href="https://twitter.com/josepvidala" target="_blank">josepvidala</a>	4	0	1	19	66	1460	Toulouse, France	003
@JoSerrallonga	<a href="https://twitter.com/JoSerrallonga" target="_blank">JoSerrallonga</a>	9	0	1	73	85	9085	Catalunya	093
@JOSESANCHEZGAR2	<a href="https://twitter.com/JOSESANCHEZGAR2" target="_blank">JOSESANCHEZGAR2</a>	8	0	1	109	203	6366		317
@JosGranaC9	<a href="https://twitter.com/JosGranaC9" target="_blank">JosGranaC9</a>	2	0	1	43	79	5155	Andalucía	010
@Jospala3	<a href="https://twitter.com/Jospala3" target="_blank">Jospala3</a>	1	0	1	14	96	30		006
@jota_tepe	<a href="https://twitter.com/jota_tepe" target="_blank">jota_tepe</a>	2	0	1	33	399	395	Països Catalans.	007
@jovenmaori	<a href="https://twitter.com/jovenmaori" target="_blank">jovenmaori</a>	23	1	1	1867	2274	152262	Euskal Herria	089
@JovesValls	<a href="https://twitter.com/JovesValls" target="_blank">JovesValls</a>	1	1	0	8408	2048	6118	Valls	239
@jovesxindy	<a href="https://twitter.com/jovesxindy" target="_blank">jovesxindy</a>	2	0	1	1082	2844	1533	Catalunya	003
@jparetas	<a href="https://twitter.com/jparetas" target="_blank">jparetas</a>	1	0	1	428	534	4067		003
@jpellicer	<a href="https://twitter.com/jpellicer" target="_blank">jpellicer</a>	5	0	1	304	488	4781	iPhone: 41.605270,2.281738	003
@jpereta	<a href="https://twitter.com/jpereta" target="_blank">jpereta</a>	1	0	1	25	117	182	Lliçà d'Amunt, Catalunya	003
@jpinart	<a href="https://twitter.com/jpinart" target="_blank">jpinart</a>	2	0	1	1157	1740	1481	Països Catalans	001
@jpoveda1977	<a href="https://twitter.com/jpoveda1977" target="_blank">jpoveda1977</a>	7	0	1	644	547	15077		071
@jpresastwit	<a href="https://twitter.com/jpresastwit" target="_blank">jpresastwit</a>	4	0	1	382	264	1983	Girona	017
@jr_llover	<a href="https://twitter.com/jr_llover" target="_blank">jr_llover</a>	5	0	1	302	189	1978	Catalunya	099
@jrdois	<a href="https://twitter.com/jrdois" target="_blank">jrdois</a>	10	0	1	501	1440	22533	Sabadell	006
@jrdprdprm	<a href="https://twitter.com/jrdprdprm" target="_blank">jrdprdprm</a>	14	0	2	789	1120	63909	Barcelona. Catalunya	001
@JrealJavireal	<a href="https://twitter.com/JrealJavireal" target="_blank">JrealJavireal</a>	2	0	1	3699	4540	69018	Barcelona, España	105
@JredondoK	<a href="https://twitter.com/JredondoK" target="_blank">JredondoK</a>	15	0	2	290	227	40899		003
@JRNogueraVilalt	<a href="https://twitter.com/JRNogueraVilalt" target="_blank">JRNogueraVilalt</a>	7	0	1	122	183	8210	Catalunya	064
@jroch_musico	<a href="https://twitter.com/jroch_musico" target="_blank">jroch_musico</a>	1	0	1	88	354	1364	Barcelona, Catalunya	003
@jrodes09	<a href="https://twitter.com/jrodes09" target="_blank">jrodes09</a>	1	0	1	266	1084	3165	Barcelona	185
@jrodriguEZFilba	<a href="https://twitter.com/jrodriguEZFilba" target="_blank">jrodriguEZFilba</a>	20	0	1	836	1433	59380	Catalunya	024
@jrosell2000	<a href="https://twitter.com/jrosell2000" target="_blank">jrosell2000</a>	4	0	2	23	92	1243		019
@jsabat2	<a href="https://twitter.com/jsabat2" target="_blank">jsabat2</a>	1	0	1	25	90	91		105
@jsabateofficial	<a href="https://twitter.com/jsabateofficial" target="_blank">jsabateofficial</a>	4	0	1	469	607	8107	Maresme (El Masnou)  CATALONIA	005
@Jsala5	<a href="https://twitter.com/Jsala5" target="_blank">Jsala5</a>	1	0	1	222	309	5036	Badalona, Catalunya	003
@jsalvadorduch	<a href="https://twitter.com/jsalvadorduch" target="_blank">jsalvadorduch</a>	3	0	1	2850	1431	9794	Tarragona	002
@jsanmarge	<a href="https://twitter.com/jsanmarge" target="_blank">jsanmarge</a>	2	0	1	51	164	1871		019
@jsoler63	<a href="https://twitter.com/jsoler63" target="_blank">jsoler63</a>	6	0	1	4174	3922	118474		304
@jspribas	<a href="https://twitter.com/jspribas" target="_blank">jspribas</a>	6	0	1	747	1614	5195	Catalunya	003
@jtejerap11	<a href="https://twitter.com/jtejerap11" target="_blank">jtejerap11</a>	3	0	1	134	523	2875	llinars del vallès	091
@jtortosc	<a href="https://twitter.com/jtortosc" target="_blank">jtortosc</a>	1	0	1	88	112	164		007
@jtpuerto	<a href="https://twitter.com/jtpuerto" target="_blank">jtpuerto</a>	1	0	1	280	113	17584	Asturias, Gijón.	329
@Juanal_47	<a href="https://twitter.com/Juanal_47" target="_blank">Juanal_47</a>	2	0	1	5257	4645	117096	Euskadi i Catalunya	020
@juanbcnibz	<a href="https://twitter.com/juanbcnibz" target="_blank">juanbcnibz</a>	2	1	0	9	68	195		174
@juancarlosmohr	<a href="https://twitter.com/juancarlosmohr" target="_blank">juancarlosmohr</a>	2	0	1	20805	1084	57452		010
@juandelosciegos	<a href="https://twitter.com/juandelosciegos" target="_blank">juandelosciegos</a>	16	0	1	363	1388	8919	Viladecans (Barcelona)	019
@juandi	<a href="https://twitter.com/juandi" target="_blank">juandi</a>	9	0	1	137	411	4661		002
@juanedla	<a href="https://twitter.com/juanedla" target="_blank">juanedla</a>	5	0	1	30	78	4630	Barcelona	064
@JuaneloTurriano	<a href="https://twitter.com/JuaneloTurriano" target="_blank">JuaneloTurriano</a>	1	0	1	108	602	5636	Sants	007
@JuanfraCordoba	<a href="https://twitter.com/JuanfraCordoba" target="_blank">JuanfraCordoba</a>	2	0	1	110	171	890		017
@JuanJ2708	<a href="https://twitter.com/JuanJ2708" target="_blank">JuanJ2708</a>	19	0	1	90	144	14730	Cat	005
@juanmalinares	<a href="https://twitter.com/juanmalinares" target="_blank">juanmalinares</a>	1	0	1	1325	661	10636	Buenos Aires/Barcelona	091
@JuanolaRafel	<a href="https://twitter.com/JuanolaRafel" target="_blank">JuanolaRafel</a>	1	0	1	75	196	110	Banyoles, Espanya	039
@JuanPalop30490	<a href="https://twitter.com/JuanPalop30490" target="_blank">JuanPalop30490</a>	3	0	1	31	31	2126		135
@JuanRamonArnau	<a href="https://twitter.com/JuanRamonArnau" target="_blank">JuanRamonArnau</a>	11	0	1	160	337	27175		005
@JuanRibas	<a href="https://twitter.com/JuanRibas" target="_blank">JuanRibas</a>	3	0	1	905	1997	7217	Barcelona	127
@jucollvi	<a href="https://twitter.com/jucollvi" target="_blank">jucollvi</a>	18	0	1	79	110	24788		064
@Jud1969	<a href="https://twitter.com/Jud1969" target="_blank">Jud1969</a>	2	0	1	130	162	2042	Països Catalans	003
@Judd_Hysteria	<a href="https://twitter.com/Judd_Hysteria" target="_blank">Judd_Hysteria</a>	1	0	1	246	327	5991	Where nobody can find me	105
@JudithFontcat	<a href="https://twitter.com/JudithFontcat" target="_blank">JudithFontcat</a>	10	0	1	150	285	8512		001
@JudithM76093350	<a href="https://twitter.com/JudithM76093350" target="_blank">JudithM76093350</a>	1	0	1	17	332	492		005
@JudithSerradell	<a href="https://twitter.com/JudithSerradell" target="_blank">JudithSerradell</a>	4	0	2	22	123	585	Girona, Catalunya	006
@JuditPuig	<a href="https://twitter.com/JuditPuig" target="_blank">JuditPuig</a>	1	0	1	65	355	291	Torredembarra, Catalunya	003
@juditpujado	<a href="https://twitter.com/juditpujado" target="_blank">juditpujado</a>	21	0	1	340	341	5465	Catalunya	037
@judrocab	<a href="https://twitter.com/judrocab" target="_blank">judrocab</a>	4	1	0	213	296	3856	Catalunya	009
@juhcor	<a href="https://twitter.com/juhcor" target="_blank">juhcor</a>	8	0	1	118	324	4252	Platja d'aro, catalunya	003
@jukim1714	<a href="https://twitter.com/jukim1714" target="_blank">jukim1714</a>	1	0	1	14	233	339		003
@juliacl60	<a href="https://twitter.com/juliacl60" target="_blank">juliacl60</a>	9	0	2	5043	1364	60671		003
@juliagifre	<a href="https://twitter.com/juliagifre" target="_blank">juliagifre</a>	1	0	1	44	63	31	Bellcaire d'Empordà, Espanya	181
@JulianAssange	<a href="https://twitter.com/JulianAssange" target="_blank">JulianAssange</a>	2	14	0	438828	1	3018	Everywhere	099
@juliangrau	<a href="https://twitter.com/juliangrau" target="_blank">juliangrau</a>	45	0	2	1791	2139	156693	Bueno pues molt bé pues adiós.	001
@JuliaTreig	<a href="https://twitter.com/JuliaTreig" target="_blank">JuliaTreig</a>	0	1	0					237
@julidejdarmuoz	<a href="https://twitter.com/julidejdarmuoz" target="_blank">julidejdarmuoz</a>	9	0	1	10820	945	28528	barcelona, catalunya	007
@juliettta95	<a href="https://twitter.com/juliettta95" target="_blank">juliettta95</a>	9	0	2	788	1828	25391	Barcelona, Catalunya ll*ll	006
@julinhosbraun	<a href="https://twitter.com/julinhosbraun" target="_blank">julinhosbraun</a>	2	0	1	549	904	10660	BCN	108
@Julymon35	<a href="https://twitter.com/Julymon35" target="_blank">Julymon35</a>	4	0	1	97	387	1457	Catalonia	007
@junimont	<a href="https://twitter.com/junimont" target="_blank">junimont</a>	14	0	1	492	1102	24286		025
@Junot1807	<a href="https://twitter.com/Junot1807" target="_blank">Junot1807</a>	3	0	1	75	839	1685		002
@JuntsPelSi	<a href="https://twitter.com/JuntsPelSi" target="_blank">JuntsPelSi</a>	2	0	1	109025	632	15691		049
@JuntsPelSi_Cat	<a href="https://twitter.com/JuntsPelSi_Cat" target="_blank">JuntsPelSi_Cat</a>	35	0	1	3397	2406	95301		002
@jurgddb	<a href="https://twitter.com/jurgddb" target="_blank">jurgddb</a>	1	1	1	3	108	200		330
@justolaverdad	<a href="https://twitter.com/justolaverdad" target="_blank">justolaverdad</a>	5	0	1	1748	3642	83276		001
@jvallesdalmau68	<a href="https://twitter.com/jvallesdalmau68" target="_blank">jvallesdalmau68</a>	2	0	1	34	103	1073		079
@jvelascoerro	<a href="https://twitter.com/jvelascoerro" target="_blank">jvelascoerro</a>	5	0	1	408	91	163224		099
@jvfaig	<a href="https://twitter.com/jvfaig" target="_blank">jvfaig</a>	0	10	0					012
@jvila31	<a href="https://twitter.com/jvila31" target="_blank">jvila31</a>	24	0	3	345	681	28000	Figueres, Catalunya	009
@jvilach	<a href="https://twitter.com/jvilach" target="_blank">jvilach</a>	35	0	4	741	1036	39308	Barcelona, República Catalana	003
@jwatermelono	<a href="https://twitter.com/jwatermelono" target="_blank">jwatermelono</a>	2	0	1	207	1629	887		007
@jxf01	<a href="https://twitter.com/jxf01" target="_blank">jxf01</a>	7	0	1	45	447	1490	Mallorca, Països Catalans	003
@Kaffird	<a href="https://twitter.com/Kaffird" target="_blank">Kaffird</a>	1	0	1	43	274	872		120
@KaiRasmusen	<a href="https://twitter.com/KaiRasmusen" target="_blank">KaiRasmusen</a>	9	0	2	121	769	12749	maresme	001
@kakosaez	<a href="https://twitter.com/kakosaez" target="_blank">kakosaez</a>	2	0	2	130	1494	1340	Salou, España	006
@KaliYuga13	<a href="https://twitter.com/KaliYuga13" target="_blank">KaliYuga13</a>	20	0	2	343	223	85100		002
@kankushiro	<a href="https://twitter.com/kankushiro" target="_blank">kankushiro</a>	5	0	1	8	38	857		003
@kapdwells	<a href="https://twitter.com/kapdwells" target="_blank">kapdwells</a>	0	1	0					238
@karlostini	<a href="https://twitter.com/karlostini" target="_blank">karlostini</a>	8	0	1	191	592	23615	euskal herria	152
@karmeabad	<a href="https://twitter.com/karmeabad" target="_blank">karmeabad</a>	3	0	1	24	100	1157	Terrassa	008
@kataklock	<a href="https://twitter.com/kataklock" target="_blank">kataklock</a>	28	2	2	1499	2819	42283	República Catalana	005
@KatMacktub	<a href="https://twitter.com/KatMacktub" target="_blank">KatMacktub</a>	8	0	1	375	1706	15278	Mollerussa, Catalunya	008
@kattegat_	<a href="https://twitter.com/kattegat_" target="_blank">kattegat_</a>	1	1	0	5	40	134	Barcelona, España	240
@kavisvaski	<a href="https://twitter.com/kavisvaski" target="_blank">kavisvaski</a>	4	1	0	92	212	2085		038
@KawasakiManZ750	<a href="https://twitter.com/KawasakiManZ750" target="_blank">KawasakiManZ750</a>	3	0	1	31	102	769		003
@KebNuit	<a href="https://twitter.com/KebNuit" target="_blank">KebNuit</a>	5	0	1	73	257	4116		003
@KeeganGar	<a href="https://twitter.com/KeeganGar" target="_blank">KeeganGar</a>	8	0	1	332	766	4575	Catalunya	008
@keldomenech	<a href="https://twitter.com/keldomenech" target="_blank">keldomenech</a>	6	0	1	454	439	4994	Besalú - near Barcelona	003
@Kellliure	<a href="https://twitter.com/Kellliure" target="_blank">Kellliure</a>	42	0	5	255	366	49993		003
@Kenauko	<a href="https://twitter.com/Kenauko" target="_blank">Kenauko</a>	3	0	1	110	225	1801		126
@kenllura_vallsm	<a href="https://twitter.com/kenllura_vallsm" target="_blank">kenllura_vallsm</a>	2	0	1	32	126	1184	Barcelona	001
@ketarosa	<a href="https://twitter.com/ketarosa" target="_blank">ketarosa</a>	1	0	1	215	587	455	Les Borges del Camp	003
@kgaseni	<a href="https://twitter.com/kgaseni" target="_blank">kgaseni</a>	1	1	0	723	1160	8131		236
@Kgumlolla	<a href="https://twitter.com/Kgumlolla" target="_blank">Kgumlolla</a>	5	0	1	110	373	1298	deBreda, LaBatllòria i delmón	118
@kiakli	<a href="https://twitter.com/kiakli" target="_blank">kiakli</a>	4	0	1	248	359	9057	Barcelona, Catalonia	229
@kiketomas	<a href="https://twitter.com/kiketomas" target="_blank">kiketomas</a>	7	0	1	146	869	6416	Montmeló Barcelona, Catalunya	005
@kikucatkiku	<a href="https://twitter.com/kikucatkiku" target="_blank">kikucatkiku</a>	5	0	2	7099	6555	33654		073
@kikucule	<a href="https://twitter.com/kikucule" target="_blank">kikucule</a>	24	0	3	6890	5740	231029	Barcelona, Catalunya	001
@kikupipo	<a href="https://twitter.com/kikupipo" target="_blank">kikupipo</a>	37	0	1	8646	7051	385845		005
@KilianLohse	<a href="https://twitter.com/KilianLohse" target="_blank">KilianLohse</a>	1	0	1	53	237	1721	Catalunya	005
@kim_soler	<a href="https://twitter.com/kim_soler" target="_blank">kim_soler</a>	3	54	0	10659	2802	26466	Catalonia, Europe, World	001
@kinbota	<a href="https://twitter.com/kinbota" target="_blank">kinbota</a>	42	0	3	191	225	44853		009
@kirapermanyer	<a href="https://twitter.com/kirapermanyer" target="_blank">kirapermanyer</a>	2	0	1	306	594	5022	BARCELONA, SPAIN	007
@kitoxs	<a href="https://twitter.com/kitoxs" target="_blank">kitoxs</a>	4	0	1	100	130	3909		003
@Kitty1983Hello	<a href="https://twitter.com/Kitty1983Hello" target="_blank">Kitty1983Hello</a>	19	0	1	21	429	2107		011
@klaralopezlopez	<a href="https://twitter.com/klaralopezlopez" target="_blank">klaralopezlopez</a>	4	0	1	887	1502	33725		043
@knilodelatorra	<a href="https://twitter.com/knilodelatorra" target="_blank">knilodelatorra</a>	0	3	0					159
@KnoDemagog	<a href="https://twitter.com/KnoDemagog" target="_blank">KnoDemagog</a>	13	0	1	157	569	11348	Barcelona	207
@knur	<a href="https://twitter.com/knur" target="_blank">knur</a>	1	0	1	336	645	2045	Eixample, Barcelona	019
@Koldo_	<a href="https://twitter.com/Koldo_" target="_blank">Koldo_</a>	8	0	2	101	191	2336	Figueres	026
@konx78	<a href="https://twitter.com/konx78" target="_blank">konx78</a>	7	0	1	189	251	34651	Granollers	064
@kopcat30	<a href="https://twitter.com/kopcat30" target="_blank">kopcat30</a>	2	0	1	88	272	4325	catalunya	007
@koskita	<a href="https://twitter.com/koskita" target="_blank">koskita</a>	1	0	1	25066	24770	287333	Mi Patria es el mundo!!!	121
@Kquim23	<a href="https://twitter.com/Kquim23" target="_blank">Kquim23</a>	17	0	2	198	439	17175		084
@krmeta12	<a href="https://twitter.com/krmeta12" target="_blank">krmeta12</a>	3	0	1	6680	2962	71967		003
@Krostens	<a href="https://twitter.com/Krostens" target="_blank">Krostens</a>	12	0	1	241	614	15162	Badalona, Catalunya	003
@krutx	<a href="https://twitter.com/krutx" target="_blank">krutx</a>	5	0	1	252	974	9988		001
@ks7000	<a href="https://twitter.com/ks7000" target="_blank">ks7000</a>	3	0	1	1458	820	118818	Venezuela.	003
@Kskabell	<a href="https://twitter.com/Kskabell" target="_blank">Kskabell</a>	1	0	1	23	27	34		105
@KtarCesc	<a href="https://twitter.com/KtarCesc" target="_blank">KtarCesc</a>	3	0	1	16	50	966		002
@Kunsapeta	<a href="https://twitter.com/Kunsapeta" target="_blank">Kunsapeta</a>	4	0	1	406	850	6709	||*||	193
@kurbai	<a href="https://twitter.com/kurbai" target="_blank">kurbai</a>	1	0	1	250	531	3537	Barcelona	091
@kxuxng	<a href="https://twitter.com/kxuxng" target="_blank">kxuxng</a>	2	0	1	167	190	7570	Poblacht na hÉireann	037
@L_ESPADATDEFOC	<a href="https://twitter.com/L_ESPADATDEFOC" target="_blank">L_ESPADATDEFOC</a>	1	0	1	357	260	4608	VALLS, CATALUNYA	036
@La___Gertrudis	<a href="https://twitter.com/La___Gertrudis" target="_blank">La___Gertrudis</a>	3	0	1	289	1548	2460		019
@la__doll	<a href="https://twitter.com/la__doll" target="_blank">la__doll</a>	3	1	0	1338	910	40941	Waikapu, HI	234
@la_magnolia	<a href="https://twitter.com/la_magnolia" target="_blank">la_magnolia</a>	7	0	1	138	237	8624	barcelona	015
@la_marcella	<a href="https://twitter.com/la_marcella" target="_blank">la_marcella</a>	1	0	1	28	119	281	Catalunya	003
@la_poua	<a href="https://twitter.com/la_poua" target="_blank">la_poua</a>	3	0	1	227	674	4271	Moianès	106
@la_Sageta	<a href="https://twitter.com/la_Sageta" target="_blank">la_Sageta</a>	7	0	3	1577	1119	2279	La Nau, 11 (Tarragona)	051
@Laaaaaia	<a href="https://twitter.com/Laaaaaia" target="_blank">Laaaaaia</a>	2	0	1	272	397	4282	Barcelona, Catalunya	002
@labaulalleida	<a href="https://twitter.com/labaulalleida" target="_blank">labaulalleida</a>	7	0	1	959	983	2759	Lleida	112
@lacasadelcopy	<a href="https://twitter.com/lacasadelcopy" target="_blank">lacasadelcopy</a>	0	2	0					164
@lacasademitia	<a href="https://twitter.com/lacasademitia" target="_blank">lacasademitia</a>	4	0	1	9276	10047	75297	Canarias	084
@LaChicaCule27	<a href="https://twitter.com/LaChicaCule27" target="_blank">LaChicaCule27</a>	3	0	1	705	2328	9896		035
@lady_himawari	<a href="https://twitter.com/lady_himawari" target="_blank">lady_himawari</a>	1	0	1	67	242	471	Banyoles, Catalunya	003
@laespadamocles	<a href="https://twitter.com/laespadamocles" target="_blank">laespadamocles</a>	1	9	0	66	281	2497		115
@lagoodseny	<a href="https://twitter.com/lagoodseny" target="_blank">lagoodseny</a>	22	0	2	1112	3606	55103		008
@LaHaineInfo	<a href="https://twitter.com/LaHaineInfo" target="_blank">LaHaineInfo</a>	18	16	0	14513	1893	33195		010
@laia_luque	<a href="https://twitter.com/laia_luque" target="_blank">laia_luque</a>	2	0	1	158	98	1632		003
@laia_marimon	<a href="https://twitter.com/laia_marimon" target="_blank">laia_marimon</a>	2	0	1	121	197	317		064
@laia_puig	<a href="https://twitter.com/laia_puig" target="_blank">laia_puig</a>	6	0	1	232	328	3354		003
@laia_sc	<a href="https://twitter.com/laia_sc" target="_blank">laia_sc</a>	4	0	1	78	121	2929		156
@LaiaCasasayas	<a href="https://twitter.com/LaiaCasasayas" target="_blank">LaiaCasasayas</a>	1	0	1	124	213	272	Sant Fost de Campsentelles	064
@LaiaCast	<a href="https://twitter.com/LaiaCast" target="_blank">LaiaCast</a>	2	0	2	436	485	1840	Valls	036
@LaiaFacet	<a href="https://twitter.com/LaiaFacet" target="_blank">LaiaFacet</a>	6	0	1	719	549	1788	Barcelona, Cataluña	118
@laiafagesp	<a href="https://twitter.com/laiafagesp" target="_blank">laiafagesp</a>	0	5	0					133
@laialuz	<a href="https://twitter.com/laialuz" target="_blank">laialuz</a>	3	0	1	16	14	127		003
@laiamagell	<a href="https://twitter.com/laiamagell" target="_blank">laiamagell</a>	1	0	1	33	264	972		005
@laiashelley	<a href="https://twitter.com/laiashelley" target="_blank">laiashelley</a>	1	0	1	1356	719	25532	Catalunya	105
@LaiaZaragoza	<a href="https://twitter.com/LaiaZaragoza" target="_blank">LaiaZaragoza</a>	1	0	1	184	121	497		003
@Laiesken	<a href="https://twitter.com/Laiesken" target="_blank">Laiesken</a>	19	0	1	1294	2342	78574	Gràcia, Barcelona, Catalunya	001
@Laiiia95	<a href="https://twitter.com/Laiiia95" target="_blank">Laiiia95</a>	1	0	1	435	1548	7088	Barcelona, catalunya	082
@laimabcn	<a href="https://twitter.com/laimabcn" target="_blank">laimabcn</a>	1	0	1	48	146	1075		105
@Lainavil	<a href="https://twitter.com/Lainavil" target="_blank">Lainavil</a>	3	0	2	37	281	1799		006
@Laksmizz	<a href="https://twitter.com/Laksmizz" target="_blank">Laksmizz</a>	6	44	0	14291	12365	14934	Reus / New York ||★||	003
@lalimolist	<a href="https://twitter.com/lalimolist" target="_blank">lalimolist</a>	1	0	1	38	143	995		081
@laliwhite_	<a href="https://twitter.com/laliwhite_" target="_blank">laliwhite_</a>	3	0	1	91	360	674	Montréal, Québec	003
@lamarta	<a href="https://twitter.com/lamarta" target="_blank">lamarta</a>	24	0	3	954	926	43584	Catalunya	001
@lamerelama	<a href="https://twitter.com/lamerelama" target="_blank">lamerelama</a>	4	0	1	68	66	8239	jpn	003
@LaMitjanit	<a href="https://twitter.com/LaMitjanit" target="_blank">LaMitjanit</a>	1	0	1	1685	896	3107	PPCC	066
@LandaJauna	<a href="https://twitter.com/LandaJauna" target="_blank">LandaJauna</a>	17	16	1	1477	1455	46681	Iruñea [Basque Free Republic]	010
@Lanesttosa	<a href="https://twitter.com/Lanesttosa" target="_blank">Lanesttosa</a>	6	0	1	1194	1224	43216	Bilbo, Bizkaia.	002
@LaPratty	<a href="https://twitter.com/LaPratty" target="_blank">LaPratty</a>	2	0	1	73	161	1079		005
@LaraToroLienas	<a href="https://twitter.com/LaraToroLienas" target="_blank">LaraToroLienas</a>	3	1	1	280	123	1957	Barcelona	083
@larrymcarrow	<a href="https://twitter.com/larrymcarrow" target="_blank">larrymcarrow</a>	1	0	1	9	91	263		007
@lasilviaijo	<a href="https://twitter.com/lasilviaijo" target="_blank">lasilviaijo</a>	44	0	2	313	857	37421		001
@latorradora	<a href="https://twitter.com/latorradora" target="_blank">latorradora</a>	2	0	1	288	615	2721		001
@latxell	<a href="https://twitter.com/latxell" target="_blank">latxell</a>	1	0	1	35	63	170		311
@lau97l	<a href="https://twitter.com/lau97l" target="_blank">lau97l</a>	2	2	0	230	143	10373	Catalunya, Països Catalans	161
@laubcn1978	<a href="https://twitter.com/laubcn1978" target="_blank">laubcn1978</a>	6	0	1	155	240	5381		005
@laura__moyano	<a href="https://twitter.com/laura__moyano" target="_blank">laura__moyano</a>	3	0	1	61	166	2402		003
@lauraaranv	<a href="https://twitter.com/lauraaranv" target="_blank">lauraaranv</a>	2	1	0	207	62	1729		168
@laurabassa19	<a href="https://twitter.com/laurabassa19" target="_blank">laurabassa19</a>	2	0	1	372	353	5061	-Cardedeu- Barcelona	094
@Lauracanut	<a href="https://twitter.com/Lauracanut" target="_blank">Lauracanut</a>	1	0	1	28	147	566		008
@lauracastelfort	<a href="https://twitter.com/lauracastelfort" target="_blank">lauracastelfort</a>	4	0	1	1269	931	2996	Donec perficiam Cathalunya	002
@LauraFontVila	<a href="https://twitter.com/LauraFontVila" target="_blank">LauraFontVila</a>	1	0	1	121	82	182		105
@LauraGranadosW	<a href="https://twitter.com/LauraGranadosW" target="_blank">LauraGranadosW</a>	2	0	1	503	992	3627	Catalunya	006
@LauraIriberri	<a href="https://twitter.com/LauraIriberri" target="_blank">LauraIriberri</a>	1	0	1	13	52	44	Barcelona, Cataluña	018
@lauralepick	<a href="https://twitter.com/lauralepick" target="_blank">lauralepick</a>	1	0	1	312	1735	5139		077
@LauraOreig	<a href="https://twitter.com/LauraOreig" target="_blank">LauraOreig</a>	1	0	1	149	322	2397		271
@laurapinyol	<a href="https://twitter.com/laurapinyol" target="_blank">laurapinyol</a>	0	2	0					182
@LauraPuig11	<a href="https://twitter.com/LauraPuig11" target="_blank">LauraPuig11</a>	1	0	1	22	102	17	Catalunya	003
@Laurarenas66	<a href="https://twitter.com/Laurarenas66" target="_blank">Laurarenas66</a>	1	29	0	5799	1837	55502	#SC #BM #CAT	018
@laurarv	<a href="https://twitter.com/laurarv" target="_blank">laurarv</a>	3	0	1	528	758	1702		110
@Laurence_Sterne	<a href="https://twitter.com/Laurence_Sterne" target="_blank">Laurence_Sterne</a>	31	0	1	226	227	35044		007
@laureta79	<a href="https://twitter.com/laureta79" target="_blank">laureta79</a>	1	0	1	87	529	1141	Barcelona	007
@lauretaingalls	<a href="https://twitter.com/lauretaingalls" target="_blank">lauretaingalls</a>	8	0	1	196	618	2160		036
@Laureus_nobilis	<a href="https://twitter.com/Laureus_nobilis" target="_blank">Laureus_nobilis</a>	2	0	1	110	459	1107	Barcelona, Catalunya	006
@laurls86	<a href="https://twitter.com/laurls86" target="_blank">laurls86</a>	1	0	1	554	693	1210	Barcelona	007
@lavernicola	<a href="https://twitter.com/lavernicola" target="_blank">lavernicola</a>	7	0	1	123	334	4855	Reading, England	002
@LaXungaCPS	<a href="https://twitter.com/LaXungaCPS" target="_blank">LaXungaCPS</a>	3	3	0	92	349	1030	Poble Sec	032
@laziopunk	<a href="https://twitter.com/laziopunk" target="_blank">laziopunk</a>	1	0	1	314	1085	2508		003
@LCabreraBosquet	<a href="https://twitter.com/LCabreraBosquet" target="_blank">LCabreraBosquet</a>	1	0	1	72	122	99	Montpellier, France	003
@lcanalsb	<a href="https://twitter.com/lcanalsb" target="_blank">lcanalsb</a>	8	0	3	85	1027	1060	Barcelon - Catalunya	012
@lciuro	<a href="https://twitter.com/lciuro" target="_blank">lciuro</a>	3	1	0	3734	984	15953	Sabadell	003
@lectoracorrent	<a href="https://twitter.com/lectoracorrent" target="_blank">lectoracorrent</a>	2	0	1	1218	784	7795	Barcelona	017
@lectorinformat	<a href="https://twitter.com/lectorinformat" target="_blank">lectorinformat</a>	6	0	1	14	79	1243		003
@lego1949	<a href="https://twitter.com/lego1949" target="_blank">lego1949</a>	1	0	1	34	216	2392		001
@Legolasindar	<a href="https://twitter.com/Legolasindar" target="_blank">Legolasindar</a>	3	0	1	56	98	3776	Països Catalans	048
@leina_espaijove	<a href="https://twitter.com/leina_espaijove" target="_blank">leina_espaijove</a>	0	4	0					027
@leirecaridad	<a href="https://twitter.com/leirecaridad" target="_blank">leirecaridad</a>	2	0	1	402	294	2109		189
@leirefig	<a href="https://twitter.com/leirefig" target="_blank">leirefig</a>	4	0	1	72	139	4978		083
@leo_avanti	<a href="https://twitter.com/leo_avanti" target="_blank">leo_avanti</a>	2	0	1	57	118	3288		003
@LescortsSantsSI	<a href="https://twitter.com/LescortsSantsSI" target="_blank">LescortsSantsSI</a>	7	0	1	950	2110	11006	BCN- Les Corts-Sants-Montjuïc	003
@lexotania63	<a href="https://twitter.com/lexotania63" target="_blank">lexotania63</a>	1	0	1	944	2026	61732		107
@LFImagina	<a href="https://twitter.com/LFImagina" target="_blank">LFImagina</a>	10	1	0	741	652	6480	Les Franqueses del Vallès	227
@LiadaLiosa	<a href="https://twitter.com/LiadaLiosa" target="_blank">LiadaLiosa</a>	2	0	1	34	197	1513	Badalona, España	005
@Libe_RV	<a href="https://twitter.com/Libe_RV" target="_blank">Libe_RV</a>	2	0	1	370	302	6108	Bilbo - EUSKAL HERRIA.	119
@librosconalma	<a href="https://twitter.com/librosconalma" target="_blank">librosconalma</a>	3	1	0	4386	4998	42333	Barcelona, España	228
@lickiwicki	<a href="https://twitter.com/lickiwicki" target="_blank">lickiwicki</a>	15	0	1	131	185	27054		003
@LidiaSauraB	<a href="https://twitter.com/LidiaSauraB" target="_blank">LidiaSauraB</a>	2	0	1	823	716	31923	Tortosa, terres de l'Ebre	079
@lilamesq	<a href="https://twitter.com/lilamesq" target="_blank">lilamesq</a>	2	0	1	793	708	30178	Recife | Brasil	103
@Linaguasca	<a href="https://twitter.com/Linaguasca" target="_blank">Linaguasca</a>	7	2	0	2515	2527	11365	Sant Fost de Campsentelles	063
@linarestc	<a href="https://twitter.com/linarestc" target="_blank">linarestc</a>	1	1	0	240	751	1334	Barcelona	226
@LinarJordi	<a href="https://twitter.com/LinarJordi" target="_blank">LinarJordi</a>	3	0	1	25	85	2656		091
@lindyhomer	<a href="https://twitter.com/lindyhomer" target="_blank">lindyhomer</a>	1	0	1	1534	672	26653	Barcelona - Minneapolis	105
@linuxnow	<a href="https://twitter.com/linuxnow" target="_blank">linuxnow</a>	1	2	1	94	246	2510		006
@lionelpla	<a href="https://twitter.com/lionelpla" target="_blank">lionelpla</a>	4	11	0	217	339	909	Sort	111
@Lirico	<a href="https://twitter.com/Lirico" target="_blank">Lirico</a>	1	0	1	70032	133	122774		090
@LIRORIALLER	<a href="https://twitter.com/LIRORIALLER" target="_blank">LIRORIALLER</a>	1	0	1	27	160	264		003
@lisengfp	<a href="https://twitter.com/lisengfp" target="_blank">lisengfp</a>	13	0	1	206	725	4629		005
@littlemisspinyi	<a href="https://twitter.com/littlemisspinyi" target="_blank">littlemisspinyi</a>	2	0	1	106	141	1311	Barcelona	007
@LittleWing17	<a href="https://twitter.com/LittleWing17" target="_blank">LittleWing17</a>	2	1	0	460	784	12469	València - Barcelona	006
@Lizacooker	<a href="https://twitter.com/Lizacooker" target="_blank">Lizacooker</a>	10	0	1	325	243	20086	Catalunya	008
@Ll_Mateo	<a href="https://twitter.com/Ll_Mateo" target="_blank">Ll_Mateo</a>	9	0	1	649	606	55610	Catalunya	093
@llagus77	<a href="https://twitter.com/llagus77" target="_blank">llagus77</a>	5	0	1	53	105	2383		008
@llaloy	<a href="https://twitter.com/llaloy" target="_blank">llaloy</a>	1	0	1	23	59	131		002
@llatelodije	<a href="https://twitter.com/llatelodije" target="_blank">llatelodije</a>	2	0	1	84	389	582	BARCELONA	216
@LlatseEmili	<a href="https://twitter.com/LlatseEmili" target="_blank">LlatseEmili</a>	25	0	3	18	34	3004	Esparreguera, Cat	002
@llaurado_se	<a href="https://twitter.com/llaurado_se" target="_blank">llaurado_se</a>	16	0	1	110	113	5203	Caste	064
@llcc40	<a href="https://twitter.com/llcc40" target="_blank">llcc40</a>	3	0	1	289	341	5502		003
@Llcia2	<a href="https://twitter.com/Llcia2" target="_blank">Llcia2</a>	1	0	1	1	40	97		064
@Llibertatcat	<a href="https://twitter.com/Llibertatcat" target="_blank">Llibertatcat</a>	18	12	0	23922	17014	54723	Països Catalans	020
@LlibertB	<a href="https://twitter.com/LlibertB" target="_blank">LlibertB</a>	5	0	1	2056	1142	50480	República de Catalunya	006
@llibertmargalef	<a href="https://twitter.com/llibertmargalef" target="_blank">llibertmargalef</a>	14	0	1	143	253	5680		005
@llJoramll	<a href="https://twitter.com/llJoramll" target="_blank">llJoramll</a>	4	0	1	175	384	961	Catalunya	064
@llorens_marc	<a href="https://twitter.com/llorens_marc" target="_blank">llorens_marc</a>	1	0	1	348	621	2585	Centelles, Catalunya	002
@lloretmontse	<a href="https://twitter.com/lloretmontse" target="_blank">lloretmontse</a>	15	0	3	187	213	19738	Castellcir, Catalunya	009
@llsalellasvilar	<a href="https://twitter.com/llsalellasvilar" target="_blank">llsalellasvilar</a>	11	0	1	6320	1472	13362	Països Catalans	154
@llturro	<a href="https://twitter.com/llturro" target="_blank">llturro</a>	8	2	0	1332	1231	19382	Catalunya ||*||	169
@lluballu	<a href="https://twitter.com/lluballu" target="_blank">lluballu</a>	1	0	1	21	139	147	Catalunya, Espanya	003
@lluciaferrer	<a href="https://twitter.com/lluciaferrer" target="_blank">lluciaferrer</a>	3	0	1	4735	2380	8071	Bcn/Manlleu	007
@llucreixach	<a href="https://twitter.com/llucreixach" target="_blank">llucreixach</a>	1	0	1	3908	4142	6190	Barcelona / Girona CAT	244
@Lluis_Casanovas	<a href="https://twitter.com/Lluis_Casanovas" target="_blank">Lluis_Casanovas</a>	37	3	2	9179	7066	199607	Reus and Cambrils, Catalunya .	003
@lluis_colas	<a href="https://twitter.com/lluis_colas" target="_blank">lluis_colas</a>	1	0	1	24	51	242		003
@Lluis_Ducet	<a href="https://twitter.com/Lluis_Ducet" target="_blank">Lluis_Ducet</a>	9	0	2	774	1006	59620	Esplugues de Llobregat	013
@Lluis_Gimenez	<a href="https://twitter.com/Lluis_Gimenez" target="_blank">Lluis_Gimenez</a>	2	0	1	475	245	6004	Vilafranca - Catalunya	005
@Lluis_Sole	<a href="https://twitter.com/Lluis_Sole" target="_blank">Lluis_Sole</a>	1	0	1	24	55	380	Lleida, Espanya	003
@lluis1893	<a href="https://twitter.com/lluis1893" target="_blank">lluis1893</a>	19	0	1	3423	3395	55001	Barcelona	098
@LluisAlcala	<a href="https://twitter.com/LluisAlcala" target="_blank">LluisAlcala</a>	4	0	1	321	293	7699	Barcelona	007
@LluisBorrell87	<a href="https://twitter.com/LluisBorrell87" target="_blank">LluisBorrell87</a>	2	0	1	423	1059	16093	|Goiânia - GO - Brasil|	003
@LluisCobaledaM	<a href="https://twitter.com/LluisCobaledaM" target="_blank">LluisCobaledaM</a>	3	0	1	153	430	1691	Catalunya	007
@lluisct	<a href="https://twitter.com/lluisct" target="_blank">lluisct</a>	1	0	1	130	70	1595		076
@Lluisdanes	<a href="https://twitter.com/Lluisdanes" target="_blank">Lluisdanes</a>	3	0	2	1417	133	4022	Arenys de Mar	009
@lluisdecalapona	<a href="https://twitter.com/lluisdecalapona" target="_blank">lluisdecalapona</a>	1	0	1	8	55	28	barcelona	003
@LluisDeMar	<a href="https://twitter.com/LluisDeMar" target="_blank">LluisDeMar</a>	21	0	2	129	134	32488	Catalunya lliure	005
@lluisgibert	<a href="https://twitter.com/lluisgibert" target="_blank">lluisgibert</a>	4	0	2	6085	1746	53298	Reus	037
@lluisgpera	<a href="https://twitter.com/lluisgpera" target="_blank">lluisgpera</a>	2	0	1	148	200	4626	Vilanova del Vallès	036
@LluisMarco1	<a href="https://twitter.com/LluisMarco1" target="_blank">LluisMarco1</a>	18	0	1	1585	529	17668	Catalunya	064
@lluismarley	<a href="https://twitter.com/lluismarley" target="_blank">lluismarley</a>	6	0	1	515	558	11955		003
@LluisNavarrete	<a href="https://twitter.com/LluisNavarrete" target="_blank">LluisNavarrete</a>	2	0	1	481	1545	6111	Baix Penedes,	007
@lluisoliveras	<a href="https://twitter.com/lluisoliveras" target="_blank">lluisoliveras</a>	6	0	2	966	948	10596		018
@LluisR3	<a href="https://twitter.com/LluisR3" target="_blank">LluisR3</a>	5	0	1	70	214	3566	Catalunya	160
@lluisredondo	<a href="https://twitter.com/lluisredondo" target="_blank">lluisredondo</a>	7	0	3	1459	1458	14316	República de Catalunya, EU.	011
@Lluisrigal	<a href="https://twitter.com/Lluisrigal" target="_blank">Lluisrigal</a>	5	0	1	153	357	1823		002
@lluisrimon	<a href="https://twitter.com/lluisrimon" target="_blank">lluisrimon</a>	7	0	1	114	267	4359		002
@LluisSabates	<a href="https://twitter.com/LluisSabates" target="_blank">LluisSabates</a>	16	0	5	1187	1326	32882	Torelló - Vall del Ges	008
@LluisTomas_	<a href="https://twitter.com/LluisTomas_" target="_blank">LluisTomas_</a>	3	0	1	58	61	1823	Catalunya, La Terra	005
@lluisvives24	<a href="https://twitter.com/lluisvives24" target="_blank">lluisvives24</a>	8	0	3	51	45	695	Barcelona, España	005
@llumenera	<a href="https://twitter.com/llumenera" target="_blank">llumenera</a>	1	6	0	1018	878	9322	Vila de Gràcia, Catalunya	044
@llunavermella	<a href="https://twitter.com/llunavermella" target="_blank">llunavermella</a>	166	0	4	3532	791	445765	catalunya	001
@Llusa19	<a href="https://twitter.com/Llusa19" target="_blank">Llusa19</a>	11	0	1	26	124	4392		093
@LMadurell	<a href="https://twitter.com/LMadurell" target="_blank">LMadurell</a>	11	0	1	582	437	25159		105
@Lo_Descurat	<a href="https://twitter.com/Lo_Descurat" target="_blank">Lo_Descurat</a>	3	0	1	143	709	3413		064
@loCarranquer	<a href="https://twitter.com/loCarranquer" target="_blank">loCarranquer</a>	12	0	1	1633	590	22524	Cervera, La Segarra	003
@locisko	<a href="https://twitter.com/locisko" target="_blank">locisko</a>	3	0	1	146	455	3775	Països Catalans	111
@Loidape	<a href="https://twitter.com/Loidape" target="_blank">Loidape</a>	1	0	1	208	294	2717		003
@lola_creus	<a href="https://twitter.com/lola_creus" target="_blank">lola_creus</a>	4	0	1	75	315	1021		006
@LolaBardo	<a href="https://twitter.com/LolaBardo" target="_blank">LolaBardo</a>	1	0	1	17	28	59		002
@LolaPareja	<a href="https://twitter.com/LolaPareja" target="_blank">LolaPareja</a>	2	0	1	56	234	2407		105
@lolimagaz	<a href="https://twitter.com/lolimagaz" target="_blank">lolimagaz</a>	4	0	1	1355	1789	55224		006
@Lomaikel93	<a href="https://twitter.com/Lomaikel93" target="_blank">Lomaikel93</a>	1	0	1	455	944	3776		003
@lopeza81	<a href="https://twitter.com/lopeza81" target="_blank">lopeza81</a>	1	0	1	13	89	120	badalona	005
@LopezCanero	<a href="https://twitter.com/LopezCanero" target="_blank">LopezCanero</a>	2	0	1	3	38	37	Guissona, España	266
@LoRavenant	<a href="https://twitter.com/LoRavenant" target="_blank">LoRavenant</a>	3	0	1	26	163	1183	Catalunya	003
@lord_Jordi	<a href="https://twitter.com/lord_Jordi" target="_blank">lord_Jordi</a>	12	0	1	51	46	5501	Tàrrega, España	002
@Lord_Maramu	<a href="https://twitter.com/Lord_Maramu" target="_blank">Lord_Maramu</a>	3	0	1	28	117	2312		064
@LordCanario	<a href="https://twitter.com/LordCanario" target="_blank">LordCanario</a>	1	0	1	421	517	26782	Islas Canarias	003
@LordCaptainLol	<a href="https://twitter.com/LordCaptainLol" target="_blank">LordCaptainLol</a>	34	0	1	69	126	8400		064
@Lordcat10	<a href="https://twitter.com/Lordcat10" target="_blank">Lordcat10</a>	6	0	1	9	238	1093	Barcelona	005
@Loren81046635	<a href="https://twitter.com/Loren81046635" target="_blank">Loren81046635</a>	24	0	2	202	456	16173	Donostia ,Euskal Herria	072
@losingmyhead	<a href="https://twitter.com/losingmyhead" target="_blank">losingmyhead</a>	3	0	2	253	891	6767	Ciutadella - Paiporta	006
@Losona77	<a href="https://twitter.com/Losona77" target="_blank">Losona77</a>	1	1	1	65	203	505	Catalunya, Barcelona	064
@loste_m	<a href="https://twitter.com/loste_m" target="_blank">loste_m</a>	2	0	1	24	588	998		064
@lothlertu	<a href="https://twitter.com/lothlertu" target="_blank">lothlertu</a>	33	0	3	3172	2427	387144		087
@loucerdanya	<a href="https://twitter.com/loucerdanya" target="_blank">loucerdanya</a>	3	0	1	2084	2034	43111	Lourdes Insa	110
@LourdesClave	<a href="https://twitter.com/LourdesClave" target="_blank">LourdesClave</a>	3	0	2	392	2134	2182	Alt Camp, Països Catalans	082
@lozanoigorrr	<a href="https://twitter.com/lozanoigorrr" target="_blank">lozanoigorrr</a>	5	0	1	339	632	13280	Orio, Euskal Herria	099
@lponse	<a href="https://twitter.com/lponse" target="_blank">lponse</a>	2	0	2	32	152	255	Igualada	046
@Lserranochacon	<a href="https://twitter.com/Lserranochacon" target="_blank">Lserranochacon</a>	2	0	1	90	305	3045	Sabadell, Barcelona, Catalunya	091
@lucam_68	<a href="https://twitter.com/lucam_68" target="_blank">lucam_68</a>	1	0	1	62	91	2801	Sant’Egidio alla Vibrata	183
@lucasmessi1232	<a href="https://twitter.com/lucasmessi1232" target="_blank">lucasmessi1232</a>	2	0	1	85	167	3997		003
@LuisCentelles	<a href="https://twitter.com/LuisCentelles" target="_blank">LuisCentelles</a>	1	0	1	252	1263	5300	La Pobla Tornesa	003
@LuisJaRuiz13	<a href="https://twitter.com/LuisJaRuiz13" target="_blank">LuisJaRuiz13</a>	6	0	3	221	758	11721	Castellón de la Plana, España	035
@LuisMarin86	<a href="https://twitter.com/LuisMarin86" target="_blank">LuisMarin86</a>	3	0	1	56	208	4478		002
@luisollokiegi	<a href="https://twitter.com/luisollokiegi" target="_blank">luisollokiegi</a>	1	0	1	21	63	824	Elduain, País Vasco	105
@luitic75	<a href="https://twitter.com/luitic75" target="_blank">luitic75</a>	1	0	1	62	254	468		105
@lukaskywalker19	<a href="https://twitter.com/lukaskywalker19" target="_blank">lukaskywalker19</a>	1	0	1	165	245	12616	Buscando el Equilibrio	147
@Lukk____	<a href="https://twitter.com/Lukk____" target="_blank">Lukk____</a>	0	1	0					224
@lulipepo1	<a href="https://twitter.com/lulipepo1" target="_blank">lulipepo1</a>	7	0	2	333	341	16543		003
@lulu6019	<a href="https://twitter.com/lulu6019" target="_blank">lulu6019</a>	23	0	2	719	1129	60728		003
@lulufloridita	<a href="https://twitter.com/lulufloridita" target="_blank">lulufloridita</a>	4	0	1	333	904	3606	Barcelona, Catalonia	003
@lupinthebost	<a href="https://twitter.com/lupinthebost" target="_blank">lupinthebost</a>	12	0	1	710	1175	41747		089
@lydbcn	<a href="https://twitter.com/lydbcn" target="_blank">lydbcn</a>	3	0	1	89	262	3832	Barcelona	105
@lyropeia	<a href="https://twitter.com/lyropeia" target="_blank">lyropeia</a>	1	0	1	188	368	1737	Països Catalans	003
@M_Aseret	<a href="https://twitter.com/M_Aseret" target="_blank">M_Aseret</a>	12	0	1	457	1139	15250	Barcelona	001
@M_BrokenLeg	<a href="https://twitter.com/M_BrokenLeg" target="_blank">M_BrokenLeg</a>	22	0	2	8965	6516	308583	BCN/Lluçanès, Catalunya	001
@m_isabelsuarez	<a href="https://twitter.com/m_isabelsuarez" target="_blank">m_isabelsuarez</a>	2	0	1	269	706	2921		003
@m_llombart	<a href="https://twitter.com/m_llombart" target="_blank">m_llombart</a>	2	0	1	80	123	1619	Catalunya	003
@maaddig	<a href="https://twitter.com/maaddig" target="_blank">maaddig</a>	4	0	1	420	410	14444	Oiartzun | Lleida	112
@maarcmusii	<a href="https://twitter.com/maarcmusii" target="_blank">maarcmusii</a>	1	0	1	291	772	3285	Manlleu, Barcelona	003
@maatkare66	<a href="https://twitter.com/maatkare66" target="_blank">maatkare66</a>	10	0	2	189	430	4667	Badalona (Catalonia) ||*||	003
@macatxis	<a href="https://twitter.com/macatxis" target="_blank">macatxis</a>	2	0	1	143	475	1217	St. Andreu de Palomar - CAT	001
@macflu	<a href="https://twitter.com/macflu" target="_blank">macflu</a>	2	0	1	309	533	7485	No sóc espanyol	003
@macia68	<a href="https://twitter.com/macia68" target="_blank">macia68</a>	1	2	0	479	892	6021	Alòs de Balaguer	003
@Madammeli	<a href="https://twitter.com/Madammeli" target="_blank">Madammeli</a>	10	0	1	44	267	618	Barcelona	093
@mafios18	<a href="https://twitter.com/mafios18" target="_blank">mafios18</a>	1	0	1	17	43	1890		003
@magdacas	<a href="https://twitter.com/magdacas" target="_blank">magdacas</a>	0	8	0					033
@magdalaveca	<a href="https://twitter.com/magdalaveca" target="_blank">magdalaveca</a>	34	0	2	93	602	9742	Catalunya	014
@MagiBadia	<a href="https://twitter.com/MagiBadia" target="_blank">MagiBadia</a>	1	0	1	219	499	842		003
@magiverd	<a href="https://twitter.com/magiverd" target="_blank">magiverd</a>	2	1	0	163	366	2185	Sant Joan Despí	042
@maimateus	<a href="https://twitter.com/maimateus" target="_blank">maimateus</a>	3	0	1	0	388	9206		007
@maite_verd	<a href="https://twitter.com/maite_verd" target="_blank">maite_verd</a>	19	0	1	396	398	30399		007
@Maite99389397	<a href="https://twitter.com/Maite99389397" target="_blank">Maite99389397</a>	2	0	1	6	123	127		094
@MaiteAmigo4	<a href="https://twitter.com/MaiteAmigo4" target="_blank">MaiteAmigo4</a>	19	0	1	32	70	2107		064
@maitema1973	<a href="https://twitter.com/maitema1973" target="_blank">maitema1973</a>	21	0	2	1347	1558	108608		001
@MaiteRepulicana	<a href="https://twitter.com/MaiteRepulicana" target="_blank">MaiteRepulicana</a>	5	0	1	1460	1052	95804		003
@majetesi1	<a href="https://twitter.com/majetesi1" target="_blank">majetesi1</a>	4	0	1	23	102	2421	girona	003
@malbacb	<a href="https://twitter.com/malbacb" target="_blank">malbacb</a>	2	0	1	90	309	3745	trrg	037
@MalbaFS	<a href="https://twitter.com/MalbaFS" target="_blank">MalbaFS</a>	1	0	1	231	249	781		064
@maletaboston	<a href="https://twitter.com/maletaboston" target="_blank">maletaboston</a>	1	0	1	108	318	6497	Matadepera tram67	015
@malgastarte	<a href="https://twitter.com/malgastarte" target="_blank">malgastarte</a>	1	0	1	1003	1922	43102	Bilbao-Toledo	003
@malgrat_podemos	<a href="https://twitter.com/malgrat_podemos" target="_blank">malgrat_podemos</a>	1	0	1	63	60	125	Malgrat de Mar, Cataluña	071
@malisabru	<a href="https://twitter.com/malisabru" target="_blank">malisabru</a>	1	0	1	104	498	645	Sant Cugat del Vallès	001
@mallafre	<a href="https://twitter.com/mallafre" target="_blank">mallafre</a>	3	0	1	358	605	8678	Garraf, Barcelona, Catalunya	003
@mallagro	<a href="https://twitter.com/mallagro" target="_blank">mallagro</a>	2	0	1	42	351	247	Barcelona, Catalunya	120
@maloooley	<a href="https://twitter.com/maloooley" target="_blank">maloooley</a>	1	0	1	311	665	4802		006
@mamactas	<a href="https://twitter.com/mamactas" target="_blank">mamactas</a>	1	0	1	3994	1143	12955	Ciudad Autónoma de Buenos Aire	293
@mamia55	<a href="https://twitter.com/mamia55" target="_blank">mamia55</a>	6	0	1	39	385	4930		003
@Mampi64	<a href="https://twitter.com/Mampi64" target="_blank">Mampi64</a>	4	0	1	20	73	2998		002
@ManAguiLo	<a href="https://twitter.com/ManAguiLo" target="_blank">ManAguiLo</a>	6	0	2	72	99	8601	Vilanova i la Geltrú,Catalunya	002
@Manchon1956	<a href="https://twitter.com/Manchon1956" target="_blank">Manchon1956</a>	1	0	1	1804	2767	15411		037
@mandarina2406	<a href="https://twitter.com/mandarina2406" target="_blank">mandarina2406</a>	1	0	1	16	114	330		007
@manel1978	<a href="https://twitter.com/manel1978" target="_blank">manel1978</a>	5	1	0	338	622	4751	sant adrià de besòs	221
@Manel4bg	<a href="https://twitter.com/Manel4bg" target="_blank">Manel4bg</a>	12	0	1	141	951	1755	Cataluña, España	105
@manelcom	<a href="https://twitter.com/manelcom" target="_blank">manelcom</a>	0	1	0					220
@manelgallart	<a href="https://twitter.com/manelgallart" target="_blank">manelgallart</a>	7	0	1	2140	2207	66417	L'Escala-Agullent	002
@ManelGinesBiels	<a href="https://twitter.com/ManelGinesBiels" target="_blank">ManelGinesBiels</a>	24	0	1	2362	227	22623	Barcelona, Cataluña	003
@Manelic1714	<a href="https://twitter.com/Manelic1714" target="_blank">Manelic1714</a>	1	0	1	212	443	2540		007
@manelmr70	<a href="https://twitter.com/manelmr70" target="_blank">manelmr70</a>	24	0	1	98	205	4745	Catalunya	012
@manelpastor	<a href="https://twitter.com/manelpastor" target="_blank">manelpastor</a>	2	0	1	170	159	1508		007
@ManelPlanas	<a href="https://twitter.com/ManelPlanas" target="_blank">ManelPlanas</a>	10	0	1	582	1013	8427	Olot i Barcelona, Catalunya	003
@ManelRodri1	<a href="https://twitter.com/ManelRodri1" target="_blank">ManelRodri1</a>	1	0	1	23	68	700	Catalunya	048
@Manez9	<a href="https://twitter.com/Manez9" target="_blank">Manez9</a>	1	0	1	302	360	8654	Barcelona, España	003
@manipulacions	<a href="https://twitter.com/manipulacions" target="_blank">manipulacions</a>	1	1	1	42	325	247	Helsinki, Finlandia	005
@Manjaume	<a href="https://twitter.com/Manjaume" target="_blank">Manjaume</a>	1	0	1	431	490	6900	L'Hospitalet de Llobregat	105
@MANLLEU79	<a href="https://twitter.com/MANLLEU79" target="_blank">MANLLEU79</a>	1	0	1	223	515	916		003
@manolo_loop	<a href="https://twitter.com/manolo_loop" target="_blank">manolo_loop</a>	1	0	1	7749	2279	66527		007
@ManuelConsuegr5	<a href="https://twitter.com/ManuelConsuegr5" target="_blank">ManuelConsuegr5</a>	15	0	1	1607	5001	33440	En estranger,zaragoza,spain	228
@ManuelGuallar	<a href="https://twitter.com/ManuelGuallar" target="_blank">ManuelGuallar</a>	1	0	1	30	48	873	Catalunya	115
@mapebo10	<a href="https://twitter.com/mapebo10" target="_blank">mapebo10</a>	1	0	1	17	79	83	Catalunya, Espanya	019
@Mapt81	<a href="https://twitter.com/Mapt81" target="_blank">Mapt81</a>	1	0	1	405	806	3966	Barcelona, Cataluña	282
@MAR_T_AUTET	<a href="https://twitter.com/MAR_T_AUTET" target="_blank">MAR_T_AUTET</a>	4	0	1	127	185	8475	Torelló	001
@MAR13_01	<a href="https://twitter.com/MAR13_01" target="_blank">MAR13_01</a>	1	0	1	79	198	1366		002
@Mar2neta	<a href="https://twitter.com/Mar2neta" target="_blank">Mar2neta</a>	1	0	1	70	221	1291	Munich	003
@Mar81dice	<a href="https://twitter.com/Mar81dice" target="_blank">Mar81dice</a>	2	0	1	2819	5001	9237	Badalona	094
@Mara6111	<a href="https://twitter.com/Mara6111" target="_blank">Mara6111</a>	39	0	3	984	435	39550		001
@Marc_Aparicio	<a href="https://twitter.com/Marc_Aparicio" target="_blank">Marc_Aparicio</a>	2	0	1	256	204	12560	Terrassa (Barcelona)	003
@marc_bcncat	<a href="https://twitter.com/marc_bcncat" target="_blank">marc_bcncat</a>	1	0	1	293	916	4802	Barcelona, Catalunya	002
@marc_miravet	<a href="https://twitter.com/marc_miravet" target="_blank">marc_miravet</a>	1	0	1	15	152	154		005
@marc_morera	<a href="https://twitter.com/marc_morera" target="_blank">marc_morera</a>	6	0	1	230	471	6018		001
@marc_sansa	<a href="https://twitter.com/marc_sansa" target="_blank">marc_sansa</a>	1	0	1	726	1522	7668	Arenys de Munt	022
@Marc31Morales	<a href="https://twitter.com/Marc31Morales" target="_blank">Marc31Morales</a>	2	0	1	214	231	4274	la Garriga, Espanya	003
@marcbarni	<a href="https://twitter.com/marcbarni" target="_blank">marcbarni</a>	3	0	2	321	482	9348	Sabadell, Catalunya	066
@MarcCapo	<a href="https://twitter.com/MarcCapo" target="_blank">MarcCapo</a>	1	0	1	975	473	7152	Sa Pobla, Mallorca	105
@MarcCR79	<a href="https://twitter.com/MarcCR79" target="_blank">MarcCR79</a>	3	0	1	62	23	1173		005
@marccuat	<a href="https://twitter.com/marccuat" target="_blank">marccuat</a>	2	0	1	25	133	361	Barcelona	001
@MarceloKlein_d	<a href="https://twitter.com/MarceloKlein_d" target="_blank">MarceloKlein_d</a>	4	0	2	315	772	10464	Lost in the space	003
@Marcelsayol	<a href="https://twitter.com/Marcelsayol" target="_blank">Marcelsayol</a>	5	0	1	350	515	11146	Matadepera- Vallès Occidental	003
@MarcEspill	<a href="https://twitter.com/MarcEspill" target="_blank">MarcEspill</a>	9	0	1	437	1199	15257	Barcelona, Catalunya	064
@MarcFaNa	<a href="https://twitter.com/MarcFaNa" target="_blank">MarcFaNa</a>	4	0	1	236	428	1638	Barcelona	064
@marcfarre55	<a href="https://twitter.com/marcfarre55" target="_blank">marcfarre55</a>	2	0	1	239	329	5366	Barcelona	099
@marcfaustino	<a href="https://twitter.com/marcfaustino" target="_blank">marcfaustino</a>	3	0	1	2219	1531	47445	Les Corts - Països Catalans	027
@MarcFerranS	<a href="https://twitter.com/MarcFerranS" target="_blank">MarcFerranS</a>	1	0	1	708	1133	10374	Reus, Catalunya	007
@marcffcat	<a href="https://twitter.com/marcffcat" target="_blank">marcffcat</a>	5	1	0	11	26	966		030
@MarcGijon	<a href="https://twitter.com/MarcGijon" target="_blank">MarcGijon</a>	0	1	0					218
@marcindanet	<a href="https://twitter.com/marcindanet" target="_blank">marcindanet</a>	9	0	2	713	1097	17144	Valls, Catalunya	064
@MarcJaraGimeno	<a href="https://twitter.com/MarcJaraGimeno" target="_blank">MarcJaraGimeno</a>	10	0	1	1074	2343	33793		003
@marclafont	<a href="https://twitter.com/marclafont" target="_blank">marclafont</a>	0	1	0					219
@MarcMonserrate	<a href="https://twitter.com/MarcMonserrate" target="_blank">MarcMonserrate</a>	11	0	3	99	709	6169		009
@MarcMuntada82	<a href="https://twitter.com/MarcMuntada82" target="_blank">MarcMuntada82</a>	1	0	1	26	148	104		003
@MARCOESTEVEZ70	<a href="https://twitter.com/MARCOESTEVEZ70" target="_blank">MARCOESTEVEZ70</a>	1	0	1	12	96	47		124
@MarcosLielisks	<a href="https://twitter.com/MarcosLielisks" target="_blank">MarcosLielisks</a>	4	0	1	470	596	16016	Ponteareas - Compostela	003
@marcotovarich	<a href="https://twitter.com/marcotovarich" target="_blank">marcotovarich</a>	11	0	1	258	440	12128	Dublin City, Ireland	075
@MarcP1979	<a href="https://twitter.com/MarcP1979" target="_blank">MarcP1979</a>	10	0	1	20	94	2744	CdMP	003
@marcpjsr	<a href="https://twitter.com/marcpjsr" target="_blank">marcpjsr</a>	2	1	1	38	71	147		032
@marcrosich	<a href="https://twitter.com/marcrosich" target="_blank">marcrosich</a>	14	0	1	2777	507	3260		007
@MarcSabu	<a href="https://twitter.com/MarcSabu" target="_blank">MarcSabu</a>	2	0	1	217	967	5202	Girona-Manlleu-Sant Cugat	003
@MarcSans95	<a href="https://twitter.com/MarcSans95" target="_blank">MarcSans95</a>	1	0	1	296	849	5956	Barcelona - Catalunya - 1995	091
@marcsd1	<a href="https://twitter.com/marcsd1" target="_blank">marcsd1</a>	29	0	1	88	376	4639	Vila de Gracia, Barcelona	005
@marctoro4	<a href="https://twitter.com/marctoro4" target="_blank">marctoro4</a>	0	33	0					083
@MarcVallsiGurt	<a href="https://twitter.com/MarcVallsiGurt" target="_blank">MarcVallsiGurt</a>	7	0	1	374	532	5963	Catalunya	005
@MarcVilloro	<a href="https://twitter.com/MarcVilloro" target="_blank">MarcVilloro</a>	2	0	1	92	119	2068		002
@MarcVinya	<a href="https://twitter.com/MarcVinya" target="_blank">MarcVinya</a>	11	2	2	1240	834	13057	Montblanc	003
@MarcZenTime	<a href="https://twitter.com/MarcZenTime" target="_blank">MarcZenTime</a>	36	0	1	1392	1535	34657	CAT	001
@marealilalleida	<a href="https://twitter.com/marealilalleida" target="_blank">marealilalleida</a>	2	11	0	1390	889	6308		112
@margacrous	<a href="https://twitter.com/margacrous" target="_blank">margacrous</a>	3	0	1	815	1732	1350	Barcelona	093
@MargaLosantos	<a href="https://twitter.com/MargaLosantos" target="_blank">MargaLosantos</a>	6	0	1	368	329	1907	Sant Cugat del Vallès	086
@margapayola	<a href="https://twitter.com/margapayola" target="_blank">margapayola</a>	4	0	2	2768	1073	18690	Brussel.les	060
@margarit1959	<a href="https://twitter.com/margarit1959" target="_blank">margarit1959</a>	3	0	1	213	233	14219	Catalunya, Europa	064
@margaritafontr	<a href="https://twitter.com/margaritafontr" target="_blank">margaritafontr</a>	15	0	1	1232	1092	42358	Catalunya  Tàrrega	020
@MargaritJoan	<a href="https://twitter.com/MargaritJoan" target="_blank">MargaritJoan</a>	1	0	1	86	80	100	Barcelona	003
@margemi1	<a href="https://twitter.com/margemi1" target="_blank">margemi1</a>	1	0	1	88	273	1382		003
@margrifol	<a href="https://twitter.com/margrifol" target="_blank">margrifol</a>	3	0	1	904	1279	4211	Badalona	134
@mari4luz	<a href="https://twitter.com/mari4luz" target="_blank">mari4luz</a>	2	0	1	286	530	3276	Barcelona	005
@maria_9barris	<a href="https://twitter.com/maria_9barris" target="_blank">maria_9barris</a>	3	0	2	6910	7494	6977	Nou Barris, Barcelona	025
@maria_parellada	<a href="https://twitter.com/maria_parellada" target="_blank">maria_parellada</a>	3	0	1	117	145	23797		003
@mariabarrivell	<a href="https://twitter.com/mariabarrivell" target="_blank">mariabarrivell</a>	4	0	1	156	190	11504	Barri Vell, Girona	003
@mariabassab	<a href="https://twitter.com/mariabassab" target="_blank">mariabassab</a>	5	0	1	462	510	11619		006
@mariacarmeboix	<a href="https://twitter.com/mariacarmeboix" target="_blank">mariacarmeboix</a>	6	0	1	374	492	19565	Manlleu / Osona / Catalunya	009
@Mariadelaocon	<a href="https://twitter.com/Mariadelaocon" target="_blank">Mariadelaocon</a>	3	0	3	235	547	2761		006
@Mariadfuertes	<a href="https://twitter.com/Mariadfuertes" target="_blank">Mariadfuertes</a>	8	0	1	283	320	5201	Bcn-Zgz	009
@mariaeulalia12	<a href="https://twitter.com/mariaeulalia12" target="_blank">mariaeulalia12</a>	1	0	1	54	129	414		016
@mariainoalberto	<a href="https://twitter.com/mariainoalberto" target="_blank">mariainoalberto</a>	1	0	1	228	354	16086	barcelona	003
@MariaJOrozco1	<a href="https://twitter.com/MariaJOrozco1" target="_blank">MariaJOrozco1</a>	17	0	1	267	528	16473		001
@mariallado	<a href="https://twitter.com/mariallado" target="_blank">mariallado</a>	8	0	1	734	1079	11880	Badalona, Catalunya	081
@marialuisafamad	<a href="https://twitter.com/marialuisafamad" target="_blank">marialuisafamad</a>	7	0	2	98	133	8018	Gracia Barcelona Catalunya	001
@mariam550	<a href="https://twitter.com/mariam550" target="_blank">mariam550</a>	1	0	1	2	29	269		002
@marian1bcn	<a href="https://twitter.com/marian1bcn" target="_blank">marian1bcn</a>	18	0	2	142	235	11038	Barcelona	019
@mariangelalleo	<a href="https://twitter.com/mariangelalleo" target="_blank">mariangelalleo</a>	1	0	1	30	201	266	Catalunya	005
@MariaOxbow	<a href="https://twitter.com/MariaOxbow" target="_blank">MariaOxbow</a>	48	0	2	1072	1912	225081	Barcelona	048
@MariaPoppins	<a href="https://twitter.com/MariaPoppins" target="_blank">MariaPoppins</a>	15	0	2	194	951	9314	Ciutat Vella, Barcelona	004
@MariaRoigAlsina	<a href="https://twitter.com/MariaRoigAlsina" target="_blank">MariaRoigAlsina</a>	7	4	0	252	578	1611	Tarragona	012
@MariaRuaix	<a href="https://twitter.com/MariaRuaix" target="_blank">MariaRuaix</a>	16	0	3	165	338	8356		019
@mariasesca	<a href="https://twitter.com/mariasesca" target="_blank">mariasesca</a>	19	0	1	5912	6287	141550	Catalunya	008
@MariaVidal5	<a href="https://twitter.com/MariaVidal5" target="_blank">MariaVidal5</a>	1	0	1	205	1977	574	CATALUNYA	002
@mariavila_3	<a href="https://twitter.com/mariavila_3" target="_blank">mariavila_3</a>	0	2	0					177
@MariaVilaseca8	<a href="https://twitter.com/MariaVilaseca8" target="_blank">MariaVilaseca8</a>	2	0	1	16	74	170		003
@Maribel_TM	<a href="https://twitter.com/Maribel_TM" target="_blank">Maribel_TM</a>	7	0	1	468	835	24719	Catalunya   27S Si/SI	029
@MaribelCatala	<a href="https://twitter.com/MaribelCatala" target="_blank">MaribelCatala</a>	8	0	3	22	51	2419		064
@MaribelGuilln	<a href="https://twitter.com/MaribelGuilln" target="_blank">MaribelGuilln</a>	1	0	1	56	68	2995	Cádiz	090
@maricruzperealo	<a href="https://twitter.com/maricruzperealo" target="_blank">maricruzperealo</a>	1	0	1	856	1403	68972		001
@MarielaBejar	<a href="https://twitter.com/MarielaBejar" target="_blank">MarielaBejar</a>	1	0	1	8852	996	36403	Madrid	035
@MarietaVilanova	<a href="https://twitter.com/MarietaVilanova" target="_blank">MarietaVilanova</a>	1	1	0	146	243	1049	Vilanova i la Geltru	216
@marietta_bf	<a href="https://twitter.com/marietta_bf" target="_blank">marietta_bf</a>	1	0	1	98	154	1070	Somewhere in the Milky Way	003
@Mariionnaa	<a href="https://twitter.com/Mariionnaa" target="_blank">Mariionnaa</a>	2	0	1	35	132	699	Catalunya	005
@Marijos65214014	<a href="https://twitter.com/Marijos65214014" target="_blank">Marijos65214014</a>	11	0	1	111	140	14144		152
@marilitabcn	<a href="https://twitter.com/marilitabcn" target="_blank">marilitabcn</a>	5	0	1	39	212	2417	Barcelona, España	077
@marina_arbat	<a href="https://twitter.com/marina_arbat" target="_blank">marina_arbat</a>	1	0	1	1394	1397	29658	Girona-Borrassà-Palamós-BCN	064
@marinasginer	<a href="https://twitter.com/marinasginer" target="_blank">marinasginer</a>	2	0	1	110	216	2988	Roda de Barà,	003
@MarioCalvoGarzo	<a href="https://twitter.com/MarioCalvoGarzo" target="_blank">MarioCalvoGarzo</a>	1	0	1	583	787	19017	Bilbao - Fuentes de Ropel	105
@Mariola67290946	<a href="https://twitter.com/Mariola67290946" target="_blank">Mariola67290946</a>	2	0	2	412	1285	23324	País Valencià	007
@Mariona_Dt	<a href="https://twitter.com/Mariona_Dt" target="_blank">Mariona_Dt</a>	2	0	1	47	173	151		200
@mariona_sabi	<a href="https://twitter.com/mariona_sabi" target="_blank">mariona_sabi</a>	2	0	1	5	114	601		003
@marionaxs	<a href="https://twitter.com/marionaxs" target="_blank">marionaxs</a>	1	0	1	934	972	5791	Barcelona	094
@Marioperfi1	<a href="https://twitter.com/Marioperfi1" target="_blank">Marioperfi1</a>	1	0	1	25	180	230	A Coruña, España	090
@Maripicher	<a href="https://twitter.com/Maripicher" target="_blank">Maripicher</a>	2	0	1	66	269	767		007
@marissa_prat	<a href="https://twitter.com/marissa_prat" target="_blank">marissa_prat</a>	14	0	2	15	232	2253		017
@marius_petit	<a href="https://twitter.com/marius_petit" target="_blank">marius_petit</a>	2	0	1	23	85	1003		005
@MariusMassalle	<a href="https://twitter.com/MariusMassalle" target="_blank">MariusMassalle</a>	5	1	1	731	365	21331	Terrassa	047
@marjose_bcn	<a href="https://twitter.com/marjose_bcn" target="_blank">marjose_bcn</a>	7	0	1	221	697	17859	Barcelona	001
@MarkVia_	<a href="https://twitter.com/MarkVia_" target="_blank">MarkVia_</a>	2	0	1	949	2573	3762	Manresa	001
@marlonrico	<a href="https://twitter.com/marlonrico" target="_blank">marlonrico</a>	2	0	1	146	215	16573	Barcelona, Cathalvnya	003
@Marpalau	<a href="https://twitter.com/Marpalau" target="_blank">Marpalau</a>	7	0	2	1008	1954	47509		078
@Marper4	<a href="https://twitter.com/Marper4" target="_blank">Marper4</a>	2	0	1	1087	2038	10657	Catalunya	002
@marquinho997	<a href="https://twitter.com/marquinho997" target="_blank">marquinho997</a>	1	0	1	242	538	5670	Torredembarra, Catalunya	105
@marramiauuuuuu	<a href="https://twitter.com/marramiauuuuuu" target="_blank">marramiauuuuuu</a>	98	0	4	414	1012	66874	Sevilla, España	006
@Marsal95	<a href="https://twitter.com/Marsal95" target="_blank">Marsal95</a>	45	0	4	938	1013	100690	Sant Hilari Sacalm. Catalunya	001
@MARserreTA	<a href="https://twitter.com/MARserreTA" target="_blank">MARserreTA</a>	2	0	1	171	322	6495	Barcelona ★ CAT	017
@MarsVNG	<a href="https://twitter.com/MarsVNG" target="_blank">MarsVNG</a>	0	2	0					098
@marta_salellas	<a href="https://twitter.com/marta_salellas" target="_blank">marta_salellas</a>	4	0	1	181	424	11460		005
@Marta_Valldaura	<a href="https://twitter.com/Marta_Valldaura" target="_blank">Marta_Valldaura</a>	6	0	1	96	249	2058	Palamós, España	064
@MARTA230371	<a href="https://twitter.com/MARTA230371" target="_blank">MARTA230371</a>	19	0	1	46	71	4185	Barcelona	017
@MartaAriste	<a href="https://twitter.com/MartaAriste" target="_blank">MartaAriste</a>	6	0	1	71	449	1112	Barcelona	007
@martabago	<a href="https://twitter.com/martabago" target="_blank">martabago</a>	5	0	1	745	769	5403	Catalunya.	001
@MartaBP44	<a href="https://twitter.com/MartaBP44" target="_blank">MartaBP44</a>	7	0	2	189	389	2992	Catalunya	007
@martadalmau23	<a href="https://twitter.com/martadalmau23" target="_blank">martadalmau23</a>	2	0	1	240	297	14920	El Vendrell, Catalunya.	003
@Martadescans	<a href="https://twitter.com/Martadescans" target="_blank">Martadescans</a>	5	0	1	7	102	1508		005
@martaestevep	<a href="https://twitter.com/martaestevep" target="_blank">martaestevep</a>	3	0	1	259	365	3972	Catalunya	005
@martafonollosa	<a href="https://twitter.com/martafonollosa" target="_blank">martafonollosa</a>	4	0	1	53	139	1468		005
@martahmiras	<a href="https://twitter.com/martahmiras" target="_blank">martahmiras</a>	1	0	1	40	82	168	Rubi	064
@martakolle	<a href="https://twitter.com/martakolle" target="_blank">martakolle</a>	1	0	1	19	92	23		003
@martalagrana	<a href="https://twitter.com/martalagrana" target="_blank">martalagrana</a>	9	0	1	51	127	1788		002
@martamonfort13	<a href="https://twitter.com/martamonfort13" target="_blank">martamonfort13</a>	5	0	1	373	799	4939		001
@Martandresrouge	<a href="https://twitter.com/Martandresrouge" target="_blank">Martandresrouge</a>	2	0	1	10	101	159		003
@MartaNiell	<a href="https://twitter.com/MartaNiell" target="_blank">MartaNiell</a>	2	0	1	435	270	10224		264
@MartaRieraERC	<a href="https://twitter.com/MartaRieraERC" target="_blank">MartaRieraERC</a>	1	0	1	72	278	221	Bescanó, Catalunya	002
@martasaballs	<a href="https://twitter.com/martasaballs" target="_blank">martasaballs</a>	1	0	1	43	124	151		105
@MartaSaGui2	<a href="https://twitter.com/MartaSaGui2" target="_blank">MartaSaGui2</a>	1	0	1	3	57	56		048
@MartaSC_90	<a href="https://twitter.com/MartaSC_90" target="_blank">MartaSC_90</a>	2	1	0	77	140	1932	Arenys de Mar	213
@MartaSerres	<a href="https://twitter.com/MartaSerres" target="_blank">MartaSerres</a>	6	2	2	2853	1516	41437	Valldoreix - Països Catalans	001
@MartaTapiolas	<a href="https://twitter.com/MartaTapiolas" target="_blank">MartaTapiolas</a>	9	0	1	57	144	8630	Barcelona	007
@Martatp1970	<a href="https://twitter.com/Martatp1970" target="_blank">Martatp1970</a>	2	0	1	49	114	995	Barcelona, Espanya	002
@martavima	<a href="https://twitter.com/martavima" target="_blank">martavima</a>	0	1	0					214
@martavm_	<a href="https://twitter.com/martavm_" target="_blank">martavm_</a>	1	0	1	2098	1626	17380		003
@martetamataro	<a href="https://twitter.com/martetamataro" target="_blank">martetamataro</a>	24	0	1	202	93	7368		001
@Marti_Reig	<a href="https://twitter.com/Marti_Reig" target="_blank">Marti_Reig</a>	1	0	1	16	59	158		005
@marticres	<a href="https://twitter.com/marticres" target="_blank">marticres</a>	0	4	0					004
@MartiEstella	<a href="https://twitter.com/MartiEstella" target="_blank">MartiEstella</a>	5	0	1	76	141	3070		002
@martinez_enya	<a href="https://twitter.com/martinez_enya" target="_blank">martinez_enya</a>	1	0	1	66	204	1344	Barcelona, España	110
@martingerz_	<a href="https://twitter.com/martingerz_" target="_blank">martingerz_</a>	14	0	1	1400	2142	9420	Euskal Herria	144
@maruxiiii	<a href="https://twitter.com/maruxiiii" target="_blank">maruxiiii</a>	1	0	1	318	40	40380	SEVILLA	035
@marxistJorge	<a href="https://twitter.com/marxistJorge" target="_blank">marxistJorge</a>	2	0	1	3320	1543	51119		051
@MarzaGimenez	<a href="https://twitter.com/MarzaGimenez" target="_blank">MarzaGimenez</a>	1	0	1	19	198	1333		007
@MASerralvo	<a href="https://twitter.com/MASerralvo" target="_blank">MASerralvo</a>	1	0	1	1653	934	78710		179
@MaskJonny	<a href="https://twitter.com/MaskJonny" target="_blank">MaskJonny</a>	2	0	1	158	163	2600		105
@MasNatmas	<a href="https://twitter.com/MasNatmas" target="_blank">MasNatmas</a>	3	0	2	80	67	3209		047
@MasoQueralt	<a href="https://twitter.com/MasoQueralt" target="_blank">MasoQueralt</a>	18	0	1	86	166	6584		001
@Massana_Colet	<a href="https://twitter.com/Massana_Colet" target="_blank">Massana_Colet</a>	5	0	1	219	358	7229	El Prat del Llobregat	001
@matalaz	<a href="https://twitter.com/matalaz" target="_blank">matalaz</a>	5	0	1	5788	1644	69626	Basque Country	125
@matassans	<a href="https://twitter.com/matassans" target="_blank">matassans</a>	2	0	1	193	219	565	Catalunya	325
@mateuparera	<a href="https://twitter.com/mateuparera" target="_blank">mateuparera</a>	2	3	1	682	809	6179	Girona	141
@matilmartinez	<a href="https://twitter.com/matilmartinez" target="_blank">matilmartinez</a>	5	0	1	787	711	22703	Barcelona	044
@MattDobson85	<a href="https://twitter.com/MattDobson85" target="_blank">MattDobson85</a>	7	0	2	520	477	4811	Glasgow, Scotland	045
@matthewtree	<a href="https://twitter.com/matthewtree" target="_blank">matthewtree</a>	2	0	1	19247	1336	8609		105
@Mauro999Mauro	<a href="https://twitter.com/Mauro999Mauro" target="_blank">Mauro999Mauro</a>	3	0	1	290	584	15441	Alcoy	113
@maxijoan	<a href="https://twitter.com/maxijoan" target="_blank">maxijoan</a>	9	0	1	286	909	12268	Tarragona, Spain	002
@maxilladelloret	<a href="https://twitter.com/maxilladelloret" target="_blank">maxilladelloret</a>	3	0	1	335	364	3462	Hong Kong 9 de Novembre 2014	001
@maximo_moretti	<a href="https://twitter.com/maximo_moretti" target="_blank">maximo_moretti</a>	2	0	1	192	168	2556	Tarragona, Catalunya	002
@maximors63	<a href="https://twitter.com/maximors63" target="_blank">maximors63</a>	4	1	0	6353	4917	342059	Las Palmas de Gran Canaria	215
@MAxiuxiueig	<a href="https://twitter.com/MAxiuxiueig" target="_blank">MAxiuxiueig</a>	40	0	4	880	1107	41286	Catalunya	001
@mayor_monica	<a href="https://twitter.com/mayor_monica" target="_blank">mayor_monica</a>	4	0	1	297	388	7889	Baix Penedes. Santa Oliva	002
@mbanus	<a href="https://twitter.com/mbanus" target="_blank">mbanus</a>	18	0	1	1631	1894	60072	La Masó (Catalunya)	008
@mbaraj1971	<a href="https://twitter.com/mbaraj1971" target="_blank">mbaraj1971</a>	2	0	1	150	580	4242		002
@mcalderonmirada	<a href="https://twitter.com/mcalderonmirada" target="_blank">mcalderonmirada</a>	4	0	1	98	456	1798	Barcelona	007
@mcanosan	<a href="https://twitter.com/mcanosan" target="_blank">mcanosan</a>	19	0	1	1015	276	40429	Alcanar	003
@MCarmenSol1	<a href="https://twitter.com/MCarmenSol1" target="_blank">MCarmenSol1</a>	1	0	1	5	19	185		003
@mcarnicero05	<a href="https://twitter.com/mcarnicero05" target="_blank">mcarnicero05</a>	5	0	1	506	1068	17694	Barcelona, Catalunya	002
@mcdolcet	<a href="https://twitter.com/mcdolcet" target="_blank">mcdolcet</a>	1	0	1	5	40	17		322
@MCentwit	<a href="https://twitter.com/MCentwit" target="_blank">MCentwit</a>	2	0	1	189	974	1680		005
@mclaramunt	<a href="https://twitter.com/mclaramunt" target="_blank">mclaramunt</a>	1	0	1	344	155	1155	Barcelona	064
@mcnokadi6	<a href="https://twitter.com/mcnokadi6" target="_blank">mcnokadi6</a>	1	0	1	60	210	427	Suïssa	005
@mcpedemonte	<a href="https://twitter.com/mcpedemonte" target="_blank">mcpedemonte</a>	2	0	1	297	468	3455	Vilassar de Mar, Barcelona	069
@Mcpey9E	<a href="https://twitter.com/Mcpey9E" target="_blank">Mcpey9E</a>	3	0	1	2517	1444	70563		003
@mcser14	<a href="https://twitter.com/mcser14" target="_blank">mcser14</a>	4	0	1	103	122	2549	Barcelona	006
@mdamare	<a href="https://twitter.com/mdamare" target="_blank">mdamare</a>	5	0	1	418	149	14402	Barcelona	005
@mdolors	<a href="https://twitter.com/mdolors" target="_blank">mdolors</a>	5	0	1	1575	1838	62437	near Barcelona	019
@Mdunckan	<a href="https://twitter.com/Mdunckan" target="_blank">Mdunckan</a>	1	0	1	19	143	178		005
@Meik111	<a href="https://twitter.com/Meik111" target="_blank">Meik111</a>	6	0	1	21	76	1850		003
@Meldolca	<a href="https://twitter.com/Meldolca" target="_blank">Meldolca</a>	1	0	1	109	348	3951		084
@menjafus	<a href="https://twitter.com/menjafus" target="_blank">menjafus</a>	10	0	1	171	713	8609	Penedes	007
@menjofetge	<a href="https://twitter.com/menjofetge" target="_blank">menjofetge</a>	1	0	1	18	86	1375		019
@menorqtres	<a href="https://twitter.com/menorqtres" target="_blank">menorqtres</a>	1	0	1	405	292	26337		176
@mequetref1	<a href="https://twitter.com/mequetref1" target="_blank">mequetref1</a>	4	0	1	343	1867	8228		005
@MercCarbonell1	<a href="https://twitter.com/MercCarbonell1" target="_blank">MercCarbonell1</a>	3	0	1	85	280	3508	Santa Coloma de Gramenet	003
@merce_blitz	<a href="https://twitter.com/merce_blitz" target="_blank">merce_blitz</a>	18	0	1	1172	464	266874	Barcelona	013
@merce_castellvi	<a href="https://twitter.com/merce_castellvi" target="_blank">merce_castellvi</a>	25	0	1	250	402	32735	#SomCatalunya	001
@merce_prats	<a href="https://twitter.com/merce_prats" target="_blank">merce_prats</a>	1	0	1	77	130	1101	catalunya	105
@merce_solsona	<a href="https://twitter.com/merce_solsona" target="_blank">merce_solsona</a>	2	0	1	4	38	155	Lleida, España	064
@merceB612	<a href="https://twitter.com/merceB612" target="_blank">merceB612</a>	1	1	0	611	1116	4476	Barcelona	217
@MerceEscudero	<a href="https://twitter.com/MerceEscudero" target="_blank">MerceEscudero</a>	4	0	1	3	18	1122		003
@mercegost	<a href="https://twitter.com/mercegost" target="_blank">mercegost</a>	2	0	1	83	352	1236		003
@mercejou	<a href="https://twitter.com/mercejou" target="_blank">mercejou</a>	2	0	1	2177	623	15521	Olesa de Mont. Catalunya	003
@mercepascuali	<a href="https://twitter.com/mercepascuali" target="_blank">mercepascuali</a>	5	0	1	206	527	1153	Barcelona	140
@MercePicart	<a href="https://twitter.com/MercePicart" target="_blank">MercePicart</a>	5	0	1	64	244	3686		014
@mercepulpla	<a href="https://twitter.com/mercepulpla" target="_blank">mercepulpla</a>	2	0	1	30	125	1256	Catalonia	005
@Merceserra80	<a href="https://twitter.com/Merceserra80" target="_blank">Merceserra80</a>	2	0	1	19	87	1140		006
@mercevilarmau	<a href="https://twitter.com/mercevilarmau" target="_blank">mercevilarmau</a>	4	0	1	94	460	841	la Cellera de Ter, Catalunya	064
@Merche24580653	<a href="https://twitter.com/Merche24580653" target="_blank">Merche24580653</a>	1	0	1	402	825	8477		006
@meri_feliu	<a href="https://twitter.com/meri_feliu" target="_blank">meri_feliu</a>	5	0	1	798	1268	8298		069
@merialriial	<a href="https://twitter.com/merialriial" target="_blank">merialriial</a>	7	0	1	4778	4635	220245	Barcelona, CATALUNYA	003
@Meritxell_000	<a href="https://twitter.com/Meritxell_000" target="_blank">Meritxell_000</a>	1	0	1	40	112	378	Barcelona, Catalunya	105
@meritxellbenedi	<a href="https://twitter.com/meritxellbenedi" target="_blank">meritxellbenedi</a>	2	2	1	463	1019	3430	Catalunya	106
@MeritxellP97	<a href="https://twitter.com/MeritxellP97" target="_blank">MeritxellP97</a>	2	0	1	237	302	1556	Sant Cugat del Vallès	069
@meritxellroig7	<a href="https://twitter.com/meritxellroig7" target="_blank">meritxellroig7</a>	1	0	1	78	131	380		003
@meritxellroige	<a href="https://twitter.com/meritxellroige" target="_blank">meritxellroige</a>	0	12	0					079
@MeritxellSerret	<a href="https://twitter.com/MeritxellSerret" target="_blank">MeritxellSerret</a>	5	0	1	3541	270	5682	Vallfogona de B.	007
@merkatari	<a href="https://twitter.com/merkatari" target="_blank">merkatari</a>	1	0	1	602	598	22916	Yemen	007
@merlynnat	<a href="https://twitter.com/merlynnat" target="_blank">merlynnat</a>	1	0	1	313	481	3576		121
@MerParg	<a href="https://twitter.com/MerParg" target="_blank">MerParg</a>	3	0	1	137	165	12159		010
@mertxesr	<a href="https://twitter.com/mertxesr" target="_blank">mertxesr</a>	5	0	1	1254	1710	36416	catalunya	005
@mescapsqbarrets	<a href="https://twitter.com/mescapsqbarrets" target="_blank">mescapsqbarrets</a>	2	0	1	59	273	1400	Barcelona, Catalonia	019
@MESesquerresCdT	<a href="https://twitter.com/MESesquerresCdT" target="_blank">MESesquerresCdT</a>	7	0	2	528	729	10150		033
@MESLaSelvaCamp	<a href="https://twitter.com/MESLaSelvaCamp" target="_blank">MESLaSelvaCamp</a>	5	0	1	289	440	4249	la Selva del Camp, Espanya	033
@MesLlest	<a href="https://twitter.com/MesLlest" target="_blank">MesLlest</a>	2	0	1	152	859	15225		001
@MesPonent	<a href="https://twitter.com/MesPonent" target="_blank">MesPonent</a>	15	0	1	825	1298	6194	Terres de Ponent - LLEIDA	033
@messimarrec	<a href="https://twitter.com/messimarrec" target="_blank">messimarrec</a>	2	2	0	150	334	4367	Adri	192
@mestevem	<a href="https://twitter.com/mestevem" target="_blank">mestevem</a>	2	0	2	71	154	4824		002
@mestressadecasa	<a href="https://twitter.com/mestressadecasa" target="_blank">mestressadecasa</a>	15	0	1	708	1008	9245	Sant Feliu de Llobregat	002
@meteomasnou	<a href="https://twitter.com/meteomasnou" target="_blank">meteomasnou</a>	1	0	1	438	450	430	El Masnou - Catalunya	064
@MeteoRibes	<a href="https://twitter.com/MeteoRibes" target="_blank">MeteoRibes</a>	2	0	1	1939	779	23776	Ribes de Freser	063
@mferra69	<a href="https://twitter.com/mferra69" target="_blank">mferra69</a>	14	0	1	35	60	5492		093
@MFGmartaMFG	<a href="https://twitter.com/MFGmartaMFG" target="_blank">MFGmartaMFG</a>	2	0	1	5	44	251		093
@mforcadan	<a href="https://twitter.com/mforcadan" target="_blank">mforcadan</a>	17	0	3	510	432	18619	Barcelona	001
@mfornells	<a href="https://twitter.com/mfornells" target="_blank">mfornells</a>	3	6	0	2623	729	18099	Ribelles (Vilanova de l'Aguda)	085
@mgbam77	<a href="https://twitter.com/mgbam77" target="_blank">mgbam77</a>	1	0	1	16	147	2080	Sabadell, Cataluña	003
@mgenover	<a href="https://twitter.com/mgenover" target="_blank">mgenover</a>	12	0	1	99	515	3956		003
@mgispert	<a href="https://twitter.com/mgispert" target="_blank">mgispert</a>	5	0	1	1038	1940	4239	Lleida	013
@mgloriaaltes	<a href="https://twitter.com/mgloriaaltes" target="_blank">mgloriaaltes</a>	12	0	3	662	949	26207	Barcelona, Catalunya	037
@mgrabuleda	<a href="https://twitter.com/mgrabuleda" target="_blank">mgrabuleda</a>	5	0	1	243	320	1791		002
@mguirado97	<a href="https://twitter.com/mguirado97" target="_blank">mguirado97</a>	2	0	1	3	45	426	Terrassa, Espanya	005
@mgustosycolores	<a href="https://twitter.com/mgustosycolores" target="_blank">mgustosycolores</a>	15	0	3	542	783	29627	Catalunya	001
@mh_agustin	<a href="https://twitter.com/mh_agustin" target="_blank">mh_agustin</a>	2	0	1	82	70	2394		110
@Mi_guim	<a href="https://twitter.com/Mi_guim" target="_blank">Mi_guim</a>	1	0	1	54	103	646		009
@miaclimanoia	<a href="https://twitter.com/miaclimanoia" target="_blank">miaclimanoia</a>	2	0	1	91	233	12755		059
@miaioia_r	<a href="https://twitter.com/miaioia_r" target="_blank">miaioia_r</a>	6	0	2	378	680	27836		008
@michelcuston1	<a href="https://twitter.com/michelcuston1" target="_blank">michelcuston1</a>	1	0	1	128	462	5502		002
@michinori99	<a href="https://twitter.com/michinori99" target="_blank">michinori99</a>	3	0	1	38	149	2148	Basque Country	105
@mickycastiella	<a href="https://twitter.com/mickycastiella" target="_blank">mickycastiella</a>	10	0	1	730	1266	5392	Barcelona. Catalunya	007
@migandgon	<a href="https://twitter.com/migandgon" target="_blank">migandgon</a>	4	0	1	461	1000	12749	Catalunya	005
@migueldelpuce	<a href="https://twitter.com/migueldelpuce" target="_blank">migueldelpuce</a>	1	0	1	3001	4180	149761	Valladolid	090
@Migueln47492864	<a href="https://twitter.com/Migueln47492864" target="_blank">Migueln47492864</a>	1	0	1	6	26	983		259
@MIJARATE	<a href="https://twitter.com/MIJARATE" target="_blank">MIJARATE</a>	2	0	1	17	102	408		003
@mike_jmg	<a href="https://twitter.com/mike_jmg" target="_blank">mike_jmg</a>	2	0	1	54	234	4882	Beyond limits of physics	006
@Mike_Paint	<a href="https://twitter.com/Mike_Paint" target="_blank">Mike_Paint</a>	1	0	1	1337	783	16252		105
@MikelArreseigor	<a href="https://twitter.com/MikelArreseigor" target="_blank">MikelArreseigor</a>	1	9	0	4117	4850	3862	Tolosa	117
@MikelErreala	<a href="https://twitter.com/MikelErreala" target="_blank">MikelErreala</a>	1	0	1	70	134	503	Irún, Euskal Herria	117
@mikelltuit	<a href="https://twitter.com/mikelltuit" target="_blank">mikelltuit</a>	14	0	2	933	1238	17474	Vallès Occidental	118
@mikiadrover	<a href="https://twitter.com/mikiadrover" target="_blank">mikiadrover</a>	1	0	1	394	1122	7223	Lima, Peru	018
@mikigarcia99	<a href="https://twitter.com/mikigarcia99" target="_blank">mikigarcia99</a>	2	0	1	219	545	2244	Barcelona, Catalunya	003
@Mikymorph	<a href="https://twitter.com/Mikymorph" target="_blank">Mikymorph</a>	4	0	2	2875	2711	34173	castefa	001
@MilaBrabo	<a href="https://twitter.com/MilaBrabo" target="_blank">MilaBrabo</a>	1	0	1	101	228	3218		306
@MilaJoan	<a href="https://twitter.com/MilaJoan" target="_blank">MilaJoan</a>	6	0	1	205	293	3790	Sant Pere de Ribes	005
@milfulls	<a href="https://twitter.com/milfulls" target="_blank">milfulls</a>	1	0	1	36	184	1111	2013 tram 411 -  2014 24-8	064
@Millavepater	<a href="https://twitter.com/Millavepater" target="_blank">Millavepater</a>	6	0	2	25	75	2164		001
@miluverd	<a href="https://twitter.com/miluverd" target="_blank">miluverd</a>	2	0	1	28	204	886		007
@minara93	<a href="https://twitter.com/minara93" target="_blank">minara93</a>	1	0	1	904	469	82018	Nou Barris. Barcelona.	108
@mindbrewer	<a href="https://twitter.com/mindbrewer" target="_blank">mindbrewer</a>	1	0	1	128	606	1907	Catalunya, Vall del Ges	008
@mindundi10	<a href="https://twitter.com/mindundi10" target="_blank">mindundi10</a>	7	0	3	285	370	20509	Catalunya	003
@MininoOscuro	<a href="https://twitter.com/MininoOscuro" target="_blank">MininoOscuro</a>	6	0	2	187	724	25150		064
@miqpersu	<a href="https://twitter.com/miqpersu" target="_blank">miqpersu</a>	3	0	1	371	823	3776	Calella,Casserres	053
@MiqTweet	<a href="https://twitter.com/MiqTweet" target="_blank">MiqTweet</a>	14	0	4	243	243	45288	Catalunya	003
@miquel_fel	<a href="https://twitter.com/miquel_fel" target="_blank">miquel_fel</a>	1	0	1	22	240	115		003
@miquel_pla	<a href="https://twitter.com/miquel_pla" target="_blank">miquel_pla</a>	4	0	1	249	1135	4265	Badalona	036
@MiquelArgelich	<a href="https://twitter.com/MiquelArgelich" target="_blank">MiquelArgelich</a>	19	3	1	3255	3167	46374	Agramunt	151
@MiquelBadia3	<a href="https://twitter.com/MiquelBadia3" target="_blank">MiquelBadia3</a>	3	0	1	268	372	4325	El Vallès Oriental ,Catalunya	002
@Miquelbadrog	<a href="https://twitter.com/Miquelbadrog" target="_blank">Miquelbadrog</a>	1	0	1	222	827	1254	Girona-Catalunya	005
@miquelcano	<a href="https://twitter.com/miquelcano" target="_blank">miquelcano</a>	8	0	1	376	452	7992		003
@miqueldelroyo	<a href="https://twitter.com/miqueldelroyo" target="_blank">miqueldelroyo</a>	1	0	1	313	289	3514	En aquests moments, aquí.	064
@miqueldepalol	<a href="https://twitter.com/miqueldepalol" target="_blank">miqueldepalol</a>	10	0	6	420	349	1199	Barcelona	003
@Miquelesquinas	<a href="https://twitter.com/Miquelesquinas" target="_blank">Miquelesquinas</a>	1	0	1	29	86	152		003
@MiquelEsquius	<a href="https://twitter.com/MiquelEsquius" target="_blank">MiquelEsquius</a>	1	0	1	113	287	2133	Catalunya	084
@MiqueletFusell	<a href="https://twitter.com/MiqueletFusell" target="_blank">MiqueletFusell</a>	3	0	1	98	225	1083		003
@MiqueletV8	<a href="https://twitter.com/MiqueletV8" target="_blank">MiqueletV8</a>	6	0	2	493	512	6524	CATALUNYA, EUROPA	003
@miquelflorit	<a href="https://twitter.com/miquelflorit" target="_blank">miquelflorit</a>	21	0	4	1346	1948	60497	entre Rumania i La Canonja.	001
@miquelfortea	<a href="https://twitter.com/miquelfortea" target="_blank">miquelfortea</a>	4	0	1	78	369	151	Teià (Catalunya)	249
@MiquelFumanal	<a href="https://twitter.com/MiquelFumanal" target="_blank">MiquelFumanal</a>	24	0	1	186	374	16102		005
@MIQUELLARA	<a href="https://twitter.com/MIQUELLARA" target="_blank">MIQUELLARA</a>	82	183	2	8993	9419	300619	SALT - CATALUNYA	006
@miqueloro	<a href="https://twitter.com/miqueloro" target="_blank">miqueloro</a>	1	0	1	116	129	18452	Torrelameu	113
@miquelot1971	<a href="https://twitter.com/miquelot1971" target="_blank">miquelot1971</a>	6	0	1	318	547	8265	Barcelona, Catalunya	076
@miquelpb	<a href="https://twitter.com/miquelpb" target="_blank">miquelpb</a>	1	0	1	44	273	1154		003
@MiquelPeri	<a href="https://twitter.com/MiquelPeri" target="_blank">MiquelPeri</a>	15	0	1	174	346	18660		003
@miquelrdgz	<a href="https://twitter.com/miquelrdgz" target="_blank">miquelrdgz</a>	2	0	1	36	44	143	Catalunya	093
@MiquelRoman	<a href="https://twitter.com/MiquelRoman" target="_blank">MiquelRoman</a>	14	0	3	1335	2219	21296	Porta (Nou Barris, Barcelona)	019
@Miree_6	<a href="https://twitter.com/Miree_6" target="_blank">Miree_6</a>	2	0	1	182	96	4955		006
@MireFerran	<a href="https://twitter.com/MireFerran" target="_blank">MireFerran</a>	1	90	0	809	1072	9772	Andreuenca.Barcelona.Catalonia	019
@mireia_albiol	<a href="https://twitter.com/mireia_albiol" target="_blank">mireia_albiol</a>	12	0	3	578	2119	7870	Tarragone, Catalogne	002
@mireia_capde	<a href="https://twitter.com/mireia_capde" target="_blank">mireia_capde</a>	2	0	1	497	541	1614	Sabadell	007
@Mireia888	<a href="https://twitter.com/Mireia888" target="_blank">Mireia888</a>	1	0	1	2958	2907	12944	Imposible e inevitable.	002
@MireiaComasVia	<a href="https://twitter.com/MireiaComasVia" target="_blank">MireiaComasVia</a>	1	0	1	663	1152	825	Barcelona, Espanya	120
@mireiacsdmt	<a href="https://twitter.com/mireiacsdmt" target="_blank">mireiacsdmt</a>	2	0	1	254	207	22677	Alt Empordà	012
@mireiapujol18	<a href="https://twitter.com/mireiapujol18" target="_blank">mireiapujol18</a>	0	1	0					210
@mireiatorras22	<a href="https://twitter.com/mireiatorras22" target="_blank">mireiatorras22</a>	9	0	1	68	303	1648	Olot, Catalunya	005
@Mireiavam	<a href="https://twitter.com/Mireiavam" target="_blank">Mireiavam</a>	7	0	1	200	33	18326	Blanes, Girona, Catalunya	002
@mirellacges	<a href="https://twitter.com/mirellacges" target="_blank">mirellacges</a>	1	2	0	536	259	1168	Sallent, Espanya	095
@Miriam66chimeno	<a href="https://twitter.com/Miriam66chimeno" target="_blank">Miriam66chimeno</a>	30	0	1	294	236	23246		005
@miriamasturias	<a href="https://twitter.com/miriamasturias" target="_blank">miriamasturias</a>	0	2	0					041
@MiriamMoAu	<a href="https://twitter.com/MiriamMoAu" target="_blank">MiriamMoAu</a>	1	0	1	9	50	224		005
@mirinelblog	<a href="https://twitter.com/mirinelblog" target="_blank">mirinelblog</a>	1	1	0	308	254	7639	Reus	006
@mirovira75	<a href="https://twitter.com/mirovira75" target="_blank">mirovira75</a>	9	0	1	1919	3150	199878	Barcelona	214
@mirpanna	<a href="https://twitter.com/mirpanna" target="_blank">mirpanna</a>	5	0	1	58	180	2286		002
@misjosep	<a href="https://twitter.com/misjosep" target="_blank">misjosep</a>	10	26	1	8992	8219	33390		011
@MissNieve	<a href="https://twitter.com/MissNieve" target="_blank">MissNieve</a>	7	0	1	105	96	7279		045
@missyrat4	<a href="https://twitter.com/missyrat4" target="_blank">missyrat4</a>	8	0	1	781	1460	2444	Països catalans	006
@mj3773jm	<a href="https://twitter.com/mj3773jm" target="_blank">mj3773jm</a>	1	0	1	338	849	3791	Artesa de Segre, Lleida	003
@mjusticial	<a href="https://twitter.com/mjusticial" target="_blank">mjusticial</a>	5	0	1	175	653	2106	Catalunya	001
@mkltolosa	<a href="https://twitter.com/mkltolosa" target="_blank">mkltolosa</a>	1	0	1	70	185	500		003
@mlavizell	<a href="https://twitter.com/mlavizell" target="_blank">mlavizell</a>	8	0	2	157	572	14720		003
@mlbaiges	<a href="https://twitter.com/mlbaiges" target="_blank">mlbaiges</a>	3	0	1	48	286	818		108
@MLiceranNieto	<a href="https://twitter.com/MLiceranNieto" target="_blank">MLiceranNieto</a>	3	0	1	11	44	1183		064
@mllop73	<a href="https://twitter.com/mllop73" target="_blank">mllop73</a>	2	0	1	8	33	83		003
@MLluisaBarrera	<a href="https://twitter.com/MLluisaBarrera" target="_blank">MLluisaBarrera</a>	3	0	1	331	421	4262	Terrassa, España	001
@mlluisvall	<a href="https://twitter.com/mlluisvall" target="_blank">mlluisvall</a>	10	0	2	1613	1294	8826	Terrassa	013
@mm_purroy	<a href="https://twitter.com/mm_purroy" target="_blank">mm_purroy</a>	3	0	1	28	29	599		093
@mmaaarrz	<a href="https://twitter.com/mmaaarrz" target="_blank">mmaaarrz</a>	1	0	1	270	1233	4708	Barcelona, Catalunya	002
@mmarti41	<a href="https://twitter.com/mmarti41" target="_blank">mmarti41</a>	1	0	1	39	69	683	Sabadell	006
@mmarti6	<a href="https://twitter.com/mmarti6" target="_blank">mmarti6</a>	2	0	1	282	180	9141	Clownia	031
@mmascaroo	<a href="https://twitter.com/mmascaroo" target="_blank">mmascaroo</a>	1	0	1	104	119	909		105
@Mme_de_Boo	<a href="https://twitter.com/Mme_de_Boo" target="_blank">Mme_de_Boo</a>	2	0	1	637	1946	11247	Australia	040
@MMPassarim	<a href="https://twitter.com/MMPassarim" target="_blank">MMPassarim</a>	4	0	1	677	2984	2831	Dublin City, Ireland	003
@mmvidald	<a href="https://twitter.com/mmvidald" target="_blank">mmvidald</a>	3	0	1	554	629	45182	Vila-rodona,	003
@MngelsMontserra	<a href="https://twitter.com/MngelsMontserra" target="_blank">MngelsMontserra</a>	7	0	1	35	69	4997	barcelona	003
@MnicaGinesBlasi	<a href="https://twitter.com/MnicaGinesBlasi" target="_blank">MnicaGinesBlasi</a>	1	0	1	196	432	800		003
@MnicaRebullCome	<a href="https://twitter.com/MnicaRebullCome" target="_blank">MnicaRebullCome</a>	11	37	0	8515	7453	171600	palamós	001
@mobiplayer	<a href="https://twitter.com/mobiplayer" target="_blank">mobiplayer</a>	9	0	1	973	3208	26578	Reading & Barcelona	125
@MohaAlami99	<a href="https://twitter.com/MohaAlami99" target="_blank">MohaAlami99</a>	1	0	1	177	171	693	Mallorca	115
@MoiLeMiroir	<a href="https://twitter.com/MoiLeMiroir" target="_blank">MoiLeMiroir</a>	15	0	1	313	1168	5467		024
@moldegust	<a href="https://twitter.com/moldegust" target="_blank">moldegust</a>	7	0	1	286	344	6515	De Tòrrec, vivint a Alemanya	013
@Molia2010	<a href="https://twitter.com/Molia2010" target="_blank">Molia2010</a>	2	0	1	1214	1429	31380	Barcelona	003
@molidelpont	<a href="https://twitter.com/molidelpont" target="_blank">molidelpont</a>	20	0	1	308	333	21307		022
@MoliMolinag	<a href="https://twitter.com/MoliMolinag" target="_blank">MoliMolinag</a>	2	0	1	279	393	35522		003
@molonetti	<a href="https://twitter.com/molonetti" target="_blank">molonetti</a>	7	0	1	144	486	6700	Catalunya	009
@Molt05	<a href="https://twitter.com/Molt05" target="_blank">Molt05</a>	7	0	3	97	581	7090		001
@moltail_lusio	<a href="https://twitter.com/moltail_lusio" target="_blank">moltail_lusio</a>	2	0	1	4	175	146	Països Catalans	008
@MoltesMerces16	<a href="https://twitter.com/MoltesMerces16" target="_blank">MoltesMerces16</a>	1	23	0	8286	5758	3307	moltesmerces.cat@gmail.com	087
@MomoBegur	<a href="https://twitter.com/MomoBegur" target="_blank">MomoBegur</a>	1	0	1	54	180	353		284
@moncabanas	<a href="https://twitter.com/moncabanas" target="_blank">moncabanas</a>	1	0	1	1	35	205		105
@moncapsa	<a href="https://twitter.com/moncapsa" target="_blank">moncapsa</a>	17	1	1	8030	7225	215308	Barcelona, Catalunya	088
@MonclausFerrer	<a href="https://twitter.com/MonclausFerrer" target="_blank">MonclausFerrer</a>	15	0	1	569	610	28677		064
@moneny68	<a href="https://twitter.com/moneny68" target="_blank">moneny68</a>	19	0	1	199	440	9583	US	023
@monforcolla	<a href="https://twitter.com/monforcolla" target="_blank">monforcolla</a>	5	0	1	13	96	1663		037
@monfort_xavier	<a href="https://twitter.com/monfort_xavier" target="_blank">monfort_xavier</a>	1	0	1	248	361	13960	Catalunya //*//	328
@MonicaNJover	<a href="https://twitter.com/MonicaNJover" target="_blank">MonicaNJover</a>	7	0	1	248	401	10747		005
@monicapalacin29	<a href="https://twitter.com/monicapalacin29" target="_blank">monicapalacin29</a>	1	2	0	1124	1060	1282	Pineda de Mar, Catalonia	058
@monicasuchgmai1	<a href="https://twitter.com/monicasuchgmai1" target="_blank">monicasuchgmai1</a>	5	0	1	539	447	8006		001
@MonicaTS74	<a href="https://twitter.com/MonicaTS74" target="_blank">MonicaTS74</a>	6	0	2	51	81	6764	Torrelles de Llobregat	048
@monicavilahu	<a href="https://twitter.com/monicavilahu" target="_blank">monicavilahu</a>	7	0	1	117	202	2053		026
@monimo0908	<a href="https://twitter.com/monimo0908" target="_blank">monimo0908</a>	10	0	1	14	106	1285	Catalonia	002
@monitors_lleure	<a href="https://twitter.com/monitors_lleure" target="_blank">monitors_lleure</a>	1	0	1	302	423	6599	A ón volgueu	031
@monkape	<a href="https://twitter.com/monkape" target="_blank">monkape</a>	5	0	1	68	226	1610		005
@monograficotwit	<a href="https://twitter.com/monograficotwit" target="_blank">monograficotwit</a>	4	0	3	863	2121	43070	North by Northwest	045
@monpuigmal	<a href="https://twitter.com/monpuigmal" target="_blank">monpuigmal</a>	4	0	1	4	22	600		003
@monrealcasado	<a href="https://twitter.com/monrealcasado" target="_blank">monrealcasado</a>	0	1	0					209
@monri02	<a href="https://twitter.com/monri02" target="_blank">monri02</a>	8	0	1	1956	219	37428	Catalunya	021
@monsamga	<a href="https://twitter.com/monsamga" target="_blank">monsamga</a>	44	0	1	77	307	6573		001
@Mont3serrat	<a href="https://twitter.com/Mont3serrat" target="_blank">Mont3serrat</a>	16	0	1	887	905	44906	Barcelona, España	009
@Mont74	<a href="https://twitter.com/Mont74" target="_blank">Mont74</a>	5	0	1	159	416	4398		008
@MonteLopezAlon1	<a href="https://twitter.com/MonteLopezAlon1" target="_blank">MonteLopezAlon1</a>	12	0	1	28	190	4168	Sant Celoni, España	013
@MontenegroPep	<a href="https://twitter.com/MontenegroPep" target="_blank">MontenegroPep</a>	8	0	1	14	33	350	Girona, Catalunya	064
@montperdutroig	<a href="https://twitter.com/montperdutroig" target="_blank">montperdutroig</a>	7	0	1	192	815	10798	Barcelona, Cataluña	008
@montse_castella	<a href="https://twitter.com/montse_castella" target="_blank">montse_castella</a>	8	0	1	169	277	5132	Terrassa	008
@montse099	<a href="https://twitter.com/montse099" target="_blank">montse099</a>	5	0	1	307	1005	9578		003
@Montsebch	<a href="https://twitter.com/Montsebch" target="_blank">Montsebch</a>	2	0	1	161	220	2451		019
@montsecasaus	<a href="https://twitter.com/montsecasaus" target="_blank">montsecasaus</a>	18	0	1	1988	2353	78132		002
@montseDJ	<a href="https://twitter.com/montseDJ" target="_blank">montseDJ</a>	1	0	1	248	237	2124	Medinyenca vivint a Barcelona	276
@Montseepple	<a href="https://twitter.com/Montseepple" target="_blank">Montseepple</a>	1	0	1	5531	5475	2688	Barcelona, Tenerife	188
@MontseEsclusa	<a href="https://twitter.com/MontseEsclusa" target="_blank">MontseEsclusa</a>	6	0	1	154	593	7657	Barcelona - Catalunya -	087
@Montsefranchs	<a href="https://twitter.com/Montsefranchs" target="_blank">Montsefranchs</a>	1	0	1	11	99	309	Barcelona, Catalunya	007
@montsegolSiSi	<a href="https://twitter.com/montsegolSiSi" target="_blank">montsegolSiSi</a>	10	0	3	5361	4291	116289	Ítaca	001
@MontseLM163	<a href="https://twitter.com/MontseLM163" target="_blank">MontseLM163</a>	2	0	1	4	92	624		064
@montsemarsan	<a href="https://twitter.com/montsemarsan" target="_blank">montsemarsan</a>	24	0	1	358	541	14594		001
@montsembordonau	<a href="https://twitter.com/montsembordonau" target="_blank">montsembordonau</a>	6	0	1	65	295	4611	Barcelona, Catalunya	001
@montsepalau	<a href="https://twitter.com/montsepalau" target="_blank">montsepalau</a>	7	0	1	3415	1733	20458		008
@montsepdm	<a href="https://twitter.com/montsepdm" target="_blank">montsepdm</a>	11	0	2	29	147	1496		064
@Montser82887492	<a href="https://twitter.com/Montser82887492" target="_blank">Montser82887492</a>	1	0	1	17	49	54		003
@MontseRom73	<a href="https://twitter.com/MontseRom73" target="_blank">MontseRom73</a>	4	0	1	50	324	1236	catalunya	064
@montserratfj	<a href="https://twitter.com/montserratfj" target="_blank">montserratfj</a>	4	0	1	639	484	5670	Reus, España	064
@MONTSERRATMAOS1	<a href="https://twitter.com/MONTSERRATMAOS1" target="_blank">MONTSERRATMAOS1</a>	7	0	3	291	658	19199	Barcelona, Catalunya	001
@MontserratMata1	<a href="https://twitter.com/MontserratMata1" target="_blank">MontserratMata1</a>	3	0	3	147	409	581		036
@montserratsaga1	<a href="https://twitter.com/montserratsaga1" target="_blank">montserratsaga1</a>	5	0	1	30	125	5507		064
@montserroco	<a href="https://twitter.com/montserroco" target="_blank">montserroco</a>	4	0	1	90	123	1277	Badalona, Espanya	064
@montserumbau	<a href="https://twitter.com/montserumbau" target="_blank">montserumbau</a>	49	0	5	2855	2713	158310	Santa Coloma de Queralt	005
@montset94	<a href="https://twitter.com/montset94" target="_blank">montset94</a>	1	0	1	12	63	34		094
@MontseVila2	<a href="https://twitter.com/MontseVila2" target="_blank">MontseVila2</a>	21	0	3	42	114	7441		001
@montsitaO	<a href="https://twitter.com/montsitaO" target="_blank">montsitaO</a>	2	0	1	227	348	7297	Girona	006
@monttsem	<a href="https://twitter.com/monttsem" target="_blank">monttsem</a>	1	0	1	36	146	1525	- Barcelona -	003
@Montxin12	<a href="https://twitter.com/Montxin12" target="_blank">Montxin12</a>	5	0	1	512	568	49156		008
@montzapa	<a href="https://twitter.com/montzapa" target="_blank">montzapa</a>	8	0	1	692	674	20489		111
@moonblue365	<a href="https://twitter.com/moonblue365" target="_blank">moonblue365</a>	40	0	1	2846	1433	89620	Barcelona, Catalonia - UE	002
@MOQ2112	<a href="https://twitter.com/MOQ2112" target="_blank">MOQ2112</a>	2	0	1	0	14	89		009
@moracarmo50	<a href="https://twitter.com/moracarmo50" target="_blank">moracarmo50</a>	1	0	1	658	747	117081	Buenos Aires, Argentina	107
@morbcn	<a href="https://twitter.com/morbcn" target="_blank">morbcn</a>	12	0	2	307	417	11861	Barcelona - Catalonia	018
@morcatfx	<a href="https://twitter.com/morcatfx" target="_blank">morcatfx</a>	2	0	1	12	143	550		003
@morellsau	<a href="https://twitter.com/morellsau" target="_blank">morellsau</a>	8	0	1	1735	565	11984	Barcelona,Catalunya	013
@Morenacatalana	<a href="https://twitter.com/Morenacatalana" target="_blank">Morenacatalana</a>	4	5	0	669	1183	12345		001
@MoreraNria	<a href="https://twitter.com/MoreraNria" target="_blank">MoreraNria</a>	21	0	1	9	49	1198		003
@mororo74	<a href="https://twitter.com/mororo74" target="_blank">mororo74</a>	2	0	1	68	153	1242	Figueres, Espanya	248
@Moscamascojoner	<a href="https://twitter.com/Moscamascojoner" target="_blank">Moscamascojoner</a>	20	0	1	2053	4950	66980		019
@mosqueragoce	<a href="https://twitter.com/mosqueragoce" target="_blank">mosqueragoce</a>	5	0	1	733	886	51669	Ponteareas,Galiza	007
@MovEsqCONSTANTI	<a href="https://twitter.com/MovEsqCONSTANTI" target="_blank">MovEsqCONSTANTI</a>	6	0	1	206	313	1768		028
@MovEsquerres	<a href="https://twitter.com/MovEsquerres" target="_blank">MovEsquerres</a>	34	0	3	4443	934	6986		033
@Mpanyella	<a href="https://twitter.com/Mpanyella" target="_blank">Mpanyella</a>	1	0	1	126	487	1320		003
@mpausas	<a href="https://twitter.com/mpausas" target="_blank">mpausas</a>	1	0	1	72	356	81		138
@MPerarna	<a href="https://twitter.com/MPerarna" target="_blank">MPerarna</a>	8	0	1	766	2855	17348		093
@mpgmuret60	<a href="https://twitter.com/mpgmuret60" target="_blank">mpgmuret60</a>	2	0	1	146	118	20228		003
@mpipe07	<a href="https://twitter.com/mpipe07" target="_blank">mpipe07</a>	2	0	1	8	27	144		005
@MpoPuig	<a href="https://twitter.com/MpoPuig" target="_blank">MpoPuig</a>	2	0	1	302	737	8609		005
@mqlgalera	<a href="https://twitter.com/mqlgalera" target="_blank">mqlgalera</a>	1	0	1	92	198	2385	Solsona // Manresa	019
@Mr_Spock	<a href="https://twitter.com/Mr_Spock" target="_blank">Mr_Spock</a>	1	0	1	2891	2655	203379		139
@Mr9Nuria	<a href="https://twitter.com/Mr9Nuria" target="_blank">Mr9Nuria</a>	9	0	1	274	463	24323	Flix - Barcelona, Catalunya	006
@MRialp	<a href="https://twitter.com/MRialp" target="_blank">MRialp</a>	16	0	1	973	1776	108905		005
@msala12	<a href="https://twitter.com/msala12" target="_blank">msala12</a>	3	0	1	80	304	3829	Catalunya	064
@msanglas	<a href="https://twitter.com/msanglas" target="_blank">msanglas</a>	3	0	1	7015	1920	13213	Catalunya	014
@msantd	<a href="https://twitter.com/msantd" target="_blank">msantd</a>	2	0	1	728	1350	13226	Barcelona - Tarragona	003
@msenserrich	<a href="https://twitter.com/msenserrich" target="_blank">msenserrich</a>	7	0	1	4575	1678	7525	Igualada	013
@MTaunus	<a href="https://twitter.com/MTaunus" target="_blank">MTaunus</a>	4	0	1	150	425	19536		064
@Mtenas	<a href="https://twitter.com/Mtenas" target="_blank">Mtenas</a>	1	0	1	452	1131	26789		091
@mtresserra	<a href="https://twitter.com/mtresserra" target="_blank">mtresserra</a>	1	0	1	734	565	1821		007
@mtsarda	<a href="https://twitter.com/mtsarda" target="_blank">mtsarda</a>	8	0	3	272	262	3920	Països Catalans	015
@MTudela	<a href="https://twitter.com/MTudela" target="_blank">MTudela</a>	6	0	1	11871	8985	78460	Catalunya	087
@muguruzafm	<a href="https://twitter.com/muguruzafm" target="_blank">muguruzafm</a>	5	6	0	29448	2174	11560	Irun, Euskal Herria	127
@mujertpuntcat	<a href="https://twitter.com/mujertpuntcat" target="_blank">mujertpuntcat</a>	8	0	3	530	722	11507	girona	006
@MUkulturparkea	<a href="https://twitter.com/MUkulturparkea" target="_blank">MUkulturparkea</a>	1	0	1	174	292	368	20140 Andoain, Euskal Herria	123
@MuletViticultor	<a href="https://twitter.com/MuletViticultor" target="_blank">MuletViticultor</a>	1	0	1	56	81	58		001
@MultiroleR	<a href="https://twitter.com/MultiroleR" target="_blank">MultiroleR</a>	2	0	1	27	47	848	Catalunya	003
@munkunill	<a href="https://twitter.com/munkunill" target="_blank">munkunill</a>	1	0	1	235	1404	3370		007
@muntadalluis	<a href="https://twitter.com/muntadalluis" target="_blank">muntadalluis</a>	3	0	1	518	345	5879		005
@muricec1	<a href="https://twitter.com/muricec1" target="_blank">muricec1</a>	4	0	1	232	293	28635	Cova dels Muricecs - P. Jussà	005
@murri1972	<a href="https://twitter.com/murri1972" target="_blank">murri1972</a>	31	0	1	335	351	40759		005
@mut2802	<a href="https://twitter.com/mut2802" target="_blank">mut2802</a>	1	0	1	34	199	1256		064
@muxaineta	<a href="https://twitter.com/muxaineta" target="_blank">muxaineta</a>	26	0	3	1855	1369	99439		001
@Muxerrilla	<a href="https://twitter.com/Muxerrilla" target="_blank">Muxerrilla</a>	1	0	1	32	117	40	Valls	239
@MVedruna	<a href="https://twitter.com/MVedruna" target="_blank">MVedruna</a>	18	0	2	13	39	2672		005
@mvisapons	<a href="https://twitter.com/mvisapons" target="_blank">mvisapons</a>	11	0	1	830	1110	54439		006
@mvpacheco58	<a href="https://twitter.com/mvpacheco58" target="_blank">mvpacheco58</a>	1	0	1	453	587	8709		300
@mvperis75	<a href="https://twitter.com/mvperis75" target="_blank">mvperis75</a>	14	0	1	1119	1779	66982	Palafrugell-BCN. RepubliCAT	001
@mynameg3rard	<a href="https://twitter.com/mynameg3rard" target="_blank">mynameg3rard</a>	1	0	1	30	122	427	Cataluña, España	003
@Myt1980	<a href="https://twitter.com/Myt1980" target="_blank">Myt1980</a>	4	0	1	103	196	630	barcelona	105
@Mytruth75	<a href="https://twitter.com/Mytruth75" target="_blank">Mytruth75</a>	5	0	1	485	1095	6777	Castelldefels - Barcelona	001
@NachoRodAm64	<a href="https://twitter.com/NachoRodAm64" target="_blank">NachoRodAm64</a>	6	0	1	18	72	4068		064
@naggerman	<a href="https://twitter.com/naggerman" target="_blank">naggerman</a>	1	0	1	134	444	2628		002
@NagoreM99	<a href="https://twitter.com/NagoreM99" target="_blank">NagoreM99</a>	1	0	1	163	128	596	Barcelona, Catalunya	003
@nagusticasals	<a href="https://twitter.com/nagusticasals" target="_blank">nagusticasals</a>	26	0	1	1912	2272	130299	Catalunya, Espanya	006
@NaKk3L	<a href="https://twitter.com/NaKk3L" target="_blank">NaKk3L</a>	12	0	3	116	162	7805	Barcelona, España	001
@nakkimusic	<a href="https://twitter.com/nakkimusic" target="_blank">nakkimusic</a>	1	0	1	513	1921	1640	Catalonia	003
@NALBAROMA	<a href="https://twitter.com/NALBAROMA" target="_blank">NALBAROMA</a>	12	0	2	187	341	10281	Barcelona	093
@nan0912	<a href="https://twitter.com/nan0912" target="_blank">nan0912</a>	12	0	1	23	52	4464	Lleida, Catalunya	116
@naoj77	<a href="https://twitter.com/naoj77" target="_blank">naoj77</a>	10	0	1	707	1436	6620	Barcelona, Catalunya	245
@Narcistubert	<a href="https://twitter.com/Narcistubert" target="_blank">Narcistubert</a>	1	0	1	14	21	24		006
@NataliaBlanchar	<a href="https://twitter.com/NataliaBlanchar" target="_blank">NataliaBlanchar</a>	1	0	1	143	334	402		008
@NataliaBonjoc	<a href="https://twitter.com/NataliaBonjoc" target="_blank">NataliaBonjoc</a>	3	0	3	46	159	220	Catalunya, Espanya	049
@NathanAlbes	<a href="https://twitter.com/NathanAlbes" target="_blank">NathanAlbes</a>	1	0	1	239	358	21394		137
@natilles_com	<a href="https://twitter.com/natilles_com" target="_blank">natilles_com</a>	0	1	0					040
@NaturaMaresme	<a href="https://twitter.com/NaturaMaresme" target="_blank">NaturaMaresme</a>	51	0	3	102	179	8555		048
@Natx_Lopez	<a href="https://twitter.com/Natx_Lopez" target="_blank">Natx_Lopez</a>	1	0	1	154	455	1907	Barcelona - Catalunya	237
@natxo_k	<a href="https://twitter.com/natxo_k" target="_blank">natxo_k</a>	4	0	1	48	220	475		007
@naual15_	<a href="https://twitter.com/naual15_" target="_blank">naual15_</a>	1	0	1	1188	332	31205	Catalunya	006
@naubatalla	<a href="https://twitter.com/naubatalla" target="_blank">naubatalla</a>	0	1	0					001
@NauChester	<a href="https://twitter.com/NauChester" target="_blank">NauChester</a>	1	0	1	40	31	2836	Barcelona	006
@NavarroCarme	<a href="https://twitter.com/NavarroCarme" target="_blank">NavarroCarme</a>	6	0	1	307	1512	8109	Barcelona, Catalunya ||*||	108
@Nazgulcoc	<a href="https://twitter.com/Nazgulcoc" target="_blank">Nazgulcoc</a>	1	0	1	36	64	922		065
@ncadenes	<a href="https://twitter.com/ncadenes" target="_blank">ncadenes</a>	5	1	0	8351	2394	9670		207
@negre_joan	<a href="https://twitter.com/negre_joan" target="_blank">negre_joan</a>	16	0	1	387	1247	3882	Catalonia	011
@negrorevolution	<a href="https://twitter.com/negrorevolution" target="_blank">negrorevolution</a>	2	0	1	155	275	7621	Catalunya	003
@nellyfe33318061	<a href="https://twitter.com/nellyfe33318061" target="_blank">nellyfe33318061</a>	6	0	2	47	318	1984		015
@neoklau	<a href="https://twitter.com/neoklau" target="_blank">neoklau</a>	12	0	1	2540	3870	23588	Barcelona, Eixample	001
@Ner98	<a href="https://twitter.com/Ner98" target="_blank">Ner98</a>	1	0	1	91	113	385		019
@NerBlack	<a href="https://twitter.com/NerBlack" target="_blank">NerBlack</a>	2	0	1	541	795	38121	Barcelona - Guildford	108
@NereidaGV	<a href="https://twitter.com/NereidaGV" target="_blank">NereidaGV</a>	11	0	1	18	26	1283		111
@nes_ggmm	<a href="https://twitter.com/nes_ggmm" target="_blank">nes_ggmm</a>	2	0	1	227	650	148	BCN	055
@NES16677	<a href="https://twitter.com/NES16677" target="_blank">NES16677</a>	3	0	1	244	503	5590	Vilafranca del Penedès	003
@nessacabre	<a href="https://twitter.com/nessacabre" target="_blank">nessacabre</a>	2	0	1	67	251	1897	Barcelona	003
@Nest_indy	<a href="https://twitter.com/Nest_indy" target="_blank">Nest_indy</a>	36	0	7	1398	2126	43660	Brienz, Switzerland	001
@neuscalafell	<a href="https://twitter.com/neuscalafell" target="_blank">neuscalafell</a>	3	0	1	108	116	1016	Catalunya	177
@NeusCunill	<a href="https://twitter.com/NeusCunill" target="_blank">NeusCunill</a>	20	0	2	22	89	2066	Barcelona	019
@NeusFalgas	<a href="https://twitter.com/NeusFalgas" target="_blank">NeusFalgas</a>	4	0	1	139	551	2825		005
@neusmatamala	<a href="https://twitter.com/neusmatamala" target="_blank">neusmatamala</a>	1	4	0	3252	3854	5941	Celrà - Girona	104
@NeusNogue	<a href="https://twitter.com/NeusNogue" target="_blank">NeusNogue</a>	9	0	1	1493	620	18166	Barcelona (Catalunya)	005
@NeusPM1	<a href="https://twitter.com/NeusPM1" target="_blank">NeusPM1</a>	15	0	2	98	250	19905		001
@neusponseti	<a href="https://twitter.com/neusponseti" target="_blank">neusponseti</a>	1	0	1	75	265	164	Girona, Catalunya	064
@neuspullina	<a href="https://twitter.com/neuspullina" target="_blank">neuspullina</a>	1	1	0	132	157	5973	Barcelona, Catalunya	204
@NewsNeus	<a href="https://twitter.com/NewsNeus" target="_blank">NewsNeus</a>	1	0	1	4858	2370	96590		283
@newzero45	<a href="https://twitter.com/newzero45" target="_blank">newzero45</a>	2	0	1	275	566	13593		105
@NextbitFan	<a href="https://twitter.com/NextbitFan" target="_blank">NextbitFan</a>	2	0	2	96	161	1804		002
@NEXTDXCCCAT	<a href="https://twitter.com/NEXTDXCCCAT" target="_blank">NEXTDXCCCAT</a>	1	0	1	608	1475	2896	Catalonia	003
@ngarde67	<a href="https://twitter.com/ngarde67" target="_blank">ngarde67</a>	4	0	1	412	408	7303		155
@nhm135_batlle	<a href="https://twitter.com/nhm135_batlle" target="_blank">nhm135_batlle</a>	1	0	1	16	89	506		003
@niceworldx	<a href="https://twitter.com/niceworldx" target="_blank">niceworldx</a>	6	0	2	1140	1875	28369	Pineda de Mar	037
@Nicolaseta1	<a href="https://twitter.com/Nicolaseta1" target="_blank">Nicolaseta1</a>	7	0	1	1786	2554	3751	Catalunya	001
@Nil_AG1	<a href="https://twitter.com/Nil_AG1" target="_blank">Nil_AG1</a>	6	0	1	4546	4997	70221	República de Catalunya, EU.	003
@Nil_Ximi	<a href="https://twitter.com/Nil_Ximi" target="_blank">Nil_Ximi</a>	1	0	1	174	446	1872	Sant quirze de Besora	091
@niljan	<a href="https://twitter.com/niljan" target="_blank">niljan</a>	6	0	1	518	1239	23553	L'Hospitalet Ll-SBoi Lluçanès	007
@NinaQueral	<a href="https://twitter.com/NinaQueral" target="_blank">NinaQueral</a>	1	1	1	365	341	9754	pintando	003
@NINONA68	<a href="https://twitter.com/NINONA68" target="_blank">NINONA68</a>	2	0	1	483	975	14283	Catalunya	019
@ninucat	<a href="https://twitter.com/ninucat" target="_blank">ninucat</a>	16	0	2	615	676	14797	Catalunya	019
@nirobles	<a href="https://twitter.com/nirobles" target="_blank">nirobles</a>	2	0	1	26	127	1040	Sabadell	064
@niskas	<a href="https://twitter.com/niskas" target="_blank">niskas</a>	44	0	4	204	2040	5544		006
@NitdeBoira	<a href="https://twitter.com/NitdeBoira" target="_blank">NitdeBoira</a>	1	0	1	217	442	2621		126
@NitEncesa	<a href="https://twitter.com/NitEncesa" target="_blank">NitEncesa</a>	2	0	1	1495	976	66589	Països catalans	051
@NJosepm	<a href="https://twitter.com/NJosepm" target="_blank">NJosepm</a>	20	0	1	640	789	25968	Catalunya	003
@nk_esther	<a href="https://twitter.com/nk_esther" target="_blank">nk_esther</a>	15	0	1	27	62	3153		008
@nllaurado	<a href="https://twitter.com/nllaurado" target="_blank">nllaurado</a>	3	0	1	1139	949	1245	Reus	128
@NLlongueres	<a href="https://twitter.com/NLlongueres" target="_blank">NLlongueres</a>	1	0	1	65	104	2434	Quimper, France	003
@nmznuria	<a href="https://twitter.com/nmznuria" target="_blank">nmznuria</a>	2	0	1	30	97	409		003
@No_Tinc_Por	<a href="https://twitter.com/No_Tinc_Por" target="_blank">No_Tinc_Por</a>	3	0	1	59	349	2062	Catalunya	064
@noajida1	<a href="https://twitter.com/noajida1" target="_blank">noajida1</a>	2	0	1	23	269	836		005
@Noebcn84	<a href="https://twitter.com/Noebcn84" target="_blank">Noebcn84</a>	6	0	1	112	194	2629		008
@noecapelb	<a href="https://twitter.com/noecapelb" target="_blank">noecapelb</a>	4	0	1	48	243	1545	Terrassa	054
@noeliamaca7	<a href="https://twitter.com/noeliamaca7" target="_blank">noeliamaca7</a>	2	0	1	3	129	100		064
@noelliafcb	<a href="https://twitter.com/noelliafcb" target="_blank">noelliafcb</a>	2	0	1	237	387	3333	Castelldefels, Catalunya	003
@NoEmFacisRiure	<a href="https://twitter.com/NoEmFacisRiure" target="_blank">NoEmFacisRiure</a>	10	0	4	647	1462	27508		012
@noemi_borras	<a href="https://twitter.com/noemi_borras" target="_blank">noemi_borras</a>	2	0	1	345	620	4488		183
@NoemiPAH	<a href="https://twitter.com/NoemiPAH" target="_blank">NoemiPAH</a>	25	0	1	750	918	61226		005
@NoeMolinero	<a href="https://twitter.com/NoeMolinero" target="_blank">NoeMolinero</a>	2	0	1	411	958	5095	Tortosa, Espanya	203
@noesasu	<a href="https://twitter.com/noesasu" target="_blank">noesasu</a>	22	0	1	57	63	4937	Barcelona, Catalunya	005
@nogsys	<a href="https://twitter.com/nogsys" target="_blank">nogsys</a>	3	0	1	18	82	781	Tarragona	037
@noguerad	<a href="https://twitter.com/noguerad" target="_blank">noguerad</a>	3	0	1	31	126	350		003
@Nogueravidal	<a href="https://twitter.com/Nogueravidal" target="_blank">Nogueravidal</a>	3	0	1	694	662	6154	Llucmajor, Espanya	003
@NoguesMJosep	<a href="https://twitter.com/NoguesMJosep" target="_blank">NoguesMJosep</a>	1	0	1	1	36	236		003
@noidelnord	<a href="https://twitter.com/noidelnord" target="_blank">noidelnord</a>	1	0	1	460	428	17978	L'Eixample	003
@noidelscabells	<a href="https://twitter.com/noidelscabells" target="_blank">noidelscabells</a>	4	0	1	10	249	1880		005
@NoideTona	<a href="https://twitter.com/NoideTona" target="_blank">NoideTona</a>	1	0	1	433	832	11330		205
@NoiGuineu	<a href="https://twitter.com/NoiGuineu" target="_blank">NoiGuineu</a>	1	0	1	642	388	21544	Beika	105
@NoletMarc	<a href="https://twitter.com/NoletMarc" target="_blank">NoletMarc</a>	9	0	1	51	44	1617		003
@nolimolina91	<a href="https://twitter.com/nolimolina91" target="_blank">nolimolina91</a>	2	0	1	11	166	221	Torelló, España	008
@noliverasguz	<a href="https://twitter.com/noliverasguz" target="_blank">noliverasguz</a>	3	0	1	39	81	811	Sant Cugat del Valles	003
@nomagradares	<a href="https://twitter.com/nomagradares" target="_blank">nomagradares</a>	6	0	1	2686	879	46474		002
@NoMesXoris	<a href="https://twitter.com/NoMesXoris" target="_blank">NoMesXoris</a>	37	1	5	2391	1994	111632	Terrassa	010
@nomitraso	<a href="https://twitter.com/nomitraso" target="_blank">nomitraso</a>	2	0	1	250	502	65349	Icon credits: @Culonifors	005
@Nona36858197	<a href="https://twitter.com/Nona36858197" target="_blank">Nona36858197</a>	3	0	1	72	141	9711		003
@noraelsamedina	<a href="https://twitter.com/noraelsamedina" target="_blank">noraelsamedina</a>	1	0	1	382	620	3726	Catalunya.	003
@norbert93vt	<a href="https://twitter.com/norbert93vt" target="_blank">norbert93vt</a>	2	0	1	64	412	747		064
@nosepas	<a href="https://twitter.com/nosepas" target="_blank">nosepas</a>	1	0	1	245	112	872	Solsona, Catalunya	273
@nosequin	<a href="https://twitter.com/nosequin" target="_blank">nosequin</a>	2	0	1	255	622	687	Taradell	083
@NPeix	<a href="https://twitter.com/NPeix" target="_blank">NPeix</a>	1	0	1	148	519	576		018
@nplm88	<a href="https://twitter.com/nplm88" target="_blank">nplm88</a>	1	0	1	927	834	33829	UE / EU	003
@npventura	<a href="https://twitter.com/npventura" target="_blank">npventura</a>	2	0	1	9	44	96		003
@NriaSala3	<a href="https://twitter.com/NriaSala3" target="_blank">NriaSala3</a>	2	0	1	4	65	259		003
@NriaSala5	<a href="https://twitter.com/NriaSala5" target="_blank">NriaSala5</a>	1	0	1	4	27	51		003
@nsolerp	<a href="https://twitter.com/nsolerp" target="_blank">nsolerp</a>	1	0	1	231	347	7857	Catalunya	003
@NTCaballe	<a href="https://twitter.com/NTCaballe" target="_blank">NTCaballe</a>	4	2	0	44	144	4953	Ègara, Catalonia	005
@NukFlic	<a href="https://twitter.com/NukFlic" target="_blank">NukFlic</a>	11	1	0	128	350	4106	Catalunya	039
@nulloca	<a href="https://twitter.com/nulloca" target="_blank">nulloca</a>	1	0	1	89	291	342	Molins de Rei	003
@Nur_Casas	<a href="https://twitter.com/Nur_Casas" target="_blank">Nur_Casas</a>	5	0	1	41	59	4383		019
@nur_fermont	<a href="https://twitter.com/nur_fermont" target="_blank">nur_fermont</a>	1	0	1	9	68	43		064
@Nuria_G_M	<a href="https://twitter.com/Nuria_G_M" target="_blank">Nuria_G_M</a>	11	0	3	54	157	4491		064
@nuria_lorente	<a href="https://twitter.com/nuria_lorente" target="_blank">nuria_lorente</a>	4	0	1	262	235	4975	Barcelona	003
@Nuria1966	<a href="https://twitter.com/Nuria1966" target="_blank">Nuria1966</a>	9	0	1	427	329	23630	Barcelona	005
@NuriaAmatMarti1	<a href="https://twitter.com/NuriaAmatMarti1" target="_blank">NuriaAmatMarti1</a>	1	0	1	22	132	19	Martorell	003
@Nuriabonar	<a href="https://twitter.com/Nuriabonar" target="_blank">Nuriabonar</a>	4	0	1	27	96	660		003
@nuriabreezy	<a href="https://twitter.com/nuriabreezy" target="_blank">nuriabreezy</a>	2	0	1	1255	979	29863	Barcelona, Catalunya.	105
@nuriabs88	<a href="https://twitter.com/nuriabs88" target="_blank">nuriabs88</a>	23	0	2	430	598	18012	barcelona, catalunya	008
@NuriaCaAy	<a href="https://twitter.com/NuriaCaAy" target="_blank">NuriaCaAy</a>	2	0	1	64	345	574	Barcelona, Cataluña	003
@NuriaCalpe	<a href="https://twitter.com/NuriaCalpe" target="_blank">NuriaCalpe</a>	2	0	1	916	490	954	Mataró, Catalunya	131
@NuriaCompteB	<a href="https://twitter.com/NuriaCompteB" target="_blank">NuriaCompteB</a>	2	0	1	31	139	1055		037
@NuriaEste	<a href="https://twitter.com/NuriaEste" target="_blank">NuriaEste</a>	3	0	1	162	294	1414		009
@nuriafura	<a href="https://twitter.com/nuriafura" target="_blank">nuriafura</a>	1	0	1	54	166	2789		003
@nuriaingles	<a href="https://twitter.com/nuriaingles" target="_blank">nuriaingles</a>	9	1	0	2080	2295	51529	Catalunya	205
@nuriapalomar	<a href="https://twitter.com/nuriapalomar" target="_blank">nuriapalomar</a>	1	1	0	422	721	2620		203
@NuriaPereiras	<a href="https://twitter.com/NuriaPereiras" target="_blank">NuriaPereiras</a>	1	0	1	26	110	61	Barcelona, Spain	007
@NuriaPradas	<a href="https://twitter.com/NuriaPradas" target="_blank">NuriaPradas</a>	2	0	1	661	917	3540	Barcelona	007
@nuriapueyod	<a href="https://twitter.com/nuriapueyod" target="_blank">nuriapueyod</a>	5	0	1	209	739	2611	Barcelona	008
@NuriARibas	<a href="https://twitter.com/NuriARibas" target="_blank">NuriARibas</a>	1	0	1	39	103	588		001
@nuriarkaitz	<a href="https://twitter.com/nuriarkaitz" target="_blank">nuriarkaitz</a>	10	0	1	226	339	5957	Andoain, Euskal Herria	005
@NuriaSalva	<a href="https://twitter.com/NuriaSalva" target="_blank">NuriaSalva</a>	2	0	1	69	298	528		213
@nuriavilardell7	<a href="https://twitter.com/nuriavilardell7" target="_blank">nuriavilardell7</a>	2	0	1	17	34	221		003
@nurichi87	<a href="https://twitter.com/nurichi87" target="_blank">nurichi87</a>	2	0	1	345	656	5246	Girona-Olot	007
@NURIGOJU	<a href="https://twitter.com/NURIGOJU" target="_blank">NURIGOJU</a>	1	0	1	7	26	37		064
@NuriRecio	<a href="https://twitter.com/NuriRecio" target="_blank">NuriRecio</a>	2	0	1	193	480	7166	terra	116
@nuritanaca	<a href="https://twitter.com/nuritanaca" target="_blank">nuritanaca</a>	4	0	2	326	1300	24690	Delta de l'Ebre. Catalunya	024
@nursole	<a href="https://twitter.com/nursole" target="_blank">nursole</a>	0	1	0					202
@nuuria_ms	<a href="https://twitter.com/nuuria_ms" target="_blank">nuuria_ms</a>	1	0	1	232	398	611		133
@Nuuriaaa3	<a href="https://twitter.com/Nuuriaaa3" target="_blank">Nuuriaaa3</a>	1	0	1	160	518	24156		091
@nuuriagarcia2	<a href="https://twitter.com/nuuriagarcia2" target="_blank">nuuriagarcia2</a>	3	0	1	58	150	554	Catalunya	006
@nyebit	<a href="https://twitter.com/nyebit" target="_blank">nyebit</a>	1	0	1	104	230	7290	Sabadell, España	173
@nymph_moon	<a href="https://twitter.com/nymph_moon" target="_blank">nymph_moon</a>	2	0	1	20	180	309	Barcelona, Cataluña	006
@nyonyi9	<a href="https://twitter.com/nyonyi9" target="_blank">nyonyi9</a>	4	0	1	346	311	4558	Catalunya el meu país	064
@obffelius	<a href="https://twitter.com/obffelius" target="_blank">obffelius</a>	17	0	2	792	900	67992		001
@obuenaventura	<a href="https://twitter.com/obuenaventura" target="_blank">obuenaventura</a>	1	1	1	160	361	142	La Seu d'Urgell	031
@octavigirona	<a href="https://twitter.com/octavigirona" target="_blank">octavigirona</a>	2	0	1	149	177	719	Girona	001
@oihane_85	<a href="https://twitter.com/oihane_85" target="_blank">oihane_85</a>	1	0	1	141	873	5168		091
@oiram_co	<a href="https://twitter.com/oiram_co" target="_blank">oiram_co</a>	3	0	1	558	694	8135	Barcelona, Catalonia	126
@Oitoo09	<a href="https://twitter.com/Oitoo09" target="_blank">Oitoo09</a>	4	0	1	271	303	2215		003
@ojocallejero	<a href="https://twitter.com/ojocallejero" target="_blank">ojocallejero</a>	1	0	1	2978	3270	80317	Málaga (España)	006
@Ojodepiojo	<a href="https://twitter.com/Ojodepiojo" target="_blank">Ojodepiojo</a>	1	0	1	258	408	12171	Barcelona	001
@OkhreClara	<a href="https://twitter.com/OkhreClara" target="_blank">OkhreClara</a>	1	0	1	4	55	19		051
@OlatzodiomiPC	<a href="https://twitter.com/OlatzodiomiPC" target="_blank">OlatzodiomiPC</a>	6	0	1	287	361	5130	Portugalete, Euskal Herria	007
@olgacoviella	<a href="https://twitter.com/olgacoviella" target="_blank">olgacoviella</a>	1	0	1	68	369	1299		064
@OlgaLlach	<a href="https://twitter.com/OlgaLlach" target="_blank">OlgaLlach</a>	3	0	1	99	584	1802	Plutó. Bcn	013
@olgamollet	<a href="https://twitter.com/olgamollet" target="_blank">olgamollet</a>	2	0	1	372	441	1668		008
@OlgaPalahi	<a href="https://twitter.com/OlgaPalahi" target="_blank">OlgaPalahi</a>	3	0	1	905	1337	8882	Calella de Palafrugell	018
@olgasallent1	<a href="https://twitter.com/olgasallent1" target="_blank">olgasallent1</a>	2	0	1	0	12	208		175
@olivernet73	<a href="https://twitter.com/olivernet73" target="_blank">olivernet73</a>	1	0	1	208	794	3484	Reus, Països Catalans	051
@OlorASocarrim	<a href="https://twitter.com/OlorASocarrim" target="_blank">OlorASocarrim</a>	21	0	1	386	594	25444	Visc a Catalunya	003
@OlorizJoan	<a href="https://twitter.com/OlorizJoan" target="_blank">OlorizJoan</a>	4	0	1	997	517	883	Girona	006
@omatram	<a href="https://twitter.com/omatram" target="_blank">omatram</a>	7	0	1	208	382	38763	Catalunya	003
@omfarquitectura	<a href="https://twitter.com/omfarquitectura" target="_blank">omfarquitectura</a>	8	0	1	214	522	7786	Girona	005
@Omiset	<a href="https://twitter.com/Omiset" target="_blank">Omiset</a>	4	0	1	272	220	7093	Sant Cugat	201
@omnium	<a href="https://twitter.com/omnium" target="_blank">omnium</a>	11	0	1	151985	9339	15585	Catalunya	009
@OmniumAnoia	<a href="https://twitter.com/OmniumAnoia" target="_blank">OmniumAnoia</a>	1	3	0	1304	1885	1545	Anoia	016
@OmniumEbre	<a href="https://twitter.com/OmniumEbre" target="_blank">OmniumEbre</a>	3	0	1	1189	647	3335	Terres de l'Ebre, Catalunya	009
@OmniumTarragone	<a href="https://twitter.com/OmniumTarragone" target="_blank">OmniumTarragone</a>	5	0	1	1438	1155	4407	Tarragonès, Catalunya	002
@OMotger	<a href="https://twitter.com/OMotger" target="_blank">OMotger</a>	11	0	1	195	497	23716		007
@OnaCedo1	<a href="https://twitter.com/OnaCedo1" target="_blank">OnaCedo1</a>	6	0	3	184	660	10231		003
@onestepbeyong	<a href="https://twitter.com/onestepbeyong" target="_blank">onestepbeyong</a>	10	0	1	192	735	17523		005
@OniKCM	<a href="https://twitter.com/OniKCM" target="_blank">OniKCM</a>	2	0	1	94	82	20595	Barcelona	064
@OnlyKiddingYou	<a href="https://twitter.com/OnlyKiddingYou" target="_blank">OnlyKiddingYou</a>	1	0	1	82	69	596		180
@onoper	<a href="https://twitter.com/onoper" target="_blank">onoper</a>	1	0	1	89	160	190	Terrassa, Catalonia, Europe	003
@Opusprima1	<a href="https://twitter.com/Opusprima1" target="_blank">Opusprima1</a>	1	0	1	24	157	589	Chile	005
@orientaccio	<a href="https://twitter.com/orientaccio" target="_blank">orientaccio</a>	6	0	1	220	532	2199		002
@ORigola	<a href="https://twitter.com/ORigola" target="_blank">ORigola</a>	2	0	1	1921	2726	30061	Estic aquí	078
@Oriol_Corral	<a href="https://twitter.com/Oriol_Corral" target="_blank">Oriol_Corral</a>	2	0	1	2294	759	7178	Santa Coloma, Països Catalans	042
@oriolcalvet	<a href="https://twitter.com/oriolcalvet" target="_blank">oriolcalvet</a>	5	0	1	142	227	2068		028
@OriolCamprubi	<a href="https://twitter.com/OriolCamprubi" target="_blank">OriolCamprubi</a>	4	0	1	494	1256	1931	Reus/Barcelona	128
@oriolcr	<a href="https://twitter.com/oriolcr" target="_blank">oriolcr</a>	9	0	1	681	583	9091	Barcelona	003
@oriolfont	<a href="https://twitter.com/oriolfont" target="_blank">oriolfont</a>	3	1	0	1124	765	11183	Dubai, UAE	201
@oriolhost	<a href="https://twitter.com/oriolhost" target="_blank">oriolhost</a>	1	0	1	125	493	1697	CATALUNYA	003
@OriolLari	<a href="https://twitter.com/OriolLari" target="_blank">OriolLari</a>	0	2	0					167
@orlandogorriti	<a href="https://twitter.com/orlandogorriti" target="_blank">orlandogorriti</a>	3	0	1	211	287	4484	Barcelona-catalunya	153
@Orlik_Cat	<a href="https://twitter.com/Orlik_Cat" target="_blank">Orlik_Cat</a>	13	0	1	2231	1905	153862	Achill Island, Ireland	022
@orozko_jordi	<a href="https://twitter.com/orozko_jordi" target="_blank">orozko_jordi</a>	4	0	1	152	134	5370	New Zeland	003
@OSalvanya	<a href="https://twitter.com/OSalvanya" target="_blank">OSalvanya</a>	3	0	1	103	279	701	Barcelona, Catalunya	082
@osanfrancesc	<a href="https://twitter.com/osanfrancesc" target="_blank">osanfrancesc</a>	2	0	1	709	1152	7947	La Floresta (Sant Cugat)	226
@oscar_sebastia	<a href="https://twitter.com/oscar_sebastia" target="_blank">oscar_sebastia</a>	8	0	1	177	517	33321	Rep. Independent de collserola	003
@OscarCat1976	<a href="https://twitter.com/OscarCat1976" target="_blank">OscarCat1976</a>	9	0	2	18	43	1875	Barcelona	072
@OscarForra	<a href="https://twitter.com/OscarForra" target="_blank">OscarForra</a>	3	0	1	122	246	671	Pineda de Mar, España	003
@oscarlm98	<a href="https://twitter.com/oscarlm98" target="_blank">oscarlm98</a>	49	0	7	2893	1890	117254	Barcelona, Catalunya	005
@oscarmenazapata	<a href="https://twitter.com/oscarmenazapata" target="_blank">oscarmenazapata</a>	1	0	1	491	76	60620	San Miguel	003
@OscarMuS	<a href="https://twitter.com/OscarMuS" target="_blank">OscarMuS</a>	11	0	1	341	1578	33993	Catalunya	097
@OscarOlogaray	<a href="https://twitter.com/OscarOlogaray" target="_blank">OscarOlogaray</a>	1	0	1	331	247	2525	Tortosa, Catalunya	079
@oscarsubirats	<a href="https://twitter.com/oscarsubirats" target="_blank">oscarsubirats</a>	2	0	1	567	515	3212	Reus - Catalunya	128
@osec	<a href="https://twitter.com/osec" target="_blank">osec</a>	2	0	1	6657	604	48220	Madrid	010
@osentmarti	<a href="https://twitter.com/osentmarti" target="_blank">osentmarti</a>	1	0	1	108	239	343	Catalunya	005
@oskarang10	<a href="https://twitter.com/oskarang10" target="_blank">oskarang10</a>	3	0	1	191	635	4369	Terrassa, Catalunya	003
@oskarh71	<a href="https://twitter.com/oskarh71" target="_blank">oskarh71</a>	26	0	1	43	22	7218	Barcelona	005
@Otkel78	<a href="https://twitter.com/Otkel78" target="_blank">Otkel78</a>	16	0	1	96	172	11661		005
@OTornabell	<a href="https://twitter.com/OTornabell" target="_blank">OTornabell</a>	2	0	1	2	82	54	Santa Eulàlia de Ronçana, Espa	003
@out187	<a href="https://twitter.com/out187" target="_blank">out187</a>	3	0	1	293	447	6565	suiza	024
@OWynn	<a href="https://twitter.com/OWynn" target="_blank">OWynn</a>	3	0	1	80	578	680	Sabadell	007
@Oxano75Rossello	<a href="https://twitter.com/Oxano75Rossello" target="_blank">Oxano75Rossello</a>	1	0	1	7	35	585		002
@pablolacor	<a href="https://twitter.com/pablolacor" target="_blank">pablolacor</a>	1	0	1	16	33	298		003
@PacoLopez1453	<a href="https://twitter.com/PacoLopez1453" target="_blank">PacoLopez1453</a>	1	0	1	73	214	6600	TGN	020
@PadreEmerito	<a href="https://twitter.com/PadreEmerito" target="_blank">PadreEmerito</a>	2	0	1	1563	1170	31832		094
@padrenamorado	<a href="https://twitter.com/padrenamorado" target="_blank">padrenamorado</a>	1	0	1	37	145	401	barcelona	005
@PAHLleida	<a href="https://twitter.com/PAHLleida" target="_blank">PAHLleida</a>	1	0	1	4729	497	11377	Lleida, Catalunya, Spain	112
@pain_spain	<a href="https://twitter.com/pain_spain" target="_blank">pain_spain</a>	26	0	3	950	860	65137	Catalonia, not Spain	001
@painkillerdila	<a href="https://twitter.com/painkillerdila" target="_blank">painkillerdila</a>	2	0	1	40	331	1242	Barcelona, Cataluña	006
@Pajarrakuss	<a href="https://twitter.com/Pajarrakuss" target="_blank">Pajarrakuss</a>	11	0	1	67	136	3900	Barcelona, Catalunya	055
@pakobloom	<a href="https://twitter.com/pakobloom" target="_blank">pakobloom</a>	1	0	1	3199	3156	48854		008
@Palas4	<a href="https://twitter.com/Palas4" target="_blank">Palas4</a>	7	0	1	5722	4826	54537	ni idea	005
@palaumarc	<a href="https://twitter.com/palaumarc" target="_blank">palaumarc</a>	2	0	1	335	497	953		013
@palbertiserra	<a href="https://twitter.com/palbertiserra" target="_blank">palbertiserra</a>	13	0	1	252	364	1983	Girona	047
@Pallacus	<a href="https://twitter.com/Pallacus" target="_blank">Pallacus</a>	25	0	1	256	261	19913	Barcino	001
@PALOPINYU	<a href="https://twitter.com/PALOPINYU" target="_blank">PALOPINYU</a>	7	0	1	347	924	3566	en tu imaginación	135
@PalouPatrick	<a href="https://twitter.com/PalouPatrick" target="_blank">PalouPatrick</a>	5	0	1	16	195	1202	Sabadell, Espanya	001
@PAlzinaTrullars	<a href="https://twitter.com/PAlzinaTrullars" target="_blank">PAlzinaTrullars</a>	7	0	1	516	632	44412	Peyralzinne-Trouillas (France)	001
@pambtomaquet14	<a href="https://twitter.com/pambtomaquet14" target="_blank">pambtomaquet14</a>	7	0	1	66	192	819		001
@pampallugaines	<a href="https://twitter.com/pampallugaines" target="_blank">pampallugaines</a>	1	1	0	73	260	336		200
@pancartera	<a href="https://twitter.com/pancartera" target="_blank">pancartera</a>	14	0	2	1618	1639	85381		010
@Panchorevival	<a href="https://twitter.com/Panchorevival" target="_blank">Panchorevival</a>	2	0	2	54	371	7769		017
@pancracieta	<a href="https://twitter.com/pancracieta" target="_blank">pancracieta</a>	6	0	4	6758	6939	96352	La meva Costa Brava, Catalunya	001
@PanderetaZalea	<a href="https://twitter.com/PanderetaZalea" target="_blank">PanderetaZalea</a>	15	0	4	635	3334	11700		002
@panerola	<a href="https://twitter.com/panerola" target="_blank">panerola</a>	11	0	1	310	263	37743	Esplugues, Catalunya, Europa	005
@panitinho	<a href="https://twitter.com/panitinho" target="_blank">panitinho</a>	4	0	1	276	407	4387	Mataró	002
@pantone172c	<a href="https://twitter.com/pantone172c" target="_blank">pantone172c</a>	10	0	1	285	709	31727		002
@papadria	<a href="https://twitter.com/papadria" target="_blank">papadria</a>	6	0	2	69	79	8850		083
@papatoniatt	<a href="https://twitter.com/papatoniatt" target="_blank">papatoniatt</a>	5	0	1	137	427	2607	Mataró	011
@Paperenblanc	<a href="https://twitter.com/Paperenblanc" target="_blank">Paperenblanc</a>	6	0	1	59	221	11721		001
@paqui26	<a href="https://twitter.com/paqui26" target="_blank">paqui26</a>	8	0	2	374	199	15161	barcelona	006
@paquiglez82	<a href="https://twitter.com/paquiglez82" target="_blank">paquiglez82</a>	1	3	0	8244	7630	35490	Barcelona, nou barris	023
@paquilatorrera1	<a href="https://twitter.com/paquilatorrera1" target="_blank">paquilatorrera1</a>	1	0	1	89	277	1368	Terrassa	002
@ParadoxicalCat	<a href="https://twitter.com/ParadoxicalCat" target="_blank">ParadoxicalCat</a>	1	0	1	305	428	8222	San Juan del Puerto, España	105
@Paraules	<a href="https://twitter.com/Paraules" target="_blank">Paraules</a>	18	0	1	858	2866	28813	Barcelona, Catalunya	083
@Paredesr	<a href="https://twitter.com/Paredesr" target="_blank">Paredesr</a>	5	0	1	615	1282	16496		023
@ParejaManel	<a href="https://twitter.com/ParejaManel" target="_blank">ParejaManel</a>	1	0	1	2	127	162		003
@parpelles	<a href="https://twitter.com/parpelles" target="_blank">parpelles</a>	4	0	2	18	372	238		020
@partitocraciaNO	<a href="https://twitter.com/partitocraciaNO" target="_blank">partitocraciaNO</a>	13	0	2	618	1591	37182	balaguer	009
@PasconaMontsant	<a href="https://twitter.com/PasconaMontsant" target="_blank">PasconaMontsant</a>	2	0	1	1642	2391	9064	Falset, Tarragona	003
@Paso_d_Tu	<a href="https://twitter.com/Paso_d_Tu" target="_blank">Paso_d_Tu</a>	6	0	1	25	94	5814	Twitter	002
@PastiseriaVerdi	<a href="https://twitter.com/PastiseriaVerdi" target="_blank">PastiseriaVerdi</a>	1	0	1	218	243	632	Barcelona	003
@pat_noa	<a href="https://twitter.com/pat_noa" target="_blank">pat_noa</a>	1	0	1	48	134	1410	Sant Pere de Vilamajor	001
@PatGuardiola	<a href="https://twitter.com/PatGuardiola" target="_blank">PatGuardiola</a>	0	5	0					140
@patriciamach94	<a href="https://twitter.com/patriciamach94" target="_blank">patriciamach94</a>	1	0	1	332	326	3522	Segunda estrella a la derecha	105
@PatrickVedel	<a href="https://twitter.com/PatrickVedel" target="_blank">PatrickVedel</a>	14	0	5	3269	5001	254397	Le Perthus, France	037
@patrimurillo87	<a href="https://twitter.com/patrimurillo87" target="_blank">patrimurillo87</a>	5	0	1	3760	4993	7646	Carmelo, Barcelona	094
@PatriotaPopular	<a href="https://twitter.com/PatriotaPopular" target="_blank">PatriotaPopular</a>	7	0	3	4493	2500	183368	🌍	003
@patronus12	<a href="https://twitter.com/patronus12" target="_blank">patronus12</a>	8	0	2	37	105	1544		005
@patxap	<a href="https://twitter.com/patxap" target="_blank">patxap</a>	4	0	1	558	1066	1570		003
@PatxiBengoa	<a href="https://twitter.com/PatxiBengoa" target="_blank">PatxiBengoa</a>	27	0	4	2868	4996	138873	Basqueland #YPG	006
@Pau_cc	<a href="https://twitter.com/Pau_cc" target="_blank">Pau_cc</a>	2	0	1	417	329	4400	Catalunya	105
@pau_urenya	<a href="https://twitter.com/pau_urenya" target="_blank">pau_urenya</a>	9	1	0	1114	1111	19559		198
@PauBCN17	<a href="https://twitter.com/PauBCN17" target="_blank">PauBCN17</a>	2	0	1	20	267	418		003
@paubenitezd	<a href="https://twitter.com/paubenitezd" target="_blank">paubenitezd</a>	2	0	1	968	1746	5363	Mataró	093
@paubetriu	<a href="https://twitter.com/paubetriu" target="_blank">paubetriu</a>	1	0	1	107	154	304	Matadepera, Catalunya	170
@paucolell	<a href="https://twitter.com/paucolell" target="_blank">paucolell</a>	9	0	1	172	472	3123	Manresa	008
@PauFarinetes	<a href="https://twitter.com/PauFarinetes" target="_blank">PauFarinetes</a>	50	0	4	346	815	37343	Hostafrancs (EastEnd Cortsenc)	010
@pauformon	<a href="https://twitter.com/pauformon" target="_blank">pauformon</a>	1	0	1	60	345	1436		064
@pauimarta	<a href="https://twitter.com/pauimarta" target="_blank">pauimarta</a>	1	0	1	255	598	3739		006
@paulagorins	<a href="https://twitter.com/paulagorins" target="_blank">paulagorins</a>	3	0	1	138	601	209	Badalona, Països Catalans	134
@paullonch	<a href="https://twitter.com/paullonch" target="_blank">paullonch</a>	4	0	1	24090	2183	64773	Sabadell	002
@paulrogers002	<a href="https://twitter.com/paulrogers002" target="_blank">paulrogers002</a>	1	0	1	2339	190	299450	Langtoun, UK	139
@paulusrex4	<a href="https://twitter.com/paulusrex4" target="_blank">paulusrex4</a>	5	0	1	676	1508	2649		082
@paumon98	<a href="https://twitter.com/paumon98" target="_blank">paumon98</a>	2	0	1	52	290	299	Piera, Espanya	277
@pauperez	<a href="https://twitter.com/pauperez" target="_blank">pauperez</a>	1	0	1	106	232	2135	BCN	007
@PauQuintano	<a href="https://twitter.com/PauQuintano" target="_blank">PauQuintano</a>	9	0	1	278	127	14120	Earth, probably	094
@PauRomeuTorres	<a href="https://twitter.com/PauRomeuTorres" target="_blank">PauRomeuTorres</a>	3	0	1	134	115	1494	Capellades (Barcelona)	007
@pausancho87	<a href="https://twitter.com/pausancho87" target="_blank">pausancho87</a>	1	0	1	161	291	493		091
@pausantandreu	<a href="https://twitter.com/pausantandreu" target="_blank">pausantandreu</a>	9	0	1	176	374	8575		083
@pausurfer	<a href="https://twitter.com/pausurfer" target="_blank">pausurfer</a>	6	0	1	481	369	13522	Girona, Espanya	006
@PauVerd1	<a href="https://twitter.com/PauVerd1" target="_blank">PauVerd1</a>	2	0	1	115	440	116	Catalunya	022
@paysol49	<a href="https://twitter.com/paysol49" target="_blank">paysol49</a>	5	0	1	1591	3551	53780	Solsona	007
@PBizantinofilo	<a href="https://twitter.com/PBizantinofilo" target="_blank">PBizantinofilo</a>	0	1	0					199
@pcolomers	<a href="https://twitter.com/pcolomers" target="_blank">pcolomers</a>	4	0	1	10	20	3102		003
@pconservative9	<a href="https://twitter.com/pconservative9" target="_blank">pconservative9</a>	2	0	1	79	207	9010	Lleida, Catalunya	003
@PDCComarquesBCN	<a href="https://twitter.com/PDCComarquesBCN" target="_blank">PDCComarquesBCN</a>	11	2	1	2079	1786	6121	Catalunya	195
@pdcjusticia	<a href="https://twitter.com/pdcjusticia" target="_blank">pdcjusticia</a>	3	0	1	607	718	2051	Catalunya, Espanya	122
@PDECAT_Bages	<a href="https://twitter.com/PDECAT_Bages" target="_blank">PDECAT_Bages</a>	6	0	1	645	450	2619		196
@PDeCAT_LH	<a href="https://twitter.com/PDeCAT_LH" target="_blank">PDeCAT_LH</a>	4	1	0	1417	1764	3269	L'Hospitalet de Llobregat	197
@pdecat_sabadell	<a href="https://twitter.com/pdecat_sabadell" target="_blank">pdecat_sabadell</a>	3	8	0	205	167	676	Sabadell, Catalunya	122
@PDECATBPenedes	<a href="https://twitter.com/PDECATBPenedes" target="_blank">PDECATBPenedes</a>	4	1	0	266	227	436		013
@PDeCATGIRONA	<a href="https://twitter.com/PDeCATGIRONA" target="_blank">PDeCATGIRONA</a>	2	0	1	1379	436	6710	Girona	013
@PdecatGracia	<a href="https://twitter.com/PdecatGracia" target="_blank">PdecatGracia</a>	28	0	1	324	72	8436	Barcelona, Catalunya	013
@PDECatManresa	<a href="https://twitter.com/PDECatManresa" target="_blank">PDECatManresa</a>	0	1	0					196
@PDeCATMataro	<a href="https://twitter.com/PDeCATMataro" target="_blank">PDeCATMataro</a>	6	0	2	1534	1433	6013	Mataró, Catalunya, UE	208
@PDECATNouBarris	<a href="https://twitter.com/PDECATNouBarris" target="_blank">PDECATNouBarris</a>	8	0	1	385	316	1075		013
@PDeCATPonts	<a href="https://twitter.com/PDeCATPonts" target="_blank">PDeCATPonts</a>	10	0	1	302	162	1617	Ponts, La Noguera, Catalunya	013
@PDeCATRubi	<a href="https://twitter.com/PDeCATRubi" target="_blank">PDeCATRubi</a>	4	0	1	1097	796	4151	Rubí, Catalunya	013
@PDeCATSANTCUGAT	<a href="https://twitter.com/PDeCATSANTCUGAT" target="_blank">PDeCATSANTCUGAT</a>	7	5	0	2113	2413	6479	Sant Cugat del Vallès	016
@PDeCATTortosa	<a href="https://twitter.com/PDeCATTortosa" target="_blank">PDeCATTortosa</a>	3	0	1	993	165	3619	Tortosa Catalunya	079
@PDECATValls	<a href="https://twitter.com/PDECATValls" target="_blank">PDECATValls</a>	11	0	2	331	751	3116		013
@Pdemocratacat	<a href="https://twitter.com/Pdemocratacat" target="_blank">Pdemocratacat</a>	8	69	0	190346	48261	19744	Catalunya	013
@Pdeperet	<a href="https://twitter.com/Pdeperet" target="_blank">Pdeperet</a>	2	0	1	244	367	3249	Altea - Barcelona. PPCC.	005
@Pebrotsverds	<a href="https://twitter.com/Pebrotsverds" target="_blank">Pebrotsverds</a>	1	0	1	200	728	8544	Gaffney, SC	003
@Pedofifty	<a href="https://twitter.com/Pedofifty" target="_blank">Pedofifty</a>	1	2	0	29	133	348	Error 404 Location not found	173
@pedrin_cat	<a href="https://twitter.com/pedrin_cat" target="_blank">pedrin_cat</a>	12	0	1	141	228	4152		003
@Pedro_AlonsoEPC	<a href="https://twitter.com/Pedro_AlonsoEPC" target="_blank">Pedro_AlonsoEPC</a>	1	0	1	42	328	14		003
@pedrodiaz90	<a href="https://twitter.com/pedrodiaz90" target="_blank">pedrodiaz90</a>	1	0	1	1118	1358	23651		090
@pedrogarciaflo3	<a href="https://twitter.com/pedrogarciaflo3" target="_blank">pedrogarciaflo3</a>	61	0	6	1890	547	370488	REPUBLICA CATALANA (GIRONA)	001
@PedroJPJGM	<a href="https://twitter.com/PedroJPJGM" target="_blank">PedroJPJGM</a>	2	0	2	361	931	4687	Mataró, España	064
@PedroMalz	<a href="https://twitter.com/PedroMalz" target="_blank">PedroMalz</a>	10	0	2	830	1662	25382	Badalona, España	048
@pedrosgs69	<a href="https://twitter.com/pedrosgs69" target="_blank">pedrosgs69</a>	4	0	1	10778	9051	41862	REPUBLICA CATALANA	006
@pefenes	<a href="https://twitter.com/pefenes" target="_blank">pefenes</a>	1	0	1	56	208	299		003
@pefus58	<a href="https://twitter.com/pefus58" target="_blank">pefus58</a>	2	0	1	5	72	259		005
@peiretis	<a href="https://twitter.com/peiretis" target="_blank">peiretis</a>	5	0	1	393	1300	4360	Tarragona, Catalunya	003
@peitocavernoso	<a href="https://twitter.com/peitocavernoso" target="_blank">peitocavernoso</a>	5	0	1	189	298	5667		126
@peixcoix	<a href="https://twitter.com/peixcoix" target="_blank">peixcoix</a>	1	0	1	117	446	823	Barcelona	255
@Pelenhawer	<a href="https://twitter.com/Pelenhawer" target="_blank">Pelenhawer</a>	6	0	2	1627	4982	52183	Andorra	001
@pellourzelai	<a href="https://twitter.com/pellourzelai" target="_blank">pellourzelai</a>	1	0	1	2897	783	10127	euskal herria	009
@PellSanllehi	<a href="https://twitter.com/PellSanllehi" target="_blank">PellSanllehi</a>	8	0	1	136	905	865		005
@Pellufer	<a href="https://twitter.com/Pellufer" target="_blank">Pellufer</a>	4	0	1	513	675	10079	Anarres	143
@peluamaritimo	<a href="https://twitter.com/peluamaritimo" target="_blank">peluamaritimo</a>	2	0	1	277	367	8815	41.564565,2.149691	007
@pelutdelbori	<a href="https://twitter.com/pelutdelbori" target="_blank">pelutdelbori</a>	5	0	1	151	468	1920	Sant Climent de Llobregat	114
@pemigual	<a href="https://twitter.com/pemigual" target="_blank">pemigual</a>	1	0	1	130	181	661	Catalonia (European Union)	005
@peminsu	<a href="https://twitter.com/peminsu" target="_blank">peminsu</a>	2	0	1	522	844	4617	Palamos - Catalonia	003
@pensandova	<a href="https://twitter.com/pensandova" target="_blank">pensandova</a>	4	0	2	339	396	32981	Catalunya (España)	014
@penya1992	<a href="https://twitter.com/penya1992" target="_blank">penya1992</a>	9	0	2	74	87	1485	Catalunya	002
@peo365	<a href="https://twitter.com/peo365" target="_blank">peo365</a>	3	0	1	928	1567	15434	Riells i Viabrea, Girona	001
@PeopleWitness	<a href="https://twitter.com/PeopleWitness" target="_blank">PeopleWitness</a>	1	0	1	3042	1446	11294		010
@pep_cabrera	<a href="https://twitter.com/pep_cabrera" target="_blank">pep_cabrera</a>	12	0	1	236	366	9325	Girona	003
@pep_cruanyes	<a href="https://twitter.com/pep_cruanyes" target="_blank">pep_cruanyes</a>	7	0	1	3152	4946	14644		001
@pep_marsal	<a href="https://twitter.com/pep_marsal" target="_blank">pep_marsal</a>	6	0	1	264	405	8045		013
@PepaPlana	<a href="https://twitter.com/PepaPlana" target="_blank">PepaPlana</a>	0	1	0					020
@PepAurell	<a href="https://twitter.com/PepAurell" target="_blank">PepAurell</a>	3	0	1	336	701	4326		002
@pepavives	<a href="https://twitter.com/pepavives" target="_blank">pepavives</a>	15	0	1	631	1010	8429	Barcelona	051
@PepeGandaras59	<a href="https://twitter.com/PepeGandaras59" target="_blank">PepeGandaras59</a>	1	0	1	127	984	536	Santiago de Compostela	090
@pepegotera65	<a href="https://twitter.com/pepegotera65" target="_blank">pepegotera65</a>	6	0	1	62	146	7875		003
@pepemari_jm	<a href="https://twitter.com/pepemari_jm" target="_blank">pepemari_jm</a>	0	1	0					326
@PepG_P	<a href="https://twitter.com/PepG_P" target="_blank">PepG_P</a>	2	0	1	1544	797	24235		007
@Pepifin	<a href="https://twitter.com/Pepifin" target="_blank">Pepifin</a>	10	0	1	178	384	33353		049
@pepindependent	<a href="https://twitter.com/pepindependent" target="_blank">pepindependent</a>	2	0	1	25	101	653		126
@pepito_grill	<a href="https://twitter.com/pepito_grill" target="_blank">pepito_grill</a>	3	0	1	308	821	2774	El país del nunca jamás	003
@pepll51	<a href="https://twitter.com/pepll51" target="_blank">pepll51</a>	4	0	1	430	474	76757	Barcelona, Catalunya	130
@pepmaki	<a href="https://twitter.com/pepmaki" target="_blank">pepmaki</a>	1	0	1	93	210	1228		003
@pepmariavila	<a href="https://twitter.com/pepmariavila" target="_blank">pepmariavila</a>	0	5	0					003
@pepmartorell	<a href="https://twitter.com/pepmartorell" target="_blank">pepmartorell</a>	4	85	0	5887	1368	21335	Barcelona	003
@Pepmoline	<a href="https://twitter.com/Pepmoline" target="_blank">Pepmoline</a>	4	0	1	1519	1379	12877	Sitges, Catalunya	003
@peponii	<a href="https://twitter.com/peponii" target="_blank">peponii</a>	1	0	1	334	1053	767	Banyoles	104
@PepPayo	<a href="https://twitter.com/PepPayo" target="_blank">PepPayo</a>	26	0	4	973	628	27648	Vila de Gracia, Barcelona	009
@PeppuigV	<a href="https://twitter.com/PeppuigV" target="_blank">PeppuigV</a>	1	0	1	31	161	300	Suria, Catalunya	005
@peppujool	<a href="https://twitter.com/peppujool" target="_blank">peppujool</a>	17	0	1	143	396	10110		232
@pepsabater	<a href="https://twitter.com/pepsabater" target="_blank">pepsabater</a>	24	0	2	316	49	58539	Catalunya	006
@pepsbdbcn	<a href="https://twitter.com/pepsbdbcn" target="_blank">pepsbdbcn</a>	1	0	1	15	158	962	Catalonia	093
@Pepsina_Mataro	<a href="https://twitter.com/Pepsina_Mataro" target="_blank">Pepsina_Mataro</a>	1	9	0	5924	615	96163	Mataró	024
@peptorra10	<a href="https://twitter.com/peptorra10" target="_blank">peptorra10</a>	5	0	1	587	320	42639	Catalunya	003
@PepValderrama	<a href="https://twitter.com/PepValderrama" target="_blank">PepValderrama</a>	1	0	1	40	196	1508		001
@Pepvernet	<a href="https://twitter.com/Pepvernet" target="_blank">Pepvernet</a>	5	0	2	18	230	1477		015
@Pere_doji	<a href="https://twitter.com/Pere_doji" target="_blank">Pere_doji</a>	1	0	1	275	493	1638		105
@perearenyas	<a href="https://twitter.com/perearenyas" target="_blank">perearenyas</a>	1	0	1	214	263	768		091
@perebanmar	<a href="https://twitter.com/perebanmar" target="_blank">perebanmar</a>	1	0	1	112	512	1368	Poblenou, Barcelona, Catalunya	007
@perecampscampos	<a href="https://twitter.com/perecampscampos" target="_blank">perecampscampos</a>	1	3	0	3916	675	58758	Països Catalans	156
@perecascares72	<a href="https://twitter.com/perecascares72" target="_blank">perecascares72</a>	9	0	1	192	531	5292	Caldes de Malavella, Cataluña	003
@PereCastillo53	<a href="https://twitter.com/PereCastillo53" target="_blank">PereCastillo53</a>	29	0	1	696	1104	82765	Sant Just Desvern - Catalunya	001
@PereCRieraLnE	<a href="https://twitter.com/PereCRieraLnE" target="_blank">PereCRieraLnE</a>	7	0	3	36	84	5713		013
@peredenargo	<a href="https://twitter.com/peredenargo" target="_blank">peredenargo</a>	3	0	1	148	209	17871	lleida	105
@PereFerrer	<a href="https://twitter.com/PereFerrer" target="_blank">PereFerrer</a>	3	0	1	281	930	8535		003
@perefolguera	<a href="https://twitter.com/perefolguera" target="_blank">perefolguera</a>	2	0	1	385	812	8285	Barcelona, Catalunya	019
@pereg64	<a href="https://twitter.com/pereg64" target="_blank">pereg64</a>	3	0	1	8	24	112	Sant Pere de Ribes	003
@peregarcia63	<a href="https://twitter.com/peregarcia63" target="_blank">peregarcia63</a>	6	0	1	256	385	3197		033
@PereKlvet	<a href="https://twitter.com/PereKlvet" target="_blank">PereKlvet</a>	9	0	1	147	426	1316		003
@PereLligonya	<a href="https://twitter.com/PereLligonya" target="_blank">PereLligonya</a>	9	0	1	2371	2218	44920	Catalunya	084
@perellonet	<a href="https://twitter.com/perellonet" target="_blank">perellonet</a>	2	0	1	1677	1499	14849	People's Republic of Catalonia	019
@Peremm	<a href="https://twitter.com/Peremm" target="_blank">Peremm</a>	1	0	1	52	104	181	PREMIA de MAR	091
@peremora71	<a href="https://twitter.com/peremora71" target="_blank">peremora71</a>	3	0	1	736	753	20824		003
@perenat	<a href="https://twitter.com/perenat" target="_blank">perenat</a>	2	0	1	212	895	6694	República de Catalunya i Aran	019
@PereOlm87	<a href="https://twitter.com/PereOlm87" target="_blank">PereOlm87</a>	12	0	1	455	725	9762	La Seu d'Urgell.	031
@PereRF	<a href="https://twitter.com/PereRF" target="_blank">PereRF</a>	13	473	1	5769	6242	35030	República de Catalunya,  UE.	005
@peresabat	<a href="https://twitter.com/peresabat" target="_blank">peresabat</a>	3	3	0	1808	1261	22809		055
@Peret72118101	<a href="https://twitter.com/Peret72118101" target="_blank">Peret72118101</a>	17	0	1	37	86	3762		064
@PerezBeatrix	<a href="https://twitter.com/PerezBeatrix" target="_blank">PerezBeatrix</a>	2	0	1	178	217	9848	Entre Barcelona i el paradís	003
@perezlozano	<a href="https://twitter.com/perezlozano" target="_blank">perezlozano</a>	7	0	2	3501	3096	32279	El Prat de Llobregat	075
@PerezSaubi	<a href="https://twitter.com/PerezSaubi" target="_blank">PerezSaubi</a>	17	0	1	461	624	44512		006
@perfilcat	<a href="https://twitter.com/perfilcat" target="_blank">perfilcat</a>	1	0	1	604	984	298		005
@periferic	<a href="https://twitter.com/periferic" target="_blank">periferic</a>	5	0	1	227	207	13188	Segona Fundació	033
@pernandobarrena	<a href="https://twitter.com/pernandobarrena" target="_blank">pernandobarrena</a>	6	0	1	15522	1698	10255	Berriozar -NA- Euskal Herria	010
@perolillos	<a href="https://twitter.com/perolillos" target="_blank">perolillos</a>	2	0	1	264	304	6561	Sumer -Catalunya-Calella-Badalona	001
@perro_pulgoso	<a href="https://twitter.com/perro_pulgoso" target="_blank">perro_pulgoso</a>	2	0	1	214	679	7928	Països Catalans	003
@peruchita1950	<a href="https://twitter.com/peruchita1950" target="_blank">peruchita1950</a>	22	0	1	3200	3975	147820		006
@Petita00616241	<a href="https://twitter.com/Petita00616241" target="_blank">Petita00616241</a>	2	0	1	3	41	722		003
@petitcupsi	<a href="https://twitter.com/petitcupsi" target="_blank">petitcupsi</a>	3	0	1	812	1894	4821		010
@Petite1985	<a href="https://twitter.com/Petite1985" target="_blank">Petite1985</a>	5	0	1	142	411	1708		120
@petraelser	<a href="https://twitter.com/petraelser" target="_blank">petraelser</a>	4	0	1	599	537	1817		123
@pferrerm	<a href="https://twitter.com/pferrerm" target="_blank">pferrerm</a>	3	0	1	67	37	37690	Catalunya	009
@photomiquelruiz	<a href="https://twitter.com/photomiquelruiz" target="_blank">photomiquelruiz</a>	14	0	3	629	644	14687	Girona, Catalunya	084
@Pi7ros	<a href="https://twitter.com/Pi7ros" target="_blank">Pi7ros</a>	2	0	2	2304	296	615		005
@PibernatJoan	<a href="https://twitter.com/PibernatJoan" target="_blank">PibernatJoan</a>	7	0	2	57	126	2113	Girona	064
@picapicabufa	<a href="https://twitter.com/picapicabufa" target="_blank">picapicabufa</a>	2	0	1	25	169	158	Sabadell	002
@picapostes	<a href="https://twitter.com/picapostes" target="_blank">picapostes</a>	1	0	1	28	160	1423		003
@picotgarser81	<a href="https://twitter.com/picotgarser81" target="_blank">picotgarser81</a>	8	0	1	3186	3646	96862	Figueres,Catalunya	003
@Picual78	<a href="https://twitter.com/Picual78" target="_blank">Picual78</a>	2	0	1	106	531	3825	País Valencià.	003
@PigaiMos	<a href="https://twitter.com/PigaiMos" target="_blank">PigaiMos</a>	1	0	1	2	17	17		113
@Pijama40	<a href="https://twitter.com/Pijama40" target="_blank">Pijama40</a>	1	0	1	101	136	1326		015
@PilarAg98127948	<a href="https://twitter.com/PilarAg98127948" target="_blank">PilarAg98127948</a>	1	0	1	115	417	1318	Espanya	007
@pilarcarracelas	<a href="https://twitter.com/pilarcarracelas" target="_blank">pilarcarracelas</a>	6	0	1	18229	1129	54732	Horta, Barcelona	019
@PilarFoixL	<a href="https://twitter.com/PilarFoixL" target="_blank">PilarFoixL</a>	4	2	0	64	76	2451	Catalunya	003
@PilarGmezmarti2	<a href="https://twitter.com/PilarGmezmarti2" target="_blank">PilarGmezmarti2</a>	6	0	1	28	79	4763		003
@PilarinRodri	<a href="https://twitter.com/PilarinRodri" target="_blank">PilarinRodri</a>	12	0	1	670	480	74752	catalunya	064
@PilarmAlsina	<a href="https://twitter.com/PilarmAlsina" target="_blank">PilarmAlsina</a>	2	0	1	150	410	1291	Catalunya	002
@pilarneo58	<a href="https://twitter.com/pilarneo58" target="_blank">pilarneo58</a>	2	0	1	3786	2967	75145	Valencia, Comunidad Valenciana	002
@PilarRaja	<a href="https://twitter.com/PilarRaja" target="_blank">PilarRaja</a>	2	0	1	142	285	1220		083
@pinarello_verd	<a href="https://twitter.com/pinarello_verd" target="_blank">pinarello_verd</a>	1	0	1	56	136	1080	Catalonia	005
@pinedin13	<a href="https://twitter.com/pinedin13" target="_blank">pinedin13</a>	1	0	1	71	285	1647		003
@pinxokike	<a href="https://twitter.com/pinxokike" target="_blank">pinxokike</a>	18	0	3	89	323	10771	Catalunya	083
@Pinyaki	<a href="https://twitter.com/Pinyaki" target="_blank">Pinyaki</a>	1	0	1	145	259	1529	BCN	003
@pinyuner	<a href="https://twitter.com/pinyuner" target="_blank">pinyuner</a>	14	0	1	227	1042	14821	Barcelona	003
@Pirata_cat	<a href="https://twitter.com/Pirata_cat" target="_blank">Pirata_cat</a>	7	0	1	357	1258	3368	Molló, Girona, Catalunya	003
@piratajonkar	<a href="https://twitter.com/piratajonkar" target="_blank">piratajonkar</a>	45	0	4	51	210	8305		010
@PiratesRubi	<a href="https://twitter.com/PiratesRubi" target="_blank">PiratesRubi</a>	3	1	0	179	175	2597	Rubí	300
@pitarch8	<a href="https://twitter.com/pitarch8" target="_blank">pitarch8</a>	1	0	1	87	55	1384	Barcelona, Catalunya	105
@pitikollons	<a href="https://twitter.com/pitikollons" target="_blank">pitikollons</a>	0	1	0					298
@pitipucetas	<a href="https://twitter.com/pitipucetas" target="_blank">pitipucetas</a>	3	0	1	12	41	851		064
@pitudedeu	<a href="https://twitter.com/pitudedeu" target="_blank">pitudedeu</a>	15	0	1	15767	16697	79744	#DI	081
@piula06	<a href="https://twitter.com/piula06" target="_blank">piula06</a>	2	0	2	34	270	197		093
@pjrb68	<a href="https://twitter.com/pjrb68" target="_blank">pjrb68</a>	9	0	1	47	227	2978		169
@placebodelbo	<a href="https://twitter.com/placebodelbo" target="_blank">placebodelbo</a>	2	0	1	1769	1001	57348	BCN | Pacífico | Brutalism	003
@planetaminu	<a href="https://twitter.com/planetaminu" target="_blank">planetaminu</a>	3	0	1	520	504	10217	Barcelona, Catalunya.	001
@pmarquez86	<a href="https://twitter.com/pmarquez86" target="_blank">pmarquez86</a>	1	0	1	437	416	7085	Berga	007
@pmenamendoza	<a href="https://twitter.com/pmenamendoza" target="_blank">pmenamendoza</a>	12	0	2	1047	2501	25816		006
@pmorales95	<a href="https://twitter.com/pmorales95" target="_blank">pmorales95</a>	2	0	1	458	369	4716	El Prat de Llobregat, España	003
@PobleLliure_Mar	<a href="https://twitter.com/PobleLliure_Mar" target="_blank">PobleLliure_Mar</a>	7	0	1	589	426	4149	Maresme	243
@PocinoMarta	<a href="https://twitter.com/PocinoMarta" target="_blank">PocinoMarta</a>	1	0	1	14	105	241		134
@podamar	<a href="https://twitter.com/podamar" target="_blank">podamar</a>	2	0	1	230	367	23706		105
@Podem_Lleida	<a href="https://twitter.com/Podem_Lleida" target="_blank">Podem_Lleida</a>	1	0	1	1121	647	2057	Lleida	007
@podemsantapepa	<a href="https://twitter.com/podemsantapepa" target="_blank">podemsantapepa</a>	3	0	1	80	116	3916	Santa Perpètua de Mogoda,	118
@podemsantsbcn	<a href="https://twitter.com/podemsantsbcn" target="_blank">podemsantsbcn</a>	1	0	1	978	1006	4664	Sants, Barcelona, España	007
@Pokoyocat2	<a href="https://twitter.com/Pokoyocat2" target="_blank">Pokoyocat2</a>	4	0	1	4	93	381	Vilanova i la Geltrú	003
@Polanskifreixa	<a href="https://twitter.com/Polanskifreixa" target="_blank">Polanskifreixa</a>	4	0	1	568	699	7395	Barcelona, Països Catalans	005
@polbatapag	<a href="https://twitter.com/polbatapag" target="_blank">polbatapag</a>	5	0	2	55	117	3650	Terrassa (CAT)	002
@Polcodina	<a href="https://twitter.com/Polcodina" target="_blank">Polcodina</a>	1	0	1	132	426	1774	Barcelona	015
@polinices11	<a href="https://twitter.com/polinices11" target="_blank">polinices11</a>	7	0	1	19	416	2102		008
@Poliol	<a href="https://twitter.com/Poliol" target="_blank">Poliol</a>	31	0	3	515	963	19214		018
@poliramon	<a href="https://twitter.com/poliramon" target="_blank">poliramon</a>	1	0	1	288	1325	2407		064
@politologmurcia	<a href="https://twitter.com/politologmurcia" target="_blank">politologmurcia</a>	1	0	1	88	798	1537	Murcia, España	002
@polllastre	<a href="https://twitter.com/polllastre" target="_blank">polllastre</a>	5	0	1	798	869	7966	santa perpètua de mogoda	230
@polmelchior	<a href="https://twitter.com/polmelchior" target="_blank">polmelchior</a>	0	1	0					299
@PolPrez	<a href="https://twitter.com/PolPrez" target="_blank">PolPrez</a>	4	0	1	749	1630	4404	Catalunya	109
@PolSule	<a href="https://twitter.com/PolSule" target="_blank">PolSule</a>	1	0	1	103	258	1720	l'AdV. BCN. Catalunya.	113
@PolVancells	<a href="https://twitter.com/PolVancells" target="_blank">PolVancells</a>	1	0	1	36	437	200	Sant Feliu de Guíxols, Espanya	064
@pomesfi13	<a href="https://twitter.com/pomesfi13" target="_blank">pomesfi13</a>	5	0	1	179	240	2755	Barcelona, Catalunya	008
@PonceJLG	<a href="https://twitter.com/PonceJLG" target="_blank">PonceJLG</a>	1	0	1	310	10	31177	Ventas / Madrid	105
@PonsCort67	<a href="https://twitter.com/PonsCort67" target="_blank">PonsCort67</a>	1	0	1	6	55	46	Barcelona, España	003
@popgrillat	<a href="https://twitter.com/popgrillat" target="_blank">popgrillat</a>	2	0	1	115	432	4013	Barcelona (Catalunya)	064
@poppyrain	<a href="https://twitter.com/poppyrain" target="_blank">poppyrain</a>	3	1	0	698	1853	20144	Barcelona, España	297
@porabajo	<a href="https://twitter.com/porabajo" target="_blank">porabajo</a>	20	0	3	1292	2618	85269	Esplugues de Llob. , Catalunya	008
@PorcularPartido	<a href="https://twitter.com/PorcularPartido" target="_blank">PorcularPartido</a>	6	0	2	843	1115	19214		005
@Portabales_Hijo	<a href="https://twitter.com/Portabales_Hijo" target="_blank">Portabales_Hijo</a>	1	0	1	22636	22835	31930	Madrid-Spain	002
@portapruna	<a href="https://twitter.com/portapruna" target="_blank">portapruna</a>	1	0	1	599	372	1290	Sant Just Desvern	003
@portet_bruguera	<a href="https://twitter.com/portet_bruguera" target="_blank">portet_bruguera</a>	7	25	0	2755	1870	10933	Mataró. Catalunya. Europe.	036
@postillonfcb	<a href="https://twitter.com/postillonfcb" target="_blank">postillonfcb</a>	5	0	1	489	1425	18680		003
@PotvicPotau	<a href="https://twitter.com/PotvicPotau" target="_blank">PotvicPotau</a>	2	0	1	299	366	27266	Barcelona, Catalunya	003
@PozasJoan	<a href="https://twitter.com/PozasJoan" target="_blank">PozasJoan</a>	12	2	3	363	663	5878	Barcelona, Catalunya	013
@Practicala	<a href="https://twitter.com/Practicala" target="_blank">Practicala</a>	4	0	1	402	1636	9749		002
@practiquem	<a href="https://twitter.com/practiquem" target="_blank">practiquem</a>	1	0	1	5469	2422	6354	Països Catalans	146
@PratXevi	<a href="https://twitter.com/PratXevi" target="_blank">PratXevi</a>	5	0	2	351	429	23519	Catalunya. Barcelona i Enbas	001
@PrimaveraLliure	<a href="https://twitter.com/PrimaveraLliure" target="_blank">PrimaveraLliure</a>	3	1	0	2248	2248	45583	Woman in Barcelona (Catalonia)	296
@PrincesssNu	<a href="https://twitter.com/PrincesssNu" target="_blank">PrincesssNu</a>	0	5	0					003
@profEHRBAR	<a href="https://twitter.com/profEHRBAR" target="_blank">profEHRBAR</a>	7	0	1	177	517	6430	Antigua and Barbuda	105
@proudtobecat	<a href="https://twitter.com/proudtobecat" target="_blank">proudtobecat</a>	3	0	1	1392	1341	17387		105
@psantaeulalia	<a href="https://twitter.com/psantaeulalia" target="_blank">psantaeulalia</a>	1	2	0	370	582	5303	Berlin, Alemanya	185
@psf98	<a href="https://twitter.com/psf98" target="_blank">psf98</a>	1	0	1	89	109	2840	Barcelona, España	105
@Psicodromo	<a href="https://twitter.com/Psicodromo" target="_blank">Psicodromo</a>	2	0	1	7772	2785	93584	Ciutat morta	105
@psicofarmacosno	<a href="https://twitter.com/psicofarmacosno" target="_blank">psicofarmacosno</a>	4	0	1	359	775	4692	Barcelona	003
@PSlifer27	<a href="https://twitter.com/PSlifer27" target="_blank">PSlifer27</a>	0	1	0					301
@PTalamanca	<a href="https://twitter.com/PTalamanca" target="_blank">PTalamanca</a>	8	0	1	179	144	7716	Visca Catalunya	017
@Pucurull	<a href="https://twitter.com/Pucurull" target="_blank">Pucurull</a>	3	0	3	4540	1602	20754	Barcelona	006
@puerta_nuria	<a href="https://twitter.com/puerta_nuria" target="_blank">puerta_nuria</a>	1	0	1	107	370	555	Rubí, Cataluña	278
@Puigdu	<a href="https://twitter.com/Puigdu" target="_blank">Puigdu</a>	6	0	2	234	545	5490	Barcelona, Catalunya	013
@PuigRichart	<a href="https://twitter.com/PuigRichart" target="_blank">PuigRichart</a>	1	0	1	81	169	370		002
@PuigXavi	<a href="https://twitter.com/PuigXavi" target="_blank">PuigXavi</a>	3	0	1	37	205	773	Barcelona, Catalunya	001
@pujolarsenpau	<a href="https://twitter.com/pujolarsenpau" target="_blank">pujolarsenpau</a>	11	0	1	264	396	26252	Besalú CATALUNYA	002
@pumba12306	<a href="https://twitter.com/pumba12306" target="_blank">pumba12306</a>	1	0	1	4	45	51	Pineda de Mar, Espanya	003
@puntopelota	<a href="https://twitter.com/puntopelota" target="_blank">puntopelota</a>	0	1	0					302
@Puropoliester	<a href="https://twitter.com/Puropoliester" target="_blank">Puropoliester</a>	5	0	1	61	188	4088	Catalunya	005
@putopaqui	<a href="https://twitter.com/putopaqui" target="_blank">putopaqui</a>	1	0	1	879	372	31768	Más España que Valencia	003
@Pyrall	<a href="https://twitter.com/Pyrall" target="_blank">Pyrall</a>	6	0	1	193	255	16737	Catalonia	064
@q_vila	<a href="https://twitter.com/q_vila" target="_blank">q_vila</a>	14	0	1	2764	2652	11569	Catalunya	219
@qmolins	<a href="https://twitter.com/qmolins" target="_blank">qmolins</a>	2	1	0	1552	1092	32762	Catalunya - Un Crit Valent!	035
@Qristinaperez	<a href="https://twitter.com/Qristinaperez" target="_blank">Qristinaperez</a>	2	0	1	314	469	3277	Barcelona-Spain	005
@qtorras	<a href="https://twitter.com/qtorras" target="_blank">qtorras</a>	7	0	1	121	264	3878	Catalunya	003
@quepesatsoutots	<a href="https://twitter.com/quepesatsoutots" target="_blank">quepesatsoutots</a>	4	0	1	8	64	656		005
@quicome	<a href="https://twitter.com/quicome" target="_blank">quicome</a>	8	0	1	247	485	6850	Empordà, Catalunya	117
@quicosabater	<a href="https://twitter.com/quicosabater" target="_blank">quicosabater</a>	1	0	1	2854	2841	41518	#Terrassa #Valles Occ. #PPCC	143
@quikep77	<a href="https://twitter.com/quikep77" target="_blank">quikep77</a>	1	0	1	92	457	13956		035
@quim_net	<a href="https://twitter.com/quim_net" target="_blank">quim_net</a>	1	0	1	26	108	958		007
@quimbosch	<a href="https://twitter.com/quimbosch" target="_blank">quimbosch</a>	8	0	1	527	549	7274	Barcelona	005
@quimet74	<a href="https://twitter.com/quimet74" target="_blank">quimet74</a>	1	0	1	13	36	352	Badalona,Catalunya	005
@quimetus	<a href="https://twitter.com/quimetus" target="_blank">quimetus</a>	14	0	1	960	2044	12735	Catalunya	002
@QuimFernandez	<a href="https://twitter.com/QuimFernandez" target="_blank">QuimFernandez</a>	3	0	1	2920	2128	15305	Mataró  (Catalunya)	131
@quimgirbau	<a href="https://twitter.com/quimgirbau" target="_blank">quimgirbau</a>	4	0	1	334	652	5014	Catalunya	005
@QuimGranen	<a href="https://twitter.com/QuimGranen" target="_blank">QuimGranen</a>	7	0	1	479	772	9190		001
@Quimi_Portet	<a href="https://twitter.com/Quimi_Portet" target="_blank">Quimi_Portet</a>	2	0	1	7748	827	2633	Catalunya	005
@Quimoh	<a href="https://twitter.com/Quimoh" target="_blank">Quimoh</a>	17	0	1	45	141	3709	Schorndorf	003
@quimxap	<a href="https://twitter.com/quimxap" target="_blank">quimxap</a>	3	0	1	25	133	1176		003
@quinti99	<a href="https://twitter.com/quinti99" target="_blank">quinti99</a>	1	0	1	59	68	65	Barcelona, Catalunya	023
@Quintudj	<a href="https://twitter.com/Quintudj" target="_blank">Quintudj</a>	13	0	1	1547	3528	128103	Fargo	008
@Quiquelosa	<a href="https://twitter.com/Quiquelosa" target="_blank">Quiquelosa</a>	5	0	2	852	2012	8022		105
@quiroseleven	<a href="https://twitter.com/quiroseleven" target="_blank">quiroseleven</a>	1	0	1	32	190	36		115
@Quisso2	<a href="https://twitter.com/Quisso2" target="_blank">Quisso2</a>	8	0	1	7	90	514		257
@ra_boix	<a href="https://twitter.com/ra_boix" target="_blank">ra_boix</a>	2	0	1	64	203	1695		117
@raalmiro	<a href="https://twitter.com/raalmiro" target="_blank">raalmiro</a>	7	0	1	138	195	2979	barcelona	001
@Raamoon13	<a href="https://twitter.com/Raamoon13" target="_blank">Raamoon13</a>	3	0	1	282	331	6111		094
@RabalMaite	<a href="https://twitter.com/RabalMaite" target="_blank">RabalMaite</a>	57	0	3	85	141	26437		013
@rabiatifuscoler	<a href="https://twitter.com/rabiatifuscoler" target="_blank">rabiatifuscoler</a>	19	0	1	94	321	6892	Kabul	093
@rachelATV	<a href="https://twitter.com/rachelATV" target="_blank">rachelATV</a>	3	0	1	94	216	5920		087
@radgezito	<a href="https://twitter.com/radgezito" target="_blank">radgezito</a>	5	0	1	102	320	4679		003
@Rafapardos	<a href="https://twitter.com/Rafapardos" target="_blank">Rafapardos</a>	3	0	1	282	1237	9040		003
@rafikiscope	<a href="https://twitter.com/rafikiscope" target="_blank">rafikiscope</a>	1	2	0	1525	962	133523	Barcelona, España	179
@ragde_1990	<a href="https://twitter.com/ragde_1990" target="_blank">ragde_1990</a>	1	0	1	489	1253	31577	Gijón , Asturias	105
@RaholaOficial	<a href="https://twitter.com/RaholaOficial" target="_blank">RaholaOficial</a>	12	94	0	222116	531	62108		001
@RaiSallent	<a href="https://twitter.com/RaiSallent" target="_blank">RaiSallent</a>	3	0	2	155	486	1766	Sant Cugat	091
@Ralph_Sabadell	<a href="https://twitter.com/Ralph_Sabadell" target="_blank">Ralph_Sabadell</a>	12	0	1	304	2639	6256	Catalonia	001
@ralvarezdj	<a href="https://twitter.com/ralvarezdj" target="_blank">ralvarezdj</a>	1	0	1	3304	700	257511	Cerca	107
@RamblaNuria	<a href="https://twitter.com/RamblaNuria" target="_blank">RamblaNuria</a>	15	0	1	169	296	7031	CAT	017
@ramon_comellas	<a href="https://twitter.com/ramon_comellas" target="_blank">ramon_comellas</a>	3	0	1	78	185	2756		197
@RaMOn50544972	<a href="https://twitter.com/RaMOn50544972" target="_blank">RaMOn50544972</a>	1	0	1	0	7	62	Barcelona, Espanya	001
@ramonaguilarg	<a href="https://twitter.com/ramonaguilarg" target="_blank">ramonaguilarg</a>	3	1	0	1331	2347	13380	Santa Coloma de Gramenet	294
@RamonaSole	<a href="https://twitter.com/RamonaSole" target="_blank">RamonaSole</a>	5	0	2	37	86	6519	Badalona	044
@RamonAytes	<a href="https://twitter.com/RamonAytes" target="_blank">RamonAytes</a>	4	0	1	441	1158	1199	Sort	111
@ramonbarrios17	<a href="https://twitter.com/ramonbarrios17" target="_blank">ramonbarrios17</a>	1	0	1	339	523	11003		068
@RamonCodinas	<a href="https://twitter.com/RamonCodinas" target="_blank">RamonCodinas</a>	3	2	1	1962	2517	4171		073
@RamonetFont	<a href="https://twitter.com/RamonetFont" target="_blank">RamonetFont</a>	4	0	1	248	1473	9024	Tarragona, España	007
@RamonLlop	<a href="https://twitter.com/RamonLlop" target="_blank">RamonLlop</a>	1	0	1	53	144	3442		003
@Ramonpauls	<a href="https://twitter.com/Ramonpauls" target="_blank">Ramonpauls</a>	7	0	1	461	395	17923	Catalunya	105
@ramonrocaribo	<a href="https://twitter.com/ramonrocaribo" target="_blank">ramonrocaribo</a>	1	0	1	164	180	1039		003
@ramonroyo	<a href="https://twitter.com/ramonroyo" target="_blank">ramonroyo</a>	28	0	4	337	211	34539	Sarrià	001
@RamonSans5	<a href="https://twitter.com/RamonSans5" target="_blank">RamonSans5</a>	7	0	1	420	304	49210		015
@ramontorresarus	<a href="https://twitter.com/ramontorresarus" target="_blank">ramontorresarus</a>	9	0	2	23	26	2146		008
@ramontremosa	<a href="https://twitter.com/ramontremosa" target="_blank">ramontremosa</a>	18	13	1	69364	1301	31183	BCN, CAT & EU	006
@ramrovert	<a href="https://twitter.com/ramrovert" target="_blank">ramrovert</a>	1	0	1	39601	39617	110503	gregorio de laferrer	107
@ranspenstinski	<a href="https://twitter.com/ranspenstinski" target="_blank">ranspenstinski</a>	4	0	1	2480	3998	30122	3ª Galaxia a la Izquierda.	001
@raparici	<a href="https://twitter.com/raparici" target="_blank">raparici</a>	9	0	3	295	285	13081	BCN   SFO	019
@raqel__	<a href="https://twitter.com/raqel__" target="_blank">raqel__</a>	1	0	1	36	102	335	Castellbisbal, Barcelona	105
@RaquelCantos1	<a href="https://twitter.com/RaquelCantos1" target="_blank">RaquelCantos1</a>	7	0	2	77	162	2025		013
@raquelragal	<a href="https://twitter.com/raquelragal" target="_blank">raquelragal</a>	3	0	2	209	263	1311		071
@RataDesletrada	<a href="https://twitter.com/RataDesletrada" target="_blank">RataDesletrada</a>	1	1	0	3347	1707	10100	Mallorca/Maresme	020
@RatRau	<a href="https://twitter.com/RatRau" target="_blank">RatRau</a>	2	0	1	4	13	53		003
@rattruk	<a href="https://twitter.com/rattruk" target="_blank">rattruk</a>	3	0	1	132	162	1696		003
@RaulLopezSoria	<a href="https://twitter.com/RaulLopezSoria" target="_blank">RaulLopezSoria</a>	1	0	1	8	38	81	Valls, Espanya	003
@rbatlle7	<a href="https://twitter.com/rbatlle7" target="_blank">rbatlle7</a>	6	0	1	250	1036	6882		002
@rbordoy	<a href="https://twitter.com/rbordoy" target="_blank">rbordoy</a>	4	0	1	48	247	399	Barcelona, Catalunya	114
@rcanalst	<a href="https://twitter.com/rcanalst" target="_blank">rcanalst</a>	2	0	1	220	438	2007	La Coma i la Pedra	064
@rcantons	<a href="https://twitter.com/rcantons" target="_blank">rcantons</a>	10	0	2	745	877	46704		083
@rcpuig94	<a href="https://twitter.com/rcpuig94" target="_blank">rcpuig94</a>	23	0	1	1046	1056	19063	CATALONIA/ CATALUNYA	007
@RDBCat	<a href="https://twitter.com/RDBCat" target="_blank">RDBCat</a>	38	0	3	107	135	15829	Catalunya	013
@rduarri	<a href="https://twitter.com/rduarri" target="_blank">rduarri</a>	1	0	1	92	378	161		003
@reagrupamentpv	<a href="https://twitter.com/reagrupamentpv" target="_blank">reagrupamentpv</a>	25	0	1	1960	1959	46159	País Valencià. 960064914	006
@RebekaUbera	<a href="https://twitter.com/RebekaUbera" target="_blank">RebekaUbera</a>	2	0	1	1427	1059	5172		003
@RebeketaPelFred	<a href="https://twitter.com/RebeketaPelFred" target="_blank">RebeketaPelFred</a>	22	0	3	597	443	140804		015
@RecercaxI	<a href="https://twitter.com/RecercaxI" target="_blank">RecercaxI</a>	3	0	1	1135	1225	3488	Països Catalans	085
@recordarem	<a href="https://twitter.com/recordarem" target="_blank">recordarem</a>	2	0	1	198	42	842	Catalonia, Catalonia	003
@redanon17	<a href="https://twitter.com/redanon17" target="_blank">redanon17</a>	9	0	1	609	1661	58551	Galiza	051
@RedYowl	<a href="https://twitter.com/RedYowl" target="_blank">RedYowl</a>	1	0	1	34	110	95		118
@ref_2017	<a href="https://twitter.com/ref_2017" target="_blank">ref_2017</a>	2	0	1	10	213	29	catalunya	268
@ref1octubrefig1	<a href="https://twitter.com/ref1octubrefig1" target="_blank">ref1octubrefig1</a>	0	2	0					184
@refuse2forget64	<a href="https://twitter.com/refuse2forget64" target="_blank">refuse2forget64</a>	1	0	1	59	266	1347		003
@RenaixentCat	<a href="https://twitter.com/RenaixentCat" target="_blank">RenaixentCat</a>	0	1	0					295
@Repicatruges1	<a href="https://twitter.com/Repicatruges1" target="_blank">Repicatruges1</a>	4	0	1	259	1221	3668		003
@republicano_71	<a href="https://twitter.com/republicano_71" target="_blank">republicano_71</a>	7	0	2	465	1113	12177	Barcelona	005
@ReReRebie	<a href="https://twitter.com/ReReRebie" target="_blank">ReReRebie</a>	1	0	1	820	1111	10094	Tolosa + Euskal Herria	117
@resderres	<a href="https://twitter.com/resderres" target="_blank">resderres</a>	4	0	1	34	82	2932		140
@RespecteAnimals	<a href="https://twitter.com/RespecteAnimals" target="_blank">RespecteAnimals</a>	1	0	1	118	146	781		078
@resteve3	<a href="https://twitter.com/resteve3" target="_blank">resteve3</a>	7	0	1	1806	2246	18811		001
@retraka	<a href="https://twitter.com/retraka" target="_blank">retraka</a>	1	0	1	21	39	1011		003
@ReTwitStorm_por	<a href="https://twitter.com/ReTwitStorm_por" target="_blank">ReTwitStorm_por</a>	2	0	1	269	288	13778		005
@revistatalaiot	<a href="https://twitter.com/revistatalaiot" target="_blank">revistatalaiot</a>	2	0	1	127	174	2232	Roquetes (9Barris) Catalunya	078
@RexachLzaro	<a href="https://twitter.com/RexachLzaro" target="_blank">RexachLzaro</a>	4	0	1	21	46	1534	Barcelona, Catalunya	001
@Reyesdiar	<a href="https://twitter.com/Reyesdiar" target="_blank">Reyesdiar</a>	3	0	1	7	95	1575		015
@rfabregues	<a href="https://twitter.com/rfabregues" target="_blank">rfabregues</a>	4	0	1	895	963	19856	Europa	054
@rfernandezjou	<a href="https://twitter.com/rfernandezjou" target="_blank">rfernandezjou</a>	38	0	7	1114	397	145508		006
@RFontH	<a href="https://twitter.com/RFontH" target="_blank">RFontH</a>	3	0	1	901	1470	19642	Catalunya Sobirana	126
@RGombau	<a href="https://twitter.com/RGombau" target="_blank">RGombau</a>	2	0	1	7	81	278		064
@rguixe	<a href="https://twitter.com/rguixe" target="_blank">rguixe</a>	2	0	1	48	88	2275		007
@rhart97	<a href="https://twitter.com/rhart97" target="_blank">rhart97</a>	2	0	2	252	534	8002		052
@Ribas78	<a href="https://twitter.com/Ribas78" target="_blank">Ribas78</a>	21	0	3	82	180	6229	Esparreguera, España	001
@ricard_moreu	<a href="https://twitter.com/ricard_moreu" target="_blank">ricard_moreu</a>	1	0	1	2	18	2	SHV; Catalunya	002
@ricard1899	<a href="https://twitter.com/ricard1899" target="_blank">ricard1899</a>	1	0	1	57	285	388	Vilafranca, Catalunya	003
@ricardcases	<a href="https://twitter.com/ricardcases" target="_blank">ricardcases</a>	6	0	1	194	394	7510	Mataró, Catalunya	002
@RICARDPF	<a href="https://twitter.com/RICARDPF" target="_blank">RICARDPF</a>	9	0	1	2471	3322	33408	Sant Boi,Catalunya Independent	002
@ricardwan	<a href="https://twitter.com/ricardwan" target="_blank">ricardwan</a>	1	0	1	69	178	2990		003
@ricart_isabel	<a href="https://twitter.com/ricart_isabel" target="_blank">ricart_isabel</a>	4	0	1	9	80	1415		002
@rich_kararak	<a href="https://twitter.com/rich_kararak" target="_blank">rich_kararak</a>	17	0	1	87	147	25285		001
@rickicampos77	<a href="https://twitter.com/rickicampos77" target="_blank">rickicampos77</a>	4	0	1	61	168	259	República de Catalunya	003
@riicard7	<a href="https://twitter.com/riicard7" target="_blank">riicard7</a>	16	0	1	175	411	5199		002
@rijago	<a href="https://twitter.com/rijago" target="_blank">rijago</a>	47	0	1	73	133	12841		001
@rikr_66	<a href="https://twitter.com/rikr_66" target="_blank">rikr_66</a>	2	0	1	23	38	238		007
@ris1965	<a href="https://twitter.com/ris1965" target="_blank">ris1965</a>	2	0	1	64	93	1372		026
@RitaPratC	<a href="https://twitter.com/RitaPratC" target="_blank">RitaPratC</a>	7	0	1	10	82	1247		064
@Ritchiecat	<a href="https://twitter.com/Ritchiecat" target="_blank">Ritchiecat</a>	3	0	1	234	286	22416	Cat	003
@rjstrikers	<a href="https://twitter.com/rjstrikers" target="_blank">rjstrikers</a>	3	0	1	3549	2171	305079	Brisbane, Qld Australia	051
@rjuvany	<a href="https://twitter.com/rjuvany" target="_blank">rjuvany</a>	3	0	1	75	377	1622	Calella	064
@rl_lucena	<a href="https://twitter.com/rl_lucena" target="_blank">rl_lucena</a>	1	0	1	2	72	105	Rajadell, España	002
@RMartinb	<a href="https://twitter.com/RMartinb" target="_blank">RMartinb</a>	1	0	1	416	553	22755	Sabadell	008
@RMDEYMINN	<a href="https://twitter.com/RMDEYMINN" target="_blank">RMDEYMINN</a>	1	0	1	335	344	13509		003
@rmfranquet	<a href="https://twitter.com/rmfranquet" target="_blank">rmfranquet</a>	1	0	1	47	281	392		019
@robert_ara	<a href="https://twitter.com/robert_ara" target="_blank">robert_ara</a>	5	0	3	557	613	4127		037
@robertmur	<a href="https://twitter.com/robertmur" target="_blank">robertmur</a>	0	1	0					293
@Robertogzagza93	<a href="https://twitter.com/Robertogzagza93" target="_blank">Robertogzagza93</a>	1	0	1	601	5000	41513		035
@robotaburuan1	<a href="https://twitter.com/robotaburuan1" target="_blank">robotaburuan1</a>	3	0	1	33	268	1189	Euskal Herria	119
@RocaLongares	<a href="https://twitter.com/RocaLongares" target="_blank">RocaLongares</a>	17	0	1	431	443	21648	Barcelona, Catalunya	006
@roccasagran	<a href="https://twitter.com/roccasagran" target="_blank">roccasagran</a>	6	0	1	16279	1786	41541	Sabadell, Països Catalans	007
@Rocco_969	<a href="https://twitter.com/Rocco_969" target="_blank">Rocco_969</a>	1	0	1	159	356	4389		032
@roccopertiga	<a href="https://twitter.com/roccopertiga" target="_blank">roccopertiga</a>	9	0	2	49	131	2303		009
@RocKcs	<a href="https://twitter.com/RocKcs" target="_blank">RocKcs</a>	3	0	1	106	472	1457	Comuna de Badalona	065
@Rockuis	<a href="https://twitter.com/Rockuis" target="_blank">Rockuis</a>	1	0	1	1	20	17		003
@Rocsalafaixa	<a href="https://twitter.com/Rocsalafaixa" target="_blank">Rocsalafaixa</a>	5	0	1	1965	1414	63528	Catalunya irredempta	003
@rodolfmoret	<a href="https://twitter.com/rodolfmoret" target="_blank">rodolfmoret</a>	1	0	1	58	511	1114	Catalunya	003
@RodrigoArenasGa	<a href="https://twitter.com/RodrigoArenasGa" target="_blank">RodrigoArenasGa</a>	8	0	1	386	1106	33130		005
@RodwayBcn	<a href="https://twitter.com/RodwayBcn" target="_blank">RodwayBcn</a>	1	0	1	58	255	1376	Catalunya  |||★|||	005
@roetner	<a href="https://twitter.com/roetner" target="_blank">roetner</a>	2	0	1	42	219	1977	sabadell	003
@roge_bcn	<a href="https://twitter.com/roge_bcn" target="_blank">roge_bcn</a>	4	0	2	54	183	4194		001
@rogenku	<a href="https://twitter.com/rogenku" target="_blank">rogenku</a>	1	0	1	232	1001	1049		015
@Roger_CdV	<a href="https://twitter.com/Roger_CdV" target="_blank">Roger_CdV</a>	0	3	0					160
@roger_marin	<a href="https://twitter.com/roger_marin" target="_blank">roger_marin</a>	1	0	1	32	53	258	47.387657,8.548583	003
@Roger_Riera	<a href="https://twitter.com/Roger_Riera" target="_blank">Roger_Riera</a>	6	0	2	589	362	32406	Eivissa, Illes Pitiüses.	019
@roger_vilanova	<a href="https://twitter.com/roger_vilanova" target="_blank">roger_vilanova</a>	6	0	1	1044	2572	10422	Catalan Republic	007
@RogerBaiges82	<a href="https://twitter.com/RogerBaiges82" target="_blank">RogerBaiges82</a>	1	0	1	114	239	882	Tarragona	003
@RogerBaiget	<a href="https://twitter.com/RogerBaiget" target="_blank">RogerBaiget</a>	1	0	1	20	175	48	Barcelona, Espanya	105
@Rogerbuch	<a href="https://twitter.com/Rogerbuch" target="_blank">Rogerbuch</a>	17	8	2	6422	3431	30454	República de Catalunya	076
@RogerCaminal	<a href="https://twitter.com/RogerCaminal" target="_blank">RogerCaminal</a>	3	0	1	97	280	1184		017
@rogerfjg	<a href="https://twitter.com/rogerfjg" target="_blank">rogerfjg</a>	1	0	1	2	30	37		115
@RogerGalazan	<a href="https://twitter.com/RogerGalazan" target="_blank">RogerGalazan</a>	5	0	1	639	913	26238	Repiular no és compartir	094
@RogerH_C	<a href="https://twitter.com/RogerH_C" target="_blank">RogerH_C</a>	1	0	1	8	31	62		272
@Rogerleiva81	<a href="https://twitter.com/Rogerleiva81" target="_blank">Rogerleiva81</a>	2	0	1	172	387	1864	Valls - Catalunya	007
@RogerMata9	<a href="https://twitter.com/RogerMata9" target="_blank">RogerMata9</a>	2	0	1	84	256	4039	Barcelona, Catalunya	024
@RogerMetalBiker	<a href="https://twitter.com/RogerMetalBiker" target="_blank">RogerMetalBiker</a>	1	0	1	113	549	3184		003
@RogerSaperas	<a href="https://twitter.com/RogerSaperas" target="_blank">RogerSaperas</a>	0	38	0					091
@rogervadejocs	<a href="https://twitter.com/rogervadejocs" target="_blank">rogervadejocs</a>	5	0	1	852	379	13386	Catalunya	001
@rogervilanova	<a href="https://twitter.com/rogervilanova" target="_blank">rogervilanova</a>	6	0	1	704	976	9153	Ripollet, Catalunya	009
@RojasBusque	<a href="https://twitter.com/RojasBusque" target="_blank">RojasBusque</a>	1	0	1	47	275	75	Igualada, Catalunya	003
@RomainQuidant	<a href="https://twitter.com/RomainQuidant" target="_blank">RomainQuidant</a>	7	0	1	28	19	1303		005
@roman_carmelo	<a href="https://twitter.com/roman_carmelo" target="_blank">roman_carmelo</a>	2	0	1	727	1115	23234	el coño de mi prima	003
@romanidemata	<a href="https://twitter.com/romanidemata" target="_blank">romanidemata</a>	6	0	1	818	182	47113	descriptor ✏ 47067411	044
@rompicollone	<a href="https://twitter.com/rompicollone" target="_blank">rompicollone</a>	8	0	1	89	306	4926	República de Catalunya	087
@roncerdos	<a href="https://twitter.com/roncerdos" target="_blank">roncerdos</a>	17	0	1	183	359	12075		081
@Roquer_i_Sala	<a href="https://twitter.com/Roquer_i_Sala" target="_blank">Roquer_i_Sala</a>	7	0	1	335	756	14724	el Brull i BCN, Catalunya	003
@roquini	<a href="https://twitter.com/roquini" target="_blank">roquini</a>	1	12	0	5893	958	33172	Vic,Catalunya	003
@rosa_msust	<a href="https://twitter.com/rosa_msust" target="_blank">rosa_msust</a>	49	0	10	538	702	14432	Badalona, Barcelona	006
@Rosa00459601	<a href="https://twitter.com/Rosa00459601" target="_blank">Rosa00459601</a>	9	0	2	22	169	5461		003
@rosaginesta	<a href="https://twitter.com/rosaginesta" target="_blank">rosaginesta</a>	2	0	1	77	190	396		005
@RosaGiralt	<a href="https://twitter.com/RosaGiralt" target="_blank">RosaGiralt</a>	11	0	2	152	309	17891		001
@rosagpl44	<a href="https://twitter.com/rosagpl44" target="_blank">rosagpl44</a>	24	0	1	561	1557	81556		002
@RosaMasalles	<a href="https://twitter.com/RosaMasalles" target="_blank">RosaMasalles</a>	3	0	1	30	291	682		005
@rosamcru	<a href="https://twitter.com/rosamcru" target="_blank">rosamcru</a>	3	0	1	20	68	642		180
@rosamfip33	<a href="https://twitter.com/rosamfip33" target="_blank">rosamfip33</a>	7	0	1	72	352	3786		005
@rosapique	<a href="https://twitter.com/rosapique" target="_blank">rosapique</a>	8	0	1	685	500	9866	Catalunya	003
@RosaSancho8	<a href="https://twitter.com/RosaSancho8" target="_blank">RosaSancho8</a>	10	0	1	5	85	1795		005
@RosaSorribes	<a href="https://twitter.com/RosaSorribes" target="_blank">RosaSorribes</a>	29	0	5	953	1081	51168		006
@rosayue	<a href="https://twitter.com/rosayue" target="_blank">rosayue</a>	21	0	1	666	581	26801	SABADELL, CATALUNYA	003
@Roscalsina	<a href="https://twitter.com/Roscalsina" target="_blank">Roscalsina</a>	3	0	1	197	301	1509		007
@RoseHat1	<a href="https://twitter.com/RoseHat1" target="_blank">RoseHat1</a>	4	0	1	1539	969	46734	Principat (Cat, PPCC) II*II	037
@Roser_Angrill	<a href="https://twitter.com/Roser_Angrill" target="_blank">Roser_Angrill</a>	7	0	1	66	93	3817		018
@roser_colome	<a href="https://twitter.com/roser_colome" target="_blank">roser_colome</a>	2	0	1	372	384	3022	Catalunya	036
@ROSER1963	<a href="https://twitter.com/ROSER1963" target="_blank">ROSER1963</a>	3	3	1	126	303	1176		138
@roserblasco	<a href="https://twitter.com/roserblasco" target="_blank">roserblasco</a>	5	0	3	160	544	5572		015
@roserbonet	<a href="https://twitter.com/roserbonet" target="_blank">roserbonet</a>	7	0	1	540	303	81043	República de Catalunya, UE	005
@RoserCerd	<a href="https://twitter.com/RoserCerd" target="_blank">RoserCerd</a>	2	0	1	120	349	3639		064
@RoserCirera	<a href="https://twitter.com/RoserCirera" target="_blank">RoserCirera</a>	1	0	1	8	121	223		003
@roserdegirona	<a href="https://twitter.com/roserdegirona" target="_blank">roserdegirona</a>	8	0	3	168	382	11849	Girona	003
@roserlopartt	<a href="https://twitter.com/roserlopartt" target="_blank">roserlopartt</a>	3	0	2	72	203	6417	Barcelona, España	002
@roseroseh	<a href="https://twitter.com/roseroseh" target="_blank">roseroseh</a>	3	0	1	257	702	3753	barcelona	064
@roserota	<a href="https://twitter.com/roserota" target="_blank">roserota</a>	3	0	1	276	1155	4946		114
@RoserTeixido	<a href="https://twitter.com/RoserTeixido" target="_blank">RoserTeixido</a>	12	0	2	179	399	2495	paseo de gracia, barcelona	003
@rosertornes	<a href="https://twitter.com/rosertornes" target="_blank">rosertornes</a>	3	0	2	94	316	835	Girona	007
@RoserUrra	<a href="https://twitter.com/RoserUrra" target="_blank">RoserUrra</a>	2	0	1	414	257	10160	Girona	003
@RosesNegres	<a href="https://twitter.com/RosesNegres" target="_blank">RosesNegres</a>	3	0	1	131	1039	4302	Molins de Rei, Barcelona	005
@rosetjordi	<a href="https://twitter.com/rosetjordi" target="_blank">rosetjordi</a>	2	2	0	2718	2129	17372	Terrassa, Catalunya	170
@rossendcortes	<a href="https://twitter.com/rossendcortes" target="_blank">rossendcortes</a>	1	0	1	9	67	76	Barceloneta,24 Figueres 17600	003
@RossettiHoraci	<a href="https://twitter.com/RossettiHoraci" target="_blank">RossettiHoraci</a>	5	0	1	48	111	2588	Catalunya	003
@RouraMon	<a href="https://twitter.com/RouraMon" target="_blank">RouraMon</a>	5	0	1	72	195	2449	Catalunya	009
@RoxanneU2	<a href="https://twitter.com/RoxanneU2" target="_blank">RoxanneU2</a>	1	0	1	119	248	1224		007
@rpratc	<a href="https://twitter.com/rpratc" target="_blank">rpratc</a>	1	0	1	39	328	100	Palafolls	001
@rrocai	<a href="https://twitter.com/rrocai" target="_blank">rrocai</a>	25	0	2	97	136	14246	Independiente	064
@rsanturtzi	<a href="https://twitter.com/rsanturtzi" target="_blank">rsanturtzi</a>	0	1	0					290
@rsegural	<a href="https://twitter.com/rsegural" target="_blank">rsegural</a>	3	0	1	127	371	420	Almenar	003
@rsimop	<a href="https://twitter.com/rsimop" target="_blank">rsimop</a>	8	0	1	46	457	1436	Catalunya	005
@rsoler2000	<a href="https://twitter.com/rsoler2000" target="_blank">rsoler2000</a>	7	0	1	43	80	8892		048
@RSUAREZ4	<a href="https://twitter.com/RSUAREZ4" target="_blank">RSUAREZ4</a>	16	0	3	5569	4486	100575	Barcelona, Catalunya	087
@RTapiasCors	<a href="https://twitter.com/RTapiasCors" target="_blank">RTapiasCors</a>	39	0	6	997	943	110568	Reus	005
@Ru_Pla	<a href="https://twitter.com/Ru_Pla" target="_blank">Ru_Pla</a>	1	2	0	667	860	2342	Castelldefels, Catalunya	176
@Rubbenss1	<a href="https://twitter.com/Rubbenss1" target="_blank">Rubbenss1</a>	1	0	1	190	471	17578		005
@RubemPa	<a href="https://twitter.com/RubemPa" target="_blank">RubemPa</a>	1	0	1	477	682	20697	Buscando una luna	187
@ruben_4444	<a href="https://twitter.com/ruben_4444" target="_blank">ruben_4444</a>	1	0	1	38	103	164	Barcelona	105
@rubeneix1976	<a href="https://twitter.com/rubeneix1976" target="_blank">rubeneix1976</a>	4	0	1	40	122	667	Lleida	003
@RubenLMF	<a href="https://twitter.com/RubenLMF" target="_blank">RubenLMF</a>	1	0	1	97	111	976		064
@Rubenpulido97	<a href="https://twitter.com/Rubenpulido97" target="_blank">Rubenpulido97</a>	6	0	1	87	339	2725	Sant Celoni, Catalunya	008
@Rubiperindep	<a href="https://twitter.com/Rubiperindep" target="_blank">Rubiperindep</a>	18	0	1	1581	1201	17359	Rubí, Catalunya	001
@Rubs1714	<a href="https://twitter.com/Rubs1714" target="_blank">Rubs1714</a>	1	0	1	8	39	153	Badalona, Catalunya	003
@RudiAntunes	<a href="https://twitter.com/RudiAntunes" target="_blank">RudiAntunes</a>	1	0	1	321	888	1710		093
@RuizRaposo	<a href="https://twitter.com/RuizRaposo" target="_blank">RuizRaposo</a>	1	0	1	376	1186	9672	Sevilla, España	003
@RuloGP	<a href="https://twitter.com/RuloGP" target="_blank">RuloGP</a>	1	0	1	584	829	11668	Barcelona	003
@ruthbros85	<a href="https://twitter.com/ruthbros85" target="_blank">ruthbros85</a>	2	0	1	671	767	18143	Catalunya	003
@rvilaret	<a href="https://twitter.com/rvilaret" target="_blank">rvilaret</a>	3	0	2	385	848	9228	Sabadell, Catalonia	019
@s_contijoch	<a href="https://twitter.com/s_contijoch" target="_blank">s_contijoch</a>	1	0	1	4	42	91		003
@S2Marga	<a href="https://twitter.com/S2Marga" target="_blank">S2Marga</a>	1	0	1	47	70	4289		115
@sa_meda	<a href="https://twitter.com/sa_meda" target="_blank">sa_meda</a>	1	0	1	20	64	58	Calella, Barcelona	053
@saavedra_BBLL	<a href="https://twitter.com/saavedra_BBLL" target="_blank">saavedra_BBLL</a>	2	0	1	518	287	10333	galiza╰☆╮ 	003
@Saavedra05G	<a href="https://twitter.com/Saavedra05G" target="_blank">Saavedra05G</a>	1	0	1	82	89	3214	Planeta Terra	001
@SabadellMontse	<a href="https://twitter.com/SabadellMontse" target="_blank">SabadellMontse</a>	4	0	1	146	178	1877	Sabadell	066
@saboira	<a href="https://twitter.com/saboira" target="_blank">saboira</a>	1	0	1	541	1379	1777	Lleida, Catalunya	003
@sacamoko	<a href="https://twitter.com/sacamoko" target="_blank">sacamoko</a>	3	0	1	63	424	3093	Llagostera🔄Motril	003
@sack_am	<a href="https://twitter.com/sack_am" target="_blank">sack_am</a>	88	0	2	2833	3178	269823	Badalona, Catalunya	009
@sagal62	<a href="https://twitter.com/sagal62" target="_blank">sagal62</a>	20	0	1	2222	1981	137000	Importa amb quí, no on.	001
@sagasaez	<a href="https://twitter.com/sagasaez" target="_blank">sagasaez</a>	10	0	1	21	84	2777		002
@SagreraT	<a href="https://twitter.com/SagreraT" target="_blank">SagreraT</a>	9	0	1	884	1542	15648		008
@saioarodriguez	<a href="https://twitter.com/saioarodriguez" target="_blank">saioarodriguez</a>	1	0	1	255	432	1311		123
@Saki_o_neal	<a href="https://twitter.com/Saki_o_neal" target="_blank">Saki_o_neal</a>	2	0	1	16	161	482	Lleida, Catalonia	285
@SalaBonet	<a href="https://twitter.com/SalaBonet" target="_blank">SalaBonet</a>	7	0	3	27	130	1006		048
@salamo35	<a href="https://twitter.com/salamo35" target="_blank">salamo35</a>	1	0	1	5	26	34	Mallorca	094
@Salberqu	<a href="https://twitter.com/Salberqu" target="_blank">Salberqu</a>	3	0	1	92	348	1108	Sant Cugat del Vallès	286
@SalomeTaller	<a href="https://twitter.com/SalomeTaller" target="_blank">SalomeTaller</a>	9	0	1	324	727	8559		006
@salosalut	<a href="https://twitter.com/salosalut" target="_blank">salosalut</a>	1	1	0	183	334	1219	Josep Coroleu, 99.	289
@Salva_Baro	<a href="https://twitter.com/Salva_Baro" target="_blank">Salva_Baro</a>	1	0	1	1093	2258	11251	Badalona Barcelona	003
@salva1122	<a href="https://twitter.com/salva1122" target="_blank">salva1122</a>	27	0	1	52	62	2695	Barcelona, Catalunya, Europa	003
@SalvaAreva	<a href="https://twitter.com/SalvaAreva" target="_blank">SalvaAreva</a>	8	0	2	8	49	685		005
@salvabarbus	<a href="https://twitter.com/salvabarbus" target="_blank">salvabarbus</a>	7	0	1	105	138	12477	Barcelona	003
@salvad_m	<a href="https://twitter.com/salvad_m" target="_blank">salvad_m</a>	14	0	2	1907	1708	248810	Catalunya, Europa	024
@Salvado34766156	<a href="https://twitter.com/Salvado34766156" target="_blank">Salvado34766156</a>	0	1	0					006
@salvaikon	<a href="https://twitter.com/salvaikon" target="_blank">salvaikon</a>	2	0	1	22	41	345		003
@salvareus52	<a href="https://twitter.com/salvareus52" target="_blank">salvareus52</a>	4	0	1	120	468	1658		090
@SalvatXavi	<a href="https://twitter.com/SalvatXavi" target="_blank">SalvatXavi</a>	4	0	2	12	61	895		005
@Salvigrau72	<a href="https://twitter.com/Salvigrau72" target="_blank">Salvigrau72</a>	0	3	0					015
@salvijolis	<a href="https://twitter.com/salvijolis" target="_blank">salvijolis</a>	26	0	3	48	368	6145		013
@SamComarca	<a href="https://twitter.com/SamComarca" target="_blank">SamComarca</a>	3	0	1	812	2376	10562	Barcelona, Espanya	005
@SamuelLealG	<a href="https://twitter.com/SamuelLealG" target="_blank">SamuelLealG</a>	6	0	1	1452	1199	22832	Barcelona	005
@sananoulook	<a href="https://twitter.com/sananoulook" target="_blank">sananoulook</a>	3	0	1	128	580	1954		002
@SandokRN	<a href="https://twitter.com/SandokRN" target="_blank">SandokRN</a>	13	0	1	824	697	5825		010
@Sandrabrik	<a href="https://twitter.com/Sandrabrik" target="_blank">Sandrabrik</a>	2	0	1	11	201	259		003
@SandraNuri72	<a href="https://twitter.com/SandraNuri72" target="_blank">SandraNuri72</a>	1	0	1	9	67	209		003
@sandratudo	<a href="https://twitter.com/sandratudo" target="_blank">sandratudo</a>	3	0	1	127	242	539		019
@SanFranBCN	<a href="https://twitter.com/SanFranBCN" target="_blank">SanFranBCN</a>	1	0	1	32	173	1646		005
@sangculeoficial	<a href="https://twitter.com/sangculeoficial" target="_blank">sangculeoficial</a>	4	4	0	5477	241	4738	Palau Blaugrana - Corba Nord	153
@sanityfordie	<a href="https://twitter.com/sanityfordie" target="_blank">sanityfordie</a>	2	0	1	46	94	1173		112
@SanouCatasus	<a href="https://twitter.com/SanouCatasus" target="_blank">SanouCatasus</a>	4	0	1	10	99	860	Catalunya	003
@SantiagoBotonet	<a href="https://twitter.com/SantiagoBotonet" target="_blank">SantiagoBotonet</a>	11	0	3	63	273	5567		014
@SantiFaro	<a href="https://twitter.com/SantiFaro" target="_blank">SantiFaro</a>	2	0	1	4070	774	6175	Barcelona, Catalunya	005
@Santifono	<a href="https://twitter.com/Santifono" target="_blank">Santifono</a>	4	0	1	2242	1948	16403	Barcelona, Catalunya	001
@SantiFortuny	<a href="https://twitter.com/SantiFortuny" target="_blank">SantiFortuny</a>	5	2	0	814	1441	5773	Tarragona, Països Catalans	036
@SantiGoogle	<a href="https://twitter.com/SantiGoogle" target="_blank">SantiGoogle</a>	25	0	3	1108	1744	29702	Sabadell	011
@SantiValls4	<a href="https://twitter.com/SantiValls4" target="_blank">SantiValls4</a>	2	0	1	5	25	84		003
@SantPatras	<a href="https://twitter.com/SantPatras" target="_blank">SantPatras</a>	5	0	1	838	1571	6918	Esplugues de Llobregat, Cat	003
@sants_marc	<a href="https://twitter.com/sants_marc" target="_blank">sants_marc</a>	2	1	0	1376	725	32396	Sants, Països Catalans	036
@SantyKG21	<a href="https://twitter.com/SantyKG21" target="_blank">SantyKG21</a>	1	0	1	960	1927	21621	Málaga, España	253
@SAPMuntanya	<a href="https://twitter.com/SAPMuntanya" target="_blank">SAPMuntanya</a>	2	0	1	741	693	5762	Barcelona	007
@sapoconcho	<a href="https://twitter.com/sapoconcho" target="_blank">sapoconcho</a>	9	0	1	2967	2992	30893	Barcelona	002
@sapuvila	<a href="https://twitter.com/sapuvila" target="_blank">sapuvila</a>	1	0	1	56	278	853		003
@Sara67822151	<a href="https://twitter.com/Sara67822151" target="_blank">Sara67822151</a>	25	0	2	28	51	5316		003
@saracabrerac	<a href="https://twitter.com/saracabrerac" target="_blank">saracabrerac</a>	1	0	1	244	742	766	Sant Vicenç dels Horts	124
@saralidiaester	<a href="https://twitter.com/saralidiaester" target="_blank">saralidiaester</a>	16	0	2	535	819	48546		001
@SaraLozano97	<a href="https://twitter.com/SaraLozano97" target="_blank">SaraLozano97</a>	3	0	1	383	751	7954	Mataró (Barcelona, Catalunya)	105
@SaraPujolras	<a href="https://twitter.com/SaraPujolras" target="_blank">SaraPujolras</a>	1	0	1	61	128	1597		064
@sargantania	<a href="https://twitter.com/sargantania" target="_blank">sargantania</a>	13	0	3	541	710	23729	Desubicada	001
@SaSsibina	<a href="https://twitter.com/SaSsibina" target="_blank">SaSsibina</a>	2	0	1	55	196	2357	Sant Vicenç de Torelló, España	014
@satigalanavila	<a href="https://twitter.com/satigalanavila" target="_blank">satigalanavila</a>	1	0	1	190	551	62819	Ávila, Castilla y León, España	110
@sativamush	<a href="https://twitter.com/sativamush" target="_blank">sativamush</a>	14	0	1	601	1070	28425		002
@Satur11	<a href="https://twitter.com/Satur11" target="_blank">Satur11</a>	2	0	1	617	2143	17415		146
@sau_enric	<a href="https://twitter.com/sau_enric" target="_blank">sau_enric</a>	3	0	1	9	75	2563	Barcelona, Espanya	064
@saviscatalans	<a href="https://twitter.com/saviscatalans" target="_blank">saviscatalans</a>	0	2	0					005
@Sc4Fortuna	<a href="https://twitter.com/Sc4Fortuna" target="_blank">Sc4Fortuna</a>	5	0	2	2269	3612	46602	Cáceres - Spain	001
@scapadtot	<a href="https://twitter.com/scapadtot" target="_blank">scapadtot</a>	4	0	1	300	840	11396	Barcelona, Catalunya.	002
@scastrobay	<a href="https://twitter.com/scastrobay" target="_blank">scastrobay</a>	7	0	1	142	169	2957	Lleida	005
@scbcardona	<a href="https://twitter.com/scbcardona" target="_blank">scbcardona</a>	4	0	1	154	391	4859	Raleigh ,NC	001
@Schweickart	<a href="https://twitter.com/Schweickart" target="_blank">Schweickart</a>	17	0	4	205	570	3669		003
@scitarragona	<a href="https://twitter.com/scitarragona" target="_blank">scitarragona</a>	1	0	1	795	1596	1864	Tarragona	002
@scott___75	<a href="https://twitter.com/scott___75" target="_blank">scott___75</a>	2	0	1	22	93	90		240
@sdombon	<a href="https://twitter.com/sdombon" target="_blank">sdombon</a>	1	0	1	159	888	6000		007
@SE_Aimerigues	<a href="https://twitter.com/SE_Aimerigues" target="_blank">SE_Aimerigues</a>	4	1	0	87	73	321	Terrassa, Catalunya	288
@seamus_kik	<a href="https://twitter.com/seamus_kik" target="_blank">seamus_kik</a>	2	0	1	4759	3578	13223		139
@Sebas_Porsiacas	<a href="https://twitter.com/Sebas_Porsiacas" target="_blank">Sebas_Porsiacas</a>	1	0	1	1	14	74		105
@sebasmaji	<a href="https://twitter.com/sebasmaji" target="_blank">sebasmaji</a>	2	0	1	206	240	15206	Barcelona, Catalunya	018
@sebastiacros	<a href="https://twitter.com/sebastiacros" target="_blank">sebastiacros</a>	7	2	1	674	1221	10575	CATALUNYA	003
@secaisa	<a href="https://twitter.com/secaisa" target="_blank">secaisa</a>	4	0	1	241	1183	40178		008
@segigutxo	<a href="https://twitter.com/segigutxo" target="_blank">segigutxo</a>	2	0	1	444	1474	4607	Euskal Herria	117
@SegimonRovira	<a href="https://twitter.com/SegimonRovira" target="_blank">SegimonRovira</a>	4	0	1	458	907	7264	St Julià de Vilatorta, Osona	064
@seguianoll	<a href="https://twitter.com/seguianoll" target="_blank">seguianoll</a>	2	0	1	28	87	1262	Flaçà, Catalunya	003
@seibur_	<a href="https://twitter.com/seibur_" target="_blank">seibur_</a>	8	0	2	2009	1833	13285	Barcelona	001
@SeilaBallerini	<a href="https://twitter.com/SeilaBallerini" target="_blank">SeilaBallerini</a>	2	0	1	71	148	1524		038
@Seishiro	<a href="https://twitter.com/Seishiro" target="_blank">Seishiro</a>	1	0	1	1338	271	12543	CAT | IS | JP	002
@SeleccionsCAT	<a href="https://twitter.com/SeleccionsCAT" target="_blank">SeleccionsCAT</a>	4	11	0	15336	1330	10216	Països Catalans	082
@Selmins	<a href="https://twitter.com/Selmins" target="_blank">Selmins</a>	0	1	0					287
@selvata10	<a href="https://twitter.com/selvata10" target="_blank">selvata10</a>	4	0	3	423	524	27800	Catalunya	001
@SEMalaga	<a href="https://twitter.com/SEMalaga" target="_blank">SEMalaga</a>	5	0	4	1973	1739	5000	Málaga	045
@semprevilanova	<a href="https://twitter.com/semprevilanova" target="_blank">semprevilanova</a>	5	0	1	59	287	1940	República Catalana	005
@SenglarCatala	<a href="https://twitter.com/SenglarCatala" target="_blank">SenglarCatala</a>	7	0	1	1017	1516	19630	Baix Montseny, PPCC	005
@Sensicdp	<a href="https://twitter.com/Sensicdp" target="_blank">Sensicdp</a>	0	2	0					101
@senyorfort	<a href="https://twitter.com/senyorfort" target="_blank">senyorfort</a>	2	0	1	382	1098	14235		003
@sepc_badalona	<a href="https://twitter.com/sepc_badalona" target="_blank">sepc_badalona</a>	3	0	1	413	340	576	Badalona, Països Catalans	158
@SEPC_nacional	<a href="https://twitter.com/SEPC_nacional" target="_blank">SEPC_nacional</a>	6	0	1	16473	1001	14408	Països Catalans	051
@sepcUdL	<a href="https://twitter.com/sepcUdL" target="_blank">sepcUdL</a>	1	0	1	764	347	2724	Lleida - Països Catalans	112
@serav_bcn123	<a href="https://twitter.com/serav_bcn123" target="_blank">serav_bcn123</a>	18	0	2	64	105	7849		094
@Serg10Berart	<a href="https://twitter.com/Serg10Berart" target="_blank">Serg10Berart</a>	2	0	1	124	102	9610	Badalona	134
@Sergey13_	<a href="https://twitter.com/Sergey13_" target="_blank">Sergey13_</a>	1	0	1	306	300	6676	Barcelona	105
@sergeyrag	<a href="https://twitter.com/sergeyrag" target="_blank">sergeyrag</a>	4	0	1	346	957	5086	Cardedeu, Catalunya	167
@Sergi__Santos	<a href="https://twitter.com/Sergi__Santos" target="_blank">Sergi__Santos</a>	2	0	1	91	176	1533		003
@Sergi_Ceal	<a href="https://twitter.com/Sergi_Ceal" target="_blank">Sergi_Ceal</a>	1	0	1	250	698	7265	Barcelona, Catalunya	070
@Sergi_Herrada	<a href="https://twitter.com/Sergi_Herrada" target="_blank">Sergi_Herrada</a>	1	0	1	181	340	1078	Catalonia is not Spain	003
@Sergi_SMJ	<a href="https://twitter.com/Sergi_SMJ" target="_blank">Sergi_SMJ</a>	3	0	2	141	235	2801	Barcelona, Catalonia	056
@sergiborraslope	<a href="https://twitter.com/sergiborraslope" target="_blank">sergiborraslope</a>	10	0	1	221	230	18718		006
@sergicaldes	<a href="https://twitter.com/sergicaldes" target="_blank">sergicaldes</a>	2	2	0	2900	2848	17405	Catalonia	030
@SergiCastanye	<a href="https://twitter.com/SergiCastanye" target="_blank">SergiCastanye</a>	3	0	1	18887	1989	71494	Vic, República de Catalunya	007
@sergiERCcps	<a href="https://twitter.com/sergiERCcps" target="_blank">sergiERCcps</a>	0	153	0					105
@SergiFirmino	<a href="https://twitter.com/SergiFirmino" target="_blank">SergiFirmino</a>	4	0	1	461	623	4291	Catalunya	007
@sergiisolaa	<a href="https://twitter.com/sergiisolaa" target="_blank">sergiisolaa</a>	6	0	4	108	558	2836		008
@sergimarti87	<a href="https://twitter.com/sergimarti87" target="_blank">sergimarti87</a>	6	0	1	119	187	651	Sant Miquel de Fluvià	149
@sergimd1	<a href="https://twitter.com/sergimd1" target="_blank">sergimd1</a>	2	0	1	359	810	3001	Vilafant/Portbou Girona	003
@serginock	<a href="https://twitter.com/serginock" target="_blank">serginock</a>	27	0	4	174	544	6599	Barcelona, Cataluña	003
@sergioespsan	<a href="https://twitter.com/sergioespsan" target="_blank">sergioespsan</a>	1	0	1	546	612	102911	CARTAGHONOVA INVICTA EST	147
@SergioZyre	<a href="https://twitter.com/SergioZyre" target="_blank">SergioZyre</a>	2	0	1	363	670	4363		115
@SergiPascualFer	<a href="https://twitter.com/SergiPascualFer" target="_blank">SergiPascualFer</a>	8	0	2	712	1099	21331	Sant Pere de Ribes	003
@Sergipemu_88	<a href="https://twitter.com/Sergipemu_88" target="_blank">Sergipemu_88</a>	1	0	1	260	593	13619	BCN / Sabadell	003
@sergipinkman	<a href="https://twitter.com/sergipinkman" target="_blank">sergipinkman</a>	7	1	1	126	191	3544	+45° 42' 12.73", +21° 18' 7.53	002
@SergiRcde	<a href="https://twitter.com/SergiRcde" target="_blank">SergiRcde</a>	1	0	1	566	475	15707	Montblanc-Tarragona-Catalunya	003
@sergisancho	<a href="https://twitter.com/sergisancho" target="_blank">sergisancho</a>	16	0	1	662	910	20259	Barcelona	003
@SergiSarri	<a href="https://twitter.com/SergiSarri" target="_blank">SergiSarri</a>	2	0	1	1604	1386	11890	Barcelona, Catalunya	003
@sergisas3	<a href="https://twitter.com/sergisas3" target="_blank">sergisas3</a>	6	1	4	25	206	530		001
@sergiset	<a href="https://twitter.com/sergiset" target="_blank">sergiset</a>	4	0	1	208	412	10307	Figueres,Catalunya	003
@serpepiot	<a href="https://twitter.com/serpepiot" target="_blank">serpepiot</a>	17	0	1	1092	1131	10328	CataluNYa ||⭐️||	013
@serra_merce	<a href="https://twitter.com/serra_merce" target="_blank">serra_merce</a>	21	0	2	187	89	36740	Barcelona	009
@SerraEdu	<a href="https://twitter.com/SerraEdu" target="_blank">SerraEdu</a>	2	1	1	264	618	854	Mataró	208
@setsiencies	<a href="https://twitter.com/setsiencies" target="_blank">setsiencies</a>	3	0	1	165	573	2485		135
@settorello	<a href="https://twitter.com/settorello" target="_blank">settorello</a>	1	0	1	2395	816	10575	Torelló	014
@SEUCM	<a href="https://twitter.com/SEUCM" target="_blank">SEUCM</a>	5	0	3	384	316	444	Universidad Complutense UCM	045
@SEzquerra	<a href="https://twitter.com/SEzquerra" target="_blank">SEzquerra</a>	9	0	2	3199	1242	12556		004
@SGarcialo	<a href="https://twitter.com/SGarcialo" target="_blank">SGarcialo</a>	1	0	1	259	197	6195	Catalunya	005
@shantytownbcn	<a href="https://twitter.com/shantytownbcn" target="_blank">shantytownbcn</a>	7	0	1	249	543	2855	Vila de Gràcia. PPCC	005
@shendeluth	<a href="https://twitter.com/shendeluth" target="_blank">shendeluth</a>	1	0	1	409	566	15755	Barcelona	064
@sherlocka1714	<a href="https://twitter.com/sherlocka1714" target="_blank">sherlocka1714</a>	1	0	1	9	147	212		007
@SherryFlox	<a href="https://twitter.com/SherryFlox" target="_blank">SherryFlox</a>	11	0	1	841	493	46383	Catalunya - Barcelona (VNG)	105
@Shicasene	<a href="https://twitter.com/Shicasene" target="_blank">Shicasene</a>	1	0	1	16	78	157	Catalunya	105
@shinnoshanno	<a href="https://twitter.com/shinnoshanno" target="_blank">shinnoshanno</a>	4	0	1	469	1005	27881		003
@shiroikarasu63	<a href="https://twitter.com/shiroikarasu63" target="_blank">shiroikarasu63</a>	2	0	1	490	1067	918	Torelló	222
@sianskiy	<a href="https://twitter.com/sianskiy" target="_blank">sianskiy</a>	20	0	2	17	69	2272	Catalunya	005
@sidegate91	<a href="https://twitter.com/sidegate91" target="_blank">sidegate91</a>	2	0	1	214	89	35563		003
@siloimaginas	<a href="https://twitter.com/siloimaginas" target="_blank">siloimaginas</a>	10	0	1	2466	2463	20619		048
@SilviaArgudo	<a href="https://twitter.com/SilviaArgudo" target="_blank">SilviaArgudo</a>	15	0	1	170	129	1960		161
@silviadebru	<a href="https://twitter.com/silviadebru" target="_blank">silviadebru</a>	1	0	1	23	228	45		170
@SilviaPlanas3	<a href="https://twitter.com/SilviaPlanas3" target="_blank">SilviaPlanas3</a>	1	0	1	0	54	57		003
@SilviaT78	<a href="https://twitter.com/SilviaT78" target="_blank">SilviaT78</a>	7	0	1	892	2157	46493		075
@Silviavm74	<a href="https://twitter.com/Silviavm74" target="_blank">Silviavm74</a>	17	0	2	494	1211	17844		009
@Silvitot	<a href="https://twitter.com/Silvitot" target="_blank">Silvitot</a>	2	0	1	852	624	3460	Lleida-Catalunya	007
@simonbokanegra	<a href="https://twitter.com/simonbokanegra" target="_blank">simonbokanegra</a>	13	0	1	239	153	15815	In deep blue waters. Mallorca	003
@Simonetta20	<a href="https://twitter.com/Simonetta20" target="_blank">Simonetta20</a>	3	0	1	186	432	7274		122
@sinasdv	<a href="https://twitter.com/sinasdv" target="_blank">sinasdv</a>	14	0	3	42	304	2602		017
@SindicaEstudian	<a href="https://twitter.com/SindicaEstudian" target="_blank">SindicaEstudian</a>	6	34	1	21599	1386	17786	Estado español	045
@sinedianu	<a href="https://twitter.com/sinedianu" target="_blank">sinedianu</a>	1	0	1	71	307	1768		088
@sinhue1967	<a href="https://twitter.com/sinhue1967" target="_blank">sinhue1967</a>	1	0	1	85	206	4876	São Paulo	091
@SiNoEtVaBePorta	<a href="https://twitter.com/SiNoEtVaBePorta" target="_blank">SiNoEtVaBePorta</a>	11	0	2	224	251	3160	La Barceloneta, Barcelona	011
@sinzapati	<a href="https://twitter.com/sinzapati" target="_blank">sinzapati</a>	2	0	1	310	794	17109		064
@Sis0kala	<a href="https://twitter.com/Sis0kala" target="_blank">Sis0kala</a>	11	0	1	55	1203	5912		037
@sisco_garcia	<a href="https://twitter.com/sisco_garcia" target="_blank">sisco_garcia</a>	8	0	1	911	799	94825		112
@sisepuede_o_no	<a href="https://twitter.com/sisepuede_o_no" target="_blank">sisepuede_o_no</a>	3	0	1	330	521	6257	Subido en una parra	003
@Sistomatiques	<a href="https://twitter.com/Sistomatiques" target="_blank">Sistomatiques</a>	2	2	0	1650	671	24595	La Garriga, Països Catalans	186
@SitaSP	<a href="https://twitter.com/SitaSP" target="_blank">SitaSP</a>	15	0	1	2616	3472	49939		011
@SitoValca	<a href="https://twitter.com/SitoValca" target="_blank">SitoValca</a>	8	0	1	51	242	2441	Barcelona, Catalunya	105
@sixtiestwist	<a href="https://twitter.com/sixtiestwist" target="_blank">sixtiestwist</a>	0	2	0					056
@skirep	<a href="https://twitter.com/skirep" target="_blank">skirep</a>	1	0	1	984	1082	13956	Barcelona	013
@sklla1	<a href="https://twitter.com/sklla1" target="_blank">sklla1</a>	2	0	1	126	517	1480		003
@Skulld88	<a href="https://twitter.com/Skulld88" target="_blank">Skulld88</a>	6	0	1	687	393	30186	Spain	001
@SLl15371318	<a href="https://twitter.com/SLl15371318" target="_blank">SLl15371318</a>	5	0	1	32	49	2965		058
@SMaL0_Anime	<a href="https://twitter.com/SMaL0_Anime" target="_blank">SMaL0_Anime</a>	2	0	1	34	41	1304	Tarragona, España	105
@smfawea	<a href="https://twitter.com/smfawea" target="_blank">smfawea</a>	5	0	1	21	70	1229	Terrassa, República de Catalunya	002
@smilingwithlou	<a href="https://twitter.com/smilingwithlou" target="_blank">smilingwithlou</a>	1	0	1	2833	1595	38015	08.07.14 || 24.11.14	004
@SMMoreno5	<a href="https://twitter.com/SMMoreno5" target="_blank">SMMoreno5</a>	6	0	3	297	53	1200	Barcelona, Catalunya	001
@smujal	<a href="https://twitter.com/smujal" target="_blank">smujal</a>	60	0	1	4220	4994	218901	Barcelona	003
@snoopo71	<a href="https://twitter.com/snoopo71" target="_blank">snoopo71</a>	4	0	1	76	337	871	Llívia	003
@soc_cat	<a href="https://twitter.com/soc_cat" target="_blank">soc_cat</a>	1	2	0	71	111	1324		062
@Socialist_party	<a href="https://twitter.com/Socialist_party" target="_blank">Socialist_party</a>	0	2	0					052
@SocialistSouth	<a href="https://twitter.com/SocialistSouth" target="_blank">SocialistSouth</a>	3	0	2	271	419	553	South East, England	045
@socjsn	<a href="https://twitter.com/socjsn" target="_blank">socjsn</a>	6	0	1	109	286	4845	Sabadell, Espanya	009
@socladianna	<a href="https://twitter.com/socladianna" target="_blank">socladianna</a>	5	0	1	561	962	17103	A casa meva	003
@soclalight	<a href="https://twitter.com/soclalight" target="_blank">soclalight</a>	1	0	1	299	281	4652	Costa Brava, Girona, Catalunya	188
@soclaquellegeix	<a href="https://twitter.com/soclaquellegeix" target="_blank">soclaquellegeix</a>	3	0	1	1253	1259	2985		001
@sole_mariano	<a href="https://twitter.com/sole_mariano" target="_blank">sole_mariano</a>	1	0	1	25	64	1216		002
@sole_robert	<a href="https://twitter.com/sole_robert" target="_blank">sole_robert</a>	1	0	1	120	564	1172		114
@soledadfrutosmo	<a href="https://twitter.com/soledadfrutosmo" target="_blank">soledadfrutosmo</a>	1	0	1	11	99	45		270
@SolerMarcal	<a href="https://twitter.com/SolerMarcal" target="_blank">SolerMarcal</a>	1	0	1	5	180	249		003
@Soletveig	<a href="https://twitter.com/Soletveig" target="_blank">Soletveig</a>	8	0	2	113	221	5065	Catalunya	011
@SolidaritatBCN	<a href="https://twitter.com/SolidaritatBCN" target="_blank">SolidaritatBCN</a>	1	0	1	1422	3444	4710	Travessera de Dalt,118	003
@solidaritatcat	<a href="https://twitter.com/solidaritatcat" target="_blank">solidaritatcat</a>	5	0	1	35568	19235	25732	Països Catalans	005
@Solperezmadrid	<a href="https://twitter.com/Solperezmadrid" target="_blank">Solperezmadrid</a>	1	0	1	497	721	12240	Madrid	173
@somgentdpau	<a href="https://twitter.com/somgentdpau" target="_blank">somgentdpau</a>	14	0	2	207	563	7817		015
@SOMgramenet	<a href="https://twitter.com/SOMgramenet" target="_blank">SOMgramenet</a>	2	4	0	1546	934	5784	Santa Coloma de Gramenet	025
@Somiatwiter	<a href="https://twitter.com/Somiatwiter" target="_blank">Somiatwiter</a>	9	0	2	622	624	26301	Paris, France	057
@somVNG	<a href="https://twitter.com/somVNG" target="_blank">somVNG</a>	5	0	2	725	683	2038	Vilanova i la Geltrú	071
@SoniaCatalaneta	<a href="https://twitter.com/SoniaCatalaneta" target="_blank">SoniaCatalaneta</a>	3	0	1	31	79	1600	Agramunt, España	007
@soniafajula	<a href="https://twitter.com/soniafajula" target="_blank">soniafajula</a>	3	0	1	41	51	1230	Girona, Espanya	003
@SonjamurilloWei	<a href="https://twitter.com/SonjamurilloWei" target="_blank">SonjamurilloWei</a>	1	0	1	1	20	4		105
@Sooniafarran	<a href="https://twitter.com/Sooniafarran" target="_blank">Sooniafarran</a>	4	0	1	50	106	1343	Vic	007
@Sorgine47	<a href="https://twitter.com/Sorgine47" target="_blank">Sorgine47</a>	2	0	1	61	222	4760	Bilbao	003
@SoriGran	<a href="https://twitter.com/SoriGran" target="_blank">SoriGran</a>	12	0	1	124	264	13494		009
@SorollaCarlos	<a href="https://twitter.com/SorollaCarlos" target="_blank">SorollaCarlos</a>	4	0	1	17	44	1651		001
@sortuEH	<a href="https://twitter.com/sortuEH" target="_blank">sortuEH</a>	0	1	0					191
@sotivinitero	<a href="https://twitter.com/sotivinitero" target="_blank">sotivinitero</a>	15	0	2	159	421	11642	Barcelona, South Africa	001
@sotoarmengol	<a href="https://twitter.com/sotoarmengol" target="_blank">sotoarmengol</a>	95	0	1	3397	5001	83623	Comarca Garraf	033
@sotsproject	<a href="https://twitter.com/sotsproject" target="_blank">sotsproject</a>	15	0	3	606	3838	8948	Barcelona, Espanya	003
@SouthernSP	<a href="https://twitter.com/SouthernSP" target="_blank">SouthernSP</a>	3	0	1	1967	2452	13600	Southampton, England	045
@soy_bien_bien	<a href="https://twitter.com/soy_bien_bien" target="_blank">soy_bien_bien</a>	2	0	1	10	12	409	Lima, Peru	094
@SoyMaarz	<a href="https://twitter.com/SoyMaarz" target="_blank">SoyMaarz</a>	0	2	0					187
@spagarolas	<a href="https://twitter.com/spagarolas" target="_blank">spagarolas</a>	2	0	1	378	738	2531	Barcelona	002
@spidderr	<a href="https://twitter.com/spidderr" target="_blank">spidderr</a>	12	0	1	139	323	23365		008
@Spocksegarra	<a href="https://twitter.com/Spocksegarra" target="_blank">Spocksegarra</a>	12	0	1	467	1651	12082	La Segarra - Països Catalans	076
@sport	<a href="https://twitter.com/sport" target="_blank">sport</a>	0	15	0					035
@SPS_socialist	<a href="https://twitter.com/SPS_socialist" target="_blank">SPS_socialist</a>	3	0	2	1397	233	1401	Scotland	045
@Sr_Bernadi	<a href="https://twitter.com/Sr_Bernadi" target="_blank">Sr_Bernadi</a>	3	0	1	278	461	12131	Entre π y τ	109
@sra_danvers	<a href="https://twitter.com/sra_danvers" target="_blank">sra_danvers</a>	27	0	1	1739	1710	88681		294
@srcometa	<a href="https://twitter.com/srcometa" target="_blank">srcometa</a>	1	0	1	184	34	1841	Zúrich, Suiza	009
@SRemola	<a href="https://twitter.com/SRemola" target="_blank">SRemola</a>	7	0	2	862	5001	7624	Jungle🤘	001
@SrFl0ppy	<a href="https://twitter.com/SrFl0ppy" target="_blank">SrFl0ppy</a>	21	0	1	133	323	10434	Barcelona	064
@SrtaModolell	<a href="https://twitter.com/SrtaModolell" target="_blank">SrtaModolell</a>	2	0	1	1195	944	5059	Barcelona	005
@ssfreixas	<a href="https://twitter.com/ssfreixas" target="_blank">ssfreixas</a>	27	0	2	144	351	13783		081
@Ssuneb	<a href="https://twitter.com/Ssuneb" target="_blank">Ssuneb</a>	29	0	1	531	652	33849	Barcelona, Catalunya	001
@Stargalabcn	<a href="https://twitter.com/Stargalabcn" target="_blank">Stargalabcn</a>	5	0	1	206	315	16281	Catalunya	003
@stellarg65	<a href="https://twitter.com/stellarg65" target="_blank">stellarg65</a>	2	0	1	172	162	8392		006
@StopRepreCR	<a href="https://twitter.com/StopRepreCR" target="_blank">StopRepreCR</a>	3	0	2	957	1109	11333	Ciudad Real	077
@storiol	<a href="https://twitter.com/storiol" target="_blank">storiol</a>	9	0	3	366	319	58077	GRACIA	003
@storresel	<a href="https://twitter.com/storresel" target="_blank">storresel</a>	1	0	1	58	121	1001		002
@STudela	<a href="https://twitter.com/STudela" target="_blank">STudela</a>	4	0	1	626	1097	20848	Catalunya	001
@sucreblau	<a href="https://twitter.com/sucreblau" target="_blank">sucreblau</a>	7	0	1	434	670	18501	Gelida, Catalunya (Catalonia)	075
@SunyerJaume	<a href="https://twitter.com/SunyerJaume" target="_blank">SunyerJaume</a>	8	0	1	279	1024	5094		094
@sunyeta	<a href="https://twitter.com/sunyeta" target="_blank">sunyeta</a>	17	0	1	330	616	26885	Catalunya	003
@super_oxigenat	<a href="https://twitter.com/super_oxigenat" target="_blank">super_oxigenat</a>	12	0	1	92	369	4409	Ribes, el Garraf	075
@supercatalunya	<a href="https://twitter.com/supercatalunya" target="_blank">supercatalunya</a>	12	0	1	2693	1045	10720	★ VISCA CATALUNYA LLIURE ★	006
@superdracir	<a href="https://twitter.com/superdracir" target="_blank">superdracir</a>	5	0	1	150	280	8201	Sabadell	005
@superlopez45	<a href="https://twitter.com/superlopez45" target="_blank">superlopez45</a>	1	0	1	15	63	610	Sant Andreu de Llavaneres, BCN	113
@suruasinoiD	<a href="https://twitter.com/suruasinoiD" target="_blank">suruasinoiD</a>	32	0	4	24	58	1616	Terrassa and Pardines (CAT)	074
@Surutillo	<a href="https://twitter.com/Surutillo" target="_blank">Surutillo</a>	5	0	1	240	282	3006	Sabadell	148
@Sury2J	<a href="https://twitter.com/Sury2J" target="_blank">Sury2J</a>	5	0	1	94	399	18157	_Cat.	007
@SusanaCraviotto	<a href="https://twitter.com/SusanaCraviotto" target="_blank">SusanaCraviotto</a>	2	0	1	42	311	1622		007
@susanaerin	<a href="https://twitter.com/susanaerin" target="_blank">susanaerin</a>	1	0	1	8	88	411		019
@SusanaGimenezPa	<a href="https://twitter.com/SusanaGimenezPa" target="_blank">SusanaGimenezPa</a>	24	0	2	92	296	4138	Santa Eulàlia de Ronçana	009
@susanna_sl	<a href="https://twitter.com/susanna_sl" target="_blank">susanna_sl</a>	2	0	1	142	174	3191	Esparreguera, Països Catalans	002
@Susanna8138	<a href="https://twitter.com/Susanna8138" target="_blank">Susanna8138</a>	20	0	1	2590	1293	61481	Valls, Tarragona	003
@SusoPerezGarcia	<a href="https://twitter.com/SusoPerezGarcia" target="_blank">SusoPerezGarcia</a>	2	0	1	2209	730	38918	BCN	105
@swarua	<a href="https://twitter.com/swarua" target="_blank">swarua</a>	0	1	0					003
@swazulu	<a href="https://twitter.com/swazulu" target="_blank">swazulu</a>	1	0	1	733	968	24820	Soy de cualquier sitio	007
@sweet_sbbk	<a href="https://twitter.com/sweet_sbbk" target="_blank">sweet_sbbk</a>	6	0	1	125	488	4271	CATALUNYA	003
@swingTIC	<a href="https://twitter.com/swingTIC" target="_blank">swingTIC</a>	16	0	1	82	260	3457	Tarragona, Catalunya	051
@t_ransdani	<a href="https://twitter.com/t_ransdani" target="_blank">t_ransdani</a>	3	0	1	41	94	3234	Riudecols, CATALUNYA	003
@talitacala	<a href="https://twitter.com/talitacala" target="_blank">talitacala</a>	3	0	1	243	571	6452		008
@tallafocs	<a href="https://twitter.com/tallafocs" target="_blank">tallafocs</a>	4	0	1	453	1160	5141	N 41°21' 0'' / E 2°7' 0''	005
@tallarinamarina	<a href="https://twitter.com/tallarinamarina" target="_blank">tallarinamarina</a>	17	0	2	153	151	5244	Arenys de Mar, Espanya	009
@tamaragaliza	<a href="https://twitter.com/tamaragaliza" target="_blank">tamaragaliza</a>	1	0	1	106	218	596		003
@tamaraperezdiaz	<a href="https://twitter.com/tamaraperezdiaz" target="_blank">tamaraperezdiaz</a>	2	0	2	272	87	15002	Tarragona, España	105
@tania_barranco	<a href="https://twitter.com/tania_barranco" target="_blank">tania_barranco</a>	1	0	1	45	65	23		299
@Tania77795278	<a href="https://twitter.com/Tania77795278" target="_blank">Tania77795278</a>	1	0	1	1	97	30		003
@Tanllor2	<a href="https://twitter.com/Tanllor2" target="_blank">Tanllor2</a>	3	0	1	6	85	624		064
@tanrebfc	<a href="https://twitter.com/tanrebfc" target="_blank">tanrebfc</a>	5	0	1	34	103	1483		154
@TaoainzeGoierri	<a href="https://twitter.com/TaoainzeGoierri" target="_blank">TaoainzeGoierri</a>	6	0	1	187	172	814	Goierri	123
@taronjacat	<a href="https://twitter.com/taronjacat" target="_blank">taronjacat</a>	2	0	1	183	227	2443	Barcelona	003
@tarracopinio	<a href="https://twitter.com/tarracopinio" target="_blank">tarracopinio</a>	3	0	1	649	838	14062	Tarragona, Espanya	003
@TarragonaCdr	<a href="https://twitter.com/TarragonaCdr" target="_blank">TarragonaCdr</a>	10	1	5	761	298	636	Tarragona, Països Catalans	051
@Tarratwit	<a href="https://twitter.com/Tarratwit" target="_blank">Tarratwit</a>	33	0	1	27	60	5159		084
@TaulaColombia	<a href="https://twitter.com/TaulaColombia" target="_blank">TaulaColombia</a>	1	0	1	1146	588	5358	Barcelona - Catalunya	027
@TaviHarper	<a href="https://twitter.com/TaviHarper" target="_blank">TaviHarper</a>	10	0	1	117	62	10496		007
@tdsoya	<a href="https://twitter.com/tdsoya" target="_blank">tdsoya</a>	2	0	1	205	410	20319	Llagostera, Espanya	008
@TeixidoJaume	<a href="https://twitter.com/TeixidoJaume" target="_blank">TeixidoJaume</a>	14	0	2	209	281	8194	Barcelona ( Catalunya )	005
@tejotaol	<a href="https://twitter.com/tejotaol" target="_blank">tejotaol</a>	3	0	1	129	178	4484		003
@tekueldruida	<a href="https://twitter.com/tekueldruida" target="_blank">tekueldruida</a>	1	0	1	321	129	24289		105
@teleSURtv	<a href="https://twitter.com/teleSURtv" target="_blank">teleSURtv</a>	2	0	1	1481190	293	974315	Caracas	107
@tenak	<a href="https://twitter.com/tenak" target="_blank">tenak</a>	1	0	1	297	666	6849		125
@TereBiB	<a href="https://twitter.com/TereBiB" target="_blank">TereBiB</a>	2	0	1	627	719	5758	Barcelona	093
@terejs7	<a href="https://twitter.com/terejs7" target="_blank">terejs7</a>	1	0	1	17	69	341		005
@terelprieto	<a href="https://twitter.com/terelprieto" target="_blank">terelprieto</a>	11	0	1	603	486	39487		028
@TereMafalda	<a href="https://twitter.com/TereMafalda" target="_blank">TereMafalda</a>	8	0	2	467	687	18978	Sant Jordi, Catalunya	002
@tereroige	<a href="https://twitter.com/tereroige" target="_blank">tereroige</a>	5	0	1	1179	861	38339	16°29′40″S 151°44′11″O	007
@teresa_artigas	<a href="https://twitter.com/teresa_artigas" target="_blank">teresa_artigas</a>	5	0	1	48	186	1698		003
@TeresaGine	<a href="https://twitter.com/TeresaGine" target="_blank">TeresaGine</a>	2	0	1	40	55	92		005
@TeresaJorda	<a href="https://twitter.com/TeresaJorda" target="_blank">TeresaJorda</a>	4	273	0	8278	4853	6937	Ripoll	002
@teresapimpam	<a href="https://twitter.com/teresapimpam" target="_blank">teresapimpam</a>	18	0	1	185	54	34137	Maresme. Catalunya	037
@teresapratsll	<a href="https://twitter.com/teresapratsll" target="_blank">teresapratsll</a>	1	0	1	71	148	1820		003
@TereSM_	<a href="https://twitter.com/TereSM_" target="_blank">TereSM_</a>	3	0	1	1747	987	20488	Gurb (Barcelona, Catalunya)	019
@terirrubio	<a href="https://twitter.com/terirrubio" target="_blank">terirrubio</a>	1	0	1	8	62	82		005
@terrassenc	<a href="https://twitter.com/terrassenc" target="_blank">terrassenc</a>	24	0	4	415	678	19279	terrassa, catalonia	003
@terratremolo	<a href="https://twitter.com/terratremolo" target="_blank">terratremolo</a>	1	0	1	15	65	19		157
@TerritoriLliure	<a href="https://twitter.com/TerritoriLliure" target="_blank">TerritoriLliure</a>	3	0	1	492	818	915		003
@TesaCasalsBosom	<a href="https://twitter.com/TesaCasalsBosom" target="_blank">TesaCasalsBosom</a>	4	0	1	130	440	5334	Barcelona, Catalunya	064
@teterebarcelona	<a href="https://twitter.com/teterebarcelona" target="_blank">teterebarcelona</a>	2	0	1	1094	623	6495	C/ Saragossa 113, Barcelona	303
@tetimartinez5	<a href="https://twitter.com/tetimartinez5" target="_blank">tetimartinez5</a>	2	0	1	682	1399	9894	Catalunya, Salt	091
@tfigueroa	<a href="https://twitter.com/tfigueroa" target="_blank">tfigueroa</a>	1	0	1	122	165	1031		009
@Tgarcia_m	<a href="https://twitter.com/Tgarcia_m" target="_blank">Tgarcia_m</a>	16	0	1	960	1283	4322	Valls, Catalunya	002
@tgncmp	<a href="https://twitter.com/tgncmp" target="_blank">tgncmp</a>	1	0	1	136	96	4805	||☆||	051
@the_angryreaper	<a href="https://twitter.com/the_angryreaper" target="_blank">the_angryreaper</a>	6	0	1	167	483	7492		021
@Thecarrottman	<a href="https://twitter.com/Thecarrottman" target="_blank">Thecarrottman</a>	1	0	1	204	652	5637	Nou Barris City	108
@thecigronet	<a href="https://twitter.com/thecigronet" target="_blank">thecigronet</a>	2	0	1	370	681	6654	La Pobla de Lillet	011
@TheNewCTLN	<a href="https://twitter.com/TheNewCTLN" target="_blank">TheNewCTLN</a>	9	0	1	104	140	2014	República de Catalunya	007
@TheRedStrato	<a href="https://twitter.com/TheRedStrato" target="_blank">TheRedStrato</a>	3	0	2	229	1231	18283	Batman, Türkiye	005
@thinkcatalonia	<a href="https://twitter.com/thinkcatalonia" target="_blank">thinkcatalonia</a>	30	0	2	539	1290	53858	Sabadell - Països Catalans	019
@Tian_server	<a href="https://twitter.com/Tian_server" target="_blank">Tian_server</a>	1	0	1	7301	7072	43083	🕉Президент Всемирной Sniper🕉	121
@tiburonHuertas	<a href="https://twitter.com/tiburonHuertas" target="_blank">tiburonHuertas</a>	2	0	1	106	229	2768	Catalunya	019
@Timbalerdelbru2	<a href="https://twitter.com/Timbalerdelbru2" target="_blank">Timbalerdelbru2</a>	11	0	1	237	210	37607		005
@tinet52	<a href="https://twitter.com/tinet52" target="_blank">tinet52</a>	12	0	1	865	1448	34541	Barcelona, Catalunya	003
@tio_punti	<a href="https://twitter.com/tio_punti" target="_blank">tio_punti</a>	1	0	1	0	5	2		003
@tirant_el_blanc	<a href="https://twitter.com/tirant_el_blanc" target="_blank">tirant_el_blanc</a>	17	0	1	10794	10471	97696	Països Catalans	010
@tirantlonegre	<a href="https://twitter.com/tirantlonegre" target="_blank">tirantlonegre</a>	10	0	1	603	1146	18585	Catalunya	013
@titixic	<a href="https://twitter.com/titixic" target="_blank">titixic</a>	2	0	1	279	307	4088	la Conreria	037
@titonlailla	<a href="https://twitter.com/titonlailla" target="_blank">titonlailla</a>	7	0	1	3734	2136	11771	Sarrià, Barcelona, Catalunya	069
@Titosalou	<a href="https://twitter.com/Titosalou" target="_blank">Titosalou</a>	7	0	1	102	154	7519	CAT	081
@titosantako	<a href="https://twitter.com/titosantako" target="_blank">titosantako</a>	1	0	1	462	537	16776	de buen rollo Santakomola	090
@Tituleaks	<a href="https://twitter.com/Tituleaks" target="_blank">Tituleaks</a>	2	0	1	418	168	13476		091
@titusmontcada61	<a href="https://twitter.com/titusmontcada61" target="_blank">titusmontcada61</a>	3	0	1	213	477	5501	Montcada i Reixac,Catalunya	020
@tlop75	<a href="https://twitter.com/tlop75" target="_blank">tlop75</a>	1	0	1	246	640	1325	Barcelona	007
@TMagrinya	<a href="https://twitter.com/TMagrinya" target="_blank">TMagrinya</a>	6	0	1	158	314	2490	Vilallonga del Camp	003
@tohr1963	<a href="https://twitter.com/tohr1963" target="_blank">tohr1963</a>	27	0	4	816	1283	29726	Barcelona	015
@TomasPesquera	<a href="https://twitter.com/TomasPesquera" target="_blank">TomasPesquera</a>	13	0	1	211	623	22864	Barcelona, Països Catalans	107
@tomeu2	<a href="https://twitter.com/tomeu2" target="_blank">tomeu2</a>	2	1	0	255	288	1697	Barcelona, Palma de Mallorca	283
@TomeuTimor	<a href="https://twitter.com/TomeuTimor" target="_blank">TomeuTimor</a>	10	0	1	867	660	54068		001
@Tomi147	<a href="https://twitter.com/Tomi147" target="_blank">Tomi147</a>	3	1	0	365	717	5988	Garrotxa i B.Empordà	284
@TomiTomikum	<a href="https://twitter.com/TomiTomikum" target="_blank">TomiTomikum</a>	1	0	1	17	64	683	Barcelona, Catalunya	049
@tommyblancob	<a href="https://twitter.com/tommyblancob" target="_blank">tommyblancob</a>	2	0	1	294	501	15953	Barcelona, Catalunya.	002
@tomoda65	<a href="https://twitter.com/tomoda65" target="_blank">tomoda65</a>	16	0	2	196	221	4170	Isla Vista, CA	067
@TomSinde	<a href="https://twitter.com/TomSinde" target="_blank">TomSinde</a>	2	0	1	60	193	892	Girona, Catalunya	003
@tonet76	<a href="https://twitter.com/tonet76" target="_blank">tonet76</a>	1	0	1	144	427	2644	Benavent de Segrià	159
@Toni_Mosene	<a href="https://twitter.com/Toni_Mosene" target="_blank">Toni_Mosene</a>	3	0	1	139	509	5470		003
@toni16mc	<a href="https://twitter.com/toni16mc" target="_blank">toni16mc</a>	1	0	1	34	274	1263	Alt Empordà - Catalunya	003
@Toni34rn	<a href="https://twitter.com/Toni34rn" target="_blank">Toni34rn</a>	6	0	1	408	844	4321	CATALUNYA||*||	011
@toni77bcn	<a href="https://twitter.com/toni77bcn" target="_blank">toni77bcn</a>	13	0	2	253	489	13575	L'Hospitalet, Barcelona	015
@toni9buceta	<a href="https://twitter.com/toni9buceta" target="_blank">toni9buceta</a>	7	0	1	273	560	19878	Barcelona, Catalunya	084
@toniaira	<a href="https://twitter.com/toniaira" target="_blank">toniaira</a>	1	2	0	41155	2071	63250	Barcelona	103
@tonialba	<a href="https://twitter.com/tonialba" target="_blank">tonialba</a>	7	0	1	84515	1849	155582		003
@ToniAlonso3777	<a href="https://twitter.com/ToniAlonso3777" target="_blank">ToniAlonso3777</a>	8	0	1	433	756	20317	Barcelona, Cataluña	008
@toniamp1	<a href="https://twitter.com/toniamp1" target="_blank">toniamp1</a>	6	0	2	413	1075	18618	Sant Climent de Llobregat	019
@toniartero	<a href="https://twitter.com/toniartero" target="_blank">toniartero</a>	4	0	1	3586	2217	105597	Laniakea	017
@tonibonetp	<a href="https://twitter.com/tonibonetp" target="_blank">tonibonetp</a>	3	0	1	183	491	13723	Barcelona, Catalunya	094
@ToniCots	<a href="https://twitter.com/ToniCots" target="_blank">ToniCots</a>	1	0	1	154	347	3344	57 metres sobre nivell del mar	003
@ToniGCamps	<a href="https://twitter.com/ToniGCamps" target="_blank">ToniGCamps</a>	2	0	1	13	61	846	Terrassa	003
@ToniGuevara	<a href="https://twitter.com/ToniGuevara" target="_blank">ToniGuevara</a>	9	0	1	265	1200	14053	Catalunya	064
@tonillefia	<a href="https://twitter.com/tonillefia" target="_blank">tonillefia</a>	0	2	0					171
@tonimarles	<a href="https://twitter.com/tonimarles" target="_blank">tonimarles</a>	1	0	1	470	234	7484	Catalunya, Capellades	068
@ToniQuique	<a href="https://twitter.com/ToniQuique" target="_blank">ToniQuique</a>	23	0	1	2129	2009	77000	Aquí	006
@tonirh1	<a href="https://twitter.com/tonirh1" target="_blank">tonirh1</a>	2	0	1	11	116	356		064
@tonisanper	<a href="https://twitter.com/tonisanper" target="_blank">tonisanper</a>	1	0	1	76	234	1507		105
@ToniSerrano_23	<a href="https://twitter.com/ToniSerrano_23" target="_blank">ToniSerrano_23</a>	2	0	1	409	390	12109		008
@ToniTorrentt	<a href="https://twitter.com/ToniTorrentt" target="_blank">ToniTorrentt</a>	7	0	1	476	1409	9141	Barcelona	003
@ToniVerges	<a href="https://twitter.com/ToniVerges" target="_blank">ToniVerges</a>	2	0	1	198	867	2860		316
@toniwingcid	<a href="https://twitter.com/toniwingcid" target="_blank">toniwingcid</a>	1	0	1	16	123	253		003
@tonnerresdebrrr	<a href="https://twitter.com/tonnerresdebrrr" target="_blank">tonnerresdebrrr</a>	4	0	1	25	177	1478		003
@Tony_Orcha	<a href="https://twitter.com/Tony_Orcha" target="_blank">Tony_Orcha</a>	11	0	1	527	335	10352	Barcelona	003
@toquedecanela	<a href="https://twitter.com/toquedecanela" target="_blank">toquedecanela</a>	1	0	1	54	165	1128	politiki kouzina-Somniatis	176
@tore51	<a href="https://twitter.com/tore51" target="_blank">tore51</a>	19	0	1	1236	1349	139459	catalunya	009
@torrajordi	<a href="https://twitter.com/torrajordi" target="_blank">torrajordi</a>	8	0	1	701	958	20838	Catalunya	099
@torramilans8	<a href="https://twitter.com/torramilans8" target="_blank">torramilans8</a>	1	0	1	59	150	444	Barcelona / Colomers	181
@torratxa	<a href="https://twitter.com/torratxa" target="_blank">torratxa</a>	1	0	1	52	142	152	Països Catalans	003
@Torrelles_ERC	<a href="https://twitter.com/Torrelles_ERC" target="_blank">Torrelles_ERC</a>	0	3	0					194
@TORRENTJULIAAA	<a href="https://twitter.com/TORRENTJULIAAA" target="_blank">TORRENTJULIAAA</a>	4	0	1	97	203	2596	catalunya	005
@TostDe	<a href="https://twitter.com/TostDe" target="_blank">TostDe</a>	3	0	1	5966	4115	42513	República de Catalunya	001
@Tosudament	<a href="https://twitter.com/Tosudament" target="_blank">Tosudament</a>	15	0	2	1753	2274	16127	Barcelona, España	001
@TotDeSabadell	<a href="https://twitter.com/TotDeSabadell" target="_blank">TotDeSabadell</a>	2	0	2	146	121	479		003
@tote_llado	<a href="https://twitter.com/tote_llado" target="_blank">tote_llado</a>	34	0	1	53	58	4578	Barcelona	105
@totiapm	<a href="https://twitter.com/totiapm" target="_blank">totiapm</a>	36	0	7	382	241	81767	Catalonia	003
@tramunt_anna	<a href="https://twitter.com/tramunt_anna" target="_blank">tramunt_anna</a>	1	0	1	12	41	268		003
@tramuntana04	<a href="https://twitter.com/tramuntana04" target="_blank">tramuntana04</a>	3	0	1	243	1358	2933		007
@trapella	<a href="https://twitter.com/trapella" target="_blank">trapella</a>	6	0	1	93	126	3178		279
@tresaroca	<a href="https://twitter.com/tresaroca" target="_blank">tresaroca</a>	2	0	1	148	390	1429		078
@Trescci	<a href="https://twitter.com/Trescci" target="_blank">Trescci</a>	15	0	3	1042	1229	34321	Barcelona	005
@trirrem	<a href="https://twitter.com/trirrem" target="_blank">trirrem</a>	5	0	1	259	300	7521	Catalunya	323
@trodejuliol	<a href="https://twitter.com/trodejuliol" target="_blank">trodejuliol</a>	6	0	2	175	363	427	Catalunya	008
@TROLL760	<a href="https://twitter.com/TROLL760" target="_blank">TROLL760</a>	1	0	1	2512	2813	42511	en cada rincon de tu PC..	290
@tru7	<a href="https://twitter.com/tru7" target="_blank">tru7</a>	1	0	1	73	196	685		105
@trubint	<a href="https://twitter.com/trubint" target="_blank">trubint</a>	1	0	1	26	127	1918	Piera, Barcelona, Catalunya	003
@trynyty009	<a href="https://twitter.com/trynyty009" target="_blank">trynyty009</a>	2	0	1	672	1053	2904	Catalonia	006
@tsanchezol	<a href="https://twitter.com/tsanchezol" target="_blank">tsanchezol</a>	2	0	1	37	86	660		003
@TSivatte	<a href="https://twitter.com/TSivatte" target="_blank">TSivatte</a>	12	0	2	619	1076	25522	Barcelona, Catalunya	008
@tskd13	<a href="https://twitter.com/tskd13" target="_blank">tskd13</a>	2	0	1	8	70	225		005
@tupitupitupi2	<a href="https://twitter.com/tupitupitupi2" target="_blank">tupitupitupi2</a>	35	0	3	2058	1144	50550		091
@TuraTF	<a href="https://twitter.com/TuraTF" target="_blank">TuraTF</a>	34	0	3	992	1112	94026		003
@TurneMartiOct	<a href="https://twitter.com/TurneMartiOct" target="_blank">TurneMartiOct</a>	9	0	1	445	796	8135		008
@Tvallj	<a href="https://twitter.com/Tvallj" target="_blank">Tvallj</a>	12	0	3	395	1162	13662	Vic	001
@TVilaregut	<a href="https://twitter.com/TVilaregut" target="_blank">TVilaregut</a>	1	0	1	25	70	258		005
@twimabel	<a href="https://twitter.com/twimabel" target="_blank">twimabel</a>	19	0	3	108	235	7972		014
@twitsmaggie	<a href="https://twitter.com/twitsmaggie" target="_blank">twitsmaggie</a>	1	0	1	99	291	1810	Un lugar llamado mundo	105
@txaliocat	<a href="https://twitter.com/txaliocat" target="_blank">txaliocat</a>	10	0	1	4486	4486	21154	Caldes de Montbui, Catalunya	001
@TXANTS	<a href="https://twitter.com/TXANTS" target="_blank">TXANTS</a>	2	0	1	141	308	1294		111
@Txantxangorri	<a href="https://twitter.com/Txantxangorri" target="_blank">Txantxangorri</a>	3	0	1	712	571	33283	Vitoria-Gasteiz, Spain	045
@txantxi	<a href="https://twitter.com/txantxi" target="_blank">txantxi</a>	13	0	2	167	856	9357	Catalonia	061
@txell1976	<a href="https://twitter.com/txell1976" target="_blank">txell1976</a>	9	0	1	628	1417	7469	Barcelona	022
@txellinscat	<a href="https://twitter.com/txellinscat" target="_blank">txellinscat</a>	2	0	1	432	334	3266		007
@TxemaFernan1970	<a href="https://twitter.com/TxemaFernan1970" target="_blank">TxemaFernan1970</a>	2	0	1	732	1167	8304	Parla (Madrid)	045
@txemita1968	<a href="https://twitter.com/txemita1968" target="_blank">txemita1968</a>	2	0	1	1315	1605	4045	Catalunya	064
@txerren	<a href="https://twitter.com/txerren" target="_blank">txerren</a>	6	0	1	2616	3175	49113	Orciny	155
@txescu	<a href="https://twitter.com/txescu" target="_blank">txescu</a>	5	0	1	2584	3273	37434	Barcelona, Catalonia	161
@Txetake	<a href="https://twitter.com/Txetake" target="_blank">Txetake</a>	2	0	1	690	1027	9041		078
@txinton	<a href="https://twitter.com/txinton" target="_blank">txinton</a>	2	0	1	1083	1198	10516	Egia Herria	072
@TxoriaAmanik	<a href="https://twitter.com/TxoriaAmanik" target="_blank">TxoriaAmanik</a>	1	0	1	140	390	3586		092
@txus_txus	<a href="https://twitter.com/txus_txus" target="_blank">txus_txus</a>	1	0	1	368	401	27835	barcelona	002
@u34	<a href="https://twitter.com/u34" target="_blank">u34</a>	3	0	1	894	811	44250		198
@ubagoparados	<a href="https://twitter.com/ubagoparados" target="_blank">ubagoparados</a>	7	0	1	84	893	3200	L'Esquirol	001
@ubarrutia	<a href="https://twitter.com/ubarrutia" target="_blank">ubarrutia</a>	10	0	1	218	282	16259	Andoain	003
@UbicanDo_e	<a href="https://twitter.com/UbicanDo_e" target="_blank">UbicanDo_e</a>	11	0	1	125	453	9627		019
@UGambini	<a href="https://twitter.com/UGambini" target="_blank">UGambini</a>	1	0	1	1781	1145	9571	Brussels and Sappada	003
@ugaoaskatu	<a href="https://twitter.com/ugaoaskatu" target="_blank">ugaoaskatu</a>	2	0	1	1124	1410	6754	Ugao, Euskal Herria	003
@Uilifoc2014	<a href="https://twitter.com/Uilifoc2014" target="_blank">Uilifoc2014</a>	6	0	2	907	1004	40162	Catalunya	091
@ullsverds85	<a href="https://twitter.com/ullsverds85" target="_blank">ullsverds85</a>	1	1	0	739	886	1655	Catalunya	282
@ultrasonica	<a href="https://twitter.com/ultrasonica" target="_blank">ultrasonica</a>	1	1	0	6184	4219	20301	Barcelona i Girona	003
@Un_inciso	<a href="https://twitter.com/Un_inciso" target="_blank">Un_inciso</a>	1	0	1	9	64	893		105
@unanuejosu	<a href="https://twitter.com/unanuejosu" target="_blank">unanuejosu</a>	14	0	1	1158	871	42797		190
@unelement	<a href="https://twitter.com/unelement" target="_blank">unelement</a>	5	1	1	149	443	1244	Can Llong	001
@unisxrepublica	<a href="https://twitter.com/unisxrepublica" target="_blank">unisxrepublica</a>	4	0	1	9882	506	1558	Catalunya	012
@UniversoSinsom	<a href="https://twitter.com/UniversoSinsom" target="_blank">UniversoSinsom</a>	1	0	1	369	867	412	Ussr	003
@unmespelsi	<a href="https://twitter.com/unmespelsi" target="_blank">unmespelsi</a>	4	0	1	5	24	120		003
@UriSolerLl	<a href="https://twitter.com/UriSolerLl" target="_blank">UriSolerLl</a>	4	0	1	330	782	583		005
@uruk1973	<a href="https://twitter.com/uruk1973" target="_blank">uruk1973</a>	5	0	1	281	965	6837	capellades	034
@UruKurtz	<a href="https://twitter.com/UruKurtz" target="_blank">UruKurtz</a>	7	0	1	1942	812	39038	Kantauritik Mediterraneora	108
@URV_SEPC	<a href="https://twitter.com/URV_SEPC" target="_blank">URV_SEPC</a>	18	0	1	266	130	1129	Tarragona PPCC	051
@UstrellRoig	<a href="https://twitter.com/UstrellRoig" target="_blank">UstrellRoig</a>	6	0	1	43	147	2734		093
@Uzulo	<a href="https://twitter.com/Uzulo" target="_blank">Uzulo</a>	2	0	1	322	540	1544	Katalunio/Catalunya	003
@vacmentiras	<a href="https://twitter.com/vacmentiras" target="_blank">vacmentiras</a>	15	0	1	5081	4878	37230		008
@vadorcl	<a href="https://twitter.com/vadorcl" target="_blank">vadorcl</a>	3	0	1	86	215	2932	Catalunya	008
@Valar_Aman	<a href="https://twitter.com/Valar_Aman" target="_blank">Valar_Aman</a>	3	0	1	276	365	8499	Liverpool, England	006
@valenciaerik1	<a href="https://twitter.com/valenciaerik1" target="_blank">valenciaerik1</a>	1	0	1	601	1955	2235	Granollers	007
@ValentinaLeni	<a href="https://twitter.com/ValentinaLeni" target="_blank">ValentinaLeni</a>	6	0	1	1231	1289	27355		094
@ValentiRossell	<a href="https://twitter.com/ValentiRossell" target="_blank">ValentiRossell</a>	0	3	0					048
@valeriagaillard	<a href="https://twitter.com/valeriagaillard" target="_blank">valeriagaillard</a>	6	2	0	365	258	911	la Dreta de l'Eixample, Barcelona	057
@ValgusHallux	<a href="https://twitter.com/ValgusHallux" target="_blank">ValgusHallux</a>	2	0	1	107	525	5549		003
@vallmy	<a href="https://twitter.com/vallmy" target="_blank">vallmy</a>	34	0	1	780	298	26565	CATALUNYA	017
@VallsAngela	<a href="https://twitter.com/VallsAngela" target="_blank">VallsAngela</a>	5	0	1	351	324	17380	Vilafranca del Penedès	225
@Van_der_Pla	<a href="https://twitter.com/Van_der_Pla" target="_blank">Van_der_Pla</a>	0	1	0					029
@Vance_Dyer	<a href="https://twitter.com/Vance_Dyer" target="_blank">Vance_Dyer</a>	1	0	1	151	100	16058	Tarragona, España	105
@vancstcugat	<a href="https://twitter.com/vancstcugat" target="_blank">vancstcugat</a>	0	1	0					281
@vanflowne	<a href="https://twitter.com/vanflowne" target="_blank">vanflowne</a>	25	0	1	55	86	5997	Catalunya, Catalunya	013
@vconill	<a href="https://twitter.com/vconill" target="_blank">vconill</a>	3	0	1	307	1025	2941	ÜT: 41.596274,2.331695	003
@VConsC	<a href="https://twitter.com/VConsC" target="_blank">VConsC</a>	2	0	1	98	286	2357		024
@vdelaserna	<a href="https://twitter.com/vdelaserna" target="_blank">vdelaserna</a>	1	0	1	16861	702	148480	El Mundo, Madrid.	147
@vega_vila	<a href="https://twitter.com/vega_vila" target="_blank">vega_vila</a>	4	0	2	16	143	804	Barcelona, Catalunya	065
@vegetamada	<a href="https://twitter.com/vegetamada" target="_blank">vegetamada</a>	2	0	1	57	22	2306		135
@Velasco_04	<a href="https://twitter.com/Velasco_04" target="_blank">Velasco_04</a>	1	0	1	161	329	3070	Roquetas de mar	003
@Veliscv	<a href="https://twitter.com/Veliscv" target="_blank">Veliscv</a>	2	0	1	3575	3476	130434		121
@VeraYang1980	<a href="https://twitter.com/VeraYang1980" target="_blank">VeraYang1980</a>	1	4	0	15	108	63	Barcelona, Catalunya	001
@VerdesXelCambio	<a href="https://twitter.com/VerdesXelCambio" target="_blank">VerdesXelCambio</a>	11	0	1	612	534	24376	Repúblicas Populares	005
@VeroAuladell	<a href="https://twitter.com/VeroAuladell" target="_blank">VeroAuladell</a>	10	0	1	34	69	1907	Catalunya	007
@vervebcn	<a href="https://twitter.com/vervebcn" target="_blank">vervebcn</a>	1	0	1	9	25	97		018
@VHongria	<a href="https://twitter.com/VHongria" target="_blank">VHongria</a>	6	0	3	644	1366	9081	Regne de Catalunya	007
@Vicenc15	<a href="https://twitter.com/Vicenc15" target="_blank">Vicenc15</a>	3	0	1	51	235	1379		001
@vicenslozano	<a href="https://twitter.com/vicenslozano" target="_blank">vicenslozano</a>	7	0	1	4861	1930	21989	Barcelona	064
@vicenssala	<a href="https://twitter.com/vicenssala" target="_blank">vicenssala</a>	6	0	1	5342	5207	51201	catalonia	003
@vicenta1962	<a href="https://twitter.com/vicenta1962" target="_blank">vicenta1962</a>	8	0	1	78	210	8895		008
@vicentduart	<a href="https://twitter.com/vicentduart" target="_blank">vicentduart</a>	4	0	1	137	190	3899	Benifaió	005
@VicentShepherd	<a href="https://twitter.com/VicentShepherd" target="_blank">VicentShepherd</a>	12	0	2	140	689	10506		037
@vicgand	<a href="https://twitter.com/vicgand" target="_blank">vicgand</a>	1	0	1	60	72	62	Gandesa	019
@VicGzOu	<a href="https://twitter.com/VicGzOu" target="_blank">VicGzOu</a>	7	0	1	88	322	7397		019
@Vichuente	<a href="https://twitter.com/Vichuente" target="_blank">Vichuente</a>	1	0	1	3	28	35	Igualada	003
@Vicky_Taibo	<a href="https://twitter.com/Vicky_Taibo" target="_blank">Vicky_Taibo</a>	1	0	1	1942	593	15860	España.	006
@VicRF72	<a href="https://twitter.com/VicRF72" target="_blank">VicRF72</a>	4	0	2	477	2496	4759	Barcelona, Catalunya, Europe	013
@vicrorMC	<a href="https://twitter.com/vicrorMC" target="_blank">vicrorMC</a>	4	0	1	12	110	417		003
@Victor_Almirall	<a href="https://twitter.com/Victor_Almirall" target="_blank">Victor_Almirall</a>	1	0	1	119	483	2007	Barcelona, Spain	003
@VictorAG80	<a href="https://twitter.com/VictorAG80" target="_blank">VictorAG80</a>	8	0	1	131	461	3340	Barcelona, Rehiyon ng Bikol	007
@victorfalguera	<a href="https://twitter.com/victorfalguera" target="_blank">victorfalguera</a>	4	0	1	2132	1716	6256	Albatàrrec	064
@Victorgrtm	<a href="https://twitter.com/Victorgrtm" target="_blank">Victorgrtm</a>	5	0	1	9	72	217		320
@victori70006640	<a href="https://twitter.com/victori70006640" target="_blank">victori70006640</a>	3	0	1	2	34	605		027
@victormiro1980	<a href="https://twitter.com/victormiro1980" target="_blank">victormiro1980</a>	0	1	0					280
@victorviatger67	<a href="https://twitter.com/victorviatger67" target="_blank">victorviatger67</a>	2	0	1	1433	2298	53429	Vallès Oriental .CATALUNYA	003
@vidalmerino_	<a href="https://twitter.com/vidalmerino_" target="_blank">vidalmerino_</a>	5	0	1	95	320	5388	Granollers, Cataluña	003
@VidalMoll	<a href="https://twitter.com/VidalMoll" target="_blank">VidalMoll</a>	17	0	1	854	1088	53280		006
@vidmz	<a href="https://twitter.com/vidmz" target="_blank">vidmz</a>	1	0	1	290	1922	3792	Barcelona	105
@vigonbel65	<a href="https://twitter.com/vigonbel65" target="_blank">vigonbel65</a>	9	0	1	638	1544	24151	Terres de l'Ebre -  Catalunya	051
@vikkills	<a href="https://twitter.com/vikkills" target="_blank">vikkills</a>	4	0	1	257	559	18523		009
@VilamajoCarles	<a href="https://twitter.com/VilamajoCarles" target="_blank">VilamajoCarles</a>	1	0	1	2	18	212		003
@vilaprision	<a href="https://twitter.com/vilaprision" target="_blank">vilaprision</a>	2	0	1	114	216	2470	Viladecans city	003
@vilar_antoni	<a href="https://twitter.com/vilar_antoni" target="_blank">vilar_antoni</a>	61	0	3	664	1517	80775		036
@VilasecaMe	<a href="https://twitter.com/VilasecaMe" target="_blank">VilasecaMe</a>	1	0	1	6	87	195		003
@VilchesFrancesc	<a href="https://twitter.com/VilchesFrancesc" target="_blank">VilchesFrancesc</a>	1	0	1	66	108	338		003
@vilijan	<a href="https://twitter.com/vilijan" target="_blank">vilijan</a>	7	0	1	1078	2195	15022	St Quirze d Besora Catalunya	087
@villacrosa	<a href="https://twitter.com/villacrosa" target="_blank">villacrosa</a>	1	0	1	24	30	520	Catalonia, not Spain	002
@villafranca1952	<a href="https://twitter.com/villafranca1952" target="_blank">villafranca1952</a>	4	0	2	11	106	844	la Sagrada Familla, Barcelona	001
@villimunoz	<a href="https://twitter.com/villimunoz" target="_blank">villimunoz</a>	6	0	1	6	26	1386		003
@vinolasbcn	<a href="https://twitter.com/vinolasbcn" target="_blank">vinolasbcn</a>	14	0	2	326	647	26635	World	063
@violeta_harper	<a href="https://twitter.com/violeta_harper" target="_blank">violeta_harper</a>	1	0	1	1087	1066	62641		163
@Virgili7	<a href="https://twitter.com/Virgili7" target="_blank">Virgili7</a>	22	0	3	1609	2352	62346	Riudoms	036
@VirginiaLagunas	<a href="https://twitter.com/VirginiaLagunas" target="_blank">VirginiaLagunas</a>	2	0	1	41	84	788		105
@VirgniaMartnez2	<a href="https://twitter.com/VirgniaMartnez2" target="_blank">VirgniaMartnez2</a>	2	0	1	60	134	466	Salou, Catalunya	128
@viscat2	<a href="https://twitter.com/viscat2" target="_blank">viscat2</a>	5	0	1	1119	257	4632		295
@Vivancos_Sarda	<a href="https://twitter.com/Vivancos_Sarda" target="_blank">Vivancos_Sarda</a>	3	0	1	59	251	2352		084
@vmestres	<a href="https://twitter.com/vmestres" target="_blank">vmestres</a>	11	0	3	144	331	7339	Barcelona (Catalunya)	009
@VodkaIsntEnough	<a href="https://twitter.com/VodkaIsntEnough" target="_blank">VodkaIsntEnough</a>	2	0	1	99	177	1434	Barcelona	105
@volemmambodui	<a href="https://twitter.com/volemmambodui" target="_blank">volemmambodui</a>	11	0	1	215	566	3277	Barcelona, Catalonia	065
@voltesivoltes	<a href="https://twitter.com/voltesivoltes" target="_blank">voltesivoltes</a>	19	0	2	688	2378	8836	Països Catalans	003
@Vonthoma1	<a href="https://twitter.com/Vonthoma1" target="_blank">Vonthoma1</a>	5	0	1	9	78	2380		005
@Votar32456286	<a href="https://twitter.com/Votar32456286" target="_blank">Votar32456286</a>	12	0	2	23	36	4342		001
@voyager66doro	<a href="https://twitter.com/voyager66doro" target="_blank">voyager66doro</a>	2	0	1	98	340	3343	Barcelona (Catalonia)	096
@VSCvicsix	<a href="https://twitter.com/VSCvicsix" target="_blank">VSCvicsix</a>	6	0	1	117	235	539		001
@vspascual	<a href="https://twitter.com/vspascual" target="_blank">vspascual</a>	4	0	1	811	1707	18151	La Garriga, Catalonia	186
@waiser28	<a href="https://twitter.com/waiser28" target="_blank">waiser28</a>	1	0	1	6	54	55	Cerdanya, República Catalana	064
@waka1z	<a href="https://twitter.com/waka1z" target="_blank">waka1z</a>	1	0	1	1	16	89		003
@walescabrera2	<a href="https://twitter.com/walescabrera2" target="_blank">walescabrera2</a>	9	0	1	45	74	3600		006
@WarriorPinzas	<a href="https://twitter.com/WarriorPinzas" target="_blank">WarriorPinzas</a>	25	0	3	661	2602	36958		012
@weiss_vg	<a href="https://twitter.com/weiss_vg" target="_blank">weiss_vg</a>	1	0	1	486	748	2968	BARCELONA	006
@Well086	<a href="https://twitter.com/Well086" target="_blank">Well086</a>	20	0	1	32597	2979	43329	Catalunya	130
@White_BRD	<a href="https://twitter.com/White_BRD" target="_blank">White_BRD</a>	1	0	1	4	21	232		037
@WinOlivAres	<a href="https://twitter.com/WinOlivAres" target="_blank">WinOlivAres</a>	2	0	2	1	5	19	Viña del Mar, Chile	001
@Winona1610	<a href="https://twitter.com/Winona1610" target="_blank">Winona1610</a>	12	0	3	239	706	12603	Barcelona	083
@Wirataka16	<a href="https://twitter.com/Wirataka16" target="_blank">Wirataka16</a>	2	0	1	1122	564	25294	Noruega	107
@Wittgenstein_jm	<a href="https://twitter.com/Wittgenstein_jm" target="_blank">Wittgenstein_jm</a>	123	0	6	2488	1303	526014	Barcelona - Ulldecona - CAT	003
@WompX_69	<a href="https://twitter.com/WompX_69" target="_blank">WompX_69</a>	1	1	0	210	746	3578	Ripoll	002
@wonderanimals	<a href="https://twitter.com/wonderanimals" target="_blank">wonderanimals</a>	2	0	1	703	529	51876	en el alma de la Tierra	007
@WorldTravellerr	<a href="https://twitter.com/WorldTravellerr" target="_blank">WorldTravellerr</a>	3	0	1	5	95	1017	Barcelona, Espanya	064
@wylli7	<a href="https://twitter.com/wylli7" target="_blank">wylli7</a>	5	0	1	2159	361	48193		006
@x_xeixa	<a href="https://twitter.com/x_xeixa" target="_blank">x_xeixa</a>	5	0	2	80	227	6558		006
@XaioTro	<a href="https://twitter.com/XaioTro" target="_blank">XaioTro</a>	7	1	4	2923	2741	29786	Voluntaria x la llengua	022
@xamman	<a href="https://twitter.com/xamman" target="_blank">xamman</a>	1	0	1	35	156	612		003
@xanari_bcn	<a href="https://twitter.com/xanari_bcn" target="_blank">xanari_bcn</a>	2	0	1	29	233	343		003
@XandriCalsapeu	<a href="https://twitter.com/XandriCalsapeu" target="_blank">XandriCalsapeu</a>	2	4	0	1196	913	5258	Mataró	193
@Xanitutinax	<a href="https://twitter.com/Xanitutinax" target="_blank">Xanitutinax</a>	8	0	1	40	99	4979	Catalunya, Espanya	001
@Xanxi69Juan	<a href="https://twitter.com/Xanxi69Juan" target="_blank">Xanxi69Juan</a>	1	0	1	43	198	637		003
@xarrupet	<a href="https://twitter.com/xarrupet" target="_blank">xarrupet</a>	1	0	1	599	745	9330	Girona	003
@xatin16	<a href="https://twitter.com/xatin16" target="_blank">xatin16</a>	4	0	1	566	182	23931	Catalunya	128
@xavadegirona	<a href="https://twitter.com/xavadegirona" target="_blank">xavadegirona</a>	2	0	1	19	98	769		002
@xavalcat	<a href="https://twitter.com/xavalcat" target="_blank">xavalcat</a>	1	0	1	2	140	202		105
@xavartal	<a href="https://twitter.com/xavartal" target="_blank">xavartal</a>	1	9	0	1107	1038	8881	Noubarris, Catalunya	078
@xavi_sunyer	<a href="https://twitter.com/xavi_sunyer" target="_blank">xavi_sunyer</a>	4	0	1	330	322	1274		150
@Xavi44896342	<a href="https://twitter.com/Xavi44896342" target="_blank">Xavi44896342</a>	42	0	1	1288	1309	61919		001
@XaviAngelergues	<a href="https://twitter.com/XaviAngelergues" target="_blank">XaviAngelergues</a>	10	0	4	2265	1913	83518	Reus	037
@XaviArum	<a href="https://twitter.com/XaviArum" target="_blank">XaviArum</a>	3	0	1	78	51	2437		003
@xaviburgas	<a href="https://twitter.com/xaviburgas" target="_blank">xaviburgas</a>	1	0	1	90	273	107		141
@xavichica	<a href="https://twitter.com/xavichica" target="_blank">xavichica</a>	1	12	0	4163	2397	13527	Santa Coloma de Gramenet, Espanya	110
@xavicht	<a href="https://twitter.com/xavicht" target="_blank">xavicht</a>	6	0	2	218	157	9766	Catalonia	017
@XavicIIII	<a href="https://twitter.com/XavicIIII" target="_blank">XavicIIII</a>	8	0	1	265	515	13258	Catalunya	001
@XaviConejos	<a href="https://twitter.com/XaviConejos" target="_blank">XaviConejos</a>	4	0	1	17	148	1830		003
@xavidurall	<a href="https://twitter.com/xavidurall" target="_blank">xavidurall</a>	2	0	1	182	543	2951	donec perficiam	001
@Xavier_Agusti	<a href="https://twitter.com/Xavier_Agusti" target="_blank">Xavier_Agusti</a>	1	0	1	9	111	316		085
@xavier_serret	<a href="https://twitter.com/xavier_serret" target="_blank">xavier_serret</a>	3	0	1	395	1380	1921	Vilanova de la Sal-Balaguer	005
@xavier_torrens	<a href="https://twitter.com/xavier_torrens" target="_blank">xavier_torrens</a>	11	3	0	27323	29992	25273		023
@Xavier179179	<a href="https://twitter.com/Xavier179179" target="_blank">Xavier179179</a>	3	1	1	8	0	1066	Banyoles, Espanya	064
@XavierBadiaCat	<a href="https://twitter.com/XavierBadiaCat" target="_blank">XavierBadiaCat</a>	12	0	1	1171	1344	2330		195
@Xavierbjc	<a href="https://twitter.com/Xavierbjc" target="_blank">Xavierbjc</a>	4	0	1	1098	1599	23693	Catalunya futur Estat	003
@xavierborras_	<a href="https://twitter.com/xavierborras_" target="_blank">xavierborras_</a>	3	0	1	2031	1776	37827	La Vall d'en Bas, Catalunya	003
@xaviercapicua	<a href="https://twitter.com/xaviercapicua" target="_blank">xaviercapicua</a>	13	0	2	468	399	3412		083
@xaviercatal	<a href="https://twitter.com/xaviercatal" target="_blank">xaviercatal</a>	9	0	2	2220	2227	137719	Parets Republica Catalana UE	006
@XavierClmr	<a href="https://twitter.com/XavierClmr" target="_blank">XavierClmr</a>	3	0	1	1298	1407	12022	Barcelona, Catalunya.	003
@XavierCPA	<a href="https://twitter.com/XavierCPA" target="_blank">XavierCPA</a>	2	0	1	104	306	1432	Catalunya	003
@xavierdomingo71	<a href="https://twitter.com/xavierdomingo71" target="_blank">xavierdomingo71</a>	1	0	1	42	191	82		003
@XavierEscofet	<a href="https://twitter.com/XavierEscofet" target="_blank">XavierEscofet</a>	13	0	2	1020	486	17026	Vilanova i la Geltrú	007
@xavierferrer73	<a href="https://twitter.com/xavierferrer73" target="_blank">xavierferrer73</a>	2	0	1	119	253	432		105
@xavieritja	<a href="https://twitter.com/xavieritja" target="_blank">xavieritja</a>	1	0	1	2009	1786	4759	Lérida, España	002
@XavierRibalta1	<a href="https://twitter.com/XavierRibalta1" target="_blank">XavierRibalta1</a>	2	0	2	499	924	9897	Igualada	022
@xaviervallverdu	<a href="https://twitter.com/xaviervallverdu" target="_blank">xaviervallverdu</a>	9	0	2	52	198	2246	la Selva del Camp, Catalunya	003
@XaviFranquet	<a href="https://twitter.com/XaviFranquet" target="_blank">XaviFranquet</a>	1	0	1	10	39	119		146
@XaviGuillorme	<a href="https://twitter.com/XaviGuillorme" target="_blank">XaviGuillorme</a>	1	0	1	241	505	1857	barcelona	003
@xavihosta	<a href="https://twitter.com/xavihosta" target="_blank">xavihosta</a>	16	0	1	438	858	9051	Farró, Barcelona, Catalunya	217
@xavilunya	<a href="https://twitter.com/xavilunya" target="_blank">xavilunya</a>	3	0	1	267	1136	4097	Catalunya	003
@XavimanLopez	<a href="https://twitter.com/XavimanLopez" target="_blank">XavimanLopez</a>	1	0	1	63	305	3432	Barcelona	005
@XaviManzanares	<a href="https://twitter.com/XaviManzanares" target="_blank">XaviManzanares</a>	1	0	1	27	127	289	Barcelona	005
@xavimassachs	<a href="https://twitter.com/xavimassachs" target="_blank">xavimassachs</a>	1	0	1	200	180	961	Paisos catalans	003
@XaviN18	<a href="https://twitter.com/XaviN18" target="_blank">XaviN18</a>	1	0	1	1	0	2		003
@xaviolivella	<a href="https://twitter.com/xaviolivella" target="_blank">xaviolivella</a>	4	0	1	1347	1227	12598	SANT CUGAT	064
@XaviParellada	<a href="https://twitter.com/XaviParellada" target="_blank">XaviParellada</a>	4	0	1	193	626	4661	Vilanova i la Geltrú, Catalunya	005
@Xavipenya9	<a href="https://twitter.com/Xavipenya9" target="_blank">Xavipenya9</a>	16	0	1	500	1866	12474	Pont-du-Château, France	005
@xavipinsach	<a href="https://twitter.com/xavipinsach" target="_blank">xavipinsach</a>	1	1	0	401	356	981		026
@XaviPortales	<a href="https://twitter.com/XaviPortales" target="_blank">XaviPortales</a>	27	0	1	1808	1131	92047	Benicàssim	007
@xaviprint	<a href="https://twitter.com/xaviprint" target="_blank">xaviprint</a>	5	0	1	2839	1713	53193	Aldeà i catalufo	064
@xavirg1974	<a href="https://twitter.com/xavirg1974" target="_blank">xavirg1974</a>	4	0	1	282	894	9076	Vilassar de Mar, Catalunya	003
@xavisanzribera	<a href="https://twitter.com/xavisanzribera" target="_blank">xavisanzribera</a>	2	0	1	984	1844	14025	Barcelona, Països Catalans	114
@xavisentinella	<a href="https://twitter.com/xavisentinella" target="_blank">xavisentinella</a>	28	0	2	39	346	6567	Catalunya	014
@xbabyhoney	<a href="https://twitter.com/xbabyhoney" target="_blank">xbabyhoney</a>	2	0	2	212	729	8706	ariana ♡ justin	050
@xbarbaster	<a href="https://twitter.com/xbarbaster" target="_blank">xbarbaster</a>	5	0	1	216	780	1134	Barcelona	083
@xbataller	<a href="https://twitter.com/xbataller" target="_blank">xbataller</a>	1	0	1	48	135	34	Blanes, Espanya	003
@xbdn1971	<a href="https://twitter.com/xbdn1971" target="_blank">xbdn1971</a>	4	0	1	679	757	21146	República catalana	007
@xduran_e	<a href="https://twitter.com/xduran_e" target="_blank">xduran_e</a>	7	0	1	1289	930	16129	Catalunya	136
@xecspir	<a href="https://twitter.com/xecspir" target="_blank">xecspir</a>	4	1	0	449	728	6472		278
@xellulles	<a href="https://twitter.com/xellulles" target="_blank">xellulles</a>	10	0	1	80	280	14203	Barcelona II*II	008
@XeniaBusse	<a href="https://twitter.com/XeniaBusse" target="_blank">XeniaBusse</a>	22	0	2	1334	2730	62151		064
@xeniailaia	<a href="https://twitter.com/xeniailaia" target="_blank">xeniailaia</a>	4	0	1	227	318	6700	Catalunya	006
@XeniaPardo	<a href="https://twitter.com/XeniaPardo" target="_blank">XeniaPardo</a>	13	0	4	4569	4844	6744	República de Catalunya, UE.	009
@xet1905	<a href="https://twitter.com/xet1905" target="_blank">xet1905</a>	1	0	1	84	198	2795		007
@xevibcn	<a href="https://twitter.com/xevibcn" target="_blank">xevibcn</a>	14	0	2	162	617	3489	from Barcelona	036
@xevifguell	<a href="https://twitter.com/xevifguell" target="_blank">xevifguell</a>	1	0	1	77	98	346		241
@Xevifisio	<a href="https://twitter.com/Xevifisio" target="_blank">Xevifisio</a>	1	0	1	81	182	341		064
@xevigv	<a href="https://twitter.com/xevigv" target="_blank">xevigv</a>	1	0	1	75	208	2636	Catalunya	003
@xevijo	<a href="https://twitter.com/xevijo" target="_blank">xevijo</a>	2	0	1	257	281	3453		003
@xeviosor	<a href="https://twitter.com/xeviosor" target="_blank">xeviosor</a>	1	0	1	127	352	201	OSOR	007
@xevipuix	<a href="https://twitter.com/xevipuix" target="_blank">xevipuix</a>	46	0	3	341	1448	24360		003
@xevivic	<a href="https://twitter.com/xevivic" target="_blank">xevivic</a>	7	0	1	706	2177	12048	Pré-en-Pail, France	009
@xevixeff1	<a href="https://twitter.com/xevixeff1" target="_blank">xevixeff1</a>	1	0	1	13	115	313		002
@xfarrarons	<a href="https://twitter.com/xfarrarons" target="_blank">xfarrarons</a>	1	0	1	3274	247	670	Catalunya	034
@xfunzza	<a href="https://twitter.com/xfunzza" target="_blank">xfunzza</a>	3	0	1	592	321	48503	CATALUNYA	003
@xgeldex	<a href="https://twitter.com/xgeldex" target="_blank">xgeldex</a>	5	0	1	483	1168	10732	En la sombrita, acechando.	007
@xguillen2014	<a href="https://twitter.com/xguillen2014" target="_blank">xguillen2014</a>	8	0	1	53	84	8016		105
@xinluses	<a href="https://twitter.com/xinluses" target="_blank">xinluses</a>	20	0	1	640	693	75632	Manresa	011
@xipijulia	<a href="https://twitter.com/xipijulia" target="_blank">xipijulia</a>	1	0	1	104	26	3665		006
@Xipress	<a href="https://twitter.com/Xipress" target="_blank">Xipress</a>	19	0	1	1159	1248	63855	CATALUNYA NORD #CatNord	006
@xirinacsalsenat	<a href="https://twitter.com/xirinacsalsenat" target="_blank">xirinacsalsenat</a>	5	0	1	194	114	29823		005
@xisco37	<a href="https://twitter.com/xisco37" target="_blank">xisco37</a>	2	0	1	61	231	3167		006
@Xiscu_61	<a href="https://twitter.com/Xiscu_61" target="_blank">Xiscu_61</a>	4	0	1	70	154	4212	Barcelona, Països Catalans	003
@xisttie	<a href="https://twitter.com/xisttie" target="_blank">xisttie</a>	2	0	1	56	461	4056		007
@XixiroJbg	<a href="https://twitter.com/XixiroJbg" target="_blank">XixiroJbg</a>	7	0	5	115	164	9711	Esparreguera, Catalunya	003
@xmarcet	<a href="https://twitter.com/xmarcet" target="_blank">xmarcet</a>	6	0	1	96	520	5351	catalunya	048
@XMartiGasto	<a href="https://twitter.com/XMartiGasto" target="_blank">XMartiGasto</a>	2	0	1	140	390	22741		094
@xmes3	<a href="https://twitter.com/xmes3" target="_blank">xmes3</a>	7	0	1	184	1867	10911	Vancouver, British Columbia	007
@xmvilaltac	<a href="https://twitter.com/xmvilaltac" target="_blank">xmvilaltac</a>	1	0	1	484	1173	3929	Valls, Catalunya	006
@xoriguersudg	<a href="https://twitter.com/xoriguersudg" target="_blank">xoriguersudg</a>	0	3	0					149
@XPLENS	<a href="https://twitter.com/XPLENS" target="_blank">XPLENS</a>	5	0	1	202	279	12765	CATALUNYA	017
@XpTotxo	<a href="https://twitter.com/XpTotxo" target="_blank">XpTotxo</a>	1	0	1	6	77	368		003
@xquerriera	<a href="https://twitter.com/xquerriera" target="_blank">xquerriera</a>	2	0	1	80	102	3485	Barcelona	310
@Xquet	<a href="https://twitter.com/Xquet" target="_blank">Xquet</a>	16	0	1	795	884	25383		002
@xsierrav	<a href="https://twitter.com/xsierrav" target="_blank">xsierrav</a>	4	0	1	759	800	10018	Terrassa (Catalunya)	064
@Xtetu	<a href="https://twitter.com/Xtetu" target="_blank">Xtetu</a>	4	0	1	338	769	26323	Països catalans	003
@xtina_acedo	<a href="https://twitter.com/xtina_acedo" target="_blank">xtina_acedo</a>	3	0	1	152	256	3309		009
@xtorresmaso	<a href="https://twitter.com/xtorresmaso" target="_blank">xtorresmaso</a>	1	0	1	211	835	5671	Girona, Catalunya	064
@Xurrasca	<a href="https://twitter.com/Xurrasca" target="_blank">Xurrasca</a>	3	0	1	13	128	914		002
@XVila72	<a href="https://twitter.com/XVila72" target="_blank">XVila72</a>	35	0	2	36	120	6944		054
@XVRGF1970	<a href="https://twitter.com/XVRGF1970" target="_blank">XVRGF1970</a>	10	0	2	76	117	5998	Badalona, Catalunya	093
@y2konya	<a href="https://twitter.com/y2konya" target="_blank">y2konya</a>	2	0	2	654	435	193019	Entre Barcelona y Madrid	005
@YagoPons	<a href="https://twitter.com/YagoPons" target="_blank">YagoPons</a>	1	0	1	8	50	227		003
@Yandrax94	<a href="https://twitter.com/Yandrax94" target="_blank">Yandrax94</a>	2	0	1	590	205	112250	València	105
@YleniaAlmar	<a href="https://twitter.com/YleniaAlmar" target="_blank">YleniaAlmar</a>	1	0	1	37	56	128		007
@Yolanda53410548	<a href="https://twitter.com/Yolanda53410548" target="_blank">Yolanda53410548</a>	5	0	1	16	37	1165		003
@YolandaArtigas1	<a href="https://twitter.com/YolandaArtigas1" target="_blank">YolandaArtigas1</a>	2	0	1	223	97	1763		124
@yolandatn1	<a href="https://twitter.com/yolandatn1" target="_blank">yolandatn1</a>	2	0	2	112	307	4787		037
@yoly4216	<a href="https://twitter.com/yoly4216" target="_blank">yoly4216</a>	2	0	1	300	1357	1617	madrid	105
@Yonfri	<a href="https://twitter.com/Yonfri" target="_blank">Yonfri</a>	7	0	1	703	231	38430	Barcelona	005
@YORYO25MD	<a href="https://twitter.com/YORYO25MD" target="_blank">YORYO25MD</a>	21	0	1	739	874	127886	Madrid, Villa Vallecas	003
@YourConstant_	<a href="https://twitter.com/YourConstant_" target="_blank">YourConstant_</a>	1	0	1	555	289	40561	València	179
@yuzpep	<a href="https://twitter.com/yuzpep" target="_blank">yuzpep</a>	9	0	1	487	833	21047	República Catalana ||★||	006
@YYZZA	<a href="https://twitter.com/YYZZA" target="_blank">YYZZA</a>	3	0	1	43	163	858	Barcelona, Spain	007
@ZanartuCarlos	<a href="https://twitter.com/ZanartuCarlos" target="_blank">ZanartuCarlos</a>	5	0	1	16	63	1322		003
@zanata63	<a href="https://twitter.com/zanata63" target="_blank">zanata63</a>	6	0	2	849	3172	63080		001
@Zandranori	<a href="https://twitter.com/Zandranori" target="_blank">Zandranori</a>	2	1	0	64	132	1131	Barcelona	279
@zarrizarri	<a href="https://twitter.com/zarrizarri" target="_blank">zarrizarri</a>	5	0	1	496	691	7700	Recoleta/Independencia	003
@zdavalos_	<a href="https://twitter.com/zdavalos_" target="_blank">zdavalos_</a>	3	0	1	73	208	6740		105
@ZelaiJai	<a href="https://twitter.com/ZelaiJai" target="_blank">ZelaiJai</a>	1	0	1	46	242	210		002
@ZEtxeburua	<a href="https://twitter.com/ZEtxeburua" target="_blank">ZEtxeburua</a>	3	8	0	3262	3215	29915	Euskal Herria, Basque Country	123
@Zhaaz1	<a href="https://twitter.com/Zhaaz1" target="_blank">Zhaaz1</a>	8	0	4	387	2217	7894	Honduras | Catalunya	006
@ziarra64	<a href="https://twitter.com/ziarra64" target="_blank">ziarra64</a>	29	0	3	334	512	28226	Barcelona	009
@Zicandarr	<a href="https://twitter.com/Zicandarr" target="_blank">Zicandarr</a>	2	0	1	12	28	1618	Reus	008
@Zipomanson	<a href="https://twitter.com/Zipomanson" target="_blank">Zipomanson</a>	8	0	2	38	63	2881		048
@zjmbreeze	<a href="https://twitter.com/zjmbreeze" target="_blank">zjmbreeze</a>	3	0	1	3553	765	98279	tarragona	051
@zofinabac	<a href="https://twitter.com/zofinabac" target="_blank">zofinabac</a>	3	0	1	15	81	1048	Barcelona, Catalunya	008
@Zolinlarra	<a href="https://twitter.com/Zolinlarra" target="_blank">Zolinlarra</a>	1	0	1	2	7	54		105
@zoughbiff	<a href="https://twitter.com/zoughbiff" target="_blank">zoughbiff</a>	1	0	1	430	308	4359	Mutxamel	137
