name	link	tuits	retuits	rteados	followers	following	status	location	Walktrap
@_afonde	<a href="https://twitter.com/_afonde" target="_blank">_afonde</a>	1	0	1	89	269	193	Bcn	001
@_albertserra	<a href="https://twitter.com/_albertserra" target="_blank">_albertserra</a>	1	0	1	15	102	42	Caldes de Montbui, Catalunya	058
@_Foraster_	<a href="https://twitter.com/_Foraster_" target="_blank">_Foraster_</a>	7	1	0	45	146	2204		286
@_Maria_Dantas_	<a href="https://twitter.com/_Maria_Dantas_" target="_blank">_Maria_Dantas_</a>	10	0	2	1695	2524	36048	Barcelona	070
@_MariaCliment	<a href="https://twitter.com/_MariaCliment" target="_blank">_MariaCliment</a>	1	0	1	1092	668	3176	Delta de l'Ebre - Barcelona	091
@_pmarkes	<a href="https://twitter.com/_pmarkes" target="_blank">_pmarkes</a>	1	2	0	19006	20630	8381	Terrassa (Barcelona)	075
@11s2014	<a href="https://twitter.com/11s2014" target="_blank">11s2014</a>	8	0	1	1506	2051	23723	Mataró, Catalunya	013
@13thkyr	<a href="https://twitter.com/13thkyr" target="_blank">13thkyr</a>	1	0	1	34	235	358	Barcelona	068
@1st_Rep_of_Cat	<a href="https://twitter.com/1st_Rep_of_Cat" target="_blank">1st_Rep_of_Cat</a>	5	0	1	162	564	2588		111
@2005sjusi	<a href="https://twitter.com/2005sjusi" target="_blank">2005sjusi</a>	26	0	3	805	790	51238	Costa Daurada	009
@32Behan	<a href="https://twitter.com/32Behan" target="_blank">32Behan</a>	17	0	1	426	618	16607	de vacances ovidianes	025
@3N4ICM4u41	<a href="https://twitter.com/3N4ICM4u41" target="_blank">3N4ICM4u41</a>	8	0	2	3462	3357	62845	Catalunya (Països Catalans)	066
@3v43v4	<a href="https://twitter.com/3v43v4" target="_blank">3v43v4</a>	18	0	1	150	294	8892	Vilassar de Dalt, Catalunya	001
@622Arquitectura	<a href="https://twitter.com/622Arquitectura" target="_blank">622Arquitectura</a>	6	0	1	1071	1890	6884	Terrassa. Barcelona. Catalonia	019
@68MireiaXD	<a href="https://twitter.com/68MireiaXD" target="_blank">68MireiaXD</a>	4	0	1	118	516	2751		001
@6uN7CtZuCK66Rpd	<a href="https://twitter.com/6uN7CtZuCK66Rpd" target="_blank">6uN7CtZuCK66Rpd</a>	7	8	0	63	397	568		027
@A_Bretodeau	<a href="https://twitter.com/A_Bretodeau" target="_blank">A_Bretodeau</a>	5	0	1	232	94	42857	San Junipero.	075
@a_leixcg	<a href="https://twitter.com/a_leixcg" target="_blank">a_leixcg</a>	2	0	1	39	204	1382	Barcelona, Catalunya	001
@a_mnika	<a href="https://twitter.com/a_mnika" target="_blank">a_mnika</a>	3	0	1	33	60	3187	España	040
@A_S_e_r_r_a_n_o	<a href="https://twitter.com/A_S_e_r_r_a_n_o" target="_blank">A_S_e_r_r_a_n_o</a>	3	1	0	191	243	836	Castelldefels	238
@A3Noticias	<a href="https://twitter.com/A3Noticias" target="_blank">A3Noticias</a>	0	1	0					198
@a9de8b44494d436	<a href="https://twitter.com/a9de8b44494d436" target="_blank">a9de8b44494d436</a>	14	0	1	57	34	6784		019
@ABalagu	<a href="https://twitter.com/ABalagu" target="_blank">ABalagu</a>	17	1	1	4646	4899	101124		039
@abelardhjardi	<a href="https://twitter.com/abelardhjardi" target="_blank">abelardhjardi</a>	2	0	1	7926	2719	2190		019
@AbelloSanllehi	<a href="https://twitter.com/AbelloSanllehi" target="_blank">AbelloSanllehi</a>	33	0	5	987	1533	62523	Barcelona	002
@AbelPeraire	<a href="https://twitter.com/AbelPeraire" target="_blank">AbelPeraire</a>	8	1	0	638	186	4539		285
@abelplana	<a href="https://twitter.com/abelplana" target="_blank">abelplana</a>	3	1	0	254	463	1346		274
@abrahamperezn	<a href="https://twitter.com/abrahamperezn" target="_blank">abrahamperezn</a>	3	0	1	380	509	5056	Països Catalans	030
@AcijoD	<a href="https://twitter.com/AcijoD" target="_blank">AcijoD</a>	5	0	1	85	232	8343	Catalunya	001
@acodina58	<a href="https://twitter.com/acodina58" target="_blank">acodina58</a>	10	0	2	88	58	11516		001
@acomajuncosas78	<a href="https://twitter.com/acomajuncosas78" target="_blank">acomajuncosas78</a>	0	1	0					261
@AComunis	<a href="https://twitter.com/AComunis" target="_blank">AComunis</a>	2	0	1	32	30	1747		068
@acosta2B	<a href="https://twitter.com/acosta2B" target="_blank">acosta2B</a>	1	0	1	27	47	75	Barcelona, España	074
@ADALL14	<a href="https://twitter.com/ADALL14" target="_blank">ADALL14</a>	3	0	1	109	403	2588		001
@ADF175Esparregu	<a href="https://twitter.com/ADF175Esparregu" target="_blank">ADF175Esparregu</a>	9	0	1	392	331	7353	Esparreguera, Espanya	182
@adosc	<a href="https://twitter.com/adosc" target="_blank">adosc</a>	0	1	0					251
@AdrConde	<a href="https://twitter.com/AdrConde" target="_blank">AdrConde</a>	1	0	1	90	127	342		061
@Adri36_	<a href="https://twitter.com/Adri36_" target="_blank">Adri36_</a>	1	0	1	677	852	17064	Madrid,Getafe-Hinojal	150
@adriaaubert	<a href="https://twitter.com/adriaaubert" target="_blank">adriaaubert</a>	1	2	0	82	202	295		125
@Adriadv14	<a href="https://twitter.com/Adriadv14" target="_blank">Adriadv14</a>	1	0	1	1	7	5	Sabadell, España	186
@adrianasala9	<a href="https://twitter.com/adrianasala9" target="_blank">adrianasala9</a>	9	0	1	42	176	2464	Barcelona	001
@adribata10	<a href="https://twitter.com/adribata10" target="_blank">adribata10</a>	1	0	1	1283	1142	2891	Barcelona - La Vall d'en Bas	071
@adribrk	<a href="https://twitter.com/adribrk" target="_blank">adribrk</a>	1	0	1	93	359	507	Països Catalans	041
@AdriRodergues	<a href="https://twitter.com/AdriRodergues" target="_blank">AdriRodergues</a>	3	0	1	558	343	30721	Sin City	007
@AEiGPareClaret	<a href="https://twitter.com/AEiGPareClaret" target="_blank">AEiGPareClaret</a>	0	1	0					213
@aesux	<a href="https://twitter.com/aesux" target="_blank">aesux</a>	3	2	0	2042	1184	28129	Amb el cor a la Conca Dellà. Catalonia	048
@afont07	<a href="https://twitter.com/afont07" target="_blank">afont07</a>	1	0	1	319	259	917		001
@AfricaVG	<a href="https://twitter.com/AfricaVG" target="_blank">AfricaVG</a>	4	0	1	20	231	1888		001
@AgataBuxade	<a href="https://twitter.com/AgataBuxade" target="_blank">AgataBuxade</a>	5	0	1	173	517	9667	Barcelona	001
@Agents_Rurals	<a href="https://twitter.com/Agents_Rurals" target="_blank">Agents_Rurals</a>	1	42	0	21855	901	16707	.cat	008
@agimeneznavarro	<a href="https://twitter.com/agimeneznavarro" target="_blank">agimeneznavarro</a>	2	0	1	681	2328	13861	Barcelona	001
@agontan	<a href="https://twitter.com/agontan" target="_blank">agontan</a>	1	0	1	516	376	3243		019
@AGR_Network	<a href="https://twitter.com/AGR_Network" target="_blank">AGR_Network</a>	17	0	1	1016	2050	33236	Україна	024
@agrau22	<a href="https://twitter.com/agrau22" target="_blank">agrau22</a>	1	0	1	109	144	387	Vic	071
@agus_tiniko	<a href="https://twitter.com/agus_tiniko" target="_blank">agus_tiniko</a>	4	0	1	42	210	2290	Badalona, España	001
@agusti_cc	<a href="https://twitter.com/agusti_cc" target="_blank">agusti_cc</a>	2	0	1	9	110	831	aqui	001
@ahernandez094	<a href="https://twitter.com/ahernandez094" target="_blank">ahernandez094</a>	9	0	1	137	109	38968	Cerdanyola del Vallès	019
@aiatsagusti	<a href="https://twitter.com/aiatsagusti" target="_blank">aiatsagusti</a>	1	0	1	630	1087	4390		226
@aiguaifang	<a href="https://twitter.com/aiguaifang" target="_blank">aiguaifang</a>	5	0	2	1512	793	36542		046
@AirForceJoan	<a href="https://twitter.com/AirForceJoan" target="_blank">AirForceJoan</a>	1	1	1	753	529	42115	PPCC	139
@AitorTelle13	<a href="https://twitter.com/AitorTelle13" target="_blank">AitorTelle13</a>	6	0	1	402	1494	802	Deba,Gipuzkoa,Nabarra(7ak 1)	093
@ajaume	<a href="https://twitter.com/ajaume" target="_blank">ajaume</a>	11	0	1	1466	628	60925	barcelona	071
@Akratamondo	<a href="https://twitter.com/Akratamondo" target="_blank">Akratamondo</a>	1	0	1	668	1112	31942	Barcelona	070
@Alaillaj	<a href="https://twitter.com/Alaillaj" target="_blank">Alaillaj</a>	11	0	2	849	1283	17315	Barcelona, Catalunya	023
@Alb_Puig	<a href="https://twitter.com/Alb_Puig" target="_blank">Alb_Puig</a>	12	0	1	333	1013	11436	Montornès del Vallès	071
@Alba_87_	<a href="https://twitter.com/Alba_87_" target="_blank">Alba_87_</a>	0	3	0					021
@AlbaMalagelada	<a href="https://twitter.com/AlbaMalagelada" target="_blank">AlbaMalagelada</a>	2	0	1	77	116	1885	Sant Feliu de Guíxols	006
@albapmas	<a href="https://twitter.com/albapmas" target="_blank">albapmas</a>	2	0	1	339	1351	6544		009
@albaverges	<a href="https://twitter.com/albaverges" target="_blank">albaverges</a>	9	0	1	5610	2310	21267	Igualada(Barcelona)CATALUNYA	006
@AlberdiIbarra	<a href="https://twitter.com/AlberdiIbarra" target="_blank">AlberdiIbarra</a>	15	0	1	195	243	16941		224
@Albert_44062	<a href="https://twitter.com/Albert_44062" target="_blank">Albert_44062</a>	22	0	1	48	173	3404	Sabadell, Espanya	070
@albert_p_xaus	<a href="https://twitter.com/albert_p_xaus" target="_blank">albert_p_xaus</a>	3	0	1	235	550	806	castelldefels, barcelona	001
@Albert_Pijuan	<a href="https://twitter.com/Albert_Pijuan" target="_blank">Albert_Pijuan</a>	4	0	1	178	208	4437	som-hi	007
@albertAEPDA	<a href="https://twitter.com/albertAEPDA" target="_blank">albertAEPDA</a>	11	0	2	1193	1006	73252		001
@albertdiaz_fer	<a href="https://twitter.com/albertdiaz_fer" target="_blank">albertdiaz_fer</a>	3	0	1	498	1178	1280	Barcelona	001
@AlbertFBT	<a href="https://twitter.com/AlbertFBT" target="_blank">AlbertFBT</a>	4	0	1	243	544	6387		001
@AlbertFerrerR	<a href="https://twitter.com/AlbertFerrerR" target="_blank">AlbertFerrerR</a>	1	0	1	67	376	1974	Barcelona, Cataluña	006
@albertguista	<a href="https://twitter.com/albertguista" target="_blank">albertguista</a>	2	0	1	83	179	880	Catalunya	025
@AlbertJaimeC	<a href="https://twitter.com/AlbertJaimeC" target="_blank">AlbertJaimeC</a>	3	0	1	597	800	31964	Barcelona	001
@AlbertLluc	<a href="https://twitter.com/AlbertLluc" target="_blank">AlbertLluc</a>	18	0	1	374	548	20235		081
@albertlluchtw	<a href="https://twitter.com/albertlluchtw" target="_blank">albertlluchtw</a>	10	0	1	640	859	53460	St Cugat del Vallès /Cat/ EU	001
@AlbertMajo7	<a href="https://twitter.com/AlbertMajo7" target="_blank">AlbertMajo7</a>	16	0	1	52	233	4172	Sabadell Catalunya	001
@albertplana	<a href="https://twitter.com/albertplana" target="_blank">albertplana</a>	3	0	1	496	489	8242	Catalan Republic *X	139
@AlbertPoch	<a href="https://twitter.com/AlbertPoch" target="_blank">AlbertPoch</a>	1	0	1	507	829	3761	VERGES	095
@albertprimo2	<a href="https://twitter.com/albertprimo2" target="_blank">albertprimo2</a>	1	0	1	50	326	1372	disseny d'interiors	001
@Albertpunkcela	<a href="https://twitter.com/Albertpunkcela" target="_blank">Albertpunkcela</a>	3	0	1	541	1016	18487	Valladolid - Madrid	085
@AlberttGracia	<a href="https://twitter.com/AlberttGracia" target="_blank">AlberttGracia</a>	7	0	1	442	867	19536		001
@AlbertVenturaP	<a href="https://twitter.com/AlbertVenturaP" target="_blank">AlbertVenturaP</a>	2	0	1	502	705	3213	Tarragona, Països Catalans	089
@AlbertVs73	<a href="https://twitter.com/AlbertVs73" target="_blank">AlbertVs73</a>	3	0	1	667	796	1640	República Catalana	001
@Aldartetsu	<a href="https://twitter.com/Aldartetsu" target="_blank">Aldartetsu</a>	4	0	2	845	264	87396	Bizkaia(EH), Málaga(Esp) y Deu	001
@AleFRaurell	<a href="https://twitter.com/AleFRaurell" target="_blank">AleFRaurell</a>	4	0	1	87	170	762		001
@aleix_amm	<a href="https://twitter.com/aleix_amm" target="_blank">aleix_amm</a>	0	1	0					212
@aleixmm97	<a href="https://twitter.com/aleixmm97" target="_blank">aleixmm97</a>	5	0	1	404	497	19025		010
@AleixPuiggros	<a href="https://twitter.com/AleixPuiggros" target="_blank">AleixPuiggros</a>	3	0	1	53	42	5585		009
@Alejand63567115	<a href="https://twitter.com/Alejand63567115" target="_blank">Alejand63567115</a>	20	0	1	47	34	8112		071
@alellacup	<a href="https://twitter.com/alellacup" target="_blank">alellacup</a>	0	1	0					210
@AlemanyManel	<a href="https://twitter.com/AlemanyManel" target="_blank">AlemanyManel</a>	28	0	1	278	858	30498	Sant Cugat Vallès, Catalunya	079
@Alex_Mullor	<a href="https://twitter.com/Alex_Mullor" target="_blank">Alex_Mullor</a>	3	0	1	42	379	3250		001
@alexandrecamps	<a href="https://twitter.com/alexandrecamps" target="_blank">alexandrecamps</a>	27	0	1	411	937	8968	Sant Cugat del Vallès	071
@alexdelmas10	<a href="https://twitter.com/alexdelmas10" target="_blank">alexdelmas10</a>	0	1	0					209
@AlexisFs96	<a href="https://twitter.com/AlexisFs96" target="_blank">AlexisFs96</a>	1	0	1	215	196	9247	Alexis_fernandez96	080
@AlfdeVe	<a href="https://twitter.com/AlfdeVe" target="_blank">AlfdeVe</a>	0	1	0					205
@alicia_busquets	<a href="https://twitter.com/alicia_busquets" target="_blank">alicia_busquets</a>	1	0	1	51	141	454	Barcelona, España	087
@ALICIABARBA7	<a href="https://twitter.com/ALICIABARBA7" target="_blank">ALICIABARBA7</a>	2	0	1	34	160	5958		100
@aliciapag	<a href="https://twitter.com/aliciapag" target="_blank">aliciapag</a>	1	0	1	34	278	358	catalunya	047
@aligatrencada	<a href="https://twitter.com/aligatrencada" target="_blank">aligatrencada</a>	8	0	1	64	247	11925		013
@Alius_ka	<a href="https://twitter.com/Alius_ka" target="_blank">Alius_ka</a>	2	1	0	508	1322	1870	Vallirana, Catalunya	203
@allmhurach11	<a href="https://twitter.com/allmhurach11" target="_blank">allmhurach11</a>	2	0	1	207	289	21066	Alba/Escocia	014
@almallmar	<a href="https://twitter.com/almallmar" target="_blank">almallmar</a>	24	0	2	54	81	13111	Catalunya	001
@Almogaverperico	<a href="https://twitter.com/Almogaverperico" target="_blank">Almogaverperico</a>	2	0	1	180	121	6344	Catalunya	007
@almussutxus	<a href="https://twitter.com/almussutxus" target="_blank">almussutxus</a>	1	0	1	125	156	1702	Bilbao	088
@alomar_planas3	<a href="https://twitter.com/alomar_planas3" target="_blank">alomar_planas3</a>	15	0	1	81	277	6100	Mallorca	072
@Alpeich	<a href="https://twitter.com/Alpeich" target="_blank">Alpeich</a>	9	0	1	90	94	1440		071
@alteos98	<a href="https://twitter.com/alteos98" target="_blank">alteos98</a>	5	0	1	581	855	8784	日本 東京	194
@alxmurCAT	<a href="https://twitter.com/alxmurCAT" target="_blank">alxmurCAT</a>	7	0	1	1096	2081	14340	Moià, Espanya	061
@am_hueto	<a href="https://twitter.com/am_hueto" target="_blank">am_hueto</a>	3	0	1	33	180	1251	Cervelló (BCN), Catalunya	001
@amapola231	<a href="https://twitter.com/amapola231" target="_blank">amapola231</a>	5	0	1	64	405	1764		072
@amicdetots	<a href="https://twitter.com/amicdetots" target="_blank">amicdetots</a>	8	0	1	4968	2848	95552	(Catalunya)	026
@Amidala666	<a href="https://twitter.com/Amidala666" target="_blank">Amidala666</a>	3	1	0	43	63	3093		202
@amirabal10	<a href="https://twitter.com/amirabal10" target="_blank">amirabal10</a>	2	1	0	356	1125	2040	Reus, Catalunya	200
@amonra49	<a href="https://twitter.com/amonra49" target="_blank">amonra49</a>	3	0	1	816	1810	25571	Barcelona	249
@AmorosSerra	<a href="https://twitter.com/AmorosSerra" target="_blank">AmorosSerra</a>	0	1	0					197
@ampordanes	<a href="https://twitter.com/ampordanes" target="_blank">ampordanes</a>	13	0	1	74	75	16620		072
@Ana3Marquez	<a href="https://twitter.com/Ana3Marquez" target="_blank">Ana3Marquez</a>	1	0	1	170	299	9585	Barcelona	072
@anaraljaan	<a href="https://twitter.com/anaraljaan" target="_blank">anaraljaan</a>	16	0	2	6333	6101	121478	Bellpuig Catalunya Europa	020
@AnaRuizJurado1	<a href="https://twitter.com/AnaRuizJurado1" target="_blank">AnaRuizJurado1</a>	1	0	1	1902	1657	80599	Barcelona, España	011
@ANC_Bombers	<a href="https://twitter.com/ANC_Bombers" target="_blank">ANC_Bombers</a>	4	8	0	13931	6149	7063	Països Catalans	067
@ANC_Israel	<a href="https://twitter.com/ANC_Israel" target="_blank">ANC_Israel</a>	4	0	1	1553	116	3878	Israel	071
@ANC_Manlleu	<a href="https://twitter.com/ANC_Manlleu" target="_blank">ANC_Manlleu</a>	0	2	0					124
@ANCCiutatVella	<a href="https://twitter.com/ANCCiutatVella" target="_blank">ANCCiutatVella</a>	13	0	1	1758	1141	23120	Barcelona	016
@ANCDones	<a href="https://twitter.com/ANCDones" target="_blank">ANCDones</a>	2	1	0	1626	1166	2774	República de Catalunya PPCC	178
@ANCFortPienc	<a href="https://twitter.com/ANCFortPienc" target="_blank">ANCFortPienc</a>	0	7	0					059
@anclescala	<a href="https://twitter.com/anclescala" target="_blank">anclescala</a>	0	2	0					123
@ANCLHospitalet	<a href="https://twitter.com/ANCLHospitalet" target="_blank">ANCLHospitalet</a>	16	0	1	6267	3756	46531	hospitalet-ll@assemblea.cat	011
@ANCNouBarris	<a href="https://twitter.com/ANCNouBarris" target="_blank">ANCNouBarris</a>	9	1	0	1846	1114	8548	Barcelona. Països Catalans	148
@ancpremiademar	<a href="https://twitter.com/ancpremiademar" target="_blank">ancpremiademar</a>	7	0	1	1583	222	3598	Premià de Mar-Països Catalans-	016
@ANCsant_cugat	<a href="https://twitter.com/ANCsant_cugat" target="_blank">ANCsant_cugat</a>	7	0	1	2875	3794	8697	Sant Cugat (Catalunya)	169
@ancSuisse	<a href="https://twitter.com/ancSuisse" target="_blank">ancSuisse</a>	12	0	2	1930	407	9592	Suisse - Suïssa - Switzerland	001
@ancSvizzera	<a href="https://twitter.com/ancSvizzera" target="_blank">ancSvizzera</a>	1	0	1	1310	271	3824	Ticino	111
@anderguinver	<a href="https://twitter.com/anderguinver" target="_blank">anderguinver</a>	1	0	1	123	319	2190	Mataró	245
@andermgt	<a href="https://twitter.com/andermgt" target="_blank">andermgt</a>	10	0	1	296	508	13306	Etxarri Aranatz, EH	086
@anderrezo23	<a href="https://twitter.com/anderrezo23" target="_blank">anderrezo23</a>	1	0	1	77	1008	446	San Sebastián, España	120
@AndoniOtx	<a href="https://twitter.com/AndoniOtx" target="_blank">AndoniOtx</a>	5	0	1	157	954	3227		088
@Andreacondeb_	<a href="https://twitter.com/Andreacondeb_" target="_blank">Andreacondeb_</a>	1	0	1	439	227	54999	Ciudad del Betis	080
@AndreaLissidini	<a href="https://twitter.com/AndreaLissidini" target="_blank">AndreaLissidini</a>	1	0	1	711	1120	9625		012
@andreucordon	<a href="https://twitter.com/andreucordon" target="_blank">andreucordon</a>	1	0	1	50	26	220		012
@andreugiralt	<a href="https://twitter.com/andreugiralt" target="_blank">andreugiralt</a>	1	0	1	382	792	1023	Sabadell, per si cal dir-ho.	094
@andreusarra	<a href="https://twitter.com/andreusarra" target="_blank">andreusarra</a>	2	0	1	169	353	1127	Font-Romeu, Països Catalans	089
@angelaECMataro	<a href="https://twitter.com/angelaECMataro" target="_blank">angelaECMataro</a>	2	0	1	34	251	628		101
@angelagubern	<a href="https://twitter.com/angelagubern" target="_blank">angelagubern</a>	1	0	1	42	353	738	feliç	066
@angelfontcatal1	<a href="https://twitter.com/angelfontcatal1" target="_blank">angelfontcatal1</a>	5	0	1	1011	1153	17047		019
@angelsclotet	<a href="https://twitter.com/angelsclotet" target="_blank">angelsclotet</a>	19	0	1	970	790	65574		001
@angelsmarc2	<a href="https://twitter.com/angelsmarc2" target="_blank">angelsmarc2</a>	15	0	1	34	139	2526		044
@angelsmcastells	<a href="https://twitter.com/angelsmcastells" target="_blank">angelsmcastells</a>	11	34	0	11276	2250	70786	Barcelona	009
@angelsponsa	<a href="https://twitter.com/angelsponsa" target="_blank">angelsponsa</a>	3	1	0	2546	2028	11555	Sant Cugat del Vallès	015
@angelssmh	<a href="https://twitter.com/angelssmh" target="_blank">angelssmh</a>	8	0	1	46	139	2667	República Catalana	001
@angelstomasgonz	<a href="https://twitter.com/angelstomasgonz" target="_blank">angelstomasgonz</a>	0	1	0					228
@angelsvj	<a href="https://twitter.com/angelsvj" target="_blank">angelsvj</a>	19	0	2	563	1317	10851		001
@angeluisbarrera	<a href="https://twitter.com/angeluisbarrera" target="_blank">angeluisbarrera</a>	3	0	1	582	980	8051		072
@Angietro3535	<a href="https://twitter.com/Angietro3535" target="_blank">Angietro3535</a>	16	0	1	575	372	56085	República de Catalunya, UE	001
@anibalmeltor	<a href="https://twitter.com/anibalmeltor" target="_blank">anibalmeltor</a>	5	1	0	1944	1045	71092		224
@aniolg97	<a href="https://twitter.com/aniolg97" target="_blank">aniolg97</a>	1	0	1	191	646	2877	Sabadell	008
@anivega1986	<a href="https://twitter.com/anivega1986" target="_blank">anivega1986</a>	4	0	1	797	1002	40321	Capeside	010
@anna_arque	<a href="https://twitter.com/anna_arque" target="_blank">anna_arque</a>	2	30	0	18782	4990	15541	Lleida-BCN-Països Catalans	013
@anna_canyelles	<a href="https://twitter.com/anna_canyelles" target="_blank">anna_canyelles</a>	5	0	1	197	241	1557		019
@Anna_Moreno_C	<a href="https://twitter.com/Anna_Moreno_C" target="_blank">Anna_Moreno_C</a>	13	0	1	230	962	14104		070
@anna_sanllehy	<a href="https://twitter.com/anna_sanllehy" target="_blank">anna_sanllehy</a>	12	0	2	2697	4995	70657		022
@Anna_Saraa	<a href="https://twitter.com/Anna_Saraa" target="_blank">Anna_Saraa</a>	1	1	0	244	347	1134	Gósol, España	183
@annaalvado	<a href="https://twitter.com/annaalvado" target="_blank">annaalvado</a>	30	0	1	89	179	7454	Barcelona	001
@annabaylach	<a href="https://twitter.com/annabaylach" target="_blank">annabaylach</a>	24	0	1	157	312	13875		001
@AnnabelMarcos	<a href="https://twitter.com/AnnabelMarcos" target="_blank">AnnabelMarcos</a>	5	0	1	2027	1845	9598	Amposta	078
@annabelsalinas	<a href="https://twitter.com/annabelsalinas" target="_blank">annabelsalinas</a>	3	0	1	36	205	321	teià	044
@annacat1973	<a href="https://twitter.com/annacat1973" target="_blank">annacat1973</a>	15	0	1	1477	377	24510	Sant Feliu de Guíxols	001
@AnnaGuixa	<a href="https://twitter.com/AnnaGuixa" target="_blank">AnnaGuixa</a>	1	0	1	690	736	1059	Sant Quirze Safaja - Barcelona	061
@annamariaroca	<a href="https://twitter.com/annamariaroca" target="_blank">annamariaroca</a>	1	0	1	21	63	101		147
@AnnamDuimenez	<a href="https://twitter.com/AnnamDuimenez" target="_blank">AnnamDuimenez</a>	15	0	3	516	790	22496		001
@annapapallona	<a href="https://twitter.com/annapapallona" target="_blank">annapapallona</a>	1	0	1	1970	2054	6010	That depends on the week :-)	001
@annaprzrod	<a href="https://twitter.com/annaprzrod" target="_blank">annaprzrod</a>	3	0	2	212	98	12431	Catalunya	040
@annapurnabcn	<a href="https://twitter.com/annapurnabcn" target="_blank">annapurnabcn</a>	4	0	1	896	812	2335	Barcelona, Espanya	067
@AnnaQS70	<a href="https://twitter.com/AnnaQS70" target="_blank">AnnaQS70</a>	1	0	1	11	47	128	Martorell, España	056
@annasalicru	<a href="https://twitter.com/annasalicru" target="_blank">annasalicru</a>	2	1	0	1140	907	4793	Mataró	181
@annazamar	<a href="https://twitter.com/annazamar" target="_blank">annazamar</a>	2	12	0	581	434	2973	Sort, Catalunya	068
@Anne1367	<a href="https://twitter.com/Anne1367" target="_blank">Anne1367</a>	1	0	1	386	505	20768		029
@anoiadiari	<a href="https://twitter.com/anoiadiari" target="_blank">anoiadiari</a>	1	23	0	6938	1389	29604	Igualada - Anoia	079
@anticapiCat	<a href="https://twitter.com/anticapiCat" target="_blank">anticapiCat</a>	12	1	0	5936	1822	38046	Catalunya	260
@Antifaxismoa	<a href="https://twitter.com/Antifaxismoa" target="_blank">Antifaxismoa</a>	1	2	0	15351	2520	147043	Euskal Herria	120
@anton1924	<a href="https://twitter.com/anton1924" target="_blank">anton1924</a>	4	0	1	9	99	1151		078
@AntoniFerran	<a href="https://twitter.com/AntoniFerran" target="_blank">AntoniFerran</a>	9	0	1	172	244	5526	1-10. Hem votat ! 👋🏻👋🏻👋🏻	002
@antoniferrer48	<a href="https://twitter.com/antoniferrer48" target="_blank">antoniferrer48</a>	19	0	2	75	213	2630	Barcelona, Camprodon	005
@antonio_pinedo	<a href="https://twitter.com/antonio_pinedo" target="_blank">antonio_pinedo</a>	7	0	1	75	115	8953	Barcelona	001
@antonisoy	<a href="https://twitter.com/antonisoy" target="_blank">antonisoy</a>	3	0	1	3485	1235	63646	Catalunya (Estat espanyol)	076
@aquathirteen	<a href="https://twitter.com/aquathirteen" target="_blank">aquathirteen</a>	0	2	0					143
@arabia_ivan	<a href="https://twitter.com/arabia_ivan" target="_blank">arabia_ivan</a>	14	0	1	17	105	1282		009
@aracelipv	<a href="https://twitter.com/aracelipv" target="_blank">aracelipv</a>	10	0	1	65	268	1468	Barcelona	019
@AraDesdara	<a href="https://twitter.com/AraDesdara" target="_blank">AraDesdara</a>	19	0	2	391	2134	7635	Barcelona	023
@araisempreCat	<a href="https://twitter.com/araisempreCat" target="_blank">araisempreCat</a>	5	0	1	689	1340	3077	Catalunya	001
@arakemanuel	<a href="https://twitter.com/arakemanuel" target="_blank">arakemanuel</a>	2	0	1	28	169	1663	Barcelona, Catalunya	009
@Arantxa_Fndz	<a href="https://twitter.com/Arantxa_Fndz" target="_blank">Arantxa_Fndz</a>	0	1	0					139
@Arcadi42	<a href="https://twitter.com/Arcadi42" target="_blank">Arcadi42</a>	9	0	1	13724	1077	20274	Catalunya	001
@Arcadi75	<a href="https://twitter.com/Arcadi75" target="_blank">Arcadi75</a>	3	0	1	91	154	5212		059
@arcos_2014	<a href="https://twitter.com/arcos_2014" target="_blank">arcos_2014</a>	2	0	2	566	681	6203	Vallgorguina,Catalunya	001
@ardatx	<a href="https://twitter.com/ardatx" target="_blank">ardatx</a>	13	0	3	272	570	33547		001
@ariabudu17	<a href="https://twitter.com/ariabudu17" target="_blank">ariabudu17</a>	2	0	1	142	422	1575		019
@AriadnaBuxo	<a href="https://twitter.com/AriadnaBuxo" target="_blank">AriadnaBuxo</a>	1	0	1	4	28	175	Badalona, España	006
@arielmonells	<a href="https://twitter.com/arielmonells" target="_blank">arielmonells</a>	2	0	1	177	355	1889		094
@aritarrago	<a href="https://twitter.com/aritarrago" target="_blank">aritarrago</a>	1	0	1	64	121	1879		082
@ARiuprimer	<a href="https://twitter.com/ARiuprimer" target="_blank">ARiuprimer</a>	1	0	1	318	676	5925	Santa Eulàlia de Riuprimer, Catalunya	059
@armandsimon2002	<a href="https://twitter.com/armandsimon2002" target="_blank">armandsimon2002</a>	5	0	1	482	880	12026		056
@armarioruiz	<a href="https://twitter.com/armarioruiz" target="_blank">armarioruiz</a>	1	0	1	599	653	5848	Barcelona, España	101
@Arnau_de_Freser	<a href="https://twitter.com/Arnau_de_Freser" target="_blank">Arnau_de_Freser</a>	3	1	0	228	192	5131	Catalunya	254
@arnau_gerd	<a href="https://twitter.com/arnau_gerd" target="_blank">arnau_gerd</a>	5	0	1	22	51	1518	mai he aconseguit estar allí	021
@arnaudeivissa	<a href="https://twitter.com/arnaudeivissa" target="_blank">arnaudeivissa</a>	14	0	1	385	204	34585		001
@ArnauLopezAndre	<a href="https://twitter.com/ArnauLopezAndre" target="_blank">ArnauLopezAndre</a>	3	0	1	696	1182	6028	Països Catalans	030
@arnauMP7	<a href="https://twitter.com/arnauMP7" target="_blank">arnauMP7</a>	1	0	1	83	243	124	Països Catalans	083
@Arnolinho	<a href="https://twitter.com/Arnolinho" target="_blank">Arnolinho</a>	1	0	1	151	885	1879		190
@Arran_jovent	<a href="https://twitter.com/Arran_jovent" target="_blank">Arran_jovent</a>	2	0	1	22066	1030	23631	Països Catalans	041
@Arran_Tarragona	<a href="https://twitter.com/Arran_Tarragona" target="_blank">Arran_Tarragona</a>	5	6	0	1300	1039	2388	Tarragona, Països Catalans	041
@ArranLaPlana	<a href="https://twitter.com/ArranLaPlana" target="_blank">ArranLaPlana</a>	1	0	1	580	225	1931	La Plana, Països Catalans	041
@ArranVlc	<a href="https://twitter.com/ArranVlc" target="_blank">ArranVlc</a>	2	0	1	796	143	1597	València, Països Catalans	041
@arsraul	<a href="https://twitter.com/arsraul" target="_blank">arsraul</a>	3	0	1	44	356	278	Tarragona, Catalunya	041
@ArturColl	<a href="https://twitter.com/ArturColl" target="_blank">ArturColl</a>	9	1	0	1068	482	10621	Barcelona	253
@arturdcatalonia	<a href="https://twitter.com/arturdcatalonia" target="_blank">arturdcatalonia</a>	2	0	2	1084	3153	417		002
@arturorosero1	<a href="https://twitter.com/arturorosero1" target="_blank">arturorosero1</a>	1	0	1	172	156	14192	España	012
@askari222	<a href="https://twitter.com/askari222" target="_blank">askari222</a>	50	0	3	46	34	9286		032
@ASomosaguas	<a href="https://twitter.com/ASomosaguas" target="_blank">ASomosaguas</a>	1	0	1	1408	270	868		085
@AssembleaCunit	<a href="https://twitter.com/AssembleaCunit" target="_blank">AssembleaCunit</a>	5	0	1	338	319	4970	Cunit, Tarragona, Catalunya	078
@assembleagroga	<a href="https://twitter.com/assembleagroga" target="_blank">assembleagroga</a>	0	1	0					012
@Assembleapv	<a href="https://twitter.com/Assembleapv" target="_blank">Assembleapv</a>	23	0	1	1126	963	11933	País Valencià	069
@AssembleaValls	<a href="https://twitter.com/AssembleaValls" target="_blank">AssembleaValls</a>	7	1	0	2443	2054	7390	Valls, Països Catalans	252
@ateneuhosta	<a href="https://twitter.com/ateneuhosta" target="_blank">ateneuhosta</a>	2	1	0	931	1134	1751	c/Elisi 20, Hostafrancs, PPCC	248
@atopeuri	<a href="https://twitter.com/atopeuri" target="_blank">atopeuri</a>	21	0	1	747	2487	47713		175
@AtzeriesVella	<a href="https://twitter.com/AtzeriesVella" target="_blank">AtzeriesVella</a>	0	1	0					034
@AugeAabye	<a href="https://twitter.com/AugeAabye" target="_blank">AugeAabye</a>	23	0	1	2418	2482	53732	Barcelona España Catalunya	234
@AUP_UCM	<a href="https://twitter.com/AUP_UCM" target="_blank">AUP_UCM</a>	0	8	0					085
@AuriCurado	<a href="https://twitter.com/AuriCurado" target="_blank">AuriCurado</a>	2	0	1	67	268	1179	NuncaJamas	016
@Aurora_Madaula	<a href="https://twitter.com/Aurora_Madaula" target="_blank">Aurora_Madaula</a>	2	1	0	3397	2438	24836	Catalunya	241
@AutenticSamu	<a href="https://twitter.com/AutenticSamu" target="_blank">AutenticSamu</a>	8	0	1	967	1189	21584	Sabadell, Catalunya	001
@avilagrann	<a href="https://twitter.com/avilagrann" target="_blank">avilagrann</a>	9	0	1	2701	1258	145597	Vitoria-Gasteiz (Euskalherria)	001
@Axelman72	<a href="https://twitter.com/Axelman72" target="_blank">Axelman72</a>	1	0	1	74	52	232		079
@axtorres	<a href="https://twitter.com/axtorres" target="_blank">axtorres</a>	0	1	0					240
@AyemOskoz	<a href="https://twitter.com/AyemOskoz" target="_blank">AyemOskoz</a>	2	0	2	555	1657	5970		071
@Azema47Ferran	<a href="https://twitter.com/Azema47Ferran" target="_blank">Azema47Ferran</a>	1	2	0	19	38	444	Barcelona	121
@b4lduf4	<a href="https://twitter.com/b4lduf4" target="_blank">b4lduf4</a>	1	0	1	2684	1200	38652	Barcelona	001
@BadiaJordi	<a href="https://twitter.com/BadiaJordi" target="_blank">BadiaJordi</a>	3	0	1	2570	730	8853	La Guàrdia Pilosa	079
@Banetes	<a href="https://twitter.com/Banetes" target="_blank">Banetes</a>	1	0	1	516	414	29823		083
@bannedgarden	<a href="https://twitter.com/bannedgarden" target="_blank">bannedgarden</a>	6	0	1	160	312	7774	Barcelona	007
@banyeta3	<a href="https://twitter.com/banyeta3" target="_blank">banyeta3</a>	2	0	1	37	197	3327		001
@barnimile	<a href="https://twitter.com/barnimile" target="_blank">barnimile</a>	16	0	1	1654	2311	41860	Premià de Dalt, Rep.Catalunya	001
@BaroOriol	<a href="https://twitter.com/BaroOriol" target="_blank">BaroOriol</a>	2	0	2	76	248	320		047
@BarretinaMan	<a href="https://twitter.com/BarretinaMan" target="_blank">BarretinaMan</a>	15	0	1	744	1643	5144		001
@barril9	<a href="https://twitter.com/barril9" target="_blank">barril9</a>	1	0	1	37	150	378	Catalunya	001
@barslonga	<a href="https://twitter.com/barslonga" target="_blank">barslonga</a>	1	0	1	61	110	1109		095
@basquetmanSBMB	<a href="https://twitter.com/basquetmanSBMB" target="_blank">basquetmanSBMB</a>	3	0	1	458	271	11552		001
@BasVilalta	<a href="https://twitter.com/BasVilalta" target="_blank">BasVilalta</a>	2	0	1	5	35	405		071
@bbeamunnoz	<a href="https://twitter.com/bbeamunnoz" target="_blank">bbeamunnoz</a>	1	0	1	180	197	12131	MADRID	085
@BCibada	<a href="https://twitter.com/BCibada" target="_blank">BCibada</a>	4	0	1	21	119	2087		072
@BcnDesencantat	<a href="https://twitter.com/BcnDesencantat" target="_blank">BcnDesencantat</a>	9	0	1	405	1895	7029	Barcelona  Catalunya	006
@BegoAlmor	<a href="https://twitter.com/BegoAlmor" target="_blank">BegoAlmor</a>	5	0	1	73	313	3307	Gavà -Barcelona	001
@begom0616	<a href="https://twitter.com/begom0616" target="_blank">begom0616</a>	1	0	1	12	105	187		071
@Belaroi	<a href="https://twitter.com/Belaroi" target="_blank">Belaroi</a>	43	0	1	533	652	18743	Girona	097
@belconde1	<a href="https://twitter.com/belconde1" target="_blank">belconde1</a>	1	0	1	5	38	191		001
@belenita86	<a href="https://twitter.com/belenita86" target="_blank">belenita86</a>	1	0	1	462	864	24243	En la ciudad del Betis	080
@belkalenok2101	<a href="https://twitter.com/belkalenok2101" target="_blank">belkalenok2101</a>	4	0	1	134	82	6687		001
@Benicolet	<a href="https://twitter.com/Benicolet" target="_blank">Benicolet</a>	1	0	1	900	2030	22184	benicolet	141
@BerenguerPastor	<a href="https://twitter.com/BerenguerPastor" target="_blank">BerenguerPastor</a>	6	0	1	342	647	7288	Monarquia Catalana. UE	001
@BernatGuixeras	<a href="https://twitter.com/BernatGuixeras" target="_blank">BernatGuixeras</a>	10	0	1	53	290	2173		012
@bernatpicornell	<a href="https://twitter.com/bernatpicornell" target="_blank">bernatpicornell</a>	0	1	0					237
@BernatSoler_CAT	<a href="https://twitter.com/BernatSoler_CAT" target="_blank">BernatSoler_CAT</a>	0	1	0					235
@bertacodineta	<a href="https://twitter.com/bertacodineta" target="_blank">bertacodineta</a>	1	0	1	101	146	1790	Berga	001
@BertaFaro1	<a href="https://twitter.com/BertaFaro1" target="_blank">BertaFaro1</a>	33	0	1	94	59	5964		001
@bertasosa91	<a href="https://twitter.com/bertasosa91" target="_blank">bertasosa91</a>	9	0	1	90	223	2800		009
@berthramn	<a href="https://twitter.com/berthramn" target="_blank">berthramn</a>	3	0	1	558	691	15248	Vilabertran, Catalunya	001
@Bet_2017	<a href="https://twitter.com/Bet_2017" target="_blank">Bet_2017</a>	3	0	1	31	274	711	Olot_Catalunya	001
@BetonaComin	<a href="https://twitter.com/BetonaComin" target="_blank">BetonaComin</a>	2	1	1	3119	1705	40742	Catalunya	006
@bf82ad0de785402	<a href="https://twitter.com/bf82ad0de785402" target="_blank">bf82ad0de785402</a>	1	0	1	182	978	3053		071
@bicibona	<a href="https://twitter.com/bicibona" target="_blank">bicibona</a>	6	0	2	235	516	17730		014
@bigenderscum	<a href="https://twitter.com/bigenderscum" target="_blank">bigenderscum</a>	1	0	1	49	231	5843	Barcelona, Països Catalans	079
@bilbasket	<a href="https://twitter.com/bilbasket" target="_blank">bilbasket</a>	3	0	1	282	307	24384		071
@binbonbanblog	<a href="https://twitter.com/binbonbanblog" target="_blank">binbonbanblog</a>	2	0	1	627	225	4054		107
@BioMaresme	<a href="https://twitter.com/BioMaresme" target="_blank">BioMaresme</a>	7	0	1	1353	2415	11840	Catalunya	001
@Biorebeca	<a href="https://twitter.com/Biorebeca" target="_blank">Biorebeca</a>	36	0	1	418	513	17634		001
@birloche	<a href="https://twitter.com/birloche" target="_blank">birloche</a>	8	0	1	115	1325	2713	Barcelona	001
@blaibugi	<a href="https://twitter.com/blaibugi" target="_blank">blaibugi</a>	1	0	1	61	526	30		071
@blairodriguez	<a href="https://twitter.com/blairodriguez" target="_blank">blairodriguez</a>	37	0	3	3676	1413	22381	els encants. barna.	012
@blancabusquets	<a href="https://twitter.com/blancabusquets" target="_blank">blancabusquets</a>	2	0	1	1064	691	3179	Catalunya	001
@Blancafaldabo	<a href="https://twitter.com/Blancafaldabo" target="_blank">Blancafaldabo</a>	6	0	1	123	74	767	España	001
@blancamarch	<a href="https://twitter.com/blancamarch" target="_blank">blancamarch</a>	0	2	0					025
@blauvermell	<a href="https://twitter.com/blauvermell" target="_blank">blauvermell</a>	2	0	1	81	231	983		001
@blligadas	<a href="https://twitter.com/blligadas" target="_blank">blligadas</a>	3	1	0	1674	1071	18874	Catalunya	222
@BoiSentis	<a href="https://twitter.com/BoiSentis" target="_blank">BoiSentis</a>	9	0	1	12	77	2551	Sabadell. Catalunya	030
@Bomberssllo	<a href="https://twitter.com/Bomberssllo" target="_blank">Bomberssllo</a>	1	1	0	832	307	457	Sant Llorenç de Morunys	221
@bombersvlrd	<a href="https://twitter.com/bombersvlrd" target="_blank">bombersvlrd</a>	1	3	0	996	724	294	Catalunya (Tgn - Alt Camp)	028
@Boncopdefals1	<a href="https://twitter.com/Boncopdefals1" target="_blank">Boncopdefals1</a>	1	0	1	103	552	638	Catalunya, Espanya	138
@BordallaLa	<a href="https://twitter.com/BordallaLa" target="_blank">BordallaLa</a>	2	0	1	45	47	31		018
@bosgosu1159	<a href="https://twitter.com/bosgosu1159" target="_blank">bosgosu1159</a>	2	0	1	328	310	11875		008
@boumariajosep	<a href="https://twitter.com/boumariajosep" target="_blank">boumariajosep</a>	4	0	1	13	155	1676		001
@BouNuria	<a href="https://twitter.com/BouNuria" target="_blank">BouNuria</a>	1	0	1	197	189	868	Sant Cugat	189
@BouOriol	<a href="https://twitter.com/BouOriol" target="_blank">BouOriol</a>	4	0	2	54	49	8449		001
@BrfCool	<a href="https://twitter.com/BrfCool" target="_blank">BrfCool</a>	2	0	1	14	100	786		024
@briansantos31	<a href="https://twitter.com/briansantos31" target="_blank">briansantos31</a>	1	0	1	87	270	1028		080
@Brugarolas	<a href="https://twitter.com/Brugarolas" target="_blank">Brugarolas</a>	2	1	0	2496	1834	7579	Sant Cugat	001
@brunatribo	<a href="https://twitter.com/brunatribo" target="_blank">brunatribo</a>	2	0	1	106	202	395	Sant Esteve de Palautordera	018
@bruno_casteur	<a href="https://twitter.com/bruno_casteur" target="_blank">bruno_casteur</a>	2	0	1	69	179	4348		013
@buxi1972	<a href="https://twitter.com/buxi1972" target="_blank">buxi1972</a>	8	0	1	99	114	3422	Arrelada a la Vall del Ges.	071
@bvitlloch	<a href="https://twitter.com/bvitlloch" target="_blank">bvitlloch</a>	1	0	1	12	54	33		016
@bzarrabeitia	<a href="https://twitter.com/bzarrabeitia" target="_blank">bzarrabeitia</a>	1	0	1	8525	7373	75058	Bilbao, Euskal Herria	107
@C_TTME	<a href="https://twitter.com/C_TTME" target="_blank">C_TTME</a>	15	0	1	5	60	1982		001
@c9muntane	<a href="https://twitter.com/c9muntane" target="_blank">c9muntane</a>	12	0	2	111	258	8767		001
@cabaxa1	<a href="https://twitter.com/cabaxa1" target="_blank">cabaxa1</a>	10	0	1	31	236	6445		025
@CalamityDjon	<a href="https://twitter.com/CalamityDjon" target="_blank">CalamityDjon</a>	6	2	0	1986	1921	25545	En viatge interstel·lar.	132
@Calbarro	<a href="https://twitter.com/Calbarro" target="_blank">Calbarro</a>	0	1	0					217
@CallesJmsanchez	<a href="https://twitter.com/CallesJmsanchez" target="_blank">CallesJmsanchez</a>	2	0	1	200	582	5731	Barcelona	011
@calsojorn	<a href="https://twitter.com/calsojorn" target="_blank">calsojorn</a>	6	0	1	561	326	71542		019
@CalTolla	<a href="https://twitter.com/CalTolla" target="_blank">CalTolla</a>	15	0	1	2781	2310	85386	Catalunya	001
@CalvetMarilo	<a href="https://twitter.com/CalvetMarilo" target="_blank">CalvetMarilo</a>	1	0	1	9	167	17		008
@Campdelasort	<a href="https://twitter.com/Campdelasort" target="_blank">Campdelasort</a>	6	0	3	472	492	1579	Bonastre, Tarragona	028
@cancapablanca	<a href="https://twitter.com/cancapablanca" target="_blank">cancapablanca</a>	0	22	0					012
@Candeliano	<a href="https://twitter.com/Candeliano" target="_blank">Candeliano</a>	0	4	0					001
@canelons12	<a href="https://twitter.com/canelons12" target="_blank">canelons12</a>	11	0	1	48	65	13348		066
@canricart	<a href="https://twitter.com/canricart" target="_blank">canricart</a>	31	0	1	600	511	14383	poblenou (barcelona)	008
@CapgiremVic	<a href="https://twitter.com/CapgiremVic" target="_blank">CapgiremVic</a>	2	0	1	1849	451	11615		017
@capitacanavego	<a href="https://twitter.com/capitacanavego" target="_blank">capitacanavego</a>	14	0	1	642	1956	31565		002
@caragirat	<a href="https://twitter.com/caragirat" target="_blank">caragirat</a>	5	0	1	2306	1890	55587	BARCELONA - Catalunya	006
@carlaa_r	<a href="https://twitter.com/carlaa_r" target="_blank">carlaa_r</a>	1	0	1	137	223	1349		283
@carles_giroimat	<a href="https://twitter.com/carles_giroimat" target="_blank">carles_giroimat</a>	5	0	1	1926	1389	7113	Salt - Girona - Barcelona	154
@Carles_Sec	<a href="https://twitter.com/Carles_Sec" target="_blank">Carles_Sec</a>	10	0	1	95	74	4363		009
@Carles1968	<a href="https://twitter.com/Carles1968" target="_blank">Carles1968</a>	2	0	1	196	630	1828	Sabadell - Països Catalans	013
@carlesarmengol	<a href="https://twitter.com/carlesarmengol" target="_blank">carlesarmengol</a>	8	0	2	3361	2986	57606		001
@carlesbert	<a href="https://twitter.com/carlesbert" target="_blank">carlesbert</a>	6	5	0	323	301	3261	Barcelona, Espanya	004
@carlescid1	<a href="https://twitter.com/carlescid1" target="_blank">carlescid1</a>	2	0	1	48	132	2104	Espanya	001
@CarlesHeredia	<a href="https://twitter.com/CarlesHeredia" target="_blank">CarlesHeredia</a>	1	1	0	1257	850	2420	Valls	201
@CarlesMacian	<a href="https://twitter.com/CarlesMacian" target="_blank">CarlesMacian</a>	2	0	1	921	1594	3427		001
@carlesmayoral	<a href="https://twitter.com/carlesmayoral" target="_blank">carlesmayoral</a>	2	0	1	144	415	1648		001
@CarlesMundo	<a href="https://twitter.com/CarlesMundo" target="_blank">CarlesMundo</a>	1	48	0	15715	834	7987	Catalunya	006
@carlesmurillof	<a href="https://twitter.com/carlesmurillof" target="_blank">carlesmurillof</a>	0	1	0					184
@carlespamies	<a href="https://twitter.com/carlespamies" target="_blank">carlespamies</a>	26	0	7	1178	1103	86670	Castellví d la Marca Catalunya	001
@CARLESRIUS	<a href="https://twitter.com/CARLESRIUS" target="_blank">CARLESRIUS</a>	9	0	1	4270	4532	49035	BCN-VNG-BELLCAIRE D'URGELL	019
@carlesrocapou	<a href="https://twitter.com/carlesrocapou" target="_blank">carlesrocapou</a>	2	0	1	296	276	640		236
@carlestorras	<a href="https://twitter.com/carlestorras" target="_blank">carlestorras</a>	1	0	1	14169	1336	12531	MADRID	001
@CarlesValbuena	<a href="https://twitter.com/CarlesValbuena" target="_blank">CarlesValbuena</a>	6	0	1	103	572	10218	Barcelona	007
@CarlesVidal	<a href="https://twitter.com/CarlesVidal" target="_blank">CarlesVidal</a>	3	0	1	249	515	5045	Sant Cugat, Barcelona	105
@CarlosJMartin2	<a href="https://twitter.com/CarlosJMartin2" target="_blank">CarlosJMartin2</a>	1	0	1	731	959	15967	Ciudad del Betis	080
@CarlotaBongo	<a href="https://twitter.com/CarlotaBongo" target="_blank">CarlotaBongo</a>	3	0	1	79	217	1461		008
@carme_corominas	<a href="https://twitter.com/carme_corominas" target="_blank">carme_corominas</a>	14	0	1	11	25	3319		019
@carmecalvell	<a href="https://twitter.com/carmecalvell" target="_blank">carmecalvell</a>	1	0	1	384	767	16762		010
@CarmeCots	<a href="https://twitter.com/CarmeCots" target="_blank">CarmeCots</a>	5	0	1	22	90	1399		001
@carmen_uviedo	<a href="https://twitter.com/carmen_uviedo" target="_blank">carmen_uviedo</a>	16	0	1	82	227	6818	Premià de Mar, Catalunya	035
@carmerieramin	<a href="https://twitter.com/carmerieramin" target="_blank">carmerieramin</a>	7	0	1	418	210	8602		079
@carmesanfeliu2	<a href="https://twitter.com/carmesanfeliu2" target="_blank">carmesanfeliu2</a>	1	0	1	113	202	943	Catalunya	001
@Carmina7	<a href="https://twitter.com/Carmina7" target="_blank">Carmina7</a>	4	0	1	1144	616	3758	Sort, Pallars Sobirà ||*||	008
@CarolinaDoblad	<a href="https://twitter.com/CarolinaDoblad" target="_blank">CarolinaDoblad</a>	1	0	1	47	194	376		278
@CarreraVila	<a href="https://twitter.com/CarreraVila" target="_blank">CarreraVila</a>	1	0	1	998	2225	14352	Catalunya	015
@CarullaDaniel	<a href="https://twitter.com/CarullaDaniel" target="_blank">CarullaDaniel</a>	9	0	1	1196	1034	36324		001
@casado_monge	<a href="https://twitter.com/casado_monge" target="_blank">casado_monge</a>	1	0	1	84	138	5503		007
@CasalEsparrec	<a href="https://twitter.com/CasalEsparrec" target="_blank">CasalEsparrec</a>	0	1	0					182
@casamadavalls	<a href="https://twitter.com/casamadavalls" target="_blank">casamadavalls</a>	27	0	1	129	310	16150		001
@castells_emma	<a href="https://twitter.com/castells_emma" target="_blank">castells_emma</a>	2	0	1	295	611	13629		001
@castellviteresa	<a href="https://twitter.com/castellviteresa" target="_blank">castellviteresa</a>	2	0	1	741	539	66136	paris france	009
@cat_sule	<a href="https://twitter.com/cat_sule" target="_blank">cat_sule</a>	1	0	1	30	126	459	catalunya	071
@CATaccio11	<a href="https://twitter.com/CATaccio11" target="_blank">CATaccio11</a>	17	1	1	1600	1908	7288		001
@cataladelsud	<a href="https://twitter.com/cataladelsud" target="_blank">cataladelsud</a>	73	0	1	1154	1886	9980	La Plana, Països Catalans	001
@catalaMaulet	<a href="https://twitter.com/catalaMaulet" target="_blank">catalaMaulet</a>	10	0	1	2668	2877	89556	Camp del Arpa	032
@CatalanRobot	<a href="https://twitter.com/CatalanRobot" target="_blank">CatalanRobot</a>	54	0	2	239	1	22090	Catalonia	016
@Cataleiro	<a href="https://twitter.com/Cataleiro" target="_blank">Cataleiro</a>	9	0	1	170	319	18532	Catalonia	001
@Catalonia1640	<a href="https://twitter.com/Catalonia1640" target="_blank">Catalonia1640</a>	48	0	1	3007	4939	54799		001
@CatarifeTrs	<a href="https://twitter.com/CatarifeTrs" target="_blank">CatarifeTrs</a>	3	0	1	250	798	3201	Tenerife	163
@CATaronja	<a href="https://twitter.com/CATaronja" target="_blank">CATaronja</a>	11	0	2	362	620	17001	Catalunya	066
@CatCentralDC	<a href="https://twitter.com/CatCentralDC" target="_blank">CatCentralDC</a>	0	6	0					023
@CATexit61	<a href="https://twitter.com/CATexit61" target="_blank">CATexit61</a>	5	0	1	57	196	4728	Ciutadà Del Món	019
@CATJRD	<a href="https://twitter.com/CATJRD" target="_blank">CATJRD</a>	39	0	1	260	372	6994	CATALUNYA	001
@CatorzeCat	<a href="https://twitter.com/CatorzeCat" target="_blank">CatorzeCat</a>	1	0	1	25771	3393	30811		091
@catyvall	<a href="https://twitter.com/catyvall" target="_blank">catyvall</a>	8	0	1	108	193	17492		001
@cbonaventura	<a href="https://twitter.com/cbonaventura" target="_blank">cbonaventura</a>	40	0	5	3764	4415	71820	Girona	001
@cchetrit	<a href="https://twitter.com/cchetrit" target="_blank">cchetrit</a>	23	0	1	60	134	3582	Banyoles, Spain	223
@CdeCake	<a href="https://twitter.com/CdeCake" target="_blank">CdeCake</a>	4	0	1	92	188	2642	Pallejà, Catalunya	135
@CDR_SEulalia	<a href="https://twitter.com/CDR_SEulalia" target="_blank">CDR_SEulalia</a>	12	1	0	501	378	236	L'Hospitalet de Llobregat	170
@CDReferendumVic	<a href="https://twitter.com/CDReferendumVic" target="_blank">CDReferendumVic</a>	5	0	2	758	309	276	Vic, Osona	017
@CDRepublica	<a href="https://twitter.com/CDRepublica" target="_blank">CDRepublica</a>	0	1	0					167
@CDRGoticRaval	<a href="https://twitter.com/CDRGoticRaval" target="_blank">CDRGoticRaval</a>	11	9	0	982	44	497	El Raval, Barcelona	022
@CDRstap	<a href="https://twitter.com/CDRstap" target="_blank">CDRstap</a>	19	0	3	1980	748	830	Sant Andreu de Palomar	030
@cdrvng	<a href="https://twitter.com/cdrvng" target="_blank">cdrvng</a>	50	4	1	1459	38	726	Vilanova i la Geltrú	025
@cecilia05021966	<a href="https://twitter.com/cecilia05021966" target="_blank">cecilia05021966</a>	1	0	1	6	79	459		044
@cedes950	<a href="https://twitter.com/cedes950" target="_blank">cedes950</a>	6	0	1	566	1095	15786	Catalunya	019
@celesvillaverde	<a href="https://twitter.com/celesvillaverde" target="_blank">celesvillaverde</a>	7	0	1	1700	2336	52654		001
@celsodiazgz	<a href="https://twitter.com/celsodiazgz" target="_blank">celsodiazgz</a>	1	0	1	115	316	1114	Barcelona	033
@cephei_scg	<a href="https://twitter.com/cephei_scg" target="_blank">cephei_scg</a>	1	0	1	45	132	55		001
@cerezaruth	<a href="https://twitter.com/cerezaruth" target="_blank">cerezaruth</a>	13	0	1	662	707	8708	🇷🇪🇵 🇨🇦🇹🇦🇱🇦🇳🇦	001
@CesarMunizC	<a href="https://twitter.com/CesarMunizC" target="_blank">CesarMunizC</a>	1	0	1	25	102	468		071
@CescaEsteve	<a href="https://twitter.com/CescaEsteve" target="_blank">CescaEsteve</a>	8	0	1	807	790	65526		001
@Cescanela	<a href="https://twitter.com/Cescanela" target="_blank">Cescanela</a>	1	0	1	92	236	2558	Terrassa	082
@cescrossinyol	<a href="https://twitter.com/cescrossinyol" target="_blank">cescrossinyol</a>	2	0	1	255	750	1336		006
@CescZapata	<a href="https://twitter.com/CescZapata" target="_blank">CescZapata</a>	4	0	1	104	192	7697	Catalunya	007
@cforganya	<a href="https://twitter.com/cforganya" target="_blank">cforganya</a>	2	0	1	782	150	2246	Organyà	117
@cfrd1909cat	<a href="https://twitter.com/cfrd1909cat" target="_blank">cfrd1909cat</a>	70	0	1	391	457	20882	Reus, Catalunya	001
@cfustepe	<a href="https://twitter.com/cfustepe" target="_blank">cfustepe</a>	3	0	1	12	77	1344		001
@cgomezgili	<a href="https://twitter.com/cgomezgili" target="_blank">cgomezgili</a>	1	1	0	1139	847	8450	Calella	164
@ChachoAlmaraz	<a href="https://twitter.com/ChachoAlmaraz" target="_blank">ChachoAlmaraz</a>	2	7	0	3134	195	13608	Por el bajo Llobregat	062
@ChanchiFjd	<a href="https://twitter.com/ChanchiFjd" target="_blank">ChanchiFjd</a>	1	0	1	26	237	113		080
@Chanespineda	<a href="https://twitter.com/Chanespineda" target="_blank">Chanespineda</a>	6	0	1	2721	3036	9693	Barcelona (CAT)	098
@charliesbd	<a href="https://twitter.com/charliesbd" target="_blank">charliesbd</a>	9	0	2	1836	2523	7357	República de Catalunya	006
@charliostag	<a href="https://twitter.com/charliostag" target="_blank">charliostag</a>	1	0	1	292	431	8230	La Garriga	001
@CHGjoies	<a href="https://twitter.com/CHGjoies" target="_blank">CHGjoies</a>	1	3	0	1258	505	83621	El Meu Taller ❤	103
@ChuckBeretz	<a href="https://twitter.com/ChuckBeretz" target="_blank">ChuckBeretz</a>	1	0	1	634	63	7940	California Republic	161
@chulidelbruc	<a href="https://twitter.com/chulidelbruc" target="_blank">chulidelbruc</a>	14	0	1	120	611	3635		064
@ChusZ	<a href="https://twitter.com/ChusZ" target="_blank">ChusZ</a>	10	0	1	206	121	13850	Barcelona	208
@cienciaesfacil	<a href="https://twitter.com/cienciaesfacil" target="_blank">cienciaesfacil</a>	1	0	1	403	515	3588	Barcelona	240
@Cigro2	<a href="https://twitter.com/Cigro2" target="_blank">Cigro2</a>	12	0	2	19	39	2483		001
@cipotal	<a href="https://twitter.com/cipotal" target="_blank">cipotal</a>	3	0	1	892	2292	11431	Catalan Republic	008
@ciscopuig	<a href="https://twitter.com/ciscopuig" target="_blank">ciscopuig</a>	2	0	1	865	2421	1171	Gràcia (Barcelona)	019
@CiscuOlivera	<a href="https://twitter.com/CiscuOlivera" target="_blank">CiscuOlivera</a>	8	0	1	175	161	10126	Barcelona, catalan republi	001
@CiscuOrtega	<a href="https://twitter.com/CiscuOrtega" target="_blank">CiscuOrtega</a>	27	0	1	210	403	8393	Vilanova i la Geltrú	162
@Cjaumev	<a href="https://twitter.com/Cjaumev" target="_blank">Cjaumev</a>	28	0	2	974	2003	40287		020
@clararoher	<a href="https://twitter.com/clararoher" target="_blank">clararoher</a>	1	0	1	54	78	39		065
@ClaritaBernat	<a href="https://twitter.com/ClaritaBernat" target="_blank">ClaritaBernat</a>	0	3	0					049
@clarquinyol	<a href="https://twitter.com/clarquinyol" target="_blank">clarquinyol</a>	1	1	0	157	634	1510	Catalunya	149
@clermMarisa	<a href="https://twitter.com/clermMarisa" target="_blank">clermMarisa</a>	1	0	1	683	623	15575	Amer	141
@climent1212	<a href="https://twitter.com/climent1212" target="_blank">climent1212</a>	5	0	1	1314	1300	27911	CATALUNYA	005
@ClotDecideix	<a href="https://twitter.com/ClotDecideix" target="_blank">ClotDecideix</a>	11	2	0	982	213	804	el Camp de l'Arpa del Clot	112
@ClotEnComu	<a href="https://twitter.com/ClotEnComu" target="_blank">ClotEnComu</a>	9	0	1	1619	3218	11709	Clot-Camp de l'Arpa, Barcelona	112
@CobetEnric	<a href="https://twitter.com/CobetEnric" target="_blank">CobetEnric</a>	8	0	2	131	137	28843		019
@coiaballest	<a href="https://twitter.com/coiaballest" target="_blank">coiaballest</a>	2	0	1	2399	477	4241	Catalunya	145
@cold_karel	<a href="https://twitter.com/cold_karel" target="_blank">cold_karel</a>	2	0	1	148	685	3814	Poitiers	013
@ComaladaPere	<a href="https://twitter.com/ComaladaPere" target="_blank">ComaladaPere</a>	5	0	1	105	722	535		019
@comanec	<a href="https://twitter.com/comanec" target="_blank">comanec</a>	17	0	1	478	537	29248	Súria	165
@ComesFrancesc	<a href="https://twitter.com/ComesFrancesc" target="_blank">ComesFrancesc</a>	3	0	1	17	140	543		019
@ComiNicol	<a href="https://twitter.com/ComiNicol" target="_blank">ComiNicol</a>	2	0	1	7	106	222		001
@ConfiteorBlog	<a href="https://twitter.com/ConfiteorBlog" target="_blank">ConfiteorBlog</a>	0	1	0					055
@ConsolCervera	<a href="https://twitter.com/ConsolCervera" target="_blank">ConsolCervera</a>	2	0	2	304	405	7721	Catalunya	010
@cora_mm	<a href="https://twitter.com/cora_mm" target="_blank">cora_mm</a>	2	0	1	996	802	3680		079
@coralbellesarts	<a href="https://twitter.com/coralbellesarts" target="_blank">coralbellesarts</a>	1	1	0	546	260	500	Sabadell	147
@corbera13	<a href="https://twitter.com/corbera13" target="_blank">corbera13</a>	2	0	1	153	538	1697		071
@cosetano2	<a href="https://twitter.com/cosetano2" target="_blank">cosetano2</a>	9	0	2	180	265	8868		059
@cotarelo_lorena	<a href="https://twitter.com/cotarelo_lorena" target="_blank">cotarelo_lorena</a>	3	0	1	39	83	1196	Santpedor, Espanya	078
@cplanasal	<a href="https://twitter.com/cplanasal" target="_blank">cplanasal</a>	6	0	1	28	49	5073	Barcelona, España	084
@CRIS_taconassos	<a href="https://twitter.com/CRIS_taconassos" target="_blank">CRIS_taconassos</a>	4	4	0	4622	2292	75076	Catalunya	092
@CrisCanizares1	<a href="https://twitter.com/CrisCanizares1" target="_blank">CrisCanizares1</a>	0	1	0					146
@crismatarin	<a href="https://twitter.com/crismatarin" target="_blank">crismatarin</a>	1	0	1	43	340	553		072
@Crissanpu	<a href="https://twitter.com/Crissanpu" target="_blank">Crissanpu</a>	1	0	1	22	43	179		051
@crissansem	<a href="https://twitter.com/crissansem" target="_blank">crissansem</a>	15	0	1	954	919	57644	Catalunya	081
@Cristinacrisc	<a href="https://twitter.com/Cristinacrisc" target="_blank">Cristinacrisc</a>	9	0	1	17	123	1274		007
@cristinasola74	<a href="https://twitter.com/cristinasola74" target="_blank">cristinasola74</a>	0	3	0					051
@CristofolOrtola	<a href="https://twitter.com/CristofolOrtola" target="_blank">CristofolOrtola</a>	1	0	1	949	1143	5991	Catalunya, Barcelona, Sants	070
@cryptoparrot	<a href="https://twitter.com/cryptoparrot" target="_blank">cryptoparrot</a>	2	0	1	2	0	33		142
@csj_cor	<a href="https://twitter.com/csj_cor" target="_blank">csj_cor</a>	1	0	1	384	612	15396		012
@Cucua30Ratusa	<a href="https://twitter.com/Cucua30Ratusa" target="_blank">Cucua30Ratusa</a>	2	0	1	549	655	23804	baleares	070
@CuevasEnric	<a href="https://twitter.com/CuevasEnric" target="_blank">CuevasEnric</a>	3	0	2	48	168	1077	Tarragona, Catalunya	115
@CUPBarcelona	<a href="https://twitter.com/CUPBarcelona" target="_blank">CUPBarcelona</a>	7	7	0	19446	1580	32803	Barcelona	065
@cuplagarriga	<a href="https://twitter.com/cuplagarriga" target="_blank">cuplagarriga</a>	3	2	0	1828	1562	3397	La Garriga - Països Catalans	018
@CUPMatadepera	<a href="https://twitter.com/CUPMatadepera" target="_blank">CUPMatadepera</a>	1	0	1	417	589	1437	Matadepera, PPCC	151
@CUPPonent	<a href="https://twitter.com/CUPPonent" target="_blank">CUPPonent</a>	1	1	0	1582	1388	2826		032
@CUPSabadell	<a href="https://twitter.com/CUPSabadell" target="_blank">CUPSabadell</a>	9	0	1	4361	2459	12933	Sabadell, Països Catalans	012
@CUPSantCeloni	<a href="https://twitter.com/CUPSantCeloni" target="_blank">CUPSantCeloni</a>	0	2	0					018
@cupsants	<a href="https://twitter.com/cupsants" target="_blank">cupsants</a>	2	0	1	3608	1223	19740	Sants, Països Catalans	065
@CUPstap	<a href="https://twitter.com/CUPstap" target="_blank">CUPstap</a>	3	1	0	2167	479	5866	Sant Andreu de Palomar	030
@CUPTarragona	<a href="https://twitter.com/CUPTarragona" target="_blank">CUPTarragona</a>	18	8	0	4044	1378	21590	Tarragona, Països Catalans	089
@cupvobm	<a href="https://twitter.com/cupvobm" target="_blank">cupvobm</a>	11	0	2	123	213	1788	Vallès Oriental-Baix Montseny	018
@cvfluri	<a href="https://twitter.com/cvfluri" target="_blank">cvfluri</a>	0	1	0					283
@Daavidm1108	<a href="https://twitter.com/Daavidm1108" target="_blank">Daavidm1108</a>	3	0	1	85	182	2746	Barcelona, Catalunya, Europe	059
@dadma2010	<a href="https://twitter.com/dadma2010" target="_blank">dadma2010</a>	16	0	1	848	1840	28810		001
@DaliEnfurismada	<a href="https://twitter.com/DaliEnfurismada" target="_blank">DaliEnfurismada</a>	34	0	2	611	699	47271	Badalona	005
@damontanya	<a href="https://twitter.com/damontanya" target="_blank">damontanya</a>	3	0	1	303	621	10085	Aquí	010
@dancrosas	<a href="https://twitter.com/dancrosas" target="_blank">dancrosas</a>	1	1	0	43	23	263		284
@danielbetoret	<a href="https://twitter.com/danielbetoret" target="_blank">danielbetoret</a>	13	0	2	791	604	9109	Alacant	058
@danieledibi88	<a href="https://twitter.com/danieledibi88" target="_blank">danieledibi88</a>	1	0	1	387	1352	6979	IT FR CAT DE UK USA	071
@DanielGanxets	<a href="https://twitter.com/DanielGanxets" target="_blank">DanielGanxets</a>	2	0	1	633	1485	2360		001
@DanielMiragall	<a href="https://twitter.com/DanielMiragall" target="_blank">DanielMiragall</a>	1	0	1	119	96	1710	Vallès Oc., BCN (Catalunya)	093
@danieltorrelles	<a href="https://twitter.com/danieltorrelles" target="_blank">danieltorrelles</a>	15	0	1	4369	749	159358	Barcelona - Catalunya	001
@DaniMartiGarin	<a href="https://twitter.com/DaniMartiGarin" target="_blank">DaniMartiGarin</a>	5	0	1	135	165	1011		270
@danivalverdeb	<a href="https://twitter.com/danivalverdeb" target="_blank">danivalverdeb</a>	14	0	2	954	877	63460	Catalunya	019
@DANNYWAVE75	<a href="https://twitter.com/DANNYWAVE75" target="_blank">DANNYWAVE75</a>	6	0	1	5	177	1994	Sant Pere de Ribes, Espanya	001
@Danyledes3	<a href="https://twitter.com/Danyledes3" target="_blank">Danyledes3</a>	1	0	1	52	197	58	Rellinars	008
@daranas_jordi	<a href="https://twitter.com/daranas_jordi" target="_blank">daranas_jordi</a>	2	0	1	168	542	689	Vidreres	019
@David_SiSi	<a href="https://twitter.com/David_SiSi" target="_blank">David_SiSi</a>	1	0	1	96	215	320	A cavall de dos llocs	071
@DavidBerenguerB	<a href="https://twitter.com/DavidBerenguerB" target="_blank">DavidBerenguerB</a>	13	0	1	63	76	8476		070
@DavidBonet10	<a href="https://twitter.com/DavidBonet10" target="_blank">DavidBonet10</a>	3	0	2	10	76	275		008
@davidcompanyon	<a href="https://twitter.com/davidcompanyon" target="_blank">davidcompanyon</a>	9	0	1	6907	1870	36517	República Catalana	004
@davidegea	<a href="https://twitter.com/davidegea" target="_blank">davidegea</a>	5	0	1	4448	894	93401	Sant Andreu-Terrassa-CATALUNYA	001
@DavidElviraM	<a href="https://twitter.com/DavidElviraM" target="_blank">DavidElviraM</a>	1	0	1	1381	129	2854	Barcelona	006
@davidesclusa	<a href="https://twitter.com/davidesclusa" target="_blank">davidesclusa</a>	1	0	1	79	190	1384	Sant Fost de Campsentelles	001
@DavidFe35426605	<a href="https://twitter.com/DavidFe35426605" target="_blank">DavidFe35426605</a>	4	0	1	29	51	3362	Argentona	009
@davidferrerc	<a href="https://twitter.com/davidferrerc" target="_blank">davidferrerc</a>	6	0	1	711	1626	9287		001
@davidmurillob	<a href="https://twitter.com/davidmurillob" target="_blank">davidmurillob</a>	2	0	1	701	600	11580	Sant Cugat del Vallès	001
@davidroviram	<a href="https://twitter.com/davidroviram" target="_blank">davidroviram</a>	3	0	2	70	65	1066		078
@dboschpe	<a href="https://twitter.com/dboschpe" target="_blank">dboschpe</a>	1	0	1	896	2529	3534	Manlleu.Catalunya.Europa UE.	023
@dcoscu	<a href="https://twitter.com/dcoscu" target="_blank">dcoscu</a>	3	0	1	1091	3608	23063	Barcelona - IT - BCN	001
@DDavidRR	<a href="https://twitter.com/DDavidRR" target="_blank">DDavidRR</a>	1	0	1	168	305	2865	Benito Villamarín	080
@deBCNalmundo	<a href="https://twitter.com/deBCNalmundo" target="_blank">deBCNalmundo</a>	4	0	1	122	580	10173		072
@deiviit89	<a href="https://twitter.com/deiviit89" target="_blank">deiviit89</a>	1	1	0	729	68	2324	Badalona, Cataluña	031
@dejaddevotarhdp	<a href="https://twitter.com/dejaddevotarhdp" target="_blank">dejaddevotarhdp</a>	1	0	1	71	353	1266		072
@DeliaEstevez	<a href="https://twitter.com/DeliaEstevez" target="_blank">DeliaEstevez</a>	4	0	1	490	982	12386	From Lleida to the world	001
@DemocratesBCN	<a href="https://twitter.com/DemocratesBCN" target="_blank">DemocratesBCN</a>	11	0	1	728	600	4155	Barcelona, Cataluña	023
@DemocratesJoves	<a href="https://twitter.com/DemocratesJoves" target="_blank">DemocratesJoves</a>	0	1	0					281
@denterd	<a href="https://twitter.com/denterd" target="_blank">denterd</a>	9	2	0	9160	259	33021	Genève (Suisse)	076
@der_bluthund	<a href="https://twitter.com/der_bluthund" target="_blank">der_bluthund</a>	9	0	1	8398	1656	472410	South East, England	058
@desconnectada	<a href="https://twitter.com/desconnectada" target="_blank">desconnectada</a>	10	0	1	1950	1931	50760	BCN, Catalunya	001
@DesEsseintes_Jr	<a href="https://twitter.com/DesEsseintes_Jr" target="_blank">DesEsseintes_Jr</a>	3	0	1	521	1925	4819	Catalonia	070
@desobdcme	<a href="https://twitter.com/desobdcme" target="_blank">desobdcme</a>	7	0	1	146	265	9207	Iruña	144
@DeSupergil3	<a href="https://twitter.com/DeSupergil3" target="_blank">DeSupergil3</a>	4	0	2	1822	2091	26416	Catalunya-Junts pel si.	066
@devantalades	<a href="https://twitter.com/devantalades" target="_blank">devantalades</a>	3	0	1	96	524	2014	Oklahoma City	082
@Dew231973	<a href="https://twitter.com/Dew231973" target="_blank">Dew231973</a>	15	0	1	374	1409	3973	República de Catalunya	009
@dfertl	<a href="https://twitter.com/dfertl" target="_blank">dfertl</a>	10	1	0	1136	3400	4786	Brussels, Belgium	279
@dgalileag	<a href="https://twitter.com/dgalileag" target="_blank">dgalileag</a>	6	0	1	88	591	2696		210
@diablesbat	<a href="https://twitter.com/diablesbat" target="_blank">diablesbat</a>	0	1	0					280
@dialecsost	<a href="https://twitter.com/dialecsost" target="_blank">dialecsost</a>	5	0	1	1141	306	36423	Catalunya, Europa	003
@Diana_Pags	<a href="https://twitter.com/Diana_Pags" target="_blank">Diana_Pags</a>	6	0	2	296	657	2500	Mataró - Catalunya	001
@dianit57	<a href="https://twitter.com/dianit57" target="_blank">dianit57</a>	1	0	1	7	63	276		012
@diariARA	<a href="https://twitter.com/diariARA" target="_blank">diariARA</a>	0	1	0					032
@DidacLopezVinas	<a href="https://twitter.com/DidacLopezVinas" target="_blank">DidacLopezVinas</a>	9	0	3	174	402	5960	Caldes de Malavella	001
@DidacMoreno	<a href="https://twitter.com/DidacMoreno" target="_blank">DidacMoreno</a>	1	0	1	1507	698	3708	Bcn-Girona-Figueres-Vilafant	044
@didaz	<a href="https://twitter.com/didaz" target="_blank">didaz</a>	1	0	1	123	87	2080	Palma de Mallorca	071
@Dionis7vetes	<a href="https://twitter.com/Dionis7vetes" target="_blank">Dionis7vetes</a>	7	0	1	3454	1127	13015		060
@DjRepubliCAT	<a href="https://twitter.com/DjRepubliCAT" target="_blank">DjRepubliCAT</a>	11	2	0	5127	5222	30232	República Catalana	119
@dmascort	<a href="https://twitter.com/dmascort" target="_blank">dmascort</a>	0	4	0					097
@dmun2010	<a href="https://twitter.com/dmun2010" target="_blank">dmun2010</a>	2	0	1	339	1011	3223		140
@dnicatala	<a href="https://twitter.com/dnicatala" target="_blank">dnicatala</a>	26	0	1	8855	1570	174784	Terrassa, Catalunya	119
@DnkMdz_	<a href="https://twitter.com/DnkMdz_" target="_blank">DnkMdz_</a>	1	0	1	196	214	3974	Madrid	072
@dobiols_	<a href="https://twitter.com/dobiols_" target="_blank">dobiols_</a>	4	0	1	144	516	556	Balsareny, Espanya	061
@doctordinamo	<a href="https://twitter.com/doctordinamo" target="_blank">doctordinamo</a>	28	0	1	24	53	5532		012
@doctorjanofi	<a href="https://twitter.com/doctorjanofi" target="_blank">doctorjanofi</a>	9	0	1	44	364	4028	Barcelona, España	072
@doctorslum75	<a href="https://twitter.com/doctorslum75" target="_blank">doctorslum75</a>	6	0	1	354	520	9148	Nueva York, USA	086
@dolors_cp	<a href="https://twitter.com/dolors_cp" target="_blank">dolors_cp</a>	6	0	2	231	873	9606	Puigcerdà	001
@dolors_pujol	<a href="https://twitter.com/dolors_pujol" target="_blank">dolors_pujol</a>	5	0	1	260	576	12182	Mollerussa	001
@Dolors63	<a href="https://twitter.com/Dolors63" target="_blank">Dolors63</a>	25	0	2	3360	1217	112503	Catalunya	019
@dolorsestradac1	<a href="https://twitter.com/dolorsestradac1" target="_blank">dolorsestradac1</a>	4	0	1	46	72	7272		008
@dolorsoro	<a href="https://twitter.com/dolorsoro" target="_blank">dolorsoro</a>	3	0	1	43	206	5998		001
@dolorspm53	<a href="https://twitter.com/dolorspm53" target="_blank">dolorspm53</a>	3	0	1	39	83	2659		044
@DOLORSREI	<a href="https://twitter.com/DOLORSREI" target="_blank">DOLORSREI</a>	3	0	1	3312	3086	91352	Reus, Catalunya.	026
@DolsR	<a href="https://twitter.com/DolsR" target="_blank">DolsR</a>	28	0	2	366	428	35650	Barcelona	019
@Dom70Bcn	<a href="https://twitter.com/Dom70Bcn" target="_blank">Dom70Bcn</a>	12	0	1	3923	3288	117799	Barcelona	019
@domenech_lluis	<a href="https://twitter.com/domenech_lluis" target="_blank">domenech_lluis</a>	77	0	1	950	2902	29578		042
@dora_nicoletta	<a href="https://twitter.com/dora_nicoletta" target="_blank">dora_nicoletta</a>	32	0	2	13074	11179	255114	Barcelona, Catalunya	036
@dorma246	<a href="https://twitter.com/dorma246" target="_blank">dorma246</a>	1	0	1	210	569	2828		044
@dpe1979j	<a href="https://twitter.com/dpe1979j" target="_blank">dpe1979j</a>	3	0	1	89	228	831	Santa Eulàlia Puig-oriol CAT.	019
@dpons73	<a href="https://twitter.com/dpons73" target="_blank">dpons73</a>	2	0	1	150	414	2719		105
@DPuig2	<a href="https://twitter.com/DPuig2" target="_blank">DPuig2</a>	1	0	1	125	297	4108		001
@DraRubioMayol	<a href="https://twitter.com/DraRubioMayol" target="_blank">DraRubioMayol</a>	31	8	3	861	1304	33770	La Selva del Camp	003
@Drehgestell	<a href="https://twitter.com/Drehgestell" target="_blank">Drehgestell</a>	9	0	1	520	591	130454	Badalona	001
@Dsolerortinez	<a href="https://twitter.com/Dsolerortinez" target="_blank">Dsolerortinez</a>	1	0	1	116	182	98	Barcelona-Igualada-Sabadell	079
@dunanova	<a href="https://twitter.com/dunanova" target="_blank">dunanova</a>	2	0	1	63	632	519	Catalonia	019
@DuranFerrer2017	<a href="https://twitter.com/DuranFerrer2017" target="_blank">DuranFerrer2017</a>	2	0	1	10	5	17	Sant Pol de Mar	121
@dvcabrera	<a href="https://twitter.com/dvcabrera" target="_blank">dvcabrera</a>	11	0	1	210	495	4122	Catalunya	001
@dvd_bcn	<a href="https://twitter.com/dvd_bcn" target="_blank">dvd_bcn</a>	6	0	2	827	1490	39581	Barcelona ☆ Catalunya ☆	005
@EBPidesign	<a href="https://twitter.com/EBPidesign" target="_blank">EBPidesign</a>	9	0	1	53	59	10528	Catalunya	001
@ebreah	<a href="https://twitter.com/ebreah" target="_blank">ebreah</a>	16	0	1	890	1928	53913	Kedah, Malaysia ~ Scotland	081
@EconomiaFiccion	<a href="https://twitter.com/EconomiaFiccion" target="_blank">EconomiaFiccion</a>	1	0	1	221	305	6960	Madrid, España	066
@edpuig	<a href="https://twitter.com/edpuig" target="_blank">edpuig</a>	2	0	1	115	296	6379		100
@edu5811	<a href="https://twitter.com/edu5811" target="_blank">edu5811</a>	6	0	1	42	381	5292		001
@eduard_federico	<a href="https://twitter.com/eduard_federico" target="_blank">eduard_federico</a>	10	0	1	58	150	5251	Catalunya	071
@EduardBiosca	<a href="https://twitter.com/EduardBiosca" target="_blank">EduardBiosca</a>	4	0	1	1649	587	5734	Terrassa, Espanya	019
@eduardcabus	<a href="https://twitter.com/eduardcabus" target="_blank">eduardcabus</a>	4	87	0	14503	5921	82460		019
@eduardcirera	<a href="https://twitter.com/eduardcirera" target="_blank">eduardcirera</a>	2	6	0	875	1054	7528	Catalunya	019
@eduardperez2008	<a href="https://twitter.com/eduardperez2008" target="_blank">eduardperez2008</a>	5	0	1	180	358	18872	Vallirana, Catalunya	203
@eduardvoltas	<a href="https://twitter.com/eduardvoltas" target="_blank">eduardvoltas</a>	1	0	1	35718	2626	78035	Barcelona	001
@educarma64	<a href="https://twitter.com/educarma64" target="_blank">educarma64</a>	1	0	1	50	58	908		128
@edugarcia03	<a href="https://twitter.com/edugarcia03" target="_blank">edugarcia03</a>	1	0	1	141	141	2073	Barcelona	007
@EduPiera	<a href="https://twitter.com/EduPiera" target="_blank">EduPiera</a>	3	0	1	854	1827	20646	La Fuliola	001
@egarciamon	<a href="https://twitter.com/egarciamon" target="_blank">egarciamon</a>	3	0	1	230	327	809		281
@egracieb	<a href="https://twitter.com/egracieb" target="_blank">egracieb</a>	8	0	2	3301	3293	85703	Scotland	027
@ehbildustz	<a href="https://twitter.com/ehbildustz" target="_blank">ehbildustz</a>	0	1	0					002
@Eiximena	<a href="https://twitter.com/Eiximena" target="_blank">Eiximena</a>	7	0	1	733	925	83744		078
@El_cen_pesos	<a href="https://twitter.com/El_cen_pesos" target="_blank">El_cen_pesos</a>	16	0	2	46	69	2602	Narón, España	037
@el_tapat	<a href="https://twitter.com/el_tapat" target="_blank">el_tapat</a>	4	0	1	41	81	2521		070
@elcamifapujada	<a href="https://twitter.com/elcamifapujada" target="_blank">elcamifapujada</a>	3	0	1	781	1127	34226		132
@ElGripau	<a href="https://twitter.com/ElGripau" target="_blank">ElGripau</a>	1	0	1	45	136	140	Oakland, CA	013
@EliAlos	<a href="https://twitter.com/EliAlos" target="_blank">EliAlos</a>	1	3	0	611	543	8267	Barcelona	105
@elisabethoj	<a href="https://twitter.com/elisabethoj" target="_blank">elisabethoj</a>	9	0	2	1081	1053	4145	Sant Quirze del Vallès	060
@Elisenda66	<a href="https://twitter.com/Elisenda66" target="_blank">Elisenda66</a>	9	0	1	528	583	12120	Vilafranca del Penedès	007
@ElisendaIngles	<a href="https://twitter.com/ElisendaIngles" target="_blank">ElisendaIngles</a>	1	0	1	363	549	1080	Barcelona	001
@ELISEURIBES	<a href="https://twitter.com/ELISEURIBES" target="_blank">ELISEURIBES</a>	4	0	1	24	118	939		001
@eljuliet_bnv	<a href="https://twitter.com/eljuliet_bnv" target="_blank">eljuliet_bnv</a>	2	0	1	150	151	7459		009
@elmeuamic	<a href="https://twitter.com/elmeuamic" target="_blank">elmeuamic</a>	1	0	1	7	33	663		071
@Elnomnofalacosa	<a href="https://twitter.com/Elnomnofalacosa" target="_blank">Elnomnofalacosa</a>	8	1	0	532	1112	14672	República Catalana	219
@eloibadia	<a href="https://twitter.com/eloibadia" target="_blank">eloibadia</a>	3	1	0	4066	1869	8366		220
@eloibcn	<a href="https://twitter.com/eloibcn" target="_blank">eloibcn</a>	2	0	1	816	977	14762	-Aravell, Barcelona, Darnius-	221
@eloikraken	<a href="https://twitter.com/eloikraken" target="_blank">eloikraken</a>	3	0	1	661	480	20342	Jorba- Catalunya	010
@elperiodico	<a href="https://twitter.com/elperiodico" target="_blank">elperiodico</a>	0	2	0					129
@eltorrat1	<a href="https://twitter.com/eltorrat1" target="_blank">eltorrat1</a>	15	0	1	295	750	5251	Manlleu	001
@eltrenas	<a href="https://twitter.com/eltrenas" target="_blank">eltrenas</a>	2	0	1	217	525	1810	la Trinitat Nova, Barcelona	148
@Elviraduranc	<a href="https://twitter.com/Elviraduranc" target="_blank">Elviraduranc</a>	22	0	1	4748	5218	75798	Barcelona, España	044
@elxerraire	<a href="https://twitter.com/elxerraire" target="_blank">elxerraire</a>	12	0	1	1440	1154	59121	Vilanova i la Geltrú	001
@Elxiquetdesanfe	<a href="https://twitter.com/Elxiquetdesanfe" target="_blank">Elxiquetdesanfe</a>	6	0	1	202	671	20989		001
@emdicsonia	<a href="https://twitter.com/emdicsonia" target="_blank">emdicsonia</a>	10	0	1	73	254	1713		001
@Emili_Pedrola	<a href="https://twitter.com/Emili_Pedrola" target="_blank">Emili_Pedrola</a>	2	0	1	183	424	1905	Catalunya	124
@emmasoler23	<a href="https://twitter.com/emmasoler23" target="_blank">emmasoler23</a>	1	0	1	87	246	596		071
@EncarnaMagin	<a href="https://twitter.com/EncarnaMagin" target="_blank">EncarnaMagin</a>	14	0	1	2188	2201	44717	Girona	001
@EnCesc	<a href="https://twitter.com/EnCesc" target="_blank">EnCesc</a>	3	0	1	202	419	15995	Catalunya	001
@Encoberts	<a href="https://twitter.com/Encoberts" target="_blank">Encoberts</a>	27	0	2	628	1505	52997	Xàtiva	052
@endavant_nord	<a href="https://twitter.com/endavant_nord" target="_blank">endavant_nord</a>	1	1	0	1033	363	3110	nord-oriental, Països Catalans	218
@Endavant_Valles	<a href="https://twitter.com/Endavant_Valles" target="_blank">Endavant_Valles</a>	2	0	1	1125	673	4395	Vallès Occidental	030
@engelbert1714	<a href="https://twitter.com/engelbert1714" target="_blank">engelbert1714</a>	2	0	1	674	835	9463	Mollerussa	001
@enmassagran1	<a href="https://twitter.com/enmassagran1" target="_blank">enmassagran1</a>	6	0	1	630	513	43135		060
@enriccrosas64	<a href="https://twitter.com/enriccrosas64" target="_blank">enriccrosas64</a>	2	0	1	500	754	15651	sant feliu de guixols	001
@EnricCTbcn	<a href="https://twitter.com/EnricCTbcn" target="_blank">EnricCTbcn</a>	13	0	1	91	123	9840	Barcelona	001
@enricfogas	<a href="https://twitter.com/enricfogas" target="_blank">enricfogas</a>	2	0	1	460	413	2357	Reus	003
@enricmercade	<a href="https://twitter.com/enricmercade" target="_blank">enricmercade</a>	1	3	0	1386	2322	8747	L'Espluga de Francolí	106
@enricsicra	<a href="https://twitter.com/enricsicra" target="_blank">enricsicra</a>	9	3	1	1411	1700	11081	#Mataró - #Catalunya	098
@EnricSol2	<a href="https://twitter.com/EnricSol2" target="_blank">EnricSol2</a>	2	0	1	495	1087	3344		069
@entitatger	<a href="https://twitter.com/entitatger" target="_blank">entitatger</a>	6	0	1	873	109	2746	Sant Pere de Ribes (Garraf)	131
@Epicuri	<a href="https://twitter.com/Epicuri" target="_blank">Epicuri</a>	20	0	1	371	332	70112		100
@erc_a_manresa	<a href="https://twitter.com/erc_a_manresa" target="_blank">erc_a_manresa</a>	2	2	0	2348	1536	3733	Manresa, Països Catalans	052
@ERC_agricultura	<a href="https://twitter.com/ERC_agricultura" target="_blank">ERC_agricultura</a>	1	0	1	20	49	28	Catalunya	097
@ERC_Salou	<a href="https://twitter.com/ERC_Salou" target="_blank">ERC_Salou</a>	0	2	0					133
@ERCCalella	<a href="https://twitter.com/ERCCalella" target="_blank">ERCCalella</a>	3	0	1	714	574	3967	Calella	164
@ercmataro	<a href="https://twitter.com/ercmataro" target="_blank">ercmataro</a>	8	0	1	2704	2552	14847	Mataró	254
@EricBerga	<a href="https://twitter.com/EricBerga" target="_blank">EricBerga</a>	3	0	1	549	560	2752	Països Catalans	004
@EricGallardo69	<a href="https://twitter.com/EricGallardo69" target="_blank">EricGallardo69</a>	20	0	1	127	643	5711	Catalonia	001
@erminialtarriba	<a href="https://twitter.com/erminialtarriba" target="_blank">erminialtarriba</a>	2	0	1	1495	2274	6038	BERGA	006
@ernest_pages	<a href="https://twitter.com/ernest_pages" target="_blank">ernest_pages</a>	3	0	1	247	591	11909	Bon Cop de Falç	007
@Ernest1899	<a href="https://twitter.com/Ernest1899" target="_blank">Ernest1899</a>	4	0	1	1945	1348	34108	Calella.	095
@ErnestPinsap	<a href="https://twitter.com/ErnestPinsap" target="_blank">ErnestPinsap</a>	33	0	4	258	1468	41808		021
@ErrejonDifusion	<a href="https://twitter.com/ErrejonDifusion" target="_blank">ErrejonDifusion</a>	1	0	1	4117	101	180143	Madrid	104
@escolabarnola	<a href="https://twitter.com/escolabarnola" target="_blank">escolabarnola</a>	1	1	0	91	34	166		216
@Escolan14	<a href="https://twitter.com/Escolan14" target="_blank">Escolan14</a>	2	0	1	165	245	15180		230
@escoltacat	<a href="https://twitter.com/escoltacat" target="_blank">escoltacat</a>	0	1	0					014
@esierraserra	<a href="https://twitter.com/esierraserra" target="_blank">esierraserra</a>	1	5	0	453	985	1320	Sant Antoni, Barcelona	091
@esjuel	<a href="https://twitter.com/esjuel" target="_blank">esjuel</a>	3	0	1	170	385	1996		103
@ESKnafarroa	<a href="https://twitter.com/ESKnafarroa" target="_blank">ESKnafarroa</a>	0	1	0					215
@espantaocell	<a href="https://twitter.com/espantaocell" target="_blank">espantaocell</a>	9	0	1	287	371	17212		039
@Espaolito5	<a href="https://twitter.com/Espaolito5" target="_blank">Espaolito5</a>	0	2	0					031
@esplaiscatalans	<a href="https://twitter.com/esplaiscatalans" target="_blank">esplaiscatalans</a>	0	1	0					214
@esportpelsi	<a href="https://twitter.com/esportpelsi" target="_blank">esportpelsi</a>	0	4	0					101
@espurnaajib	<a href="https://twitter.com/espurnaajib" target="_blank">espurnaajib</a>	2	1	0	925	1541	4421	Badalona | Països Catalans	021
@espurnadefoc	<a href="https://twitter.com/espurnadefoc" target="_blank">espurnadefoc</a>	2	0	1	176	503	5478		019
@esquerra_Salt	<a href="https://twitter.com/esquerra_Salt" target="_blank">esquerra_Salt</a>	4	0	1	963	791	3847	Salt	134
@esquerracamp	<a href="https://twitter.com/esquerracamp" target="_blank">esquerracamp</a>	7	0	1	1148	1184	6993	Països Catalans	045
@Esquitx17	<a href="https://twitter.com/Esquitx17" target="_blank">Esquitx17</a>	43	0	1	3225	3159	181256	Vilanna, Girona, Catalunya	019
@estemon	<a href="https://twitter.com/estemon" target="_blank">estemon</a>	36	0	1	458	528	6387	Barcelona	066
@Esterdelyu	<a href="https://twitter.com/Esterdelyu" target="_blank">Esterdelyu</a>	1	0	1	9	57	13	Sant Pere de Ribes, España	201
@estermartia	<a href="https://twitter.com/estermartia" target="_blank">estermartia</a>	35	0	1	2718	4999	170294	Tortosa	020
@EsterMatali	<a href="https://twitter.com/EsterMatali" target="_blank">EsterMatali</a>	10	1	0	1497	1066	14033	Terrassa, Catalunya	010
@EsterSantacana	<a href="https://twitter.com/EsterSantacana" target="_blank">EsterSantacana</a>	11	0	1	44	186	2675	barcelona, españa	001
@esther_cols	<a href="https://twitter.com/esther_cols" target="_blank">esther_cols</a>	2	0	1	5	111	244	Mataró, España	071
@esther0ramirez	<a href="https://twitter.com/esther0ramirez" target="_blank">esther0ramirez</a>	4	0	1	1046	3509	7585	Barcelona, Catalonia	099
@estripaboires	<a href="https://twitter.com/estripaboires" target="_blank">estripaboires</a>	3	0	1	208	604	4694	Catalunya (Nació)	204
@eugeniabr85	<a href="https://twitter.com/eugeniabr85" target="_blank">eugeniabr85</a>	4	0	1	433	745	3713	Vilafranca del Penedès	253
@EugeniMas	<a href="https://twitter.com/EugeniMas" target="_blank">EugeniMas</a>	25	0	1	198	543	29101		082
@eulaliagili	<a href="https://twitter.com/eulaliagili" target="_blank">eulaliagili</a>	7	0	1	729	214	64269	Palamós	001
@EulaliaSara	<a href="https://twitter.com/EulaliaSara" target="_blank">EulaliaSara</a>	11	0	1	514	531	21593	Spain	001
@eulaliasol	<a href="https://twitter.com/eulaliasol" target="_blank">eulaliasol</a>	4	0	1	153	501	1185	Castellterçol/Sant Andreu	244
@EUROLANG	<a href="https://twitter.com/EUROLANG" target="_blank">EUROLANG</a>	2	6	0	3647	1422	8969	Brussels, Truro, Barcelona.	058
@EvaAranguren1	<a href="https://twitter.com/EvaAranguren1" target="_blank">EvaAranguren1</a>	4	0	1	2245	1140	41821	Iruñea	063
@evaclauso	<a href="https://twitter.com/evaclauso" target="_blank">evaclauso</a>	0	4	0					096
@evaesnal	<a href="https://twitter.com/evaesnal" target="_blank">evaesnal</a>	2	0	1	56	83	4099		196
@EvaRuwe	<a href="https://twitter.com/EvaRuwe" target="_blank">EvaRuwe</a>	11	0	1	623	597	47762	Brussels	013
@evasebher	<a href="https://twitter.com/evasebher" target="_blank">evasebher</a>	1	0	1	18	96	442		198
@EvaVinolas	<a href="https://twitter.com/EvaVinolas" target="_blank">EvaVinolas</a>	0	1	0					022
@evbordas	<a href="https://twitter.com/evbordas" target="_blank">evbordas</a>	2	0	1	4	55	353	Catalunya.	014
@evelina_sachi1	<a href="https://twitter.com/evelina_sachi1" target="_blank">evelina_sachi1</a>	1	0	1	38	68	1102	Galicia, España	072
@extorquidor	<a href="https://twitter.com/extorquidor" target="_blank">extorquidor</a>	1	0	1	14	31	182		159
@FannyLaurenceau	<a href="https://twitter.com/FannyLaurenceau" target="_blank">FannyLaurenceau</a>	4	0	2	46	147	1819	Barcelona, Spain	034
@fatima13llc	<a href="https://twitter.com/fatima13llc" target="_blank">fatima13llc</a>	2	0	1	109	210	2109	RepúblicaCat	081
@fcesccruanyes	<a href="https://twitter.com/fcesccruanyes" target="_blank">fcesccruanyes</a>	0	1	0					211
@felisukobcn	<a href="https://twitter.com/felisukobcn" target="_blank">felisukobcn</a>	8	0	1	509	2121	28001	Barcelona, Catalunya, PPCC, EU	090
@ferranq9	<a href="https://twitter.com/ferranq9" target="_blank">ferranq9</a>	4	0	1	324	393	25538	Bcn, Republica de Catalunya-UE	001
@FerranSuay	<a href="https://twitter.com/FerranSuay" target="_blank">FerranSuay</a>	3	0	1	3639	2099	29071	País Valencià	058
@fetatarragona	<a href="https://twitter.com/fetatarragona" target="_blank">fetatarragona</a>	1	0	1	5014	625	12284	Tarragona, Catalunya	053
@FFPik	<a href="https://twitter.com/FFPik" target="_blank">FFPik</a>	2	0	1	17	150	766		079
@fgsmsf	<a href="https://twitter.com/fgsmsf" target="_blank">fgsmsf</a>	12	0	1	58	310	6534	prov Lleida	001
@filog3	<a href="https://twitter.com/filog3" target="_blank">filog3</a>	32	0	3	572	672	33835		013
@finaiglesias	<a href="https://twitter.com/finaiglesias" target="_blank">finaiglesias</a>	8	0	1	541	630	23645	L'Hospitalet Ll., Catalunya	001
@finasegria	<a href="https://twitter.com/finasegria" target="_blank">finasegria</a>	14	0	1	881	809	45634		033
@finselmai	<a href="https://twitter.com/finselmai" target="_blank">finselmai</a>	1	0	1	42	111	79	CATALUNYA	078
@finslagorra_1	<a href="https://twitter.com/finslagorra_1" target="_blank">finslagorra_1</a>	13	0	1	1999	2036	27285	Santa Coloma de Queralt	001
@fj_fjnicolau	<a href="https://twitter.com/fj_fjnicolau" target="_blank">fj_fjnicolau</a>	2	0	1	37	130	2068	españa	215
@florencicosb	<a href="https://twitter.com/florencicosb" target="_blank">florencicosb</a>	26	0	2	282	361	41947	Olot	001
@flowersigh	<a href="https://twitter.com/flowersigh" target="_blank">flowersigh</a>	3	0	1	70	193	3859		218
@FlyingS14652197	<a href="https://twitter.com/FlyingS14652197" target="_blank">FlyingS14652197</a>	29	0	2	44	224	2354	巴塞罗那 Barcelona Catalonia	001
@fonamental	<a href="https://twitter.com/fonamental" target="_blank">fonamental</a>	6	0	1	2158	1252	20922	Sant Feliu de Llobregat	114
@fopiga	<a href="https://twitter.com/fopiga" target="_blank">fopiga</a>	11	0	1	340	648	30055	Barcelona	241
@forescat	<a href="https://twitter.com/forescat" target="_blank">forescat</a>	1	0	1	83	81	864		008
@Forest_roure	<a href="https://twitter.com/Forest_roure" target="_blank">Forest_roure</a>	5	0	1	555	973	1618	Santpedor	008
@fpcinty	<a href="https://twitter.com/fpcinty" target="_blank">fpcinty</a>	2	0	2	3	72	97		001
@fragoneste	<a href="https://twitter.com/fragoneste" target="_blank">fragoneste</a>	8	0	1	14	46	2541		001
@FraJeremies	<a href="https://twitter.com/FraJeremies" target="_blank">FraJeremies</a>	5	0	1	5264	1751	40332	Sant Urró del Pinetell, CAT	007
@Francesc_Coll	<a href="https://twitter.com/Francesc_Coll" target="_blank">Francesc_Coll</a>	3	0	1	1463	1364	1488	Catalunya	008
@francesc130	<a href="https://twitter.com/francesc130" target="_blank">francesc130</a>	29	0	2	2377	2471	176043	Sant Just Desvern	005
@francesccapde	<a href="https://twitter.com/francesccapde" target="_blank">francesccapde</a>	2	0	1	80	172	6341	Vilanova de Bellpuig	069
@francescmanya	<a href="https://twitter.com/francescmanya" target="_blank">francescmanya</a>	13	0	1	105	330	12041	Barcelonès	007
@francescms	<a href="https://twitter.com/francescms" target="_blank">francescms</a>	5	0	1	1811	497	77943		228
@francescmuntada	<a href="https://twitter.com/francescmuntada" target="_blank">francescmuntada</a>	1	0	1	4649	5109	14406	Catalunya	084
@Franciscugarcia	<a href="https://twitter.com/Franciscugarcia" target="_blank">Franciscugarcia</a>	2	11	0	9178	8176	33290	Barcelona (Catalunya)	069
@freaking_gyb	<a href="https://twitter.com/freaking_gyb" target="_blank">freaking_gyb</a>	3	0	1	623	760	9137	Catalunya	001
@Free_Piolin	<a href="https://twitter.com/Free_Piolin" target="_blank">Free_Piolin</a>	0	1	0					208
@free4cata	<a href="https://twitter.com/free4cata" target="_blank">free4cata</a>	1	0	1	13	126	584	Catalunya	001
@FreeThinker2030	<a href="https://twitter.com/FreeThinker2030" target="_blank">FreeThinker2030</a>	7	0	1	883	2092	23958		001
@FroilanVives	<a href="https://twitter.com/FroilanVives" target="_blank">FroilanVives</a>	17	0	1	78	465	12564		102
@frustatedfreak	<a href="https://twitter.com/frustatedfreak" target="_blank">frustatedfreak</a>	3	0	1	487	181	28387	Azeroth	001
@fvillaronga1	<a href="https://twitter.com/fvillaronga1" target="_blank">fvillaronga1</a>	3	0	1	119	267	10865	La Llagosta - BCN - Catalunya.	001
@fxcase	<a href="https://twitter.com/fxcase" target="_blank">fxcase</a>	6	0	1	163	435	5102		001
@Gabi_Gou	<a href="https://twitter.com/Gabi_Gou" target="_blank">Gabi_Gou</a>	13	0	1	29	67	3004	Catalunya	001
@gabiferrador	<a href="https://twitter.com/gabiferrador" target="_blank">gabiferrador</a>	4	0	1	1662	2577	13462	Lluçanès	042
@GAEnric	<a href="https://twitter.com/GAEnric" target="_blank">GAEnric</a>	4	0	1	364	592	26575		093
@GaizkaThomas	<a href="https://twitter.com/GaizkaThomas" target="_blank">GaizkaThomas</a>	0	2	0					029
@GaizkaZA	<a href="https://twitter.com/GaizkaZA" target="_blank">GaizkaZA</a>	8	0	1	566	2409	26341	Euskal Herria - Basque country	002
@GalaLlobet	<a href="https://twitter.com/GalaLlobet" target="_blank">GalaLlobet</a>	10	0	1	273	225	4265	Barcelona	070
@galceranrosa	<a href="https://twitter.com/galceranrosa" target="_blank">galceranrosa</a>	11	0	1	220	765	8460		001
@garalue	<a href="https://twitter.com/garalue" target="_blank">garalue</a>	1	0	1	35	79	4590		068
@Garchompero	<a href="https://twitter.com/Garchompero" target="_blank">Garchompero</a>	1	0	1	105	287	3520	Vila-seca, Cataluña	079
@GarrellMarc	<a href="https://twitter.com/GarrellMarc" target="_blank">GarrellMarc</a>	13	0	1	533	527	21941	Granolles	001
@GasparCarme	<a href="https://twitter.com/GasparCarme" target="_blank">GasparCarme</a>	1	1	0	90	689	672	Catalunya	206
@GassiotMerce	<a href="https://twitter.com/GassiotMerce" target="_blank">GassiotMerce</a>	4	0	1	235	574	9308		001
@gataambbotes	<a href="https://twitter.com/gataambbotes" target="_blank">gataambbotes</a>	4	0	1	34	37	2988	del guinardó a la selva	005
@gavaldairujo	<a href="https://twitter.com/gavaldairujo" target="_blank">gavaldairujo</a>	4	0	1	41	103	1036	St Feliu de Guíxols, Catalunya	006
@Gay_Luss4c	<a href="https://twitter.com/Gay_Luss4c" target="_blank">Gay_Luss4c</a>	9	0	1	125	284	5222		019
@GayaXsg	<a href="https://twitter.com/GayaXsg" target="_blank">GayaXsg</a>	2	0	1	669	652	14726		010
@gcodqui	<a href="https://twitter.com/gcodqui" target="_blank">gcodqui</a>	32	0	1	530	1292	19325	Barcelona,Catalunya	086
@gearnau	<a href="https://twitter.com/gearnau" target="_blank">gearnau</a>	3	0	1	1531	1550	25381		001
@GeekTransports	<a href="https://twitter.com/GeekTransports" target="_blank">GeekTransports</a>	2	0	1	312	1769	5172	Lisboa, Portugal	071
@GeEncLl	<a href="https://twitter.com/GeEncLl" target="_blank">GeEncLl</a>	10	0	1	121	547	4624	København, Hovedstaden	001
@gegrava	<a href="https://twitter.com/gegrava" target="_blank">gegrava</a>	1	0	1	24	114	176		091
@gema	<a href="https://twitter.com/gema" target="_blank">gema</a>	3	0	1	534	337	2479	Rubí, Cataluña	152
@GemBarbera	<a href="https://twitter.com/GemBarbera" target="_blank">GemBarbera</a>	4	0	1	314	413	564	Vallès	012
@gemmabib	<a href="https://twitter.com/gemmabib" target="_blank">gemmabib</a>	7	0	1	17	120	1043		001
@gemmald_bcn	<a href="https://twitter.com/gemmald_bcn" target="_blank">gemmald_bcn</a>	10	0	1	52	275	1809		071
@gemmamarcegm	<a href="https://twitter.com/gemmamarcegm" target="_blank">gemmamarcegm</a>	24	0	2	186	224	40918		033
@gemmamercader	<a href="https://twitter.com/gemmamercader" target="_blank">gemmamercader</a>	2	0	1	881	1321	3931	El Masnou	013
@GemmaRecoderM	<a href="https://twitter.com/GemmaRecoderM" target="_blank">GemmaRecoderM</a>	2	1	0	15309	293	3835	Barcelona	204
@gempibo	<a href="https://twitter.com/gempibo" target="_blank">gempibo</a>	10	0	1	53	275	2429		010
@gemquim	<a href="https://twitter.com/gemquim" target="_blank">gemquim</a>	20	15	0	4141	4080	91648	Barcelona, Catalunya	066
@Gemsct	<a href="https://twitter.com/Gemsct" target="_blank">Gemsct</a>	1	0	1	341	452	786	Catalonia	081
@Gen_Llibertat	<a href="https://twitter.com/Gen_Llibertat" target="_blank">Gen_Llibertat</a>	0	3	0					043
@GenisPinart	<a href="https://twitter.com/GenisPinart" target="_blank">GenisPinart</a>	3	1	0	5183	2197	75366	El Port de la Selva	001
@gerardgvp	<a href="https://twitter.com/gerardgvp" target="_blank">gerardgvp</a>	1	0	1	141	570	2653	Bràfim, Catalunya	001
@gerardnus	<a href="https://twitter.com/gerardnus" target="_blank">gerardnus</a>	10	0	1	340	1027	36683	Gavà (Barcelona)	082
@gerardpla	<a href="https://twitter.com/gerardpla" target="_blank">gerardpla</a>	3	0	1	417	1058	3842	Països Catalans	025
@gescuer	<a href="https://twitter.com/gescuer" target="_blank">gescuer</a>	2	0	1	83	237	3211	Barcelona	001
@gferrerf	<a href="https://twitter.com/gferrerf" target="_blank">gferrerf</a>	1	0	1	68	207	598	Sant Cugat del Vallès, Espanya	266
@ggiselabella	<a href="https://twitter.com/ggiselabella" target="_blank">ggiselabella</a>	3	0	1	132	230	1483	Barcelona - Pallars Jussà	010
@Gina1899	<a href="https://twitter.com/Gina1899" target="_blank">Gina1899</a>	0	5	0					064
@ginacompte	<a href="https://twitter.com/ginacompte" target="_blank">ginacompte</a>	3	0	1	79	300	2687		014
@giorgiobv	<a href="https://twitter.com/giorgiobv" target="_blank">giorgiobv</a>	7	0	1	4440	4368	53683	catalunya	002
@gironamola	<a href="https://twitter.com/gironamola" target="_blank">gironamola</a>	20	0	2	1793	5002	31589	Girona, Catalunya	055
@GladGiving	<a href="https://twitter.com/GladGiving" target="_blank">GladGiving</a>	3	0	1	1458	1431	52286	#ViaLliure free Catalonia	019
@gloriagarciap	<a href="https://twitter.com/gloriagarciap" target="_blank">gloriagarciap</a>	0	2	0					128
@Gloriaplanas	<a href="https://twitter.com/Gloriaplanas" target="_blank">Gloriaplanas</a>	21	0	1	525	717	46636	Cardedeu, Catalunya	082
@GloriaRD	<a href="https://twitter.com/GloriaRD" target="_blank">GloriaRD</a>	9	0	1	166	282	8280		015
@gloriarmen	<a href="https://twitter.com/gloriarmen" target="_blank">gloriarmen</a>	2	0	1	18	58	338		001
@GNoub	<a href="https://twitter.com/GNoub" target="_blank">GNoub</a>	4	0	1	243	777	13342		001
@godacat	<a href="https://twitter.com/godacat" target="_blank">godacat</a>	8	0	1	188	519	1664	Godall	001
@goitals	<a href="https://twitter.com/goitals" target="_blank">goitals</a>	10	0	1	97	410	12816	Catalonia	001
@goldismine2016	<a href="https://twitter.com/goldismine2016" target="_blank">goldismine2016</a>	22	0	1	30	31	3170		081
@golejada	<a href="https://twitter.com/golejada" target="_blank">golejada</a>	8	0	2	290	847	7298		013
@Gonza_Arranz	<a href="https://twitter.com/Gonza_Arranz" target="_blank">Gonza_Arranz</a>	1	0	1	278	496	8594	🇪🇸 Valladolid (Spain)	080
@goonie4ever_	<a href="https://twitter.com/goonie4ever_" target="_blank">goonie4ever_</a>	5	0	1	2088	301	127621	Astoria/Priorat.	103
@gorisatorres	<a href="https://twitter.com/gorisatorres" target="_blank">gorisatorres</a>	0	1	0					199
@gosblau	<a href="https://twitter.com/gosblau" target="_blank">gosblau</a>	31	0	1	10265	9450	57444		022
@Gostinnet	<a href="https://twitter.com/Gostinnet" target="_blank">Gostinnet</a>	4	0	1	42	157	762	Ulldecona	019
@GraciaEnComu	<a href="https://twitter.com/GraciaEnComu" target="_blank">GraciaEnComu</a>	0	1	0					207
@GraciaxINDP	<a href="https://twitter.com/GraciaxINDP" target="_blank">GraciaxINDP</a>	24	0	1	1978	1392	10140		059
@grafic1969	<a href="https://twitter.com/grafic1969" target="_blank">grafic1969</a>	3	0	1	725	1188	9733		044
@gregorioperezag	<a href="https://twitter.com/gregorioperezag" target="_blank">gregorioperezag</a>	15	0	1	55	111	4271	Barcelona, España	050
@GriseldaPostigo	<a href="https://twitter.com/GriseldaPostigo" target="_blank">GriseldaPostigo</a>	8	0	2	103	117	5234		035
@Grismann	<a href="https://twitter.com/Grismann" target="_blank">Grismann</a>	0	1	0					282
@GrupdeTreball	<a href="https://twitter.com/GrupdeTreball" target="_blank">GrupdeTreball</a>	6	0	1	24	71	4161		001
@Guanyarem2017	<a href="https://twitter.com/Guanyarem2017" target="_blank">Guanyarem2017</a>	20	0	1	1374	3097	17998	Barcelona, Catalonia	001
@guasa_bee	<a href="https://twitter.com/guasa_bee" target="_blank">guasa_bee</a>	8	0	1	296	1413	20506	Santoni	157
@guifre2053	<a href="https://twitter.com/guifre2053" target="_blank">guifre2053</a>	67	0	1	964	1407	169567	Sabadell, Vallès, Catalunya	019
@guillemseri	<a href="https://twitter.com/guillemseri" target="_blank">guillemseri</a>	2	0	1	279	181	2306	Tarragona	006
@GuillermoVemp	<a href="https://twitter.com/GuillermoVemp" target="_blank">GuillermoVemp</a>	3	0	1	218	573	6472	Països Catalans	001
@guinardoencomu	<a href="https://twitter.com/guinardoencomu" target="_blank">guinardoencomu</a>	2	0	1	662	467	16977	el Guinardo	220
@h_rabunal	<a href="https://twitter.com/h_rabunal" target="_blank">h_rabunal</a>	0	5	0					033
@HagginZelda	<a href="https://twitter.com/HagginZelda" target="_blank">HagginZelda</a>	1	0	1	0	0	271		026
@hannahbcn1	<a href="https://twitter.com/hannahbcn1" target="_blank">hannahbcn1</a>	29	0	3	2666	2968	118923	Barcelona, Catalunya	019
@HEAVYMAD	<a href="https://twitter.com/HEAVYMAD" target="_blank">HEAVYMAD</a>	1	0	1	817	882	43208	Malagón, Castilla-La Mancha	072
@HeiwaSan123	<a href="https://twitter.com/HeiwaSan123" target="_blank">HeiwaSan123</a>	3	0	1	9	83	55		097
@helenprats	<a href="https://twitter.com/helenprats" target="_blank">helenprats</a>	3	0	1	120	387	1866	Barcelona, Catalunya	001
@helteo73	<a href="https://twitter.com/helteo73" target="_blank">helteo73</a>	49	0	2	1137	4569	30189	Barcelona	024
@HereudeCanPich	<a href="https://twitter.com/HereudeCanPich" target="_blank">HereudeCanPich</a>	18	0	1	3948	3222	47692		048
@Herliyi	<a href="https://twitter.com/Herliyi" target="_blank">Herliyi</a>	6	0	1	170	325	17228	Bastión de Tormentas	092
@HerNenya	<a href="https://twitter.com/HerNenya" target="_blank">HerNenya</a>	11	0	1	426	419	16701	Vigo	122
@hfontcall	<a href="https://twitter.com/hfontcall" target="_blank">hfontcall</a>	23	0	1	102	156	23884		001
@hidalgodeaguero	<a href="https://twitter.com/hidalgodeaguero" target="_blank">hidalgodeaguero</a>	1	0	1	2283	4861	57631	calle de Sevilla	129
@HildegardaVon	<a href="https://twitter.com/HildegardaVon" target="_blank">HildegardaVon</a>	13	0	2	122	229	5903	Barcelona (Catalunya)	050
@HiriBizia	<a href="https://twitter.com/HiriBizia" target="_blank">HiriBizia</a>	4	1	0	2340	805	18385	Donostia	196
@HMProy	<a href="https://twitter.com/HMProy" target="_blank">HMProy</a>	21	0	2	271	348	17515	Catalunya	039
@Honor_Leyenda	<a href="https://twitter.com/Honor_Leyenda" target="_blank">Honor_Leyenda</a>	0	1	0					195
@HubertineAucler	<a href="https://twitter.com/HubertineAucler" target="_blank">HubertineAucler</a>	2	0	1	183	749	6577		071
@huguet_gabriel	<a href="https://twitter.com/huguet_gabriel" target="_blank">huguet_gabriel</a>	100	0	5	135	145	21388	Riells i Viabrea, Catalunya	001
@Iaia_Toneta	<a href="https://twitter.com/Iaia_Toneta" target="_blank">Iaia_Toneta</a>	2	30	1	47488	11292	72946	Igualada - Catalunya	010
@iGenoves	<a href="https://twitter.com/iGenoves" target="_blank">iGenoves</a>	0	9	0					084
@ignasicrespi	<a href="https://twitter.com/ignasicrespi" target="_blank">ignasicrespi</a>	4	0	1	175	448	2032	Catalunya (29è membre UE)	001
@ignasitort	<a href="https://twitter.com/ignasitort" target="_blank">ignasitort</a>	5	0	1	992	1708	17789	Barcelona	059
@iKatasys	<a href="https://twitter.com/iKatasys" target="_blank">iKatasys</a>	0	1	0					194
@IkerBarandiara	<a href="https://twitter.com/IkerBarandiara" target="_blank">IkerBarandiara</a>	2	0	1	217	77	1972	Arrasate-Aretxabaleta	021
@im_dario	<a href="https://twitter.com/im_dario" target="_blank">im_dario</a>	5	2	0	2313	2303	36961	Igualada, Barcelona	122
@imma0142	<a href="https://twitter.com/imma0142" target="_blank">imma0142</a>	9	0	1	1485	1485	62685		001
@indalecip	<a href="https://twitter.com/indalecip" target="_blank">indalecip</a>	0	1	0					193
@Indautxutik	<a href="https://twitter.com/Indautxutik" target="_blank">Indautxutik</a>	9	10	0	3034	2395	19750	Bilbo Euskal Herria	086
@independentcata	<a href="https://twitter.com/independentcata" target="_blank">independentcata</a>	9	0	2	1745	2306	36816	Barcelona, Catalunya	001
@indepesCCOO	<a href="https://twitter.com/indepesCCOO" target="_blank">indepesCCOO</a>	11	2	1	1169	247	5056	Catalunya	004
@INDIAandME	<a href="https://twitter.com/INDIAandME" target="_blank">INDIAandME</a>	4	0	1	171	260	9171	Catalunya	001
@indignindigente	<a href="https://twitter.com/indignindigente" target="_blank">indignindigente</a>	50	0	2	11606	9046	372989	Montseny Barcelona	049
@indyo6	<a href="https://twitter.com/indyo6" target="_blank">indyo6</a>	5	0	1	805	1822	4152	Torredembarra	001
@IndyRefBot	<a href="https://twitter.com/IndyRefBot" target="_blank">IndyRefBot</a>	4	0	1	303	0	27312		027
@info4clyde	<a href="https://twitter.com/info4clyde" target="_blank">info4clyde</a>	1	0	1	2	43	65		071
@Informacio_1O	<a href="https://twitter.com/Informacio_1O" target="_blank">Informacio_1O</a>	2	3	0	75	396	131	Catalunya	026
@Ingrid25700	<a href="https://twitter.com/Ingrid25700" target="_blank">Ingrid25700</a>	1	0	1	57	212	135		096
@institutteatre	<a href="https://twitter.com/institutteatre" target="_blank">institutteatre</a>	0	1	0					192
@inuksuk001	<a href="https://twitter.com/inuksuk001" target="_blank">inuksuk001</a>	14	0	1	789	1581	26646	Catalunya	001
@ioteruelo	<a href="https://twitter.com/ioteruelo" target="_blank">ioteruelo</a>	1	0	1	852	970	5080	Barcelona	001
@IPadulles	<a href="https://twitter.com/IPadulles" target="_blank">IPadulles</a>	1	0	1	92	257	811		008
@ipanella	<a href="https://twitter.com/ipanella" target="_blank">ipanella</a>	2	0	1	383	445	3265		008
@ipua45	<a href="https://twitter.com/ipua45" target="_blank">ipua45</a>	2	0	1	1849	2070	49982	Madrid	072
@IraultzaAmesten	<a href="https://twitter.com/IraultzaAmesten" target="_blank">IraultzaAmesten</a>	8	0	1	333	1165	8210	Orereta, Euskal Herria	071
@irenguallar	<a href="https://twitter.com/irenguallar" target="_blank">irenguallar</a>	0	1	0					191
@ireyero	<a href="https://twitter.com/ireyero" target="_blank">ireyero</a>	1	0	1	1473	2264	12309	Madrid, España	001
@irikeTruita	<a href="https://twitter.com/irikeTruita" target="_blank">irikeTruita</a>	10	0	1	7	190	899		019
@IsabelAranjuez_	<a href="https://twitter.com/IsabelAranjuez_" target="_blank">IsabelAranjuez_</a>	3	0	1	19862	65	893212	Málaga	104
@Ishtar1973	<a href="https://twitter.com/Ishtar1973" target="_blank">Ishtar1973</a>	2	0	1	24	210	2201	Caldes de Montbui	008
@IsidorMari	<a href="https://twitter.com/IsidorMari" target="_blank">IsidorMari</a>	11	0	1	4002	240	31687		019
@IsidreSierra	<a href="https://twitter.com/IsidreSierra" target="_blank">IsidreSierra</a>	3	2	0	2563	2473	19536	sant climent de llobregat	135
@IsmaellRomero	<a href="https://twitter.com/IsmaellRomero" target="_blank">IsmaellRomero</a>	1	0	1	894	381	70961	Sevillano	080
@ISMVALSyR	<a href="https://twitter.com/ISMVALSyR" target="_blank">ISMVALSyR</a>	16	0	1	4650	4045	243604	Valencia	001
@IsraelCalifa	<a href="https://twitter.com/IsraelCalifa" target="_blank">IsraelCalifa</a>	1	0	1	216	632	3266		104
@IsThisAB0t	<a href="https://twitter.com/IsThisAB0t" target="_blank">IsThisAB0t</a>	61	0	3	2460	1272	415431	Scotland, United Kingdom	027
@itargipetik	<a href="https://twitter.com/itargipetik" target="_blank">itargipetik</a>	1	0	1	84	147	3633	Euskal Herria	063
@izoztegi	<a href="https://twitter.com/izoztegi" target="_blank">izoztegi</a>	2	0	2	183	109	429	En Euskal Herria	002
@j_bofarull	<a href="https://twitter.com/j_bofarull" target="_blank">j_bofarull</a>	2	0	2	27	101	196		001
@J_Canalias	<a href="https://twitter.com/J_Canalias" target="_blank">J_Canalias</a>	7	0	1	58	306	8258		009
@J_Coll_Casanova	<a href="https://twitter.com/J_Coll_Casanova" target="_blank">J_Coll_Casanova</a>	6	0	2	21	56	1167	Reus,Catalunya	044
@j_masky11	<a href="https://twitter.com/j_masky11" target="_blank">j_masky11</a>	0	1	0					190
@JacintCasademon	<a href="https://twitter.com/JacintCasademon" target="_blank">JacintCasademon</a>	13	0	1	706	1038	18281	Figueres, Espanya	103
@jadeiajo	<a href="https://twitter.com/jadeiajo" target="_blank">jadeiajo</a>	7	0	1	131	589	5431	Catalunya	062
@jadingoo	<a href="https://twitter.com/jadingoo" target="_blank">jadingoo</a>	10	0	1	38	123	2277	República de Catalunya	072
@jaimercalero	<a href="https://twitter.com/jaimercalero" target="_blank">jaimercalero</a>	12	0	2	123	146	10906		041
@Jamiecrock	<a href="https://twitter.com/Jamiecrock" target="_blank">Jamiecrock</a>	3	0	1	283	315	26034		027
@Jan_Closa	<a href="https://twitter.com/Jan_Closa" target="_blank">Jan_Closa</a>	4	0	3	5	106	96		015
@JanaMatvill	<a href="https://twitter.com/JanaMatvill" target="_blank">JanaMatvill</a>	1	0	1	943	1423	11420		255
@janaut44	<a href="https://twitter.com/janaut44" target="_blank">janaut44</a>	1	0	1	95	172	11125	La Pobla de Segur, Catalunya	019
@JandroJaudi	<a href="https://twitter.com/JandroJaudi" target="_blank">JandroJaudi</a>	12	0	1	287	848	17334	Barcelona, España	062
@japbcn	<a href="https://twitter.com/japbcn" target="_blank">japbcn</a>	31	0	1	518	545	46576		001
@JarcBE	<a href="https://twitter.com/JarcBE" target="_blank">JarcBE</a>	0	1	0					009
@Jarovau65	<a href="https://twitter.com/Jarovau65" target="_blank">Jarovau65</a>	2	0	1	5	23	136		008
@Jartitameteneis	<a href="https://twitter.com/Jartitameteneis" target="_blank">Jartitameteneis</a>	1	0	1	451	783	27441		171
@jascat1973	<a href="https://twitter.com/jascat1973" target="_blank">jascat1973</a>	5	0	1	41	118	4550		001
@JaumeAeRos	<a href="https://twitter.com/JaumeAeRos" target="_blank">JaumeAeRos</a>	5	0	1	150	32	4903		066
@jaumearba	<a href="https://twitter.com/jaumearba" target="_blank">jaumearba</a>	2	0	1	25	97	559		078
@jaumecopons	<a href="https://twitter.com/jaumecopons" target="_blank">jaumecopons</a>	1	0	1	292	78	1048	Barcelona	014
@jaumedavi	<a href="https://twitter.com/jaumedavi" target="_blank">jaumedavi</a>	2	0	1	356	813	13733	Catalunya	083
@jaumedomingo	<a href="https://twitter.com/jaumedomingo" target="_blank">jaumedomingo</a>	3	0	1	1623	1914	13919	El Vendrell	039
@JaumeGirbau	<a href="https://twitter.com/JaumeGirbau" target="_blank">JaumeGirbau</a>	6	0	1	95	231	7181		001
@jaumejfm	<a href="https://twitter.com/jaumejfm" target="_blank">jaumejfm</a>	20	0	2	2860	2890	42764		006
@JaumeLlanso	<a href="https://twitter.com/JaumeLlanso" target="_blank">JaumeLlanso</a>	6	0	1	186	20	1683		009
@Jaumemor	<a href="https://twitter.com/Jaumemor" target="_blank">Jaumemor</a>	1	0	1	379	726	3081	Barcelona	008
@jaumepadros	<a href="https://twitter.com/jaumepadros" target="_blank">jaumepadros</a>	8	0	1	3375	1436	16106	Barcelona-Catalonia-EU	001
@JaumePalafugell	<a href="https://twitter.com/JaumePalafugell" target="_blank">JaumePalafugell</a>	3	0	2	764	744	23608	Palafrugell/Vila de Gràcia	024
@JaumeParis76	<a href="https://twitter.com/JaumeParis76" target="_blank">JaumeParis76</a>	2	0	1	130	649	2382	Sabadell-Catalunya	012
@jaumeramonsole	<a href="https://twitter.com/jaumeramonsole" target="_blank">jaumeramonsole</a>	24	0	1	2300	4998	23183	Tàrrega	003
@jaumeserrag	<a href="https://twitter.com/jaumeserrag" target="_blank">jaumeserrag</a>	3	0	1	141	433	8344		118
@jaumesol	<a href="https://twitter.com/jaumesol" target="_blank">jaumesol</a>	31	0	1	690	324	76126	Vidreres (Girona) Spain	016
@jaumetorrent1	<a href="https://twitter.com/jaumetorrent1" target="_blank">jaumetorrent1</a>	1	0	1	351	663	2492	Catalunya	014
@Javiml98	<a href="https://twitter.com/Javiml98" target="_blank">Javiml98</a>	1	0	1	232	412	7231		080
@jb_mora	<a href="https://twitter.com/jb_mora" target="_blank">jb_mora</a>	6	0	1	196	723	6491	Catalunya	001
@JBorralle	<a href="https://twitter.com/JBorralle" target="_blank">JBorralle</a>	10	3	0	193	248	2813	Prats de Lluçanès, Catalunya	042
@jbwhitesnake	<a href="https://twitter.com/jbwhitesnake" target="_blank">jbwhitesnake</a>	6	0	1	7796	8257	240745	scotland	027
@Jcamprup	<a href="https://twitter.com/Jcamprup" target="_blank">Jcamprup</a>	23	0	3	27	100	4006		001
@Jcarbones	<a href="https://twitter.com/Jcarbones" target="_blank">Jcarbones</a>	1	0	1	499	992	5789	Catalunya / St. Qgat	081
@jcarmona503	<a href="https://twitter.com/jcarmona503" target="_blank">jcarmona503</a>	1	0	1	955	1295	20306	Sol, Madrid	177
@jcecatalunya	<a href="https://twitter.com/jcecatalunya" target="_blank">jcecatalunya</a>	8	3	2	3522	3991	47212	República de Catalunya, EU	001
@jcguarne	<a href="https://twitter.com/jcguarne" target="_blank">jcguarne</a>	1	0	1	66	84	343		014
@jcm_jcm2011	<a href="https://twitter.com/jcm_jcm2011" target="_blank">jcm_jcm2011</a>	6	0	1	139	247	16648		071
@jcuixart	<a href="https://twitter.com/jcuixart" target="_blank">jcuixart</a>	0	3	0					046
@jcunya	<a href="https://twitter.com/jcunya" target="_blank">jcunya</a>	7	0	1	182	223	4859	CAT	020
@JDeportos	<a href="https://twitter.com/JDeportos" target="_blank">JDeportos</a>	9	0	1	612	2735	17758	Sitges	219
@JECSALIS	<a href="https://twitter.com/JECSALIS" target="_blank">JECSALIS</a>	15	0	1	140	444	6814	Baix Empordà	071
@Jesus_Garep	<a href="https://twitter.com/Jesus_Garep" target="_blank">Jesus_Garep</a>	1	0	1	329	890	5791	Sevilla	080
@JGG_E	<a href="https://twitter.com/JGG_E" target="_blank">JGG_E</a>	9	0	1	1186	2302	22446	Terrassa - Barcelona	001
@jgibal	<a href="https://twitter.com/jgibal" target="_blank">jgibal</a>	7	0	1	117	45	19230	Schwerzenbach, Schweiz	072
@JIMacia	<a href="https://twitter.com/JIMacia" target="_blank">JIMacia</a>	10	0	1	874	781	14959	República de Catalunya  ||☆||	001
@jimfer1964	<a href="https://twitter.com/jimfer1964" target="_blank">jimfer1964</a>	8	0	1	234	69	24059	SantaKo, Cataluña	022
@jir581	<a href="https://twitter.com/jir581" target="_blank">jir581</a>	3	0	1	181	827	5813	SABADELL, CATALUNYA.	071
@jiru35	<a href="https://twitter.com/jiru35" target="_blank">jiru35</a>	4	0	1	299	702	11215	Barcelona	082
@jjmontillabcn	<a href="https://twitter.com/jjmontillabcn" target="_blank">jjmontillabcn</a>	15	0	3	44	110	2178	Barcelona	044
@Jjtfmo	<a href="https://twitter.com/Jjtfmo" target="_blank">Jjtfmo</a>	2	0	1	160	494	5809		056
@Jlbuscareta	<a href="https://twitter.com/Jlbuscareta" target="_blank">Jlbuscareta</a>	1	0	1	376	484	4174	República de Caudiel	127
@jlegea	<a href="https://twitter.com/jlegea" target="_blank">jlegea</a>	2	0	1	314	881	9491	Terrassa (Catalunya)	001
@Jlgch1	<a href="https://twitter.com/Jlgch1" target="_blank">Jlgch1</a>	15	0	2	661	681	24851	El Vallès, Catalunya	026
@JLLGarciaS	<a href="https://twitter.com/JLLGarciaS" target="_blank">JLLGarciaS</a>	15	0	1	94	110	9939		072
@jlliveria	<a href="https://twitter.com/jlliveria" target="_blank">jlliveria</a>	1	0	1	25	71	446		001
@jlvllop	<a href="https://twitter.com/jlvllop" target="_blank">jlvllop</a>	5	0	1	506	793	45762		007
@jmaesod	<a href="https://twitter.com/jmaesod" target="_blank">jmaesod</a>	14	0	1	182	380	15816		078
@jmartimayol	<a href="https://twitter.com/jmartimayol" target="_blank">jmartimayol</a>	7	0	1	188	253	3368	Molins de Rei	019
@jmbullichsj	<a href="https://twitter.com/jmbullichsj" target="_blank">jmbullichsj</a>	15	0	1	100	188	3929	MANRESA	001
@JMFreixanet	<a href="https://twitter.com/JMFreixanet" target="_blank">JMFreixanet</a>	2	0	1	665	474	2298	Olost	006
@jmgabernet	<a href="https://twitter.com/jmgabernet" target="_blank">jmgabernet</a>	2	0	1	434	364	2881	Tàrrega	280
@jmnoguer	<a href="https://twitter.com/jmnoguer" target="_blank">jmnoguer</a>	1	0	1	134	159	3650	Sant Llorenç Savall, Espanya	019
@JMotaSierra	<a href="https://twitter.com/JMotaSierra" target="_blank">JMotaSierra</a>	6	0	1	561	1424	3497	Girona - Catalunya	232
@jmterricabras	<a href="https://twitter.com/jmterricabras" target="_blank">jmterricabras</a>	1	21	0	32928	606	3914	Girona	014
@jmuixi	<a href="https://twitter.com/jmuixi" target="_blank">jmuixi</a>	1	0	1	124	330	3525	Hyperspace	001
@jmvidalillanes	<a href="https://twitter.com/jmvidalillanes" target="_blank">jmvidalillanes</a>	46	0	1	6107	1886	85501	Illes Balears (Mediterrània)	019
@jnadalcanto	<a href="https://twitter.com/jnadalcanto" target="_blank">jnadalcanto</a>	1	0	1	547	1318	5601	Cardedeu, España	242
@JNCBaixCamp	<a href="https://twitter.com/JNCBaixCamp" target="_blank">JNCBaixCamp</a>	2	3	0	493	559	562	Pl. Mercadal 17, 1r - Reus	108
@JNCBCN	<a href="https://twitter.com/JNCBCN" target="_blank">JNCBCN</a>	9	0	1	2697	1842	7635	Barcelona	110
@JNCtdlleida	<a href="https://twitter.com/JNCtdlleida" target="_blank">JNCtdlleida</a>	3	0	1	1086	1235	2331	Terres de Lleida, Catalunya	078
@jo_jock	<a href="https://twitter.com/jo_jock" target="_blank">jo_jock</a>	9	0	1	625	1236	64960	CATALUNYA INDEPENDENT!	272
@joakimVivas	<a href="https://twitter.com/joakimVivas" target="_blank">joakimVivas</a>	2	1	0	2807	3971	22375	Sant Cugat del Vallès, Spain	130
@Joan_MorantaB	<a href="https://twitter.com/Joan_MorantaB" target="_blank">Joan_MorantaB</a>	4	0	1	311	912	4678		081
@joan20140911	<a href="https://twitter.com/joan20140911" target="_blank">joan20140911</a>	8	0	1	579	691	18533	Catalunya (next state in UE)	079
@JoanBenguerel	<a href="https://twitter.com/JoanBenguerel" target="_blank">JoanBenguerel</a>	3	0	1	11	116	405	Sant Cugat del Vallès, España	078
@joancguerrero	<a href="https://twitter.com/joancguerrero" target="_blank">joancguerrero</a>	20	2	0	813	3313	14331	BCN&GRN ||*||	055
@joancm96	<a href="https://twitter.com/joancm96" target="_blank">joancm96</a>	1	0	1	65	93	590		083
@Joanctmail	<a href="https://twitter.com/Joanctmail" target="_blank">Joanctmail</a>	8	0	3	367	1213	11588		001
@joandausa	<a href="https://twitter.com/joandausa" target="_blank">joandausa</a>	1	1	0	14698	3663	3971	Sant Feliu de Llobregat. CAT	189
@JoanDausaCF	<a href="https://twitter.com/JoanDausaCF" target="_blank">JoanDausaCF</a>	3	0	1	1740	13	11925		121
@joanenpa	<a href="https://twitter.com/joanenpa" target="_blank">joanenpa</a>	17	0	2	71	516	4690	IGD, Catalunya	019
@JoanFiga	<a href="https://twitter.com/JoanFiga" target="_blank">JoanFiga</a>	31	0	1	382	1448	2041	Cardedeu. República Catalana.	013
@joanfr72	<a href="https://twitter.com/joanfr72" target="_blank">joanfr72</a>	2	0	1	257	566	10119	catalunya is not spain	013
@JoanGalera7	<a href="https://twitter.com/JoanGalera7" target="_blank">JoanGalera7</a>	0	2	0					127
@joangv66	<a href="https://twitter.com/joangv66" target="_blank">joangv66</a>	8	0	1	208	680	17444	An Occupied Country	001
@Joanibanez1971	<a href="https://twitter.com/Joanibanez1971" target="_blank">Joanibanez1971</a>	6	0	1	154	434	21435		001
@joaninsky	<a href="https://twitter.com/joaninsky" target="_blank">joaninsky</a>	9	0	1	201	333	6013	Tarragona, Catalunya.	003
@joanmariapique	<a href="https://twitter.com/joanmariapique" target="_blank">joanmariapique</a>	12	79	0	18693	3854	90362	Barcelona, Catalunya	071
@joanmorabosch	<a href="https://twitter.com/joanmorabosch" target="_blank">joanmorabosch</a>	2	0	1	4273	1908	13677	Mataró-Barcelona & Madrid	071
@joanna_garca	<a href="https://twitter.com/joanna_garca" target="_blank">joanna_garca</a>	1	0	1	44	254	883	castellbisbal	012
@joanqueralto	<a href="https://twitter.com/joanqueralto" target="_blank">joanqueralto</a>	10	8	0	26004	24554	81483	Barcelona	024
@JoanRamonL	<a href="https://twitter.com/JoanRamonL" target="_blank">JoanRamonL</a>	4	0	1	7	46	1038		016
@JoanSalaGiner	<a href="https://twitter.com/JoanSalaGiner" target="_blank">JoanSalaGiner</a>	3	0	1	1535	1516	14934	Tarragona, Catalunya	267
@JoanSPuigPasqua	<a href="https://twitter.com/JoanSPuigPasqua" target="_blank">JoanSPuigPasqua</a>	1	0	1	213	315	12244	Barcelona	006
@Joanvi12	<a href="https://twitter.com/Joanvi12" target="_blank">Joanvi12</a>	1	0	1	338	1561	11158	Vilassar, Catalunya	008
@JoaquimDelgad0	<a href="https://twitter.com/JoaquimDelgad0" target="_blank">JoaquimDelgad0</a>	3	0	1	87	205	1332		112
@JoelBernaus	<a href="https://twitter.com/JoelBernaus" target="_blank">JoelBernaus</a>	9	0	1	161	84	26007	Lleida	082
@jofesan	<a href="https://twitter.com/jofesan" target="_blank">jofesan</a>	2	0	1	1242	810	62599	Catalunya	014
@joffrelleal	<a href="https://twitter.com/joffrelleal" target="_blank">joffrelleal</a>	0	1	0					160
@jolival65	<a href="https://twitter.com/jolival65" target="_blank">jolival65</a>	7	0	1	4970	2996	35155		015
@Jomigo45	<a href="https://twitter.com/Jomigo45" target="_blank">Jomigo45</a>	6	0	1	7	136	1054	Girona, Catalunya	001
@jomorari	<a href="https://twitter.com/jomorari" target="_blank">jomorari</a>	4	0	2	25	47	1060		001
@JonathanLVera	<a href="https://twitter.com/JonathanLVera" target="_blank">JonathanLVera</a>	8	0	1	756	79	10326	Barcelona	056
@JorCuni	<a href="https://twitter.com/JorCuni" target="_blank">JorCuni</a>	3	0	2	32	30	2622	Catalunya	001
@jordi_naval	<a href="https://twitter.com/jordi_naval" target="_blank">jordi_naval</a>	21	0	1	530	857	18032	Barcelona, Espanya	001
@jordi_prats	<a href="https://twitter.com/jordi_prats" target="_blank">jordi_prats</a>	3	0	1	395	155	5004		250
@Jordi_Torrens	<a href="https://twitter.com/Jordi_Torrens" target="_blank">Jordi_Torrens</a>	2	0	1	123	221	1943	el Masnou, Catalunya	001
@Jordi278	<a href="https://twitter.com/Jordi278" target="_blank">Jordi278</a>	10	0	3	74	361	7154	Catalunya	006
@Jordi7455	<a href="https://twitter.com/Jordi7455" target="_blank">Jordi7455</a>	31	0	1	57	112	4639	Barcelona	001
@jordiborras	<a href="https://twitter.com/jordiborras" target="_blank">jordiborras</a>	3	0	1	64184	1740	86305	Països Catalans	019
@jordiboucompte	<a href="https://twitter.com/jordiboucompte" target="_blank">jordiboucompte</a>	3	1	0	429	806	1065		158
@jordicalvis	<a href="https://twitter.com/jordicalvis" target="_blank">jordicalvis</a>	7	1	0	12566	1674	45375	Les Borges Blanques	157
@JordiCarrete	<a href="https://twitter.com/JordiCarrete" target="_blank">JordiCarrete</a>	2	0	1	56	115	1629	Tarragona	001
@jordicbr	<a href="https://twitter.com/jordicbr" target="_blank">jordicbr</a>	1	0	1	114	398	2746	Barcelona	067
@jordicomast	<a href="https://twitter.com/jordicomast" target="_blank">jordicomast</a>	12	0	1	257	529	13869	Catalunya	001
@JordiCP1969	<a href="https://twitter.com/JordiCP1969" target="_blank">JordiCP1969</a>	2	0	1	254	440	7897	Girona	001
@jordicrisol	<a href="https://twitter.com/jordicrisol" target="_blank">jordicrisol</a>	8	1	0	3065	1652	26406	Badalona - Barcelona	156
@jordicuminal	<a href="https://twitter.com/jordicuminal" target="_blank">jordicuminal</a>	4	0	1	6557	2391	11620	Sant Celoni. Catalunya	071
@jordieasy	<a href="https://twitter.com/jordieasy" target="_blank">jordieasy</a>	2	0	1	278	364	13012	Girona, Catalonia	071
@JordiFortuny	<a href="https://twitter.com/JordiFortuny" target="_blank">JordiFortuny</a>	4	0	1	1793	2783	5059	Tarragona	003
@JordiFraxedas	<a href="https://twitter.com/JordiFraxedas" target="_blank">JordiFraxedas</a>	5	0	1	165	203	8928		001
@JordiGuellB	<a href="https://twitter.com/JordiGuellB" target="_blank">JordiGuellB</a>	1	0	1	171	585	5759	República Catalana	082
@JORDIIBANEZNI	<a href="https://twitter.com/JORDIIBANEZNI" target="_blank">JORDIIBANEZNI</a>	11	0	2	829	1768	11831	L'Hospitalet de Llobregat -	011
@Jordiiicomellas	<a href="https://twitter.com/Jordiiicomellas" target="_blank">Jordiiicomellas</a>	1	0	1	203	629	3504	Catalunya	071
@Jordijpardo	<a href="https://twitter.com/Jordijpardo" target="_blank">Jordijpardo</a>	11	0	1	667	960	18180	Sabadell. Catalonia. PPCC	012
@JordiLliuree	<a href="https://twitter.com/JordiLliuree" target="_blank">JordiLliuree</a>	2	0	1	12	78	307	Barcelona, Catalunya	001
@JordiMariaPau1	<a href="https://twitter.com/JordiMariaPau1" target="_blank">JordiMariaPau1</a>	19	0	1	38	83	6083	Barcelona, Catalonia	001
@jordimc67	<a href="https://twitter.com/jordimc67" target="_blank">jordimc67</a>	1	0	1	49	107	950		068
@JordiMestres	<a href="https://twitter.com/JordiMestres" target="_blank">JordiMestres</a>	7	0	1	2127	2346	32598		007
@JordiMonros	<a href="https://twitter.com/JordiMonros" target="_blank">JordiMonros</a>	10	10	0	2695	2133	17322	L'Hospitalet de Llobregat	011
@JordiMuntan	<a href="https://twitter.com/JordiMuntan" target="_blank">JordiMuntan</a>	1	1	0	1277	1939	4018		152
@jordiplus	<a href="https://twitter.com/jordiplus" target="_blank">jordiplus</a>	18	0	1	673	783	22352	Barcelona	001
@jordipons8	<a href="https://twitter.com/jordipons8" target="_blank">jordipons8</a>	13	0	1	22	100	2754	Catalunya	009
@jordiroura77	<a href="https://twitter.com/jordiroura77" target="_blank">jordiroura77</a>	1	0	1	1817	1661	3679	La Tallada d'Empordà	123
@JordiRoyoS	<a href="https://twitter.com/JordiRoyoS" target="_blank">JordiRoyoS</a>	0	1	0					113
@JordiSanInde	<a href="https://twitter.com/JordiSanInde" target="_blank">JordiSanInde</a>	1	0	1	443	781	479	Barcelona PP.CC.	069
@JordiSerrallon1	<a href="https://twitter.com/JordiSerrallon1" target="_blank">JordiSerrallon1</a>	7	0	2	39	513	4307		010
@jorditantis	<a href="https://twitter.com/jorditantis" target="_blank">jorditantis</a>	1	0	1	25	91	66	Catalunya	008
@jorditurull	<a href="https://twitter.com/jorditurull" target="_blank">jorditurull</a>	2	3	0	37634	3268	4735		102
@jordivilar66	<a href="https://twitter.com/jordivilar66" target="_blank">jordivilar66</a>	21	0	1	948	1926	9989		043
@joreyesce	<a href="https://twitter.com/joreyesce" target="_blank">joreyesce</a>	3	0	1	2	82	372	Barcelona, Cataluña	013
@jorgellaudet	<a href="https://twitter.com/jorgellaudet" target="_blank">jorgellaudet</a>	1	0	1	67	229	2641	Begur	001
@JorgeRodriz_	<a href="https://twitter.com/JorgeRodriz_" target="_blank">JorgeRodriz_</a>	0	1	0					150
@jorgomp	<a href="https://twitter.com/jorgomp" target="_blank">jorgomp</a>	1	0	1	483	1335	1980	http://jorgomp.tumblr.com/	056
@JornetAlba	<a href="https://twitter.com/JornetAlba" target="_blank">JornetAlba</a>	2	0	1	143	210	2288		001
@jose_alcibar	<a href="https://twitter.com/jose_alcibar" target="_blank">jose_alcibar</a>	4	0	1	168	542	5330		072
@jose_gavalda	<a href="https://twitter.com/jose_gavalda" target="_blank">jose_gavalda</a>	3	0	1	98	142	17415	Ulldecona, Catalunya	001
@jose_Lwayne	<a href="https://twitter.com/jose_Lwayne" target="_blank">jose_Lwayne</a>	1	0	1	385	514	7386	Sevilla/Malaga/Cadiz	080
@JoseMari2013	<a href="https://twitter.com/JoseMari2013" target="_blank">JoseMari2013</a>	2	0	1	186	568	5420	Tarragona	091
@josemsantasusan	<a href="https://twitter.com/josemsantasusan" target="_blank">josemsantasusan</a>	5	0	1	139	166	4054		070
@Josep_Pujol_	<a href="https://twitter.com/Josep_Pujol_" target="_blank">Josep_Pujol_</a>	2	0	1	456	647	31347	Girona	174
@josep_torrens	<a href="https://twitter.com/josep_torrens" target="_blank">josep_torrens</a>	2	0	1	396	650	13298	Barcelona	001
@Josep10Marti	<a href="https://twitter.com/Josep10Marti" target="_blank">Josep10Marti</a>	13	0	1	59	134	2856		001
@JosepAlmirall	<a href="https://twitter.com/JosepAlmirall" target="_blank">JosepAlmirall</a>	2	0	1	642	1570	7734	Catalunya	009
@JosepAntonell	<a href="https://twitter.com/JosepAntonell" target="_blank">JosepAntonell</a>	2	0	1	52	160	3426		068
@josepcapsa	<a href="https://twitter.com/josepcapsa" target="_blank">josepcapsa</a>	5	0	1	300	1537	7164		268
@JOSEPCOLOM	<a href="https://twitter.com/JOSEPCOLOM" target="_blank">JOSEPCOLOM</a>	3	0	1	774	2653	9816	Catalunya	137
@Josepcomasarq	<a href="https://twitter.com/Josepcomasarq" target="_blank">Josepcomasarq</a>	2	0	1	241	424	2990	Catalunya	239
@JOSEPGELABERT	<a href="https://twitter.com/JOSEPGELABERT" target="_blank">JOSEPGELABERT</a>	7	0	1	180	1778	4456	Catalunya	181
@JosepGorina	<a href="https://twitter.com/JosepGorina" target="_blank">JosepGorina</a>	10	1	0	292	586	13557	Madrid	151
@JosepMCorbella	<a href="https://twitter.com/JosepMCorbella" target="_blank">JosepMCorbella</a>	4	0	1	479	262	7208	Catalunya	006
@JosepMMontaner	<a href="https://twitter.com/JosepMMontaner" target="_blank">JosepMMontaner</a>	2	5	0	604	990	3748	Solsona-Olius-Sant Andreu	015
@JosepNomen	<a href="https://twitter.com/JosepNomen" target="_blank">JosepNomen</a>	1	0	1	24	53	357		019
@JosepRuaix	<a href="https://twitter.com/JosepRuaix" target="_blank">JosepRuaix</a>	74	0	2	1256	3755	57222		048
@JosepRufa	<a href="https://twitter.com/JosepRufa" target="_blank">JosepRufa</a>	4	1	0	1189	1770	9568	La Selva del Camp	008
@josepvinyals	<a href="https://twitter.com/josepvinyals" target="_blank">josepvinyals</a>	4	0	1	202	528	1451	Vall del Tenes, V. Oriental	158
@JoSerrallonga	<a href="https://twitter.com/JoSerrallonga" target="_blank">JoSerrallonga</a>	9	0	2	73	85	9085	Catalunya	001
@JOSESANCHEZGAR2	<a href="https://twitter.com/JOSESANCHEZGAR2" target="_blank">JOSESANCHEZGAR2</a>	8	0	1	109	203	6366		132
@JosLuisRB	<a href="https://twitter.com/JosLuisRB" target="_blank">JosLuisRB</a>	1	0	1	216	247	1297		080
@jovenmaori	<a href="https://twitter.com/jovenmaori" target="_blank">jovenmaori</a>	23	5	0	1867	2274	152262	Euskal Herria	063
@jpararolsb	<a href="https://twitter.com/jpararolsb" target="_blank">jpararolsb</a>	3	0	1	17	114	1372	Olot, Catalunya	109
@JPeiroV	<a href="https://twitter.com/JPeiroV" target="_blank">JPeiroV</a>	5	0	1	248	229	20790		060
@jpodrit	<a href="https://twitter.com/jpodrit" target="_blank">jpodrit</a>	1	0	1	113	794	263		019
@jpp902s2	<a href="https://twitter.com/jpp902s2" target="_blank">jpp902s2</a>	14	0	1	702	594	36761		019
@jprez40	<a href="https://twitter.com/jprez40" target="_blank">jprez40</a>	6	0	1	905	746	29784	Euzkadi	092
@jps1002	<a href="https://twitter.com/jps1002" target="_blank">jps1002</a>	1	0	1	0	14	55		096
@JredondoK	<a href="https://twitter.com/JredondoK" target="_blank">JredondoK</a>	15	0	1	290	227	40899		001
@JRenalias	<a href="https://twitter.com/JRenalias" target="_blank">JRenalias</a>	3	0	1	77	159	7896	Catalunya	071
@jromeuca	<a href="https://twitter.com/jromeuca" target="_blank">jromeuca</a>	9	0	4	443	1295	16372	Sant Pere de Riudebitlles	013
@jruiz_gonzalez	<a href="https://twitter.com/jruiz_gonzalez" target="_blank">jruiz_gonzalez</a>	1	2	0	17	66	211	Manresa	114
@jsbassols	<a href="https://twitter.com/jsbassols" target="_blank">jsbassols</a>	5	0	1	49	279	3571		019
@jsolecluet	<a href="https://twitter.com/jsolecluet" target="_blank">jsolecluet</a>	6	0	1	375	698	27061	Valls	001
@jsoler63	<a href="https://twitter.com/jsoler63" target="_blank">jsoler63</a>	6	0	3	4174	3922	118474		070
@jtorner	<a href="https://twitter.com/jtorner" target="_blank">jtorner</a>	1	0	1	935	822	3706	Zumarraga	107
@jtrosique	<a href="https://twitter.com/jtrosique" target="_blank">jtrosique</a>	1	0	1	1884	1700	23145	Barcelona	016
@juancaalvarezg	<a href="https://twitter.com/juancaalvarezg" target="_blank">juancaalvarezg</a>	15	0	1	186	1063	3527	BARCELONA - DARLINGTON (UK)	251
@juandi	<a href="https://twitter.com/juandi" target="_blank">juandi</a>	9	0	2	137	411	4661		066
@JuanmaGon_	<a href="https://twitter.com/JuanmaGon_" target="_blank">JuanmaGon_</a>	1	0	1	2247	2347	4675	l'Hospitalet de Llobregat	013
@JuanManuel1971	<a href="https://twitter.com/JuanManuel1971" target="_blank">JuanManuel1971</a>	9	0	1	4	47	472	Catalunya	044
@Juanmi_News	<a href="https://twitter.com/Juanmi_News" target="_blank">Juanmi_News</a>	6	39	0	49529	112	99605	Sevilla	072
@juanmiiiii	<a href="https://twitter.com/juanmiiiii" target="_blank">juanmiiiii</a>	1	0	1	170	164	4348	Mérida, Extremadura	080
@JuanRamonArnau	<a href="https://twitter.com/JuanRamonArnau" target="_blank">JuanRamonArnau</a>	11	0	1	160	337	27175		019
@JuanviSanchezG	<a href="https://twitter.com/JuanviSanchezG" target="_blank">JuanviSanchezG</a>	1	0	1	328	446	4968	El Ronquillo, Sevilla	080
@JuditDs	<a href="https://twitter.com/JuditDs" target="_blank">JuditDs</a>	2	0	1	479	722	1184		216
@judsediciosa	<a href="https://twitter.com/judsediciosa" target="_blank">judsediciosa</a>	0	3	0					109
@JulianAssange	<a href="https://twitter.com/JulianAssange" target="_blank">JulianAssange</a>	2	1	0	438828	1	3018	Everywhere	145
@juliangrau	<a href="https://twitter.com/juliangrau" target="_blank">juliangrau</a>	45	0	1	1791	2139	156693	Bueno pues molt bé pues adiós.	049
@junimont	<a href="https://twitter.com/junimont" target="_blank">junimont</a>	14	0	1	492	1102	24286		019
@JuntsPelSiTram8	<a href="https://twitter.com/JuntsPelSiTram8" target="_blank">JuntsPelSiTram8</a>	2	0	1	64	128	1455		001
@JuntsSi	<a href="https://twitter.com/JuntsSi" target="_blank">JuntsSi</a>	9	0	1	85	321	6229		071
@JUSEPOO	<a href="https://twitter.com/JUSEPOO" target="_blank">JUSEPOO</a>	1	0	1	12	145	424		068
@jvallesdalmau68	<a href="https://twitter.com/jvallesdalmau68" target="_blank">jvallesdalmau68</a>	2	0	1	34	103	1073		172
@jvallsr	<a href="https://twitter.com/jvallsr" target="_blank">jvallsr</a>	5	0	1	76	251	1720		001
@jvintrom	<a href="https://twitter.com/jvintrom" target="_blank">jvintrom</a>	2	0	1	221	651	3019	Hospitalet de Llobregat	011
@JXoy	<a href="https://twitter.com/JXoy" target="_blank">JXoy</a>	1	0	1	109	72	155		006
@jxufren	<a href="https://twitter.com/jxufren" target="_blank">jxufren</a>	19	0	1	99	348	10658	Barcelona	142
@K3f3s	<a href="https://twitter.com/K3f3s" target="_blank">K3f3s</a>	2	0	1	40	254	1146	STV	001
@KaiRasmusen	<a href="https://twitter.com/KaiRasmusen" target="_blank">KaiRasmusen</a>	9	0	2	121	769	12749	maresme	019
@kaitomanker	<a href="https://twitter.com/kaitomanker" target="_blank">kaitomanker</a>	5	3	0	387	701	5322	Cerdanyola del Vallès, España	104
@kaixo001	<a href="https://twitter.com/kaixo001" target="_blank">kaixo001</a>	4	0	1	21	56	2065		070
@KaleZale	<a href="https://twitter.com/KaleZale" target="_blank">KaleZale</a>	1	1	0	425	798	6156	Atarrabia	144
@KaliYuga13	<a href="https://twitter.com/KaliYuga13" target="_blank">KaliYuga13</a>	20	0	2	343	223	85100		013
@kamusada	<a href="https://twitter.com/kamusada" target="_blank">kamusada</a>	1	0	1	76	651	266		071
@kanyabel	<a href="https://twitter.com/kanyabel" target="_blank">kanyabel</a>	7	0	2	623	550	49805	barcelona	113
@karmaatB	<a href="https://twitter.com/karmaatB" target="_blank">karmaatB</a>	11	0	1	203	248	23493	Barcelona	005
@karobur57	<a href="https://twitter.com/karobur57" target="_blank">karobur57</a>	6	0	1	640	874	29394	Gràcia, Barcelona , Catalunya	066
@Karolll70	<a href="https://twitter.com/Karolll70" target="_blank">Karolll70</a>	15	0	1	1395	1266	51913	Sitges, República de Catalunya	007
@Karuna456	<a href="https://twitter.com/Karuna456" target="_blank">Karuna456</a>	6	0	1	215	587	10111	Barcelona, Catalunya, UE	019
@kataklock	<a href="https://twitter.com/kataklock" target="_blank">kataklock</a>	28	2	0	1499	2819	42283	República Catalana	142
@kavisvaski	<a href="https://twitter.com/kavisvaski" target="_blank">kavisvaski</a>	4	1	0	92	212	2085		001
@kel100a	<a href="https://twitter.com/kel100a" target="_blank">kel100a</a>	19	0	1	1268	1853	17732	Sarrià(BCN)Moianès-CATALUNYA🌍	066
@kikucule	<a href="https://twitter.com/kikucule" target="_blank">kikucule</a>	24	0	1	6890	5740	231029	Barcelona, Catalunya	257
@kikupipo	<a href="https://twitter.com/kikupipo" target="_blank">kikupipo</a>	37	0	1	8646	7051	385845		007
@kim_soler	<a href="https://twitter.com/kim_soler" target="_blank">kim_soler</a>	3	47	0	10659	2802	26466	Catalonia, Europe, World	007
@kimet4z	<a href="https://twitter.com/kimet4z" target="_blank">kimet4z</a>	2	0	2	47	148	1625	CATALUNYA	028
@kinagracia	<a href="https://twitter.com/kinagracia" target="_blank">kinagracia</a>	3	0	2	171	964	1587	quàntica, a mil llocs d CAT	022
@kinbota	<a href="https://twitter.com/kinbota" target="_blank">kinbota</a>	42	0	3	191	225	44853		019
@kiwam74	<a href="https://twitter.com/kiwam74" target="_blank">kiwam74</a>	11	0	1	988	1935	16100	Palamós, Girona, Catalunya	001
@KnoDemagog	<a href="https://twitter.com/KnoDemagog" target="_blank">KnoDemagog</a>	13	0	1	157	569	11348	Barcelona	001
@knoxtgn	<a href="https://twitter.com/knoxtgn" target="_blank">knoxtgn</a>	2	4	0	813	1627	9801	Tarragona, Països Catalans	032
@kodina59	<a href="https://twitter.com/kodina59" target="_blank">kodina59</a>	4	1	0	314	833	6214		020
@Koldobikax	<a href="https://twitter.com/Koldobikax" target="_blank">Koldobikax</a>	4	0	2	105	439	6203	Euskal Herria	021
@Koli_89	<a href="https://twitter.com/Koli_89" target="_blank">Koli_89</a>	8	0	5	323	1117	7799	Catalanament....casserrenc!	031
@komachek	<a href="https://twitter.com/komachek" target="_blank">komachek</a>	1	0	1	851	571	4083	Barcelona	007
@konstantiniev	<a href="https://twitter.com/konstantiniev" target="_blank">konstantiniev</a>	2	0	1	94	182	12959	Catalunya	086
@Kquim23	<a href="https://twitter.com/Kquim23" target="_blank">Kquim23</a>	17	0	1	198	439	17175		082
@KseniaAxelroud	<a href="https://twitter.com/KseniaAxelroud" target="_blank">KseniaAxelroud</a>	1	0	1	20	108	379		071
@kserradell	<a href="https://twitter.com/kserradell" target="_blank">kserradell</a>	2	0	1	290	424	4843	Barcelona	001
@Kstlla	<a href="https://twitter.com/Kstlla" target="_blank">Kstlla</a>	3	0	1	187	162	5736	Futura enginyera Industrial	183
@kuira_ba1	<a href="https://twitter.com/kuira_ba1" target="_blank">kuira_ba1</a>	1	0	1	33	298	139		008
@La_kiSki	<a href="https://twitter.com/La_kiSki" target="_blank">La_kiSki</a>	0	1	0					001
@Laaaaaia	<a href="https://twitter.com/Laaaaaia" target="_blank">Laaaaaia</a>	2	1	0	272	397	4282	Barcelona, Catalunya	115
@LaDiferencial	<a href="https://twitter.com/LaDiferencial" target="_blank">LaDiferencial</a>	15	0	1	747	1379	17184	Catalunya. #SíSí	129
@LADY_WITS	<a href="https://twitter.com/LADY_WITS" target="_blank">LADY_WITS</a>	5	0	1	839	1957	15490	CATALUNYA	001
@LaHaine__	<a href="https://twitter.com/LaHaine__" target="_blank">LaHaine__</a>	2	0	1	424	356	30051		085
@LaHonorata	<a href="https://twitter.com/LaHonorata" target="_blank">LaHonorata</a>	1	0	1	1399	2205	13131	Del #Vallès #Catalunya	014
@LaiaMateos	<a href="https://twitter.com/LaiaMateos" target="_blank">LaiaMateos</a>	3	2	0	391	1698	8093		111
@LaiaTw	<a href="https://twitter.com/LaiaTw" target="_blank">LaiaTw</a>	1	0	1	173	109	1572		081
@Laieti	<a href="https://twitter.com/Laieti" target="_blank">Laieti</a>	3	0	1	569	2102	4338		222
@Lakshmi0606	<a href="https://twitter.com/Lakshmi0606" target="_blank">Lakshmi0606</a>	3	0	1	265	277	3083		001
@Laksmizz	<a href="https://twitter.com/Laksmizz" target="_blank">Laksmizz</a>	6	1	0	14291	12365	14934	Reus / New York ||★||	277
@LaloUrbanoM	<a href="https://twitter.com/LaloUrbanoM" target="_blank">LaloUrbanoM</a>	2	0	1	15041	5492	15983		044
@lalscoms	<a href="https://twitter.com/lalscoms" target="_blank">lalscoms</a>	2	0	1	193	1011	3842	Barcelona	001
@lamarta	<a href="https://twitter.com/lamarta" target="_blank">lamarta</a>	24	0	1	954	926	43584	Catalunya	019
@landazuria	<a href="https://twitter.com/landazuria" target="_blank">landazuria</a>	1	0	1	169	91	14370		071
@lanicolass	<a href="https://twitter.com/lanicolass" target="_blank">lanicolass</a>	7	0	1	353	237	23381		125
@LaNinaCabrea	<a href="https://twitter.com/LaNinaCabrea" target="_blank">LaNinaCabrea</a>	1	0	1	666	421	2139		095
@LaPiuletaPiula	<a href="https://twitter.com/LaPiuletaPiula" target="_blank">LaPiuletaPiula</a>	4	0	1	142	121	4812	Barcelona, Catalunya	001
@lAseDelsCops	<a href="https://twitter.com/lAseDelsCops" target="_blank">lAseDelsCops</a>	0	1	0					011
@lasilviaijo	<a href="https://twitter.com/lasilviaijo" target="_blank">lasilviaijo</a>	44	0	4	313	857	37421		001
@lasolemia	<a href="https://twitter.com/lasolemia" target="_blank">lasolemia</a>	2	0	1	357	857	14013		070
@LastSeason1	<a href="https://twitter.com/LastSeason1" target="_blank">LastSeason1</a>	1	0	1	14	68	311	Barcelona, Cataluña	010
@lau97l	<a href="https://twitter.com/lau97l" target="_blank">lau97l</a>	2	0	1	230	143	10373	Catalunya, Països Catalans	106
@laura_megias	<a href="https://twitter.com/laura_megias" target="_blank">laura_megias</a>	1	0	1	471	385	7039	Catalunya	006
@Laura_Poch	<a href="https://twitter.com/Laura_Poch" target="_blank">Laura_Poch</a>	1	0	1	121	217	168		001
@Laura050777	<a href="https://twitter.com/Laura050777" target="_blank">Laura050777</a>	2	0	1	30	66	732		109
@lauraaranv	<a href="https://twitter.com/lauraaranv" target="_blank">lauraaranv</a>	2	2	0	207	62	1729		276
@LauraGranadosW	<a href="https://twitter.com/LauraGranadosW" target="_blank">LauraGranadosW</a>	2	0	1	503	992	3627	Catalunya	001
@lauram489	<a href="https://twitter.com/lauram489" target="_blank">lauram489</a>	1	0	1	57	674	2403		001
@LaurAndreu	<a href="https://twitter.com/LaurAndreu" target="_blank">LaurAndreu</a>	2	0	1	115	230	288		001
@Laurarenas66	<a href="https://twitter.com/Laurarenas66" target="_blank">Laurarenas66</a>	1	1	1	5799	1837	55502	#SC #BM #CAT	287
@laurioak	<a href="https://twitter.com/laurioak" target="_blank">laurioak</a>	0	1	0					275
@lcambronerot	<a href="https://twitter.com/lcambronerot" target="_blank">lcambronerot</a>	1	0	1	63	158	389	Barcelona	007
@lcc_luisa	<a href="https://twitter.com/lcc_luisa" target="_blank">lcc_luisa</a>	9	0	1	1977	2044	56956	Horta.Barcelona.Catalunya	019
@lcubota	<a href="https://twitter.com/lcubota" target="_blank">lcubota</a>	4	0	1	56	191	1365	Barcelona	001
@leia4u	<a href="https://twitter.com/leia4u" target="_blank">leia4u</a>	1	0	1	233	360	18412	Una galaxia muy lejana	084
@leniovitz	<a href="https://twitter.com/leniovitz" target="_blank">leniovitz</a>	1	0	1	785	932	5138		056
@leoarroyo13	<a href="https://twitter.com/leoarroyo13" target="_blank">leoarroyo13</a>	3	0	1	182	439	7440	República de Catalunya	001
@leoneti	<a href="https://twitter.com/leoneti" target="_blank">leoneti</a>	3	0	1	140	287	30651		155
@lesdelmambo	<a href="https://twitter.com/lesdelmambo" target="_blank">lesdelmambo</a>	0	1	0					278
@lesportiucat	<a href="https://twitter.com/lesportiucat" target="_blank">lesportiucat</a>	1	12	0	32272	661	19052	Catalunya	083
@li_ar	<a href="https://twitter.com/li_ar" target="_blank">li_ar</a>	3	0	1	533	265	3753		001
@liante10	<a href="https://twitter.com/liante10" target="_blank">liante10</a>	4	0	1	72	89	872		070
@Liavva	<a href="https://twitter.com/Liavva" target="_blank">Liavva</a>	0	1	0					272
@linuxnow	<a href="https://twitter.com/linuxnow" target="_blank">linuxnow</a>	1	1	0	94	246	2510		016
@littleisagg	<a href="https://twitter.com/littleisagg" target="_blank">littleisagg</a>	1	0	1	105	166	6095	Barcelona, Catalunya	009
@lizcastro	<a href="https://twitter.com/lizcastro" target="_blank">lizcastro</a>	11	0	2	30429	4716	119908	Massachusetts/Barcelona	065
@ll_espluga	<a href="https://twitter.com/ll_espluga" target="_blank">ll_espluga</a>	0	2	0					117
@LlanitoPol	<a href="https://twitter.com/LlanitoPol" target="_blank">LlanitoPol</a>	17	0	1	1277	517	62768	Gibraltar	081
@llatelodije	<a href="https://twitter.com/llatelodije" target="_blank">llatelodije</a>	2	0	1	84	389	582	BARCELONA	094
@llcapdevila	<a href="https://twitter.com/llcapdevila" target="_blank">llcapdevila</a>	5	0	1	463	342	17167		001
@lleonartf	<a href="https://twitter.com/lleonartf" target="_blank">lleonartf</a>	5	0	2	43	30	6709		019
@lletres	<a href="https://twitter.com/lletres" target="_blank">lletres</a>	3	0	1	19361	760	43958	Catalunya	057
@Llibertatcat	<a href="https://twitter.com/Llibertatcat" target="_blank">Llibertatcat</a>	18	5	0	23922	17014	54723	Països Catalans	090
@llibertmargalef	<a href="https://twitter.com/llibertmargalef" target="_blank">llibertmargalef</a>	14	0	1	143	253	5680		044
@lloretmontse	<a href="https://twitter.com/lloretmontse" target="_blank">lloretmontse</a>	15	0	1	187	213	19738	Castellcir, Catalunya	001
@LloretRomero	<a href="https://twitter.com/LloretRomero" target="_blank">LloretRomero</a>	5	0	1	377	685	6494	Barcelona, Catalunya	127
@LluciaJulbe	<a href="https://twitter.com/LluciaJulbe" target="_blank">LluciaJulbe</a>	11	0	1	15	189	1770	Rheinfelden Deutschland	001
@lluiispujaadas	<a href="https://twitter.com/lluiispujaadas" target="_blank">lluiispujaadas</a>	1	0	1	20	65	125		071
@Lluis_Casanovas	<a href="https://twitter.com/Lluis_Casanovas" target="_blank">Lluis_Casanovas</a>	37	12	0	9179	7066	199607	Reus and Cambrils, Catalunya .	020
@lluis_soler	<a href="https://twitter.com/lluis_soler" target="_blank">lluis_soler</a>	4	0	1	2538	2579	1794	Deltebre	071
@LluisaGaGa	<a href="https://twitter.com/LluisaGaGa" target="_blank">LluisaGaGa</a>	4	0	1	477	606	32408	Flix, Catalunya	001
@LluisCatala	<a href="https://twitter.com/LluisCatala" target="_blank">LluisCatala</a>	3	0	1	434	334	8174	Alcover	193
@LluisDeMar	<a href="https://twitter.com/LluisDeMar" target="_blank">LluisDeMar</a>	21	0	2	129	134	32488	Catalunya lliure	001
@LluisDilme	<a href="https://twitter.com/LluisDilme" target="_blank">LluisDilme</a>	1	1	0	171	215	2695	Catalonia	007
@Lluisgin	<a href="https://twitter.com/Lluisgin" target="_blank">Lluisgin</a>	5	0	1	122	249	1312	Flaça	010
@lluismajo	<a href="https://twitter.com/lluismajo" target="_blank">lluismajo</a>	2	0	1	44	119	493		001
@LluisMarco1	<a href="https://twitter.com/LluisMarco1" target="_blank">LluisMarco1</a>	18	0	1	1585	529	17668	Catalunya	001
@lluismundet	<a href="https://twitter.com/lluismundet" target="_blank">lluismundet</a>	5	0	1	4343	4543	65680	Girona, Catalunya i Brasil	006
@lluisvn	<a href="https://twitter.com/lluisvn" target="_blank">lluisvn</a>	3	0	1	22	102	2529		071
@llumenera	<a href="https://twitter.com/llumenera" target="_blank">llumenera</a>	1	1	0	1018	878	9322	Vila de Gràcia, Catalunya	038
@llunavermella	<a href="https://twitter.com/llunavermella" target="_blank">llunavermella</a>	166	0	1	3532	791	445765	catalunya	089
@LMadurell	<a href="https://twitter.com/LMadurell" target="_blank">LMadurell</a>	11	0	1	582	437	25159		007
@lmbarcelo	<a href="https://twitter.com/lmbarcelo" target="_blank">lmbarcelo</a>	5	0	1	762	2138	22908	barcelona	039
@LMDreamerOnly	<a href="https://twitter.com/LMDreamerOnly" target="_blank">LMDreamerOnly</a>	1	0	1	687	496	20144	Huelva-Madrid	085
@lnp88	<a href="https://twitter.com/lnp88" target="_blank">lnp88</a>	2	0	1	17	167	42		038
@locadelxsgatxs	<a href="https://twitter.com/locadelxsgatxs" target="_blank">locadelxsgatxs</a>	1	0	1	6	46	264		019
@lolimuar	<a href="https://twitter.com/lolimuar" target="_blank">lolimuar</a>	4	0	1	911	1319	19232	Catalunya	056
@lonelyboy_adria	<a href="https://twitter.com/lonelyboy_adria" target="_blank">lonelyboy_adria</a>	1	0	1	17	85	833		092
@lopalangana	<a href="https://twitter.com/lopalangana" target="_blank">lopalangana</a>	5	0	1	435	470	3313	Al Lavabo	039
@loputosatir	<a href="https://twitter.com/loputosatir" target="_blank">loputosatir</a>	4	0	1	883	2455	22573	Sota l'ombra de l'atzavara	004
@lordbmoncunill	<a href="https://twitter.com/lordbmoncunill" target="_blank">lordbmoncunill</a>	2	1	0	24	111	148		271
@LordCaptainLol	<a href="https://twitter.com/LordCaptainLol" target="_blank">LordCaptainLol</a>	34	0	3	69	126	8400		038
@lorenaperezpar1	<a href="https://twitter.com/lorenaperezpar1" target="_blank">lorenaperezpar1</a>	1	0	1	158	308	6732		072
@LotaJans	<a href="https://twitter.com/LotaJans" target="_blank">LotaJans</a>	0	1	0					269
@loulofish	<a href="https://twitter.com/loulofish" target="_blank">loulofish</a>	2	0	1	29	141	270	barcelona	010
@LoVilot	<a href="https://twitter.com/LoVilot" target="_blank">LoVilot</a>	1	0	1	192	614	4582	Catalunya	013
@lptrabal	<a href="https://twitter.com/lptrabal" target="_blank">lptrabal</a>	2	0	2	6	95	890		019
@lsegurap	<a href="https://twitter.com/lsegurap" target="_blank">lsegurap</a>	5	0	1	225	346	8323	Alpicat - Lleida	001
@Luciano1Alberti	<a href="https://twitter.com/Luciano1Alberti" target="_blank">Luciano1Alberti</a>	2	0	1	844	1147	30058		192
@LuciMonterde	<a href="https://twitter.com/LuciMonterde" target="_blank">LuciMonterde</a>	20	0	1	870	870	34715		037
@LuckyAlessandro	<a href="https://twitter.com/LuckyAlessandro" target="_blank">LuckyAlessandro</a>	2	0	1	409	86	8642	Españistán	072
@luisdvelasco	<a href="https://twitter.com/luisdvelasco" target="_blank">luisdvelasco</a>	1	0	1	5920	735	21980	Madrid ("No ens roba")	217
@lumavi2010	<a href="https://twitter.com/lumavi2010" target="_blank">lumavi2010</a>	1	0	1	10	42	188		197
@LVDGAVA	<a href="https://twitter.com/LVDGAVA" target="_blank">LVDGAVA</a>	2	0	1	256	528	7948	Gavà, España	007
@M_Aseret	<a href="https://twitter.com/M_Aseret" target="_blank">M_Aseret</a>	12	0	2	457	1139	15250	Barcelona	011
@M_BrokenLeg	<a href="https://twitter.com/M_BrokenLeg" target="_blank">M_BrokenLeg</a>	22	0	1	8965	6516	308583	BCN/Lluçanès, Catalunya	054
@macca1877	<a href="https://twitter.com/macca1877" target="_blank">macca1877</a>	1	0	1	2704	3229	31568	Scotland	001
@macia68	<a href="https://twitter.com/macia68" target="_blank">macia68</a>	1	0	1	479	892	6021	Alòs de Balaguer	105
@MAd_PIp	<a href="https://twitter.com/MAd_PIp" target="_blank">MAd_PIp</a>	2	0	1	28	32	2107		001
@madovi19571	<a href="https://twitter.com/madovi19571" target="_blank">madovi19571</a>	19	0	1	442	42	72573		022
@mafaldaviolant	<a href="https://twitter.com/mafaldaviolant" target="_blank">mafaldaviolant</a>	5	0	1	497	695	5509		199
@magatzem	<a href="https://twitter.com/magatzem" target="_blank">magatzem</a>	5	0	1	96	117	6317		007
@magdacas	<a href="https://twitter.com/magdacas" target="_blank">magdacas</a>	0	9	0					003
@magdalaveca	<a href="https://twitter.com/magdalaveca" target="_blank">magdalaveca</a>	34	0	1	93	602	9742	Catalunya	225
@Mahalta2	<a href="https://twitter.com/Mahalta2" target="_blank">Mahalta2</a>	4	0	1	22	58	1616		094
@maikarobert	<a href="https://twitter.com/maikarobert" target="_blank">maikarobert</a>	6	0	1	383	874	3697	Vilanova i la Geltrú	082
@maite_sabater	<a href="https://twitter.com/maite_sabater" target="_blank">maite_sabater</a>	4	0	1	27	223	1017		001
@maitema1973	<a href="https://twitter.com/maitema1973" target="_blank">maitema1973</a>	21	0	2	1347	1558	108608		001
@Majoral33	<a href="https://twitter.com/Majoral33" target="_blank">Majoral33</a>	14	0	2	591	1583	3205		010
@makafaskas	<a href="https://twitter.com/makafaskas" target="_blank">makafaskas</a>	2	0	1	205	399	6891		072
@malzuria	<a href="https://twitter.com/malzuria" target="_blank">malzuria</a>	1	1	0	74	179	6543	Barcelona	270
@manel_martinezg	<a href="https://twitter.com/manel_martinezg" target="_blank">manel_martinezg</a>	13	0	1	220	184	46308		006
@manelanzon	<a href="https://twitter.com/manelanzon" target="_blank">manelanzon</a>	3	0	1	460	1300	3230	Calafell, Tarragona	001
@Manelitus_cp	<a href="https://twitter.com/Manelitus_cp" target="_blank">Manelitus_cp</a>	1	0	1	223	571	1691	Barcelona, Catalunya	072
@ManfredFerrus	<a href="https://twitter.com/ManfredFerrus" target="_blank">ManfredFerrus</a>	3	0	1	159	307	5804		001
@MangelscmAngels	<a href="https://twitter.com/MangelscmAngels" target="_blank">MangelscmAngels</a>	5	0	1	13	174	1240	Barcelona, Cataluña	066
@mangelsgarcia	<a href="https://twitter.com/mangelsgarcia" target="_blank">mangelsgarcia</a>	3	0	1	1027	1226	31616	Catalunya	006
@manipulacions	<a href="https://twitter.com/manipulacions" target="_blank">manipulacions</a>	1	1	0	42	325	247	Helsinki, Finlandia	273
@manreot	<a href="https://twitter.com/manreot" target="_blank">manreot</a>	3	0	1	104	67	526		118
@manres4	<a href="https://twitter.com/manres4" target="_blank">manres4</a>	7	0	1	337	506	22863	Manresa, Espanya	001
@manu_fuenla	<a href="https://twitter.com/manu_fuenla" target="_blank">manu_fuenla</a>	1	0	1	1117	1046	19380	Fuenlabrada	080
@manuel_soca	<a href="https://twitter.com/manuel_soca" target="_blank">manuel_soca</a>	4	0	2	237	687	2064		028
@ManuelCuyas	<a href="https://twitter.com/ManuelCuyas" target="_blank">ManuelCuyas</a>	2	0	1	22143	600	33596	Mataró-Barcelona	001
@maolitoJose	<a href="https://twitter.com/maolitoJose" target="_blank">maolitoJose</a>	1	0	1	35	106	376		080
@MAR_T_AUTET	<a href="https://twitter.com/MAR_T_AUTET" target="_blank">MAR_T_AUTET</a>	4	0	1	127	185	8475	Torelló	001
@MarcBaco1	<a href="https://twitter.com/MarcBaco1" target="_blank">MarcBaco1</a>	2	0	1	56	210	282		002
@marccuat	<a href="https://twitter.com/marccuat" target="_blank">marccuat</a>	2	0	1	25	133	361	Barcelona	001
@Marcel_Martinz	<a href="https://twitter.com/Marcel_Martinz" target="_blank">Marcel_Martinz</a>	2	0	1	1604	961	13939	Vilafranca del Penedès	081
@marcfer1980	<a href="https://twitter.com/marcfer1980" target="_blank">marcfer1980</a>	5	0	1	333	615	9081		001
@MarcJaraGimeno	<a href="https://twitter.com/MarcJaraGimeno" target="_blank">MarcJaraGimeno</a>	10	0	1	1074	2343	33793		001
@marcmonells	<a href="https://twitter.com/marcmonells" target="_blank">marcmonells</a>	0	4	0					094
@marcqueralt	<a href="https://twitter.com/marcqueralt" target="_blank">marcqueralt</a>	7	0	1	1150	1139	29552	Vilafranca del Penedès	071
@MarcSBaeza	<a href="https://twitter.com/MarcSBaeza" target="_blank">MarcSBaeza</a>	17	0	1	263	602	4877	Vila de Gracia, Barcelona	001
@Marctroyano	<a href="https://twitter.com/Marctroyano" target="_blank">Marctroyano</a>	0	1	0					037
@MarcVinya	<a href="https://twitter.com/MarcVinya" target="_blank">MarcVinya</a>	11	1	0	1240	834	13057	Montblanc	266
@marcyanez14	<a href="https://twitter.com/marcyanez14" target="_blank">marcyanez14</a>	4	0	1	1248	537	18069	BCN, L'H, Gasteiz i Sant Pol	011
@MarcZenTime	<a href="https://twitter.com/MarcZenTime" target="_blank">MarcZenTime</a>	36	0	2	1392	1535	34657	CAT	002
@margaclof	<a href="https://twitter.com/margaclof" target="_blank">margaclof</a>	3	0	1	265	729	1117		016
@MarguiGrabu	<a href="https://twitter.com/MarguiGrabu" target="_blank">MarguiGrabu</a>	4	0	1	52	244	3289		019
@marhuendeeer	<a href="https://twitter.com/marhuendeeer" target="_blank">marhuendeeer</a>	2	0	1	273	717	12340	Hispania	072
@maria_9barris	<a href="https://twitter.com/maria_9barris" target="_blank">maria_9barris</a>	3	0	1	6910	7494	6977	Nou Barris, Barcelona	056
@maria_cs00	<a href="https://twitter.com/maria_cs00" target="_blank">maria_cs00</a>	2	0	2	12	46	753		068
@maria_fibla	<a href="https://twitter.com/maria_fibla" target="_blank">maria_fibla</a>	0	3	0					099
@MariaBoschBou	<a href="https://twitter.com/MariaBoschBou" target="_blank">MariaBoschBou</a>	17	0	1	468	743	3423		001
@MariaOxbow	<a href="https://twitter.com/MariaOxbow" target="_blank">MariaOxbow</a>	48	0	3	1072	1912	225081	Barcelona	022
@MariaRoigAlsina	<a href="https://twitter.com/MariaRoigAlsina" target="_blank">MariaRoigAlsina</a>	7	1	0	252	578	1611	Tarragona	267
@Maribel_TM	<a href="https://twitter.com/Maribel_TM" target="_blank">Maribel_TM</a>	7	0	1	468	835	24719	Catalunya   27S Si/SI	156
@maribeleia	<a href="https://twitter.com/maribeleia" target="_blank">maribeleia</a>	1	0	1	213	367	4464	Terrassa (Barcelona)	084
@maribelSJ	<a href="https://twitter.com/maribelSJ" target="_blank">maribelSJ</a>	3	0	1	28	31	296		062
@marionabay	<a href="https://twitter.com/marionabay" target="_blank">marionabay</a>	1	0	1	18	69	1681	Barcelona, Catalunya	071
@marisalennon	<a href="https://twitter.com/marisalennon" target="_blank">marisalennon</a>	1	0	1	828	938	85739		072
@MariusDomingo2	<a href="https://twitter.com/MariusDomingo2" target="_blank">MariusDomingo2</a>	14	0	2	60	43	5820	Camp de Tarragona.	008
@marquezmarsol	<a href="https://twitter.com/marquezmarsol" target="_blank">marquezmarsol</a>	7	0	2	49	182	3968	Barcelona, Cataluña	001
@Marsal95	<a href="https://twitter.com/Marsal95" target="_blank">Marsal95</a>	45	0	2	938	1013	100690	Sant Hilari Sacalm. Catalunya	276
@marta_mrm	<a href="https://twitter.com/marta_mrm" target="_blank">marta_mrm</a>	12	0	1	44	131	1795		001
@MARTA230371	<a href="https://twitter.com/MARTA230371" target="_blank">MARTA230371</a>	19	0	1	46	71	4185	Barcelona	001
@martaa_66	<a href="https://twitter.com/martaa_66" target="_blank">martaa_66</a>	2	0	1	503	331	9236	Amposta, Catalunya	099
@martaauba	<a href="https://twitter.com/martaauba" target="_blank">martaauba</a>	0	1	0					268
@martabatallas	<a href="https://twitter.com/martabatallas" target="_blank">martabatallas</a>	3	0	1	71	184	1387		125
@MARTACANET1	<a href="https://twitter.com/MARTACANET1" target="_blank">MARTACANET1</a>	3	0	1	153	159	877		010
@martahugma	<a href="https://twitter.com/martahugma" target="_blank">martahugma</a>	2	1	0	434	521	1100	Montornès de Segarra	265
@MartaKP2	<a href="https://twitter.com/MartaKP2" target="_blank">MartaKP2</a>	0	1	0					263
@Martapallares73	<a href="https://twitter.com/Martapallares73" target="_blank">Martapallares73</a>	4	0	1	698	1370	15890	Barcelona	233
@martapfdez90	<a href="https://twitter.com/martapfdez90" target="_blank">martapfdez90</a>	5	0	1	25465	21394	32245	Barcelona-Sants	070
@martaribera7	<a href="https://twitter.com/martaribera7" target="_blank">martaribera7</a>	1	0	1	104	211	991	hemisferi nord	001
@martigenis	<a href="https://twitter.com/martigenis" target="_blank">martigenis</a>	5	0	1	97	131	3651	barcelona	006
@MartiHatikva	<a href="https://twitter.com/MartiHatikva" target="_blank">MartiHatikva</a>	3	0	1	241	619	1670		001
@martinegea2	<a href="https://twitter.com/martinegea2" target="_blank">martinegea2</a>	1	0	1	17	50	104		068
@MartiProven	<a href="https://twitter.com/MartiProven" target="_blank">MartiProven</a>	10	0	1	1949	1979	49465		006
@martoneta73	<a href="https://twitter.com/martoneta73" target="_blank">martoneta73</a>	1	1	0	261	371	9604		264
@martossais	<a href="https://twitter.com/martossais" target="_blank">martossais</a>	8	2	0	1062	959	4645	Tordera - Barcelona	118
@MARTUZZATV	<a href="https://twitter.com/MARTUZZATV" target="_blank">MARTUZZATV</a>	2	0	1	980	1099	16319	Firenze, Toscana	016
@marultramar	<a href="https://twitter.com/marultramar" target="_blank">marultramar</a>	4	0	1	207	373	6292	Girona, Catalunya	001
@masanilla1	<a href="https://twitter.com/masanilla1" target="_blank">masanilla1</a>	6	0	1	1	24	989		078
@MasoQueralt	<a href="https://twitter.com/MasoQueralt" target="_blank">MasoQueralt</a>	18	0	1	86	166	6584		001
@MassimoMainard1	<a href="https://twitter.com/MassimoMainard1" target="_blank">MassimoMainard1</a>	1	0	1	30	65	680		071
@masso_sergi	<a href="https://twitter.com/masso_sergi" target="_blank">masso_sergi</a>	1	0	1	27	120	2361		014
@MateuMirai	<a href="https://twitter.com/MateuMirai" target="_blank">MateuMirai</a>	17	0	1	612	1779	19372	Barcelona, Catalunya, PPCC	006
@maxijoan	<a href="https://twitter.com/maxijoan" target="_blank">maxijoan</a>	9	0	1	286	909	12268	Tarragona, Spain	001
@Mbaltanas	<a href="https://twitter.com/Mbaltanas" target="_blank">Mbaltanas</a>	2	0	1	124	197	295		214
@MCarmeRocaCosta	<a href="https://twitter.com/MCarmeRocaCosta" target="_blank">MCarmeRocaCosta</a>	1	0	1	1610	1080	3827	Barcelona	091
@mcote16	<a href="https://twitter.com/mcote16" target="_blank">mcote16</a>	4	0	1	70	167	1036		001
@MdelMarRV	<a href="https://twitter.com/MdelMarRV" target="_blank">MdelMarRV</a>	9	0	4	398	883	17538	Catalonia	001
@MdeRatlles	<a href="https://twitter.com/MdeRatlles" target="_blank">MdeRatlles</a>	8	0	2	1169	1448	14319	Planeta Terra	010
@me_mujal	<a href="https://twitter.com/me_mujal" target="_blank">me_mujal</a>	3	0	1	85	300	4062	Prats de Lluçanès	019
@melicalaf	<a href="https://twitter.com/melicalaf" target="_blank">melicalaf</a>	3	0	1	67	108	3571	Barcelona	019
@Melimanlleu	<a href="https://twitter.com/Melimanlleu" target="_blank">Melimanlleu</a>	1	0	1	41	213	729		012
@melisa9b	<a href="https://twitter.com/melisa9b" target="_blank">melisa9b</a>	4	0	1	191	362	18172	Barcelona	001
@Merce_Aubanell	<a href="https://twitter.com/Merce_Aubanell" target="_blank">Merce_Aubanell</a>	1	0	1	106	622	1310	Granollers, Catalunya	071
@merce_castellvi	<a href="https://twitter.com/merce_castellvi" target="_blank">merce_castellvi</a>	25	0	3	250	402	32735	#SomCatalunya	001
@mercefero	<a href="https://twitter.com/mercefero" target="_blank">mercefero</a>	0	2	0					038
@MercePicart	<a href="https://twitter.com/MercePicart" target="_blank">MercePicart</a>	5	0	1	64	244	3686		001
@MeritCB	<a href="https://twitter.com/MeritCB" target="_blank">MeritCB</a>	1	0	1	1135	4999	6856		057
@MeritxellHuguet	<a href="https://twitter.com/MeritxellHuguet" target="_blank">MeritxellHuguet</a>	8	0	1	99	380	5767	Barcelona	001
@MES_Baix_Llob	<a href="https://twitter.com/MES_Baix_Llob" target="_blank">MES_Baix_Llob</a>	12	0	1	494	937	2280	Baix Llobregat	003
@MESesquerresCdT	<a href="https://twitter.com/MESesquerresCdT" target="_blank">MESesquerresCdT</a>	7	0	1	528	729	10150		003
@MESLaSelvaCamp	<a href="https://twitter.com/MESLaSelvaCamp" target="_blank">MESLaSelvaCamp</a>	5	0	1	289	440	4249	la Selva del Camp, Espanya	003
@mesmanlleu	<a href="https://twitter.com/mesmanlleu" target="_blank">mesmanlleu</a>	3	0	1	178	136	398		003
@MesPonent	<a href="https://twitter.com/MesPonent" target="_blank">MesPonent</a>	15	0	2	825	1298	6194	Terres de Ponent - LLEIDA	003
@MesTarga	<a href="https://twitter.com/MesTarga" target="_blank">MesTarga</a>	6	0	1	526	1133	2397		003
@mestremh	<a href="https://twitter.com/mestremh" target="_blank">mestremh</a>	2	0	1	211	767	2406	Vila de Sants, Barcelona. PPCC	259
@MESVidreres	<a href="https://twitter.com/MESVidreres" target="_blank">MESVidreres</a>	1	0	1	116	119	130	Vidreres, Catalunya	003
@Metgir	<a href="https://twitter.com/Metgir" target="_blank">Metgir</a>	2	0	2	28	65	504	Girona	064
@metropolislang	<a href="https://twitter.com/metropolislang" target="_blank">metropolislang</a>	9	0	1	77	54	7916		089
@MGEN63567611	<a href="https://twitter.com/MGEN63567611" target="_blank">MGEN63567611</a>	6	0	1	50	111	9231		005
@mgilabert	<a href="https://twitter.com/mgilabert" target="_blank">mgilabert</a>	5	0	1	201	222	2923	Catalunya	083
@miaioia_r	<a href="https://twitter.com/miaioia_r" target="_blank">miaioia_r</a>	6	0	1	378	680	27836		056
@miasol28	<a href="https://twitter.com/miasol28" target="_blank">miasol28</a>	3	0	1	43	91	2935		001
@miatarter	<a href="https://twitter.com/miatarter" target="_blank">miatarter</a>	10	7	0	709	597	8488	Moià	061
@miau899	<a href="https://twitter.com/miau899" target="_blank">miau899</a>	2	0	1	508	814	2988		019
@Miguel40072965	<a href="https://twitter.com/Miguel40072965" target="_blank">Miguel40072965</a>	2	0	2	172	369	4378		070
@mikaferrer97	<a href="https://twitter.com/mikaferrer97" target="_blank">mikaferrer97</a>	0	1	0					262
@mikner84	<a href="https://twitter.com/mikner84" target="_blank">mikner84</a>	5	0	1	46	239	1556		001
@Milio11	<a href="https://twitter.com/Milio11" target="_blank">Milio11</a>	1	0	1	13	633	277		062
@milotxa	<a href="https://twitter.com/milotxa" target="_blank">milotxa</a>	10	0	1	1625	377	6712		023
@miqelparis	<a href="https://twitter.com/miqelparis" target="_blank">miqelparis</a>	1	0	1	332	720	2224		001
@miquel_esteve	<a href="https://twitter.com/miquel_esteve" target="_blank">miquel_esteve</a>	2	0	1	938	489	14063		078
@MiquelArgelich	<a href="https://twitter.com/MiquelArgelich" target="_blank">MiquelArgelich</a>	19	1	0	3255	3167	46374	Agramunt	015
@miquelarilla	<a href="https://twitter.com/miquelarilla" target="_blank">miquelarilla</a>	2	0	1	246	463	752		008
@MIQUELBL	<a href="https://twitter.com/MIQUELBL" target="_blank">MIQUELBL</a>	4	0	2	634	1525	32280	Catalunya	071
@miquelcano	<a href="https://twitter.com/miquelcano" target="_blank">miquelcano</a>	8	0	1	376	452	7992		001
@Miquelet_mataro	<a href="https://twitter.com/Miquelet_mataro" target="_blank">Miquelet_mataro</a>	12	0	1	20	68	4112	Catalunya	001
@miqueleuqim	<a href="https://twitter.com/miqueleuqim" target="_blank">miqueleuqim</a>	2	0	1	35	234	73	La Ràpita	071
@miquelflorit	<a href="https://twitter.com/miquelflorit" target="_blank">miquelflorit</a>	21	0	2	1346	1948	60497	entre Rumania i La Canonja.	042
@MIQUELLARA	<a href="https://twitter.com/MIQUELLARA" target="_blank">MIQUELLARA</a>	82	18	0	8993	9419	300619	SALT - CATALUNYA	002
@miquelmp	<a href="https://twitter.com/miquelmp" target="_blank">miquelmp</a>	6	0	1	441	2603	8602	Vilanova i la Geltrú	001
@MirBarbara	<a href="https://twitter.com/MirBarbara" target="_blank">MirBarbara</a>	6	0	1	240	463	5041		009
@MireFerran	<a href="https://twitter.com/MireFerran" target="_blank">MireFerran</a>	1	2	0	809	1072	9772	Andreuenca.Barcelona.Catalonia	002
@Mireia10_	<a href="https://twitter.com/Mireia10_" target="_blank">Mireia10_</a>	6	0	1	84	221	2199		001
@mireia30	<a href="https://twitter.com/mireia30" target="_blank">mireia30</a>	17	0	1	177	1350	5106		008
@MireiaBrandon	<a href="https://twitter.com/MireiaBrandon" target="_blank">MireiaBrandon</a>	1	0	1	359	518	948	Cervera- La Segarra-CATALUNYA	265
@mireiachavarria	<a href="https://twitter.com/mireiachavarria" target="_blank">mireiachavarria</a>	1	0	1	1175	2260	3520		012
@Mireiamasro	<a href="https://twitter.com/Mireiamasro" target="_blank">Mireiamasro</a>	2	0	1	555	265	1257	Barcelona	143
@MireiaPueblo	<a href="https://twitter.com/MireiaPueblo" target="_blank">MireiaPueblo</a>	2	0	1	2	30	11		012
@miriamasturias	<a href="https://twitter.com/miriamasturias" target="_blank">miriamasturias</a>	0	1	0					258
@miriamhatibi	<a href="https://twitter.com/miriamhatibi" target="_blank">miriamhatibi</a>	0	1	0					259
@miriferfu	<a href="https://twitter.com/miriferfu" target="_blank">miriferfu</a>	9	0	2	146	80	36224		006
@misimonet	<a href="https://twitter.com/misimonet" target="_blank">misimonet</a>	1	0	1	1701	1681	35726	Valencia	010
@misjosep	<a href="https://twitter.com/misjosep" target="_blank">misjosep</a>	10	14	0	8992	8219	33390		039
@Miuyaku	<a href="https://twitter.com/Miuyaku" target="_blank">Miuyaku</a>	4	0	1	13	35	741	Stuttgart, Alemania	058
@mjnavarro81	<a href="https://twitter.com/mjnavarro81" target="_blank">mjnavarro81</a>	1	0	1	4	37	126		001
@mjose_pm	<a href="https://twitter.com/mjose_pm" target="_blank">mjose_pm</a>	1	0	1	67	253	984	Badalona	001
@mlavizell	<a href="https://twitter.com/mlavizell" target="_blank">mlavizell</a>	8	0	1	157	572	14720		006
@MMartiAmigo	<a href="https://twitter.com/MMartiAmigo" target="_blank">MMartiAmigo</a>	2	0	1	8	56	139		019
@mmillanclosa	<a href="https://twitter.com/mmillanclosa" target="_blank">mmillanclosa</a>	10	0	1	12015	10282	162173	Vaig néixer el 4 de novembre	001
@Mmsaro45	<a href="https://twitter.com/Mmsaro45" target="_blank">Mmsaro45</a>	1	0	1	2	24	126		001
@mmuntb	<a href="https://twitter.com/mmuntb" target="_blank">mmuntb</a>	2	0	1	96	470	1231	Manlleu, Catalunya	275
@moisbd	<a href="https://twitter.com/moisbd" target="_blank">moisbd</a>	1	0	1	120	401	1981	Sabadell, Catalunya	008
@molidelpont	<a href="https://twitter.com/molidelpont" target="_blank">molidelpont</a>	20	0	1	308	333	21307		001
@monclus68	<a href="https://twitter.com/monclus68" target="_blank">monclus68</a>	2	0	1	72	110	1067		006
@monicapalacin29	<a href="https://twitter.com/monicapalacin29" target="_blank">monicapalacin29</a>	1	2	0	1124	1060	1282	Pineda de Mar, Catalonia	035
@monikambK	<a href="https://twitter.com/monikambK" target="_blank">monikambK</a>	14	0	2	514	1427	15706	Catalunya	033
@Monix81Tri	<a href="https://twitter.com/Monix81Tri" target="_blank">Monix81Tri</a>	6	0	2	295	428	12108		010
@monsamga	<a href="https://twitter.com/monsamga" target="_blank">monsamga</a>	44	0	2	77	307	6573		057
@Mont_Pla	<a href="https://twitter.com/Mont_Pla" target="_blank">Mont_Pla</a>	8	0	1	724	710	19285	Vilafranca del Penedès, CAT	039
@montantxo	<a href="https://twitter.com/montantxo" target="_blank">montantxo</a>	7	0	1	114	232	9708		071
@MontCampoy	<a href="https://twitter.com/MontCampoy" target="_blank">MontCampoy</a>	3	0	1	7	70	320		120
@montcas73	<a href="https://twitter.com/montcas73" target="_blank">montcas73</a>	5	1	0	55	212	1333	Sant Feliu de Codines	255
@montcatalan	<a href="https://twitter.com/montcatalan" target="_blank">montcatalan</a>	4	0	1	78	96	973	Gelida, Penedès	261
@Montcau	<a href="https://twitter.com/Montcau" target="_blank">Montcau</a>	6	0	1	1172	1669	4638		011
@montfranc	<a href="https://twitter.com/montfranc" target="_blank">montfranc</a>	10	0	3	432	668	21510	Barcelona	001
@montoliu_pilar	<a href="https://twitter.com/montoliu_pilar" target="_blank">montoliu_pilar</a>	4	1	1	2323	1958	20299		009
@MontseCantinMas	<a href="https://twitter.com/MontseCantinMas" target="_blank">MontseCantinMas</a>	4	1	0	929	791	10275	Barcelona	023
@MontseEscoda10	<a href="https://twitter.com/MontseEscoda10" target="_blank">MontseEscoda10</a>	20	0	1	136	158	11191	Valls Catalunya	078
@MontseGirbi	<a href="https://twitter.com/MontseGirbi" target="_blank">MontseGirbi</a>	23	0	2	867	1376	7650	Moià	061
@montsemarsan	<a href="https://twitter.com/montsemarsan" target="_blank">montsemarsan</a>	24	0	1	358	541	14594		119
@MontseMo	<a href="https://twitter.com/MontseMo" target="_blank">MontseMo</a>	5	0	1	378	365	2079	Catalunya	001
@MontsePujadasB	<a href="https://twitter.com/MontsePujadasB" target="_blank">MontsePujadasB</a>	17	0	1	384	293	29806		001
@montsericart55	<a href="https://twitter.com/montsericart55" target="_blank">montsericart55</a>	3	0	1	9	100	893		001
@montzapa	<a href="https://twitter.com/montzapa" target="_blank">montzapa</a>	8	0	1	692	674	20489		001
@Monztruo	<a href="https://twitter.com/Monztruo" target="_blank">Monztruo</a>	2	1	0	324	351	2731	Vilanova - Garraf - Penedès	256
@Morenacatalana	<a href="https://twitter.com/Morenacatalana" target="_blank">Morenacatalana</a>	4	1	0	669	1183	12345		257
@mosasu	<a href="https://twitter.com/mosasu" target="_blank">mosasu</a>	3	0	1	1516	2788	16647		014
@motiuscat	<a href="https://twitter.com/motiuscat" target="_blank">motiuscat</a>	59	0	1	1198	2364	25055		021
@MovEsq_Reus	<a href="https://twitter.com/MovEsq_Reus" target="_blank">MovEsq_Reus</a>	1	4	0	379	314	600	REUS	003
@MovEsqCONSTANTI	<a href="https://twitter.com/MovEsqCONSTANTI" target="_blank">MovEsqCONSTANTI</a>	6	0	1	206	313	1768		003
@mpb513	<a href="https://twitter.com/mpb513" target="_blank">mpb513</a>	23	0	2	1148	1837	86933	Barcelona	043
@MPSsabadell	<a href="https://twitter.com/MPSsabadell" target="_blank">MPSsabadell</a>	2	7	0	2225	540	4027		030
@Mr9Nuria	<a href="https://twitter.com/Mr9Nuria" target="_blank">Mr9Nuria</a>	9	0	1	274	463	24323	Flix - Barcelona, Catalunya	002
@mrlopera	<a href="https://twitter.com/mrlopera" target="_blank">mrlopera</a>	0	19	0					080
@mrosaescardo	<a href="https://twitter.com/mrosaescardo" target="_blank">mrosaescardo</a>	11	0	3	311	370	3250	Catalunya	001
@mrspremisse	<a href="https://twitter.com/mrspremisse" target="_blank">mrspremisse</a>	1	0	1	1444	641	4678	Barcelona	070
@msunyol	<a href="https://twitter.com/msunyol" target="_blank">msunyol</a>	1	2	0	517	1204	4387		001
@Muffindepez	<a href="https://twitter.com/Muffindepez" target="_blank">Muffindepez</a>	1	0	1	136	103	4105		284
@muguruzafm	<a href="https://twitter.com/muguruzafm" target="_blank">muguruzafm</a>	5	6	1	29448	2174	11560	Irun, Euskal Herria	088
@murri1972	<a href="https://twitter.com/murri1972" target="_blank">murri1972</a>	31	0	1	335	351	40759		084
@Mussolteatre	<a href="https://twitter.com/Mussolteatre" target="_blank">Mussolteatre</a>	33	0	1	2117	2062	25087	Valencia. Meliana. 960064915	069
@muthiko78	<a href="https://twitter.com/muthiko78" target="_blank">muthiko78</a>	3	0	1	100	403	11274		021
@mzfressinaud	<a href="https://twitter.com/mzfressinaud" target="_blank">mzfressinaud</a>	7	0	1	129	255	6653	barcelona	256
@NachoAlamillo	<a href="https://twitter.com/NachoAlamillo" target="_blank">NachoAlamillo</a>	10	0	1	1255	532	22519	Aleixar	050
@nadamas2000	<a href="https://twitter.com/nadamas2000" target="_blank">nadamas2000</a>	1	0	1	59	173	267	Sant Andreu de la Barca	009
@nagusticasals	<a href="https://twitter.com/nagusticasals" target="_blank">nagusticasals</a>	26	0	1	1912	2272	130299	Catalunya, Espanya	020
@nalaiona	<a href="https://twitter.com/nalaiona" target="_blank">nalaiona</a>	4	0	1	114	578	1591	Molins de Rei, Espanya	087
@namesvullvotar	<a href="https://twitter.com/namesvullvotar" target="_blank">namesvullvotar</a>	26	0	1	458	828	33579	Tram 412	069
@nanasalvador	<a href="https://twitter.com/nanasalvador" target="_blank">nanasalvador</a>	3	5	0	2292	1111	26142		013
@nandocruz32	<a href="https://twitter.com/nandocruz32" target="_blank">nandocruz32</a>	1	0	1	8204	528	8123	Barcelona	056
@nandratx	<a href="https://twitter.com/nandratx" target="_blank">nandratx</a>	6	1	0	656	956	9396		024
@NaniMasriera	<a href="https://twitter.com/NaniMasriera" target="_blank">NaniMasriera</a>	23	0	2	285	163	70259		001
@nanisanchezmart	<a href="https://twitter.com/nanisanchezmart" target="_blank">nanisanchezmart</a>	1	2	0	33	148	350	Terrassa	116
@NaNoSLcat	<a href="https://twitter.com/NaNoSLcat" target="_blank">NaNoSLcat</a>	4	0	1	10	54	1161		031
@Napalmbtomaquet	<a href="https://twitter.com/Napalmbtomaquet" target="_blank">Napalmbtomaquet</a>	1	0	1	223	557	9559	Baix Llobregat	071
@narcisvidal7	<a href="https://twitter.com/narcisvidal7" target="_blank">narcisvidal7</a>	3	2	0	20667	9240	15442	Baix Empordà	054
@nat_taly7	<a href="https://twitter.com/nat_taly7" target="_blank">nat_taly7</a>	1	1	0	397	392	7268	Barcelona, Catalunya	250
@nataliabernat	<a href="https://twitter.com/nataliabernat" target="_blank">nataliabernat</a>	1	0	1	195	519	9569	Barcelona	006
@Natalialoy	<a href="https://twitter.com/Natalialoy" target="_blank">Natalialoy</a>	1	0	1	36	115	227		001
@natilles_com	<a href="https://twitter.com/natilles_com" target="_blank">natilles_com</a>	0	1	0					130
@nativitatcasas	<a href="https://twitter.com/nativitatcasas" target="_blank">nativitatcasas</a>	1	0	1	2	2	5		109
@naturimentals	<a href="https://twitter.com/naturimentals" target="_blank">naturimentals</a>	1	0	1	582	2520	8677		008
@natx1958	<a href="https://twitter.com/natx1958" target="_blank">natx1958</a>	13	0	2	248	364	26469	Barcelona, España	001
@Nefele61	<a href="https://twitter.com/Nefele61" target="_blank">Nefele61</a>	7	0	1	13	74	1244	Barcelona, Catalunya	138
@negre_joan	<a href="https://twitter.com/negre_joan" target="_blank">negre_joan</a>	16	0	1	387	1247	3882	Catalonia	013
@nenawd3200_laia	<a href="https://twitter.com/nenawd3200_laia" target="_blank">nenawd3200_laia</a>	2	1	0	2628	3183	33385		249
@nereus_22	<a href="https://twitter.com/nereus_22" target="_blank">nereus_22</a>	17	0	3	115	497	20489	Barcelona, Catalonia	013
@nessacabre	<a href="https://twitter.com/nessacabre" target="_blank">nessacabre</a>	2	0	1	67	251	1897	Barcelona	009
@neuscasals	<a href="https://twitter.com/neuscasals" target="_blank">neuscasals</a>	1	0	1	105	471	481		263
@neuspujola	<a href="https://twitter.com/neuspujola" target="_blank">neuspujola</a>	1	0	1	85	593	2062		187
@Neusvil	<a href="https://twitter.com/Neusvil" target="_blank">Neusvil</a>	1	0	1	207	554	4965		005
@newbeaus	<a href="https://twitter.com/newbeaus" target="_blank">newbeaus</a>	4	0	1	187	382	5612	Castellterçol, Moianès	001
@news_bisbal	<a href="https://twitter.com/news_bisbal" target="_blank">news_bisbal</a>	7	0	1	235	1148	678	la Bisbal d'Empordà, Espanya	206
@ngelmeres	<a href="https://twitter.com/ngelmeres" target="_blank">ngelmeres</a>	1	0	1	326	570	3791	Barcelona, Catalunya.	001
@niceworldx	<a href="https://twitter.com/niceworldx" target="_blank">niceworldx</a>	6	0	1	1140	1875	28369	Pineda de Mar	081
@nilmunte	<a href="https://twitter.com/nilmunte" target="_blank">nilmunte</a>	3	0	1	176	300	1214	Riudoms, Catalunya	108
@NinaIvori	<a href="https://twitter.com/NinaIvori" target="_blank">NinaIvori</a>	3	0	1	1029	524	65419	Tarragona, Cataluña	137
@ninipallarols	<a href="https://twitter.com/ninipallarols" target="_blank">ninipallarols</a>	1	0	1	39	91	269	Arbúcies, Catalunya	002
@niobe1714	<a href="https://twitter.com/niobe1714" target="_blank">niobe1714</a>	9	0	1	41	30	7003		202
@nitnegrA	<a href="https://twitter.com/nitnegrA" target="_blank">nitnegrA</a>	1	0	1	98	302	567		088
@nitrogaycerina	<a href="https://twitter.com/nitrogaycerina" target="_blank">nitrogaycerina</a>	3	2	1	11	36	551	Catalunya	029
@NiuboVictor	<a href="https://twitter.com/NiuboVictor" target="_blank">NiuboVictor</a>	11	0	1	159	254	13203	El Moianès, Catalunya	001
@nmatabosch	<a href="https://twitter.com/nmatabosch" target="_blank">nmatabosch</a>	3	2	0	185	157	567	Arenys de Mar - Catalonia	033
@NoalaMatSelva	<a href="https://twitter.com/NoalaMatSelva" target="_blank">NoalaMatSelva</a>	7	0	1	1042	1534	6140	la Selva - Catalunya	001
@noe__bal	<a href="https://twitter.com/noe__bal" target="_blank">noe__bal</a>	2	0	1	324	524	405	Balsareny	061
@noemi_borras	<a href="https://twitter.com/noemi_borras" target="_blank">noemi_borras</a>	2	0	1	345	620	4488		160
@NoemiNebot	<a href="https://twitter.com/NoemiNebot" target="_blank">NoemiNebot</a>	1	0	1	5	82	76		088
@NoemiRosValenc2	<a href="https://twitter.com/NoemiRosValenc2" target="_blank">NoemiRosValenc2</a>	8	0	1	1087	1240	91782		264
@noeropo	<a href="https://twitter.com/noeropo" target="_blank">noeropo</a>	1	0	1	15	63	16		044
@NoeSotus	<a href="https://twitter.com/NoeSotus" target="_blank">NoeSotus</a>	1	0	1	163	366	830		065
@noidelamel	<a href="https://twitter.com/noidelamel" target="_blank">noidelamel</a>	1	0	1	880	1429	37001	Llar nacional dels catalans	096
@Noietcat	<a href="https://twitter.com/Noietcat" target="_blank">Noietcat</a>	3	0	1	216	151	3248	Catalunya	078
@nomcognoms1973	<a href="https://twitter.com/nomcognoms1973" target="_blank">nomcognoms1973</a>	4	0	1	6	206	735		001
@novatarrega	<a href="https://twitter.com/novatarrega" target="_blank">novatarrega</a>	8	0	1	1255	297	10329	Tàrrega, Catalunya	173
@NriaMunt	<a href="https://twitter.com/NriaMunt" target="_blank">NriaMunt</a>	10	0	1	38	46	1206		078
@nriu8	<a href="https://twitter.com/nriu8" target="_blank">nriu8</a>	10	0	1	161	203	4085	Granollers, Espanya	077
@ntravesa	<a href="https://twitter.com/ntravesa" target="_blank">ntravesa</a>	3	0	1	296	764	887		001
@nuadenou	<a href="https://twitter.com/nuadenou" target="_blank">nuadenou</a>	6	0	3	705	273	76257	País Valencià	001
@nuarce	<a href="https://twitter.com/nuarce" target="_blank">nuarce</a>	12	0	2	485	494	7671	Teià	019
@Nur_Casas	<a href="https://twitter.com/Nur_Casas" target="_blank">Nur_Casas</a>	5	0	1	41	59	4383		001
@nuria_gatell	<a href="https://twitter.com/nuria_gatell" target="_blank">nuria_gatell</a>	2	0	1	6	54	293	Barcelona, Espanya	044
@Nuria_Tulis	<a href="https://twitter.com/Nuria_Tulis" target="_blank">Nuria_Tulis</a>	8	0	2	4	47	924		078
@Nuria363	<a href="https://twitter.com/Nuria363" target="_blank">Nuria363</a>	8	0	1	228	358	20329		001
@nuriabs88	<a href="https://twitter.com/nuriabs88" target="_blank">nuriabs88</a>	23	0	1	430	598	18012	barcelona, catalunya	001
@NuriaGamisans	<a href="https://twitter.com/NuriaGamisans" target="_blank">NuriaGamisans</a>	2	0	1	63	18	1066		179
@nuriapalomar	<a href="https://twitter.com/nuriapalomar" target="_blank">nuriapalomar</a>	1	1	0	422	721	2620		057
@NuriaREPUBLICA	<a href="https://twitter.com/NuriaREPUBLICA" target="_blank">NuriaREPUBLICA</a>	1	0	1	1	42	35		044
@nuriavives	<a href="https://twitter.com/nuriavives" target="_blank">nuriavives</a>	5	1	0	1987	1891	24820	el Masnou, Catalunya	001
@NuriVias	<a href="https://twitter.com/NuriVias" target="_blank">NuriVias</a>	0	1	0					247
@nvametller	<a href="https://twitter.com/nvametller" target="_blank">nvametller</a>	3	0	1	80	246	653	Bordils, Països Catalans	213
@Nvilab	<a href="https://twitter.com/Nvilab" target="_blank">Nvilab</a>	13	0	2	1138	2816	7601	Girona	062
@Observatori_DUI	<a href="https://twitter.com/Observatori_DUI" target="_blank">Observatori_DUI</a>	1	0	1	276	480	5283	Catalunya, Països Catalans	001
@ObsForestCAT	<a href="https://twitter.com/ObsForestCAT" target="_blank">ObsForestCAT</a>	1	0	1	1797	632	1285		008
@ocasella	<a href="https://twitter.com/ocasella" target="_blank">ocasella</a>	0	1	0					001
@ocirelos	<a href="https://twitter.com/ocirelos" target="_blank">ocirelos</a>	2	0	2	24	79	729	Mataró, Cataluña	001
@octavimasip	<a href="https://twitter.com/octavimasip" target="_blank">octavimasip</a>	19	0	2	801	1030	20198	República Catalana	069
@Odm902	<a href="https://twitter.com/Odm902" target="_blank">Odm902</a>	1	0	1	348	1124	16932		086
@og_pou	<a href="https://twitter.com/og_pou" target="_blank">og_pou</a>	2	7	0	502	944	2876	Barcelona	005
@oilcata	<a href="https://twitter.com/oilcata" target="_blank">oilcata</a>	10	0	1	1005	1274	17587	Barcelona, Cataluña	072
@OldJou	<a href="https://twitter.com/OldJou" target="_blank">OldJou</a>	1	0	1	30	184	186		001
@oletusbuevos	<a href="https://twitter.com/oletusbuevos" target="_blank">oletusbuevos</a>	15	0	2	3181	2618	56240	Vete a tu puelo	007
@OlgaCat63	<a href="https://twitter.com/OlgaCat63" target="_blank">OlgaCat63</a>	2	0	1	10	105	836	Catalonia next state of Europe	014
@Olivera_3	<a href="https://twitter.com/Olivera_3" target="_blank">Olivera_3</a>	3	0	1	61	345	365	Sant Martí, Barcelona	007
@OlorASocarrim	<a href="https://twitter.com/OlorASocarrim" target="_blank">OlorASocarrim</a>	21	0	1	386	594	25444	Visc a Catalunya	001
@omareid31	<a href="https://twitter.com/omareid31" target="_blank">omareid31</a>	1	0	1	536	1318	19300	Native of the World	136
@omartinezbcn	<a href="https://twitter.com/omartinezbcn" target="_blank">omartinezbcn</a>	2	0	1	1347	890	1791	Barcelona	110
@omatram	<a href="https://twitter.com/omatram" target="_blank">omatram</a>	7	0	1	208	382	38763	Catalunya	079
@ombrapirenne	<a href="https://twitter.com/ombrapirenne" target="_blank">ombrapirenne</a>	3	1	0	19	166	1607	Pirineus	246
@omiarons	<a href="https://twitter.com/omiarons" target="_blank">omiarons</a>	2	0	1	59	204	3116	barcelona	056
@OmniumTarragone	<a href="https://twitter.com/OmniumTarragone" target="_blank">OmniumTarragone</a>	5	0	1	1438	1155	4407	Tarragonès, Catalunya	045
@omniumterrassa	<a href="https://twitter.com/omniumterrassa" target="_blank">omniumterrassa</a>	6	0	1	2005	1227	2069	Terrassa ( Barcelona)	243
@onnlysmile_94	<a href="https://twitter.com/onnlysmile_94" target="_blank">onnlysmile_94</a>	4	0	1	1577	2256	27035	Barcelona (Catalunya) ||★||	071
@ooolles	<a href="https://twitter.com/ooolles" target="_blank">ooolles</a>	1	0	1	3	16	618		012
@OPARKITEKT	<a href="https://twitter.com/OPARKITEKT" target="_blank">OPARKITEKT</a>	1	0	1	65	350	1642		282
@OpioErrebeldea	<a href="https://twitter.com/OpioErrebeldea" target="_blank">OpioErrebeldea</a>	2	3	0	627	1333	3221		107
@Ori_Tous	<a href="https://twitter.com/Ori_Tous" target="_blank">Ori_Tous</a>	3	0	1	251	374	9078	Països Catalans	006
@oriol61	<a href="https://twitter.com/oriol61" target="_blank">oriol61</a>	2	0	1	651	730	5201	Barcelona, Catalunya	008
@oriolllado	<a href="https://twitter.com/oriolllado" target="_blank">oriolllado</a>	1	1	0	11156	3637	39490	Badalona, Països Catalans	010
@oriolmolist	<a href="https://twitter.com/oriolmolist" target="_blank">oriolmolist</a>	6	0	1	857	2067	11721	Barcelona	006
@OriolSaVa	<a href="https://twitter.com/OriolSaVa" target="_blank">OriolSaVa</a>	1	0	1	223	261	814		167
@orryrubio	<a href="https://twitter.com/orryrubio" target="_blank">orryrubio</a>	2	0	1	25	176	2599	Tarragona	001
@oscar_raig	<a href="https://twitter.com/oscar_raig" target="_blank">oscar_raig</a>	3	0	1	263	276	7204	Barcelona, Països Catalans	056
@oscar191173	<a href="https://twitter.com/oscar191173" target="_blank">oscar191173</a>	1	0	1	9	109	350	El valle de los caídos	068
@oscarberango	<a href="https://twitter.com/oscarberango" target="_blank">oscarberango</a>	1	0	1	353	393	9546	Berango, España	231
@OscArnau	<a href="https://twitter.com/OscArnau" target="_blank">OscArnau</a>	2	0	1	277	801	845	Barcelona	212
@oscarsalou	<a href="https://twitter.com/oscarsalou" target="_blank">oscarsalou</a>	1	0	1	167	690	366	Catalunya	013
@OSICSIngrid	<a href="https://twitter.com/OSICSIngrid" target="_blank">OSICSIngrid</a>	0	1	0					245
@ossomarino	<a href="https://twitter.com/ossomarino" target="_blank">ossomarino</a>	17	0	4	242	505	19041	Arenys de Munt	019
@osteoalbert	<a href="https://twitter.com/osteoalbert" target="_blank">osteoalbert</a>	1	0	1	516	362	10782	Barcelona. Catalunya	001
@OteroTere	<a href="https://twitter.com/OteroTere" target="_blank">OteroTere</a>	0	1	0					031
@pablangosto	<a href="https://twitter.com/pablangosto" target="_blank">pablangosto</a>	27	1	1	51	21	933		288
@PalacioVicenc	<a href="https://twitter.com/PalacioVicenc" target="_blank">PalacioVicenc</a>	1	0	1	24	119	1082		004
@Pallacus	<a href="https://twitter.com/Pallacus" target="_blank">Pallacus</a>	25	0	4	256	261	19913	Barcino	001
@palmira_marti	<a href="https://twitter.com/palmira_marti" target="_blank">palmira_marti</a>	22	0	1	1617	2116	99188		001
@PalouPatrick	<a href="https://twitter.com/PalouPatrick" target="_blank">PalouPatrick</a>	5	0	1	16	195	1202	Sabadell, Espanya	009
@PanizaRigo	<a href="https://twitter.com/PanizaRigo" target="_blank">PanizaRigo</a>	12	0	1	66	281	5081		070
@paquifer1969	<a href="https://twitter.com/paquifer1969" target="_blank">paquifer1969</a>	11	0	1	8808	8479	224680	BDN	019
@Paraules	<a href="https://twitter.com/Paraules" target="_blank">Paraules</a>	18	0	1	858	2866	28813	Barcelona, Catalunya	009
@paremiq	<a href="https://twitter.com/paremiq" target="_blank">paremiq</a>	10	0	1	1075	1521	42137		010
@partit_pirata	<a href="https://twitter.com/partit_pirata" target="_blank">partit_pirata</a>	1	3	0	10250	560	15712	Catalunya	050
@pastacatalans	<a href="https://twitter.com/pastacatalans" target="_blank">pastacatalans</a>	1	0	1	3752	819	8831	Barcelona	140
@patunikos	<a href="https://twitter.com/patunikos" target="_blank">patunikos</a>	1	0	1	685	372	6359	Catalunya	124
@PatxiBengoa	<a href="https://twitter.com/PatxiBengoa" target="_blank">PatxiBengoa</a>	27	0	3	2868	4996	138873	Basqueland #YPG	056
@patxo99	<a href="https://twitter.com/patxo99" target="_blank">patxo99</a>	3	0	1	4	74	757		090
@pau_barriga	<a href="https://twitter.com/pau_barriga" target="_blank">pau_barriga</a>	1	0	1	311	494	1260		131
@pau_urenya	<a href="https://twitter.com/pau_urenya" target="_blank">pau_urenya</a>	9	2	0	1114	1111	19559		131
@Paucazes	<a href="https://twitter.com/Paucazes" target="_blank">Paucazes</a>	2	0	1	65	137	851	Catalunya	001
@PauCendon	<a href="https://twitter.com/PauCendon" target="_blank">PauCendon</a>	3	0	1	21	89	786		001
@paula5_bs	<a href="https://twitter.com/paula5_bs" target="_blank">paula5_bs</a>	1	1	0	295	748	3037	Castellterçol, Barcelona	244
@Paulamartha7	<a href="https://twitter.com/Paulamartha7" target="_blank">Paulamartha7</a>	10	0	1	260	425	4523		001
@paulsmercado	<a href="https://twitter.com/paulsmercado" target="_blank">paulsmercado</a>	1	0	1	558	315	8422	Palma de Mallorca	262
@PauMira33	<a href="https://twitter.com/PauMira33" target="_blank">PauMira33</a>	1	0	1	32	19	569	Cataluña, España	071
@paurolan	<a href="https://twitter.com/paurolan" target="_blank">paurolan</a>	1	0	1	108	682	304	Sants	248
@paurri00	<a href="https://twitter.com/paurri00" target="_blank">paurri00</a>	1	0	1	65	61	1161	Girona	001
@pausurfer	<a href="https://twitter.com/pausurfer" target="_blank">pausurfer</a>	6	0	1	481	369	13522	Girona, Espanya	017
@PauVerd1	<a href="https://twitter.com/PauVerd1" target="_blank">PauVerd1</a>	2	3	1	115	440	116	Catalunya	026
@payess_twit	<a href="https://twitter.com/payess_twit" target="_blank">payess_twit</a>	2	0	1	152	247	2822		084
@pcodinag	<a href="https://twitter.com/pcodinag" target="_blank">pcodinag</a>	16	0	1	298	557	16544	Girona	001
@pdcastellbisbal	<a href="https://twitter.com/pdcastellbisbal" target="_blank">pdcastellbisbal</a>	1	1	0	133	195	583	Castellbisbal, Espanya	243
@PDCComarquesBCN	<a href="https://twitter.com/PDCComarquesBCN" target="_blank">PDCComarquesBCN</a>	11	0	1	2079	1786	6121	Catalunya	011
@PDeCATBaixLlob	<a href="https://twitter.com/PDeCATBaixLlob" target="_blank">PDeCATBaixLlob</a>	2	0	1	657	474	1006	Baix Llobregat	028
@pdecatbalsareny	<a href="https://twitter.com/pdecatbalsareny" target="_blank">pdecatbalsareny</a>	3	0	1	234	454	1103	Balsareny	061
@PDeCATBCN	<a href="https://twitter.com/PDeCATBCN" target="_blank">PDeCATBCN</a>	3	3	0	3841	1896	7931	Barcelona, Catalunya	110
@pdecatcardedeu	<a href="https://twitter.com/pdecatcardedeu" target="_blank">pdecatcardedeu</a>	0	1	0					242
@PDeCATNOGUERA	<a href="https://twitter.com/PDeCATNOGUERA" target="_blank">PDeCATNOGUERA</a>	4	0	1	300	965	1131		078
@PDECATNouBarris	<a href="https://twitter.com/PDECATNouBarris" target="_blank">PDECATNouBarris</a>	8	0	1	385	316	1075		274
@PDECatRiudoms	<a href="https://twitter.com/PDECatRiudoms" target="_blank">PDECatRiudoms</a>	1	0	1	416	364	429	Riudoms	108
@PDECATsstg	<a href="https://twitter.com/PDECATsstg" target="_blank">PDECATsstg</a>	15	1	0	1661	2084	30241	Carrer Balmes 438, Barcelona	001
@pdecviladecans	<a href="https://twitter.com/pdecviladecans" target="_blank">pdecviladecans</a>	2	3	0	1385	1359	1681	Viladecans - Catalunya	028
@Pdemocratacat	<a href="https://twitter.com/Pdemocratacat" target="_blank">Pdemocratacat</a>	8	27	0	190346	48261	19744	Catalunya	078
@PDemocrataCatSc	<a href="https://twitter.com/PDemocrataCatSc" target="_blank">PDemocrataCatSc</a>	1	1	0	551	2469	760	Santa Coloma de Farners, Espanya	236
@pedrin_cat	<a href="https://twitter.com/pedrin_cat" target="_blank">pedrin_cat</a>	12	0	1	141	228	4152		286
@pedroberserker	<a href="https://twitter.com/pedroberserker" target="_blank">pedroberserker</a>	1	0	1	153	95	2589	Andalucía. Málaga	126
@pedrogarciaflo3	<a href="https://twitter.com/pedrogarciaflo3" target="_blank">pedrogarciaflo3</a>	61	0	4	1890	547	370488	REPUBLICA CATALANA (GIRONA)	019
@PedrolasG	<a href="https://twitter.com/PedrolasG" target="_blank">PedrolasG</a>	1	0	1	97	215	5293	Capiscol	090
@PelanasMiquel	<a href="https://twitter.com/PelanasMiquel" target="_blank">PelanasMiquel</a>	0	12	0					005
@penjatcat	<a href="https://twitter.com/penjatcat" target="_blank">penjatcat</a>	11	0	1	141	287	5370	Catalunya	002
@pep_coca	<a href="https://twitter.com/pep_coca" target="_blank">pep_coca</a>	9	0	2	35	105	1714		001
@Pep_Madrid	<a href="https://twitter.com/Pep_Madrid" target="_blank">Pep_Madrid</a>	1	0	1	115	155	810	CATALUNYA	001
@pepa_arenos	<a href="https://twitter.com/pepa_arenos" target="_blank">pepa_arenos</a>	4	0	1	85	70	12708		066
@pepa_calapepa	<a href="https://twitter.com/pepa_calapepa" target="_blank">pepa_calapepa</a>	3	0	1	45	454	117		001
@pepcapdevila1	<a href="https://twitter.com/pepcapdevila1" target="_blank">pepcapdevila1</a>	4	0	1	84	71	3379		008
@PepEstepa	<a href="https://twitter.com/PepEstepa" target="_blank">PepEstepa</a>	5	0	1	1146	2289	26035	Barcelona	072
@pepet_grill73	<a href="https://twitter.com/pepet_grill73" target="_blank">pepet_grill73</a>	2	0	1	19	76	140	Barcelona	235
@PepetPig	<a href="https://twitter.com/PepetPig" target="_blank">PepetPig</a>	0	1	0					232
@pepmartorell	<a href="https://twitter.com/pepmartorell" target="_blank">pepmartorell</a>	4	1	0	5887	1368	21335	Barcelona	233
@pepmelenes	<a href="https://twitter.com/pepmelenes" target="_blank">pepmelenes</a>	2	0	1	69	429	2552	Catalunya	184
@Pepmoline	<a href="https://twitter.com/Pepmoline" target="_blank">Pepmoline</a>	4	0	1	1519	1379	12877	Sitges, Catalunya	001
@pepmollevi	<a href="https://twitter.com/pepmollevi" target="_blank">pepmollevi</a>	8	0	1	761	1340	23476	Baix Montseny	056
@pepserrano	<a href="https://twitter.com/pepserrano" target="_blank">pepserrano</a>	2	0	1	145	217	6248	catalunya	059
@peptorra10	<a href="https://twitter.com/peptorra10" target="_blank">peptorra10</a>	5	0	1	587	320	42639	Catalunya	006
@peptorraa	<a href="https://twitter.com/peptorraa" target="_blank">peptorraa</a>	1	0	1	116	260	761		209
@pepvivesBIB	<a href="https://twitter.com/pepvivesBIB" target="_blank">pepvivesBIB</a>	5	4	1	792	828	5130	#biblioteques	057
@pere_gran	<a href="https://twitter.com/pere_gran" target="_blank">pere_gran</a>	4	0	1	133	425	2308	Lleida, l'Oest de Catalunya	102
@perecampa	<a href="https://twitter.com/perecampa" target="_blank">perecampa</a>	1	0	1	68	224	3439	Olesa de Montserrat	258
@perecascares72	<a href="https://twitter.com/perecascares72" target="_blank">perecascares72</a>	9	0	1	192	531	5292	Caldes de Malavella, Cataluña	001
@PereCastillo53	<a href="https://twitter.com/PereCastillo53" target="_blank">PereCastillo53</a>	29	0	2	696	1104	82765	Sant Just Desvern - Catalunya	072
@peredenargo	<a href="https://twitter.com/peredenargo" target="_blank">peredenargo</a>	3	0	1	148	209	17871	lleida	001
@Perefarns	<a href="https://twitter.com/Perefarns" target="_blank">Perefarns</a>	1	0	1	302	550	12541	Palau de Plegamans, Catalunya	001
@perefarres	<a href="https://twitter.com/perefarres" target="_blank">perefarres</a>	0	1	0					230
@peregarcia63	<a href="https://twitter.com/peregarcia63" target="_blank">peregarcia63</a>	6	0	1	256	385	3197		003
@PereLligonya	<a href="https://twitter.com/PereLligonya" target="_blank">PereLligonya</a>	9	0	2	2371	2218	44920	Catalunya	054
@PereMedina	<a href="https://twitter.com/PereMedina" target="_blank">PereMedina</a>	2	0	1	378	685	811	El Brull, Osona, Catalunya, UE	006
@PereOlm87	<a href="https://twitter.com/PereOlm87" target="_blank">PereOlm87</a>	12	0	1	455	725	9762	La Seu d'Urgell.	117
@pereramon2	<a href="https://twitter.com/pereramon2" target="_blank">pereramon2</a>	1	0	1	203	744	2921	Vilanova i la Geltrú,Catalunya	128
@PereRF	<a href="https://twitter.com/PereRF" target="_blank">PereRF</a>	13	4	0	5769	6242	35030	República de Catalunya,  UE.	087
@perermerono	<a href="https://twitter.com/perermerono" target="_blank">perermerono</a>	15	0	1	2098	3930	115219	Barcelona / Badalona	011
@peresantalo	<a href="https://twitter.com/peresantalo" target="_blank">peresantalo</a>	3	0	1	545	849	22903	El Clot, Catalunya	006
@Peret72118101	<a href="https://twitter.com/Peret72118101" target="_blank">Peret72118101</a>	17	0	1	37	86	3762		001
@Periferia2015	<a href="https://twitter.com/Periferia2015" target="_blank">Periferia2015</a>	10	0	1	110	775	8401		001
@PeTXi_	<a href="https://twitter.com/PeTXi_" target="_blank">PeTXi_</a>	1	0	1	152	419	2198	Catalunya	071
@pezigollas	<a href="https://twitter.com/pezigollas" target="_blank">pezigollas</a>	6	0	1	87	272	1900		001
@pgoma	<a href="https://twitter.com/pgoma" target="_blank">pgoma</a>	4	0	1	3386	3198	13620		006
@pgtorremorell1	<a href="https://twitter.com/pgtorremorell1" target="_blank">pgtorremorell1</a>	13	0	1	45	161	11947		001
@PhilipaKadick	<a href="https://twitter.com/PhilipaKadick" target="_blank">PhilipaKadick</a>	2	0	1	87	253	1490	Arkham Asylum S Boi, Catalonia	122
@phoenix_derive	<a href="https://twitter.com/phoenix_derive" target="_blank">phoenix_derive</a>	7	0	1	213	403	10889		019
@PilarinRodri	<a href="https://twitter.com/PilarinRodri" target="_blank">PilarinRodri</a>	12	0	1	670	480	74752	catalunya	024
@PilarPilarmorg	<a href="https://twitter.com/PilarPilarmorg" target="_blank">PilarPilarmorg</a>	3	0	1	27	49	8023		071
@PilarZubero	<a href="https://twitter.com/PilarZubero" target="_blank">PilarZubero</a>	4	0	1	28	44	1206		019
@PileteJosefine	<a href="https://twitter.com/PileteJosefine" target="_blank">PileteJosefine</a>	33	0	1	2785	2117	146848		007
@PinyolElisenda	<a href="https://twitter.com/PinyolElisenda" target="_blank">PinyolElisenda</a>	8	0	1	57	167	3096		082
@piracant6	<a href="https://twitter.com/piracant6" target="_blank">piracant6</a>	14	0	1	223	362	15305		066
@pisartm	<a href="https://twitter.com/pisartm" target="_blank">pisartm</a>	3	0	1	517	1350	7192		014
@pitarch	<a href="https://twitter.com/pitarch" target="_blank">pitarch</a>	1	0	1	335	336	611	Barcelona, spain	049
@pitilleando	<a href="https://twitter.com/pitilleando" target="_blank">pitilleando</a>	1	0	1	480	254	17984	Sodomicilio	191
@Piulador_CATALA	<a href="https://twitter.com/Piulador_CATALA" target="_blank">Piulador_CATALA</a>	1	4	0	17040	1988	28540	CATALUNYA	093
@Pixatinter	<a href="https://twitter.com/Pixatinter" target="_blank">Pixatinter</a>	3	0	1	110	425	2616	Castellar del Vallès	106
@planajordi	<a href="https://twitter.com/planajordi" target="_blank">planajordi</a>	0	1	0					229
@PobleLliure_Mar	<a href="https://twitter.com/PobleLliure_Mar" target="_blank">PobleLliure_Mar</a>	7	0	1	589	426	4149	Maresme	081
@PobleLliure_NOr	<a href="https://twitter.com/PobleLliure_NOr" target="_blank">PobleLliure_NOr</a>	5	0	1	595	341	4574	Països Catalans	176
@Podemos_Berango	<a href="https://twitter.com/Podemos_Berango" target="_blank">Podemos_Berango</a>	0	1	0					231
@Pointluck1	<a href="https://twitter.com/Pointluck1" target="_blank">Pointluck1</a>	28	0	1	1806	2600	168651	Barcelona	036
@polaroidshawn	<a href="https://twitter.com/polaroidshawn" target="_blank">polaroidshawn</a>	1	0	1	1678	857	66364	624	116
@polasensi	<a href="https://twitter.com/polasensi" target="_blank">polasensi</a>	0	1	0					234
@Polbs97	<a href="https://twitter.com/Polbs97" target="_blank">Polbs97</a>	8	0	1	262	209	6733	Barcelona | Catalunya ||*||	071
@Poliol	<a href="https://twitter.com/Poliol" target="_blank">Poliol</a>	31	0	1	515	963	19214		020
@politicstw	<a href="https://twitter.com/politicstw" target="_blank">politicstw</a>	7	0	2	27	338	2578	Roma, Lacio	006
@ponnsita	<a href="https://twitter.com/ponnsita" target="_blank">ponnsita</a>	3	0	1	44	104	623	llagostera	019
@pons_vice	<a href="https://twitter.com/pons_vice" target="_blank">pons_vice</a>	1	0	1	65	146	1055	Vic, Catalunya Lliure	064
@PonsGuasch	<a href="https://twitter.com/PonsGuasch" target="_blank">PonsGuasch</a>	8	0	1	10	108	4251		078
@pontgasau_sara	<a href="https://twitter.com/pontgasau_sara" target="_blank">pontgasau_sara</a>	2	0	2	123	105	1632		009
@PorcularPartido	<a href="https://twitter.com/PorcularPartido" target="_blank">PorcularPartido</a>	6	0	1	843	1115	19214		082
@portclick	<a href="https://twitter.com/portclick" target="_blank">portclick</a>	4	0	1	322	511	7705	Barcelona	001
@possessionar	<a href="https://twitter.com/possessionar" target="_blank">possessionar</a>	20	0	1	491	697	88495	Catalunya	019
@PozasJoan	<a href="https://twitter.com/PozasJoan" target="_blank">PozasJoan</a>	12	0	3	363	663	5878	Barcelona, Catalunya	078
@profEHRBAR	<a href="https://twitter.com/profEHRBAR" target="_blank">profEHRBAR</a>	7	0	1	177	517	6430	Antigua and Barbuda	067
@PROLETRIADO09	<a href="https://twitter.com/PROLETRIADO09" target="_blank">PROLETRIADO09</a>	3	0	1	2677	5000	34587	Caracas, Venezuela	044
@properties4two	<a href="https://twitter.com/properties4two" target="_blank">properties4two</a>	2	0	1	503	462	5039	Barcelona, Catalunya	071
@PrufiJaume	<a href="https://twitter.com/PrufiJaume" target="_blank">PrufiJaume</a>	0	1	0					035
@PSBallart	<a href="https://twitter.com/PSBallart" target="_blank">PSBallart</a>	42	0	2	76	234	4918	Barcelona CATALUNYA	028
@PSenan	<a href="https://twitter.com/PSenan" target="_blank">PSenan</a>	2	0	1	286	618	3935		007
@psichar	<a href="https://twitter.com/psichar" target="_blank">psichar</a>	1	0	1	38	149	481		009
@psicotipster10	<a href="https://twitter.com/psicotipster10" target="_blank">psicotipster10</a>	2	0	1	2697	3856	1725	premium desde 2016	064
@PSlvia	<a href="https://twitter.com/PSlvia" target="_blank">PSlvia</a>	6	0	1	687	1449	10170	Chile	056
@publenrenou	<a href="https://twitter.com/publenrenou" target="_blank">publenrenou</a>	0	1	0					239
@pujolarsenpau	<a href="https://twitter.com/pujolarsenpau" target="_blank">pujolarsenpau</a>	11	0	1	264	396	26252	Besalú CATALUNYA	005
@PutoGuti	<a href="https://twitter.com/PutoGuti" target="_blank">PutoGuti</a>	2	0	1	498	999	57948	Madrid-Conil, Cádiz	085
@PZepol	<a href="https://twitter.com/PZepol" target="_blank">PZepol</a>	5	0	1	2122	2065	99854		019
@Q_Freeman7	<a href="https://twitter.com/Q_Freeman7" target="_blank">Q_Freeman7</a>	1	0	1	347	544	3956	Barcelona, Sistema Solar.	082
@q_vila	<a href="https://twitter.com/q_vila" target="_blank">q_vila</a>	14	9	0	2764	2652	11569	Catalunya	060
@QCrusellas	<a href="https://twitter.com/QCrusellas" target="_blank">QCrusellas</a>	3	1	0	707	1311	1871	World	227
@qmolins	<a href="https://twitter.com/qmolins" target="_blank">qmolins</a>	2	1	0	1552	1092	32762	Catalunya - Un Crit Valent!	036
@Quantic_Cat	<a href="https://twitter.com/Quantic_Cat" target="_blank">Quantic_Cat</a>	1	0	1	2	58	112	Barcelona, Catalunya	005
@quicodomingo	<a href="https://twitter.com/quicodomingo" target="_blank">quicodomingo</a>	1	1	0	1231	703	6330	Barcelona	226
@quim_duarte	<a href="https://twitter.com/quim_duarte" target="_blank">quim_duarte</a>	1	0	1	75	379	401		205
@Quim_Massana	<a href="https://twitter.com/Quim_Massana" target="_blank">Quim_Massana</a>	0	2	0					140
@quimcardus	<a href="https://twitter.com/quimcardus" target="_blank">quimcardus</a>	3	0	1	602	580	7512	Països Catalans	084
@quimcosta	<a href="https://twitter.com/quimcosta" target="_blank">quimcosta</a>	2	0	1	757	1039	25446	Catalunya	001
@quimsolas	<a href="https://twitter.com/quimsolas" target="_blank">quimsolas</a>	1	0	1	396	560	2887		001
@Quintinenc	<a href="https://twitter.com/Quintinenc" target="_blank">Quintinenc</a>	3	0	1	263	386	2949		083
@Quintudj	<a href="https://twitter.com/Quintudj" target="_blank">Quintudj</a>	13	0	2	1547	3528	128103	Fargo	010
@qvilar	<a href="https://twitter.com/qvilar" target="_blank">qvilar</a>	7	0	2	400	70	17677		001
@ra_forcada	<a href="https://twitter.com/ra_forcada" target="_blank">ra_forcada</a>	2	0	1	15522	396	14115		060
@RabalMaite	<a href="https://twitter.com/RabalMaite" target="_blank">RabalMaite</a>	57	0	1	85	141	26437		108
@rabiatifuscoler	<a href="https://twitter.com/rabiatifuscoler" target="_blank">rabiatifuscoler</a>	19	0	1	94	321	6892	Kabul	019
@RafaOV10	<a href="https://twitter.com/RafaOV10" target="_blank">RafaOV10</a>	1	0	1	344	497	10223	Mairena Del Alcor,Sevilla	080
@Rafel_Arnal	<a href="https://twitter.com/Rafel_Arnal" target="_blank">Rafel_Arnal</a>	2	0	1	1041	1568	57266	Restart	009
@rafelmassague	<a href="https://twitter.com/rafelmassague" target="_blank">rafelmassague</a>	1	0	1	41	98	148		001
@RaholaOficial	<a href="https://twitter.com/RaholaOficial" target="_blank">RaholaOficial</a>	12	1	0	222116	531	62108		225
@rakelinares	<a href="https://twitter.com/rakelinares" target="_blank">rakelinares</a>	1	0	1	69	146	84		083
@ralf68452199	<a href="https://twitter.com/ralf68452199" target="_blank">ralf68452199</a>	21	0	1	73	357	12593		001
@RamblaNuria	<a href="https://twitter.com/RamblaNuria" target="_blank">RamblaNuria</a>	15	0	3	169	296	7031	CAT	005
@ramonantich	<a href="https://twitter.com/ramonantich" target="_blank">ramonantich</a>	4	0	1	58	146	2617		082
@RamonMalagridaM	<a href="https://twitter.com/RamonMalagridaM" target="_blank">RamonMalagridaM</a>	6	0	2	47	89	4985		001
@RamonPique	<a href="https://twitter.com/RamonPique" target="_blank">RamonPique</a>	1	1	0	2804	1578	16871	Barcelona, Catalonia	223
@ramonroyo	<a href="https://twitter.com/ramonroyo" target="_blank">ramonroyo</a>	28	0	1	337	211	34539	Sarrià	007
@ramontremosa	<a href="https://twitter.com/ramontremosa" target="_blank">ramontremosa</a>	18	501	2	69364	1301	31183	BCN, CAT & EU	001
@RandomUserN38	<a href="https://twitter.com/RandomUserN38" target="_blank">RandomUserN38</a>	8	2	0	69	514	4115	República de Catalunya	126
@rAngOLi_ioGa	<a href="https://twitter.com/rAngOLi_ioGa" target="_blank">rAngOLi_ioGa</a>	1	0	1	277	862	1261	Manlleu	001
@raset_cat	<a href="https://twitter.com/raset_cat" target="_blank">raset_cat</a>	1	1	0	880	294	286	CAT	188
@Rasqueranet	<a href="https://twitter.com/Rasqueranet" target="_blank">Rasqueranet</a>	2	0	1	222	290	8298		008
@raul_barquero	<a href="https://twitter.com/raul_barquero" target="_blank">raul_barquero</a>	7	0	2	190	776	16314	Cornellà de Llobregat, Espanya	005
@ravaleroRCDE	<a href="https://twitter.com/ravaleroRCDE" target="_blank">ravaleroRCDE</a>	1	0	1	74	211	402	Barcelona, España	195
@raym180	<a href="https://twitter.com/raym180" target="_blank">raym180</a>	4	0	2	633	2333	26561	Rotterdam Zuid	130
@Rayna0811	<a href="https://twitter.com/Rayna0811" target="_blank">Rayna0811</a>	2	0	1	28	79	698		252
@rbert77	<a href="https://twitter.com/rbert77" target="_blank">rbert77</a>	1	0	1	1000	1247	9051	Móra la Nova	001
@rbnmndz	<a href="https://twitter.com/rbnmndz" target="_blank">rbnmndz</a>	6	0	1	256	903	1907	Vilanova, Catalonia	001
@rcana000	<a href="https://twitter.com/rcana000" target="_blank">rcana000</a>	3	0	1	189	206	7988		010
@RdPPS	<a href="https://twitter.com/RdPPS" target="_blank">RdPPS</a>	1	0	1	575	5001	2322	Barcelona	153
@reagrupamentpv	<a href="https://twitter.com/reagrupamentpv" target="_blank">reagrupamentpv</a>	25	0	1	1960	1959	46159	País Valencià. 960064914	069
@Redecs_	<a href="https://twitter.com/Redecs_" target="_blank">Redecs_</a>	3	0	1	187	441	32488		001
@reflexions_NS	<a href="https://twitter.com/reflexions_NS" target="_blank">reflexions_NS</a>	25	0	2	644	1717	45038	Català a Madrid. Indepe. Ara a CAT	002
@refugi101	<a href="https://twitter.com/refugi101" target="_blank">refugi101</a>	10	0	1	96	560	7975	al mig del no-res	081
@RehtseGlz	<a href="https://twitter.com/RehtseGlz" target="_blank">RehtseGlz</a>	2	0	1	75	397	12807		005
@RemeiMei1	<a href="https://twitter.com/RemeiMei1" target="_blank">RemeiMei1</a>	2	0	1	124	156	21341		001
@Renoudebuit	<a href="https://twitter.com/Renoudebuit" target="_blank">Renoudebuit</a>	7	0	1	116	666	12311		001
@reporcat	<a href="https://twitter.com/reporcat" target="_blank">reporcat</a>	8	0	1	1694	1561	10957	Visc a Barcelona, de Tarragona	001
@ReTwitStorm_por	<a href="https://twitter.com/ReTwitStorm_por" target="_blank">ReTwitStorm_por</a>	2	0	1	269	288	13778		001
@ribas_xavi	<a href="https://twitter.com/ribas_xavi" target="_blank">ribas_xavi</a>	2	0	1	339	325	6681		001
@ricard1714	<a href="https://twitter.com/ricard1714" target="_blank">ricard1714</a>	9	0	1	108	605	2123	Barcelona, catalunya	070
@RicardFite	<a href="https://twitter.com/RicardFite" target="_blank">RicardFite</a>	14	0	1	412	1029	13301	Barcelona	001
@ricardfragments	<a href="https://twitter.com/ricardfragments" target="_blank">ricardfragments</a>	1	0	1	237	423	6749	Sabadell (Catalunya)	030
@ricardjordan_	<a href="https://twitter.com/ricardjordan_" target="_blank">ricardjordan_</a>	2	0	1	122	372	639	Girona, Catalunya	071
@RicardLahoz	<a href="https://twitter.com/RicardLahoz" target="_blank">RicardLahoz</a>	3	2	0	1846	780	4121	Catalunya	053
@RicardLlenas	<a href="https://twitter.com/RicardLlenas" target="_blank">RicardLlenas</a>	7	0	1	811	1332	4313	Vilanova i la Geltrú	025
@ricardo21893637	<a href="https://twitter.com/ricardo21893637" target="_blank">ricardo21893637</a>	1	0	1	32	54	9803		068
@RICARDPF	<a href="https://twitter.com/RICARDPF" target="_blank">RICARDPF</a>	9	0	1	2471	3322	33408	Sant Boi,Catalunya Independent	008
@RicardXenx68	<a href="https://twitter.com/RicardXenx68" target="_blank">RicardXenx68</a>	1	0	1	102	126	699		008
@riicard7	<a href="https://twitter.com/riicard7" target="_blank">riicard7</a>	16	0	1	175	411	5199		008
@Rimont7516	<a href="https://twitter.com/Rimont7516" target="_blank">Rimont7516</a>	4	0	1	275	704	678	Avinyó	001
@RitaPratC	<a href="https://twitter.com/RitaPratC" target="_blank">RitaPratC</a>	7	0	1	10	82	1247		012
@Ritxi_Witxi	<a href="https://twitter.com/Ritxi_Witxi" target="_blank">Ritxi_Witxi</a>	14	0	1	2007	1328	59713	Això és a prop! Cerca! Near!	001
@riusdefum	<a href="https://twitter.com/riusdefum" target="_blank">riusdefum</a>	1	0	1	237	659	969	Terrassa	116
@RiuYashira	<a href="https://twitter.com/RiuYashira" target="_blank">RiuYashira</a>	10	0	1	1767	901	92256	On hi hagi una manifa	065
@rlopezct	<a href="https://twitter.com/rlopezct" target="_blank">rlopezct</a>	11	0	1	1634	2307	72550	Catalonia	006
@robcorominas	<a href="https://twitter.com/robcorominas" target="_blank">robcorominas</a>	1	0	1	18	103	38		271
@robert_casals	<a href="https://twitter.com/robert_casals" target="_blank">robert_casals</a>	1	0	1	34	176	518		019
@RobertBadia	<a href="https://twitter.com/RobertBadia" target="_blank">RobertBadia</a>	26	0	3	1572	1899	97062	Barcelona, Catalonia, Europe	013
@RocaLongares	<a href="https://twitter.com/RocaLongares" target="_blank">RocaLongares</a>	17	0	3	431	443	21648	Barcelona, Catalunya	006
@roccasagran	<a href="https://twitter.com/roccasagran" target="_blank">roccasagran</a>	6	0	1	16279	1786	41541	Sabadell, Països Catalans	012
@rocvalls	<a href="https://twitter.com/rocvalls" target="_blank">rocvalls</a>	1	0	1	39	188	657	Catalunya	001
@rodalia3	<a href="https://twitter.com/rodalia3" target="_blank">rodalia3</a>	0	1	0					187
@rodri99garcia	<a href="https://twitter.com/rodri99garcia" target="_blank">rodri99garcia</a>	3	0	1	232	218	3496	madrid/ vallecas	072
@rofastes	<a href="https://twitter.com/rofastes" target="_blank">rofastes</a>	1	0	1	310	1010	7962		060
@Roger_Lluriach	<a href="https://twitter.com/Roger_Lluriach" target="_blank">Roger_Lluriach</a>	3	0	1	7	92	510		044
@roger_monfort	<a href="https://twitter.com/roger_monfort" target="_blank">roger_monfort</a>	1	0	1	20	164	112	Mi casa	247
@RogerCalleja	<a href="https://twitter.com/RogerCalleja" target="_blank">RogerCalleja</a>	1	0	1	308	446	7652		001
@RogerCumeras	<a href="https://twitter.com/RogerCumeras" target="_blank">RogerCumeras</a>	0	2	0					017
@rogerfores__	<a href="https://twitter.com/rogerfores__" target="_blank">rogerfores__</a>	1	0	1	188	146	261	Winterfell	010
@RogerGalazan	<a href="https://twitter.com/RogerGalazan" target="_blank">RogerGalazan</a>	5	0	1	639	913	26238	Repiular no és compartir	010
@RogerPastorRob1	<a href="https://twitter.com/RogerPastorRob1" target="_blank">RogerPastorRob1</a>	0	1	0					186
@RogerSaperas	<a href="https://twitter.com/RogerSaperas" target="_blank">RogerSaperas</a>	0	2	0					047
@RogerYoda	<a href="https://twitter.com/RogerYoda" target="_blank">RogerYoda</a>	13	0	1	7725	5952	103408	E Street, Jungleland	001
@romapaps	<a href="https://twitter.com/romapaps" target="_blank">romapaps</a>	2	0	1	100	168	904	Barcelona	185
@RominaPaps	<a href="https://twitter.com/RominaPaps" target="_blank">RominaPaps</a>	0	1	0					185
@roquini	<a href="https://twitter.com/roquini" target="_blank">roquini</a>	1	2	0	5893	958	33172	Vic,Catalunya	077
@Rosa_abduida	<a href="https://twitter.com/Rosa_abduida" target="_blank">Rosa_abduida</a>	1	0	1	23	161	922	Vilanova i la Geltru, Catalunya	001
@rosa_armengol	<a href="https://twitter.com/rosa_armengol" target="_blank">rosa_armengol</a>	9	0	1	212	484	6020	barcelona-tarragona	001
@rosa_msust	<a href="https://twitter.com/rosa_msust" target="_blank">rosa_msust</a>	49	0	1	538	702	14432	Badalona, Barcelona	039
@RosabelBofarull	<a href="https://twitter.com/RosabelBofarull" target="_blank">RosabelBofarull</a>	2	0	1	1042	1327	16517	Valls.	057
@RosaHavana	<a href="https://twitter.com/RosaHavana" target="_blank">RosaHavana</a>	1	0	1	246	184	420		143
@rosamariabe1	<a href="https://twitter.com/rosamariabe1" target="_blank">rosamariabe1</a>	4	0	1	852	786	53206	Barcelona	013
@rosamariallm	<a href="https://twitter.com/rosamariallm" target="_blank">rosamariallm</a>	12	0	1	372	852	11817		019
@RosamariVS	<a href="https://twitter.com/RosamariVS" target="_blank">RosamariVS</a>	6	0	1	672	649	55811	Cambrils	188
@Rosclofent	<a href="https://twitter.com/Rosclofent" target="_blank">Rosclofent</a>	3	0	1	31	122	1324	Barcelona, Catalunya	016
@roser_colome	<a href="https://twitter.com/roser_colome" target="_blank">roser_colome</a>	2	21	0	372	384	3022	Catalunya	082
@Roser_Morraja	<a href="https://twitter.com/Roser_Morraja" target="_blank">Roser_Morraja</a>	12	0	1	1008	1803	69518		044
@roseretaue	<a href="https://twitter.com/roseretaue" target="_blank">roseretaue</a>	0	8	0					021
@roserro	<a href="https://twitter.com/roserro" target="_blank">roserro</a>	6	0	2	104	388	18084		006
@Rosesver	<a href="https://twitter.com/Rosesver" target="_blank">Rosesver</a>	2	0	1	239	389	6101		039
@rotondadeponts	<a href="https://twitter.com/rotondadeponts" target="_blank">rotondadeponts</a>	6	1	0	204	144	1137	Ponts	180
@RPeroy	<a href="https://twitter.com/RPeroy" target="_blank">RPeroy</a>	1	0	1	2061	2741	11504	Lleida	001
@rqtr	<a href="https://twitter.com/rqtr" target="_blank">rqtr</a>	1	0	1	2772	989	7887	Campus de Somosaguas, Madrid	085
@rsoler2000	<a href="https://twitter.com/rsoler2000" target="_blank">rsoler2000</a>	7	0	1	43	80	8892		007
@ru_alegre	<a href="https://twitter.com/ru_alegre" target="_blank">ru_alegre</a>	0	1	0					179
@RumbcapItaca	<a href="https://twitter.com/RumbcapItaca" target="_blank">RumbcapItaca</a>	2	0	1	13	229	1638		009
@rumoroleg	<a href="https://twitter.com/rumoroleg" target="_blank">rumoroleg</a>	5	0	1	1920	326	37619	camp nou	007
@Rutcarpell	<a href="https://twitter.com/Rutcarpell" target="_blank">Rutcarpell</a>	2	0	1	6	34	234	Dosrius, España	039
@rutx11	<a href="https://twitter.com/rutx11" target="_blank">rutx11</a>	10	0	1	254	317	5570	Catalunya	044
@sagal62	<a href="https://twitter.com/sagal62" target="_blank">sagal62</a>	20	0	1	2222	1981	137000	Importa amb quí, no on.	006
@SagalsdOsona	<a href="https://twitter.com/SagalsdOsona" target="_blank">SagalsdOsona</a>	4	2	0	3405	330	2704	Osona. Països Catalans	017
@SagreraT	<a href="https://twitter.com/SagreraT" target="_blank">SagreraT</a>	9	0	2	884	1542	15648		067
@Saltencaverdneg	<a href="https://twitter.com/Saltencaverdneg" target="_blank">Saltencaverdneg</a>	2	2	0	1469	1110	59498	República Catalana UE	073
@salva10r	<a href="https://twitter.com/salva10r" target="_blank">salva10r</a>	2	0	1	81	279	13960	Barcelona, Cataluña	001
@Salvathorium	<a href="https://twitter.com/Salvathorium" target="_blank">Salvathorium</a>	14	0	1	95	253	1921	Barcelona, España	071
@Salvigrau72	<a href="https://twitter.com/Salvigrau72" target="_blank">Salvigrau72</a>	0	2	0					141
@SamonicaSerra	<a href="https://twitter.com/SamonicaSerra" target="_blank">SamonicaSerra</a>	1	0	1	59	187	730		044
@SamuelColomer	<a href="https://twitter.com/SamuelColomer" target="_blank">SamuelColomer</a>	0	23	0					081
@sandradrasan	<a href="https://twitter.com/sandradrasan" target="_blank">sandradrasan</a>	4	0	1	22	84	869	Cat	013
@SandraPazos	<a href="https://twitter.com/SandraPazos" target="_blank">SandraPazos</a>	0	1	0					176
@sandretamoon	<a href="https://twitter.com/sandretamoon" target="_blank">sandretamoon</a>	0	1	0					177
@sandrixcor	<a href="https://twitter.com/sandrixcor" target="_blank">sandrixcor</a>	1	1	0	102	178	763		174
@Santclitweet	<a href="https://twitter.com/Santclitweet" target="_blank">Santclitweet</a>	2	0	1	255	471	1636	N 41°31' 0'' / E 2°5' 0''	135
@santiagorg332	<a href="https://twitter.com/santiagorg332" target="_blank">santiagorg332</a>	3	0	1	156	366	6274		007
@SantiGoogle	<a href="https://twitter.com/SantiGoogle" target="_blank">SantiGoogle</a>	25	0	2	1108	1744	29702	Sabadell	005
@santigutiespuny	<a href="https://twitter.com/santigutiespuny" target="_blank">santigutiespuny</a>	3	1	0	29	206	326		175
@SANTIVILLORBINA	<a href="https://twitter.com/SANTIVILLORBINA" target="_blank">SANTIVILLORBINA</a>	7	0	1	5612	3915	17806	©atalonia • €urope	001
@sanzjuli15	<a href="https://twitter.com/sanzjuli15" target="_blank">sanzjuli15</a>	15	0	1	36	147	2826		200
@SanzVeciana	<a href="https://twitter.com/SanzVeciana" target="_blank">SanzVeciana</a>	18	0	1	1427	4994	6532	barcelona	013
@Sara67822151	<a href="https://twitter.com/Sara67822151" target="_blank">Sara67822151</a>	25	0	1	28	51	5316		001
@sarabailac	<a href="https://twitter.com/sarabailac" target="_blank">sarabailac</a>	0	1	0					173
@saralidiaester	<a href="https://twitter.com/saralidiaester" target="_blank">saralidiaester</a>	16	0	1	535	819	48546		001
@sararuizbcn	<a href="https://twitter.com/sararuizbcn" target="_blank">sararuizbcn</a>	2	0	1	563	1273	758		070
@sargantana14	<a href="https://twitter.com/sargantana14" target="_blank">sargantana14</a>	3	0	1	45	268	2018		001
@Sari_Rueda	<a href="https://twitter.com/Sari_Rueda" target="_blank">Sari_Rueda</a>	2	0	1	30	258	296		001
@SASam1714	<a href="https://twitter.com/SASam1714" target="_blank">SASam1714</a>	18	0	1	2783	2476	184846	CATHALVNYA	001
@saturnow	<a href="https://twitter.com/saturnow" target="_blank">saturnow</a>	6	0	2	1980	1024	73103		071
@SBDpelSI	<a href="https://twitter.com/SBDpelSI" target="_blank">SBDpelSI</a>	2	0	1	312	22	250	Sabadell, Països Catalans	030
@SBMariah	<a href="https://twitter.com/SBMariah" target="_blank">SBMariah</a>	1	0	1	150	163	7377	Barcelona	008
@Schweickart	<a href="https://twitter.com/Schweickart" target="_blank">Schweickart</a>	17	0	2	205	570	3669		003
@scusido	<a href="https://twitter.com/scusido" target="_blank">scusido</a>	4	0	2	35	180	2719		001
@Sebademarxa	<a href="https://twitter.com/Sebademarxa" target="_blank">Sebademarxa</a>	2	0	1	1050	951	10691	Cádiz/Barcelona	146
@sebasnogueres	<a href="https://twitter.com/sebasnogueres" target="_blank">sebasnogueres</a>	16	0	2	5080	4632	220219	CATALUNYA #1-O #DUI	001
@SegadorPPCC	<a href="https://twitter.com/SegadorPPCC" target="_blank">SegadorPPCC</a>	5	0	1	47	219	555	Catalunya	001
@SeleccionsCAT	<a href="https://twitter.com/SeleccionsCAT" target="_blank">SeleccionsCAT</a>	4	1	0	15336	1330	10216	Països Catalans	172
@selvanegra400	<a href="https://twitter.com/selvanegra400" target="_blank">selvanegra400</a>	0	1	0					171
@SenseiJoan	<a href="https://twitter.com/SenseiJoan" target="_blank">SenseiJoan</a>	1	0	1	241	377	1413	La Seu d'Urgell	001
@sentit_comu	<a href="https://twitter.com/sentit_comu" target="_blank">sentit_comu</a>	2	0	1	258	838	5977		056
@sepavila	<a href="https://twitter.com/sepavila" target="_blank">sepavila</a>	1	0	1	12	62	301		019
@serav_bcn123	<a href="https://twitter.com/serav_bcn123" target="_blank">serav_bcn123</a>	18	0	2	64	105	7849		005
@sergi_lliure	<a href="https://twitter.com/sergi_lliure" target="_blank">sergi_lliure</a>	12	0	1	42	33	2630	Barcelona, España	013
@SergiAtienza_	<a href="https://twitter.com/SergiAtienza_" target="_blank">SergiAtienza_</a>	2	2	0	2807	858	2060	Barcelona	011
@sergiatletic15	<a href="https://twitter.com/sergiatletic15" target="_blank">sergiatletic15</a>	1	0	1	99	153	1064		083
@sergicaldes	<a href="https://twitter.com/sergicaldes" target="_blank">sergicaldes</a>	2	13	1	2900	2848	17405	Catalonia	016
@SergiCastanye	<a href="https://twitter.com/SergiCastanye" target="_blank">SergiCastanye</a>	3	0	1	18887	1989	71494	Vic, República de Catalunya	006
@Sergidelmig	<a href="https://twitter.com/Sergidelmig" target="_blank">Sergidelmig</a>	13	0	1	254	420	5387		001
@sergiERCcps	<a href="https://twitter.com/sergiERCcps" target="_blank">sergiERCcps</a>	0	4	0					095
@sergifont	<a href="https://twitter.com/sergifont" target="_blank">sergifont</a>	5	0	1	1597	3126	6951	Pals - Empordà - Girona	073
@sergillima	<a href="https://twitter.com/sergillima" target="_blank">sergillima</a>	13	0	1	889	2045	163406		071
@serginock	<a href="https://twitter.com/serginock" target="_blank">serginock</a>	27	0	2	174	544	6599	Barcelona, Cataluña	001
@sergisancho	<a href="https://twitter.com/sergisancho" target="_blank">sergisancho</a>	16	0	1	662	910	20259	Barcelona	023
@sergitomas1	<a href="https://twitter.com/sergitomas1" target="_blank">sergitomas1</a>	10	0	1	148	1981	2344	Alboraia, País Valencià	044
@sergivilab	<a href="https://twitter.com/sergivilab" target="_blank">sergivilab</a>	5	0	1	336	557	5361	Barcelona, Catalunya	016
@Sertemus	<a href="https://twitter.com/Sertemus" target="_blank">Sertemus</a>	3	0	1	2797	4312	42136		024
@setzejutges	<a href="https://twitter.com/setzejutges" target="_blank">setzejutges</a>	2	0	1	3737	1596	82062	BCN	007
@sguardiolam	<a href="https://twitter.com/sguardiolam" target="_blank">sguardiolam</a>	1	0	1	23	55	259		079
@shantytownbcn	<a href="https://twitter.com/shantytownbcn" target="_blank">shantytownbcn</a>	7	0	1	249	543	2855	Vila de Gràcia. PPCC	034
@shox	<a href="https://twitter.com/shox" target="_blank">shox</a>	2	0	1	428	330	14355	Barcelona, Catalunya	071
@sianskiy	<a href="https://twitter.com/sianskiy" target="_blank">sianskiy</a>	20	0	1	17	69	2272	Catalunya	008
@Siatot	<a href="https://twitter.com/Siatot" target="_blank">Siatot</a>	6	0	1	84	313	947	Barcelona	009
@siempreprotesta	<a href="https://twitter.com/siempreprotesta" target="_blank">siempreprotesta</a>	8	0	5	4195	4718	87821		002
@sildavia13	<a href="https://twitter.com/sildavia13" target="_blank">sildavia13</a>	2	1	0	1282	168	7997		115
@SilesFranco	<a href="https://twitter.com/SilesFranco" target="_blank">SilesFranco</a>	1	0	1	72	162	1648	Vilanova i la Geltrú, España	168
@silmun68	<a href="https://twitter.com/silmun68" target="_blank">silmun68</a>	7	0	2	40	267	3386		001
@silprava	<a href="https://twitter.com/silprava" target="_blank">silprava</a>	2	0	1	144	62	13318		006
@SilviaT78	<a href="https://twitter.com/SilviaT78" target="_blank">SilviaT78</a>	7	0	1	892	2157	46493		001
@SindicaEstudian	<a href="https://twitter.com/SindicaEstudian" target="_blank">SindicaEstudian</a>	6	2	0	21599	1386	17786	Estado español	136
@sisco_garcia	<a href="https://twitter.com/sisco_garcia" target="_blank">sisco_garcia</a>	8	0	2	911	799	94825		021
@siscup	<a href="https://twitter.com/siscup" target="_blank">siscup</a>	1	0	1	170	181	1721	Catalunya	044
@SisoMako	<a href="https://twitter.com/SisoMako" target="_blank">SisoMako</a>	21	0	1	1757	4085	48384	Catalonia	001
@SmartimMart	<a href="https://twitter.com/SmartimMart" target="_blank">SmartimMart</a>	2	0	1	41	210	5220		019
@Smf0311	<a href="https://twitter.com/Smf0311" target="_blank">Smf0311</a>	1	0	1	41	300	88		166
@smujal	<a href="https://twitter.com/smujal" target="_blank">smujal</a>	60	1	0	4220	4994	218901	Barcelona	001
@SMunne	<a href="https://twitter.com/SMunne" target="_blank">SMunne</a>	10	0	1	285	484	1968	Barcelona	001
@snacktime3	<a href="https://twitter.com/snacktime3" target="_blank">snacktime3</a>	1	0	1	82	414	3983		001
@sobiranianarkia	<a href="https://twitter.com/sobiranianarkia" target="_blank">sobiranianarkia</a>	24	0	1	1687	1933	23245	960064915 Meliana Spain.	069
@SocdeCAT	<a href="https://twitter.com/SocdeCAT" target="_blank">SocdeCAT</a>	2	0	1	158	316	2507	Visc a Catalunya	019
@Sodarp	<a href="https://twitter.com/Sodarp" target="_blank">Sodarp</a>	1	0	1	123	212	4841	(Catalunya)	001
@solapunsola	<a href="https://twitter.com/solapunsola" target="_blank">solapunsola</a>	3	0	1	185	735	414	Vilassar de Mar	126
@SolidSnakeUk89	<a href="https://twitter.com/SolidSnakeUk89" target="_blank">SolidSnakeUk89</a>	1	0	1	1745	1092	5653	Around the world	029
@SOMgramenet	<a href="https://twitter.com/SOMgramenet" target="_blank">SOMgramenet</a>	2	4	0	1546	934	5784	Santa Coloma de Gramenet	100
@somiador_49	<a href="https://twitter.com/somiador_49" target="_blank">somiador_49</a>	3	0	1	7	42	818	Girona	001
@somVNG	<a href="https://twitter.com/somVNG" target="_blank">somVNG</a>	5	1	0	725	683	2038	Vilanova i la Geltrú	168
@SoniaEscamez1	<a href="https://twitter.com/SoniaEscamez1" target="_blank">SoniaEscamez1</a>	2	0	2	16	126	1109		019
@SoriGran	<a href="https://twitter.com/SoriGran" target="_blank">SoriGran</a>	12	0	1	124	264	13494		001
@SorollaCarlos	<a href="https://twitter.com/SorollaCarlos" target="_blank">SorollaCarlos</a>	4	0	1	17	44	1651		046
@sorribescodina	<a href="https://twitter.com/sorribescodina" target="_blank">sorribescodina</a>	3	0	1	123	289	3296		009
@sotoarmengol	<a href="https://twitter.com/sotoarmengol" target="_blank">sotoarmengol</a>	95	0	1	3397	5001	83623	Comarca Garraf	071
@SPHopeVB	<a href="https://twitter.com/SPHopeVB" target="_blank">SPHopeVB</a>	30	0	2	40	241	3012		001
@spika59	<a href="https://twitter.com/spika59" target="_blank">spika59</a>	12	0	3	2794	1600	15680	Catalunya ||*||	001
@sprite_rlp	<a href="https://twitter.com/sprite_rlp" target="_blank">sprite_rlp</a>	3	0	1	36	69	726		001
@Sprya_	<a href="https://twitter.com/Sprya_" target="_blank">Sprya_</a>	2	0	1	862	433	35861	Toledo	085
@Sr_falu	<a href="https://twitter.com/Sr_falu" target="_blank">Sr_falu</a>	1	0	1	59	424	2096	Badalona	068
@srchapi	<a href="https://twitter.com/srchapi" target="_blank">srchapi</a>	1	0	1	49	131	1972	Madrid, Reino de Españistán	086
@SrLivingstone1	<a href="https://twitter.com/SrLivingstone1" target="_blank">SrLivingstone1</a>	12	0	1	411	481	16450	Barcelona / Cunit. Catalunya	098
@ssfreixas	<a href="https://twitter.com/ssfreixas" target="_blank">ssfreixas</a>	27	0	1	144	351	13783		082
@ssolanell	<a href="https://twitter.com/ssolanell" target="_blank">ssolanell</a>	0	1	0					169
@stakarabia	<a href="https://twitter.com/stakarabia" target="_blank">stakarabia</a>	4	0	1	36	88	5002		071
@Stelladeeli	<a href="https://twitter.com/Stelladeeli" target="_blank">Stelladeeli</a>	1	0	1	200	400	4085	Madrid, Comunidad de Madrid	002
@StillYesScot	<a href="https://twitter.com/StillYesScot" target="_blank">StillYesScot</a>	37	0	2	8308	7924	132510	Scotland, United Kingdom	027
@strsta11	<a href="https://twitter.com/strsta11" target="_blank">strsta11</a>	1	0	1	139	589	1344		136
@sumenyo	<a href="https://twitter.com/sumenyo" target="_blank">sumenyo</a>	1	0	1	123	404	1665	CATALUNYA	227
@Supercatalai	<a href="https://twitter.com/Supercatalai" target="_blank">Supercatalai</a>	0	1	0					166
@SuperNueli	<a href="https://twitter.com/SuperNueli" target="_blank">SuperNueli</a>	8	0	2	200	220	6658		012
@suriCATreus	<a href="https://twitter.com/suriCATreus" target="_blank">suriCATreus</a>	1	0	1	778	765	10342	CATALUNYA	001
@susagna40	<a href="https://twitter.com/susagna40" target="_blank">susagna40</a>	5	0	1	197	425	1785	Verges, Catalunya	004
@susbg13	<a href="https://twitter.com/susbg13" target="_blank">susbg13</a>	11	0	1	19	32	851		170
@sussergaz	<a href="https://twitter.com/sussergaz" target="_blank">sussergaz</a>	5	0	1	1621	2018	51648	Euskal Herria	086
@Suyindor	<a href="https://twitter.com/Suyindor" target="_blank">Suyindor</a>	1	0	1	6	34	95	la Prosperitat, Barcelona	068
@swingTIC	<a href="https://twitter.com/swingTIC" target="_blank">swingTIC</a>	16	0	1	82	260	3457	Tarragona, Catalunya	044
@SxMreferendum	<a href="https://twitter.com/SxMreferendum" target="_blank">SxMreferendum</a>	5	30	0	600	38	188		070
@sylviacup	<a href="https://twitter.com/sylviacup" target="_blank">sylviacup</a>	4	0	1	33	55	1114		012
@taka_bomber	<a href="https://twitter.com/taka_bomber" target="_blank">taka_bomber</a>	1	0	1	522	479	3771	catalunya	133
@Taniacomo	<a href="https://twitter.com/Taniacomo" target="_blank">Taniacomo</a>	1	0	1	299	159	6862	Ciudad del Betis	080
@Taradell1974	<a href="https://twitter.com/Taradell1974" target="_blank">Taradell1974</a>	2	0	1	414	1050	4526		071
@TarragonaCdr	<a href="https://twitter.com/TarragonaCdr" target="_blank">TarragonaCdr</a>	10	2	0	761	298	636	Tarragona, Països Catalans	137
@Tarratwit	<a href="https://twitter.com/Tarratwit" target="_blank">Tarratwit</a>	33	0	1	27	60	5159		044
@tatsuria	<a href="https://twitter.com/tatsuria" target="_blank">tatsuria</a>	2	1	0	95	109	326	Súria	165
@tdiazb	<a href="https://twitter.com/tdiazb" target="_blank">tdiazb</a>	1	0	1	140	94	440	Barcelona - Igualada	079
@TDolors	<a href="https://twitter.com/TDolors" target="_blank">TDolors</a>	48	0	2	224	235	26402	Catalunya	001
@TeletextoMan	<a href="https://twitter.com/TeletextoMan" target="_blank">TeletextoMan</a>	1	0	1	3651	4229	60619	Triángulo de las Bermudas	072
@Tenesmo	<a href="https://twitter.com/Tenesmo" target="_blank">Tenesmo</a>	1	0	1	1733	2054	181385		072
@TereMafalda	<a href="https://twitter.com/TereMafalda" target="_blank">TereMafalda</a>	8	0	2	467	687	18978	Sant Jordi, Catalunya	013
@Teresa3amartell	<a href="https://twitter.com/Teresa3amartell" target="_blank">Teresa3amartell</a>	12	0	2	115	196	2026		010
@teresabilwi	<a href="https://twitter.com/teresabilwi" target="_blank">teresabilwi</a>	12	0	3	47	37	3501		032
@TeresaForcadesF	<a href="https://twitter.com/TeresaForcadesF" target="_blank">TeresaForcadesF</a>	0	2	0					040
@TeresaGine	<a href="https://twitter.com/TeresaGine" target="_blank">TeresaGine</a>	2	0	1	40	55	92		273
@TeresaJorda	<a href="https://twitter.com/TeresaJorda" target="_blank">TeresaJorda</a>	4	29	0	8278	4853	6937	Ripoll	044
@teresapimpam	<a href="https://twitter.com/teresapimpam" target="_blank">teresapimpam</a>	18	0	1	185	54	34137	Maresme. Catalunya	081
@TeresaSans1	<a href="https://twitter.com/TeresaSans1" target="_blank">TeresaSans1</a>	4	0	2	1	18	1921		071
@TerraConcertada	<a href="https://twitter.com/TerraConcertada" target="_blank">TerraConcertada</a>	12	0	1	2175	3418	34982	Països catalans per alliberar	004
@TERRETREMOL	<a href="https://twitter.com/TERRETREMOL" target="_blank">TERRETREMOL</a>	11	0	1	68	415	5047		098
@tetesarda	<a href="https://twitter.com/tetesarda" target="_blank">tetesarda</a>	7	0	1	2449	3256	66131	Barcelona	001
@Tetrisone	<a href="https://twitter.com/Tetrisone" target="_blank">Tetrisone</a>	1	0	1	282	690	6987		001
@the_sun_shadow	<a href="https://twitter.com/the_sun_shadow" target="_blank">the_sun_shadow</a>	1	0	1	24	150	992	neverland	019
@Thyllis	<a href="https://twitter.com/Thyllis" target="_blank">Thyllis</a>	0	1	0					163
@tietaVeronica	<a href="https://twitter.com/tietaVeronica" target="_blank">tietaVeronica</a>	7	0	1	150	776	8303		081
@Timbalerdelbru2	<a href="https://twitter.com/Timbalerdelbru2" target="_blank">Timbalerdelbru2</a>	11	0	1	237	210	37607		072
@tincungos	<a href="https://twitter.com/tincungos" target="_blank">tincungos</a>	15	0	2	114	291	6049		065
@tiritarivas	<a href="https://twitter.com/tiritarivas" target="_blank">tiritarivas</a>	2	0	1	22	134	1922		056
@titonlailla	<a href="https://twitter.com/titonlailla" target="_blank">titonlailla</a>	7	0	1	3734	2136	11771	Sarrià, Barcelona, Catalunya	238
@Titosalou	<a href="https://twitter.com/Titosalou" target="_blank">Titosalou</a>	7	0	1	102	154	7519	CAT	101
@tmedina77	<a href="https://twitter.com/tmedina77" target="_blank">tmedina77</a>	4	0	1	81	146	1354	Mataró	051
@TMunyoz	<a href="https://twitter.com/TMunyoz" target="_blank">TMunyoz</a>	6	0	1	29	174	2220		001
@Toegh	<a href="https://twitter.com/Toegh" target="_blank">Toegh</a>	1	0	1	41	110	460	Amsterdam	060
@Tofol1914	<a href="https://twitter.com/Tofol1914" target="_blank">Tofol1914</a>	4	0	1	304	256	71871		072
@tohr1963	<a href="https://twitter.com/tohr1963" target="_blank">tohr1963</a>	27	0	2	816	1283	29726	Barcelona	063
@Tomi147	<a href="https://twitter.com/Tomi147" target="_blank">Tomi147</a>	3	3	0	365	717	5988	Garrotxa i B.Empordà	027
@ton_pons	<a href="https://twitter.com/ton_pons" target="_blank">ton_pons</a>	1	0	1	272	386	3441	Capellades	079
@tonferret	<a href="https://twitter.com/tonferret" target="_blank">tonferret</a>	4	0	1	936	682	20734		084
@toni_florido	<a href="https://twitter.com/toni_florido" target="_blank">toni_florido</a>	1	2	0	3282	1518	18353	Barcelona-Jerusalem	036
@ToniDeGranu	<a href="https://twitter.com/ToniDeGranu" target="_blank">ToniDeGranu</a>	2	0	1	129	399	3349	Granollers	001
@ToniGuevara	<a href="https://twitter.com/ToniGuevara" target="_blank">ToniGuevara</a>	9	0	1	265	1200	14053	Catalunya	007
@toniguix	<a href="https://twitter.com/toniguix" target="_blank">toniguix</a>	1	0	1	775	326	7388	Catalunya	001
@Toninommm	<a href="https://twitter.com/Toninommm" target="_blank">Toninommm</a>	5	0	1	107	685	2678	Barcelona, Catalunya	072
@tonipalmes	<a href="https://twitter.com/tonipalmes" target="_blank">tonipalmes</a>	1	0	1	473	272	7364	L'Espelt, Catalunya	079
@ToniRibas_equo	<a href="https://twitter.com/ToniRibas_equo" target="_blank">ToniRibas_equo</a>	1	0	1	502	243	1328	Barcelona, Catalunya	207
@toniterim	<a href="https://twitter.com/toniterim" target="_blank">toniterim</a>	1	0	1	1757	1987	41634	Barcelona	016
@tonitrek	<a href="https://twitter.com/tonitrek" target="_blank">tonitrek</a>	4	0	1	288	467	5368	Catalunya	269
@ToribioBarber	<a href="https://twitter.com/ToribioBarber" target="_blank">ToribioBarber</a>	1	0	1	2	13	21		044
@TorresLluisa	<a href="https://twitter.com/TorresLluisa" target="_blank">TorresLluisa</a>	3	0	1	15	33	1008	Figueres, CATALUNYA	067
@tote_llado	<a href="https://twitter.com/tote_llado" target="_blank">tote_llado</a>	34	0	1	53	58	4578	Barcelona	072
@totiapm	<a href="https://twitter.com/totiapm" target="_blank">totiapm</a>	36	0	2	382	241	81767	Catalonia	033
@Tovaritx_Igor	<a href="https://twitter.com/Tovaritx_Igor" target="_blank">Tovaritx_Igor</a>	8	1	0	854	381	18344	Catalunya, República	001
@tradicionarius	<a href="https://twitter.com/tradicionarius" target="_blank">tradicionarius</a>	1	0	1	3545	1003	6649	Gràcia, Barcelona	178
@tranqui69	<a href="https://twitter.com/tranqui69" target="_blank">tranqui69</a>	1	0	1	134	166	2787		007
@transtesteban	<a href="https://twitter.com/transtesteban" target="_blank">transtesteban</a>	8	0	1	284	662	7102	Dentro de mi piel.	260
@Trapote3	<a href="https://twitter.com/Trapote3" target="_blank">Trapote3</a>	15	0	1	7	30	3549		090
@tresesmultitud	<a href="https://twitter.com/tresesmultitud" target="_blank">tresesmultitud</a>	3	0	1	36	96	1122		046
@triciagan1	<a href="https://twitter.com/triciagan1" target="_blank">triciagan1</a>	4	0	1	19	99	2480	Catalunya	001
@Tritonna3	<a href="https://twitter.com/Tritonna3" target="_blank">Tritonna3</a>	10	0	1	502	450	30661		009
@tupitupitupi2	<a href="https://twitter.com/tupitupitupi2" target="_blank">tupitupitupi2</a>	35	0	1	2058	1144	50550		001
@TurneMartiOct	<a href="https://twitter.com/TurneMartiOct" target="_blank">TurneMartiOct</a>	9	0	3	445	796	8135		013
@twimabel	<a href="https://twitter.com/twimabel" target="_blank">twimabel</a>	19	0	1	108	235	7972		001
@txainbe	<a href="https://twitter.com/txainbe" target="_blank">txainbe</a>	21	0	1	144	358	12236	Sentmenat	010
@Txaumell	<a href="https://twitter.com/Txaumell" target="_blank">Txaumell</a>	1	0	1	2097	3201	18214	Begues	009
@txekel	<a href="https://twitter.com/txekel" target="_blank">txekel</a>	1	0	1	24	163	93	Castellar del Vallès	052
@txell15	<a href="https://twitter.com/txell15" target="_blank">txell15</a>	1	0	1	7	113	223		071
@TxellCanyadell	<a href="https://twitter.com/TxellCanyadell" target="_blank">TxellCanyadell</a>	7	0	1	66	135	1743	Castellbisbal, Catalunya	010
@txellor	<a href="https://twitter.com/txellor" target="_blank">txellor</a>	3	0	1	87	271	4188		007
@TxellRabionet	<a href="https://twitter.com/TxellRabionet" target="_blank">TxellRabionet</a>	3	0	1	568	634	4952		097
@tXiPhotone	<a href="https://twitter.com/tXiPhotone" target="_blank">tXiPhotone</a>	1	0	1	25	82	369	in the Moon	079
@txirrias	<a href="https://twitter.com/txirrias" target="_blank">txirrias</a>	1	0	1	18	166	57		021
@txorimigrari	<a href="https://twitter.com/txorimigrari" target="_blank">txorimigrari</a>	2	0	1	282	734	20325		063
@txululopez	<a href="https://twitter.com/txululopez" target="_blank">txululopez</a>	2	0	1	288	995	2134	BCN	007
@Txuse26	<a href="https://twitter.com/Txuse26" target="_blank">Txuse26</a>	2	0	1	187	727	3516	{viu i deixa viure}	072
@TxusSanchez	<a href="https://twitter.com/TxusSanchez" target="_blank">TxusSanchez</a>	1	0	1	188	307	8820		006
@unanuejosu	<a href="https://twitter.com/unanuejosu" target="_blank">unanuejosu</a>	14	0	1	1158	871	42797		088
@uri7torres	<a href="https://twitter.com/uri7torres" target="_blank">uri7torres</a>	1	0	1	150	649	2432	sant andreu	083
@Uriza12	<a href="https://twitter.com/Uriza12" target="_blank">Uriza12</a>	1	0	1	47	157	1055	cardedeu	079
@urnenfelder	<a href="https://twitter.com/urnenfelder" target="_blank">urnenfelder</a>	4	0	2	29	190	689		045
@UrreaAznar	<a href="https://twitter.com/UrreaAznar" target="_blank">UrreaAznar</a>	2	0	1	24	114	341	Barcelona, España	229
@utdblancx	<a href="https://twitter.com/utdblancx" target="_blank">utdblancx</a>	9	0	1	690	189	27900	Tarragona, Catalunya	009
@UtsetMarti	<a href="https://twitter.com/UtsetMarti" target="_blank">UtsetMarti</a>	2	0	1	244	624	11636		149
@Valia_Terranova	<a href="https://twitter.com/Valia_Terranova" target="_blank">Valia_Terranova</a>	11	0	1	207	211	2848	Vilabella, Catalunya	020
@vampyCATman	<a href="https://twitter.com/vampyCATman" target="_blank">vampyCATman</a>	39	0	4	7352	5354	318260	Barcelona. CAT	011
@vaparir	<a href="https://twitter.com/vaparir" target="_blank">vaparir</a>	1	0	1	17650	219	13333	Catalunya	060
@vaskostf	<a href="https://twitter.com/vaskostf" target="_blank">vaskostf</a>	1	2	0	26	138	790		138
@vconill	<a href="https://twitter.com/vconill" target="_blank">vconill</a>	3	0	1	307	1025	2941	ÜT: 41.596274,2.331695	001
@VellaDeGracia	<a href="https://twitter.com/VellaDeGracia" target="_blank">VellaDeGracia</a>	0	2	0					034
@Venturi1973	<a href="https://twitter.com/Venturi1973" target="_blank">Venturi1973</a>	18	0	2	19	76	2398	Catalunya	001
@vernem71	<a href="https://twitter.com/vernem71" target="_blank">vernem71</a>	1	0	1	14	59	189		106
@Veronic40630547	<a href="https://twitter.com/Veronic40630547" target="_blank">Veronic40630547</a>	39	0	2	502	1157	37155	Sabadell, Catalunya	001
@veva_970	<a href="https://twitter.com/veva_970" target="_blank">veva_970</a>	8	0	1	65	81	3713	Terres de l'Ebre, Catalunya.	067
@Vibella27	<a href="https://twitter.com/Vibella27" target="_blank">Vibella27</a>	8	0	1	10	32	1317	Tarragona	032
@Viccttoria	<a href="https://twitter.com/Viccttoria" target="_blank">Viccttoria</a>	14	0	1	257	465	11605	Tarragona	007
@vicenslozano	<a href="https://twitter.com/vicenslozano" target="_blank">vicenslozano</a>	7	0	1	4861	1930	21989	Barcelona	090
@Vicent_Ortiz	<a href="https://twitter.com/Vicent_Ortiz" target="_blank">Vicent_Ortiz</a>	1	0	1	604	2283	32874	País Valencià	071
@vicenta1962	<a href="https://twitter.com/vicenta1962" target="_blank">vicenta1962</a>	8	0	1	78	210	8895		001
@vicentalemany	<a href="https://twitter.com/vicentalemany" target="_blank">vicentalemany</a>	1	0	1	349	1099	5197		070
@vicenteguallart	<a href="https://twitter.com/vicenteguallart" target="_blank">vicenteguallart</a>	1	0	1	2955	334	5492	Barcelona and the world	001
@VicentOlmos2	<a href="https://twitter.com/VicentOlmos2" target="_blank">VicentOlmos2</a>	13	0	1	2061	2051	23211	Catarroja (País Valencià)	001
@VickyMR12	<a href="https://twitter.com/VickyMR12" target="_blank">VickyMR12</a>	13	0	1	982	1027	25525		001
@vidaleduard	<a href="https://twitter.com/vidaleduard" target="_blank">vidaleduard</a>	0	2	0					037
@VidalMoll	<a href="https://twitter.com/VidalMoll" target="_blank">VidalMoll</a>	17	0	1	854	1088	53280		062
@vidarquiana	<a href="https://twitter.com/vidarquiana" target="_blank">vidarquiana</a>	3	0	1	65	75	4496	El meu món	010
@vigilant_cat	<a href="https://twitter.com/vigilant_cat" target="_blank">vigilant_cat</a>	6	0	1	1121	174	24916		001
@VilamalaJoan	<a href="https://twitter.com/VilamalaJoan" target="_blank">VilamalaJoan</a>	3	0	1	515	523	4656		001
@VilanovaiGDC	<a href="https://twitter.com/VilanovaiGDC" target="_blank">VilanovaiGDC</a>	12	1	0	63	173	880		162
@viosmo	<a href="https://twitter.com/viosmo" target="_blank">viosmo</a>	2	0	1	10	52	485	Catalunya,  Europe	246
@Viqui41807090	<a href="https://twitter.com/Viqui41807090" target="_blank">Viqui41807090</a>	3	0	1	21	26	2190		009
@VirgniaMartnez2	<a href="https://twitter.com/VirgniaMartnez2" target="_blank">VirgniaMartnez2</a>	2	0	1	60	134	466	Salou, Catalunya	133
@vitopresley	<a href="https://twitter.com/vitopresley" target="_blank">vitopresley</a>	1	0	1	109	288	918	Matadepera	001
@vivancos62	<a href="https://twitter.com/vivancos62" target="_blank">vivancos62</a>	1	0	1	247	659	2725	Catalunya	010
@Vixen2014xavier	<a href="https://twitter.com/Vixen2014xavier" target="_blank">Vixen2014xavier</a>	6	0	1	57	212	8173	Girona., Catalunya	001
@voltesivoltes	<a href="https://twitter.com/voltesivoltes" target="_blank">voltesivoltes</a>	19	0	2	688	2378	8836	Països Catalans	022
@votaxmicat	<a href="https://twitter.com/votaxmicat" target="_blank">votaxmicat</a>	6	0	1	248	588	459	Barcelona, España	134
@Vote_CNP	<a href="https://twitter.com/Vote_CNP" target="_blank">Vote_CNP</a>	0	1	0					161
@vullvotarja	<a href="https://twitter.com/vullvotarja" target="_blank">vullvotarja</a>	23	0	3	104	415	4225		001
@vuruj	<a href="https://twitter.com/vuruj" target="_blank">vuruj</a>	2	0	1	60	127	928	Catalunya	071
@wallas85	<a href="https://twitter.com/wallas85" target="_blank">wallas85</a>	1	0	1	244	142	8615	l'Hospitalet de Ll, Catalunya	071
@Well086	<a href="https://twitter.com/Well086" target="_blank">Well086</a>	20	0	3	32597	2979	43329	Catalunya	005
@WiciCymru	<a href="https://twitter.com/WiciCymru" target="_blank">WiciCymru</a>	1	0	1	4356	4594	15277	Cymru - Wales	058
@WillyPanta	<a href="https://twitter.com/WillyPanta" target="_blank">WillyPanta</a>	4	0	1	159	337	6874	Catalunya	079
@Wittgenstein_jm	<a href="https://twitter.com/Wittgenstein_jm" target="_blank">Wittgenstein_jm</a>	123	0	10	2488	1303	526014	Barcelona - Ulldecona - CAT	001
@Woundorf	<a href="https://twitter.com/Woundorf" target="_blank">Woundorf</a>	13	0	1	125	107	26903	Girona, Catalunya	001
@WyomingShepherd	<a href="https://twitter.com/WyomingShepherd" target="_blank">WyomingShepherd</a>	1	0	1	58	340	1324	Big Wyoming	279
@x_baraut	<a href="https://twitter.com/x_baraut" target="_blank">x_baraut</a>	1	0	1	467	786	3525	Catalunya	060
@xabi_soto	<a href="https://twitter.com/xabi_soto" target="_blank">xabi_soto</a>	17	0	1	650	1045	16064	Donostia Euskal Herria Mundua	001
@xabiersoto	<a href="https://twitter.com/xabiersoto" target="_blank">xabiersoto</a>	1	0	1	333	1284	7016	Igualada, Catalunya	079
@XARLIPIU	<a href="https://twitter.com/XARLIPIU" target="_blank">XARLIPIU</a>	14	0	1	446	713	32238	Catalunya	001
@xavartal	<a href="https://twitter.com/xavartal" target="_blank">xavartal</a>	1	20	0	1107	1038	8881	Noubarris, Catalunya	056
@xavcas	<a href="https://twitter.com/xavcas" target="_blank">xavcas</a>	1	0	1	2357	2837	23451	República de Catalunya, Europa	001
@Xavi_Penela	<a href="https://twitter.com/Xavi_Penela" target="_blank">Xavi_Penela</a>	4	0	2	10512	9148	27174	Mataró Catalunya	051
@xavi123trejo	<a href="https://twitter.com/xavi123trejo" target="_blank">xavi123trejo</a>	5	0	1	274	817	15316		285
@Xavi44896342	<a href="https://twitter.com/Xavi44896342" target="_blank">Xavi44896342</a>	42	0	1	1288	1309	61919		114
@xavi718	<a href="https://twitter.com/xavi718" target="_blank">xavi718</a>	3	0	1	505	885	12132	Barcelona - Catalunya	043
@xaviaranda	<a href="https://twitter.com/xaviaranda" target="_blank">xaviaranda</a>	2	0	1	1780	2740	19636	Vilafranca del Penedès	083
@xavibergada	<a href="https://twitter.com/xavibergada" target="_blank">xavibergada</a>	1	0	1	28	110	734	Igualada, Catalunya	079
@xavichica	<a href="https://twitter.com/xavichica" target="_blank">xavichica</a>	1	2	0	4163	2397	13527	Santa Coloma de Gramenet, Espanya	074
@xavicht	<a href="https://twitter.com/xavicht" target="_blank">xavicht</a>	6	0	1	218	157	9766	Catalonia	001
@Xavier_Ballesta	<a href="https://twitter.com/Xavier_Ballesta" target="_blank">Xavier_Ballesta</a>	1	0	1	243	175	392	Catalunya	123
@xavier_valero	<a href="https://twitter.com/xavier_valero" target="_blank">xavier_valero</a>	5	0	1	566	340	39113	CATALUNYA	096
@xaviercatal	<a href="https://twitter.com/xaviercatal" target="_blank">xaviercatal</a>	9	0	1	2220	2227	137719	Parets Republica Catalana UE	001
@xavierdelacebo	<a href="https://twitter.com/xavierdelacebo" target="_blank">xavierdelacebo</a>	4	0	1	54	319	1878		001
@XavierDSI	<a href="https://twitter.com/XavierDSI" target="_blank">XavierDSI</a>	1	0	1	121	335	8197	Lleida	006
@xaviermarin	<a href="https://twitter.com/xaviermarin" target="_blank">xaviermarin</a>	4	1	0	2491	2374	5263	Barcelona	155
@xavierpratsmari	<a href="https://twitter.com/xavierpratsmari" target="_blank">xavierpratsmari</a>	10	0	1	560	951	6714		001
@XavierRosich	<a href="https://twitter.com/XavierRosich" target="_blank">XavierRosich</a>	1	0	1	16	125	1391		001
@XaviEscufi	<a href="https://twitter.com/XaviEscufi" target="_blank">XaviEscufi</a>	9	0	1	1321	585	72876	Tarragona-Catalunya	089
@xavifluvia	<a href="https://twitter.com/xavifluvia" target="_blank">xavifluvia</a>	9	0	1	789	1445	3527		001
@xavifsola	<a href="https://twitter.com/xavifsola" target="_blank">xavifsola</a>	1	0	1	484	469	1165	Freixinet	001
@xaviguanke	<a href="https://twitter.com/xaviguanke" target="_blank">xaviguanke</a>	5	0	2	1350	1694	28319		053
@xavimunoz83	<a href="https://twitter.com/xavimunoz83" target="_blank">xavimunoz83</a>	1	0	1	236	109	554		071
@xavinoro	<a href="https://twitter.com/xavinoro" target="_blank">xavinoro</a>	2	0	1	178	380	4119	Agramunt	001
@XaviPuigAndreu	<a href="https://twitter.com/XaviPuigAndreu" target="_blank">XaviPuigAndreu</a>	3	3	0	926	1993	3459	Tarragona	045
@XaviRamiro	<a href="https://twitter.com/XaviRamiro" target="_blank">XaviRamiro</a>	2	1	0	1557	1148	10421	Girona i Barcelona	154
@xaviudez	<a href="https://twitter.com/xaviudez" target="_blank">xaviudez</a>	1	0	1	612	917	5372	Cabrils	237
@xavivisa	<a href="https://twitter.com/xavivisa" target="_blank">xavivisa</a>	2	0	1	242	593	5223	Can Tabola, Montmeló	014
@XBescos	<a href="https://twitter.com/XBescos" target="_blank">XBescos</a>	1	0	1	22103	21048	25306	Sabadell  (Catalunya)	001
@xborras1900gma1	<a href="https://twitter.com/xborras1900gma1" target="_blank">xborras1900gma1</a>	14	0	1	232	271	26747		019
@xdelgado05	<a href="https://twitter.com/xdelgado05" target="_blank">xdelgado05</a>	1	0	1	94	446	2881	Catalunya	008
@xecspir	<a href="https://twitter.com/xecspir" target="_blank">xecspir</a>	4	0	1	449	728	6472		007
@XeniaBusse	<a href="https://twitter.com/XeniaBusse" target="_blank">XeniaBusse</a>	22	0	1	1334	2730	62151		039
@Xevi5	<a href="https://twitter.com/Xevi5" target="_blank">Xevi5</a>	2	0	1	479	745	4574	Catalunya	001
@xevialde	<a href="https://twitter.com/xevialde" target="_blank">xevialde</a>	10	0	1	2156	1852	97007	Girona, Cataunya	001
@xevipuix	<a href="https://twitter.com/xevipuix" target="_blank">xevipuix</a>	46	0	3	341	1448	24360		001
@Ximosol	<a href="https://twitter.com/Ximosol" target="_blank">Ximosol</a>	3	0	1	731	2097	36485		081
@Xipress	<a href="https://twitter.com/Xipress" target="_blank">Xipress</a>	19	0	3	1159	1248	63855	CATALUNYA NORD #CatNord	001
@Xiscu_61	<a href="https://twitter.com/Xiscu_61" target="_blank">Xiscu_61</a>	4	1	0	70	154	4212	Barcelona, Països Catalans	113
@xitamontolio	<a href="https://twitter.com/xitamontolio" target="_blank">xitamontolio</a>	4	0	1	373	616	10651	La Baronia de Rialb	180
@xlopezarilla	<a href="https://twitter.com/xlopezarilla" target="_blank">xlopezarilla</a>	0	1	0					159
@xmarcet	<a href="https://twitter.com/xmarcet" target="_blank">xmarcet</a>	6	0	1	96	520	5351	catalunya	211
@xpmondra	<a href="https://twitter.com/xpmondra" target="_blank">xpmondra</a>	1	0	1	76	172	6820	Catalunya	001
@xsanz1973	<a href="https://twitter.com/xsanz1973" target="_blank">xsanz1973</a>	3	0	1	95	267	6831	Barcelona	001
@xserra	<a href="https://twitter.com/xserra" target="_blank">xserra</a>	14	0	1	1458	2046	14078	Girona, Catalonia, Spain	071
@XVila72	<a href="https://twitter.com/XVila72" target="_blank">XVila72</a>	35	0	1	36	120	6944		078
@xylokope	<a href="https://twitter.com/xylokope" target="_blank">xylokope</a>	6	0	1	44	203	2564	Barcelona	029
@Yamile28202259	<a href="https://twitter.com/Yamile28202259" target="_blank">Yamile28202259</a>	1	0	1	3	54	134	Barcelona, Catalunya	277
@yeyaboya	<a href="https://twitter.com/yeyaboya" target="_blank">yeyaboya</a>	0	1	0					153
@YoBegok	<a href="https://twitter.com/YoBegok" target="_blank">YoBegok</a>	2	0	1	460	496	2274	Blanes, Cataluña	009
@yoli19671	<a href="https://twitter.com/yoli19671" target="_blank">yoli19671</a>	3	0	1	73	273	4657		001
@Yonfri	<a href="https://twitter.com/Yonfri" target="_blank">Yonfri</a>	7	0	1	703	231	38430	Barcelona	019
@zanata63	<a href="https://twitter.com/zanata63" target="_blank">zanata63</a>	6	0	1	849	3172	63080		044
@Zhaaz1	<a href="https://twitter.com/Zhaaz1" target="_blank">Zhaaz1</a>	8	2	0	387	2217	7894	Honduras | Catalunya	134
@ziarra64	<a href="https://twitter.com/ziarra64" target="_blank">ziarra64</a>	29	0	1	334	512	28226	Barcelona	014
@zoetgn	<a href="https://twitter.com/zoetgn" target="_blank">zoetgn</a>	2	0	2	3	44	149	Catalunya	089
@zyonafrika	<a href="https://twitter.com/zyonafrika" target="_blank">zyonafrika</a>	1	0	1	163	446	973		008
