name	link	tuits	retuits	rteados	followers	following	status	location	Walktrap
@___Elpelao	<a href="https://twitter.com/___Elpelao" target="_blank">___Elpelao</a>	1	1	1	15704	559	61845	en un pueblecito sevillano	539
@__Quim	<a href="https://twitter.com/__Quim" target="_blank">__Quim</a>	1	0	1	139	522	3949	Llançà, Molins - Catalunya	122
@_alexfalco	<a href="https://twitter.com/_alexfalco" target="_blank">_alexfalco</a>	2	0	1	1934	668	6844	Cardedeu, Catalunya	174
@_Astrolabia_	<a href="https://twitter.com/_Astrolabia_" target="_blank">_Astrolabia_</a>	2	0	1	564	1200	16009	Palma de Mallorca	384
@_BAMAKO_	<a href="https://twitter.com/_BAMAKO_" target="_blank">_BAMAKO_</a>	1	0	1	146	132	9662		045
@_corbo	<a href="https://twitter.com/_corbo" target="_blank">_corbo</a>	11	1	1	125	253	6040	Catalunya	003
@_DarwinPZ	<a href="https://twitter.com/_DarwinPZ" target="_blank">_DarwinPZ</a>	26	0	2	3958	298	126359	🇨🇴	005
@_FerVS_	<a href="https://twitter.com/_FerVS_" target="_blank">_FerVS_</a>	4	0	1	271	1508	20027	Barcelona	003
@_freecatalonia	<a href="https://twitter.com/_freecatalonia" target="_blank">_freecatalonia</a>	4	0	1	308	450	1904	Catalunya	176
@_gerardsg	<a href="https://twitter.com/_gerardsg" target="_blank">_gerardsg</a>	1	0	1	45	255	2038	Catalunya	264
@_immafp	<a href="https://twitter.com/_immafp" target="_blank">_immafp</a>	7	0	1	15972	10608	7565		004
@_jordi_c_	<a href="https://twitter.com/_jordi_c_" target="_blank">_jordi_c_</a>	3	0	2	94	614	11011	l'H	014
@_Laura098_	<a href="https://twitter.com/_Laura098_" target="_blank">_Laura098_</a>	3	0	1	1023	947	36699	Costa Brava✌	008
@_Lunarc_	<a href="https://twitter.com/_Lunarc_" target="_blank">_Lunarc_</a>	3	0	1	137	85	6568	Bellvitge City	063
@_marcsm	<a href="https://twitter.com/_marcsm" target="_blank">_marcsm</a>	1	0	1	39	195	95		157
@_marfernandez	<a href="https://twitter.com/_marfernandez" target="_blank">_marfernandez</a>	2	0	1	184	333	1228	Catalunya	228
@_Maria_Dantas_	<a href="https://twitter.com/_Maria_Dantas_" target="_blank">_Maria_Dantas_</a>	10	0	1	1695	2524	36048	Barcelona	300
@_pad_pad	<a href="https://twitter.com/_pad_pad" target="_blank">_pad_pad</a>	1	0	1	50	75	965		011
@_paopaolis	<a href="https://twitter.com/_paopaolis" target="_blank">_paopaolis</a>	0	9	0					200
@_Quim	<a href="https://twitter.com/_Quim" target="_blank">_Quim</a>	1	0	1	998	886	13452		103
@_RedTyneside	<a href="https://twitter.com/_RedTyneside" target="_blank">_RedTyneside</a>	7	0	1	3333	440	70907	Tyneside via Detroit	269
@_RikenSproken_	<a href="https://twitter.com/_RikenSproken_" target="_blank">_RikenSproken_</a>	6	0	2	77	357	12839		013
@_sandrahurtado	<a href="https://twitter.com/_sandrahurtado" target="_blank">_sandrahurtado</a>	1	0	1	538	203	25963	Barcelona	525
@_Senda	<a href="https://twitter.com/_Senda" target="_blank">_Senda</a>	2	5	0	2757	1134	28799	La Noguera, Països Valencians	218
@_silvia77	<a href="https://twitter.com/_silvia77" target="_blank">_silvia77</a>	3	0	1	103	171	1986	CATALUNYA	169
@_swordswoman_	<a href="https://twitter.com/_swordswoman_" target="_blank">_swordswoman_</a>	2	0	1	3167	3022	70518		003
@007eldor	<a href="https://twitter.com/007eldor" target="_blank">007eldor</a>	2	0	2	48	133	4647		003
@06caf379b831492	<a href="https://twitter.com/06caf379b831492" target="_blank">06caf379b831492</a>	1	0	1	24	106	421		006
@09360affcb164dc	<a href="https://twitter.com/09360affcb164dc" target="_blank">09360affcb164dc</a>	4	0	1	327	1204	9490		174
@09Ester	<a href="https://twitter.com/09Ester" target="_blank">09Ester</a>	2	0	1	16	81	247		034
@0Miquel	<a href="https://twitter.com/0Miquel" target="_blank">0Miquel</a>	8	0	3	92	299	3844		006
@0rimar	<a href="https://twitter.com/0rimar" target="_blank">0rimar</a>	1	0	1	91	181	465		230
@110010010011010	<a href="https://twitter.com/110010010011010" target="_blank">110010010011010</a>	1	0	1	9286	1407	192825	sәuɐƃәl әp zᴉɹpɐɯ lә	200
@111lourdes	<a href="https://twitter.com/111lourdes" target="_blank">111lourdes</a>	6	0	1	13	47	1212		015
@1139dani	<a href="https://twitter.com/1139dani" target="_blank">1139dani</a>	15	0	1	311	718	8556	Parets del Valles,Catalunya	184
@113LUCAS	<a href="https://twitter.com/113LUCAS" target="_blank">113LUCAS</a>	5	0	1	39	108	1303		006
@13David1886	<a href="https://twitter.com/13David1886" target="_blank">13David1886</a>	1	0	1	218	195	21375		001
@13LO_TORRE	<a href="https://twitter.com/13LO_TORRE" target="_blank">13LO_TORRE</a>	1	0	1	25	359	670	Torredembarra, Cataluña	006
@151f1cd26253497	<a href="https://twitter.com/151f1cd26253497" target="_blank">151f1cd26253497</a>	4	0	1	961	1451	37796	Sevilla, España	011
@15928768A	<a href="https://twitter.com/15928768A" target="_blank">15928768A</a>	5	0	1	207	421	14304	Hau bizi poza!!!!	045
@1603ip	<a href="https://twitter.com/1603ip" target="_blank">1603ip</a>	4	0	1	8	142	1222		003
@1714Talamanca	<a href="https://twitter.com/1714Talamanca" target="_blank">1714Talamanca</a>	6	0	1	128	239	1257	L'H de Llobregat-Terrassa	141
@1910jc	<a href="https://twitter.com/1910jc" target="_blank">1910jc</a>	5	0	2	132	123	24191		003
@1917paul	<a href="https://twitter.com/1917paul" target="_blank">1917paul</a>	0	2	0					269
@1983Sergi	<a href="https://twitter.com/1983Sergi" target="_blank">1983Sergi</a>	7	0	1	777	526	48148		530
@1CrazyKidBubble	<a href="https://twitter.com/1CrazyKidBubble" target="_blank">1CrazyKidBubble</a>	1	0	1	534	2005	12419		005
@1denmadrid	<a href="https://twitter.com/1denmadrid" target="_blank">1denmadrid</a>	20	0	1	1540	276	394105	Madrid, Colombia	202
@2211Mes	<a href="https://twitter.com/2211Mes" target="_blank">2211Mes</a>	4	0	1	49	156	4780	Barcelona	004
@228ari	<a href="https://twitter.com/228ari" target="_blank">228ari</a>	13	0	2	75	163	11219		010
@233maresme	<a href="https://twitter.com/233maresme" target="_blank">233maresme</a>	1	0	1	16	67	432		003
@23tore	<a href="https://twitter.com/23tore" target="_blank">23tore</a>	1	0	1	236	1356	3045		014
@26albertalo	<a href="https://twitter.com/26albertalo" target="_blank">26albertalo</a>	1	0	1	220	459	3273	Terrassa	003
@28CriisL	<a href="https://twitter.com/28CriisL" target="_blank">28CriisL</a>	1	0	1	216	368	1322		192
@2lm2r	<a href="https://twitter.com/2lm2r" target="_blank">2lm2r</a>	1	0	1	974	1596	737	Barcelona. Spain	494
@33revolucions	<a href="https://twitter.com/33revolucions" target="_blank">33revolucions</a>	0	2	0					035
@365ricard365	<a href="https://twitter.com/365ricard365" target="_blank">365ricard365</a>	1	0	1	4	85	229		168
@3a_tsp	<a href="https://twitter.com/3a_tsp" target="_blank">3a_tsp</a>	13	0	2	412	546	48733	Barcelona, Catalunya	034
@3Aferre	<a href="https://twitter.com/3Aferre" target="_blank">3Aferre</a>	1	0	1	707	916	8238	Amposta - BCN	034
@3Republicaviva	<a href="https://twitter.com/3Republicaviva" target="_blank">3Republicaviva</a>	11	0	1	2254	3813	57407		011
@3v43v4	<a href="https://twitter.com/3v43v4" target="_blank">3v43v4</a>	18	0	2	150	294	8892	Vilassar de Dalt, Catalunya	003
@3voltesrebel	<a href="https://twitter.com/3voltesrebel" target="_blank">3voltesrebel</a>	5	0	1	3093	1740	33930	08173	262
@4500Viera	<a href="https://twitter.com/4500Viera" target="_blank">4500Viera</a>	2	0	1	1	29	432	Barcelona, Cataluña	003
@45c32378c34f499	<a href="https://twitter.com/45c32378c34f499" target="_blank">45c32378c34f499</a>	22	0	4	540	629	80217		014
@4colorsmasnou	<a href="https://twitter.com/4colorsmasnou" target="_blank">4colorsmasnou</a>	6	0	1	46	107	737		004
@4Lex_s13rr	<a href="https://twitter.com/4Lex_s13rr" target="_blank">4Lex_s13rr</a>	3	0	1	135	223	4633		003
@4mesungats	<a href="https://twitter.com/4mesungats" target="_blank">4mesungats</a>	11	0	4	195	219	17693	Barcelona, Catalunya	014
@4Tarres	<a href="https://twitter.com/4Tarres" target="_blank">4Tarres</a>	2	0	1	12	113	559		003
@5Marlato	<a href="https://twitter.com/5Marlato" target="_blank">5Marlato</a>	2	0	2	60	305	2675		009
@67_josep	<a href="https://twitter.com/67_josep" target="_blank">67_josep</a>	5	0	1	123	234	15856	Santpedor	174
@67quijote	<a href="https://twitter.com/67quijote" target="_blank">67quijote</a>	0	1	0					537
@68MireiaXD	<a href="https://twitter.com/68MireiaXD" target="_blank">68MireiaXD</a>	4	0	1	118	516	2751		418
@6q_siscu	<a href="https://twitter.com/6q_siscu" target="_blank">6q_siscu</a>	4	0	4	1759	1977	26577	CATALUNYA	003
@6uN7CtZuCK66Rpd	<a href="https://twitter.com/6uN7CtZuCK66Rpd" target="_blank">6uN7CtZuCK66Rpd</a>	7	6	0	63	397	568		016
@7147f8bf574c4e5	<a href="https://twitter.com/7147f8bf574c4e5" target="_blank">7147f8bf574c4e5</a>	3	0	1	7	68	378		285
@7c64fdd968874ff	<a href="https://twitter.com/7c64fdd968874ff" target="_blank">7c64fdd968874ff</a>	6	0	2	1618	3109	22072		014
@7daniel73	<a href="https://twitter.com/7daniel73" target="_blank">7daniel73</a>	4	0	1	72	245	6648		003
@851de2735e2d4dd	<a href="https://twitter.com/851de2735e2d4dd" target="_blank">851de2735e2d4dd</a>	1	0	1	6	59	119		196
@8passenger	<a href="https://twitter.com/8passenger" target="_blank">8passenger</a>	7	0	2	341	556	28907	Berlin	007
@99ersbarcelona	<a href="https://twitter.com/99ersbarcelona" target="_blank">99ersbarcelona</a>	1	0	1	153	1507	4081	Barcelona, Cataluña	004
@9colormanel	<a href="https://twitter.com/9colormanel" target="_blank">9colormanel</a>	9	0	1	88	366	5258	Sitges, España	003
@9jrib9	<a href="https://twitter.com/9jrib9" target="_blank">9jrib9</a>	90	0	3	3402	3954	192205	Barcelona	009
@A__Pere	<a href="https://twitter.com/A__Pere" target="_blank">A__Pere</a>	1	0	1	37	34	10065	Terrassa	003
@a_anna7855	<a href="https://twitter.com/a_anna7855" target="_blank">a_anna7855</a>	1	0	1	1090	1579	8182		138
@a_llongueras	<a href="https://twitter.com/a_llongueras" target="_blank">a_llongueras</a>	1	0	1	92	89	230	Barcelona, Catalunya	157
@a_manubens	<a href="https://twitter.com/a_manubens" target="_blank">a_manubens</a>	5	0	2	300	759	9056	Prop de Montserrat	089
@a_mnika	<a href="https://twitter.com/a_mnika" target="_blank">a_mnika</a>	3	0	1	33	60	3187	España	010
@A_Rocafort	<a href="https://twitter.com/A_Rocafort" target="_blank">A_Rocafort</a>	2	0	1	283	439	3179		136
@A3Noticias	<a href="https://twitter.com/A3Noticias" target="_blank">A3Noticias</a>	0	2	0					299
@a9de8b44494d436	<a href="https://twitter.com/a9de8b44494d436" target="_blank">a9de8b44494d436</a>	14	0	1	57	34	6784		174
@AAixurach	<a href="https://twitter.com/AAixurach" target="_blank">AAixurach</a>	16	0	1	2357	4990	62401	Via Lactia	026
@aalbeert	<a href="https://twitter.com/aalbeert" target="_blank">aalbeert</a>	7	0	1	12906	5420	13969		003
@aaltafaj	<a href="https://twitter.com/aaltafaj" target="_blank">aaltafaj</a>	3	1	0	17243	1430	20888	Brussels & BCN	449
@aaronvng	<a href="https://twitter.com/aaronvng" target="_blank">aaronvng</a>	2	0	1	143	189	1762		198
@aaudi06	<a href="https://twitter.com/aaudi06" target="_blank">aaudi06</a>	4	0	1	223	783	1257	Republic of Catalonia	014
@AAyuste	<a href="https://twitter.com/AAyuste" target="_blank">AAyuste</a>	1	0	1	185	160	689	Universitat de Barcelona	039
@ABalagu	<a href="https://twitter.com/ABalagu" target="_blank">ABalagu</a>	17	37	3	4646	4899	101124		014
@abarberalluis	<a href="https://twitter.com/abarberalluis" target="_blank">abarberalluis</a>	19	0	1	815	639	4324		034
@AbbayePuig	<a href="https://twitter.com/AbbayePuig" target="_blank">AbbayePuig</a>	29	0	7	1162	1684	76474	Catalunya	014
@AbejaRacing	<a href="https://twitter.com/AbejaRacing" target="_blank">AbejaRacing</a>	8	0	2	199	656	5811	Península Ibérica	153
@abel_camps	<a href="https://twitter.com/abel_camps" target="_blank">abel_camps</a>	1	0	1	239	330	12013		009
@Abelletaindepe	<a href="https://twitter.com/Abelletaindepe" target="_blank">Abelletaindepe</a>	5	1	0	6183	3454	4094	Catalunya ||*||	341
@AbelloSanllehi	<a href="https://twitter.com/AbelloSanllehi" target="_blank">AbelloSanllehi</a>	33	0	2	987	1533	62523	Barcelona	014
@abelnaor	<a href="https://twitter.com/abelnaor" target="_blank">abelnaor</a>	1	0	1	237	176	16736	underworld	360
@AbelPeraire	<a href="https://twitter.com/AbelPeraire" target="_blank">AbelPeraire</a>	8	0	1	638	186	4539		029
@AbelPLW	<a href="https://twitter.com/AbelPLW" target="_blank">AbelPLW</a>	7	0	1	1461	45	37799	Barcelona	100
@abelsoler68	<a href="https://twitter.com/abelsoler68" target="_blank">abelsoler68</a>	2	0	1	300	424	5188	Catalunya	003
@aboix25	<a href="https://twitter.com/aboix25" target="_blank">aboix25</a>	1	0	1	190	239	1417	Arbúcies	365
@abusquets59	<a href="https://twitter.com/abusquets59" target="_blank">abusquets59</a>	28	0	4	206	459	51377		014
@acaballerope16	<a href="https://twitter.com/acaballerope16" target="_blank">acaballerope16</a>	1	0	1	105	373	2082	Catalunya	003
@acabezuelo	<a href="https://twitter.com/acabezuelo" target="_blank">acabezuelo</a>	0	3	0					003
@acacha1	<a href="https://twitter.com/acacha1" target="_blank">acacha1</a>	5	0	2	394	1571	1805	N 40°48' 0'' / E 0°30' 0''	018
@acadainstant	<a href="https://twitter.com/acadainstant" target="_blank">acadainstant</a>	12	0	1	553	1246	22446	catalunya	003
@acastrero	<a href="https://twitter.com/acastrero" target="_blank">acastrero</a>	10	1	1	516	954	39956	Catalunya (en transició)	003
@AccioCulturalPV	<a href="https://twitter.com/AccioCulturalPV" target="_blank">AccioCulturalPV</a>	1	0	1	50846	8456	5773	País Valencià	138
@AciD_MuSh_303	<a href="https://twitter.com/AciD_MuSh_303" target="_blank">AciD_MuSh_303</a>	26	0	1	27	353	2618	Països Catalans	003
@Acordxlagarriga	<a href="https://twitter.com/Acordxlagarriga" target="_blank">Acordxlagarriga</a>	2	1	1	598	514	4598	La Garriga	057
@acplantada	<a href="https://twitter.com/acplantada" target="_blank">acplantada</a>	0	1	0					043
@actuallyRSV	<a href="https://twitter.com/actuallyRSV" target="_blank">actuallyRSV</a>	1	0	1	572	248	31451		003
@acv74	<a href="https://twitter.com/acv74" target="_blank">acv74</a>	1	0	1	4	36	14		006
@AdaMasriera	<a href="https://twitter.com/AdaMasriera" target="_blank">AdaMasriera</a>	3	0	1	281	570	4188	Barcelona	004
@adampicon	<a href="https://twitter.com/adampicon" target="_blank">adampicon</a>	2	0	2	332	416	7903		021
@Adelita49455610	<a href="https://twitter.com/Adelita49455610" target="_blank">Adelita49455610</a>	17	0	3	164	89	33943		014
@adeoli1011	<a href="https://twitter.com/adeoli1011" target="_blank">adeoli1011</a>	3	0	1	189	473	12952	Monfestino di Serramazzoni	219
@Adeu_Fascistas	<a href="https://twitter.com/Adeu_Fascistas" target="_blank">Adeu_Fascistas</a>	2	0	1	19	44	799	Manresa Catalunya lı★ıl	012
@ADFElBruc	<a href="https://twitter.com/ADFElBruc" target="_blank">ADFElBruc</a>	1	0	1	263	108	331		021
@adlocat	<a href="https://twitter.com/adlocat" target="_blank">adlocat</a>	1	0	1	166	305	908	Mollet del Vallès, Espanya	217
@Admo_independe	<a href="https://twitter.com/Admo_independe" target="_blank">Admo_independe</a>	44	0	1	1130	627	20812	Catalunya (UE)	007
@AdnaPM_	<a href="https://twitter.com/AdnaPM_" target="_blank">AdnaPM_</a>	2	0	1	4	54	516	Catalunya, Catalunya	007
@adominvi	<a href="https://twitter.com/adominvi" target="_blank">adominvi</a>	7	0	2	1342	2916	5768	Barcelona, Catalunya, Europe	009
@adosc	<a href="https://twitter.com/adosc" target="_blank">adosc</a>	0	1	0					538
@adria_plazas	<a href="https://twitter.com/adria_plazas" target="_blank">adria_plazas</a>	0	1	0					536
@Adriabcn11	<a href="https://twitter.com/Adriabcn11" target="_blank">Adriabcn11</a>	2	0	1	277	330	2513	Rubí (Barcelona)	137
@adriana_roca	<a href="https://twitter.com/adriana_roca" target="_blank">adriana_roca</a>	2	0	1	290	523	3300	Olot	003
@adrianasala9	<a href="https://twitter.com/adrianasala9" target="_blank">adrianasala9</a>	9	0	1	42	176	2464	Barcelona	007
@AdriaPenya	<a href="https://twitter.com/AdriaPenya" target="_blank">AdriaPenya</a>	1	0	1	148	419	527	Barcelona	432
@adriapet	<a href="https://twitter.com/adriapet" target="_blank">adriapet</a>	1	0	1	342	867	3566	Tous, Anoia, Països Catalans	098
@adriterradellas	<a href="https://twitter.com/adriterradellas" target="_blank">adriterradellas</a>	6	0	1	187	531	2738	Barcelona, Catalunya	015
@AdrSegarra	<a href="https://twitter.com/AdrSegarra" target="_blank">AdrSegarra</a>	1	0	1	180	505	603	Figuerola del Camp / Barcelona	007
@AdvPals	<a href="https://twitter.com/AdvPals" target="_blank">AdvPals</a>	2	0	1	137	118	674		245
@ae_mireia	<a href="https://twitter.com/ae_mireia" target="_blank">ae_mireia</a>	1	0	1	83	258	231		009
@aebadia	<a href="https://twitter.com/aebadia" target="_blank">aebadia</a>	16	4	1	1055	817	13454	Badia del Vallès	248
@AeeUam	<a href="https://twitter.com/AeeUam" target="_blank">AeeUam</a>	3	0	1	726	617	2674	Campus de Cantoblanco (Madrid)	191
@aehabeascorpus	<a href="https://twitter.com/aehabeascorpus" target="_blank">aehabeascorpus</a>	2	10	0	702	438	2125	Facultad de Derecho de la UAM	191
@aestefanellp	<a href="https://twitter.com/aestefanellp" target="_blank">aestefanellp</a>	4	0	1	210	494	10280	Manresa	034
@aezkiaga	<a href="https://twitter.com/aezkiaga" target="_blank">aezkiaga</a>	7	1	0	229	146	11617	Bardulia, La Navarra maritima	506
@aflorsmas	<a href="https://twitter.com/aflorsmas" target="_blank">aflorsmas</a>	1	0	1	397	673	1977	Castelló de la Plana-Barcelona	440
@AForcades	<a href="https://twitter.com/AForcades" target="_blank">AForcades</a>	4	0	1	864	1977	3062	Catalunya	174
@afrirome	<a href="https://twitter.com/afrirome" target="_blank">afrirome</a>	1	0	1	37	283	773	barcelona	008
@AGavalda	<a href="https://twitter.com/AGavalda" target="_blank">AGavalda</a>	7	0	1	90	114	3035	Catalonia	026
@Agents_Rurals	<a href="https://twitter.com/Agents_Rurals" target="_blank">Agents_Rurals</a>	1	2	1	21855	901	16707	.cat	036
@AgentsRuralsCCO	<a href="https://twitter.com/AgentsRuralsCCO" target="_blank">AgentsRuralsCCO</a>	1	0	1	1026	172	1666	spain	036
@agnesi90	<a href="https://twitter.com/agnesi90" target="_blank">agnesi90</a>	1	0	1	11	71	217		013
@AGR_Network	<a href="https://twitter.com/AGR_Network" target="_blank">AGR_Network</a>	17	0	2	1016	2050	33236	Україна	014
@Agroassessor	<a href="https://twitter.com/Agroassessor" target="_blank">Agroassessor</a>	1	3	0	275	237	502		245
@AguileraAngel	<a href="https://twitter.com/AguileraAngel" target="_blank">AguileraAngel</a>	5	0	1	318	716	8869	Mataró, Espanya	002
@agusti127	<a href="https://twitter.com/agusti127" target="_blank">agusti127</a>	1	0	1	233	724	22496	Catalonia	081
@agustiabello	<a href="https://twitter.com/agustiabello" target="_blank">agustiabello</a>	4	0	1	172	168	9659		026
@agusticerda	<a href="https://twitter.com/agusticerda" target="_blank">agusticerda</a>	4	0	1	2212	1016	4974		138
@AgustiCorominas	<a href="https://twitter.com/AgustiCorominas" target="_blank">AgustiCorominas</a>	3	0	2	328	527	40906	SCF	017
@agustilluis	<a href="https://twitter.com/agustilluis" target="_blank">agustilluis</a>	11	0	1	157	275	2855	Montornès del Vallès	034
@AgustiMosegui	<a href="https://twitter.com/AgustiMosegui" target="_blank">AgustiMosegui</a>	3	0	1	50	60	8424		014
@Agustin_Guil	<a href="https://twitter.com/Agustin_Guil" target="_blank">Agustin_Guil</a>	15	0	1	12	28	1295		006
@agvendrell_c	<a href="https://twitter.com/agvendrell_c" target="_blank">agvendrell_c</a>	7	0	1	9	87	731		010
@aha19752005	<a href="https://twitter.com/aha19752005" target="_blank">aha19752005</a>	5	0	1	85	1203	5264	gijon	034
@aherreror	<a href="https://twitter.com/aherreror" target="_blank">aherreror</a>	6	0	1	18	58	1454	Barcelona, Catalunya	026
@ahueka	<a href="https://twitter.com/ahueka" target="_blank">ahueka</a>	1	0	1	94	157	4045	Barcelona, Cataluña	011
@Aialaaiala633	<a href="https://twitter.com/Aialaaiala633" target="_blank">Aialaaiala633</a>	1	0	1	92	181	9446	Bizkaia, País Vasco	003
@AidaGuidus	<a href="https://twitter.com/AidaGuidus" target="_blank">AidaGuidus</a>	3	0	1	72	291	1872	Sabadell, España	014
@ailrido	<a href="https://twitter.com/ailrido" target="_blank">ailrido</a>	9	0	1	109	379	7276	Barcelona	029
@Aina_Cruz1	<a href="https://twitter.com/Aina_Cruz1" target="_blank">Aina_Cruz1</a>	1	0	1	85	426	914		122
@AinaMonseVidal	<a href="https://twitter.com/AinaMonseVidal" target="_blank">AinaMonseVidal</a>	4	0	1	384	231	3476	Mallorca, Països Catalans	003
@ainhoavilalta	<a href="https://twitter.com/ainhoavilalta" target="_blank">ainhoavilalta</a>	0	12	0					003
@AIRJAG	<a href="https://twitter.com/AIRJAG" target="_blank">AIRJAG</a>	3	0	1	590	2131	23305	República de Catalunya, UE	032
@airmosso	<a href="https://twitter.com/airmosso" target="_blank">airmosso</a>	23	0	1	450	451	31904	Catalunya	003
@airunalvarez	<a href="https://twitter.com/airunalvarez" target="_blank">airunalvarez</a>	8	0	2	28	228	3460		010
@aithortwo	<a href="https://twitter.com/aithortwo" target="_blank">aithortwo</a>	3	0	1	371	1072	7054	d Bilbao la ostia!!	453
@Aitor_Arruti	<a href="https://twitter.com/Aitor_Arruti" target="_blank">Aitor_Arruti</a>	0	1	0					398
@AitorCZ	<a href="https://twitter.com/AitorCZ" target="_blank">AitorCZ</a>	9	0	2	1090	983	41780	Santa Coloma de Gramenet	014
@AitorOleiros	<a href="https://twitter.com/AitorOleiros" target="_blank">AitorOleiros</a>	5	0	1	786	491	88096	The Black Lodge	027
@AixImma	<a href="https://twitter.com/AixImma" target="_blank">AixImma</a>	5	0	1	127	304	7436		014
@AixiSocJo	<a href="https://twitter.com/AixiSocJo" target="_blank">AixiSocJo</a>	2	0	1	27	143	566		014
@Ajakumoi	<a href="https://twitter.com/Ajakumoi" target="_blank">Ajakumoi</a>	14	0	5	11	42	567		061
@ajimenez_cat	<a href="https://twitter.com/ajimenez_cat" target="_blank">ajimenez_cat</a>	6	0	3	586	847	20627	La Garriga, República de Cat	171
@AKarleshnikov47	<a href="https://twitter.com/AKarleshnikov47" target="_blank">AKarleshnikov47</a>	1	4	0	582	1112	10316	Esperant l'Apocalipsi Zombie	095
@akas84	<a href="https://twitter.com/akas84" target="_blank">akas84</a>	1	0	1	373	650	12392		017
@akhennion	<a href="https://twitter.com/akhennion" target="_blank">akhennion</a>	3	0	1	3297	3102	24225	República Ind. De Catalunya	159
@Al_McArra	<a href="https://twitter.com/Al_McArra" target="_blank">Al_McArra</a>	1	0	1	36	205	250	L'Hospitalet de Llobregat	063
@al101xg	<a href="https://twitter.com/al101xg" target="_blank">al101xg</a>	4	0	2	401	851	10158	Granollers	010
@alauzurika	<a href="https://twitter.com/alauzurika" target="_blank">alauzurika</a>	1	1	0	935	610	5206		268
@Alb_Puig	<a href="https://twitter.com/Alb_Puig" target="_blank">Alb_Puig</a>	12	0	1	333	1013	11436	Montornès del Vallès	010
@Alba_am	<a href="https://twitter.com/Alba_am" target="_blank">Alba_am</a>	1	0	1	374	234	5723	Igualada-Òdena, PPCC	242
@AlbaAssumpta	<a href="https://twitter.com/AlbaAssumpta" target="_blank">AlbaAssumpta</a>	3	0	1	23	33	3315		139
@AlbaBalcells	<a href="https://twitter.com/AlbaBalcells" target="_blank">AlbaBalcells</a>	2	31	0	1262	1106	5098	Linyola	036
@albadomter	<a href="https://twitter.com/albadomter" target="_blank">albadomter</a>	1	0	1	98	241	720		002
@albaespilez	<a href="https://twitter.com/albaespilez" target="_blank">albaespilez</a>	2	0	1	477	943	3387	Barcelona, Catalunya	005
@albagordo	<a href="https://twitter.com/albagordo" target="_blank">albagordo</a>	1	0	1	530	995	2068	heidelberg - sant cugat, ppcc	241
@AlbaM911	<a href="https://twitter.com/AlbaM911" target="_blank">AlbaM911</a>	4	0	1	330	478	46453		005
@albaverges	<a href="https://twitter.com/albaverges" target="_blank">albaverges</a>	9	0	1	5610	2310	21267	Igualada(Barcelona)CATALUNYA	242
@albermugar	<a href="https://twitter.com/albermugar" target="_blank">albermugar</a>	2	0	1	32	274	623	Cataluña, España	014
@Albert_44062	<a href="https://twitter.com/Albert_44062" target="_blank">Albert_44062</a>	22	0	2	48	173	3404	Sabadell, Espanya	014
@Albert_Bonet	<a href="https://twitter.com/Albert_Bonet" target="_blank">Albert_Bonet</a>	1	0	1	413	722	546	Sant Pere de Ribes	223
@albert_carreras	<a href="https://twitter.com/albert_carreras" target="_blank">albert_carreras</a>	6	0	1	1259	2218	9246	Montblanc, Catalonia	004
@albert_ciurana	<a href="https://twitter.com/albert_ciurana" target="_blank">albert_ciurana</a>	2	1	0	269	528	7602		519
@albert_dmcat	<a href="https://twitter.com/albert_dmcat" target="_blank">albert_dmcat</a>	2	18	0	8355	3754	27081	Republica de Catalunya i Aran	014
@Albert_Gispert	<a href="https://twitter.com/Albert_Gispert" target="_blank">Albert_Gispert</a>	1	0	1	89	344	460	Death Valley	021
@albert_latorre_	<a href="https://twitter.com/albert_latorre_" target="_blank">albert_latorre_</a>	3	0	1	257	249	1841	Barcelona, Catalunya	017
@albert_orta	<a href="https://twitter.com/albert_orta" target="_blank">albert_orta</a>	36	0	1	1903	4994	31332	Terrassa	049
@albertadell	<a href="https://twitter.com/albertadell" target="_blank">albertadell</a>	2	0	1	64	243	537	Sant Cugat del Vallès, Catalun	003
@albertAEPDA	<a href="https://twitter.com/albertAEPDA" target="_blank">albertAEPDA</a>	11	0	1	1193	1006	73252		003
@AlbertArcasPons	<a href="https://twitter.com/AlbertArcasPons" target="_blank">AlbertArcasPons</a>	3	0	1	257	629	3247	Calella	121
@AlbertArgeles	<a href="https://twitter.com/AlbertArgeles" target="_blank">AlbertArgeles</a>	0	1	0					489
@albertbatet	<a href="https://twitter.com/albertbatet" target="_blank">albertbatet</a>	5	0	1	7710	4064	11328	Valls, Catalunya	037
@AlbertBenzekry	<a href="https://twitter.com/AlbertBenzekry" target="_blank">AlbertBenzekry</a>	0	4	0					057
@albertbrias	<a href="https://twitter.com/albertbrias" target="_blank">albertbrias</a>	14	0	1	129	345	1327	Horta (Barcelona)	003
@albertBZN	<a href="https://twitter.com/albertBZN" target="_blank">albertBZN</a>	3	0	1	484	352	7009	Catalunya	304
@albertcanist	<a href="https://twitter.com/albertcanist" target="_blank">albertcanist</a>	3	0	1	21	236	1125		004
@AlbertClaramont	<a href="https://twitter.com/AlbertClaramont" target="_blank">AlbertClaramont</a>	9	0	1	264	403	8596	Tàrrega	266
@AlbertFBosch	<a href="https://twitter.com/AlbertFBosch" target="_blank">AlbertFBosch</a>	0	2	0					083
@AlbertFBT	<a href="https://twitter.com/AlbertFBT" target="_blank">AlbertFBT</a>	4	0	1	243	544	6387		017
@albertgarciaal2	<a href="https://twitter.com/albertgarciaal2" target="_blank">albertgarciaal2</a>	3	0	2	12	88	370	Barcelona, Cataluña	003
@AlbertGarlo	<a href="https://twitter.com/AlbertGarlo" target="_blank">AlbertGarlo</a>	1	2	0	5580	1007	7530	Barcelona	315
@albertgj21	<a href="https://twitter.com/albertgj21" target="_blank">albertgj21</a>	5	0	1	403	968	7211	Cambrils / Barcelona	184
@albertgusi	<a href="https://twitter.com/albertgusi" target="_blank">albertgusi</a>	7	0	2	693	884	13839		009
@albertize	<a href="https://twitter.com/albertize" target="_blank">albertize</a>	4	0	1	249	553	11565	Barcelona, Spain	071
@albertjoher	<a href="https://twitter.com/albertjoher" target="_blank">albertjoher</a>	2	0	1	78	168	2079		283
@AlbertKaliayev	<a href="https://twitter.com/AlbertKaliayev" target="_blank">AlbertKaliayev</a>	4	0	1	1341	544	15640	A town called Malice	067
@AlbertLC73	<a href="https://twitter.com/AlbertLC73" target="_blank">AlbertLC73</a>	10	0	2	94	105	15036		002
@AlbertLloreta	<a href="https://twitter.com/AlbertLloreta" target="_blank">AlbertLloreta</a>	4	2	1	3475	1121	33819	Barcelona, Catalunya	321
@AlbertLluc	<a href="https://twitter.com/AlbertLluc" target="_blank">AlbertLluc</a>	18	0	1	374	548	20235		004
@AlbertMajo7	<a href="https://twitter.com/AlbertMajo7" target="_blank">AlbertMajo7</a>	16	1	1	52	233	4172	Sabadell Catalunya	006
@albertmaruny	<a href="https://twitter.com/albertmaruny" target="_blank">albertmaruny</a>	12	0	3	1550	1807	37656	Barcelona	048
@albertmas1	<a href="https://twitter.com/albertmas1" target="_blank">albertmas1</a>	5	0	2	102	243	6888		011
@AlbertMas29	<a href="https://twitter.com/AlbertMas29" target="_blank">AlbertMas29</a>	1	0	1	36	97	572		026
@AlbertMateo7	<a href="https://twitter.com/AlbertMateo7" target="_blank">AlbertMateo7</a>	4	0	1	192	375	17996	Catalunya	137
@albertmila	<a href="https://twitter.com/albertmila" target="_blank">albertmila</a>	2	0	1	7	19	866		003
@Albertodelvalle	<a href="https://twitter.com/Albertodelvalle" target="_blank">Albertodelvalle</a>	56	0	3	2774	1266	213641	Girona,Catalunya	029
@AlbertoDR98	<a href="https://twitter.com/AlbertoDR98" target="_blank">AlbertoDR98</a>	0	1	0					464
@albertorresca	<a href="https://twitter.com/albertorresca" target="_blank">albertorresca</a>	3	0	1	556	572	29151	Terrassa	237
@albertpardell	<a href="https://twitter.com/albertpardell" target="_blank">albertpardell</a>	16	0	5	628	1401	13975	Als Collons, Antipodes	014
@albertpersonal	<a href="https://twitter.com/albertpersonal" target="_blank">albertpersonal</a>	5	0	1	51	70	7401		003
@albertrafols	<a href="https://twitter.com/albertrafols" target="_blank">albertrafols</a>	13	0	1	538	62	64455	Barcelona	163
@AlbertRocabruna	<a href="https://twitter.com/AlbertRocabruna" target="_blank">AlbertRocabruna</a>	3	0	1	145	158	4818	Barcelona	180
@albertrubiol	<a href="https://twitter.com/albertrubiol" target="_blank">albertrubiol</a>	2	0	1	15	51	932		013
@AlbertSaAg	<a href="https://twitter.com/AlbertSaAg" target="_blank">AlbertSaAg</a>	6	0	1	1688	2409	49127	Llucmajor, Illes Balears	003
@albertsolaigil	<a href="https://twitter.com/albertsolaigil" target="_blank">albertsolaigil</a>	1	0	1	698	2463	3132	Cerdanyola del Vallès	014
@AlbertYarza	<a href="https://twitter.com/AlbertYarza" target="_blank">AlbertYarza</a>	29	1	1	459	882	3078		058
@AlbinyanaRosa	<a href="https://twitter.com/AlbinyanaRosa" target="_blank">AlbinyanaRosa</a>	2	0	1	51	119	259		468
@AlbVancells	<a href="https://twitter.com/AlbVancells" target="_blank">AlbVancells</a>	5	2	0	175	165	3362		054
@AlcaldessaVic	<a href="https://twitter.com/AlcaldessaVic" target="_blank">AlcaldessaVic</a>	0	2	0					012
@Alcomcod	<a href="https://twitter.com/Alcomcod" target="_blank">Alcomcod</a>	1	0	1	259	413	14232		003
@Alcuverru	<a href="https://twitter.com/Alcuverru" target="_blank">Alcuverru</a>	10	0	1	402	1024	19841	Catalunya, estat independent.	345
@AlDelaOssa	<a href="https://twitter.com/AlDelaOssa" target="_blank">AlDelaOssa</a>	1	0	1	105	310	1783		191
@AleFRaurell	<a href="https://twitter.com/AleFRaurell" target="_blank">AleFRaurell</a>	4	0	1	87	170	762		008
@aleix_BDN_rules	<a href="https://twitter.com/aleix_BDN_rules" target="_blank">aleix_BDN_rules</a>	7	1	0	63	150	944	Catalunya	001
@aleix_illa	<a href="https://twitter.com/aleix_illa" target="_blank">aleix_illa</a>	4	0	1	46	285	3749		015
@aleix6	<a href="https://twitter.com/aleix6" target="_blank">aleix6</a>	3	0	1	32	96	1610		010
@aleixmm97	<a href="https://twitter.com/aleixmm97" target="_blank">aleixmm97</a>	5	0	1	404	497	19025		169
@aleixramia	<a href="https://twitter.com/aleixramia" target="_blank">aleixramia</a>	4	0	1	709	909	11802	Barcelona, Catalunya	025
@aleixromo	<a href="https://twitter.com/aleixromo" target="_blank">aleixromo</a>	3	0	1	61	141	1587	Sant Boi	003
@Alejand63567115	<a href="https://twitter.com/Alejand63567115" target="_blank">Alejand63567115</a>	20	0	2	47	34	8112		014
@alejito_barca	<a href="https://twitter.com/alejito_barca" target="_blank">alejito_barca</a>	1	0	1	100	159	1101	Colombia	210
@AleLibera	<a href="https://twitter.com/AleLibera" target="_blank">AleLibera</a>	3	0	1	1488	1024	4982	Córdoba, Argentina	015
@alenkhat	<a href="https://twitter.com/alenkhat" target="_blank">alenkhat</a>	2	0	1	206	157	6520	Barcelona II⭐️II	014
@AlesiNarriu	<a href="https://twitter.com/AlesiNarriu" target="_blank">AlesiNarriu</a>	1	0	1	30	330	741		061
@alex_essa	<a href="https://twitter.com/alex_essa" target="_blank">alex_essa</a>	1	0	1	48	101	61		004
@alex_muni	<a href="https://twitter.com/alex_muni" target="_blank">alex_muni</a>	6	0	1	71	128	1417	Krny, Bcn, Catalunya, Europe	040
@alexandrecamps	<a href="https://twitter.com/alexandrecamps" target="_blank">alexandrecamps</a>	27	0	3	411	937	8968	Sant Cugat del Vallès	005
@alexbcn98	<a href="https://twitter.com/alexbcn98" target="_blank">alexbcn98</a>	1	0	1	127	206	591	Bcn	014
@AlexCampa7	<a href="https://twitter.com/AlexCampa7" target="_blank">AlexCampa7</a>	0	5	0					112
@alexdelmas10	<a href="https://twitter.com/alexdelmas10" target="_blank">alexdelmas10</a>	0	1	0					439
@alexgm	<a href="https://twitter.com/alexgm" target="_blank">alexgm</a>	5	0	1	300	566	1708	más cerca de lo que crees	003
@AlexGuitart	<a href="https://twitter.com/AlexGuitart" target="_blank">AlexGuitart</a>	4	0	1	230	698	6623	el Raval, Barcelona	049
@alexistudela	<a href="https://twitter.com/alexistudela" target="_blank">alexistudela</a>	6	0	2	378	566	31610	Catalunya	003
@AlexSalas30	<a href="https://twitter.com/AlexSalas30" target="_blank">AlexSalas30</a>	1	0	1	20	231	182	barcelona	003
@AlexTejedor	<a href="https://twitter.com/AlexTejedor" target="_blank">AlexTejedor</a>	0	1	0					440
@alextornerdegis	<a href="https://twitter.com/alextornerdegis" target="_blank">alextornerdegis</a>	48	0	4	108	265	14216	Argentona, España	003
@AlfesCule	<a href="https://twitter.com/AlfesCule" target="_blank">AlfesCule</a>	1	0	1	110	438	1889	España	005
@AlfonsLamar	<a href="https://twitter.com/AlfonsLamar" target="_blank">AlfonsLamar</a>	1	0	1	76	256	4848	Barcelona, Catalunya	014
@alfonsrm	<a href="https://twitter.com/alfonsrm" target="_blank">alfonsrm</a>	2	0	1	669	289	5245	Manresa (Barcelona)	052
@AlfredCat2014	<a href="https://twitter.com/AlfredCat2014" target="_blank">AlfredCat2014</a>	15	0	1	140	407	10370		019
@AlfredMartn2	<a href="https://twitter.com/AlfredMartn2" target="_blank">AlfredMartn2</a>	10	0	1	742	875	11282	Joncosa del Montmell Tarragona	423
@alfredvrn	<a href="https://twitter.com/alfredvrn" target="_blank">alfredvrn</a>	10	0	1	2141	2215	44001	Barcelona	014
@Algarsal65	<a href="https://twitter.com/Algarsal65" target="_blank">Algarsal65</a>	11	0	1	622	722	41957	Catalunya	003
@ali_olmos	<a href="https://twitter.com/ali_olmos" target="_blank">ali_olmos</a>	0	1	0					435
@alicia_fuentesc	<a href="https://twitter.com/alicia_fuentesc" target="_blank">alicia_fuentesc</a>	1	1	0	262	300	1469		428
@alicia_valencia	<a href="https://twitter.com/alicia_valencia" target="_blank">alicia_valencia</a>	8	0	1	1027	2540	30422	#PelBécomú #Ensvolemvives	225
@AliciaLaulet46	<a href="https://twitter.com/AliciaLaulet46" target="_blank">AliciaLaulet46</a>	11	0	2	7423	8139	48586	BCN	014
@AlioNoemi	<a href="https://twitter.com/AlioNoemi" target="_blank">AlioNoemi</a>	1	0	1	1	14	42		006
@alitwittt	<a href="https://twitter.com/alitwittt" target="_blank">alitwittt</a>	10	0	1	10885	953	62120		014
@aljadim	<a href="https://twitter.com/aljadim" target="_blank">aljadim</a>	6	0	2	3070	4260	130358	Bilbao...Sarajevo	059
@aljola	<a href="https://twitter.com/aljola" target="_blank">aljola</a>	7	0	1	1875	4999	22022	Kuala Lumpur	224
@Allioli3	<a href="https://twitter.com/Allioli3" target="_blank">Allioli3</a>	6	2	0	1770	2149	24833	Barcelona, Catalunya	020
@AllortAnna	<a href="https://twitter.com/AllortAnna" target="_blank">AllortAnna</a>	1	0	1	37	82	266		034
@alm_gra	<a href="https://twitter.com/alm_gra" target="_blank">alm_gra</a>	3	0	1	73	354	8191	Checkpoint Charlie, Berlin.	017
@almallmar	<a href="https://twitter.com/almallmar" target="_blank">almallmar</a>	24	0	1	54	81	13111	Catalunya	003
@Almat49	<a href="https://twitter.com/Almat49" target="_blank">Almat49</a>	19	0	2	151	257	26628		012
@almateu	<a href="https://twitter.com/almateu" target="_blank">almateu</a>	2	0	1	1071	386	3047		242
@alopgon	<a href="https://twitter.com/alopgon" target="_blank">alopgon</a>	16	0	2	215	199	19939	Compostela & Vigo (Galiza)	011
@Alpeich	<a href="https://twitter.com/Alpeich" target="_blank">Alpeich</a>	9	0	2	90	94	1440		061
@Alrome	<a href="https://twitter.com/Alrome" target="_blank">Alrome</a>	6	1	0	736	1498	47398	Canarias - NW Africa	424
@Alsapla	<a href="https://twitter.com/Alsapla" target="_blank">Alsapla</a>	8	0	2	2978	3329	53442	Tram 412	014
@alsingla	<a href="https://twitter.com/alsingla" target="_blank">alsingla</a>	4	0	1	324	501	20303	Barcelona (Catalunya)	015
@AltesaAmils	<a href="https://twitter.com/AltesaAmils" target="_blank">AltesaAmils</a>	2	0	1	116	195	1649	Sabadell	003
@altipla	<a href="https://twitter.com/altipla" target="_blank">altipla</a>	3	0	2	284	337	4591	BARCELONA (Catalunya)	138
@altivopassivo	<a href="https://twitter.com/altivopassivo" target="_blank">altivopassivo</a>	5	0	1	414	428	6445	Galiza	027
@altoba1965	<a href="https://twitter.com/altoba1965" target="_blank">altoba1965</a>	9	0	1	1623	1613	65899		011
@altpir	<a href="https://twitter.com/altpir" target="_blank">altpir</a>	4	0	1	1683	344	8711	||*|| UT 42.184413,0.899344	003
@alugris	<a href="https://twitter.com/alugris" target="_blank">alugris</a>	2	0	1	1664	1018	27173	Vigo	017
@AlvaHeroine	<a href="https://twitter.com/AlvaHeroine" target="_blank">AlvaHeroine</a>	3	0	1	41	523	493	Barcelona, Catalunya	008
@alvanistagz	<a href="https://twitter.com/alvanistagz" target="_blank">alvanistagz</a>	4	0	1	478	1388	22636	Rías Baixas #GalizaIsNotSpain	010
@AlvaroOyarceB	<a href="https://twitter.com/AlvaroOyarceB" target="_blank">AlvaroOyarceB</a>	4	0	1	95	103	7514	Barcelona	002
@alvendrell	<a href="https://twitter.com/alvendrell" target="_blank">alvendrell</a>	2	0	1	187	202	3742	Tarragona, Catalunya	026
@alvi19_	<a href="https://twitter.com/alvi19_" target="_blank">alvi19_</a>	1	0	1	1463	598	39376	Hortaleza	191
@amadeualbert	<a href="https://twitter.com/amadeualbert" target="_blank">amadeualbert</a>	2	0	1	199	791	2218	Catalunya	014
@amado_nuria	<a href="https://twitter.com/amado_nuria" target="_blank">amado_nuria</a>	1	0	1	39	78	345		006
@AmadorAmatores	<a href="https://twitter.com/AmadorAmatores" target="_blank">AmadorAmatores</a>	2	0	1	43	79	3245		348
@AmaiaArmiArma	<a href="https://twitter.com/AmaiaArmiArma" target="_blank">AmaiaArmiArma</a>	0	2	0					281
@amanselva	<a href="https://twitter.com/amanselva" target="_blank">amanselva</a>	1	0	1	21	86	128		096
@Amarcost	<a href="https://twitter.com/Amarcost" target="_blank">Amarcost</a>	3	0	1	70	537	2132		014
@AmarMimun	<a href="https://twitter.com/AmarMimun" target="_blank">AmarMimun</a>	3	0	1	154	167	9155	el Gotic, Barcelona	003
@AMAT_VIDAL	<a href="https://twitter.com/AMAT_VIDAL" target="_blank">AMAT_VIDAL</a>	22	0	1	217	253	19305	CATALUNYA	174
@amaterasu_n	<a href="https://twitter.com/amaterasu_n" target="_blank">amaterasu_n</a>	1	0	1	1244	764	37948	Barcelona	169
@AmeliaBarrigon	<a href="https://twitter.com/AmeliaBarrigon" target="_blank">AmeliaBarrigon</a>	4	0	1	28	107	2387		003
@AmellerCarlos	<a href="https://twitter.com/AmellerCarlos" target="_blank">AmellerCarlos</a>	5	0	3	1311	2150	28682	Lérida, Cataluña	003
@AMI__cat	<a href="https://twitter.com/AMI__cat" target="_blank">AMI__cat</a>	39	0	3	24321	1537	28029	Catalunya, Unió Europea	013
@amicsdelalletja	<a href="https://twitter.com/amicsdelalletja" target="_blank">amicsdelalletja</a>	4	3	1	6268	3205	83533	Lleida	311
@amiguesicia	<a href="https://twitter.com/amiguesicia" target="_blank">amiguesicia</a>	1	0	1	42	122	1023		003
@amirabal10	<a href="https://twitter.com/amirabal10" target="_blank">amirabal10</a>	2	1	0	356	1125	2040	Reus, Catalunya	017
@amoros_cid	<a href="https://twitter.com/amoros_cid" target="_blank">amoros_cid</a>	12	0	1	13	154	1241		002
@AMPAIESantJoan	<a href="https://twitter.com/AMPAIESantJoan" target="_blank">AMPAIESantJoan</a>	3	0	1	288	202	274	Sant Joan de les Abadesses	044
@amparelampa	<a href="https://twitter.com/amparelampa" target="_blank">amparelampa</a>	1	0	1	1213	458	7097		153
@amparopaletes	<a href="https://twitter.com/amparopaletes" target="_blank">amparopaletes</a>	3	0	2	165	345	2070		004
@AMPAVirolai	<a href="https://twitter.com/AMPAVirolai" target="_blank">AMPAVirolai</a>	1	0	1	1006	303	1503	Barcelona	288
@AMVIADE	<a href="https://twitter.com/AMVIADE" target="_blank">AMVIADE</a>	1	0	1	35	92	2760		003
@an_gelonch	<a href="https://twitter.com/an_gelonch" target="_blank">an_gelonch</a>	5	0	1	359	374	4845	Barcelona	036
@anabaezben	<a href="https://twitter.com/anabaezben" target="_blank">anabaezben</a>	1	0	1	662	179	6060	Barcelona-Mataró	011
@anacon21	<a href="https://twitter.com/anacon21" target="_blank">anacon21</a>	5	0	3	124	855	5655		153
@anamartinezd	<a href="https://twitter.com/anamartinezd" target="_blank">anamartinezd</a>	20	0	1	584	1135	4092	Girona-República de Catalunya	408
@ananbe2	<a href="https://twitter.com/ananbe2" target="_blank">ananbe2</a>	1	0	1	131	136	2446		003
@anaoromi	<a href="https://twitter.com/anaoromi" target="_blank">anaoromi</a>	80	0	4	2250	2385	419417	República Catalana. UE	139
@anaoromilluch	<a href="https://twitter.com/anaoromilluch" target="_blank">anaoromilluch</a>	17	0	3	375	539	30620	Catalonia	003
@anaraljaan	<a href="https://twitter.com/anaraljaan" target="_blank">anaraljaan</a>	16	0	1	6333	6101	121478	Bellpuig Catalunya Europa	014
@Anarisd	<a href="https://twitter.com/Anarisd" target="_blank">Anarisd</a>	14	0	1	693	762	29976	Barcelona	014
@AnaRodriguezBaz	<a href="https://twitter.com/AnaRodriguezBaz" target="_blank">AnaRodriguezBaz</a>	2	0	1	290	365	8965	España	059
@anasarabia33	<a href="https://twitter.com/anasarabia33" target="_blank">anasarabia33</a>	4	0	1	241	246	1509		168
@anatersol67	<a href="https://twitter.com/anatersol67" target="_blank">anatersol67</a>	2	0	1	51	63	4025	Barcelona, Catalunya	020
@anbonf	<a href="https://twitter.com/anbonf" target="_blank">anbonf</a>	2	0	1	804	1404	2947		477
@ANC_Arquitect	<a href="https://twitter.com/ANC_Arquitect" target="_blank">ANC_Arquitect</a>	5	4	0	1376	1036	3047	Catalunya, Països Catalans	014
@ANC_BCN_SSG	<a href="https://twitter.com/ANC_BCN_SSG" target="_blank">ANC_BCN_SSG</a>	0	2	0					306
@ANC_Bombers	<a href="https://twitter.com/ANC_Bombers" target="_blank">ANC_Bombers</a>	4	10	0	13931	6149	7063	Països Catalans	014
@ANC_llengua	<a href="https://twitter.com/ANC_llengua" target="_blank">ANC_llengua</a>	8	0	1	1752	1540	16261	Republic of Catalonia, EU	197
@ANC_Manlleu	<a href="https://twitter.com/ANC_Manlleu" target="_blank">ANC_Manlleu</a>	0	1	0					357
@anc_vdm	<a href="https://twitter.com/anc_vdm" target="_blank">anc_vdm</a>	6	0	1	1508	533	2461	Vilassar de Mar	019
@ANCDones	<a href="https://twitter.com/ANCDones" target="_blank">ANCDones</a>	2	1	0	1626	1166	2774	República de Catalunya PPCC	014
@ANClAleixar	<a href="https://twitter.com/ANClAleixar" target="_blank">ANClAleixar</a>	4	3	1	631	881	977	l'Aleixar, Catalunya	216
@ANCLHospitalet	<a href="https://twitter.com/ANCLHospitalet" target="_blank">ANCLHospitalet</a>	16	4	1	6267	3756	46531	hospitalet-ll@assemblea.cat	003
@ANCNouBarris	<a href="https://twitter.com/ANCNouBarris" target="_blank">ANCNouBarris</a>	9	1	1	1846	1114	8548	Barcelona. Països Catalans	154
@ANCPalautordera	<a href="https://twitter.com/ANCPalautordera" target="_blank">ANCPalautordera</a>	5	0	1	467	110	2744	Catalunya	034
@ANCsantsadurni	<a href="https://twitter.com/ANCsantsadurni" target="_blank">ANCsantsadurni</a>	0	1	0					348
@ANCTarragona	<a href="https://twitter.com/ANCTarragona" target="_blank">ANCTarragona</a>	14	0	2	4323	3995	16655	Tarragona, Catalunya, PPCC	140
@ANCtarrega	<a href="https://twitter.com/ANCtarrega" target="_blank">ANCtarrega</a>	3	0	1	689	463	1960	Tàrrega	403
@ANCtorredembarr	<a href="https://twitter.com/ANCtorredembarr" target="_blank">ANCtorredembarr</a>	1	4	0	1043	1447	663	Torredembarra, Catalunya	111
@Andoor62	<a href="https://twitter.com/Andoor62" target="_blank">Andoor62</a>	8	0	2	122	113	4050		014
@andreapinyi	<a href="https://twitter.com/andreapinyi" target="_blank">andreapinyi</a>	0	1	0					055
@AndreaSenye	<a href="https://twitter.com/AndreaSenye" target="_blank">AndreaSenye</a>	2	0	1	43	383	2784		015
@AndresMart05	<a href="https://twitter.com/AndresMart05" target="_blank">AndresMart05</a>	1	0	1	1205	979	42962	Granada, España / Mallorca	388
@andresmc11	<a href="https://twitter.com/andresmc11" target="_blank">andresmc11</a>	1	0	1	755	260	4534		191
@andresmora58	<a href="https://twitter.com/andresmora58" target="_blank">andresmora58</a>	1	0	1	193	246	1274		263
@andrestrompa94	<a href="https://twitter.com/andrestrompa94" target="_blank">andrestrompa94</a>	6	0	1	390	445	12195	(España)	011
@andreu_gonzalez	<a href="https://twitter.com/andreu_gonzalez" target="_blank">andreu_gonzalez</a>	6	0	2	8250	4325	31979	Catalunya	034
@andreu_monzo	<a href="https://twitter.com/andreu_monzo" target="_blank">andreu_monzo</a>	4	1	0	34	256	105	Catalunya	343
@AndreuBofill	<a href="https://twitter.com/AndreuBofill" target="_blank">AndreuBofill</a>	2	0	1	77	306	101	Barcelona, Catalunya	034
@Andreueste	<a href="https://twitter.com/Andreueste" target="_blank">Andreueste</a>	13	2	0	1203	722	19009	Badalona	257
@AndreuLpeziLpez	<a href="https://twitter.com/AndreuLpeziLpez" target="_blank">AndreuLpeziLpez</a>	3	0	1	38	75	1107		004
@Andreumasd	<a href="https://twitter.com/Andreumasd" target="_blank">Andreumasd</a>	8	0	1	3987	4988	55613	Banyoles	014
@AndreuPurroy	<a href="https://twitter.com/AndreuPurroy" target="_blank">AndreuPurroy</a>	8	1	2	851	119	11970	Lleida	002
@AndreuViu	<a href="https://twitter.com/AndreuViu" target="_blank">AndreuViu</a>	9	0	1	424	259	54625	Sant Andreu de Llavaneres	005
@andreuvr	<a href="https://twitter.com/andreuvr" target="_blank">andreuvr</a>	4	0	1	927	1142	11912	Lleida, Països Catalans	034
@Andryu_Ab	<a href="https://twitter.com/Andryu_Ab" target="_blank">Andryu_Ab</a>	14	0	3	47	287	2864		315
@anemometer12	<a href="https://twitter.com/anemometer12" target="_blank">anemometer12</a>	2	0	1	7	32	1347	Barcelona, Cataluña	003
@aneshali	<a href="https://twitter.com/aneshali" target="_blank">aneshali</a>	1	0	1	2915	2630	310455	España	205
@Angel_Corbacho	<a href="https://twitter.com/Angel_Corbacho" target="_blank">Angel_Corbacho</a>	2	0	1	17	94	1886		231
@Angel_Rodrigue	<a href="https://twitter.com/Angel_Rodrigue" target="_blank">Angel_Rodrigue</a>	0	1	0					340
@AngelaClos22	<a href="https://twitter.com/AngelaClos22" target="_blank">AngelaClos22</a>	0	1	0					339
@AngelaM0106	<a href="https://twitter.com/AngelaM0106" target="_blank">AngelaM0106</a>	2	1	0	733	1514	6878		338
@angelapujol	<a href="https://twitter.com/angelapujol" target="_blank">angelapujol</a>	2	0	1	1095	1049	2305	Tarragona	008
@Angelasolatab	<a href="https://twitter.com/Angelasolatab" target="_blank">Angelasolatab</a>	1	0	1	146	265	4530	Sant Vicenç de Montalt	014
@angelbeltran15	<a href="https://twitter.com/angelbeltran15" target="_blank">angelbeltran15</a>	1	0	1	140	293	1343	Tiana	017
@Angelcastillov	<a href="https://twitter.com/Angelcastillov" target="_blank">Angelcastillov</a>	2	0	2	84	48	183	Arenys de Munt, Catalunya	255
@AngelCUDI	<a href="https://twitter.com/AngelCUDI" target="_blank">AngelCUDI</a>	1	0	1	871	693	10654	Sabadell	314
@AngeldeMS	<a href="https://twitter.com/AngeldeMS" target="_blank">AngeldeMS</a>	5	0	1	72	58	5021	La Bisbal d'Empordà	184
@angelgv80	<a href="https://twitter.com/angelgv80" target="_blank">angelgv80</a>	2	0	2	17	88	74		032
@AngelLazaroA	<a href="https://twitter.com/AngelLazaroA" target="_blank">AngelLazaroA</a>	2	0	1	203	525	7436		003
@angelmart73	<a href="https://twitter.com/angelmart73" target="_blank">angelmart73</a>	1	0	1	53	117	231	Granollers, CATALONIA	007
@ANGELPinedaPer1	<a href="https://twitter.com/ANGELPinedaPer1" target="_blank">ANGELPinedaPer1</a>	1	0	1	25	146	678	Cataluña,	157
@angelplanas	<a href="https://twitter.com/angelplanas" target="_blank">angelplanas</a>	4	2	0	571	1553	6789	Catalunya	251
@angels_pallas	<a href="https://twitter.com/angels_pallas" target="_blank">angels_pallas</a>	24	0	2	67	92	5920		164
@angels_pilates	<a href="https://twitter.com/angels_pilates" target="_blank">angels_pilates</a>	4	0	1	196	224	3295		161
@Angelsbc57	<a href="https://twitter.com/Angelsbc57" target="_blank">Angelsbc57</a>	3	0	1	12	200	312		003
@angelsclotet	<a href="https://twitter.com/angelsclotet" target="_blank">angelsclotet</a>	19	0	3	970	790	65574		003
@angelscordon	<a href="https://twitter.com/angelscordon" target="_blank">angelscordon</a>	7	0	1	879	1419	30549	Catalunya	003
@angelslagarriga	<a href="https://twitter.com/angelslagarriga" target="_blank">angelslagarriga</a>	4	0	1	15	48	638		003
@angelsmcastells	<a href="https://twitter.com/angelsmcastells" target="_blank">angelsmcastells</a>	11	24	1	11276	2250	70786	Barcelona	013
@angelsnadalcolo	<a href="https://twitter.com/angelsnadalcolo" target="_blank">angelsnadalcolo</a>	5	0	1	108	539	17550		114
@AngelsOliva	<a href="https://twitter.com/AngelsOliva" target="_blank">AngelsOliva</a>	9	0	1	98	176	1954	Catalunya	026
@AngelsSerraA	<a href="https://twitter.com/AngelsSerraA" target="_blank">AngelsSerraA</a>	2	0	1	320	1035	2697	Badalona, Catalunya	034
@angelsvj	<a href="https://twitter.com/angelsvj" target="_blank">angelsvj</a>	19	0	2	563	1317	10851		010
@AngieBescos	<a href="https://twitter.com/AngieBescos" target="_blank">AngieBescos</a>	1	0	1	93	162	5759	Anoia	003
@Angietro3535	<a href="https://twitter.com/Angietro3535" target="_blank">Angietro3535</a>	16	0	3	575	372	56085	República de Catalunya, UE	014
@AngryCocollona	<a href="https://twitter.com/AngryCocollona" target="_blank">AngryCocollona</a>	0	3	0					073
@anibalmeltor	<a href="https://twitter.com/anibalmeltor" target="_blank">anibalmeltor</a>	5	1	0	1944	1045	71092		322
@Aniplatt	<a href="https://twitter.com/Aniplatt" target="_blank">Aniplatt</a>	2	0	1	16	112	388		014
@anitacaldes	<a href="https://twitter.com/anitacaldes" target="_blank">anitacaldes</a>	6	0	1	53	194	4667		006
@AnitaMix9	<a href="https://twitter.com/AnitaMix9" target="_blank">AnitaMix9</a>	4	0	1	155	301	6473	iBZ-BCN	444
@Aniuska	<a href="https://twitter.com/Aniuska" target="_blank">Aniuska</a>	11	0	1	361	540	20335	Mataró, República de Catalunya	168
@anjorma3	<a href="https://twitter.com/anjorma3" target="_blank">anjorma3</a>	5	0	1	2661	2564	140334	comunidad valenciana	004
@anna_arque	<a href="https://twitter.com/anna_arque" target="_blank">anna_arque</a>	2	20	0	18782	4990	15541	Lleida-BCN-Països Catalans	143
@anna_caula	<a href="https://twitter.com/anna_caula" target="_blank">anna_caula</a>	3	2	0	777	463	2155		179
@anna_coverhouse	<a href="https://twitter.com/anna_coverhouse" target="_blank">anna_coverhouse</a>	4	0	1	96	221	1458		002
@anna_guxens	<a href="https://twitter.com/anna_guxens" target="_blank">anna_guxens</a>	13	0	1	257	933	3015	Vilanova i la Geltrú, Cat.	034
@anna_matas	<a href="https://twitter.com/anna_matas" target="_blank">anna_matas</a>	6	0	2	461	297	18332		002
@Anna_Moreno_C	<a href="https://twitter.com/Anna_Moreno_C" target="_blank">Anna_Moreno_C</a>	13	0	2	230	962	14104		014
@anna_pitiua21	<a href="https://twitter.com/anna_pitiua21" target="_blank">anna_pitiua21</a>	3	1	1	743	893	3865		020
@anna_sanllehy	<a href="https://twitter.com/anna_sanllehy" target="_blank">anna_sanllehy</a>	12	0	1	2697	4995	70657		014
@anna_T713	<a href="https://twitter.com/anna_T713" target="_blank">anna_T713</a>	2	0	1	35	191	1995	Girona, España	162
@anna_terrades	<a href="https://twitter.com/anna_terrades" target="_blank">anna_terrades</a>	3	0	1	15	113	1456		034
@annaalbasim	<a href="https://twitter.com/annaalbasim" target="_blank">annaalbasim</a>	3	0	1	104	178	3176	CARDEDEU	017
@annaalvado	<a href="https://twitter.com/annaalvado" target="_blank">annaalvado</a>	30	0	4	89	179	7454	Barcelona	102
@AnnaBalaguer1	<a href="https://twitter.com/AnnaBalaguer1" target="_blank">AnnaBalaguer1</a>	1	0	1	60	271	918		004
@Annabel1326	<a href="https://twitter.com/Annabel1326" target="_blank">Annabel1326</a>	3	0	1	201	1177	1143		193
@AnnabelMarcos	<a href="https://twitter.com/AnnabelMarcos" target="_blank">AnnabelMarcos</a>	5	0	1	2027	1845	9598	Amposta	102
@annabrullet	<a href="https://twitter.com/annabrullet" target="_blank">annabrullet</a>	0	1	0					047
@AnnaFabregat5	<a href="https://twitter.com/AnnaFabregat5" target="_blank">AnnaFabregat5</a>	1	0	1	2	36	50	Barcelona, Catalunya	203
@annafenoy	<a href="https://twitter.com/annafenoy" target="_blank">annafenoy</a>	3	1	0	632	948	4560	d'Hostalets de Pierola a Suïssa	512
@Annagalanpla	<a href="https://twitter.com/Annagalanpla" target="_blank">Annagalanpla</a>	5	0	1	16	67	659	Barcelona	002
@AnnaGolSud	<a href="https://twitter.com/AnnaGolSud" target="_blank">AnnaGolSud</a>	10	0	1	85	197	10209		003
@Annajesusi	<a href="https://twitter.com/Annajesusi" target="_blank">Annajesusi</a>	1	0	1	45	127	404	Barcelona	013
@AnnaLpezC	<a href="https://twitter.com/AnnaLpezC" target="_blank">AnnaLpezC</a>	8	0	2	44	110	805	Catalonia	131
@annam1181or	<a href="https://twitter.com/annam1181or" target="_blank">annam1181or</a>	8	0	1	2219	5000	145346	LlumAmorSaviesVeritatBondaJust	005
@annamanubens	<a href="https://twitter.com/annamanubens" target="_blank">annamanubens</a>	0	1	0					510
@annamarialinare	<a href="https://twitter.com/annamarialinare" target="_blank">annamarialinare</a>	2	0	1	419	1350	15547	TERRASSA(CATALUNYA)	007
@annamariasastre	<a href="https://twitter.com/annamariasastre" target="_blank">annamariasastre</a>	23	0	1	713	1185	58727		010
@AnnamDuimenez	<a href="https://twitter.com/AnnamDuimenez" target="_blank">AnnamDuimenez</a>	15	0	1	516	790	22496		124
@annantals	<a href="https://twitter.com/annantals" target="_blank">annantals</a>	1	0	1	445	963	5200		281
@Annapg10	<a href="https://twitter.com/Annapg10" target="_blank">Annapg10</a>	6	0	1	70	196	4840		003
@AnnaPrenafeta	<a href="https://twitter.com/AnnaPrenafeta" target="_blank">AnnaPrenafeta</a>	2	0	1	368	734	22042		157
@AnnaRaset	<a href="https://twitter.com/AnnaRaset" target="_blank">AnnaRaset</a>	1	2	0	58	244	320	Raset, Cervià de Ter, Girona	285
@annasalicru	<a href="https://twitter.com/annasalicru" target="_blank">annasalicru</a>	2	1	0	1140	907	4793	Mataró	511
@AnnaSatorra	<a href="https://twitter.com/AnnaSatorra" target="_blank">AnnaSatorra</a>	4	0	1	967	920	11560	Sant Andreu, Barcelona	193
@annaselles	<a href="https://twitter.com/annaselles" target="_blank">annaselles</a>	5	0	2	311	544	1159	Vic	058
@annasistach	<a href="https://twitter.com/annasistach" target="_blank">annasistach</a>	1	0	1	131	557	370		037
@annasole44	<a href="https://twitter.com/annasole44" target="_blank">annasole44</a>	8	0	2	598	1172	15060		112
@annavallsm	<a href="https://twitter.com/annavallsm" target="_blank">annavallsm</a>	4	0	2	19	48	837		026
@AnnaVillalonga	<a href="https://twitter.com/AnnaVillalonga" target="_blank">AnnaVillalonga</a>	2	0	1	2806	2258	19998	Barcelona	009
@annazamar	<a href="https://twitter.com/annazamar" target="_blank">annazamar</a>	2	9	1	581	434	2973	Sort, Catalunya	203
@annits	<a href="https://twitter.com/annits" target="_blank">annits</a>	1	0	1	1412	1770	25387	Barcelona	009
@annsegarragil	<a href="https://twitter.com/annsegarragil" target="_blank">annsegarragil</a>	2	0	1	422	205	39986	Sant Mateu, España	001
@annvilalta	<a href="https://twitter.com/annvilalta" target="_blank">annvilalta</a>	11	0	1	662	730	39796	@democrates.cat //Tram409	140
@anoiadiari	<a href="https://twitter.com/anoiadiari" target="_blank">anoiadiari</a>	1	1	0	6938	1389	29604	Igualada - Anoia	054
@ansago1234	<a href="https://twitter.com/ansago1234" target="_blank">ansago1234</a>	1	0	1	2126	1974	20407		014
@Ansotegui9	<a href="https://twitter.com/Ansotegui9" target="_blank">Ansotegui9</a>	1	0	1	6	68	366		014
@AntifaCiempo	<a href="https://twitter.com/AntifaCiempo" target="_blank">AntifaCiempo</a>	0	8	0					202
@antigonapages	<a href="https://twitter.com/antigonapages" target="_blank">antigonapages</a>	1	0	1	744	925	761	Gaza	109
@antih3roi	<a href="https://twitter.com/antih3roi" target="_blank">antih3roi</a>	10	1	0	294	1350	7340	Eixample Esq., Països Catalans	029
@antirratacloaca	<a href="https://twitter.com/antirratacloaca" target="_blank">antirratacloaca</a>	2	0	1	2616	1192	41152	the world	439
@antistar43	<a href="https://twitter.com/antistar43" target="_blank">antistar43</a>	5	0	1	211	672	7745	Portbuenc,empordanès,català...	178
@antitxistu	<a href="https://twitter.com/antitxistu" target="_blank">antitxistu</a>	5	0	1	954	1356	42914	Waslala	009
@Antn1969	<a href="https://twitter.com/Antn1969" target="_blank">Antn1969</a>	2	0	1	213	50	12431	CATALUNYA - Tàrrega	034
@antnago	<a href="https://twitter.com/antnago" target="_blank">antnago</a>	3	0	1	128	265	2585		003
@AntonCros	<a href="https://twitter.com/AntonCros" target="_blank">AntonCros</a>	45	0	3	2705	3880	77135		014
@antoni_barrios	<a href="https://twitter.com/antoni_barrios" target="_blank">antoni_barrios</a>	2	0	1	70	374	460	Artés - Catalunya	312
@antoni_colomer	<a href="https://twitter.com/antoni_colomer" target="_blank">antoni_colomer</a>	1	0	1	50	72	5503	Maresme, Catalunya	003
@antoni_font	<a href="https://twitter.com/antoni_font" target="_blank">antoni_font</a>	6	0	1	20	36	2266		015
@Antonia_cg	<a href="https://twitter.com/Antonia_cg" target="_blank">Antonia_cg</a>	2	0	1	150	494	2042		003
@antoniaserrano2	<a href="https://twitter.com/antoniaserrano2" target="_blank">antoniaserrano2</a>	6	0	2	600	753	29492	barcelona	014
@AntoniFerran	<a href="https://twitter.com/AntoniFerran" target="_blank">AntoniFerran</a>	9	0	1	172	244	5526	1-10. Hem votat ! 👋🏻👋🏻👋🏻	012
@AntoniFerrer2	<a href="https://twitter.com/AntoniFerrer2" target="_blank">AntoniFerrer2</a>	38	0	2	348	197	83165		151
@AntoniIfe	<a href="https://twitter.com/AntoniIfe" target="_blank">AntoniIfe</a>	2	0	1	433	1126	2317	Gironella, Barcelona	003
@antonim_s	<a href="https://twitter.com/antonim_s" target="_blank">antonim_s</a>	1	0	1	203	211	1971		026
@AntoniMaGrau	<a href="https://twitter.com/AntoniMaGrau" target="_blank">AntoniMaGrau</a>	7	0	4	448	471	11418	Barcelona - l'Ametlla del V.	014
@Antonio88895019	<a href="https://twitter.com/Antonio88895019" target="_blank">Antonio88895019</a>	2	0	1	9	34	1079	En Mi Casa	003
@antoniojg78	<a href="https://twitter.com/antoniojg78" target="_blank">antoniojg78</a>	1	0	1	2188	4014	86158	Palencia, Castilla y León	003
@antoniovalle02	<a href="https://twitter.com/antoniovalle02" target="_blank">antoniovalle02</a>	1	0	1	9	129	15		102
@antoniovl000	<a href="https://twitter.com/antoniovl000" target="_blank">antoniovl000</a>	2	0	2	1386	5001	33443	Elfocidade, Spain	059
@antonipostius	<a href="https://twitter.com/antonipostius" target="_blank">antonipostius</a>	27	1	0	3193	1003	18707	Lleida	492
@antonirubio	<a href="https://twitter.com/antonirubio" target="_blank">antonirubio</a>	0	18	0					138
@antonitomas1945	<a href="https://twitter.com/antonitomas1945" target="_blank">antonitomas1945</a>	1	0	1	513	1147	10613	BARCELONA - CATALUNYA - EUROPA	007
@antoniverger	<a href="https://twitter.com/antoniverger" target="_blank">antoniverger</a>	2	0	1	4196	2759	12127	Palma (Mallorca)	003
@antonovas	<a href="https://twitter.com/antonovas" target="_blank">antonovas</a>	7	0	1	3842	3159	212378	Altea	003
@antuantricky	<a href="https://twitter.com/antuantricky" target="_blank">antuantricky</a>	3	0	2	1335	579	27971	desconocida	011
@anunjimm	<a href="https://twitter.com/anunjimm" target="_blank">anunjimm</a>	6	1	1	438	1390	5339	Sants Barcelona	009
@anxoua	<a href="https://twitter.com/anxoua" target="_blank">anxoua</a>	1	0	1	73	124	1478		184
@aolivecgmailcom	<a href="https://twitter.com/aolivecgmailcom" target="_blank">aolivecgmailcom</a>	1	0	1	65	88	1670		007
@aolles	<a href="https://twitter.com/aolles" target="_blank">aolles</a>	14	0	2	1269	1265	27150		003
@aparedesana	<a href="https://twitter.com/aparedesana" target="_blank">aparedesana</a>	1	0	1	74	221	1813	Barcelona	034
@APenaMol	<a href="https://twitter.com/APenaMol" target="_blank">APenaMol</a>	10	0	4	1123	2315	59397	Lleida	026
@APoquelin	<a href="https://twitter.com/APoquelin" target="_blank">APoquelin</a>	1	0	1	135	286	2478		006
@APUNKTDEXPLOTAR	<a href="https://twitter.com/APUNKTDEXPLOTAR" target="_blank">APUNKTDEXPLOTAR</a>	1	0	1	168	353	13837	barsalona siti	278
@AqllqPnsa	<a href="https://twitter.com/AqllqPnsa" target="_blank">AqllqPnsa</a>	7	0	1	28	49	1733	Catalunya	034
@AquestFrederic	<a href="https://twitter.com/AquestFrederic" target="_blank">AquestFrederic</a>	29	0	1	4062	4606	93451		025
@aquipuedo	<a href="https://twitter.com/aquipuedo" target="_blank">aquipuedo</a>	23	0	6	4977	4367	135967	República de catalunya, UE	014
@AR291268	<a href="https://twitter.com/AR291268" target="_blank">AR291268</a>	4	0	1	5	43	693	日本 京都	003
@aracegea	<a href="https://twitter.com/aracegea" target="_blank">aracegea</a>	35	0	4	751	2020	42406	Barcelona - Catalunya	014
@aracelipv	<a href="https://twitter.com/aracelipv" target="_blank">aracelipv</a>	10	0	2	65	268	1468	Barcelona	174
@AraceliSeva	<a href="https://twitter.com/AraceliSeva" target="_blank">AraceliSeva</a>	1	0	1	435	721	10929	Wherever I go, I'm at home.	011
@AraDesdara	<a href="https://twitter.com/AraDesdara" target="_blank">AraDesdara</a>	19	0	1	391	2134	7635	Barcelona	102
@arainfonoticias	<a href="https://twitter.com/arainfonoticias" target="_blank">arainfonoticias</a>	0	24	0					153
@aramateix	<a href="https://twitter.com/aramateix" target="_blank">aramateix</a>	3	0	1	21547	1564	15539	Barcelona, Països Catalans	049
@ArantzaMed	<a href="https://twitter.com/ArantzaMed" target="_blank">ArantzaMed</a>	1	0	1	7	53	45		352
@araramendia	<a href="https://twitter.com/araramendia" target="_blank">araramendia</a>	10	0	1	210	378	49029	Barcelona, Catalunya	006
@arasiquetoca	<a href="https://twitter.com/arasiquetoca" target="_blank">arasiquetoca</a>	18	0	1	46	217	6357		163
@ARAvilassar	<a href="https://twitter.com/ARAvilassar" target="_blank">ARAvilassar</a>	1	1	0	372	428	2645	Vilassar de Dalt	463
@arb13579	<a href="https://twitter.com/arb13579" target="_blank">arb13579</a>	9	0	2	215	507	18941	Catalunya	075
@ArbresJGordi	<a href="https://twitter.com/ArbresJGordi" target="_blank">ArbresJGordi</a>	3	1	0	729	724	4118		019
@ardatx	<a href="https://twitter.com/ardatx" target="_blank">ardatx</a>	13	0	4	272	570	33547		013
@arderico	<a href="https://twitter.com/arderico" target="_blank">arderico</a>	3	0	2	201	345	6947	La Pobla de Lillet, Catllaràs	038
@ArderiuEva	<a href="https://twitter.com/ArderiuEva" target="_blank">ArderiuEva</a>	2	0	1	3	34	96	Baleares, Islas Baleares	003
@ardillarroja	<a href="https://twitter.com/ardillarroja" target="_blank">ardillarroja</a>	2	0	1	863	862	2555	Barcelona, España	019
@arevillag	<a href="https://twitter.com/arevillag" target="_blank">arevillag</a>	5	0	2	61	133	6705		102
@Ari_1Dkissyou	<a href="https://twitter.com/Ari_1Dkissyou" target="_blank">Ari_1Dkissyou</a>	1	0	1	1341	1903	16958	Barcelona, Cataluña	395
@Ariadna10m	<a href="https://twitter.com/Ariadna10m" target="_blank">Ariadna10m</a>	2	0	1	225	210	3425		019
@aribau1	<a href="https://twitter.com/aribau1" target="_blank">aribau1</a>	5	0	2	84	199	11276		026
@Ariibernon	<a href="https://twitter.com/Ariibernon" target="_blank">Ariibernon</a>	1	0	1	93	211	525	UAB	049
@arilarablasco12	<a href="https://twitter.com/arilarablasco12" target="_blank">arilarablasco12</a>	2	0	1	25	247	406	Barcelona, Espanya	019
@AringoK	<a href="https://twitter.com/AringoK" target="_blank">AringoK</a>	3	0	1	265	594	27895	Iruña, Nafarroa	206
@AriRodrigo	<a href="https://twitter.com/AriRodrigo" target="_blank">AriRodrigo</a>	8	0	1	845	1799	6424	Brussels	526
@aritarros	<a href="https://twitter.com/aritarros" target="_blank">aritarros</a>	2	0	1	62	149	39		061
@aritxun	<a href="https://twitter.com/aritxun" target="_blank">aritxun</a>	3	0	1	953	1570	18806	Terraprims, Girona	233
@aritzeta	<a href="https://twitter.com/aritzeta" target="_blank">aritzeta</a>	5	0	1	1192	652	6536	Valls, Catalonia	140
@ariusbou	<a href="https://twitter.com/ariusbou" target="_blank">ariusbou</a>	4	0	1	106	215	5697		010
@ArkadiBernatall	<a href="https://twitter.com/ArkadiBernatall" target="_blank">ArkadiBernatall</a>	1	0	1	5	72	142		265
@ARKAITX14_4_69	<a href="https://twitter.com/ARKAITX14_4_69" target="_blank">ARKAITX14_4_69</a>	2	0	1	997	3538	173386	MIS DOCUMENTOS	003
@armandrodrigo	<a href="https://twitter.com/armandrodrigo" target="_blank">armandrodrigo</a>	1	0	1	202	544	373	Poblenou, Barcelona, Catalunya	378
@armandsimon2002	<a href="https://twitter.com/armandsimon2002" target="_blank">armandsimon2002</a>	5	0	1	482	880	12026		007
@Arnau_BA	<a href="https://twitter.com/Arnau_BA" target="_blank">Arnau_BA</a>	10	0	1	1214	1815	98115	Lleida, Catalunya	003
@arnau_borras	<a href="https://twitter.com/arnau_borras" target="_blank">arnau_borras</a>	5	0	1	218	421	16455	Fabara - Franja de Ponent	007
@arnau_llambrich	<a href="https://twitter.com/arnau_llambrich" target="_blank">arnau_llambrich</a>	4	0	1	244	443	1016	la selva del camp	102
@ArnaudeCaldes	<a href="https://twitter.com/ArnaudeCaldes" target="_blank">ArnaudeCaldes</a>	1	0	1	1760	1962	12961		153
@ArnaudeVitriol	<a href="https://twitter.com/ArnaudeVitriol" target="_blank">ArnaudeVitriol</a>	1	0	1	127	388	4138		014
@ArnauPadros	<a href="https://twitter.com/ArnauPadros" target="_blank">ArnauPadros</a>	3	0	1	466	942	4792	Vic, Països Catalans	122
@arnauqueralt	<a href="https://twitter.com/arnauqueralt" target="_blank">arnauqueralt</a>	6	0	1	1765	1317	12181	Santa Eulàlia de Ronçana	018
@arquitectesplsi	<a href="https://twitter.com/arquitectesplsi" target="_blank">arquitectesplsi</a>	7	1	1	253	668	298	Catalunya, Països Catalans	172
@Arran_Tarragona	<a href="https://twitter.com/Arran_Tarragona" target="_blank">Arran_Tarragona</a>	5	3	0	1300	1039	2388	Tarragona, Països Catalans	072
@ArranBarcelona	<a href="https://twitter.com/ArranBarcelona" target="_blank">ArranBarcelona</a>	7	0	2	2743	873	7025	Barcelonès, Països Catalans	049
@arrioct	<a href="https://twitter.com/arrioct" target="_blank">arrioct</a>	15	0	1	18	115	3477		198
@Arroniz54Maria	<a href="https://twitter.com/Arroniz54Maria" target="_blank">Arroniz54Maria</a>	1	0	1	286	424	3571	Bargota, Navarra	008
@Arrosambllet	<a href="https://twitter.com/Arrosambllet" target="_blank">Arrosambllet</a>	2	0	1	127	125	3568	Barcelona	002
@arsalba61	<a href="https://twitter.com/arsalba61" target="_blank">arsalba61</a>	6	0	1	20	13	538		005
@arsalchimica	<a href="https://twitter.com/arsalchimica" target="_blank">arsalchimica</a>	2	0	1	165	554	1809		007
@Artur61personal	<a href="https://twitter.com/Artur61personal" target="_blank">Artur61personal</a>	1	0	1	5	35	200		006
@ArturColl	<a href="https://twitter.com/ArturColl" target="_blank">ArturColl</a>	9	0	2	1068	482	10621	Barcelona	009
@artursarro	<a href="https://twitter.com/artursarro" target="_blank">artursarro</a>	4	0	1	36	51	3490		004
@AryaneMoon	<a href="https://twitter.com/AryaneMoon" target="_blank">AryaneMoon</a>	3	0	1	224	141	3935	Luna	003
@aryling	<a href="https://twitter.com/aryling" target="_blank">aryling</a>	13	0	1	155	212	15246	Cadaqués, Catalunya	003
@asanchezpinedo	<a href="https://twitter.com/asanchezpinedo" target="_blank">asanchezpinedo</a>	4	0	1	250	348	2633		034
@asansixto	<a href="https://twitter.com/asansixto" target="_blank">asansixto</a>	3	0	1	18	61	892		013
@ascension_cs	<a href="https://twitter.com/ascension_cs" target="_blank">ascension_cs</a>	5	0	2	613	1204	27140		005
@aserracr	<a href="https://twitter.com/aserracr" target="_blank">aserracr</a>	7	0	1	667	874	21057	Ripoll, Catalonia	004
@ashia1970	<a href="https://twitter.com/ashia1970" target="_blank">ashia1970</a>	3	0	2	271	347	7225		046
@asiandafrica	<a href="https://twitter.com/asiandafrica" target="_blank">asiandafrica</a>	34	0	1	589	614	59976	Barcelona	003
@asilveiro	<a href="https://twitter.com/asilveiro" target="_blank">asilveiro</a>	6	0	1	41	146	2281	Sabadell	026
@asimplyworker	<a href="https://twitter.com/asimplyworker" target="_blank">asimplyworker</a>	5	0	1	281	179	13535	Barcelona	093
@askari222	<a href="https://twitter.com/askari222" target="_blank">askari222</a>	50	0	3	46	34	9286		026
@ASoler_10	<a href="https://twitter.com/ASoler_10" target="_blank">ASoler_10</a>	0	1	0					462
@asoler69	<a href="https://twitter.com/asoler69" target="_blank">asoler69</a>	1	0	1	20	66	315	Barcelona, Catalunya, Europa.	003
@asolercollell	<a href="https://twitter.com/asolercollell" target="_blank">asolercollell</a>	1	0	1	149	163	596		003
@Assemblea_AiSMC	<a href="https://twitter.com/Assemblea_AiSMC" target="_blank">Assemblea_AiSMC</a>	2	0	1	1104	381	4417	Aiguafreda -Catalonia-	006
@assemblea_int	<a href="https://twitter.com/assemblea_int" target="_blank">assemblea_int</a>	3	0	1	6814	1398	14059	Catalonia	124
@AssembleaCunit	<a href="https://twitter.com/AssembleaCunit" target="_blank">AssembleaCunit</a>	5	0	1	338	319	4970	Cunit, Tarragona, Catalunya	103
@AssembleaEExI	<a href="https://twitter.com/AssembleaEExI" target="_blank">AssembleaEExI</a>	10	0	1	2440	2167	32989	Barcelona, Catalunya	139
@assembleagotic	<a href="https://twitter.com/assembleagotic" target="_blank">assembleagotic</a>	1	0	1	2796	245	12384	Barri Gòtic, Barcelona.	009
@assembleasmxi	<a href="https://twitter.com/assembleasmxi" target="_blank">assembleasmxi</a>	24	8	1	5079	4164	116346	Sants, Barcelona, Catalunya	003
@assembleesjoves	<a href="https://twitter.com/assembleesjoves" target="_blank">assembleesjoves</a>	3	0	1	2390	548	7612	Països Catalans	027
@assukiki	<a href="https://twitter.com/assukiki" target="_blank">assukiki</a>	2	0	1	63	224	909		002
@AssumptaPN	<a href="https://twitter.com/AssumptaPN" target="_blank">AssumptaPN</a>	1	0	1	23	53	267		002
@assun_alfe	<a href="https://twitter.com/assun_alfe" target="_blank">assun_alfe</a>	1	0	1	13	63	393		012
@aster2013	<a href="https://twitter.com/aster2013" target="_blank">aster2013</a>	4	0	1	965	2602	41575		014
@asturianu1	<a href="https://twitter.com/asturianu1" target="_blank">asturianu1</a>	1	0	1	3036	2735	72106	asturies	003
@AsunToldra	<a href="https://twitter.com/AsunToldra" target="_blank">AsunToldra</a>	16	0	2	528	665	47341		014
@asvisa	<a href="https://twitter.com/asvisa" target="_blank">asvisa</a>	5	0	1	73	208	3445		227
@atenesca	<a href="https://twitter.com/atenesca" target="_blank">atenesca</a>	1	0	1	419	655	1501	Barcelona, Catalunya	325
@ateneuhosta	<a href="https://twitter.com/ateneuhosta" target="_blank">ateneuhosta</a>	2	2	0	931	1134	1751	c/Elisi 20, Hostafrancs, PPCC	014
@Atharel	<a href="https://twitter.com/Atharel" target="_blank">Atharel</a>	14	0	1	313	473	12467	Barnacity CAT	003
@atis64	<a href="https://twitter.com/atis64" target="_blank">atis64</a>	8	0	1	29	76	2544		006
@atopeuri	<a href="https://twitter.com/atopeuri" target="_blank">atopeuri</a>	21	0	5	747	2487	47713		009
@atorress8	<a href="https://twitter.com/atorress8" target="_blank">atorress8</a>	3	0	1	544	436	8266	Tarragona	240
@atrebpiq	<a href="https://twitter.com/atrebpiq" target="_blank">atrebpiq</a>	1	0	1	36	190	1667		003
@AtreveteaSerTu	<a href="https://twitter.com/AtreveteaSerTu" target="_blank">AtreveteaSerTu</a>	2	0	1	384	304	3048		011
@atzori_piero	<a href="https://twitter.com/atzori_piero" target="_blank">atzori_piero</a>	71	0	8	569	1178	35604		014
@AudivertTati	<a href="https://twitter.com/AudivertTati" target="_blank">AudivertTati</a>	2	0	1	607	769	8350		005
@AuledaLaura	<a href="https://twitter.com/AuledaLaura" target="_blank">AuledaLaura</a>	3	0	2	18	53	58		002
@aulotemoltmacu	<a href="https://twitter.com/aulotemoltmacu" target="_blank">aulotemoltmacu</a>	2	0	1	314	239	4119		222
@AUP_UCM	<a href="https://twitter.com/AUP_UCM" target="_blank">AUP_UCM</a>	0	22	0					192
@aurea_vallejo	<a href="https://twitter.com/aurea_vallejo" target="_blank">aurea_vallejo</a>	0	5	0					215
@AureaJPierra	<a href="https://twitter.com/AureaJPierra" target="_blank">AureaJPierra</a>	7	0	1	802	2213	28032		011
@Auri_indignada	<a href="https://twitter.com/Auri_indignada" target="_blank">Auri_indignada</a>	2	0	2	34	127	560	barna	113
@AuroCantero	<a href="https://twitter.com/AuroCantero" target="_blank">AuroCantero</a>	6	0	1	854	342	160734	Valencia	005
@auroramateu	<a href="https://twitter.com/auroramateu" target="_blank">auroramateu</a>	10	0	2	315	638	6117		009
@aurorarediu	<a href="https://twitter.com/aurorarediu" target="_blank">aurorarediu</a>	1	0	1	131	185	2108	Terrassa, BCN	454
@ausinyajaira	<a href="https://twitter.com/ausinyajaira" target="_blank">ausinyajaira</a>	1	0	1	1144	453	33868	Cataluña, España	489
@AutenticSamu	<a href="https://twitter.com/AutenticSamu" target="_blank">AutenticSamu</a>	8	0	1	967	1189	21584	Sabadell, Catalunya	126
@AvallVa	<a href="https://twitter.com/AvallVa" target="_blank">AvallVa</a>	3	0	2	344	1242	8437	Catalunya	009
@AvelinaTortosa	<a href="https://twitter.com/AvelinaTortosa" target="_blank">AvelinaTortosa</a>	1	0	1	38	83	616		006
@AvellanaTGN	<a href="https://twitter.com/AvellanaTGN" target="_blank">AvellanaTGN</a>	6	0	1	579	676	36502	Tarragona (Catalunya)	124
@AVilarrubias	<a href="https://twitter.com/AVilarrubias" target="_blank">AVilarrubias</a>	2	0	1	21	68	3332		003
@avillalba92	<a href="https://twitter.com/avillalba92" target="_blank">avillalba92</a>	4	0	1	25	92	335		280
@avinyes	<a href="https://twitter.com/avinyes" target="_blank">avinyes</a>	4	0	1	117	115	2161	Catalunya	002
@avivo81	<a href="https://twitter.com/avivo81" target="_blank">avivo81</a>	4	0	1	107	313	11152		002
@awembley2011	<a href="https://twitter.com/awembley2011" target="_blank">awembley2011</a>	3	0	1	132	347	6385	Catalunya	003
@axlhosta	<a href="https://twitter.com/axlhosta" target="_blank">axlhosta</a>	1	0	1	51	132	1048	republica catalana	003
@AyA_KR	<a href="https://twitter.com/AyA_KR" target="_blank">AyA_KR</a>	4	0	1	256	380	14985	Barcelona	184
@Ayla365	<a href="https://twitter.com/Ayla365" target="_blank">Ayla365</a>	3	0	1	152	310	2891		003
@AymiGerard	<a href="https://twitter.com/AymiGerard" target="_blank">AymiGerard</a>	1	0	1	783	1336	1570		259
@aynoza	<a href="https://twitter.com/aynoza" target="_blank">aynoza</a>	19	0	2	1148	1805	47688	Vila de Gracia, Barcelona	034
@azoteenfurecido	<a href="https://twitter.com/azoteenfurecido" target="_blank">azoteenfurecido</a>	1	0	1	1	46	458	Santa Coloma de Gramenet, España	003
@azukikiyo	<a href="https://twitter.com/azukikiyo" target="_blank">azukikiyo</a>	21	0	1	1802	2470	73290	ESPAÑA	059
@azulblacky	<a href="https://twitter.com/azulblacky" target="_blank">azulblacky</a>	1	0	1	83	250	5988		005
@BadiaBarajas	<a href="https://twitter.com/BadiaBarajas" target="_blank">BadiaBarajas</a>	1	0	1	6	6	49		522
@BadiaSerra7	<a href="https://twitter.com/BadiaSerra7" target="_blank">BadiaSerra7</a>	18	0	1	2665	2275	46212	BARCELONA	014
@baetulo2	<a href="https://twitter.com/baetulo2" target="_blank">baetulo2</a>	3	0	2	11	51	1372		026
@Bak_10_girbau	<a href="https://twitter.com/Bak_10_girbau" target="_blank">Bak_10_girbau</a>	1	0	1	118	314	820	|Al Sofà| ~ In your mine	157
@BaladaIrene	<a href="https://twitter.com/BaladaIrene" target="_blank">BaladaIrene</a>	2	0	1	47	171	500	barcelona	034
@BalagueMontse	<a href="https://twitter.com/BalagueMontse" target="_blank">BalagueMontse</a>	2	0	1	66	57	506		002
@BalladForM	<a href="https://twitter.com/BalladForM" target="_blank">BalladForM</a>	4	0	1	95	229	4431	Tralfamadore.	003
@BaltaCarme	<a href="https://twitter.com/BaltaCarme" target="_blank">BaltaCarme</a>	6	0	4	174	166	27187		034
@BaltaCol	<a href="https://twitter.com/BaltaCol" target="_blank">BaltaCol</a>	1	0	1	24	122	262	Girona, Catalunya	034
@balthazhare	<a href="https://twitter.com/balthazhare" target="_blank">balthazhare</a>	6	0	1	352	1147	8675	Mtl, Québec	136
@Banane0711	<a href="https://twitter.com/Banane0711" target="_blank">Banane0711</a>	4	0	1	372	32	46877		033
@bannedgarden	<a href="https://twitter.com/bannedgarden" target="_blank">bannedgarden</a>	6	0	2	160	312	7774	Barcelona	005
@BanusXenia	<a href="https://twitter.com/BanusXenia" target="_blank">BanusXenia</a>	6	0	1	50	73	1828		023
@Banyeres	<a href="https://twitter.com/Banyeres" target="_blank">Banyeres</a>	0	1	0					421
@BaptistaPont	<a href="https://twitter.com/BaptistaPont" target="_blank">BaptistaPont</a>	2	0	1	218	887	1539		002
@BaqlH	<a href="https://twitter.com/BaqlH" target="_blank">BaqlH</a>	4	0	1	295	181	2161	Zona 1/L'H, República Catalana	003
@baraibarirel	<a href="https://twitter.com/baraibarirel" target="_blank">baraibarirel</a>	1	0	1	506	220	14543	Gares, Euskal Herria	020
@barbarroja_	<a href="https://twitter.com/barbarroja_" target="_blank">barbarroja_</a>	1	0	1	665	1281	2537		026
@BarberoManel	<a href="https://twitter.com/BarberoManel" target="_blank">BarberoManel</a>	2	0	1	166	176	1398	Girona, Espanya	003
@barbollaire	<a href="https://twitter.com/barbollaire" target="_blank">barbollaire</a>	4	0	1	95	98	2974	Catalunya	168
@barcaboca10	<a href="https://twitter.com/barcaboca10" target="_blank">barcaboca10</a>	9	0	2	2934	1886	37108	poble nou catalunya	019
@Barcaitaca	<a href="https://twitter.com/Barcaitaca" target="_blank">Barcaitaca</a>	9	0	1	808	845	93295		003
@barcelo_josep_	<a href="https://twitter.com/barcelo_josep_" target="_blank">barcelo_josep_</a>	1	0	1	28	167	319	Pontós. Catalunya	292
@barinaga_olano	<a href="https://twitter.com/barinaga_olano" target="_blank">barinaga_olano</a>	1	0	1	136	131	10549	Galicia	212
@BarniolBiel	<a href="https://twitter.com/BarniolBiel" target="_blank">BarniolBiel</a>	2	0	1	92	658	839		169
@Barrabinix	<a href="https://twitter.com/Barrabinix" target="_blank">Barrabinix</a>	4	0	1	80	262	2826	Trondheim	006
@BarretinaMan	<a href="https://twitter.com/BarretinaMan" target="_blank">BarretinaMan</a>	15	0	3	744	1643	5144		014
@barrieta84	<a href="https://twitter.com/barrieta84" target="_blank">barrieta84</a>	6	0	1	712	2239	12843	Donostia	003
@BastaixDeCorda	<a href="https://twitter.com/BastaixDeCorda" target="_blank">BastaixDeCorda</a>	9	0	2	1828	1744	6404	Online des d'Astúries	014
@bastida_xavier	<a href="https://twitter.com/bastida_xavier" target="_blank">bastida_xavier</a>	2	0	1	11	52	191		034
@bastilladigital	<a href="https://twitter.com/bastilladigital" target="_blank">bastilladigital</a>	12	0	1	255	222	85827	Madrid	033
@BaternoCaixas	<a href="https://twitter.com/BaternoCaixas" target="_blank">BaternoCaixas</a>	1	0	1	22	113	431	Montgat, Espanya	102
@batiste53121353	<a href="https://twitter.com/batiste53121353" target="_blank">batiste53121353</a>	1	0	1	111	148	4993		003
@BatmanGramenet	<a href="https://twitter.com/BatmanGramenet" target="_blank">BatmanGramenet</a>	1	0	1	1834	1492	2997	Santa Coloma de Gramenet	113
@batucada22	<a href="https://twitter.com/batucada22" target="_blank">batucada22</a>	1	0	1	102	242	1810	Barcelona	003
@bbsamibb	<a href="https://twitter.com/bbsamibb" target="_blank">bbsamibb</a>	1	0	1	36	343	63		014
@bcn1carlos	<a href="https://twitter.com/bcn1carlos" target="_blank">bcn1carlos</a>	3	0	1	57	159	4656		272
@Bcncat1	<a href="https://twitter.com/Bcncat1" target="_blank">Bcncat1</a>	3	0	1	9	136	993	Barcelona, España	004
@BcnDesencantat	<a href="https://twitter.com/BcnDesencantat" target="_blank">BcnDesencantat</a>	9	0	1	405	1895	7029	Barcelona  Catalunya	014
@BCNtoNYC	<a href="https://twitter.com/BCNtoNYC" target="_blank">BCNtoNYC</a>	4	0	1	91	209	2245		003
@bea21m	<a href="https://twitter.com/bea21m" target="_blank">bea21m</a>	9	0	1	543	604	27076		059
@BeaPritchard_	<a href="https://twitter.com/BeaPritchard_" target="_blank">BeaPritchard_</a>	1	0	1	137	179	9843	♀	191
@BeatMiro	<a href="https://twitter.com/BeatMiro" target="_blank">BeatMiro</a>	2	0	1	2570	2521	7718	Sant Joan de les Abadesses	118
@bebeagua60	<a href="https://twitter.com/bebeagua60" target="_blank">bebeagua60</a>	2	0	1	6359	4231	102538		003
@BegoAlmor	<a href="https://twitter.com/BegoAlmor" target="_blank">BegoAlmor</a>	5	0	1	73	313	3307	Gavà -Barcelona	003
@begonys	<a href="https://twitter.com/begonys" target="_blank">begonys</a>	12	0	1	2537	2392	134294	España	011
@Behumaler	<a href="https://twitter.com/Behumaler" target="_blank">Behumaler</a>	1	0	1	414	178	1375	Molins de Rei	157
@Beita_hf	<a href="https://twitter.com/Beita_hf" target="_blank">Beita_hf</a>	7	0	1	754	1084	10441		007
@bel_margarida	<a href="https://twitter.com/bel_margarida" target="_blank">bel_margarida</a>	75	4	7	118	115	10420		003
@Belentxo	<a href="https://twitter.com/Belentxo" target="_blank">Belentxo</a>	2	0	1	812	1677	63040	Madrid	014
@BelGalera	<a href="https://twitter.com/BelGalera" target="_blank">BelGalera</a>	5	0	1	1685	2296	17999	Barcelona, Catalunya	010
@bell_boy_16	<a href="https://twitter.com/bell_boy_16" target="_blank">bell_boy_16</a>	1	0	1	235	1186	4216		049
@belladelsenhor	<a href="https://twitter.com/belladelsenhor" target="_blank">belladelsenhor</a>	6	0	1	110	122	9260		007
@ben_nebot	<a href="https://twitter.com/ben_nebot" target="_blank">ben_nebot</a>	5	0	1	23	575	802		003
@BenetTallaferro	<a href="https://twitter.com/BenetTallaferro" target="_blank">BenetTallaferro</a>	7	0	1	282	248	13991		003
@benjami_nieto	<a href="https://twitter.com/benjami_nieto" target="_blank">benjami_nieto</a>	1	0	1	610	869	1134	Manlleu	357
@Benjami82072689	<a href="https://twitter.com/Benjami82072689" target="_blank">Benjami82072689</a>	12	0	3	6	68	3162	Premià de Mar, Espanya	048
@benjo_aguilar	<a href="https://twitter.com/benjo_aguilar" target="_blank">benjo_aguilar</a>	0	3	0					246
@Benuas	<a href="https://twitter.com/Benuas" target="_blank">Benuas</a>	1	0	1	316	253	458		014
@bernacho	<a href="https://twitter.com/bernacho" target="_blank">bernacho</a>	2	0	1	85	179	2646	Castell-Estaó	034
@bernardomeca	<a href="https://twitter.com/bernardomeca" target="_blank">bernardomeca</a>	5	0	1	158	572	5342	La Rinconada, Andalucía	007
@BernatGuixeras	<a href="https://twitter.com/BernatGuixeras" target="_blank">BernatGuixeras</a>	10	0	1	53	290	2173		119
@bernatpicornell	<a href="https://twitter.com/bernatpicornell" target="_blank">bernatpicornell</a>	0	4	0					119
@bernirusi	<a href="https://twitter.com/bernirusi" target="_blank">bernirusi</a>	0	1	0					390
@berta_g_d	<a href="https://twitter.com/berta_g_d" target="_blank">berta_g_d</a>	2	2	0	226	281	2701	Girona, Sabadell, Molló	283
@BertaCasarramon	<a href="https://twitter.com/BertaCasarramon" target="_blank">BertaCasarramon</a>	5	0	1	1322	1673	33255	Barri de Gràcia. Sabadell	003
@BertaFaro1	<a href="https://twitter.com/BertaFaro1" target="_blank">BertaFaro1</a>	33	0	1	94	59	5964		026
@bertamontanerfa	<a href="https://twitter.com/bertamontanerfa" target="_blank">bertamontanerfa</a>	2	0	1	880	2140	23237	Igualada	247
@BertaRierolaC	<a href="https://twitter.com/BertaRierolaC" target="_blank">BertaRierolaC</a>	1	0	1	779	824	7606	Osona, Països Catalans	012
@BertaSBD	<a href="https://twitter.com/BertaSBD" target="_blank">BertaSBD</a>	4	0	1	67	243	2091		014
@bertfont	<a href="https://twitter.com/bertfont" target="_blank">bertfont</a>	2	0	1	24	71	3363		198
@BerthaBaulies	<a href="https://twitter.com/BerthaBaulies" target="_blank">BerthaBaulies</a>	3	0	1	16	197	184		002
@Bestemundubat1	<a href="https://twitter.com/Bestemundubat1" target="_blank">Bestemundubat1</a>	2	0	1	310	523	5211		026
@Betfloreta	<a href="https://twitter.com/Betfloreta" target="_blank">Betfloreta</a>	1	0	1	123	527	2274		015
@Betisalcala	<a href="https://twitter.com/Betisalcala" target="_blank">Betisalcala</a>	1	0	1	56	58	325		457
@BetlemCBel	<a href="https://twitter.com/BetlemCBel" target="_blank">BetlemCBel</a>	3	0	1	506	505	2089		137
@Betlemgar1	<a href="https://twitter.com/Betlemgar1" target="_blank">Betlemgar1</a>	2	0	1	110	703	612	Catalunya	003
@Betsapo	<a href="https://twitter.com/Betsapo" target="_blank">Betsapo</a>	5	0	1	4	37	1342		014
@bette_noir__	<a href="https://twitter.com/bette_noir__" target="_blank">bette_noir__</a>	8	0	1	1405	3069	90730		011
@Bettyfeministe	<a href="https://twitter.com/Bettyfeministe" target="_blank">Bettyfeministe</a>	1	0	1	1500	907	38086	Entre Bilbao y Madrid	192
@Beyonded	<a href="https://twitter.com/Beyonded" target="_blank">Beyonded</a>	4	0	2	414	1659	10174	Barcelona	048
@bgilnavarri	<a href="https://twitter.com/bgilnavarri" target="_blank">bgilnavarri</a>	1	0	1	128	292	954	En casa de Pau y Jaume	014
@biblioaprenent	<a href="https://twitter.com/biblioaprenent" target="_blank">biblioaprenent</a>	42	0	3	333	261	13156	catalunya	034
@Bici_Solidaria	<a href="https://twitter.com/Bici_Solidaria" target="_blank">Bici_Solidaria</a>	3	0	1	4385	5001	31192	España	003
@bicibona	<a href="https://twitter.com/bicibona" target="_blank">bicibona</a>	6	2	0	235	516	17730		080
@BidalVidal	<a href="https://twitter.com/BidalVidal" target="_blank">BidalVidal</a>	7	0	1	258	265	11753	Catalunya	012
@BielSegui	<a href="https://twitter.com/BielSegui" target="_blank">BielSegui</a>	15	0	1	1624	1227	32344	Mallorca	014
@Biflats	<a href="https://twitter.com/Biflats" target="_blank">Biflats</a>	0	3	0					239
@BigWorld5	<a href="https://twitter.com/BigWorld5" target="_blank">BigWorld5</a>	4	0	3	849	838	7516	Barcelona	048
@bimbacadaques	<a href="https://twitter.com/bimbacadaques" target="_blank">bimbacadaques</a>	7	0	1	1910	726	12754	Cadaqués, Catalunya	034
@binksjarjar	<a href="https://twitter.com/binksjarjar" target="_blank">binksjarjar</a>	2	0	1	54	224	478		003
@BioMaresme	<a href="https://twitter.com/BioMaresme" target="_blank">BioMaresme</a>	7	0	1	1353	2415	11840	Catalunya	002
@Biorebeca	<a href="https://twitter.com/Biorebeca" target="_blank">Biorebeca</a>	36	0	1	418	513	17634		138
@BistroDelmarva	<a href="https://twitter.com/BistroDelmarva" target="_blank">BistroDelmarva</a>	6	0	1	1325	538	27301	A les Cassoles de Sant Gervasi	165
@bitajr	<a href="https://twitter.com/bitajr" target="_blank">bitajr</a>	5	0	1	698	829	26372	el garraf	014
@Bitelman	<a href="https://twitter.com/Bitelman" target="_blank">Bitelman</a>	1	0	1	718	1214	25984	Santianes-StCugat-Rubí-Korneyà	003
@bitforllot	<a href="https://twitter.com/bitforllot" target="_blank">bitforllot</a>	6	0	1	104	313	10006		177
@blackletter98	<a href="https://twitter.com/blackletter98" target="_blank">blackletter98</a>	5	0	2	4057	2419	56909	España	059
@BlackSpartak	<a href="https://twitter.com/BlackSpartak" target="_blank">BlackSpartak</a>	4	0	1	1170	495	18942	BCN	132
@blairodriguez	<a href="https://twitter.com/blairodriguez" target="_blank">blairodriguez</a>	37	0	1	3676	1413	22381	els encants. barna.	003
@BlanquiGlori	<a href="https://twitter.com/BlanquiGlori" target="_blank">BlanquiGlori</a>	6	0	1	14	20	2756	Barcelona, Catalunya	023
@BlasiFerran	<a href="https://twitter.com/BlasiFerran" target="_blank">BlasiFerran</a>	1	0	1	14	125	754		003
@blau_fosc	<a href="https://twitter.com/blau_fosc" target="_blank">blau_fosc</a>	2	0	1	339	688	1097	Inside organic mass	014
@blauvermell	<a href="https://twitter.com/blauvermell" target="_blank">blauvermell</a>	2	0	1	81	231	983		505
@BlazquezJordi	<a href="https://twitter.com/BlazquezJordi" target="_blank">BlazquezJordi</a>	2	0	1	18	227	1340	Cataluña, Alella	015
@BlazquezMJ	<a href="https://twitter.com/BlazquezMJ" target="_blank">BlazquezMJ</a>	3	0	1	76	228	1798		006
@BleyMunoz	<a href="https://twitter.com/BleyMunoz" target="_blank">BleyMunoz</a>	13	0	4	3	50	572	Barcelona, Catalunya	174
@Blindonion2O	<a href="https://twitter.com/Blindonion2O" target="_blank">Blindonion2O</a>	20	0	2	398	969	6037	Onionland	014
@BloodAndVictory	<a href="https://twitter.com/BloodAndVictory" target="_blank">BloodAndVictory</a>	1	0	1	67	472	10700	❤8-10-16❤11-30-15❤	169
@blozar	<a href="https://twitter.com/blozar" target="_blank">blozar</a>	4	1	0	59	247	4518	Catalunya	046
@BlueForecast	<a href="https://twitter.com/BlueForecast" target="_blank">BlueForecast</a>	2	0	1	107	176	3258	Espinya	131
@bocabadat	<a href="https://twitter.com/bocabadat" target="_blank">bocabadat</a>	3	0	1	36	156	4160		293
@BOIXEDAMUM	<a href="https://twitter.com/BOIXEDAMUM" target="_blank">BOIXEDAMUM</a>	7	0	1	26	146	3679		034
@BoletusEdulius	<a href="https://twitter.com/BoletusEdulius" target="_blank">BoletusEdulius</a>	15	0	1	3904	4555	201221	A Coruña, Galiza	011
@boltxe	<a href="https://twitter.com/boltxe" target="_blank">boltxe</a>	7	0	2	1717	192	4170	Euskal Herria	035
@bombersfigueres	<a href="https://twitter.com/bombersfigueres" target="_blank">bombersfigueres</a>	4	1	1	712	793	2114	Parc de Bombers de Figueres	152
@bombersvlrd	<a href="https://twitter.com/bombersvlrd" target="_blank">bombersvlrd</a>	1	3	0	996	724	294	Catalunya (Tgn - Alt Camp)	029
@BomNal95	<a href="https://twitter.com/BomNal95" target="_blank">BomNal95</a>	2	0	1	193	214	17515	King's Landing	004
@Bon_Nadal	<a href="https://twitter.com/Bon_Nadal" target="_blank">Bon_Nadal</a>	4	0	1	283	395	9821	Gràcia, Barcelona, Catalunya	120
@BondSexbond	<a href="https://twitter.com/BondSexbond" target="_blank">BondSexbond</a>	2	0	1	233	947	21516	MiSeX, Londres	003
@BonsHomes	<a href="https://twitter.com/BonsHomes" target="_blank">BonsHomes</a>	3	0	1	367	1106	3191		099
@Boredma	<a href="https://twitter.com/Boredma" target="_blank">Boredma</a>	4	0	2	33	120	2335		014
@bori_not	<a href="https://twitter.com/bori_not" target="_blank">bori_not</a>	9	1	0	1905	628	82627	Països Catalans	014
@borino_ros	<a href="https://twitter.com/borino_ros" target="_blank">borino_ros</a>	2	0	2	54	68	1601		036
@Boro_LH	<a href="https://twitter.com/Boro_LH" target="_blank">Boro_LH</a>	21	0	1	2172	1429	11593	Iruñea	014
@borrascarol	<a href="https://twitter.com/borrascarol" target="_blank">borrascarol</a>	1	0	1	176	601	5578		422
@BorrsMarc	<a href="https://twitter.com/BorrsMarc" target="_blank">BorrsMarc</a>	3	0	1	92	186	1581		049
@Bosch_79	<a href="https://twitter.com/Bosch_79" target="_blank">Bosch_79</a>	1	0	1	3	15	383		012
@bosch_llado	<a href="https://twitter.com/bosch_llado" target="_blank">bosch_llado</a>	2	0	1	9	185	46		004
@BoschArseni	<a href="https://twitter.com/BoschArseni" target="_blank">BoschArseni</a>	2	0	1	140	261	1588		003
@bosgosu1159	<a href="https://twitter.com/bosgosu1159" target="_blank">bosgosu1159</a>	2	0	1	328	310	11875		021
@bou_josep	<a href="https://twitter.com/bou_josep" target="_blank">bou_josep</a>	5	0	2	571	1528	12004		134
@bou_ricard	<a href="https://twitter.com/bou_ricard" target="_blank">bou_ricard</a>	17	0	3	110	101	5718	Girona	003
@boumariajosep	<a href="https://twitter.com/boumariajosep" target="_blank">boumariajosep</a>	4	0	1	13	155	1676		020
@BPM97	<a href="https://twitter.com/BPM97" target="_blank">BPM97</a>	1	0	1	41	154	49	Mataró, Països Catalans	003
@bpt7380	<a href="https://twitter.com/bpt7380" target="_blank">bpt7380</a>	8	0	1	22	120	2356	Catalunya	003
@BRecolons	<a href="https://twitter.com/BRecolons" target="_blank">BRecolons</a>	1	0	1	160	471	383	Barcelona	174
@breumarta	<a href="https://twitter.com/breumarta" target="_blank">breumarta</a>	1	1	0	171	355	1004	Barcelona	369
@bridetheprinces	<a href="https://twitter.com/bridetheprinces" target="_blank">bridetheprinces</a>	3	0	1	201	614	842		003
@briefriend	<a href="https://twitter.com/briefriend" target="_blank">briefriend</a>	5	0	2	191	286	1976	Vanished off  face of Earth	026
@BroggiElisa	<a href="https://twitter.com/BroggiElisa" target="_blank">BroggiElisa</a>	30	0	3	2870	2795	187343	Now, between l'Escala and BCN.	140
@BruguesAlba	<a href="https://twitter.com/BruguesAlba" target="_blank">BruguesAlba</a>	3	0	1	454	51	2876		004
@bruixox	<a href="https://twitter.com/bruixox" target="_blank">bruixox</a>	7	0	1	362	717	5547	Catalunya	014
@BruixTanit	<a href="https://twitter.com/BruixTanit" target="_blank">BruixTanit</a>	10	0	2	178	483	5866	Bothell, WA	007
@BRUJITA54	<a href="https://twitter.com/BRUJITA54" target="_blank">BRUJITA54</a>	1	0	1	1838	1561	79773	Vitoria-Gasteiz	059
@brunilauer	<a href="https://twitter.com/brunilauer" target="_blank">brunilauer</a>	2	0	1	45	46	1898	Catalunya	448
@Bruno_Yamek	<a href="https://twitter.com/Bruno_Yamek" target="_blank">Bruno_Yamek</a>	9	0	1	10	43	2423		034
@bsilanes	<a href="https://twitter.com/bsilanes" target="_blank">bsilanes</a>	18	1	0	2544	2263	67518	Catalunya	043
@buelbir	<a href="https://twitter.com/buelbir" target="_blank">buelbir</a>	17	0	2	335	154	24645		124
@BuenIsabel	<a href="https://twitter.com/BuenIsabel" target="_blank">BuenIsabel</a>	3	0	1	477	725	10263		005
@bugambilla26	<a href="https://twitter.com/bugambilla26" target="_blank">bugambilla26</a>	1	0	1	7902	6451	202335		205
@buixets	<a href="https://twitter.com/buixets" target="_blank">buixets</a>	2	0	2	25	62	62		026
@BuscaIsabel	<a href="https://twitter.com/BuscaIsabel" target="_blank">BuscaIsabel</a>	3	0	1	21	78	860		003
@buxi1972	<a href="https://twitter.com/buxi1972" target="_blank">buxi1972</a>	8	0	1	99	114	3422	Arrelada a la Vall del Ges.	026
@bvilaplanas	<a href="https://twitter.com/bvilaplanas" target="_blank">bvilaplanas</a>	5	0	1	16	146	1181	Barcelona, Catalunya	003
@c_albiol	<a href="https://twitter.com/c_albiol" target="_blank">c_albiol</a>	1	0	1	17	50	389		003
@c_fugada	<a href="https://twitter.com/c_fugada" target="_blank">c_fugada</a>	1	0	1	49	380	51		003
@C_TTME	<a href="https://twitter.com/C_TTME" target="_blank">C_TTME</a>	15	0	1	5	60	1982		004
@c17e1841a9a44c5	<a href="https://twitter.com/c17e1841a9a44c5" target="_blank">c17e1841a9a44c5</a>	2	0	2	0	36	86		003
@c9muntane	<a href="https://twitter.com/c9muntane" target="_blank">c9muntane</a>	12	0	1	111	258	8767		394
@ca_ro_ma	<a href="https://twitter.com/ca_ro_ma" target="_blank">ca_ro_ma</a>	3	1	1	1855	1913	36085	Catalunya	145
@cabarrau	<a href="https://twitter.com/cabarrau" target="_blank">cabarrau</a>	1	0	1	75	165	3550		169
@cabernicola69	<a href="https://twitter.com/cabernicola69" target="_blank">cabernicola69</a>	6	4	2	74	125	1499		003
@cabos_j	<a href="https://twitter.com/cabos_j" target="_blank">cabos_j</a>	2	0	1	13	151	386		006
@CabreraDori	<a href="https://twitter.com/CabreraDori" target="_blank">CabreraDori</a>	1	0	1	2496	2299	54332	ARABA EUSKADI	059
@CADCI	<a href="https://twitter.com/CADCI" target="_blank">CADCI</a>	16	114	4	3233	1893	28503	Rambla Santa Mònica, Barcelona	014
@CadenaPepo	<a href="https://twitter.com/CadenaPepo" target="_blank">CadenaPepo</a>	4	0	2	96	130	4109		130
@caeterascripta	<a href="https://twitter.com/caeterascripta" target="_blank">caeterascripta</a>	1	0	1	40	268	5711	Andorra	009
@cafeoleman	<a href="https://twitter.com/cafeoleman" target="_blank">cafeoleman</a>	8	0	2	73	273	4113	Catalunya	048
@caimo99	<a href="https://twitter.com/caimo99" target="_blank">caimo99</a>	1	0	1	25	235	365	Barcelona (Catalunya)	003
@CALALEIX	<a href="https://twitter.com/CALALEIX" target="_blank">CALALEIX</a>	2	0	1	17	116	383		003
@CalamityDjon	<a href="https://twitter.com/CalamityDjon" target="_blank">CalamityDjon</a>	6	4	0	1986	1921	25545	En viatge interstel·lar.	009
@Calderera	<a href="https://twitter.com/Calderera" target="_blank">Calderera</a>	5	0	1	100	384	4076		003
@CalDirHo	<a href="https://twitter.com/CalDirHo" target="_blank">CalDirHo</a>	1	3	0	6764	805	48046	Manresa, Països Catalans	076
@CALICA78	<a href="https://twitter.com/CALICA78" target="_blank">CALICA78</a>	8	0	2	295	891	20833	CATALUNYA	014
@CalNanu	<a href="https://twitter.com/CalNanu" target="_blank">CalNanu</a>	2	0	1	457	675	1348	Sant Feliu de Guíxols, Catalunya	528
@caloba83	<a href="https://twitter.com/caloba83" target="_blank">caloba83</a>	0	3	0					240
@calsojorn10	<a href="https://twitter.com/calsojorn10" target="_blank">calsojorn10</a>	26	0	1	647	290	203284		018
@CAlternativesV	<a href="https://twitter.com/CAlternativesV" target="_blank">CAlternativesV</a>	1	0	1	1182	568	2451	Vallès Occidental	248
@CalTolla	<a href="https://twitter.com/CalTolla" target="_blank">CalTolla</a>	15	0	4	2781	2310	85386	Catalunya	014
@CalvoVerges	<a href="https://twitter.com/CalvoVerges" target="_blank">CalvoVerges</a>	2	0	1	127	586	901		034
@CamaradaAlvaro_	<a href="https://twitter.com/CamaradaAlvaro_" target="_blank">CamaradaAlvaro_</a>	1	0	1	555	791	24651	Segovia (Castilla)	192
@camelinsTram212	<a href="https://twitter.com/camelinsTram212" target="_blank">camelinsTram212</a>	11	0	2	98	55	9708	On sigui, però ben lluny ben l	013
@camero_morales	<a href="https://twitter.com/camero_morales" target="_blank">camero_morales</a>	6	0	1	110	145	10017		157
@CaminsJ	<a href="https://twitter.com/CaminsJ" target="_blank">CaminsJ</a>	9	1	0	109	245	5452	Repùblica Catalana UE	527
@campadavid	<a href="https://twitter.com/campadavid" target="_blank">campadavid</a>	4	0	1	733	1046	30791	Roses	015
@campmanyjoan	<a href="https://twitter.com/campmanyjoan" target="_blank">campmanyjoan</a>	1	0	1	145	776	147		354
@CamprubiGuillem	<a href="https://twitter.com/CamprubiGuillem" target="_blank">CamprubiGuillem</a>	1	0	1	172	667	3302	Al cor de Catalunya	006
@canadianwishes	<a href="https://twitter.com/canadianwishes" target="_blank">canadianwishes</a>	2	0	1	1997	2267	32065	Torredembarra, Catalunya	169
@CanalAjuntament	<a href="https://twitter.com/CanalAjuntament" target="_blank">CanalAjuntament</a>	13	0	2	8927	4141	45228	Catalunya	013
@canalpau	<a href="https://twitter.com/canalpau" target="_blank">canalpau</a>	1	0	1	79	194	1533		017
@canas_xavier	<a href="https://twitter.com/canas_xavier" target="_blank">canas_xavier</a>	1	0	1	7	38	234		006
@cancapablanca	<a href="https://twitter.com/cancapablanca" target="_blank">cancapablanca</a>	0	2	0					092
@CanCat2007	<a href="https://twitter.com/CanCat2007" target="_blank">CanCat2007</a>	13	0	2	490	1527	22467	Manresa (Catalunya)	014
@Candeliano	<a href="https://twitter.com/Candeliano" target="_blank">Candeliano</a>	0	938	0					003
@candireyes	<a href="https://twitter.com/candireyes" target="_blank">candireyes</a>	3	0	1	246	711	2814	colònia güell, S. Coloma de C.	103
@CanoAbogado	<a href="https://twitter.com/CanoAbogado" target="_blank">CanoAbogado</a>	11	0	2	1995	220	56798	Barcelona, España	134
@canricart	<a href="https://twitter.com/canricart" target="_blank">canricart</a>	31	0	1	600	511	14383	poblenou (barcelona)	009
@CantadoLeo	<a href="https://twitter.com/CantadoLeo" target="_blank">CantadoLeo</a>	1	0	1	6	1	17		188
@cantavest	<a href="https://twitter.com/cantavest" target="_blank">cantavest</a>	2	0	1	645	435	41049	Cambridge UK / Valencian Land	018
@cantooo95	<a href="https://twitter.com/cantooo95" target="_blank">cantooo95</a>	2	0	1	196	289	2224	Catalunya	102
@CanviemSalt	<a href="https://twitter.com/CanviemSalt" target="_blank">CanviemSalt</a>	2	0	1	219	175	434		065
@canxanet	<a href="https://twitter.com/canxanet" target="_blank">canxanet</a>	5	0	1	230	1164	2852	Catalunya	003
@caparrosita	<a href="https://twitter.com/caparrosita" target="_blank">caparrosita</a>	1	0	1	7	23	204		010
@capde	<a href="https://twitter.com/capde" target="_blank">capde</a>	2	0	1	290	428	10039	Barcelona	047
@capdepremsa	<a href="https://twitter.com/capdepremsa" target="_blank">capdepremsa</a>	10	0	3	2173	3015	7330	Catalunya	013
@capdesuro	<a href="https://twitter.com/capdesuro" target="_blank">capdesuro</a>	38	0	7	263	722	17319	Catalonia	014
@Capdevila1Nuria	<a href="https://twitter.com/Capdevila1Nuria" target="_blank">Capdevila1Nuria</a>	3	0	1	95	149	6306		026
@capdevilajoan	<a href="https://twitter.com/capdevilajoan" target="_blank">capdevilajoan</a>	13	93	1	5287	4424	45454	Martorell, Catalunya	174
@CapdevilaMorro	<a href="https://twitter.com/CapdevilaMorro" target="_blank">CapdevilaMorro</a>	3	0	1	147	412	462	Barcelona	197
@Caperutxa79	<a href="https://twitter.com/Caperutxa79" target="_blank">Caperutxa79</a>	1	0	1	263	1276	4294	Entre Gràcia i Guinardó	214
@Caperuzotaroja	<a href="https://twitter.com/Caperuzotaroja" target="_blank">Caperuzotaroja</a>	16	0	3	14	33	722		006
@capipota	<a href="https://twitter.com/capipota" target="_blank">capipota</a>	7	0	1	2040	2050	46920	Catalunya	019
@CapitaCuc	<a href="https://twitter.com/CapitaCuc" target="_blank">CapitaCuc</a>	6	0	1	22	150	1023		006
@capitadhoc	<a href="https://twitter.com/capitadhoc" target="_blank">capitadhoc</a>	7	0	1	293	768	14451	Barcelona	003
@CapitaFigatell	<a href="https://twitter.com/CapitaFigatell" target="_blank">CapitaFigatell</a>	7	0	1	315	829	13325		003
@capitalfobia	<a href="https://twitter.com/capitalfobia" target="_blank">capitalfobia</a>	3	0	1	418	429	8186		191
@CapitIndependn1	<a href="https://twitter.com/CapitIndependn1" target="_blank">CapitIndependn1</a>	3	0	1	32	220	533	Barcelona, Cataluña	006
@CaputxetaIndy	<a href="https://twitter.com/CaputxetaIndy" target="_blank">CaputxetaIndy</a>	8	0	1	95	211	3879	Catalunya	014
@car_gar_cadiz	<a href="https://twitter.com/car_gar_cadiz" target="_blank">car_gar_cadiz</a>	7	0	1	129	292	707	Barcelona	026
@car_soba	<a href="https://twitter.com/car_soba" target="_blank">car_soba</a>	5	0	1	123	482	7105		014
@carabellido	<a href="https://twitter.com/carabellido" target="_blank">carabellido</a>	3	0	1	256	281	1783	Salt Gironès	443
@caragirat	<a href="https://twitter.com/caragirat" target="_blank">caragirat</a>	5	1	1	2306	1890	55587	BARCELONA - Catalunya	003
@Caraguardia	<a href="https://twitter.com/Caraguardia" target="_blank">Caraguardia</a>	1	0	1	45	175	1766	Republica.	003
@Caraiulls	<a href="https://twitter.com/Caraiulls" target="_blank">Caraiulls</a>	1	0	1	63	266	306		010
@Carbo_j	<a href="https://twitter.com/Carbo_j" target="_blank">Carbo_j</a>	17	0	1	1128	2277	60406	Europa	014
@Carbo1973	<a href="https://twitter.com/Carbo1973" target="_blank">Carbo1973</a>	7	0	1	442	560	39137	Sabadell	188
@Carbomata	<a href="https://twitter.com/Carbomata" target="_blank">Carbomata</a>	1	0	1	384	1065	4157	Catalunya	102
@carcaixells	<a href="https://twitter.com/carcaixells" target="_blank">carcaixells</a>	5	0	1	440	1605	4143	BCN Països Catalans	204
@CardenerCat	<a href="https://twitter.com/CardenerCat" target="_blank">CardenerCat</a>	4	0	1	99	248	1306		015
@CarlaGorina	<a href="https://twitter.com/CarlaGorina" target="_blank">CarlaGorina</a>	1	0	1	141	426	712	Terrassa, Barcelona	030
@CarlaMasFont	<a href="https://twitter.com/CarlaMasFont" target="_blank">CarlaMasFont</a>	1	0	1	136	120	5409	Vilassar de Mar. Barcelona	462
@Carles_Badia	<a href="https://twitter.com/Carles_Badia" target="_blank">Carles_Badia</a>	7	0	2	102	288	3435		047
@carles_cotta	<a href="https://twitter.com/carles_cotta" target="_blank">carles_cotta</a>	2	0	1	973	911	7008	Figueres, CATALONIA	363
@Carles_SF	<a href="https://twitter.com/Carles_SF" target="_blank">Carles_SF</a>	2	0	1	180	768	1903	Sant Fost de Campsentelles	217
@Carles871	<a href="https://twitter.com/Carles871" target="_blank">Carles871</a>	3	0	1	32	149	1064		025
@carlesarmengol	<a href="https://twitter.com/carlesarmengol" target="_blank">carlesarmengol</a>	8	0	1	3361	2986	57606		174
@carlesbou	<a href="https://twitter.com/carlesbou" target="_blank">carlesbou</a>	6	0	1	195	290	4670	bescano	342
@Carlesbruf	<a href="https://twitter.com/Carlesbruf" target="_blank">Carlesbruf</a>	11	0	3	2422	2010	11083	Catalunya	140
@CarlesCama	<a href="https://twitter.com/CarlesCama" target="_blank">CarlesCama</a>	9	0	1	481	791	17041	Vilassar de Dalt, Maresme,BCN.	003
@carlesdomingo	<a href="https://twitter.com/carlesdomingo" target="_blank">carlesdomingo</a>	1	3	0	316	112	1617	barcelona	017
@Carlesescario	<a href="https://twitter.com/Carlesescario" target="_blank">Carlesescario</a>	28	0	2	354	330	37892		003
@CarlesFerres	<a href="https://twitter.com/CarlesFerres" target="_blank">CarlesFerres</a>	1	0	1	201	1197	2164		003
@carlesguillem	<a href="https://twitter.com/carlesguillem" target="_blank">carlesguillem</a>	1	0	1	86	52	5887	Barcelona	015
@carlesigemma	<a href="https://twitter.com/carlesigemma" target="_blank">carlesigemma</a>	2	2	1	557	855	10952	Sant Joan de les Abadesses	044
@CarlesKarl	<a href="https://twitter.com/CarlesKarl" target="_blank">CarlesKarl</a>	1	0	1	18	98	551	Bcn	003
@CarlesLopezN	<a href="https://twitter.com/CarlesLopezN" target="_blank">CarlesLopezN</a>	3	0	2	79	93	2225	Esparreguera	021
@carlesluz	<a href="https://twitter.com/carlesluz" target="_blank">carlesluz</a>	0	4	0					226
@carlesm	<a href="https://twitter.com/carlesm" target="_blank">carlesm</a>	6	0	1	906	780	18409	Lleida, Catalunya	189
@carlesmotas	<a href="https://twitter.com/carlesmotas" target="_blank">carlesmotas</a>	1	1	0	873	662	4012	Sant Feliu de Guixols	488
@carlesmu	<a href="https://twitter.com/carlesmu" target="_blank">carlesmu</a>	1	0	1	56	98	646	Sant Adrià de Besòs, Catalonia	243
@CarlesMundo	<a href="https://twitter.com/CarlesMundo" target="_blank">CarlesMundo</a>	1	18	0	15715	834	7987	Catalunya	023
@carlespamies	<a href="https://twitter.com/carlespamies" target="_blank">carlespamies</a>	26	0	4	1178	1103	86670	Castellví d la Marca Catalunya	007
@carlespratscot	<a href="https://twitter.com/carlespratscot" target="_blank">carlespratscot</a>	1	0	1	671	450	1472		017
@carlesrgm	<a href="https://twitter.com/carlesrgm" target="_blank">carlesrgm</a>	4	0	1	1430	183	40558	Brisbane, Queensland	382
@CarlesSueiras	<a href="https://twitter.com/CarlesSueiras" target="_blank">CarlesSueiras</a>	30	0	4	211	114	44854	Catalunya	014
@CARLESTECLA	<a href="https://twitter.com/CARLESTECLA" target="_blank">CARLESTECLA</a>	4	0	1	938	485	12464	Tarragona	020
@carlesvega	<a href="https://twitter.com/carlesvega" target="_blank">carlesvega</a>	3	0	1	2291	1911	8142	Lleida (Catalunya)	374
@Carlitcat29211	<a href="https://twitter.com/Carlitcat29211" target="_blank">Carlitcat29211</a>	4	0	1	11	46	1863		010
@carlos_1377	<a href="https://twitter.com/carlos_1377" target="_blank">carlos_1377</a>	2	0	1	2647	2639	34130		165
@carlosl27	<a href="https://twitter.com/carlosl27" target="_blank">carlosl27</a>	1	0	1	37	222	323	Catalonia	003
@carlossola82	<a href="https://twitter.com/carlossola82" target="_blank">carlossola82</a>	2	0	1	488	2148	17697	C-32	003
@carmah25	<a href="https://twitter.com/carmah25" target="_blank">carmah25</a>	0	1	0					039
@carme_auge	<a href="https://twitter.com/carme_auge" target="_blank">carme_auge</a>	7	0	2	6	13	591		110
@carme_corominas	<a href="https://twitter.com/carme_corominas" target="_blank">carme_corominas</a>	14	0	1	11	25	3319		174
@carme_gatvell	<a href="https://twitter.com/carme_gatvell" target="_blank">carme_gatvell</a>	1	0	1	48	150	119		017
@carme1960	<a href="https://twitter.com/carme1960" target="_blank">carme1960</a>	1	0	1	123	364	2782	El Palau	021
@CARME3773	<a href="https://twitter.com/CARME3773" target="_blank">CARME3773</a>	3	0	1	132	326	15125		165
@carmealoy	<a href="https://twitter.com/carmealoy" target="_blank">carmealoy</a>	11	0	2	215	698	5658	Sant Cugat Vallès & La Segarra	169
@carmebarril	<a href="https://twitter.com/carmebarril" target="_blank">carmebarril</a>	2	0	1	179	206	771		409
@carmegar1	<a href="https://twitter.com/carmegar1" target="_blank">carmegar1</a>	2	0	1	78	146	2439		134
@CarmeMartiCanti	<a href="https://twitter.com/CarmeMartiCanti" target="_blank">CarmeMartiCanti</a>	1	6	0	53	267	34		008
@carmemascarell	<a href="https://twitter.com/carmemascarell" target="_blank">carmemascarell</a>	7	0	1	664	554	43594		017
@CarmenLP1974	<a href="https://twitter.com/CarmenLP1974" target="_blank">CarmenLP1974</a>	3	0	1	1669	1068	7408	Las Palmas de Gran Canaria	003
@CarmenOmaaGil11	<a href="https://twitter.com/CarmenOmaaGil11" target="_blank">CarmenOmaaGil11</a>	1	0	1	282	1575	50724		243
@carmepamies	<a href="https://twitter.com/carmepamies" target="_blank">carmepamies</a>	1	0	1	130	315	1222	Catalunya	319
@CarmePiferrer	<a href="https://twitter.com/CarmePiferrer" target="_blank">CarmePiferrer</a>	1	0	1	1287	3679	11667	Vilassar de Dalt	036
@CarmePlanes	<a href="https://twitter.com/CarmePlanes" target="_blank">CarmePlanes</a>	1	0	1	296	1300	2382	Terrassa	102
@carmepollina	<a href="https://twitter.com/carmepollina" target="_blank">carmepollina</a>	17	0	3	501	488	5071	Barcelona (Spain)	026
@CarmePorta	<a href="https://twitter.com/CarmePorta" target="_blank">CarmePorta</a>	1	2	1	2427	2515	12500		186
@carmerosanas	<a href="https://twitter.com/carmerosanas" target="_blank">carmerosanas</a>	4	0	1	439	642	16783	Catalunya	172
@carmeroviraial1	<a href="https://twitter.com/carmeroviraial1" target="_blank">carmeroviraial1</a>	3	0	1	90	63	1848		003
@CarmeSaorin	<a href="https://twitter.com/CarmeSaorin" target="_blank">CarmeSaorin</a>	6	0	1	134	501	1032	Barcelona	009
@carmetagr	<a href="https://twitter.com/carmetagr" target="_blank">carmetagr</a>	6	0	1	69	285	4170		521
@carmetomas2	<a href="https://twitter.com/carmetomas2" target="_blank">carmetomas2</a>	5	0	2	271	795	13035	Masquefa (Anoia) CATALUNYA	007
@CarmeVilaC	<a href="https://twitter.com/CarmeVilaC" target="_blank">CarmeVilaC</a>	4	0	1	307	512	19398		001
@carneisabel	<a href="https://twitter.com/carneisabel" target="_blank">carneisabel</a>	8	0	3	1617	2904	62129	Catalunya. Catalonia. EU.	004
@carnussos	<a href="https://twitter.com/carnussos" target="_blank">carnussos</a>	3	0	1	67	261	6458		174
@carol_nadalb	<a href="https://twitter.com/carol_nadalb" target="_blank">carol_nadalb</a>	2	0	1	113	413	1546	Catalunya	207
@carolinabalmes	<a href="https://twitter.com/carolinabalmes" target="_blank">carolinabalmes</a>	34	0	3	628	1357	24553		014
@carolmariadigo	<a href="https://twitter.com/carolmariadigo" target="_blank">carolmariadigo</a>	1	0	1	10	28	797		003
@carpetoyveton	<a href="https://twitter.com/carpetoyveton" target="_blank">carpetoyveton</a>	1	0	1	659	324	28701	Castissa i rància.	200
@carquinyoli2	<a href="https://twitter.com/carquinyoli2" target="_blank">carquinyoli2</a>	3	0	1	1164	1833	24046	Vacarisses (V.Occ.) CATALUNYA	007
@CarrascoLali	<a href="https://twitter.com/CarrascoLali" target="_blank">CarrascoLali</a>	10	0	2	1643	2132	43586		007
@CarreJosep	<a href="https://twitter.com/CarreJosep" target="_blank">CarreJosep</a>	11	0	1	6340	6494	83213	DUI al PROGRAMA i a jugar...	003
@carsomni	<a href="https://twitter.com/carsomni" target="_blank">carsomni</a>	7	0	1	104	88	6885	Catalunya	025
@carvical24	<a href="https://twitter.com/carvical24" target="_blank">carvical24</a>	13	0	1	43	137	5825		003
@casadevall_m	<a href="https://twitter.com/casadevall_m" target="_blank">casadevall_m</a>	6	0	1	23	85	3648		248
@CasajuanaM	<a href="https://twitter.com/CasajuanaM" target="_blank">CasajuanaM</a>	8	0	3	332	119	50374		168
@casals_carme	<a href="https://twitter.com/casals_carme" target="_blank">casals_carme</a>	1	0	1	554	893	20568		014
@casamadavalls	<a href="https://twitter.com/casamadavalls" target="_blank">casamadavalls</a>	27	0	1	129	310	16150		157
@Casanovas1994	<a href="https://twitter.com/Casanovas1994" target="_blank">Casanovas1994</a>	22	0	7	2250	2007	97164		004
@casaxus	<a href="https://twitter.com/casaxus" target="_blank">casaxus</a>	39	0	7	428	1582	97613	aquimateix	004
@casserrenca	<a href="https://twitter.com/casserrenca" target="_blank">casserrenca</a>	1	0	1	5	37	105	Catalunya, Espanya	003
@Castigador1714	<a href="https://twitter.com/Castigador1714" target="_blank">Castigador1714</a>	3	0	1	23	129	1440		006
@CAT_2017_INDEPE	<a href="https://twitter.com/CAT_2017_INDEPE" target="_blank">CAT_2017_INDEPE</a>	11	0	3	6719	6507	23147		004
@cat_endavant	<a href="https://twitter.com/cat_endavant" target="_blank">cat_endavant</a>	0	1	0					301
@cat_fcat	<a href="https://twitter.com/cat_fcat" target="_blank">cat_fcat</a>	1	0	1	5	34	458		014
@cat_masu	<a href="https://twitter.com/cat_masu" target="_blank">cat_masu</a>	3	0	1	560	739	19883	Wisconsyn de Dalt	003
@cat_non_stop	<a href="https://twitter.com/cat_non_stop" target="_blank">cat_non_stop</a>	9	0	1	1471	1698	10260	Sabadell, Països Catalans	014
@Catactiva	<a href="https://twitter.com/Catactiva" target="_blank">Catactiva</a>	2	0	1	526	874	10298	#Bonicnoupaísqueneixdelvot Bcn	019
@cataladelsud	<a href="https://twitter.com/cataladelsud" target="_blank">cataladelsud</a>	73	0	4	1154	1886	9980	La Plana, Països Catalans	133
@catalaMaulet	<a href="https://twitter.com/catalaMaulet" target="_blank">catalaMaulet</a>	10	0	1	2668	2877	89556	Camp del Arpa	014
@catalanensis	<a href="https://twitter.com/catalanensis" target="_blank">catalanensis</a>	16	0	2	189	199	15381	CATALÁ. MATARONÍ.CULÉ    II*II	163
@catalanetguai	<a href="https://twitter.com/catalanetguai" target="_blank">catalanetguai</a>	0	5	0					220
@CatalanRobot	<a href="https://twitter.com/CatalanRobot" target="_blank">CatalanRobot</a>	54	0	3	239	1	22090	Catalonia	033
@catalanyquepasa	<a href="https://twitter.com/catalanyquepasa" target="_blank">catalanyquepasa</a>	7	0	3	1457	3825	35121	Andorra	014
@catalciara	<a href="https://twitter.com/catalciara" target="_blank">catalciara</a>	5	0	1	454	864	11782	Barcelona, Catalunya	003
@CatalGlria	<a href="https://twitter.com/CatalGlria" target="_blank">CatalGlria</a>	6	0	1	110	94	19405		004
@Catalonia1640	<a href="https://twitter.com/Catalonia1640" target="_blank">Catalonia1640</a>	48	0	1	3007	4939	54799		003
@catalunya2016	<a href="https://twitter.com/catalunya2016" target="_blank">catalunya2016</a>	18	0	1	4248	4532	25597	República de Catalunya	014
@CatalunyaSiSi	<a href="https://twitter.com/CatalunyaSiSi" target="_blank">CatalunyaSiSi</a>	7	0	2	6380	6173	44805	Reus, Catalunya	017
@Catanari	<a href="https://twitter.com/Catanari" target="_blank">Catanari</a>	2	0	1	135	164	5941		168
@CATaronja	<a href="https://twitter.com/CATaronja" target="_blank">CATaronja</a>	11	0	2	362	620	17001	Catalunya	140
@CatCentralDC	<a href="https://twitter.com/CatCentralDC" target="_blank">CatCentralDC</a>	0	1	0					185
@CatEnComu	<a href="https://twitter.com/CatEnComu" target="_blank">CatEnComu</a>	5	0	1	7458	382	4496	Catalunya	296
@CATexit61	<a href="https://twitter.com/CATexit61" target="_blank">CATexit61</a>	5	0	1	57	196	4728	Ciutadà Del Món	006
@CatForces	<a href="https://twitter.com/CatForces" target="_blank">CatForces</a>	2	0	1	83	122	727		048
@cathybcn	<a href="https://twitter.com/cathybcn" target="_blank">cathybcn</a>	5	0	1	56	204	973		047
@caticup25	<a href="https://twitter.com/caticup25" target="_blank">caticup25</a>	4	0	1	518	691	8485		009
@CatiRodrguez	<a href="https://twitter.com/CatiRodrguez" target="_blank">CatiRodrguez</a>	4	0	1	50	155	2238		003
@catle_josh	<a href="https://twitter.com/catle_josh" target="_blank">catle_josh</a>	4	0	1	2	84	180		005
@catlliureara	<a href="https://twitter.com/catlliureara" target="_blank">catlliureara</a>	6	0	2	752	892	10710	Barcelona	026
@CatMunt	<a href="https://twitter.com/CatMunt" target="_blank">CatMunt</a>	4	0	1	35	209	1171	Catalunya ||☆||	014
@CatRefreedom	<a href="https://twitter.com/CatRefreedom" target="_blank">CatRefreedom</a>	2	0	2	15	25	912		034
@catsamcat	<a href="https://twitter.com/catsamcat" target="_blank">catsamcat</a>	1	0	1	68	270	2652		003
@catthia	<a href="https://twitter.com/catthia" target="_blank">catthia</a>	6	0	1	54	142	675		003
@catxarrot67	<a href="https://twitter.com/catxarrot67" target="_blank">catxarrot67</a>	2	0	1	112	157	468		460
@Catxiiing	<a href="https://twitter.com/Catxiiing" target="_blank">Catxiiing</a>	2	0	1	701	511	15132	La Bisbal d'Empordà	481
@catxisme	<a href="https://twitter.com/catxisme" target="_blank">catxisme</a>	8	0	1	37	50	3706		002
@CAUDELLUNA60	<a href="https://twitter.com/CAUDELLUNA60" target="_blank">CAUDELLUNA60</a>	16	0	1	24	127	4375		014
@cavallerstJordi	<a href="https://twitter.com/cavallerstJordi" target="_blank">cavallerstJordi</a>	8	0	1	5616	3647	39694	Catalunya, EFTA	184
@CazaMiquel	<a href="https://twitter.com/CazaMiquel" target="_blank">CazaMiquel</a>	1	0	1	6	44	127		169
@CBarbaraFores	<a href="https://twitter.com/CBarbaraFores" target="_blank">CBarbaraFores</a>	1	0	1	3153	2163	3827	Terra Alta	019
@cberbelnavarro	<a href="https://twitter.com/cberbelnavarro" target="_blank">cberbelnavarro</a>	1	0	1	373	697	4080		004
@cbgviladecans	<a href="https://twitter.com/cbgviladecans" target="_blank">cbgviladecans</a>	7	0	1	2753	3135	96677	Baix Llobregat Catalunya U.E.	014
@cbonaventura	<a href="https://twitter.com/cbonaventura" target="_blank">cbonaventura</a>	40	95	2	3764	4415	71820	Girona	012
@CDBRaval	<a href="https://twitter.com/CDBRaval" target="_blank">CDBRaval</a>	6	0	1	473	101	367	Raval, Barcelona	009
@cdm1950	<a href="https://twitter.com/cdm1950" target="_blank">cdm1950</a>	24	0	4	1599	617	60564	Barcelona/ Catalunya	014
@CDR_SEulalia	<a href="https://twitter.com/CDR_SEulalia" target="_blank">CDR_SEulalia</a>	12	11	0	501	378	236	L'Hospitalet de Llobregat	196
@CDRCollblTorras	<a href="https://twitter.com/CDRCollblTorras" target="_blank">CDRCollblTorras</a>	13	0	1	512	148	965		196
@CDReferendumVic	<a href="https://twitter.com/CDReferendumVic" target="_blank">CDReferendumVic</a>	5	0	1	758	309	276	Vic, Osona	221
@CDREixampleDret	<a href="https://twitter.com/CDREixampleDret" target="_blank">CDREixampleDret</a>	2	2	0	1360	35	276	Eixample Dret. Barcelona. Països Catalans.	077
@CDRepublica	<a href="https://twitter.com/CDRepublica" target="_blank">CDRepublica</a>	0	1	0					451
@cdrfontana	<a href="https://twitter.com/cdrfontana" target="_blank">cdrfontana</a>	1	0	1	144	340	218	Vila de Gràcia	350
@CDRGironaSalt	<a href="https://twitter.com/CDRGironaSalt" target="_blank">CDRGironaSalt</a>	3	8	0	641	303	359		204
@CDRGoticRaval	<a href="https://twitter.com/CDRGoticRaval" target="_blank">CDRGoticRaval</a>	11	111	1	982	44	497	El Raval, Barcelona	009
@CDRLaFlorida	<a href="https://twitter.com/CDRLaFlorida" target="_blank">CDRLaFlorida</a>	1	3	0	187	62	50	L'Hospitalet de Llobregat	063
@CDRNouBarris	<a href="https://twitter.com/CDRNouBarris" target="_blank">CDRNouBarris</a>	3	5	0	993	153	240	Barcelona	120
@CdrRubi	<a href="https://twitter.com/CdrRubi" target="_blank">CdrRubi</a>	15	15	0	503	103	504		137
@CDRstap	<a href="https://twitter.com/CDRstap" target="_blank">CDRstap</a>	19	2	0	1980	748	830	Sant Andreu de Palomar	003
@cdrvng	<a href="https://twitter.com/cdrvng" target="_blank">cdrvng</a>	50	18	0	1459	38	726	Vilanova i la Geltrú	198
@Ceba_maRdita	<a href="https://twitter.com/Ceba_maRdita" target="_blank">Ceba_maRdita</a>	3	0	1	55	80	2119		009
@cedes950	<a href="https://twitter.com/cedes950" target="_blank">cedes950</a>	6	0	1	566	1095	15786	Catalunya	014
@Cel_ennuvolat	<a href="https://twitter.com/Cel_ennuvolat" target="_blank">Cel_ennuvolat</a>	3	0	2	567	157	2736		014
@celesvillaverde	<a href="https://twitter.com/celesvillaverde" target="_blank">celesvillaverde</a>	7	0	2	1700	2336	52654		002
@celiadelante	<a href="https://twitter.com/celiadelante" target="_blank">celiadelante</a>	1	0	1	330	407	14101	España	509
@CeliaMuns	<a href="https://twitter.com/CeliaMuns" target="_blank">CeliaMuns</a>	4	0	1	113	615	516		009
@CentoPr	<a href="https://twitter.com/CentoPr" target="_blank">CentoPr</a>	4	0	1	107	247	19196		003
@cerdanna	<a href="https://twitter.com/cerdanna" target="_blank">cerdanna</a>	2	0	1	82	292	455	Hostalets de Balenyà	034
@cerdanyet	<a href="https://twitter.com/cerdanyet" target="_blank">cerdanyet</a>	1	0	1	181	531	4407		003
@cerezaruth	<a href="https://twitter.com/cerezaruth" target="_blank">cerezaruth</a>	13	0	2	662	707	8708	🇷🇪🇵 🇨🇦🇹🇦🇱🇦🇳🇦	012
@cervera_jess	<a href="https://twitter.com/cervera_jess" target="_blank">cervera_jess</a>	35	0	1	3191	3909	251577	Catalunya, Països Catalans, UE	188
@CervillaDavid	<a href="https://twitter.com/CervillaDavid" target="_blank">CervillaDavid</a>	2	0	1	75	188	720		174
@cesarbarba	<a href="https://twitter.com/cesarbarba" target="_blank">cesarbarba</a>	5	0	1	3568	2143	127593	Catalunya	004
@cesargt1979	<a href="https://twitter.com/cesargt1979" target="_blank">cesargt1979</a>	9	0	1	216	295	12213	Barcelona,Catalunya,Europa.	003
@CescaEsteve	<a href="https://twitter.com/CescaEsteve" target="_blank">CescaEsteve</a>	8	0	2	807	790	65526		020
@cescaorri	<a href="https://twitter.com/cescaorri" target="_blank">cescaorri</a>	1	0	1	2	30	10		003
@Cescorib	<a href="https://twitter.com/Cescorib" target="_blank">Cescorib</a>	2	0	1	16	28	459	bcn	003
@Cesquinho	<a href="https://twitter.com/Cesquinho" target="_blank">Cesquinho</a>	3	0	2	55	94	6620		008
@cfageda	<a href="https://twitter.com/cfageda" target="_blank">cfageda</a>	28	0	5	571	899	44402	Catalunya	007
@cfrd1909cat	<a href="https://twitter.com/cfrd1909cat" target="_blank">cfrd1909cat</a>	70	0	10	391	457	20882	Reus, Catalunya	017
@CGelada	<a href="https://twitter.com/CGelada" target="_blank">CGelada</a>	5	0	1	408	417	5897		162
@cgnoelia	<a href="https://twitter.com/cgnoelia" target="_blank">cgnoelia</a>	1	0	1	855	1614	3714	Lleida. Manresa. Catalunya.	014
@cgtzonasur	<a href="https://twitter.com/cgtzonasur" target="_blank">cgtzonasur</a>	1	0	1	1851	1282	19329		202
@Cha0s01	<a href="https://twitter.com/Cha0s01" target="_blank">Cha0s01</a>	1	0	1	49	182	686	Barcelona, España	165
@ChachoAlmaraz	<a href="https://twitter.com/ChachoAlmaraz" target="_blank">ChachoAlmaraz</a>	2	7	0	3134	195	13608	Por el bajo Llobregat	130
@Chanespineda	<a href="https://twitter.com/Chanespineda" target="_blank">Chanespineda</a>	6	0	1	2721	3036	9693	Barcelona (CAT)	308
@Charlee3S	<a href="https://twitter.com/Charlee3S" target="_blank">Charlee3S</a>	9	0	1	12	27	1134	Viladecans, Cataluña	174
@CharlesSampons	<a href="https://twitter.com/CharlesSampons" target="_blank">CharlesSampons</a>	30	0	3	2158	2250	131185	Catalunya	006
@CharlesSnoopy	<a href="https://twitter.com/CharlesSnoopy" target="_blank">CharlesSnoopy</a>	3	0	1	759	2991	43391		168
@Charlie_culeee	<a href="https://twitter.com/Charlie_culeee" target="_blank">Charlie_culeee</a>	3	0	1	482	407	29298	Catalunya	003
@CharlieFox1714	<a href="https://twitter.com/CharlieFox1714" target="_blank">CharlieFox1714</a>	50	0	2	74	92	16814		139
@charo_tp	<a href="https://twitter.com/charo_tp" target="_blank">charo_tp</a>	5	0	1	8	43	887		002
@chd90	<a href="https://twitter.com/chd90" target="_blank">chd90</a>	7	0	1	165	439	10241		003
@ChDoctor321	<a href="https://twitter.com/ChDoctor321" target="_blank">ChDoctor321</a>	6	0	1	371	1122	5916	República Galega, Ibéria	276
@Chefviajero_Cat	<a href="https://twitter.com/Chefviajero_Cat" target="_blank">Chefviajero_Cat</a>	2	0	1	24	79	268	Terrassa-Barcelona-Catalunya	009
@Chochoficial	<a href="https://twitter.com/Chochoficial" target="_blank">Chochoficial</a>	1	2	1	9	45	24	Palacio Xochal, Islas Belén, Chocholandia	320
@Christiangf14	<a href="https://twitter.com/Christiangf14" target="_blank">Christiangf14</a>	2	0	1	350	1689	3044	Sants, Barcelona, PPCC ☭	123
@Chuano70J	<a href="https://twitter.com/Chuano70J" target="_blank">Chuano70J</a>	1	0	1	32	143	1719		014
@chuslleida	<a href="https://twitter.com/chuslleida" target="_blank">chuslleida</a>	12	0	3	385	1083	11713	Torrelameu	014
@Cicluss	<a href="https://twitter.com/Cicluss" target="_blank">Cicluss</a>	3	0	2	578	161	45747	SG Antifa · Brigada Violeta	192
@cid_moran	<a href="https://twitter.com/cid_moran" target="_blank">cid_moran</a>	2	0	1	15	95	813		014
@CintaArasa	<a href="https://twitter.com/CintaArasa" target="_blank">CintaArasa</a>	6	0	1	1321	1989	6673	Bcn/Tortosa, Països Catalans	019
@CintoEnfurismat	<a href="https://twitter.com/CintoEnfurismat" target="_blank">CintoEnfurismat</a>	3	0	1	1384	995	10916	Folgueroles	163
@circdetarragona	<a href="https://twitter.com/circdetarragona" target="_blank">circdetarragona</a>	0	1	0					026
@CirunCh	<a href="https://twitter.com/CirunCh" target="_blank">CirunCh</a>	8	0	2	469	619	58573	The Netherlands	018
@CiscuOrtega	<a href="https://twitter.com/CiscuOrtega" target="_blank">CiscuOrtega</a>	27	0	2	210	403	8393	Vilanova i la Geltrú	198
@Cisner0ss	<a href="https://twitter.com/Cisner0ss" target="_blank">Cisner0ss</a>	2	0	2	68	67	8200	Sevilla, España	005
@CivitiMarti	<a href="https://twitter.com/CivitiMarti" target="_blank">CivitiMarti</a>	3	0	1	5676	132	22389	L'Espluga de Francolí	174
@Cla_AA	<a href="https://twitter.com/Cla_AA" target="_blank">Cla_AA</a>	1	0	1	20	62	153	Barcelona, Catalunya	026
@clara_bill	<a href="https://twitter.com/clara_bill" target="_blank">clara_bill</a>	3	1	0	719	1344	20343	CATALONIA	249
@Clarabaau	<a href="https://twitter.com/Clarabaau" target="_blank">Clarabaau</a>	1	0	1	17	29	117	Seva	369
@ClaraDachs	<a href="https://twitter.com/ClaraDachs" target="_blank">ClaraDachs</a>	4	2	0	541	927	2009		053
@claraferres	<a href="https://twitter.com/claraferres" target="_blank">claraferres</a>	1	0	1	357	640	4119	Sallent, PPCC	121
@ClaraMerc	<a href="https://twitter.com/ClaraMerc" target="_blank">ClaraMerc</a>	16	0	3	223	687	9843	Catalunya, Espanya	002
@Claramonte	<a href="https://twitter.com/Claramonte" target="_blank">Claramonte</a>	9	0	1	2065	2097	17797		018
@clarapeya	<a href="https://twitter.com/clarapeya" target="_blank">clarapeya</a>	0	2	0					294
@ClarCatala	<a href="https://twitter.com/ClarCatala" target="_blank">ClarCatala</a>	6	0	2	2300	4450	5389	Barcelona, Catalunya	029
@claretjordi	<a href="https://twitter.com/claretjordi" target="_blank">claretjordi</a>	2	0	1	952	2293	26565	catalunya	011
@ClaritaBernat	<a href="https://twitter.com/ClaritaBernat" target="_blank">ClaritaBernat</a>	0	1	0					427
@ClaudeDuguay2	<a href="https://twitter.com/ClaudeDuguay2" target="_blank">ClaudeDuguay2</a>	3	2	0	42581	36031	10196	Montréal, Québec	158
@ClaudiaaRobles9	<a href="https://twitter.com/ClaudiaaRobles9" target="_blank">ClaudiaaRobles9</a>	1	0	1	84	73	690	Moià, Catalunya	412
@ClaudiaCampos81	<a href="https://twitter.com/ClaudiaCampos81" target="_blank">ClaudiaCampos81</a>	13	0	1	27	162	1057	spain	003
@Clidice	<a href="https://twitter.com/Clidice" target="_blank">Clidice</a>	13	0	3	832	1126	12762	Montserrat	008
@ClimentBelles	<a href="https://twitter.com/ClimentBelles" target="_blank">ClimentBelles</a>	1	0	1	22	30	3010		292
@Clio_deries	<a href="https://twitter.com/Clio_deries" target="_blank">Clio_deries</a>	45	0	6	1919	2586	126634		014
@clipperrepplic	<a href="https://twitter.com/clipperrepplic" target="_blank">clipperrepplic</a>	1	0	1	95	392	1078		006
@Clo_Dette	<a href="https://twitter.com/Clo_Dette" target="_blank">Clo_Dette</a>	2	0	1	174	514	1080	CataluNYa	009
@clopujeu	<a href="https://twitter.com/clopujeu" target="_blank">clopujeu</a>	3	0	1	26	82	551		169
@ClotDecideix	<a href="https://twitter.com/ClotDecideix" target="_blank">ClotDecideix</a>	11	35	1	982	213	804	el Camp de l'Arpa del Clot	061
@ClotDel	<a href="https://twitter.com/ClotDel" target="_blank">ClotDel</a>	1	0	1	1155	740	7291		100
@ClunaJosep	<a href="https://twitter.com/ClunaJosep" target="_blank">ClunaJosep</a>	11	0	1	808	1223	55224	Barcelona, Catalunya	247
@CMAURIRIU	<a href="https://twitter.com/CMAURIRIU" target="_blank">CMAURIRIU</a>	5	0	1	335	373	4317	Ripoll	003
@cmentxu	<a href="https://twitter.com/cmentxu" target="_blank">cmentxu</a>	13	0	1	472	726	18442	Catalunya	003
@cmoratuxans	<a href="https://twitter.com/cmoratuxans" target="_blank">cmoratuxans</a>	17	0	2	2358	4998	31634		004
@cnacasol	<a href="https://twitter.com/cnacasol" target="_blank">cnacasol</a>	5	1	1	5696	4828	17104	Lleida, República de Catalunya	141
@CnelMatalonga	<a href="https://twitter.com/CnelMatalonga" target="_blank">CnelMatalonga</a>	3	1	0	1634	2172	37128	Catalunya Lliure	417
@cntcatalonia	<a href="https://twitter.com/cntcatalonia" target="_blank">cntcatalonia</a>	1	0	1	451	229	4423	España	009
@coach_en_viu	<a href="https://twitter.com/coach_en_viu" target="_blank">coach_en_viu</a>	10	0	1	164	206	11214	Barcelona, Catalunya (UE)	003
@CoandaF1	<a href="https://twitter.com/CoandaF1" target="_blank">CoandaF1</a>	1	0	1	8638	215	24607	Contacto@momentogp.com	366
@CoCaSanti	<a href="https://twitter.com/CoCaSanti" target="_blank">CoCaSanti</a>	2	0	1	159	160	2928	Sant Cugat	004
@CodinaAntonia	<a href="https://twitter.com/CodinaAntonia" target="_blank">CodinaAntonia</a>	2	0	1	166	347	37249	Santa Cristina d'Aro, España	003
@CollectiuEmma	<a href="https://twitter.com/CollectiuEmma" target="_blank">CollectiuEmma</a>	16	0	1	15151	1204	40477	Sant Joan de les Abadesses	034
@collettemca_	<a href="https://twitter.com/collettemca_" target="_blank">collettemca_</a>	2	0	1	1885	1500	13099		400
@collimma	<a href="https://twitter.com/collimma" target="_blank">collimma</a>	0	2	0					292
@Colminator2	<a href="https://twitter.com/Colminator2" target="_blank">Colminator2</a>	1	0	1	22	54	287		049
@ColomeFe	<a href="https://twitter.com/ColomeFe" target="_blank">ColomeFe</a>	5	0	1	459	762	38209		004
@ColomEnric	<a href="https://twitter.com/ColomEnric" target="_blank">ColomEnric</a>	0	1	0					414
@columnae1	<a href="https://twitter.com/columnae1" target="_blank">columnae1</a>	8	0	1	299	502	19338		105
@com_anem	<a href="https://twitter.com/com_anem" target="_blank">com_anem</a>	5	0	1	250	465	3169		026
@comasalex	<a href="https://twitter.com/comasalex" target="_blank">comasalex</a>	4	0	1	917	977	18447		080
@ComellasRamon	<a href="https://twitter.com/ComellasRamon" target="_blank">ComellasRamon</a>	23	0	5	1156	1833	43164		014
@comfer02	<a href="https://twitter.com/comfer02" target="_blank">comfer02</a>	8	0	1	42	103	2602	Vic, Catalonia	174
@ComiteManresa	<a href="https://twitter.com/ComiteManresa" target="_blank">ComiteManresa</a>	3	0	1	507	70	166		132
@ComLluis	<a href="https://twitter.com/ComLluis" target="_blank">ComLluis</a>	2	0	1	654	1469	4678	Catalunya	014
@commissari	<a href="https://twitter.com/commissari" target="_blank">commissari</a>	5	0	1	205	402	635		014
@ComteArnauMir	<a href="https://twitter.com/ComteArnauMir" target="_blank">ComteArnauMir</a>	3	0	1	47	174	3756		003
@comtejofre	<a href="https://twitter.com/comtejofre" target="_blank">comtejofre</a>	14	0	1	25	50	3005		003
@comunaadidas	<a href="https://twitter.com/comunaadidas" target="_blank">comunaadidas</a>	2	0	1	388	311	16762		123
@ConcepcioB	<a href="https://twitter.com/ConcepcioB" target="_blank">ConcepcioB</a>	1	0	1	45	110	5992		004
@Conf_Ratafia	<a href="https://twitter.com/Conf_Ratafia" target="_blank">Conf_Ratafia</a>	2	0	1	2467	2431	11836	Santa Coloma de Farners	003
@conmingoSI	<a href="https://twitter.com/conmingoSI" target="_blank">conmingoSI</a>	3	0	1	834	1724	5763	Planeta Tierra | Vía Láctea	012
@ConradSegarra	<a href="https://twitter.com/ConradSegarra" target="_blank">ConradSegarra</a>	2	0	1	37	210	2661		034
@conspirator0	<a href="https://twitter.com/conspirator0" target="_blank">conspirator0</a>	3	2	0	19462	2314	12477	USA (somewhere in time)	282
@ConsueloRPbcn	<a href="https://twitter.com/ConsueloRPbcn" target="_blank">ConsueloRPbcn</a>	1	0	1	20	85	342		012
@conxijimenez	<a href="https://twitter.com/conxijimenez" target="_blank">conxijimenez</a>	1	0	1	17	52	72	Polinyà	003
@conxita_avila	<a href="https://twitter.com/conxita_avila" target="_blank">conxita_avila</a>	22	0	3	242	193	26158		026
@conxita_lloret	<a href="https://twitter.com/conxita_lloret" target="_blank">conxita_lloret</a>	6	0	4	560	681	8679	De Palamós i Vall-llobrega	014
@conxita2010	<a href="https://twitter.com/conxita2010" target="_blank">conxita2010</a>	4	0	1	86	461	1850	Catalunya	003
@Cooper_GH	<a href="https://twitter.com/Cooper_GH" target="_blank">Cooper_GH</a>	3	0	1	675	561	5619	Barcelona, España	003
@Coordinadora25S	<a href="https://twitter.com/Coordinadora25S" target="_blank">Coordinadora25S</a>	2	81	0	34247	678	32157	Madrid, Comunidad de Madrid	011
@Cop_baix	<a href="https://twitter.com/Cop_baix" target="_blank">Cop_baix</a>	7	0	1	400	1464	3973	Països Catalans	122
@Corcoy85	<a href="https://twitter.com/Corcoy85" target="_blank">Corcoy85</a>	1	0	1	114	243	456	Vic, Cataluña	005
@corcull	<a href="https://twitter.com/corcull" target="_blank">corcull</a>	3	0	1	48	39	1649		003
@CoriFabregas	<a href="https://twitter.com/CoriFabregas" target="_blank">CoriFabregas</a>	5	0	1	207	647	3886		014
@CorinaSerra40	<a href="https://twitter.com/CorinaSerra40" target="_blank">CorinaSerra40</a>	8	0	1	53	66	2815		233
@CornellaSergi	<a href="https://twitter.com/CornellaSergi" target="_blank">CornellaSergi</a>	1	0	1	46	138	334		003
@correhacialaluz	<a href="https://twitter.com/correhacialaluz" target="_blank">correhacialaluz</a>	1	0	1	71	237	5341	Burriana	005
@corremuz	<a href="https://twitter.com/corremuz" target="_blank">corremuz</a>	1	0	1	10	22	70	Mollet del Vallès, España	276
@correoderobert	<a href="https://twitter.com/correoderobert" target="_blank">correoderobert</a>	2	2	0	2666	857	79844	Barbera del Valles	303
@corruPPtio	<a href="https://twitter.com/corruPPtio" target="_blank">corruPPtio</a>	22	0	1	333	304	34464		005
@CorsGloria	<a href="https://twitter.com/CorsGloria" target="_blank">CorsGloria</a>	2	0	1	29	172	551		014
@Corto_Maltes52	<a href="https://twitter.com/Corto_Maltes52" target="_blank">Corto_Maltes52</a>	1	0	1	40	84	1381		003
@Costa_Maresme	<a href="https://twitter.com/Costa_Maresme" target="_blank">Costa_Maresme</a>	14	0	1	21	221	512	Costa del Maresme	051
@CostaBravaToday	<a href="https://twitter.com/CostaBravaToday" target="_blank">CostaBravaToday</a>	31	0	2	30824	4379	13554	Catalonia, Spain	030
@COSTAMARTA10	<a href="https://twitter.com/COSTAMARTA10" target="_blank">COSTAMARTA10</a>	41	0	2	861	461	111015	Barcelona- Catalunya	019
@CostaMontaerrat	<a href="https://twitter.com/CostaMontaerrat" target="_blank">CostaMontaerrat</a>	1	0	1	5	37	392	Sant Andreu de la Barca, Cataluña	003
@CostaVicco	<a href="https://twitter.com/CostaVicco" target="_blank">CostaVicco</a>	1	0	1	209	375	272	Sant Feliu del Racó	006
@cparelladar	<a href="https://twitter.com/cparelladar" target="_blank">cparelladar</a>	7	0	1	875	874	18594	PPCC	129
@CPLaCalderera	<a href="https://twitter.com/CPLaCalderera" target="_blank">CPLaCalderera</a>	2	0	1	675	694	3474	Riudoms (Països Catalans)	072
@cplanasal	<a href="https://twitter.com/cplanasal" target="_blank">cplanasal</a>	6	0	1	28	49	5073	Barcelona, España	018
@cpuigde	<a href="https://twitter.com/cpuigde" target="_blank">cpuigde</a>	1	0	1	635	926	3583	Barcelona	004
@cram1791	<a href="https://twitter.com/cram1791" target="_blank">cram1791</a>	16	0	1	1930	1796	108881	República Catalana	014
@crambak	<a href="https://twitter.com/crambak" target="_blank">crambak</a>	0	1	0					391
@crazysupercrazy	<a href="https://twitter.com/crazysupercrazy" target="_blank">crazysupercrazy</a>	4	0	1	71	360	1365	Catalunya	013
@crc7779	<a href="https://twitter.com/crc7779" target="_blank">crc7779</a>	1	0	1	99	224	1579	Catalunya (país independent)	034
@CreativeFever	<a href="https://twitter.com/CreativeFever" target="_blank">CreativeFever</a>	1	1	0	157	419	1119	Catalunya	028
@crendueles	<a href="https://twitter.com/crendueles" target="_blank">crendueles</a>	1	0	1	9474	463	4381		200
@Cretacico101	<a href="https://twitter.com/Cretacico101" target="_blank">Cretacico101</a>	1	0	1	23	109	2632		010
@CRigabert	<a href="https://twitter.com/CRigabert" target="_blank">CRigabert</a>	1	0	1	13	39	141	Barcelona	203
@Cris_s_	<a href="https://twitter.com/Cris_s_" target="_blank">Cris_s_</a>	2	0	1	340	806	5588	Catalunya	017
@cris_tineta	<a href="https://twitter.com/cris_tineta" target="_blank">cris_tineta</a>	2	0	1	189	319	1746	Girona, Catalunya	007
@crisberdiaz	<a href="https://twitter.com/crisberdiaz" target="_blank">crisberdiaz</a>	1	0	1	180	266	814	Solsona	375
@CriseNervios	<a href="https://twitter.com/CriseNervios" target="_blank">CriseNervios</a>	2	0	1	271	465	15776		010
@crisgalobone	<a href="https://twitter.com/crisgalobone" target="_blank">crisgalobone</a>	1	0	1	447	1009	2824	Sant Cugat Sesgarrigues	275
@crishergi	<a href="https://twitter.com/crishergi" target="_blank">crishergi</a>	3	0	1	641	1597	5990	Barcelona - Catalunya	168
@crishralbert	<a href="https://twitter.com/crishralbert" target="_blank">crishralbert</a>	1	0	1	7	219	1035		006
@CrisLopezSan	<a href="https://twitter.com/CrisLopezSan" target="_blank">CrisLopezSan</a>	1	0	1	54	97	942	Sabadell - Spain	001
@CrisLorca7	<a href="https://twitter.com/CrisLorca7" target="_blank">CrisLorca7</a>	3	1	1	38	211	153		014
@CrisRoda	<a href="https://twitter.com/CrisRoda" target="_blank">CrisRoda</a>	3	0	2	398	640	1042	Barcelona	119
@CrisSolSolet	<a href="https://twitter.com/CrisSolSolet" target="_blank">CrisSolSolet</a>	1	0	1	35	210	312		030
@cristia52971311	<a href="https://twitter.com/cristia52971311" target="_blank">cristia52971311</a>	1	0	1	2662	2505	50144	Barcelona	001
@CristiaMarto1	<a href="https://twitter.com/CristiaMarto1" target="_blank">CristiaMarto1</a>	1	0	1	17	89	121		004
@cristianavellut	<a href="https://twitter.com/cristianavellut" target="_blank">cristianavellut</a>	10	0	1	335	920	10032	fintzas a sa republica sardisc	150
@CristianBasG	<a href="https://twitter.com/CristianBasG" target="_blank">CristianBasG</a>	12	0	1	20	72	1699	republica catalana!	298
@Cristin30952450	<a href="https://twitter.com/Cristin30952450" target="_blank">Cristin30952450</a>	3	0	1	89	231	5163		034
@Cristin90070594	<a href="https://twitter.com/Cristin90070594" target="_blank">Cristin90070594</a>	5	0	1	18	45	1559	Barcelona, España	003
@Cristina_B	<a href="https://twitter.com/Cristina_B" target="_blank">Cristina_B</a>	2	0	1	262	477	3442	Barcelona - Catalonia	004
@Cristina_Roure	<a href="https://twitter.com/Cristina_Roure" target="_blank">Cristina_Roure</a>	3	0	1	77	95	1589	Barcelona, Catalonia	003
@cristina16ch	<a href="https://twitter.com/cristina16ch" target="_blank">cristina16ch</a>	18	0	1	647	3228	32107	Sant Cugat del Valles Spain	014
@cristinabonjoch	<a href="https://twitter.com/cristinabonjoch" target="_blank">cristinabonjoch</a>	1	0	1	86	224	589	Barcelona	034
@cristinafarranm	<a href="https://twitter.com/cristinafarranm" target="_blank">cristinafarranm</a>	0	3	0					002
@cristinaisanta	<a href="https://twitter.com/cristinaisanta" target="_blank">cristinaisanta</a>	31	0	1	290	626	17454	Sant Sadurní d'Anoia	002
@cristinapbcn	<a href="https://twitter.com/cristinapbcn" target="_blank">cristinapbcn</a>	6	0	2	137	360	847	barcelona	010
@cristinavalles	<a href="https://twitter.com/cristinavalles" target="_blank">cristinavalles</a>	3	0	1	620	691	6639	l'empordà	532
@cristorronet	<a href="https://twitter.com/cristorronet" target="_blank">cristorronet</a>	1	7	0	23	56	317		014
@crisurbis	<a href="https://twitter.com/crisurbis" target="_blank">crisurbis</a>	5	1	1	171	227	3760		022
@croquetadegerds	<a href="https://twitter.com/croquetadegerds" target="_blank">croquetadegerds</a>	1	0	1	107	512	1684		002
@crsegarra	<a href="https://twitter.com/crsegarra" target="_blank">crsegarra</a>	1	0	1	352	288	698		003
@Cruisender	<a href="https://twitter.com/Cruisender" target="_blank">Cruisender</a>	1	0	1	57	175	881		003
@crvenigazda	<a href="https://twitter.com/crvenigazda" target="_blank">crvenigazda</a>	3	0	1	117	552	2785	República BCN / Beograd, SFRJ	009
@cspozon	<a href="https://twitter.com/cspozon" target="_blank">cspozon</a>	4	0	1	60	577	122		006
@csrojz	<a href="https://twitter.com/csrojz" target="_blank">csrojz</a>	16	0	1	539	358	16289	Sant Esteve de Sesrovires	351
@ctabereines20	<a href="https://twitter.com/ctabereines20" target="_blank">ctabereines20</a>	1	0	1	231	342	3382	Sils de la Selva	014
@cubavacontigo_	<a href="https://twitter.com/cubavacontigo_" target="_blank">cubavacontigo_</a>	1	0	1	11	31	185	Barcelona, España	003
@CuberoLuis	<a href="https://twitter.com/CuberoLuis" target="_blank">CuberoLuis</a>	8	0	2	4983	5333	186820		088
@cucharachaM	<a href="https://twitter.com/cucharachaM" target="_blank">cucharachaM</a>	1	0	1	309	421	11788	Barcelonaa:)	005
@cuinerfoll	<a href="https://twitter.com/cuinerfoll" target="_blank">cuinerfoll</a>	7	0	1	241	765	6471	catalunya	003
@CuleFer	<a href="https://twitter.com/CuleFer" target="_blank">CuleFer</a>	4	0	2	14751	9844	67173	Buenos Aires, Arg.Girona Cat	003
@culega1	<a href="https://twitter.com/culega1" target="_blank">culega1</a>	2	0	1	120	60	6673		404
@cunadebuhos	<a href="https://twitter.com/cunadebuhos" target="_blank">cunadebuhos</a>	6	0	1	476	525	10651		005
@CUP_Penedes	<a href="https://twitter.com/CUP_Penedes" target="_blank">CUP_Penedes</a>	14	0	2	240	49	520		038
@CUP_Rubi	<a href="https://twitter.com/CUP_Rubi" target="_blank">CUP_Rubi</a>	3	0	1	1131	626	5011	Rubí - Països Catalans	137
@cupaltcongost	<a href="https://twitter.com/cupaltcongost" target="_blank">cupaltcongost</a>	1	0	1	1184	1226	4345	Països Catalans	049
@CUPBarcelona	<a href="https://twitter.com/CUPBarcelona" target="_blank">CUPBarcelona</a>	7	33	1	19446	1580	32803	Barcelona	049
@CUPCelra	<a href="https://twitter.com/CUPCelra" target="_blank">CUPCelra</a>	4	1	0	1844	1085	7384	Celrà, Gironès	042
@CUPDeltebre	<a href="https://twitter.com/CUPDeltebre" target="_blank">CUPDeltebre</a>	2	0	1	828	638	2995	Terres de l'Ebre	026
@CUPEixample	<a href="https://twitter.com/CUPEixample" target="_blank">CUPEixample</a>	3	0	1	2601	1426	11953	Eixample - Barcelona - PPCC	049
@CUPFranqueses	<a href="https://twitter.com/CUPFranqueses" target="_blank">CUPFranqueses</a>	4	0	1	233	217	427	Països Catalans	211
@cupgramenet	<a href="https://twitter.com/cupgramenet" target="_blank">cupgramenet</a>	0	7	0					113
@CUPHortaGuinard	<a href="https://twitter.com/CUPHortaGuinard" target="_blank">CUPHortaGuinard</a>	8	0	2	2679	2203	26241	Horta Guinardó	049
@cuppobleactiulh	<a href="https://twitter.com/cuppobleactiulh" target="_blank">cuppobleactiulh</a>	13	0	3	1195	1790	4805	l'Hospitalet de Llobregat PPCC	063
@CUPPonent	<a href="https://twitter.com/CUPPonent" target="_blank">CUPPonent</a>	1	1	0	1582	1388	2826		003
@CUPPriorat	<a href="https://twitter.com/CUPPriorat" target="_blank">CUPPriorat</a>	1	0	1	755	241	800	Priorat	026
@CUPRiudoms	<a href="https://twitter.com/CUPRiudoms" target="_blank">CUPRiudoms</a>	1	1	0	916	744	5175	Països Catalans	371
@CUPstap	<a href="https://twitter.com/CUPstap" target="_blank">CUPstap</a>	3	0	1	2167	479	5866	Sant Andreu de Palomar	049
@CUPTarragona	<a href="https://twitter.com/CUPTarragona" target="_blank">CUPTarragona</a>	18	1	0	4044	1378	21590	Tarragona, Països Catalans	372
@CUPTerrassa	<a href="https://twitter.com/CUPTerrassa" target="_blank">CUPTerrassa</a>	3	0	1	3022	1356	10092	Terrassa, Països Catalans	237
@CUPTorre	<a href="https://twitter.com/CUPTorre" target="_blank">CUPTorre</a>	5	0	1	953	500	4617		140
@cupvalls	<a href="https://twitter.com/cupvalls" target="_blank">cupvalls</a>	7	0	1	2727	1343	29274	Valls, el Camp	495
@cupvic	<a href="https://twitter.com/cupvic" target="_blank">cupvic</a>	1	0	1	2726	1091	10524	Vic	235
@cupvila	<a href="https://twitter.com/cupvila" target="_blank">cupvila</a>	2	0	1	3119	1361	6850	Vilafranca del Penedès	038
@CurantaDavid	<a href="https://twitter.com/CurantaDavid" target="_blank">CurantaDavid</a>	14	0	2	50	130	8333		014
@curial99	<a href="https://twitter.com/curial99" target="_blank">curial99</a>	1	0	1	111	543	9996	Berlin, Barcelona	010
@CustoFistro	<a href="https://twitter.com/CustoFistro" target="_blank">CustoFistro</a>	3	0	1	333	96	25412	L'Hospitalet de Llobregat	169
@CVinardell	<a href="https://twitter.com/CVinardell" target="_blank">CVinardell</a>	12	0	1	986	3747	30753		005
@D_Granero	<a href="https://twitter.com/D_Granero" target="_blank">D_Granero</a>	1	1	0	59	195	465	Bcn	370
@daagsi	<a href="https://twitter.com/daagsi" target="_blank">daagsi</a>	1	1	0	480	980	7377	el Turó de la Peira, Barcelona	305
@DaDiMa03	<a href="https://twitter.com/DaDiMa03" target="_blank">DaDiMa03</a>	2	0	1	473	1852	2445	Barcelona, Catalunya	003
@dadma2010	<a href="https://twitter.com/dadma2010" target="_blank">dadma2010</a>	16	0	1	848	1840	28810		140
@daemlo2002	<a href="https://twitter.com/daemlo2002" target="_blank">daemlo2002</a>	8	0	1	393	164	53716	GELIDA / BARCELONA	003
@daesga	<a href="https://twitter.com/daesga" target="_blank">daesga</a>	21	0	1	222	1069	19428	CORNUDELLA, CATALUNYA	003
@DaiLingual	<a href="https://twitter.com/DaiLingual" target="_blank">DaiLingual</a>	1	0	1	2872	3482	19286	Penarth	206
@DaleAlF5	<a href="https://twitter.com/DaleAlF5" target="_blank">DaleAlF5</a>	1	0	1	374	1258	38054	Argentina	003
@DaliEnfurismada	<a href="https://twitter.com/DaliEnfurismada" target="_blank">DaliEnfurismada</a>	34	0	3	611	699	47271	Badalona	003
@dalmaucastanyer	<a href="https://twitter.com/dalmaucastanyer" target="_blank">dalmaucastanyer</a>	5	0	1	48	238	1948		004
@damialarena	<a href="https://twitter.com/damialarena" target="_blank">damialarena</a>	0	1	0					368
@Damolinaza	<a href="https://twitter.com/Damolinaza" target="_blank">Damolinaza</a>	11	0	3	86	275	6224		014
@DanaCorbella	<a href="https://twitter.com/DanaCorbella" target="_blank">DanaCorbella</a>	1	0	1	58	93	131		007
@dancrosas	<a href="https://twitter.com/dancrosas" target="_blank">dancrosas</a>	1	0	1	43	23	263		236
@danestrada9	<a href="https://twitter.com/danestrada9" target="_blank">danestrada9</a>	3	0	1	297	929	12202	19.Gràcia,Barcelona,Catalunya	003
@dani_marin	<a href="https://twitter.com/dani_marin" target="_blank">dani_marin</a>	2	0	1	87	114	1573	Barcelona	010
@dani_segador	<a href="https://twitter.com/dani_segador" target="_blank">dani_segador</a>	5	0	1	382	1009	21905	sants	003
@Dani_Vives	<a href="https://twitter.com/Dani_Vives" target="_blank">Dani_Vives</a>	1	0	1	241	308	2465	Barcelona, Catalonia, Europe	003
@DaniBV_FCB	<a href="https://twitter.com/DaniBV_FCB" target="_blank">DaniBV_FCB</a>	3	0	1	251	326	7852	A Coruña	005
@DaniCallejaCruz	<a href="https://twitter.com/DaniCallejaCruz" target="_blank">DaniCallejaCruz</a>	5	0	1	284	351	4081		188
@danicornella	<a href="https://twitter.com/danicornella" target="_blank">danicornella</a>	8	3	0	1733	1300	3265	Celrà	042
@danicuv	<a href="https://twitter.com/danicuv" target="_blank">danicuv</a>	1	0	1	503	1638	47572	A Coruña	007
@Daniel_Hour	<a href="https://twitter.com/Daniel_Hour" target="_blank">Daniel_Hour</a>	1	0	1	1311	68	64225		420
@danielbetoret	<a href="https://twitter.com/danielbetoret" target="_blank">danielbetoret</a>	13	0	1	791	604	9109	Alacant	003
@danielcugomez	<a href="https://twitter.com/danielcugomez" target="_blank">danielcugomez</a>	1	0	1	111	252	2436	ara es l'hora	003
@DanielGanxets	<a href="https://twitter.com/DanielGanxets" target="_blank">DanielGanxets</a>	2	0	1	633	1485	2360		003
@DanielGenis	<a href="https://twitter.com/DanielGenis" target="_blank">DanielGenis</a>	1	0	1	553	860	2741	Figueres	003
@danieltorrelles	<a href="https://twitter.com/danieltorrelles" target="_blank">danieltorrelles</a>	15	6	0	4369	749	159358	Barcelona - Catalunya	127
@danielvalls	<a href="https://twitter.com/danielvalls" target="_blank">danielvalls</a>	6	0	1	225	227	4340		390
@danifranques	<a href="https://twitter.com/danifranques" target="_blank">danifranques</a>	1	0	1	87	79	1068	Altafulla, Baix Gaià.Catalunya	020
@DaniMartiGarin	<a href="https://twitter.com/DaniMartiGarin" target="_blank">DaniMartiGarin</a>	5	0	2	135	165	1011		115
@danininfabregat	<a href="https://twitter.com/danininfabregat" target="_blank">danininfabregat</a>	1	10	0	21	92	63		133
@daninproject	<a href="https://twitter.com/daninproject" target="_blank">daninproject</a>	1	0	1	252	706	8539	Llego en cinco minutos	003
@daniroma	<a href="https://twitter.com/daniroma" target="_blank">daniroma</a>	1	0	1	735	772	4614	Constantí, Tarragona	003
@DaniSarda65	<a href="https://twitter.com/DaniSarda65" target="_blank">DaniSarda65</a>	18	0	3	316	821	35941	Esparreguera, Països Catalans	017
@Danitxulow	<a href="https://twitter.com/Danitxulow" target="_blank">Danitxulow</a>	1	1	0	146	369	1923	Vitoria-Gasteiz	367
@danivall2	<a href="https://twitter.com/danivall2" target="_blank">danivall2</a>	3	0	1	606	1532	31357	Mataró, Catalunya	009
@danivalverdeb	<a href="https://twitter.com/danivalverdeb" target="_blank">danivalverdeb</a>	14	0	2	954	877	63460	Catalunya	143
@Dannawicca	<a href="https://twitter.com/Dannawicca" target="_blank">Dannawicca</a>	1	0	1	62	203	784		003
@DannyMir62	<a href="https://twitter.com/DannyMir62" target="_blank">DannyMir62</a>	1	0	1	2	26	78	Cataluña, España	026
@DaNWiTiNHo	<a href="https://twitter.com/DaNWiTiNHo" target="_blank">DaNWiTiNHo</a>	2	0	1	156	890	5130	Catalunya - El Prat	034
@danxdan	<a href="https://twitter.com/danxdan" target="_blank">danxdan</a>	3	0	1	165	243	15850		192
@dany_gury	<a href="https://twitter.com/dany_gury" target="_blank">dany_gury</a>	7	0	1	523	586	20928	Barcelona, Catalunya.	003
@Dany_TJ_15	<a href="https://twitter.com/Dany_TJ_15" target="_blank">Dany_TJ_15</a>	10	0	4	510	1504	33783	Barcelona, Catalunya	003
@DarkcVader	<a href="https://twitter.com/DarkcVader" target="_blank">DarkcVader</a>	12	0	2	679	1159	25046	Granollers.  Catalunya	184
@Darkensis93	<a href="https://twitter.com/Darkensis93" target="_blank">Darkensis93</a>	2	1	0	298	393	10591	Barcelona	366
@Darokison	<a href="https://twitter.com/Darokison" target="_blank">Darokison</a>	3	0	1	227	658	5190		216
@DateNoRyuu	<a href="https://twitter.com/DateNoRyuu" target="_blank">DateNoRyuu</a>	2	0	1	228	498	83042	||*|| Catalunya	169
@davengar	<a href="https://twitter.com/davengar" target="_blank">davengar</a>	1	0	1	274	480	6439	Sant Just Desvern	076
@DavFolch	<a href="https://twitter.com/DavFolch" target="_blank">DavFolch</a>	10	0	1	417	431	16217	Catalunya	026
@David_Corral_	<a href="https://twitter.com/David_Corral_" target="_blank">David_Corral_</a>	4	0	1	37	87	1630		184
@david_drg	<a href="https://twitter.com/david_drg" target="_blank">david_drg</a>	3	0	1	1650	1511	4189	Solsona	174
@david_gs5	<a href="https://twitter.com/david_gs5" target="_blank">david_gs5</a>	6	0	1	1270	1895	30044	Barcelona	002
@david_isanta	<a href="https://twitter.com/david_isanta" target="_blank">david_isanta</a>	1	0	1	139	277	3435		244
@david46rd	<a href="https://twitter.com/david46rd" target="_blank">david46rd</a>	1	0	1	229	485	5353		003
@david92marting1	<a href="https://twitter.com/david92marting1" target="_blank">david92marting1</a>	6	0	1	435	583	16747	L'Hospitalet de Llobregat,PPCC	231
@DavidAC1966	<a href="https://twitter.com/DavidAC1966" target="_blank">DavidAC1966</a>	4	0	2	4	61	509		019
@davidalcoia	<a href="https://twitter.com/davidalcoia" target="_blank">davidalcoia</a>	1	0	1	1535	3063	7507	Alcoi+L'H+BCN, Països Catalans	014
@davidberga	<a href="https://twitter.com/davidberga" target="_blank">davidberga</a>	5	0	1	970	1892	14355	Catalonia	023
@davidcat80	<a href="https://twitter.com/davidcat80" target="_blank">davidcat80</a>	0	4	0					003
@davidcc_01	<a href="https://twitter.com/davidcc_01" target="_blank">davidcc_01</a>	3	0	1	4348	2842	16608	Barcelona	476
@davidcompanyon	<a href="https://twitter.com/davidcompanyon" target="_blank">davidcompanyon</a>	9	0	1	6907	1870	36517	República Catalana	103
@DavidCpsberga	<a href="https://twitter.com/DavidCpsberga" target="_blank">DavidCpsberga</a>	6	0	3	4313	4956	15398	Berga, Catalunya	003
@DaviddLPM	<a href="https://twitter.com/DaviddLPM" target="_blank">DaviddLPM</a>	3	0	1	435	765	1889	Tarragona	289
@davidduran_cat	<a href="https://twitter.com/davidduran_cat" target="_blank">davidduran_cat</a>	3	1	1	305	216	5928	Catalonia	540
@davidgraubalvi	<a href="https://twitter.com/davidgraubalvi" target="_blank">davidgraubalvi</a>	2	1	0	409	663	2592	Arbúcies	365
@DavidiThais	<a href="https://twitter.com/DavidiThais" target="_blank">DavidiThais</a>	5	0	1	148	406	758	Catalunya.	002
@davidkarvala	<a href="https://twitter.com/davidkarvala" target="_blank">davidkarvala</a>	1	0	1	1918	1496	9709		300
@DavidLlorenteS	<a href="https://twitter.com/DavidLlorenteS" target="_blank">DavidLlorenteS</a>	13	0	1	2960	1146	18991	Toledo, España	192
@DavidLopezAlma	<a href="https://twitter.com/DavidLopezAlma" target="_blank">DavidLopezAlma</a>	1	0	1	156	151	1572	Tssa - BCN	003
@davidmasso70	<a href="https://twitter.com/davidmasso70" target="_blank">davidmasso70</a>	1	0	1	437	1311	9909	Barcelona, CATALUNYA	003
@davidminoves	<a href="https://twitter.com/davidminoves" target="_blank">davidminoves</a>	16	2	0	6133	2591	28251	Barcelona, Països Catalans	061
@Davidmopu	<a href="https://twitter.com/Davidmopu" target="_blank">Davidmopu</a>	1	0	1	153	701	881	Brunyola, España	082
@DavidNeartou	<a href="https://twitter.com/DavidNeartou" target="_blank">DavidNeartou</a>	2	0	1	76	821	743		004
@davidpalomogo	<a href="https://twitter.com/davidpalomogo" target="_blank">davidpalomogo</a>	2	0	1	68	194	1632	el mundo	007
@DavidPelegri	<a href="https://twitter.com/DavidPelegri" target="_blank">DavidPelegri</a>	20	0	1	80	91	10699		287
@davidpich	<a href="https://twitter.com/davidpich" target="_blank">davidpich</a>	32	3	0	2813	2739	32866	Barcelona, Catalonia	071
@DavidPrat23	<a href="https://twitter.com/DavidPrat23" target="_blank">DavidPrat23</a>	1	15	0	1309	749	17145	Catalunya	013
@davidrd68	<a href="https://twitter.com/davidrd68" target="_blank">davidrd68</a>	4	0	2	201	374	11987	Girona	003
@DavidRuizM	<a href="https://twitter.com/DavidRuizM" target="_blank">DavidRuizM</a>	3	0	1	703	71	9176	Barcelona	009
@davidsanzv	<a href="https://twitter.com/davidsanzv" target="_blank">davidsanzv</a>	4	0	1	1014	585	31010	sant cugat del valles	003
@davidserranodss	<a href="https://twitter.com/davidserranodss" target="_blank">davidserranodss</a>	5	0	1	151	529	1515		003
@DavidSGuinjoan	<a href="https://twitter.com/DavidSGuinjoan" target="_blank">DavidSGuinjoan</a>	8	0	1	95	113	2332		003
@DavidVargasMo	<a href="https://twitter.com/DavidVargasMo" target="_blank">DavidVargasMo</a>	11	0	1	1062	1958	35055	Badalona	014
@dbreiss	<a href="https://twitter.com/dbreiss" target="_blank">dbreiss</a>	5	0	2	295	1210	22578	Bcn	104
@dcanalsn	<a href="https://twitter.com/dcanalsn" target="_blank">dcanalsn</a>	6	0	1	179	530	2038		034
@dcaritgg	<a href="https://twitter.com/dcaritgg" target="_blank">dcaritgg</a>	17	0	2	333	1787	8415	Barcelona	014
@DCS_58	<a href="https://twitter.com/DCS_58" target="_blank">DCS_58</a>	13	0	1	2205	1362	88777	Sarrià (Barcelona-Catalonia)	004
@dd_joca	<a href="https://twitter.com/dd_joca" target="_blank">dd_joca</a>	3	0	1	321	847	6188	Barcelona	060
@DDomene	<a href="https://twitter.com/DDomene" target="_blank">DDomene</a>	5	0	1	5690	6032	156544	N TENIM ALTRE SOBIRÀ QEL POBLE	343
@DDParky	<a href="https://twitter.com/DDParky" target="_blank">DDParky</a>	1	0	1	338	287	10813	United Kingdom	018
@de_27borrokan	<a href="https://twitter.com/de_27borrokan" target="_blank">de_27borrokan</a>	9	0	1	313	448	12864		011
@Debora47750588	<a href="https://twitter.com/Debora47750588" target="_blank">Debora47750588</a>	2	0	1	8	126	182		002
@Decembrista	<a href="https://twitter.com/Decembrista" target="_blank">Decembrista</a>	7	0	1	344	824	42870		107
@decibelis	<a href="https://twitter.com/decibelis" target="_blank">decibelis</a>	2	1	0	468	1363	2696	No-lloc	364
@dedu_mc88	<a href="https://twitter.com/dedu_mc88" target="_blank">dedu_mc88</a>	7	0	1	475	1131	28724	Barcelona, Catalonia	127
@defranci79	<a href="https://twitter.com/defranci79" target="_blank">defranci79</a>	5	0	1	27	138	1193	Eindhoven, The Netherlands	003
@Dei_Df	<a href="https://twitter.com/Dei_Df" target="_blank">Dei_Df</a>	2	0	1	143	299	4896		011
@deifgiri	<a href="https://twitter.com/deifgiri" target="_blank">deifgiri</a>	3	2	0	375	383	7316	Republic of Catalonia	266
@Deivid1714	<a href="https://twitter.com/Deivid1714" target="_blank">Deivid1714</a>	13	4	2	247	445	9952	Gavà, BCN - Catalunya	028
@DeividSanx	<a href="https://twitter.com/DeividSanx" target="_blank">DeividSanx</a>	2	0	1	24	65	808	Barcelona, España	006
@DelDeliii	<a href="https://twitter.com/DelDeliii" target="_blank">DelDeliii</a>	1	0	1	35	171	1835	Barcelona, Cataluña	014
@DeliaEstevez	<a href="https://twitter.com/DeliaEstevez" target="_blank">DeliaEstevez</a>	4	0	1	490	982	12386	From Lleida to the world	003
@delsseixanta	<a href="https://twitter.com/delsseixanta" target="_blank">delsseixanta</a>	3	0	1	23	81	156		003
@democraciapura1	<a href="https://twitter.com/democraciapura1" target="_blank">democraciapura1</a>	1	0	1	59	193	1383	america latina	006
@democracyrisk	<a href="https://twitter.com/democracyrisk" target="_blank">democracyrisk</a>	2	0	1	9	60	115	España	012
@DemocratesCAT	<a href="https://twitter.com/DemocratesCAT" target="_blank">DemocratesCAT</a>	12	0	1	11187	2163	13041		017
@DenebGabe	<a href="https://twitter.com/DenebGabe" target="_blank">DenebGabe</a>	1	0	1	3068	2826	13271	República Catalana	014
@depenalty	<a href="https://twitter.com/depenalty" target="_blank">depenalty</a>	3	0	1	2303	380	61918	Badalona	009
@dequepende	<a href="https://twitter.com/dequepende" target="_blank">dequepende</a>	2	0	1	487	422	30189		046
@Der_Betrachter_	<a href="https://twitter.com/Der_Betrachter_" target="_blank">Der_Betrachter_</a>	19	0	1	222	202	8193	República De Catalunya y Arán	004
@DerAutoDet	<a href="https://twitter.com/DerAutoDet" target="_blank">DerAutoDet</a>	1	0	1	1168	324	2709	Madrid	191
@desdelilla	<a href="https://twitter.com/desdelilla" target="_blank">desdelilla</a>	1	0	1	797	723	6943		291
@desdeoturonio	<a href="https://twitter.com/desdeoturonio" target="_blank">desdeoturonio</a>	1	0	1	958	642	48368	Jakobsland	027
@desferr	<a href="https://twitter.com/desferr" target="_blank">desferr</a>	42	0	5	783	1891	97541	Països Catalans	007
@desferrapertu	<a href="https://twitter.com/desferrapertu" target="_blank">desferrapertu</a>	10	0	1	776	850	42480	Reialme de Vax  - Catalonia	015
@DesobedienciaCi	<a href="https://twitter.com/DesobedienciaCi" target="_blank">DesobedienciaCi</a>	7	1	0	1547	2199	37717	Cataluña	363
@DespertaFerro11	<a href="https://twitter.com/DespertaFerro11" target="_blank">DespertaFerro11</a>	50	0	3	501	1378	27882		102
@DeUrbin	<a href="https://twitter.com/DeUrbin" target="_blank">DeUrbin</a>	18	0	1	367	1065	64301	Barcelona, Espanya	014
@DevaZaka	<a href="https://twitter.com/DevaZaka" target="_blank">DevaZaka</a>	4	0	1	216	566	7976	Cataluña, España	003
@Dew231973	<a href="https://twitter.com/Dew231973" target="_blank">Dew231973</a>	15	1	1	374	1409	3973	República de Catalunya	004
@dfertl	<a href="https://twitter.com/dfertl" target="_blank">dfertl</a>	10	1	0	1136	3400	4786	Brussels, Belgium	030
@dfloj	<a href="https://twitter.com/dfloj" target="_blank">dfloj</a>	6	0	1	127	370	8838		006
@dfrederic71	<a href="https://twitter.com/dfrederic71" target="_blank">dfrederic71</a>	1	0	1	28	146	1533	L'Hospitalet de Llobregat	303
@dfriasb	<a href="https://twitter.com/dfriasb" target="_blank">dfriasb</a>	1	0	1	69	159	565	Calafell, España	003
@dgirunews	<a href="https://twitter.com/dgirunews" target="_blank">dgirunews</a>	4	0	1	12731	731	97153	Barcelona (Catalunya)	014
@dguellc	<a href="https://twitter.com/dguellc" target="_blank">dguellc</a>	4	0	1	596	905	9756	Oló, Manresa, Països Catalans	034
@Diana_Pags	<a href="https://twitter.com/Diana_Pags" target="_blank">Diana_Pags</a>	6	0	1	296	657	2500	Mataró - Catalunya	174
@diclam79	<a href="https://twitter.com/diclam79" target="_blank">diclam79</a>	4	0	1	136	503	5675	Cataluña, España	010
@DictadorEmpanao	<a href="https://twitter.com/DictadorEmpanao" target="_blank">DictadorEmpanao</a>	1	0	1	11	51	383	Països Catalans	212
@Didaccm	<a href="https://twitter.com/Didaccm" target="_blank">Didaccm</a>	2	0	1	146	268	1415	Vilanova i la Geltrú	003
@DidacCNogareda	<a href="https://twitter.com/DidacCNogareda" target="_blank">DidacCNogareda</a>	1	0	1	156	231	4166		049
@didacsd	<a href="https://twitter.com/didacsd" target="_blank">didacsd</a>	0	2	0					060
@DiegoJure	<a href="https://twitter.com/DiegoJure" target="_blank">DiegoJure</a>	3	0	1	1068	1420	16080		003
@DiegoValenwer	<a href="https://twitter.com/DiegoValenwer" target="_blank">DiegoValenwer</a>	2	0	1	729	884	31135	XIXÓN,ASTURIES	005
@diemprou	<a href="https://twitter.com/diemprou" target="_blank">diemprou</a>	1	0	1	112	322	439	catalunya	003
@dilleu	<a href="https://twitter.com/dilleu" target="_blank">dilleu</a>	2	0	1	1738	2352	83194		010
@directe	<a href="https://twitter.com/directe" target="_blank">directe</a>	6	5	0	38755	3549	145617	Països Catalans	114
@dishgirl4	<a href="https://twitter.com/dishgirl4" target="_blank">dishgirl4</a>	5	0	1	3516	3500	195389	Moline, IL	014
@districte_5	<a href="https://twitter.com/districte_5" target="_blank">districte_5</a>	1	0	1	169	193	3495	Akracia #Relevante	138
@Dj_NeST	<a href="https://twitter.com/Dj_NeST" target="_blank">Dj_NeST</a>	3	0	2	385	1215	3118	Manresa, Catalunya	014
@djmon_666	<a href="https://twitter.com/djmon_666" target="_blank">djmon_666</a>	3	0	1	167	483	14528	Catalunya, Espanya	003
@DJPirla	<a href="https://twitter.com/DJPirla" target="_blank">DJPirla</a>	3	0	1	253	267	13890	LA	003
@DjRepubliCAT	<a href="https://twitter.com/DjRepubliCAT" target="_blank">DjRepubliCAT</a>	11	5	0	5127	5222	30232	República Catalana	105
@dlnonell	<a href="https://twitter.com/dlnonell" target="_blank">dlnonell</a>	1	0	1	191	257	441	Rubí	137
@dmact1	<a href="https://twitter.com/dmact1" target="_blank">dmact1</a>	1	0	1	259	707	1736	Québec	124
@dobiols_	<a href="https://twitter.com/dobiols_" target="_blank">dobiols_</a>	4	0	1	144	516	556	Balsareny, Espanya	190
@doc3m	<a href="https://twitter.com/doc3m" target="_blank">doc3m</a>	9	0	1	147	338	10273	barcelona	003
@doctordinamo	<a href="https://twitter.com/doctordinamo" target="_blank">doctordinamo</a>	28	0	2	24	53	5532		014
@doctorjanofi	<a href="https://twitter.com/doctorjanofi" target="_blank">doctorjanofi</a>	9	0	1	44	364	4028	Barcelona, España	004
@dolobalo	<a href="https://twitter.com/dolobalo" target="_blank">dolobalo</a>	2	0	1	10	104	502		006
@doloresfont	<a href="https://twitter.com/doloresfont" target="_blank">doloresfont</a>	2	0	1	119	370	6184		003
@DoloresGarcia3	<a href="https://twitter.com/DoloresGarcia3" target="_blank">DoloresGarcia3</a>	4	0	1	51	127	7098		500
@dolors_cp	<a href="https://twitter.com/dolors_cp" target="_blank">dolors_cp</a>	6	0	1	231	873	9606	Puigcerdà	034
@DolorsAixala	<a href="https://twitter.com/DolorsAixala" target="_blank">DolorsAixala</a>	2	0	1	166	453	1745		003
@DolorsBlauverd	<a href="https://twitter.com/DolorsBlauverd" target="_blank">DolorsBlauverd</a>	1	0	1	211	978	3688	Catalunya	010
@dolorsDolorsv	<a href="https://twitter.com/dolorsDolorsv" target="_blank">dolorsDolorsv</a>	4	0	1	10	44	1325		003
@DolorsEstruga	<a href="https://twitter.com/DolorsEstruga" target="_blank">DolorsEstruga</a>	2	0	1	17	57	457		034
@DolorsNun	<a href="https://twitter.com/DolorsNun" target="_blank">DolorsNun</a>	10	0	1	132	179	11665	Caldes de Montbui, (Vallès Or)	004
@DolorsPaCe	<a href="https://twitter.com/DolorsPaCe" target="_blank">DolorsPaCe</a>	5	0	2	192	472	10245	Catalunya	025
@DolorsPerez1	<a href="https://twitter.com/DolorsPerez1" target="_blank">DolorsPerez1</a>	2	0	1	64	636	2696	Sant Feliu de Guixols	234
@dolorssidera	<a href="https://twitter.com/dolorssidera" target="_blank">dolorssidera</a>	19	0	1	114	78	17776		004
@DOLORSSUAREZRUB	<a href="https://twitter.com/DOLORSSUAREZRUB" target="_blank">DOLORSSUAREZRUB</a>	1	0	1	17	138	448	Barcelona, Catalunya	037
@dolsaber	<a href="https://twitter.com/dolsaber" target="_blank">dolsaber</a>	4	0	1	88	242	1955		034
@DolsR	<a href="https://twitter.com/DolsR" target="_blank">DolsR</a>	28	0	3	366	428	35650	Barcelona	014
@Dom70Bcn	<a href="https://twitter.com/Dom70Bcn" target="_blank">Dom70Bcn</a>	12	1	1	3923	3288	117799	Barcelona	014
@domene_maria	<a href="https://twitter.com/domene_maria" target="_blank">domene_maria</a>	7	0	2	38	170	990	Olot (Catalonia), Bloomington, IN (USA)	015
@domenech_lluis	<a href="https://twitter.com/domenech_lluis" target="_blank">domenech_lluis</a>	77	0	6	950	2902	29578		003
@DomenechCompte	<a href="https://twitter.com/DomenechCompte" target="_blank">DomenechCompte</a>	3	0	1	132	555	6523		004
@DomenecUrgell	<a href="https://twitter.com/DomenecUrgell" target="_blank">DomenecUrgell</a>	1	0	1	107	333	350		039
@DonBoti	<a href="https://twitter.com/DonBoti" target="_blank">DonBoti</a>	3	0	1	94	252	873	London	149
@DonSindulfo	<a href="https://twitter.com/DonSindulfo" target="_blank">DonSindulfo</a>	5	0	1	242	373	8476	Bàfols de Renyer, República de Catalunya	447
@dora_nicoletta	<a href="https://twitter.com/dora_nicoletta" target="_blank">dora_nicoletta</a>	32	0	4	13074	11179	255114	Barcelona, Catalunya	014
@DoraPau	<a href="https://twitter.com/DoraPau" target="_blank">DoraPau</a>	2	0	1	66	268	1889	Torrelles de Llobregat	003
@dparcerisageo	<a href="https://twitter.com/dparcerisageo" target="_blank">dparcerisageo</a>	2	0	1	133	253	635	Manresa	355
@dpastorbcn	<a href="https://twitter.com/dpastorbcn" target="_blank">dpastorbcn</a>	8	0	1	250	735	8062		009
@dpe1979j	<a href="https://twitter.com/dpe1979j" target="_blank">dpe1979j</a>	3	0	1	89	228	831	Santa Eulàlia Puig-oriol CAT.	036
@dpmbdn	<a href="https://twitter.com/dpmbdn" target="_blank">dpmbdn</a>	2	0	1	145	340	5084	Badalona,  Catalunya.	007
@dracoilluna	<a href="https://twitter.com/dracoilluna" target="_blank">dracoilluna</a>	4	0	1	15	573	1183		003
@dractrek	<a href="https://twitter.com/dractrek" target="_blank">dractrek</a>	6	0	1	330	3023	3836	Cervera, Espanya	003
@dramercelgrau	<a href="https://twitter.com/dramercelgrau" target="_blank">dramercelgrau</a>	3	0	1	350	1070	1675	Catalunya!!!!! ICS Bcn. VHIR	003
@DraRubioMayol	<a href="https://twitter.com/DraRubioMayol" target="_blank">DraRubioMayol</a>	31	1	0	861	1304	33770	La Selva del Camp	017
@draudediaz	<a href="https://twitter.com/draudediaz" target="_blank">draudediaz</a>	3	0	1	547	601	5900		005
@dravirgili	<a href="https://twitter.com/dravirgili" target="_blank">dravirgili</a>	1	0	1	69	156	869	Barcelona	061
@drdavie	<a href="https://twitter.com/drdavie" target="_blank">drdavie</a>	3	0	1	473	753	6985	Catalunya	017
@dreamcule	<a href="https://twitter.com/dreamcule" target="_blank">dreamcule</a>	6	0	1	609	1049	22441	Barcelona -City	003
@Drehgestell	<a href="https://twitter.com/Drehgestell" target="_blank">Drehgestell</a>	9	0	2	520	591	130454	Badalona	017
@DrRCardenasSM	<a href="https://twitter.com/DrRCardenasSM" target="_blank">DrRCardenasSM</a>	1	0	1	17	102	40		136
@ducamal	<a href="https://twitter.com/ducamal" target="_blank">ducamal</a>	8	0	2	439	450	50212		011
@DucMantua	<a href="https://twitter.com/DucMantua" target="_blank">DucMantua</a>	2	0	1	4024	914	37004	Llombardia, estiuejo a Síbaris	157
@Duende_pepe	<a href="https://twitter.com/Duende_pepe" target="_blank">Duende_pepe</a>	2	0	1	93	281	8013		002
@DUISISI	<a href="https://twitter.com/DUISISI" target="_blank">DUISISI</a>	11	0	1	776	670	16089	Visca Catalunya	028
@dulces_gomitas	<a href="https://twitter.com/dulces_gomitas" target="_blank">dulces_gomitas</a>	1	0	1	338	165	2849		474
@dulcevictoralex	<a href="https://twitter.com/dulcevictoralex" target="_blank">dulcevictoralex</a>	20	0	1	26	59	1766		103
@Dunandunating	<a href="https://twitter.com/Dunandunating" target="_blank">Dunandunating</a>	2	0	1	20	250	164		017
@Dunia_Perdrix	<a href="https://twitter.com/Dunia_Perdrix" target="_blank">Dunia_Perdrix</a>	2	0	1	58	260	780		034
@DupIoH	<a href="https://twitter.com/DupIoH" target="_blank">DupIoH</a>	1	0	1	340	161	5263	Mação, Portugal	466
@dur_cas	<a href="https://twitter.com/dur_cas" target="_blank">dur_cas</a>	2	0	1	245	343	6314	Badalona, Catalunya	006
@DuroBelinda	<a href="https://twitter.com/DuroBelinda" target="_blank">DuroBelinda</a>	11	0	1	4764	4666	525018	Molina de Segura, España	005
@dvallespi	<a href="https://twitter.com/dvallespi" target="_blank">dvallespi</a>	29	0	7	2428	1856	120283	Barcelona - Catalunya	061
@dvcabrera	<a href="https://twitter.com/dvcabrera" target="_blank">dvcabrera</a>	11	0	1	210	495	4122	Catalunya	003
@dvdbou	<a href="https://twitter.com/dvdbou" target="_blank">dvdbou</a>	0	5	0					214
@dvdryder	<a href="https://twitter.com/dvdryder" target="_blank">dvdryder</a>	8	0	1	194	591	16289		002
@dwnido	<a href="https://twitter.com/dwnido" target="_blank">dwnido</a>	1	0	1	103	377	1792		201
@EAarteako12	<a href="https://twitter.com/EAarteako12" target="_blank">EAarteako12</a>	47	0	2	359	1164	21319	Euskal Herria	012
@ealmirall	<a href="https://twitter.com/ealmirall" target="_blank">ealmirall</a>	1	0	1	1948	762	2042	Barcelona	005
@eba70	<a href="https://twitter.com/eba70" target="_blank">eba70</a>	17	0	1	1457	1516	42279		129
@ebassegoda	<a href="https://twitter.com/ebassegoda" target="_blank">ebassegoda</a>	0	1	0					003
@ebreah	<a href="https://twitter.com/ebreah" target="_blank">ebreah</a>	16	0	11	890	1928	53913	Kedah, Malaysia ~ Scotland	029
@ECastell9	<a href="https://twitter.com/ECastell9" target="_blank">ECastell9</a>	8	0	2	12	47	2242		034
@EchavarrRuiz	<a href="https://twitter.com/EchavarrRuiz" target="_blank">EchavarrRuiz</a>	1	0	1	73	295	1007		010
@ecliqu	<a href="https://twitter.com/ecliqu" target="_blank">ecliqu</a>	2	0	1	113	200	7839	Barcelona, Catalunya	174
@economiacat1	<a href="https://twitter.com/economiacat1" target="_blank">economiacat1</a>	18	0	1	1319	362	29547	Catalunya	139
@ecrem19	<a href="https://twitter.com/ecrem19" target="_blank">ecrem19</a>	1	0	1	16	266	628		003
@edel_vs	<a href="https://twitter.com/edel_vs" target="_blank">edel_vs</a>	2	0	1	68	134	603	Sta Perpètua de Mogoda	007
@edgar_aymo	<a href="https://twitter.com/edgar_aymo" target="_blank">edgar_aymo</a>	13	0	3	64	264	20957		003
@edgarpima	<a href="https://twitter.com/edgarpima" target="_blank">edgarpima</a>	7	0	1	375	440	20090	Els Hostalets de Pierola-Sants	034
@EdgarSTejada	<a href="https://twitter.com/EdgarSTejada" target="_blank">EdgarSTejada</a>	0	2	0					180
@ediar	<a href="https://twitter.com/ediar" target="_blank">ediar</a>	27	0	1	729	1296	137367	Mataró	514
@EditorsMeteora	<a href="https://twitter.com/EditorsMeteora" target="_blank">EditorsMeteora</a>	1	0	1	5464	2544	15811	Barcelona	017
@EDMANUEL1234	<a href="https://twitter.com/EDMANUEL1234" target="_blank">EDMANUEL1234</a>	21	0	1	1227	2129	28836	BARCELONA	014
@edomenech76	<a href="https://twitter.com/edomenech76" target="_blank">edomenech76</a>	3	0	1	244	855	1292	Catalunya	003
@edu_kast	<a href="https://twitter.com/edu_kast" target="_blank">edu_kast</a>	5	0	1	71	150	1338		215
@Edu_sanroma	<a href="https://twitter.com/Edu_sanroma" target="_blank">Edu_sanroma</a>	1	0	1	957	2266	4108	Vila-rodona	037
@eduard_roge	<a href="https://twitter.com/eduard_roge" target="_blank">eduard_roge</a>	7	0	1	36	252	545	Mataró (Barcelona) CATALUNYA	003
@eduardboada	<a href="https://twitter.com/eduardboada" target="_blank">eduardboada</a>	7	0	1	1150	994	14262	Catalonia ✈ Camp de Tarragona	003
@eduardcabus	<a href="https://twitter.com/eduardcabus" target="_blank">eduardcabus</a>	4	9	0	14503	5921	82460		003
@EduardJan76	<a href="https://twitter.com/EduardJan76" target="_blank">EduardJan76</a>	2	0	1	23	701	713	Catalunya	034
@EduardMartiRoca	<a href="https://twitter.com/EduardMartiRoca" target="_blank">EduardMartiRoca</a>	1	1	1	317	355	1105	Sant Miquel de Fluvià	317
@eduardmata	<a href="https://twitter.com/eduardmata" target="_blank">eduardmata</a>	13	0	1	1753	1355	44405	Castelldefels-Catalunya	182
@eduardrob	<a href="https://twitter.com/eduardrob" target="_blank">eduardrob</a>	2	0	1	583	936	1789	la Sénia	017
@EduardVancells	<a href="https://twitter.com/EduardVancells" target="_blank">EduardVancells</a>	0	7	0					025
@eduardvarorn	<a href="https://twitter.com/eduardvarorn" target="_blank">eduardvarorn</a>	11	0	1	658	567	38877	Barcelona, Espanya	168
@edubugaloo	<a href="https://twitter.com/edubugaloo" target="_blank">edubugaloo</a>	5	0	1	130	282	519		049
@EduPoloBosch	<a href="https://twitter.com/EduPoloBosch" target="_blank">EduPoloBosch</a>	0	35	0					139
@EduSolaOlot	<a href="https://twitter.com/EduSolaOlot" target="_blank">EduSolaOlot</a>	0	2	0					088
@Eduvilamax	<a href="https://twitter.com/Eduvilamax" target="_blank">Eduvilamax</a>	1	0	1	146	303	3335		073
@ee_clotilde	<a href="https://twitter.com/ee_clotilde" target="_blank">ee_clotilde</a>	4	0	1	43	338	3095		012
@Eenric	<a href="https://twitter.com/Eenric" target="_blank">Eenric</a>	1	0	1	83	467	8057	Barcelona	003
@ef90a7f96e624bd	<a href="https://twitter.com/ef90a7f96e624bd" target="_blank">ef90a7f96e624bd</a>	14	0	1	261	256	15019	Roquetes, Catalunya	135
@efbipi	<a href="https://twitter.com/efbipi" target="_blank">efbipi</a>	2	0	1	381	763	5668	World	003
@eferbel	<a href="https://twitter.com/eferbel" target="_blank">eferbel</a>	8	0	1	96	124	21349		003
@efernandezo2010	<a href="https://twitter.com/efernandezo2010" target="_blank">efernandezo2010</a>	12	0	1	171	197	20740	Barcelona	003
@egracieb	<a href="https://twitter.com/egracieb" target="_blank">egracieb</a>	8	0	1	3301	3293	85703	Scotland	016
@eguell5	<a href="https://twitter.com/eguell5" target="_blank">eguell5</a>	1	0	1	32	75	2553		034
@eguellp	<a href="https://twitter.com/eguellp" target="_blank">eguellp</a>	3	0	2	121	306	6201		014
@ehbildubizkaia	<a href="https://twitter.com/ehbildubizkaia" target="_blank">ehbildubizkaia</a>	8	0	1	2621	773	18707	Bizkaia	362
@ehbilduelorrio	<a href="https://twitter.com/ehbilduelorrio" target="_blank">ehbilduelorrio</a>	0	1	0					362
@ehbildugasteiz	<a href="https://twitter.com/ehbildugasteiz" target="_blank">ehbildugasteiz</a>	1	1	0	3954	2392	15537	Euskal Herria	361
@ehbildustz	<a href="https://twitter.com/ehbildustz" target="_blank">ehbildustz</a>	0	1	0					045
@Ehyrt	<a href="https://twitter.com/Ehyrt" target="_blank">Ehyrt</a>	11	0	1	1435	1083	63753	Èrtia -Terra de nous principis	277
@eiamir7	<a href="https://twitter.com/eiamir7" target="_blank">eiamir7</a>	4	0	2	394	1380	2705		109
@eiaortiz	<a href="https://twitter.com/eiaortiz" target="_blank">eiaortiz</a>	6	0	1	40	550	2082		003
@EilisBover	<a href="https://twitter.com/EilisBover" target="_blank">EilisBover</a>	1	0	1	102	763	257	Matxitxako head, Bizkaia, Basque Country.	026
@Eivipop	<a href="https://twitter.com/Eivipop" target="_blank">Eivipop</a>	1	3	0	245	661	1841	Terrassa	237
@Eiximena	<a href="https://twitter.com/Eiximena" target="_blank">Eiximena</a>	7	0	1	733	925	83744		193
@EizanRosa	<a href="https://twitter.com/EizanRosa" target="_blank">EizanRosa</a>	1	0	1	260	1413	5097	, España	022
@El_bana26	<a href="https://twitter.com/El_bana26" target="_blank">El_bana26</a>	3	0	1	215	596	5332		005
@El_cen_pesos	<a href="https://twitter.com/El_cen_pesos" target="_blank">El_cen_pesos</a>	16	0	2	46	69	2602	Narón, España	034
@El_Foment	<a href="https://twitter.com/El_Foment" target="_blank">El_Foment</a>	4	3	0	2447	558	3460	Igualada-Països Catalans	242
@El_ruc	<a href="https://twitter.com/El_ruc" target="_blank">El_ruc</a>	1	0	1	27	131	2022		003
@Elbuhoiv	<a href="https://twitter.com/Elbuhoiv" target="_blank">Elbuhoiv</a>	5	0	1	280	425	4580	España	004
@elcairo_ajg	<a href="https://twitter.com/elcairo_ajg" target="_blank">elcairo_ajg</a>	0	1	0					026
@eldavidnopara	<a href="https://twitter.com/eldavidnopara" target="_blank">eldavidnopara</a>	3	0	1	1411	1956	3127	Dublin Barcelona	014
@eldelmaleti	<a href="https://twitter.com/eldelmaleti" target="_blank">eldelmaleti</a>	9	0	1	276	727	12034	Catalonia, an European State	004
@electricblau	<a href="https://twitter.com/electricblau" target="_blank">electricblau</a>	5	0	1	130	362	1544	Països Catalans	014
@elegb82	<a href="https://twitter.com/elegb82" target="_blank">elegb82</a>	7	0	2	24	150	1931		014
@eleja00	<a href="https://twitter.com/eleja00" target="_blank">eleja00</a>	2	0	2	57	347	2628	euskal herria	050
@elektrogeist_	<a href="https://twitter.com/elektrogeist_" target="_blank">elektrogeist_</a>	3	0	1	1399	171	68202	Madrid, Comunidad de Madrid	005
@elena_riera	<a href="https://twitter.com/elena_riera" target="_blank">elena_riera</a>	10	0	1	402	403	22950		034
@ELENACANALDEDIE	<a href="https://twitter.com/ELENACANALDEDIE" target="_blank">ELENACANALDEDIE</a>	2	0	1	16	27	602	Girona	006
@ElenaFarre	<a href="https://twitter.com/ElenaFarre" target="_blank">ElenaFarre</a>	5	0	1	68	120	3335	Barcelona, Catalunya	048
@ElenaGavalda	<a href="https://twitter.com/ElenaGavalda" target="_blank">ElenaGavalda</a>	1	1	0	976	600	5384		360
@elenitaol	<a href="https://twitter.com/elenitaol" target="_blank">elenitaol</a>	6	0	2	58	95	328	Tarragona, España	008
@elfonti	<a href="https://twitter.com/elfonti" target="_blank">elfonti</a>	15	0	1	139	206	24757		014
@ElGatGroc	<a href="https://twitter.com/ElGatGroc" target="_blank">ElGatGroc</a>	1	0	1	239	562	5288		003
@ElGorbs	<a href="https://twitter.com/ElGorbs" target="_blank">ElGorbs</a>	12	0	1	58	467	4456	Barcelona - Catalunya -	061
@elgris255	<a href="https://twitter.com/elgris255" target="_blank">elgris255</a>	9	0	1	29	69	1247		003
@EliaGFerrer	<a href="https://twitter.com/EliaGFerrer" target="_blank">EliaGFerrer</a>	3	0	1	103	380	441	Rubí - Barcelona - Catalunya	137
@EliBerzosa	<a href="https://twitter.com/EliBerzosa" target="_blank">EliBerzosa</a>	4	0	1	429	2286	2754	lleida	163
@elidelmoral71	<a href="https://twitter.com/elidelmoral71" target="_blank">elidelmoral71</a>	2	0	1	168	620	9431	per algun lloc perduda!	004
@eliesnova	<a href="https://twitter.com/eliesnova" target="_blank">eliesnova</a>	4	2	0	3577	4756	1070	Llívia, Catalunya	261
@elifashion2	<a href="https://twitter.com/elifashion2" target="_blank">elifashion2</a>	1	0	1	138	222	798	Lleida	003
@eligarrabou	<a href="https://twitter.com/eligarrabou" target="_blank">eligarrabou</a>	3	0	1	247	477	684	Coll de Nargó	004
@ElionordUrgell	<a href="https://twitter.com/ElionordUrgell" target="_blank">ElionordUrgell</a>	5	0	2	17	37	1021	Ermita de St Joan de Montblanc	140
@EliPericas	<a href="https://twitter.com/EliPericas" target="_blank">EliPericas</a>	7	0	1	1076	750	22193	Marata	211
@Elisab38	<a href="https://twitter.com/Elisab38" target="_blank">Elisab38</a>	2	0	1	125	301	1681	Sabadell	014
@elisabethcorbe2	<a href="https://twitter.com/elisabethcorbe2" target="_blank">elisabethcorbe2</a>	5	0	1	188	530	14052		004
@ElisabethSolCar	<a href="https://twitter.com/ElisabethSolCar" target="_blank">ElisabethSolCar</a>	32	0	5	401	371	13186		014
@ElisabetJerez	<a href="https://twitter.com/ElisabetJerez" target="_blank">ElisabetJerez</a>	1	0	1	82	206	2263		006
@ElisaBetRibera	<a href="https://twitter.com/ElisaBetRibera" target="_blank">ElisaBetRibera</a>	1	0	1	13	29	12		003
@ElisaCa61	<a href="https://twitter.com/ElisaCa61" target="_blank">ElisaCa61</a>	8	0	1	27	100	3942		003
@ElisaFontanill2	<a href="https://twitter.com/ElisaFontanill2" target="_blank">ElisaFontanill2</a>	3	0	1	35	185	1444	Poble Nou ,Barcelona	135
@Elisend26473735	<a href="https://twitter.com/Elisend26473735" target="_blank">Elisend26473735</a>	2	0	1	22	70	1109	Catalunya	023
@Elisenda66	<a href="https://twitter.com/Elisenda66" target="_blank">Elisenda66</a>	9	0	1	528	583	12120	Vilafranca del Penedès	068
@ElisendaE	<a href="https://twitter.com/ElisendaE" target="_blank">ElisendaE</a>	15	0	3	108	153	12939		026
@elisendarius	<a href="https://twitter.com/elisendarius" target="_blank">elisendarius</a>	1	2	0	305	383	801	Barcelona	267
@elissenda	<a href="https://twitter.com/elissenda" target="_blank">elissenda</a>	1	0	1	115	207	293		014
@EliusCornelius	<a href="https://twitter.com/EliusCornelius" target="_blank">EliusCornelius</a>	7	0	1	43	67	1381	Catalunya	215
@elizabeth_r_bcn	<a href="https://twitter.com/elizabeth_r_bcn" target="_blank">elizabeth_r_bcn</a>	10	0	1	261	931	5624	La Vila del Pingüí	012
@eljameimatteo	<a href="https://twitter.com/eljameimatteo" target="_blank">eljameimatteo</a>	4	0	1	143	778	2051	Bcn,London,dubai	014
@elKarles	<a href="https://twitter.com/elKarles" target="_blank">elKarles</a>	1	0	1	562	279	14232	Barcelona, Catalunya, Països C	139
@ellaorange	<a href="https://twitter.com/ellaorange" target="_blank">ellaorange</a>	14	0	3	611	1961	57251	Catalunya, Europe	199
@elLLOP9	<a href="https://twitter.com/elLLOP9" target="_blank">elLLOP9</a>	13	0	2	1100	1091	56261		174
@Ellorach	<a href="https://twitter.com/Ellorach" target="_blank">Ellorach</a>	7	0	1	223	499	12462	Barcelona	018
@ellosnosmienten	<a href="https://twitter.com/ellosnosmienten" target="_blank">ellosnosmienten</a>	10	0	1	794	1325	33254	Corrupcion de Madrid, Alcorcon	005
@elmarcmartinez	<a href="https://twitter.com/elmarcmartinez" target="_blank">elmarcmartinez</a>	2	8	0	7857	1403	13013	41°23′20″N 02°09′32″E	121
@ElMetDeRibes	<a href="https://twitter.com/ElMetDeRibes" target="_blank">ElMetDeRibes</a>	1	1	0	107	51	1875		359
@elmirallnet	<a href="https://twitter.com/elmirallnet" target="_blank">elmirallnet</a>	4	0	2	1337	438	3658	elmirall@elmirall.net	113
@Elnomnofalacosa	<a href="https://twitter.com/Elnomnofalacosa" target="_blank">Elnomnofalacosa</a>	8	1	2	532	1112	14672	República Catalana	014
@eloibb	<a href="https://twitter.com/eloibb" target="_blank">eloibb</a>	1	0	1	92	106	2872	Tarrega	003
@eloikraken	<a href="https://twitter.com/eloikraken" target="_blank">eloikraken</a>	3	0	1	661	480	20342	Jorba- Catalunya	003
@eloresotzet	<a href="https://twitter.com/eloresotzet" target="_blank">eloresotzet</a>	16	0	2	91	207	2395		015
@elpadrecorajede	<a href="https://twitter.com/elpadrecorajede" target="_blank">elpadrecorajede</a>	7	0	3	41573	151	64598	Gato	005
@elpanades	<a href="https://twitter.com/elpanades" target="_blank">elpanades</a>	7	0	1	1110	2286	35753	Catalunya	241
@ElPerku	<a href="https://twitter.com/ElPerku" target="_blank">ElPerku</a>	3	0	1	91	281	2297	Cardedeu, Barcelona	005
@ElphabaThropp10	<a href="https://twitter.com/ElphabaThropp10" target="_blank">ElphabaThropp10</a>	2	0	1	9	80	296		130
@elquemadobcn	<a href="https://twitter.com/elquemadobcn" target="_blank">elquemadobcn</a>	12	0	2	126	1181	5527		014
@ElRojoMaltes	<a href="https://twitter.com/ElRojoMaltes" target="_blank">ElRojoMaltes</a>	6	0	1	129	245	6136		165
@elsasuria	<a href="https://twitter.com/elsasuria" target="_blank">elsasuria</a>	15	0	1	88	241	15079		014
@ElSenyorRamon	<a href="https://twitter.com/ElSenyorRamon" target="_blank">ElSenyorRamon</a>	7	0	1	64	74	13793	Camí de l'espai exterior	034
@elsinki_	<a href="https://twitter.com/elsinki_" target="_blank">elsinki_</a>	1	0	1	33	102	3037		153
@elsituacionista	<a href="https://twitter.com/elsituacionista" target="_blank">elsituacionista</a>	4	0	1	1732	2916	19985	Barcelona | Sant Boi de Ll.	192
@ElsokeBarricada	<a href="https://twitter.com/ElsokeBarricada" target="_blank">ElsokeBarricada</a>	22	0	1	563	1433	17978	Primera linea de fuego.MAD-BCN	009
@elstenimplens	<a href="https://twitter.com/elstenimplens" target="_blank">elstenimplens</a>	4	0	1	53	435	2658	Catalunya	003
@eltorrat1	<a href="https://twitter.com/eltorrat1" target="_blank">eltorrat1</a>	15	0	1	295	750	5251	Manlleu	012
@eltroalfred	<a href="https://twitter.com/eltroalfred" target="_blank">eltroalfred</a>	5	0	1	56	226	2139	Andorra	410
@elTxatxu	<a href="https://twitter.com/elTxatxu" target="_blank">elTxatxu</a>	2	25	0	984	1232	14456	Torredembarra | Baix Gaià	140
@Elvellblues	<a href="https://twitter.com/Elvellblues" target="_blank">Elvellblues</a>	1	1	0	8220	8115	67754	República de Catalunya	151
@ematariu	<a href="https://twitter.com/ematariu" target="_blank">ematariu</a>	7	0	1	305	296	6533	Sant Joan de Vilatorrada	017
@EmiliBella_	<a href="https://twitter.com/EmiliBella_" target="_blank">EmiliBella_</a>	4	0	1	11424	3954	1060	Sabadell	009
@emisampedro	<a href="https://twitter.com/emisampedro" target="_blank">emisampedro</a>	0	7	0					205
@eMMa_er	<a href="https://twitter.com/eMMa_er" target="_blank">eMMa_er</a>	2	0	1	36	197	636		012
@EmmaMoramellado	<a href="https://twitter.com/EmmaMoramellado" target="_blank">EmmaMoramellado</a>	2	2	0	141	251	2390		149
@emocionycambio	<a href="https://twitter.com/emocionycambio" target="_blank">emocionycambio</a>	3	0	1	7918	7329	279158	Mayo  2014    Barcelona	014
@emontesinos46	<a href="https://twitter.com/emontesinos46" target="_blank">emontesinos46</a>	2	0	1	44	246	1435		003
@empresaZen	<a href="https://twitter.com/empresaZen" target="_blank">empresaZen</a>	4	0	1	544	537	3627	Sobre la misma Tierra que Tú	210
@En_J0rdi	<a href="https://twitter.com/En_J0rdi" target="_blank">En_J0rdi</a>	1	0	1	206	278	2018	Banyoles	031
@En_JB	<a href="https://twitter.com/En_JB" target="_blank">En_JB</a>	3	0	1	109	574	11019	Catalonia	017
@en_practiques	<a href="https://twitter.com/en_practiques" target="_blank">en_practiques</a>	3	0	1	519	2010	5125		020
@enacafo	<a href="https://twitter.com/enacafo" target="_blank">enacafo</a>	5	0	1	538	1879	11108		019
@EnalcoEnric	<a href="https://twitter.com/EnalcoEnric" target="_blank">EnalcoEnric</a>	1	0	1	65	150	336	Tonalá, Jalisco	003
@EncarnaMagin	<a href="https://twitter.com/EncarnaMagin" target="_blank">EncarnaMagin</a>	14	0	2	2188	2201	44717	Girona	012
@EnCharles_98	<a href="https://twitter.com/EnCharles_98" target="_blank">EnCharles_98</a>	14	0	1	275	261	13841	Olot, Catalunya	041
@Encoberts	<a href="https://twitter.com/Encoberts" target="_blank">Encoberts</a>	27	0	2	628	1505	52997	Xàtiva	014
@EndavantPenedes	<a href="https://twitter.com/EndavantPenedes" target="_blank">EndavantPenedes</a>	1	0	1	930	706	1139	Penedès, PPCC	038
@endermuabdib	<a href="https://twitter.com/endermuabdib" target="_blank">endermuabdib</a>	1	0	1	177	593	16287		011
@endiabad	<a href="https://twitter.com/endiabad" target="_blank">endiabad</a>	0	1	0					358
@EnElNomDelRock	<a href="https://twitter.com/EnElNomDelRock" target="_blank">EnElNomDelRock</a>	1	0	1	421	666	1586	Sabadell	004
@Enfocant	<a href="https://twitter.com/Enfocant" target="_blank">Enfocant</a>	11	0	1	3062	518	7119	Barcelona	026
@eng8181	<a href="https://twitter.com/eng8181" target="_blank">eng8181</a>	11	0	1	160	444	8824	República de Catalunya	003
@Enimvero	<a href="https://twitter.com/Enimvero" target="_blank">Enimvero</a>	2	0	1	5	68	798	Barcelona	003
@Enkofrator_TV	<a href="https://twitter.com/Enkofrator_TV" target="_blank">Enkofrator_TV</a>	15	0	4	240	856	2356	Oviedo, España	028
@enmicaverna	<a href="https://twitter.com/enmicaverna" target="_blank">enmicaverna</a>	1	0	1	271	786	2769	Reino de Castilla, Las Españas	478
@enoxtoni	<a href="https://twitter.com/enoxtoni" target="_blank">enoxtoni</a>	1	0	1	71	271	238	Vilafranca del Penedès	038
@enpepus	<a href="https://twitter.com/enpepus" target="_blank">enpepus</a>	0	5	0					106
@enRafelG	<a href="https://twitter.com/enRafelG" target="_blank">enRafelG</a>	20	0	2	1818	1976	81434	CATALUNYA	126
@Enric_Portell	<a href="https://twitter.com/Enric_Portell" target="_blank">Enric_Portell</a>	0	3	0					316
@enric_rost	<a href="https://twitter.com/enric_rost" target="_blank">enric_rost</a>	10	0	3	952	2150	22318	Barcelona	013
@Enric_Velasco	<a href="https://twitter.com/Enric_Velasco" target="_blank">Enric_Velasco</a>	13	0	1	113	220	5784		009
@Enric40065379	<a href="https://twitter.com/Enric40065379" target="_blank">Enric40065379</a>	3	0	3	13	34	73	Catalunya	026
@EnricArrazola	<a href="https://twitter.com/EnricArrazola" target="_blank">EnricArrazola</a>	12	0	1	45	86	1455		006
@EnricHeras	<a href="https://twitter.com/EnricHeras" target="_blank">EnricHeras</a>	4	0	1	17	144	2234	Barcelona, Cataluña	003
@enricolive	<a href="https://twitter.com/enricolive" target="_blank">enricolive</a>	2	0	1	991	481	4405		217
@enricpa	<a href="https://twitter.com/enricpa" target="_blank">enricpa</a>	1	0	1	164	755	2133	Bdv	003
@enricpoquet	<a href="https://twitter.com/enricpoquet" target="_blank">enricpoquet</a>	4	0	1	15	52	589		006
@enricrivero	<a href="https://twitter.com/enricrivero" target="_blank">enricrivero</a>	10	0	1	252	720	9667	Barcelona	014
@enricsicra	<a href="https://twitter.com/enricsicra" target="_blank">enricsicra</a>	9	0	2	1411	1700	11081	#Mataró - #Catalunya	134
@enricsimo	<a href="https://twitter.com/enricsimo" target="_blank">enricsimo</a>	9	0	2	1548	1248	23258	Tortosa - Terres Ebre - CAT	084
@enricsimoferre	<a href="https://twitter.com/enricsimoferre" target="_blank">enricsimoferre</a>	11	0	1	270	46	13441	Tortosa -  Terres Ebre - CAT	084
@enricsole	<a href="https://twitter.com/enricsole" target="_blank">enricsole</a>	0	1	0					014
@EnricTerrat	<a href="https://twitter.com/EnricTerrat" target="_blank">EnricTerrat</a>	1	0	1	11	13	71	Altafulla, España	014
@enrikberga	<a href="https://twitter.com/enrikberga" target="_blank">enrikberga</a>	1	0	1	29	421	883		011
@enriqueobv	<a href="https://twitter.com/enriqueobv" target="_blank">enriqueobv</a>	1	0	1	1979	2073	9461	Logroño	011
@enSergioles	<a href="https://twitter.com/enSergioles" target="_blank">enSergioles</a>	1	6	0	4608	394	19148	República de Catalunya	201
@ente_lequia	<a href="https://twitter.com/ente_lequia" target="_blank">ente_lequia</a>	8	0	1	477	1379	12573	||*||	014
@EnteraoDeMierda	<a href="https://twitter.com/EnteraoDeMierda" target="_blank">EnteraoDeMierda</a>	2	0	1	78	216	473	Stupidland	393
@entitatger	<a href="https://twitter.com/entitatger" target="_blank">entitatger</a>	6	0	1	873	109	2746	Sant Pere de Ribes (Garraf)	026
@eoriol	<a href="https://twitter.com/eoriol" target="_blank">eoriol</a>	1	1	0	496	684	567	Sants, Barcelona	354
@eowynonfire	<a href="https://twitter.com/eowynonfire" target="_blank">eowynonfire</a>	5	0	2	19	125	1816	Barcelona, España	008
@EPanisello94	<a href="https://twitter.com/EPanisello94" target="_blank">EPanisello94</a>	17	0	1	430	1168	6623		102
@epertinez	<a href="https://twitter.com/epertinez" target="_blank">epertinez</a>	3	0	1	1246	2018	17026		003
@EPSEMDemocracia	<a href="https://twitter.com/EPSEMDemocracia" target="_blank">EPSEMDemocracia</a>	0	1	0					355
@erakasi	<a href="https://twitter.com/erakasi" target="_blank">erakasi</a>	1	0	1	187	2230	2989	Euskal Herria	122
@erc_catcentral	<a href="https://twitter.com/erc_catcentral" target="_blank">erc_catcentral</a>	2	0	1	945	642	4938		174
@ERC_dones	<a href="https://twitter.com/ERC_dones" target="_blank">ERC_dones</a>	3	0	1	2480	612	3004		465
@ERC_Dosrius	<a href="https://twitter.com/ERC_Dosrius" target="_blank">ERC_Dosrius</a>	1	1	0	471	516	1222	El Maresme	356
@ERC_economia	<a href="https://twitter.com/ERC_economia" target="_blank">ERC_economia</a>	1	0	1	3058	1431	6823	Països Catalans	174
@ERC_gracia	<a href="https://twitter.com/ERC_gracia" target="_blank">ERC_gracia</a>	2	1	1	1492	1144	6327	Gràcia, Barcelona, Catalunya	015
@ERC_SEB	<a href="https://twitter.com/ERC_SEB" target="_blank">ERC_SEB</a>	0	2	0					056
@ERCCalella	<a href="https://twitter.com/ERCCalella" target="_blank">ERCCalella</a>	3	1	1	714	574	3967	Calella	051
@ErcCornella	<a href="https://twitter.com/ErcCornella" target="_blank">ErcCornella</a>	1	6	0	729	473	1167	Cornellà de Llobregat	040
@ERCGava	<a href="https://twitter.com/ERCGava" target="_blank">ERCGava</a>	7	0	1	1290	2118	15894	Gavà, Catalunya, Europa	003
@ERClaBisbal	<a href="https://twitter.com/ERClaBisbal" target="_blank">ERClaBisbal</a>	0	1	0					015
@ERCOlot	<a href="https://twitter.com/ERCOlot" target="_blank">ERCOlot</a>	0	2	0					041
@ERCOsona	<a href="https://twitter.com/ERCOsona" target="_blank">ERCOsona</a>	31	1	2	1281	566	9679	Osona, Països Catalans	056
@ERCPirineu	<a href="https://twitter.com/ERCPirineu" target="_blank">ERCPirineu</a>	3	0	1	1133	985	1904		261
@ERCpm	<a href="https://twitter.com/ERCpm" target="_blank">ERCpm</a>	3	0	1	693	471	5006	c/Marina, 49	015
@ERCReus	<a href="https://twitter.com/ERCReus" target="_blank">ERCReus</a>	3	1	0	1739	1620	5509	Reus, Catalunya	353
@ERCVallesOr	<a href="https://twitter.com/ERCVallesOr" target="_blank">ERCVallesOr</a>	3	4	1	1229	993	4758	Valles Oriental	217
@ericbertran	<a href="https://twitter.com/ericbertran" target="_blank">ericbertran</a>	5	0	1	8185	758	14556	Lloret de Mar, Catalunya	188
@EricBM_Corb	<a href="https://twitter.com/EricBM_Corb" target="_blank">EricBM_Corb</a>	9	1	1	427	1379	6826		007
@ericcatalunya	<a href="https://twitter.com/ericcatalunya" target="_blank">ericcatalunya</a>	3	0	1	18029	18305	73270	#CATEXIT	007
@ericfcktm	<a href="https://twitter.com/ericfcktm" target="_blank">ericfcktm</a>	2	0	1	751	1136	3432	VALLS	029
@erill_m	<a href="https://twitter.com/erill_m" target="_blank">erill_m</a>	3	0	1	42	132	1032	Bellver de Cerdanya, España	006
@ermitanyus	<a href="https://twitter.com/ermitanyus" target="_blank">ermitanyus</a>	12	0	2	406	935	18021	Bcn i Montserrat	120
@Ernest_Vidal	<a href="https://twitter.com/Ernest_Vidal" target="_blank">Ernest_Vidal</a>	1	0	1	45	190	2281	Catalonia next state in Europe	344
@ernest1714	<a href="https://twitter.com/ernest1714" target="_blank">ernest1714</a>	3	0	1	283	592	5494	Catalunya	433
@ernestbotbot	<a href="https://twitter.com/ernestbotbot" target="_blank">ernestbotbot</a>	1	0	1	225	895	1489		003
@ernestcentellas	<a href="https://twitter.com/ernestcentellas" target="_blank">ernestcentellas</a>	9	0	2	1322	2080	38002	Manresa - Catalunya	129
@ernestpantxo	<a href="https://twitter.com/ernestpantxo" target="_blank">ernestpantxo</a>	0	2	0					051
@ErnestPinsap	<a href="https://twitter.com/ErnestPinsap" target="_blank">ErnestPinsap</a>	33	0	1	258	1468	41808		192
@ernestrelrod74	<a href="https://twitter.com/ernestrelrod74" target="_blank">ernestrelrod74</a>	2	0	1	436	437	3367	Mataró, Cataluña	003
@ernestsegura	<a href="https://twitter.com/ernestsegura" target="_blank">ernestsegura</a>	1	0	1	125	252	858		003
@Erns_Hummer	<a href="https://twitter.com/Erns_Hummer" target="_blank">Erns_Hummer</a>	1	0	1	12	79	263		003
@errajota	<a href="https://twitter.com/errajota" target="_blank">errajota</a>	3	0	1	392	570	36864		014
@errjey	<a href="https://twitter.com/errjey" target="_blank">errjey</a>	8	0	1	150	99	19140	Barcelona	004
@Es01742275	<a href="https://twitter.com/Es01742275" target="_blank">Es01742275</a>	6	0	1	1487	1365	117237		003
@esabatc	<a href="https://twitter.com/esabatc" target="_blank">esabatc</a>	6	0	1	433	1037	18068		003
@esairt	<a href="https://twitter.com/esairt" target="_blank">esairt</a>	1	0	1	76	247	1048		004
@ESalavedra	<a href="https://twitter.com/ESalavedra" target="_blank">ESalavedra</a>	1	0	1	44	63	276		175
@escamilla_ester	<a href="https://twitter.com/escamilla_ester" target="_blank">escamilla_ester</a>	1	0	1	2	46	24	Sant Miquel de Campmajor, Espanya	010
@Escampiquipugui	<a href="https://twitter.com/Escampiquipugui" target="_blank">Escampiquipugui</a>	6	0	1	265	876	8658		014
@escanueladrums	<a href="https://twitter.com/escanueladrums" target="_blank">escanueladrums</a>	21	0	2	274	575	5340	Les Franqueses del Vallès BCN	002
@escipion2003	<a href="https://twitter.com/escipion2003" target="_blank">escipion2003</a>	1	0	1	3180	2459	68069	España	205
@Esclarmund	<a href="https://twitter.com/Esclarmund" target="_blank">Esclarmund</a>	4	0	1	146	111	1710	Barceloneta	003
@escolabarnola	<a href="https://twitter.com/escolabarnola" target="_blank">escolabarnola</a>	1	1	0	91	34	166		352
@escompani	<a href="https://twitter.com/escompani" target="_blank">escompani</a>	7	0	1	12	51	940	Molins de Rei	002
@escudellat	<a href="https://twitter.com/escudellat" target="_blank">escudellat</a>	1	10	0	16399	2550	52359	mai sé on sóc.	161
@escuin4	<a href="https://twitter.com/escuin4" target="_blank">escuin4</a>	3	0	1	249	486	3626		005
@escuincle67	<a href="https://twitter.com/escuincle67" target="_blank">escuincle67</a>	3	1	0	282	311	8063	Barcelona	351
@esgirones	<a href="https://twitter.com/esgirones" target="_blank">esgirones</a>	10	0	1	96	324	7084		007
@esmalts	<a href="https://twitter.com/esmalts" target="_blank">esmalts</a>	3	0	1	395	534	12178	Barcelona	165
@espaispelsomnis	<a href="https://twitter.com/espaispelsomnis" target="_blank">espaispelsomnis</a>	8	0	2	1924	1506	4664	Igualada	169
@EspanaMontse	<a href="https://twitter.com/EspanaMontse" target="_blank">EspanaMontse</a>	2	0	1	9	62	445	Barcelona	003
@esparverat	<a href="https://twitter.com/esparverat" target="_blank">esparverat</a>	3	0	1	16	83	1039	Als cels, d comarques, al nord	014
@EspeFarrerons	<a href="https://twitter.com/EspeFarrerons" target="_blank">EspeFarrerons</a>	2	0	1	10	84	811		012
@Espellum1956	<a href="https://twitter.com/Espellum1956" target="_blank">Espellum1956</a>	3	0	1	5	22	270		174
@Espera1000	<a href="https://twitter.com/Espera1000" target="_blank">Espera1000</a>	38	0	4	736	838	70117	Sant Cugat -Catalonia-	007
@esplaiscatalans	<a href="https://twitter.com/esplaiscatalans" target="_blank">esplaiscatalans</a>	0	1	0					350
@espoorna	<a href="https://twitter.com/espoorna" target="_blank">espoorna</a>	2	0	1	18	92	2595		003
@esportpelsi	<a href="https://twitter.com/esportpelsi" target="_blank">esportpelsi</a>	0	5	0					213
@espurnadefoc	<a href="https://twitter.com/espurnadefoc" target="_blank">espurnadefoc</a>	2	0	1	176	503	5478		021
@Esquerra_ERC	<a href="https://twitter.com/Esquerra_ERC" target="_blank">Esquerra_ERC</a>	23	0	2	261100	100121	71232	Països Catalans	014
@esquerra_Salt	<a href="https://twitter.com/esquerra_Salt" target="_blank">esquerra_Salt</a>	4	1	1	963	791	3847	Salt	541
@esquerravila	<a href="https://twitter.com/esquerravila" target="_blank">esquerravila</a>	1	0	1	414	994	1029	Viladecavalls - Catalunya	174
@esquerresarbeca	<a href="https://twitter.com/esquerresarbeca" target="_blank">esquerresarbeca</a>	0	1	0					349
@Esquitx17	<a href="https://twitter.com/Esquitx17" target="_blank">Esquitx17</a>	43	3	5	3225	3159	181256	Vilanna, Girona, Catalunya	014
@ESslvado	<a href="https://twitter.com/ESslvado" target="_blank">ESslvado</a>	4	0	1	14	117	2136		004
@Estacadebares	<a href="https://twitter.com/Estacadebares" target="_blank">Estacadebares</a>	10	0	1	2870	3217	287548		026
@estafademocrata	<a href="https://twitter.com/estafademocrata" target="_blank">estafademocrata</a>	4	0	1	44	250	162	República Bananera	003
@EstanisVayreda	<a href="https://twitter.com/EstanisVayreda" target="_blank">EstanisVayreda</a>	1	2	0	2352	2613	5535		260
@EstebanRusso	<a href="https://twitter.com/EstebanRusso" target="_blank">EstebanRusso</a>	6	0	1	509	1516	3190	Catalunya	003
@esteladafree	<a href="https://twitter.com/esteladafree" target="_blank">esteladafree</a>	1	0	1	9	135	96	l'Hospitalet de Llobregat, Espanya	006
@EstelPouPrim	<a href="https://twitter.com/EstelPouPrim" target="_blank">EstelPouPrim</a>	1	0	1	78	79	1955	Barcelona, Cataluña	169
@estemon	<a href="https://twitter.com/estemon" target="_blank">estemon</a>	36	0	3	458	528	6387	Barcelona	004
@ester_alias	<a href="https://twitter.com/ester_alias" target="_blank">ester_alias</a>	21	0	1	168	215	7980		003
@Ester_cat1714	<a href="https://twitter.com/Ester_cat1714" target="_blank">Ester_cat1714</a>	1	0	1	31	85	747	osona; Catalunya	010
@ester_ets	<a href="https://twitter.com/ester_ets" target="_blank">ester_ets</a>	1	0	1	47	350	774		002
@Ester2912	<a href="https://twitter.com/Ester2912" target="_blank">Ester2912</a>	3	0	2	5	68	260		020
@esterfba	<a href="https://twitter.com/esterfba" target="_blank">esterfba</a>	1	0	1	191	387	317	Sant Sadurní d'Anoia	006
@EsterFranquesaB	<a href="https://twitter.com/EsterFranquesaB" target="_blank">EsterFranquesaB</a>	2	0	1	2090	1182	13914	Sóc badalonina	007
@estermartia	<a href="https://twitter.com/estermartia" target="_blank">estermartia</a>	35	0	3	2718	4999	170294	Tortosa	014
@esteve_folch	<a href="https://twitter.com/esteve_folch" target="_blank">esteve_folch</a>	9	0	1	20	66	2726		005
@esteve_sol	<a href="https://twitter.com/esteve_sol" target="_blank">esteve_sol</a>	5	0	2	20	78	1155		135
@Esteve67575199	<a href="https://twitter.com/Esteve67575199" target="_blank">Esteve67575199</a>	5	0	1	13	91	629		004
@estevebq	<a href="https://twitter.com/estevebq" target="_blank">estevebq</a>	8	0	1	237	474	5192	Antartica	023
@estevecamps	<a href="https://twitter.com/estevecamps" target="_blank">estevecamps</a>	4	0	1	1493	1026	14688	#Osona #Vilatorta	270
@esteveestrada	<a href="https://twitter.com/esteveestrada" target="_blank">esteveestrada</a>	0	2	0					259
@Esther_Cat3005	<a href="https://twitter.com/Esther_Cat3005" target="_blank">Esther_Cat3005</a>	20	0	1	51	54	17315		013
@EstherCG67	<a href="https://twitter.com/EstherCG67" target="_blank">EstherCG67</a>	8	0	1	32	97	3999		004
@ESTHERGIRBAU	<a href="https://twitter.com/ESTHERGIRBAU" target="_blank">ESTHERGIRBAU</a>	1	0	1	23	43	451	CATALUNYA	012
@EstherMarti8	<a href="https://twitter.com/EstherMarti8" target="_blank">EstherMarti8</a>	46	0	1	98	350	8726	el Guinardo, Barcelona	174
@esthermiras	<a href="https://twitter.com/esthermiras" target="_blank">esthermiras</a>	13	0	1	254	1222	15485		007
@Esthher1973	<a href="https://twitter.com/Esthher1973" target="_blank">Esthher1973</a>	9	0	1	32	162	1764		003
@esthumbe	<a href="https://twitter.com/esthumbe" target="_blank">esthumbe</a>	2	0	1	15	46	451		203
@estimolavida	<a href="https://twitter.com/estimolavida" target="_blank">estimolavida</a>	6	0	1	34	37	1716		003
@estonadecel	<a href="https://twitter.com/estonadecel" target="_blank">estonadecel</a>	1	0	1	187	521	2650	Catalunya //*//	216
@EstorachOtilia	<a href="https://twitter.com/EstorachOtilia" target="_blank">EstorachOtilia</a>	58	0	3	36	252	10394		017
@EstradaLaia	<a href="https://twitter.com/EstradaLaia" target="_blank">EstradaLaia</a>	3	117	0	3241	1175	5403		026
@estratosferic	<a href="https://twitter.com/estratosferic" target="_blank">estratosferic</a>	13	0	1	93	112	4346	Catalunya	026
@estresaf	<a href="https://twitter.com/estresaf" target="_blank">estresaf</a>	1	0	1	2117	2100	37168	Alt Maresme - Catalunya	163
@estripaboires	<a href="https://twitter.com/estripaboires" target="_blank">estripaboires</a>	3	0	1	208	604	4694	Catalunya (Nació)	004
@estruchg	<a href="https://twitter.com/estruchg" target="_blank">estruchg</a>	2	0	1	51	267	821	Aguilar de Segarra	015
@estudiantsudg	<a href="https://twitter.com/estudiantsudg" target="_blank">estudiantsudg</a>	1	0	1	3595	852	7154	Girona	065
@esvallles	<a href="https://twitter.com/esvallles" target="_blank">esvallles</a>	2	0	2	106	555	3114	palau	014
@etassies	<a href="https://twitter.com/etassies" target="_blank">etassies</a>	0	12	0					136
@EternaSomos	<a href="https://twitter.com/EternaSomos" target="_blank">EternaSomos</a>	11	0	1	1868	1570	34870		014
@euccastro	<a href="https://twitter.com/euccastro" target="_blank">euccastro</a>	3	0	1	184	213	14497		003
@eudald_serra	<a href="https://twitter.com/eudald_serra" target="_blank">eudald_serra</a>	0	3	0					234
@eudaldc	<a href="https://twitter.com/eudaldc" target="_blank">eudaldc</a>	9	0	1	128	196	3398	Catalunya	003
@eugeni_tortuga	<a href="https://twitter.com/eugeni_tortuga" target="_blank">eugeni_tortuga</a>	1	0	1	1126	306	1194	Catalonia	007
@Eugeni89545990	<a href="https://twitter.com/Eugeni89545990" target="_blank">Eugeni89545990</a>	2	0	1	2	107	662		198
@eugenia_bello	<a href="https://twitter.com/eugenia_bello" target="_blank">eugenia_bello</a>	5	0	2	65	259	4501		002
@EulaliaSara	<a href="https://twitter.com/EulaliaSara" target="_blank">EulaliaSara</a>	11	0	1	514	531	21593	Spain	014
@EUPARTYEFA	<a href="https://twitter.com/EUPARTYEFA" target="_blank">EUPARTYEFA</a>	6	0	1	4610	1514	18130	BRUSSELS	015
@Euria_Lauburu	<a href="https://twitter.com/Euria_Lauburu" target="_blank">Euria_Lauburu</a>	5	0	5	12	110	611		047
@euroeuropa	<a href="https://twitter.com/euroeuropa" target="_blank">euroeuropa</a>	11	3	1	8737	7456	188801	1949DONEC PERFICIAM RepúbliCAT	014
@EUROLANG	<a href="https://twitter.com/EUROLANG" target="_blank">EUROLANG</a>	2	7	0	3647	1422	8969	Brussels, Truro, Barcelona.	206
@Eusaiak	<a href="https://twitter.com/Eusaiak" target="_blank">Eusaiak</a>	1	0	1	15	50	13	Barcelona	091
@Euskalherriaske	<a href="https://twitter.com/Euskalherriaske" target="_blank">Euskalherriaske</a>	11	0	1	5201	5571	87824	Bizkaia - Euskal Herria	012
@Eva_Gene	<a href="https://twitter.com/Eva_Gene" target="_blank">Eva_Gene</a>	7	1	1	3792	3199	59573	Vilanova de la Barca - Segrià	174
@evaclauso	<a href="https://twitter.com/evaclauso" target="_blank">evaclauso</a>	0	2	0					256
@evacollell_psic	<a href="https://twitter.com/evacollell_psic" target="_blank">evacollell_psic</a>	1	0	1	300	349	2863	Girona	510
@evacric	<a href="https://twitter.com/evacric" target="_blank">evacric</a>	0	1	0					347
@evaflotats	<a href="https://twitter.com/evaflotats" target="_blank">evaflotats</a>	1	0	1	102	208	358		004
@evahpll	<a href="https://twitter.com/evahpll" target="_blank">evahpll</a>	4	0	1	4	15	1284	Barcelona	174
@evalluvic	<a href="https://twitter.com/evalluvic" target="_blank">evalluvic</a>	0	9	0					126
@EvamolloNov	<a href="https://twitter.com/EvamolloNov" target="_blank">EvamolloNov</a>	14	0	2	4273	4622	75670	Barcelona	014
@evandellos	<a href="https://twitter.com/evandellos" target="_blank">evandellos</a>	0	1	0					345
@evapruja	<a href="https://twitter.com/evapruja" target="_blank">evapruja</a>	2	1	0	93	219	518		346
@EvaRecoder	<a href="https://twitter.com/EvaRecoder" target="_blank">EvaRecoder</a>	1	0	1	183	261	451		250
@Evariuredondo	<a href="https://twitter.com/Evariuredondo" target="_blank">Evariuredondo</a>	1	0	1	6	61	41		003
@EvaRodrOlle	<a href="https://twitter.com/EvaRodrOlle" target="_blank">EvaRodrOlle</a>	1	0	1	113	370	1817	Vilafranca del Penedès	004
@evatrpe	<a href="https://twitter.com/evatrpe" target="_blank">evatrpe</a>	5	0	2	13	33	1410		026
@EviBaigTornar	<a href="https://twitter.com/EviBaigTornar" target="_blank">EviBaigTornar</a>	3	0	1	25	223	594		026
@evilardagav	<a href="https://twitter.com/evilardagav" target="_blank">evilardagav</a>	2	0	1	19	59	777		004
@evildraye	<a href="https://twitter.com/evildraye" target="_blank">evildraye</a>	1	0	1	544	476	4161	Scotland, Europe	483
@EvolaLlagosta	<a href="https://twitter.com/EvolaLlagosta" target="_blank">EvolaLlagosta</a>	1	0	1	125	67	1300		013
@EwanTbd	<a href="https://twitter.com/EwanTbd" target="_blank">EwanTbd</a>	1	0	1	175	302	425		157
@Ewidal	<a href="https://twitter.com/Ewidal" target="_blank">Ewidal</a>	4	0	1	1543	2878	12374		193
@exjugadorsueolo	<a href="https://twitter.com/exjugadorsueolo" target="_blank">exjugadorsueolo</a>	8	0	1	807	698	25932		012
@exVieuxtemps	<a href="https://twitter.com/exVieuxtemps" target="_blank">exVieuxtemps</a>	1	0	1	81	257	3932	Catalonia	011
@eyembieros0000	<a href="https://twitter.com/eyembieros0000" target="_blank">eyembieros0000</a>	10	0	1	1245	1860	33734		022
@ezardoya30	<a href="https://twitter.com/ezardoya30" target="_blank">ezardoya30</a>	1	0	1	425	820	2301	Tutera, Nafarroa	011
@f2008friends	<a href="https://twitter.com/f2008friends" target="_blank">f2008friends</a>	22	0	2	476	468	48537	Catalunya	003
@faberense	<a href="https://twitter.com/faberense" target="_blank">faberense</a>	5	0	1	905	1337	14849	badalona	257
@fabregat_merce	<a href="https://twitter.com/fabregat_merce" target="_blank">fabregat_merce</a>	3	0	1	6	100	132		014
@FactorRincewind	<a href="https://twitter.com/FactorRincewind" target="_blank">FactorRincewind</a>	1	0	1	127	284	3695		003
@FadaEstel	<a href="https://twitter.com/FadaEstel" target="_blank">FadaEstel</a>	12	2	0	854	887	12457	Badalona, Catalunya	167
@faidit	<a href="https://twitter.com/faidit" target="_blank">faidit</a>	1	0	1	3353	1860	29660	Vitoria-Gasteiz	367
@FAILderalisme	<a href="https://twitter.com/FAILderalisme" target="_blank">FAILderalisme</a>	9	0	1	685	687	27906	Prats del Cadí	197
@falchets	<a href="https://twitter.com/falchets" target="_blank">falchets</a>	0	1	0					307
@Falugueta1982	<a href="https://twitter.com/Falugueta1982" target="_blank">Falugueta1982</a>	2	0	1	450	811	10592		014
@FanaletFernando	<a href="https://twitter.com/FanaletFernando" target="_blank">FanaletFernando</a>	20	1	1	2050	1563	90828	Terrassa, Catalunya	004
@fanivs	<a href="https://twitter.com/fanivs" target="_blank">fanivs</a>	2	0	1	287	197	20592		011
@farmoya	<a href="https://twitter.com/farmoya" target="_blank">farmoya</a>	2	0	1	48	340	963		232
@FastRiderY	<a href="https://twitter.com/FastRiderY" target="_blank">FastRiderY</a>	16	0	2	141	220	7141		011
@fcarles58	<a href="https://twitter.com/fcarles58" target="_blank">fcarles58</a>	20	0	1	42	110	2955	TARRAGONA	014
@FCB01OCT	<a href="https://twitter.com/FCB01OCT" target="_blank">FCB01OCT</a>	21	0	1	364	577	34652	Barcelona, España	498
@fcm_190	<a href="https://twitter.com/fcm_190" target="_blank">fcm_190</a>	9	0	1	380	710	13393		014
@fdb1977	<a href="https://twitter.com/fdb1977" target="_blank">fdb1977</a>	2	0	1	30	75	405	Barcelona. Catalunya	003
@fdbetancor	<a href="https://twitter.com/fdbetancor" target="_blank">fdbetancor</a>	1	9	0	609	327	15734	Virginia (via Madrid)	124
@fdefiga	<a href="https://twitter.com/fdefiga" target="_blank">fdefiga</a>	1	0	1	778	354	591	Deltebre, Espanya	186
@fdez_jordi	<a href="https://twitter.com/fdez_jordi" target="_blank">fdez_jordi</a>	1	0	1	39	258	208	Mollet del vallès / Catalunya	184
@felicianohero	<a href="https://twitter.com/felicianohero" target="_blank">felicianohero</a>	1	0	1	37	151	428	Tenerife	018
@FelinaCantalejo	<a href="https://twitter.com/FelinaCantalejo" target="_blank">FelinaCantalejo</a>	2	0	1	36	99	1601		006
@FelipeGCan	<a href="https://twitter.com/FelipeGCan" target="_blank">FelipeGCan</a>	5	0	1	722	586	25928	Islas Canarias, España	005
@FelipPujol	<a href="https://twitter.com/FelipPujol" target="_blank">FelipPujol</a>	3	1	0	103	102	625		003
@FelipSegura	<a href="https://twitter.com/FelipSegura" target="_blank">FelipSegura</a>	1	0	1	461	1303	1646	Montserratí, Catalunya	168
@FeliuVentura	<a href="https://twitter.com/FeliuVentura" target="_blank">FeliuVentura</a>	6	0	1	18072	874	21605	Xàtiva	138
@felixriker	<a href="https://twitter.com/felixriker" target="_blank">felixriker</a>	2	0	1	85	259	6496	Sants	002
@felixsanbeltran	<a href="https://twitter.com/felixsanbeltran" target="_blank">felixsanbeltran</a>	1	0	1	36	161	10	Barcelona, España	009
@fempoblefempais	<a href="https://twitter.com/fempoblefempais" target="_blank">fempoblefempais</a>	0	1	0					255
@FenixNegre	<a href="https://twitter.com/FenixNegre" target="_blank">FenixNegre</a>	10	1	1	2424	1812	25040	Barcino, Catalonia	035
@fentpaiscat	<a href="https://twitter.com/fentpaiscat" target="_blank">fentpaiscat</a>	0	1	0					344
@ferchobm8	<a href="https://twitter.com/ferchobm8" target="_blank">ferchobm8</a>	3	0	1	149	191	8223	Barcelona	169
@fergaskon	<a href="https://twitter.com/fergaskon" target="_blank">fergaskon</a>	1	0	1	302	930	3700	Barcelona	061
@Fernandez_iudex	<a href="https://twitter.com/Fernandez_iudex" target="_blank">Fernandez_iudex</a>	19	16	0	1546	497	29113	Omnia Sunt Communia	063
@ferran2val	<a href="https://twitter.com/ferran2val" target="_blank">ferran2val</a>	15	0	1	400	2186	4808	Barcelona, Catalunya	014
@ferrancortes71	<a href="https://twitter.com/ferrancortes71" target="_blank">ferrancortes71</a>	4	0	1	164	587	7963	jaiwei tu jel	163
@FerranGinebrosa	<a href="https://twitter.com/FerranGinebrosa" target="_blank">FerranGinebrosa</a>	23	0	1	274	227	14068	Lliçà d'Amunt	026
@FerranMontardit	<a href="https://twitter.com/FerranMontardit" target="_blank">FerranMontardit</a>	5	0	1	3251	693	62125	Lleida	197
@FerranOtif	<a href="https://twitter.com/FerranOtif" target="_blank">FerranOtif</a>	6	0	1	3010	1767	49237	Jordi Savall	034
@FerranRoman	<a href="https://twitter.com/FerranRoman" target="_blank">FerranRoman</a>	1	1	0	124	510	1278	Girona	342
@ferranses	<a href="https://twitter.com/ferranses" target="_blank">ferranses</a>	5	0	1	227	852	2498	Aguas Internacionales	002
@FerranSuay	<a href="https://twitter.com/FerranSuay" target="_blank">FerranSuay</a>	3	0	1	3639	2099	29071	País Valencià	017
@FerranTorta	<a href="https://twitter.com/FerranTorta" target="_blank">FerranTorta</a>	3	0	1	135	251	1316	Terres de l'Ebre	003
@ferrer_marc	<a href="https://twitter.com/ferrer_marc" target="_blank">ferrer_marc</a>	5	10	0	6466	3437	39608	Cochabamba	207
@ferrer_viola	<a href="https://twitter.com/ferrer_viola" target="_blank">ferrer_viola</a>	3	0	1	30	314	388	Figueres	152
@FerrerPortil	<a href="https://twitter.com/FerrerPortil" target="_blank">FerrerPortil</a>	1	0	1	16	19	106	Barcelona	034
@ferroviaris	<a href="https://twitter.com/ferroviaris" target="_blank">ferroviaris</a>	9	0	2	1410	1568	14242		014
@festanyol	<a href="https://twitter.com/festanyol" target="_blank">festanyol</a>	1	1	0	86	60	1745	Barcelona	164
@fetatarragona	<a href="https://twitter.com/fetatarragona" target="_blank">fetatarragona</a>	1	1	0	5014	625	12284	Tarragona, Catalunya	003
@ffarreras	<a href="https://twitter.com/ffarreras" target="_blank">ffarreras</a>	11	0	1	43	89	438	Vilanova i La Geltru	198
@ffchll	<a href="https://twitter.com/ffchll" target="_blank">ffchll</a>	7	0	1	1344	664	100489		005
@fgabarrell	<a href="https://twitter.com/fgabarrell" target="_blank">fgabarrell</a>	2	0	1	1415	712	21971	Lleida, Països Catalans	026
@fgafatg	<a href="https://twitter.com/fgafatg" target="_blank">fgafatg</a>	24	0	2	3257	2747	77679	Barcelona, Països Catalans	017
@fgonzalezm68	<a href="https://twitter.com/fgonzalezm68" target="_blank">fgonzalezm68</a>	2	0	1	21	84	285		003
@ficcion2011	<a href="https://twitter.com/ficcion2011" target="_blank">ficcion2011</a>	29	0	1	2004	1847	98803	Barcelona	014
@fili_casta	<a href="https://twitter.com/fili_casta" target="_blank">fili_casta</a>	1	0	1	629	170	101993	Aguascalientes, México	219
@filog3	<a href="https://twitter.com/filog3" target="_blank">filog3</a>	32	0	3	572	672	33835		014
@filoprim	<a href="https://twitter.com/filoprim" target="_blank">filoprim</a>	3	0	1	521	1220	8975		014
@filumestre	<a href="https://twitter.com/filumestre" target="_blank">filumestre</a>	22	0	1	991	1949	110926	PPCC - Principat	003
@fina_coma	<a href="https://twitter.com/fina_coma" target="_blank">fina_coma</a>	2	0	1	136	535	9536		047
@Fina_Masip	<a href="https://twitter.com/Fina_Masip" target="_blank">Fina_Masip</a>	1	0	1	187	307	325	Lleida	036
@finabach	<a href="https://twitter.com/finabach" target="_blank">finabach</a>	3	0	1	216	437	10390	BARCELONA	003
@finaiglesias	<a href="https://twitter.com/finaiglesias" target="_blank">finaiglesias</a>	8	0	1	541	630	23645	L'Hospitalet Ll., Catalunya	003
@finaquintana50	<a href="https://twitter.com/finaquintana50" target="_blank">finaquintana50</a>	1	0	1	35	50	190		518
@finasan1968	<a href="https://twitter.com/finasan1968" target="_blank">finasan1968</a>	3	0	1	12	94	631		198
@finasegria	<a href="https://twitter.com/finasegria" target="_blank">finasegria</a>	14	0	3	881	809	45634		004
@fingerstenazas	<a href="https://twitter.com/fingerstenazas" target="_blank">fingerstenazas</a>	1	0	1	42	272	499	el del pimero primera	145
@finialvarez2	<a href="https://twitter.com/finialvarez2" target="_blank">finialvarez2</a>	1	0	1	69	286	132		003
@finslagorra_1	<a href="https://twitter.com/finslagorra_1" target="_blank">finslagorra_1</a>	13	0	1	1999	2036	27285	Santa Coloma de Queralt	139
@fisnx	<a href="https://twitter.com/fisnx" target="_blank">fisnx</a>	7	0	1	548	190	35669	Barcelona	184
@fityfructu	<a href="https://twitter.com/fityfructu" target="_blank">fityfructu</a>	2	0	1	85	353	971	Catalunya	012
@fjauma	<a href="https://twitter.com/fjauma" target="_blank">fjauma</a>	18	0	2	193	729	4186	Barcelona, Spain	083
@flacambra1975	<a href="https://twitter.com/flacambra1975" target="_blank">flacambra1975</a>	7	0	1	131	149	41121		005
@flameadodehomer	<a href="https://twitter.com/flameadodehomer" target="_blank">flameadodehomer</a>	1	0	1	40	277	76		321
@flaviosoq	<a href="https://twitter.com/flaviosoq" target="_blank">flaviosoq</a>	2	0	1	206	862	12103	tarragona	014
@flcarlesD	<a href="https://twitter.com/flcarlesD" target="_blank">flcarlesD</a>	12	0	2	1365	1446	40332	Bescanó, Girona, Catalunya	014
@Flerky_	<a href="https://twitter.com/Flerky_" target="_blank">Flerky_</a>	5	0	3	18	115	503		010
@fligantada	<a href="https://twitter.com/fligantada" target="_blank">fligantada</a>	5	0	1	449	448	29194	Garrotxa	118
@FloquetRebel	<a href="https://twitter.com/FloquetRebel" target="_blank">FloquetRebel</a>	1	0	1	486	783	2028	Palma	003
@FloraPla	<a href="https://twitter.com/FloraPla" target="_blank">FloraPla</a>	8	0	1	905	768	7180		063
@florejachs	<a href="https://twitter.com/florejachs" target="_blank">florejachs</a>	0	13	0					014
@florencimp	<a href="https://twitter.com/florencimp" target="_blank">florencimp</a>	2	0	1	242	368	6355		256
@flyinflocks	<a href="https://twitter.com/flyinflocks" target="_blank">flyinflocks</a>	1	0	1	147	399	2886	Va dove ti porta il cuore...	192
@FlyingS14652197	<a href="https://twitter.com/FlyingS14652197" target="_blank">FlyingS14652197</a>	29	0	2	44	224	2354	巴塞罗那 Barcelona Catalonia	014
@Fmarcet	<a href="https://twitter.com/Fmarcet" target="_blank">Fmarcet</a>	4	0	1	219	189	1892	Barcelona	022
@fmartinfe	<a href="https://twitter.com/fmartinfe" target="_blank">fmartinfe</a>	9	0	1	69	147	3020	Sabadell	003
@fmasip	<a href="https://twitter.com/fmasip" target="_blank">fmasip</a>	2	0	1	376	887	815	Catalunya	020
@fnieto114	<a href="https://twitter.com/fnieto114" target="_blank">fnieto114</a>	2	0	1	5	18	58	Catalunya	006
@Folgenstein	<a href="https://twitter.com/Folgenstein" target="_blank">Folgenstein</a>	5	0	1	8	67	2770	Barcelona	002
@fonsblank	<a href="https://twitter.com/fonsblank" target="_blank">fonsblank</a>	5	0	1	368	330	5324	Menorca	287
@font_gloria	<a href="https://twitter.com/font_gloria" target="_blank">font_gloria</a>	1	0	1	87	398	5		511
@FonteRodrigues	<a href="https://twitter.com/FonteRodrigues" target="_blank">FonteRodrigues</a>	80	0	3	664	1686	45076	Earth	003
@Fontscaldes	<a href="https://twitter.com/Fontscaldes" target="_blank">Fontscaldes</a>	1	0	1	67	271	839	Valls, España	184
@fopiga	<a href="https://twitter.com/fopiga" target="_blank">fopiga</a>	11	0	1	340	648	30055	Barcelona	168
@fora_via	<a href="https://twitter.com/fora_via" target="_blank">fora_via</a>	3	0	2	8	67	552	Cataluña, España	003
@formi2312	<a href="https://twitter.com/formi2312" target="_blank">formi2312</a>	1	0	1	14	64	375		222
@fortuny_marti	<a href="https://twitter.com/fortuny_marti" target="_blank">fortuny_marti</a>	11	0	3	82	158	5783	Cat	014
@Fosca78	<a href="https://twitter.com/Fosca78" target="_blank">Fosca78</a>	0	1	0					252
@FPovill	<a href="https://twitter.com/FPovill" target="_blank">FPovill</a>	1	0	1	33	117	6306		034
@fprcat73	<a href="https://twitter.com/fprcat73" target="_blank">fprcat73</a>	1	0	1	2	9	94		036
@fr14n14	<a href="https://twitter.com/fr14n14" target="_blank">fr14n14</a>	0	2	0					253
@fra1malo	<a href="https://twitter.com/fra1malo" target="_blank">fra1malo</a>	19	0	2	1274	801	47035	República Catalana	065
@FrancaLeon	<a href="https://twitter.com/FrancaLeon" target="_blank">FrancaLeon</a>	1	0	1	31	219	89	Barcelona, España	003
@francaselles	<a href="https://twitter.com/francaselles" target="_blank">francaselles</a>	4	0	1	1775	2894	30952	Stockton, CA	018
@Francesc_Coll	<a href="https://twitter.com/Francesc_Coll" target="_blank">Francesc_Coll</a>	3	30	1	1463	1364	1488	Catalunya	021
@francesc112233	<a href="https://twitter.com/francesc112233" target="_blank">francesc112233</a>	14	0	1	649	909	26153	Barcelona, Catalunya	014
@francesc130	<a href="https://twitter.com/francesc130" target="_blank">francesc130</a>	29	0	2	2377	2471	176043	Sant Just Desvern	076
@francescabad	<a href="https://twitter.com/francescabad" target="_blank">francescabad</a>	13	0	1	7523	1606	79194	Barcelona	247
@francescagarri9	<a href="https://twitter.com/francescagarri9" target="_blank">francescagarri9</a>	17	0	2	362	537	10643		019
@FrancescBoada	<a href="https://twitter.com/FrancescBoada" target="_blank">FrancescBoada</a>	9	0	2	525	193	4267	Tarragona	139
@FrancescColet	<a href="https://twitter.com/FrancescColet" target="_blank">FrancescColet</a>	3	0	3	1057	957	34930	Catalunya Lliure i Republicana	021
@francescgalce	<a href="https://twitter.com/francescgalce" target="_blank">francescgalce</a>	2	0	1	454	1241	6241	Catalunya	004
@FrancescGiralt	<a href="https://twitter.com/FrancescGiralt" target="_blank">FrancescGiralt</a>	1	0	1	38	44	1196		034
@FrancescJ63	<a href="https://twitter.com/FrancescJ63" target="_blank">FrancescJ63</a>	21	0	3	149	451	5275	Catalunya	026
@francescLB39	<a href="https://twitter.com/francescLB39" target="_blank">francescLB39</a>	2	0	1	537	732	3723	Catalunya España	005
@francescllamas	<a href="https://twitter.com/francescllamas" target="_blank">francescllamas</a>	5	0	1	628	1141	4661	Barcelona, Catalunya	003
@francescmanya	<a href="https://twitter.com/francescmanya" target="_blank">francescmanya</a>	13	0	1	105	330	12041	Barcelonès	007
@FrancescoMarca7	<a href="https://twitter.com/FrancescoMarca7" target="_blank">FrancescoMarca7</a>	1	0	1	160	120	3075	Perugia, Umbria	310
@francescsenti	<a href="https://twitter.com/francescsenti" target="_blank">francescsenti</a>	10	0	3	83	54	8540	barcelona	004
@francescsoler	<a href="https://twitter.com/francescsoler" target="_blank">francescsoler</a>	7	0	1	2152	997	69773	Barcelona	139
@FrancescViadel	<a href="https://twitter.com/FrancescViadel" target="_blank">FrancescViadel</a>	3	0	1	4654	4592	39376	Barcelona	003
@franciscosocra1	<a href="https://twitter.com/franciscosocra1" target="_blank">franciscosocra1</a>	2	0	1	1100	2855	16489	Alcala de Henares	011
@FranCOLOME	<a href="https://twitter.com/FranCOLOME" target="_blank">FranCOLOME</a>	2	1	1	854	674	5795		010
@francpm1976	<a href="https://twitter.com/francpm1976" target="_blank">francpm1976</a>	1	0	1	11	116	79		003
@frandevelop	<a href="https://twitter.com/frandevelop" target="_blank">frandevelop</a>	5	0	1	35	154	1765	barcelona	014
@frankiebbdj	<a href="https://twitter.com/frankiebbdj" target="_blank">frankiebbdj</a>	5	0	1	35	161	1756	Salou, España	006
@frankysolev	<a href="https://twitter.com/frankysolev" target="_blank">frankysolev</a>	7	0	3	183	263	9715	Països Catalans	014
@franlorenz0	<a href="https://twitter.com/franlorenz0" target="_blank">franlorenz0</a>	3	0	1	122	370	3659	Barcelona	003
@FranPardo_	<a href="https://twitter.com/FranPardo_" target="_blank">FranPardo_</a>	4	0	1	11281	4145	118525	País Valencià	184
@Franxesy	<a href="https://twitter.com/Franxesy" target="_blank">Franxesy</a>	2	0	1	250	163	46015	37.3317, -122.0307	014
@FRANZISKOVIC	<a href="https://twitter.com/FRANZISKOVIC" target="_blank">FRANZISKOVIC</a>	0	1	0					028
@fre_cs	<a href="https://twitter.com/fre_cs" target="_blank">fre_cs</a>	2	5	0	96	358	2494	Barcelona, España	212
@FreddyCarlyle	<a href="https://twitter.com/FreddyCarlyle" target="_blank">FreddyCarlyle</a>	4	0	1	224	813	4323	Dunloc	005
@frederic_tgn	<a href="https://twitter.com/frederic_tgn" target="_blank">frederic_tgn</a>	0	2	0					026
@FredericFede	<a href="https://twitter.com/FredericFede" target="_blank">FredericFede</a>	14	0	7	214	579	19109		004
@FrediBentanachs	<a href="https://twitter.com/FrediBentanachs" target="_blank">FrediBentanachs</a>	4	0	1	602	365	7729		012
@fredijosal	<a href="https://twitter.com/fredijosal" target="_blank">fredijosal</a>	30	0	1	829	1108	35592	Barcelona, Catalunya	014
@fredulic	<a href="https://twitter.com/fredulic" target="_blank">fredulic</a>	1	0	1	251	318	13507		034
@Free_Piolin	<a href="https://twitter.com/Free_Piolin" target="_blank">Free_Piolin</a>	0	2	0					313
@freecat1714	<a href="https://twitter.com/freecat1714" target="_blank">freecat1714</a>	1	0	1	153	268	1139	sant llorenç de morunys	034
@freecatpiula	<a href="https://twitter.com/freecatpiula" target="_blank">freecatpiula</a>	3	0	1	1418	745	6164	Catalunya	014
@freed4Catalonia	<a href="https://twitter.com/freed4Catalonia" target="_blank">freed4Catalonia</a>	82	0	2	11809	6013	108489	Barcelona	107
@FReixach	<a href="https://twitter.com/FReixach" target="_blank">FReixach</a>	9	0	1	246	410	3453	Salt, Catalunya	284
@frescll	<a href="https://twitter.com/frescll" target="_blank">frescll</a>	4	0	1	152	522	9043	Barcelona	003
@freskot	<a href="https://twitter.com/freskot" target="_blank">freskot</a>	4	0	1	1474	609	31864		009
@fressia27	<a href="https://twitter.com/fressia27" target="_blank">fressia27</a>	11	0	3	706	2046	28236		014
@frgs1111	<a href="https://twitter.com/frgs1111" target="_blank">frgs1111</a>	2	0	1	1282	324	2166	Barcelona and Copenhagen	003
@Frodoric_F	<a href="https://twitter.com/Frodoric_F" target="_blank">Frodoric_F</a>	1	0	1	498	1497	28612		014
@FroilanVives	<a href="https://twitter.com/FroilanVives" target="_blank">FroilanVives</a>	17	0	2	78	465	12564		004
@Fuckprincees	<a href="https://twitter.com/Fuckprincees" target="_blank">Fuckprincees</a>	4	0	2	42	174	1081	Los Angeles, CA	093
@Fuco_Mera	<a href="https://twitter.com/Fuco_Mera" target="_blank">Fuco_Mera</a>	1	2	0	11	86	117	Terrassa, España	075
@funciogamma	<a href="https://twitter.com/funciogamma" target="_blank">funciogamma</a>	13	0	2	230	677	16376	Unió Soviètica	002
@funkeblue	<a href="https://twitter.com/funkeblue" target="_blank">funkeblue</a>	1	0	1	497	1639	9993		309
@Furo2Ponent	<a href="https://twitter.com/Furo2Ponent" target="_blank">Furo2Ponent</a>	15	0	2	697	684	35923	República Catalana	014
@fursiu	<a href="https://twitter.com/fursiu" target="_blank">fursiu</a>	12	0	1	509	467	23148		003
@futbolJVS	<a href="https://twitter.com/futbolJVS" target="_blank">futbolJVS</a>	2	0	1	530	2180	13480	Catalunya	003
@fvilarrubi	<a href="https://twitter.com/fvilarrubi" target="_blank">fvilarrubi</a>	10	0	1	1187	2117	17722	Cabrils, Catalunya.	184
@fvizuetec	<a href="https://twitter.com/fvizuetec" target="_blank">fvizuetec</a>	3	0	1	59	167	2008	Barcelona	003
@fxavierserrat	<a href="https://twitter.com/fxavierserrat" target="_blank">fxavierserrat</a>	1	0	1	754	1192	5016	Rubí	003
@fxavipla	<a href="https://twitter.com/fxavipla" target="_blank">fxavipla</a>	2	0	1	236	1407	1954		005
@fxmauri	<a href="https://twitter.com/fxmauri" target="_blank">fxmauri</a>	8	0	1	111	264	1273		036
@FXMiroA	<a href="https://twitter.com/FXMiroA" target="_blank">FXMiroA</a>	5	0	1	13	80	718	Cerdanyola Vallès, Catalunya	007
@FxPrat	<a href="https://twitter.com/FxPrat" target="_blank">FxPrat</a>	6	0	1	12	61	788	Terrassa, España	003
@g_carbo	<a href="https://twitter.com/g_carbo" target="_blank">g_carbo</a>	4	0	1	128	668	2327	Catalunya	004
@G_SRRT	<a href="https://twitter.com/G_SRRT" target="_blank">G_SRRT</a>	1	1	0	15	58	38		254
@gabazkua	<a href="https://twitter.com/gabazkua" target="_blank">gabazkua</a>	1	0	1	21	61	2984		011
@Gabi_Gou	<a href="https://twitter.com/Gabi_Gou" target="_blank">Gabi_Gou</a>	13	0	1	29	67	3004	Catalunya	014
@gabiRIAZP	<a href="https://twitter.com/gabiRIAZP" target="_blank">gabiRIAZP</a>	4	0	1	161	276	5447	barcelona	010
@gabricax	<a href="https://twitter.com/gabricax" target="_blank">gabricax</a>	3	0	1	2469	1744	224728	Madrid	005
@GadorCamps	<a href="https://twitter.com/GadorCamps" target="_blank">GadorCamps</a>	4	0	2	47	266	841		026
@GaizkaZA	<a href="https://twitter.com/GaizkaZA" target="_blank">GaizkaZA</a>	8	0	1	566	2409	26341	Euskal Herria - Basque country	004
@Galaiskoa	<a href="https://twitter.com/Galaiskoa" target="_blank">Galaiskoa</a>	1	0	1	32	67	28	desubicada	002
@GalaLlobet	<a href="https://twitter.com/GalaLlobet" target="_blank">GalaLlobet</a>	10	0	2	273	225	4265	Barcelona	009
@GalileaPiero	<a href="https://twitter.com/GalileaPiero" target="_blank">GalileaPiero</a>	10	0	1	811	1497	52202	Barcelona	014
@galizarebelde	<a href="https://twitter.com/galizarebelde" target="_blank">galizarebelde</a>	8	1	1	2018	264	12091	Barcelona	027
@GalmeLidia	<a href="https://twitter.com/GalmeLidia" target="_blank">GalmeLidia</a>	1	0	1	265	346	5748	SENTMENAT	003
@gamarussa	<a href="https://twitter.com/gamarussa" target="_blank">gamarussa</a>	4	0	2	25	102	1365		026
@GamiDolores	<a href="https://twitter.com/GamiDolores" target="_blank">GamiDolores</a>	13	0	1	604	220	111948	Girona, España	034
@gandreu79	<a href="https://twitter.com/gandreu79" target="_blank">gandreu79</a>	3	0	1	62	297	711	Catalunya	169
@ganocat_ogx	<a href="https://twitter.com/ganocat_ogx" target="_blank">ganocat_ogx</a>	2	0	1	38	83	905		010
@GarbiCat	<a href="https://twitter.com/GarbiCat" target="_blank">GarbiCat</a>	6	0	1	129	2117	4299	Girona, Espanya	168
@Garcaterra	<a href="https://twitter.com/Garcaterra" target="_blank">Garcaterra</a>	3	0	1	921	1893	22456	Madrid	011
@gardanuy_bcn	<a href="https://twitter.com/gardanuy_bcn" target="_blank">gardanuy_bcn</a>	3	2	2	1888	725	6113	Barcelona	017
@GariMiquel	<a href="https://twitter.com/GariMiquel" target="_blank">GariMiquel</a>	5	0	1	132	270	1689		013
@garito	<a href="https://twitter.com/garito" target="_blank">garito</a>	2	0	1	220	211	9487	Terrassa	136
@GarrellMarc	<a href="https://twitter.com/GarrellMarc" target="_blank">GarrellMarc</a>	13	0	2	533	527	21941	Granolles	003
@GarrigaDigital	<a href="https://twitter.com/GarrigaDigital" target="_blank">GarrigaDigital</a>	1	2	0	1800	932	6656	La Garriga (Catalunya)	171
@GarroTejero	<a href="https://twitter.com/GarroTejero" target="_blank">GarroTejero</a>	19	0	3	12	90	1974	El Prat de Llobregat, España	014
@garrotxa	<a href="https://twitter.com/garrotxa" target="_blank">garrotxa</a>	15	0	1	1591	1	45815	Olot	327
@GaskoinPowers	<a href="https://twitter.com/GaskoinPowers" target="_blank">GaskoinPowers</a>	3	0	1	104	389	2008	Caldes de Montbui	153
@gasparcoll	<a href="https://twitter.com/gasparcoll" target="_blank">gasparcoll</a>	1	0	1	282	557	706	Barcelona	295
@GassiotMerce	<a href="https://twitter.com/GassiotMerce" target="_blank">GassiotMerce</a>	4	0	1	235	574	9308		034
@Gatosombra1	<a href="https://twitter.com/Gatosombra1" target="_blank">Gatosombra1</a>	8	0	2	3347	3027	74876		047
@GayaXsg	<a href="https://twitter.com/GayaXsg" target="_blank">GayaXsg</a>	2	0	1	669	652	14726		003
@gazmurph	<a href="https://twitter.com/gazmurph" target="_blank">gazmurph</a>	1	0	1	2757	4924	58974		269
@Gazofilaci	<a href="https://twitter.com/Gazofilaci" target="_blank">Gazofilaci</a>	11	0	3	574	396	14932	El Prat de Llobregat	007
@gbuixi72	<a href="https://twitter.com/gbuixi72" target="_blank">gbuixi72</a>	1	0	1	38	119	394		003
@gcarbonell	<a href="https://twitter.com/gcarbonell" target="_blank">gcarbonell</a>	5	0	1	3682	3200	12787	Barcelona	005
@GDEnMaia	<a href="https://twitter.com/GDEnMaia" target="_blank">GDEnMaia</a>	26	0	1	109	592	15328	i aquí	014
@gebelque	<a href="https://twitter.com/gebelque" target="_blank">gebelque</a>	0	5	0					107
@GeekIndignado	<a href="https://twitter.com/GeekIndignado" target="_blank">GeekIndignado</a>	1	0	1	8054	1087	70264	la Яesistencia	196
@gelmeya	<a href="https://twitter.com/gelmeya" target="_blank">gelmeya</a>	4	0	1	256	453	4185	Santa Coloma de Gramenet, Catalunya	188
@GeMarki	<a href="https://twitter.com/GeMarki" target="_blank">GeMarki</a>	1	0	1	115	387	3653		006
@gemcaballol	<a href="https://twitter.com/gemcaballol" target="_blank">gemcaballol</a>	27	0	3	208	455	4643		313
@gemgovinda	<a href="https://twitter.com/gemgovinda" target="_blank">gemgovinda</a>	7	0	1	62	179	4254	l'Escala, Catalonia	003
@geminis25	<a href="https://twitter.com/geminis25" target="_blank">geminis25</a>	2	5	0	333	1566	2218	Catalunya	210
@gemma_lorenz	<a href="https://twitter.com/gemma_lorenz" target="_blank">gemma_lorenz</a>	6	0	2	13	26	1168	la Salut, Barcelona	006
@Gemma_Prats	<a href="https://twitter.com/Gemma_Prats" target="_blank">Gemma_Prats</a>	2	0	1	25	150	507		002
@Gemma30771955	<a href="https://twitter.com/Gemma30771955" target="_blank">Gemma30771955</a>	2	0	1	6	69	545	Girona, Catalunya	174
@gemmabc50	<a href="https://twitter.com/gemmabc50" target="_blank">gemmabc50</a>	1	0	1	49	211	2088		169
@gemmadedalt	<a href="https://twitter.com/gemmadedalt" target="_blank">gemmadedalt</a>	4	0	1	225	502	12401	Premià de Dalt (el Maresme)	143
@GemmaDescalsMOr	<a href="https://twitter.com/GemmaDescalsMOr" target="_blank">GemmaDescalsMOr</a>	3	0	1	16	87	186	Sant Julià de Vilatorta	531
@gemmald_bcn	<a href="https://twitter.com/gemmald_bcn" target="_blank">gemmald_bcn</a>	10	0	1	52	275	1809		015
@gemmamelia	<a href="https://twitter.com/gemmamelia" target="_blank">gemmamelia</a>	5	0	1	414	759	10273		034
@GemmaPasqual	<a href="https://twitter.com/GemmaPasqual" target="_blank">GemmaPasqual</a>	1	0	1	13865	8351	26268		138
@gemmapedros	<a href="https://twitter.com/gemmapedros" target="_blank">gemmapedros</a>	3	0	1	136	183	978		161
@gemmapuigro	<a href="https://twitter.com/gemmapuigro" target="_blank">gemmapuigro</a>	1	0	1	62	92	294		008
@gemmaq24	<a href="https://twitter.com/gemmaq24" target="_blank">gemmaq24</a>	2	0	1	8	86	310	.	003
@GemmaRecoderM	<a href="https://twitter.com/GemmaRecoderM" target="_blank">GemmaRecoderM</a>	2	2	0	15309	293	3835	Barcelona	250
@Gemmasera88	<a href="https://twitter.com/Gemmasera88" target="_blank">Gemmasera88</a>	3	0	1	3	45	137	Girona, España	184
@Gemmavilanova	<a href="https://twitter.com/Gemmavilanova" target="_blank">Gemmavilanova</a>	1	0	1	88	95	60	Vilanova de Bellpuig	332
@gempibo	<a href="https://twitter.com/gempibo" target="_blank">gempibo</a>	10	0	1	53	275	2429		036
@gemquim	<a href="https://twitter.com/gemquim" target="_blank">gemquim</a>	20	41	0	4141	4080	91648	Barcelona, Catalunya	014
@genesca_62	<a href="https://twitter.com/genesca_62" target="_blank">genesca_62</a>	15	0	2	215	269	48841		004
@georgialarrosa	<a href="https://twitter.com/georgialarrosa" target="_blank">georgialarrosa</a>	5	0	1	19	104	1991		034
@GeorginaPujals	<a href="https://twitter.com/GeorginaPujals" target="_blank">GeorginaPujals</a>	4	0	1	218	299	3436	Sabadell	208
@Georginarife	<a href="https://twitter.com/Georginarife" target="_blank">Georginarife</a>	3	0	1	813	1349	7824	Barcelona	246
@Gerard__GR	<a href="https://twitter.com/Gerard__GR" target="_blank">Gerard__GR</a>	1	0	1	85	475	195	Badalona, Cataluña	003
@gerard_fuste	<a href="https://twitter.com/gerard_fuste" target="_blank">gerard_fuste</a>	4	2	1	28	65	342		319
@gerard_n_alis	<a href="https://twitter.com/gerard_n_alis" target="_blank">gerard_n_alis</a>	2	0	1	184	255	18228	Catalunya	118
@GerardAgustin	<a href="https://twitter.com/GerardAgustin" target="_blank">GerardAgustin</a>	2	0	1	176	436	2080	Catalunya	117
@GerardAlv7	<a href="https://twitter.com/GerardAlv7" target="_blank">GerardAlv7</a>	12	2	1	468	991	4545	Barcelona, Catalunya	318
@GerardAnglerill	<a href="https://twitter.com/GerardAnglerill" target="_blank">GerardAnglerill</a>	5	0	2	388	879	3219	Solsona, Solsonès, Catalunya	014
@GerardAragones	<a href="https://twitter.com/GerardAragones" target="_blank">GerardAragones</a>	1	0	1	32	146	19	Tarragona, Catalunya	034
@gerardcruset	<a href="https://twitter.com/gerardcruset" target="_blank">gerardcruset</a>	1	1	0	578	392	2882	Empordà	337
@gerarddefonso	<a href="https://twitter.com/gerarddefonso" target="_blank">gerarddefonso</a>	3	0	1	107	515	5471	barcelona	049
@gerardgomezf	<a href="https://twitter.com/gerardgomezf" target="_blank">gerardgomezf</a>	2	8	0	7147	2148	15074	Barcelona, Països Catalans	129
@gerardnus	<a href="https://twitter.com/gerardnus" target="_blank">gerardnus</a>	10	0	2	340	1027	36683	Gavà (Barcelona)	014
@Gerardo_Ibelli	<a href="https://twitter.com/Gerardo_Ibelli" target="_blank">Gerardo_Ibelli</a>	0	9	0					029
@gerardsardena	<a href="https://twitter.com/gerardsardena" target="_blank">gerardsardena</a>	1	0	1	216	385	724		109
@Gerardusdipala	<a href="https://twitter.com/Gerardusdipala" target="_blank">Gerardusdipala</a>	1	0	1	3	92	133		003
@gerreka	<a href="https://twitter.com/gerreka" target="_blank">gerreka</a>	2	0	1	220	980	9322	bcn	163
@gertrudisband	<a href="https://twitter.com/gertrudisband" target="_blank">gertrudisband</a>	0	1	0					336
@gi_kel	<a href="https://twitter.com/gi_kel" target="_blank">gi_kel</a>	2	0	1	2767	1719	34485	Girona, Catalunya	168
@GibeMeTreats	<a href="https://twitter.com/GibeMeTreats" target="_blank">GibeMeTreats</a>	8	0	1	181	387	11111	Catalunya	189
@gibert_bernat	<a href="https://twitter.com/gibert_bernat" target="_blank">gibert_bernat</a>	18	0	1	27	151	3866		013
@gigimalet	<a href="https://twitter.com/gigimalet" target="_blank">gigimalet</a>	1	0	1	51	303	259	Tiana, España	002
@GillStella	<a href="https://twitter.com/GillStella" target="_blank">GillStella</a>	11	0	1	1279	1915	73024		014
@gimy_el_gran	<a href="https://twitter.com/gimy_el_gran" target="_blank">gimy_el_gran</a>	3	0	1	137	325	9871	Països Catalans	003
@Gina1899	<a href="https://twitter.com/Gina1899" target="_blank">Gina1899</a>	0	2	0					101
@ginestaroure	<a href="https://twitter.com/ginestaroure" target="_blank">ginestaroure</a>	3	0	1	18	275	2960	Barcelona, Cataluña	003
@Ginju3	<a href="https://twitter.com/Ginju3" target="_blank">Ginju3</a>	20	0	2	248	389	60787		012
@ginovartclara	<a href="https://twitter.com/ginovartclara" target="_blank">ginovartclara</a>	3	0	1	3	24	157		019
@giselammg	<a href="https://twitter.com/giselammg" target="_blank">giselammg</a>	1	0	1	35	51	331		003
@Gispert_Isabel	<a href="https://twitter.com/Gispert_Isabel" target="_blank">Gispert_Isabel</a>	1	0	1	25	66	385	Arenys de Mar	006
@GIUAR	<a href="https://twitter.com/GIUAR" target="_blank">GIUAR</a>	4	1	1	11801	7887	90121	Córdoba, España	144
@gJoakey	<a href="https://twitter.com/gJoakey" target="_blank">gJoakey</a>	5	0	1	572	766	13109	Catalunya	014
@gkmtape	<a href="https://twitter.com/gkmtape" target="_blank">gkmtape</a>	3	0	1	110	165	5781	Catalunya	003
@gllagostera	<a href="https://twitter.com/gllagostera" target="_blank">gllagostera</a>	2	0	1	54	151	484		052
@GlolarLara	<a href="https://twitter.com/GlolarLara" target="_blank">GlolarLara</a>	12	0	2	377	452	26433	Vilassar de Mar. Barcelona	107
@glopites	<a href="https://twitter.com/glopites" target="_blank">glopites</a>	5	0	1	237	194	8665	Sant Cugat	004
@Gloria_Pol	<a href="https://twitter.com/Gloria_Pol" target="_blank">Gloria_Pol</a>	31	0	1	395	674	16368	Girona, Catalunya	138
@glorialbareda	<a href="https://twitter.com/glorialbareda" target="_blank">glorialbareda</a>	10	0	2	485	797	18635	Barcelona (Catalunya)	135
@Gloriaplanas	<a href="https://twitter.com/Gloriaplanas" target="_blank">Gloriaplanas</a>	21	0	1	525	717	46636	Cardedeu, Catalunya	219
@GloriaSagu	<a href="https://twitter.com/GloriaSagu" target="_blank">GloriaSagu</a>	4	0	1	35	147	2668	Catalunya	003
@GloriaSS2014	<a href="https://twitter.com/GloriaSS2014" target="_blank">GloriaSS2014</a>	8	0	1	585	819	23053		004
@GLORIASS74	<a href="https://twitter.com/GLORIASS74" target="_blank">GLORIASS74</a>	1	0	1	2	29	362		034
@glriabubifarr	<a href="https://twitter.com/glriabubifarr" target="_blank">glriabubifarr</a>	2	0	1	126	58	1245	Sant Hipòlit de Voltregà.	112
@GMoragues	<a href="https://twitter.com/GMoragues" target="_blank">GMoragues</a>	3	0	1	1267	1678	14335	CATALONIA	034
@Goernefrau	<a href="https://twitter.com/Goernefrau" target="_blank">Goernefrau</a>	4	0	1	2125	2428	53299	Barcelona, España	005
@golejada	<a href="https://twitter.com/golejada" target="_blank">golejada</a>	8	0	1	290	847	7298		007
@gonpitarga	<a href="https://twitter.com/gonpitarga" target="_blank">gonpitarga</a>	6	0	1	647	2060	2667	Centelles	102
@Gonzalvojordi	<a href="https://twitter.com/Gonzalvojordi" target="_blank">Gonzalvojordi</a>	5	0	1	371	358	20215	Barcelona.	003
@goodofthunder78	<a href="https://twitter.com/goodofthunder78" target="_blank">goodofthunder78</a>	4	0	1	33	71	192		014
@Gorgin68	<a href="https://twitter.com/Gorgin68" target="_blank">Gorgin68</a>	5	0	2	248	104	15855		003
@gorrilu	<a href="https://twitter.com/gorrilu" target="_blank">gorrilu</a>	2	0	1	196	642	4439		009
@Govipu	<a href="https://twitter.com/Govipu" target="_blank">Govipu</a>	24	0	3	673	2791	35625	Regnum Aragoniae,  U.E.	013
@GraDeSorra	<a href="https://twitter.com/GraDeSorra" target="_blank">GraDeSorra</a>	6	0	2	255	584	56197	Catalunya	014
@Gramenet20	<a href="https://twitter.com/Gramenet20" target="_blank">Gramenet20</a>	4	0	1	2864	1731	5302	gramenet20@gmail.com	188
@GrantCristina	<a href="https://twitter.com/GrantCristina" target="_blank">GrantCristina</a>	1	0	1	106	239	975	Berga, Catalunya	003
@graw_ge	<a href="https://twitter.com/graw_ge" target="_blank">graw_ge</a>	11	0	1	57	187	1823		003
@Grbol	<a href="https://twitter.com/Grbol" target="_blank">Grbol</a>	9	0	2	1619	1574	8497	Catalunya UE	014
@GREEN_LINUX	<a href="https://twitter.com/GREEN_LINUX" target="_blank">GREEN_LINUX</a>	1	0	1	212	769	23144		007
@GregoP1992	<a href="https://twitter.com/GregoP1992" target="_blank">GregoP1992</a>	4	0	1	240	900	560	Reus & Barcelona	013
@GRGR1518	<a href="https://twitter.com/GRGR1518" target="_blank">GRGR1518</a>	8	0	2	40	269	1247	barna	169
@Grilla_a_secas	<a href="https://twitter.com/Grilla_a_secas" target="_blank">Grilla_a_secas</a>	4	0	1	244	272	3285	BARCELONA	281
@grillete1	<a href="https://twitter.com/grillete1" target="_blank">grillete1</a>	1	0	1	43	402	238	barcelona	002
@GringoSkiador	<a href="https://twitter.com/GringoSkiador" target="_blank">GringoSkiador</a>	11	0	1	664	191	29702	Sant Cugat - Catalunya	262
@griselda_juve	<a href="https://twitter.com/griselda_juve" target="_blank">griselda_juve</a>	1	0	1	64	125	1974	Barcelona, Catalunya	003
@Grunge71	<a href="https://twitter.com/Grunge71" target="_blank">Grunge71</a>	5	0	1	249	1081	10453	Hyde Park, Chicago	003
@Gruxanta	<a href="https://twitter.com/Gruxanta" target="_blank">Gruxanta</a>	9	0	1	329	652	11307	Sabadell, Catalunya	014
@gsala10	<a href="https://twitter.com/gsala10" target="_blank">gsala10</a>	4	0	1	949	721	8377	Tarragona	297
@gserral	<a href="https://twitter.com/gserral" target="_blank">gserral</a>	2	0	1	49	241	115		012
@gserrate	<a href="https://twitter.com/gserrate" target="_blank">gserrate</a>	4	0	1	1078	2282	2174	CORBINS-SEGRIA-CATALUNYA	034
@GSugranyes	<a href="https://twitter.com/GSugranyes" target="_blank">GSugranyes</a>	0	1	0					014
@gtolchinsky	<a href="https://twitter.com/gtolchinsky" target="_blank">gtolchinsky</a>	5	0	1	366	466	4815	Barcelona	034
@guachinwey	<a href="https://twitter.com/guachinwey" target="_blank">guachinwey</a>	1	0	1	375	1107	1059	Barcelona, Cataluña	009
@GuaiJordi	<a href="https://twitter.com/GuaiJordi" target="_blank">GuaiJordi</a>	2	0	1	52	144	1628	Figueres, Catalunya	003
@Guanyarem2017	<a href="https://twitter.com/Guanyarem2017" target="_blank">Guanyarem2017</a>	20	0	1	1374	3097	17998	Barcelona, Catalonia	174
@guapumm69	<a href="https://twitter.com/guapumm69" target="_blank">guapumm69</a>	8	0	1	978	2208	48139	Vilassar de Mar. Catalunya	003
@guasa_bee	<a href="https://twitter.com/guasa_bee" target="_blank">guasa_bee</a>	8	0	1	296	1413	20506	Santoni	138
@guasch22	<a href="https://twitter.com/guasch22" target="_blank">guasch22</a>	11	0	1	476	646	98644		009
@gudari57	<a href="https://twitter.com/gudari57" target="_blank">gudari57</a>	2	0	1	58	69	1385		014
@GueComas	<a href="https://twitter.com/GueComas" target="_blank">GueComas</a>	3	0	1	307	366	6032		189
@guelfa10	<a href="https://twitter.com/guelfa10" target="_blank">guelfa10</a>	25	0	1	166	475	13398		003
@guellsabata	<a href="https://twitter.com/guellsabata" target="_blank">guellsabata</a>	31	0	3	1172	3339	18794		003
@gueriowen	<a href="https://twitter.com/gueriowen" target="_blank">gueriowen</a>	5	0	1	87	297	4147		047
@guifre2053	<a href="https://twitter.com/guifre2053" target="_blank">guifre2053</a>	67	0	3	964	1407	169567	Sabadell, Vallès, Catalunya	014
@GuifreElPelat	<a href="https://twitter.com/GuifreElPelat" target="_blank">GuifreElPelat</a>	5	0	2	379	461	7307		014
@GuifreLoPilos	<a href="https://twitter.com/GuifreLoPilos" target="_blank">GuifreLoPilos</a>	6	0	1	1397	1302	39839	Catalunya	003
@GuiliamGualas	<a href="https://twitter.com/GuiliamGualas" target="_blank">GuiliamGualas</a>	6	5	0	4386	2264	23768	Catalunya nou estat d'Europa	100
@Guillem_cp7	<a href="https://twitter.com/Guillem_cp7" target="_blank">Guillem_cp7</a>	0	1	0					335
@guillem_mendez	<a href="https://twitter.com/guillem_mendez" target="_blank">guillem_mendez</a>	4	0	1	88	1623	973		003
@GuillemGM7	<a href="https://twitter.com/GuillemGM7" target="_blank">GuillemGM7</a>	2	0	1	119	420	2764		011
@Guillerojo	<a href="https://twitter.com/Guillerojo" target="_blank">Guillerojo</a>	2	1	0	26	63	344	Barcelona	333
@guilletroyano	<a href="https://twitter.com/guilletroyano" target="_blank">guilletroyano</a>	2	0	1	506	1054	2988	La Garriga	003
@guineu	<a href="https://twitter.com/guineu" target="_blank">guineu</a>	0	2	0					334
@GuiomarRovira	<a href="https://twitter.com/GuiomarRovira" target="_blank">GuiomarRovira</a>	3	0	3	560	260	759	México	003
@GuiuJoan	<a href="https://twitter.com/GuiuJoan" target="_blank">GuiuJoan</a>	3	0	1	4	44	504	Catalunya	003
@gulopez76	<a href="https://twitter.com/gulopez76" target="_blank">gulopez76</a>	1	0	1	24	154	158	Barcelona	002
@Gusbet	<a href="https://twitter.com/Gusbet" target="_blank">Gusbet</a>	1	1	0	546	1159	8992	Barcelona / Catalunya	003
@gustavocapde	<a href="https://twitter.com/gustavocapde" target="_blank">gustavocapde</a>	2	0	1	918	896	17467	La Plata, Argentina	143
@gustyea66	<a href="https://twitter.com/gustyea66" target="_blank">gustyea66</a>	2	0	1	6218	920	31563		059
@GxIANC	<a href="https://twitter.com/GxIANC" target="_blank">GxIANC</a>	2	0	1	3318	2125	4599	Girona Catalunya	014
@GZmusica	<a href="https://twitter.com/GZmusica" target="_blank">GZmusica</a>	0	2	0					258
@GZubeldia	<a href="https://twitter.com/GZubeldia" target="_blank">GZubeldia</a>	1	0	1	39	88	275		045
@hablemos_tv	<a href="https://twitter.com/hablemos_tv" target="_blank">hablemos_tv</a>	1	0	1	28	266	566	Barcelona, Catalunya	022
@HannahJudith61	<a href="https://twitter.com/HannahJudith61" target="_blank">HannahJudith61</a>	21	0	1	34	58	2458		003
@hanweilong	<a href="https://twitter.com/hanweilong" target="_blank">hanweilong</a>	0	3	0					033
@haroldball69	<a href="https://twitter.com/haroldball69" target="_blank">haroldball69</a>	2	0	1	35	547	215		003
@HaroldTuckler	<a href="https://twitter.com/HaroldTuckler" target="_blank">HaroldTuckler</a>	5	0	1	12	23	1083	Barcelona, España	184
@Hartmannmora	<a href="https://twitter.com/Hartmannmora" target="_blank">Hartmannmora</a>	4	0	1	2242	2087	45526	Catalunya central	156
@hartocole	<a href="https://twitter.com/hartocole" target="_blank">hartocole</a>	2	0	1	97	400	14642		011
@HARWARDGILL	<a href="https://twitter.com/HARWARDGILL" target="_blank">HARWARDGILL</a>	2	0	1	107	129	465	Tarragona, Catalunya	014
@hasta_pirineos	<a href="https://twitter.com/hasta_pirineos" target="_blank">hasta_pirineos</a>	11	0	2	3143	2442	125857		003
@Hastrolupitecus	<a href="https://twitter.com/Hastrolupitecus" target="_blank">Hastrolupitecus</a>	1	0	1	129	615	5680		002
@haudek_hau	<a href="https://twitter.com/haudek_hau" target="_blank">haudek_hau</a>	1	0	1	78	368	1768		050
@hbssbh	<a href="https://twitter.com/hbssbh" target="_blank">hbssbh</a>	1	0	1	24	183	377		034
@HeadProduktions	<a href="https://twitter.com/HeadProduktions" target="_blank">HeadProduktions</a>	2	0	1	215	497	2834		034
@Hectorovik	<a href="https://twitter.com/Hectorovik" target="_blank">Hectorovik</a>	5	0	2	74	137	1776	Lleida, Catalunya	008
@heitus	<a href="https://twitter.com/heitus" target="_blank">heitus</a>	7	0	1	162	539	10031	Barcelona	129
@heleena20	<a href="https://twitter.com/heleena20" target="_blank">heleena20</a>	1	0	1	112	177	1977		139
@HelenaPalau	<a href="https://twitter.com/HelenaPalau" target="_blank">HelenaPalau</a>	2	0	1	57	57	344	www.elteb.org	009
@HereudeCanPich	<a href="https://twitter.com/HereudeCanPich" target="_blank">HereudeCanPich</a>	18	0	1	3948	3222	47692		188
@hergrojor	<a href="https://twitter.com/hergrojor" target="_blank">hergrojor</a>	14	0	3	10	77	1895		034
@Hermo46572739	<a href="https://twitter.com/Hermo46572739" target="_blank">Hermo46572739</a>	4	0	2	67	175	4589	Catalunya, Espanya	014
@heroneta	<a href="https://twitter.com/heroneta" target="_blank">heroneta</a>	12	0	4	701	447	74869	CATALUNYA //CATALONIA	020
@HeuraBenet	<a href="https://twitter.com/HeuraBenet" target="_blank">HeuraBenet</a>	1	0	1	47	52	139	Barcelona	003
@Hewel_Guitar	<a href="https://twitter.com/Hewel_Guitar" target="_blank">Hewel_Guitar</a>	1	1	0	83	210	526		332
@hex_indignat	<a href="https://twitter.com/hex_indignat" target="_blank">hex_indignat</a>	1	0	1	65	76	5206	Catalunya	034
@HGxI	<a href="https://twitter.com/HGxI" target="_blank">HGxI</a>	11	0	2	2593	2079	28388	Horta-Guinardó BCN (Catalunya)	014
@HibridRepelenta	<a href="https://twitter.com/HibridRepelenta" target="_blank">HibridRepelenta</a>	4	0	1	16	111	2214		087
@higiniherrero	<a href="https://twitter.com/higiniherrero" target="_blank">higiniherrero</a>	1	0	1	811	778	7697	Sant Pere de Vilamajor	017
@hilarteanbizi	<a href="https://twitter.com/hilarteanbizi" target="_blank">hilarteanbizi</a>	2	0	1	55	260	1543	euskal herria	322
@HildegardaVon	<a href="https://twitter.com/HildegardaVon" target="_blank">HildegardaVon</a>	13	0	3	122	229	5903	Barcelona (Catalunya)	014
@HildegartRev	<a href="https://twitter.com/HildegartRev" target="_blank">HildegartRev</a>	3	0	1	965	1341	6616		196
@hippiepirata	<a href="https://twitter.com/hippiepirata" target="_blank">hippiepirata</a>	5	0	1	806	936	11533	L'Hospitalet de Llobregat	063
@hisnamesbucky	<a href="https://twitter.com/hisnamesbucky" target="_blank">hisnamesbucky</a>	6	0	1	297	191	59738	Barcelona, Catalunya.	169
@Hispania722	<a href="https://twitter.com/Hispania722" target="_blank">Hispania722</a>	1	0	1	34	122	1587		438
@hito032	<a href="https://twitter.com/hito032" target="_blank">hito032</a>	4	0	1	33	53	4283		013
@holacardona	<a href="https://twitter.com/holacardona" target="_blank">holacardona</a>	4	0	2	82	176	4996		011
@Holaiquetal	<a href="https://twitter.com/Holaiquetal" target="_blank">Holaiquetal</a>	7	0	1	6033	4124	41402	Bodensee-Katalonien-LeMonde	174
@home_peix	<a href="https://twitter.com/home_peix" target="_blank">home_peix</a>	4	0	1	153	518	2731		012
@homedelsnassus	<a href="https://twitter.com/homedelsnassus" target="_blank">homedelsnassus</a>	2	0	1	322	183	7747	Riudoms, Països Catalans	371
@homedepix	<a href="https://twitter.com/homedepix" target="_blank">homedepix</a>	1	0	1	29	134	1714		112
@HomsArturo	<a href="https://twitter.com/HomsArturo" target="_blank">HomsArturo</a>	8	0	3	106	159	15443		003
@HomsJoaquim	<a href="https://twitter.com/HomsJoaquim" target="_blank">HomsJoaquim</a>	36	0	6	116	288	14855	Vallcarca i els Penitents, Bar	014
@Honor_Leyenda	<a href="https://twitter.com/Honor_Leyenda" target="_blank">Honor_Leyenda</a>	0	2	0					263
@hortbel	<a href="https://twitter.com/hortbel" target="_blank">hortbel</a>	5	0	1	1617	1662	20520	València, País Valencià, PPCC	138
@hortonedapep	<a href="https://twitter.com/hortonedapep" target="_blank">hortonedapep</a>	1	0	1	55	172	4143	L'Horta Nord,Alboraia,València	017
@housethevalley	<a href="https://twitter.com/housethevalley" target="_blank">housethevalley</a>	1	0	1	116	272	266	Salt	284
@hpichaco	<a href="https://twitter.com/hpichaco" target="_blank">hpichaco</a>	6	0	1	222	1123	9659	Sant Esteve Sesrovires	049
@huertasdan1	<a href="https://twitter.com/huertasdan1" target="_blank">huertasdan1</a>	5	0	1	91	260	4647	Las Palmas de Gran Canaria, España	013
@hug8del9	<a href="https://twitter.com/hug8del9" target="_blank">hug8del9</a>	1	0	1	2	50	365	Sant Adrià de Besòs, Espanya	003
@huguet_gabriel	<a href="https://twitter.com/huguet_gabriel" target="_blank">huguet_gabriel</a>	100	0	4	135	145	21388	Riells i Viabrea, Catalunya	014
@HumoDeluxe	<a href="https://twitter.com/HumoDeluxe" target="_blank">HumoDeluxe</a>	2	0	1	347	2062	5525	Siberica	011
@i_ullibarri	<a href="https://twitter.com/i_ullibarri" target="_blank">i_ullibarri</a>	5	0	1	1447	1937	40599	Euskal Herria	361
@Iaia_Toneta	<a href="https://twitter.com/Iaia_Toneta" target="_blank">Iaia_Toneta</a>	2	54	0	47488	11292	72946	Igualada - Catalunya	169
@ialonsoiturbe	<a href="https://twitter.com/ialonsoiturbe" target="_blank">ialonsoiturbe</a>	15	0	1	500	318	42911	#Mediterràniament	244
@iamwildd	<a href="https://twitter.com/iamwildd" target="_blank">iamwildd</a>	2	3	0	367	503	1112	Medellín/ Girona/Salt	065
@ibanbdn	<a href="https://twitter.com/ibanbdn" target="_blank">ibanbdn</a>	7	0	1	1742	2188	13754	Vila de Gràcia	003
@IbanyezSanti	<a href="https://twitter.com/IbanyezSanti" target="_blank">IbanyezSanti</a>	2	0	1	18	38	1020		003
@Ibars1	<a href="https://twitter.com/Ibars1" target="_blank">Ibars1</a>	1	0	1	263	1166	4622	la Bisbal d'Empordà, Catalunya	002
@ibaum6	<a href="https://twitter.com/ibaum6" target="_blank">ibaum6</a>	6	0	2	43	83	2970	L'H, BCN, Catalunya	013
@ibergada	<a href="https://twitter.com/ibergada" target="_blank">ibergada</a>	9	0	1	96	152	2296	Barcelona, Catalunya	174
@ibraestebul	<a href="https://twitter.com/ibraestebul" target="_blank">ibraestebul</a>	1	0	1	2150	2062	66967		205
@IbvKyriu	<a href="https://twitter.com/IbvKyriu" target="_blank">IbvKyriu</a>	1	0	1	65	161	950		001
@IC_Madrid	<a href="https://twitter.com/IC_Madrid" target="_blank">IC_Madrid</a>	1	0	1	1323	748	2329	Madrid	202
@ICaimel	<a href="https://twitter.com/ICaimel" target="_blank">ICaimel</a>	6	0	2	20	48	505		014
@ICONNA1	<a href="https://twitter.com/ICONNA1" target="_blank">ICONNA1</a>	9	0	1	2367	2397	16028		047
@ideal__	<a href="https://twitter.com/ideal__" target="_blank">ideal__</a>	6	0	1	12	10	1827	BCN	201
@idealizt	<a href="https://twitter.com/idealizt" target="_blank">idealizt</a>	2	0	1	65	199	78		143
@iDrOj_BcN	<a href="https://twitter.com/iDrOj_BcN" target="_blank">iDrOj_BcN</a>	9	0	1	10	86	2178		012
@ignasdelgrannas	<a href="https://twitter.com/ignasdelgrannas" target="_blank">ignasdelgrannas</a>	13	0	1	3902	3804	15849	Barcelona	014
@ignasi_rodolf	<a href="https://twitter.com/ignasi_rodolf" target="_blank">ignasi_rodolf</a>	3	0	1	32	84	1155	Catalunya.	015
@IgnasiBeaSegui	<a href="https://twitter.com/IgnasiBeaSegui" target="_blank">IgnasiBeaSegui</a>	1	2	0	2997	1592	17291	Sant Cugat del Vallès	262
@ignasicharles	<a href="https://twitter.com/ignasicharles" target="_blank">ignasicharles</a>	6	0	1	401	387	2887	Catalunya, Espanya	009
@ignasicorral	<a href="https://twitter.com/ignasicorral" target="_blank">ignasicorral</a>	16	0	2	3437	3318	48787		014
@IgnasiGrauRoca	<a href="https://twitter.com/IgnasiGrauRoca" target="_blank">IgnasiGrauRoca</a>	3	0	1	76	107	2101	Barcelona - Catalunya	007
@ignasillesuy	<a href="https://twitter.com/ignasillesuy" target="_blank">ignasillesuy</a>	8	0	1	107	480	2140	Barcelona	017
@ignasinoguer	<a href="https://twitter.com/ignasinoguer" target="_blank">ignasinoguer</a>	3	0	1	414	415	8401	El Masnou	524
@ignasip2005	<a href="https://twitter.com/ignasip2005" target="_blank">ignasip2005</a>	8	0	2	364	749	2300	Reus	162
@IgnasiPerez1	<a href="https://twitter.com/IgnasiPerez1" target="_blank">IgnasiPerez1</a>	1	0	1	29	115	1202		003
@ignasisaga	<a href="https://twitter.com/ignasisaga" target="_blank">ignasisaga</a>	1	2	0	1539	2827	56546	La Garriga	044
@ignasitort	<a href="https://twitter.com/ignasitort" target="_blank">ignasitort</a>	5	0	1	992	1708	17789	Barcelona	107
@ignasivalera	<a href="https://twitter.com/ignasivalera" target="_blank">ignasivalera</a>	6	0	1	655	1010	16555	Vilallonga del Camp	003
@IgnasiVinyes	<a href="https://twitter.com/IgnasiVinyes" target="_blank">IgnasiVinyes</a>	1	0	1	6	51	886		034
@IgorMeltxor	<a href="https://twitter.com/IgorMeltxor" target="_blank">IgorMeltxor</a>	4	2	0	8414	5624	13759	Ortuella (Bizkaia)	050
@Ii_iITLLCIi_iI	<a href="https://twitter.com/Ii_iITLLCIi_iI" target="_blank">Ii_iITLLCIi_iI</a>	25	0	3	1322	863	41228	🌐⚠️ Catalunya ♥️	014
@IiLliure	<a href="https://twitter.com/IiLliure" target="_blank">IiLliure</a>	6	0	1	37	155	1089	l'Hospitalet de Llobregat	026
@iiquepasa	<a href="https://twitter.com/iiquepasa" target="_blank">iiquepasa</a>	1	0	1	70	373	3426		014
@ikerbest	<a href="https://twitter.com/ikerbest" target="_blank">ikerbest</a>	3	0	1	473	471	13679	Gasteiz  (EUSKAL HERRIA)	005
@IkerRahona	<a href="https://twitter.com/IkerRahona" target="_blank">IkerRahona</a>	3	0	1	121	196	1634		358
@il_largia	<a href="https://twitter.com/il_largia" target="_blank">il_largia</a>	5	0	1	694	583	96114	Norton Disney, England	009
@im_dario	<a href="https://twitter.com/im_dario" target="_blank">im_dario</a>	5	0	2	2313	2303	36961	Igualada, Barcelona	003
@iM_IGLESIAS	<a href="https://twitter.com/iM_IGLESIAS" target="_blank">iM_IGLESIAS</a>	1	0	1	444	1086	2810	solivella · conca de barberà · catalunya	139
@imasalles	<a href="https://twitter.com/imasalles" target="_blank">imasalles</a>	1	0	1	9	57	55	Barcelona	004
@imasiques	<a href="https://twitter.com/imasiques" target="_blank">imasiques</a>	3	0	1	93	416	2020	Barcelona, Espanya	034
@imiquelv	<a href="https://twitter.com/imiquelv" target="_blank">imiquelv</a>	7	0	1	45	67	9952		034
@imma_ccorominas	<a href="https://twitter.com/imma_ccorominas" target="_blank">imma_ccorominas</a>	5	0	1	235	354	46667	Navàs	007
@Imma_CF	<a href="https://twitter.com/Imma_CF" target="_blank">Imma_CF</a>	1	0	1	176	486	1269		186
@Imma09099095	<a href="https://twitter.com/Imma09099095" target="_blank">Imma09099095</a>	0	1	0					331
@immabastida	<a href="https://twitter.com/immabastida" target="_blank">immabastida</a>	10	0	2	373	827	48067	Banlieu sud de Paris	003
@ImmaFaura	<a href="https://twitter.com/ImmaFaura" target="_blank">ImmaFaura</a>	3	0	2	239	1408	4843		163
@immaftremols	<a href="https://twitter.com/immaftremols" target="_blank">immaftremols</a>	2	0	1	143	195	1105		042
@immagodevi	<a href="https://twitter.com/immagodevi" target="_blank">immagodevi</a>	7	0	1	276	434	34812	Mataró, Espanya	017
@ImmaMonserrat	<a href="https://twitter.com/ImmaMonserrat" target="_blank">ImmaMonserrat</a>	3	0	1	51	210	1276		189
@immasantpol	<a href="https://twitter.com/immasantpol" target="_blank">immasantpol</a>	5	0	1	60	285	1725	Catalunya	006
@immasuge	<a href="https://twitter.com/immasuge" target="_blank">immasuge</a>	8	0	1	118	179	18406		014
@imnotgeor	<a href="https://twitter.com/imnotgeor" target="_blank">imnotgeor</a>	1	0	1	57	393	6247	CATALUNYA LLIURE	034
@IMPLICATBCN	<a href="https://twitter.com/IMPLICATBCN" target="_blank">IMPLICATBCN</a>	3	0	1	1177	193	57626	Barcelona, Catalunya	014
@InakiLlopart	<a href="https://twitter.com/InakiLlopart" target="_blank">InakiLlopart</a>	9	0	2	367	483	5540		004
@Indautxutik	<a href="https://twitter.com/Indautxutik" target="_blank">Indautxutik</a>	9	1	0	3034	2395	19750	Bilbo Euskal Herria	050
@Indecat2014	<a href="https://twitter.com/Indecat2014" target="_blank">Indecat2014</a>	2	0	1	32	63	1136	Mataró	475
@independemetre	<a href="https://twitter.com/independemetre" target="_blank">independemetre</a>	7	0	2	2946	1859	46112		169
@IndepenRadio	<a href="https://twitter.com/IndepenRadio" target="_blank">IndepenRadio</a>	0	2	0					081
@IndepesGironafc	<a href="https://twitter.com/IndepesGironafc" target="_blank">IndepesGironafc</a>	2	0	1	1271	336	8931	Girona, Cataluña	194
@indigetaempren1	<a href="https://twitter.com/indigetaempren1" target="_blank">indigetaempren1</a>	4	0	1	14	137	849		034
@indignao_602193	<a href="https://twitter.com/indignao_602193" target="_blank">indignao_602193</a>	1	0	1	173	721	5370		003
@indignindigente	<a href="https://twitter.com/indignindigente" target="_blank">indignindigente</a>	50	0	4	11606	9046	372989	Montseny Barcelona	014
@indyref_memes	<a href="https://twitter.com/indyref_memes" target="_blank">indyref_memes</a>	1	0	1	537	817	1869	Glasgow, Scotland	016
@InstaFran_Cat	<a href="https://twitter.com/InstaFran_Cat" target="_blank">InstaFran_Cat</a>	1	0	1	2135	2582	79203		341
@inuksuk001	<a href="https://twitter.com/inuksuk001" target="_blank">inuksuk001</a>	14	0	2	789	1581	26646	Catalunya	014
@Iolanda68	<a href="https://twitter.com/Iolanda68" target="_blank">Iolanda68</a>	2	0	2	72	106	603	VILASSAR DE MAR	080
@iolandabatalle	<a href="https://twitter.com/iolandabatalle" target="_blank">iolandabatalle</a>	6	0	1	3669	1319	25096	always the sea & the mountains	002
@iontelleria	<a href="https://twitter.com/iontelleria" target="_blank">iontelleria</a>	1	6	0	5855	1041	10992	Euskal Herria	045
@ipssalt	<a href="https://twitter.com/ipssalt" target="_blank">ipssalt</a>	7	0	1	1713	1538	13690	Salt	049
@iratiomarO3	<a href="https://twitter.com/iratiomarO3" target="_blank">iratiomarO3</a>	1	0	1	507	373	5933	txurdi	157
@irikeTruita	<a href="https://twitter.com/irikeTruita" target="_blank">irikeTruita</a>	10	0	2	7	190	899		009
@Iris57534726B	<a href="https://twitter.com/Iris57534726B" target="_blank">Iris57534726B</a>	10	0	2	261	478	13995		014
@IrisGarciaBCN	<a href="https://twitter.com/IrisGarciaBCN" target="_blank">IrisGarciaBCN</a>	10	0	1	340	518	7191	Sant Martí de Tous, Catalunya	161
@isa_roor	<a href="https://twitter.com/isa_roor" target="_blank">isa_roor</a>	40	0	2	104	112	13609	Barcelona	012
@isaacdeponts	<a href="https://twitter.com/isaacdeponts" target="_blank">isaacdeponts</a>	1	0	1	38	237	450	barclona	069
@isaacperaire	<a href="https://twitter.com/isaacperaire" target="_blank">isaacperaire</a>	9	38	1	7468	4016	52641	Prats de Lluçanès	019
@Isaacprades	<a href="https://twitter.com/Isaacprades" target="_blank">Isaacprades</a>	2	0	1	25	47	501		003
@isabelisern	<a href="https://twitter.com/isabelisern" target="_blank">isabelisern</a>	3	0	2	107	390	539	igualada bcn	024
@isabeljaujajara	<a href="https://twitter.com/isabeljaujajara" target="_blank">isabeljaujajara</a>	1	0	1	84	398	5197		011
@IsabelRomanm	<a href="https://twitter.com/IsabelRomanm" target="_blank">IsabelRomanm</a>	8	0	1	721	697	20755		169
@isabelsalo	<a href="https://twitter.com/isabelsalo" target="_blank">isabelsalo</a>	1	0	1	91	176	1297		014
@IsabelTejelo	<a href="https://twitter.com/IsabelTejelo" target="_blank">IsabelTejelo</a>	1	0	1	453	225	54638		034
@isafirmendes	<a href="https://twitter.com/isafirmendes" target="_blank">isafirmendes</a>	3	0	1	40	76	1043		007
@isagueri	<a href="https://twitter.com/isagueri" target="_blank">isagueri</a>	8	0	1	1722	2355	100680	Abrera-Catalunya	014
@IsaMartinAra	<a href="https://twitter.com/IsaMartinAra" target="_blank">IsaMartinAra</a>	2	0	1	52	363	4352		003
@Isanz79	<a href="https://twitter.com/Isanz79" target="_blank">Isanz79</a>	0	2	0					264
@IsauraFern	<a href="https://twitter.com/IsauraFern" target="_blank">IsauraFern</a>	4	0	1	360	1051	8956		274
@IsbacCaralt	<a href="https://twitter.com/IsbacCaralt" target="_blank">IsbacCaralt</a>	4	0	1	503	469	21578	Terrassa, Catalunya	017
@iscagz	<a href="https://twitter.com/iscagz" target="_blank">iscagz</a>	3	10	0	3378	406	7875	Galiza	027
@Isfalco40	<a href="https://twitter.com/Isfalco40" target="_blank">Isfalco40</a>	1	0	1	16	110	389		003
@Ishi_yahi	<a href="https://twitter.com/Ishi_yahi" target="_blank">Ishi_yahi</a>	1	0	1	69	156	1190		003
@ismaelcabezudo	<a href="https://twitter.com/ismaelcabezudo" target="_blank">ismaelcabezudo</a>	2	0	1	752	732	6241	arenys de munt	238
@Ismaeldelrioel	<a href="https://twitter.com/Ismaeldelrioel" target="_blank">Ismaeldelrioel</a>	19	0	6	307	1274	10941	Mataró	009
@isolvas	<a href="https://twitter.com/isolvas" target="_blank">isolvas</a>	7	0	1	385	429	8526		003
@IsraeliZara	<a href="https://twitter.com/IsraeliZara" target="_blank">IsraeliZara</a>	2	0	1	113	172	5286		034
@IsThisAB0t	<a href="https://twitter.com/IsThisAB0t" target="_blank">IsThisAB0t</a>	61	0	4	2460	1272	415431	Scotland, United Kingdom	016
@IsVilalta	<a href="https://twitter.com/IsVilalta" target="_blank">IsVilalta</a>	1	0	1	48	31	5129		174
@itaAsparo	<a href="https://twitter.com/itaAsparo" target="_blank">itaAsparo</a>	16	0	2	367	383	7175		041
@itsclarus	<a href="https://twitter.com/itsclarus" target="_blank">itsclarus</a>	3	0	1	1205	884	44859	València tete	320
@ItseJam_W	<a href="https://twitter.com/ItseJam_W" target="_blank">ItseJam_W</a>	1	0	1	62	251	4233	Cornellà, Territori Comanche	003
@itslixiebieber	<a href="https://twitter.com/itslixiebieber" target="_blank">itslixiebieber</a>	8	0	1	750	921	19503	Barcelona, Països Catalans.	424
@ItziarGarca1	<a href="https://twitter.com/ItziarGarca1" target="_blank">ItziarGarca1</a>	2	0	1	11	58	594		006
@itziarsb	<a href="https://twitter.com/itziarsb" target="_blank">itziarsb</a>	2	0	1	128	85	11115		018
@iuriandropov	<a href="https://twitter.com/iuriandropov" target="_blank">iuriandropov</a>	5	0	1	273	2200	4858	Moscow i estones a Каталония	004
@Iva_	<a href="https://twitter.com/Iva_" target="_blank">Iva_</a>	17	0	1	257	126	25678	Països Catalans	311
@ivagallego	<a href="https://twitter.com/ivagallego" target="_blank">ivagallego</a>	2	10	1	1222	1943	4746	Catalunya	038
@ivan_sants	<a href="https://twitter.com/ivan_sants" target="_blank">ivan_sants</a>	14	0	2	6203	2089	15880	Sants, Barcelona, PPCC	153
@Ivan_Waka	<a href="https://twitter.com/Ivan_Waka" target="_blank">Ivan_Waka</a>	1	0	1	266	427	5318	Bellreguart - Castelldefels	070
@IvanComunero	<a href="https://twitter.com/IvanComunero" target="_blank">IvanComunero</a>	2	0	1	371	946	1621	Madrid, Castilla	202
@ivanlorenteb	<a href="https://twitter.com/ivanlorenteb" target="_blank">ivanlorenteb</a>	1	0	1	19	65	61	Barcelona	061
@IvanLQF	<a href="https://twitter.com/IvanLQF" target="_blank">IvanLQF</a>	6	0	1	9982	886	204890	The Hell	124
@ivannadie	<a href="https://twitter.com/ivannadie" target="_blank">ivannadie</a>	1	0	1	2137	2315	72528	hiperuranostopos	003
@ivanquiros17	<a href="https://twitter.com/ivanquiros17" target="_blank">ivanquiros17</a>	1	0	1	372	129	5040		194
@ivanvoinitski	<a href="https://twitter.com/ivanvoinitski" target="_blank">ivanvoinitski</a>	32	0	3	723	207	216834	Tomsk	015
@IVET1978	<a href="https://twitter.com/IVET1978" target="_blank">IVET1978</a>	0	2	0					089
@ivetelias	<a href="https://twitter.com/ivetelias" target="_blank">ivetelias</a>	0	1	0					330
@iviadn	<a href="https://twitter.com/iviadn" target="_blank">iviadn</a>	2	0	1	44	92	1555		003
@IvnGimnez	<a href="https://twitter.com/IvnGimnez" target="_blank">IvnGimnez</a>	0	1	0					187
@iyangc	<a href="https://twitter.com/iyangc" target="_blank">iyangc</a>	0	2	0					064
@izovi	<a href="https://twitter.com/izovi" target="_blank">izovi</a>	8	0	2	165	175	15797	Avui al aeroport de...	014
@J_Alex_Vega	<a href="https://twitter.com/J_Alex_Vega" target="_blank">J_Alex_Vega</a>	17	0	1	907	1776	19174		211
@J_Canalias	<a href="https://twitter.com/J_Canalias" target="_blank">J_Canalias</a>	7	0	1	58	306	8258		014
@j_datsira	<a href="https://twitter.com/j_datsira" target="_blank">j_datsira</a>	1	0	1	14	52	90		014
@j_domenech	<a href="https://twitter.com/j_domenech" target="_blank">j_domenech</a>	2	0	1	167	402	3044	Barcelona, Catalunya	003
@Ja_tho_deia	<a href="https://twitter.com/Ja_tho_deia" target="_blank">Ja_tho_deia</a>	2	0	1	20	48	3240		003
@JAARCL	<a href="https://twitter.com/JAARCL" target="_blank">JAARCL</a>	2	0	1	231	447	5417	Catalunya	003
@Jabbastation	<a href="https://twitter.com/Jabbastation" target="_blank">Jabbastation</a>	29	0	4	598	283	146254	Catalunya	014
@jablasco1967	<a href="https://twitter.com/jablasco1967" target="_blank">jablasco1967</a>	5	0	1	72	210	621		123
@jacintfelip	<a href="https://twitter.com/jacintfelip" target="_blank">jacintfelip</a>	9	0	1	1711	1950	56512	Barcelona-Catalunya	003
@jacob_31	<a href="https://twitter.com/jacob_31" target="_blank">jacob_31</a>	16	0	1	37	269	1496	Barcelona	003
@jactonanderson	<a href="https://twitter.com/jactonanderson" target="_blank">jactonanderson</a>	3	0	2	347	1031	10920	Principality of Catalonia	014
@JaCtuPoenitens	<a href="https://twitter.com/JaCtuPoenitens" target="_blank">JaCtuPoenitens</a>	1	1	0	318	490	33528	Sevilla	329
@JaEstBar	<a href="https://twitter.com/JaEstBar" target="_blank">JaEstBar</a>	5	0	1	104	251	2149	Gelida (BCN)	006
@jaestrobaenus	<a href="https://twitter.com/jaestrobaenus" target="_blank">jaestrobaenus</a>	1	0	1	11	78	590	Girona, Catalunya	003
@jagmontilla	<a href="https://twitter.com/jagmontilla" target="_blank">jagmontilla</a>	1	0	1	11	48	43		253
@jaimercalero	<a href="https://twitter.com/jaimercalero" target="_blank">jaimercalero</a>	12	0	2	123	146	10906		098
@jaimesalas98	<a href="https://twitter.com/jaimesalas98" target="_blank">jaimesalas98</a>	1	0	1	496	488	10000	Jerez de la Frontera, España	464
@jaipcat	<a href="https://twitter.com/jaipcat" target="_blank">jaipcat</a>	3	9	0	6178	5478	13374	Vilafranca - Països Catalans	135
@jake_the_hater	<a href="https://twitter.com/jake_the_hater" target="_blank">jake_the_hater</a>	1	0	1	16	110	135		184
@jam38669784	<a href="https://twitter.com/jam38669784" target="_blank">jam38669784</a>	1	0	1	17	213	18	D	012
@JamesGarry7	<a href="https://twitter.com/JamesGarry7" target="_blank">JamesGarry7</a>	7	0	2	8702	5982	17899	Penicuik, Scotland	018
@JAMonzon	<a href="https://twitter.com/JAMonzon" target="_blank">JAMonzon</a>	9	0	2	1716	1729	69300	Barcelona, Catalunya, UE	007
@JandroJaudi	<a href="https://twitter.com/JandroJaudi" target="_blank">JandroJaudi</a>	12	0	1	287	848	17334	Barcelona, España	527
@janeslluis	<a href="https://twitter.com/janeslluis" target="_blank">janeslluis</a>	4	0	1	69	512	951	Barcelona	014
@janpunti	<a href="https://twitter.com/janpunti" target="_blank">janpunti</a>	14	0	2	3151	2461	18441	Rubí	137
@japbcn	<a href="https://twitter.com/japbcn" target="_blank">japbcn</a>	31	0	8	518	545	46576		003
@jara_toni	<a href="https://twitter.com/jara_toni" target="_blank">jara_toni</a>	14	0	2	859	2250	56969		017
@jaranuskli6	<a href="https://twitter.com/jaranuskli6" target="_blank">jaranuskli6</a>	2	0	1	471	1031	18322	BAIX LLOBREGAT	005
@JArdanuyF	<a href="https://twitter.com/JArdanuyF" target="_blank">JArdanuyF</a>	1	0	1	49	48	714		106
@jasbier63	<a href="https://twitter.com/jasbier63" target="_blank">jasbier63</a>	4	0	1	93	359	4720		014
@jaubor	<a href="https://twitter.com/jaubor" target="_blank">jaubor</a>	2	0	1	119	242	3937	Premià de Dalt	014
@jauca71	<a href="https://twitter.com/jauca71" target="_blank">jauca71</a>	4	0	1	236	567	8627		003
@jaume_prat	<a href="https://twitter.com/jaume_prat" target="_blank">jaume_prat</a>	0	1	0					014
@jaume_teixido	<a href="https://twitter.com/jaume_teixido" target="_blank">jaume_teixido</a>	4	0	2	405	1026	4374	(Maresme) Catalunya	036
@jaume1412	<a href="https://twitter.com/jaume1412" target="_blank">jaume1412</a>	1	0	1	211	346	4134	Sant Vicenç de Montalt	003
@jaumebc	<a href="https://twitter.com/jaumebc" target="_blank">jaumebc</a>	3	1	0	368	1544	6703		326
@jaumecampderros	<a href="https://twitter.com/jaumecampderros" target="_blank">jaumecampderros</a>	6	0	2	23	221	673	el Papiol, Espanya	165
@JaumeClapes	<a href="https://twitter.com/JaumeClapes" target="_blank">JaumeClapes</a>	6	0	2	2433	2136	34040		125
@jaumecst	<a href="https://twitter.com/jaumecst" target="_blank">jaumecst</a>	10	0	2	2135	2103	25992		014
@JaumeF	<a href="https://twitter.com/JaumeF" target="_blank">JaumeF</a>	6	0	1	237	410	12920		220
@JaumeFerr	<a href="https://twitter.com/JaumeFerr" target="_blank">JaumeFerr</a>	5	0	2	853	295	52452	Eivissa-Sta Eulària	014
@jaumeferrerpuig	<a href="https://twitter.com/jaumeferrerpuig" target="_blank">jaumeferrerpuig</a>	4	0	2	692	1888	14537	Montblanc | Vilafranca	004
@jaumefm1	<a href="https://twitter.com/jaumefm1" target="_blank">jaumefm1</a>	1	0	1	10	114	402	Cataluña, España	034
@jaumeguinness	<a href="https://twitter.com/jaumeguinness" target="_blank">jaumeguinness</a>	0	1	0					327
@jaumejfm	<a href="https://twitter.com/jaumejfm" target="_blank">jaumejfm</a>	20	0	4	2860	2890	42764		014
@JaumeLlop	<a href="https://twitter.com/JaumeLlop" target="_blank">JaumeLlop</a>	2	0	1	15	60	1303		012
@JaumeManyoses	<a href="https://twitter.com/JaumeManyoses" target="_blank">JaumeManyoses</a>	7	0	3	1081	998	36845	Sant Feliu de Llobregat	163
@JaumeMeneses	<a href="https://twitter.com/JaumeMeneses" target="_blank">JaumeMeneses</a>	14	0	1	19	73	2593		004
@jaumemingol	<a href="https://twitter.com/jaumemingol" target="_blank">jaumemingol</a>	2	0	1	1857	1351	3485	Barcelona	003
@JaumeNorberto	<a href="https://twitter.com/JaumeNorberto" target="_blank">JaumeNorberto</a>	6	0	1	599	1478	5744	Vic	026
@jaumeorti	<a href="https://twitter.com/jaumeorti" target="_blank">jaumeorti</a>	2	0	1	335	549	18969		014
@jaumepadros	<a href="https://twitter.com/jaumepadros" target="_blank">jaumepadros</a>	8	0	1	3375	1436	16106	Barcelona-Catalonia-EU	017
@JaumePie	<a href="https://twitter.com/JaumePie" target="_blank">JaumePie</a>	3	0	1	17	43	409	Barcelona, Espanya	003
@jaumepouarumi	<a href="https://twitter.com/jaumepouarumi" target="_blank">jaumepouarumi</a>	1	0	1	38	65	33		023
@jaumerafanell	<a href="https://twitter.com/jaumerafanell" target="_blank">jaumerafanell</a>	4	0	1	1185	1145	3012	Gavà / Catalunya	028
@jaumerboher	<a href="https://twitter.com/jaumerboher" target="_blank">jaumerboher</a>	1	1	0	404	386	4588	Arreu	324
@JaumeRife	<a href="https://twitter.com/JaumeRife" target="_blank">JaumeRife</a>	2	0	1	13	76	130		015
@jaumeroldos	<a href="https://twitter.com/jaumeroldos" target="_blank">jaumeroldos</a>	3	0	1	535	276	41111	Sant Feliu de Guíxols	003
@JaumeRP	<a href="https://twitter.com/JaumeRP" target="_blank">JaumeRP</a>	3	0	1	17	63	394		003
@jaumesol	<a href="https://twitter.com/jaumesol" target="_blank">jaumesol</a>	31	0	1	690	324	76126	Vidreres (Girona) Spain	003
@Jaumess	<a href="https://twitter.com/Jaumess" target="_blank">Jaumess</a>	2	0	1	103	253	2277	Barcelona	014
@JaumeTenes	<a href="https://twitter.com/JaumeTenes" target="_blank">JaumeTenes</a>	0	1	0					325
@jaumetrunyo	<a href="https://twitter.com/jaumetrunyo" target="_blank">jaumetrunyo</a>	11	0	4	48	70	4666		014
@jaumevallbona	<a href="https://twitter.com/jaumevallbona" target="_blank">jaumevallbona</a>	1	1	0	127	421	1769		328
@jaumevic63	<a href="https://twitter.com/jaumevic63" target="_blank">jaumevic63</a>	3	0	2	223	319	1166	Catalunya	169
@jaumevx	<a href="https://twitter.com/jaumevx" target="_blank">jaumevx</a>	6	0	2	1868	2082	9355	Mataró - Catalunya	126
@jaumira18	<a href="https://twitter.com/jaumira18" target="_blank">jaumira18</a>	5	0	1	183	271	1034	Catalunya	497
@jauper	<a href="https://twitter.com/jauper" target="_blank">jauper</a>	4	0	1	193	669	2174	Gavà Barcelona	007
@jausanjun	<a href="https://twitter.com/jausanjun" target="_blank">jausanjun</a>	2	0	1	605	3433	2091	Santpedor, Catalunya	003
@Javi_Quique_OK	<a href="https://twitter.com/Javi_Quique_OK" target="_blank">Javi_Quique_OK</a>	34	0	2	26859	19052	400612	Galdo, España	102
@javicancor	<a href="https://twitter.com/javicancor" target="_blank">javicancor</a>	3	0	3	36	61	219		024
@javier_maestre	<a href="https://twitter.com/javier_maestre" target="_blank">javier_maestre</a>	1	0	1	227	1025	5512	Iberia	005
@javier_mahedero	<a href="https://twitter.com/javier_mahedero" target="_blank">javier_mahedero</a>	8	0	1	58	124	1230		184
@JAVIER9090	<a href="https://twitter.com/JAVIER9090" target="_blank">JAVIER9090</a>	5	149	2	973	481	52143	Un planeta llamado Tierra	006
@JavierCabrera36	<a href="https://twitter.com/JavierCabrera36" target="_blank">JavierCabrera36</a>	0	2	0					074
@javierfflores	<a href="https://twitter.com/javierfflores" target="_blank">javierfflores</a>	5	0	1	191	366	6487	Badalona	006
@JaviRodrigo5	<a href="https://twitter.com/JaviRodrigo5" target="_blank">JaviRodrigo5</a>	1	1	0	3	124	65	España	323
@JaviSanchez199	<a href="https://twitter.com/JaviSanchez199" target="_blank">JaviSanchez199</a>	7	0	1	175	1173	372	Montbui - Igualada	014
@jb_mora	<a href="https://twitter.com/jb_mora" target="_blank">jb_mora</a>	6	0	1	196	723	6491	Catalunya	017
@jbalaspa	<a href="https://twitter.com/jbalaspa" target="_blank">jbalaspa</a>	4	0	1	34	190	2023	Barcelona	012
@jbar3640	<a href="https://twitter.com/jbar3640" target="_blank">jbar3640</a>	2	0	1	218	183	22908	Barcelona	003
@jbarrullbadia	<a href="https://twitter.com/jbarrullbadia" target="_blank">jbarrullbadia</a>	16	0	1	240	438	8346		004
@jbascu53	<a href="https://twitter.com/jbascu53" target="_blank">jbascu53</a>	17	0	1	2385	3345	97884		014
@JbdBenet	<a href="https://twitter.com/JbdBenet" target="_blank">JbdBenet</a>	1	0	1	191	553	686	Arbeca, Catalunya	023
@jbhc10	<a href="https://twitter.com/jbhc10" target="_blank">jbhc10</a>	10	0	1	199	583	17788		007
@jbistuer	<a href="https://twitter.com/jbistuer" target="_blank">jbistuer</a>	7	0	2	458	742	25094		014
@jboixo	<a href="https://twitter.com/jboixo" target="_blank">jboixo</a>	2	0	1	191	253	6543		473
@jboixv	<a href="https://twitter.com/jboixv" target="_blank">jboixv</a>	2	0	1	309	327	1934		013
@jbuchaca	<a href="https://twitter.com/jbuchaca" target="_blank">jbuchaca</a>	3	0	1	170	224	1207		003
@Jcamprup	<a href="https://twitter.com/Jcamprup" target="_blank">Jcamprup</a>	23	0	3	27	100	4006		008
@jcarlos78643	<a href="https://twitter.com/jcarlos78643" target="_blank">jcarlos78643</a>	1	0	1	182	277	9258		003
@jcc_cat	<a href="https://twitter.com/jcc_cat" target="_blank">jcc_cat</a>	3	0	1	3636	2627	5651	Catalunya	211
@JCC_VOcc	<a href="https://twitter.com/JCC_VOcc" target="_blank">JCC_VOcc</a>	1	4	0	297	384	1222	Vallès Occidental	225
@jcecatalunya	<a href="https://twitter.com/jcecatalunya" target="_blank">jcecatalunya</a>	8	0	1	3522	3991	47212	República de Catalunya, EU	014
@jcgcat	<a href="https://twitter.com/jcgcat" target="_blank">jcgcat</a>	1	0	1	122	218	4728	Amer, Catalunya	017
@jcm_jcm2011	<a href="https://twitter.com/jcm_jcm2011" target="_blank">jcm_jcm2011</a>	6	0	2	139	247	16648		010
@jcodina_5	<a href="https://twitter.com/jcodina_5" target="_blank">jcodina_5</a>	1	0	1	8	161	10	Breda, España	157
@jcomapos	<a href="https://twitter.com/jcomapos" target="_blank">jcomapos</a>	4	0	2	98	119	1390	Conca d'Òdena	054
@jcortiadamestre	<a href="https://twitter.com/jcortiadamestre" target="_blank">jcortiadamestre</a>	4	0	1	209	634	4282	Cornudella (Penedès PPCC)	007
@jcpuigventos	<a href="https://twitter.com/jcpuigventos" target="_blank">jcpuigventos</a>	3	0	1	14	109	1405		200
@jcuixart	<a href="https://twitter.com/jcuixart" target="_blank">jcuixart</a>	0	112	0					007
@jcunya	<a href="https://twitter.com/jcunya" target="_blank">jcunya</a>	7	0	2	182	223	4859	CAT	168
@jdalmauvilalta	<a href="https://twitter.com/jdalmauvilalta" target="_blank">jdalmauvilalta</a>	5	0	3	66	222	2682		017
@jdFBrusi	<a href="https://twitter.com/jdFBrusi" target="_blank">jdFBrusi</a>	1	0	1	58	371	561		143
@jdisplas	<a href="https://twitter.com/jdisplas" target="_blank">jdisplas</a>	1	0	1	110	144	337	Caldes d' Malavella	006
@Jenn_hypatia	<a href="https://twitter.com/Jenn_hypatia" target="_blank">Jenn_hypatia</a>	9	0	2	525	390	10725	Empordà - Bcn - World	134
@jep_send	<a href="https://twitter.com/jep_send" target="_blank">jep_send</a>	11	0	1	1058	1684	22492	Premià de Mar, Catalunya ||||	014
@jepjepus	<a href="https://twitter.com/jepjepus" target="_blank">jepjepus</a>	7	0	2	1272	951	63237	Catalonia - not	035
@jepmaria	<a href="https://twitter.com/jepmaria" target="_blank">jepmaria</a>	2	0	2	41	80	1256	catalonia	005
@jerborejuo	<a href="https://twitter.com/jerborejuo" target="_blank">jerborejuo</a>	2	0	2	970	1346	13235		122
@JERCccgg	<a href="https://twitter.com/JERCccgg" target="_blank">JERCccgg</a>	1	0	1	1197	854	2812	Comarques Gironines	535
@JERCReus	<a href="https://twitter.com/JERCReus" target="_blank">JERCReus</a>	0	1	0					534
@JERCSalt	<a href="https://twitter.com/JERCSalt" target="_blank">JERCSalt</a>	2	1	0	368	514	1152		535
@jercStJoanAb	<a href="https://twitter.com/jercStJoanAb" target="_blank">jercStJoanAb</a>	2	0	1	252	271	363	Sant Joan de les Abadesses	044
@JeremiasSoler	<a href="https://twitter.com/JeremiasSoler" target="_blank">JeremiasSoler</a>	3	0	1	1377	1393	2842	Terrassa	014
@jesarisa	<a href="https://twitter.com/jesarisa" target="_blank">jesarisa</a>	2	0	1	36	82	1282		003
@JessySnake	<a href="https://twitter.com/JessySnake" target="_blank">JessySnake</a>	27	0	2	185	359	8258		014
@jesus_bohigas	<a href="https://twitter.com/jesus_bohigas" target="_blank">jesus_bohigas</a>	1	0	1	61	92	323	Catalunya	012
@jesus_martin_73	<a href="https://twitter.com/jesus_martin_73" target="_blank">jesus_martin_73</a>	1	1	0	225	525	1581	Sant Celoni	002
@jesus_recasens	<a href="https://twitter.com/jesus_recasens" target="_blank">jesus_recasens</a>	2	0	1	5	63	610	Cambrils, Espanya	010
@jesus12n	<a href="https://twitter.com/jesus12n" target="_blank">jesus12n</a>	2	0	1	643	457	4160	Tarragona	032
@jesuset58	<a href="https://twitter.com/jesuset58" target="_blank">jesuset58</a>	6	2	0	2679	2601	32700	I am Catalan	003
@jfabregues	<a href="https://twitter.com/jfabregues" target="_blank">jfabregues</a>	1	0	1	1040	1556	55206	Mòn.	003
@Jfajeda	<a href="https://twitter.com/Jfajeda" target="_blank">Jfajeda</a>	5	0	1	155	598	1523	Sitges, Cataluña	013
@Jfaurat	<a href="https://twitter.com/Jfaurat" target="_blank">Jfaurat</a>	3	0	1	176	421	1857	Peramea - La Pobla de Segur.	134
@Jfcovacs	<a href="https://twitter.com/Jfcovacs" target="_blank">Jfcovacs</a>	8	0	2	784	753	7054		014
@jfdezbort	<a href="https://twitter.com/jfdezbort" target="_blank">jfdezbort</a>	1	0	1	498	1134	9511	Catalunya, Europa	003
@Jferrerurg	<a href="https://twitter.com/Jferrerurg" target="_blank">Jferrerurg</a>	4	0	1	41	102	3307	Barcelona, Catalunya	003
@jflorit	<a href="https://twitter.com/jflorit" target="_blank">jflorit</a>	7	0	1	917	1995	6894	Mallorca	004
@JFort14	<a href="https://twitter.com/JFort14" target="_blank">JFort14</a>	4	0	1	248	493	12038		073
@jfritsch1976	<a href="https://twitter.com/jfritsch1976" target="_blank">jfritsch1976</a>	8	0	4	109	307	6473		003
@Jgarante2	<a href="https://twitter.com/Jgarante2" target="_blank">Jgarante2</a>	0	1	0					533
@JGarbiel	<a href="https://twitter.com/JGarbiel" target="_blank">JGarbiel</a>	2	0	2	130	447	1669	Albinyana, Catalunya	014
@jgarciavalls	<a href="https://twitter.com/jgarciavalls" target="_blank">jgarciavalls</a>	6	0	2	421	924	4172	Valls	037
@jgc1967	<a href="https://twitter.com/jgc1967" target="_blank">jgc1967</a>	1	0	1	155	307	7340	Barcelona	174
@jgiliseg	<a href="https://twitter.com/jgiliseg" target="_blank">jgiliseg</a>	1	0	1	21	25	27		008
@jguillaumes	<a href="https://twitter.com/jguillaumes" target="_blank">jguillaumes</a>	9	0	1	463	495	33433	Barcelona	003
@jguiu0	<a href="https://twitter.com/jguiu0" target="_blank">jguiu0</a>	5	0	1	195	312	7502		184
@jguzman2014	<a href="https://twitter.com/jguzman2014" target="_blank">jguzman2014</a>	1	0	1	50	296	1137		003
@jgvllarg	<a href="https://twitter.com/jgvllarg" target="_blank">jgvllarg</a>	1	1	0	274	1137	5763	Navarcles ( Catalonia)	531
@JimenezUxue	<a href="https://twitter.com/JimenezUxue" target="_blank">JimenezUxue</a>	1	0	1	4	57	168	Barcelona, Catalunya	002
@jinomusicUK	<a href="https://twitter.com/jinomusicUK" target="_blank">jinomusicUK</a>	6	0	1	165	413	15442	London, UK	017
@jj197005	<a href="https://twitter.com/jj197005" target="_blank">jj197005</a>	3	0	2	7	32	869		034
@JJ200	<a href="https://twitter.com/JJ200" target="_blank">JJ200</a>	2	0	1	375	375	4657	Madrid	059
@JJBosk	<a href="https://twitter.com/JJBosk" target="_blank">JJBosk</a>	0	1	0					532
@jjdunbar63	<a href="https://twitter.com/jjdunbar63" target="_blank">jjdunbar63</a>	13	0	4	464	595	14403		007
@JJGG25	<a href="https://twitter.com/JJGG25" target="_blank">JJGG25</a>	2	0	1	233	435	8921	Barcelona	012
@jjmontillabcn	<a href="https://twitter.com/jjmontillabcn" target="_blank">jjmontillabcn</a>	15	0	1	44	110	2178	Barcelona	399
@JJPLCat	<a href="https://twitter.com/JJPLCat" target="_blank">JJPLCat</a>	5	0	1	384	468	10844	Catalunya	472
@JJPPbcn	<a href="https://twitter.com/JJPPbcn" target="_blank">JJPPbcn</a>	22	1	2	1531	2293	81107	Cerdanyola /Catalunya	014
@jjrubira	<a href="https://twitter.com/jjrubira" target="_blank">jjrubira</a>	7	0	1	116	491	2343	Catalunya	198
@jkarlos74	<a href="https://twitter.com/jkarlos74" target="_blank">jkarlos74</a>	2	0	1	685	593	15609	Sant Quirze del Vallès, CAT.	012
@jksnova	<a href="https://twitter.com/jksnova" target="_blank">jksnova</a>	21	0	1	470	585	9475	Badalona, Catalonia	014
@jlcleries	<a href="https://twitter.com/jlcleries" target="_blank">jlcleries</a>	5	36	1	8512	3609	12418		014
@jlforum62	<a href="https://twitter.com/jlforum62" target="_blank">jlforum62</a>	1	0	1	16	54	203		003
@jlguart	<a href="https://twitter.com/jlguart" target="_blank">jlguart</a>	4	0	1	32	133	1266		005
@jm_cabases	<a href="https://twitter.com/jm_cabases" target="_blank">jm_cabases</a>	7	0	1	734	264	45939	Entre el Vallès i el Segrià	017
@jm_oscar	<a href="https://twitter.com/jm_oscar" target="_blank">jm_oscar</a>	2	0	1	82	270	1775		083
@jm_solivellas	<a href="https://twitter.com/jm_solivellas" target="_blank">jm_solivellas</a>	3	0	1	25	11	2605	SITGES	174
@JM90PI	<a href="https://twitter.com/JM90PI" target="_blank">JM90PI</a>	9	0	1	152	483	35160	Alacant	005
@jmaesod	<a href="https://twitter.com/jmaesod" target="_blank">jmaesod</a>	14	0	1	182	380	15816		014
@jmaltayo	<a href="https://twitter.com/jmaltayo" target="_blank">jmaltayo</a>	19	0	3	145	841	13412	Barcelona. Catalunya.	014
@jmampelf	<a href="https://twitter.com/jmampelf" target="_blank">jmampelf</a>	9	0	3	573	1168	26027	Terrassa, España	007
@jmangues	<a href="https://twitter.com/jmangues" target="_blank">jmangues</a>	0	2	0					091
@jmarchn	<a href="https://twitter.com/jmarchn" target="_blank">jmarchn</a>	5	0	1	334	1492	14224		003
@jmartinezvila	<a href="https://twitter.com/jmartinezvila" target="_blank">jmartinezvila</a>	4	0	1	163	357	4282		451
@jmassagues	<a href="https://twitter.com/jmassagues" target="_blank">jmassagues</a>	4	0	2	75	256	10414		139
@Jmbbalbastre	<a href="https://twitter.com/Jmbbalbastre" target="_blank">Jmbbalbastre</a>	3	0	1	0	28	197		034
@jmbullichsj	<a href="https://twitter.com/jmbullichsj" target="_blank">jmbullichsj</a>	15	0	1	100	188	3929	MANRESA	014
@jmc_dv	<a href="https://twitter.com/jmc_dv" target="_blank">jmc_dv</a>	1	0	1	82	418	1929	barcelona - catalunya	003
@jmcaballero58	<a href="https://twitter.com/jmcaballero58" target="_blank">jmcaballero58</a>	15	0	2	592	488	53898		014
@jmcalpe	<a href="https://twitter.com/jmcalpe" target="_blank">jmcalpe</a>	3	0	1	416	246	16520	Catalunya	139
@Jmcarner	<a href="https://twitter.com/Jmcarner" target="_blank">Jmcarner</a>	1	0	1	100	95	6699	Ciutadà República Catalana	007
@jmcchacon	<a href="https://twitter.com/jmcchacon" target="_blank">jmcchacon</a>	5	0	1	958	1878	7792	Sencelles (Països Catalans)	003
@jmganaza	<a href="https://twitter.com/jmganaza" target="_blank">jmganaza</a>	1	0	1	23	197	334	Sant Cugat	017
@jmgarcia1960	<a href="https://twitter.com/jmgarcia1960" target="_blank">jmgarcia1960</a>	4	0	1	23	252	1318		003
@jmGaRoz	<a href="https://twitter.com/jmGaRoz" target="_blank">jmGaRoz</a>	1	0	1	15	131	1011	The World	003
@jmgfx	<a href="https://twitter.com/jmgfx" target="_blank">jmgfx</a>	1	0	1	28	61	357	Catalunya	003
@jmgoig	<a href="https://twitter.com/jmgoig" target="_blank">jmgoig</a>	2	0	1	3141	2616	121771	on són els meus peus	019
@jmgreoles	<a href="https://twitter.com/jmgreoles" target="_blank">jmgreoles</a>	1	0	1	389	117	6600	Bellpuig  (Urgell)	003
@jmntgd	<a href="https://twitter.com/jmntgd" target="_blank">jmntgd</a>	4	0	1	874	829	49274	El Castell Negre	005
@jmocu	<a href="https://twitter.com/jmocu" target="_blank">jmocu</a>	20	0	1	1015	2116	40204	Visca! a Catalunya (per sort)	168
@jmolist	<a href="https://twitter.com/jmolist" target="_blank">jmolist</a>	2	0	1	171	415	1402	Sant Cugat del Valles	003
@JMoralesDalmau	<a href="https://twitter.com/JMoralesDalmau" target="_blank">JMoralesDalmau</a>	1	0	1	69	174	815		003
@JMP5012	<a href="https://twitter.com/JMP5012" target="_blank">JMP5012</a>	0	1	0					530
@jmprincep	<a href="https://twitter.com/jmprincep" target="_blank">jmprincep</a>	2	0	1	63	188	3055	Catalunya	004
@JMRebes	<a href="https://twitter.com/JMRebes" target="_blank">JMRebes</a>	1	1	0	980	779	25265	Barcelona, Catalunya	014
@jmterricabras	<a href="https://twitter.com/jmterricabras" target="_blank">jmterricabras</a>	1	59	0	32928	606	3914	Girona	015
@JMTibau	<a href="https://twitter.com/JMTibau" target="_blank">JMTibau</a>	2	2	0	3232	2866	8920	Tortosa/Cornudella. Catalunya	276
@jmtorrent1	<a href="https://twitter.com/jmtorrent1" target="_blank">jmtorrent1</a>	9	0	2	675	1000	3407	Catalunya	034
@jmvergesprat	<a href="https://twitter.com/jmvergesprat" target="_blank">jmvergesprat</a>	15	0	1	1815	1183	193077	Igualada	210
@jmvidalillanes	<a href="https://twitter.com/jmvidalillanes" target="_blank">jmvidalillanes</a>	46	0	4	6107	1886	85501	Illes Balears (Mediterrània)	014
@JNCCiutatVella	<a href="https://twitter.com/JNCCiutatVella" target="_blank">JNCCiutatVella</a>	8	1	0	259	138	11908	Barcelona, Catalunya	025
@JNCGramenet	<a href="https://twitter.com/JNCGramenet" target="_blank">JNCGramenet</a>	2	0	1	504	415	1068	Santa Coloma de Gramenet	188
@jntriambau	<a href="https://twitter.com/jntriambau" target="_blank">jntriambau</a>	1	0	1	8	34	41	Torredembarra, Espanya	520
@Jo_Catala	<a href="https://twitter.com/Jo_Catala" target="_blank">Jo_Catala</a>	1	0	1	102	119	1937	Catalunya	003
@Jo_cuut	<a href="https://twitter.com/Jo_cuut" target="_blank">Jo_cuut</a>	2	0	2	83	221	3153		091
@joabipaPrieto	<a href="https://twitter.com/joabipaPrieto" target="_blank">joabipaPrieto</a>	2	0	1	44	101	5298		034
@joakimVivas	<a href="https://twitter.com/joakimVivas" target="_blank">joakimVivas</a>	2	2	0	2807	3971	22375	Sant Cugat del Vallès, Spain	310
@joan_abs	<a href="https://twitter.com/joan_abs" target="_blank">joan_abs</a>	17	0	1	1491	1597	47038	Catalunya	003
@joan_barcelo_	<a href="https://twitter.com/joan_barcelo_" target="_blank">joan_barcelo_</a>	1	0	1	83	240	204	St Louis, MO	136
@joan_creus	<a href="https://twitter.com/joan_creus" target="_blank">joan_creus</a>	1	0	1	60	70	121	Cat.-North-East of Spain	003
@joan_galvan	<a href="https://twitter.com/joan_galvan" target="_blank">joan_galvan</a>	3	0	1	17	39	175	Barcelona, Catalunya	169
@Joan_Llacuna	<a href="https://twitter.com/Joan_Llacuna" target="_blank">Joan_Llacuna</a>	5	0	1	1678	945	27016	Barcelona, Catalunya	306
@joan_olivares	<a href="https://twitter.com/joan_olivares" target="_blank">joan_olivares</a>	2	0	1	686	653	8448	Catalunya	017
@JOAN_SACASAS	<a href="https://twitter.com/JOAN_SACASAS" target="_blank">JOAN_SACASAS</a>	3	0	1	78	336	1262		003
@Joan_T_G	<a href="https://twitter.com/Joan_T_G" target="_blank">Joan_T_G</a>	5	0	1	57	141	3376		169
@joan_turu	<a href="https://twitter.com/joan_turu" target="_blank">joan_turu</a>	1	0	1	3420	413	299		229
@joan0074	<a href="https://twitter.com/joan0074" target="_blank">joan0074</a>	1	0	1	122	112	3765		381
@joan11ss	<a href="https://twitter.com/joan11ss" target="_blank">joan11ss</a>	1	0	1	141	132	3169		106
@joana_canal	<a href="https://twitter.com/joana_canal" target="_blank">joana_canal</a>	2	0	1	50	215	629		017
@joana_oro	<a href="https://twitter.com/joana_oro" target="_blank">joana_oro</a>	6	0	1	1282	838	29674	Països Catalans - Catalunya	072
@joanagabarrof	<a href="https://twitter.com/joanagabarrof" target="_blank">joanagabarrof</a>	88	0	2	626	264	100639		003
@JoanAlbor	<a href="https://twitter.com/JoanAlbor" target="_blank">JoanAlbor</a>	1	0	1	496	841	9802	País Valencià	009
@JoanAmat89	<a href="https://twitter.com/JoanAmat89" target="_blank">JoanAmat89</a>	1	0	1	272	534	2468	Castell d'Aro	368
@JoanAyats	<a href="https://twitter.com/JoanAyats" target="_blank">JoanAyats</a>	8	0	1	599	615	16890	Des d'Osona	014
@JoanBaello	<a href="https://twitter.com/JoanBaello" target="_blank">JoanBaello</a>	9	0	1	52	122	4723	Barcelona, Espanya	003
@JoanBay	<a href="https://twitter.com/JoanBay" target="_blank">JoanBay</a>	38	0	6	2356	4275	118153	el masnou/bcn/països catalans	003
@JoanBlasco	<a href="https://twitter.com/JoanBlasco" target="_blank">JoanBlasco</a>	6	0	1	221	514	16981	TGN	014
@joanbp20	<a href="https://twitter.com/joanbp20" target="_blank">joanbp20</a>	1	0	1	47	135	255	Tarragona	485
@JoanBragulat	<a href="https://twitter.com/JoanBragulat" target="_blank">JoanBragulat</a>	10	0	1	456	2446	2867	Barcelona, Catalunya	328
@joanbtwit	<a href="https://twitter.com/joanbtwit" target="_blank">joanbtwit</a>	5	0	1	310	252	37188	República de Catalunya	004
@joanc29	<a href="https://twitter.com/joanc29" target="_blank">joanc29</a>	13	0	1	284	484	5077		010
@JoanC66	<a href="https://twitter.com/JoanC66" target="_blank">JoanC66</a>	5	0	2	3	9	874		014
@JoanCampru	<a href="https://twitter.com/JoanCampru" target="_blank">JoanCampru</a>	1	0	1	817	1135	16133		008
@JoanCantimplora	<a href="https://twitter.com/JoanCantimplora" target="_blank">JoanCantimplora</a>	0	1	0					529
@joancapu	<a href="https://twitter.com/joancapu" target="_blank">joancapu</a>	8	0	2	203	527	8433	barcelona	034
@joancarlesdoval	<a href="https://twitter.com/joancarlesdoval" target="_blank">joancarlesdoval</a>	3	0	1	1620	1084	10271	Sabadell	239
@joancarlesgg	<a href="https://twitter.com/joancarlesgg" target="_blank">joancarlesgg</a>	3	0	1	194	285	8953		012
@JoanCasamitjana	<a href="https://twitter.com/JoanCasamitjana" target="_blank">JoanCasamitjana</a>	0	1	0					528
@joancasteller	<a href="https://twitter.com/joancasteller" target="_blank">joancasteller</a>	2	0	1	296	216	1399	Caldes de Montbui	023
@joancguerrero	<a href="https://twitter.com/joancguerrero" target="_blank">joancguerrero</a>	20	21	1	813	3313	14331	BCN&GRN ||*||	047
@joancollriba	<a href="https://twitter.com/joancollriba" target="_blank">joancollriba</a>	3	0	2	306	157	1926	Barcelona	021
@JoanCostaBorras	<a href="https://twitter.com/JoanCostaBorras" target="_blank">JoanCostaBorras</a>	5	0	2	90	197	5377		003
@joancrodriguez	<a href="https://twitter.com/joancrodriguez" target="_blank">joancrodriguez</a>	1	0	1	838	719	4369	Sant Julià de Vilatorta	056
@Joand1965	<a href="https://twitter.com/Joand1965" target="_blank">Joand1965</a>	1	0	1	29	208	207	Barcelona	003
@joandebatet	<a href="https://twitter.com/joandebatet" target="_blank">joandebatet</a>	3	0	1	169	475	4810		010
@joandeltrull	<a href="https://twitter.com/joandeltrull" target="_blank">joandeltrull</a>	1	0	1	11	42	425		006
@joanenpa	<a href="https://twitter.com/joanenpa" target="_blank">joanenpa</a>	17	0	1	71	516	4690	IGD, Catalunya	003
@joanfabregasroc	<a href="https://twitter.com/joanfabregasroc" target="_blank">joanfabregasroc</a>	1	0	1	107	382	719	Barcelona, España	194
@joanferrando	<a href="https://twitter.com/joanferrando" target="_blank">joanferrando</a>	1	0	1	540	512	2171	Mollet del Vallès, Catalunya	184
@Joanfontdevila1	<a href="https://twitter.com/Joanfontdevila1" target="_blank">Joanfontdevila1</a>	1	0	1	5	92	23		014
@JoanGnzVallespi	<a href="https://twitter.com/JoanGnzVallespi" target="_blank">JoanGnzVallespi</a>	1	0	1	6	159	287		037
@JoanGuixeras	<a href="https://twitter.com/JoanGuixeras" target="_blank">JoanGuixeras</a>	7	0	4	1612	4989	7894	Les Llambardes-Vilafranca Pdès	014
@Joanibanez1971	<a href="https://twitter.com/Joanibanez1971" target="_blank">Joanibanez1971</a>	6	0	1	154	434	21435		017
@JoanIgualada	<a href="https://twitter.com/JoanIgualada" target="_blank">JoanIgualada</a>	13	0	1	1477	1399	2732		160
@joanimber	<a href="https://twitter.com/joanimber" target="_blank">joanimber</a>	2	0	1	8	108	602	Barcelona, Espanya	015
@joaninsky	<a href="https://twitter.com/joaninsky" target="_blank">joaninsky</a>	9	0	2	201	333	6013	Tarragona, Catalunya.	140
@joanjorquera	<a href="https://twitter.com/joanjorquera" target="_blank">joanjorquera</a>	2	0	2	424	951	18499	Barcelona	014
@joanmaria59	<a href="https://twitter.com/joanmaria59" target="_blank">joanmaria59</a>	2	0	1	67	290	615	CATALUNYA, Europa	003
@joanmariapique	<a href="https://twitter.com/joanmariapique" target="_blank">joanmariapique</a>	12	30	0	18693	3854	90362	Barcelona, Catalunya	157
@joanmendoza555	<a href="https://twitter.com/joanmendoza555" target="_blank">joanmendoza555</a>	6	0	1	38	231	605	Barcelona	006
@joanmimo65	<a href="https://twitter.com/joanmimo65" target="_blank">joanmimo65</a>	1	0	1	76	115	2672		003
@joanmipujols	<a href="https://twitter.com/joanmipujols" target="_blank">joanmipujols</a>	2	0	1	163	307	1783		006
@JoanOriolAD	<a href="https://twitter.com/JoanOriolAD" target="_blank">JoanOriolAD</a>	1	0	1	75	202	2300		003
@JoanPages7	<a href="https://twitter.com/JoanPages7" target="_blank">JoanPages7</a>	8	0	1	189	668	11512	L'Ametlla del Vallès	034
@joanparera	<a href="https://twitter.com/joanparera" target="_blank">joanparera</a>	1	0	1	205	219	8334	Catalunya	003
@joanpaurue	<a href="https://twitter.com/joanpaurue" target="_blank">joanpaurue</a>	18	0	1	1495	2245	22228	República de Catalunya i Aran	014
@joanpifa	<a href="https://twitter.com/joanpifa" target="_blank">joanpifa</a>	1	0	1	913	1411	2383	Catalunya	019
@joanqueralto	<a href="https://twitter.com/joanqueralto" target="_blank">joanqueralto</a>	10	24	0	26004	24554	81483	Barcelona	014
@JoanRabasseda	<a href="https://twitter.com/JoanRabasseda" target="_blank">JoanRabasseda</a>	2	0	1	916	313	2982		238
@joanramon1	<a href="https://twitter.com/joanramon1" target="_blank">joanramon1</a>	2	0	1	941	1152	19376	Castellserà	311
@JoanRamonL	<a href="https://twitter.com/JoanRamonL" target="_blank">JoanRamonL</a>	4	0	1	7	46	1038		003
@joanreguant	<a href="https://twitter.com/joanreguant" target="_blank">joanreguant</a>	0	1	0					526
@JoanRubioBarris	<a href="https://twitter.com/JoanRubioBarris" target="_blank">JoanRubioBarris</a>	15	0	3	900	1200	102984	Catalunya	007
@joans247	<a href="https://twitter.com/joans247" target="_blank">joans247</a>	2	0	1	401	2075	881	Terrassa - Catalunya - Europa	014
@joansalafornell	<a href="https://twitter.com/joansalafornell" target="_blank">joansalafornell</a>	1	0	1	50	100	124	Berga, Catalunya.	115
@JoanSalaGiner	<a href="https://twitter.com/JoanSalaGiner" target="_blank">JoanSalaGiner</a>	3	5	1	1535	1516	14934	Tarragona, Catalunya	128
@joansempere	<a href="https://twitter.com/joansempere" target="_blank">joansempere</a>	1	1	0	291	165	3327	sabadell	004
@joanserafi	<a href="https://twitter.com/joanserafi" target="_blank">joanserafi</a>	0	1	0					032
@JoanSerraFerre	<a href="https://twitter.com/JoanSerraFerre" target="_blank">JoanSerraFerre</a>	5	0	1	65	264	732		335
@JoanSerraS	<a href="https://twitter.com/JoanSerraS" target="_blank">JoanSerraS</a>	6	4	0	739	1107	4495		222
@JoansotJordi	<a href="https://twitter.com/JoansotJordi" target="_blank">JoansotJordi</a>	6	0	1	309	462	25342	Catalunya	168
@JoanTarra	<a href="https://twitter.com/JoanTarra" target="_blank">JoanTarra</a>	1	0	1	49	435	124		034
@JoanTorrejon	<a href="https://twitter.com/JoanTorrejon" target="_blank">JoanTorrejon</a>	5	0	2	285	459	4915		017
@Joantorres71	<a href="https://twitter.com/Joantorres71" target="_blank">Joantorres71</a>	1	0	1	39	83	327		003
@joanvilasafont	<a href="https://twitter.com/joanvilasafont" target="_blank">joanvilasafont</a>	2	0	1	299	478	2814		018
@JoanZurriaga	<a href="https://twitter.com/JoanZurriaga" target="_blank">JoanZurriaga</a>	6	0	1	145	531	904		028
@JoaquimAgusti	<a href="https://twitter.com/JoaquimAgusti" target="_blank">JoaquimAgusti</a>	3	0	1	415	938	38006		017
@Joaquimllorens	<a href="https://twitter.com/Joaquimllorens" target="_blank">Joaquimllorens</a>	8	0	2	3017	3489	44174	Blanes, Selva, Països Catalans	014
@joaquimpiera	<a href="https://twitter.com/joaquimpiera" target="_blank">joaquimpiera</a>	5	1	0	1356	1134	4492	São Paulo	524
@joaquinagr	<a href="https://twitter.com/joaquinagr" target="_blank">joaquinagr</a>	10	0	1	54	202	2616		007
@Joaquincampos56	<a href="https://twitter.com/Joaquincampos56" target="_blank">Joaquincampos56</a>	1	0	1	5	52	12	Esparreguera, Catalunya	034
@JoBassols	<a href="https://twitter.com/JoBassols" target="_blank">JoBassols</a>	5	0	2	104	157	1111	Barcelona	123
@jocape75	<a href="https://twitter.com/jocape75" target="_blank">jocape75</a>	2	0	1	294	303	7592		003
@jodellll	<a href="https://twitter.com/jodellll" target="_blank">jodellll</a>	8	0	1	27	75	5211	Barcelona	153
@joeeel5	<a href="https://twitter.com/joeeel5" target="_blank">joeeel5</a>	0	1	0					525
@joegrn23	<a href="https://twitter.com/joegrn23" target="_blank">joegrn23</a>	6	0	1	484	1622	13824		047
@JoelBernaus	<a href="https://twitter.com/JoelBernaus" target="_blank">JoelBernaus</a>	9	0	1	161	84	26007	Lleida	003
@joelcv1981	<a href="https://twitter.com/joelcv1981" target="_blank">joelcv1981</a>	5	0	1	62	231	562		102
@JOELMOLAS	<a href="https://twitter.com/JOELMOLAS" target="_blank">JOELMOLAS</a>	4	0	1	358	543	619	Un pais petit k fa coses grans	031
@JoeNadela	<a href="https://twitter.com/JoeNadela" target="_blank">JoeNadela</a>	9	0	2	112	273	6197	Barcelona	143
@joferminru	<a href="https://twitter.com/joferminru" target="_blank">joferminru</a>	2	0	1	71	392	3198		003
@Johan5_0	<a href="https://twitter.com/Johan5_0" target="_blank">Johan5_0</a>	7	0	1	114	233	22438	Terrassa	003
@john_sundayspin	<a href="https://twitter.com/john_sundayspin" target="_blank">john_sundayspin</a>	1	0	1	118	458	492	Barcelona	398
@johnkolo	<a href="https://twitter.com/johnkolo" target="_blank">johnkolo</a>	2	0	2	112	743	2151	Barcelona, Catalunya	334
@JohnnyWTF_max	<a href="https://twitter.com/JohnnyWTF_max" target="_blank">JohnnyWTF_max</a>	6	0	1	462	1185	22284		005
@johnspartan1983	<a href="https://twitter.com/johnspartan1983" target="_blank">johnspartan1983</a>	3	0	1	6	53	38	Castelldefels, España	009
@JoIanta	<a href="https://twitter.com/JoIanta" target="_blank">JoIanta</a>	2	3	1	119	340	258	Catalunya	108
@jojo_joijo	<a href="https://twitter.com/jojo_joijo" target="_blank">jojo_joijo</a>	1	0	1	7	87	32	aqui !!  en twitter  !!	126
@JoKer33817736	<a href="https://twitter.com/JoKer33817736" target="_blank">JoKer33817736</a>	3	0	2	1143	208	92597	Tholen, Nederland	271
@Jolualfe	<a href="https://twitter.com/Jolualfe" target="_blank">Jolualfe</a>	5	0	1	7607	7265	106873	Madrid Libertario	011
@jomajopa55	<a href="https://twitter.com/jomajopa55" target="_blank">jomajopa55</a>	4	0	1	116	255	8463		003
@jomateix50	<a href="https://twitter.com/jomateix50" target="_blank">jomateix50</a>	16	0	4	437	981	39426	Sitges	004
@Jomigo45	<a href="https://twitter.com/Jomigo45" target="_blank">Jomigo45</a>	6	0	2	7	136	1054	Girona, Catalunya	047
@jonabasque	<a href="https://twitter.com/jonabasque" target="_blank">jonabasque</a>	26	0	1	539	1299	18983	Euskal Herria	110
@JonAFenosa	<a href="https://twitter.com/JonAFenosa" target="_blank">JonAFenosa</a>	2	0	1	226	356	3276	Mollerussa - Països Catalans	014
@jonathanmartinz	<a href="https://twitter.com/jonathanmartinz" target="_blank">jonathanmartinz</a>	1	0	1	22089	533	14991		011
@JonathanNobis	<a href="https://twitter.com/JonathanNobis" target="_blank">JonathanNobis</a>	1	0	1	15	33	1367	Milano, Lombardia	379
@JoneProbe	<a href="https://twitter.com/JoneProbe" target="_blank">JoneProbe</a>	2	0	1	91	373	1133		014
@JonNReinicke	<a href="https://twitter.com/JonNReinicke" target="_blank">JonNReinicke</a>	4	0	1	40	216	2067	Barcelona	034
@jonotrago	<a href="https://twitter.com/jonotrago" target="_blank">jonotrago</a>	15	0	1	2257	2259	56206	Catalunya, Països Catalans	014
@jopirov	<a href="https://twitter.com/jopirov" target="_blank">jopirov</a>	8	0	2	2522	2054	16290	Pirineu de Lleida	003
@joqui0	<a href="https://twitter.com/joqui0" target="_blank">joqui0</a>	3	0	1	21	171	1190	Sitges, Catalunya	003
@Jorbet2	<a href="https://twitter.com/Jorbet2" target="_blank">Jorbet2</a>	1	0	1	191	325	6793	Figaró	030
@JordaFiter	<a href="https://twitter.com/JordaFiter" target="_blank">JordaFiter</a>	9	0	1	19	100	2913		014
@JordcatG	<a href="https://twitter.com/JordcatG" target="_blank">JordcatG</a>	4	0	1	76	264	7340		003
@Jordi__Darder	<a href="https://twitter.com/Jordi__Darder" target="_blank">Jordi__Darder</a>	1	0	1	97	160	234	CATALUNYA	435
@Jordi__Mur	<a href="https://twitter.com/Jordi__Mur" target="_blank">Jordi__Mur</a>	8	0	1	998	2147	10593	Barcelona.	004
@jordi_bass	<a href="https://twitter.com/jordi_bass" target="_blank">jordi_bass</a>	1	0	1	200	326	3919	Sabadell, Catalunya	003
@jordi_bojan	<a href="https://twitter.com/jordi_bojan" target="_blank">jordi_bojan</a>	2	0	1	1361	2136	37113	El Vendrell, Catalunya	163
@jordi_cardus	<a href="https://twitter.com/jordi_cardus" target="_blank">jordi_cardus</a>	36	0	2	459	750	24894	Catalunya	014
@jordi_duart	<a href="https://twitter.com/jordi_duart" target="_blank">jordi_duart</a>	13	0	1	189	568	23715	Catalunya	003
@Jordi_DUI	<a href="https://twitter.com/Jordi_DUI" target="_blank">Jordi_DUI</a>	13	0	1	188	109	16916	Catalunya	003
@jordi_latorre	<a href="https://twitter.com/jordi_latorre" target="_blank">jordi_latorre</a>	1	0	1	2243	1599	14696	Torrefarrera, Catalunya	004
@Jordi_Permanyer	<a href="https://twitter.com/Jordi_Permanyer" target="_blank">Jordi_Permanyer</a>	1	0	1	8	85	284		034
@jordi_prats	<a href="https://twitter.com/jordi_prats" target="_blank">jordi_prats</a>	3	0	1	395	155	5004		278
@jordi_rouge	<a href="https://twitter.com/jordi_rouge" target="_blank">jordi_rouge</a>	31	0	1	1247	1191	93677	Barcelona Catalunya.	004
@jordi_salvia	<a href="https://twitter.com/jordi_salvia" target="_blank">jordi_salvia</a>	11	0	2	639	1734	28960	Barcelona, Espanya	105
@jordi1604	<a href="https://twitter.com/jordi1604" target="_blank">jordi1604</a>	0	2	0					043
@jordi1951	<a href="https://twitter.com/jordi1951" target="_blank">jordi1951</a>	4	0	1	73	501	1618	Barcelona	010
@Jordi6001971	<a href="https://twitter.com/Jordi6001971" target="_blank">Jordi6001971</a>	0	5	0					099
@Jordi7455	<a href="https://twitter.com/Jordi7455" target="_blank">Jordi7455</a>	31	0	3	57	112	4639	Barcelona	012
@JordiAran	<a href="https://twitter.com/JordiAran" target="_blank">JordiAran</a>	6	0	1	630	1302	5322	Catalonia	428
@jordibabot	<a href="https://twitter.com/jordibabot" target="_blank">jordibabot</a>	0	2	0					160
@jordiboucompte	<a href="https://twitter.com/jordiboucompte" target="_blank">jordiboucompte</a>	3	1	1	429	806	1065		102
@jordibp1982	<a href="https://twitter.com/jordibp1982" target="_blank">jordibp1982</a>	1	0	1	21	91	601		003
@jordicabre	<a href="https://twitter.com/jordicabre" target="_blank">jordicabre</a>	18	0	1	4448	3546	19613	Barcelona	168
@jordicadellans	<a href="https://twitter.com/jordicadellans" target="_blank">jordicadellans</a>	1	0	1	1987	889	10761	from my head down to my toes	196
@jordicalvis	<a href="https://twitter.com/jordicalvis" target="_blank">jordicalvis</a>	7	1	3	12566	1674	45375	Les Borges Blanques	003
@jordicambrils1	<a href="https://twitter.com/jordicambrils1" target="_blank">jordicambrils1</a>	2	0	1	6	15	63	Cambrils / Catalunya	003
@jordicanudas	<a href="https://twitter.com/jordicanudas" target="_blank">jordicanudas</a>	4	0	1	208	930	1629	La Vall de Bianya, Cataluña	260
@jordicasas	<a href="https://twitter.com/jordicasas" target="_blank">jordicasas</a>	1	0	1	553	1147	11068	Catalunya	004
@jordiCat1	<a href="https://twitter.com/jordiCat1" target="_blank">jordiCat1</a>	6	0	1	1484	2217	11525	Catalunya	076
@jordicentellas	<a href="https://twitter.com/jordicentellas" target="_blank">jordicentellas</a>	1	1	0	193	359	6383		522
@Jordicentellesr	<a href="https://twitter.com/Jordicentellesr" target="_blank">Jordicentellesr</a>	14	0	2	37	226	1754	Terrassa, catalunya	014
@jordicis	<a href="https://twitter.com/jordicis" target="_blank">jordicis</a>	3	0	1	72	179	6817	Catalunya	003
@jordicrisol	<a href="https://twitter.com/jordicrisol" target="_blank">jordicrisol</a>	8	3	0	3065	1652	26406	Badalona - Barcelona	241
@jordicuminal	<a href="https://twitter.com/jordicuminal" target="_blank">jordicuminal</a>	4	0	1	6557	2391	11620	Sant Celoni. Catalunya	014
@jordidelclot	<a href="https://twitter.com/jordidelclot" target="_blank">jordidelclot</a>	1	0	1	179	582	10348	El Clot-Camp de l'Arpa, BCN	003
@jordidomene	<a href="https://twitter.com/jordidomene" target="_blank">jordidomene</a>	2	1	1	180	990	8743	Catalunya, Barcelona	018
@jordidonoso	<a href="https://twitter.com/jordidonoso" target="_blank">jordidonoso</a>	3	0	1	64	153	5536		003
@JordiEstiarte	<a href="https://twitter.com/JordiEstiarte" target="_blank">JordiEstiarte</a>	6	0	3	584	906	36697		007
@jordiet_19	<a href="https://twitter.com/jordiet_19" target="_blank">jordiet_19</a>	10	0	1	229	425	11885	Vilafranca	157
@JordiFalcoGres	<a href="https://twitter.com/JordiFalcoGres" target="_blank">JordiFalcoGres</a>	1	0	1	87	123	16		123
@jordifarrecoma	<a href="https://twitter.com/jordifarrecoma" target="_blank">jordifarrecoma</a>	4	0	1	314	283	6736		017
@jordifondista	<a href="https://twitter.com/jordifondista" target="_blank">jordifondista</a>	1	0	1	18	31	1782	Cornellà de Llobregat, Catalun	014
@Jordigab	<a href="https://twitter.com/Jordigab" target="_blank">Jordigab</a>	3	0	1	25	121	4674	Barcelona	034
@jordigaseni	<a href="https://twitter.com/jordigaseni" target="_blank">jordigaseni</a>	1	1	0	1454	1072	2078	L'Ametlla de Mar - Catalunya	013
@JordiGG24	<a href="https://twitter.com/JordiGG24" target="_blank">JordiGG24</a>	1	0	1	15	226	362		036
@JORDIGGUIU	<a href="https://twitter.com/JORDIGGUIU" target="_blank">JORDIGGUIU</a>	2	0	1	624	1958	799	PAÏSOS CATALANS	057
@JordiGiros	<a href="https://twitter.com/JordiGiros" target="_blank">JordiGiros</a>	4	0	1	110	217	2016	Barcelona	003
@jordigrane	<a href="https://twitter.com/jordigrane" target="_blank">jordigrane</a>	9	0	3	746	1150	5372	Sabadell (Catalunya)	007
@jordiguardiarub	<a href="https://twitter.com/jordiguardiarub" target="_blank">jordiguardiarub</a>	1	0	1	36	112	236		004
@JORDIIBANEZNI	<a href="https://twitter.com/JORDIIBANEZNI" target="_blank">JORDIIBANEZNI</a>	11	0	2	829	1768	11831	L'Hospitalet de Llobregat -	017
@Jordijpardo	<a href="https://twitter.com/Jordijpardo" target="_blank">Jordijpardo</a>	11	0	1	667	960	18180	Sabadell. Catalonia. PPCC	003
@JordiMaimi	<a href="https://twitter.com/JordiMaimi" target="_blank">JordiMaimi</a>	2	1	0	135	132	574	Arenys de Munt	255
@jordimarquez	<a href="https://twitter.com/jordimarquez" target="_blank">jordimarquez</a>	2	0	1	293	187	418	salt	515
@jordimartifont_	<a href="https://twitter.com/jordimartifont_" target="_blank">jordimartifont_</a>	12	0	1	4041	1164	18017	Camp de Tgn, Països Catalans	098
@jordimerino75	<a href="https://twitter.com/jordimerino75" target="_blank">jordimerino75</a>	3	0	1	3258	4355	7966	Catalunya	011
@jordimigo	<a href="https://twitter.com/jordimigo" target="_blank">jordimigo</a>	4	0	1	964	608	12417	Valls, Catalunya	128
@JordiMonros	<a href="https://twitter.com/JordiMonros" target="_blank">JordiMonros</a>	10	16	1	2695	2133	17322	L'Hospitalet de Llobregat	193
@JordiMontaa	<a href="https://twitter.com/JordiMontaa" target="_blank">JordiMontaa</a>	6	0	1	447	933	9045	ALINS	244
@JordiMuntan	<a href="https://twitter.com/JordiMuntan" target="_blank">JordiMuntan</a>	1	0	1	1277	1939	4018		137
@jordimvila	<a href="https://twitter.com/jordimvila" target="_blank">jordimvila</a>	5	1	0	581	299	6152		521
@JordiOriola	<a href="https://twitter.com/JordiOriola" target="_blank">JordiOriola</a>	1	0	1	6605	5372	5122	Barcelona, Països Catalans	007
@JordiParrondo	<a href="https://twitter.com/JordiParrondo" target="_blank">JordiParrondo</a>	5	0	1	103	431	4626	Badalona, Catalunya	018
@jordiplus	<a href="https://twitter.com/jordiplus" target="_blank">jordiplus</a>	18	0	2	673	783	22352	Barcelona	007
@Jordipn	<a href="https://twitter.com/Jordipn" target="_blank">Jordipn</a>	1	0	1	383	607	2667	Palau-solità i Plegmans	347
@jordipons70	<a href="https://twitter.com/jordipons70" target="_blank">jordipons70</a>	1	0	1	156	316	2782	Berga (Catalunya)	003
@jordipons8	<a href="https://twitter.com/jordipons8" target="_blank">jordipons8</a>	13	0	1	22	100	2754	Catalunya	004
@JordiPontt	<a href="https://twitter.com/JordiPontt" target="_blank">JordiPontt</a>	2	2	0	520	611	1518	Valls	289
@jordipuigq	<a href="https://twitter.com/jordipuigq" target="_blank">jordipuigq</a>	3	0	2	668	618	3656	Catalunya	100
@JordiRengel	<a href="https://twitter.com/JordiRengel" target="_blank">JordiRengel</a>	3	0	1	144	540	2322	CAP LA MINA	003
@JordiRo51647811	<a href="https://twitter.com/JordiRo51647811" target="_blank">JordiRo51647811</a>	3	0	1	60	233	2399		014
@jordirs2	<a href="https://twitter.com/jordirs2" target="_blank">jordirs2</a>	0	1	0					520
@JordiSabate4	<a href="https://twitter.com/JordiSabate4" target="_blank">JordiSabate4</a>	2	0	1	11	62	441	Cardedeu, Espanya	026
@JordiSalasEsp	<a href="https://twitter.com/JordiSalasEsp" target="_blank">JordiSalasEsp</a>	3	0	1	156	599	2631	Tarragona - Catalunya	014
@jordisalavila	<a href="https://twitter.com/jordisalavila" target="_blank">jordisalavila</a>	5	0	1	181	403	6748		007
@jordisegura_cat	<a href="https://twitter.com/jordisegura_cat" target="_blank">jordisegura_cat</a>	2	0	1	4639	3111	121938	Sabadell/V.Oc/Rep.de Catalunya	163
@JordiSeira	<a href="https://twitter.com/JordiSeira" target="_blank">JordiSeira</a>	1	0	1	11	14	1352		003
@jordisellas	<a href="https://twitter.com/jordisellas" target="_blank">jordisellas</a>	1	0	1	6971	1092	5595	Olot ◇ Barcelona ◇ Catalunya	078
@jordisendra	<a href="https://twitter.com/jordisendra" target="_blank">jordisendra</a>	10	55	1	3453	3513	29032	Tarragona, CATALUNYA	014
@JordiSerra1980	<a href="https://twitter.com/JordiSerra1980" target="_blank">JordiSerra1980</a>	0	1	0					003
@JordiSerrallon1	<a href="https://twitter.com/JordiSerrallon1" target="_blank">JordiSerrallon1</a>	7	0	1	39	513	4307		014
@jordissimo9	<a href="https://twitter.com/jordissimo9" target="_blank">jordissimo9</a>	3	0	1	179	213	998	Lleida, Catalonia.	169
@jordisteiner	<a href="https://twitter.com/jordisteiner" target="_blank">jordisteiner</a>	3	0	2	156	877	6241	Xiulador	136
@jordiv	<a href="https://twitter.com/jordiv" target="_blank">jordiv</a>	1	0	1	1839	1352	115210	Barcelona	209
@jordivilar66	<a href="https://twitter.com/jordivilar66" target="_blank">jordivilar66</a>	21	0	1	948	1926	9989		260
@JordiVito	<a href="https://twitter.com/JordiVito" target="_blank">JordiVito</a>	5	0	1	158	239	2791		004
@jordixyoli	<a href="https://twitter.com/jordixyoli" target="_blank">jordixyoli</a>	8	0	1	55	156	3959	Barcelona	004
@joreyesce	<a href="https://twitter.com/joreyesce" target="_blank">joreyesce</a>	3	0	1	2	82	372	Barcelona, Cataluña	003
@jorgefm74	<a href="https://twitter.com/jorgefm74" target="_blank">jorgefm74</a>	1	0	1	8	35	43	Madrid, España	192
@jorger87x_jorge	<a href="https://twitter.com/jorger87x_jorge" target="_blank">jorger87x_jorge</a>	7	0	1	437	616	5854	España	003
@jorrdirrobert	<a href="https://twitter.com/jorrdirrobert" target="_blank">jorrdirrobert</a>	11	0	1	7603	7768	184115	Costa Brava	012
@jorx3	<a href="https://twitter.com/jorx3" target="_blank">jorx3</a>	2	0	1	182	434	1805	Cardedeu	004
@jose_elrubio54	<a href="https://twitter.com/jose_elrubio54" target="_blank">jose_elrubio54</a>	1	0	1	858	1813	31717	Zaragoza, España	108
@JoseA56083476	<a href="https://twitter.com/JoseA56083476" target="_blank">JoseA56083476</a>	1	0	1	4	90	35	Cataluña, España	023
@JoseABrazo	<a href="https://twitter.com/JoseABrazo" target="_blank">JoseABrazo</a>	2	0	1	1179	1620	40764		011
@Josefa81479632	<a href="https://twitter.com/Josefa81479632" target="_blank">Josefa81479632</a>	5	0	1	92	725	6663		003
@josejoaquinazn2	<a href="https://twitter.com/josejoaquinazn2" target="_blank">josejoaquinazn2</a>	2	0	1	2	0	97		014
@JoseJosepaterna	<a href="https://twitter.com/JoseJosepaterna" target="_blank">JoseJosepaterna</a>	3	0	1	10	90	722	Barcelona, Catalunya	014
@Joselu_FCB	<a href="https://twitter.com/Joselu_FCB" target="_blank">Joselu_FCB</a>	1	0	1	362	628	10122	Catalunya	140
@JoseLui24493852	<a href="https://twitter.com/JoseLui24493852" target="_blank">JoseLui24493852</a>	3	0	1	46	141	11158		107
@joseluque7591	<a href="https://twitter.com/joseluque7591" target="_blank">joseluque7591</a>	4	0	3	577	1859	5762	Badalona	014
@josemacrespo	<a href="https://twitter.com/josemacrespo" target="_blank">josemacrespo</a>	1	0	1	752	834	24483	Andalucía y Messina	011
@JoseMar02736653	<a href="https://twitter.com/JoseMar02736653" target="_blank">JoseMar02736653</a>	10	0	1	6	64	418	Baleares, Islas Baleares	014
@Josep_84	<a href="https://twitter.com/Josep_84" target="_blank">Josep_84</a>	4	0	2	98	215	1274		017
@Josep_A_Semis	<a href="https://twitter.com/Josep_A_Semis" target="_blank">Josep_A_Semis</a>	1	0	1	130	180	2958	Cambrils, Catalunya.	003
@josep_capo	<a href="https://twitter.com/josep_capo" target="_blank">josep_capo</a>	49	0	6	37	196	8584	Palma - Mallorca - Balears	004
@josep_freixas	<a href="https://twitter.com/josep_freixas" target="_blank">josep_freixas</a>	12	0	1	63	84	3450		272
@Josep_MCD	<a href="https://twitter.com/Josep_MCD" target="_blank">Josep_MCD</a>	0	3	0					024
@Josep_Orra	<a href="https://twitter.com/Josep_Orra" target="_blank">Josep_Orra</a>	12	0	3	1505	4327	9746		020
@josep_salvado	<a href="https://twitter.com/josep_salvado" target="_blank">josep_salvado</a>	18	0	2	1457	2470	59646	Barcelona, Països Catalans	012
@Josep_Sanchez	<a href="https://twitter.com/Josep_Sanchez" target="_blank">Josep_Sanchez</a>	4	0	1	811	778	8587	Arenys de Munt	238
@josep_tomas	<a href="https://twitter.com/josep_tomas" target="_blank">josep_tomas</a>	13	0	1	253	179	8846	Catalunya	174
@Josep_Trigo	<a href="https://twitter.com/Josep_Trigo" target="_blank">Josep_Trigo</a>	10	1	4	1962	921	12361	Barcelona	004
@Josep103	<a href="https://twitter.com/Josep103" target="_blank">Josep103</a>	4	0	1	2883	2802	10055		003
@Josep10Marti	<a href="https://twitter.com/Josep10Marti" target="_blank">Josep10Marti</a>	13	0	2	59	134	2856		006
@josep1969	<a href="https://twitter.com/josep1969" target="_blank">josep1969</a>	3	0	1	31	86	3774	Barcelona	174
@josepalacid	<a href="https://twitter.com/josepalacid" target="_blank">josepalacid</a>	4	0	1	270	540	7428	Torrelles de Llob., Catalunya	004
@JosepAntonell	<a href="https://twitter.com/JosepAntonell" target="_blank">JosepAntonell</a>	2	0	1	52	160	3426		026
@JosepArnau	<a href="https://twitter.com/JosepArnau" target="_blank">JosepArnau</a>	26	0	1	2350	2545	61809	Dublin City, Ireland	034
@JoseParra16	<a href="https://twitter.com/JoseParra16" target="_blank">JoseParra16</a>	0	1	0					523
@JosepBargallo	<a href="https://twitter.com/JosepBargallo" target="_blank">JosepBargallo</a>	4	0	2	12463	2054	35094	Torredembarra #surmer	111
@josepbartroli	<a href="https://twitter.com/josepbartroli" target="_blank">josepbartroli</a>	27	0	2	830	1937	13648	Barcelona	061
@JosepCalavera7	<a href="https://twitter.com/JosepCalavera7" target="_blank">JosepCalavera7</a>	1	0	1	762	556	283	Cabra del Camp	032
@JosepCanals222	<a href="https://twitter.com/JosepCanals222" target="_blank">JosepCanals222</a>	47	0	5	435	276	66515	REPÚBLICA DE CATALUNYA, UE.	014
@josepcapdevila	<a href="https://twitter.com/josepcapdevila" target="_blank">josepcapdevila</a>	7	0	2	32767	2937	110630	Catalunya	008
@JosepCatt	<a href="https://twitter.com/JosepCatt" target="_blank">JosepCatt</a>	2	2	0	6202	2935	62418		178
@josepcosano	<a href="https://twitter.com/josepcosano" target="_blank">josepcosano</a>	2	0	1	325	438	3381	Vilafranca Del Penedes	140
@josepcoso	<a href="https://twitter.com/josepcoso" target="_blank">josepcoso</a>	1	0	1	57	130	460	alcarràs, lleida	003
@JosepFiguerola	<a href="https://twitter.com/JosepFiguerola" target="_blank">JosepFiguerola</a>	3	0	1	37	247	1388		009
@JosepGinesta	<a href="https://twitter.com/JosepGinesta" target="_blank">JosepGinesta</a>	1	0	1	12089	7897	29634	República Catalana	174
@JosepGontan	<a href="https://twitter.com/JosepGontan" target="_blank">JosepGontan</a>	12	0	3	406	1739	13334		003
@JosepGorina	<a href="https://twitter.com/JosepGorina" target="_blank">JosepGorina</a>	10	0	1	292	586	13557	Madrid	009
@JosephImma	<a href="https://twitter.com/JosephImma" target="_blank">JosephImma</a>	1	0	1	206	366	1636		392
@josepjoeycat	<a href="https://twitter.com/josepjoeycat" target="_blank">josepjoeycat</a>	2	0	2	1518	1269	9628	CATALUNYA	013
@josepjover	<a href="https://twitter.com/josepjover" target="_blank">josepjover</a>	3	0	1	8076	169	55873	Barcelona	165
@joseplayola	<a href="https://twitter.com/joseplayola" target="_blank">joseplayola</a>	2	0	1	771	372	19867	Vilassar de Mar	134
@JosepLDomenech	<a href="https://twitter.com/JosepLDomenech" target="_blank">JosepLDomenech</a>	15	0	2	26831	2548	18553	Barcelona	004
@joseplnavarro	<a href="https://twitter.com/joseplnavarro" target="_blank">joseplnavarro</a>	1	0	1	67	297	2752		003
@JosepM2008	<a href="https://twitter.com/JosepM2008" target="_blank">JosepM2008</a>	2	0	1	18	97	766	Castellví de la Marca	169
@JosepM2017	<a href="https://twitter.com/JosepM2017" target="_blank">JosepM2017</a>	2	0	1	4	35	173	Begues, Catalunya	003
@Josepmandreu	<a href="https://twitter.com/Josepmandreu" target="_blank">Josepmandreu</a>	12	0	3	805	140	16943	Catalunya	049
@JosepMariaGF	<a href="https://twitter.com/JosepMariaGF" target="_blank">JosepMariaGF</a>	14	0	2	396	664	19702		157
@JosepmariaJosep	<a href="https://twitter.com/JosepmariaJosep" target="_blank">JosepmariaJosep</a>	17	0	1	301	534	8947	Barcelona, España	004
@JosepMariaPerel	<a href="https://twitter.com/JosepMariaPerel" target="_blank">JosepMariaPerel</a>	2	0	1	1014	3149	35109	ARBECA LA SECA	014
@josepmariaribes	<a href="https://twitter.com/josepmariaribes" target="_blank">josepmariaribes</a>	3	0	1	568	1349	10081	Alpicat, Catalunya	007
@JosepMCalavera	<a href="https://twitter.com/JosepMCalavera" target="_blank">JosepMCalavera</a>	0	6	0					032
@josepmcastella	<a href="https://twitter.com/josepmcastella" target="_blank">josepmcastella</a>	3	0	1	8	75	556	Vilassar de Dalt, Espanya	102
@josepmgg70	<a href="https://twitter.com/josepmgg70" target="_blank">josepmgg70</a>	1	0	1	51	110	411		003
@JosepMMontaner	<a href="https://twitter.com/JosepMMontaner" target="_blank">JosepMMontaner</a>	2	1	0	604	990	3748	Solsona-Olius-Sant Andreu	058
@JosepMParals	<a href="https://twitter.com/JosepMParals" target="_blank">JosepMParals</a>	1	0	1	101	169	322	Catalunya, Espanya	245
@josepmunoz	<a href="https://twitter.com/josepmunoz" target="_blank">josepmunoz</a>	3	0	1	53	462	1064	Catalunya	002
@JosepMVandellos	<a href="https://twitter.com/JosepMVandellos" target="_blank">JosepMVandellos</a>	2	0	1	139	119	1178		021
@joseppiera	<a href="https://twitter.com/joseppiera" target="_blank">joseppiera</a>	1	0	1	47	77	768	barcelona	003
@joseppique	<a href="https://twitter.com/joseppique" target="_blank">joseppique</a>	4	0	1	1274	575	15013	Segons el dia...	003
@JosepRocher	<a href="https://twitter.com/JosepRocher" target="_blank">JosepRocher</a>	3	0	1	30	181	2084	Teià, Espanya	003
@JosepRuaix	<a href="https://twitter.com/JosepRuaix" target="_blank">JosepRuaix</a>	74	0	2	1256	3755	57222		015
@JosepRufa	<a href="https://twitter.com/JosepRufa" target="_blank">JosepRufa</a>	4	0	2	1189	1770	9568	La Selva del Camp	096
@josepsallent	<a href="https://twitter.com/josepsallent" target="_blank">josepsallent</a>	1	0	1	118	160	235	Santa Eugènia de Berga	056
@josepsalleras	<a href="https://twitter.com/josepsalleras" target="_blank">josepsalleras</a>	2	1	0	530	637	4072	l'Empordà	518
@joseptweet	<a href="https://twitter.com/joseptweet" target="_blank">joseptweet</a>	6	0	2	97	181	4189	Reus	003
@joseptweets	<a href="https://twitter.com/joseptweets" target="_blank">joseptweets</a>	9	0	1	266	1400	6565	Sant Gregori-AVE-Barcelona	034
@josepvillon	<a href="https://twitter.com/josepvillon" target="_blank">josepvillon</a>	6	0	2	167	615	22182		174
@josera73	<a href="https://twitter.com/josera73" target="_blank">josera73</a>	2	0	1	608	569	31851	Catalunya	003
@JoSerrallonga	<a href="https://twitter.com/JoSerrallonga" target="_blank">JoSerrallonga</a>	9	0	1	73	85	9085	Catalunya	168
@josetabanu	<a href="https://twitter.com/josetabanu" target="_blank">josetabanu</a>	1	0	1	553	819	12629	Asturias	011
@josevicentegz	<a href="https://twitter.com/josevicentegz" target="_blank">josevicentegz</a>	5	0	1	847	2256	3738	Em torno à AP-9, na Galiza	027
@josgnzlz	<a href="https://twitter.com/josgnzlz" target="_blank">josgnzlz</a>	16	0	1	1964	656	57387	Sabadell, Barcelona	248
@josmato	<a href="https://twitter.com/josmato" target="_blank">josmato</a>	18	0	1	270	499	12963		003
@josoclamarta	<a href="https://twitter.com/josoclamarta" target="_blank">josoclamarta</a>	2	0	1	89	75	3316	Catalunya	003
@jotajota_net	<a href="https://twitter.com/jotajota_net" target="_blank">jotajota_net</a>	0	1	0					517
@jovenmaori	<a href="https://twitter.com/jovenmaori" target="_blank">jovenmaori</a>	23	1	0	1867	2274	152262	Euskal Herria	187
@JoverFerran	<a href="https://twitter.com/JoverFerran" target="_blank">JoverFerran</a>	3	0	2	107	387	4482	TARRAGONA.	072
@JoyBolton20	<a href="https://twitter.com/JoyBolton20" target="_blank">JoyBolton20</a>	8	0	1	163	352	8744	Andorra la Vella, Andorra	154
@Jpg00000G	<a href="https://twitter.com/Jpg00000G" target="_blank">Jpg00000G</a>	30	0	2	31	35	3792	Montgat, España	013
@jpons72	<a href="https://twitter.com/jpons72" target="_blank">jpons72</a>	1	2	0	316	676	1133	Cervera - La Segarra	181
@jportell	<a href="https://twitter.com/jportell" target="_blank">jportell</a>	1	0	1	197	357	847		034
@jpp902s2	<a href="https://twitter.com/jpp902s2" target="_blank">jpp902s2</a>	14	0	4	702	594	36761		014
@jprimjovells	<a href="https://twitter.com/jprimjovells" target="_blank">jprimjovells</a>	1	0	1	87	419	464	De Mollerussa, visc a Lleida	014
@jpuig444	<a href="https://twitter.com/jpuig444" target="_blank">jpuig444</a>	1	0	1	2337	2750	19495	Barcelona, Catalunya	003
@jpuigdellivol	<a href="https://twitter.com/jpuigdellivol" target="_blank">jpuigdellivol</a>	7	0	1	2738	4142	7829	Catalunya	008
@jpujol77	<a href="https://twitter.com/jpujol77" target="_blank">jpujol77</a>	1	0	1	41	130	123		251
@jquintana7	<a href="https://twitter.com/jquintana7" target="_blank">jquintana7</a>	3	0	2	1219	697	25050	Barcelona i El Vendrell	039
@jr_llover	<a href="https://twitter.com/jr_llover" target="_blank">jr_llover</a>	5	1	0	302	189	1978	Catalunya	515
@JRafe1	<a href="https://twitter.com/JRafe1" target="_blank">JRafe1</a>	7	0	1	123	404	8724	Badalona, Catalunya	003
@jrdois	<a href="https://twitter.com/jrdois" target="_blank">jrdois</a>	10	0	1	501	1440	22533	Sabadell	034
@jrdprdprm	<a href="https://twitter.com/jrdprdprm" target="_blank">jrdprdprm</a>	14	0	1	789	1120	63909	Barcelona. Catalunya	014
@JredondoK	<a href="https://twitter.com/JredondoK" target="_blank">JredondoK</a>	15	0	1	290	227	40899		168
@JRivero7	<a href="https://twitter.com/JRivero7" target="_blank">JRivero7</a>	5	0	1	1235	506	9921	Barcelona	184
@JRNogueraVilalt	<a href="https://twitter.com/JRNogueraVilalt" target="_blank">JRNogueraVilalt</a>	7	0	1	122	183	8210	Catalunya	010
@jrodriguEZFilba	<a href="https://twitter.com/jrodriguEZFilba" target="_blank">jrodriguEZFilba</a>	20	0	2	836	1433	59380	Catalunya	127
@jsalanova	<a href="https://twitter.com/jsalanova" target="_blank">jsalanova</a>	0	1	0					516
@jsamperiz1	<a href="https://twitter.com/jsamperiz1" target="_blank">jsamperiz1</a>	11	0	1	900	3749	49255	Suïssa	103
@jsbelda	<a href="https://twitter.com/jsbelda" target="_blank">jsbelda</a>	3	0	1	69	254	2315	Barcelona, Catalunya	005
@JSerravinyals	<a href="https://twitter.com/JSerravinyals" target="_blank">JSerravinyals</a>	1	0	1	236	425	4398		014
@JSerret82	<a href="https://twitter.com/JSerret82" target="_blank">JSerret82</a>	0	1	0					513
@jseubaparis	<a href="https://twitter.com/jseubaparis" target="_blank">jseubaparis</a>	13	0	1	362	719	3196	Tarragona	139
@jsgasull	<a href="https://twitter.com/jsgasull" target="_blank">jsgasull</a>	1	0	1	3	211	53		003
@jtomasc	<a href="https://twitter.com/jtomasc" target="_blank">jtomasc</a>	2	0	1	37	104	573		003
@jtravesset	<a href="https://twitter.com/jtravesset" target="_blank">jtravesset</a>	13	0	1	71	258	11881		124
@Juamp22	<a href="https://twitter.com/Juamp22" target="_blank">Juamp22</a>	1	0	1	286	541	7403		005
@Juan_Astasio	<a href="https://twitter.com/Juan_Astasio" target="_blank">Juan_Astasio</a>	1	0	1	12	106	578		003
@Juanca7108	<a href="https://twitter.com/Juanca7108" target="_blank">Juanca7108</a>	1	0	1	22	20	213		467
@Juancontecho	<a href="https://twitter.com/Juancontecho" target="_blank">Juancontecho</a>	1	0	1	3086	2836	108445	Comunidad Valenciana	011
@juandi	<a href="https://twitter.com/juandi" target="_blank">juandi</a>	9	0	1	137	411	4661		006
@juanedla	<a href="https://twitter.com/juanedla" target="_blank">juanedla</a>	5	0	1	30	78	4630	Barcelona	012
@JuanfraHueso	<a href="https://twitter.com/JuanfraHueso" target="_blank">JuanfraHueso</a>	10	0	1	899	3127	27223	Rubí, España	014
@juanjoabzps	<a href="https://twitter.com/juanjoabzps" target="_blank">juanjoabzps</a>	2	0	1	135	351	10892		003
@JuanJose80	<a href="https://twitter.com/JuanJose80" target="_blank">JuanJose80</a>	8	1	0	328	229	5023	El Masnou, Catalunya	514
@JuanjosePerezM	<a href="https://twitter.com/JuanjosePerezM" target="_blank">JuanjosePerezM</a>	1	0	1	215	334	10454	Sevilla, España	329
@JuanLey65	<a href="https://twitter.com/JuanLey65" target="_blank">JuanLey65</a>	1	0	1	19	119	42	Zaragoza, España	153
@juanlio	<a href="https://twitter.com/juanlio" target="_blank">juanlio</a>	4	0	1	166	440	1693	Barcelona, Cataluña	023
@JUANLUISCHAVESG	<a href="https://twitter.com/JUANLUISCHAVESG" target="_blank">JUANLUISCHAVESG</a>	3	0	1	101	42	5223	Gerona, Catalunya	022
@Juanmanoes	<a href="https://twitter.com/Juanmanoes" target="_blank">Juanmanoes</a>	1	0	1	294	663	2653	San Sebastián de los Reyes, Co	003
@Juanmi_News	<a href="https://twitter.com/Juanmi_News" target="_blank">Juanmi_News</a>	6	157	0	49529	112	99605	Sevilla	005
@JuanRamonArnau	<a href="https://twitter.com/JuanRamonArnau" target="_blank">JuanRamonArnau</a>	11	0	2	160	337	27175		169
@juansrod1	<a href="https://twitter.com/juansrod1" target="_blank">juansrod1</a>	5	0	1	65	138	2630	Barcelona, España	002
@jucollvi	<a href="https://twitter.com/jucollvi" target="_blank">jucollvi</a>	18	0	5	79	110	24788		014
@JuditAlbalat	<a href="https://twitter.com/JuditAlbalat" target="_blank">JuditAlbalat</a>	1	0	1	292	227	1662	Montblanc	169
@JuditCasas1	<a href="https://twitter.com/JuditCasas1" target="_blank">JuditCasas1</a>	3	0	2	9	99	766	Resident a Roda de Ter	003
@juditguixols	<a href="https://twitter.com/juditguixols" target="_blank">juditguixols</a>	3	0	1	157	375	289		488
@juditnadalf	<a href="https://twitter.com/juditnadalf" target="_blank">juditnadalf</a>	0	3	0					233
@JuditSLlurba	<a href="https://twitter.com/JuditSLlurba" target="_blank">JuditSLlurba</a>	9	0	1	358	655	6521	Catalunya	026
@judsediciosa	<a href="https://twitter.com/judsediciosa" target="_blank">judsediciosa</a>	0	3	0					228
@Jufecha	<a href="https://twitter.com/Jufecha" target="_blank">Jufecha</a>	4	0	1	289	452	3243		006
@juhcor	<a href="https://twitter.com/juhcor" target="_blank">juhcor</a>	8	0	1	118	324	4252	Platja d'aro, catalunya	002
@julc00	<a href="https://twitter.com/julc00" target="_blank">julc00</a>	2	0	1	6	31	589		169
@JulenBegi	<a href="https://twitter.com/JulenBegi" target="_blank">JulenBegi</a>	1	0	1	29	103	105		026
@julia_olle	<a href="https://twitter.com/julia_olle" target="_blank">julia_olle</a>	1	0	1	39	148	47	Rubí	137
@juliabenet_95	<a href="https://twitter.com/juliabenet_95" target="_blank">juliabenet_95</a>	2	0	1	54	325	2009	Barcelona	279
@JuliaMa96016562	<a href="https://twitter.com/JuliaMa96016562" target="_blank">JuliaMa96016562</a>	18	0	2	64	42	5904		254
@JuliaMorella	<a href="https://twitter.com/JuliaMorella" target="_blank">JuliaMorella</a>	1	0	1	17	97	61	Barcelona	049
@JulianAssange	<a href="https://twitter.com/JulianAssange" target="_blank">JulianAssange</a>	2	2	0	438828	1	3018	Everywhere	034
@JuliaNavarro10	<a href="https://twitter.com/JuliaNavarro10" target="_blank">JuliaNavarro10</a>	0	1	0					301
@juliangrau	<a href="https://twitter.com/juliangrau" target="_blank">juliangrau</a>	45	0	3	1791	2139	156693	Bueno pues molt bé pues adiós.	014
@julibiris75	<a href="https://twitter.com/julibiris75" target="_blank">julibiris75</a>	1	0	1	124	482	1804		253
@julifernan123	<a href="https://twitter.com/julifernan123" target="_blank">julifernan123</a>	3	0	2	150	296	6302	Vilassar de Mar, Catalunya	134
@julioam1951	<a href="https://twitter.com/julioam1951" target="_blank">julioam1951</a>	1	0	1	85	614	1101	Valencia, España	011
@juliomtapias1	<a href="https://twitter.com/juliomtapias1" target="_blank">juliomtapias1</a>	1	0	1	13	75	104	Palau Solita i Plegamans	446
@julsaco	<a href="https://twitter.com/julsaco" target="_blank">julsaco</a>	13	0	2	802	1161	113678		011
@jumarta8	<a href="https://twitter.com/jumarta8" target="_blank">jumarta8</a>	10	0	1	259	1097	16042		034
@junimont	<a href="https://twitter.com/junimont" target="_blank">junimont</a>	14	0	1	492	1102	24286		004
@Juninho3028	<a href="https://twitter.com/Juninho3028" target="_blank">Juninho3028</a>	1	0	1	62	244	1673	Barcelona	215
@junqueras	<a href="https://twitter.com/junqueras" target="_blank">junqueras</a>	2	0	1	359601	1130	12364		174
@Just_Sociats	<a href="https://twitter.com/Just_Sociats" target="_blank">Just_Sociats</a>	0	2	0					173
@justalafusteja	<a href="https://twitter.com/justalafusteja" target="_blank">justalafusteja</a>	2	0	2	32	30	32	Vilafranca del Penedès	005
@Justeljust	<a href="https://twitter.com/Justeljust" target="_blank">Justeljust</a>	4	0	1	461	651	27307	Mallorca, Illes Balears	168
@Justiboya	<a href="https://twitter.com/Justiboya" target="_blank">Justiboya</a>	0	1	0					508
@jvelascoerro	<a href="https://twitter.com/jvelascoerro" target="_blank">jvelascoerro</a>	5	0	1	408	91	163224		011
@jvfaig	<a href="https://twitter.com/jvfaig" target="_blank">jvfaig</a>	0	1	0					026
@jvila31	<a href="https://twitter.com/jvila31" target="_blank">jvila31</a>	24	0	1	345	681	28000	Figueres, Catalunya	017
@JvilaplanaB	<a href="https://twitter.com/JvilaplanaB" target="_blank">JvilaplanaB</a>	10	0	1	372	351	12321	Girona. Catalonia	010
@jvilar1977	<a href="https://twitter.com/jvilar1977" target="_blank">jvilar1977</a>	1	0	1	39	250	637		034
@jvrduarte	<a href="https://twitter.com/jvrduarte" target="_blank">jvrduarte</a>	1	1	0	44	408	1016	Sant Cugat del Vallès	195
@kaesarboiisss	<a href="https://twitter.com/kaesarboiisss" target="_blank">kaesarboiisss</a>	1	0	1	2706	2666	86117		003
@KaesarCat	<a href="https://twitter.com/KaesarCat" target="_blank">KaesarCat</a>	10	0	1	1150	1369	7990	Barcelona / Vallés Occidental	003
@kaira_cat	<a href="https://twitter.com/kaira_cat" target="_blank">kaira_cat</a>	12	0	1	31	164	8015		010
@kaitomanker	<a href="https://twitter.com/kaitomanker" target="_blank">kaitomanker</a>	5	1	0	387	701	5322	Cerdanyola del Vallès, España	509
@kakyn21	<a href="https://twitter.com/kakyn21" target="_blank">kakyn21</a>	4	0	1	61	358	706		012
@KaliYuga13	<a href="https://twitter.com/KaliYuga13" target="_blank">KaliYuga13</a>	20	0	2	343	223	85100		139
@kalvinErmua	<a href="https://twitter.com/kalvinErmua" target="_blank">kalvinErmua</a>	16	0	1	218	540	16769	Ejpaña	007
@Kampru75	<a href="https://twitter.com/Kampru75" target="_blank">Kampru75</a>	5	0	1	1083	3773	20103	Gran Canaria	008
@kanen49	<a href="https://twitter.com/kanen49" target="_blank">kanen49</a>	3	0	1	572	1039	12214	Barcelona, España	003
@kanyabel	<a href="https://twitter.com/kanyabel" target="_blank">kanyabel</a>	7	0	1	623	550	49805	barcelona	013
@kaptus7	<a href="https://twitter.com/kaptus7" target="_blank">kaptus7</a>	2	0	2	272	658	6089	Països Catalans	081
@karinachamblin	<a href="https://twitter.com/karinachamblin" target="_blank">karinachamblin</a>	1	0	1	506	1766	3749	palma de mallorca	359
@karlitosway41	<a href="https://twitter.com/karlitosway41" target="_blank">karlitosway41</a>	2	0	1	4391	4264	27613	Barcelona, España	059
@karlosleire	<a href="https://twitter.com/karlosleire" target="_blank">karlosleire</a>	1	0	1	474	925	2763	DONOSTIARRA AFINCADO EN BCN.	049
@karmeabad	<a href="https://twitter.com/karmeabad" target="_blank">karmeabad</a>	3	0	1	24	100	1157	Terrassa	003
@karmelolanda	<a href="https://twitter.com/karmelolanda" target="_blank">karmelolanda</a>	9	0	1	6441	2780	10975	Euskal Herria	389
@Karol_en_Red	<a href="https://twitter.com/Karol_en_Red" target="_blank">Karol_en_Red</a>	9	1	0	9866	5460	285779	Nearby	507
@Karolll70	<a href="https://twitter.com/Karolll70" target="_blank">Karolll70</a>	15	0	5	1395	1266	51913	Sitges, República de Catalunya	014
@Karuna456	<a href="https://twitter.com/Karuna456" target="_blank">Karuna456</a>	6	0	1	215	587	10111	Barcelona, Catalunya, UE	014
@kaslur	<a href="https://twitter.com/kaslur" target="_blank">kaslur</a>	1	0	1	5	10	87		012
@kasumay	<a href="https://twitter.com/kasumay" target="_blank">kasumay</a>	2	0	1	400	453	4736		014
@kataklock	<a href="https://twitter.com/kataklock" target="_blank">kataklock</a>	28	1	4	1499	2819	42283	República Catalana	004
@katalaalatak	<a href="https://twitter.com/katalaalatak" target="_blank">katalaalatak</a>	4	0	1	939	1526	15847	Catalunya	014
@kayak_twit	<a href="https://twitter.com/kayak_twit" target="_blank">kayak_twit</a>	4	0	1	2442	2343	133882		126
@Kenauko	<a href="https://twitter.com/Kenauko" target="_blank">Kenauko</a>	3	0	2	110	225	1801		073
@kentalyCAT	<a href="https://twitter.com/kentalyCAT" target="_blank">kentalyCAT</a>	1	0	1	18	42	400		010
@kiakli	<a href="https://twitter.com/kiakli" target="_blank">kiakli</a>	4	0	1	248	359	9057	Barcelona, Catalonia	512
@kibalk	<a href="https://twitter.com/kibalk" target="_blank">kibalk</a>	2	0	1	70	90	4410	Barcelona, España	014
@kikitopaez	<a href="https://twitter.com/kikitopaez" target="_blank">kikitopaez</a>	1	0	1	335	263	7128	Mallorca	469
@kikucule	<a href="https://twitter.com/kikucule" target="_blank">kikucule</a>	24	0	2	6890	5740	231029	Barcelona, Catalunya	022
@kikupipo	<a href="https://twitter.com/kikupipo" target="_blank">kikupipo</a>	37	0	2	8646	7051	385845		011
@KilianLatorre	<a href="https://twitter.com/KilianLatorre" target="_blank">KilianLatorre</a>	3	0	1	190	212	11571	Can Fanga i el Món (Melbourne)	413
@KillerYuko	<a href="https://twitter.com/KillerYuko" target="_blank">KillerYuko</a>	4	0	1	1175	318	53020	Barcelona	063
@kim_soler	<a href="https://twitter.com/kim_soler" target="_blank">kim_soler</a>	3	53	0	10659	2802	26466	Catalonia, Europe, World	168
@kinbota	<a href="https://twitter.com/kinbota" target="_blank">kinbota</a>	42	0	2	191	225	44853		125
@kitaperit	<a href="https://twitter.com/kitaperit" target="_blank">kitaperit</a>	2	0	1	178	233	1649	BARCELONA, Catalunya, the last	294
@kitoxs	<a href="https://twitter.com/kitoxs" target="_blank">kitoxs</a>	4	0	1	100	130	3909		014
@Kitsch_oficial	<a href="https://twitter.com/Kitsch_oficial" target="_blank">Kitsch_oficial</a>	0	8	0					109
@kitus117	<a href="https://twitter.com/kitus117" target="_blank">kitus117</a>	3	0	1	126	363	6920	Barcelona	003
@kiwipocfet	<a href="https://twitter.com/kiwipocfet" target="_blank">kiwipocfet</a>	12	0	1	95	422	2437	Catalonia	169
@KlaraMF5	<a href="https://twitter.com/KlaraMF5" target="_blank">KlaraMF5</a>	0	1	0					503
@KLliure	<a href="https://twitter.com/KLliure" target="_blank">KLliure</a>	2	0	2	2	87	146		002
@KnoDemagog	<a href="https://twitter.com/KnoDemagog" target="_blank">KnoDemagog</a>	13	0	1	157	569	11348	Barcelona	111
@knoxtgn	<a href="https://twitter.com/knoxtgn" target="_blank">knoxtgn</a>	2	0	1	813	1627	9801	Tarragona, Països Catalans	139
@knysrb	<a href="https://twitter.com/knysrb" target="_blank">knysrb</a>	1	0	1	1537	887	60899		009
@KOCharamsa	<a href="https://twitter.com/KOCharamsa" target="_blank">KOCharamsa</a>	0	5	0					219
@Koldo_	<a href="https://twitter.com/Koldo_" target="_blank">Koldo_</a>	8	0	1	101	191	2336	Figueres	026
@Koldobikax	<a href="https://twitter.com/Koldobikax" target="_blank">Koldobikax</a>	4	0	1	105	439	6203	Euskal Herria	026
@komdius	<a href="https://twitter.com/komdius" target="_blank">komdius</a>	1	0	1	162	881	8525	Barcelona, Catalonia	003
@KopitU	<a href="https://twitter.com/KopitU" target="_blank">KopitU</a>	1	0	1	182	203	6867		480
@kopydani	<a href="https://twitter.com/kopydani" target="_blank">kopydani</a>	9	0	2	1461	1935	14041	català a Tenerife - Catalunya	143
@korrecaminosbcn	<a href="https://twitter.com/korrecaminosbcn" target="_blank">korrecaminosbcn</a>	61	0	8	223	775	12686		014
@kosmimak	<a href="https://twitter.com/kosmimak" target="_blank">kosmimak</a>	1	0	1	23	73	20	Ventalló	346
@KrimsonRey	<a href="https://twitter.com/KrimsonRey" target="_blank">KrimsonRey</a>	3	0	1	438	741	12015		003
@krispinbonbin	<a href="https://twitter.com/krispinbonbin" target="_blank">krispinbonbin</a>	1	0	1	22	88	1613	Cataluña, España	131
@kuelape	<a href="https://twitter.com/kuelape" target="_blank">kuelape</a>	4	0	1	148	400	1666	Valldoreix	003
@kulampara1	<a href="https://twitter.com/kulampara1" target="_blank">kulampara1</a>	0	1	0					504
@Kurama_AZU	<a href="https://twitter.com/Kurama_AZU" target="_blank">Kurama_AZU</a>	5	0	1	414	531	16694	Baix Penedès	001
@l_palau	<a href="https://twitter.com/l_palau" target="_blank">l_palau</a>	1	0	1	271	966	757	via 332-trams 54-74-39-110	014
@L0_Ximenes	<a href="https://twitter.com/L0_Ximenes" target="_blank">L0_Ximenes</a>	1	0	1	68	278	999	Roquetes	135
@l3ckz	<a href="https://twitter.com/l3ckz" target="_blank">l3ckz</a>	6	0	1	288	582	21252	Catalunya, Deep Space	127
@l71perez	<a href="https://twitter.com/l71perez" target="_blank">l71perez</a>	6	0	2	323	289	17115	Ciudadano del mundo	011
@La___Gertrudis	<a href="https://twitter.com/La___Gertrudis" target="_blank">La___Gertrudis</a>	3	0	1	289	1548	2460		100
@la_car	<a href="https://twitter.com/la_car" target="_blank">la_car</a>	3	0	1	389	369	1040		192
@La_Llegra	<a href="https://twitter.com/La_Llegra" target="_blank">La_Llegra</a>	1	0	1	1690	1108	3172	Postigu Baxu 40 Uviéu-Asturies	064
@La_Starlet	<a href="https://twitter.com/La_Starlet" target="_blank">La_Starlet</a>	10	0	1	332	453	17296	Badalona	003
@La_Vasallo	<a href="https://twitter.com/La_Vasallo" target="_blank">La_Vasallo</a>	3	0	1	9794	2618	17705		153
@Lacalsot	<a href="https://twitter.com/Lacalsot" target="_blank">Lacalsot</a>	6	0	3	56	43	5661		063
@lacan_ca	<a href="https://twitter.com/lacan_ca" target="_blank">lacan_ca</a>	9	0	1	398	849	13915	Tarragona, Catalunya	194
@laccent	<a href="https://twitter.com/laccent" target="_blank">laccent</a>	4	0	1	20056	2314	29207	Països Catalans	204
@Lady__Gallina	<a href="https://twitter.com/Lady__Gallina" target="_blank">Lady__Gallina</a>	1	0	1	57	239	1945		003
@lady_ratafia	<a href="https://twitter.com/lady_ratafia" target="_blank">lady_ratafia</a>	4	0	1	76	224	157		204
@LADY_WITS	<a href="https://twitter.com/LADY_WITS" target="_blank">LADY_WITS</a>	5	0	1	839	1957	15490	CATALUNYA	163
@lafuente_olga	<a href="https://twitter.com/lafuente_olga" target="_blank">lafuente_olga</a>	1	0	1	124	157	2283		003
@LaGarraAmarilla	<a href="https://twitter.com/LaGarraAmarilla" target="_blank">LaGarraAmarilla</a>	8	0	1	372	995	23166		003
@laia_cf	<a href="https://twitter.com/laia_cf" target="_blank">laia_cf</a>	2	0	1	162	219	543		002
@laia_marimon	<a href="https://twitter.com/laia_marimon" target="_blank">laia_marimon</a>	2	0	1	121	197	317		003
@laia_puig	<a href="https://twitter.com/laia_puig" target="_blank">laia_puig</a>	6	0	1	232	328	3354		003
@laia3_laieta	<a href="https://twitter.com/laia3_laieta" target="_blank">laia3_laieta</a>	1	0	1	282	582	2371	Roses, Girona, Catalunya ||*||	168
@laialuz	<a href="https://twitter.com/laialuz" target="_blank">laialuz</a>	3	0	1	16	14	127		001
@laiapratco	<a href="https://twitter.com/laiapratco" target="_blank">laiapratco</a>	4	0	1	14	109	544	Sabadell, Espanya	169
@Laiasantapau	<a href="https://twitter.com/Laiasantapau" target="_blank">Laiasantapau</a>	2	0	1	192	245	462	SantaPau	097
@laiasul	<a href="https://twitter.com/laiasul" target="_blank">laiasul</a>	2	0	1	157	269	378		061
@LaiaTormo	<a href="https://twitter.com/LaiaTormo" target="_blank">LaiaTormo</a>	2	0	1	4	54	137		006
@laiavilaubi	<a href="https://twitter.com/laiavilaubi" target="_blank">laiavilaubi</a>	0	1	0					502
@Laiesken	<a href="https://twitter.com/Laiesken" target="_blank">Laiesken</a>	19	1	3	1294	2342	78574	Gràcia, Barcelona, Catalunya	063
@Laksmizz	<a href="https://twitter.com/Laksmizz" target="_blank">Laksmizz</a>	6	22	0	14291	12365	14934	Reus / New York ||★||	014
@LakuntzaUdala	<a href="https://twitter.com/LakuntzaUdala" target="_blank">LakuntzaUdala</a>	0	1	0					501
@lalabern78	<a href="https://twitter.com/lalabern78" target="_blank">lalabern78</a>	4	0	2	160	315	16035		003
@lAlfonsf	<a href="https://twitter.com/lAlfonsf" target="_blank">lAlfonsf</a>	6	0	5	30	77	1075		012
@Lali_GinCi	<a href="https://twitter.com/Lali_GinCi" target="_blank">Lali_GinCi</a>	3	0	2	31	142	569		169
@LaliRius	<a href="https://twitter.com/LaliRius" target="_blank">LaliRius</a>	0	1	0					505
@lalogonzalezmen	<a href="https://twitter.com/lalogonzalezmen" target="_blank">lalogonzalezmen</a>	6	0	1	974	1747	27162	Zizur Mayor, España	034
@lalolalona6	<a href="https://twitter.com/lalolalona6" target="_blank">lalolalona6</a>	1	0	1	402	94	72090		093
@lamarta	<a href="https://twitter.com/lamarta" target="_blank">lamarta</a>	24	0	1	954	926	43584	Catalunya	015
@lamartadorca	<a href="https://twitter.com/lamartadorca" target="_blank">lamartadorca</a>	3	0	1	352	1263	6066	Olot	163
@lamelaabellan	<a href="https://twitter.com/lamelaabellan" target="_blank">lamelaabellan</a>	1	0	1	82	86	397	Premia de Mar	324
@lamerelama	<a href="https://twitter.com/lamerelama" target="_blank">lamerelama</a>	4	0	1	68	66	8239	jpn	014
@lamicol	<a href="https://twitter.com/lamicol" target="_blank">lamicol</a>	1	0	1	93	53	6549		018
@lamonisan	<a href="https://twitter.com/lamonisan" target="_blank">lamonisan</a>	4	0	1	142	277	876	Barcelona	003
@LandaJauna	<a href="https://twitter.com/LandaJauna" target="_blank">LandaJauna</a>	17	1	0	1477	1455	46681	Iruñea [Basque Free Republic]	268
@Lanesttosa	<a href="https://twitter.com/Lanesttosa" target="_blank">Lanesttosa</a>	6	0	1	1194	1224	43216	Bilbo, Bizkaia.	011
@lanicoh	<a href="https://twitter.com/lanicoh" target="_blank">lanicoh</a>	0	1	0					499
@lanicolass	<a href="https://twitter.com/lanicolass" target="_blank">lanicolass</a>	7	0	1	353	237	23381		236
@Lanoiacatalana	<a href="https://twitter.com/Lanoiacatalana" target="_blank">Lanoiacatalana</a>	20	1	0	3055	2628	26277	República de Catalunya	199
@lantoniola	<a href="https://twitter.com/lantoniola" target="_blank">lantoniola</a>	41	0	4	327	26	34948	Catalunya	014
@lanuireta	<a href="https://twitter.com/lanuireta" target="_blank">lanuireta</a>	2	0	1	88	216	555	Manresa	089
@lapedraielmarge	<a href="https://twitter.com/lapedraielmarge" target="_blank">lapedraielmarge</a>	1	0	1	187	143	292		138
@lapellfreda	<a href="https://twitter.com/lapellfreda" target="_blank">lapellfreda</a>	1	2	1	130	444	803		031
@LaPelotaNSM_KO	<a href="https://twitter.com/LaPelotaNSM_KO" target="_blank">LaPelotaNSM_KO</a>	0	1	0					498
@LapenyaPau	<a href="https://twitter.com/LapenyaPau" target="_blank">LapenyaPau</a>	2	0	1	373	48	482	País Valencià	014
@LaperrinaChispi	<a href="https://twitter.com/LaperrinaChispi" target="_blank">LaperrinaChispi</a>	2	0	1	970	671	110829	cerca del precipicio	005
@LaraLoli	<a href="https://twitter.com/LaraLoli" target="_blank">LaraLoli</a>	1	0	1	165	566	4318		007
@LaRedMAC	<a href="https://twitter.com/LaRedMAC" target="_blank">LaRedMAC</a>	1	0	1	6383	4425	166925	Venezuela - Patria Grande	074
@lareirinha	<a href="https://twitter.com/lareirinha" target="_blank">lareirinha</a>	3	2	2	7654	6176	194709	ratikulin. españistan	059
@LaRetuerka	<a href="https://twitter.com/LaRetuerka" target="_blank">LaRetuerka</a>	1	0	1	24126	14522	24347	Madrid, Comunidad de Madrid	205
@las_pepi	<a href="https://twitter.com/las_pepi" target="_blank">las_pepi</a>	3	0	1	9	54	527		034
@lasilviaromeu	<a href="https://twitter.com/lasilviaromeu" target="_blank">lasilviaromeu</a>	3	0	1	2861	2710	6945	el bedorc	118
@LatorreCarme	<a href="https://twitter.com/LatorreCarme" target="_blank">LatorreCarme</a>	2	0	1	130	130	12669		003
@Laura_259	<a href="https://twitter.com/Laura_259" target="_blank">Laura_259</a>	1	0	1	968	197	66006	Barcelona	482
@Laura63cris03	<a href="https://twitter.com/Laura63cris03" target="_blank">Laura63cris03</a>	2	0	1	2	57	1319		004
@LauraAguado98	<a href="https://twitter.com/LauraAguado98" target="_blank">LauraAguado98</a>	1	0	1	530	261	17922	Madrid, Comunidad de Madrid	191
@LauraAlMartinez	<a href="https://twitter.com/LauraAlMartinez" target="_blank">LauraAlMartinez</a>	1	0	1	151	108	1170		169
@lauracanalesb	<a href="https://twitter.com/lauracanalesb" target="_blank">lauracanalesb</a>	1	0	1	14	123	75		279
@Lauracordillet	<a href="https://twitter.com/Lauracordillet" target="_blank">Lauracordillet</a>	5	0	1	11	45	1947	Llanars, Espanya	003
@lauracuello13	<a href="https://twitter.com/lauracuello13" target="_blank">lauracuello13</a>	2	0	1	182	354	4382	Barcelona	006
@lauracuyas	<a href="https://twitter.com/lauracuyas" target="_blank">lauracuyas</a>	2	0	2	185	288	1648		003
@lauraescofet	<a href="https://twitter.com/lauraescofet" target="_blank">lauraescofet</a>	7	0	1	235	161	3109	New York	034
@lauramundo15	<a href="https://twitter.com/lauramundo15" target="_blank">lauramundo15</a>	0	1	0					497
@LaurAndreu	<a href="https://twitter.com/LaurAndreu" target="_blank">LaurAndreu</a>	2	0	1	115	230	288		133
@LauraPadroV	<a href="https://twitter.com/LauraPadroV" target="_blank">LauraPadroV</a>	8	0	1	16	96	3173		157
@Laurarenas66	<a href="https://twitter.com/Laurarenas66" target="_blank">Laurarenas66</a>	1	4	0	5799	1837	55502	#SC #BM #CAT	104
@laurarifer	<a href="https://twitter.com/laurarifer" target="_blank">laurarifer</a>	1	0	1	216	364	199		092
@laurarv	<a href="https://twitter.com/laurarv" target="_blank">laurarv</a>	3	0	1	528	758	1702		188
@laurasd1976	<a href="https://twitter.com/laurasd1976" target="_blank">laurasd1976</a>	7	0	2	53	185	3220		002
@lauratrafach	<a href="https://twitter.com/lauratrafach" target="_blank">lauratrafach</a>	1	0	1	2720	1263	30656	Girona.Baix Empordà.Catalonia	009
@LauraTRAM37	<a href="https://twitter.com/LauraTRAM37" target="_blank">LauraTRAM37</a>	3	0	1	949	876	12120		184
@Laurence_Sterne	<a href="https://twitter.com/Laurence_Sterne" target="_blank">Laurence_Sterne</a>	31	0	1	226	227	35044		121
@Lauripenya	<a href="https://twitter.com/Lauripenya" target="_blank">Lauripenya</a>	4	0	1	89	315	1872	BADALONA	003
@Laurolz	<a href="https://twitter.com/Laurolz" target="_blank">Laurolz</a>	3	0	1	54	376	869	Mollet del Vallès	184
@lavecianapetita	<a href="https://twitter.com/lavecianapetita" target="_blank">lavecianapetita</a>	1	0	1	1813	363	65688		168
@LAVIDAESROSA	<a href="https://twitter.com/LAVIDAESROSA" target="_blank">LAVIDAESROSA</a>	0	1	0					496
@lavosqui	<a href="https://twitter.com/lavosqui" target="_blank">lavosqui</a>	1	0	1	608	389	136157		059
@lcanalsb	<a href="https://twitter.com/lcanalsb" target="_blank">lcanalsb</a>	8	0	3	85	1027	1060	Barcelon - Catalunya	002
@lcc_luisa	<a href="https://twitter.com/lcc_luisa" target="_blank">lcc_luisa</a>	9	0	1	1977	2044	56956	Horta.Barcelona.Catalunya	014
@lciuro	<a href="https://twitter.com/lciuro" target="_blank">lciuro</a>	3	0	1	3734	984	15953	Sabadell	208
@lcs13262	<a href="https://twitter.com/lcs13262" target="_blank">lcs13262</a>	3	0	1	48	159	2770		004
@lcubota	<a href="https://twitter.com/lcubota" target="_blank">lcubota</a>	4	0	1	56	191	1365	Barcelona	005
@lcurell	<a href="https://twitter.com/lcurell" target="_blank">lcurell</a>	13	0	1	201	470	6238		034
@ldelgadosalcedo	<a href="https://twitter.com/ldelgadosalcedo" target="_blank">ldelgadosalcedo</a>	20	0	1	1187	2231	44598	Catalunya	003
@lean_coronel	<a href="https://twitter.com/lean_coronel" target="_blank">lean_coronel</a>	2	0	1	49	99	5815	vila de sarrià ( barcelona )	099
@lecodesitges	<a href="https://twitter.com/lecodesitges" target="_blank">lecodesitges</a>	4	0	1	3491	338	5256	Sitges (Catalunya)	166
@lectorinformat	<a href="https://twitter.com/lectorinformat" target="_blank">lectorinformat</a>	6	0	1	14	79	1243		003
@Leganav	<a href="https://twitter.com/Leganav" target="_blank">Leganav</a>	2	0	1	765	1033	35419	Madrid	005
@Legolasindar	<a href="https://twitter.com/Legolasindar" target="_blank">Legolasindar</a>	3	0	1	56	98	3776	Països Catalans	014
@LeilaYStitch	<a href="https://twitter.com/LeilaYStitch" target="_blank">LeilaYStitch</a>	2	0	2	594	413	8295	Castilla socialista	192
@Leiliux3	<a href="https://twitter.com/Leiliux3" target="_blank">Leiliux3</a>	1	0	1	16	87	195	Holywood, Northern Ireland	286
@leilog	<a href="https://twitter.com/leilog" target="_blank">leilog</a>	1	0	1	131	289	783		003
@leirefig	<a href="https://twitter.com/leirefig" target="_blank">leirefig</a>	4	0	1	72	139	4978		004
@LEKUONADomenja	<a href="https://twitter.com/LEKUONADomenja" target="_blank">LEKUONADomenja</a>	16	0	1	824	1579	8503	Occitania (Bearn Gasconha)	004
@lelloak	<a href="https://twitter.com/lelloak" target="_blank">lelloak</a>	2	0	1	816	2084	26320	Roma	490
@lenagali	<a href="https://twitter.com/lenagali" target="_blank">lenagali</a>	6	0	1	79	237	2055	Barcelona	014
@lenagarriga	<a href="https://twitter.com/lenagarriga" target="_blank">lenagarriga</a>	14	0	2	172	344	5340	41.535996,2.213886	055
@lenbexe	<a href="https://twitter.com/lenbexe" target="_blank">lenbexe</a>	4	0	1	218	1459	9239		003
@leon_ferrera	<a href="https://twitter.com/leon_ferrera" target="_blank">leon_ferrera</a>	1	0	1	314	360	1086	Catalunya🌹	014
@leotaxil	<a href="https://twitter.com/leotaxil" target="_blank">leotaxil</a>	1	3	0	14594	3985	229376		026
@Lesleygsmith3	<a href="https://twitter.com/Lesleygsmith3" target="_blank">Lesleygsmith3</a>	3	0	1	2725	2482	208747		018
@lesportiucat	<a href="https://twitter.com/lesportiucat" target="_blank">lesportiucat</a>	1	13	0	32272	661	19052	Catalunya	194
@Lespurnabloc	<a href="https://twitter.com/Lespurnabloc" target="_blank">Lespurnabloc</a>	0	3	0					232
@Leugim73	<a href="https://twitter.com/Leugim73" target="_blank">Leugim73</a>	1	0	1	505	981	7024	43.535343,-5.669757	200
@LEUTERIU	<a href="https://twitter.com/LEUTERIU" target="_blank">LEUTERIU</a>	5	0	1	196	735	11292	Home sweet home. I al carrer	035
@LFImagina	<a href="https://twitter.com/LFImagina" target="_blank">LFImagina</a>	10	5	0	741	652	6480	Les Franqueses del Vallès	211
@Lgtnx	<a href="https://twitter.com/Lgtnx" target="_blank">Lgtnx</a>	5	0	1	385	336	13633	Bcn	009
@lhomeocell	<a href="https://twitter.com/lhomeocell" target="_blank">lhomeocell</a>	8	0	1	36	138	1861	BCN	003
@lialunas	<a href="https://twitter.com/lialunas" target="_blank">lialunas</a>	1	0	1	12	83	836	CATALUNYA.	003
@LianaEHE	<a href="https://twitter.com/LianaEHE" target="_blank">LianaEHE</a>	6	1	0	3886	4992	150652		003
@Libertaria1978	<a href="https://twitter.com/Libertaria1978" target="_blank">Libertaria1978</a>	10	0	1	1111	862	100107		059
@Licatsoc	<a href="https://twitter.com/Licatsoc" target="_blank">Licatsoc</a>	2	0	1	49	327	441	Catalunha, Espanha	014
@lickiwicki	<a href="https://twitter.com/lickiwicki" target="_blank">lickiwicki</a>	15	0	2	131	185	27054		003
@lidiafoix	<a href="https://twitter.com/lidiafoix" target="_blank">lidiafoix</a>	1	0	1	26	64	4767	Barcelona	004
@lidiamonesp	<a href="https://twitter.com/lidiamonesp" target="_blank">lidiamonesp</a>	0	1	0					495
@LidiaSabater1	<a href="https://twitter.com/LidiaSabater1" target="_blank">LidiaSabater1</a>	1	0	1	32	122	1657		034
@LidiaSauraB	<a href="https://twitter.com/LidiaSauraB" target="_blank">LidiaSauraB</a>	2	2	0	823	716	31923	Tortosa, terres de l'Ebre	084
@lieldancup	<a href="https://twitter.com/lieldancup" target="_blank">lieldancup</a>	5	0	2	36	175	290		002
@LiliaMisnovelas	<a href="https://twitter.com/LiliaMisnovelas" target="_blank">LiliaMisnovelas</a>	3	0	1	1117	3495	71607	Arenys de Mar, Cataluña	059
@Lilianchen73	<a href="https://twitter.com/Lilianchen73" target="_blank">Lilianchen73</a>	2	0	2	12	178	262		020
@LilVia	<a href="https://twitter.com/LilVia" target="_blank">LilVia</a>	1	0	1	778	1215	13787	Terrassa	003
@LinaIonescu	<a href="https://twitter.com/LinaIonescu" target="_blank">LinaIonescu</a>	6	0	1	5758	1957	30415		014
@LinarJordi	<a href="https://twitter.com/LinarJordi" target="_blank">LinarJordi</a>	3	0	1	25	85	2656		002
@Lindepe2	<a href="https://twitter.com/Lindepe2" target="_blank">Lindepe2</a>	6	0	1	46	194	1426		022
@lionelpla	<a href="https://twitter.com/lionelpla" target="_blank">lionelpla</a>	4	3	0	217	339	909	Sort	244
@Lisazbel	<a href="https://twitter.com/Lisazbel" target="_blank">Lisazbel</a>	2	0	1	9	45	103	Barcelona	003
@lisetborras	<a href="https://twitter.com/lisetborras" target="_blank">lisetborras</a>	1	0	1	263	287	11806	Catalunya	102
@Lisinas	<a href="https://twitter.com/Lisinas" target="_blank">Lisinas</a>	7	0	1	444	636	7646		003
@little_rh	<a href="https://twitter.com/little_rh" target="_blank">little_rh</a>	2	0	1	82	232	1110		003
@littlebiglies	<a href="https://twitter.com/littlebiglies" target="_blank">littlebiglies</a>	3	0	1	1104	2041	16643	CATALONIA	022
@Litus_Charlie	<a href="https://twitter.com/Litus_Charlie" target="_blank">Litus_Charlie</a>	1	0	1	3	96	185		006
@Lizacooker	<a href="https://twitter.com/Lizacooker" target="_blank">Lizacooker</a>	10	0	1	325	243	20086	Catalunya	168
@lizcastro	<a href="https://twitter.com/lizcastro" target="_blank">lizcastro</a>	11	34	1	30429	4716	119908	Massachusetts/Barcelona	018
@llagosteraji	<a href="https://twitter.com/llagosteraji" target="_blank">llagosteraji</a>	3	0	1	2	89	789		014
@llamameblas	<a href="https://twitter.com/llamameblas" target="_blank">llamameblas</a>	6	0	2	313	2178	21255		013
@llambilles	<a href="https://twitter.com/llambilles" target="_blank">llambilles</a>	20	0	1	452	1375	27096	Llambilles	227
@llampat	<a href="https://twitter.com/llampat" target="_blank">llampat</a>	2	0	1	1787	2206	9543	GiRoNa	168
@Llaudal	<a href="https://twitter.com/Llaudal" target="_blank">Llaudal</a>	5	0	1	270	300	25661	Tarragona	034
@lleonacat	<a href="https://twitter.com/lleonacat" target="_blank">lleonacat</a>	1	0	1	257	508	591		014
@llesor00	<a href="https://twitter.com/llesor00" target="_blank">llesor00</a>	2	0	1	122	772	2368	República de Catalunya	220
@lletdecabra	<a href="https://twitter.com/lletdecabra" target="_blank">lletdecabra</a>	2	0	1	210	395	15716		003
@Llibertatcat	<a href="https://twitter.com/Llibertatcat" target="_blank">Llibertatcat</a>	18	50	0	23922	17014	54723	Països Catalans	014
@llibertatsempre	<a href="https://twitter.com/llibertatsempre" target="_blank">llibertatsempre</a>	1	0	1	89	245	660	Barcelona, Cataluña	014
@Llibertferri	<a href="https://twitter.com/Llibertferri" target="_blank">Llibertferri</a>	6	0	2	10644	9813	17234		010
@lligamentcreuat	<a href="https://twitter.com/lligamentcreuat" target="_blank">lligamentcreuat</a>	1	0	1	18	326	118	barcelona	003
@lliureya	<a href="https://twitter.com/lliureya" target="_blank">lliureya</a>	3	0	1	16	136	588		012
@LlopAlbert	<a href="https://twitter.com/LlopAlbert" target="_blank">LlopAlbert</a>	1	0	1	620	560	7027	Vila-seca	003
@LloraLloron	<a href="https://twitter.com/LloraLloron" target="_blank">LloraLloron</a>	10	0	1	1090	1393	25533		003
@Llorenc6	<a href="https://twitter.com/Llorenc6" target="_blank">Llorenc6</a>	1	0	1	0	76	20		034
@llorencgimenop	<a href="https://twitter.com/llorencgimenop" target="_blank">llorencgimenop</a>	3	0	1	169	793	8765		003
@lloretenc	<a href="https://twitter.com/lloretenc" target="_blank">lloretenc</a>	2	0	1	46	284	1921		003
@lloretmontse	<a href="https://twitter.com/lloretmontse" target="_blank">lloretmontse</a>	15	0	3	187	213	19738	Castellcir, Catalunya	007
@llturro	<a href="https://twitter.com/llturro" target="_blank">llturro</a>	8	0	1	1332	1231	19382	Catalunya ||*||	003
@llu_entina	<a href="https://twitter.com/llu_entina" target="_blank">llu_entina</a>	4	0	1	291	1057	5058		034
@llucetina	<a href="https://twitter.com/llucetina" target="_blank">llucetina</a>	4	3	0	352	432	33371	Barcelona	069
@lluchernandez	<a href="https://twitter.com/lluchernandez" target="_blank">lluchernandez</a>	3	0	1	259	2122	4924	Tarraco	014
@lluciaferrer	<a href="https://twitter.com/lluciaferrer" target="_blank">lluciaferrer</a>	3	0	2	4735	2380	8071	Bcn/Manlleu	087
@Lluis_Casanovas	<a href="https://twitter.com/Lluis_Casanovas" target="_blank">Lluis_Casanovas</a>	37	4	5	9179	7066	199607	Reus and Cambrils, Catalunya .	014
@Lluis_Ducet	<a href="https://twitter.com/Lluis_Ducet" target="_blank">Lluis_Ducet</a>	9	0	2	774	1006	59620	Esplugues de Llobregat	014
@lluis_upf	<a href="https://twitter.com/lluis_upf" target="_blank">lluis_upf</a>	10	0	2	410	622	3184	Barcelona, Catalonia	026
@lluis1966	<a href="https://twitter.com/lluis1966" target="_blank">lluis1966</a>	8	0	1	1050	2097	94067	Vic, España	014
@lluisa74	<a href="https://twitter.com/lluisa74" target="_blank">lluisa74</a>	2	0	1	415	1666	4030		039
@LLUISAGC	<a href="https://twitter.com/LLUISAGC" target="_blank">LLUISAGC</a>	9	0	1	51	138	4151		003
@LluisAlarcon	<a href="https://twitter.com/LluisAlarcon" target="_blank">LluisAlarcon</a>	1	0	1	74	274	4019		002
@LluisBassas	<a href="https://twitter.com/LluisBassas" target="_blank">LluisBassas</a>	4	0	1	489	395	29872	Barcelona	143
@lluiscacau	<a href="https://twitter.com/lluiscacau" target="_blank">lluiscacau</a>	1	2	0	1993	702	14540	Pastissos Catalans (PPCC)	291
@lluiscecchini	<a href="https://twitter.com/lluiscecchini" target="_blank">lluiscecchini</a>	4	0	2	32	84	2640		034
@LluisCobaledaM	<a href="https://twitter.com/LluisCobaledaM" target="_blank">LluisCobaledaM</a>	3	0	1	153	430	1691	Catalunya	004
@LluisColl13	<a href="https://twitter.com/LluisColl13" target="_blank">LluisColl13</a>	23	0	1	5035	381	30619		022
@LluisDeMar	<a href="https://twitter.com/LluisDeMar" target="_blank">LluisDeMar</a>	21	0	1	129	134	32488	Catalunya lliure	014
@lluisfarremarti	<a href="https://twitter.com/lluisfarremarti" target="_blank">lluisfarremarti</a>	7	0	2	44	66	3926		014
@lluisgh28	<a href="https://twitter.com/lluisgh28" target="_blank">lluisgh28</a>	2	0	1	425	752	12775	Sants, Barcelona	419
@lluisgpera	<a href="https://twitter.com/lluisgpera" target="_blank">lluisgpera</a>	2	0	1	148	200	4626	Vilanova del Vallès	102
@lluisguino	<a href="https://twitter.com/lluisguino" target="_blank">lluisguino</a>	6	2	0	4386	3738	31263		175
@LluisMarco1	<a href="https://twitter.com/LluisMarco1" target="_blank">LluisMarco1</a>	18	0	3	1585	529	17668	Catalunya	004
@LluisMarti	<a href="https://twitter.com/LluisMarti" target="_blank">LluisMarti</a>	2	0	1	597	601	41529	Barcelona	119
@lluismi1963	<a href="https://twitter.com/lluismi1963" target="_blank">lluismi1963</a>	1	0	1	13	47	188		004
@lluismora	<a href="https://twitter.com/lluismora" target="_blank">lluismora</a>	4	0	1	356	184	2434	Mataró	034
@LluisMunyoz	<a href="https://twitter.com/LluisMunyoz" target="_blank">LluisMunyoz</a>	5	0	1	260	439	30967	República de Catalunya	188
@LluisNacenta	<a href="https://twitter.com/LluisNacenta" target="_blank">LluisNacenta</a>	0	1	0					494
@LLUISOLIVA	<a href="https://twitter.com/LLUISOLIVA" target="_blank">LLUISOLIVA</a>	5	0	2	205	318	6497	Esplugues de Llobregat, Catalu	133
@lluisoliveras	<a href="https://twitter.com/lluisoliveras" target="_blank">lluisoliveras</a>	6	0	1	966	948	10596		174
@LluisPerarnau	<a href="https://twitter.com/LluisPerarnau" target="_blank">LluisPerarnau</a>	6	1	0	426	245	3689	Vallès Occidental	493
@lluispuigcamps	<a href="https://twitter.com/lluispuigcamps" target="_blank">lluispuigcamps</a>	2	0	1	72	285	500		005
@LluisR3	<a href="https://twitter.com/LluisR3" target="_blank">LluisR3</a>	5	0	1	70	214	3566	Catalunya	002
@lluisrimon	<a href="https://twitter.com/lluisrimon" target="_blank">lluisrimon</a>	7	0	1	114	267	4359		003
@lluisroset	<a href="https://twitter.com/lluisroset" target="_blank">lluisroset</a>	4	0	1	8536	8532	10432	Catalonia	007
@LluisRovir	<a href="https://twitter.com/LluisRovir" target="_blank">LluisRovir</a>	2	0	1	2705	2552	55555		003
@lluissaa	<a href="https://twitter.com/lluissaa" target="_blank">lluissaa</a>	10	0	1	763	1821	9864		005
@LluisSagarra	<a href="https://twitter.com/LluisSagarra" target="_blank">LluisSagarra</a>	1	0	1	322	291	8627	Martorell	174
@LluisTomas_	<a href="https://twitter.com/LluisTomas_" target="_blank">LluisTomas_</a>	3	0	1	58	61	1823	Catalunya, La Terra	003
@lluistry	<a href="https://twitter.com/lluistry" target="_blank">lluistry</a>	4	0	1	268	476	2928	Reserva Índia del Montseny	004
@lluistweet	<a href="https://twitter.com/lluistweet" target="_blank">lluistweet</a>	1	0	1	16	98	389		034
@lluisvn	<a href="https://twitter.com/lluisvn" target="_blank">lluisvn</a>	3	0	1	22	102	2529		003
@llumaru29	<a href="https://twitter.com/llumaru29" target="_blank">llumaru29</a>	1	0	1	1	109	14		157
@LlunaCatalana	<a href="https://twitter.com/LlunaCatalana" target="_blank">LlunaCatalana</a>	4	0	2	6865	3425	27958		010
@llunavermella	<a href="https://twitter.com/llunavermella" target="_blank">llunavermella</a>	166	0	7	3532	791	445765	catalunya	009
@Lo_Catarina	<a href="https://twitter.com/Lo_Catarina" target="_blank">Lo_Catarina</a>	7	0	1	145	239	17372		184
@LO_DICCIONARI	<a href="https://twitter.com/LO_DICCIONARI" target="_blank">LO_DICCIONARI</a>	1	10	1	6415	3833	4643	Lleida i voltants	197
@LocoTaca	<a href="https://twitter.com/LocoTaca" target="_blank">LocoTaca</a>	36	0	1	4	24	378	Manresa, Catalunya	097
@locuspolitikus	<a href="https://twitter.com/locuspolitikus" target="_blank">locuspolitikus</a>	19	0	1	6586	6547	385113	Barcelona, España	059
@lodaelan	<a href="https://twitter.com/lodaelan" target="_blank">lodaelan</a>	2	0	1	45	78	1236		251
@LoFuflunet	<a href="https://twitter.com/LoFuflunet" target="_blank">LoFuflunet</a>	6	21	0	4677	4386	43497	Catalunya	014
@Logatemmascarat	<a href="https://twitter.com/Logatemmascarat" target="_blank">Logatemmascarat</a>	7	0	1	912	526	37023	Vila de Gràcia-Països Catalans	009
@lojaumet	<a href="https://twitter.com/lojaumet" target="_blank">lojaumet</a>	1	0	1	156	481	1977	L'Hospi, planeta Terra	206
@lolaperpi	<a href="https://twitter.com/lolaperpi" target="_blank">lolaperpi</a>	9	0	1	478	1591	21828		013
@loligonzalez68	<a href="https://twitter.com/loligonzalez68" target="_blank">loligonzalez68</a>	28	0	5	22	78	7103	Sant Celoni, Catalunya	014
@lolimagaz	<a href="https://twitter.com/lolimagaz" target="_blank">lolimagaz</a>	4	0	2	1355	1789	55224		121
@loloolol_	<a href="https://twitter.com/loloolol_" target="_blank">loloolol_</a>	38	0	3	61	72	8038		014
@LookJava	<a href="https://twitter.com/LookJava" target="_blank">LookJava</a>	1	0	1	59	274	1419		046
@loolipss	<a href="https://twitter.com/loolipss" target="_blank">loolipss</a>	3	0	1	74	162	1785		002
@lord_kmikc	<a href="https://twitter.com/lord_kmikc" target="_blank">lord_kmikc</a>	2	0	1	1	6	46		027
@lordamarauri	<a href="https://twitter.com/lordamarauri" target="_blank">lordamarauri</a>	18	0	1	100	231	1044		098
@lordbmoncunill	<a href="https://twitter.com/lordbmoncunill" target="_blank">lordbmoncunill</a>	2	1	0	24	111	148		020
@LordCaptainLol	<a href="https://twitter.com/LordCaptainLol" target="_blank">LordCaptainLol</a>	34	0	7	69	126	8400		017
@lordengonals	<a href="https://twitter.com/lordengonals" target="_blank">lordengonals</a>	1	0	1	11	35	40	Catalunya	003
@Loren81046635	<a href="https://twitter.com/Loren81046635" target="_blank">Loren81046635</a>	24	0	2	202	456	16173	Donostia ,Euskal Herria	268
@Loretti72	<a href="https://twitter.com/Loretti72" target="_blank">Loretti72</a>	1	0	1	47	137	638		007
@lorevestrella	<a href="https://twitter.com/lorevestrella" target="_blank">lorevestrella</a>	5	0	1	312	353	7525	Clermont-Ferrand, France	184
@lothlertu	<a href="https://twitter.com/lothlertu" target="_blank">lothlertu</a>	33	0	1	3172	2427	387144		102
@loucerdanya	<a href="https://twitter.com/loucerdanya" target="_blank">loucerdanya</a>	3	0	1	2084	2034	43111	Lourdes Insa	134
@louisbcn17141	<a href="https://twitter.com/louisbcn17141" target="_blank">louisbcn17141</a>	11	0	1	30	27	3318		034
@loulouleloup	<a href="https://twitter.com/loulouleloup" target="_blank">loulouleloup</a>	6	0	1	131	97	3572	LEERS-NORD (Belgium)	289
@lourdescasadem	<a href="https://twitter.com/lourdescasadem" target="_blank">lourdescasadem</a>	7	1	0	340	605	4623		021
@lriusbergua	<a href="https://twitter.com/lriusbergua" target="_blank">lriusbergua</a>	1	0	1	6	49	113		267
@lSimplementjol	<a href="https://twitter.com/lSimplementjol" target="_blank">lSimplementjol</a>	1	1	0	1221	1076	2190	Barcelona, Catalunya.	004
@Lu77cat	<a href="https://twitter.com/Lu77cat" target="_blank">Lu77cat</a>	3	3	0	229	492	7229	Girona (Polonia)	017
@LuaLuarda	<a href="https://twitter.com/LuaLuarda" target="_blank">LuaLuarda</a>	1	0	1	629	431	11393	Madrid	005
@Lucha_Obrera_Yo	<a href="https://twitter.com/Lucha_Obrera_Yo" target="_blank">Lucha_Obrera_Yo</a>	4	0	1	1538	3270	25632	Buscando Hogar	364
@LuciaCasado7	<a href="https://twitter.com/LuciaCasado7" target="_blank">LuciaCasado7</a>	2	0	2	493	590	6681	Segovia antifascista.	192
@LuciaMuozCueva1	<a href="https://twitter.com/LuciaMuozCueva1" target="_blank">LuciaMuozCueva1</a>	3	0	1	22	72	937	Castellbisbal	003
@luckylu61	<a href="https://twitter.com/luckylu61" target="_blank">luckylu61</a>	1	0	1	228	718	442		005
@luis_sisepuede	<a href="https://twitter.com/luis_sisepuede" target="_blank">luis_sisepuede</a>	1	0	1	16832	17553	27713	Roquetas de Mar, España	059
@lujop	<a href="https://twitter.com/lujop" target="_blank">lujop</a>	1	0	1	255	408	503	Girona	189
@luk131256	<a href="https://twitter.com/luk131256" target="_blank">luk131256</a>	4	0	2	119	96	21222		157
@LulaMae19	<a href="https://twitter.com/LulaMae19" target="_blank">LulaMae19</a>	5	0	1	80	231	3263		008
@lulu6019	<a href="https://twitter.com/lulu6019" target="_blank">lulu6019</a>	23	0	1	719	1129	60728		004
@LuMartinBCN	<a href="https://twitter.com/LuMartinBCN" target="_blank">LuMartinBCN</a>	2	0	1	28540	1844	49509		003
@lunadebenidorm	<a href="https://twitter.com/lunadebenidorm" target="_blank">lunadebenidorm</a>	1	0	1	3860	4439	150172		004
@lupeBao	<a href="https://twitter.com/lupeBao" target="_blank">lupeBao</a>	6	0	1	223	169	21221	Santa Comba, Galicia	169
@lupoanony	<a href="https://twitter.com/lupoanony" target="_blank">lupoanony</a>	5	0	1	2131	1484	11067	Lupoland	059
@lupurroy	<a href="https://twitter.com/lupurroy" target="_blank">lupurroy</a>	3	0	3	15	28	1303		002
@luvskotia	<a href="https://twitter.com/luvskotia" target="_blank">luvskotia</a>	20	0	2	594	1025	23392	La Garriga	010
@LUZNATIKA	<a href="https://twitter.com/LUZNATIKA" target="_blank">LUZNATIKA</a>	2	0	1	55	197	1016	Barcelona, Catalunya	006
@lydiamp20	<a href="https://twitter.com/lydiamp20" target="_blank">lydiamp20</a>	1	0	1	2869	1594	59919	BARCELONA	005
@M_BrokenLeg	<a href="https://twitter.com/M_BrokenLeg" target="_blank">M_BrokenLeg</a>	22	0	1	8965	6516	308583	BCN/Lluçanès, Catalunya	014
@m_empique	<a href="https://twitter.com/m_empique" target="_blank">m_empique</a>	1	0	1	61	40	170		157
@MaAlbaGilabert	<a href="https://twitter.com/MaAlbaGilabert" target="_blank">MaAlbaGilabert</a>	4	0	1	617	231	3709		003
@Maalco4	<a href="https://twitter.com/Maalco4" target="_blank">Maalco4</a>	1	0	1	127	245	3144	Córdoba, España	011
@mabar_tinla	<a href="https://twitter.com/mabar_tinla" target="_blank">mabar_tinla</a>	2	0	1	1330	1844	42597	Barcelona, Cataluña	005
@macagundeus	<a href="https://twitter.com/macagundeus" target="_blank">macagundeus</a>	2	0	1	13	52	439	Calafell, Espanya	298
@maceiragz	<a href="https://twitter.com/maceiragz" target="_blank">maceiragz</a>	2	0	1	1680	1235	2098	Santiago de Compostela. GALIZA	206
@machhiana	<a href="https://twitter.com/machhiana" target="_blank">machhiana</a>	7	0	3	1330	1522	15084	Barcelona	009
@macia68	<a href="https://twitter.com/macia68" target="_blank">macia68</a>	1	4	0	479	892	6021	Alòs de Balaguer	034
@macruces	<a href="https://twitter.com/macruces" target="_blank">macruces</a>	10	0	2	976	2072	10600	Al meu pais CATALUNYA!!!	014
@mad_scalpel	<a href="https://twitter.com/mad_scalpel" target="_blank">mad_scalpel</a>	2	0	1	104	346	8770	location location!!!	062
@MaddBCN	<a href="https://twitter.com/MaddBCN" target="_blank">MaddBCN</a>	1	2	0	2279	3544	10461	Barcelona	079
@madeinbcn	<a href="https://twitter.com/madeinbcn" target="_blank">madeinbcn</a>	2	0	1	218	306	1718	La Garriga/BCN/CAT	003
@madeinkatalonia	<a href="https://twitter.com/madeinkatalonia" target="_blank">madeinkatalonia</a>	13	0	1	77	255	7686	Barcelona	006
@maduica	<a href="https://twitter.com/maduica" target="_blank">maduica</a>	3	0	1	41	63	354	El Masnou	163
@Maduixeta_	<a href="https://twitter.com/Maduixeta_" target="_blank">Maduixeta_</a>	1	0	1	2784	936	43394	Barcelona	040
@Mae_Carson2	<a href="https://twitter.com/Mae_Carson2" target="_blank">Mae_Carson2</a>	8	0	1	2142	349	357001		224
@MaeseSonoro	<a href="https://twitter.com/MaeseSonoro" target="_blank">MaeseSonoro</a>	2	0	1	1387	1607	97121	Spain is Pain	486
@maevagold52	<a href="https://twitter.com/maevagold52" target="_blank">maevagold52</a>	14	0	2	237	216	6988	Barcelona, Catalunya ||*||	014
@maezturomanos	<a href="https://twitter.com/maezturomanos" target="_blank">maezturomanos</a>	2	0	1	82	456	446	Sants  Barcelona	425
@mafflles	<a href="https://twitter.com/mafflles" target="_blank">mafflles</a>	22	0	1	64	102	14073	Barcelona	026
@Magda_Lein	<a href="https://twitter.com/Magda_Lein" target="_blank">Magda_Lein</a>	7	0	1	133	269	3470		174
@magdacas	<a href="https://twitter.com/magdacas" target="_blank">magdacas</a>	0	5	0					017
@magdalaveca	<a href="https://twitter.com/magdalaveca" target="_blank">magdalaveca</a>	34	0	1	93	602	9742	Catalunya	014
@magdaoriap	<a href="https://twitter.com/magdaoriap" target="_blank">magdaoriap</a>	31	0	3	670	935	22604	Castelldefels, Espanya	003
@magdisere	<a href="https://twitter.com/magdisere" target="_blank">magdisere</a>	4	0	1	233	203	4515	Barcelona	277
@magi_ns	<a href="https://twitter.com/magi_ns" target="_blank">magi_ns</a>	7	0	2	45	94	745	Figuerola  Pallars Jussa	012
@mago_pajass	<a href="https://twitter.com/mago_pajass" target="_blank">mago_pajass</a>	3	0	1	9	76	969		012
@Maigolo	<a href="https://twitter.com/Maigolo" target="_blank">Maigolo</a>	9	0	1	504	671	35678	Catalunya	034
@maiipunt	<a href="https://twitter.com/maiipunt" target="_blank">maiipunt</a>	1	2	0	140	274	960		288
@mainouv	<a href="https://twitter.com/mainouv" target="_blank">mainouv</a>	1	0	1	3616	1596	34896		014
@Maite_Cuso	<a href="https://twitter.com/Maite_Cuso" target="_blank">Maite_Cuso</a>	1	0	1	263	575	808		061
@MaiteAmigo4	<a href="https://twitter.com/MaiteAmigo4" target="_blank">MaiteAmigo4</a>	19	0	3	32	70	2107		026
@maitecanelles	<a href="https://twitter.com/maitecanelles" target="_blank">maitecanelles</a>	1	0	1	54	312	53		189
@maitema1973	<a href="https://twitter.com/maitema1973" target="_blank">maitema1973</a>	21	0	4	1347	1558	108608		014
@maitemore56	<a href="https://twitter.com/maitemore56" target="_blank">maitemore56</a>	2	0	1	7	26	1278	Barcelona, España	174
@MaiteSalord	<a href="https://twitter.com/MaiteSalord" target="_blank">MaiteSalord</a>	1	0	1	3205	1106	11469	Menorca	376
@maitesancat	<a href="https://twitter.com/maitesancat" target="_blank">maitesancat</a>	3	0	2	162	88	19732	Barcelona	005
@Maitetxu_	<a href="https://twitter.com/Maitetxu_" target="_blank">Maitetxu_</a>	4	1	0	609	992	12119	Sant Andreu-Catalunya	490
@MakeUpByKarolyn	<a href="https://twitter.com/MakeUpByKarolyn" target="_blank">MakeUpByKarolyn</a>	1	0	1	1492	2885	25233	BarCeloNa Spain	174
@Malaka_Iberico	<a href="https://twitter.com/Malaka_Iberico" target="_blank">Malaka_Iberico</a>	6	3	1	1114	582	29256	Madrid - València	132
@Malales55	<a href="https://twitter.com/Malales55" target="_blank">Malales55</a>	3	0	1	1032	3241	43724	Extremadura - Euskadi	005
@mallafre	<a href="https://twitter.com/mallafre" target="_blank">mallafre</a>	3	0	1	358	605	8678	Garraf, Barcelona, Catalunya	003
@MaluSouzaGalvao	<a href="https://twitter.com/MaluSouzaGalvao" target="_blank">MaluSouzaGalvao</a>	3	0	1	64	250	1276		029
@MamaMaca1	<a href="https://twitter.com/MamaMaca1" target="_blank">MamaMaca1</a>	2	0	1	4	40	987		003
@mamia55	<a href="https://twitter.com/mamia55" target="_blank">mamia55</a>	6	0	1	39	385	4930		003
@MammaClara	<a href="https://twitter.com/MammaClara" target="_blank">MammaClara</a>	4	0	1	6	17	1757	Sevilla	005
@ManAguiLo	<a href="https://twitter.com/ManAguiLo" target="_blank">ManAguiLo</a>	6	0	2	72	99	8601	Vilanova i la Geltrú,Catalunya	014
@ManalbensP	<a href="https://twitter.com/ManalbensP" target="_blank">ManalbensP</a>	1	0	1	4	12	13		003
@manel_monllao	<a href="https://twitter.com/manel_monllao" target="_blank">manel_monllao</a>	4	2	1	594	1031	4353	Baix Llobregat	017
@Manel36081612	<a href="https://twitter.com/Manel36081612" target="_blank">Manel36081612</a>	4	0	1	14	90	1243		003
@Manel4bg	<a href="https://twitter.com/Manel4bg" target="_blank">Manel4bg</a>	12	0	1	141	951	1755	Cataluña, España	014
@ManelBonany	<a href="https://twitter.com/ManelBonany" target="_blank">ManelBonany</a>	6	0	2	2595	2540	30948	Barcelona	168
@manelcom	<a href="https://twitter.com/manelcom" target="_blank">manelcom</a>	0	1	0					491
@ManelEsteller	<a href="https://twitter.com/ManelEsteller" target="_blank">ManelEsteller</a>	0	243	0					034
@ManelGinesBiels	<a href="https://twitter.com/ManelGinesBiels" target="_blank">ManelGinesBiels</a>	24	0	3	2362	227	22623	Barcelona, Cataluña	017
@manelmontesapi	<a href="https://twitter.com/manelmontesapi" target="_blank">manelmontesapi</a>	8	0	2	526	514	13869	Lleida	014
@manelmr70	<a href="https://twitter.com/manelmr70" target="_blank">manelmr70</a>	24	0	1	98	205	4745	Catalunya	013
@manelnn51	<a href="https://twitter.com/manelnn51" target="_blank">manelnn51</a>	3	0	1	1090	1043	54493		075
@manelpernal	<a href="https://twitter.com/manelpernal" target="_blank">manelpernal</a>	2	0	1	114	227	298	catalonia	036
@ManelPlanas	<a href="https://twitter.com/ManelPlanas" target="_blank">ManelPlanas</a>	10	0	1	582	1013	8427	Olot i Barcelona, Catalunya	017
@manelRebollal	<a href="https://twitter.com/manelRebollal" target="_blank">manelRebollal</a>	2	0	2	1399	1349	25541	Catalunya	184
@ManfredFerrus	<a href="https://twitter.com/ManfredFerrus" target="_blank">ManfredFerrus</a>	3	0	1	159	307	5804		003
@manubenas	<a href="https://twitter.com/manubenas" target="_blank">manubenas</a>	1	1	1	14532	8225	208041	En la red	542
@Manuel96656830	<a href="https://twitter.com/Manuel96656830" target="_blank">Manuel96656830</a>	3	0	1	1511	3390	54590		004
@manuelasoto16	<a href="https://twitter.com/manuelasoto16" target="_blank">manuelasoto16</a>	9	0	2	1831	1783	26578	Països Catalans II*II	014
@ManuelConsuegr5	<a href="https://twitter.com/ManuelConsuegr5" target="_blank">ManuelConsuegr5</a>	15	0	1	1607	5001	33440	En estranger,zaragoza,spain	005
@ManuelEstrems	<a href="https://twitter.com/ManuelEstrems" target="_blank">ManuelEstrems</a>	7	0	1	249	525	24655		005
@manueljarias	<a href="https://twitter.com/manueljarias" target="_blank">manueljarias</a>	1	0	1	41284	32981	58292	Toledo	005
@ManuManuel1	<a href="https://twitter.com/ManuManuel1" target="_blank">ManuManuel1</a>	2	0	1	3017	378	67139	República Popular de Aragón	153
@manusancab	<a href="https://twitter.com/manusancab" target="_blank">manusancab</a>	1	0	1	28	215	7004	Världen	523
@Manyoooou	<a href="https://twitter.com/Manyoooou" target="_blank">Manyoooou</a>	5	0	1	19	75	122		026
@mapyjpf	<a href="https://twitter.com/mapyjpf" target="_blank">mapyjpf</a>	4	0	1	40	95	2033		061
@Mar_Santorini	<a href="https://twitter.com/Mar_Santorini" target="_blank">Mar_Santorini</a>	6	0	1	201	1016	5126	wonderlanding con mis idols	003
@Mara6111	<a href="https://twitter.com/Mara6111" target="_blank">Mara6111</a>	39	0	6	984	435	39550		003
@MaraJos99504601	<a href="https://twitter.com/MaraJos99504601" target="_blank">MaraJos99504601</a>	1	0	1	148	269	11281		022
@MarArabia_	<a href="https://twitter.com/MarArabia_" target="_blank">MarArabia_</a>	5	0	1	3977	2326	58142	Sempre aquí 42.346451,3.203347	211
@marborsa	<a href="https://twitter.com/marborsa" target="_blank">marborsa</a>	1	0	1	19	84	75	barcelona	006
@marc_elpoll	<a href="https://twitter.com/marc_elpoll" target="_blank">marc_elpoll</a>	4	10	1	3169	2287	22907	Llagostera City	162
@Marc_Ferret	<a href="https://twitter.com/Marc_Ferret" target="_blank">Marc_Ferret</a>	12	0	1	510	500	24039	Argelaguer, Catalunya	168
@Marc_Ledesma_	<a href="https://twitter.com/Marc_Ledesma_" target="_blank">Marc_Ledesma_</a>	2	0	1	352	419	718	Sant Cugat del Vallès	102
@marc_mila	<a href="https://twitter.com/marc_mila" target="_blank">marc_mila</a>	3	0	1	111	175	487	vilobí del Penedès	003
@Marc_Soldevila	<a href="https://twitter.com/Marc_Soldevila" target="_blank">Marc_Soldevila</a>	2	0	1	1481	2549	5062	Sant Cugat - Barcelona	034
@Marc150449	<a href="https://twitter.com/Marc150449" target="_blank">Marc150449</a>	3	0	2	3	46	534		174
@Marc20F	<a href="https://twitter.com/Marc20F" target="_blank">Marc20F</a>	7	7	0	1512	1597	10844	Linyola, República Catalana	118
@Marc2GB	<a href="https://twitter.com/Marc2GB" target="_blank">Marc2GB</a>	3	0	1	51	149	598	Girona, Catalunya	004
@MarcAlemanyRos	<a href="https://twitter.com/MarcAlemanyRos" target="_blank">MarcAlemanyRos</a>	1	0	1	43	125	1414	Vallirana	003
@marcamat8	<a href="https://twitter.com/marcamat8" target="_blank">marcamat8</a>	1	0	1	43	130	115		003
@MarcAngelats	<a href="https://twitter.com/MarcAngelats" target="_blank">MarcAngelats</a>	1	0	1	44	297	147		003
@marcarza	<a href="https://twitter.com/marcarza" target="_blank">marcarza</a>	4	14	1	6322	1762	39885	Reus. Catalunya. Europa.	014
@Marcaslorza	<a href="https://twitter.com/Marcaslorza" target="_blank">Marcaslorza</a>	3	0	1	90	389	1970		003
@MarcAyala_	<a href="https://twitter.com/MarcAyala_" target="_blank">MarcAyala_</a>	20	0	2	2218	3789	15257	Valls | Camp de Tarragona	037
@marcbalafc	<a href="https://twitter.com/marcbalafc" target="_blank">marcbalafc</a>	2	0	1	591	625	947	Vilanova i la Geltrú	377
@marcbarni	<a href="https://twitter.com/marcbarni" target="_blank">marcbarni</a>	3	0	1	321	482	9348	Sabadell, Catalunya	004
@marcbarons3	<a href="https://twitter.com/marcbarons3" target="_blank">marcbarons3</a>	2	1	0	184	968	886	Barcelona, Spain	487
@marcbataller	<a href="https://twitter.com/marcbataller" target="_blank">marcbataller</a>	0	2	0					094
@marcblanche	<a href="https://twitter.com/marcblanche" target="_blank">marcblanche</a>	3	0	1	533	676	5984	Cardedeu, Catalunya	442
@marcc35	<a href="https://twitter.com/marcc35" target="_blank">marcc35</a>	1	0	1	217	679	3061	Tiana	003
@MarcCR79	<a href="https://twitter.com/MarcCR79" target="_blank">MarcCR79</a>	3	0	1	62	23	1173		015
@MarcDalmau1999	<a href="https://twitter.com/MarcDalmau1999" target="_blank">MarcDalmau1999</a>	2	0	1	92	361	1834	Oest de Catalunya	005
@marcelfarran	<a href="https://twitter.com/marcelfarran" target="_blank">marcelfarran</a>	11	0	3	131	105	4904		002
@Marcelinofoz	<a href="https://twitter.com/Marcelinofoz" target="_blank">Marcelinofoz</a>	1	0	1	158	791	2090	GZ	258
@MarcelloLipi	<a href="https://twitter.com/MarcelloLipi" target="_blank">MarcelloLipi</a>	2	0	1	609	1393	49661	Madrid	011
@MarcelPascual	<a href="https://twitter.com/MarcelPascual" target="_blank">MarcelPascual</a>	1	0	1	59	258	31		017
@marcf_t	<a href="https://twitter.com/marcf_t" target="_blank">marcf_t</a>	3	0	1	525	1358	9150	Barcelona	003
@MarcFaNa	<a href="https://twitter.com/MarcFaNa" target="_blank">MarcFaNa</a>	4	0	1	236	428	1638	Barcelona	026
@marcfarre55	<a href="https://twitter.com/marcfarre55" target="_blank">marcfarre55</a>	2	0	1	239	329	5366	Barcelona	213
@marcfigueredo19	<a href="https://twitter.com/marcfigueredo19" target="_blank">marcfigueredo19</a>	3	0	1	353	156	6322	Barcelona	014
@marcfour72	<a href="https://twitter.com/marcfour72" target="_blank">marcfour72</a>	2	0	1	156	637	15494		004
@MarchTeresa	<a href="https://twitter.com/MarchTeresa" target="_blank">MarchTeresa</a>	1	0	1	10	38	154	Lleida	034
@marcinbeds	<a href="https://twitter.com/marcinbeds" target="_blank">marcinbeds</a>	1	0	1	1237	2058	8776		224
@MarcJaraGimeno	<a href="https://twitter.com/MarcJaraGimeno" target="_blank">MarcJaraGimeno</a>	10	0	2	1074	2343	33793		034
@MarcMateos	<a href="https://twitter.com/MarcMateos" target="_blank">MarcMateos</a>	5	0	1	439	626	27440		004
@MarcMonserrate	<a href="https://twitter.com/MarcMonserrate" target="_blank">MarcMonserrate</a>	11	0	1	99	709	6169		007
@MarcMunoz	<a href="https://twitter.com/MarcMunoz" target="_blank">MarcMunoz</a>	6	0	1	234	148	13543	República de Catalunya, EU	003
@marcobonanote	<a href="https://twitter.com/marcobonanote" target="_blank">marcobonanote</a>	6	0	1	63	340	2190	Toledo, España	004
@MarcoRovira	<a href="https://twitter.com/MarcoRovira" target="_blank">MarcoRovira</a>	1	0	1	260	692	8535	Barcelona,República catalana	003
@marcpicas	<a href="https://twitter.com/marcpicas" target="_blank">marcpicas</a>	0	2	0					170
@MarcPifarre	<a href="https://twitter.com/MarcPifarre" target="_blank">MarcPifarre</a>	5	12	0	3075	1865	12257	Catalunya	029
@Marcpjof	<a href="https://twitter.com/Marcpjof" target="_blank">Marcpjof</a>	1	0	1	41	71	584	Barcelona, UE	006
@marcpjsr	<a href="https://twitter.com/marcpjsr" target="_blank">marcpjsr</a>	2	0	1	38	71	147		221
@marcpuigperez	<a href="https://twitter.com/marcpuigperez" target="_blank">marcpuigperez</a>	5	1	0	2993	1816	28815	Blanes (Països Catalans)	486
@MarcPuigpinos	<a href="https://twitter.com/MarcPuigpinos" target="_blank">MarcPuigpinos</a>	7	0	1	13	246	995	Catalunya, Espanya	003
@MarcPuigtio	<a href="https://twitter.com/MarcPuigtio" target="_blank">MarcPuigtio</a>	1	9	0	417	249	1901		013
@MarcPuigvert	<a href="https://twitter.com/MarcPuigvert" target="_blank">MarcPuigvert</a>	3	0	1	267	506	19373	Països Catalans	002
@MarcRibi	<a href="https://twitter.com/MarcRibi" target="_blank">MarcRibi</a>	2	0	1	77	87	975		003
@marcriudoms	<a href="https://twitter.com/marcriudoms" target="_blank">marcriudoms</a>	0	1	0					485
@marcrotllan	<a href="https://twitter.com/marcrotllan" target="_blank">marcrotllan</a>	1	0	1	196	483	1168	Cadaqués	037
@marcrubio11	<a href="https://twitter.com/marcrubio11" target="_blank">marcrubio11</a>	5	0	1	721	1269	28552	Republica Catalana,Europe	014
@marcsallas	<a href="https://twitter.com/marcsallas" target="_blank">marcsallas</a>	3	0	1	1721	2365	8631	Ein Gespenst geht um in...	167
@MarcSBaeza	<a href="https://twitter.com/MarcSBaeza" target="_blank">MarcSBaeza</a>	17	0	2	263	602	4877	Vila de Gracia, Barcelona	025
@MarcScatti	<a href="https://twitter.com/MarcScatti" target="_blank">MarcScatti</a>	1	0	1	37	211	137	el Raval, Barcelona	049
@marctoro4	<a href="https://twitter.com/marctoro4" target="_blank">marctoro4</a>	0	1	0					484
@marcuen	<a href="https://twitter.com/marcuen" target="_blank">marcuen</a>	1	1	0	963	826	10760	AndorraLV / Bcn / Mont-roigDC	148
@MarcVallsiGurt	<a href="https://twitter.com/MarcVallsiGurt" target="_blank">MarcVallsiGurt</a>	7	0	1	374	532	5963	Catalunya	003
@marcvidal4	<a href="https://twitter.com/marcvidal4" target="_blank">marcvidal4</a>	1	0	1	380	537	10221	Lleida, Catalunya	100
@MarcVinya	<a href="https://twitter.com/MarcVinya" target="_blank">MarcVinya</a>	11	0	1	1240	834	13057	Montblanc	226
@marcyanez14	<a href="https://twitter.com/marcyanez14" target="_blank">marcyanez14</a>	4	0	1	1248	537	18069	BCN, L'H, Gasteiz i Sant Pol	193
@MarcZenTime	<a href="https://twitter.com/MarcZenTime" target="_blank">MarcZenTime</a>	36	0	1	1392	1535	34657	CAT	003
@mardefuego2	<a href="https://twitter.com/mardefuego2" target="_blank">mardefuego2</a>	4	0	1	45	331	8436		045
@Mardeola	<a href="https://twitter.com/Mardeola" target="_blank">Mardeola</a>	5	0	2	2239	2866	14932	Valencia, Spain	033
@marealilalleida	<a href="https://twitter.com/marealilalleida" target="_blank">marealilalleida</a>	2	0	1	1390	889	6308		007
@margamargas2	<a href="https://twitter.com/margamargas2" target="_blank">margamargas2</a>	1	0	1	130	400	678		139
@MargaridaFiGi	<a href="https://twitter.com/MargaridaFiGi" target="_blank">MargaridaFiGi</a>	4	0	2	253	410	2033		103
@margaritafontr	<a href="https://twitter.com/margaritafontr" target="_blank">margaritafontr</a>	15	0	2	1232	1092	42358	Catalunya  Tàrrega	014
@MarguiGrabu	<a href="https://twitter.com/MarguiGrabu" target="_blank">MarguiGrabu</a>	4	0	1	52	244	3289		295
@maria_fibla	<a href="https://twitter.com/maria_fibla" target="_blank">maria_fibla</a>	0	3	0					117
@Maria_Forns	<a href="https://twitter.com/Maria_Forns" target="_blank">Maria_Forns</a>	16	0	1	83	451	1102		007
@maria_galo	<a href="https://twitter.com/maria_galo" target="_blank">maria_galo</a>	1	2	0	553	375	6674	Catalunya	297
@Maria_Tost2017	<a href="https://twitter.com/Maria_Tost2017" target="_blank">Maria_Tost2017</a>	5	0	2	2	30	1044	Bcn	010
@mariabassab	<a href="https://twitter.com/mariabassab" target="_blank">mariabassab</a>	5	0	2	462	510	11619		014
@MariaBoschBou	<a href="https://twitter.com/MariaBoschBou" target="_blank">MariaBoschBou</a>	17	0	3	468	743	3423		014
@Mariade68500632	<a href="https://twitter.com/Mariade68500632" target="_blank">Mariade68500632</a>	26	0	1	5	36	181	Alep	168
@MariaFMoron	<a href="https://twitter.com/MariaFMoron" target="_blank">MariaFMoron</a>	5	0	2	418	973	4100	Catalunya	092
@mariafv23	<a href="https://twitter.com/mariafv23" target="_blank">mariafv23</a>	1	0	1	220	599	1314		214
@mariagalindoal2	<a href="https://twitter.com/mariagalindoal2" target="_blank">mariagalindoal2</a>	3	0	1	121	173	2051		005
@mariahelena57b1	<a href="https://twitter.com/mariahelena57b1" target="_blank">mariahelena57b1</a>	15	0	1	410	34	8526	Barcelona, Catalunya	437
@mariajo17531226	<a href="https://twitter.com/mariajo17531226" target="_blank">mariajo17531226</a>	10	0	2	56	100	2789		011
@MariajoMontene1	<a href="https://twitter.com/MariajoMontene1" target="_blank">MariajoMontene1</a>	2	0	1	1286	2042	42671		296
@MariaJOrozco1	<a href="https://twitter.com/MariaJOrozco1" target="_blank">MariaJOrozco1</a>	17	0	1	267	528	16473		014
@MariaJoseGarca5	<a href="https://twitter.com/MariaJoseGarca5" target="_blank">MariaJoseGarca5</a>	1	0	1	5	37	105		014
@Marialolo52	<a href="https://twitter.com/Marialolo52" target="_blank">Marialolo52</a>	2	0	2	5	48	144		019
@mariamdelleida	<a href="https://twitter.com/mariamdelleida" target="_blank">mariamdelleida</a>	14	0	1	52	202	6530	Lleida, Catalunya	102
@MariaMerceGaCa	<a href="https://twitter.com/MariaMerceGaCa" target="_blank">MariaMerceGaCa</a>	5	0	1	185	221	9476		020
@mariamontoya97	<a href="https://twitter.com/mariamontoya97" target="_blank">mariamontoya97</a>	0	1	0					482
@marian1bcn	<a href="https://twitter.com/marian1bcn" target="_blank">marian1bcn</a>	18	0	2	142	235	11038	Barcelona	003
@MariaOlcina2	<a href="https://twitter.com/MariaOlcina2" target="_blank">MariaOlcina2</a>	19	0	1	7	52	3936		026
@MariaOxbow	<a href="https://twitter.com/MariaOxbow" target="_blank">MariaOxbow</a>	48	0	8	1072	1912	225081	Barcelona	017
@MariaPeach4	<a href="https://twitter.com/MariaPeach4" target="_blank">MariaPeach4</a>	0	1	0					483
@MariaPoppins	<a href="https://twitter.com/MariaPoppins" target="_blank">MariaPoppins</a>	15	1	1	194	951	9314	Ciutat Vella, Barcelona	009
@MariaRiart1	<a href="https://twitter.com/MariaRiart1" target="_blank">MariaRiart1</a>	2	0	1	47	47	3481		022
@mariarocallover	<a href="https://twitter.com/mariarocallover" target="_blank">mariarocallover</a>	3	1	1	117	222	1905		317
@MariaRoigAlsina	<a href="https://twitter.com/MariaRoigAlsina" target="_blank">MariaRoigAlsina</a>	7	0	2	252	578	1611	Tarragona	128
@MariaRuaix	<a href="https://twitter.com/MariaRuaix" target="_blank">MariaRuaix</a>	16	0	1	165	338	8356		037
@MariaSabarts	<a href="https://twitter.com/MariaSabarts" target="_blank">MariaSabarts</a>	7	0	1	25	96	1655		014
@MariaTe03456723	<a href="https://twitter.com/MariaTe03456723" target="_blank">MariaTe03456723</a>	2	0	1	6	50	554		034
@Maribel_TM	<a href="https://twitter.com/Maribel_TM" target="_blank">Maribel_TM</a>	7	0	1	468	835	24719	Catalunya   27S Si/SI	241
@MaribelDocente	<a href="https://twitter.com/MaribelDocente" target="_blank">MaribelDocente</a>	29	0	1	1102	2358	6240		126
@maribelSJ	<a href="https://twitter.com/maribelSJ" target="_blank">maribelSJ</a>	3	0	1	28	31	296		001
@Maribue1	<a href="https://twitter.com/Maribue1" target="_blank">Maribue1</a>	8	0	1	2	65	500	Barcelona, España	026
@MaricelSaball	<a href="https://twitter.com/MaricelSaball" target="_blank">MaricelSaball</a>	3	0	1	474	713	22321	República de Catalunya	014
@mariealice_o	<a href="https://twitter.com/mariealice_o" target="_blank">mariealice_o</a>	1	0	1	471	410	6727	Corsica	157
@marieta18981433	<a href="https://twitter.com/marieta18981433" target="_blank">marieta18981433</a>	5	0	1	75	202	11436		003
@Marietamolamola	<a href="https://twitter.com/Marietamolamola" target="_blank">Marietamolamola</a>	17	0	1	44	476	2651		003
@mariiaa_13	<a href="https://twitter.com/mariiaa_13" target="_blank">mariiaa_13</a>	0	4	0					093
@marilolitin	<a href="https://twitter.com/marilolitin" target="_blank">marilolitin</a>	1	0	1	225	448	10073		047
@marina_salanova	<a href="https://twitter.com/marina_salanova" target="_blank">marina_salanova</a>	1	0	1	273	339	1798	Igualada, Catalunya.	516
@marinamar72	<a href="https://twitter.com/marinamar72" target="_blank">marinamar72</a>	3	2	0	254	514	8905	Catalunya	159
@marinapons93	<a href="https://twitter.com/marinapons93" target="_blank">marinapons93</a>	1	0	1	44	259	699	Absent minded	002
@MarinaRaurell	<a href="https://twitter.com/MarinaRaurell" target="_blank">MarinaRaurell</a>	1	0	1	2129	249	17054	Paris / L'Estartit / Barcelona	121
@mario_MR_16	<a href="https://twitter.com/mario_MR_16" target="_blank">mario_MR_16</a>	1	0	1	232	499	320		102
@marioelaprendiz	<a href="https://twitter.com/marioelaprendiz" target="_blank">marioelaprendiz</a>	14	0	2	231	217	35501		049
@mariogimeno	<a href="https://twitter.com/mariogimeno" target="_blank">mariogimeno</a>	1	0	1	685	977	15868	Caldes D'Estrac - Catalunya	004
@mariona_olasz	<a href="https://twitter.com/mariona_olasz" target="_blank">mariona_olasz</a>	1	0	1	30	106	75		009
@mariona_vr	<a href="https://twitter.com/mariona_vr" target="_blank">mariona_vr</a>	0	1	0					481
@Marionahoms	<a href="https://twitter.com/Marionahoms" target="_blank">Marionahoms</a>	1	2	0	869	1054	2858	Surienca fora vila. Manresa	052
@marionaicaria	<a href="https://twitter.com/marionaicaria" target="_blank">marionaicaria</a>	3	0	1	2	40	410		010
@marionrustu	<a href="https://twitter.com/marionrustu" target="_blank">marionrustu</a>	3	1	1	267	505	1060	Catalana de comarques	052
@MarioOlson	<a href="https://twitter.com/MarioOlson" target="_blank">MarioOlson</a>	2	0	1	57	223	2954	bcn	048
@Maripicher	<a href="https://twitter.com/Maripicher" target="_blank">Maripicher</a>	2	0	1	66	269	767		014
@Marisa83861395	<a href="https://twitter.com/Marisa83861395" target="_blank">Marisa83861395</a>	5	0	1	27	188	1116		006
@marisacabelloc	<a href="https://twitter.com/marisacabelloc" target="_blank">marisacabelloc</a>	1	0	1	66	89	216	Barcelona, Espanya	023
@MaristanyPo	<a href="https://twitter.com/MaristanyPo" target="_blank">MaristanyPo</a>	1	0	1	182	289	12182		014
@marius_vila	<a href="https://twitter.com/marius_vila" target="_blank">marius_vila</a>	2	0	1	184	247	219	Alella, Països Catalans	021
@MariusMassalle	<a href="https://twitter.com/MariusMassalle" target="_blank">MariusMassalle</a>	5	0	1	731	365	21331	Terrassa	012
@mariusserra	<a href="https://twitter.com/mariusserra" target="_blank">mariusserra</a>	4	15	1	77531	1438	37524	Barcelona	017
@mark_cusido	<a href="https://twitter.com/mark_cusido" target="_blank">mark_cusido</a>	4	0	1	184	261	3881	Sant Vicenç de Castellet	026
@marketreus4	<a href="https://twitter.com/marketreus4" target="_blank">marketreus4</a>	0	1	0					480
@MARlSADELREY	<a href="https://twitter.com/MARlSADELREY" target="_blank">MARlSADELREY</a>	2	0	1	1873	349	195288	cadiz un pueblo de jere	005
@marpalamos	<a href="https://twitter.com/marpalamos" target="_blank">marpalamos</a>	13	0	1	378	1003	20760	Entre l'empordà i gràcia	168
@Marpalau	<a href="https://twitter.com/Marpalau" target="_blank">Marpalau</a>	7	0	2	1008	1954	47509		132
@MarqMarti	<a href="https://twitter.com/MarqMarti" target="_blank">MarqMarti</a>	11	0	1	8216	1932	48118	Барселона - 巴塞罗那	009
@marquebec_78	<a href="https://twitter.com/marquebec_78" target="_blank">marquebec_78</a>	1	0	1	6	45	32	Montréal, Québec	086
@marramiauuuuuu	<a href="https://twitter.com/marramiauuuuuu" target="_blank">marramiauuuuuu</a>	98	0	7	414	1012	66874	Sevilla, España	014
@Marsal95	<a href="https://twitter.com/Marsal95" target="_blank">Marsal95</a>	45	1	1	938	1013	100690	Sant Hilari Sacalm. Catalunya	101
@Marta_Busquets	<a href="https://twitter.com/Marta_Busquets" target="_blank">Marta_Busquets</a>	1	0	1	138	292	499		007
@Marta_catalonia	<a href="https://twitter.com/Marta_catalonia" target="_blank">Marta_catalonia</a>	1	17	0	14971	1002	111238	República de Catalunya	014
@marta_espgon	<a href="https://twitter.com/marta_espgon" target="_blank">marta_espgon</a>	3	10	1	2075	1290	7807	ALMACELLES-CATALUNYA	017
@marta_mrm	<a href="https://twitter.com/marta_mrm" target="_blank">marta_mrm</a>	12	0	1	44	131	1795		003
@marta_nicolau	<a href="https://twitter.com/marta_nicolau" target="_blank">marta_nicolau</a>	1	0	1	18	62	84		003
@marta_pluja	<a href="https://twitter.com/marta_pluja" target="_blank">marta_pluja</a>	1	0	1	149	574	5364		459
@Marta_rosell	<a href="https://twitter.com/Marta_rosell" target="_blank">Marta_rosell</a>	1	0	1	413	801	2782	Tarragona	026
@MARTA230371	<a href="https://twitter.com/MARTA230371" target="_blank">MARTA230371</a>	19	0	1	46	71	4185	Barcelona	017
@martaaa282	<a href="https://twitter.com/martaaa282" target="_blank">martaaa282</a>	3	0	1	1872	1854	14331	República Catalana	014
@Martaaalba	<a href="https://twitter.com/Martaaalba" target="_blank">Martaaalba</a>	2	0	2	127	316	3142		014
@MartaAiL	<a href="https://twitter.com/MartaAiL" target="_blank">MartaAiL</a>	1	1	0	674	389	89716	Barcelona	479
@MartaAriste	<a href="https://twitter.com/MartaAriste" target="_blank">MartaAriste</a>	6	0	1	71	449	1112	Barcelona	002
@MartaBLASTOFF	<a href="https://twitter.com/MartaBLASTOFF" target="_blank">MartaBLASTOFF</a>	6	0	1	68	494	2350		026
@MartaCalullB	<a href="https://twitter.com/MartaCalullB" target="_blank">MartaCalullB</a>	3	0	1	17	93	102		128
@martacani	<a href="https://twitter.com/martacani" target="_blank">martacani</a>	2	0	1	300	366	3021	Vallirana	061
@martacasasc	<a href="https://twitter.com/martacasasc" target="_blank">martacasasc</a>	2	0	2	1076	663	32451	#RubiCity - PPCC	137
@MartaEscarcena	<a href="https://twitter.com/MartaEscarcena" target="_blank">MartaEscarcena</a>	5	0	1	175	647	2024	Lleida, Catalunya	139
@martafdv	<a href="https://twitter.com/martafdv" target="_blank">martafdv</a>	0	1	0					003
@martafernande17	<a href="https://twitter.com/martafernande17" target="_blank">martafernande17</a>	1	0	1	4678	4984	221021	Lanzarote	059
@martagar75	<a href="https://twitter.com/martagar75" target="_blank">martagar75</a>	2	0	2	371	605	5087	Sant Cugat del Vallès, España	008
@martagullo	<a href="https://twitter.com/martagullo" target="_blank">martagullo</a>	1	0	1	205	390	567	Barcelona	003
@martalagrana	<a href="https://twitter.com/martalagrana" target="_blank">martalagrana</a>	9	0	1	51	127	1788		006
@MartaMarfany	<a href="https://twitter.com/MartaMarfany" target="_blank">MartaMarfany</a>	5	1	0	377	565	3309	Catalunya	477
@martamunjo	<a href="https://twitter.com/martamunjo" target="_blank">martamunjo</a>	5	0	1	357	319	8538		004
@MartaOliBoli	<a href="https://twitter.com/MartaOliBoli" target="_blank">MartaOliBoli</a>	2	0	1	556	680	12374	OliBoliWorld	003
@Martapiupiu	<a href="https://twitter.com/Martapiupiu" target="_blank">Martapiupiu</a>	6	0	1	481	976	7809	Sitges, Catalunya	036
@martapool	<a href="https://twitter.com/martapool" target="_blank">martapool</a>	1	0	1	702	1121	11415		003
@MartaSape	<a href="https://twitter.com/MartaSape" target="_blank">MartaSape</a>	1	0	1	67	89	1901		014
@MartaSerres	<a href="https://twitter.com/MartaSerres" target="_blank">MartaSerres</a>	6	2	0	2853	1516	41437	Valldoreix - Països Catalans	038
@MartaTapiolas	<a href="https://twitter.com/MartaTapiolas" target="_blank">MartaTapiolas</a>	9	0	1	57	144	8630	Barcelona	034
@MartaTatger	<a href="https://twitter.com/MartaTatger" target="_blank">MartaTatger</a>	3	0	1	66	228	1353		023
@martblonde	<a href="https://twitter.com/martblonde" target="_blank">martblonde</a>	7	0	2	10	57	820	Cataluña, España	008
@MartBoixet	<a href="https://twitter.com/MartBoixet" target="_blank">MartBoixet</a>	1	0	1	6	32	423		003
@Marteixi	<a href="https://twitter.com/Marteixi" target="_blank">Marteixi</a>	1	0	1	6	158	67		003
@martetamataro	<a href="https://twitter.com/martetamataro" target="_blank">martetamataro</a>	24	0	1	202	93	7368		105
@Martiantonin	<a href="https://twitter.com/Martiantonin" target="_blank">Martiantonin</a>	9	0	2	2763	3040	32206	Catalonia	019
@martiantr	<a href="https://twitter.com/martiantr" target="_blank">martiantr</a>	2	0	1	20	37	2715	On your blind spot, waiting .....	017
@MartiCDP	<a href="https://twitter.com/MartiCDP" target="_blank">MartiCDP</a>	8	0	1	193	957	5050	SuriWorld	003
@MartiChecaJ	<a href="https://twitter.com/MartiChecaJ" target="_blank">MartiChecaJ</a>	2	0	1	53	585	1142	Països Catalans	034
@martiesteve	<a href="https://twitter.com/martiesteve" target="_blank">martiesteve</a>	1	0	1	24	130	285	Gallifa	003
@martiitta22	<a href="https://twitter.com/martiitta22" target="_blank">martiitta22</a>	1	0	1	41	51	961		401
@martin_lope_	<a href="https://twitter.com/martin_lope_" target="_blank">martin_lope_</a>	0	1	0					478
@martinmariaje	<a href="https://twitter.com/martinmariaje" target="_blank">martinmariaje</a>	1	0	1	37	108	1060		003
@martita471	<a href="https://twitter.com/martita471" target="_blank">martita471</a>	1	0	1	22	23	305		323
@Martometro	<a href="https://twitter.com/Martometro" target="_blank">Martometro</a>	3	7	0	83	132	9708		008
@martorell_erc	<a href="https://twitter.com/martorell_erc" target="_blank">martorell_erc</a>	1	0	1	265	364	281	Martorell, Espanya	174
@martossais	<a href="https://twitter.com/martossais" target="_blank">martossais</a>	8	2	0	1062	959	4645	Tordera - Barcelona	058
@marultramar	<a href="https://twitter.com/marultramar" target="_blank">marultramar</a>	4	0	1	207	373	6292	Girona, Catalunya	017
@MarVicenteM	<a href="https://twitter.com/MarVicenteM" target="_blank">MarVicenteM</a>	4	0	1	1249	951	7493		012
@Marx_al	<a href="https://twitter.com/Marx_al" target="_blank">Marx_al</a>	1	0	1	165	629	5214		007
@Marx21net	<a href="https://twitter.com/Marx21net" target="_blank">Marx21net</a>	0	2	0					300
@masipphoto	<a href="https://twitter.com/masipphoto" target="_blank">masipphoto</a>	2	0	1	437	143	2880	-Worldwide-	010
@MasoQueralt	<a href="https://twitter.com/MasoQueralt" target="_blank">MasoQueralt</a>	18	0	1	86	166	6584		014
@MassanetSumeu	<a href="https://twitter.com/MassanetSumeu" target="_blank">MassanetSumeu</a>	2	0	1	4	37	122		014
@Masso57	<a href="https://twitter.com/Masso57" target="_blank">Masso57</a>	7	0	1	141	454	3254	Reus -  Catalunya	353
@MAssumpta	<a href="https://twitter.com/MAssumpta" target="_blank">MAssumpta</a>	8	0	2	2302	1265	88442	Catalunya	017
@MateuMirai	<a href="https://twitter.com/MateuMirai" target="_blank">MateuMirai</a>	17	0	1	612	1779	19372	Barcelona, Catalunya, PPCC	012
@MathiasCorvino	<a href="https://twitter.com/MathiasCorvino" target="_blank">MathiasCorvino</a>	1	0	1	35	133	1938		200
@MatiRepublica	<a href="https://twitter.com/MatiRepublica" target="_blank">MatiRepublica</a>	1	0	1	4640	4148	15634	Barcelona	114
@matm85	<a href="https://twitter.com/matm85" target="_blank">matm85</a>	2	0	1	468	790	11297	ariany	014
@MATPIN01	<a href="https://twitter.com/MATPIN01" target="_blank">MATPIN01</a>	9	0	2	735	1103	25044	CONSTRUCTOR-CATALUNYA	014
@MauriJordi_	<a href="https://twitter.com/MauriJordi_" target="_blank">MauriJordi_</a>	2	0	1	1143	730	11291	REUS | L'ALDEA | BARCELONA	169
@maveri63	<a href="https://twitter.com/maveri63" target="_blank">maveri63</a>	13	0	2	295	821	16965		003
@maxbruckhen	<a href="https://twitter.com/maxbruckhen" target="_blank">maxbruckhen</a>	1	0	1	83	174	10546		003
@MAxiuxiueig	<a href="https://twitter.com/MAxiuxiueig" target="_blank">MAxiuxiueig</a>	40	0	3	880	1107	41286	Catalunya	014
@mayabaia	<a href="https://twitter.com/mayabaia" target="_blank">mayabaia</a>	7	0	2	18	120	1246		086
@mbanus	<a href="https://twitter.com/mbanus" target="_blank">mbanus</a>	18	0	1	1631	1894	60072	La Masó (Catalunya)	274
@mbernism	<a href="https://twitter.com/mbernism" target="_blank">mbernism</a>	2	3	0	4804	1034	6971	A Badalona, de Molins.	062
@MBS0870	<a href="https://twitter.com/MBS0870" target="_blank">MBS0870</a>	1	0	1	426	1795	7600	Brussels, Belgium	192
@mbuira1	<a href="https://twitter.com/mbuira1" target="_blank">mbuira1</a>	1	0	1	18	64	406		003
@mcalvera	<a href="https://twitter.com/mcalvera" target="_blank">mcalvera</a>	3	0	1	179	320	9304	Barcelona, Catalonia	034
@mcanosan	<a href="https://twitter.com/mcanosan" target="_blank">mcanosan</a>	19	0	2	1015	276	40429	Alcanar	117
@mcapafons	<a href="https://twitter.com/mcapafons" target="_blank">mcapafons</a>	9	0	1	188	312	15676		201
@Mcarmejimenez	<a href="https://twitter.com/Mcarmejimenez" target="_blank">Mcarmejimenez</a>	9	0	2	109	92	13230		174
@mcarnicero05	<a href="https://twitter.com/mcarnicero05" target="_blank">mcarnicero05</a>	5	0	1	506	1068	17694	Barcelona, Catalunya	012
@mcarullap	<a href="https://twitter.com/mcarullap" target="_blank">mcarullap</a>	1	0	1	121	253	629	Barcelona, Catalunya	014
@mcasas205	<a href="https://twitter.com/mcasas205" target="_blank">mcasas205</a>	23	0	4	599	813	41440	Barcelona	017
@mcbotey	<a href="https://twitter.com/mcbotey" target="_blank">mcbotey</a>	3	0	1	69	329	910	Barcelona, Catalunya	003
@mccorominas	<a href="https://twitter.com/mccorominas" target="_blank">mccorominas</a>	8	0	1	370	479	13103		003
@mclarapr	<a href="https://twitter.com/mclarapr" target="_blank">mclarapr</a>	3	0	1	102	194	1409	Catalunya	102
@mcodinac	<a href="https://twitter.com/mcodinac" target="_blank">mcodinac</a>	6	0	1	69	184	2202		004
@mcperales87	<a href="https://twitter.com/mcperales87" target="_blank">mcperales87</a>	1	0	1	11	115	160		020
@mcser14	<a href="https://twitter.com/mcser14" target="_blank">mcser14</a>	4	0	3	103	122	2549	Barcelona	013
@mdanna2014	<a href="https://twitter.com/mdanna2014" target="_blank">mdanna2014</a>	2	0	1	65	348	902	Tarragona	026
@MDolorsPuigdom	<a href="https://twitter.com/MDolorsPuigdom" target="_blank">MDolorsPuigdom</a>	1	0	1	2	33	1		330
@mdolorssarries	<a href="https://twitter.com/mdolorssarries" target="_blank">mdolorssarries</a>	7	0	2	1828	2148	15973		110
@mec_mooc	<a href="https://twitter.com/mec_mooc" target="_blank">mec_mooc</a>	0	1	0					476
@mecosguapos	<a href="https://twitter.com/mecosguapos" target="_blank">mecosguapos</a>	2	0	1	574	2246	6513		002
@medina9598	<a href="https://twitter.com/medina9598" target="_blank">medina9598</a>	2	0	1	218	246	13850	Barcelona, Països catalans	009
@MedirRos	<a href="https://twitter.com/MedirRos" target="_blank">MedirRos</a>	2	0	1	1024	1939	15879	Barcelona	135
@MeerLijstjes	<a href="https://twitter.com/MeerLijstjes" target="_blank">MeerLijstjes</a>	1	0	1	366	350	10498	Vlaanderen	143
@mejillonsuicida	<a href="https://twitter.com/mejillonsuicida" target="_blank">mejillonsuicida</a>	3	0	1	16943	955	95497	fondo pixelado	005
@melamaso	<a href="https://twitter.com/melamaso" target="_blank">melamaso</a>	1	0	1	112	141	785		010
@Melania_Desoy	<a href="https://twitter.com/Melania_Desoy" target="_blank">Melania_Desoy</a>	4	0	1	99	204	1210	Girona,Catalunya	133
@MelciorA	<a href="https://twitter.com/MelciorA" target="_blank">MelciorA</a>	5	0	2	65	110	4639		023
@MelgerTina	<a href="https://twitter.com/MelgerTina" target="_blank">MelgerTina</a>	4	1	1	46	144	1329	Barcelona, Espanya	014
@melitia_	<a href="https://twitter.com/melitia_" target="_blank">melitia_</a>	5	0	1	1331	1651	91856		005
@Meloetta17	<a href="https://twitter.com/Meloetta17" target="_blank">Meloetta17</a>	3	1	0	2268	1930	2214		474
@Melquiades2014	<a href="https://twitter.com/Melquiades2014" target="_blank">Melquiades2014</a>	7	0	2	1024	1282	41304	Sant Pere de Vilamajor	014
@Menggou	<a href="https://twitter.com/Menggou" target="_blank">Menggou</a>	1	0	1	19	135	727	Barcelona, Espanya	003
@menjafus	<a href="https://twitter.com/menjafus" target="_blank">menjafus</a>	10	0	1	171	713	8609	Penedes	010
@menoscer0	<a href="https://twitter.com/menoscer0" target="_blank">menoscer0</a>	2	0	1	931	1750	14351		003
@Menotius	<a href="https://twitter.com/Menotius" target="_blank">Menotius</a>	1	0	1	52	331	183		009
@merce_castellvi	<a href="https://twitter.com/merce_castellvi" target="_blank">merce_castellvi</a>	25	0	2	250	402	32735	#SomCatalunya	002
@merce_dmg	<a href="https://twitter.com/merce_dmg" target="_blank">merce_dmg</a>	8	0	1	75	126	2692		034
@mercecomin	<a href="https://twitter.com/mercecomin" target="_blank">mercecomin</a>	11	0	1	125	198	8321	Catalunya	003
@mercedites	<a href="https://twitter.com/mercedites" target="_blank">mercedites</a>	3	0	1	175	447	2619	catalunya	162
@MerceGV13	<a href="https://twitter.com/MerceGV13" target="_blank">MerceGV13</a>	1	0	1	137	60	7637	Catalunya	014
@MerceJutgla	<a href="https://twitter.com/MerceJutgla" target="_blank">MerceJutgla</a>	1	0	1	21	184	1408		003
@MerceMercebla	<a href="https://twitter.com/MerceMercebla" target="_blank">MerceMercebla</a>	6	0	2	308	337	8619	Barcelona	106
@mercepascuali	<a href="https://twitter.com/mercepascuali" target="_blank">mercepascuali</a>	5	0	1	206	527	1153	Barcelona	288
@merceplanaguma	<a href="https://twitter.com/merceplanaguma" target="_blank">merceplanaguma</a>	3	0	1	97	315	2378	Barcelona-Catalunya-Europa	133
@mercerahola	<a href="https://twitter.com/mercerahola" target="_blank">mercerahola</a>	4	0	1	35	176	859	Cadaqués, Espanya	169
@merceyllar	<a href="https://twitter.com/merceyllar" target="_blank">merceyllar</a>	2	0	2	50	133	1056	Vic	155
@merchegonzale11	<a href="https://twitter.com/merchegonzale11" target="_blank">merchegonzale11</a>	2	0	1	1345	1279	23146		130
@merchi_otero	<a href="https://twitter.com/merchi_otero" target="_blank">merchi_otero</a>	5	0	1	342	414	36717		003
@MercIG1	<a href="https://twitter.com/MercIG1" target="_blank">MercIG1</a>	6	0	2	28	110	752		014
@meri_feliu	<a href="https://twitter.com/meri_feliu" target="_blank">meri_feliu</a>	5	0	1	798	1268	8298		017
@Meri20492412	<a href="https://twitter.com/Meri20492412" target="_blank">Meri20492412</a>	1	0	1	6	25	27		003
@MeriEstelrich	<a href="https://twitter.com/MeriEstelrich" target="_blank">MeriEstelrich</a>	1	0	1	392	962	665		169
@meriforne	<a href="https://twitter.com/meriforne" target="_blank">meriforne</a>	0	1	0					475
@Merimagri	<a href="https://twitter.com/Merimagri" target="_blank">Merimagri</a>	1	0	1	93	559	1052		034
@meripocket89	<a href="https://twitter.com/meripocket89" target="_blank">meripocket89</a>	1	0	1	42	151	406	vila del pingüí	012
@merisoul1	<a href="https://twitter.com/merisoul1" target="_blank">merisoul1</a>	0	1	0					473
@Meritxell_P	<a href="https://twitter.com/Meritxell_P" target="_blank">Meritxell_P</a>	0	1	0					472
@MeritxellSerret	<a href="https://twitter.com/MeritxellSerret" target="_blank">MeritxellSerret</a>	5	0	1	3541	270	5682	Vallfogona de B.	019
@merlinesm	<a href="https://twitter.com/merlinesm" target="_blank">merlinesm</a>	4	0	1	255	1556	2627		011
@merrepugna	<a href="https://twitter.com/merrepugna" target="_blank">merrepugna</a>	2	0	1	193	522	10247		003
@mertxesr	<a href="https://twitter.com/mertxesr" target="_blank">mertxesr</a>	5	0	1	1254	1710	36416	catalunya	003
@Mery_2112	<a href="https://twitter.com/Mery_2112" target="_blank">Mery_2112</a>	2	0	1	53	188	1069		326
@MES_Baix_Llob	<a href="https://twitter.com/MES_Baix_Llob" target="_blank">MES_Baix_Llob</a>	12	2	1	494	937	2280	Baix Llobregat	017
@MESLaSelvaCamp	<a href="https://twitter.com/MESLaSelvaCamp" target="_blank">MESLaSelvaCamp</a>	5	4	0	289	440	4249	la Selva del Camp, Espanya	096
@mesperdut	<a href="https://twitter.com/mesperdut" target="_blank">mesperdut</a>	2	0	1	388	572	6797		003
@MesPonent	<a href="https://twitter.com/MesPonent" target="_blank">MesPonent</a>	15	0	1	825	1298	6194	Terres de Ponent - LLEIDA	096
@messimarrec	<a href="https://twitter.com/messimarrec" target="_blank">messimarrec</a>	2	0	1	150	334	4367	Adri	003
@MeteoEgara	<a href="https://twitter.com/MeteoEgara" target="_blank">MeteoEgara</a>	1	0	1	574	92	66055	Terrassa  - Spain	021
@meteopallars	<a href="https://twitter.com/meteopallars" target="_blank">meteopallars</a>	4	0	1	7246	1149	46358	Esterri d'Àneu -Tarragona	014
@metropolislang	<a href="https://twitter.com/metropolislang" target="_blank">metropolislang</a>	9	0	2	77	54	7916		009
@metroxylon333	<a href="https://twitter.com/metroxylon333" target="_blank">metroxylon333</a>	1	0	1	245	916	5390	Barcelona	003
@mexpositog	<a href="https://twitter.com/mexpositog" target="_blank">mexpositog</a>	11	0	2	616	761	17179	CATALUNYA ||☆||	004
@mfelez	<a href="https://twitter.com/mfelez" target="_blank">mfelez</a>	2	0	1	189	221	9466	Barcelona	034
@mfgrau1	<a href="https://twitter.com/mfgrau1" target="_blank">mfgrau1</a>	1	0	1	80	471	1361		013
@mforcadan	<a href="https://twitter.com/mforcadan" target="_blank">mforcadan</a>	17	0	1	510	432	18619	Barcelona	017
@mfornells	<a href="https://twitter.com/mfornells" target="_blank">mfornells</a>	3	50	0	2623	729	18099	Ribelles (Vilanova de l'Aguda)	014
@mfuentesll2	<a href="https://twitter.com/mfuentesll2" target="_blank">mfuentesll2</a>	2	0	1	170	669	6456	Rubí, Catalunya	137
@mgajas	<a href="https://twitter.com/mgajas" target="_blank">mgajas</a>	0	1	0					470
@mgloriaaltes	<a href="https://twitter.com/mgloriaaltes" target="_blank">mgloriaaltes</a>	12	0	2	662	949	26207	Barcelona, Catalunya	066
@mgomezarenys	<a href="https://twitter.com/mgomezarenys" target="_blank">mgomezarenys</a>	2	0	1	110	350	3206	Barcelona, Catalunya	210
@mgrabuleda	<a href="https://twitter.com/mgrabuleda" target="_blank">mgrabuleda</a>	5	0	1	243	320	1791		003
@mguellribas	<a href="https://twitter.com/mguellribas" target="_blank">mguellribas</a>	0	1	0					468
@mhorcillo	<a href="https://twitter.com/mhorcillo" target="_blank">mhorcillo</a>	1	0	1	643	1162	11373		011
@miaioia_r	<a href="https://twitter.com/miaioia_r" target="_blank">miaioia_r</a>	6	0	2	378	680	27836		003
@mickycastiella	<a href="https://twitter.com/mickycastiella" target="_blank">mickycastiella</a>	10	0	3	730	1266	5392	Barcelona. Catalunya	014
@MielgoRocio	<a href="https://twitter.com/MielgoRocio" target="_blank">MielgoRocio</a>	3	0	1	23	117	519	Cigales,	011
@migallon1	<a href="https://twitter.com/migallon1" target="_blank">migallon1</a>	4	0	1	192	332	12907		005
@migdiadacadadia	<a href="https://twitter.com/migdiadacadadia" target="_blank">migdiadacadadia</a>	5	0	1	145	167	5032		003
@migjorn66	<a href="https://twitter.com/migjorn66" target="_blank">migjorn66</a>	3	0	1	94	259	5761		015
@miguel5511	<a href="https://twitter.com/miguel5511" target="_blank">miguel5511</a>	1	0	1	400	773	14922	Villadiego, Castilla	005
@miguelmas	<a href="https://twitter.com/miguelmas" target="_blank">miguelmas</a>	1	0	1	800	1079	788		212
@miicapitan	<a href="https://twitter.com/miicapitan" target="_blank">miicapitan</a>	11	0	3	658	522	11833	Barcelona, Catalunya	008
@mikaferrer97	<a href="https://twitter.com/mikaferrer97" target="_blank">mikaferrer97</a>	0	1	0					469
@mikel_zaldua	<a href="https://twitter.com/mikel_zaldua" target="_blank">mikel_zaldua</a>	3	0	1	63	294	4792		010
@mikelomagnum	<a href="https://twitter.com/mikelomagnum" target="_blank">mikelomagnum</a>	5	0	1	268	467	9722	Barcelona, Catalunya	002
@Mikiacg	<a href="https://twitter.com/Mikiacg" target="_blank">Mikiacg</a>	1	0	1	34	298	451		003
@Mikii_92	<a href="https://twitter.com/Mikii_92" target="_blank">Mikii_92</a>	0	1	0					471
@MilaJoan	<a href="https://twitter.com/MilaJoan" target="_blank">MilaJoan</a>	6	0	1	205	293	3790	Sant Pere de Ribes	223
@MilandiaEs	<a href="https://twitter.com/MilandiaEs" target="_blank">MilandiaEs</a>	5	0	3	3610	2626	25647	Gerona,Spain.	033
@Milikitun	<a href="https://twitter.com/Milikitun" target="_blank">Milikitun</a>	1	0	1	247	386	1070		014
@millanfernandez	<a href="https://twitter.com/millanfernandez" target="_blank">millanfernandez</a>	7	0	1	4780	4963	96067	Compostela-Castro Verde-Galiza	014
@MilloremTGN	<a href="https://twitter.com/MilloremTGN" target="_blank">MilloremTGN</a>	12	0	3	2570	212	60880	Tarragona- Catalunya	026
@milotxa	<a href="https://twitter.com/milotxa" target="_blank">milotxa</a>	10	0	1	1625	377	6712		407
@miluverd	<a href="https://twitter.com/miluverd" target="_blank">miluverd</a>	2	0	1	28	204	886		011
@mim46mauler	<a href="https://twitter.com/mim46mauler" target="_blank">mim46mauler</a>	9	0	2	598	1548	7747	🌎	014
@mimacom88	<a href="https://twitter.com/mimacom88" target="_blank">mimacom88</a>	2	0	1	15	117	283		014
@mimi_9311	<a href="https://twitter.com/mimi_9311" target="_blank">mimi_9311</a>	1	0	1	40	121	450		014
@minaithelan	<a href="https://twitter.com/minaithelan" target="_blank">minaithelan</a>	1	0	1	202	552	646	Mollet del Vallès	184
@mincinho	<a href="https://twitter.com/mincinho" target="_blank">mincinho</a>	0	1	0					466
@mindshaking	<a href="https://twitter.com/mindshaking" target="_blank">mindshaking</a>	3	0	2	136	377	2200	Catalunya	014
@mindundi10	<a href="https://twitter.com/mindundi10" target="_blank">mindundi10</a>	7	0	1	285	370	20509	Catalunya	034
@mingo2206	<a href="https://twitter.com/mingo2206" target="_blank">mingo2206</a>	10	0	1	15	102	2721	olesa.BCN	003
@mingoberrio13	<a href="https://twitter.com/mingoberrio13" target="_blank">mingoberrio13</a>	1	0	1	332	1024	3005	Amer, Catalunya	014
@mingoguium	<a href="https://twitter.com/mingoguium" target="_blank">mingoguium</a>	9	0	2	162	174	980		115
@mini4fly	<a href="https://twitter.com/mini4fly" target="_blank">mini4fly</a>	1	0	1	93	100	5217	Piera - Barcelona - Catalunya	189
@minikimola	<a href="https://twitter.com/minikimola" target="_blank">minikimola</a>	1	0	1	1058	1230	25189		430
@mipadredice1	<a href="https://twitter.com/mipadredice1" target="_blank">mipadredice1</a>	4	0	1	301	645	7908		508
@Miquel_BF	<a href="https://twitter.com/Miquel_BF" target="_blank">Miquel_BF</a>	4	0	1	241	561	3804	Barcelona	005
@miquel_castanys	<a href="https://twitter.com/miquel_castanys" target="_blank">miquel_castanys</a>	3	0	1	47	232	2749	Barcelona	386
@Miquel_cc	<a href="https://twitter.com/Miquel_cc" target="_blank">Miquel_cc</a>	3	1	1	59	95	1609	Girona	008
@miquel_ismael	<a href="https://twitter.com/miquel_ismael" target="_blank">miquel_ismael</a>	1	0	1	35	132	59	Igualada	169
@Miquel_Llobet	<a href="https://twitter.com/Miquel_Llobet" target="_blank">Miquel_Llobet</a>	1	0	1	148	506	765		174
@Miquel_Obrado	<a href="https://twitter.com/Miquel_Obrado" target="_blank">Miquel_Obrado</a>	6	0	1	166	95	4997		169
@Miquel_R	<a href="https://twitter.com/Miquel_R" target="_blank">Miquel_R</a>	1	0	1	9009	1997	21746	València	138
@miquel_silvia	<a href="https://twitter.com/miquel_silvia" target="_blank">miquel_silvia</a>	4	0	1	42	114	604		014
@miquel_tb	<a href="https://twitter.com/miquel_tb" target="_blank">miquel_tb</a>	8	0	1	147	278	26790		010
@miquel2710	<a href="https://twitter.com/miquel2710" target="_blank">miquel2710</a>	6	0	1	135	99	12079		102
@miquel303marti	<a href="https://twitter.com/miquel303marti" target="_blank">miquel303marti</a>	31	0	2	1445	2139	94049		090
@miquel556	<a href="https://twitter.com/miquel556" target="_blank">miquel556</a>	6	0	1	541	1001	88818	Pv de Lleida	003
@MiquelAlmira	<a href="https://twitter.com/MiquelAlmira" target="_blank">MiquelAlmira</a>	5	0	1	630	667	37110		017
@MiquelAniol	<a href="https://twitter.com/MiquelAniol" target="_blank">MiquelAniol</a>	5	0	1	121	217	2929		184
@MiquelArgelich	<a href="https://twitter.com/MiquelArgelich" target="_blank">MiquelArgelich</a>	19	1	1	3255	3167	46374	Agramunt	543
@MiquelAT1	<a href="https://twitter.com/MiquelAT1" target="_blank">MiquelAT1</a>	7	0	1	94	245	8091		048
@MiquelBadia3	<a href="https://twitter.com/MiquelBadia3" target="_blank">MiquelBadia3</a>	3	0	1	268	372	4325	El Vallès Oriental ,Catalunya	014
@MiquelBancells	<a href="https://twitter.com/MiquelBancells" target="_blank">MiquelBancells</a>	0	1	0					467
@MiquelBuch	<a href="https://twitter.com/MiquelBuch" target="_blank">MiquelBuch</a>	5	0	2	6620	2614	10211	Catalunya	014
@miquelcaba	<a href="https://twitter.com/miquelcaba" target="_blank">miquelcaba</a>	3	0	1	54	180	1779		003
@miquelcasellas	<a href="https://twitter.com/miquelcasellas" target="_blank">miquelcasellas</a>	10	0	2	3115	3106	37734	el vendrell	039
@miquelclariana1	<a href="https://twitter.com/miquelclariana1" target="_blank">miquelclariana1</a>	1	0	1	261	370	10990	Reus, Baix Camp ,Catalunya .	003
@MiquelDalmau1	<a href="https://twitter.com/MiquelDalmau1" target="_blank">MiquelDalmau1</a>	2	0	2	209	572	2786	Vilamacolum - Alt Empordà	193
@MiquelDR	<a href="https://twitter.com/MiquelDR" target="_blank">MiquelDR</a>	1	0	1	214	32	2921		213
@MiqueletTrabuc	<a href="https://twitter.com/MiqueletTrabuc" target="_blank">MiqueletTrabuc</a>	6	0	3	635	1273	7742	Catalunya	014
@miquelflorit	<a href="https://twitter.com/miquelflorit" target="_blank">miquelflorit</a>	21	0	2	1346	1948	60497	entre Rumania i La Canonja.	014
@MiquelGuijon	<a href="https://twitter.com/MiquelGuijon" target="_blank">MiquelGuijon</a>	2	0	1	374	443	8091	Català de Mallorca	215
@miquellaboria	<a href="https://twitter.com/miquellaboria" target="_blank">miquellaboria</a>	1	0	1	1420	997	14540	Catalunya	209
@MIQUELLARA	<a href="https://twitter.com/MIQUELLARA" target="_blank">MIQUELLARA</a>	82	31	0	8993	9419	300619	SALT - CATALUNYA	022
@miquelne	<a href="https://twitter.com/miquelne" target="_blank">miquelne</a>	4	0	1	65	140	5646	Barcelona	034
@miquelodina	<a href="https://twitter.com/miquelodina" target="_blank">miquelodina</a>	1	0	1	160	1102	524		034
@MiquelPeri	<a href="https://twitter.com/MiquelPeri" target="_blank">MiquelPeri</a>	15	0	1	174	346	18660		007
@MiquelRoman	<a href="https://twitter.com/MiquelRoman" target="_blank">MiquelRoman</a>	14	0	2	1335	2219	21296	Porta (Nou Barris, Barcelona)	305
@MiquelRudrigues	<a href="https://twitter.com/MiquelRudrigues" target="_blank">MiquelRudrigues</a>	12	0	1	364	1540	6694	Països Catalans	196
@miqueltato	<a href="https://twitter.com/miqueltato" target="_blank">miqueltato</a>	7	0	1	219	1020	16786	Barcelona	184
@miquelterrassa	<a href="https://twitter.com/miquelterrassa" target="_blank">miquelterrassa</a>	16	0	1	133	165	12243	roses - catalonia	018
@MiquelValverd	<a href="https://twitter.com/MiquelValverd" target="_blank">MiquelValverd</a>	1	0	1	23	112	435	Taradell, España	003
@miralalluna	<a href="https://twitter.com/miralalluna" target="_blank">miralalluna</a>	3	0	1	594	816	4431	República catalana	034
@MireFerran	<a href="https://twitter.com/MireFerran" target="_blank">MireFerran</a>	1	2	0	809	1072	9772	Andreuenca.Barcelona.Catalonia	293
@mireia_albiol	<a href="https://twitter.com/mireia_albiol" target="_blank">mireia_albiol</a>	12	0	2	578	2119	7870	Tarragone, Catalogne	037
@mireia_gadi	<a href="https://twitter.com/mireia_gadi" target="_blank">mireia_gadi</a>	10	0	1	101	127	3110		004
@mireia_julia	<a href="https://twitter.com/mireia_julia" target="_blank">mireia_julia</a>	1	0	1	194	411	3340	BCN-La Cellera-Palamós	002
@Mireia10_	<a href="https://twitter.com/Mireia10_" target="_blank">Mireia10_</a>	6	0	4	84	221	2199		003
@MireiaCarreno	<a href="https://twitter.com/MireiaCarreno" target="_blank">MireiaCarreno</a>	10	0	1	163	272	4723		370
@mireiafigueras	<a href="https://twitter.com/mireiafigueras" target="_blank">mireiafigueras</a>	2	0	1	377	434	3329	Sabadell, España	208
@MireiaMiralles_	<a href="https://twitter.com/MireiaMiralles_" target="_blank">MireiaMiralles_</a>	2	0	1	63	261	534	Sant Feliu de Codines, Catalunya	012
@mireiamsolsona	<a href="https://twitter.com/mireiamsolsona" target="_blank">mireiamsolsona</a>	1	1	0	265	73	438	Alt Empordà	465
@mireiapumo	<a href="https://twitter.com/mireiapumo" target="_blank">mireiapumo</a>	1	2	0	624	535	9407	Calella, Barcelona	298
@MireiaRelat	<a href="https://twitter.com/MireiaRelat" target="_blank">MireiaRelat</a>	3	0	1	10	60	760		102
@mireiasanchez95	<a href="https://twitter.com/mireiasanchez95" target="_blank">mireiasanchez95</a>	1	0	1	181	288	2895	21, Badalona.	169
@mireyaloyo	<a href="https://twitter.com/mireyaloyo" target="_blank">mireyaloyo</a>	13	0	2	9676	9529	229261	VENEZUELA	301
@mirfitvi	<a href="https://twitter.com/mirfitvi" target="_blank">mirfitvi</a>	2	0	1	313	499	15748	Catalunya	002
@Miriam66chimeno	<a href="https://twitter.com/Miriam66chimeno" target="_blank">Miriam66chimeno</a>	30	0	3	294	236	23246		004
@miriamnoguerasM	<a href="https://twitter.com/miriamnoguerasM" target="_blank">miriamnoguerasM</a>	9	0	1	23406	10568	58473	Cardedeu/Mataró Catalunya	003
@MiriamSBrichs	<a href="https://twitter.com/MiriamSBrichs" target="_blank">MiriamSBrichs</a>	1	0	1	7647	914	13385	Catalunya, Europa	450
@miriferfu	<a href="https://twitter.com/miriferfu" target="_blank">miriferfu</a>	9	0	1	146	80	36224		017
@miripifer	<a href="https://twitter.com/miripifer" target="_blank">miripifer</a>	11	0	1	1120	1453	69697	Republica de Catalunya U.E.	014
@mirkoczentovik	<a href="https://twitter.com/mirkoczentovik" target="_blank">mirkoczentovik</a>	2	0	1	91	374	3456		004
@Mirsegu	<a href="https://twitter.com/Mirsegu" target="_blank">Mirsegu</a>	2	0	1	1551	837	8954	CATALUNYA	036
@Miryam_vf	<a href="https://twitter.com/Miryam_vf" target="_blank">Miryam_vf</a>	1	0	1	410	477	5458	Vigo↔Ourense	027
@misjosep	<a href="https://twitter.com/misjosep" target="_blank">misjosep</a>	10	154	1	8992	8219	33390		014
@mismayo164	<a href="https://twitter.com/mismayo164" target="_blank">mismayo164</a>	4	0	1	798	941	33078		003
@Missaddict_	<a href="https://twitter.com/Missaddict_" target="_blank">Missaddict_</a>	2	0	1	3082	848	18402	Costa Brava, Empordà	010
@MissMensi	<a href="https://twitter.com/MissMensi" target="_blank">MissMensi</a>	4	0	2	48	116	2084		169
@mjesusmup	<a href="https://twitter.com/mjesusmup" target="_blank">mjesusmup</a>	1	0	1	68	370	2484		003
@mjgs50	<a href="https://twitter.com/mjgs50" target="_blank">mjgs50</a>	6	0	1	680	633	11384		014
@mjosebizarro	<a href="https://twitter.com/mjosebizarro" target="_blank">mjosebizarro</a>	5	0	1	79	208	7553	CATALUNYA	003
@mkl_a	<a href="https://twitter.com/mkl_a" target="_blank">mkl_a</a>	4	0	1	133	266	15003	Euskal Herria #LIBRE	045
@mkserra	<a href="https://twitter.com/mkserra" target="_blank">mkserra</a>	6	0	1	27381	15009	30970	Barcelona	184
@mlasherasm	<a href="https://twitter.com/mlasherasm" target="_blank">mlasherasm</a>	1	0	1	81	1225	665	Blanes, Catalunya	003
@mlluisvall	<a href="https://twitter.com/mlluisvall" target="_blank">mlluisvall</a>	10	0	1	1613	1294	8826	Terrassa	102
@mllurba	<a href="https://twitter.com/mllurba" target="_blank">mllurba</a>	0	1	0					460
@mlopezserrat	<a href="https://twitter.com/mlopezserrat" target="_blank">mlopezserrat</a>	1	0	1	5	55	311		003
@MlopezVentura	<a href="https://twitter.com/MlopezVentura" target="_blank">MlopezVentura</a>	2	1	0	364	281	2663	New York, USA	461
@mluisagr2011	<a href="https://twitter.com/mluisagr2011" target="_blank">mluisagr2011</a>	1	0	1	115	100	7749	Madrid	153
@mmart863	<a href="https://twitter.com/mmart863" target="_blank">mmart863</a>	1	0	1	73	403	827	Berga, Espanya	003
@MMateo67482161	<a href="https://twitter.com/MMateo67482161" target="_blank">MMateo67482161</a>	2	0	1	7	4	532		406
@mmendez003	<a href="https://twitter.com/mmendez003" target="_blank">mmendez003</a>	1	0	1	21	111	49		191
@mmiraf	<a href="https://twitter.com/mmiraf" target="_blank">mmiraf</a>	3	0	1	179	273	4144	Barcelona, Catalunya	004
@mmoliveras	<a href="https://twitter.com/mmoliveras" target="_blank">mmoliveras</a>	8	0	1	543	1409	10377	@uoc.edu	036
@MMourinho_90	<a href="https://twitter.com/MMourinho_90" target="_blank">MMourinho_90</a>	1	0	1	385	665	8891	Madrid	299
@mmyllaj	<a href="https://twitter.com/mmyllaj" target="_blank">mmyllaj</a>	1	0	1	741	878	2204	Baix Montseny - Catalunya	014
@mNACTEC	<a href="https://twitter.com/mNACTEC" target="_blank">mNACTEC</a>	0	10	0					030
@mnamigo	<a href="https://twitter.com/mnamigo" target="_blank">mnamigo</a>	4	0	1	285	518	4457		003
@mncplns	<a href="https://twitter.com/mncplns" target="_blank">mncplns</a>	30	0	1	559	608	13036	Catalunya	417
@mncsls	<a href="https://twitter.com/mncsls" target="_blank">mncsls</a>	8	0	1	1776	1879	7492	Jesús (Baix Ebre)	102
@MnicaRebullCome	<a href="https://twitter.com/MnicaRebullCome" target="_blank">MnicaRebullCome</a>	11	0	2	8515	7453	171600	palamós	014
@mo_ro_es	<a href="https://twitter.com/mo_ro_es" target="_blank">mo_ro_es</a>	6	0	1	21	37	3534		007
@mo_vidal	<a href="https://twitter.com/mo_vidal" target="_blank">mo_vidal</a>	3	0	1	68	126	12022	Catalunya	007
@moanjuma	<a href="https://twitter.com/moanjuma" target="_blank">moanjuma</a>	2	0	2	59	56	523	Barcelona	003
@moigilbernabeu	<a href="https://twitter.com/moigilbernabeu" target="_blank">moigilbernabeu</a>	2	0	1	216	739	2355	País Valencià	006
@Moixonet_cat	<a href="https://twitter.com/Moixonet_cat" target="_blank">Moixonet_cat</a>	3	0	1	337	606	5510	Barcelona, Països Catalans	003
@molidelpont	<a href="https://twitter.com/molidelpont" target="_blank">molidelpont</a>	20	0	1	308	333	21307		014
@mollfu	<a href="https://twitter.com/mollfu" target="_blank">mollfu</a>	1	0	1	102	427	3359		048
@MoltesMerces16	<a href="https://twitter.com/MoltesMerces16" target="_blank">MoltesMerces16</a>	1	3	0	8286	5758	3307	moltesmerces.cat@gmail.com	014
@momasix	<a href="https://twitter.com/momasix" target="_blank">momasix</a>	1	0	1	728	914	3504	Girona-catalunya	012
@monaltraveu	<a href="https://twitter.com/monaltraveu" target="_blank">monaltraveu</a>	2	0	2	19	95	100		014
@monegt72	<a href="https://twitter.com/monegt72" target="_blank">monegt72</a>	1	0	1	109	278	3263	Premià de Mar, Catalunya	003
@MoneyCorruption	<a href="https://twitter.com/MoneyCorruption" target="_blank">MoneyCorruption</a>	5	0	2	7536	7326	128681	Großdeutsche Reich	001
@monica_carbelo	<a href="https://twitter.com/monica_carbelo" target="_blank">monica_carbelo</a>	4	0	1	216	175	3769	alpicat	004
@MonicaBertran	<a href="https://twitter.com/MonicaBertran" target="_blank">MonicaBertran</a>	2	0	1	75	209	81		120
@MonicaComesana	<a href="https://twitter.com/MonicaComesana" target="_blank">MonicaComesana</a>	1	0	1	174	25	21756	Segovia, España.	011
@monicaoliveras5	<a href="https://twitter.com/monicaoliveras5" target="_blank">monicaoliveras5</a>	2	0	1	12	42	467		006
@MonicaSabata	<a href="https://twitter.com/MonicaSabata" target="_blank">MonicaSabata</a>	0	2	0					295
@monicasuchgmai1	<a href="https://twitter.com/monicasuchgmai1" target="_blank">monicasuchgmai1</a>	5	0	2	539	447	8006		014
@MonicaTorreM	<a href="https://twitter.com/MonicaTorreM" target="_blank">MonicaTorreM</a>	1	0	1	104	563	465	catalunya	021
@Monifunbcn	<a href="https://twitter.com/Monifunbcn" target="_blank">Monifunbcn</a>	14	0	1	443	909	4755	Barcelona, Catalunya	193
@Moniigf	<a href="https://twitter.com/Moniigf" target="_blank">Moniigf</a>	1	0	1	44	650	293	Girona, Espanya	012
@monimo0908	<a href="https://twitter.com/monimo0908" target="_blank">monimo0908</a>	10	0	1	14	106	1285	Catalonia	014
@monsamga	<a href="https://twitter.com/monsamga" target="_blank">monsamga</a>	44	0	2	77	307	6573		006
@Mont3serrat	<a href="https://twitter.com/Mont3serrat" target="_blank">Mont3serrat</a>	16	0	1	887	905	44906	Barcelona, España	009
@Mont4457	<a href="https://twitter.com/Mont4457" target="_blank">Mont4457</a>	27	0	4	955	1264	34966	Esparreguera - Catalunya	014
@MontCampoy	<a href="https://twitter.com/MontCampoy" target="_blank">MontCampoy</a>	3	0	1	7	70	320		339
@montcas73	<a href="https://twitter.com/montcas73" target="_blank">montcas73</a>	5	0	1	55	212	1333	Sant Feliu de Codines	014
@Montcau	<a href="https://twitter.com/Montcau" target="_blank">Montcau</a>	6	0	1	1172	1669	4638		193
@MontenegroPep	<a href="https://twitter.com/MontenegroPep" target="_blank">MontenegroPep</a>	8	0	1	14	33	350	Girona, Catalunya	015
@monterhusmore	<a href="https://twitter.com/monterhusmore" target="_blank">monterhusmore</a>	14	0	3	939	1975	60368		015
@monteyolape	<a href="https://twitter.com/monteyolape" target="_blank">monteyolape</a>	7	0	1	786	2188	6668		293
@Montgirbau	<a href="https://twitter.com/Montgirbau" target="_blank">Montgirbau</a>	6	0	2	542	587	33815	St Cugat- Catalonia	168
@MontiBcn	<a href="https://twitter.com/MontiBcn" target="_blank">MontiBcn</a>	2	0	1	1983	4043	26191	Catalunya	208
@montigominoles	<a href="https://twitter.com/montigominoles" target="_blank">montigominoles</a>	9	0	1	55	116	6164	catalunya	007
@MontmanyJosep	<a href="https://twitter.com/MontmanyJosep" target="_blank">MontmanyJosep</a>	1	0	1	218	368	293		017
@montoliu_pilar	<a href="https://twitter.com/montoliu_pilar" target="_blank">montoliu_pilar</a>	4	0	1	2323	1958	20299		003
@montpallares	<a href="https://twitter.com/montpallares" target="_blank">montpallares</a>	3	0	1	390	328	3888	Barcelona, Espanya	061
@montperdutroig	<a href="https://twitter.com/montperdutroig" target="_blank">montperdutroig</a>	7	0	1	192	815	10798	Barcelona, Cataluña	003
@montse_castella	<a href="https://twitter.com/montse_castella" target="_blank">montse_castella</a>	8	0	1	169	277	5132	Terrassa	099
@montse_farres	<a href="https://twitter.com/montse_farres" target="_blank">montse_farres</a>	5	0	2	17	27	1754	Montblanc	010
@Montse_M_N	<a href="https://twitter.com/Montse_M_N" target="_blank">Montse_M_N</a>	7	0	1	233	835	11034		140
@Montse26927639	<a href="https://twitter.com/Montse26927639" target="_blank">Montse26927639</a>	1	0	1	0	89	115		034
@montse40968594	<a href="https://twitter.com/montse40968594" target="_blank">montse40968594</a>	17	0	3	278	820	9523		013
@montsecandini	<a href="https://twitter.com/montsecandini" target="_blank">montsecandini</a>	0	1	0					458
@montsecasaus	<a href="https://twitter.com/montsecasaus" target="_blank">montsecasaus</a>	18	0	1	1988	2353	78132		014
@montsecastella	<a href="https://twitter.com/montsecastella" target="_blank">montsecastella</a>	1	1	0	3007	795	21938	tortosa	459
@montseceb	<a href="https://twitter.com/montseceb" target="_blank">montseceb</a>	31	0	5	356	631	29729	gironès	003
@montsecm	<a href="https://twitter.com/montsecm" target="_blank">montsecm</a>	7	0	1	224	763	5148	Barcelona	333
@MontseEsclusa	<a href="https://twitter.com/MontseEsclusa" target="_blank">MontseEsclusa</a>	6	0	2	154	593	7657	Barcelona - Catalunya -	010
@MontseEscoda10	<a href="https://twitter.com/MontseEscoda10" target="_blank">MontseEscoda10</a>	20	0	4	136	158	11191	Valls Catalunya	003
@MontseGarrell	<a href="https://twitter.com/MontseGarrell" target="_blank">MontseGarrell</a>	7	0	1	63	141	6644		003
@MontseGM	<a href="https://twitter.com/MontseGM" target="_blank">MontseGM</a>	2	0	1	61	306	425	Cardedeu	007
@montsegolSiSi	<a href="https://twitter.com/montsegolSiSi" target="_blank">montsegolSiSi</a>	10	0	1	5361	4291	116289	Ítaca	014
@montsegvera	<a href="https://twitter.com/montsegvera" target="_blank">montsegvera</a>	1	0	1	355	667	2899	Eivissa	007
@montsehors	<a href="https://twitter.com/montsehors" target="_blank">montsehors</a>	1	0	1	99	436	352	torroella de montgrí	168
@MontseLambies	<a href="https://twitter.com/MontseLambies" target="_blank">MontseLambies</a>	2	0	1	35	126	3457		026
@montselari	<a href="https://twitter.com/montselari" target="_blank">montselari</a>	3	0	1	624	809	4989	Catalunya	173
@Montsemar69	<a href="https://twitter.com/Montsemar69" target="_blank">Montsemar69</a>	3	0	1	17	103	1313		006
@montsemasm	<a href="https://twitter.com/montsemasm" target="_blank">montsemasm</a>	3	0	1	638	1237	1296		061
@MontseMo	<a href="https://twitter.com/MontseMo" target="_blank">MontseMo</a>	5	0	1	378	365	2079	Catalunya	290
@MontseMontfortB	<a href="https://twitter.com/MontseMontfortB" target="_blank">MontseMontfortB</a>	12	0	3	22	187	1368	Monza, Lombardia	009
@montseolivep	<a href="https://twitter.com/montseolivep" target="_blank">montseolivep</a>	12	0	2	1640	4619	12729	Barcelona	014
@montseramonv	<a href="https://twitter.com/montseramonv" target="_blank">montseramonv</a>	4	0	3	1338	1910	15793	Barcelona, Catalunya	013
@MONTSERRAT1714	<a href="https://twitter.com/MONTSERRAT1714" target="_blank">MONTSERRAT1714</a>	4	0	2	8	69	168		061
@MontserratGA	<a href="https://twitter.com/MontserratGA" target="_blank">MontserratGA</a>	6	0	1	1357	1045	116761	Catalunya	449
@montserratsaga1	<a href="https://twitter.com/montserratsaga1" target="_blank">montserratsaga1</a>	5	0	1	30	125	5507		010
@Montserratv	<a href="https://twitter.com/Montserratv" target="_blank">Montserratv</a>	1	0	1	79	146	377		222
@montserumbau	<a href="https://twitter.com/montserumbau" target="_blank">montserumbau</a>	49	0	11	2855	2713	158310	Santa Coloma de Queralt	014
@montsetarridas	<a href="https://twitter.com/montsetarridas" target="_blank">montsetarridas</a>	1	0	1	171	198	4220	Barcelona	104
@montsevilellac	<a href="https://twitter.com/montsevilellac" target="_blank">montsevilellac</a>	6	0	1	913	737	2345	Reus	014
@montxov	<a href="https://twitter.com/montxov" target="_blank">montxov</a>	3	0	1	69	121	3366		011
@monty1579	<a href="https://twitter.com/monty1579" target="_blank">monty1579</a>	5	0	1	2815	2650	27792	CATALUFO	014
@montzapa	<a href="https://twitter.com/montzapa" target="_blank">montzapa</a>	8	0	1	692	674	20489		014
@monxaindecat	<a href="https://twitter.com/monxaindecat" target="_blank">monxaindecat</a>	1	0	1	321	336	2746	Manresa, Catalunya	029
@moonblue365	<a href="https://twitter.com/moonblue365" target="_blank">moonblue365</a>	40	0	1	2846	1433	89620	Barcelona, Catalonia - UE	014
@mopellicerma	<a href="https://twitter.com/mopellicerma" target="_blank">mopellicerma</a>	2	0	1	817	1338	6852		007
@moragriega	<a href="https://twitter.com/moragriega" target="_blank">moragriega</a>	6	0	1	1758	1279	65691	BCN, República de Catalunya	429
@morbcn	<a href="https://twitter.com/morbcn" target="_blank">morbcn</a>	12	0	2	307	417	11861	Barcelona - Catalonia	130
@MoreraNria	<a href="https://twitter.com/MoreraNria" target="_blank">MoreraNria</a>	21	0	2	9	49	1198		252
@morestel	<a href="https://twitter.com/morestel" target="_blank">morestel</a>	6	0	2	31	90	2153	Andorra	005
@moriyakari	<a href="https://twitter.com/moriyakari" target="_blank">moriyakari</a>	30	0	3	9	109	747	Barcelona, Espanya	195
@morlaboo	<a href="https://twitter.com/morlaboo" target="_blank">morlaboo</a>	1	0	1	82	171	6333	Barcelona	063
@morpheus17pro	<a href="https://twitter.com/morpheus17pro" target="_blank">morpheus17pro</a>	17	0	1	147	275	15096	Sant Boi de Llobregat	034
@morris8a	<a href="https://twitter.com/morris8a" target="_blank">morris8a</a>	0	1	0					147
@MorrixAlk	<a href="https://twitter.com/MorrixAlk" target="_blank">MorrixAlk</a>	5	0	1	1813	1171	31690	Alcorcón-Castilla	202
@Moscamascojoner	<a href="https://twitter.com/Moscamascojoner" target="_blank">Moscamascojoner</a>	20	0	2	2053	4950	66980		029
@motiuscat	<a href="https://twitter.com/motiuscat" target="_blank">motiuscat</a>	59	0	8	1198	2364	25055		009
@MovEsqCervera	<a href="https://twitter.com/MovEsqCervera" target="_blank">MovEsqCervera</a>	1	0	1	188	339	2349		181
@MovEsquerres	<a href="https://twitter.com/MovEsquerres" target="_blank">MovEsquerres</a>	34	0	1	4443	934	6986		096
@MoyaFrancesc	<a href="https://twitter.com/MoyaFrancesc" target="_blank">MoyaFrancesc</a>	8	0	1	10	52	637	Barcelona, Catalunya	061
@mp5_quim	<a href="https://twitter.com/mp5_quim" target="_blank">mp5_quim</a>	2	0	1	125	1326	960		003
@MPagesGonzalez	<a href="https://twitter.com/MPagesGonzalez" target="_blank">MPagesGonzalez</a>	2	0	2	46	33	190	Mataró, Barcelona (SPAIN)	014
@Mpascale05	<a href="https://twitter.com/Mpascale05" target="_blank">Mpascale05</a>	1	0	1	191	472	682		264
@mpb513	<a href="https://twitter.com/mpb513" target="_blank">mpb513</a>	23	0	1	1148	1837	86933	Barcelona	102
@mpfernando	<a href="https://twitter.com/mpfernando" target="_blank">mpfernando</a>	16	0	2	405	920	29423		174
@MPSsabadell	<a href="https://twitter.com/MPSsabadell" target="_blank">MPSsabadell</a>	2	2	0	2225	540	4027		067
@mpuiges_mani	<a href="https://twitter.com/mpuiges_mani" target="_blank">mpuiges_mani</a>	3	0	1	167	506	9640		003
@mpvics	<a href="https://twitter.com/mpvics" target="_blank">mpvics</a>	1	0	1	52	140	236	Catalunya	044
@mquel4	<a href="https://twitter.com/mquel4" target="_blank">mquel4</a>	1	0	1	30	46	31		003
@MrAivalahostia	<a href="https://twitter.com/MrAivalahostia" target="_blank">MrAivalahostia</a>	2	0	1	193	225	2255		003
@MRCpratt	<a href="https://twitter.com/MRCpratt" target="_blank">MRCpratt</a>	2	0	2	13	60	656	Barcelona, Cataluña	026
@MRialp	<a href="https://twitter.com/MRialp" target="_blank">MRialp</a>	16	0	1	973	1776	108905		163
@mrivadullagz	<a href="https://twitter.com/mrivadullagz" target="_blank">mrivadullagz</a>	1	0	1	544	22	15518		007
@mrktns	<a href="https://twitter.com/mrktns" target="_blank">mrktns</a>	6	0	1	1191	1223	14357	Barcelona,  Catalunya	003
@mrlopera	<a href="https://twitter.com/mrlopera" target="_blank">mrlopera</a>	0	1	0					457
@mrosaescardo	<a href="https://twitter.com/mrosaescardo" target="_blank">mrosaescardo</a>	11	0	1	311	370	3250	Catalunya	158
@mrosapenalver	<a href="https://twitter.com/mrosapenalver" target="_blank">mrosapenalver</a>	1	0	1	44	450	235	Reus i Begues. Catalunya.	003
@mrovira	<a href="https://twitter.com/mrovira" target="_blank">mrovira</a>	4	0	1	7984	1677	6377		009
@mroyoespinet	<a href="https://twitter.com/mroyoespinet" target="_blank">mroyoespinet</a>	2	0	1	1971	813	24923	CATALUNYA	306
@Mrs_Moniato	<a href="https://twitter.com/Mrs_Moniato" target="_blank">Mrs_Moniato</a>	2	0	1	273	832	2690	Al lado de los rebeldes	534
@MrSwats	<a href="https://twitter.com/MrSwats" target="_blank">MrSwats</a>	3	0	1	325	1162	9694	Barcelona, Catalonia	452
@msaltorviver	<a href="https://twitter.com/msaltorviver" target="_blank">msaltorviver</a>	1	0	1	243	912	10589	Barcelona, Cataluña	010
@msedruol91	<a href="https://twitter.com/msedruol91" target="_blank">msedruol91</a>	1	0	1	259	898	12256		267
@msenserrich	<a href="https://twitter.com/msenserrich" target="_blank">msenserrich</a>	7	0	1	4575	1678	7525	Igualada	102
@msolacat	<a href="https://twitter.com/msolacat" target="_blank">msolacat</a>	7	0	1	146	123	4056	torelló	270
@MStarras	<a href="https://twitter.com/MStarras" target="_blank">MStarras</a>	1	0	1	20	145	167	Barcelona, Espanya	034
@MT_Issabel	<a href="https://twitter.com/MT_Issabel" target="_blank">MT_Issabel</a>	19	0	8	120	127	10255	BARCELONA-CATALONIA	017
@MTarragona	<a href="https://twitter.com/MTarragona" target="_blank">MTarragona</a>	3	0	1	7	47	97		026
@Mteresacs	<a href="https://twitter.com/Mteresacs" target="_blank">Mteresacs</a>	1	0	1	60	299	973		169
@mtorrehu8	<a href="https://twitter.com/mtorrehu8" target="_blank">mtorrehu8</a>	7	0	2	147	494	2045		002
@muguruzafm	<a href="https://twitter.com/muguruzafm" target="_blank">muguruzafm</a>	5	2	0	29448	2174	11560	Irun, Euskal Herria	265
@MuletViticultor	<a href="https://twitter.com/MuletViticultor" target="_blank">MuletViticultor</a>	1	1	0	56	81	58		005
@multir	<a href="https://twitter.com/multir" target="_blank">multir</a>	2	0	1	559	432	24333	in the world	003
@munoz_joaquim	<a href="https://twitter.com/munoz_joaquim" target="_blank">munoz_joaquim</a>	7	0	1	7	83	856	Catalonia	003
@munpej	<a href="https://twitter.com/munpej" target="_blank">munpej</a>	1	0	1	73	553	3617		537
@Muntserratrober	<a href="https://twitter.com/Muntserratrober" target="_blank">Muntserratrober</a>	1	0	1	17	114	907	Les Hortasses (La Riba)	003
@munxeta	<a href="https://twitter.com/munxeta" target="_blank">munxeta</a>	1	0	1	75	210	937	segur de calafell	003
@murcielagu70	<a href="https://twitter.com/murcielagu70" target="_blank">murcielagu70</a>	3	0	1	718	2211	7175	volant s està mès tranquil	010
@murri1972	<a href="https://twitter.com/murri1972" target="_blank">murri1972</a>	31	0	1	335	351	40759		018
@Muskit86	<a href="https://twitter.com/Muskit86" target="_blank">Muskit86</a>	1	0	1	17	75	295	Sarrià de Ter, Catalunya	014
@muxaineta	<a href="https://twitter.com/muxaineta" target="_blank">muxaineta</a>	26	0	2	1855	1369	99439		007
@MVedruna	<a href="https://twitter.com/MVedruna" target="_blank">MVedruna</a>	18	0	2	13	39	2672		012
@mvictoria_tgn	<a href="https://twitter.com/mvictoria_tgn" target="_blank">mvictoria_tgn</a>	3	2	0	772	1250	3789		274
@mvisapons	<a href="https://twitter.com/mvisapons" target="_blank">mvisapons</a>	11	0	1	830	1110	54439		034
@mvivesc	<a href="https://twitter.com/mvivesc" target="_blank">mvivesc</a>	1	1	0	134	353	2508	Catalunya	456
@mvperis75	<a href="https://twitter.com/mvperis75" target="_blank">mvperis75</a>	14	0	1	1119	1779	66982	Palafrugell-BCN. RepubliCAT	019
@nabarra1512	<a href="https://twitter.com/nabarra1512" target="_blank">nabarra1512</a>	9	0	3	1163	1305	53020		187
@Nacho_Ripollet	<a href="https://twitter.com/Nacho_Ripollet" target="_blank">Nacho_Ripollet</a>	3	3	1	184	171	15912	En un charco	046
@NadalSanti	<a href="https://twitter.com/NadalSanti" target="_blank">NadalSanti</a>	2	0	2	49	202	504		014
@Nadineosaer93	<a href="https://twitter.com/Nadineosaer93" target="_blank">Nadineosaer93</a>	7	0	1	40	159	201		140
@naixa65	<a href="https://twitter.com/naixa65" target="_blank">naixa65</a>	4	0	1	1009	1219	23253		003
@NaKk3L	<a href="https://twitter.com/NaKk3L" target="_blank">NaKk3L</a>	12	0	1	116	162	7805	Barcelona, España	002
@namesvullvotar	<a href="https://twitter.com/namesvullvotar" target="_blank">namesvullvotar</a>	26	0	1	458	828	33579	Tram 412	121
@nan0912	<a href="https://twitter.com/nan0912" target="_blank">nan0912</a>	12	0	1	23	52	4464	Lleida, Catalunya	015
@NanaSbd	<a href="https://twitter.com/NanaSbd" target="_blank">NanaSbd</a>	1	0	1	238	491	1394	Sabadell, capital	214
@NanenCarmen	<a href="https://twitter.com/NanenCarmen" target="_blank">NanenCarmen</a>	1	0	1	7	65	488	les Tres Torres	003
@nani_caldu	<a href="https://twitter.com/nani_caldu" target="_blank">nani_caldu</a>	2	0	1	1103	2071	15721	Vilanova i La Geltrú	502
@NaniMasriera	<a href="https://twitter.com/NaniMasriera" target="_blank">NaniMasriera</a>	23	0	3	285	163	70259		003
@nanimiranda2014	<a href="https://twitter.com/nanimiranda2014" target="_blank">nanimiranda2014</a>	3	0	1	1579	998	54547	Del Mundo.	003
@nanroig75	<a href="https://twitter.com/nanroig75" target="_blank">nanroig75</a>	4	0	1	192	352	11074		034
@nanuk60	<a href="https://twitter.com/nanuk60" target="_blank">nanuk60</a>	4	0	2	5150	4104	91704	Barcelona	063
@naoj77	<a href="https://twitter.com/naoj77" target="_blank">naoj77</a>	10	0	1	707	1436	6620	Barcelona, Catalunya	009
@naojonfire	<a href="https://twitter.com/naojonfire" target="_blank">naojonfire</a>	4	0	1	6502	4049	14599		184
@Narcis_Castello	<a href="https://twitter.com/Narcis_Castello" target="_blank">Narcis_Castello</a>	1	0	1	27	187	182		285
@narcis_puig	<a href="https://twitter.com/narcis_puig" target="_blank">narcis_puig</a>	1	0	1	1119	1078	4864	Barcelona, Girona, L'Empordà	014
@narcistorra	<a href="https://twitter.com/narcistorra" target="_blank">narcistorra</a>	1	0	1	882	1930	3919	Girona	109
@narcisvidal7	<a href="https://twitter.com/narcisvidal7" target="_blank">narcisvidal7</a>	3	4	1	20667	9240	15442	Baix Empordà	014
@nat_taly7	<a href="https://twitter.com/nat_taly7" target="_blank">nat_taly7</a>	1	2	0	397	392	7268	Barcelona, Catalunya	278
@NatachaParrado	<a href="https://twitter.com/NatachaParrado" target="_blank">NatachaParrado</a>	4	0	1	108	209	11053		011
@nataliapintado	<a href="https://twitter.com/nataliapintado" target="_blank">nataliapintado</a>	7	0	2	1339	731	46458	Barcelona, Catalunya (lliure)	017
@Natdici	<a href="https://twitter.com/Natdici" target="_blank">Natdici</a>	7	0	1	127	341	16098		017
@Natudo	<a href="https://twitter.com/Natudo" target="_blank">Natudo</a>	1	2	0	223	453	372	Catalonia	031
@NaturaMaresme	<a href="https://twitter.com/NaturaMaresme" target="_blank">NaturaMaresme</a>	51	0	7	102	179	8555		014
@natx1958	<a href="https://twitter.com/natx1958" target="_blank">natx1958</a>	13	0	2	248	364	26469	Barcelona, España	017
@NatxoBCN	<a href="https://twitter.com/NatxoBCN" target="_blank">NatxoBCN</a>	12	0	3	973	2254	35725	Barcelona	043
@Nau_Puig	<a href="https://twitter.com/Nau_Puig" target="_blank">Nau_Puig</a>	1	0	1	1043	748	3064		236
@navarro_ann	<a href="https://twitter.com/navarro_ann" target="_blank">navarro_ann</a>	1	0	1	24	149	437		008
@Navarro4Nuria	<a href="https://twitter.com/Navarro4Nuria" target="_blank">Navarro4Nuria</a>	4	0	1	16	87	546	Badalona, España	174
@navarrodelpaso	<a href="https://twitter.com/navarrodelpaso" target="_blank">navarrodelpaso</a>	1	0	1	355	1030	6993	Manresa	003
@nave70	<a href="https://twitter.com/nave70" target="_blank">nave70</a>	4	0	1	1691	698	108009	Girona   CATALUNYA  |l*I|	265
@naxei	<a href="https://twitter.com/naxei" target="_blank">naxei</a>	1	0	1	1061	833	9372	Terrassa, Catalunya	030
@Naylacris78	<a href="https://twitter.com/Naylacris78" target="_blank">Naylacris78</a>	5	0	1	46	240	252	el Guinardo, Barcelona	003
@NBaltasa	<a href="https://twitter.com/NBaltasa" target="_blank">NBaltasa</a>	22	0	2	98	23	16134		116
@ncarrascu	<a href="https://twitter.com/ncarrascu" target="_blank">ncarrascu</a>	3	0	1	113	441	939		003
@negre_joan	<a href="https://twitter.com/negre_joan" target="_blank">negre_joan</a>	16	0	2	387	1247	3882	Catalonia	005
@Nenaniub	<a href="https://twitter.com/Nenaniub" target="_blank">Nenaniub</a>	16	0	2	21	84	4125		015
@nenee_eu	<a href="https://twitter.com/nenee_eu" target="_blank">nenee_eu</a>	13	0	1	1559	2274	75677	Catalunya	003
@Nenieskato	<a href="https://twitter.com/Nenieskato" target="_blank">Nenieskato</a>	2	0	2	35	411	2692	Catalunya	007
@neowill3	<a href="https://twitter.com/neowill3" target="_blank">neowill3</a>	11	0	2	276	1348	5541	mundo	014
@nereida_edo	<a href="https://twitter.com/nereida_edo" target="_blank">nereida_edo</a>	8	0	1	1819	1999	3612	Montgat	193
@Nereita9	<a href="https://twitter.com/Nereita9" target="_blank">Nereita9</a>	1	0	1	139	270	1881	Barcelona	188
@nereus_22	<a href="https://twitter.com/nereus_22" target="_blank">nereus_22</a>	17	1	1	115	497	20489	Barcelona, Catalonia	015
@NeryKnopfler	<a href="https://twitter.com/NeryKnopfler" target="_blank">NeryKnopfler</a>	1	0	1	127	156	3801	Barcelona, España	112
@NEScaloni	<a href="https://twitter.com/NEScaloni" target="_blank">NEScaloni</a>	1	0	1	1376	1404	5892	Iruñea	493
@neska84	<a href="https://twitter.com/neska84" target="_blank">neska84</a>	0	1	0					199
@Nest_indy	<a href="https://twitter.com/Nest_indy" target="_blank">Nest_indy</a>	36	0	1	1398	2126	43660	Brienz, Switzerland	068
@NetaToneta	<a href="https://twitter.com/NetaToneta" target="_blank">NetaToneta</a>	6	0	1	5083	2719	119098	Veïna provisional del barri d'Horta	088
@NetoMadrid21	<a href="https://twitter.com/NetoMadrid21" target="_blank">NetoMadrid21</a>	1	0	1	816	672	17788	Villaverde - Madrid	011
@neusabio	<a href="https://twitter.com/neusabio" target="_blank">neusabio</a>	2	0	1	55	510	110		097
@NeusArmenjach	<a href="https://twitter.com/NeusArmenjach" target="_blank">NeusArmenjach</a>	2	0	1	425	606	3381	Valls, Països Catalans	169
@neusbarr	<a href="https://twitter.com/neusbarr" target="_blank">neusbarr</a>	1	0	1	19	44	74	Sant Andreu, Barcelona	034
@neuscanonja	<a href="https://twitter.com/neuscanonja" target="_blank">neuscanonja</a>	2	0	1	64	67	694		037
@neusguitart	<a href="https://twitter.com/neusguitart" target="_blank">neusguitart</a>	1	0	1	4	31	15	Barcelona	003
@NeusNogue	<a href="https://twitter.com/NeusNogue" target="_blank">NeusNogue</a>	9	2	0	1493	620	18166	Barcelona (Catalunya)	290
@NewBarbetts	<a href="https://twitter.com/NewBarbetts" target="_blank">NewBarbetts</a>	1	0	1	99	194	2017	Barcelona	004
@nhoa	<a href="https://twitter.com/nhoa" target="_blank">nhoa</a>	15	0	1	86	94	3704		003
@NiaCabani	<a href="https://twitter.com/NiaCabani" target="_blank">NiaCabani</a>	3	0	1	1800	1678	10444	Barcelona	318
@NicoAphotograph	<a href="https://twitter.com/NicoAphotograph" target="_blank">NicoAphotograph</a>	1	0	1	35	148	874	barcelona/ blanes	003
@NicoCat33	<a href="https://twitter.com/NicoCat33" target="_blank">NicoCat33</a>	5	0	2	123	652	4434	Catalunya, EU	014
@nicowoman	<a href="https://twitter.com/nicowoman" target="_blank">nicowoman</a>	2	0	2	80	507	1674		014
@Nietneu	<a href="https://twitter.com/Nietneu" target="_blank">Nietneu</a>	7	0	1	572	556	31240	Catalunya	157
@Nigatsu13	<a href="https://twitter.com/Nigatsu13" target="_blank">Nigatsu13</a>	4	0	1	109	209	7342	BARCELONA	006
@Nika_mima	<a href="https://twitter.com/Nika_mima" target="_blank">Nika_mima</a>	1	0	1	49	224	407	Barcelona, Espanya	007
@NikitaCose	<a href="https://twitter.com/NikitaCose" target="_blank">NikitaCose</a>	1	0	1	420	1369	535	Barcelona	008
@Nil_AG1	<a href="https://twitter.com/Nil_AG1" target="_blank">Nil_AG1</a>	6	0	2	4546	4997	70221	República de Catalunya, EU.	014
@nil_baro	<a href="https://twitter.com/nil_baro" target="_blank">nil_baro</a>	3	0	1	3	32	1080		010
@Nil_ml	<a href="https://twitter.com/Nil_ml" target="_blank">Nil_ml</a>	1	0	1	188	591	1158		294
@nilska	<a href="https://twitter.com/nilska" target="_blank">nilska</a>	2	0	1	2755	1376	64070	internet	009
@nindef	<a href="https://twitter.com/nindef" target="_blank">nindef</a>	1	0	1	223	468	2091	Catalunya, PPCC	014
@ninguneada	<a href="https://twitter.com/ninguneada" target="_blank">ninguneada</a>	6	0	1	43	96	1581		004
@NinoLuna3	<a href="https://twitter.com/NinoLuna3" target="_blank">NinoLuna3</a>	4	0	1	112	507	902	Països Catalans	005
@ninucat	<a href="https://twitter.com/ninucat" target="_blank">ninucat</a>	16	0	1	615	676	14797	Catalunya	002
@Ninwa82	<a href="https://twitter.com/Ninwa82" target="_blank">Ninwa82</a>	6	0	1	761	921	41504	País de las maravillas	003
@nissu11	<a href="https://twitter.com/nissu11" target="_blank">nissu11</a>	1	0	1	18	173	1721		003
@nitus	<a href="https://twitter.com/nitus" target="_blank">nitus</a>	8	0	2	2010	3055	8128	Sabadell, Catalunya	068
@Nitzarel	<a href="https://twitter.com/Nitzarel" target="_blank">Nitzarel</a>	6	0	1	109	284	6126	Catalunya ||*||	174
@nizaskunbdn1970	<a href="https://twitter.com/nizaskunbdn1970" target="_blank">nizaskunbdn1970</a>	2	0	2	26	123	3606		013
@NJosepm	<a href="https://twitter.com/NJosepm" target="_blank">NJosepm</a>	20	0	2	640	789	25968	Catalunya	003
@nk_esther	<a href="https://twitter.com/nk_esther" target="_blank">nk_esther</a>	15	0	1	27	62	3153		003
@nmatabosch	<a href="https://twitter.com/nmatabosch" target="_blank">nmatabosch</a>	3	1	0	185	157	567	Arenys de Mar - Catalonia	048
@NNuriapat	<a href="https://twitter.com/NNuriapat" target="_blank">NNuriapat</a>	4	0	1	688	1012	23840	Alicante España	003
@NoalaMatSelva	<a href="https://twitter.com/NoalaMatSelva" target="_blank">NoalaMatSelva</a>	7	0	2	1042	1534	6140	la Selva - Catalunya	133
@noasite	<a href="https://twitter.com/noasite" target="_blank">noasite</a>	1	0	1	181	89	2048	Barcelona, Catalunya	009
@NoCardem	<a href="https://twitter.com/NoCardem" target="_blank">NoCardem</a>	1	28	0	1266	1086	54856	Riudaura	163
@noe__bal	<a href="https://twitter.com/noe__bal" target="_blank">noe__bal</a>	2	2	1	324	524	405	Balsareny	190
@Noebcn84	<a href="https://twitter.com/Noebcn84" target="_blank">Noebcn84</a>	6	0	1	112	194	2629		029
@noelialivaldi	<a href="https://twitter.com/noelialivaldi" target="_blank">noelialivaldi</a>	1	0	1	161	362	450	Riudoms	005
@NoEmBarrufa	<a href="https://twitter.com/NoEmBarrufa" target="_blank">NoEmBarrufa</a>	2	0	1	51	231	899	País sense estat...	028
@NoemiRosValenc2	<a href="https://twitter.com/NoemiRosValenc2" target="_blank">NoemiRosValenc2</a>	8	0	1	1087	1240	91782		200
@NoeMolinero	<a href="https://twitter.com/NoeMolinero" target="_blank">NoeMolinero</a>	2	0	1	411	958	5095	Tortosa, Espanya	455
@noesasu	<a href="https://twitter.com/noesasu" target="_blank">noesasu</a>	22	0	4	57	63	4937	Barcelona, Catalunya	012
@nofearmio	<a href="https://twitter.com/nofearmio" target="_blank">nofearmio</a>	4	0	1	914	2553	30972		004
@noguerad	<a href="https://twitter.com/noguerad" target="_blank">noguerad</a>	3	0	1	31	126	350		003
@noirthequeeng	<a href="https://twitter.com/noirthequeeng" target="_blank">noirthequeeng</a>	1	0	1	2960	2261	34178	- İstanbul -	504
@NoletMarc	<a href="https://twitter.com/NoletMarc" target="_blank">NoletMarc</a>	9	0	1	51	44	1617		266
@nolivellar	<a href="https://twitter.com/nolivellar" target="_blank">nolivellar</a>	2	0	1	7	29	281	Catalunya	038
@nomacuerdo	<a href="https://twitter.com/nomacuerdo" target="_blank">nomacuerdo</a>	2	0	1	483	2385	9626	Barcelona, Catalunya	014
@nomambarrova	<a href="https://twitter.com/nomambarrova" target="_blank">nomambarrova</a>	5	0	2	35	484	713		069
@Nomes_Laura	<a href="https://twitter.com/Nomes_Laura" target="_blank">Nomes_Laura</a>	2	0	1	41	82	1003		008
@NomesJoan	<a href="https://twitter.com/NomesJoan" target="_blank">NomesJoan</a>	4	0	1	875	922	61636	el Món	001
@nonavivi69	<a href="https://twitter.com/nonavivi69" target="_blank">nonavivi69</a>	10	0	1	75	868	8205	bcn	006
@NorbertLlaras	<a href="https://twitter.com/NorbertLlaras" target="_blank">NorbertLlaras</a>	2	0	1	471	611	6807	Catalunya	170
@normalycorrient	<a href="https://twitter.com/normalycorrient" target="_blank">normalycorrient</a>	1	0	1	237	662	5170	Cardedeu, Barcelona, Catalunya	014
@nosoclalola	<a href="https://twitter.com/nosoclalola" target="_blank">nosoclalola</a>	3	0	1	24	81	1423		003
@nosomres	<a href="https://twitter.com/nosomres" target="_blank">nosomres</a>	2	0	2	499	1216	5943	La Clota, PPCC	002
@Nostre67	<a href="https://twitter.com/Nostre67" target="_blank">Nostre67</a>	1	0	1	389	883	5110	Alguaire-Catalunya	125
@Notidig	<a href="https://twitter.com/Notidig" target="_blank">Notidig</a>	1	0	1	1070	1028	1974	Barcelona / Girona	162
@NousCatalans	<a href="https://twitter.com/NousCatalans" target="_blank">NousCatalans</a>	2	0	1	13075	9831	36377	Barcelona, Catalunya	003
@novumoscar	<a href="https://twitter.com/novumoscar" target="_blank">novumoscar</a>	3	0	1	26	181	1408	Solar system, Milky Way.	034
@npamies	<a href="https://twitter.com/npamies" target="_blank">npamies</a>	3	0	2	667	1432	5893	Tarragona	139
@nperezir	<a href="https://twitter.com/nperezir" target="_blank">nperezir</a>	7	0	1	1329	1279	17729	Nafarroa	168
@NriaMunt	<a href="https://twitter.com/NriaMunt" target="_blank">NriaMunt</a>	10	0	2	38	46	1206		014
@Nsadurn	<a href="https://twitter.com/Nsadurn" target="_blank">Nsadurn</a>	1	1	1	89	238	1252	catalunya	006
@nu_damian	<a href="https://twitter.com/nu_damian" target="_blank">nu_damian</a>	2	0	1	251	448	17195		212
@nu_rr	<a href="https://twitter.com/nu_rr" target="_blank">nu_rr</a>	1	0	1	30	211	130		003
@nubiergo	<a href="https://twitter.com/nubiergo" target="_blank">nubiergo</a>	0	1	0					305
@nukar10	<a href="https://twitter.com/nukar10" target="_blank">nukar10</a>	15	0	3	7	77	3106		003
@NukFlic	<a href="https://twitter.com/NukFlic" target="_blank">NukFlic</a>	11	4	0	128	350	4106	Catalunya	016
@numa8888	<a href="https://twitter.com/numa8888" target="_blank">numa8888</a>	8	0	1	303	961	2875	Girona, Catalunya	204
@nun_nuria	<a href="https://twitter.com/nun_nuria" target="_blank">nun_nuria</a>	2	0	1	60	301	1749	Donostia	020
@nungrucat	<a href="https://twitter.com/nungrucat" target="_blank">nungrucat</a>	9	0	2	21	74	1715		010
@nuria_lorente	<a href="https://twitter.com/nuria_lorente" target="_blank">nuria_lorente</a>	4	0	1	262	235	4975	Barcelona	003
@Nuria_Palou	<a href="https://twitter.com/Nuria_Palou" target="_blank">Nuria_Palou</a>	2	0	1	173	684	3297	Barcelona	003
@Nuria_Salas	<a href="https://twitter.com/Nuria_Salas" target="_blank">Nuria_Salas</a>	2	0	1	492	1366	3445	Barcelona, Catalunya	094
@nuria_TORRENT	<a href="https://twitter.com/nuria_TORRENT" target="_blank">nuria_TORRENT</a>	3	0	1	128	244	8078	bcn	458
@nuria77	<a href="https://twitter.com/nuria77" target="_blank">nuria77</a>	3	0	2	1263	2069	8363	Terrassa	014
@nuriabalada	<a href="https://twitter.com/nuriabalada" target="_blank">nuriabalada</a>	2	2	0	1854	1812	5200	Barcelona, Catalunya	085
@nuriabarrios1	<a href="https://twitter.com/nuriabarrios1" target="_blank">nuriabarrios1</a>	1	0	1	37	99	113	girona	427
@Nuriacado	<a href="https://twitter.com/Nuriacado" target="_blank">Nuriacado</a>	0	1	0					217
@nuriadgc	<a href="https://twitter.com/nuriadgc" target="_blank">nuriadgc</a>	4	0	3	3623	249	8411		017
@Nuriadomila	<a href="https://twitter.com/Nuriadomila" target="_blank">Nuriadomila</a>	2	0	1	21	192	111		246
@nuriafarrus96	<a href="https://twitter.com/nuriafarrus96" target="_blank">nuriafarrus96</a>	2	0	1	262	360	2598	Sydney	014
@nuriajoana	<a href="https://twitter.com/nuriajoana" target="_blank">nuriajoana</a>	19	0	2	481	341	18127	Tortosa	117
@NuriaMaBo4	<a href="https://twitter.com/NuriaMaBo4" target="_blank">NuriaMaBo4</a>	1	0	1	15	71	60		017
@nuriamanyer	<a href="https://twitter.com/nuriamanyer" target="_blank">nuriamanyer</a>	12	0	1	257	892	17892		014
@NuriaMontmany	<a href="https://twitter.com/NuriaMontmany" target="_blank">NuriaMontmany</a>	6	0	1	199	313	1728	Barcelona	003
@NuriaMuletAl	<a href="https://twitter.com/NuriaMuletAl" target="_blank">NuriaMuletAl</a>	2	0	1	2423	2635	29871	Barcelona-Premià-Deltebre	003
@nurianef	<a href="https://twitter.com/nurianef" target="_blank">nurianef</a>	1	0	1	84	286	1684	Barcelona	012
@nuriapalomar	<a href="https://twitter.com/nuriapalomar" target="_blank">nuriapalomar</a>	1	1	0	422	721	2620		455
@nuriaparde	<a href="https://twitter.com/nuriaparde" target="_blank">nuriaparde</a>	0	3	0					227
@nuriarkaitz	<a href="https://twitter.com/nuriarkaitz" target="_blank">nuriarkaitz</a>	10	0	1	226	339	5957	Andoain, Euskal Herria	017
@NURIAROSALSMART	<a href="https://twitter.com/NURIAROSALSMART" target="_blank">NURIAROSALSMART</a>	3	0	1	67	182	1748		005
@NuriaSabate	<a href="https://twitter.com/NuriaSabate" target="_blank">NuriaSabate</a>	3	0	1	775	875	5981		240
@nuriaska56	<a href="https://twitter.com/nuriaska56" target="_blank">nuriaska56</a>	1	0	1	108	107	5493	catalunya	003
@NuriaStrid	<a href="https://twitter.com/NuriaStrid" target="_blank">NuriaStrid</a>	3	0	1	13	59	1197		006
@nuriastweets	<a href="https://twitter.com/nuriastweets" target="_blank">nuriastweets</a>	6	0	1	698	1151	10473	Caldes de Montbui, Barcelona	290
@nuriavilardell7	<a href="https://twitter.com/nuriavilardell7" target="_blank">nuriavilardell7</a>	2	0	1	17	34	221		003
@nuriavives	<a href="https://twitter.com/nuriavives" target="_blank">nuriavives</a>	5	0	1	1987	1891	24820	el Masnou, Catalunya	434
@nurietacornu	<a href="https://twitter.com/nurietacornu" target="_blank">nurietacornu</a>	1	0	1	294	178	310	Priorat, Tgn	026
@NuriFont	<a href="https://twitter.com/NuriFont" target="_blank">NuriFont</a>	17	0	2	785	1551	83331	Planeta Terra.	003
@Nuriiekas	<a href="https://twitter.com/Nuriiekas" target="_blank">Nuriiekas</a>	4	0	1	25	215	836		003
@NUSAB75	<a href="https://twitter.com/NUSAB75" target="_blank">NUSAB75</a>	4	0	1	447	595	34321	Lleida, Catalunya	197
@NutNit_	<a href="https://twitter.com/NutNit_" target="_blank">NutNit_</a>	1	0	1	12	97	431		140
@Nuvolari78	<a href="https://twitter.com/Nuvolari78" target="_blank">Nuvolari78</a>	4	0	1	567	1017	35557	Can Fanga	003
@nuvolsenserumb	<a href="https://twitter.com/nuvolsenserumb" target="_blank">nuvolsenserumb</a>	8	0	1	556	1414	24819		009
@nvarona	<a href="https://twitter.com/nvarona" target="_blank">nvarona</a>	3	0	1	251	431	5369	República de Catalunya	203
@Nvilab	<a href="https://twitter.com/Nvilab" target="_blank">Nvilab</a>	13	0	1	1138	2816	7601	Girona	157
@obocaman4	<a href="https://twitter.com/obocaman4" target="_blank">obocaman4</a>	1	0	1	244	558	2234		006
@obulco2014	<a href="https://twitter.com/obulco2014" target="_blank">obulco2014</a>	13	0	1	383	1147	21136	Barcelona,República Catalana	004
@OCalichs	<a href="https://twitter.com/OCalichs" target="_blank">OCalichs</a>	2	0	1	814	551	5361	Igualada, Anoia, PPCC	207
@ocalvo73	<a href="https://twitter.com/ocalvo73" target="_blank">ocalvo73</a>	7	0	4	80	143	4905		014
@ocelotl101	<a href="https://twitter.com/ocelotl101" target="_blank">ocelotl101</a>	1	0	1	134	642	6047		299
@octavi_roig	<a href="https://twitter.com/octavi_roig" target="_blank">octavi_roig</a>	2	0	1	7	59	35		259
@odenaruiz	<a href="https://twitter.com/odenaruiz" target="_blank">odenaruiz</a>	1	0	1	73	177	1265		047
@Odtor	<a href="https://twitter.com/Odtor" target="_blank">Odtor</a>	2	0	1	6544	2644	45119	A Barcelona	174
@ogranyer	<a href="https://twitter.com/ogranyer" target="_blank">ogranyer</a>	1	0	1	95	204	223		006
@OHaraAnna	<a href="https://twitter.com/OHaraAnna" target="_blank">OHaraAnna</a>	1	0	1	10	109	108		169
@oihanalz	<a href="https://twitter.com/oihanalz" target="_blank">oihanalz</a>	1	0	1	227	385	1544	Iruñea eta Pirineoan	008
@Ojodeoro33	<a href="https://twitter.com/Ojodeoro33" target="_blank">Ojodeoro33</a>	5	0	1	58	335	3999		005
@oldamobe	<a href="https://twitter.com/oldamobe" target="_blank">oldamobe</a>	6	0	1	724	656	23596	Catarroja	003
@Olga_Hurtado66	<a href="https://twitter.com/Olga_Hurtado66" target="_blank">Olga_Hurtado66</a>	21	0	3	1653	1361	83649	EH	059
@OlgaChuela	<a href="https://twitter.com/OlgaChuela" target="_blank">OlgaChuela</a>	1	0	1	152	475	1836	Sant Andreu, Barcelona	002
@olgagusala	<a href="https://twitter.com/olgagusala" target="_blank">olgagusala</a>	1	0	1	57	84	19574		003
@OlgaNavarroR	<a href="https://twitter.com/OlgaNavarroR" target="_blank">OlgaNavarroR</a>	8	5	0	986	527	1261		039
@olgasallent1	<a href="https://twitter.com/olgasallent1" target="_blank">olgasallent1</a>	2	0	1	0	12	208		207
@oliextra	<a href="https://twitter.com/oliextra" target="_blank">oliextra</a>	8	0	2	17	70	1403		143
@OLIMPIA__	<a href="https://twitter.com/OLIMPIA__" target="_blank">OLIMPIA__</a>	4	0	2	137	337	4429	Catalunya	010
@olivar78o	<a href="https://twitter.com/olivar78o" target="_blank">olivar78o</a>	1	0	1	203	522	5421	Barcelona	008
@olivaresdavid	<a href="https://twitter.com/olivaresdavid" target="_blank">olivaresdavid</a>	3	0	1	3780	1313	5026	Catalunya	003
@Olivera_3	<a href="https://twitter.com/Olivera_3" target="_blank">Olivera_3</a>	3	0	1	61	345	365	Sant Martí, Barcelona	002
@OliverBartrina	<a href="https://twitter.com/OliverBartrina" target="_blank">OliverBartrina</a>	10	0	3	1816	4960	9946		003
@olm609	<a href="https://twitter.com/olm609" target="_blank">olm609</a>	2	0	1	20	116	552		003
@OlorizJoan	<a href="https://twitter.com/OlorizJoan" target="_blank">OlorizJoan</a>	4	0	1	997	517	883	Girona	174
@om68cat	<a href="https://twitter.com/om68cat" target="_blank">om68cat</a>	1	0	1	27	201	392	Casa meva	003
@OMasFotografia	<a href="https://twitter.com/OMasFotografia" target="_blank">OMasFotografia</a>	1	0	1	224	297	733	Sentmenat	003
@omatram	<a href="https://twitter.com/omatram" target="_blank">omatram</a>	7	0	2	208	382	38763	Catalunya	014
@ombrapirenne	<a href="https://twitter.com/ombrapirenne" target="_blank">ombrapirenne</a>	3	1	1	19	166	1607	Pirineus	544
@omnium	<a href="https://twitter.com/omnium" target="_blank">omnium</a>	11	0	2	151985	9339	15585	Catalunya	014
@OmniumEbre	<a href="https://twitter.com/OmniumEbre" target="_blank">OmniumEbre</a>	3	0	1	1189	647	3335	Terres de l'Ebre, Catalunya	004
@OmniumHG	<a href="https://twitter.com/OmniumHG" target="_blank">OmniumHG</a>	13	10	0	243	317	2135	Horta-Guinardó, Barcelona	014
@omniumrubi	<a href="https://twitter.com/omniumrubi" target="_blank">omniumrubi</a>	2	0	1	1075	931	3085	Rubí, Catalunya	387
@OmniumSabadell	<a href="https://twitter.com/OmniumSabadell" target="_blank">OmniumSabadell</a>	8	0	2	1041	606	16800	Sabadell	007
@OmniumTarragone	<a href="https://twitter.com/OmniumTarragone" target="_blank">OmniumTarragone</a>	5	0	1	1438	1155	4407	Tarragonès, Catalunya	014
@omniumterrassa	<a href="https://twitter.com/omniumterrassa" target="_blank">omniumterrassa</a>	6	0	1	2005	1227	2069	Terrassa ( Barcelona)	183
@omorfeo	<a href="https://twitter.com/omorfeo" target="_blank">omorfeo</a>	4	0	1	349	2294	1296	Barcelona	004
@OnaLlibres	<a href="https://twitter.com/OnaLlibres" target="_blank">OnaLlibres</a>	1	0	1	1297	1346	2182	Gran de Gràcia 217, Barcelona	226
@onaniol	<a href="https://twitter.com/onaniol" target="_blank">onaniol</a>	1	0	1	367	1606	395	Argentona	036
@onapuig	<a href="https://twitter.com/onapuig" target="_blank">onapuig</a>	7	0	1	78	70	4820		216
@oncle_tomas	<a href="https://twitter.com/oncle_tomas" target="_blank">oncle_tomas</a>	3	0	1	144	293	5709	a la panxa del bou	003
@OpioErrebeldea	<a href="https://twitter.com/OpioErrebeldea" target="_blank">OpioErrebeldea</a>	2	1	0	627	1333	3221		453
@ori_saura	<a href="https://twitter.com/ori_saura" target="_blank">ori_saura</a>	1	0	1	536	761	6567	Lleida / Catalunya	197
@ori1905	<a href="https://twitter.com/ori1905" target="_blank">ori1905</a>	60	0	7	107	1090	10381	Catalunya	004
@Oriol_Quintana	<a href="https://twitter.com/Oriol_Quintana" target="_blank">Oriol_Quintana</a>	1	1	0	446	929	2089		452
@Oriol_TBID	<a href="https://twitter.com/Oriol_TBID" target="_blank">Oriol_TBID</a>	4	0	2	275	526	1333	L'Hospitalet de l'Infant	026
@oriol1981	<a href="https://twitter.com/oriol1981" target="_blank">oriol1981</a>	3	1	0	689	1173	22776	Terrassa,Barcelona	454
@Oriol2petit	<a href="https://twitter.com/Oriol2petit" target="_blank">Oriol2petit</a>	1	3	1	376	625	791	Barcelona, Catalunya	314
@oriolbramona	<a href="https://twitter.com/oriolbramona" target="_blank">oriolbramona</a>	2	0	1	122	309	3565	Catalunya	004
@oriolcr	<a href="https://twitter.com/oriolcr" target="_blank">oriolcr</a>	9	0	2	681	583	9091	Barcelona	185
@oriolcreixells	<a href="https://twitter.com/oriolcreixells" target="_blank">oriolcreixells</a>	3	0	1	582	697	5386		139
@oriolescura	<a href="https://twitter.com/oriolescura" target="_blank">oriolescura</a>	1	0	1	384	712	1406	Catalunya	184
@oriolfb	<a href="https://twitter.com/oriolfb" target="_blank">oriolfb</a>	0	5	0					209
@oriolferran	<a href="https://twitter.com/oriolferran" target="_blank">oriolferran</a>	0	3	0					238
@oriolllado	<a href="https://twitter.com/oriolllado" target="_blank">oriolllado</a>	1	7	0	11156	3637	39490	Badalona, Països Catalans	014
@OriolMonteso	<a href="https://twitter.com/OriolMonteso" target="_blank">OriolMonteso</a>	0	41	0					008
@OriolParreno	<a href="https://twitter.com/OriolParreno" target="_blank">OriolParreno</a>	8	0	2	2468	843	18379	Barcelona - Catalunya	002
@OriolPelut	<a href="https://twitter.com/OriolPelut" target="_blank">OriolPelut</a>	5	0	1	151	85	13538	Barcelona, Catalunya, el món	004
@oriolposav	<a href="https://twitter.com/oriolposav" target="_blank">oriolposav</a>	0	1	0					450
@oriolpujols	<a href="https://twitter.com/oriolpujols" target="_blank">oriolpujols</a>	1	14	1	484	801	965	Reus	189
@OriolSala1	<a href="https://twitter.com/OriolSala1" target="_blank">OriolSala1</a>	3	0	1	169	201	2809	Catalunya	137
@OriolSerra2	<a href="https://twitter.com/OriolSerra2" target="_blank">OriolSerra2</a>	4	0	2	252	352	8042		077
@oriool_9	<a href="https://twitter.com/oriool_9" target="_blank">oriool_9</a>	1	0	1	40	83	140	Caldes de Montbui, Cataluña	169
@oriprincep	<a href="https://twitter.com/oriprincep" target="_blank">oriprincep</a>	1	0	1	77	161	3250	Barcelona	003
@orique_net	<a href="https://twitter.com/orique_net" target="_blank">orique_net</a>	3	0	1	160	444	9804	BCN, Rubí, Terrassa. Morella.	030
@orsejar	<a href="https://twitter.com/orsejar" target="_blank">orsejar</a>	4	0	1	242	367	4622		006
@orto1941	<a href="https://twitter.com/orto1941" target="_blank">orto1941</a>	2	0	1	6971	5223	49375		059
@OsalvadoM	<a href="https://twitter.com/OsalvadoM" target="_blank">OsalvadoM</a>	13	0	3	19	88	1309	Sant Boi de Llobregat, Espanya	034
@osbru1	<a href="https://twitter.com/osbru1" target="_blank">osbru1</a>	1	0	1	212	404	17807	Figueres	017
@oscar_sebastia	<a href="https://twitter.com/oscar_sebastia" target="_blank">oscar_sebastia</a>	8	0	1	177	517	33321	Rep. Independent de collserola	062
@OscarAndreu	<a href="https://twitter.com/OscarAndreu" target="_blank">OscarAndreu</a>	0	140	0					002
@OscarArranz	<a href="https://twitter.com/OscarArranz" target="_blank">OscarArranz</a>	2	0	1	15	103	674	Barcelona Catalunya	034
@oscarcivera	<a href="https://twitter.com/oscarcivera" target="_blank">oscarcivera</a>	3	0	1	43	254	2312		004
@oscarlm98	<a href="https://twitter.com/oscarlm98" target="_blank">oscarlm98</a>	49	0	2	2893	1890	117254	Barcelona, Catalunya	019
@OscarMartinM	<a href="https://twitter.com/OscarMartinM" target="_blank">OscarMartinM</a>	1	0	1	462	548	2646		517
@oscarribes68	<a href="https://twitter.com/oscarribes68" target="_blank">oscarribes68</a>	4	0	1	24	140	1384	Arenys de Mar, España	004
@oscarsanchezdm	<a href="https://twitter.com/oscarsanchezdm" target="_blank">oscarsanchezdm</a>	2	0	1	148	60	3661	Barcelona, Catalunya	061
@osckaret	<a href="https://twitter.com/osckaret" target="_blank">osckaret</a>	1	1	0	85	375	1754	Països Catalans	448
@oskarh71	<a href="https://twitter.com/oskarh71" target="_blank">oskarh71</a>	26	0	1	43	22	7218	Barcelona	034
@ossetbru	<a href="https://twitter.com/ossetbru" target="_blank">ossetbru</a>	1	0	1	70	334	2185		009
@oudi_piperrak	<a href="https://twitter.com/oudi_piperrak" target="_blank">oudi_piperrak</a>	1	0	1	397	493	2425	Kny - La selva	204
@ouiearap	<a href="https://twitter.com/ouiearap" target="_blank">ouiearap</a>	4	0	1	1564	238	2225		291
@OusxlDemocracia	<a href="https://twitter.com/OusxlDemocracia" target="_blank">OusxlDemocracia</a>	14	1	2	40	136	3727	Torrebesses	003
@outlyer	<a href="https://twitter.com/outlyer" target="_blank">outlyer</a>	1	0	1	641	352	26437	Barcelona	007
@outofcat	<a href="https://twitter.com/outofcat" target="_blank">outofcat</a>	4	0	1	395	454	2864	United Kingdom	010
@PabloCerralbo	<a href="https://twitter.com/PabloCerralbo" target="_blank">PabloCerralbo</a>	2	0	1	75	225	1084		003
@pabloibasi	<a href="https://twitter.com/pabloibasi" target="_blank">pabloibasi</a>	1	0	1	873	608	14544	Zaragoza	153
@Paco_Glez_	<a href="https://twitter.com/Paco_Glez_" target="_blank">Paco_Glez_</a>	0	2	0					308
@pacodelgado98	<a href="https://twitter.com/pacodelgado98" target="_blank">pacodelgado98</a>	1	0	1	508	525	2285	Que aqui esta el equilibrista	263
@Pacoescude	<a href="https://twitter.com/Pacoescude" target="_blank">Pacoescude</a>	21	0	1	443	887	26915	Barcelona, Catalunya	003
@pacojiro	<a href="https://twitter.com/pacojiro" target="_blank">pacojiro</a>	7	0	1	716	853	27274	Cerdanyola//República Catalana	232
@PacoZetaZeta	<a href="https://twitter.com/PacoZetaZeta" target="_blank">PacoZetaZeta</a>	2	0	1	1593	2537	50131	El Reino de los Cielos. Read The Bible	133
@PACUPSMM	<a href="https://twitter.com/PACUPSMM" target="_blank">PACUPSMM</a>	0	3	0					038
@pagoga15	<a href="https://twitter.com/pagoga15" target="_blank">pagoga15</a>	7	0	3	671	1116	19014	Sabadell, Catalunya	014
@PAHCiempozuelos	<a href="https://twitter.com/PAHCiempozuelos" target="_blank">PAHCiempozuelos</a>	1	0	1	2245	1661	17735	Travesia Capitán del Oro 5	202
@PaisanoGallardo	<a href="https://twitter.com/PaisanoGallardo" target="_blank">PaisanoGallardo</a>	0	3	0					231
@Paizal_ico	<a href="https://twitter.com/Paizal_ico" target="_blank">Paizal_ico</a>	1	0	1	319	860	37322	Ídola, marca mi camino.	005
@Pajarraca83	<a href="https://twitter.com/Pajarraca83" target="_blank">Pajarraca83</a>	6	0	2	176	717	1236	el Raval, Barcelona	009
@Pajarrakuss	<a href="https://twitter.com/Pajarrakuss" target="_blank">Pajarrakuss</a>	11	0	1	67	136	3900	Barcelona, Catalunya	012
@PalansiAnna	<a href="https://twitter.com/PalansiAnna" target="_blank">PalansiAnna</a>	6	0	1	377	692	10070	catalunya	133
@Palas4	<a href="https://twitter.com/Palas4" target="_blank">Palas4</a>	7	0	1	5722	4826	54537	ni idea	014
@PalauPinol	<a href="https://twitter.com/PalauPinol" target="_blank">PalauPinol</a>	2	0	1	53	244	946		015
@palermito4	<a href="https://twitter.com/palermito4" target="_blank">palermito4</a>	3	0	2	77	348	3541		029
@Pallacus	<a href="https://twitter.com/Pallacus" target="_blank">Pallacus</a>	25	0	5	256	261	19913	Barcino	014
@pallarsibruce	<a href="https://twitter.com/pallarsibruce" target="_blank">pallarsibruce</a>	4	0	1	413	439	12887		004
@pallofa	<a href="https://twitter.com/pallofa" target="_blank">pallofa</a>	2	0	1	193	617	3347	Banyoles	402
@palmira_marti	<a href="https://twitter.com/palmira_marti" target="_blank">palmira_marti</a>	22	0	2	1617	2116	99188		004
@pambtomaquet14	<a href="https://twitter.com/pambtomaquet14" target="_blank">pambtomaquet14</a>	7	0	1	66	192	819		003
@pampi_st	<a href="https://twitter.com/pampi_st" target="_blank">pampi_st</a>	3	0	1	39	88	581	Cataluña	310
@PamQueralto	<a href="https://twitter.com/PamQueralto" target="_blank">PamQueralto</a>	0	2	0					003
@PanadesPb	<a href="https://twitter.com/PanadesPb" target="_blank">PanadesPb</a>	20	0	1	986	1570	58493		061
@PanCymru	<a href="https://twitter.com/PanCymru" target="_blank">PanCymru</a>	1	0	1	1692	3848	7871	Cymru / Wales	206
@PanderetaZalea	<a href="https://twitter.com/PanderetaZalea" target="_blank">PanderetaZalea</a>	15	0	4	635	3334	11700		026
@pandmvb	<a href="https://twitter.com/pandmvb" target="_blank">pandmvb</a>	1	1	0	1014	993	11694	Barcelona, PAÏSOS CATALANS	447
@panerola	<a href="https://twitter.com/panerola" target="_blank">panerola</a>	11	0	1	310	263	37743	Esplugues, Catalunya, Europa	003
@pankunken	<a href="https://twitter.com/pankunken" target="_blank">pankunken</a>	8	0	2	257	531	3353		010
@papadria	<a href="https://twitter.com/papadria" target="_blank">papadria</a>	6	0	1	69	79	8850		010
@papipiu71	<a href="https://twitter.com/papipiu71" target="_blank">papipiu71</a>	2	0	1	66	117	2145	La patria del meu cor	003
@paquifer1969	<a href="https://twitter.com/paquifer1969" target="_blank">paquifer1969</a>	11	0	4	8808	8479	224680	BDN	014
@paquisoldado	<a href="https://twitter.com/paquisoldado" target="_blank">paquisoldado</a>	7	0	2	338	405	12307	Tona (Barcelona)	014
@Paraules	<a href="https://twitter.com/Paraules" target="_blank">Paraules</a>	18	0	2	858	2866	28813	Barcelona, Catalunya	071
@PardoBarris	<a href="https://twitter.com/PardoBarris" target="_blank">PardoBarris</a>	3	0	1	482	464	13643	Barcelona i Amèrica	017
@ParesReixach_O	<a href="https://twitter.com/ParesReixach_O" target="_blank">ParesReixach_O</a>	1	0	1	16	32	54		162
@pareto_pol	<a href="https://twitter.com/pareto_pol" target="_blank">pareto_pol</a>	11	0	2	10	15	617		014
@partbcn	<a href="https://twitter.com/partbcn" target="_blank">partbcn</a>	0	3	0					110
@PARTICIPA_SUR	<a href="https://twitter.com/PARTICIPA_SUR" target="_blank">PARTICIPA_SUR</a>	1	0	1	757	1810	8012	Sevilla, España	011
@partidos_pirata	<a href="https://twitter.com/partidos_pirata" target="_blank">partidos_pirata</a>	5	0	1	4119	992	29786	Estado español	165
@partit_pirata	<a href="https://twitter.com/partit_pirata" target="_blank">partit_pirata</a>	1	20	0	10250	560	15712	Catalunya	165
@partitocraciaNO	<a href="https://twitter.com/partitocraciaNO" target="_blank">partitocraciaNO</a>	13	0	1	618	1591	37182	balaguer	014
@PartitodeiSardi	<a href="https://twitter.com/PartitodeiSardi" target="_blank">PartitodeiSardi</a>	1	2	0	495	575	1143		150
@Pascual10A	<a href="https://twitter.com/Pascual10A" target="_blank">Pascual10A</a>	2	0	1	1985	3071	38503		059
@Paskito06	<a href="https://twitter.com/Paskito06" target="_blank">Paskito06</a>	3	0	1	116	742	1923	Barcelona, Cataluña	003
@PasquiLoLxD	<a href="https://twitter.com/PasquiLoLxD" target="_blank">PasquiLoLxD</a>	5	0	1	414	355	25815	Canet de Mar	005
@PastiseriaVerdi	<a href="https://twitter.com/PastiseriaVerdi" target="_blank">PastiseriaVerdi</a>	1	1	0	218	243	632	Barcelona	446
@pat_gema	<a href="https://twitter.com/pat_gema" target="_blank">pat_gema</a>	2	0	1	370	497	9307	Inglaterra, Reino Unido	003
@pataxula59	<a href="https://twitter.com/pataxula59" target="_blank">pataxula59</a>	1	0	1	337	523	3297	Palau-Solità i Plegamans	003
@patidb71	<a href="https://twitter.com/patidb71" target="_blank">patidb71</a>	7	0	1	1374	1574	2684	Girona	007
@PatiLailla	<a href="https://twitter.com/PatiLailla" target="_blank">PatiLailla</a>	9	0	1	710	788	20340	Catalunya	017
@patobruixa	<a href="https://twitter.com/patobruixa" target="_blank">patobruixa</a>	4	0	1	248	272	6572	Los Angeles USA	005
@patokastas	<a href="https://twitter.com/patokastas" target="_blank">patokastas</a>	2	0	1	9	20	308	Barcelona, Catalunya	014
@PatriciaTurrado	<a href="https://twitter.com/PatriciaTurrado" target="_blank">PatriciaTurrado</a>	1	0	1	143	267	3596		144
@PatrickVedel	<a href="https://twitter.com/PatrickVedel" target="_blank">PatrickVedel</a>	14	0	2	3269	5001	254397	Le Perthus, France	014
@PaTRii_Ziia	<a href="https://twitter.com/PaTRii_Ziia" target="_blank">PaTRii_Ziia</a>	1	0	1	17	45	259		008
@patrimurillo87	<a href="https://twitter.com/patrimurillo87" target="_blank">patrimurillo87</a>	5	0	1	3760	4993	7646	Carmelo, Barcelona	011
@PatriYuste	<a href="https://twitter.com/PatriYuste" target="_blank">PatriYuste</a>	3	0	1	477	499	6094		005
@patxekote	<a href="https://twitter.com/patxekote" target="_blank">patxekote</a>	1	0	1	55	400	761		192
@pau_urenya	<a href="https://twitter.com/pau_urenya" target="_blank">pau_urenya</a>	9	14	0	1114	1111	19559		026
@Pau49530213	<a href="https://twitter.com/Pau49530213" target="_blank">Pau49530213</a>	4	0	1	5	41	401		014
@paualsina	<a href="https://twitter.com/paualsina" target="_blank">paualsina</a>	1	0	1	1791	1833	5027	Barcelona	026
@paucarme	<a href="https://twitter.com/paucarme" target="_blank">paucarme</a>	1	0	1	46	54	358		519
@paufacu	<a href="https://twitter.com/paufacu" target="_blank">paufacu</a>	2	0	1	486	653	4820	Barcelona, Països Catalans	218
@PauFarinetes	<a href="https://twitter.com/PauFarinetes" target="_blank">PauFarinetes</a>	50	0	4	346	815	37343	Hostafrancs (EastEnd Cortsenc)	014
@paugc20	<a href="https://twitter.com/paugc20" target="_blank">paugc20</a>	0	1	0					445
@pauguiu	<a href="https://twitter.com/pauguiu" target="_blank">pauguiu</a>	0	3	0					115
@paul1899	<a href="https://twitter.com/paul1899" target="_blank">paul1899</a>	0	1	0					444
@Paula__Quilez	<a href="https://twitter.com/Paula__Quilez" target="_blank">Paula__Quilez</a>	1	0	1	152	215	617		225
@PaulaComes	<a href="https://twitter.com/PaulaComes" target="_blank">PaulaComes</a>	1	0	1	53	90	77		002
@paulaob79	<a href="https://twitter.com/paulaob79" target="_blank">paulaob79</a>	4	0	1	6	351	4951	Barcelona	002
@PaulaPuga1	<a href="https://twitter.com/PaulaPuga1" target="_blank">PaulaPuga1</a>	1	0	1	386	90	6359		461
@PauMassana	<a href="https://twitter.com/PauMassana" target="_blank">PauMassana</a>	0	2	0					280
@PauNavarraRZ	<a href="https://twitter.com/PauNavarraRZ" target="_blank">PauNavarraRZ</a>	2	0	1	1471	1591	21297		095
@pauobrador	<a href="https://twitter.com/pauobrador" target="_blank">pauobrador</a>	2	2	0	1293	766	11915	Països Catalans United Kingdom	287
@paupalolitica	<a href="https://twitter.com/paupalolitica" target="_blank">paupalolitica</a>	5	0	2	43	28	11722	cat	034
@paupros	<a href="https://twitter.com/paupros" target="_blank">paupros</a>	2	0	1	73	227	1943	Catalunya	025
@pausantandreu	<a href="https://twitter.com/pausantandreu" target="_blank">pausantandreu</a>	9	0	4	176	374	8575		049
@PauSumoy	<a href="https://twitter.com/PauSumoy" target="_blank">PauSumoy</a>	2	0	2	160	746	3176		139
@PauVerd1	<a href="https://twitter.com/PauVerd1" target="_blank">PauVerd1</a>	2	2	0	115	440	116	Catalunya	277
@pauvilalba	<a href="https://twitter.com/pauvilalba" target="_blank">pauvilalba</a>	0	1	0					047
@PauVilassar	<a href="https://twitter.com/PauVilassar" target="_blank">PauVilassar</a>	1	0	1	2477	1517	18742	Vilassar, Països Catalans	463
@pavlvsx	<a href="https://twitter.com/pavlvsx" target="_blank">pavlvsx</a>	8	0	1	74	129	8599	Here and there, mostly here.	002
@payess_twit	<a href="https://twitter.com/payess_twit" target="_blank">payess_twit</a>	2	0	1	152	247	2822		003
@paysol49	<a href="https://twitter.com/paysol49" target="_blank">paysol49</a>	5	0	1	1591	3551	53780	Solsona	003
@pboschcuenca	<a href="https://twitter.com/pboschcuenca" target="_blank">pboschcuenca</a>	2	0	1	4033	1667	16075	Catalunya	023
@pbuades	<a href="https://twitter.com/pbuades" target="_blank">pbuades</a>	17	0	1	293	696	11578	sa Pobla, Majorca, Catalonia	003
@pcodinag	<a href="https://twitter.com/pcodinag" target="_blank">pcodinag</a>	16	0	1	298	557	16544	Girona	003
@pcusco	<a href="https://twitter.com/pcusco" target="_blank">pcusco</a>	6	0	2	159	572	1424		009
@PDCCubelles	<a href="https://twitter.com/PDCCubelles" target="_blank">PDCCubelles</a>	1	0	1	398	377	857	Cubelles, Catalunya	223
@pdcjusticia	<a href="https://twitter.com/pdcjusticia" target="_blank">pdcjusticia</a>	3	0	1	607	718	2051	Catalunya, Espanya	208
@PDCMatadepera	<a href="https://twitter.com/PDCMatadepera" target="_blank">PDCMatadepera</a>	0	2	0					183
@PDCpsiplegamans	<a href="https://twitter.com/PDCpsiplegamans" target="_blank">PDCpsiplegamans</a>	3	0	1	68	74	745		102
@PDeCAT_LFdV	<a href="https://twitter.com/PDeCAT_LFdV" target="_blank">PDeCAT_LFdV</a>	1	0	1	279	340	2289	Les Franqueses del Vallès	010
@PDECat_LGarriga	<a href="https://twitter.com/PDECat_LGarriga" target="_blank">PDECat_LGarriga</a>	1	1	1	497	697	4114	la Garriga, Catalonia.	171
@PDeCAT_LH	<a href="https://twitter.com/PDeCAT_LH" target="_blank">PDeCAT_LH</a>	4	1	0	1417	1764	3269	L'Hospitalet de Llobregat	193
@pdecat_sabadell	<a href="https://twitter.com/pdecat_sabadell" target="_blank">pdecat_sabadell</a>	3	7	1	205	167	676	Sabadell, Catalunya	208
@PDECAT_Salt	<a href="https://twitter.com/PDECAT_Salt" target="_blank">PDECAT_Salt</a>	0	1	0					443
@PDeCATBAIXEMPOR	<a href="https://twitter.com/PDeCATBAIXEMPOR" target="_blank">PDeCATBAIXEMPOR</a>	3	0	1	34	219	260		025
@pdecatbalsareny	<a href="https://twitter.com/pdecatbalsareny" target="_blank">pdecatbalsareny</a>	3	0	1	234	454	1103	Balsareny	190
@PDeCATBCN	<a href="https://twitter.com/PDeCATBCN" target="_blank">PDeCATBCN</a>	3	9	0	3841	1896	7931	Barcelona, Catalunya	025
@PDeCATBDN	<a href="https://twitter.com/PDeCATBDN" target="_blank">PDeCATBDN</a>	1	0	1	1446	1754	1902	Badalona	004
@pdecatcardedeu	<a href="https://twitter.com/pdecatcardedeu" target="_blank">pdecatcardedeu</a>	0	1	0					442
@PDECATGarraf	<a href="https://twitter.com/PDECATGarraf" target="_blank">PDECATGarraf</a>	1	0	1	414	409	2140	Garraf, Catalunya	223
@PDeCATGava	<a href="https://twitter.com/PDeCATGava" target="_blank">PDeCATGava</a>	0	2	0					028
@PdecatGracia	<a href="https://twitter.com/PdecatGracia" target="_blank">PdecatGracia</a>	28	0	3	324	72	8436	Barcelona, Catalunya	014
@PDECATGramenet	<a href="https://twitter.com/PDECATGramenet" target="_blank">PDECATGramenet</a>	4	21	1	558	491	1619	Santa Coloma de Gramenet	188
@PDECATlanoguera	<a href="https://twitter.com/PDECATlanoguera" target="_blank">PDECATlanoguera</a>	5	0	1	66	319	1660	Lleida,	102
@PDeCATPonts	<a href="https://twitter.com/PDeCATPonts" target="_blank">PDeCATPonts</a>	10	0	2	302	162	1617	Ponts, La Noguera, Catalunya	014
@PDeCATROSES	<a href="https://twitter.com/PDeCATROSES" target="_blank">PDeCATROSES</a>	0	1	0					441
@PDeCATSANTCUGAT	<a href="https://twitter.com/PDeCATSANTCUGAT" target="_blank">PDeCATSANTCUGAT</a>	7	0	1	2113	2413	6479	Sant Cugat del Vallès	014
@PDECATsstg	<a href="https://twitter.com/PDECATsstg" target="_blank">PDECATsstg</a>	15	0	3	1661	2084	30241	Carrer Balmes 438, Barcelona	025
@PDeCATStQuirze	<a href="https://twitter.com/PDeCATStQuirze" target="_blank">PDeCATStQuirze</a>	11	0	2	347	526	5912	Sant Quirze del Vallès, CAT	102
@PDeCATTORDERA	<a href="https://twitter.com/PDeCATTORDERA" target="_blank">PDeCATTORDERA</a>	5	0	1	661	796	1637	Tordera	102
@Pdemocratacat	<a href="https://twitter.com/Pdemocratacat" target="_blank">Pdemocratacat</a>	8	59	1	190346	48261	19744	Catalunya	102
@pdepaula8	<a href="https://twitter.com/pdepaula8" target="_blank">pdepaula8</a>	1	0	1	25	317	415		002
@pdomenech1	<a href="https://twitter.com/pdomenech1" target="_blank">pdomenech1</a>	8	0	1	32	80	1253		307
@pecorina_666	<a href="https://twitter.com/pecorina_666" target="_blank">pecorina_666</a>	1	0	1	94	358	1702		197
@pedrazosfroilan	<a href="https://twitter.com/pedrazosfroilan" target="_blank">pedrazosfroilan</a>	1	1	0	122	183	5642		438
@Pedro41074134	<a href="https://twitter.com/Pedro41074134" target="_blank">Pedro41074134</a>	3	0	1	24	54	1129		003
@pedrogarciaflo3	<a href="https://twitter.com/pedrogarciaflo3" target="_blank">pedrogarciaflo3</a>	61	0	7	1890	547	370488	REPUBLICA CATALANA (GIRONA)	014
@peina_ovejas	<a href="https://twitter.com/peina_ovejas" target="_blank">peina_ovejas</a>	6	0	1	515	308	71528		011
@PellSanllehi	<a href="https://twitter.com/PellSanllehi" target="_blank">PellSanllehi</a>	8	1	2	136	905	865		047
@Penchats	<a href="https://twitter.com/Penchats" target="_blank">Penchats</a>	1	0	1	60	652	2429		004
@penya1992	<a href="https://twitter.com/penya1992" target="_blank">penya1992</a>	9	0	2	74	87	1485	Catalunya	014
@pep_labranya	<a href="https://twitter.com/pep_labranya" target="_blank">pep_labranya</a>	1	0	1	53	226	3311		003
@Pep_LeRus	<a href="https://twitter.com/Pep_LeRus" target="_blank">Pep_LeRus</a>	2	0	1	130	393	5389	Barcelona	003
@Pep_tf	<a href="https://twitter.com/Pep_tf" target="_blank">Pep_tf</a>	0	1	0					014
@Pep61Morales	<a href="https://twitter.com/Pep61Morales" target="_blank">Pep61Morales</a>	1	0	1	83	126	817		496
@pepa2427	<a href="https://twitter.com/pepa2427" target="_blank">pepa2427</a>	2	0	1	114	643	1335	Barcelona	014
@Pepabonet	<a href="https://twitter.com/Pepabonet" target="_blank">Pepabonet</a>	5	0	1	411	773	21056	Catalunya	139
@pepavives	<a href="https://twitter.com/pepavives" target="_blank">pepavives</a>	15	0	2	631	1010	8429	Barcelona	053
@pepbascovidal	<a href="https://twitter.com/pepbascovidal" target="_blank">pepbascovidal</a>	10	0	2	128	306	15690		007
@pepdelspanyos	<a href="https://twitter.com/pepdelspanyos" target="_blank">pepdelspanyos</a>	2	0	1	308	659	2157		297
@PepDLV	<a href="https://twitter.com/PepDLV" target="_blank">PepDLV</a>	1	0	1	3	50	114		003
@Pepe_Tron_B_M	<a href="https://twitter.com/Pepe_Tron_B_M" target="_blank">Pepe_Tron_B_M</a>	3	0	1	497	407	10719	Dieuloulou	014
@pepegotera65	<a href="https://twitter.com/pepegotera65" target="_blank">pepegotera65</a>	6	0	1	62	146	7875		006
@pepescoda	<a href="https://twitter.com/pepescoda" target="_blank">pepescoda</a>	3	1	0	1547	1077	25515	TGN / BCN / MIAMI FL	436
@pepetimarieta	<a href="https://twitter.com/pepetimarieta" target="_blank">pepetimarieta</a>	4	0	2	5618	747	8478	Ulldecona, Benicarló i BCN	094
@pepforn	<a href="https://twitter.com/pepforn" target="_blank">pepforn</a>	2	0	1	1034	105	9813	Terrassa	030
@pepfusterbm	<a href="https://twitter.com/pepfusterbm" target="_blank">pepfusterbm</a>	10	0	4	2253	2400	42767		013
@Pepifin	<a href="https://twitter.com/Pepifin" target="_blank">Pepifin</a>	10	0	4	178	384	33353		007
@pepimares	<a href="https://twitter.com/pepimares" target="_blank">pepimares</a>	2	1	0	125	338	1829	BARCELONA	437
@pepll51	<a href="https://twitter.com/pepll51" target="_blank">pepll51</a>	4	0	1	430	474	76757	Barcelona, Catalunya	017
@peploren	<a href="https://twitter.com/peploren" target="_blank">peploren</a>	1	0	1	123	455	329	bcn	014
@pepmarata	<a href="https://twitter.com/pepmarata" target="_blank">pepmarata</a>	2	0	2	76	156	2718	la Garriga Catalunya	057
@pepmartorell	<a href="https://twitter.com/pepmartorell" target="_blank">pepmartorell</a>	4	123	0	5887	1368	21335	Barcelona	017
@Pepmoline	<a href="https://twitter.com/Pepmoline" target="_blank">Pepmoline</a>	4	0	1	1519	1379	12877	Sitges, Catalunya	143
@pepmollevi	<a href="https://twitter.com/pepmollevi" target="_blank">pepmollevi</a>	8	0	1	761	1340	23476	Baix Montseny	139
@PepMura	<a href="https://twitter.com/PepMura" target="_blank">PepMura</a>	5	0	2	46	84	1320	Catalunya	174
@peporoviras	<a href="https://twitter.com/peporoviras" target="_blank">peporoviras</a>	1	0	1	37	279	101		010
@PepPayo	<a href="https://twitter.com/PepPayo" target="_blank">PepPayo</a>	26	0	5	973	628	27648	Vila de Gracia, Barcelona	153
@peppuiggari	<a href="https://twitter.com/peppuiggari" target="_blank">peppuiggari</a>	1	1	0	237	199	1167	Catalunya	432
@pepRebula	<a href="https://twitter.com/pepRebula" target="_blank">pepRebula</a>	3	0	1	187	243	3692	Barcelona	005
@pepsabater	<a href="https://twitter.com/pepsabater" target="_blank">pepsabater</a>	24	0	1	316	49	58539	Catalunya	034
@pepsauri	<a href="https://twitter.com/pepsauri" target="_blank">pepsauri</a>	3	0	1	859	1200	22662	Catalunya	004
@pepsolmor	<a href="https://twitter.com/pepsolmor" target="_blank">pepsolmor</a>	1	0	1	31	206	270		036
@pepvivet	<a href="https://twitter.com/pepvivet" target="_blank">pepvivet</a>	1	0	1	36	144	1708	Roda de Berà	034
@PepxSole	<a href="https://twitter.com/PepxSole" target="_blank">PepxSole</a>	9	0	2	1910	1825	11747	Platja d'Aro	007
@percepcions	<a href="https://twitter.com/percepcions" target="_blank">percepcions</a>	1	1	0	2677	2246	4115	Reus	431
@perdiguero_alex	<a href="https://twitter.com/perdiguero_alex" target="_blank">perdiguero_alex</a>	3	0	1	99	226	2436		002
@pere_peressi8	<a href="https://twitter.com/pere_peressi8" target="_blank">pere_peressi8</a>	1	0	1	169	125	5542		157
@pere006	<a href="https://twitter.com/pere006" target="_blank">pere006</a>	1	0	1	42	286	114	Tiana	016
@Pere1cero	<a href="https://twitter.com/Pere1cero" target="_blank">Pere1cero</a>	1	0	1	99	308	1357		003
@pereboira	<a href="https://twitter.com/pereboira" target="_blank">pereboira</a>	3	0	1	192	837	3915	Vila-Seca	036
@PereCalella	<a href="https://twitter.com/PereCalella" target="_blank">PereCalella</a>	3	0	1	471	370	3048	Calella, Maresme, Catalunya	109
@PereCardus	<a href="https://twitter.com/PereCardus" target="_blank">PereCardus</a>	5	2	0	15288	1614	26882	Països Catalans	090
@perecasanovas	<a href="https://twitter.com/perecasanovas" target="_blank">perecasanovas</a>	0	1	0					433
@PereCastillo53	<a href="https://twitter.com/PereCastillo53" target="_blank">PereCastillo53</a>	29	0	2	696	1104	82765	Sant Just Desvern - Catalunya	005
@perecortes48	<a href="https://twitter.com/perecortes48" target="_blank">perecortes48</a>	9	0	1	277	198	24126		014
@peredepalau	<a href="https://twitter.com/peredepalau" target="_blank">peredepalau</a>	6	0	1	3780	1299	87106	Palau-solità i Plegamans	105
@PereFerrer	<a href="https://twitter.com/PereFerrer" target="_blank">PereFerrer</a>	3	0	1	281	930	8535		250
@pereg64	<a href="https://twitter.com/pereg64" target="_blank">pereg64</a>	3	0	1	8	24	112	Sant Pere de Ribes	034
@PereGalofre	<a href="https://twitter.com/PereGalofre" target="_blank">PereGalofre</a>	6	0	2	158	524	1857	Tarragona, Catalunya	102
@peregarcia63	<a href="https://twitter.com/peregarcia63" target="_blank">peregarcia63</a>	6	0	1	256	385	3197		017
@PereGuino	<a href="https://twitter.com/PereGuino" target="_blank">PereGuino</a>	1	1	0	259	528	809		430
@PereLleixa	<a href="https://twitter.com/PereLleixa" target="_blank">PereLleixa</a>	16	0	2	1993	4967	52737	Catalunya, PPCC	070
@perelluis_	<a href="https://twitter.com/perelluis_" target="_blank">perelluis_</a>	10	0	2	1150	2525	12273	Barcelona	079
@perelorente1	<a href="https://twitter.com/perelorente1" target="_blank">perelorente1</a>	5	0	1	1130	1772	14180	BARCELONA, Catalunya	066
@PereMas	<a href="https://twitter.com/PereMas" target="_blank">PereMas</a>	0	6	0					004
@PereMtzCarrete	<a href="https://twitter.com/PereMtzCarrete" target="_blank">PereMtzCarrete</a>	1	0	1	856	1698	2923	Badalona	193
@PerePam	<a href="https://twitter.com/PerePam" target="_blank">PerePam</a>	4	0	1	612	1076	11403	A Ullastrell a Terrassa a Bcn	003
@perepaujh	<a href="https://twitter.com/perepaujh" target="_blank">perepaujh</a>	2	0	1	1411	798	38233	Argelaguer Girona	012
@perepujol	<a href="https://twitter.com/perepujol" target="_blank">perepujol</a>	4	0	1	432	431	8579	Catalunya	139
@PereRF	<a href="https://twitter.com/PereRF" target="_blank">PereRF</a>	13	18	3	5769	6242	35030	República de Catalunya,  UE.	014
@pereribo	<a href="https://twitter.com/pereribo" target="_blank">pereribo</a>	2	0	1	32	155	997	Barcelona, Espanya	003
@perermerono	<a href="https://twitter.com/perermerono" target="_blank">perermerono</a>	15	0	2	2098	3930	115219	Barcelona / Badalona	168
@peresanz	<a href="https://twitter.com/peresanz" target="_blank">peresanz</a>	1	0	1	1229	743	5621	Barcelona	034
@PereSerrat	<a href="https://twitter.com/PereSerrat" target="_blank">PereSerrat</a>	0	2	0					284
@Peret72118101	<a href="https://twitter.com/Peret72118101" target="_blank">Peret72118101</a>	17	0	2	37	86	3762		026
@peretdepalau	<a href="https://twitter.com/peretdepalau" target="_blank">peretdepalau</a>	6	0	1	109	97	4588		138
@PeretXinxola	<a href="https://twitter.com/PeretXinxola" target="_blank">PeretXinxola</a>	1	0	1	156	240	2404	Sant Pere de Ribes	026
@perevillanueva	<a href="https://twitter.com/perevillanueva" target="_blank">perevillanueva</a>	2	0	1	532	669	13218		047
@perevivaselias	<a href="https://twitter.com/perevivaselias" target="_blank">perevivaselias</a>	16	0	1	849	1223	48648	Catalunya.	036
@PereWoolf	<a href="https://twitter.com/PereWoolf" target="_blank">PereWoolf</a>	5	0	1	18	129	3689		003
@perezlozano	<a href="https://twitter.com/perezlozano" target="_blank">perezlozano</a>	7	1	0	3501	3096	32279	El Prat de Llobregat	040
@PerezSaubi	<a href="https://twitter.com/PerezSaubi" target="_blank">PerezSaubi</a>	17	0	2	461	624	44512		105
@Perico_CatCracs	<a href="https://twitter.com/Perico_CatCracs" target="_blank">Perico_CatCracs</a>	21	0	4	57	58	1296	CATALUNYA	003
@Periodismofreel	<a href="https://twitter.com/Periodismofreel" target="_blank">Periodismofreel</a>	9	0	3	2071	2482	122469	Africa Central y Occidental	015
@PerlaciaImma	<a href="https://twitter.com/PerlaciaImma" target="_blank">PerlaciaImma</a>	7	0	2	49	78	412		036
@PEROQUEDIUS	<a href="https://twitter.com/PEROQUEDIUS" target="_blank">PEROQUEDIUS</a>	1	0	1	4	59	428		006
@PerotdeCalMil	<a href="https://twitter.com/PerotdeCalMil" target="_blank">PerotdeCalMil</a>	1	0	1	922	1526	43658		034
@perruqueriadomi	<a href="https://twitter.com/perruqueriadomi" target="_blank">perruqueriadomi</a>	1	0	1	223	395	11974	Alpicat	014
@peruchita1950	<a href="https://twitter.com/peruchita1950" target="_blank">peruchita1950</a>	22	0	3	3200	3975	147820		007
@peter_fort_dell	<a href="https://twitter.com/peter_fort_dell" target="_blank">peter_fort_dell</a>	11	0	1	103	387	2471	Catalunya	014
@PETIMPETAM	<a href="https://twitter.com/PETIMPETAM" target="_blank">PETIMPETAM</a>	1	0	1	14	72	82	Manlleu	003
@PetrolisIndep	<a href="https://twitter.com/PetrolisIndep" target="_blank">PetrolisIndep</a>	1	3	0	3853	2046	6484	CATALUNYA-CATALONIA	116
@peudeministre	<a href="https://twitter.com/peudeministre" target="_blank">peudeministre</a>	2	0	1	803	975	27399	Barcelona, Catalunya, UE	174
@peuesquerra	<a href="https://twitter.com/peuesquerra" target="_blank">peuesquerra</a>	4	0	1	8	176	264		077
@Pevi26102891	<a href="https://twitter.com/Pevi26102891" target="_blank">Pevi26102891</a>	11	0	2	99	261	19046		026
@pezigollas	<a href="https://twitter.com/pezigollas" target="_blank">pezigollas</a>	6	0	2	87	272	1900		019
@pgandreu	<a href="https://twitter.com/pgandreu" target="_blank">pgandreu</a>	26	0	4	53	147	5131	Catalunya	140
@pgimenezs	<a href="https://twitter.com/pgimenezs" target="_blank">pgimenezs</a>	15	0	5	49	110	5645	Catalunya, Espanya	017
@pgtorremorell1	<a href="https://twitter.com/pgtorremorell1" target="_blank">pgtorremorell1</a>	13	0	1	45	161	11947		026
@phoenix_derive	<a href="https://twitter.com/phoenix_derive" target="_blank">phoenix_derive</a>	7	0	1	213	403	10889		014
@PhoenixDuBois	<a href="https://twitter.com/PhoenixDuBois" target="_blank">PhoenixDuBois</a>	3	0	1	4189	2780	131984	Can Phoenixbroh	003
@PI31416NO	<a href="https://twitter.com/PI31416NO" target="_blank">PI31416NO</a>	2	0	1	28	65	605	Cataluña	014
@PibernatJoan	<a href="https://twitter.com/PibernatJoan" target="_blank">PibernatJoan</a>	7	0	1	57	126	2113	Girona	015
@Picap	<a href="https://twitter.com/Picap" target="_blank">Picap</a>	3	0	1	4449	2028	18642	Castellar del Vallès	239
@picapicabufa	<a href="https://twitter.com/picapicabufa" target="_blank">picapicabufa</a>	2	0	1	25	169	158	Sabadell	003
@Picot_Negre	<a href="https://twitter.com/Picot_Negre" target="_blank">Picot_Negre</a>	3	0	1	816	1203	12655	Catalunya	143
@PIJOAPARTEMARSE	<a href="https://twitter.com/PIJOAPARTEMARSE" target="_blank">PIJOAPARTEMARSE</a>	13	0	1	1118	528	126544	Almuñécar, España	005
@Pilar_casanovas	<a href="https://twitter.com/Pilar_casanovas" target="_blank">Pilar_casanovas</a>	2	0	1	192	316	4630	Malgrat de Mar	015
@pilarbertran64	<a href="https://twitter.com/pilarbertran64" target="_blank">pilarbertran64</a>	5	1	0	89	216	1249		434
@pilarcugat	<a href="https://twitter.com/pilarcugat" target="_blank">pilarcugat</a>	0	2	0					279
@PilarinRodri	<a href="https://twitter.com/PilarinRodri" target="_blank">PilarinRodri</a>	12	0	3	670	480	74752	catalunya	014
@PilarPerezBcn	<a href="https://twitter.com/PilarPerezBcn" target="_blank">PilarPerezBcn</a>	2	1	0	3898	4493	35597	Nou Barris, Barcelona	429
@PilarSerranoO	<a href="https://twitter.com/PilarSerranoO" target="_blank">PilarSerranoO</a>	3	0	1	187	721	7788		034
@pilartdelisau	<a href="https://twitter.com/pilartdelisau" target="_blank">pilartdelisau</a>	4	0	2	396	1034	1185	Barcelona - Girona- Catalunya	146
@PileteJosefine	<a href="https://twitter.com/PileteJosefine" target="_blank">PileteJosefine</a>	33	0	2	2785	2117	146848		116
@Pili_Sanmartin	<a href="https://twitter.com/Pili_Sanmartin" target="_blank">Pili_Sanmartin</a>	1	0	1	531	989	5135		019
@Piliconver	<a href="https://twitter.com/Piliconver" target="_blank">Piliconver</a>	2	0	1	287	288	18273	Barcelona	003
@PiliMartorell3	<a href="https://twitter.com/PiliMartorell3" target="_blank">PiliMartorell3</a>	2	0	1	3	99	159	Girona, Catalunya	015
@pilitgb	<a href="https://twitter.com/pilitgb" target="_blank">pilitgb</a>	3	0	2	19	117	288	Valls, Espanya	014
@pimpinelaescar2	<a href="https://twitter.com/pimpinelaescar2" target="_blank">pimpinelaescar2</a>	1	0	1	55	116	15910		003
@pinagol	<a href="https://twitter.com/pinagol" target="_blank">pinagol</a>	2	0	1	36	210	1225	Sants, Barcelona	309
@pinetell	<a href="https://twitter.com/pinetell" target="_blank">pinetell</a>	0	2	0					041
@PinillosMontse	<a href="https://twitter.com/PinillosMontse" target="_blank">PinillosMontse</a>	1	0	1	103	417	1188	sabadell	003
@pinksilverwhite	<a href="https://twitter.com/pinksilverwhite" target="_blank">pinksilverwhite</a>	2	0	1	27	179	344		003
@Pinna2b	<a href="https://twitter.com/Pinna2b" target="_blank">Pinna2b</a>	1	0	1	8	23	48		126
@PinoDelas	<a href="https://twitter.com/PinoDelas" target="_blank">PinoDelas</a>	1	15	0	323	1244	2295		103
@Pinyol2010	<a href="https://twitter.com/Pinyol2010" target="_blank">Pinyol2010</a>	1	0	1	27	55	1523	Barcelona	002
@PinyolElisenda	<a href="https://twitter.com/PinyolElisenda" target="_blank">PinyolElisenda</a>	8	0	1	57	167	3096		017
@pinyuner	<a href="https://twitter.com/pinyuner" target="_blank">pinyuner</a>	14	0	2	227	1042	14821	Barcelona	014
@Piolin_fc	<a href="https://twitter.com/Piolin_fc" target="_blank">Piolin_fc</a>	21	0	1	31	90	1407		005
@pirates_anoia	<a href="https://twitter.com/pirates_anoia" target="_blank">pirates_anoia</a>	1	0	1	290	136	1513	L'Anoia	165
@PiratesEducacio	<a href="https://twitter.com/PiratesEducacio" target="_blank">PiratesEducacio</a>	1	0	1	395	872	742		165
@pitudedeu	<a href="https://twitter.com/pitudedeu" target="_blank">pitudedeu</a>	15	17	2	15767	16697	79744	#DI	003
@Pitxu14	<a href="https://twitter.com/Pitxu14" target="_blank">Pitxu14</a>	0	1	0					049
@Piulador_CATALA	<a href="https://twitter.com/Piulador_CATALA" target="_blank">Piulador_CATALA</a>	1	4	0	17040	1988	28540	CATALUNYA	097
@Piulator	<a href="https://twitter.com/Piulator" target="_blank">Piulator</a>	2	0	1	83	280	2509	barcelona	003
@Piulenc	<a href="https://twitter.com/Piulenc" target="_blank">Piulenc</a>	5	0	1	545	304	33651	☭ ♀ ||*||	061
@pjrb68	<a href="https://twitter.com/pjrb68" target="_blank">pjrb68</a>	9	0	1	47	227	2978		012
@planas_e	<a href="https://twitter.com/planas_e" target="_blank">planas_e</a>	2	0	1	1116	376	17616	Catalunya (UE)	219
@pll_marc	<a href="https://twitter.com/pll_marc" target="_blank">pll_marc</a>	1	0	1	33	116	481	Catalunya, Espanya	003
@pmenamendoza	<a href="https://twitter.com/pmenamendoza" target="_blank">pmenamendoza</a>	12	0	2	1047	2501	25816		003
@pnkpussy	<a href="https://twitter.com/pnkpussy" target="_blank">pnkpussy</a>	1	0	1	382	127	29276	bcn	131
@PNMontserrat	<a href="https://twitter.com/PNMontserrat" target="_blank">PNMontserrat</a>	1	0	1	4239	114	2985	Muntanya de Montserrat	021
@poca_roba	<a href="https://twitter.com/poca_roba" target="_blank">poca_roba</a>	1	0	1	61	224	126		019
@Pocinomoga	<a href="https://twitter.com/Pocinomoga" target="_blank">Pocinomoga</a>	2	0	1	120	283	1349	pocinomoga advocats	006
@poema29	<a href="https://twitter.com/poema29" target="_blank">poema29</a>	1	0	1	471	461	21908	Lloret de Mar Bcn Spain	003
@Poemo1973	<a href="https://twitter.com/Poemo1973" target="_blank">Poemo1973</a>	2	0	1	299	845	5838		225
@Pol_RC8	<a href="https://twitter.com/Pol_RC8" target="_blank">Pol_RC8</a>	1	0	1	32	239	183		006
@pol8sa	<a href="https://twitter.com/pol8sa" target="_blank">pol8sa</a>	1	0	1	300	431	6053	el Masnou, Catalunya	234
@polcastella	<a href="https://twitter.com/polcastella" target="_blank">polcastella</a>	0	1	0					252
@polinices11	<a href="https://twitter.com/polinices11" target="_blank">polinices11</a>	7	0	1	19	416	2102		034
@polldelcel	<a href="https://twitter.com/polldelcel" target="_blank">polldelcel</a>	3	0	1	132	575	1536	Barcelona	048
@poloniotroski	<a href="https://twitter.com/poloniotroski" target="_blank">poloniotroski</a>	16	0	1	1484	1686	43359	Catalunya	014
@polpc97	<a href="https://twitter.com/polpc97" target="_blank">polpc97</a>	2	0	1	241	504	4481		009
@polsedierta	<a href="https://twitter.com/polsedierta" target="_blank">polsedierta</a>	3	0	1	1452	1017	58482	Republica Catalana	095
@polvoriexplusiu	<a href="https://twitter.com/polvoriexplusiu" target="_blank">polvoriexplusiu</a>	1	0	1	46	151	1227	Barcelona, Catalunya	003
@PonsBarbara	<a href="https://twitter.com/PonsBarbara" target="_blank">PonsBarbara</a>	2	0	1	350	358	2266		003
@Ponsegarra	<a href="https://twitter.com/Ponsegarra" target="_blank">Ponsegarra</a>	1	0	1	161	335	969	Barcelona	061
@Poper	<a href="https://twitter.com/Poper" target="_blank">Poper</a>	2	0	1	146	382	915	Catalunya	431
@popt4	<a href="https://twitter.com/popt4" target="_blank">popt4</a>	1	0	1	77	124	7396	Bcn-Cat	017
@portapruna	<a href="https://twitter.com/portapruna" target="_blank">portapruna</a>	1	1	0	599	372	1290	Sant Just Desvern	426
@poskinx	<a href="https://twitter.com/poskinx" target="_blank">poskinx</a>	1	0	1	99	311	545	Konolulu	007
@potpetit	<a href="https://twitter.com/potpetit" target="_blank">potpetit</a>	2	0	1	141	601	9200	catalunya	021
@Poxci53	<a href="https://twitter.com/Poxci53" target="_blank">Poxci53</a>	28	0	3	173	259	31759		003
@PozasJoan	<a href="https://twitter.com/PozasJoan" target="_blank">PozasJoan</a>	12	0	1	363	663	5878	Barcelona, Catalunya	188
@PradaXavi	<a href="https://twitter.com/PradaXavi" target="_blank">PradaXavi</a>	2	0	1	93	311	393	Lleida	004
@PrezSagr	<a href="https://twitter.com/PrezSagr" target="_blank">PrezSagr</a>	6	0	3	312	719	12227	Catalunya	003
@prezthentonow	<a href="https://twitter.com/prezthentonow" target="_blank">prezthentonow</a>	1	0	1	7215	7718	55893	Austin, TX	018
@PrimaveraLliure	<a href="https://twitter.com/PrimaveraLliure" target="_blank">PrimaveraLliure</a>	3	1	0	2248	2248	45583	Woman in Barcelona (Catalonia)	011
@Primfael1	<a href="https://twitter.com/Primfael1" target="_blank">Primfael1</a>	5	0	1	19	50	4035		015
@PrincesssNu	<a href="https://twitter.com/PrincesssNu" target="_blank">PrincesssNu</a>	0	3	0					004
@profEHRBAR	<a href="https://twitter.com/profEHRBAR" target="_blank">profEHRBAR</a>	7	0	1	177	517	6430	Antigua and Barbuda	003
@ProGloCommons	<a href="https://twitter.com/ProGloCommons" target="_blank">ProGloCommons</a>	5	0	1	2412	3886	128234	Global	273
@promptuarium	<a href="https://twitter.com/promptuarium" target="_blank">promptuarium</a>	1	0	1	6	46	55		280
@Pruden2017	<a href="https://twitter.com/Pruden2017" target="_blank">Pruden2017</a>	3	0	1	50	175	3366	Barcelona, Espanya	230
@PSabatet	<a href="https://twitter.com/PSabatet" target="_blank">PSabatet</a>	4	0	1	127	321	1287		138
@psellares00	<a href="https://twitter.com/psellares00" target="_blank">psellares00</a>	2	0	1	78	169	2006		003
@PSenan	<a href="https://twitter.com/PSenan" target="_blank">PSenan</a>	2	0	1	286	618	3935		003
@pserra05	<a href="https://twitter.com/pserra05" target="_blank">pserra05</a>	1	0	1	233	328	9613		003
@psicolegsanc	<a href="https://twitter.com/psicolegsanc" target="_blank">psicolegsanc</a>	7	1	1	1594	871	9128		014
@PSlvia	<a href="https://twitter.com/PSlvia" target="_blank">PSlvia</a>	6	0	1	687	1449	10170	Chile	011
@PsychoticRat	<a href="https://twitter.com/PsychoticRat" target="_blank">PsychoticRat</a>	1	0	1	158	507	3327		137
@PTalamanca	<a href="https://twitter.com/PTalamanca" target="_blank">PTalamanca</a>	8	0	3	179	144	7716	Visca Catalunya	007
@PTizne	<a href="https://twitter.com/PTizne" target="_blank">PTizne</a>	8	0	2	148	287	3514	Reus	017
@puigvert7	<a href="https://twitter.com/puigvert7" target="_blank">puigvert7</a>	6	0	2	71	190	6277	Uppsala, Sverige	004
@pujolarsenpau	<a href="https://twitter.com/pujolarsenpau" target="_blank">pujolarsenpau</a>	11	0	1	264	396	26252	Besalú CATALUNYA	222
@PujolVegui	<a href="https://twitter.com/PujolVegui" target="_blank">PujolVegui</a>	3	0	2	3	78	279		012
@Puk3333	<a href="https://twitter.com/Puk3333" target="_blank">Puk3333</a>	3	0	1	116	41	19371		003
@puricespedesd	<a href="https://twitter.com/puricespedesd" target="_blank">puricespedesd</a>	1	0	1	837	938	713	Barcelona	034
@Puropoliester	<a href="https://twitter.com/Puropoliester" target="_blank">Puropoliester</a>	5	0	1	61	188	4088	Catalunya	003
@PXinxola	<a href="https://twitter.com/PXinxola" target="_blank">PXinxola</a>	0	1	0					425
@PyrusPep	<a href="https://twitter.com/PyrusPep" target="_blank">PyrusPep</a>	7	0	1	199	382	5230		338
@q_cex	<a href="https://twitter.com/q_cex" target="_blank">q_cex</a>	1	0	1	18	94	633		303
@q_vila	<a href="https://twitter.com/q_vila" target="_blank">q_vila</a>	14	3	1	2764	2652	11569	Catalunya	014
@qtorras	<a href="https://twitter.com/qtorras" target="_blank">qtorras</a>	7	0	1	121	264	3878	Catalunya	090
@Qua_sar2	<a href="https://twitter.com/Qua_sar2" target="_blank">Qua_sar2</a>	1	0	1	410	428	3660		059
@QuantumLoop1	<a href="https://twitter.com/QuantumLoop1" target="_blank">QuantumLoop1</a>	3	0	1	86	315	3263	Igualada, Espanya	004
@QuecoJonesPP	<a href="https://twitter.com/QuecoJonesPP" target="_blank">QuecoJonesPP</a>	2	0	1	82	417	3575		003
@quelfus	<a href="https://twitter.com/quelfus" target="_blank">quelfus</a>	15	0	1	193	189	14824	banyoles	109
@quelpages	<a href="https://twitter.com/quelpages" target="_blank">quelpages</a>	2	0	1	221	550	3387		003
@QueTeDurden	<a href="https://twitter.com/QueTeDurden" target="_blank">QueTeDurden</a>	11	0	1	79	649	5713		003
@Quicobcn	<a href="https://twitter.com/Quicobcn" target="_blank">Quicobcn</a>	1	0	1	108	320	2780		002
@quilombosfera	<a href="https://twitter.com/quilombosfera" target="_blank">quilombosfera</a>	1	0	1	2674	2513	72427	Cualquier quilombo.	200
@Quim_Sabate	<a href="https://twitter.com/Quim_Sabate" target="_blank">Quim_Sabate</a>	11	0	1	807	1373	30378		003
@quimapp	<a href="https://twitter.com/quimapp" target="_blank">quimapp</a>	4	1	1	65	347	1084	Priorat	014
@quimarrufat	<a href="https://twitter.com/quimarrufat" target="_blank">quimarrufat</a>	10	0	1	88496	1441	12588	Vilanova i G, Països Catalans	198
@quimayats	<a href="https://twitter.com/quimayats" target="_blank">quimayats</a>	1	0	1	662	458	1551		174
@quimbosch	<a href="https://twitter.com/quimbosch" target="_blank">quimbosch</a>	8	0	4	527	549	7274	Barcelona	008
@quimcatala	<a href="https://twitter.com/quimcatala" target="_blank">quimcatala</a>	1	0	1	63	145	283		003
@QuimCompte	<a href="https://twitter.com/QuimCompte" target="_blank">QuimCompte</a>	2	0	1	314	763	15873		003
@quimflaquer	<a href="https://twitter.com/quimflaquer" target="_blank">quimflaquer</a>	3	0	1	31	276	1809		017
@quimlyfar	<a href="https://twitter.com/quimlyfar" target="_blank">quimlyfar</a>	7	0	1	717	1080	22291		004
@Quimmarca	<a href="https://twitter.com/Quimmarca" target="_blank">Quimmarca</a>	1	0	1	816	816	32823	L'Escala, Girona	005
@QuimMonzo	<a href="https://twitter.com/QuimMonzo" target="_blank">QuimMonzo</a>	7	0	3	283199	1216	139823		048
@Quimoh	<a href="https://twitter.com/Quimoh" target="_blank">Quimoh</a>	17	0	1	45	141	3709	Schorndorf	003
@QuimRBosch	<a href="https://twitter.com/QuimRBosch" target="_blank">QuimRBosch</a>	7	0	1	126	117	5427		026
@quimrocaroch	<a href="https://twitter.com/quimrocaroch" target="_blank">quimrocaroch</a>	5	0	1	181	272	4613		003
@quimrutllant	<a href="https://twitter.com/quimrutllant" target="_blank">quimrutllant</a>	1	0	1	981	1044	1848	Blanes, Països Catalans	239
@quimsb	<a href="https://twitter.com/quimsb" target="_blank">quimsb</a>	4	20	1	2329	2665	14195		001
@quimta	<a href="https://twitter.com/quimta" target="_blank">quimta</a>	9	0	1	1683	1982	44272	Vic, Catalunya	014
@QuimTorraiPla	<a href="https://twitter.com/QuimTorraiPla" target="_blank">QuimTorraiPla</a>	12	0	3	7847	752	12465	Barcelona, República de Catalunya	014
@QuimTorrella	<a href="https://twitter.com/QuimTorrella" target="_blank">QuimTorrella</a>	4	0	2	152	424	4857	Terrassa - Catalunya	099
@quinacosatu	<a href="https://twitter.com/quinacosatu" target="_blank">quinacosatu</a>	6	2	0	163	1176	5257		055
@QuinManso	<a href="https://twitter.com/QuinManso" target="_blank">QuinManso</a>	1	0	1	2969	833	75151		127
@quino_gracia	<a href="https://twitter.com/quino_gracia" target="_blank">quino_gracia</a>	1	0	1	260	679	4442		021
@QuinquillaNuria	<a href="https://twitter.com/QuinquillaNuria" target="_blank">QuinquillaNuria</a>	12	0	1	53	46	4296	Barcelona	010
@Quins_pebrots	<a href="https://twitter.com/Quins_pebrots" target="_blank">Quins_pebrots</a>	7	0	1	850	2025	28938	República de Catalunya	194
@Quintudj	<a href="https://twitter.com/Quintudj" target="_blank">Quintudj</a>	13	0	2	1547	3528	128103	Fargo	041
@quiquespeaker	<a href="https://twitter.com/quiquespeaker" target="_blank">quiquespeaker</a>	2	0	1	120	216	194	Barcelona	003
@qvilar	<a href="https://twitter.com/qvilar" target="_blank">qvilar</a>	7	0	1	400	70	17677		012
@r1_x3	<a href="https://twitter.com/r1_x3" target="_blank">r1_x3</a>	4	0	2	16	82	1594		006
@raalmiro1	<a href="https://twitter.com/raalmiro1" target="_blank">raalmiro1</a>	9	0	1	48	84	1960		003
@Raamoon13	<a href="https://twitter.com/Raamoon13" target="_blank">Raamoon13</a>	3	0	1	282	331	6111		003
@rabalimu	<a href="https://twitter.com/rabalimu" target="_blank">rabalimu</a>	3	0	1	302	398	1280	BCN-VLC	004
@RabalMaite	<a href="https://twitter.com/RabalMaite" target="_blank">RabalMaite</a>	57	0	8	85	141	26437		014
@racacu51	<a href="https://twitter.com/racacu51" target="_blank">racacu51</a>	2	0	1	142	133	12942		003
@radioCelra	<a href="https://twitter.com/radioCelra" target="_blank">radioCelra</a>	4	0	1	497	929	3113	Celrà	042
@rafaelcolld	<a href="https://twitter.com/rafaelcolld" target="_blank">rafaelcolld</a>	5	0	1	55	140	1183	Mataró (Barcelona)	003
@RafaelQuilez	<a href="https://twitter.com/RafaelQuilez" target="_blank">RafaelQuilez</a>	2	0	1	430	173	6715	Horta/Cambrils (Baix Camp)	109
@rafamarrase	<a href="https://twitter.com/rafamarrase" target="_blank">rafamarrase</a>	5	0	2	393	458	11370		128
@RafelLujan	<a href="https://twitter.com/RafelLujan" target="_blank">RafelLujan</a>	2	0	1	2582	2664	8798	Barcelona, Catalunya	009
@Rafftel	<a href="https://twitter.com/Rafftel" target="_blank">Rafftel</a>	1	0	1	389	331	5547	ONE PIECE  / Game of Thrones.	538
@Rafman32	<a href="https://twitter.com/Rafman32" target="_blank">Rafman32</a>	0	1	0					423
@rafolas	<a href="https://twitter.com/rafolas" target="_blank">rafolas</a>	2	0	1	502	498	59821	Valencia, Spain	209
@ragama497	<a href="https://twitter.com/ragama497" target="_blank">ragama497</a>	1	0	1	19	60	13		003
@RaholaOficial	<a href="https://twitter.com/RaholaOficial" target="_blank">RaholaOficial</a>	12	92	1	222116	531	62108		010
@raimonguma	<a href="https://twitter.com/raimonguma" target="_blank">raimonguma</a>	2	0	1	225	233	694		037
@raimonsm	<a href="https://twitter.com/raimonsm" target="_blank">raimonsm</a>	4	0	1	436	2173	4771		034
@raisbd	<a href="https://twitter.com/raisbd" target="_blank">raisbd</a>	1	0	1	1089	997	1801	Sabadell	009
@rajoydrag	<a href="https://twitter.com/rajoydrag" target="_blank">rajoydrag</a>	2	0	1	36	99	1022	Barcelona, Països Catalans	003
@RamblaNuria	<a href="https://twitter.com/RamblaNuria" target="_blank">RamblaNuria</a>	15	0	1	169	296	7031	CAT	014
@rambpa	<a href="https://twitter.com/rambpa" target="_blank">rambpa</a>	5	0	3	36	116	257		060
@ramia_judith	<a href="https://twitter.com/ramia_judith" target="_blank">ramia_judith</a>	2	0	1	8	56	575		003
@ramilcastrillon	<a href="https://twitter.com/ramilcastrillon" target="_blank">ramilcastrillon</a>	1	0	1	1002	1023	9386		003
@ramon__soto	<a href="https://twitter.com/ramon__soto" target="_blank">ramon__soto</a>	1	0	1	112	254	728	Catalunya	003
@ramon_coma	<a href="https://twitter.com/ramon_coma" target="_blank">ramon_coma</a>	1	0	1	87	113	199	tarrega	003
@RAMON_FREDERIC	<a href="https://twitter.com/RAMON_FREDERIC" target="_blank">RAMON_FREDERIC</a>	11	0	4	1173	1232	11498		003
@ramonaguilarg	<a href="https://twitter.com/ramonaguilarg" target="_blank">ramonaguilarg</a>	3	0	1	1331	2347	13380	Santa Coloma de Gramenet	095
@ramonaladern	<a href="https://twitter.com/ramonaladern" target="_blank">ramonaladern</a>	3	0	1	36	104	782	Catalunya, Espanya	003
@RAMONARENASPRAT	<a href="https://twitter.com/RAMONARENASPRAT" target="_blank">RAMONARENASPRAT</a>	1	0	1	132	252	1365	VILAFRANCA DEL PENEDES	003
@RamonaSole	<a href="https://twitter.com/RamonaSole" target="_blank">RamonaSole</a>	5	0	1	37	86	6519	Badalona	004
@RamonBalada	<a href="https://twitter.com/RamonBalada" target="_blank">RamonBalada</a>	3	0	2	78	289	16963		085
@RamonBelSerrat	<a href="https://twitter.com/RamonBelSerrat" target="_blank">RamonBelSerrat</a>	0	1	0					155
@RamonCalpeGil	<a href="https://twitter.com/RamonCalpeGil" target="_blank">RamonCalpeGil</a>	0	1	0					422
@RamonCanal64	<a href="https://twitter.com/RamonCanal64" target="_blank">RamonCanal64</a>	2	0	1	528	465	5093	Molins de Rei, Catalunya	014
@RamonCodinas	<a href="https://twitter.com/RamonCodinas" target="_blank">RamonCodinas</a>	3	0	1	1962	2517	4171		099
@ramonegea	<a href="https://twitter.com/ramonegea" target="_blank">ramonegea</a>	3	0	2	51	129	1999		002
@RamonLlena	<a href="https://twitter.com/RamonLlena" target="_blank">RamonLlena</a>	0	1	0					004
@ramonone55	<a href="https://twitter.com/ramonone55" target="_blank">ramonone55</a>	1	0	1	1161	2233	64330	Islas Baleares, España	003
@Ramonpauls	<a href="https://twitter.com/Ramonpauls" target="_blank">Ramonpauls</a>	7	0	2	461	395	17923	Catalunya	017
@Ramonpoch	<a href="https://twitter.com/Ramonpoch" target="_blank">Ramonpoch</a>	7	0	1	5927	5827	31185	ara a Barcelona - CAT	168
@ramonpuig65	<a href="https://twitter.com/ramonpuig65" target="_blank">ramonpuig65</a>	3	0	1	571	625	5936	VILASSAR DE DALT	243
@ramonroyo	<a href="https://twitter.com/ramonroyo" target="_blank">ramonroyo</a>	28	0	4	337	211	34539	Sarrià	014
@ramonsalvia	<a href="https://twitter.com/ramonsalvia" target="_blank">ramonsalvia</a>	22	0	3	1632	2005	121730		058
@RamonSans5	<a href="https://twitter.com/RamonSans5" target="_blank">RamonSans5</a>	7	0	1	420	304	49210		014
@ramonternero	<a href="https://twitter.com/ramonternero" target="_blank">ramonternero</a>	8	0	1	204	276	4789		014
@ramontremosa	<a href="https://twitter.com/ramontremosa" target="_blank">ramontremosa</a>	18	237	2	69364	1301	31183	BCN, CAT & EU	004
@RAMONYOPS	<a href="https://twitter.com/RAMONYOPS" target="_blank">RAMONYOPS</a>	3	0	1	1745	1722	45966		118
@RamosForga	<a href="https://twitter.com/RamosForga" target="_blank">RamosForga</a>	2	0	1	1	35	167		034
@RandomUserN38	<a href="https://twitter.com/RandomUserN38" target="_blank">RandomUserN38</a>	8	0	1	69	514	4115	República de Catalunya	397
@Rantanplan	<a href="https://twitter.com/Rantanplan" target="_blank">Rantanplan</a>	2	0	1	154	708	2149	Catalonia	003
@ranuimalva	<a href="https://twitter.com/ranuimalva" target="_blank">ranuimalva</a>	5	0	4	106	175	4572	Júpiter. Espai sideral	020
@raquelantoner	<a href="https://twitter.com/raquelantoner" target="_blank">raquelantoner</a>	2	0	1	176	341	996		337
@raquelfas	<a href="https://twitter.com/raquelfas" target="_blank">raquelfas</a>	32	0	1	276	512	57242	Holanda	003
@RaquelG44925395	<a href="https://twitter.com/RaquelG44925395" target="_blank">RaquelG44925395</a>	2	0	2	17	54	177		008
@raquelmateos	<a href="https://twitter.com/raquelmateos" target="_blank">raquelmateos</a>	1	3	0	7802	1137	12918	New York, USA	070
@RaquelRicart1	<a href="https://twitter.com/RaquelRicart1" target="_blank">RaquelRicart1</a>	1	0	1	347	96	1146		014
@RaquelSanta97	<a href="https://twitter.com/RaquelSanta97" target="_blank">RaquelSanta97</a>	5	0	1	184	97	1840		019
@raset_cat	<a href="https://twitter.com/raset_cat" target="_blank">raset_cat</a>	1	1	0	880	294	286	CAT	419
@RatratusMan	<a href="https://twitter.com/RatratusMan" target="_blank">RatratusMan</a>	5	0	1	1031	215	3240	Barcelona, España	174
@raul_barquero	<a href="https://twitter.com/raul_barquero" target="_blank">raul_barquero</a>	7	0	1	190	776	16314	Cornellà de Llobregat, Espanya	002
@raul_san_juan	<a href="https://twitter.com/raul_san_juan" target="_blank">raul_san_juan</a>	8	0	4	74	234	3280	Barcelona, Cataluña	003
@RAULOB11	<a href="https://twitter.com/RAULOB11" target="_blank">RAULOB11</a>	0	1	0					420
@raulvado	<a href="https://twitter.com/raulvado" target="_blank">raulvado</a>	6	0	1	534	1704	14718	Badalona, Catalunya	003
@raurichm	<a href="https://twitter.com/raurichm" target="_blank">raurichm</a>	20	0	5	65	603	2487		034
@rawoxi	<a href="https://twitter.com/rawoxi" target="_blank">rawoxi</a>	11	0	1	629	578	118704	Barcelona	014
@rbrrll	<a href="https://twitter.com/rbrrll" target="_blank">rbrrll</a>	1	0	1	15	38	283	Catalunya, Espanya	003
@RCanoO	<a href="https://twitter.com/RCanoO" target="_blank">RCanoO</a>	4	0	1	301	352	36462		003
@rcantons	<a href="https://twitter.com/rcantons" target="_blank">rcantons</a>	10	0	1	745	877	46704		003
@rcodines	<a href="https://twitter.com/rcodines" target="_blank">rcodines</a>	3	0	1	934	717	9348	Tarragona, Catalunya	037
@rcpuig94	<a href="https://twitter.com/rcpuig94" target="_blank">rcpuig94</a>	23	0	1	1046	1056	19063	CATALONIA/ CATALUNYA	014
@RDBCat	<a href="https://twitter.com/RDBCat" target="_blank">RDBCat</a>	38	0	1	107	135	15829	Catalunya	047
@rdelavega	<a href="https://twitter.com/rdelavega" target="_blank">rdelavega</a>	6	0	1	498	911	4492	Barcelona	004
@reagrupament	<a href="https://twitter.com/reagrupament" target="_blank">reagrupament</a>	0	3	0					014
@RebeElias	<a href="https://twitter.com/RebeElias" target="_blank">RebeElias</a>	17	0	2	52	144	3340	Barcelona	014
@RebeketaPelFred	<a href="https://twitter.com/RebeketaPelFred" target="_blank">RebeketaPelFred</a>	22	0	4	597	443	140804		007
@recio_merce	<a href="https://twitter.com/recio_merce" target="_blank">recio_merce</a>	1	0	1	29	104	3009	Barcelona	006
@reflexions_NS	<a href="https://twitter.com/reflexions_NS" target="_blank">reflexions_NS</a>	25	0	1	644	1717	45038	Català a Madrid. Indepe. Ara a CAT	034
@regul_ilerget	<a href="https://twitter.com/regul_ilerget" target="_blank">regul_ilerget</a>	41	0	1	1785	1588	83518	Lleida (Vegueria de Ponent)	034
@Reivindicatiu	<a href="https://twitter.com/Reivindicatiu" target="_blank">Reivindicatiu</a>	4	0	1	433	430	21467	A les teves fantasies	503
@Relenga79	<a href="https://twitter.com/Relenga79" target="_blank">Relenga79</a>	1	0	1	9	91	76		006
@remeirom	<a href="https://twitter.com/remeirom" target="_blank">remeirom</a>	12	0	1	771	1138	14553	Vilanova i la Geltrú	014
@RepdeCatalunya	<a href="https://twitter.com/RepdeCatalunya" target="_blank">RepdeCatalunya</a>	3	0	1	94	300	4147		006
@repofcat	<a href="https://twitter.com/repofcat" target="_blank">repofcat</a>	2	0	1	205	259	5622		001
@reporcat	<a href="https://twitter.com/reporcat" target="_blank">reporcat</a>	8	0	1	1694	1561	10957	Visc a Barcelona, de Tarragona	014
@republicano67	<a href="https://twitter.com/republicano67" target="_blank">republicano67</a>	3	0	1	178	192	2077	San Juan de Alicante, España	005
@retse_7	<a href="https://twitter.com/retse_7" target="_blank">retse_7</a>	1	0	1	10	53	67		168
@rfairen	<a href="https://twitter.com/rfairen" target="_blank">rfairen</a>	2	0	1	9	34	1218	España	003
@rfernandezjou	<a href="https://twitter.com/rfernandezjou" target="_blank">rfernandezjou</a>	38	0	3	1114	397	145508		017
@rfuentescaste	<a href="https://twitter.com/rfuentescaste" target="_blank">rfuentescaste</a>	2	0	1	32	104	578		003
@Ribalaiga	<a href="https://twitter.com/Ribalaiga" target="_blank">Ribalaiga</a>	1	0	1	982	737	37391	Menorca Illes Balears	003
@RibeliveTesla	<a href="https://twitter.com/RibeliveTesla" target="_blank">RibeliveTesla</a>	7	0	3	69	161	10166		026
@RicaGemma	<a href="https://twitter.com/RicaGemma" target="_blank">RicaGemma</a>	4	0	1	214	535	2269	St.Julià de Vilatorta	018
@ricard_andreu	<a href="https://twitter.com/ricard_andreu" target="_blank">ricard_andreu</a>	1	0	1	408	1470	912	Tarragona, Catalunya	139
@ricard_querol	<a href="https://twitter.com/ricard_querol" target="_blank">ricard_querol</a>	1	0	1	14	98	67	Esplugues de Llobregat	003
@ricard1714	<a href="https://twitter.com/ricard1714" target="_blank">ricard1714</a>	9	0	1	108	605	2123	Barcelona, catalunya	014
@Ricard24_6	<a href="https://twitter.com/Ricard24_6" target="_blank">Ricard24_6</a>	1	0	1	35	211	1277	Girona	010
@RicardDick	<a href="https://twitter.com/RicardDick" target="_blank">RicardDick</a>	2	0	1	5	149	654		002
@RicardEvangelio	<a href="https://twitter.com/RicardEvangelio" target="_blank">RicardEvangelio</a>	6	0	2	1026	2140	47574	Barcelona-Catalunya-PPCC	153
@ricardfv92	<a href="https://twitter.com/ricardfv92" target="_blank">ricardfv92</a>	1	0	1	375	751	11692	L'Aleixar, Catalunya	169
@RicardLahoz	<a href="https://twitter.com/RicardLahoz" target="_blank">RicardLahoz</a>	3	0	1	1846	780	4121	Catalunya	436
@RicardoAmor3	<a href="https://twitter.com/RicardoAmor3" target="_blank">RicardoAmor3</a>	2	0	1	6	40	746		014
@RicardPatxi	<a href="https://twitter.com/RicardPatxi" target="_blank">RicardPatxi</a>	7	0	1	67	310	965	BCN	003
@rich_kararak	<a href="https://twitter.com/rich_kararak" target="_blank">rich_kararak</a>	17	0	1	87	147	25285		026
@rickymage	<a href="https://twitter.com/rickymage" target="_blank">rickymage</a>	2	0	1	286	489	3870	Barcelona	340
@Riderman24h	<a href="https://twitter.com/Riderman24h" target="_blank">Riderman24h</a>	24	0	2	403	60	73459	Barcelona (Catalunya)	014
@riderpls	<a href="https://twitter.com/riderpls" target="_blank">riderpls</a>	2	0	1	441	649	25963	Barcelona, Catalunya	003
@rifepa86	<a href="https://twitter.com/rifepa86" target="_blank">rifepa86</a>	7	0	1	299	804	6896		513
@RIGARIU	<a href="https://twitter.com/RIGARIU" target="_blank">RIGARIU</a>	2	0	1	151	505	3495		003
@rikr_66	<a href="https://twitter.com/rikr_66" target="_blank">rikr_66</a>	2	0	1	23	38	238		034
@RiosgiroJosep	<a href="https://twitter.com/RiosgiroJosep" target="_blank">RiosgiroJosep</a>	10	0	4	40	291	1285		026
@ripollesheras	<a href="https://twitter.com/ripollesheras" target="_blank">ripollesheras</a>	7	0	1	56	107	3253		113
@riqui_gi76	<a href="https://twitter.com/riqui_gi76" target="_blank">riqui_gi76</a>	2	0	1	232	1236	1821	Girona	005
@ritailg	<a href="https://twitter.com/ritailg" target="_blank">ritailg</a>	4	0	1	109	116	18808	Catalunya	048
@RitaVVillain	<a href="https://twitter.com/RitaVVillain" target="_blank">RitaVVillain</a>	5	0	2	21	62	1108		062
@Rius_Olga	<a href="https://twitter.com/Rius_Olga" target="_blank">Rius_Olga</a>	3	0	1	37	146	665	Catalonia	006
@RiveroAlbert	<a href="https://twitter.com/RiveroAlbert" target="_blank">RiveroAlbert</a>	6	4	1	221	465	10742	Begues / Barcelona	003
@rjarnau	<a href="https://twitter.com/rjarnau" target="_blank">rjarnau</a>	4	0	1	90	525	3249		009
@rlopezct	<a href="https://twitter.com/rlopezct" target="_blank">rlopezct</a>	11	0	1	1634	2307	72550	Catalonia	168
@rluen74	<a href="https://twitter.com/rluen74" target="_blank">rluen74</a>	1	0	1	45	170	414		240
@Rlvrlvrlv	<a href="https://twitter.com/Rlvrlvrlv" target="_blank">Rlvrlvrlv</a>	6	0	1	206	124	58995		034
@rmm2014	<a href="https://twitter.com/rmm2014" target="_blank">rmm2014</a>	2	0	1	157	1283	4107	Barcelona	061
@RMMejia	<a href="https://twitter.com/RMMejia" target="_blank">RMMejia</a>	1	0	1	55	221	321	Mill Valley, CA	484
@roasprela	<a href="https://twitter.com/roasprela" target="_blank">roasprela</a>	4	0	2	153	176	7853		063
@RobbyEspierre	<a href="https://twitter.com/RobbyEspierre" target="_blank">RobbyEspierre</a>	7	0	1	229	284	2828		011
@Robcampnou67	<a href="https://twitter.com/Robcampnou67" target="_blank">Robcampnou67</a>	6	1	2	3731	2994	236400	valladolid	003
@RobertBadia	<a href="https://twitter.com/RobertBadia" target="_blank">RobertBadia</a>	26	0	3	1572	1899	97062	Barcelona, Catalonia, Europe	034
@RobertMonzonis	<a href="https://twitter.com/RobertMonzonis" target="_blank">RobertMonzonis</a>	0	4	0					223
@robirosarabosa	<a href="https://twitter.com/robirosarabosa" target="_blank">robirosarabosa</a>	4	0	3	1818	1370	13733	Mordor, Españistan	059
@RocaLongares	<a href="https://twitter.com/RocaLongares" target="_blank">RocaLongares</a>	17	0	1	431	443	21648	Barcelona, Catalunya	194
@RocamartiSilvia	<a href="https://twitter.com/RocamartiSilvia" target="_blank">RocamartiSilvia</a>	1	0	1	117	234	568		385
@rocderevolta	<a href="https://twitter.com/rocderevolta" target="_blank">rocderevolta</a>	9	0	1	1021	732	13878	Catalunya	257
@Rocknclassicss	<a href="https://twitter.com/Rocknclassicss" target="_blank">Rocknclassicss</a>	4	0	1	65	136	1414	Barcelona	003
@rockroger_84	<a href="https://twitter.com/rockroger_84" target="_blank">rockroger_84</a>	3	0	1	15	163	1242	Barcelona, España	003
@Rodamon_cat	<a href="https://twitter.com/Rodamon_cat" target="_blank">Rodamon_cat</a>	5	0	1	163	156	12352	Valls (Alt Camp, Catalunya)	034
@rodrigo_alsina	<a href="https://twitter.com/rodrigo_alsina" target="_blank">rodrigo_alsina</a>	12	0	1	102	86	6517	Universitat Pompeu Fabra	017
@roferiu	<a href="https://twitter.com/roferiu" target="_blank">roferiu</a>	2	0	1	148	700	7505		456
@RogeliGmez	<a href="https://twitter.com/RogeliGmez" target="_blank">RogeliGmez</a>	2	0	1	417	1277	1481		003
@Roger_CdV	<a href="https://twitter.com/Roger_CdV" target="_blank">Roger_CdV</a>	0	9	0					014
@Roger_Riera	<a href="https://twitter.com/Roger_Riera" target="_blank">Roger_Riera</a>	6	0	1	589	362	32406	Eivissa, Illes Pitiüses.	163
@rogerangela	<a href="https://twitter.com/rogerangela" target="_blank">rogerangela</a>	13	0	1	427	713	41455	Bætulo	165
@rogerbancells	<a href="https://twitter.com/rogerbancells" target="_blank">rogerbancells</a>	6	0	1	75	146	2138	Mataró	003
@Rogerbuch	<a href="https://twitter.com/Rogerbuch" target="_blank">Rogerbuch</a>	17	1	0	6422	3431	30454	República de Catalunya	418
@RogerdeVic	<a href="https://twitter.com/RogerdeVic" target="_blank">RogerdeVic</a>	1	3	0	140	379	1390	Vic, Republica de Catalunya	221
@rogersegura87	<a href="https://twitter.com/rogersegura87" target="_blank">rogersegura87</a>	0	17	0					037
@rogertallada	<a href="https://twitter.com/rogertallada" target="_blank">rogertallada</a>	2	0	1	125	145	900	Mataró, Catalunya	246
@RogerTeresa	<a href="https://twitter.com/RogerTeresa" target="_blank">RogerTeresa</a>	2	0	1	44	283	2619	Catalunya, Espanya	003
@rogervilanova	<a href="https://twitter.com/rogervilanova" target="_blank">rogervilanova</a>	6	0	1	704	976	9153	Ripollet, Catalunya	121
@RogesAlbert	<a href="https://twitter.com/RogesAlbert" target="_blank">RogesAlbert</a>	4	0	1	6	59	610		001
@RoigGemvic	<a href="https://twitter.com/RoigGemvic" target="_blank">RoigGemvic</a>	10	0	3	32	66	2973		014
@RoigMiquel	<a href="https://twitter.com/RoigMiquel" target="_blank">RoigMiquel</a>	1	0	1	43	42	739		003
@rojoalbertcue	<a href="https://twitter.com/rojoalbertcue" target="_blank">rojoalbertcue</a>	2	1	0	182	1086	17565	BCN	271
@RomainQuidant	<a href="https://twitter.com/RomainQuidant" target="_blank">RomainQuidant</a>	7	0	2	28	19	1303		034
@Roman75MG	<a href="https://twitter.com/Roman75MG" target="_blank">Roman75MG</a>	1	0	1	18	88	217		003
@RomanetJC	<a href="https://twitter.com/RomanetJC" target="_blank">RomanetJC</a>	3	0	1	842	688	11120	Igualada (Catalonia, Europe)	373
@romapaps	<a href="https://twitter.com/romapaps" target="_blank">romapaps</a>	2	0	1	100	168	904	Barcelona	415
@Romeucarles	<a href="https://twitter.com/Romeucarles" target="_blank">Romeucarles</a>	6	0	1	1272	2017	74161		009
@ROMI_BCN	<a href="https://twitter.com/ROMI_BCN" target="_blank">ROMI_BCN</a>	7	0	2	181	511	3856	Catalunya	169
@RominaPaps	<a href="https://twitter.com/RominaPaps" target="_blank">RominaPaps</a>	0	1	0					415
@rompicollone	<a href="https://twitter.com/rompicollone" target="_blank">rompicollone</a>	8	0	1	89	306	4926	República de Catalunya	017
@RonanGarnier	<a href="https://twitter.com/RonanGarnier" target="_blank">RonanGarnier</a>	1	1	0	1384	1890	7559	- Paris - Liverpool - Dublin	416
@roncerdos	<a href="https://twitter.com/roncerdos" target="_blank">roncerdos</a>	17	0	2	183	359	12075		034
@Roninestudi	<a href="https://twitter.com/Roninestudi" target="_blank">Roninestudi</a>	2	50	0	115	144	1784	Barcelona	184
@roquini	<a href="https://twitter.com/roquini" target="_blank">roquini</a>	1	1	0	5893	958	33172	Vic,Catalunya	411
@rosa_armengol	<a href="https://twitter.com/rosa_armengol" target="_blank">rosa_armengol</a>	9	0	1	212	484	6020	barcelona-tarragona	008
@Rosa_Eventocio	<a href="https://twitter.com/Rosa_Eventocio" target="_blank">Rosa_Eventocio</a>	11	0	1	48	308	1035		014
@rosa_mateu	<a href="https://twitter.com/rosa_mateu" target="_blank">rosa_mateu</a>	3	0	1	112	158	842	Barcelona	007
@rosa_rojita	<a href="https://twitter.com/rosa_rojita" target="_blank">rosa_rojita</a>	1	0	1	1718	1493	84894		011
@Rosa00459601	<a href="https://twitter.com/Rosa00459601" target="_blank">Rosa00459601</a>	9	0	1	22	169	5461		034
@rosa23_05	<a href="https://twitter.com/rosa23_05" target="_blank">rosa23_05</a>	3	0	1	370	964	2238		006
@Rosa42010137	<a href="https://twitter.com/Rosa42010137" target="_blank">Rosa42010137</a>	2	0	1	27	79	661		014
@RosaCadena5	<a href="https://twitter.com/RosaCadena5" target="_blank">RosaCadena5</a>	4	0	2	16	81	1663	Barcelona	005
@RosaCasafont	<a href="https://twitter.com/RosaCasafont" target="_blank">RosaCasafont</a>	0	1	0					412
@RosaGambin	<a href="https://twitter.com/RosaGambin" target="_blank">RosaGambin</a>	5	0	2	127	265	3410	Catalunya	097
@RosaGiralt	<a href="https://twitter.com/RosaGiralt" target="_blank">RosaGiralt</a>	11	0	1	152	309	17891		014
@rosagpl44	<a href="https://twitter.com/rosagpl44" target="_blank">rosagpl44</a>	24	0	7	561	1557	81556		061
@RosaIsa38309247	<a href="https://twitter.com/RosaIsa38309247" target="_blank">RosaIsa38309247</a>	5	0	1	144	254	7829	Palma, España	059
@RosaManchadoc	<a href="https://twitter.com/RosaManchadoc" target="_blank">RosaManchadoc</a>	1	0	1	111	368	1904		421
@rosamari732	<a href="https://twitter.com/rosamari732" target="_blank">rosamari732</a>	2	0	1	1455	1100	89114	Bizkaia, País Vasco	011
@rosamassaguer	<a href="https://twitter.com/rosamassaguer" target="_blank">rosamassaguer</a>	3	0	1	493	1130	4720		002
@rosamfip33	<a href="https://twitter.com/rosamfip33" target="_blank">rosamfip33</a>	7	0	2	72	352	3786		021
@RosaSancho8	<a href="https://twitter.com/RosaSancho8" target="_blank">RosaSancho8</a>	10	0	3	5	85	1795		014
@Rosasavall_	<a href="https://twitter.com/Rosasavall_" target="_blank">Rosasavall_</a>	1	0	1	25	94	92	Nulles	008
@rosatgn	<a href="https://twitter.com/rosatgn" target="_blank">rosatgn</a>	2	0	1	823	1235	42333	República Catalana	014
@RosaXufre	<a href="https://twitter.com/RosaXufre" target="_blank">RosaXufre</a>	4	0	2	623	2336	17159	Badalona	003
@rosayue	<a href="https://twitter.com/rosayue" target="_blank">rosayue</a>	21	0	1	666	581	26801	SABADELL, CATALUNYA	003
@rosellcristina	<a href="https://twitter.com/rosellcristina" target="_blank">rosellcristina</a>	1	1	0	190	526	2803	Alpicat, Catalunya	409
@RoseMarley_	<a href="https://twitter.com/RoseMarley_" target="_blank">RoseMarley_</a>	4	0	1	358	393	19526		008
@roser_colome	<a href="https://twitter.com/roser_colome" target="_blank">roser_colome</a>	2	1	0	372	384	3022	Catalunya	410
@Roser_Morraja	<a href="https://twitter.com/Roser_Morraja" target="_blank">Roser_Morraja</a>	12	0	2	1008	1803	69518		004
@roserbetbese	<a href="https://twitter.com/roserbetbese" target="_blank">roserbetbese</a>	3	0	1	30	132	390	Barcelona	003
@roserdegirona	<a href="https://twitter.com/roserdegirona" target="_blank">roserdegirona</a>	8	0	1	168	382	11849	Girona	034
@RoserFons	<a href="https://twitter.com/RoserFons" target="_blank">RoserFons</a>	13	0	4	351	969	2832		003
@RoserGiDi	<a href="https://twitter.com/RoserGiDi" target="_blank">RoserGiDi</a>	1	0	1	155	293	648	Catalunya	006
@roserpascualser	<a href="https://twitter.com/roserpascualser" target="_blank">roserpascualser</a>	7	0	1	287	490	13744		003
@RoserPPCC	<a href="https://twitter.com/RoserPPCC" target="_blank">RoserPPCC</a>	8	0	1	958	1295	13914		143
@roserro	<a href="https://twitter.com/roserro" target="_blank">roserro</a>	6	0	1	104	388	18084		491
@RoserSeguraVila	<a href="https://twitter.com/RoserSeguraVila" target="_blank">RoserSeguraVila</a>	4	0	1	114	267	5879	Catalunya	003
@RoserUrgelles	<a href="https://twitter.com/RoserUrgelles" target="_blank">RoserUrgelles</a>	4	0	1	77	102	1237		014
@RoserUrra	<a href="https://twitter.com/RoserUrra" target="_blank">RoserUrra</a>	2	1	0	414	257	10160	Girona	408
@RoserXalar	<a href="https://twitter.com/RoserXalar" target="_blank">RoserXalar</a>	5	0	2	12	45	942		013
@rosgem1	<a href="https://twitter.com/rosgem1" target="_blank">rosgem1</a>	2	0	1	253	483	9133	Catalunya	010
@Ross_Greer	<a href="https://twitter.com/Ross_Greer" target="_blank">Ross_Greer</a>	0	4	0					224
@rossend1963	<a href="https://twitter.com/rossend1963" target="_blank">rossend1963</a>	10	0	1	4583	3637	246346		007
@rossetaun	<a href="https://twitter.com/rossetaun" target="_blank">rossetaun</a>	9	0	1	540	1374	15759	Barcelona	034
@rossinyolnegre	<a href="https://twitter.com/rossinyolnegre" target="_blank">rossinyolnegre</a>	1	0	1	268	260	2444		204
@rotondadeponts	<a href="https://twitter.com/rotondadeponts" target="_blank">rotondadeponts</a>	6	2	1	204	144	1137	Ponts	014
@RoyBatty11	<a href="https://twitter.com/RoyBatty11" target="_blank">RoyBatty11</a>	1	0	1	6	5	15		034
@rozul123	<a href="https://twitter.com/rozul123" target="_blank">rozul123</a>	11	0	1	95	137	5678	ak	014
@rpratdesaba	<a href="https://twitter.com/rpratdesaba" target="_blank">rpratdesaba</a>	1	0	1	152	288	1475	Catalunya	002
@RramonfRrf	<a href="https://twitter.com/RramonfRrf" target="_blank">RramonfRrf</a>	19	0	4	540	746	17409	barcelona gracia	014
@Rras58	<a href="https://twitter.com/Rras58" target="_blank">Rras58</a>	32	0	3	569	1483	16725		014
@rrocai	<a href="https://twitter.com/rrocai" target="_blank">rrocai</a>	25	0	1	97	136	14246	Independiente	034
@rrodriguezs1012	<a href="https://twitter.com/rrodriguezs1012" target="_blank">rrodriguezs1012</a>	1	0	1	73	83	1721		025
@RSP_Aranjuez	<a href="https://twitter.com/RSP_Aranjuez" target="_blank">RSP_Aranjuez</a>	1	0	1	234	567	551	Aranjuez, España	202
@RSUAREZ4	<a href="https://twitter.com/RSUAREZ4" target="_blank">RSUAREZ4</a>	16	0	1	5569	4486	100575	Barcelona, Catalunya	003
@RuBeN_Cazorla	<a href="https://twitter.com/RuBeN_Cazorla" target="_blank">RuBeN_Cazorla</a>	0	1	0					413
@rubenclaramunt	<a href="https://twitter.com/rubenclaramunt" target="_blank">rubenclaramunt</a>	3	0	1	51	111	1441	Barcelona	004
@Rubenpulido97	<a href="https://twitter.com/Rubenpulido97" target="_blank">Rubenpulido97</a>	6	0	1	87	339	2725	Sant Celoni, Catalunya	129
@RubenRamiroR	<a href="https://twitter.com/RubenRamiroR" target="_blank">RubenRamiroR</a>	2	1	0	1137	1434	18450	Sabadell, Països Catalans	407
@rubenseguracast	<a href="https://twitter.com/rubenseguracast" target="_blank">rubenseguracast</a>	1	0	1	124	403	2313		003
@Rubiperindep	<a href="https://twitter.com/Rubiperindep" target="_blank">Rubiperindep</a>	18	0	2	1581	1201	17359	Rubí, Catalunya	014
@rudescrew	<a href="https://twitter.com/rudescrew" target="_blank">rudescrew</a>	2	0	1	14	28	574		111
@ruedajordi	<a href="https://twitter.com/ruedajordi" target="_blank">ruedajordi</a>	6	0	1	114	177	7396	Terrassa (Catalunya)	194
@RufusTFirefly99	<a href="https://twitter.com/RufusTFirefly99" target="_blank">RufusTFirefly99</a>	1	0	1	287	2652	52961		282
@rut_florensa	<a href="https://twitter.com/rut_florensa" target="_blank">rut_florensa</a>	0	2	0					087
@rutcv2485	<a href="https://twitter.com/rutcv2485" target="_blank">rutcv2485</a>	1	0	1	71	176	652		174
@Rutdegramenet	<a href="https://twitter.com/Rutdegramenet" target="_blank">Rutdegramenet</a>	13	0	1	613	373	24863	Santa Coloma de Gramenet	017
@ruthdvilla	<a href="https://twitter.com/ruthdvilla" target="_blank">ruthdvilla</a>	1	0	1	33	50	777	珠海	002
@RuthMellado	<a href="https://twitter.com/RuthMellado" target="_blank">RuthMellado</a>	1	0	1	396	513	1367	Sants (Barcelona)	026
@ruvi22	<a href="https://twitter.com/ruvi22" target="_blank">ruvi22</a>	2	0	1	110	181	1469		245
@sabat_llorenc	<a href="https://twitter.com/sabat_llorenc" target="_blank">sabat_llorenc</a>	1	0	1	28	27	127		021
@sabate60	<a href="https://twitter.com/sabate60" target="_blank">sabate60</a>	3	0	1	2682	2559	18411	Barcelona i Cunit (Rep. Cat.)	014
@sack_am	<a href="https://twitter.com/sack_am" target="_blank">sack_am</a>	88	0	3	2833	3178	269823	Badalona, Catalunya	014
@sagal62	<a href="https://twitter.com/sagal62" target="_blank">sagal62</a>	20	0	1	2222	1981	137000	Importa amb quí, no on.	014
@SagalsdOsona	<a href="https://twitter.com/SagalsdOsona" target="_blank">SagalsdOsona</a>	4	3	0	3405	330	2704	Osona. Països Catalans	235
@Sajor14	<a href="https://twitter.com/Sajor14" target="_blank">Sajor14</a>	0	1	0					405
@salagoberna	<a href="https://twitter.com/salagoberna" target="_blank">salagoberna</a>	3	0	1	298	520	1304	Catalunya	085
@salamandrak	<a href="https://twitter.com/salamandrak" target="_blank">salamandrak</a>	4	0	1	56	243	1073		161
@SalaPep	<a href="https://twitter.com/SalaPep" target="_blank">SalaPep</a>	1	0	1	152	319	920	Tarragona	008
@SalesFont	<a href="https://twitter.com/SalesFont" target="_blank">SalesFont</a>	3	0	1	148	329	16130		022
@SaletaSouto	<a href="https://twitter.com/SaletaSouto" target="_blank">SaletaSouto</a>	1	0	1	376	519	41237	Barcelona	206
@saliemg	<a href="https://twitter.com/saliemg" target="_blank">saliemg</a>	1	0	1	540	1832	6122	Badalona	130
@salsilvia	<a href="https://twitter.com/salsilvia" target="_blank">salsilvia</a>	1	1	0	38	138	324		406
@Saltencaverdneg	<a href="https://twitter.com/Saltencaverdneg" target="_blank">Saltencaverdneg</a>	2	1	0	1469	1110	59498	República Catalana UE	302
@salutvilaro	<a href="https://twitter.com/salutvilaro" target="_blank">salutvilaro</a>	7	0	1	508	515	28325		014
@SalvadoJosep	<a href="https://twitter.com/SalvadoJosep" target="_blank">SalvadoJosep</a>	1	0	1	15	199	464	Cataluña, España	003
@salvadorcmar	<a href="https://twitter.com/salvadorcmar" target="_blank">salvadorcmar</a>	1	0	1	82	325	1849	Caldes de Montbui	003
@SalvadordeGmez1	<a href="https://twitter.com/SalvadordeGmez1" target="_blank">SalvadordeGmez1</a>	5	0	1	97	216	3589		015
@salvadorfarres	<a href="https://twitter.com/salvadorfarres" target="_blank">salvadorfarres</a>	2	0	1	134	319	2121		036
@salvadorsanvil1	<a href="https://twitter.com/salvadorsanvil1" target="_blank">salvadorsanvil1</a>	3	0	1	38871	41913	117989	***SALAMANCA***	003
@salvaikon	<a href="https://twitter.com/salvaikon" target="_blank">salvaikon</a>	2	0	1	22	41	345		003
@salvatross	<a href="https://twitter.com/salvatross" target="_blank">salvatross</a>	8	0	1	201	960	17013	Cat	047
@salvijolis	<a href="https://twitter.com/salvijolis" target="_blank">salvijolis</a>	26	0	2	48	368	6145		114
@salvividal	<a href="https://twitter.com/salvividal" target="_blank">salvividal</a>	2	0	1	90	139	755		203
@SamuelFerrando	<a href="https://twitter.com/SamuelFerrando" target="_blank">SamuelFerrando</a>	8	0	1	238	277	2445	Mollet del Vallès, Catalunya	184
@sandalins	<a href="https://twitter.com/sandalins" target="_blank">sandalins</a>	7	0	1	307	489	7617	Catalunya	003
@sandmahi	<a href="https://twitter.com/sandmahi" target="_blank">sandmahi</a>	1	0	1	234	476	287	Barcelona	229
@Sandra_Burela	<a href="https://twitter.com/Sandra_Burela" target="_blank">Sandra_Burela</a>	1	0	1	144	234	923	Barcelona	009
@sandra_ec	<a href="https://twitter.com/sandra_ec" target="_blank">sandra_ec</a>	1	3	0	825	1905	3281	El Prat de Llobregat	236
@sandra_ec81	<a href="https://twitter.com/sandra_ec81" target="_blank">sandra_ec81</a>	7	0	1	46	131	1074	Barcelona, Spain	006
@sandrabartomeus	<a href="https://twitter.com/sandrabartomeus" target="_blank">sandrabartomeus</a>	0	1	0					404
@sandraca66	<a href="https://twitter.com/sandraca66" target="_blank">sandraca66</a>	1	0	1	339	402	12992	spain	014
@sandradrasan	<a href="https://twitter.com/sandradrasan" target="_blank">sandradrasan</a>	4	0	1	22	84	869	Cat	003
@sandraflorezcam	<a href="https://twitter.com/sandraflorezcam" target="_blank">sandraflorezcam</a>	1	0	1	244	491	1788		034
@sans_ruiz	<a href="https://twitter.com/sans_ruiz" target="_blank">sans_ruiz</a>	10	0	1	578	998	21515	Regensburg, Alemanya	004
@SansSegura	<a href="https://twitter.com/SansSegura" target="_blank">SansSegura</a>	2	0	1	55	444	223	Barcelona, Catalonia	196
@santamoros	<a href="https://twitter.com/santamoros" target="_blank">santamoros</a>	2	0	1	49	517	756		003
@SanteroFoto	<a href="https://twitter.com/SanteroFoto" target="_blank">SanteroFoto</a>	0	1	0					195
@santi_m_j	<a href="https://twitter.com/santi_m_j" target="_blank">santi_m_j</a>	3	0	1	653	1040	3443	Santa Coloma de Gramenet	188
@santi_salo1	<a href="https://twitter.com/santi_salo1" target="_blank">santi_salo1</a>	6	0	3	139	311	10136		011
@santiespina1	<a href="https://twitter.com/santiespina1" target="_blank">santiespina1</a>	3	0	1	60	91	2205		003
@Santifono	<a href="https://twitter.com/Santifono" target="_blank">Santifono</a>	4	0	2	2242	1948	16403	Barcelona, Catalunya	005
@SantiFortuny	<a href="https://twitter.com/SantiFortuny" target="_blank">SantiFortuny</a>	5	4	0	814	1441	5773	Tarragona, Països Catalans	098
@Santiglezzz	<a href="https://twitter.com/Santiglezzz" target="_blank">Santiglezzz</a>	13	0	3	483	869	69401		010
@SantiGoogle	<a href="https://twitter.com/SantiGoogle" target="_blank">SantiGoogle</a>	25	0	1	1108	1744	29702	Sabadell	010
@santijaume	<a href="https://twitter.com/santijaume" target="_blank">santijaume</a>	1	0	1	49	124	300		034
@santirofes	<a href="https://twitter.com/santirofes" target="_blank">santirofes</a>	8	0	1	194	1172	11086	Altafulla	017
@santpol1	<a href="https://twitter.com/santpol1" target="_blank">santpol1</a>	11	0	1	376	497	20214	Catalunya	014
@Santsesfera	<a href="https://twitter.com/Santsesfera" target="_blank">Santsesfera</a>	15	0	2	3117	1922	49649	#SantsMontjuïc #Barcelona #BCN	123
@sapolonsfranz76	<a href="https://twitter.com/sapolonsfranz76" target="_blank">sapolonsfranz76</a>	1	0	1	6	66	389	República de Catalunya	003
@sara_batalla	<a href="https://twitter.com/sara_batalla" target="_blank">sara_batalla</a>	0	2	0					275
@Sara67822151	<a href="https://twitter.com/Sara67822151" target="_blank">Sara67822151</a>	25	0	1	28	51	5316		006
@sarabailac	<a href="https://twitter.com/sarabailac" target="_blank">sarabailac</a>	0	1	0					403
@SaraEsteveSnche	<a href="https://twitter.com/SaraEsteveSnche" target="_blank">SaraEsteveSnche</a>	4	0	4	114	68	963	Catalunya	014
@saragarciia25	<a href="https://twitter.com/saragarciia25" target="_blank">saragarciia25</a>	2	0	1	294	241	3564	El Masnou, Catalunya	034
@SaraMarcAdrin	<a href="https://twitter.com/SaraMarcAdrin" target="_blank">SaraMarcAdrin</a>	3	0	1	181	156	4312	catalunya	015
@sargantania	<a href="https://twitter.com/sargantania" target="_blank">sargantania</a>	13	0	2	541	710	23729	Desubicada	005
@SaroFR	<a href="https://twitter.com/SaroFR" target="_blank">SaroFR</a>	1	0	1	284	753	4337		209
@SASam1714	<a href="https://twitter.com/SASam1714" target="_blank">SASam1714</a>	18	0	2	2783	2476	184846	CATHALVNYA	168
@SastreVidal	<a href="https://twitter.com/SastreVidal" target="_blank">SastreVidal</a>	2	0	1	234	419	2114	Girona	536
@satonell	<a href="https://twitter.com/satonell" target="_blank">satonell</a>	1	0	1	8	33	195		114
@Sc4Fortuna	<a href="https://twitter.com/Sc4Fortuna" target="_blank">Sc4Fortuna</a>	5	0	1	2269	3612	46602	Cáceres - Spain	011
@scapadtot	<a href="https://twitter.com/scapadtot" target="_blank">scapadtot</a>	4	0	1	300	840	11396	Barcelona, Catalunya.	136
@scarribera	<a href="https://twitter.com/scarribera" target="_blank">scarribera</a>	3	0	1	240	259	5445	República Catalana	197
@SchezRicard	<a href="https://twitter.com/SchezRicard" target="_blank">SchezRicard</a>	1	0	1	108	119	327		174
@Schweickart	<a href="https://twitter.com/Schweickart" target="_blank">Schweickart</a>	17	0	1	205	570	3669		005
@scott___75	<a href="https://twitter.com/scott___75" target="_blank">scott___75</a>	2	0	1	22	93	90		003
@Seandwave72	<a href="https://twitter.com/Seandwave72" target="_blank">Seandwave72</a>	2	0	1	50	214	1746		005
@sebas1pg	<a href="https://twitter.com/sebas1pg" target="_blank">sebas1pg</a>	1	0	1	43	76	137		032
@sebasalsina	<a href="https://twitter.com/sebasalsina" target="_blank">sebasalsina</a>	14	0	6	129	175	19374		004
@sebasnogueres	<a href="https://twitter.com/sebasnogueres" target="_blank">sebasnogueres</a>	16	0	1	5080	4632	220219	CATALUNYA #1-O #DUI	003
@sebastia_rotger	<a href="https://twitter.com/sebastia_rotger" target="_blank">sebastia_rotger</a>	1	0	1	43	158	40	Palma de Mallorca	174
@SegimonRovira	<a href="https://twitter.com/SegimonRovira" target="_blank">SegimonRovira</a>	4	0	1	458	907	7264	St Julià de Vilatorta, Osona	017
@seguroses	<a href="https://twitter.com/seguroses" target="_blank">seguroses</a>	2	0	1	240	470	1501		441
@SeilaBallerini	<a href="https://twitter.com/SeilaBallerini" target="_blank">SeilaBallerini</a>	2	0	1	71	148	1524		003
@Seliestel	<a href="https://twitter.com/Seliestel" target="_blank">Seliestel</a>	1	19	1	109	361	1324	Living in Asia	048
@SellaresMarc	<a href="https://twitter.com/SellaresMarc" target="_blank">SellaresMarc</a>	0	1	0					014
@SelvadeMar3	<a href="https://twitter.com/SelvadeMar3" target="_blank">SelvadeMar3</a>	21	0	2	94	770	10012		003
@Sense_Por	<a href="https://twitter.com/Sense_Por" target="_blank">Sense_Por</a>	10	0	2	715	1515	14440	Mataró, Catalunya	118
@Seny_i_rauxa	<a href="https://twitter.com/Seny_i_rauxa" target="_blank">Seny_i_rauxa</a>	13	0	1	1720	1636	23747	Barcelona, Catalunya	163
@senyorBatet	<a href="https://twitter.com/senyorBatet" target="_blank">senyorBatet</a>	3	0	1	140	388	14180	Barcelona, Catalunya	003
@SenyorCasasola	<a href="https://twitter.com/SenyorCasasola" target="_blank">SenyorCasasola</a>	6	0	1	32	63	4336	Catalunya	174
@senyorfort	<a href="https://twitter.com/senyorfort" target="_blank">senyorfort</a>	2	0	1	382	1098	14235		103
@Sepsi1	<a href="https://twitter.com/Sepsi1" target="_blank">Sepsi1</a>	4	0	1	716	773	33892	Catalunya	168
@ser_txus	<a href="https://twitter.com/ser_txus" target="_blank">ser_txus</a>	1	0	1	280	626	5856	Girona, Catalunya.	003
@seramsag	<a href="https://twitter.com/seramsag" target="_blank">seramsag</a>	2	0	2	53	180	5685	Barcelona, Catalunya	014
@Sergi_40	<a href="https://twitter.com/Sergi_40" target="_blank">Sergi_40</a>	10	0	1	58	146	3781		003
@sergi_babiloni	<a href="https://twitter.com/sergi_babiloni" target="_blank">sergi_babiloni</a>	1	0	1	3	14	74	Catalunya	226
@Sergi_Granen	<a href="https://twitter.com/Sergi_Granen" target="_blank">Sergi_Granen</a>	1	0	1	7	19	34	Barcelona, España	126
@sergi_lliure	<a href="https://twitter.com/sergi_lliure" target="_blank">sergi_lliure</a>	12	0	1	42	33	2630	Barcelona, España	003
@sergi_opi	<a href="https://twitter.com/sergi_opi" target="_blank">sergi_opi</a>	2	0	1	52	42	1895		034
@sergi_rash	<a href="https://twitter.com/sergi_rash" target="_blank">sergi_rash</a>	1	0	1	17	32	101		101
@Sergi_rona	<a href="https://twitter.com/Sergi_rona" target="_blank">Sergi_rona</a>	3	0	1	13	76	751	Girona, España	006
@Sergi_SMJ	<a href="https://twitter.com/Sergi_SMJ" target="_blank">Sergi_SMJ</a>	3	1	1	141	235	2801	Barcelona, Catalonia	005
@sergi2212	<a href="https://twitter.com/sergi2212" target="_blank">sergi2212</a>	1	0	1	127	686	1742	Santa Coloma de Gramenet	113
@SergiBS_cat	<a href="https://twitter.com/SergiBS_cat" target="_blank">SergiBS_cat</a>	2	1	0	228	667	5430	Catalunya	254
@sergicaldes	<a href="https://twitter.com/sergicaldes" target="_blank">sergicaldes</a>	2	1	0	2900	2848	17405	Catalonia	402
@sergiERCcps	<a href="https://twitter.com/sergiERCcps" target="_blank">sergiERCcps</a>	0	7	0					131
@SergiFuentes2	<a href="https://twitter.com/SergiFuentes2" target="_blank">SergiFuentes2</a>	4	0	2	256	112	7249	Manlleu	147
@sergillima	<a href="https://twitter.com/sergillima" target="_blank">sergillima</a>	13	0	4	889	2045	163406		034
@sergils1	<a href="https://twitter.com/sergils1" target="_blank">sergils1</a>	3	0	1	34	95	961	Barcelona	003
@SergiManas	<a href="https://twitter.com/SergiManas" target="_blank">SergiManas</a>	1	0	1	4	110	10	Llagostera, Espanya	022
@sergimarcen	<a href="https://twitter.com/sergimarcen" target="_blank">sergimarcen</a>	3	0	1	2865	1518	9244	Barcelona - London - Dublin	003
@serginock	<a href="https://twitter.com/serginock" target="_blank">serginock</a>	27	0	4	174	544	6599	Barcelona, Cataluña	004
@Sergio_SF7	<a href="https://twitter.com/Sergio_SF7" target="_blank">Sergio_SF7</a>	0	1	0					401
@sergiocerdan95	<a href="https://twitter.com/sergiocerdan95" target="_blank">sergiocerdan95</a>	13	0	2	726	2691	28404	Rubí, España	137
@sergiovbcn	<a href="https://twitter.com/sergiovbcn" target="_blank">sergiovbcn</a>	3	0	1	243	1562	3472	Bcn, Catalunya	003
@SergiPascualFer	<a href="https://twitter.com/SergiPascualFer" target="_blank">SergiPascualFer</a>	8	0	1	712	1099	21331	Sant Pere de Ribes	003
@sergipuyalto	<a href="https://twitter.com/sergipuyalto" target="_blank">sergipuyalto</a>	3	0	1	275	336	9661	CATALUNYA ll*ll	003
@sergisabria	<a href="https://twitter.com/sergisabria" target="_blank">sergisabria</a>	1	0	1	4298	2535	5717	Catalunya	174
@sergisancho	<a href="https://twitter.com/sergisancho" target="_blank">sergisancho</a>	16	0	4	662	910	20259	Barcelona	017
@sergisedo	<a href="https://twitter.com/sergisedo" target="_blank">sergisedo</a>	4	0	1	189	325	10890		035
@sericarpin	<a href="https://twitter.com/sericarpin" target="_blank">sericarpin</a>	3	0	1	41	384	3840	Catalunya	003
@Serlozano	<a href="https://twitter.com/Serlozano" target="_blank">Serlozano</a>	1	0	1	13	113	370	Barcelona	003
@serpepiot	<a href="https://twitter.com/serpepiot" target="_blank">serpepiot</a>	17	0	5	1092	1131	10328	CataluNYa ||⭐️||	014
@SerraAlbert	<a href="https://twitter.com/SerraAlbert" target="_blank">SerraAlbert</a>	15	0	1	429	1383	21512		003
@serracasals	<a href="https://twitter.com/serracasals" target="_blank">serracasals</a>	3	0	1	789	639	5099	Catalonia	004
@Serratorna	<a href="https://twitter.com/Serratorna" target="_blank">Serratorna</a>	3	0	1	1069	1247	7862	Països Catalans	014
@Sertemus	<a href="https://twitter.com/Sertemus" target="_blank">Sertemus</a>	3	0	2	2797	4312	42136		157
@seru_jordi	<a href="https://twitter.com/seru_jordi" target="_blank">seru_jordi</a>	2	11	0	1503	1328	37307	Catalunya	134
@SEzquerra	<a href="https://twitter.com/SEzquerra" target="_blank">SEzquerra</a>	9	1	1	3199	1242	12556		103
@sf_ry	<a href="https://twitter.com/sf_ry" target="_blank">sf_ry</a>	0	1	0					400
@sfadfcat	<a href="https://twitter.com/sfadfcat" target="_blank">sfadfcat</a>	1	0	1	3588	631	3146	Manresa, Espanya	021
@sfonollosa	<a href="https://twitter.com/sfonollosa" target="_blank">sfonollosa</a>	1	0	1	24	137	154		003
@sfortescoach	<a href="https://twitter.com/sfortescoach" target="_blank">sfortescoach</a>	1	2	0	56	137	248	Manresa-Barcelona, Catalunya	272
@SgMireia	<a href="https://twitter.com/SgMireia" target="_blank">SgMireia</a>	13	0	2	42	98	2693		013
@SGR79_	<a href="https://twitter.com/SGR79_" target="_blank">SGR79_</a>	3	0	1	142	780	4029		139
@Sherlockain	<a href="https://twitter.com/Sherlockain" target="_blank">Sherlockain</a>	18	0	2	592	1737	17366	Barcelona	130
@Shht	<a href="https://twitter.com/Shht" target="_blank">Shht</a>	2	2	0	3176	1936	48079	Sant Esteve Sesrovires	309
@shibuyero	<a href="https://twitter.com/shibuyero" target="_blank">shibuyero</a>	1	1	0	77	257	7170	República Catalana,UE	399
@SiambNos	<a href="https://twitter.com/SiambNos" target="_blank">SiambNos</a>	10	2	0	1697	641	4550	Catalunya	177
@sianskiy	<a href="https://twitter.com/sianskiy" target="_blank">sianskiy</a>	20	0	3	17	69	2272	Catalunya	026
@Siatot	<a href="https://twitter.com/Siatot" target="_blank">Siatot</a>	6	0	1	84	313	947	Barcelona	003
@SIHortaGuinardo	<a href="https://twitter.com/SIHortaGuinardo" target="_blank">SIHortaGuinardo</a>	2	0	1	708	2073	2971		014
@sikokosmik	<a href="https://twitter.com/sikokosmik" target="_blank">sikokosmik</a>	8	0	1	2019	1924	77523	NoMeAñadas A NingunaLista	003
@silcat81	<a href="https://twitter.com/silcat81" target="_blank">silcat81</a>	1	0	1	501	479	4709	Catalunya	184
@silencis_mf	<a href="https://twitter.com/silencis_mf" target="_blank">silencis_mf</a>	4	0	1	151	187	1037		003
@siliker	<a href="https://twitter.com/siliker" target="_blank">siliker</a>	6	33	1	12739	6192	74210		059
@siloimaginas	<a href="https://twitter.com/siloimaginas" target="_blank">siloimaginas</a>	10	0	2	2466	2463	20619		014
@silvia_gabarro	<a href="https://twitter.com/silvia_gabarro" target="_blank">silvia_gabarro</a>	5	0	1	264	230	839		006
@silvia_mur	<a href="https://twitter.com/silvia_mur" target="_blank">silvia_mur</a>	3	0	1	701	759	10169		396
@silvia_pla	<a href="https://twitter.com/silvia_pla" target="_blank">silvia_pla</a>	3	5	0	979	1066	29622	Catalunya	125
@silvia_puco	<a href="https://twitter.com/silvia_puco" target="_blank">silvia_puco</a>	5	0	1	174	782	1693		034
@silviaabermejo	<a href="https://twitter.com/silviaabermejo" target="_blank">silviaabermejo</a>	1	0	1	12	170	149	Reus	002
@SilviaArgudo	<a href="https://twitter.com/SilviaArgudo" target="_blank">SilviaArgudo</a>	15	0	1	170	129	1960		017
@silviagaillard	<a href="https://twitter.com/silviagaillard" target="_blank">silviagaillard</a>	2	0	2	74	350	1245	Barcelona	008
@silviagemo	<a href="https://twitter.com/silviagemo" target="_blank">silviagemo</a>	3	0	1	160	229	2168	Baix Empordà, Catalunya	008
@silviamaycasas	<a href="https://twitter.com/silviamaycasas" target="_blank">silviamaycasas</a>	1	0	1	95	188	625	Barcelona	012
@SilviaT78	<a href="https://twitter.com/SilviaT78" target="_blank">SilviaT78</a>	7	0	1	892	2157	46493		026
@SilviaTorresRa	<a href="https://twitter.com/SilviaTorresRa" target="_blank">SilviaTorresRa</a>	3	0	1	18	95	1030	Sabadell, Barcelona, Catalunya	023
@Silviavm74	<a href="https://twitter.com/Silviavm74" target="_blank">Silviavm74</a>	17	0	2	494	1211	17844		017
@silvicandel	<a href="https://twitter.com/silvicandel" target="_blank">silvicandel</a>	4	0	1	46	152	5622		003
@Silvinha71	<a href="https://twitter.com/Silvinha71" target="_blank">Silvinha71</a>	2	0	1	238	544	3233	Girona	003
@silvinoiaini	<a href="https://twitter.com/silvinoiaini" target="_blank">silvinoiaini</a>	2	0	1	3	21	134		012
@simongorjeos	<a href="https://twitter.com/simongorjeos" target="_blank">simongorjeos</a>	11	0	2	2040	1287	25715		064
@sinasdv	<a href="https://twitter.com/sinasdv" target="_blank">sinasdv</a>	14	0	1	42	304	2602		007
@SindicaEstudian	<a href="https://twitter.com/SindicaEstudian" target="_blank">SindicaEstudian</a>	6	2	0	21599	1386	17786	Estado español	273
@Sinsajo3Rings	<a href="https://twitter.com/Sinsajo3Rings" target="_blank">Sinsajo3Rings</a>	7	1	2	1134	923	16427	Catalunya	035
@sira1880	<a href="https://twitter.com/sira1880" target="_blank">sira1880</a>	1	0	1	3214	3267	63939	Madrid	405
@siraturigasvila	<a href="https://twitter.com/siraturigasvila" target="_blank">siraturigasvila</a>	2	0	1	129	300	1907		020
@Sirereta	<a href="https://twitter.com/Sirereta" target="_blank">Sirereta</a>	4	0	1	13686	1916	186867	La Ciutat Morta	153
@SirQalimer	<a href="https://twitter.com/SirQalimer" target="_blank">SirQalimer</a>	11	0	1	89	160	3098	Now at Catalonia, EU	174
@Sis0kala	<a href="https://twitter.com/Sis0kala" target="_blank">Sis0kala</a>	11	0	1	55	1203	5912		003
@siscocpu	<a href="https://twitter.com/siscocpu" target="_blank">siscocpu</a>	1	0	1	73	232	1347	Pallars Jussà	003
@sisiisa	<a href="https://twitter.com/sisiisa" target="_blank">sisiisa</a>	2	0	1	55	73	6113		174
@SisiVolemVotar	<a href="https://twitter.com/SisiVolemVotar" target="_blank">SisiVolemVotar</a>	5	0	2	52	90	3717	Sant Feliu de Guixols	004
@SisoMako	<a href="https://twitter.com/SisoMako" target="_blank">SisoMako</a>	21	0	1	1757	4085	48384	Catalonia	005
@sisondeta	<a href="https://twitter.com/sisondeta" target="_blank">sisondeta</a>	7	0	1	62	685	6233		002
@Sissylan6	<a href="https://twitter.com/Sissylan6" target="_blank">Sissylan6</a>	1	0	1	385	298	49535	California USA	022
@SitgesPedra1	<a href="https://twitter.com/SitgesPedra1" target="_blank">SitgesPedra1</a>	8	0	1	85	90	14387	Olivella, Catalunya	003
@sitja_flostis	<a href="https://twitter.com/sitja_flostis" target="_blank">sitja_flostis</a>	1	0	1	61	383	1051	Catalunya	356
@SitoValca	<a href="https://twitter.com/SitoValca" target="_blank">SitoValca</a>	8	0	3	51	242	2441	Barcelona, Catalunya	001
@siullavi	<a href="https://twitter.com/siullavi" target="_blank">siullavi</a>	2	0	2	1671	1829	26984		004
@sjoverr	<a href="https://twitter.com/sjoverr" target="_blank">sjoverr</a>	14	0	3	108	453	4664	Barcelona, Catalunya	010
@skafeeling	<a href="https://twitter.com/skafeeling" target="_blank">skafeeling</a>	1	0	1	88	236	5574		007
@skalyvaat	<a href="https://twitter.com/skalyvaat" target="_blank">skalyvaat</a>	0	1	0					396
@skurkas	<a href="https://twitter.com/skurkas" target="_blank">skurkas</a>	4	0	1	431	612	2070	TGN	026
@skylab255	<a href="https://twitter.com/skylab255" target="_blank">skylab255</a>	4	0	1	44	86	2120		003
@slowolou	<a href="https://twitter.com/slowolou" target="_blank">slowolou</a>	0	2	0					078
@SMaL0_Anime	<a href="https://twitter.com/SMaL0_Anime" target="_blank">SMaL0_Anime</a>	2	0	1	34	41	1304	Tarragona, España	022
@smartwine	<a href="https://twitter.com/smartwine" target="_blank">smartwine</a>	2	0	1	225	422	2366	Entre el Garraf i l'Empordà.	018
@smatllo	<a href="https://twitter.com/smatllo" target="_blank">smatllo</a>	3	0	1	143	247	1068	Catalunya, Espanya	070
@smujal	<a href="https://twitter.com/smujal" target="_blank">smujal</a>	60	0	7	4220	4994	218901	Barcelona	004
@SMW_VCR_CC	<a href="https://twitter.com/SMW_VCR_CC" target="_blank">SMW_VCR_CC</a>	1	0	1	69	175	789	Pétaouchnok	416
@snobilitate	<a href="https://twitter.com/snobilitate" target="_blank">snobilitate</a>	5	0	2	32	229	2414	Offshore	015
@sobiranianarkia	<a href="https://twitter.com/sobiranianarkia" target="_blank">sobiranianarkia</a>	24	0	1	1687	1933	23245	960064915 Meliana Spain.	014
@SobresMorados	<a href="https://twitter.com/SobresMorados" target="_blank">SobresMorados</a>	2	0	1	266	457	2854	España	003
@soc_cat	<a href="https://twitter.com/soc_cat" target="_blank">soc_cat</a>	1	2	0	71	111	1324		014
@SocialistesIndC	<a href="https://twitter.com/SocialistesIndC" target="_blank">SocialistesIndC</a>	1	1	0	42	270	112	Catalunya, Espanya	397
@socialistesxSI	<a href="https://twitter.com/socialistesxSI" target="_blank">socialistesxSI</a>	36	1	1	310	251	1126		017
@SocIsomer	<a href="https://twitter.com/SocIsomer" target="_blank">SocIsomer</a>	1	0	1	479	591	445	Manresa	029
@socladianna	<a href="https://twitter.com/socladianna" target="_blank">socladianna</a>	5	0	1	561	962	17103	A casa meva	014
@soclalan	<a href="https://twitter.com/soclalan" target="_blank">soclalan</a>	1	0	1	365	1006	172		235
@socmanu	<a href="https://twitter.com/socmanu" target="_blank">socmanu</a>	1	0	1	145	569	5341		003
@SodomitaE	<a href="https://twitter.com/SodomitaE" target="_blank">SodomitaE</a>	7	0	1	56	152	5347	Barcelona, España	018
@Sogalokk	<a href="https://twitter.com/Sogalokk" target="_blank">Sogalokk</a>	2	0	1	1826	762	61550	Barcelona	184
@Soifam	<a href="https://twitter.com/Soifam" target="_blank">Soifam</a>	2	0	2	85	179	3274		157
@Solanium1	<a href="https://twitter.com/Solanium1" target="_blank">Solanium1</a>	2	0	1	111	227	12089		003
@solbilbaolopez	<a href="https://twitter.com/solbilbaolopez" target="_blank">solbilbaolopez</a>	1	0	1	1469	3192	21193	Barcelona, pero soy cántabra	014
@sole_xavier	<a href="https://twitter.com/sole_xavier" target="_blank">sole_xavier</a>	1	0	1	89	127	684		002
@SoledatFarre	<a href="https://twitter.com/SoledatFarre" target="_blank">SoledatFarre</a>	2	0	1	83	114	802		002
@solet72	<a href="https://twitter.com/solet72" target="_blank">solet72</a>	9	0	1	89	91	18060		220
@solidaridadEH	<a href="https://twitter.com/solidaridadEH" target="_blank">solidaridadEH</a>	0	4	0					035
@SomBellvitge	<a href="https://twitter.com/SomBellvitge" target="_blank">SomBellvitge</a>	16	0	4	704	512	1935	l'Hospitalet de Llobregat	063
@somiserem2014	<a href="https://twitter.com/somiserem2014" target="_blank">somiserem2014</a>	5	0	1	762	1044	29297	Republica de Catalunya	002
@SomiuSerLliure	<a href="https://twitter.com/SomiuSerLliure" target="_blank">SomiuSerLliure</a>	12	0	2	1065	1973	22637	Catalunya	095
@somVNG	<a href="https://twitter.com/somVNG" target="_blank">somVNG</a>	5	1	0	725	683	2038	Vilanova i la Geltrú	394
@soni_cats	<a href="https://twitter.com/soni_cats" target="_blank">soni_cats</a>	1	0	1	675	624	7074	La Barceloneta	002
@sonia_de_ibelli	<a href="https://twitter.com/sonia_de_ibelli" target="_blank">sonia_de_ibelli</a>	6	0	2	66	46	1607	Barcelona	029
@Soniaa_33	<a href="https://twitter.com/Soniaa_33" target="_blank">Soniaa_33</a>	1	0	1	182	432	1842		010
@SoniadeCastro10	<a href="https://twitter.com/SoniadeCastro10" target="_blank">SoniadeCastro10</a>	1	0	1	11	92	42	Tarragona, España	014
@SoniaFreixas	<a href="https://twitter.com/SoniaFreixas" target="_blank">SoniaFreixas</a>	1	0	1	107	173	172		003
@soniasapa	<a href="https://twitter.com/soniasapa" target="_blank">soniasapa</a>	1	0	1	50	205	4509		202
@sonrisa_tenue	<a href="https://twitter.com/sonrisa_tenue" target="_blank">sonrisa_tenue</a>	1	0	1	78	88	849		123
@sonsomun	<a href="https://twitter.com/sonsomun" target="_blank">sonsomun</a>	5	0	1	10	91	665		006
@sotivinitero	<a href="https://twitter.com/sotivinitero" target="_blank">sotivinitero</a>	15	0	3	159	421	11642	Barcelona, South Africa	029
@sotoarmengol	<a href="https://twitter.com/sotoarmengol" target="_blank">sotoarmengol</a>	95	0	8	3397	5001	83623	Comarca Garraf	017
@sotsproject	<a href="https://twitter.com/sotsproject" target="_blank">sotsproject</a>	15	0	1	606	3838	8948	Barcelona, Espanya	218
@Souka_Albertet	<a href="https://twitter.com/Souka_Albertet" target="_blank">Souka_Albertet</a>	1	0	1	181	1038	1526		179
@soyuncaballo	<a href="https://twitter.com/soyuncaballo" target="_blank">soyuncaballo</a>	2	0	2	180	199	8492	Alderaan	012
@sp6anna	<a href="https://twitter.com/sp6anna" target="_blank">sp6anna</a>	1	0	1	74	668	915		003
@SparkyJonesPere	<a href="https://twitter.com/SparkyJonesPere" target="_blank">SparkyJonesPere</a>	4	0	1	255	488	45341		011
@spidderr	<a href="https://twitter.com/spidderr" target="_blank">spidderr</a>	12	0	1	139	323	23365		014
@spiff_spiff	<a href="https://twitter.com/spiff_spiff" target="_blank">spiff_spiff</a>	10	0	3	151	205	7337		003
@Splth32	<a href="https://twitter.com/Splth32" target="_blank">Splth32</a>	42	0	1	66	100	6157		008
@sport	<a href="https://twitter.com/sport" target="_blank">sport</a>	0	1	0					395
@spuignicolas	<a href="https://twitter.com/spuignicolas" target="_blank">spuignicolas</a>	1	0	1	95	146	1986	Barcelona	499
@sqd_74	<a href="https://twitter.com/sqd_74" target="_blank">sqd_74</a>	14	0	1	1966	2839	49037		014
@sredomarti	<a href="https://twitter.com/sredomarti" target="_blank">sredomarti</a>	7	0	1	1295	1152	37961	Manresa	004
@SrFl0ppy	<a href="https://twitter.com/SrFl0ppy" target="_blank">SrFl0ppy</a>	21	0	2	133	323	10434	Barcelona	002
@SrFosc70Bcn	<a href="https://twitter.com/SrFosc70Bcn" target="_blank">SrFosc70Bcn</a>	6	0	5	162	210	4653	Barcelona, Cataluña	014
@SrgFrr	<a href="https://twitter.com/SrgFrr" target="_blank">SrgFrr</a>	2	0	1	165	310	1820		017
@SRigui	<a href="https://twitter.com/SRigui" target="_blank">SRigui</a>	3	0	1	222	416	1605	Girona	445
@SrMarquez2289	<a href="https://twitter.com/SrMarquez2289" target="_blank">SrMarquez2289</a>	0	1	0					014
@srsole	<a href="https://twitter.com/srsole" target="_blank">srsole</a>	1	0	1	364	660	2348	London	142
@SSoliguer	<a href="https://twitter.com/SSoliguer" target="_blank">SSoliguer</a>	4	0	1	66	160	2192	Girona, Catalunya	007
@ssoriol	<a href="https://twitter.com/ssoriol" target="_blank">ssoriol</a>	7	0	1	129	186	5101	Barcelona	034
@Sssimone_Weil	<a href="https://twitter.com/Sssimone_Weil" target="_blank">Sssimone_Weil</a>	1	0	1	148	757	1664	Bisbee, AZ	004
@stan1927	<a href="https://twitter.com/stan1927" target="_blank">stan1927</a>	1	0	1	214	323	9584		003
@Stargalabcn	<a href="https://twitter.com/Stargalabcn" target="_blank">Stargalabcn</a>	5	0	1	206	315	16281	Catalunya	003
@Starling_Bcs	<a href="https://twitter.com/Starling_Bcs" target="_blank">Starling_Bcs</a>	0	1	0					393
@starlux_26	<a href="https://twitter.com/starlux_26" target="_blank">starlux_26</a>	7	0	1	489	1353	19083	Lliça  de Vall  Catalunya.	003
@StatsCatalan	<a href="https://twitter.com/StatsCatalan" target="_blank">StatsCatalan</a>	6	0	1	2946	24	2678	Catalunya	169
@stefaino	<a href="https://twitter.com/stefaino" target="_blank">stefaino</a>	2	0	1	533	1817	2686	la garriga / catalunya	057
@StellaCJ	<a href="https://twitter.com/StellaCJ" target="_blank">StellaCJ</a>	1	0	1	1244	3850	30086	Hounslow	016
@StillYesScot	<a href="https://twitter.com/StillYesScot" target="_blank">StillYesScot</a>	37	0	3	8308	7924	132510	Scotland, United Kingdom	016
@stmarnock69	<a href="https://twitter.com/stmarnock69" target="_blank">stmarnock69</a>	6	0	1	374	703	17743		165
@stopretallades	<a href="https://twitter.com/stopretallades" target="_blank">stopretallades</a>	5	0	1	48	76	1792		203
@Stuker87	<a href="https://twitter.com/Stuker87" target="_blank">Stuker87</a>	22	0	2	78	824	6218	Sant Cugat del Valles	002
@stupidmarkets	<a href="https://twitter.com/stupidmarkets" target="_blank">stupidmarkets</a>	1	0	1	603	159	173509		533
@su_bcn	<a href="https://twitter.com/su_bcn" target="_blank">su_bcn</a>	3	0	2	296	921	9678	Barcelona - CAT	040
@subimontse	<a href="https://twitter.com/subimontse" target="_blank">subimontse</a>	0	1	0					392
@Subterraniradio	<a href="https://twitter.com/Subterraniradio" target="_blank">Subterraniradio</a>	1	0	1	65	259	171	Igualada, Espanya	304
@subxs38	<a href="https://twitter.com/subxs38" target="_blank">subxs38</a>	2	0	1	443	1630	5013		003
@SuCaIg	<a href="https://twitter.com/SuCaIg" target="_blank">SuCaIg</a>	6	0	1	282	542	3360	Molins de Rei, Bcn,Catalunya	014
@sucreblau	<a href="https://twitter.com/sucreblau" target="_blank">sucreblau</a>	7	0	1	434	670	18501	Gelida, Catalunya (Catalonia)	014
@sum_quod_sum_	<a href="https://twitter.com/sum_quod_sum_" target="_blank">sum_quod_sum_</a>	8	0	2	1192	1551	14107	espai exterior	010
@SumaBLlobregat	<a href="https://twitter.com/SumaBLlobregat" target="_blank">SumaBLlobregat</a>	8	0	1	987	597	4672		003
@sumate_asoc	<a href="https://twitter.com/sumate_asoc" target="_blank">sumate_asoc</a>	1	127	0	53402	3308	12365	Cataluña	003
@sumpta40	<a href="https://twitter.com/sumpta40" target="_blank">sumpta40</a>	2	0	1	53	287	1237		207
@SunyerJaume	<a href="https://twitter.com/SunyerJaume" target="_blank">SunyerJaume</a>	8	0	2	279	1024	5094		010
@sunyeta	<a href="https://twitter.com/sunyeta" target="_blank">sunyeta</a>	17	0	1	330	616	26885	Catalunya	003
@super_oxigenat	<a href="https://twitter.com/super_oxigenat" target="_blank">super_oxigenat</a>	12	0	1	92	369	4409	Ribes, el Garraf	229
@superdracir	<a href="https://twitter.com/superdracir" target="_blank">superdracir</a>	5	0	2	150	280	8201	Sabadell	004
@SuperPapatata	<a href="https://twitter.com/SuperPapatata" target="_blank">SuperPapatata</a>	4	0	1	487	617	21232	Catalunya	014
@SuperXarnego	<a href="https://twitter.com/SuperXarnego" target="_blank">SuperXarnego</a>	3	0	1	86	130	5933	Catalonia	003
@Sus2510PR	<a href="https://twitter.com/Sus2510PR" target="_blank">Sus2510PR</a>	2	0	1	38	183	532	Sitges, Espanya	331
@Susana75R	<a href="https://twitter.com/Susana75R" target="_blank">Susana75R</a>	12	0	1	124	189	1184		003
@SusanaGimenezPa	<a href="https://twitter.com/SusanaGimenezPa" target="_blank">SusanaGimenezPa</a>	24	0	1	92	296	4138	Santa Eulàlia de Ronçana	003
@Susanna8138	<a href="https://twitter.com/Susanna8138" target="_blank">Susanna8138</a>	20	1	1	2590	1293	61481	Valls, Tarragona	142
@susannablab	<a href="https://twitter.com/susannablab" target="_blank">susannablab</a>	14	0	6	40	133	2420	Barcelona, Catalunya	014
@SusannaRenau	<a href="https://twitter.com/SusannaRenau" target="_blank">SusannaRenau</a>	2	0	1	8	59	54		005
@susbg13	<a href="https://twitter.com/susbg13" target="_blank">susbg13</a>	11	0	1	19	32	851		003
@SusodeToro1	<a href="https://twitter.com/SusodeToro1" target="_blank">SusodeToro1</a>	6	0	1	26243	841	23847	Santiago de Compostela	007
@svilellamir	<a href="https://twitter.com/svilellamir" target="_blank">svilellamir</a>	6	0	2	60	199	626		302
@sweet_sbbk	<a href="https://twitter.com/sweet_sbbk" target="_blank">sweet_sbbk</a>	6	0	1	125	488	4271	CATALUNYA	006
@SxMreferendum	<a href="https://twitter.com/SxMreferendum" target="_blank">SxMreferendum</a>	5	9	0	600	38	188		123
@SylviLG	<a href="https://twitter.com/SylviLG" target="_blank">SylviLG</a>	8	0	1	4630	3378	148474	Catalunya	134
@synobazz	<a href="https://twitter.com/synobazz" target="_blank">synobazz</a>	9	0	2	84	315	2832	secuita	026
@TalaEnric	<a href="https://twitter.com/TalaEnric" target="_blank">TalaEnric</a>	5	0	1	675	1436	42115		005
@talanca64	<a href="https://twitter.com/talanca64" target="_blank">talanca64</a>	2	0	1	648	778	17303	Barcelona, España	003
@tallafocs	<a href="https://twitter.com/tallafocs" target="_blank">tallafocs</a>	4	0	1	453	1160	5141	N 41°21' 0'' / E 2°7' 0''	002
@tallarinamarina	<a href="https://twitter.com/tallarinamarina" target="_blank">tallarinamarina</a>	17	0	4	153	151	5244	Arenys de Mar, Espanya	007
@Talluscat	<a href="https://twitter.com/Talluscat" target="_blank">Talluscat</a>	3	0	1	33	184	1334	Catalunya	184
@Tamarillo3	<a href="https://twitter.com/Tamarillo3" target="_blank">Tamarillo3</a>	4	0	1	570	698	6030		225
@TambourineW	<a href="https://twitter.com/TambourineW" target="_blank">TambourineW</a>	2	0	1	90	420	1134		113
@tancatibarrat	<a href="https://twitter.com/tancatibarrat" target="_blank">tancatibarrat</a>	6	0	1	568	604	10169		014
@Tanscari	<a href="https://twitter.com/Tanscari" target="_blank">Tanscari</a>	1	0	1	28	245	2718	Barcelona, Catalunya	007
@TapiBcn75	<a href="https://twitter.com/TapiBcn75" target="_blank">TapiBcn75</a>	0	1	0					271
@tarracopinio	<a href="https://twitter.com/tarracopinio" target="_blank">tarracopinio</a>	3	0	1	649	838	14062	Tarragona, Espanya	014
@tarragonablog	<a href="https://twitter.com/tarragonablog" target="_blank">tarragonablog</a>	0	18	0					014
@TarragonaVotare	<a href="https://twitter.com/TarragonaVotare" target="_blank">TarragonaVotare</a>	7	0	1	4	13	244		140
@TarresNil	<a href="https://twitter.com/TarresNil" target="_blank">TarresNil</a>	1	0	1	80	182	87		471
@tarressolar	<a href="https://twitter.com/tarressolar" target="_blank">tarressolar</a>	2	0	1	661	123	98756		004
@tarrman	<a href="https://twitter.com/tarrman" target="_blank">tarrman</a>	1	0	1	1208	3632	26505		003
@TarrsJordi	<a href="https://twitter.com/TarrsJordi" target="_blank">TarrsJordi</a>	4	0	1	916	2314	7571		010
@Tassia09	<a href="https://twitter.com/Tassia09" target="_blank">Tassia09</a>	6	0	1	522	1073	6972	Europe	003
@TassjaArt	<a href="https://twitter.com/TassjaArt" target="_blank">TassjaArt</a>	18	0	2	31	172	156	Barcelona	108
@TATIANACHRIS	<a href="https://twitter.com/TATIANACHRIS" target="_blank">TATIANACHRIS</a>	2	17	0	2262	692	9496	Sant Andreu - BCN - Catalunya	014
@tatperamiquel	<a href="https://twitter.com/tatperamiquel" target="_blank">tatperamiquel</a>	2	0	1	128	363	500	barcelona- súria	009
@TaviHarper	<a href="https://twitter.com/TaviHarper" target="_blank">TaviHarper</a>	10	0	2	117	62	10496		014
@TB_Bonfire	<a href="https://twitter.com/TB_Bonfire" target="_blank">TB_Bonfire</a>	4	0	1	822	3094	19207	Ayrshire, Scotland	004
@TCremades	<a href="https://twitter.com/TCremades" target="_blank">TCremades</a>	10	0	1	500	986	14154	Barcelona	116
@tcs131	<a href="https://twitter.com/tcs131" target="_blank">tcs131</a>	0	1	0					249
@Tecnovideobooks	<a href="https://twitter.com/Tecnovideobooks" target="_blank">Tecnovideobooks</a>	13	0	1	95	376	2346		002
@teia63	<a href="https://twitter.com/teia63" target="_blank">teia63</a>	1	0	1	16	116	287		004
@TeixidoJaume	<a href="https://twitter.com/TeixidoJaume" target="_blank">TeixidoJaume</a>	14	1	1	209	281	8194	Barcelona ( Catalunya )	003
@Teixonera	<a href="https://twitter.com/Teixonera" target="_blank">Teixonera</a>	10	0	4	227	572	5672	Canet de mar	004
@TeoAtsek	<a href="https://twitter.com/TeoAtsek" target="_blank">TeoAtsek</a>	4	0	1	549	1025	33906	Barcelona, Catalunya	026
@TereBiB	<a href="https://twitter.com/TereBiB" target="_blank">TereBiB</a>	2	0	1	627	719	5758	Barcelona	138
@TereMafalda	<a href="https://twitter.com/TereMafalda" target="_blank">TereMafalda</a>	8	0	1	467	687	18978	Sant Jordi, Catalunya	003
@TereMaiGa	<a href="https://twitter.com/TereMaiGa" target="_blank">TereMaiGa</a>	1	0	1	134	213	2764	Catalunya, Espanya	003
@TeresaCortes18	<a href="https://twitter.com/TeresaCortes18" target="_blank">TeresaCortes18</a>	3	0	1	769	1018	75108	Las Palmas G.C.	005
@Teresaht	<a href="https://twitter.com/Teresaht" target="_blank">Teresaht</a>	1	0	1	63	115	4092	Barcelona	034
@TeresaJorda	<a href="https://twitter.com/TeresaJorda" target="_blank">TeresaJorda</a>	4	25	2	8278	4853	6937	Ripoll	020
@teresapimpam	<a href="https://twitter.com/teresapimpam" target="_blank">teresapimpam</a>	18	0	2	185	54	34137	Maresme. Catalunya	014
@teresatorva	<a href="https://twitter.com/teresatorva" target="_blank">teresatorva</a>	3	0	1	36	59	129	Barcelona	012
@tereserarg	<a href="https://twitter.com/tereserarg" target="_blank">tereserarg</a>	9	0	1	65	62	2247		261
@terina_pujadas	<a href="https://twitter.com/terina_pujadas" target="_blank">terina_pujadas</a>	5	0	1	92	401	5385	Paisos Catalans	014
@Termina64311166	<a href="https://twitter.com/Termina64311166" target="_blank">Termina64311166</a>	1	0	1	4	17	319		228
@TerraConcertada	<a href="https://twitter.com/TerraConcertada" target="_blank">TerraConcertada</a>	12	0	1	2175	3418	34982	Països catalans per alliberar	034
@terraescudellat	<a href="https://twitter.com/terraescudellat" target="_blank">terraescudellat</a>	1	0	1	29	402	523		006
@territoriscat	<a href="https://twitter.com/territoriscat" target="_blank">territoriscat</a>	1	0	1	3637	2362	14750	Pl Manuel Bertran 2 Mollerussa	349
@tesnus	<a href="https://twitter.com/tesnus" target="_blank">tesnus</a>	1	0	1	26	183	1150		189
@tetrabrick123	<a href="https://twitter.com/tetrabrick123" target="_blank">tetrabrick123</a>	2	0	1	67	483	3367		003
@tfuentelsaz	<a href="https://twitter.com/tfuentelsaz" target="_blank">tfuentelsaz</a>	1	0	1	654	416	19097	Barcelona	012
@Tgarcia_m	<a href="https://twitter.com/Tgarcia_m" target="_blank">Tgarcia_m</a>	16	0	1	960	1283	4322	Valls, Catalunya	003
@TGN_noticies	<a href="https://twitter.com/TGN_noticies" target="_blank">TGN_noticies</a>	1	0	1	571	945	1902	Tarragona	012
@thanks4thefish	<a href="https://twitter.com/thanks4thefish" target="_blank">thanks4thefish</a>	1	0	1	491	658	9138	Cardedeu	122
@thecatalino	<a href="https://twitter.com/thecatalino" target="_blank">thecatalino</a>	1	0	1	435	596	1396	Catalonia ||☆||	169
@TheDavidDelta	<a href="https://twitter.com/TheDavidDelta" target="_blank">TheDavidDelta</a>	1	0	1	1075	2101	80438	Valencia	005
@TheDiederick	<a href="https://twitter.com/TheDiederick" target="_blank">TheDiederick</a>	1	0	1	248	778	8811		506
@TheDothrabbi	<a href="https://twitter.com/TheDothrabbi" target="_blank">TheDothrabbi</a>	4	0	1	135	505	14155		003
@TheGlobalSpring	<a href="https://twitter.com/TheGlobalSpring" target="_blank">TheGlobalSpring</a>	1	3	0	168	206	3978	Berkeley, CA	033
@TheLibertyLamp	<a href="https://twitter.com/TheLibertyLamp" target="_blank">TheLibertyLamp</a>	1	0	1	1601	1114	50923	Earth	282
@TheMost2002	<a href="https://twitter.com/TheMost2002" target="_blank">TheMost2002</a>	4	1	1	198	885	2183	Provincia: Barcelona	545
@TheOutlpayer	<a href="https://twitter.com/TheOutlpayer" target="_blank">TheOutlpayer</a>	6	0	1	51	121	6747		003
@TheScience	<a href="https://twitter.com/TheScience" target="_blank">TheScience</a>	4	0	4	293	284	5758		014
@thinkcatalonia	<a href="https://twitter.com/thinkcatalonia" target="_blank">thinkcatalonia</a>	30	0	1	539	1290	53858	Sabadell - Països Catalans	014
@thisisjaume	<a href="https://twitter.com/thisisjaume" target="_blank">thisisjaume</a>	5	0	1	210	140	14320	Mallorca, Illes Balears.	003
@thomedes	<a href="https://twitter.com/thomedes" target="_blank">thomedes</a>	8	0	2	155	493	5127	Barcelona	014
@tiamonol	<a href="https://twitter.com/tiamonol" target="_blank">tiamonol</a>	1	0	1	269	531	5716		507
@TicuxicRamon	<a href="https://twitter.com/TicuxicRamon" target="_blank">TicuxicRamon</a>	2	0	1	10	58	606		026
@tietaVeronica	<a href="https://twitter.com/tietaVeronica" target="_blank">tietaVeronica</a>	7	0	2	150	776	8303		018
@TiganaBelgarath	<a href="https://twitter.com/TiganaBelgarath" target="_blank">TiganaBelgarath</a>	7	0	1	564	1308	14078	Republica de Catalunya.UE	014
@tiglapilepser	<a href="https://twitter.com/tiglapilepser" target="_blank">tiglapilepser</a>	1	0	1	1820	4230	4376	Elche, España	003
@tiite01	<a href="https://twitter.com/tiite01" target="_blank">tiite01</a>	0	1	0					388
@Timbalerdelbru2	<a href="https://twitter.com/Timbalerdelbru2" target="_blank">Timbalerdelbru2</a>	11	0	1	237	210	37607		003
@tincset	<a href="https://twitter.com/tincset" target="_blank">tincset</a>	2	0	1	168	166	814	Catalunya	003
@tincungos	<a href="https://twitter.com/tincungos" target="_blank">tincungos</a>	15	0	2	114	291	6049		036
@Tinet2puntzero	<a href="https://twitter.com/Tinet2puntzero" target="_blank">Tinet2puntzero</a>	0	2	0					182
@Tintazull	<a href="https://twitter.com/Tintazull" target="_blank">Tintazull</a>	2	0	1	725	1076	4773		005
@tirant_el_blanc	<a href="https://twitter.com/tirant_el_blanc" target="_blank">tirant_el_blanc</a>	17	0	1	10794	10471	97696	Països Catalans	014
@tirantlonegre	<a href="https://twitter.com/tirantlonegre" target="_blank">tirantlonegre</a>	10	0	2	603	1146	18585	Catalunya	003
@Tiriti26	<a href="https://twitter.com/Tiriti26" target="_blank">Tiriti26</a>	3	0	1	209	422	5825	Tarragona . Catalunya	027
@Tirsogz	<a href="https://twitter.com/Tirsogz" target="_blank">Tirsogz</a>	2	0	1	846	509	8553	Ourense	027
@titarrona	<a href="https://twitter.com/titarrona" target="_blank">titarrona</a>	0	1	0					146
@titiroca5	<a href="https://twitter.com/titiroca5" target="_blank">titiroca5</a>	3	0	1	1974	193	1546		213
@titoalber	<a href="https://twitter.com/titoalber" target="_blank">titoalber</a>	1	0	1	1028	1035	47018	Cornellà, Barcelona	168
@TJPCATALUNYA	<a href="https://twitter.com/TJPCATALUNYA" target="_blank">TJPCATALUNYA</a>	6	0	1	2002	2683	52036		014
@tmiserachs	<a href="https://twitter.com/tmiserachs" target="_blank">tmiserachs</a>	0	1	0					313
@TOGAFO666	<a href="https://twitter.com/TOGAFO666" target="_blank">TOGAFO666</a>	4	0	1	155	207	11028		006
@toloviaducto	<a href="https://twitter.com/toloviaducto" target="_blank">toloviaducto</a>	4	0	1	7763	6739	104542	Madrid	059
@Tomi147	<a href="https://twitter.com/Tomi147" target="_blank">Tomi147</a>	3	2	0	365	717	5988	Garrotxa i B.Empordà	016
@tomoda65	<a href="https://twitter.com/tomoda65" target="_blank">tomoda65</a>	16	0	1	196	221	4170	Isla Vista, CA	013
@tonet8	<a href="https://twitter.com/tonet8" target="_blank">tonet8</a>	1	3	0	2375	2283	33032	Catalunya - Nou Estat del món	068
@toni_comas	<a href="https://twitter.com/toni_comas" target="_blank">toni_comas</a>	4	0	1	1244	1287	9083	Barcelona, Catalunya	003
@Toni_Lara_	<a href="https://twitter.com/Toni_Lara_" target="_blank">Toni_Lara_</a>	3	0	1	112	381	5674		002
@toni_viader	<a href="https://twitter.com/toni_viader" target="_blank">toni_viader</a>	2	0	1	726	137	4405	Girona	018
@toni1330	<a href="https://twitter.com/toni1330" target="_blank">toni1330</a>	2	0	1	252	430	4840		003
@tonialba	<a href="https://twitter.com/tonialba" target="_blank">tonialba</a>	7	0	1	84515	1849	155582		003
@ToniAlonso3777	<a href="https://twitter.com/ToniAlonso3777" target="_blank">ToniAlonso3777</a>	8	0	1	433	756	20317	Barcelona, Cataluña	014
@tonibarniol	<a href="https://twitter.com/tonibarniol" target="_blank">tonibarniol</a>	3	0	1	78	191	1032		034
@ToniBarns1	<a href="https://twitter.com/ToniBarns1" target="_blank">ToniBarns1</a>	3	0	2	10	74	81		015
@ToniCarcole	<a href="https://twitter.com/ToniCarcole" target="_blank">ToniCarcole</a>	7	0	1	59	115	1449	Republica de Catalunya	014
@tonicesteve	<a href="https://twitter.com/tonicesteve" target="_blank">tonicesteve</a>	17	0	1	3324	3598	158610	Barcelona	003
@tonicortesming	<a href="https://twitter.com/tonicortesming" target="_blank">tonicortesming</a>	2	2	0	1217	859	5126	Igualada (Catalunya)	304
@tonicurco	<a href="https://twitter.com/tonicurco" target="_blank">tonicurco</a>	1	0	1	13	80	619	Catalunya	006
@tonidalmau	<a href="https://twitter.com/tonidalmau" target="_blank">tonidalmau</a>	1	0	1	235	255	1891	Catalonia	047
@ToniGuillamonG	<a href="https://twitter.com/ToniGuillamonG" target="_blank">ToniGuillamonG</a>	1	0	1	168	167	2461		003
@ToniK10	<a href="https://twitter.com/ToniK10" target="_blank">ToniK10</a>	3	0	1	858	1408	13605	República de Catalunya	168
@toniliva	<a href="https://twitter.com/toniliva" target="_blank">toniliva</a>	7	0	1	918	2176	12447		014
@tonilloreda	<a href="https://twitter.com/tonilloreda" target="_blank">tonilloreda</a>	1	0	1	356	776	20952	Catalunya	006
@tonimartinl	<a href="https://twitter.com/tonimartinl" target="_blank">tonimartinl</a>	2	0	1	1850	1757	6463	Barcelona	003
@ToniPardo3	<a href="https://twitter.com/ToniPardo3" target="_blank">ToniPardo3</a>	3	0	1	13	77	420		036
@ToniPelegrin	<a href="https://twitter.com/ToniPelegrin" target="_blank">ToniPelegrin</a>	1	0	1	38	75	203	Barcelona	014
@ToniQuique	<a href="https://twitter.com/ToniQuique" target="_blank">ToniQuique</a>	23	0	2	2129	2009	77000	Aquí	124
@ToniRodrguez	<a href="https://twitter.com/ToniRodrguez" target="_blank">ToniRodrguez</a>	9	0	1	317	467	27825	Catalunya	003
@tonisalse	<a href="https://twitter.com/tonisalse" target="_blank">tonisalse</a>	2	0	1	517	955	3547		014
@tonisoriano66	<a href="https://twitter.com/tonisoriano66" target="_blank">tonisoriano66</a>	2	0	1	184	130	2108		034
@toniterim	<a href="https://twitter.com/toniterim" target="_blank">toniterim</a>	1	1	0	1757	1987	41634	Barcelona	384
@tonitorrelles	<a href="https://twitter.com/tonitorrelles" target="_blank">tonitorrelles</a>	2	0	1	65	167	1133	Torrelles de llobregat	189
@ToniTorrentt	<a href="https://twitter.com/ToniTorrentt" target="_blank">ToniTorrentt</a>	7	0	1	476	1409	9141	Barcelona	034
@tonivdp3	<a href="https://twitter.com/tonivdp3" target="_blank">tonivdp3</a>	1	0	1	71	197	1689		003
@tonlloret	<a href="https://twitter.com/tonlloret" target="_blank">tonlloret</a>	0	1	0					385
@Tony_Orcha	<a href="https://twitter.com/Tony_Orcha" target="_blank">Tony_Orcha</a>	11	1	1	527	335	10352	Barcelona	156
@TonyBaylo	<a href="https://twitter.com/TonyBaylo" target="_blank">TonyBaylo</a>	5	0	1	124	547	17551	Esplugues de Llobregat, España	003
@tonyriv63886526	<a href="https://twitter.com/tonyriv63886526" target="_blank">tonyriv63886526</a>	3	0	3	6	11	27		031
@Toonnette	<a href="https://twitter.com/Toonnette" target="_blank">Toonnette</a>	5	0	2	263	191	6054	BARCELONA (SPAIN)	034
@tore51	<a href="https://twitter.com/tore51" target="_blank">tore51</a>	19	0	4	1236	1349	139459	catalunya	017
@TorinetaCalduch	<a href="https://twitter.com/TorinetaCalduch" target="_blank">TorinetaCalduch</a>	7	0	3	7	33	156		102
@TorneroSonia	<a href="https://twitter.com/TorneroSonia" target="_blank">TorneroSonia</a>	2	0	1	12	101	124	Catalunya	006
@tornoapassar	<a href="https://twitter.com/tornoapassar" target="_blank">tornoapassar</a>	3	0	1	139	63	5229		161
@Torrat4	<a href="https://twitter.com/Torrat4" target="_blank">Torrat4</a>	1	0	1	24	118	408	Falset	003
@TorrecillasMarc	<a href="https://twitter.com/TorrecillasMarc" target="_blank">TorrecillasMarc</a>	1	0	1	1131	636	9081	Catalunya	003
@Torrelles_ERC	<a href="https://twitter.com/Torrelles_ERC" target="_blank">Torrelles_ERC</a>	0	1	0					500
@TORRESCOLOMER	<a href="https://twitter.com/TORRESCOLOMER" target="_blank">TORRESCOLOMER</a>	4	0	1	715	740	20493		014
@TORRETORRONS	<a href="https://twitter.com/TORRETORRONS" target="_blank">TORRETORRONS</a>	3	0	1	85	138	8516		034
@TorroOlga	<a href="https://twitter.com/TorroOlga" target="_blank">TorroOlga</a>	3	0	2	5	48	375		169
@tort77	<a href="https://twitter.com/tort77" target="_blank">tort77</a>	2	0	1	1175	2242	32176	Barcelona, Catalunya	004
@tostemps	<a href="https://twitter.com/tostemps" target="_blank">tostemps</a>	3	0	1	1362	1223	7816	Països Catalans lliures!	004
@tote_llado	<a href="https://twitter.com/tote_llado" target="_blank">tote_llado</a>	34	0	2	53	58	4578	Barcelona	006
@totiapm	<a href="https://twitter.com/totiapm" target="_blank">totiapm</a>	36	0	9	382	241	81767	Catalonia	014
@totiarimany	<a href="https://twitter.com/totiarimany" target="_blank">totiarimany</a>	4	0	2	150	216	973		009
@totisfcb	<a href="https://twitter.com/totisfcb" target="_blank">totisfcb</a>	0	1	0					383
@totonqa	<a href="https://twitter.com/totonqa" target="_blank">totonqa</a>	6	0	1	268	995	10607		140
@TotsxLlambilles	<a href="https://twitter.com/TotsxLlambilles" target="_blank">TotsxLlambilles</a>	1	0	1	223	228	1483	Llambilles	020
@tpurpina	<a href="https://twitter.com/tpurpina" target="_blank">tpurpina</a>	1	0	1	18	28	180	catalunya	383
@tradasro	<a href="https://twitter.com/tradasro" target="_blank">tradasro</a>	7	0	1	2061	1682	24164	Toronto / Blairgowrie SCOTLAND	136
@tradougcions	<a href="https://twitter.com/tradougcions" target="_blank">tradougcions</a>	5	0	1	618	501	69680		018
@TramitaliaTDA	<a href="https://twitter.com/TramitaliaTDA" target="_blank">TramitaliaTDA</a>	1	0	1	217	118	1080	Santa Coloma de Gramenet, Espanya	014
@tramuntana	<a href="https://twitter.com/tramuntana" target="_blank">tramuntana</a>	2	0	1	509	1371	10595		196
@tranamay	<a href="https://twitter.com/tranamay" target="_blank">tranamay</a>	19	0	1	547	313	61473		003
@Trapichaire1	<a href="https://twitter.com/Trapichaire1" target="_blank">Trapichaire1</a>	12	0	2	121	495	6289	Cannon Beach, Oregon	014
@Trapote3	<a href="https://twitter.com/Trapote3" target="_blank">Trapote3</a>	15	0	4	7	30	3549		014
@trastomina	<a href="https://twitter.com/trastomina" target="_blank">trastomina</a>	2	0	1	361	380	12173	Barcelona, España	003
@treballadors	<a href="https://twitter.com/treballadors" target="_blank">treballadors</a>	28	0	1	1546	4999	35467		204
@trebolagoroa	<a href="https://twitter.com/trebolagoroa" target="_blank">trebolagoroa</a>	2	0	1	7	59	94		214
@Treitum	<a href="https://twitter.com/Treitum" target="_blank">Treitum</a>	12	0	3	87	574	5791		014
@TrelawnyC	<a href="https://twitter.com/TrelawnyC" target="_blank">TrelawnyC</a>	3	0	3	1053	1052	23169	Barcelona. CATALONIA	014
@Trerice	<a href="https://twitter.com/Trerice" target="_blank">Trerice</a>	1	0	1	423	819	9698	Cornwall, UK	206
@tresaroca	<a href="https://twitter.com/tresaroca" target="_blank">tresaroca</a>	2	0	1	148	390	1429		153
@tresbranques	<a href="https://twitter.com/tresbranques" target="_blank">tresbranques</a>	17	0	1	122	447	7707	Catalunya	014
@Trescci	<a href="https://twitter.com/Trescci" target="_blank">Trescci</a>	15	0	1	1042	1229	34321	Barcelona	003
@tresesmultitud	<a href="https://twitter.com/tresesmultitud" target="_blank">tresesmultitud</a>	3	0	1	36	96	1122		003
@TriasCarlota	<a href="https://twitter.com/TriasCarlota" target="_blank">TriasCarlota</a>	1	0	1	268	350	1854		014
@tribespa	<a href="https://twitter.com/tribespa" target="_blank">tribespa</a>	1	0	1	119	496	451		009
@TriciaArtigas	<a href="https://twitter.com/TriciaArtigas" target="_blank">TriciaArtigas</a>	1	0	1	90	135	1012	Andorra/Londres/Berlin	470
@Triggwa	<a href="https://twitter.com/Triggwa" target="_blank">Triggwa</a>	1	0	1	18	131	237		003
@TriMarcel42	<a href="https://twitter.com/TriMarcel42" target="_blank">TriMarcel42</a>	5	0	2	213	379	26681		042
@trinamilan	<a href="https://twitter.com/trinamilan" target="_blank">trinamilan</a>	1	1	0	6619	3470	68399		386
@TriquiBlau	<a href="https://twitter.com/TriquiBlau" target="_blank">TriquiBlau</a>	6	0	1	200	816	9380		007
@trirrem	<a href="https://twitter.com/trirrem" target="_blank">trirrem</a>	5	0	1	259	300	7521	Catalunya	184
@TriviumCultura	<a href="https://twitter.com/TriviumCultura" target="_blank">TriviumCultura</a>	1	0	1	879	1482	2588	Barcelona	004
@TrocoliAngela	<a href="https://twitter.com/TrocoliAngela" target="_blank">TrocoliAngela</a>	2	0	1	28	92	102		014
@TrudLove	<a href="https://twitter.com/TrudLove" target="_blank">TrudLove</a>	1	0	1	439	469	4394		079
@Trwitta	<a href="https://twitter.com/Trwitta" target="_blank">Trwitta</a>	5	0	1	445	320	7238	Barcelona	003
@tsankaram	<a href="https://twitter.com/tsankaram" target="_blank">tsankaram</a>	11	0	3	2469	1771	21669	Burkina Faso	009
@Tsavkko	<a href="https://twitter.com/Tsavkko" target="_blank">Tsavkko</a>	3	2	0	10269	1286	277013	Bilbao	024
@Tsavkko_intl	<a href="https://twitter.com/Tsavkko_intl" target="_blank">Tsavkko_intl</a>	5	0	1	228	435	7455	Bilbao, Spain	024
@TShorashim	<a href="https://twitter.com/TShorashim" target="_blank">TShorashim</a>	1	0	1	2	116	7		426
@TSivatte	<a href="https://twitter.com/TSivatte" target="_blank">TSivatte</a>	12	0	3	619	1076	25522	Barcelona, Catalunya	014
@Tugui72	<a href="https://twitter.com/Tugui72" target="_blank">Tugui72</a>	2	0	2	543	817	12106	Mallorca, Illes Balears	013
@Tuikismikis	<a href="https://twitter.com/Tuikismikis" target="_blank">Tuikismikis</a>	4	0	2	2725	2704	29506	Twitter	011
@tunisocatala	<a href="https://twitter.com/tunisocatala" target="_blank">tunisocatala</a>	4	4	0	3437	2914	25875	Girona, Catalunya, Europa	230
@tupitupitupi2	<a href="https://twitter.com/tupitupitupi2" target="_blank">tupitupitupi2</a>	35	0	1	2058	1144	50550		014
@TuraTF	<a href="https://twitter.com/TuraTF" target="_blank">TuraTF</a>	34	0	3	992	1112	94026		025
@TurneMartiOct	<a href="https://twitter.com/TurneMartiOct" target="_blank">TurneMartiOct</a>	9	0	1	445	796	8135		034
@Turro_Pacheco	<a href="https://twitter.com/Turro_Pacheco" target="_blank">Turro_Pacheco</a>	1	0	1	18	38	686		029
@tutiwy69	<a href="https://twitter.com/tutiwy69" target="_blank">tutiwy69</a>	9	0	3	211	399	9103	Val d'Aran	007
@Tvallj	<a href="https://twitter.com/Tvallj" target="_blank">Tvallj</a>	12	0	1	395	1162	13662	Vic	411
@twighard	<a href="https://twitter.com/twighard" target="_blank">twighard</a>	3	0	1	3718	2646	130369	De Madriz, de toda la vida.	005
@twistasloco	<a href="https://twitter.com/twistasloco" target="_blank">twistasloco</a>	2	0	1	66	266	4009	BCN	003
@txalsgurt	<a href="https://twitter.com/txalsgurt" target="_blank">txalsgurt</a>	3	0	1	380	305	19287	Catalunya	308
@txavarriamiguel	<a href="https://twitter.com/txavarriamiguel" target="_blank">txavarriamiguel</a>	4	0	1	74	135	12555	Bar de Moe	003
@txell_teixido	<a href="https://twitter.com/txell_teixido" target="_blank">txell_teixido</a>	3	0	1	362	900	1885		007
@txell1976	<a href="https://twitter.com/txell1976" target="_blank">txell1976</a>	9	0	1	628	1417	7469	Barcelona	005
@txellblanxer	<a href="https://twitter.com/txellblanxer" target="_blank">txellblanxer</a>	7	0	1	187	144	13856	Barcelona	006
@txellfontanet	<a href="https://twitter.com/txellfontanet" target="_blank">txellfontanet</a>	18	0	1	881	1415	18169	Lleida, Catalunya	492
@txellsevilla	<a href="https://twitter.com/txellsevilla" target="_blank">txellsevilla</a>	1	0	1	40	82	1139	Catalunya, Espanya	054
@txellt	<a href="https://twitter.com/txellt" target="_blank">txellt</a>	4	0	1	196	499	14656	Terrassa, Catalunya	003
@TxellVilaR	<a href="https://twitter.com/TxellVilaR" target="_blank">TxellVilaR</a>	2	0	1	19	74	204		006
@txepines	<a href="https://twitter.com/txepines" target="_blank">txepines</a>	1	0	1	78	136	438		106
@TxikiMenorca	<a href="https://twitter.com/TxikiMenorca" target="_blank">TxikiMenorca</a>	3	0	1	10	46	78	Maó, Espanya	013
@txipiro	<a href="https://twitter.com/txipiro" target="_blank">txipiro</a>	1	0	1	33	159	343		006
@txititxi	<a href="https://twitter.com/txititxi" target="_blank">txititxi</a>	3	0	1	91	362	764		026
@typeritter	<a href="https://twitter.com/typeritter" target="_blank">typeritter</a>	0	2	0					249
@u34	<a href="https://twitter.com/u34" target="_blank">u34</a>	3	1	0	894	811	44250		382
@uanbabuluba	<a href="https://twitter.com/uanbabuluba" target="_blank">uanbabuluba</a>	2	0	1	50	334	1592	Barcelona, Cataluña	003
@ubarrutia	<a href="https://twitter.com/ubarrutia" target="_blank">ubarrutia</a>	10	0	1	218	282	16259	Andoain	026
@ucendomim	<a href="https://twitter.com/ucendomim" target="_blank">ucendomim</a>	4	0	2	151	170	2202	Sabadell	067
@uco002	<a href="https://twitter.com/uco002" target="_blank">uco002</a>	1	0	1	332	650	8325		015
@ufolinemir	<a href="https://twitter.com/ufolinemir" target="_blank">ufolinemir</a>	1	0	1	16	39	265		380
@ugaitz_	<a href="https://twitter.com/ugaitz_" target="_blank">ugaitz_</a>	1	0	1	185	162	7240	Bilbo, Euskal Herria	005
@UGJaume	<a href="https://twitter.com/UGJaume" target="_blank">UGJaume</a>	12	0	2	382	554	11749	Badalona, Catalunya	009
@UGTAltran	<a href="https://twitter.com/UGTAltran" target="_blank">UGTAltran</a>	0	3	0					243
@UlissesXX	<a href="https://twitter.com/UlissesXX" target="_blank">UlissesXX</a>	4	0	1	1173	1334	28590		014
@ullsverds	<a href="https://twitter.com/ullsverds" target="_blank">ullsverds</a>	5	0	1	72	103	2699	per aquí desde l´abril del 201	008
@ullviu	<a href="https://twitter.com/ullviu" target="_blank">ullviu</a>	4	0	1	312	738	6454	N 41°29.300/ E 2°22.000	017
@UnaiNomass	<a href="https://twitter.com/UnaiNomass" target="_blank">UnaiNomass</a>	3	0	1	113	115	11474		008
@unaltredelleida	<a href="https://twitter.com/unaltredelleida" target="_blank">unaltredelleida</a>	19	0	1	2468	4324	111687	Gironès Catalunya	040
@unanuejosu	<a href="https://twitter.com/unanuejosu" target="_blank">unanuejosu</a>	14	0	3	1158	871	42797		045
@unclu_raru	<a href="https://twitter.com/unclu_raru" target="_blank">unclu_raru</a>	1	0	1	83	45	504		034
@UneteyluchaV	<a href="https://twitter.com/UneteyluchaV" target="_blank">UneteyluchaV</a>	5	0	1	387	128	26248		003
@unetomaterouge	<a href="https://twitter.com/unetomaterouge" target="_blank">unetomaterouge</a>	5	0	1	1714	3410	127038		273
@UnGatNegre	<a href="https://twitter.com/UnGatNegre" target="_blank">UnGatNegre</a>	1	0	1	1109	1472	28177	Raval	069
@Ungjeservirai	<a href="https://twitter.com/Ungjeservirai" target="_blank">Ungjeservirai</a>	12	0	3	899	2216	62126		004
@unincordi	<a href="https://twitter.com/unincordi" target="_blank">unincordi</a>	3	0	1	262	257	11440	Barcelona	009
@uniopagesos	<a href="https://twitter.com/uniopagesos" target="_blank">uniopagesos</a>	3	0	1	6177	1582	5511		103
@unitsxsantfeliu	<a href="https://twitter.com/unitsxsantfeliu" target="_blank">unitsxsantfeliu</a>	1	0	1	76	274	3064		414
@universitat_ac	<a href="https://twitter.com/universitat_ac" target="_blank">universitat_ac</a>	2	0	1	514	512	21697	Barcelona (Barcelonès)	207
@uno_de_tantos	<a href="https://twitter.com/uno_de_tantos" target="_blank">uno_de_tantos</a>	7	0	1	2029	3577	27292	Sant Boi II*II Catalunya //*//	122
@uomomanello	<a href="https://twitter.com/uomomanello" target="_blank">uomomanello</a>	3	1	1	36	129	881		307
@uranillo1954	<a href="https://twitter.com/uranillo1954" target="_blank">uranillo1954</a>	8	0	2	190	458	16429	Catalunya	014
@UrDjupet	<a href="https://twitter.com/UrDjupet" target="_blank">UrDjupet</a>	5	0	1	41	216	1703		011
@uricampre1	<a href="https://twitter.com/uricampre1" target="_blank">uricampre1</a>	6	0	1	204	648	11599		005
@UriCapell	<a href="https://twitter.com/UriCapell" target="_blank">UriCapell</a>	1	0	1	172	124	2033	Barcelona	003
@uriii65	<a href="https://twitter.com/uriii65" target="_blank">uriii65</a>	5	0	1	94	83	9791	Igualada, España	021
@uriki_ville	<a href="https://twitter.com/uriki_ville" target="_blank">uriki_ville</a>	14	0	1	485	1298	22198	Barcelona, Catalunya	109
@urikpd	<a href="https://twitter.com/urikpd" target="_blank">urikpd</a>	2	0	1	1301	1834	17054	Barcelona	209
@UriS77	<a href="https://twitter.com/UriS77" target="_blank">UriS77</a>	3	0	1	328	373	15158	#PlanetNine	163
@uritavi	<a href="https://twitter.com/uritavi" target="_blank">uritavi</a>	1	0	1	34	54	664	Catalunya	003
@Urivil	<a href="https://twitter.com/Urivil" target="_blank">Urivil</a>	3	0	1	1447	1075	2365		002
@UriVinyau	<a href="https://twitter.com/UriVinyau" target="_blank">UriVinyau</a>	1	0	1	59	64	1025	Olesa de Montserrat	002
@UstrellRoig	<a href="https://twitter.com/UstrellRoig" target="_blank">UstrellRoig</a>	6	0	2	43	147	2734		140
@uto30	<a href="https://twitter.com/uto30" target="_blank">uto30</a>	2	0	1	251	977	10884	barcelona	003
@UTresU	<a href="https://twitter.com/UTresU" target="_blank">UTresU</a>	18	0	1	1501	1905	1861	Perpinyà (Països Catalans)	024
@utsimifare	<a href="https://twitter.com/utsimifare" target="_blank">utsimifare</a>	1	0	1	733	1022	4049	Northern Hemisphere	014
@Uzulo	<a href="https://twitter.com/Uzulo" target="_blank">Uzulo</a>	2	0	1	322	540	1544	Katalunio/Catalunya	003
@V_Serna1983	<a href="https://twitter.com/V_Serna1983" target="_blank">V_Serna1983</a>	2	0	1	104	295	3502	Catalunya	003
@V4l3y4rd	<a href="https://twitter.com/V4l3y4rd" target="_blank">V4l3y4rd</a>	4	0	1	1379	1159	34437	Barcelona	009
@VAbellaL	<a href="https://twitter.com/VAbellaL" target="_blank">VAbellaL</a>	8	0	1	1340	2268	25987	CATALUNYA	005
@vaigencaravana	<a href="https://twitter.com/vaigencaravana" target="_blank">vaigencaravana</a>	4	0	1	289	616	5072		003
@Vaisens_	<a href="https://twitter.com/Vaisens_" target="_blank">Vaisens_</a>	1	0	1	46	78	1863	C•A•T	391
@Vakuset	<a href="https://twitter.com/Vakuset" target="_blank">Vakuset</a>	1	0	1	98	421	527	BCN	002
@Valenbcneta	<a href="https://twitter.com/Valenbcneta" target="_blank">Valenbcneta</a>	3	0	1	595	920	14198	La Barceloneta, Barcelona	051
@ValentinaLeni	<a href="https://twitter.com/ValentinaLeni" target="_blank">ValentinaLeni</a>	6	0	5	1231	1289	27355		014
@ValentnIglesias	<a href="https://twitter.com/ValentnIglesias" target="_blank">ValentnIglesias</a>	0	2	0					296
@Valia_Terranova	<a href="https://twitter.com/Valia_Terranova" target="_blank">Valia_Terranova</a>	11	0	2	207	211	2848	Vilabella, Catalunya	004
@Valkiry1000	<a href="https://twitter.com/Valkiry1000" target="_blank">Valkiry1000</a>	3	0	1	77	158	4540		017
@vall_alba	<a href="https://twitter.com/vall_alba" target="_blank">vall_alba</a>	1	0	1	48	164	638	Catalunya	034
@valldeoriola79	<a href="https://twitter.com/valldeoriola79" target="_blank">valldeoriola79</a>	1	0	1	70	248	199	Tona, Espanya	012
@valldomarc	<a href="https://twitter.com/valldomarc" target="_blank">valldomarc</a>	1	0	1	59	116	651	Sabadell, Catalunya	010
@vanderdoncktwim	<a href="https://twitter.com/vanderdoncktwim" target="_blank">vanderdoncktwim</a>	1	0	1	149	498	152	Vlaanderen	143
@vanferman	<a href="https://twitter.com/vanferman" target="_blank">vanferman</a>	2	0	1	652	888	2729	Barcelona	034
@vanflowne	<a href="https://twitter.com/vanflowne" target="_blank">vanflowne</a>	25	0	2	55	86	5997	Catalunya, Catalunya	174
@vargasloli3	<a href="https://twitter.com/vargasloli3" target="_blank">vargasloli3</a>	1	0	1	45	104	858		004
@VasLag	<a href="https://twitter.com/VasLag" target="_blank">VasLag</a>	1	0	1	36	139	994	Terra d'escudella sediciosa	017
@vca1962	<a href="https://twitter.com/vca1962" target="_blank">vca1962</a>	5	0	1	472	412	21573		003
@Vcazana	<a href="https://twitter.com/Vcazana" target="_blank">Vcazana</a>	3	0	1	647	578	15584	Zaragoza	153
@veeeeeva	<a href="https://twitter.com/veeeeeva" target="_blank">veeeeeva</a>	0	1	0					379
@velibra1	<a href="https://twitter.com/velibra1" target="_blank">velibra1</a>	3	0	1	41	151	666	barcelona	479
@venancat	<a href="https://twitter.com/venancat" target="_blank">venancat</a>	1	0	1	85	231	1896	catalunya	003
@VendrellTenas	<a href="https://twitter.com/VendrellTenas" target="_blank">VendrellTenas</a>	8	0	1	127	234	4951		014
@Venturi1973	<a href="https://twitter.com/Venturi1973" target="_blank">Venturi1973</a>	18	0	2	19	76	2398	Catalunya	157
@VerdesXelCambio	<a href="https://twitter.com/VerdesXelCambio" target="_blank">VerdesXelCambio</a>	11	0	1	612	534	24376	Repúblicas Populares	011
@verdglauc	<a href="https://twitter.com/verdglauc" target="_blank">verdglauc</a>	14	0	1	517	1488	44024		014
@VerdugoAlbert	<a href="https://twitter.com/VerdugoAlbert" target="_blank">VerdugoAlbert</a>	1	0	1	110	236	502		184
@veroni125ki	<a href="https://twitter.com/veroni125ki" target="_blank">veroni125ki</a>	0	1	0					380
@Veronic40630547	<a href="https://twitter.com/Veronic40630547" target="_blank">Veronic40630547</a>	39	0	4	502	1157	37155	Sabadell, Catalunya	003
@veronicae9	<a href="https://twitter.com/veronicae9" target="_blank">veronicae9</a>	1	0	1	308	1668	4250	madrid	205
@veva_970	<a href="https://twitter.com/veva_970" target="_blank">veva_970</a>	8	0	1	65	81	3713	Terres de l'Ebre, Catalunya.	014
@veva70	<a href="https://twitter.com/veva70" target="_blank">veva70</a>	1	0	1	1	19	223		210
@vfebrer	<a href="https://twitter.com/vfebrer" target="_blank">vfebrer</a>	3	0	1	39	126	883	La Terra	003
@vfrauies	<a href="https://twitter.com/vfrauies" target="_blank">vfrauies</a>	6	0	1	111	251	11636	República Catalunya, UE	003
@vgl66	<a href="https://twitter.com/vgl66" target="_blank">vgl66</a>	4	0	2	27	115	3354	Barcelona	003
@ViajeroIncierto	<a href="https://twitter.com/ViajeroIncierto" target="_blank">ViajeroIncierto</a>	1	0	1	464	541	5311	Alcorcón	093
@Vibella27	<a href="https://twitter.com/Vibella27" target="_blank">Vibella27</a>	8	0	2	10	32	1317	Tarragona	019
@VicenBoncompte2	<a href="https://twitter.com/VicenBoncompte2" target="_blank">VicenBoncompte2</a>	1	0	1	17	53	1629		237
@vicens1966	<a href="https://twitter.com/vicens1966" target="_blank">vicens1966</a>	2	0	1	129	142	7175	Tarragona, Catalunya	002
@vicenslozano	<a href="https://twitter.com/vicenslozano" target="_blank">vicenslozano</a>	7	0	1	4861	1930	21989	Barcelona	015
@vicenspj	<a href="https://twitter.com/vicenspj" target="_blank">vicenspj</a>	1	0	1	245	721	3364	Catalunya	139
@vicenssala	<a href="https://twitter.com/vicenssala" target="_blank">vicenssala</a>	6	0	1	5342	5207	51201	catalonia	003
@vicensyll	<a href="https://twitter.com/vicensyll" target="_blank">vicensyll</a>	0	1	0					378
@VicGzOu	<a href="https://twitter.com/VicGzOu" target="_blank">VicGzOu</a>	7	0	1	88	322	7397		005
@vickyrb66	<a href="https://twitter.com/vickyrb66" target="_blank">vickyrb66</a>	1	0	1	87	241	1412		003
@VictorAlaster	<a href="https://twitter.com/VictorAlaster" target="_blank">VictorAlaster</a>	0	2	0					001
@victorduran43	<a href="https://twitter.com/victorduran43" target="_blank">victorduran43</a>	3	0	1	99	371	2697	Vilanova i la Geltrú	198
@victorfalguera	<a href="https://twitter.com/victorfalguera" target="_blank">victorfalguera</a>	4	0	1	2132	1716	6256	Albatàrrec	034
@VictorGonz54	<a href="https://twitter.com/VictorGonz54" target="_blank">VictorGonz54</a>	4	0	1	12765	7248	155311	Gavà - Barcelona  - Spain	059
@VictoriaKtalana	<a href="https://twitter.com/VictoriaKtalana" target="_blank">VictoriaKtalana</a>	6	0	1	44	135	3477		168
@victorialwt	<a href="https://twitter.com/victorialwt" target="_blank">victorialwt</a>	1	0	1	62	173	1487	Riverdale	286
@victormayolas	<a href="https://twitter.com/victormayolas" target="_blank">victormayolas</a>	11	0	1	107	223	35520	Badalona	002
@vidaleduard	<a href="https://twitter.com/vidaleduard" target="_blank">vidaleduard</a>	0	4	0					229
@Vidalitu	<a href="https://twitter.com/Vidalitu" target="_blank">Vidalitu</a>	0	1	0					377
@vidfra	<a href="https://twitter.com/vidfra" target="_blank">vidfra</a>	3	0	1	44	361	1003		174
@vielitus	<a href="https://twitter.com/vielitus" target="_blank">vielitus</a>	2	0	1	2397	4111	61298		003
@vigonbel65	<a href="https://twitter.com/vigonbel65" target="_blank">vigonbel65</a>	9	0	1	638	1544	24151	Terres de l'Ebre -  Catalunya	026
@viki_tuneu	<a href="https://twitter.com/viki_tuneu" target="_blank">viki_tuneu</a>	3	0	1	239	525	6871	Vallvidrera Tibidabo i les Planes, Barcelona	529
@viktorbir	<a href="https://twitter.com/viktorbir" target="_blank">viktorbir</a>	11	0	4	330	181	39013		035
@VilanovaiGDC	<a href="https://twitter.com/VilanovaiGDC" target="_blank">VilanovaiGDC</a>	12	0	2	63	173	880		198
@vilar_antoni	<a href="https://twitter.com/vilar_antoni" target="_blank">vilar_antoni</a>	61	0	5	664	1517	80775		012
@vilijan	<a href="https://twitter.com/vilijan" target="_blank">vilijan</a>	7	0	2	1078	2195	15022	St Quirze d Besora Catalunya	012
@villimunoz	<a href="https://twitter.com/villimunoz" target="_blank">villimunoz</a>	6	0	2	6	26	1386		006
@vily11	<a href="https://twitter.com/vily11" target="_blank">vily11</a>	4	0	1	464	1724	3131	Barcelona	007
@vinolasbcn	<a href="https://twitter.com/vinolasbcn" target="_blank">vinolasbcn</a>	14	0	1	326	647	26635	World	017
@VinsDeForesta	<a href="https://twitter.com/VinsDeForesta" target="_blank">VinsDeForesta</a>	0	1	0					381
@vinyetp	<a href="https://twitter.com/vinyetp" target="_blank">vinyetp</a>	7	0	1	2193	1916	16741		102
@VioletaCristia	<a href="https://twitter.com/VioletaCristia" target="_blank">VioletaCristia</a>	1	0	1	248	572	1574	Catalunya	003
@VioletaSerra	<a href="https://twitter.com/VioletaSerra" target="_blank">VioletaSerra</a>	2	0	1	190	582	991		003
@viscat2	<a href="https://twitter.com/viscat2" target="_blank">viscat2</a>	5	0	1	1119	257	4632		003
@viscat88	<a href="https://twitter.com/viscat88" target="_blank">viscat88</a>	3	0	1	120	144	956	Barcelona	003
@vitalgim	<a href="https://twitter.com/vitalgim" target="_blank">vitalgim</a>	3	0	1	63	289	1192	Principat d'Andorra	008
@VitalPadme	<a href="https://twitter.com/VitalPadme" target="_blank">VitalPadme</a>	4	0	1	6	152	241	España	230
@Vithozor	<a href="https://twitter.com/Vithozor" target="_blank">Vithozor</a>	3	0	1	104	92	13491		007
@VitoF800r	<a href="https://twitter.com/VitoF800r" target="_blank">VitoF800r</a>	1	0	1	52	76	1325	Barcelona, Catalunya	006
@vituning63	<a href="https://twitter.com/vituning63" target="_blank">vituning63</a>	2	0	1	1405	1246	108410	Las Palmas	003
@viverarenos	<a href="https://twitter.com/viverarenos" target="_blank">viverarenos</a>	9	0	2	20	61	3686		026
@vks89967486	<a href="https://twitter.com/vks89967486" target="_blank">vks89967486</a>	5	0	2	4	108	471		074
@vmestres	<a href="https://twitter.com/vmestres" target="_blank">vmestres</a>	11	0	1	144	331	7339	Barcelona (Catalunya)	129
@vngsergi	<a href="https://twitter.com/vngsergi" target="_blank">vngsergi</a>	2	0	1	568	1814	9589	Vilanova i la Geltrú-Catalunya	198
@voilapablo	<a href="https://twitter.com/voilapablo" target="_blank">voilapablo</a>	1	0	1	202	198	1558	cerca del sol ☼ ♫	108
@voltesivoltes	<a href="https://twitter.com/voltesivoltes" target="_blank">voltesivoltes</a>	19	0	4	688	2378	8836	Països Catalans	014
@voluntatdeser	<a href="https://twitter.com/voluntatdeser" target="_blank">voluntatdeser</a>	24	0	1	896	233	67097	República de Catalunya	034
@Vonthoma1	<a href="https://twitter.com/Vonthoma1" target="_blank">Vonthoma1</a>	5	0	1	9	78	2380		003
@Votar32456286	<a href="https://twitter.com/Votar32456286" target="_blank">Votar32456286</a>	12	0	3	23	36	4342		048
@votaxmicat	<a href="https://twitter.com/votaxmicat" target="_blank">votaxmicat</a>	6	1	0	248	588	459	Barcelona, España	302
@votoirevoto	<a href="https://twitter.com/votoirevoto" target="_blank">votoirevoto</a>	1	0	1	5	62	177		003
@VozAutonoma	<a href="https://twitter.com/VozAutonoma" target="_blank">VozAutonoma</a>	1	0	1	4213	866	1009	Universidad Autonoma de Madrid	191
@VRedorat	<a href="https://twitter.com/VRedorat" target="_blank">VRedorat</a>	1	0	1	141	211	4024	Barcelona	034
@vrl85	<a href="https://twitter.com/vrl85" target="_blank">vrl85</a>	1	0	1	191	289	3481	l'Hospitalet de Llobregat	003
@vrtoni	<a href="https://twitter.com/vrtoni" target="_blank">vrtoni</a>	2	0	1	40	95	2024	Sant Feliu de Llobregat, Spain	034
@vspascual	<a href="https://twitter.com/vspascual" target="_blank">vspascual</a>	4	0	2	811	1707	18151	La Garriga, Catalonia	018
@VullMamm	<a href="https://twitter.com/VullMamm" target="_blank">VullMamm</a>	3	0	1	137	1350	1969	Barcelona	131
@vullvotarja	<a href="https://twitter.com/vullvotarja" target="_blank">vullvotarja</a>	23	0	1	104	415	4225		014
@VuylstekeGeert	<a href="https://twitter.com/VuylstekeGeert" target="_blank">VuylstekeGeert</a>	2	0	1	95	328	2367		034
@walescabrera2	<a href="https://twitter.com/walescabrera2" target="_blank">walescabrera2</a>	9	0	1	45	74	3600		012
@WarriorPinzas	<a href="https://twitter.com/WarriorPinzas" target="_blank">WarriorPinzas</a>	25	0	2	661	2602	36958		140
@weehellish	<a href="https://twitter.com/weehellish" target="_blank">weehellish</a>	1	0	1	651	647	41608	Glasgow, Scotland	018
@WeeScottishMamm	<a href="https://twitter.com/WeeScottishMamm" target="_blank">WeeScottishMamm</a>	4	0	1	2642	1251	81868	Scotland	136
@weisz_monica	<a href="https://twitter.com/weisz_monica" target="_blank">weisz_monica</a>	8	0	1	139	133	7071	Catalunya	003
@Well086	<a href="https://twitter.com/Well086" target="_blank">Well086</a>	20	0	1	32597	2979	43329	Catalunya	220
@WesteraGironina	<a href="https://twitter.com/WesteraGironina" target="_blank">WesteraGironina</a>	0	2	0					176
@WhistPlayers	<a href="https://twitter.com/WhistPlayers" target="_blank">WhistPlayers</a>	2	0	1	3095	1067	22910		001
@WhiteWolfHeart	<a href="https://twitter.com/WhiteWolfHeart" target="_blank">WhiteWolfHeart</a>	2	0	2	137	246	1145	Segovia, España	192
@wiky73	<a href="https://twitter.com/wiky73" target="_blank">wiky73</a>	15	0	1	3172	2767	17433	Catalunya	003
@windyhill82	<a href="https://twitter.com/windyhill82" target="_blank">windyhill82</a>	8	0	1	437	826	4249	Mataró, Catalunya	003
@Wittgenstein_jm	<a href="https://twitter.com/Wittgenstein_jm" target="_blank">Wittgenstein_jm</a>	123	0	4	2488	1303	526014	Barcelona - Ulldecona - CAT	014
@wolken76	<a href="https://twitter.com/wolken76" target="_blank">wolken76</a>	1	0	1	56	116	220		312
@WOLLDAMM_RGB	<a href="https://twitter.com/WOLLDAMM_RGB" target="_blank">WOLLDAMM_RGB</a>	3	0	1	69	106	2650		014
@WoodfortR	<a href="https://twitter.com/WoodfortR" target="_blank">WoodfortR</a>	1	0	1	362	326	15707		017
@Woundorf	<a href="https://twitter.com/Woundorf" target="_blank">Woundorf</a>	13	0	1	125	107	26903	Girona, Catalunya	010
@WutiklanKiko	<a href="https://twitter.com/WutiklanKiko" target="_blank">WutiklanKiko</a>	1	0	1	71	82	3093	Badalona	014
@x_forne	<a href="https://twitter.com/x_forne" target="_blank">x_forne</a>	3	1	0	45	106	994		387
@x_Gual	<a href="https://twitter.com/x_Gual" target="_blank">x_Gual</a>	1	0	1	77	161	329	entre Petra i Manresa, PPCC	021
@X_Lalena_X	<a href="https://twitter.com/X_Lalena_X" target="_blank">X_Lalena_X</a>	30	0	5	1542	1655	57234	||★|| Catalunya ||★||	026
@xabicas	<a href="https://twitter.com/xabicas" target="_blank">xabicas</a>	1	0	1	103	76	79	Galiza	258
@xabierurra	<a href="https://twitter.com/xabierurra" target="_blank">xabierurra</a>	12	0	3	160	209	2491		013
@xafemho_tot	<a href="https://twitter.com/xafemho_tot" target="_blank">xafemho_tot</a>	1	0	1	1528	2604	7465	Bellserrat, Catalunya	004
@xagaal	<a href="https://twitter.com/xagaal" target="_blank">xagaal</a>	1	0	1	23	183	231		003
@xamartinez1966	<a href="https://twitter.com/xamartinez1966" target="_blank">xamartinez1966</a>	5	0	1	479	602	12542	Manresa, CATALUNYA!!!	003
@xarixdna_	<a href="https://twitter.com/xarixdna_" target="_blank">xarixdna_</a>	0	2	0					286
@xarxaindepe	<a href="https://twitter.com/xarxaindepe" target="_blank">xarxaindepe</a>	17	10	2	9529	10468	26080	Catalunya	014
@xavartal	<a href="https://twitter.com/xavartal" target="_blank">xavartal</a>	1	9	0	1107	1038	8881	Noubarris, Catalunya	122
@xavi_blanch	<a href="https://twitter.com/xavi_blanch" target="_blank">xavi_blanch</a>	6	0	1	214	471	4359	#Tortosa	102
@xavi_comba	<a href="https://twitter.com/xavi_comba" target="_blank">xavi_comba</a>	7	0	1	0	63	1072		003
@Xavi_Freire	<a href="https://twitter.com/Xavi_Freire" target="_blank">Xavi_Freire</a>	1	0	1	127	290	530	///###!!!$$$@@@((()))???///	336
@xavi_muru	<a href="https://twitter.com/xavi_muru" target="_blank">xavi_muru</a>	3	3	0	155	254	3990	SQgat. Catalonia	247
@Xavi_perez6	<a href="https://twitter.com/Xavi_perez6" target="_blank">Xavi_perez6</a>	2	0	1	48	359	5784	Barcelona, Catalunya	003
@xavi_poch	<a href="https://twitter.com/xavi_poch" target="_blank">xavi_poch</a>	2	0	1	33	85	3758	Vilafranca del Penedès, España	135
@Xavi44896342	<a href="https://twitter.com/Xavi44896342" target="_blank">Xavi44896342</a>	42	0	1	1288	1309	61919		014
@Xavi9B	<a href="https://twitter.com/Xavi9B" target="_blank">Xavi9B</a>	1	0	1	168	254	1900	Catalunya	120
@xavialsi	<a href="https://twitter.com/xavialsi" target="_blank">xavialsi</a>	1	0	1	7	48	30		043
@XaviAngelergues	<a href="https://twitter.com/XaviAngelergues" target="_blank">XaviAngelergues</a>	10	0	1	2265	1913	83518	Reus	014
@XaviAnguera	<a href="https://twitter.com/XaviAnguera" target="_blank">XaviAnguera</a>	3	0	1	1684	2538	8918	Catalunya	019
@xaviaranda	<a href="https://twitter.com/xaviaranda" target="_blank">xaviaranda</a>	2	0	1	1780	2740	19636	Vilafranca del Penedès	009
@XaviBiC	<a href="https://twitter.com/XaviBiC" target="_blank">XaviBiC</a>	1	0	1	142	142	4376	Catalunya	053
@xavicaceres	<a href="https://twitter.com/xavicaceres" target="_blank">xavicaceres</a>	14	0	1	108	418	9366	42.244057,3.124951	001
@xavichica	<a href="https://twitter.com/xavichica" target="_blank">xavichica</a>	1	1	0	4163	2397	13527	Santa Coloma de Gramenet, Espanya	003
@xavicolomer	<a href="https://twitter.com/xavicolomer" target="_blank">xavicolomer</a>	10	0	1	1189	1234	10140	Barcelona - London	022
@XaviDinvents	<a href="https://twitter.com/XaviDinvents" target="_blank">XaviDinvents</a>	8	0	1	104	101	8438	Barcelona, Catalunya	017
@xavidionis	<a href="https://twitter.com/xavidionis" target="_blank">xavidionis</a>	4	0	1	684	342	5064		048
@xavidomenech99	<a href="https://twitter.com/xavidomenech99" target="_blank">xavidomenech99</a>	5	0	2	6603	6454	50472	Berlin - Germany	014
@XaviDume	<a href="https://twitter.com/XaviDume" target="_blank">XaviDume</a>	6	3	1	221	301	569	Artés	312
@xavier_cat	<a href="https://twitter.com/xavier_cat" target="_blank">xavier_cat</a>	1	1	0	793	981	1834	Freixinet de Riner, Catalunya	375
@xavier_comas	<a href="https://twitter.com/xavier_comas" target="_blank">xavier_comas</a>	2	0	1	40	108	547	Lloret de Mar, Catalunya	487
@Xavier18051963	<a href="https://twitter.com/Xavier18051963" target="_blank">Xavier18051963</a>	5	0	1	2	70	743		006
@xaviercruzado	<a href="https://twitter.com/xaviercruzado" target="_blank">xaviercruzado</a>	3	0	1	322	242	3285	Barcelona	003
@XavierDaban	<a href="https://twitter.com/XavierDaban" target="_blank">XavierDaban</a>	1	0	1	733	1209	378	Sant Cugat del Vallès	013
@xavierescriba	<a href="https://twitter.com/xavierescriba" target="_blank">xavierescriba</a>	3	0	1	958	1547	4804		003
@Xavierfege	<a href="https://twitter.com/Xavierfege" target="_blank">Xavierfege</a>	14	0	1	73	154	10093	St Cugat del Valles	005
@XavierGLuque	<a href="https://twitter.com/XavierGLuque" target="_blank">XavierGLuque</a>	3	0	1	6384	515	36168	Catalunya UE	163
@xaviermarin	<a href="https://twitter.com/xaviermarin" target="_blank">xaviermarin</a>	4	0	1	2491	2374	5263	Barcelona	005
@xaviermartinezg	<a href="https://twitter.com/xaviermartinezg" target="_blank">xaviermartinezg</a>	0	4	0					007
@XavierMendoza6	<a href="https://twitter.com/XavierMendoza6" target="_blank">XavierMendoza6</a>	4	0	1	136	255	727	Barcelona	006
@xaviermingo	<a href="https://twitter.com/xaviermingo" target="_blank">xaviermingo</a>	4	0	4	255	311	311		249
@XavierRomeraC	<a href="https://twitter.com/XavierRomeraC" target="_blank">XavierRomeraC</a>	7	0	2	262	257	10765	Tordera. Catalunya	021
@xavierrosmajo	<a href="https://twitter.com/xavierrosmajo" target="_blank">xavierrosmajo</a>	1	1	0	518	185	2113		374
@xaviersan10	<a href="https://twitter.com/xaviersan10" target="_blank">xaviersan10</a>	5	0	1	2122	1712	17511	BCN, CAT, EFTA / NWI, ENG, UK	055
@XavierSerrahima	<a href="https://twitter.com/XavierSerrahima" target="_blank">XavierSerrahima</a>	0	1	0					376
@XavierSolerT	<a href="https://twitter.com/XavierSolerT" target="_blank">XavierSolerT</a>	13	0	2	3502	3078	104822	Barcelona, Catalonia (Europe)	165
@XavierTioB	<a href="https://twitter.com/XavierTioB" target="_blank">XavierTioB</a>	3	0	1	210	429	3910		125
@Xaviertomaslop2	<a href="https://twitter.com/Xaviertomaslop2" target="_blank">Xaviertomaslop2</a>	1	0	1	3	37	205		003
@XavierVinolasRT	<a href="https://twitter.com/XavierVinolasRT" target="_blank">XavierVinolasRT</a>	2	0	1	263	271	14269		034
@XaviEscufi	<a href="https://twitter.com/XaviEscufi" target="_blank">XaviEscufi</a>	9	0	2	1321	585	72876	Tarragona-Catalunya	126
@XaviFranco80	<a href="https://twitter.com/XaviFranco80" target="_blank">XaviFranco80</a>	6	0	1	57	417	5326		017
@xaviguanke	<a href="https://twitter.com/xaviguanke" target="_blank">xaviguanke</a>	5	0	1	1350	1694	28319		037
@xavihosta	<a href="https://twitter.com/xavihosta" target="_blank">xavihosta</a>	16	0	3	438	858	9051	Farró, Barcelona, Catalunya	026
@xavijimenezsans	<a href="https://twitter.com/xavijimenezsans" target="_blank">xavijimenezsans</a>	3	0	1	195	273	5591	Catalunya	003
@xavilz	<a href="https://twitter.com/xavilz" target="_blank">xavilz</a>	1	0	1	353	340	6947		017
@xavinasant	<a href="https://twitter.com/xavinasant" target="_blank">xavinasant</a>	2	1	0	639	559	19277	Igualada	373
@Xavipenya9	<a href="https://twitter.com/Xavipenya9" target="_blank">Xavipenya9</a>	16	0	1	500	1866	12474	Pont-du-Château, France	005
@xaviperezn	<a href="https://twitter.com/xaviperezn" target="_blank">xaviperezn</a>	4	0	1	1356	1639	3376	Barcelona, CATALUNYA	034
@XaviPortales	<a href="https://twitter.com/XaviPortales" target="_blank">XaviPortales</a>	27	0	2	1808	1131	92047	Benicàssim	047
@XaviPuigAndreu	<a href="https://twitter.com/XaviPuigAndreu" target="_blank">XaviPuigAndreu</a>	3	1	1	926	1993	3459	Tarragona	546
@xavirg1974	<a href="https://twitter.com/xavirg1974" target="_blank">xavirg1974</a>	4	0	2	282	894	9076	Vilassar de Mar, Catalunya	316
@xaviterrades	<a href="https://twitter.com/xaviterrades" target="_blank">xaviterrades</a>	2	0	1	383	457	1851	vilafranca del penedès	038
@xavs	<a href="https://twitter.com/xavs" target="_blank">xavs</a>	1	0	1	122	382	1030	Barcelona	006
@xavvifm	<a href="https://twitter.com/xavvifm" target="_blank">xavvifm</a>	9	0	2	124	229	20856		143
@Xaxi70	<a href="https://twitter.com/Xaxi70" target="_blank">Xaxi70</a>	9	0	1	545	4663	8607	Barcelona	048
@xbardolet	<a href="https://twitter.com/xbardolet" target="_blank">xbardolet</a>	0	2	0					270
@xbatlle	<a href="https://twitter.com/xbatlle" target="_blank">xbatlle</a>	4	0	2	426	727	4196	Girona	082
@xbellot	<a href="https://twitter.com/xbellot" target="_blank">xbellot</a>	2	0	1	157	151	11303	Sant Cugat del Vallès	034
@xcodony	<a href="https://twitter.com/xcodony" target="_blank">xcodony</a>	3	0	1	131	230	2062	Barcelona	003
@xe_i_xa	<a href="https://twitter.com/xe_i_xa" target="_blank">xe_i_xa</a>	2	0	1	135	146	10455		017
@xebasa	<a href="https://twitter.com/xebasa" target="_blank">xebasa</a>	7	0	2	175	267	17557		161
@xellulles	<a href="https://twitter.com/xellulles" target="_blank">xellulles</a>	10	0	1	80	280	14203	Barcelona II*II	256
@xeniaolive	<a href="https://twitter.com/xeniaolive" target="_blank">xeniaolive</a>	2	1	0	125	174	2279	Catalunya	053
@xerpa05	<a href="https://twitter.com/xerpa05" target="_blank">xerpa05</a>	1	0	1	492	528	1938	Valls	275
@xesfeliu	<a href="https://twitter.com/xesfeliu" target="_blank">xesfeliu</a>	3	1	0	1378	2094	7110		023
@xesky_and	<a href="https://twitter.com/xesky_and" target="_blank">xesky_and</a>	4	0	2	826	758	23805	Canillo, Andorra	148
@Xevib	<a href="https://twitter.com/Xevib" target="_blank">Xevib</a>	3	0	1	277	408	18092	$HOME	003
@XeviCasaSerra	<a href="https://twitter.com/XeviCasaSerra" target="_blank">XeviCasaSerra</a>	1	0	1	29	59	175		020
@xevicodony	<a href="https://twitter.com/xevicodony" target="_blank">xevicodony</a>	6	0	1	293	370	6840		003
@xevigenero	<a href="https://twitter.com/xevigenero" target="_blank">xevigenero</a>	1	0	1	4586	1793	3215	Manlleu, Països Catalans	218
@xevimasachs	<a href="https://twitter.com/xevimasachs" target="_blank">xevimasachs</a>	2	1	1	1566	1452	7564	Amer, Catalunya	012
@xevipuix	<a href="https://twitter.com/xevipuix" target="_blank">xevipuix</a>	46	0	1	341	1448	24360		104
@xfarell	<a href="https://twitter.com/xfarell" target="_blank">xfarell</a>	23	0	1	516	1364	16328	Catalonia, Europe, world.	014
@xgonzalez_64	<a href="https://twitter.com/xgonzalez_64" target="_blank">xgonzalez_64</a>	1	0	1	1335	2175	2778	Tarragona-Catalunya	128
@XgPujol	<a href="https://twitter.com/XgPujol" target="_blank">XgPujol</a>	3	0	1	174	159	11851		188
@xguillen2014	<a href="https://twitter.com/xguillen2014" target="_blank">xguillen2014</a>	8	0	2	53	84	8016		014
@xhinaski	<a href="https://twitter.com/xhinaski" target="_blank">xhinaski</a>	8	0	1	2063	1495	27755		009
@xicucoll	<a href="https://twitter.com/xicucoll" target="_blank">xicucoll</a>	3	0	1	98	120	1858		283
@xicumayans	<a href="https://twitter.com/xicumayans" target="_blank">xicumayans</a>	1	0	1	869	851	11166	Formentera, Països Catalans	014
@XicuSola	<a href="https://twitter.com/XicuSola" target="_blank">XicuSola</a>	0	2	0					082
@XilenaEnElLimbo	<a href="https://twitter.com/XilenaEnElLimbo" target="_blank">XilenaEnElLimbo</a>	0	2	0					066
@xinluses	<a href="https://twitter.com/xinluses" target="_blank">xinluses</a>	20	0	3	640	693	75632	Manresa	014
@xinoxano_cat	<a href="https://twitter.com/xinoxano_cat" target="_blank">xinoxano_cat</a>	8	0	1	1164	5002	56690	Catalunya	034
@Xipress	<a href="https://twitter.com/Xipress" target="_blank">Xipress</a>	19	2	1	1159	1248	63855	CATALUNYA NORD #CatNord	014
@Xiquein	<a href="https://twitter.com/Xiquein" target="_blank">Xiquein</a>	10	0	2	3095	2225	62481	Girona	078
@Xirinacs3	<a href="https://twitter.com/Xirinacs3" target="_blank">Xirinacs3</a>	5	0	1	1998	4253	4667	Ulanula, Kenya	004
@xirose47	<a href="https://twitter.com/xirose47" target="_blank">xirose47</a>	3	0	1	58	110	6432	Sant Gervasi Galvany, Barcelona	010
@xiruke79	<a href="https://twitter.com/xiruke79" target="_blank">xiruke79</a>	5	0	1	94	305	8712	Catalunya	034
@Xiscu_61	<a href="https://twitter.com/Xiscu_61" target="_blank">Xiscu_61</a>	4	1	0	70	154	4212	Barcelona, Països Catalans	008
@xito_ramon	<a href="https://twitter.com/xito_ramon" target="_blank">xito_ramon</a>	3	2	1	91	83	1991		037
@Xlourenzo	<a href="https://twitter.com/Xlourenzo" target="_blank">Xlourenzo</a>	7	0	1	481	1543	16098	Ferrol, Galiza	372
@xmarcet	<a href="https://twitter.com/xmarcet" target="_blank">xmarcet</a>	6	0	1	96	520	5351	catalunya	003
@XMartiGasto	<a href="https://twitter.com/XMartiGasto" target="_blank">XMartiGasto</a>	2	0	1	140	390	22741		003
@Xmarujito	<a href="https://twitter.com/Xmarujito" target="_blank">Xmarujito</a>	1	0	1	61	240	977	els Hostalets de Pierola, Espa	003
@Xocolattaradell	<a href="https://twitter.com/Xocolattaradell" target="_blank">Xocolattaradell</a>	1	0	1	9	52	40	Catalunya, Espanya	003
@xofa_	<a href="https://twitter.com/xofa_" target="_blank">xofa_</a>	5	0	1	97	367	6123		140
@XoseFB	<a href="https://twitter.com/XoseFB" target="_blank">XoseFB</a>	1	0	1	377	455	1633		027
@xpep67	<a href="https://twitter.com/xpep67" target="_blank">xpep67</a>	7	0	1	1847	2487	80918	República de Catalunya. UE.	014
@xperiments	<a href="https://twitter.com/xperiments" target="_blank">xperiments</a>	8	0	1	259	556	3086	Perpignan -- Barcelona	071
@XPLENS	<a href="https://twitter.com/XPLENS" target="_blank">XPLENS</a>	5	2	0	202	279	12765	CATALUNYA	166
@XPM75	<a href="https://twitter.com/XPM75" target="_blank">XPM75</a>	1	0	1	14	47	842		048
@xpnavarri	<a href="https://twitter.com/xpnavarri" target="_blank">xpnavarri</a>	9	0	1	266	980	4676	Llagostera - Catalunya	162
@xpotau	<a href="https://twitter.com/xpotau" target="_blank">xpotau</a>	1	0	1	212	152	1760	Dublin City, Ireland	003
@XSaumell	<a href="https://twitter.com/XSaumell" target="_blank">XSaumell</a>	7	0	1	39	260	3267	Barcelona	007
@xSergi_N	<a href="https://twitter.com/xSergi_N" target="_blank">xSergi_N</a>	1	0	1	255	685	457	Catalunya	165
@xserra	<a href="https://twitter.com/xserra" target="_blank">xserra</a>	14	0	3	1458	2046	14078	Girona, Catalonia, Spain	004
@xuskes	<a href="https://twitter.com/xuskes" target="_blank">xuskes</a>	1	0	1	268	453	986	riudoms	003
@xuskla	<a href="https://twitter.com/xuskla" target="_blank">xuskla</a>	1	0	1	154	628	629	Vinaròs - Barcelona - PPCC	049
@xvallverf	<a href="https://twitter.com/xvallverf" target="_blank">xvallverf</a>	5	0	1	13	97	1839	Barcelona, Catalunya	014
@XVila72	<a href="https://twitter.com/XVila72" target="_blank">XVila72</a>	35	0	3	36	120	6944		174
@XVRGF1970	<a href="https://twitter.com/XVRGF1970" target="_blank">XVRGF1970</a>	10	0	1	76	117	5998	Badalona, Catalunya	034
@xxargay	<a href="https://twitter.com/xxargay" target="_blank">xxargay</a>	19	0	1	437	1136	31431	Barcelona - Catalunya	014
@yatevale83	<a href="https://twitter.com/yatevale83" target="_blank">yatevale83</a>	2	0	2	7	47	459		006
@ycrepeau	<a href="https://twitter.com/ycrepeau" target="_blank">ycrepeau</a>	13	2	0	291	405	10728	45.52244,-73.551066	086
@Yeagov_CAT	<a href="https://twitter.com/Yeagov_CAT" target="_blank">Yeagov_CAT</a>	2	0	1	1767	1758	96181	Barcelona, Catalunya	014
@Yeah_bcn	<a href="https://twitter.com/Yeah_bcn" target="_blank">Yeah_bcn</a>	10	0	1	5	93	1026	Barcelona, Catalunya	157
@Yeclando	<a href="https://twitter.com/Yeclando" target="_blank">Yeclando</a>	1	0	1	662	840	10916		003
@yellowseahawk	<a href="https://twitter.com/yellowseahawk" target="_blank">yellowseahawk</a>	1	1	0	57	255	1663	el Poble Sec, Barcelona	389
@YescaCastilla	<a href="https://twitter.com/YescaCastilla" target="_blank">YescaCastilla</a>	1	0	1	7367	906	17059	Castilla libre y comunera	192
@yesiscoming	<a href="https://twitter.com/yesiscoming" target="_blank">yesiscoming</a>	1	0	1	585	939	9895	Auchtermuchty, Scotland	224
@yessthrta	<a href="https://twitter.com/yessthrta" target="_blank">yessthrta</a>	7	0	1	1854	1462	104127		010
@ygolonac	<a href="https://twitter.com/ygolonac" target="_blank">ygolonac</a>	4	0	1	277	527	3370	Girona	165
@ylejardi	<a href="https://twitter.com/ylejardi" target="_blank">ylejardi</a>	2	0	1	247	137	846		003
@yolanda2424	<a href="https://twitter.com/yolanda2424" target="_blank">yolanda2424</a>	3	0	1	111	579	9209	BARCELONA	003
@Yolanda53410548	<a href="https://twitter.com/Yolanda53410548" target="_blank">Yolanda53410548</a>	5	0	1	16	37	1165		006
@YolandaCVerdejo	<a href="https://twitter.com/YolandaCVerdejo" target="_blank">YolandaCVerdejo</a>	1	0	1	42	24	1074	Catalunya	020
@yoli54217	<a href="https://twitter.com/yoli54217" target="_blank">yoli54217</a>	1	0	1	31	415	520		003
@yts75	<a href="https://twitter.com/yts75" target="_blank">yts75</a>	0	1	0					004
@yuzpep	<a href="https://twitter.com/yuzpep" target="_blank">yuzpep</a>	9	0	3	487	833	21047	República Catalana ||★||	049
@zaitxo	<a href="https://twitter.com/zaitxo" target="_blank">zaitxo</a>	3	0	1	203	346	2060	Lakuntza EUSKAL HERRIA	501
@ZanahPieldelogo	<a href="https://twitter.com/ZanahPieldelogo" target="_blank">ZanahPieldelogo</a>	1	0	1	62	164	1488		003
@Zantiagon	<a href="https://twitter.com/Zantiagon" target="_blank">Zantiagon</a>	1	0	1	226	809	7779	Granada	011
@Zaparrastroso1	<a href="https://twitter.com/Zaparrastroso1" target="_blank">Zaparrastroso1</a>	3	0	1	2422	2048	70664	Siempre en zona de fumadores	059
@Zascapatraska	<a href="https://twitter.com/Zascapatraska" target="_blank">Zascapatraska</a>	7	0	3	677	929	30351	Zascapatraskia	140
@Zibelinam	<a href="https://twitter.com/Zibelinam" target="_blank">Zibelinam</a>	1	0	1	2806	3273	232317	Mundo, Europa, España	205
@Zobobabel	<a href="https://twitter.com/Zobobabel" target="_blank">Zobobabel</a>	1	0	1	38	235	299		026
@Zoe_Soler	<a href="https://twitter.com/Zoe_Soler" target="_blank">Zoe_Soler</a>	4	0	2	62	115	3300		017
@zofinabac	<a href="https://twitter.com/zofinabac" target="_blank">zofinabac</a>	3	0	1	15	81	1048	Barcelona, Catalunya	006
@ZzCatcher	<a href="https://twitter.com/ZzCatcher" target="_blank">ZzCatcher</a>	2	0	1	10	125	562	Catalonia	006
@zzirobcn	<a href="https://twitter.com/zzirobcn" target="_blank">zzirobcn</a>	2	0	1	50	55	544	Barcelona	212
@zzzz46324949	<a href="https://twitter.com/zzzz46324949" target="_blank">zzzz46324949</a>	4	0	1	2857	3738	61227	España	003
