name	link	tuits	retuits	rteados	followers	following	status	location	Walktrap
@_BerNius	<a href="https://twitter.com/_BerNius" target="_blank">_BerNius</a>	2	0	1	1282	1507	25568	Vila de Sarrià-Països Catalans	169
@_bruixa	<a href="https://twitter.com/_bruixa" target="_blank">_bruixa</a>	1	0	1	201	500	1656	Tram 303	006
@_Campbell_Jack_	<a href="https://twitter.com/_Campbell_Jack_" target="_blank">_Campbell_Jack_</a>	6	0	1	54	37	5225		002
@_eduardsb	<a href="https://twitter.com/_eduardsb" target="_blank">_eduardsb</a>	4	0	1	743	161	1354	Igualada	028
@_FerVS_	<a href="https://twitter.com/_FerVS_" target="_blank">_FerVS_</a>	4	0	1	271	1508	20027	Barcelona	007
@_LaSecta_	<a href="https://twitter.com/_LaSecta_" target="_blank">_LaSecta_</a>	1	0	1	12	21	294		002
@_luchadeclases	<a href="https://twitter.com/_luchadeclases" target="_blank">_luchadeclases</a>	13	0	7	3411	1397	49969	Estado Español	078
@_mrjinks	<a href="https://twitter.com/_mrjinks" target="_blank">_mrjinks</a>	5	0	1	35	59	6107	Barcelona, Catalunya	007
@_Nits	<a href="https://twitter.com/_Nits" target="_blank">_Nits</a>	4	0	2	31	120	702	Catalunya	021
@_pauventura_	<a href="https://twitter.com/_pauventura_" target="_blank">_pauventura_</a>	1	0	1	4	15	70		005
@_pmarkes	<a href="https://twitter.com/_pmarkes" target="_blank">_pmarkes</a>	1	0	1	19006	20630	8381	Terrassa (Barcelona)	001
@_Senda	<a href="https://twitter.com/_Senda" target="_blank">_Senda</a>	2	1	0	2757	1134	28799	La Noguera, Països Valencians	193
@0Seuba	<a href="https://twitter.com/0Seuba" target="_blank">0Seuba</a>	31	0	1	664	1159	13762	Avià-Bcn, Catalunya	007
@101ECV_GADGET	<a href="https://twitter.com/101ECV_GADGET" target="_blank">101ECV_GADGET</a>	8	0	1	151	46	13716	Planet Earth, Solar System.	007
@10dc7a42c32e40c	<a href="https://twitter.com/10dc7a42c32e40c" target="_blank">10dc7a42c32e40c</a>	6	0	2	19	97	5962		003
@1983Sergi	<a href="https://twitter.com/1983Sergi" target="_blank">1983Sergi</a>	7	0	1	777	526	48148		008
@1denmadrid	<a href="https://twitter.com/1denmadrid" target="_blank">1denmadrid</a>	20	0	1	1540	276	394105	Madrid, Colombia	104
@1ODEMOCRACIA	<a href="https://twitter.com/1ODEMOCRACIA" target="_blank">1ODEMOCRACIA</a>	6	0	1	84	313	2592	PAIS DE CATALUNYA	027
@25_horas_al_dia	<a href="https://twitter.com/25_horas_al_dia" target="_blank">25_horas_al_dia</a>	1	0	1	164	384	2184	Sabadell, Catalunya.	033
@3v43v4	<a href="https://twitter.com/3v43v4" target="_blank">3v43v4</a>	18	0	1	150	294	8892	Vilassar de Dalt, Catalunya	007
@4048mm2	<a href="https://twitter.com/4048mm2" target="_blank">4048mm2</a>	1	0	1	1	39	100		004
@45c32378c34f499	<a href="https://twitter.com/45c32378c34f499" target="_blank">45c32378c34f499</a>	22	0	1	540	629	80217		014
@5511Sergi	<a href="https://twitter.com/5511Sergi" target="_blank">5511Sergi</a>	3	0	1	161	337	5260	Catalunya	001
@64Tortuga	<a href="https://twitter.com/64Tortuga" target="_blank">64Tortuga</a>	2	0	1	135	432	4844		001
@69manel	<a href="https://twitter.com/69manel" target="_blank">69manel</a>	2	0	1	313	592	1471	Catalunya	001
@6QRivero	<a href="https://twitter.com/6QRivero" target="_blank">6QRivero</a>	3	0	1	191	682	7583	cornellà de llobregat	001
@9jrib9	<a href="https://twitter.com/9jrib9" target="_blank">9jrib9</a>	90	0	1	3402	3954	192205	Barcelona	007
@aaltafaj	<a href="https://twitter.com/aaltafaj" target="_blank">aaltafaj</a>	3	0	1	17243	1430	20888	Brussels & BCN	007
@aangueraroig	<a href="https://twitter.com/aangueraroig" target="_blank">aangueraroig</a>	0	1	0					194
@Aannamartin	<a href="https://twitter.com/Aannamartin" target="_blank">Aannamartin</a>	4	0	1	937	1080	19639	Barcelona	096
@aaronplanell	<a href="https://twitter.com/aaronplanell" target="_blank">aaronplanell</a>	1	0	1	230	119	19319	Barcelona	007
@ABalagu	<a href="https://twitter.com/ABalagu" target="_blank">ABalagu</a>	17	5	0	4646	4899	101124		025
@abarnadas	<a href="https://twitter.com/abarnadas" target="_blank">abarnadas</a>	4	0	1	1701	1747	20067		020
@acabezuelo	<a href="https://twitter.com/acabezuelo" target="_blank">acabezuelo</a>	0	2	0					191
@acadainstant	<a href="https://twitter.com/acadainstant" target="_blank">acadainstant</a>	12	0	2	553	1246	22446	catalunya	013
@AcampadaMordaza	<a href="https://twitter.com/AcampadaMordaza" target="_blank">AcampadaMordaza</a>	34	0	1	3110	617	18314	De momento, en Cibeles	055
@AcijoD	<a href="https://twitter.com/AcijoD" target="_blank">AcijoD</a>	5	0	1	85	232	8343	Catalunya	002
@Adela41992947	<a href="https://twitter.com/Adela41992947" target="_blank">Adela41992947</a>	2	0	1	6	41	306		001
@adeuespanya2017	<a href="https://twitter.com/adeuespanya2017" target="_blank">adeuespanya2017</a>	2	1	0	141	526	272	CATALUNYA	166
@Adlercat	<a href="https://twitter.com/Adlercat" target="_blank">Adlercat</a>	0	1	0					010
@Admo_independe	<a href="https://twitter.com/Admo_independe" target="_blank">Admo_independe</a>	44	0	2	1130	627	20812	Catalunya (UE)	014
@adri_caldes	<a href="https://twitter.com/adri_caldes" target="_blank">adri_caldes</a>	1	0	1	592	1172	4381	Caldes de Montbui	011
@AdriaMateo2	<a href="https://twitter.com/AdriaMateo2" target="_blank">AdriaMateo2</a>	1	0	1	250	735	3292	Barcelona	002
@adricuti	<a href="https://twitter.com/adricuti" target="_blank">adricuti</a>	1	0	1	207	624	751	Barcelona	011
@adrisancast	<a href="https://twitter.com/adrisancast" target="_blank">adrisancast</a>	4	1	0	935	449	6352		192
@Agalmes	<a href="https://twitter.com/Agalmes" target="_blank">Agalmes</a>	1	8	1	369	853	416	Vila de Gracia, Barcelona	026
@AgnesCiurana	<a href="https://twitter.com/AgnesCiurana" target="_blank">AgnesCiurana</a>	0	3	0					046
@agusti_da	<a href="https://twitter.com/agusti_da" target="_blank">agusti_da</a>	1	0	1	279	555	884	Països Catalans	005
@Aida_PF85	<a href="https://twitter.com/Aida_PF85" target="_blank">Aida_PF85</a>	6	0	1	23	57	1458	Barcelona	151
@Aina10villares	<a href="https://twitter.com/Aina10villares" target="_blank">Aina10villares</a>	1	1	0	199	771	3313	Sant Cugat, Barcelona	083
@AinaPox	<a href="https://twitter.com/AinaPox" target="_blank">AinaPox</a>	0	1	0					082
@airedelluna	<a href="https://twitter.com/airedelluna" target="_blank">airedelluna</a>	12	0	1	531	1089	16976	Barcelona . Barceloneta	003
@airmosso	<a href="https://twitter.com/airmosso" target="_blank">airmosso</a>	23	0	1	450	451	31904	Catalunya	002
@ajcelra	<a href="https://twitter.com/ajcelra" target="_blank">ajcelra</a>	2	0	1	757	261	557	Celrà	005
@ajlarapita	<a href="https://twitter.com/ajlarapita" target="_blank">ajlarapita</a>	1	0	1	777	119	2565	Sant Carles de la Ràpita	054
@AjuntamentSEB	<a href="https://twitter.com/AjuntamentSEB" target="_blank">AjuntamentSEB</a>	1	2	0	823	562	721	Santa Eugènia de Berga	069
@Akax1337	<a href="https://twitter.com/Akax1337" target="_blank">Akax1337</a>	1	0	1	40	68	450	Spain	011
@Al3x_xX	<a href="https://twitter.com/Al3x_xX" target="_blank">Al3x_xX</a>	2	0	1	90	496	972		194
@alain_gp	<a href="https://twitter.com/alain_gp" target="_blank">alain_gp</a>	5	0	1	11	32	2532	Catalunya	001
@AlbaBalcells	<a href="https://twitter.com/AlbaBalcells" target="_blank">AlbaBalcells</a>	2	48	0	1262	1106	5098	Linyola	003
@AlbanoDante76	<a href="https://twitter.com/AlbanoDante76" target="_blank">AlbanoDante76</a>	2	0	1	50824	3200	54286	Girona	008
@albermunyoz	<a href="https://twitter.com/albermunyoz" target="_blank">albermunyoz</a>	1	0	1	141	349	160		001
@albert_m94	<a href="https://twitter.com/albert_m94" target="_blank">albert_m94</a>	3	0	1	263	346	5362	Badalona, Catalunya	002
@albert_orta	<a href="https://twitter.com/albert_orta" target="_blank">albert_orta</a>	36	0	1	1903	4994	31332	Terrassa	002
@Albert_Pala	<a href="https://twitter.com/Albert_Pala" target="_blank">Albert_Pala</a>	1	0	1	440	933	5989	Catalunya	007
@albertBZN	<a href="https://twitter.com/albertBZN" target="_blank">albertBZN</a>	3	0	1	484	352	7009	Catalunya	007
@AlbertEscuer	<a href="https://twitter.com/AlbertEscuer" target="_blank">AlbertEscuer</a>	3	0	1	1704	904	39874	Lleida	011
@albertitu	<a href="https://twitter.com/albertitu" target="_blank">albertitu</a>	15	0	2	300	722	48148	Barcelona	011
@AlbertLluc	<a href="https://twitter.com/AlbertLluc" target="_blank">AlbertLluc</a>	18	0	1	374	548	20235		032
@albertmaruny	<a href="https://twitter.com/albertmaruny" target="_blank">albertmaruny</a>	12	0	1	1550	1807	37656	Barcelona	007
@Albertodelvalle	<a href="https://twitter.com/Albertodelvalle" target="_blank">Albertodelvalle</a>	56	0	1	2774	1266	213641	Girona,Catalunya	007
@AlbertRey72	<a href="https://twitter.com/AlbertRey72" target="_blank">AlbertRey72</a>	13	0	1	755	839	29540	Sant Feliu de Llobregat, Cat	001
@alberttrombone	<a href="https://twitter.com/alberttrombone" target="_blank">alberttrombone</a>	1	0	1	292	306	935	Barcelona	005
@albertuscus	<a href="https://twitter.com/albertuscus" target="_blank">albertuscus</a>	1	0	1	53	177	482		058
@albertxinu	<a href="https://twitter.com/albertxinu" target="_blank">albertxinu</a>	1	0	1	390	588	1504		009
@AlbertYarza	<a href="https://twitter.com/AlbertYarza" target="_blank">AlbertYarza</a>	29	1	0	459	882	3078		130
@Alcuverru	<a href="https://twitter.com/Alcuverru" target="_blank">Alcuverru</a>	10	0	1	402	1024	19841	Catalunya, estat independent.	001
@aleix_borras	<a href="https://twitter.com/aleix_borras" target="_blank">aleix_borras</a>	1	0	1	290	469	1098	Tortosa, Catalunya	052
@aleixmadrid	<a href="https://twitter.com/aleixmadrid" target="_blank">aleixmadrid</a>	4	0	1	480	330	5591	Santa Coloma de Gramenet	011
@aleixmurtra	<a href="https://twitter.com/aleixmurtra" target="_blank">aleixmurtra</a>	0	1	0					128
@Alejand63567115	<a href="https://twitter.com/Alejand63567115" target="_blank">Alejand63567115</a>	20	0	1	47	34	8112		040
@alejjjtapia	<a href="https://twitter.com/alejjjtapia" target="_blank">alejjjtapia</a>	1	0	1	148	183	644		056
@AlemanyManel	<a href="https://twitter.com/AlemanyManel" target="_blank">AlemanyManel</a>	28	0	5	278	858	30498	Sant Cugat Vallès, Catalunya	007
@Alestcas	<a href="https://twitter.com/Alestcas" target="_blank">Alestcas</a>	0	1	0					127
@alfreixa	<a href="https://twitter.com/alfreixa" target="_blank">alfreixa</a>	1	0	1	54	101	741	Lliçà de Vall, Catalunya	011
@alicia_badia	<a href="https://twitter.com/alicia_badia" target="_blank">alicia_badia</a>	1	0	1	37	183	142		008
@alicia_fuentesc	<a href="https://twitter.com/alicia_fuentesc" target="_blank">alicia_fuentesc</a>	1	0	1	262	300	1469		009
@Alrome	<a href="https://twitter.com/Alrome" target="_blank">Alrome</a>	6	1	0	736	1498	47398	Canarias - NW Africa	124
@alsemar78	<a href="https://twitter.com/alsemar78" target="_blank">alsemar78</a>	1	0	1	205	224	6820	Barcelona	010
@aludsi	<a href="https://twitter.com/aludsi" target="_blank">aludsi</a>	0	2	0					075
@Alxcuesta	<a href="https://twitter.com/Alxcuesta" target="_blank">Alxcuesta</a>	1	0	1	416	784	1032	Barcelona	053
@Amadeu_Juando	<a href="https://twitter.com/Amadeu_Juando" target="_blank">Amadeu_Juando</a>	8	0	1	881	109	30117	Sao Paulo, Brasil	007
@AmenhotepHuy	<a href="https://twitter.com/AmenhotepHuy" target="_blank">AmenhotepHuy</a>	5	0	1	1803	2351	34971	London, England	012
@amicdetots	<a href="https://twitter.com/amicdetots" target="_blank">amicdetots</a>	8	0	1	4968	2848	95552	(Catalunya)	013
@aminahekmet	<a href="https://twitter.com/aminahekmet" target="_blank">aminahekmet</a>	0	1	0					006
@amoraescena	<a href="https://twitter.com/amoraescena" target="_blank">amoraescena</a>	2	0	1	771	526	10250		004
@ampordanes	<a href="https://twitter.com/ampordanes" target="_blank">ampordanes</a>	13	0	1	74	75	16620		007
@ana_bodet	<a href="https://twitter.com/ana_bodet" target="_blank">ana_bodet</a>	1	0	1	18	51	71		001
@anaoromi	<a href="https://twitter.com/anaoromi" target="_blank">anaoromi</a>	80	0	2	2250	2385	419417	República Catalana. UE	008
@anaraljaan	<a href="https://twitter.com/anaraljaan" target="_blank">anaraljaan</a>	16	0	1	6333	6101	121478	Bellpuig Catalunya Europa	007
@AnartzGoia	<a href="https://twitter.com/AnartzGoia" target="_blank">AnartzGoia</a>	2	0	1	85	320	549	Zegama, Euskadi	001
@ANC_BCN_SSG	<a href="https://twitter.com/ANC_BCN_SSG" target="_blank">ANC_BCN_SSG</a>	0	1	0					111
@anc_cat_ext	<a href="https://twitter.com/anc_cat_ext" target="_blank">anc_cat_ext</a>	4	0	1	2898	1197	7015	facebook.com/anccatext	024
@ANCaldesmontbui	<a href="https://twitter.com/ANCaldesmontbui" target="_blank">ANCaldesmontbui</a>	6	0	1	1564	2235	9102	#CaldesdeMontbui	011
@ANCCambrils	<a href="https://twitter.com/ANCCambrils" target="_blank">ANCCambrils</a>	1	0	1	1324	373	13440	Cambrils, Catalunya	007
@ANCDones	<a href="https://twitter.com/ANCDones" target="_blank">ANCDones</a>	2	4	0	1626	1166	2774	República de Catalunya PPCC	014
@ANCLleidaSegria	<a href="https://twitter.com/ANCLleidaSegria" target="_blank">ANCLleidaSegria</a>	11	0	1	1135	328	2904	Carrer Acadèmia, 16 - Lleida	001
@ANCPalamos	<a href="https://twitter.com/ANCPalamos" target="_blank">ANCPalamos</a>	0	2	0					011
@ancpremiademar	<a href="https://twitter.com/ancpremiademar" target="_blank">ancpremiademar</a>	7	0	4	1583	222	3598	Premià de Mar-Països Catalans-	007
@ANCstAnd	<a href="https://twitter.com/ANCstAnd" target="_blank">ANCstAnd</a>	2	0	1	2600	1098	27865		007
@ANCstjoanab	<a href="https://twitter.com/ANCstjoanab" target="_blank">ANCstjoanab</a>	0	1	0					099
@ancSuisse	<a href="https://twitter.com/ancSuisse" target="_blank">ancSuisse</a>	12	0	1	1930	407	9592	Suisse - Suïssa - Switzerland	007
@ANCTarragona	<a href="https://twitter.com/ANCTarragona" target="_blank">ANCTarragona</a>	14	0	2	4323	3995	16655	Tarragona, Catalunya, PPCC	009
@ANCtorredembarr	<a href="https://twitter.com/ANCtorredembarr" target="_blank">ANCtorredembarr</a>	1	2	0	1043	1447	663	Torredembarra, Catalunya	007
@andresote13	<a href="https://twitter.com/andresote13" target="_blank">andresote13</a>	1	1	1	186	299	1073	Granada (España) y Linares	195
@Andreueste	<a href="https://twitter.com/Andreueste" target="_blank">Andreueste</a>	13	0	2	1203	722	19009	Badalona	008
@AndreuLpeziLpez	<a href="https://twitter.com/AndreuLpeziLpez" target="_blank">AndreuLpeziLpez</a>	3	0	1	38	75	1107		009
@AndreuMonros	<a href="https://twitter.com/AndreuMonros" target="_blank">AndreuMonros</a>	0	87	0					002
@AngelaM0106	<a href="https://twitter.com/AngelaM0106" target="_blank">AngelaM0106</a>	2	1	0	733	1514	6878		092
@AngelCasado67	<a href="https://twitter.com/AngelCasado67" target="_blank">AngelCasado67</a>	1	0	1	41	382	1042	Republica Catalana	011
@aniol	<a href="https://twitter.com/aniol" target="_blank">aniol</a>	4	0	1	947	448	59595	Ohtori	009
@anna_magrinya	<a href="https://twitter.com/anna_magrinya" target="_blank">anna_magrinya</a>	2	0	1	496	267	1776		009
@anna_matas	<a href="https://twitter.com/anna_matas" target="_blank">anna_matas</a>	6	0	1	461	297	18332		007
@anna_sanllehy	<a href="https://twitter.com/anna_sanllehy" target="_blank">anna_sanllehy</a>	12	0	1	2697	4995	70657		009
@annaalasijove	<a href="https://twitter.com/annaalasijove" target="_blank">annaalasijove</a>	1	1	1	1063	559	7049	Europe	011
@AnnaAznar	<a href="https://twitter.com/AnnaAznar" target="_blank">AnnaAznar</a>	13	0	1	396	652	14932	Lleida - Catalunya	007
@annadtc68	<a href="https://twitter.com/annadtc68" target="_blank">annadtc68</a>	1	0	1	28	121	669		031
@Annagalanpla	<a href="https://twitter.com/Annagalanpla" target="_blank">Annagalanpla</a>	5	0	1	16	67	659	Barcelona	007
@AnnaGuillo	<a href="https://twitter.com/AnnaGuillo" target="_blank">AnnaGuillo</a>	1	0	1	61	138	43	Celrà, Catalunya	005
@annam1181or	<a href="https://twitter.com/annam1181or" target="_blank">annam1181or</a>	8	0	1	2219	5000	145346	LlumAmorSaviesVeritatBondaJust	075
@annanogcab	<a href="https://twitter.com/annanogcab" target="_blank">annanogcab</a>	4	0	1	37	214	1712		042
@AnnaSimo	<a href="https://twitter.com/AnnaSimo" target="_blank">AnnaSimo</a>	9	0	1	33264	1979	48825	L'Hospitalet de Llobregat	039
@anniapons	<a href="https://twitter.com/anniapons" target="_blank">anniapons</a>	1	1	0	293	338	1089	Girona, Catalunya.	089
@Annileo	<a href="https://twitter.com/Annileo" target="_blank">Annileo</a>	1	0	1	671	765	20501		010
@anticapiCat	<a href="https://twitter.com/anticapiCat" target="_blank">anticapiCat</a>	12	2	0	5936	1822	38046	Catalunya	067
@antoniasolanesc	<a href="https://twitter.com/antoniasolanesc" target="_blank">antoniasolanesc</a>	2	0	1	27	136	982	barcelona	011
@antonicano66	<a href="https://twitter.com/antonicano66" target="_blank">antonicano66</a>	5	0	1	16	64	2617		009
@AntoniDomene	<a href="https://twitter.com/AntoniDomene" target="_blank">AntoniDomene</a>	2	0	1	130	452	2737	Barcelona, España	024
@AntoniFerran	<a href="https://twitter.com/AntoniFerran" target="_blank">AntoniFerran</a>	9	0	1	172	244	5526	1-10. Hem votat ! 👋🏻👋🏻👋🏻	087
@Antonio02785700	<a href="https://twitter.com/Antonio02785700" target="_blank">Antonio02785700</a>	4	0	1	53	124	2088	Blanes, Catalunya	003
@Antonio86710629	<a href="https://twitter.com/Antonio86710629" target="_blank">Antonio86710629</a>	5	0	1	9	110	735	barcelona	140
@AntoniVicenteGr	<a href="https://twitter.com/AntoniVicenteGr" target="_blank">AntoniVicenteGr</a>	4	0	1	687	504	9549	Parets del Vallès	071
@anunjimm	<a href="https://twitter.com/anunjimm" target="_blank">anunjimm</a>	6	1	0	438	1390	5339	Sants Barcelona	086
@Anxoniet	<a href="https://twitter.com/Anxoniet" target="_blank">Anxoniet</a>	3	0	1	289	1062	3718	Munic	007
@aPelRoig	<a href="https://twitter.com/aPelRoig" target="_blank">aPelRoig</a>	1	0	1	1024	706	11048		007
@aquipuedo	<a href="https://twitter.com/aquipuedo" target="_blank">aquipuedo</a>	23	0	1	4977	4367	135967	República de catalunya, UE	025
@arb13579	<a href="https://twitter.com/arb13579" target="_blank">arb13579</a>	9	0	1	215	507	18941	Catalunya	002
@Arcadi42	<a href="https://twitter.com/Arcadi42" target="_blank">Arcadi42</a>	9	0	1	13724	1077	20274	Catalunya	001
@arenauh	<a href="https://twitter.com/arenauh" target="_blank">arenauh</a>	1	0	1	540	612	3944	Barcelona	004
@ariadna294	<a href="https://twitter.com/ariadna294" target="_blank">ariadna294</a>	2	0	1	211	542	11204	Barcelona, Catalunya	002
@Ariadnasue	<a href="https://twitter.com/Ariadnasue" target="_blank">Ariadnasue</a>	8	0	1	646	370	9071	Barcelona	007
@arimalane68	<a href="https://twitter.com/arimalane68" target="_blank">arimalane68</a>	2	0	1	23	120	505		046
@aritxun	<a href="https://twitter.com/aritxun" target="_blank">aritxun</a>	3	0	1	953	1570	18806	Terraprims, Girona	005
@arjub	<a href="https://twitter.com/arjub" target="_blank">arjub</a>	1	0	1	275	839	5330	Québec, Canada	006
@arkaitziza	<a href="https://twitter.com/arkaitziza" target="_blank">arkaitziza</a>	1	1	0	1096	2079	4571	Euskal Herria·Països Catalans	085
@arnaucoll	<a href="https://twitter.com/arnaucoll" target="_blank">arnaucoll</a>	1	0	1	165	437	1121	Barcelona	001
@arnaudeivissa	<a href="https://twitter.com/arnaudeivissa" target="_blank">arnaudeivissa</a>	14	0	1	385	204	34585		011
@arnausabate	<a href="https://twitter.com/arnausabate" target="_blank">arnausabate</a>	3	0	1	2042	1044	15644	Lleida, Països Catalans	007
@arquitectesplsi	<a href="https://twitter.com/arquitectesplsi" target="_blank">arquitectesplsi</a>	7	6	0	253	668	298	Catalunya, Països Catalans	006
@arsraul	<a href="https://twitter.com/arsraul" target="_blank">arsraul</a>	3	1	0	44	356	278	Tarragona, Catalunya	012
@artsocial_neret	<a href="https://twitter.com/artsocial_neret" target="_blank">artsocial_neret</a>	1	0	1	1049	1018	2335	Barcelona, España	004
@ArturGrau	<a href="https://twitter.com/ArturGrau" target="_blank">ArturGrau</a>	1	0	1	1356	1251	4588	Badalona	004
@artursarro	<a href="https://twitter.com/artursarro" target="_blank">artursarro</a>	4	0	1	36	51	3490		007
@asansag	<a href="https://twitter.com/asansag" target="_blank">asansag</a>	5	0	1	647	1678	10984	Bastió de la Vegueria Penedès	017
@asiandafrica	<a href="https://twitter.com/asiandafrica" target="_blank">asiandafrica</a>	34	0	1	589	614	59976	Barcelona	006
@askari222	<a href="https://twitter.com/askari222" target="_blank">askari222</a>	50	0	1	46	34	9286		006
@AssembleaValls	<a href="https://twitter.com/AssembleaValls" target="_blank">AssembleaValls</a>	7	1	0	2443	2054	7390	Valls, Països Catalans	081
@ateneubcn	<a href="https://twitter.com/ateneubcn" target="_blank">ateneubcn</a>	1	0	1	12492	1711	19824	Barcelona	072
@atletic_club	<a href="https://twitter.com/atletic_club" target="_blank">atletic_club</a>	0	1	0					080
@avensdelpalau	<a href="https://twitter.com/avensdelpalau" target="_blank">avensdelpalau</a>	1	0	1	518	506	3121	El Palau d'Anglesola	015
@BagesMabara3	<a href="https://twitter.com/BagesMabara3" target="_blank">BagesMabara3</a>	6	0	1	1132	964	107396		008
@barnazen	<a href="https://twitter.com/barnazen" target="_blank">barnazen</a>	8	0	1	1316	1256	37111	Barcelona, Catalunya.	007
@barnimile	<a href="https://twitter.com/barnimile" target="_blank">barnimile</a>	16	0	1	1654	2311	41860	Premià de Dalt, Rep.Catalunya	186
@basoboo1	<a href="https://twitter.com/basoboo1" target="_blank">basoboo1</a>	1	0	1	279	952	10259		006
@bassplaza	<a href="https://twitter.com/bassplaza" target="_blank">bassplaza</a>	0	2	0					007
@bastilladigital	<a href="https://twitter.com/bastilladigital" target="_blank">bastilladigital</a>	12	0	2	255	222	85827	Madrid	191
@BastoneraEixam	<a href="https://twitter.com/BastoneraEixam" target="_blank">BastoneraEixam</a>	1	1	0	413	285	1406		189
@bcnrogues	<a href="https://twitter.com/bcnrogues" target="_blank">bcnrogues</a>	1	0	1	35	33	217	Barcelona	001
@bel_margarida	<a href="https://twitter.com/bel_margarida" target="_blank">bel_margarida</a>	75	0	2	118	115	10420		009
@belsai_57	<a href="https://twitter.com/belsai_57" target="_blank">belsai_57</a>	1	0	1	46	75	549	Barcelona, Catalunya	008
@BenejamCarlos	<a href="https://twitter.com/BenejamCarlos" target="_blank">BenejamCarlos</a>	3	0	1	17	106	461	Calella, España	039
@BernatCarles	<a href="https://twitter.com/BernatCarles" target="_blank">BernatCarles</a>	2	0	1	86	110	337	Terrassa	002
@bernatgi	<a href="https://twitter.com/bernatgi" target="_blank">bernatgi</a>	1	1	0	52	63	4058		010
@BertaCn	<a href="https://twitter.com/BertaCn" target="_blank">BertaCn</a>	1	0	1	577	649	13680		013
@bertarubiofaus	<a href="https://twitter.com/bertarubiofaus" target="_blank">bertarubiofaus</a>	5	0	1	563	712	10032		004
@BetadelTer	<a href="https://twitter.com/BetadelTer" target="_blank">BetadelTer</a>	4	0	1	765	869	14115	Bordils, Països Catalans	005
@bethAbadGiralt	<a href="https://twitter.com/bethAbadGiralt" target="_blank">bethAbadGiralt</a>	1	0	1	707	604	1000		009
@bethsalil	<a href="https://twitter.com/bethsalil" target="_blank">bethsalil</a>	10	0	1	229	394	13763	Maresme lliure i tropical	007
@BetonaComin	<a href="https://twitter.com/BetonaComin" target="_blank">BetonaComin</a>	2	1	0	3119	1705	40742	Catalunya	184
@birlotes	<a href="https://twitter.com/birlotes" target="_blank">birlotes</a>	4	0	1	57	155	2403	Catalunya	007
@blackaddermad	<a href="https://twitter.com/blackaddermad" target="_blank">blackaddermad</a>	1	2	0	322	661	5911	Cardona	016
@blairodriguez	<a href="https://twitter.com/blairodriguez" target="_blank">blairodriguez</a>	37	0	2	3676	1413	22381	els encants. barna.	026
@blancaolco	<a href="https://twitter.com/blancaolco" target="_blank">blancaolco</a>	4	0	1	1582	2077	23897	Llançà, Girona, Catalunya	007
@blurrchery	<a href="https://twitter.com/blurrchery" target="_blank">blurrchery</a>	1	0	1	629	18	12374	república catalana	009
@BochacaR	<a href="https://twitter.com/BochacaR" target="_blank">BochacaR</a>	1	0	1	49	167	887	Lleida, Espanya	004
@BoiSentis	<a href="https://twitter.com/BoiSentis" target="_blank">BoiSentis</a>	9	0	1	12	77	2551	Sabadell. Catalunya	002
@bori_not	<a href="https://twitter.com/bori_not" target="_blank">bori_not</a>	9	3	0	1905	628	82627	Països Catalans	002
@Borrasqueta	<a href="https://twitter.com/Borrasqueta" target="_blank">Borrasqueta</a>	1	0	1	126	185	934		011
@Bosch_Andreu	<a href="https://twitter.com/Bosch_Andreu" target="_blank">Bosch_Andreu</a>	1	0	1	691	204	3859	Teià, Catalunya	165
@bosch3725	<a href="https://twitter.com/bosch3725" target="_blank">bosch3725</a>	1	0	1	56	55	825		035
@BoteyTamara	<a href="https://twitter.com/BoteyTamara" target="_blank">BoteyTamara</a>	5	0	2	209	377	7346	República de Catalunya, UE	004
@breumarta	<a href="https://twitter.com/breumarta" target="_blank">breumarta</a>	1	1	0	171	355	1004	Barcelona	064
@Briseta	<a href="https://twitter.com/Briseta" target="_blank">Briseta</a>	1	0	1	183	768	3315	Països Catalans	007
@BroggiElisa	<a href="https://twitter.com/BroggiElisa" target="_blank">BroggiElisa</a>	30	0	1	2870	2795	187343	Now, between l'Escala and BCN.	008
@bruixa_dolenta	<a href="https://twitter.com/bruixa_dolenta" target="_blank">bruixa_dolenta</a>	0	3	0					051
@buscandomonedas	<a href="https://twitter.com/buscandomonedas" target="_blank">buscandomonedas</a>	5	1	1	853	3540	559	España	196
@buticelra	<a href="https://twitter.com/buticelra" target="_blank">buticelra</a>	3	0	1	389	286	1932	Celrà	005
@ByQuim08	<a href="https://twitter.com/ByQuim08" target="_blank">ByQuim08</a>	1	0	1	70	176	1074		001
@c_consol	<a href="https://twitter.com/c_consol" target="_blank">c_consol</a>	7	0	1	136	258	7048		009
@ca_ro_ma	<a href="https://twitter.com/ca_ro_ma" target="_blank">ca_ro_ma</a>	3	1	0	1855	1913	36085	Catalunya	176
@CabezaJm	<a href="https://twitter.com/CabezaJm" target="_blank">CabezaJm</a>	1	0	1	375	673	9788	Andalucía Algeciras	029
@Cabraret	<a href="https://twitter.com/Cabraret" target="_blank">Cabraret</a>	1	0	1	137	314	196		131
@caelumtangi	<a href="https://twitter.com/caelumtangi" target="_blank">caelumtangi</a>	9	0	1	61	144	4482		003
@CalellaxIndep	<a href="https://twitter.com/CalellaxIndep" target="_blank">CalellaxIndep</a>	2	1	0	1327	210	2124	Països Catalans	175
@calolmo	<a href="https://twitter.com/calolmo" target="_blank">calolmo</a>	10	0	1	25	76	1606		003
@calsojorn10	<a href="https://twitter.com/calsojorn10" target="_blank">calsojorn10</a>	26	0	1	647	290	203284		013
@CaminsJ	<a href="https://twitter.com/CaminsJ" target="_blank">CaminsJ</a>	9	1	0	109	245	5452	Repùblica Catalana UE	011
@CanalAjuntament	<a href="https://twitter.com/CanalAjuntament" target="_blank">CanalAjuntament</a>	13	2	0	8927	4141	45228	Catalunya	077
@candireyes	<a href="https://twitter.com/candireyes" target="_blank">candireyes</a>	3	0	1	246	711	2814	colònia güell, S. Coloma de C.	067
@capdepremsa	<a href="https://twitter.com/capdepremsa" target="_blank">capdepremsa</a>	10	0	1	2173	3015	7330	Catalunya	077
@capdevilamontse	<a href="https://twitter.com/capdevilamontse" target="_blank">capdevilamontse</a>	3	0	1	141	343	2190	Barcelona, España	004
@Capita_harlock	<a href="https://twitter.com/Capita_harlock" target="_blank">Capita_harlock</a>	2	0	1	109	318	12626	Al fondo a la derecha	001
@car_gar_cadiz	<a href="https://twitter.com/car_gar_cadiz" target="_blank">car_gar_cadiz</a>	7	0	1	129	292	707	Barcelona	002
@carabellido	<a href="https://twitter.com/carabellido" target="_blank">carabellido</a>	3	0	1	256	281	1783	Salt Gironès	009
@carles6a	<a href="https://twitter.com/carles6a" target="_blank">carles6a</a>	4	0	1	188	1147	5133		001
@CarlesBorrego	<a href="https://twitter.com/CarlesBorrego" target="_blank">CarlesBorrego</a>	1	0	1	216	395	1846	Catalunya	004
@carlesdomingo	<a href="https://twitter.com/carlesdomingo" target="_blank">carlesdomingo</a>	1	4	0	316	112	1617	barcelona	041
@CarlesEGil	<a href="https://twitter.com/CarlesEGil" target="_blank">CarlesEGil</a>	2	1	1	215	461	738	Catalunya	197
@Carlesescario	<a href="https://twitter.com/Carlesescario" target="_blank">Carlesescario</a>	28	0	2	354	330	37892		008
@carlespalle	<a href="https://twitter.com/carlespalle" target="_blank">carlespalle</a>	2	0	1	235	828	803	Viladecans, Catalunya	007
@carlespastor	<a href="https://twitter.com/carlespastor" target="_blank">carlespastor</a>	16	0	1	3697	2984	40912	El Prat de Llobregat	004
@CARLESTECLA	<a href="https://twitter.com/CARLESTECLA" target="_blank">CARLESTECLA</a>	4	0	1	938	485	12464	Tarragona	002
@CarlotaCata	<a href="https://twitter.com/CarlotaCata" target="_blank">CarlotaCata</a>	1	0	1	163	425	1432		009
@carme_corominas	<a href="https://twitter.com/carme_corominas" target="_blank">carme_corominas</a>	14	0	1	11	25	3319		003
@carmemascarell	<a href="https://twitter.com/carmemascarell" target="_blank">carmemascarell</a>	7	0	1	664	554	43594		180
@CarmeMiroAlaix	<a href="https://twitter.com/CarmeMiroAlaix" target="_blank">CarmeMiroAlaix</a>	3	0	1	1545	1523	27902	VILAFRANCA del Penedès	004
@carolinabalmes	<a href="https://twitter.com/carolinabalmes" target="_blank">carolinabalmes</a>	34	0	3	628	1357	24553		001
@CarreJosep	<a href="https://twitter.com/CarreJosep" target="_blank">CarreJosep</a>	11	0	2	6340	6494	83213	DUI al PROGRAMA i a jugar...	015
@Casanovas1994	<a href="https://twitter.com/Casanovas1994" target="_blank">Casanovas1994</a>	22	0	1	2250	2007	97164		001
@casaxus	<a href="https://twitter.com/casaxus" target="_blank">casaxus</a>	39	0	1	428	1582	97613	aquimateix	016
@CasPPoSOe	<a href="https://twitter.com/CasPPoSOe" target="_blank">CasPPoSOe</a>	15	2	1	190	85	14789		007
@CATaccio11	<a href="https://twitter.com/CATaccio11" target="_blank">CATaccio11</a>	17	0	1	1600	1908	7288		032
@Catalan_Dragon	<a href="https://twitter.com/Catalan_Dragon" target="_blank">Catalan_Dragon</a>	36	0	3	110	142	8270	iPhone: 41.136982,1.206330	012
@catalanensis	<a href="https://twitter.com/catalanensis" target="_blank">catalanensis</a>	16	0	1	189	199	15381	CATALÁ. MATARONÍ.CULÉ    II*II	024
@caterrante	<a href="https://twitter.com/caterrante" target="_blank">caterrante</a>	1	0	1	193	268	3686	Catalunya	001
@cbpelsi	<a href="https://twitter.com/cbpelsi" target="_blank">cbpelsi</a>	0	1	0					167
@cbsol1	<a href="https://twitter.com/cbsol1" target="_blank">cbsol1</a>	13	0	2	211	1105	4250	Girona, Catalunya	009
@celeste_cuarzo	<a href="https://twitter.com/celeste_cuarzo" target="_blank">celeste_cuarzo</a>	2	0	1	264	223	833	Cornellà de Llobregat, España	008
@celspinol	<a href="https://twitter.com/celspinol" target="_blank">celspinol</a>	3	0	1	8188	649	75623	Barcelona	037
@CelticEH	<a href="https://twitter.com/CelticEH" target="_blank">CelticEH</a>	0	1	0					171
@cerillopillo	<a href="https://twitter.com/cerillopillo" target="_blank">cerillopillo</a>	5	0	1	1251	2539	62169		004
@cervera_jess	<a href="https://twitter.com/cervera_jess" target="_blank">cervera_jess</a>	35	0	2	3191	3909	251577	Catalunya, Països Catalans, UE	002
@CesarCendan	<a href="https://twitter.com/CesarCendan" target="_blank">CesarCendan</a>	1	0	1	64	112	1944		007
@cesc239	<a href="https://twitter.com/cesc239" target="_blank">cesc239</a>	10	0	1	477	710	75815	Països Catalans	033
@cescadomenech	<a href="https://twitter.com/cescadomenech" target="_blank">cescadomenech</a>	0	1	0					165
@cescbg	<a href="https://twitter.com/cescbg" target="_blank">cescbg</a>	3	0	1	70	341	4470		002
@cescpoch	<a href="https://twitter.com/cescpoch" target="_blank">cescpoch</a>	1	0	1	2668	2634	9727	Països Catalans	091
@ChachoAlmaraz	<a href="https://twitter.com/ChachoAlmaraz" target="_blank">ChachoAlmaraz</a>	2	2	1	3134	195	13608	Por el bajo Llobregat	018
@Chanespineda	<a href="https://twitter.com/Chanespineda" target="_blank">Chanespineda</a>	6	0	1	2721	3036	9693	Barcelona (CAT)	006
@chema_moreno_p	<a href="https://twitter.com/chema_moreno_p" target="_blank">chema_moreno_p</a>	21	0	1	55	35	3599		028
@chuti45	<a href="https://twitter.com/chuti45" target="_blank">chuti45</a>	19	0	1	1215	1928	30727		006
@Cienita100	<a href="https://twitter.com/Cienita100" target="_blank">Cienita100</a>	6	0	1	1279	1627	57925	Cerca de Barcelona (Catalunya)	006
@CiscoSegarra	<a href="https://twitter.com/CiscoSegarra" target="_blank">CiscoSegarra</a>	4	0	1	759	1906	39272	Alcanar (Montsià) - Catalunya	011
@Ciskae83	<a href="https://twitter.com/Ciskae83" target="_blank">Ciskae83</a>	1	0	1	555	448	1025		027
@ciumataro	<a href="https://twitter.com/ciumataro" target="_blank">ciumataro</a>	1	0	1	1864	1463	12454	Mataró, Catalunya, Europa	118
@clara_bill	<a href="https://twitter.com/clara_bill" target="_blank">clara_bill</a>	3	0	1	719	1344	20343	CATALONIA	011
@clarabarcelona_	<a href="https://twitter.com/clarabarcelona_" target="_blank">clarabarcelona_</a>	2	0	1	20	66	536	Barcelona, Catalunya	002
@Clissis	<a href="https://twitter.com/Clissis" target="_blank">Clissis</a>	1	0	1	23	77	339		001
@CLoresCat	<a href="https://twitter.com/CLoresCat" target="_blank">CLoresCat</a>	3	0	1	155	541	6575	La Selva, Girona. Catalunya	007
@cnacasol	<a href="https://twitter.com/cnacasol" target="_blank">cnacasol</a>	5	0	1	5696	4828	17104	Lleida, República de Catalunya	002
@cnavasp	<a href="https://twitter.com/cnavasp" target="_blank">cnavasp</a>	3	0	1	186	499	1855	Barcelona	007
@CodiMagic	<a href="https://twitter.com/CodiMagic" target="_blank">CodiMagic</a>	1	0	1	70	197	411		021
@Coldkimi	<a href="https://twitter.com/Coldkimi" target="_blank">Coldkimi</a>	1	0	1	154	551	10858	El Bar de la esquina.	007
@ComarquesPonent	<a href="https://twitter.com/ComarquesPonent" target="_blank">ComarquesPonent</a>	2	0	1	3390	793	10141	Tàrrega	179
@ComasCulub	<a href="https://twitter.com/ComasCulub" target="_blank">ComasCulub</a>	21	0	1	1051	1824	10448	Girona	003
@Con60Deme	<a href="https://twitter.com/Con60Deme" target="_blank">Con60Deme</a>	5	0	1	19	74	2716		003
@Constituim	<a href="https://twitter.com/Constituim" target="_blank">Constituim</a>	0	2	0					072
@ConsultaBarca	<a href="https://twitter.com/ConsultaBarca" target="_blank">ConsultaBarca</a>	11	0	1	4120	2429	23638	Catalunya	011
@COP_perRipollet	<a href="https://twitter.com/COP_perRipollet" target="_blank">COP_perRipollet</a>	0	3	0					056
@CorbetoXita	<a href="https://twitter.com/CorbetoXita" target="_blank">CorbetoXita</a>	8	0	1	273	984	3554		007
@COSTAMARTA10	<a href="https://twitter.com/COSTAMARTA10" target="_blank">COSTAMARTA10</a>	41	0	1	861	461	111015	Barcelona- Catalunya	008
@cr_rakel	<a href="https://twitter.com/cr_rakel" target="_blank">cr_rakel</a>	2	2	0	6	48	426		016
@crac67	<a href="https://twitter.com/crac67" target="_blank">crac67</a>	4	0	1	967	2021	8813	Tarragona, España	082
@cridapremianenc	<a href="https://twitter.com/cridapremianenc" target="_blank">cridapremianenc</a>	4	2	0	1235	828	5320	Premià de Mar	007
@cris_ctzh	<a href="https://twitter.com/cris_ctzh" target="_blank">cris_ctzh</a>	9	0	1	387	991	10406	Barcelona , Catalunya	007
@CrisGironC	<a href="https://twitter.com/CrisGironC" target="_blank">CrisGironC</a>	2	0	1	523	845	4682		052
@cristinabajet	<a href="https://twitter.com/cristinabajet" target="_blank">cristinabajet</a>	1	0	1	1069	1312	2814	Norwich, England	001
@CristinaGuilln6	<a href="https://twitter.com/CristinaGuilln6" target="_blank">CristinaGuilln6</a>	2	0	1	27	188	1602		002
@cristinapbcn	<a href="https://twitter.com/cristinapbcn" target="_blank">cristinapbcn</a>	6	0	1	137	360	847	barcelona	010
@CronistaErrant	<a href="https://twitter.com/CronistaErrant" target="_blank">CronistaErrant</a>	2	0	1	1615	1125	8678	Sant Andreu de Palomar	011
@CrosNuria	<a href="https://twitter.com/CrosNuria" target="_blank">CrosNuria</a>	1	0	1	26	43	133		139
@cuinerfoll	<a href="https://twitter.com/cuinerfoll" target="_blank">cuinerfoll</a>	7	0	1	241	765	6471	catalunya	033
@CultuRapita1	<a href="https://twitter.com/CultuRapita1" target="_blank">CultuRapita1</a>	0	3	0					054
@CUP_Mollet	<a href="https://twitter.com/CUP_Mollet" target="_blank">CUP_Mollet</a>	3	0	1	1553	2217	14599	Mollet del Vallès	005
@cupbadalona	<a href="https://twitter.com/cupbadalona" target="_blank">cupbadalona</a>	1	0	1	3004	511	4270	Badalona	007
@cupbalaguer	<a href="https://twitter.com/cupbalaguer" target="_blank">cupbalaguer</a>	1	0	1	1275	870	1173	Balaguer	174
@CUPBarcelona	<a href="https://twitter.com/CUPBarcelona" target="_blank">CUPBarcelona</a>	7	7	0	19446	1580	32803	Barcelona	005
@CUPCelra	<a href="https://twitter.com/CUPCelra" target="_blank">CUPCelra</a>	4	1	1	1844	1085	7384	Celrà, Gironès	005
@CUPDeltebre	<a href="https://twitter.com/CUPDeltebre" target="_blank">CUPDeltebre</a>	2	1	0	828	638	2995	Terres de l'Ebre	164
@CupFarners	<a href="https://twitter.com/CupFarners" target="_blank">CupFarners</a>	0	1	0					163
@CUPGirona	<a href="https://twitter.com/CUPGirona" target="_blank">CUPGirona</a>	13	0	1	6749	2150	30543	Girona, Països Catalans	005
@CUPOlot	<a href="https://twitter.com/CUPOlot" target="_blank">CUPOlot</a>	4	1	0	3019	2626	6569		162
@CUPSabadell	<a href="https://twitter.com/CUPSabadell" target="_blank">CUPSabadell</a>	9	6	0	4361	2459	12933	Sabadell, Països Catalans	033
@cupsantcugat	<a href="https://twitter.com/cupsantcugat" target="_blank">cupsantcugat</a>	1	0	1	3263	2302	7070	#RevolucionemSantCugat	030
@cupvila	<a href="https://twitter.com/cupvila" target="_blank">cupvila</a>	2	0	1	3119	1361	6850	Vilafranca del Penedès	017
@cus_usuaris	<a href="https://twitter.com/cus_usuaris" target="_blank">cus_usuaris</a>	1	0	1	858	792	13581	Barcelona	013
@cutxiprieto	<a href="https://twitter.com/cutxiprieto" target="_blank">cutxiprieto</a>	1	0	1	67	337	350	reus	002
@D4NN1SS1M0	<a href="https://twitter.com/D4NN1SS1M0" target="_blank">D4NN1SS1M0</a>	6	0	1	83	345	1486	Barcelona. Platja d'Aro.	007
@daemlo2002	<a href="https://twitter.com/daemlo2002" target="_blank">daemlo2002</a>	8	0	1	393	164	53716	GELIDA / BARCELONA	007
@daesga	<a href="https://twitter.com/daesga" target="_blank">daesga</a>	21	0	1	222	1069	19428	CORNUDELLA, CATALUNYA	003
@dallafeminista	<a href="https://twitter.com/dallafeminista" target="_blank">dallafeminista</a>	0	1	0					161
@Damolinaza	<a href="https://twitter.com/Damolinaza" target="_blank">Damolinaza</a>	11	0	1	86	275	6224		009
@DanCoop58813493	<a href="https://twitter.com/DanCoop58813493" target="_blank">DanCoop58813493</a>	4	0	1	249	697	18603		007
@dani_segador	<a href="https://twitter.com/dani_segador" target="_blank">dani_segador</a>	5	0	1	382	1009	21905	sants	005
@dani_t_m	<a href="https://twitter.com/dani_t_m" target="_blank">dani_t_m</a>	2	0	1	19	96	227	Catalunya	001
@danicornella	<a href="https://twitter.com/danicornella" target="_blank">danicornella</a>	8	29	1	1733	1300	3265	Celrà	005
@danidep77	<a href="https://twitter.com/danidep77" target="_blank">danidep77</a>	1	0	1	462	1788	3549	Barcelona	006
@daniebomb	<a href="https://twitter.com/daniebomb" target="_blank">daniebomb</a>	6	0	1	62	291	2528		002
@DanielGarcia31	<a href="https://twitter.com/DanielGarcia31" target="_blank">DanielGarcia31</a>	3	0	1	11	84	202	Catalunya	035
@DanilsaNv	<a href="https://twitter.com/DanilsaNv" target="_blank">DanilsaNv</a>	5	0	1	47	203	3334		002
@daniplanas	<a href="https://twitter.com/daniplanas" target="_blank">daniplanas</a>	3	0	1	91	264	393	Barcelona, España	002
@david_98sanchez	<a href="https://twitter.com/david_98sanchez" target="_blank">david_98sanchez</a>	1	0	1	191	768	4356	Perdido en algun libro	042
@david_font	<a href="https://twitter.com/david_font" target="_blank">david_font</a>	2	1	0	3078	2325	4280	Gironella - Catalunya	136
@davidcompanyon	<a href="https://twitter.com/davidcompanyon" target="_blank">davidcompanyon</a>	9	17	0	6907	1870	36517	República Catalana	007
@davidglesmes	<a href="https://twitter.com/davidglesmes" target="_blank">davidglesmes</a>	2	4	0	157	110	2500	Barcelona	036
@davidgubern	<a href="https://twitter.com/davidgubern" target="_blank">davidgubern</a>	1	0	1	85	162	371		011
@davidrd68	<a href="https://twitter.com/davidrd68" target="_blank">davidrd68</a>	4	0	1	201	374	11987	Girona	007
@DavidRoTemp	<a href="https://twitter.com/DavidRoTemp" target="_blank">DavidRoTemp</a>	1	0	1	298	362	5419		002
@DavidRuizM	<a href="https://twitter.com/DavidRuizM" target="_blank">DavidRuizM</a>	3	0	1	703	71	9176	Barcelona	001
@DavidSGuinjoan	<a href="https://twitter.com/DavidSGuinjoan" target="_blank">DavidSGuinjoan</a>	8	0	1	95	113	2332		007
@davidstmab	<a href="https://twitter.com/davidstmab" target="_blank">davidstmab</a>	1	0	1	11	80	43	Taradell, Espanya	004
@dd_joca	<a href="https://twitter.com/dd_joca" target="_blank">dd_joca</a>	3	0	1	321	847	6188	Barcelona	001
@ddaunis	<a href="https://twitter.com/ddaunis" target="_blank">ddaunis</a>	1	0	1	276	128	5525	Llagostera	002
@decidimhotot	<a href="https://twitter.com/decidimhotot" target="_blank">decidimhotot</a>	1	0	1	480	53	77	Baix Llobregat	008
@deejuua	<a href="https://twitter.com/deejuua" target="_blank">deejuua</a>	1	0	1	67	114	831		001
@demalfermar	<a href="https://twitter.com/demalfermar" target="_blank">demalfermar</a>	3	0	1	12	114	456		003
@Demirramon	<a href="https://twitter.com/Demirramon" target="_blank">Demirramon</a>	2	0	1	798	1261	67824	Missing her	044
@DemocraciaEtsav	<a href="https://twitter.com/DemocraciaEtsav" target="_blank">DemocraciaEtsav</a>	0	3	0					053
@DespertaFerro11	<a href="https://twitter.com/DespertaFerro11" target="_blank">DespertaFerro11</a>	50	0	2	501	1378	27882		009
@dfertl	<a href="https://twitter.com/dfertl" target="_blank">dfertl</a>	10	7	0	1136	3400	4786	Brussels, Belgium	012
@Dfibla	<a href="https://twitter.com/Dfibla" target="_blank">Dfibla</a>	1	0	1	398	638	8841	Catalunya ocupada	007
@DHPLAJA	<a href="https://twitter.com/DHPLAJA" target="_blank">DHPLAJA</a>	2	0	2	707	1974	18608	Palamós. CATALUNYA.	011
@Dianasolet	<a href="https://twitter.com/Dianasolet" target="_blank">Dianasolet</a>	1	0	1	219	457	799	Catalunya	011
@DJPirla	<a href="https://twitter.com/DJPirla" target="_blank">DJPirla</a>	3	0	1	253	267	13890	LA	002
@DjRepubliCAT	<a href="https://twitter.com/DjRepubliCAT" target="_blank">DjRepubliCAT</a>	11	0	1	5127	5222	30232	República Catalana	007
@doctordinamo	<a href="https://twitter.com/doctordinamo" target="_blank">doctordinamo</a>	28	0	1	24	53	5532		002
@doctorfebre	<a href="https://twitter.com/doctorfebre" target="_blank">doctorfebre</a>	1	0	1	137	805	5148	Cincinati (Catalunya)	007
@Dolors_guillen	<a href="https://twitter.com/Dolors_guillen" target="_blank">Dolors_guillen</a>	1	1	0	2036	854	12694	Mataro - Barcelona	118
@Dolors63	<a href="https://twitter.com/Dolors63" target="_blank">Dolors63</a>	25	0	1	3360	1217	112503	Catalunya	007
@DolorsClave	<a href="https://twitter.com/DolorsClave" target="_blank">DolorsClave</a>	1	0	1	37	105	673		041
@dolorspm53	<a href="https://twitter.com/dolorspm53" target="_blank">dolorspm53</a>	3	0	1	39	83	2659		004
@domingomirf	<a href="https://twitter.com/domingomirf" target="_blank">domingomirf</a>	3	5	0	782	559	9633	L'Hospitalet de Llobregat	035
@dondepre	<a href="https://twitter.com/dondepre" target="_blank">dondepre</a>	7	0	1	864	230	47446		002
@DonesCompromese	<a href="https://twitter.com/DonesCompromese" target="_blank">DonesCompromese</a>	2	0	1	2106	1541	17803	Catalonia	048
@DonespelSi	<a href="https://twitter.com/DonespelSi" target="_blank">DonespelSi</a>	3	3	0	1113	83	404	CATALUNYA	048
@DormaNessum	<a href="https://twitter.com/DormaNessum" target="_blank">DormaNessum</a>	3	0	1	51	96	4189		002
@DraudeReus	<a href="https://twitter.com/DraudeReus" target="_blank">DraudeReus</a>	1	0	1	372	652	1636	Reus	076
@drdavie	<a href="https://twitter.com/drdavie" target="_blank">drdavie</a>	3	0	1	473	753	6985	Catalunya	004
@dreamsofme2	<a href="https://twitter.com/dreamsofme2" target="_blank">dreamsofme2</a>	2	0	1	19	128	157		002
@drilfy	<a href="https://twitter.com/drilfy" target="_blank">drilfy</a>	2	0	1	473	446	10783		004
@drilitch	<a href="https://twitter.com/drilitch" target="_blank">drilitch</a>	6	0	1	624	394	21215		161
@druquidana	<a href="https://twitter.com/druquidana" target="_blank">druquidana</a>	1	0	1	34	141	1390	catalunya	008
@ducamal	<a href="https://twitter.com/ducamal" target="_blank">ducamal</a>	8	0	1	439	450	50212		029
@duduipa	<a href="https://twitter.com/duduipa" target="_blank">duduipa</a>	15	0	1	24670	3659	45506	Catalunya UE	009
@DuranFerrer2017	<a href="https://twitter.com/DuranFerrer2017" target="_blank">DuranFerrer2017</a>	2	0	1	10	5	17	Sant Pol de Mar	004
@duranipoble	<a href="https://twitter.com/duranipoble" target="_blank">duranipoble</a>	2	0	1	309	341	3341	Caldes de Montbui, Catalunya	011
@duuuns06	<a href="https://twitter.com/duuuns06" target="_blank">duuuns06</a>	1	0	1	901	2097	5248		007
@EA3AKY	<a href="https://twitter.com/EA3AKY" target="_blank">EA3AKY</a>	16	0	1	1114	672	3630	Distrito Federal, México	009
@eba70	<a href="https://twitter.com/eba70" target="_blank">eba70</a>	17	0	1	1457	1516	42279		007
@EBernatVeri	<a href="https://twitter.com/EBernatVeri" target="_blank">EBernatVeri</a>	5	0	1	136	211	7050	República de Catalunya	007
@EbonyDawnMarsh	<a href="https://twitter.com/EbonyDawnMarsh" target="_blank">EbonyDawnMarsh</a>	17	0	1	2386	3025	77485	Edinburgh, Scotland	007
@ecrispi	<a href="https://twitter.com/ecrispi" target="_blank">ecrispi</a>	3	1	0	346	113	8034	Catalunya	117
@ediar	<a href="https://twitter.com/ediar" target="_blank">ediar</a>	27	0	1	729	1296	137367	Mataró	030
@EduardBiosca	<a href="https://twitter.com/EduardBiosca" target="_blank">EduardBiosca</a>	4	0	1	1649	587	5734	Terrassa, Espanya	014
@eduardcabus	<a href="https://twitter.com/eduardcabus" target="_blank">eduardcabus</a>	4	8	0	14503	5921	82460		024
@eduarddosrius	<a href="https://twitter.com/eduarddosrius" target="_blank">eduarddosrius</a>	1	0	1	205	439	627	Dosrius - Canyamars - El Far	001
@EduardFarinyes	<a href="https://twitter.com/EduardFarinyes" target="_blank">EduardFarinyes</a>	26	0	1	87	112	12872		031
@EduardGatel	<a href="https://twitter.com/EduardGatel" target="_blank">EduardGatel</a>	3	0	1	76	320	2909		027
@EduardLlavallol	<a href="https://twitter.com/EduardLlavallol" target="_blank">EduardLlavallol</a>	5	0	1	924	2317	7757		032
@eduazcarraga	<a href="https://twitter.com/eduazcarraga" target="_blank">eduazcarraga</a>	1	0	1	33	79	2741		024
@educhserra	<a href="https://twitter.com/educhserra" target="_blank">educhserra</a>	2	0	1	199	1004	2686	Girona	007
@edudiaz	<a href="https://twitter.com/edudiaz" target="_blank">edudiaz</a>	73	0	2	508	567	17860		004
@edumax1972	<a href="https://twitter.com/edumax1972" target="_blank">edumax1972</a>	1	0	1	36	79	202		011
@ef90a7f96e624bd	<a href="https://twitter.com/ef90a7f96e624bd" target="_blank">ef90a7f96e624bd</a>	14	0	1	261	256	15019	Roquetes, Catalunya	001
@EGI_gipuzkoa	<a href="https://twitter.com/EGI_gipuzkoa" target="_blank">EGI_gipuzkoa</a>	6	1	0	527	675	1339	GIPUZKOA	108
@ehbildustz	<a href="https://twitter.com/ehbildustz" target="_blank">ehbildustz</a>	0	1	0					106
@eiamir7	<a href="https://twitter.com/eiamir7" target="_blank">eiamir7</a>	4	0	1	394	1380	2705		073
@einbidot	<a href="https://twitter.com/einbidot" target="_blank">einbidot</a>	2	0	1	950	1479	55332	Euskal Herria, askatua	012
@El_Forn	<a href="https://twitter.com/El_Forn" target="_blank">El_Forn</a>	0	7	0					005
@eldelmaleti	<a href="https://twitter.com/eldelmaleti" target="_blank">eldelmaleti</a>	9	0	1	276	727	12034	Catalonia, an European State	007
@elefantibus	<a href="https://twitter.com/elefantibus" target="_blank">elefantibus</a>	4	0	1	314	687	10305		007
@elemarfa2	<a href="https://twitter.com/elemarfa2" target="_blank">elemarfa2</a>	2	0	2	3	38	899		003
@ELEMENTSUBVERS	<a href="https://twitter.com/ELEMENTSUBVERS" target="_blank">ELEMENTSUBVERS</a>	12	0	2	99	373	9523	GIRONA	003
@elena_tralala	<a href="https://twitter.com/elena_tralala" target="_blank">elena_tralala</a>	0	4	0					005
@elenamile	<a href="https://twitter.com/elenamile" target="_blank">elenamile</a>	1	1	0	161	192	1547	arnes	103
@elenamoreno70	<a href="https://twitter.com/elenamoreno70" target="_blank">elenamoreno70</a>	2	1	0	158	291	2541	Terrassa	102
@eliallis	<a href="https://twitter.com/eliallis" target="_blank">eliallis</a>	2	0	1	94	150	8489	barcelona	002
@eliesnova	<a href="https://twitter.com/eliesnova" target="_blank">eliesnova</a>	4	2	0	3577	4756	1070	Llívia, Catalunya	060
@elisabetroch	<a href="https://twitter.com/elisabetroch" target="_blank">elisabetroch</a>	2	1	0	1271	1098	38134	Catalunya, Andorra	020
@ElisendaQ	<a href="https://twitter.com/ElisendaQ" target="_blank">ElisendaQ</a>	1	0	1	137	237	1485	Celrà. Gironès. Catalunya	005
@ellolalola	<a href="https://twitter.com/ellolalola" target="_blank">ellolalola</a>	2	0	1	44	89	1028	Barcelona	178
@Elnomnofalacosa	<a href="https://twitter.com/Elnomnofalacosa" target="_blank">Elnomnofalacosa</a>	8	1	0	532	1112	14672	República Catalana	101
@elregueret	<a href="https://twitter.com/elregueret" target="_blank">elregueret</a>	4	0	1	1610	2880	31309	25320 Anglesola	050
@elsetecel2017	<a href="https://twitter.com/elsetecel2017" target="_blank">elsetecel2017</a>	5	0	1	11	13	338		138
@eltrenas	<a href="https://twitter.com/eltrenas" target="_blank">eltrenas</a>	2	0	1	217	525	1810	la Trinitat Nova, Barcelona	004
@embproyect	<a href="https://twitter.com/embproyect" target="_blank">embproyect</a>	1	2	0	1242	3601	11303	Barcelona	021
@emdicsonia	<a href="https://twitter.com/emdicsonia" target="_blank">emdicsonia</a>	10	0	1	73	254	1713		084
@En_mi_oreja	<a href="https://twitter.com/En_mi_oreja" target="_blank">En_mi_oreja</a>	1	0	1	556	299	35996	08830, fuck	150
@encantats	<a href="https://twitter.com/encantats" target="_blank">encantats</a>	9	0	1	1098	1923	36022		009
@encarnita111	<a href="https://twitter.com/encarnita111" target="_blank">encarnita111</a>	4	0	1	4	151	354		011
@EndavantHG	<a href="https://twitter.com/EndavantHG" target="_blank">EndavantHG</a>	8	0	1	457	450	1654	Horta i Guinardó, Barcelona	144
@endiabad	<a href="https://twitter.com/endiabad" target="_blank">endiabad</a>	0	1	0					100
@ENDIKA59	<a href="https://twitter.com/ENDIKA59" target="_blank">ENDIKA59</a>	54	0	1	3272	4795	153410	Leganes	192
@enjordinavarro	<a href="https://twitter.com/enjordinavarro" target="_blank">enjordinavarro</a>	5	0	1	2695	1045	33699	Girona	005
@Enric_Velasco	<a href="https://twitter.com/Enric_Velasco" target="_blank">Enric_Velasco</a>	13	0	1	113	220	5784		003
@EnricBCNcat	<a href="https://twitter.com/EnricBCNcat" target="_blank">EnricBCNcat</a>	12	0	1	1532	2075	34393	Barcelona	025
@enSergioles	<a href="https://twitter.com/enSergioles" target="_blank">enSergioles</a>	1	13	1	4608	394	19148	República de Catalunya	002
@EnverAzMe	<a href="https://twitter.com/EnverAzMe" target="_blank">EnverAzMe</a>	5	17	0	1447	1288	9098	Vilanova i la Geltrú	008
@ERC_Treball	<a href="https://twitter.com/ERC_Treball" target="_blank">ERC_Treball</a>	0	1	0					122
@ercbaixpenedes	<a href="https://twitter.com/ercbaixpenedes" target="_blank">ercbaixpenedes</a>	1	0	1	163	185	851		122
@ErcCunit	<a href="https://twitter.com/ErcCunit" target="_blank">ErcCunit</a>	2	0	1	601	319	5304	Cunit	017
@ercmataro	<a href="https://twitter.com/ercmataro" target="_blank">ercmataro</a>	8	7	0	2704	2552	14847	Mataró	031
@ERCOlot	<a href="https://twitter.com/ERCOlot" target="_blank">ERCOlot</a>	0	4	0					020
@ERCOsona	<a href="https://twitter.com/ERCOsona" target="_blank">ERCOsona</a>	31	4	0	1281	566	9679	Osona, Països Catalans	039
@ERCsindical	<a href="https://twitter.com/ERCsindical" target="_blank">ERCsindical</a>	6	1	0	327	107	3087	Barcelona, Catalunya	091
@ERCVic	<a href="https://twitter.com/ERCVic" target="_blank">ERCVic</a>	1	1	0	1868	831	7008	Vic, Osona, Catalunya	090
@ERCVilafranca	<a href="https://twitter.com/ERCVilafranca" target="_blank">ERCVilafranca</a>	3	3	1	1089	739	3523	Vilafranca del Penedès	017
@ericgomezperez	<a href="https://twitter.com/ericgomezperez" target="_blank">ericgomezperez</a>	1	0	1	1656	1113	4190	Sant Cugat, Països Catalans	034
@ErikaFerrate	<a href="https://twitter.com/ErikaFerrate" target="_blank">ErikaFerrate</a>	2	0	1	190	139	883	Sant Carles de la Ràpita	054
@erserrallonga	<a href="https://twitter.com/erserrallonga" target="_blank">erserrallonga</a>	4	0	1	164	491	4231	Moulinsart	029
@escaldats	<a href="https://twitter.com/escaldats" target="_blank">escaldats</a>	1	0	1	2455	460	2844	Caldes de Montbui	059
@Escorpi53	<a href="https://twitter.com/Escorpi53" target="_blank">Escorpi53</a>	1	0	1	11	20	27		011
@escudellat	<a href="https://twitter.com/escudellat" target="_blank">escudellat</a>	1	1	0	16399	2550	52359	mai sé on sóc.	088
@escuraxemeneies	<a href="https://twitter.com/escuraxemeneies" target="_blank">escuraxemeneies</a>	5	0	1	1157	637	59064	Nou Barris, Països Valencians	193
@espaispelsomnis	<a href="https://twitter.com/espaispelsomnis" target="_blank">espaispelsomnis</a>	8	0	1	1924	1506	4664	Igualada	028
@Espellum1956	<a href="https://twitter.com/Espellum1956" target="_blank">Espellum1956</a>	3	0	1	5	22	270		009
@Espera1000	<a href="https://twitter.com/Espera1000" target="_blank">Espera1000</a>	38	0	2	736	838	70117	Sant Cugat -Catalonia-	006
@EsperitLLiure_	<a href="https://twitter.com/EsperitLLiure_" target="_blank">EsperitLLiure_</a>	4	0	1	503	701	24126	Catalunya, UE	007
@espurnaajib	<a href="https://twitter.com/espurnaajib" target="_blank">espurnaajib</a>	2	0	1	925	1541	4421	Badalona | Països Catalans	022
@esquerratgn	<a href="https://twitter.com/esquerratgn" target="_blank">esquerratgn</a>	1	1	0	1791	779	5793	Tarragona	087
@esquerratortosa	<a href="https://twitter.com/esquerratortosa" target="_blank">esquerratortosa</a>	4	3	0	980	607	3040	Tortosa	052
@Esquitx17	<a href="https://twitter.com/Esquitx17" target="_blank">Esquitx17</a>	43	0	1	3225	3159	181256	Vilanna, Girona, Catalunya	007
@estanislaufons	<a href="https://twitter.com/estanislaufons" target="_blank">estanislaufons</a>	9	0	1	646	722	45157	Lleida, Països Catalans	018
@estelada58	<a href="https://twitter.com/estelada58" target="_blank">estelada58</a>	7	3	0	3645	3100	20238	Tàrrega-Barcelona-Catalunya	050
@estevecamps	<a href="https://twitter.com/estevecamps" target="_blank">estevecamps</a>	4	0	1	1493	1026	14688	#Osona #Vilatorta	069
@estibadors_cat	<a href="https://twitter.com/estibadors_cat" target="_blank">estibadors_cat</a>	2	1	0	835	173	951		084
@EstorachOtilia	<a href="https://twitter.com/EstorachOtilia" target="_blank">EstorachOtilia</a>	58	0	1	36	252	10394		028
@etassies	<a href="https://twitter.com/etassies" target="_blank">etassies</a>	0	26	0					006
@etiennetintin	<a href="https://twitter.com/etiennetintin" target="_blank">etiennetintin</a>	2	0	2	79	210	7867	Paris Valencia La Rochelle	019
@Eugenia_Revilla	<a href="https://twitter.com/Eugenia_Revilla" target="_blank">Eugenia_Revilla</a>	4	0	1	110	303	1683	Catalunya	011
@EugeniMas	<a href="https://twitter.com/EugeniMas" target="_blank">EugeniMas</a>	25	0	2	198	543	29101		004
@euia_salt	<a href="https://twitter.com/euia_salt" target="_blank">euia_salt</a>	3	0	1	560	412	6191	Salt #RepúblicaCatalana	023
@euroeuropa	<a href="https://twitter.com/euroeuropa" target="_blank">euroeuropa</a>	11	3	0	8737	7456	188801	1949DONEC PERFICIAM RepúbliCAT	004
@EuroscepticBCN	<a href="https://twitter.com/EuroscepticBCN" target="_blank">EuroscepticBCN</a>	9	0	1	619	886	38266		007
@Eva_S_M	<a href="https://twitter.com/Eva_S_M" target="_blank">Eva_S_M</a>	1	0	1	62	90	1155	Sabadell, Catalunya	007
@EvaGallardoMans	<a href="https://twitter.com/EvaGallardoMans" target="_blank">EvaGallardoMans</a>	3	0	1	114	416	2408		011
@evavilaarrib	<a href="https://twitter.com/evavilaarrib" target="_blank">evavilaarrib</a>	1	0	1	31	173	37		099
@evsabe	<a href="https://twitter.com/evsabe" target="_blank">evsabe</a>	1	0	1	3	31	207		163
@eyeclipse	<a href="https://twitter.com/eyeclipse" target="_blank">eyeclipse</a>	7	0	1	638	558	15542	Barcelona	061
@Eztabaida	<a href="https://twitter.com/Eztabaida" target="_blank">Eztabaida</a>	8	0	1	55	207	4592	el Raval	027
@FanaletFernando	<a href="https://twitter.com/FanaletFernando" target="_blank">FanaletFernando</a>	20	0	1	2050	1563	90828	Terrassa, Catalunya	009
@Farenheit_451_	<a href="https://twitter.com/Farenheit_451_" target="_blank">Farenheit_451_</a>	10	0	1	419	980	30040		001
@fblai	<a href="https://twitter.com/fblai" target="_blank">fblai</a>	2	0	1	457	878	16996	Cambrils	007
@fcarles58	<a href="https://twitter.com/fcarles58" target="_blank">fcarles58</a>	20	0	3	42	110	2955	TARRAGONA	009
@fcescboria	<a href="https://twitter.com/fcescboria" target="_blank">fcescboria</a>	1	0	1	369	415	2860	Igualada (Catalunya)	028
@fcesccruanyes	<a href="https://twitter.com/fcesccruanyes" target="_blank">fcesccruanyes</a>	0	1	0					023
@FerAriasBaile	<a href="https://twitter.com/FerAriasBaile" target="_blank">FerAriasBaile</a>	1	0	1	391	736	3872	Tarragona	057
@fergarcat	<a href="https://twitter.com/fergarcat" target="_blank">fergarcat</a>	1	0	1	250	825	5591	Barcelona	001
@fermisantamaria	<a href="https://twitter.com/fermisantamaria" target="_blank">fermisantamaria</a>	1	0	1	2793	1910	9482	Llagostera	077
@fermota10	<a href="https://twitter.com/fermota10" target="_blank">fermota10</a>	3	0	1	192	383	1458		005
@Ferran_booking	<a href="https://twitter.com/Ferran_booking" target="_blank">Ferran_booking</a>	1	0	1	3129	2174	7000	✅ pmi	001
@ferrancobo	<a href="https://twitter.com/ferrancobo" target="_blank">ferrancobo</a>	3	0	1	890	406	49471	Sant Boi (Països Catalans)	011
@ferranmargineda	<a href="https://twitter.com/ferranmargineda" target="_blank">ferranmargineda</a>	1	0	1	242	522	2991	P.P.C.C.	030
@ferrannb	<a href="https://twitter.com/ferrannb" target="_blank">ferrannb</a>	1	0	1	72	210	1094	L'ametlla del Vallès	002
@ferranrmdeusbcn	<a href="https://twitter.com/ferranrmdeusbcn" target="_blank">ferranrmdeusbcn</a>	8	0	2	490	807	39706	Catalunya	027
@ferranvalls	<a href="https://twitter.com/ferranvalls" target="_blank">ferranvalls</a>	4	1	0	2759	4523	6655	República Catalana, Catalunya	126
@Feruizca	<a href="https://twitter.com/Feruizca" target="_blank">Feruizca</a>	1	0	1	511	1469	2830	Barcelona & Brussels	007
@florencicosb	<a href="https://twitter.com/florencicosb" target="_blank">florencicosb</a>	26	0	2	282	361	41947	Olot	013
@FlorsPericon	<a href="https://twitter.com/FlorsPericon" target="_blank">FlorsPericon</a>	1	0	1	188	378	368		132
@ForndeNulles	<a href="https://twitter.com/ForndeNulles" target="_blank">ForndeNulles</a>	3	0	1	140	80	859	Nulles	110
@ForsLluis	<a href="https://twitter.com/ForsLluis" target="_blank">ForsLluis</a>	5	0	1	111	92	2015	República Catalana, PPCC	026
@fra1malo	<a href="https://twitter.com/fra1malo" target="_blank">fra1malo</a>	19	2	1	1274	801	47035	República Catalana	023
@francescabad	<a href="https://twitter.com/francescabad" target="_blank">francescabad</a>	13	0	2	7523	1606	79194	Barcelona	007
@FrancescBarrer1	<a href="https://twitter.com/FrancescBarrer1" target="_blank">FrancescBarrer1</a>	1	0	1	6	45	11		001
@francescgrane	<a href="https://twitter.com/francescgrane" target="_blank">francescgrane</a>	4	0	1	88	137	1125		007
@francescms	<a href="https://twitter.com/francescms" target="_blank">francescms</a>	5	0	2	1811	497	77943		023
@Francis42448047	<a href="https://twitter.com/Francis42448047" target="_blank">Francis42448047</a>	3	0	1	52	421	3643		015
@Franciscugarcia	<a href="https://twitter.com/Franciscugarcia" target="_blank">Franciscugarcia</a>	2	0	1	9178	8176	33290	Barcelona (Catalunya)	007
@franzmart7	<a href="https://twitter.com/franzmart7" target="_blank">franzmart7</a>	2	0	1	152	184	6721		008
@FrBellmunt	<a href="https://twitter.com/FrBellmunt" target="_blank">FrBellmunt</a>	6	0	1	2618	2567	32445		007
@fredforcat	<a href="https://twitter.com/fredforcat" target="_blank">fredforcat</a>	1	0	1	65601	19911	942	Catalunya	001
@freed4Catalonia	<a href="https://twitter.com/freed4Catalonia" target="_blank">freed4Catalonia</a>	82	0	1	11809	6013	108489	Barcelona	001
@freedom20141	<a href="https://twitter.com/freedom20141" target="_blank">freedom20141</a>	3	0	1	1817	2085	13316	Barcelona	008
@FrentePop	<a href="https://twitter.com/FrentePop" target="_blank">FrentePop</a>	4	0	1	3937	3108	28745	Melilla	066
@fsparra	<a href="https://twitter.com/fsparra" target="_blank">fsparra</a>	18	0	2	121	392	10948	Barcelona,  Catalonia	002
@furbyus	<a href="https://twitter.com/furbyus" target="_blank">furbyus</a>	0	1	0					188
@furious_docker	<a href="https://twitter.com/furious_docker" target="_blank">furious_docker</a>	2	0	1	50	75	477	Barcelona, Cataluña	042
@futbolJVS	<a href="https://twitter.com/futbolJVS" target="_blank">futbolJVS</a>	2	0	1	530	2180	13480	Catalunya	009
@g_quintana_j	<a href="https://twitter.com/g_quintana_j" target="_blank">g_quintana_j</a>	6	0	1	15	46	884		002
@gabriarjona	<a href="https://twitter.com/gabriarjona" target="_blank">gabriarjona</a>	1	0	1	507	1099	3406	Andorre-la-Vieille, Andorre	119
@gaelrocksone	<a href="https://twitter.com/gaelrocksone" target="_blank">gaelrocksone</a>	0	1	0					190
@galceranrosa	<a href="https://twitter.com/galceranrosa" target="_blank">galceranrosa</a>	11	0	1	220	765	8460		030
@ganyet	<a href="https://twitter.com/ganyet" target="_blank">ganyet</a>	7	0	1	25728	1771	97571	Barcelona, Catalonia	007
@gaquer70	<a href="https://twitter.com/gaquer70" target="_blank">gaquer70</a>	1	0	1	1222	2105	27337	Barcelona	001
@GarciaBelma	<a href="https://twitter.com/GarciaBelma" target="_blank">GarciaBelma</a>	1	0	1	85	153	346	Barcelona	001
@gardanuy_bcn	<a href="https://twitter.com/gardanuy_bcn" target="_blank">gardanuy_bcn</a>	3	0	1	1888	725	6113	Barcelona	041
@GarrellMarc	<a href="https://twitter.com/GarrellMarc" target="_blank">GarrellMarc</a>	13	0	1	533	527	21941	Granolles	126
@GasparVenturaM	<a href="https://twitter.com/GasparVenturaM" target="_blank">GasparVenturaM</a>	1	0	1	829	775	10149	Manresa	009
@gat_estelat	<a href="https://twitter.com/gat_estelat" target="_blank">gat_estelat</a>	3	0	1	297	269	10795	#EndavantRepública	051
@Gata_maula	<a href="https://twitter.com/Gata_maula" target="_blank">Gata_maula</a>	8	0	1	1681	946	57996	Sant Andreu. BARCELONA	088
@GatMandros	<a href="https://twitter.com/GatMandros" target="_blank">GatMandros</a>	2	0	1	62	154	1825		051
@gcodqui	<a href="https://twitter.com/gcodqui" target="_blank">gcodqui</a>	32	0	2	530	1292	19325	Barcelona,Catalunya	008
@GED_Zuia	<a href="https://twitter.com/GED_Zuia" target="_blank">GED_Zuia</a>	1	0	1	44	96	146	Zuia	182
@GeltyDrake	<a href="https://twitter.com/GeltyDrake" target="_blank">GeltyDrake</a>	1	0	1	824	782	19607	Overthere	001
@gemcaballol	<a href="https://twitter.com/gemcaballol" target="_blank">gemcaballol</a>	27	0	1	208	455	4643		009
@Gemmarex	<a href="https://twitter.com/Gemmarex" target="_blank">Gemmarex</a>	1	1	0	36	58	341	Catalunya	187
@gemquim	<a href="https://twitter.com/gemquim" target="_blank">gemquim</a>	20	5	0	4141	4080	91648	Barcelona, Catalunya	003
@gemsfree12	<a href="https://twitter.com/gemsfree12" target="_blank">gemsfree12</a>	1	0	1	5	19	190		001
@GeneralMorague2	<a href="https://twitter.com/GeneralMorague2" target="_blank">GeneralMorague2</a>	26	0	1	228	292	29167	Catalunya, Espanya	002
@gentdelhospi	<a href="https://twitter.com/gentdelhospi" target="_blank">gentdelhospi</a>	10	1	0	1022	699	978	L'Hospitalet de Llobregat	185
@gerard_forcada	<a href="https://twitter.com/gerard_forcada" target="_blank">gerard_forcada</a>	2	0	1	25	68	156	Barcelona, España	011
@gerard_GL_	<a href="https://twitter.com/gerard_GL_" target="_blank">gerard_GL_</a>	13	0	1	190	649	3077	Barcelona	007
@GerardEncuentra	<a href="https://twitter.com/GerardEncuentra" target="_blank">GerardEncuentra</a>	2	0	1	519	831	2261	Lleida	057
@GerardGarriga	<a href="https://twitter.com/GerardGarriga" target="_blank">GerardGarriga</a>	5	0	1	336	731	10453	Les Planes d'Hostoles	001
@gerardpla	<a href="https://twitter.com/gerardpla" target="_blank">gerardpla</a>	3	0	1	417	1058	3842	Països Catalans	027
@gerardvilardell	<a href="https://twitter.com/gerardvilardell" target="_blank">gerardvilardell</a>	8	0	2	130	120	11228	el Poblenou	002
@gerihamjoan	<a href="https://twitter.com/gerihamjoan" target="_blank">gerihamjoan</a>	1	0	1	63	300	276	Sant Cugat del Vallès, Cataluña	001
@GerVedder	<a href="https://twitter.com/GerVedder" target="_blank">GerVedder</a>	1	0	1	367	2380	5671	Història. Cultura. Cinema.	007
@GinaCahis	<a href="https://twitter.com/GinaCahis" target="_blank">GinaCahis</a>	1	0	1	127	240	370		034
@ginaiasta	<a href="https://twitter.com/ginaiasta" target="_blank">ginaiasta</a>	1	0	1	95	169	189		164
@giner_joan	<a href="https://twitter.com/giner_joan" target="_blank">giner_joan</a>	7	0	1	5819	1062	7171	Cornellà de Llobregat	008
@Ginju3	<a href="https://twitter.com/Ginju3" target="_blank">Ginju3</a>	20	0	1	248	389	60787		002
@gio_callejeru	<a href="https://twitter.com/gio_callejeru" target="_blank">gio_callejeru</a>	3	0	1	719	1047	2145	Mataró	011
@GiselaVilalta	<a href="https://twitter.com/GiselaVilalta" target="_blank">GiselaVilalta</a>	1	0	1	62	103	864		011
@gkpunt	<a href="https://twitter.com/gkpunt" target="_blank">gkpunt</a>	2	0	1	233	361	6498		007
@glaragim	<a href="https://twitter.com/glaragim" target="_blank">glaragim</a>	2	0	1	77	290	1052		006
@glofc	<a href="https://twitter.com/glofc" target="_blank">glofc</a>	0	2	0					059
@gloria_gloriae	<a href="https://twitter.com/gloria_gloriae" target="_blank">gloria_gloriae</a>	5	0	1	225	560	3531	Catalunya	007
@GloriaGlo90	<a href="https://twitter.com/GloriaGlo90" target="_blank">GloriaGlo90</a>	1	0	1	1412	1587	15460	Igualada	070
@Gnomo92	<a href="https://twitter.com/Gnomo92" target="_blank">Gnomo92</a>	2	0	1	103	209	6244		006
@godallxsi	<a href="https://twitter.com/godallxsi" target="_blank">godallxsi</a>	1	0	1	36	279	365	Godall, Catalunya	080
@gorka_7	<a href="https://twitter.com/gorka_7" target="_blank">gorka_7</a>	2	0	1	117	520	1593		106
@Govipu	<a href="https://twitter.com/Govipu" target="_blank">Govipu</a>	24	0	1	673	2791	35625	Regnum Aragoniae,  U.E.	005
@graccus	<a href="https://twitter.com/graccus" target="_blank">graccus</a>	1	0	1	643	604	16868	Catalonia	007
@grangutis	<a href="https://twitter.com/grangutis" target="_blank">grangutis</a>	2	0	1	169	593	1528	Catalunya	004
@guardiesurbans	<a href="https://twitter.com/guardiesurbans" target="_blank">guardiesurbans</a>	8	0	1	3499	996	27053	Catalunya,	011
@guelorojas	<a href="https://twitter.com/guelorojas" target="_blank">guelorojas</a>	1	0	1	297	338	27657	Chile	003
@guguseti	<a href="https://twitter.com/guguseti" target="_blank">guguseti</a>	1	0	1	1787	2128	99681	barcelona, Catalunya	001
@guifre2053	<a href="https://twitter.com/guifre2053" target="_blank">guifre2053</a>	67	0	1	964	1407	169567	Sabadell, Vallès, Catalunya	039
@GuiliamGualas	<a href="https://twitter.com/GuiliamGualas" target="_blank">GuiliamGualas</a>	6	1	0	4386	2264	23768	Catalunya nou estat d'Europa	186
@Guillem_Matute	<a href="https://twitter.com/Guillem_Matute" target="_blank">Guillem_Matute</a>	4	0	1	145	402	11476	Roma - Barcelona	003
@Guillemcasaq	<a href="https://twitter.com/Guillemcasaq" target="_blank">Guillemcasaq</a>	1	0	1	64	119	1312	Vic	002
@GuillemMitja	<a href="https://twitter.com/GuillemMitja" target="_blank">GuillemMitja</a>	3	0	1	287	340	7049	Barcelona - Catalunya	001
@GuillemTerren	<a href="https://twitter.com/GuillemTerren" target="_blank">GuillemTerren</a>	0	1	0					178
@Guineverebcn	<a href="https://twitter.com/Guineverebcn" target="_blank">Guineverebcn</a>	1	0	1	97	299	1036		007
@GureEskuErandio	<a href="https://twitter.com/GureEskuErandio" target="_blank">GureEskuErandio</a>	2	1	0	187	63	468		182
@GVallespi	<a href="https://twitter.com/GVallespi" target="_blank">GVallespi</a>	4	0	1	115	76	8256		001
@GwynSionIfan	<a href="https://twitter.com/GwynSionIfan" target="_blank">GwynSionIfan</a>	3	0	1	656	909	934		001
@hannahbcn1	<a href="https://twitter.com/hannahbcn1" target="_blank">hannahbcn1</a>	29	0	2	2666	2968	118923	Barcelona, Catalunya	025
@Hartmannmora	<a href="https://twitter.com/Hartmannmora" target="_blank">Hartmannmora</a>	4	0	1	2242	2087	45526	Catalunya central	007
@HectorClaramun1	<a href="https://twitter.com/HectorClaramun1" target="_blank">HectorClaramun1</a>	2	0	1	1058	205	2148		007
@heitus	<a href="https://twitter.com/heitus" target="_blank">heitus</a>	7	0	1	162	539	10031	Barcelona	007
@helteo73	<a href="https://twitter.com/helteo73" target="_blank">helteo73</a>	49	0	2	1137	4569	30189	Barcelona	008
@HeriCunill	<a href="https://twitter.com/HeriCunill" target="_blank">HeriCunill</a>	1	0	1	18	27	131		001
@Hermenigilda2	<a href="https://twitter.com/Hermenigilda2" target="_blank">Hermenigilda2</a>	1	0	1	29	169	360	Ivars d'Urgell, Catalunya	001
@hfontcall	<a href="https://twitter.com/hfontcall" target="_blank">hfontcall</a>	23	0	4	102	156	23884		007
@hillmonica15	<a href="https://twitter.com/hillmonica15" target="_blank">hillmonica15</a>	1	0	1	538	700	1943		017
@Hiro_cat	<a href="https://twitter.com/Hiro_cat" target="_blank">Hiro_cat</a>	3	0	1	82	165	913	catalonia	011
@hjgdp	<a href="https://twitter.com/hjgdp" target="_blank">hjgdp</a>	9	4	0	620	1635	11565	les Corts, Barcelona	037
@homaranya	<a href="https://twitter.com/homaranya" target="_blank">homaranya</a>	10	0	1	489	1607	42477		007
@HuecasRosa	<a href="https://twitter.com/HuecasRosa" target="_blank">HuecasRosa</a>	1	0	1	6	80	123		004
@HugoBear5	<a href="https://twitter.com/HugoBear5" target="_blank">HugoBear5</a>	1	0	1	46	114	2343		007
@HydHalst	<a href="https://twitter.com/HydHalst" target="_blank">HydHalst</a>	1	0	1	58	91	19303	Catalunya	002
@iaia_lurdes	<a href="https://twitter.com/iaia_lurdes" target="_blank">iaia_lurdes</a>	3	0	1	89	332	6245		002
@ibergada	<a href="https://twitter.com/ibergada" target="_blank">ibergada</a>	9	0	1	96	152	2296	Barcelona, Catalunya	013
@ICONNA1	<a href="https://twitter.com/ICONNA1" target="_blank">ICONNA1</a>	9	0	2	2367	2397	16028		005
@ifresnillo	<a href="https://twitter.com/ifresnillo" target="_blank">ifresnillo</a>	2	1	0	5336	2879	28383	Barcelona	177
@IGNASICH	<a href="https://twitter.com/IGNASICH" target="_blank">IGNASICH</a>	3	0	1	225	793	18365	badalona	007
@imizquier	<a href="https://twitter.com/imizquier" target="_blank">imizquier</a>	2	0	1	61	105	1864		001
@immamunoz_On	<a href="https://twitter.com/immamunoz_On" target="_blank">immamunoz_On</a>	1	0	1	988	1642	9964		004
@IMPLICATBCN	<a href="https://twitter.com/IMPLICATBCN" target="_blank">IMPLICATBCN</a>	3	0	1	1177	193	57626	Barcelona, Catalunya	007
@InakiLlopart	<a href="https://twitter.com/InakiLlopart" target="_blank">InakiLlopart</a>	9	0	1	367	483	5540		007
@indepesCCOO	<a href="https://twitter.com/indepesCCOO" target="_blank">indepesCCOO</a>	11	4	0	1169	247	5056	Catalunya	007
@indignindigente	<a href="https://twitter.com/indignindigente" target="_blank">indignindigente</a>	50	0	1	11606	9046	372989	Montseny Barcelona	007
@institutteatre	<a href="https://twitter.com/institutteatre" target="_blank">institutteatre</a>	0	3	0					049
@Integralyoya	<a href="https://twitter.com/Integralyoya" target="_blank">Integralyoya</a>	1	0	1	784	620	6224		002
@IosuBazkezRibas	<a href="https://twitter.com/IosuBazkezRibas" target="_blank">IosuBazkezRibas</a>	5	0	1	544	526	22836	Basauri, Euzkadi.	108
@isaakovich	<a href="https://twitter.com/isaakovich" target="_blank">isaakovich</a>	1	0	1	129	518	8610	Tarragona, Reus i Alacant	007
@isabelisern	<a href="https://twitter.com/isabelisern" target="_blank">isabelisern</a>	3	0	1	107	390	539	igualada bcn	028
@IsabelPrezVale2	<a href="https://twitter.com/IsabelPrezVale2" target="_blank">IsabelPrezVale2</a>	7	0	1	54	36	4022		003
@isabelzapataalv	<a href="https://twitter.com/isabelzapataalv" target="_blank">isabelzapataalv</a>	5	0	1	151	189	4095	IDC-SALUT	007
@isarferrer11	<a href="https://twitter.com/isarferrer11" target="_blank">isarferrer11</a>	1	0	1	21	109	588	Moià, España	001
@IsThisAB0t	<a href="https://twitter.com/IsThisAB0t" target="_blank">IsThisAB0t</a>	61	0	1	2460	1272	415431	Scotland, United Kingdom	116
@IvanBatlle1973	<a href="https://twitter.com/IvanBatlle1973" target="_blank">IvanBatlle1973</a>	3	0	1	103	52	11802	L'Arboç (Tarragona)	002
@IvanExpsito	<a href="https://twitter.com/IvanExpsito" target="_blank">IvanExpsito</a>	1	0	1	197	135	5151		043
@Ivanote	<a href="https://twitter.com/Ivanote" target="_blank">Ivanote</a>	1	0	1	640	545	5051	Països Catalans	005
@iyouwe007	<a href="https://twitter.com/iyouwe007" target="_blank">iyouwe007</a>	5	2	1	883	2493	7732		015
@izzardhill	<a href="https://twitter.com/izzardhill" target="_blank">izzardhill</a>	1	0	1	140	244	12196		015
@J_de_Jordi	<a href="https://twitter.com/J_de_Jordi" target="_blank">J_de_Jordi</a>	1	1	0	42	320	661	Ganxet city	021
@Jabbastation	<a href="https://twitter.com/Jabbastation" target="_blank">Jabbastation</a>	29	0	1	598	283	146254	Catalunya	002
@Jacme	<a href="https://twitter.com/Jacme" target="_blank">Jacme</a>	1	11	0	401	372	3706	La Cala	009
@jafocu	<a href="https://twitter.com/jafocu" target="_blank">jafocu</a>	3	0	1	219	504	4145	Caldes de Montbui	011
@jaipcat	<a href="https://twitter.com/jaipcat" target="_blank">jaipcat</a>	3	5	0	6178	5478	13374	Vilafranca - Països Catalans	017
@JamesMartin77	<a href="https://twitter.com/JamesMartin77" target="_blank">JamesMartin77</a>	13	0	6	74	176	1723		010
@JamesMcDohl	<a href="https://twitter.com/JamesMcDohl" target="_blank">JamesMcDohl</a>	1	0	1	1186	924	12925	Barcelona, España	046
@JanEspasa	<a href="https://twitter.com/JanEspasa" target="_blank">JanEspasa</a>	1	0	1	92	180	2673		002
@JanetNolla	<a href="https://twitter.com/JanetNolla" target="_blank">JanetNolla</a>	14	0	1	117	76	12699		003
@jara_toni	<a href="https://twitter.com/jara_toni" target="_blank">jara_toni</a>	14	0	1	859	2250	56969		101
@jaumebn	<a href="https://twitter.com/jaumebn" target="_blank">jaumebn</a>	2	0	1	132	425	718	Barcelona	011
@jaumejfm	<a href="https://twitter.com/jaumejfm" target="_blank">jaumejfm</a>	20	0	1	2860	2890	42764		032
@jaumemarva	<a href="https://twitter.com/jaumemarva" target="_blank">jaumemarva</a>	2	1	0	1111	1337	12914	Balaguer, Catalonia	174
@jaumemassons	<a href="https://twitter.com/jaumemassons" target="_blank">jaumemassons</a>	5	0	1	195	340	1983	Barcelona	007
@jaumemitjans	<a href="https://twitter.com/jaumemitjans" target="_blank">jaumemitjans</a>	2	0	1	111	100	8976	Vilafranca del Penedès	007
@JaumeNorberto	<a href="https://twitter.com/JaumeNorberto" target="_blank">JaumeNorberto</a>	6	0	1	599	1478	5744	Vic	002
@jaumeramonsole	<a href="https://twitter.com/jaumeramonsole" target="_blank">jaumeramonsole</a>	24	0	1	2300	4998	23183	Tàrrega	050
@jaumesol	<a href="https://twitter.com/jaumesol" target="_blank">jaumesol</a>	31	0	1	690	324	76126	Vidreres (Girona) Spain	038
@Javi_Quique_OK	<a href="https://twitter.com/Javi_Quique_OK" target="_blank">Javi_Quique_OK</a>	34	0	1	26859	19052	400612	Galdo, España	027
@Javi13_JL	<a href="https://twitter.com/Javi13_JL" target="_blank">Javi13_JL</a>	1	0	1	38	175	474	Lloret de mar	135
@JavierCabrera36	<a href="https://twitter.com/JavierCabrera36" target="_blank">JavierCabrera36</a>	0	14	0					078
@JavierOtegaVa4	<a href="https://twitter.com/JavierOtegaVa4" target="_blank">JavierOtegaVa4</a>	2	0	1	777	1186	26593	Asturies Dixebra.Dinamitera	045
@javiguber	<a href="https://twitter.com/javiguber" target="_blank">javiguber</a>	3	0	1	49	160	637	United Kingdom	042
@jbascu53	<a href="https://twitter.com/jbascu53" target="_blank">jbascu53</a>	17	0	1	2385	3345	97884		040
@jbb2969	<a href="https://twitter.com/jbb2969" target="_blank">jbb2969</a>	2	0	1	23	114	1299		001
@jc_garba	<a href="https://twitter.com/jc_garba" target="_blank">jc_garba</a>	26	0	1	123	322	6753		009
@jcc_cat	<a href="https://twitter.com/jcc_cat" target="_blank">jcc_cat</a>	3	2	0	3636	2627	5651	Catalunya	071
@JCCinca	<a href="https://twitter.com/JCCinca" target="_blank">JCCinca</a>	1	0	1	84	144	2159	Manresa	007
@jdbofarull	<a href="https://twitter.com/jdbofarull" target="_blank">jdbofarull</a>	2	0	1	1306	1297	3085		009
@jdmnch	<a href="https://twitter.com/jdmnch" target="_blank">jdmnch</a>	2	0	1	198	382	4660	En un futur estat propi lı☆ıl‏	063
@jercstcugat	<a href="https://twitter.com/jercstcugat" target="_blank">jercstcugat</a>	6	7	1	1082	757	2683	Sant Cugat, Països Catalans	034
@jerctrs	<a href="https://twitter.com/jerctrs" target="_blank">jerctrs</a>	0	4	0					043
@Jeslopez60	<a href="https://twitter.com/Jeslopez60" target="_blank">Jeslopez60</a>	2	0	1	13	62	1675		142
@jessmoreno1973	<a href="https://twitter.com/jessmoreno1973" target="_blank">jessmoreno1973</a>	2	0	1	202	583	7967		001
@JEstellers	<a href="https://twitter.com/JEstellers" target="_blank">JEstellers</a>	1	0	1	54	74	406	Tordera	127
@jesusbp86	<a href="https://twitter.com/jesusbp86" target="_blank">jesusbp86</a>	2	0	1	173	82	268	Barcelona	007
@JesusCerdan77	<a href="https://twitter.com/JesusCerdan77" target="_blank">JesusCerdan77</a>	2	0	1	225	192	55720	Barcelona	018
@jesuset58	<a href="https://twitter.com/jesuset58" target="_blank">jesuset58</a>	6	0	1	2679	2601	32700	I am Catalan	004
@jesusgellida	<a href="https://twitter.com/jesusgellida" target="_blank">jesusgellida</a>	5	0	1	1311	2813	6343	Camp de Tarragona	008
@jgarciavalls	<a href="https://twitter.com/jgarciavalls" target="_blank">jgarciavalls</a>	6	0	1	421	924	4172	Valls	081
@JJbraso	<a href="https://twitter.com/JJbraso" target="_blank">JJbraso</a>	11	0	1	205	456	22036		007
@jjmontillabcn	<a href="https://twitter.com/jjmontillabcn" target="_blank">jjmontillabcn</a>	15	1	1	44	110	2178	Barcelona	198
@jmaltayo	<a href="https://twitter.com/jmaltayo" target="_blank">jmaltayo</a>	19	0	1	145	841	13412	Barcelona. Catalunya.	002
@Jmasdomi	<a href="https://twitter.com/Jmasdomi" target="_blank">Jmasdomi</a>	13	0	1	476	1284	17107	Catalunya, Països Catalans	014
@jmballesteros88	<a href="https://twitter.com/jmballesteros88" target="_blank">jmballesteros88</a>	1	0	1	10	25	96	España	001
@jmbruserra	<a href="https://twitter.com/jmbruserra" target="_blank">jmbruserra</a>	12	0	1	206	206	22561	Reus, Catalunya	007
@jmcaballero58	<a href="https://twitter.com/jmcaballero58" target="_blank">jmcaballero58</a>	15	0	1	592	488	53898		011
@jmescoda	<a href="https://twitter.com/jmescoda" target="_blank">jmescoda</a>	6	0	1	4846	4116	111759	Sóc a la Milky Way	009
@jmontanalleset	<a href="https://twitter.com/jmontanalleset" target="_blank">jmontanalleset</a>	2	0	1	362	774	1136	Pallars Sobirà	009
@jmperez6	<a href="https://twitter.com/jmperez6" target="_blank">jmperez6</a>	1	0	1	536	594	3953	Badalona	004
@JMTibau	<a href="https://twitter.com/JMTibau" target="_blank">JMTibau</a>	2	120	0	3232	2866	8920	Tortosa/Cornudella. Catalunya	001
@jmvergesprat	<a href="https://twitter.com/jmvergesprat" target="_blank">jmvergesprat</a>	15	0	1	1815	1183	193077	Igualada	007
@jmvidalillanes	<a href="https://twitter.com/jmvidalillanes" target="_blank">jmvidalillanes</a>	46	0	1	6107	1886	85501	Illes Balears (Mediterrània)	011
@JNCatalunya	<a href="https://twitter.com/JNCatalunya" target="_blank">JNCatalunya</a>	1	1	0	8685	2591	8876		137
@JNCPenedes	<a href="https://twitter.com/JNCPenedes" target="_blank">JNCPenedes</a>	4	0	1	160	218	271		137
@Jo__llll	<a href="https://twitter.com/Jo__llll" target="_blank">Jo__llll</a>	5	0	1	61	287	2328	Catalunya	002
@joakimVivas	<a href="https://twitter.com/joakimVivas" target="_blank">joakimVivas</a>	2	2	0	2807	3971	22375	Sant Cugat del Vallès, Spain	015
@Joan_A_Cuadrat	<a href="https://twitter.com/Joan_A_Cuadrat" target="_blank">Joan_A_Cuadrat</a>	0	3	0					057
@joan_abs	<a href="https://twitter.com/joan_abs" target="_blank">joan_abs</a>	17	1	1	1491	1597	47038	Catalunya	199
@Joan_Panades	<a href="https://twitter.com/Joan_Panades" target="_blank">Joan_Panades</a>	1	0	1	30	89	354		129
@joan_pujolas	<a href="https://twitter.com/joan_pujolas" target="_blank">joan_pujolas</a>	5	0	1	740	778	6689	Països Catalans	005
@joan_vepu	<a href="https://twitter.com/joan_vepu" target="_blank">joan_vepu</a>	1	0	1	20	40	468	Taradell, Espanya	002
@JoanBadia2	<a href="https://twitter.com/JoanBadia2" target="_blank">JoanBadia2</a>	1	0	1	1031	1343	5205		007
@JoanBenetGordo	<a href="https://twitter.com/JoanBenetGordo" target="_blank">JoanBenetGordo</a>	3	0	2	189	425	3022	almoster	009
@joancamp	<a href="https://twitter.com/joancamp" target="_blank">joancamp</a>	1	0	1	1853	1216	19868	Granollers || Bcn || Catalunya	026
@JoanCantimplora	<a href="https://twitter.com/JoanCantimplora" target="_blank">JoanCantimplora</a>	0	1	0					150
@Joancente	<a href="https://twitter.com/Joancente" target="_blank">Joancente</a>	1	0	1	61	90	329	Fort Pienc	001
@JoanCortes86	<a href="https://twitter.com/JoanCortes86" target="_blank">JoanCortes86</a>	5	0	1	290	313	3094		005
@JoanCT4W	<a href="https://twitter.com/JoanCT4W" target="_blank">JoanCT4W</a>	21	0	3	413	1398	12868	Barcelona	007
@joandausa	<a href="https://twitter.com/joandausa" target="_blank">joandausa</a>	1	7	0	14698	3663	3971	Sant Feliu de Llobregat. CAT	032
@joandeulofeu	<a href="https://twitter.com/joandeulofeu" target="_blank">joandeulofeu</a>	1	0	1	264	310	9069		007
@joanenpa	<a href="https://twitter.com/joanenpa" target="_blank">joanenpa</a>	17	0	1	71	516	4690	IGD, Catalunya	007
@JoanFiga	<a href="https://twitter.com/JoanFiga" target="_blank">JoanFiga</a>	31	0	1	382	1448	2041	Cardedeu. República Catalana.	001
@joanforn	<a href="https://twitter.com/joanforn" target="_blank">joanforn</a>	2	0	1	66	210	1071	Catalunya	007
@JoanLaportaFCB	<a href="https://twitter.com/JoanLaportaFCB" target="_blank">JoanLaportaFCB</a>	0	1	0					135
@joanmarsellach	<a href="https://twitter.com/joanmarsellach" target="_blank">joanmarsellach</a>	7	0	1	115	522	3808	Catalunya	007
@JoanMayolGibert	<a href="https://twitter.com/JoanMayolGibert" target="_blank">JoanMayolGibert</a>	27	0	1	956	1685	25995	Caldes de Montbui	059
@JoanRequesens	<a href="https://twitter.com/JoanRequesens" target="_blank">JoanRequesens</a>	2	0	1	1623	2144	3371	Igualada, Països Catalans	028
@JoanRubioBarris	<a href="https://twitter.com/JoanRubioBarris" target="_blank">JoanRubioBarris</a>	15	0	2	900	1200	102984	Catalunya	016
@joans247	<a href="https://twitter.com/joans247" target="_blank">joans247</a>	2	0	1	401	2075	881	Terrassa - Catalunya - Europa	043
@JoanSimonCanal	<a href="https://twitter.com/JoanSimonCanal" target="_blank">JoanSimonCanal</a>	1	0	1	93	229	4752	Barcelona, Espanya	007
@JoanTarda	<a href="https://twitter.com/JoanTarda" target="_blank">JoanTarda</a>	2	0	1	171550	12309	17766		003
@JoanTorrejon	<a href="https://twitter.com/JoanTorrejon" target="_blank">JoanTorrejon</a>	5	0	1	285	459	4915		009
@joaquimcoca	<a href="https://twitter.com/joaquimcoca" target="_blank">joaquimcoca</a>	3	0	1	86	157	835	Catalunya	026
@Joaquimllorens	<a href="https://twitter.com/Joaquimllorens" target="_blank">Joaquimllorens</a>	8	0	1	3017	3489	44174	Blanes, Selva, Països Catalans	184
@jodiscrepo	<a href="https://twitter.com/jodiscrepo" target="_blank">jodiscrepo</a>	1	0	1	30	22	1389	Barcelona	003
@johnny4359	<a href="https://twitter.com/johnny4359" target="_blank">johnny4359</a>	2	0	1	6	67	239		031
@JoMarina55	<a href="https://twitter.com/JoMarina55" target="_blank">JoMarina55</a>	13	0	1	3350	3751	135563	Barcelona	176
@JoniMullor	<a href="https://twitter.com/JoniMullor" target="_blank">JoniMullor</a>	4	0	2	31	210	977	girona	008
@Jordi_BA	<a href="https://twitter.com/Jordi_BA" target="_blank">Jordi_BA</a>	2	0	1	364	1098	9549	Barcelona (Catalonia)	041
@jordi_latorre	<a href="https://twitter.com/jordi_latorre" target="_blank">jordi_latorre</a>	1	1	0	2243	1599	14696	Torrefarrera, Catalunya	009
@jordi_mallol	<a href="https://twitter.com/jordi_mallol" target="_blank">jordi_mallol</a>	3	0	1	325	1262	6187	Catalunya!	007
@jordi_olot	<a href="https://twitter.com/jordi_olot" target="_blank">jordi_olot</a>	3	0	2	268	329	7964	Olot	020
@jordi_picart	<a href="https://twitter.com/jordi_picart" target="_blank">jordi_picart</a>	2	0	1	489	539	15051	Tuixent - St Andreu de Palomar	002
@jordi_rouge	<a href="https://twitter.com/jordi_rouge" target="_blank">jordi_rouge</a>	31	0	1	1247	1191	93677	Barcelona Catalunya.	007
@Jordi278	<a href="https://twitter.com/Jordi278" target="_blank">Jordi278</a>	10	0	1	74	361	7154	Catalunya	038
@jordi63p	<a href="https://twitter.com/jordi63p" target="_blank">jordi63p</a>	4	1	0	1078	1137	34614		010
@jordiag92	<a href="https://twitter.com/jordiag92" target="_blank">jordiag92</a>	5	0	1	218	387	5161	Sabadell	002
@jordiapamies	<a href="https://twitter.com/jordiapamies" target="_blank">jordiapamies</a>	8	0	1	220	316	7494		093
@jordibag	<a href="https://twitter.com/jordibag" target="_blank">jordibag</a>	26	0	4	274	867	6413		001
@jordiboucompte	<a href="https://twitter.com/jordiboucompte" target="_blank">jordiboucompte</a>	3	0	1	429	806	1065		009
@jordibusi9	<a href="https://twitter.com/jordibusi9" target="_blank">jordibusi9</a>	1	0	1	98	533	3152		001
@jordicarbonells	<a href="https://twitter.com/jordicarbonells" target="_blank">jordicarbonells</a>	3	0	1	75	210	1076	Barcelona	003
@jordicarot	<a href="https://twitter.com/jordicarot" target="_blank">jordicarot</a>	2	0	1	501	2021	2133	Barcelona, Eurasia	007
@jordicentellas	<a href="https://twitter.com/jordicentellas" target="_blank">jordicentellas</a>	1	1	0	193	359	6383		134
@Jordicentellesr	<a href="https://twitter.com/Jordicentellesr" target="_blank">Jordicentellesr</a>	14	0	2	37	226	1754	Terrassa, catalunya	003
@jordicomast	<a href="https://twitter.com/jordicomast" target="_blank">jordicomast</a>	12	0	1	257	529	13869	Catalunya	007
@JordiCostaSec	<a href="https://twitter.com/JordiCostaSec" target="_blank">JordiCostaSec</a>	5	0	1	551	396	3431	Gironella, Catalunya	004
@jordicuminal	<a href="https://twitter.com/jordicuminal" target="_blank">jordicuminal</a>	4	1	0	6557	2391	11620	Sant Celoni. Catalunya	009
@Jordiduc	<a href="https://twitter.com/Jordiduc" target="_blank">Jordiduc</a>	5	0	1	55	89	1609		003
@JordiGM82	<a href="https://twitter.com/JordiGM82" target="_blank">JordiGM82</a>	4	0	1	183	205	2656	Barcelona	007
@jordigordo13	<a href="https://twitter.com/jordigordo13" target="_blank">jordigordo13</a>	1	0	1	42	96	263		001
@jordilamua	<a href="https://twitter.com/jordilamua" target="_blank">jordilamua</a>	0	2	0					003
@jordimarcar	<a href="https://twitter.com/jordimarcar" target="_blank">jordimarcar</a>	11	0	1	122	266	6003	Catalunya	120
@jordimartifont_	<a href="https://twitter.com/jordimartifont_" target="_blank">jordimartifont_</a>	12	0	1	4041	1164	18017	Camp de Tgn, Països Catalans	027
@jordimunto	<a href="https://twitter.com/jordimunto" target="_blank">jordimunto</a>	2	0	1	87	186	2643	Barcelona	007
@JORDINADOR	<a href="https://twitter.com/JORDINADOR" target="_blank">JORDINADOR</a>	17	0	1	10094	1323	142227	Barcelona, Catalunya	007
@jordinebot	<a href="https://twitter.com/jordinebot" target="_blank">jordinebot</a>	1	0	1	582	499	9742	Manresa	007
@JordiPalles	<a href="https://twitter.com/JordiPalles" target="_blank">JordiPalles</a>	1	0	1	395	821	2626	Vilassar de Mar ( CATALUNYA )	009
@jordiplus	<a href="https://twitter.com/jordiplus" target="_blank">jordiplus</a>	18	0	1	673	783	22352	Barcelona	032
@JordiRaguilera	<a href="https://twitter.com/JordiRaguilera" target="_blank">JordiRaguilera</a>	4	0	1	52	81	808	Catalunya.	003
@jordisalvia	<a href="https://twitter.com/jordisalvia" target="_blank">jordisalvia</a>	36	0	1	11034	2409	94359	Vilafranca del Penedès (PPCC)	005
@jordisb99	<a href="https://twitter.com/jordisb99" target="_blank">jordisb99</a>	8	0	1	5358	4770	25459	Bellpuig, Catalunya	003
@JordiSerracant	<a href="https://twitter.com/JordiSerracant" target="_blank">JordiSerracant</a>	1	0	1	661	642	24637	Catalunya	011
@jordivinyals86	<a href="https://twitter.com/jordivinyals86" target="_blank">jordivinyals86</a>	1	2	0	379	440	1474		076
@JordiVito	<a href="https://twitter.com/JordiVito" target="_blank">JordiVito</a>	5	2	0	158	239	2791		010
@JorginaMarser	<a href="https://twitter.com/JorginaMarser" target="_blank">JorginaMarser</a>	8	0	1	84	179	4602		001
@jorhema2008	<a href="https://twitter.com/jorhema2008" target="_blank">jorhema2008</a>	2	0	1	257	555	4142	Sabadell (Barcelona)	006
@joscampolier	<a href="https://twitter.com/joscampolier" target="_blank">joscampolier</a>	7	0	2	176	502	3150		044
@jose1327	<a href="https://twitter.com/jose1327" target="_blank">jose1327</a>	3	0	1	251	459	20028	Alginet ☆ País Valencià	029
@Joseddlleida	<a href="https://twitter.com/Joseddlleida" target="_blank">Joseddlleida</a>	3	1	0	38	33	2233	Lleida (Pais: Catalunya)	133
@josep_capo	<a href="https://twitter.com/josep_capo" target="_blank">josep_capo</a>	49	0	1	37	196	8584	Palma - Mallorca - Balears	009
@josep_munne	<a href="https://twitter.com/josep_munne" target="_blank">josep_munne</a>	5	0	1	18	136	1503	L'Espelt	009
@josep_rius	<a href="https://twitter.com/josep_rius" target="_blank">josep_rius</a>	4	0	1	1331	1498	2172	Barcelona (Catalunya)	013
@josep_torrens	<a href="https://twitter.com/josep_torrens" target="_blank">josep_torrens</a>	2	0	1	396	650	13298	Barcelona	007
@josepalacid	<a href="https://twitter.com/josepalacid" target="_blank">josepalacid</a>	4	0	1	270	540	7428	Torrelles de Llob., Catalunya	001
@Josepantongil	<a href="https://twitter.com/Josepantongil" target="_blank">Josepantongil</a>	9	0	1	163	231	23873	Barcelona	007
@JosepArnau	<a href="https://twitter.com/JosepArnau" target="_blank">JosepArnau</a>	26	0	1	2350	2545	61809	Dublin City, Ireland	004
@josepbartroli	<a href="https://twitter.com/josepbartroli" target="_blank">josepbartroli</a>	27	0	1	830	1937	13648	Barcelona	012
@JosepCanals222	<a href="https://twitter.com/JosepCanals222" target="_blank">JosepCanals222</a>	47	0	1	435	276	66515	REPÚBLICA DE CATALUNYA, UE.	002
@JosepGallardo16	<a href="https://twitter.com/JosepGallardo16" target="_blank">JosepGallardo16</a>	9	0	1	109	65	4041		005
@josepjaume	<a href="https://twitter.com/josepjaume" target="_blank">josepjaume</a>	2	2	0	629	639	4962	Barcelona, Spain	061
@JosepLlGarcia	<a href="https://twitter.com/JosepLlGarcia" target="_blank">JosepLlGarcia</a>	3	0	1	1164	750	12716	Vic, Cataluñya	090
@josepmmir	<a href="https://twitter.com/josepmmir" target="_blank">josepmmir</a>	3	0	1	235	551	1629	Celrà	005
@josepsort	<a href="https://twitter.com/josepsort" target="_blank">josepsort</a>	5	0	1	283	148	22147	Terrassa, Catalunya	159
@JosepTellez	<a href="https://twitter.com/JosepTellez" target="_blank">JosepTellez</a>	6	0	2	6238	1162	21269	Badalona	022
@josepuntcat	<a href="https://twitter.com/josepuntcat" target="_blank">josepuntcat</a>	9	21	0	22323	19166	41366	9NSíSí~ViaCatT50~V14~M15~Tgn16	008
@josmato	<a href="https://twitter.com/josmato" target="_blank">josmato</a>	18	0	1	270	499	12963		001
@jpons72	<a href="https://twitter.com/jpons72" target="_blank">jpons72</a>	1	1	0	316	676	1133	Cervera - La Segarra	132
@JPonsFosalva	<a href="https://twitter.com/JPonsFosalva" target="_blank">JPonsFosalva</a>	3	0	1	189	758	9859	Catalunya (EU)	007
@jprez40	<a href="https://twitter.com/jprez40" target="_blank">jprez40</a>	6	0	1	905	746	29784	Euzkadi	009
@jrifavent	<a href="https://twitter.com/jrifavent" target="_blank">jrifavent</a>	1	0	1	32	139	1115		011
@JRNogueraVilalt	<a href="https://twitter.com/JRNogueraVilalt" target="_blank">JRNogueraVilalt</a>	7	0	1	122	183	8210	Catalunya	002
@jrodriguEZFilba	<a href="https://twitter.com/jrodriguEZFilba" target="_blank">jrodriguEZFilba</a>	20	0	2	836	1433	59380	Catalunya	007
@jserramacia	<a href="https://twitter.com/jserramacia" target="_blank">jserramacia</a>	2	0	1	697	557	1595	Roda de Ter (Osona)	060
@jsjbird01	<a href="https://twitter.com/jsjbird01" target="_blank">jsjbird01</a>	2	0	1	63	106	922	Horsham, Pennsylvania, USA	007
@jsoler63	<a href="https://twitter.com/jsoler63" target="_blank">jsoler63</a>	6	0	1	4174	3922	118474		007
@jtorrents	<a href="https://twitter.com/jtorrents" target="_blank">jtorrents</a>	8	0	1	11635	6254	70431	Granollers	007
@Juanjok	<a href="https://twitter.com/Juanjok" target="_blank">Juanjok</a>	1	0	1	219	312	13851		007
@juanjosbd	<a href="https://twitter.com/juanjosbd" target="_blank">juanjosbd</a>	8	0	3	1162	1264	12727	Sabadell	007
@judhec65	<a href="https://twitter.com/judhec65" target="_blank">judhec65</a>	30	0	2	2187	2316	91635	CATALUNYA !!*!!	007
@judit_99	<a href="https://twitter.com/judit_99" target="_blank">judit_99</a>	1	0	1	312	419	1120	Girona	187
@judithgarciaaym	<a href="https://twitter.com/judithgarciaaym" target="_blank">judithgarciaaym</a>	1	0	1	268	125	1399		002
@juditpujado	<a href="https://twitter.com/juditpujado" target="_blank">juditpujado</a>	21	0	1	340	341	5465	Catalunya	016
@juditvida2	<a href="https://twitter.com/juditvida2" target="_blank">juditvida2</a>	8	0	1	115	223	3900	la Bisbal del Penedès, Espanya	183
@Judivii	<a href="https://twitter.com/Judivii" target="_blank">Judivii</a>	1	0	1	46	71	74	Santa Pau - Catalunya	148
@JuliaMa96016562	<a href="https://twitter.com/JuliaMa96016562" target="_blank">JuliaMa96016562</a>	18	0	2	64	42	5904		008
@JulianAssange	<a href="https://twitter.com/JulianAssange" target="_blank">JulianAssange</a>	2	5	0	438828	1	3018	Everywhere	015
@Julyssaaa	<a href="https://twitter.com/Julyssaaa" target="_blank">Julyssaaa</a>	1	0	1	2966	3114	107966	New York	029
@JumaCharlez10	<a href="https://twitter.com/JumaCharlez10" target="_blank">JumaCharlez10</a>	2	0	1	426	774	11748		009
@JuntsPerMontbui	<a href="https://twitter.com/JuntsPerMontbui" target="_blank">JuntsPerMontbui</a>	0	1	0					129
@justa_revolta	<a href="https://twitter.com/justa_revolta" target="_blank">justa_revolta</a>	2	0	1	2874	553	6822		033
@jxufren	<a href="https://twitter.com/jxufren" target="_blank">jxufren</a>	19	0	2	99	348	10658	Barcelona	010
@Kaesar14	<a href="https://twitter.com/Kaesar14" target="_blank">Kaesar14</a>	11	0	1	1453	2019	88223	Roquetes - Catalunya - PPCC	001
@kamecrackhouse	<a href="https://twitter.com/kamecrackhouse" target="_blank">kamecrackhouse</a>	1	0	1	126	500	1587	Nagoya City, Aichi	045
@KarinaSnchez3	<a href="https://twitter.com/KarinaSnchez3" target="_blank">KarinaSnchez3</a>	1	0	1	148	165	3187	Catalunya mi segundo hogar	002
@katacrac	<a href="https://twitter.com/katacrac" target="_blank">katacrac</a>	1	0	1	72	98	1914		004
@kel100a	<a href="https://twitter.com/kel100a" target="_blank">kel100a</a>	19	0	2	1268	1853	17732	Sarrià(BCN)Moianès-CATALUNYA🌍	007
@kengarenai	<a href="https://twitter.com/kengarenai" target="_blank">kengarenai</a>	5	0	1	97	393	1179	Horta, Barcelona, Catalunya	128
@KenpachixZaraki	<a href="https://twitter.com/KenpachixZaraki" target="_blank">KenpachixZaraki</a>	1	0	1	103	308	3754	Catalonia	113
@Kenshin84	<a href="https://twitter.com/Kenshin84" target="_blank">Kenshin84</a>	1	0	1	33	261	1970		072
@keyylss	<a href="https://twitter.com/keyylss" target="_blank">keyylss</a>	2	0	1	3023	1100	51387	🇵🇪 - 🇪🇸 / @VampsUpdatesSpa	001
@kgaseni	<a href="https://twitter.com/kgaseni" target="_blank">kgaseni</a>	1	0	1	723	1160	8131		097
@kiketomas	<a href="https://twitter.com/kiketomas" target="_blank">kiketomas</a>	7	0	1	146	869	6416	Montmeló Barcelona, Catalunya	001
@kikucule	<a href="https://twitter.com/kikucule" target="_blank">kikucule</a>	24	0	1	6890	5740	231029	Barcelona, Catalunya	007
@kilombo_70	<a href="https://twitter.com/kilombo_70" target="_blank">kilombo_70</a>	2	0	1	29	119	847		001
@kissukka	<a href="https://twitter.com/kissukka" target="_blank">kissukka</a>	1	0	1	327	371	3235	Finland	171
@Koldo_	<a href="https://twitter.com/Koldo_" target="_blank">Koldo_</a>	8	0	1	101	191	2336	Figueres	065
@Koxis90	<a href="https://twitter.com/Koxis90" target="_blank">Koxis90</a>	2	0	1	72	369	5156	Calatunya: Not Spain	011
@krutx	<a href="https://twitter.com/krutx" target="_blank">krutx</a>	5	0	1	252	974	9988		002
@ktorretti	<a href="https://twitter.com/ktorretti" target="_blank">ktorretti</a>	1	1	0	872	1696	22570	Riudoms, Països Catalans	131
@Kurama_AZU	<a href="https://twitter.com/Kurama_AZU" target="_blank">Kurama_AZU</a>	5	0	1	414	531	16694	Baix Penedès	006
@La__Vida__	<a href="https://twitter.com/La__Vida__" target="_blank">La__Vida__</a>	38	5	0	3350	87	102864	Catalunya	044
@lacollanada	<a href="https://twitter.com/lacollanada" target="_blank">lacollanada</a>	0	2	0					062
@LaCosset	<a href="https://twitter.com/LaCosset" target="_blank">LaCosset</a>	1	0	1	150	539	310	Here · Now · Sensitivity	079
@laculturaligual	<a href="https://twitter.com/laculturaligual" target="_blank">laculturaligual</a>	1	0	1	1287	345	4804	Igualada, Catalunya	028
@Laertes38	<a href="https://twitter.com/Laertes38" target="_blank">Laertes38</a>	1	0	1	67	68	5812	República Catalana	013
@laespadamocles	<a href="https://twitter.com/laespadamocles" target="_blank">laespadamocles</a>	1	13	0	66	281	2497		029
@laiamartell	<a href="https://twitter.com/laiamartell" target="_blank">laiamartell</a>	3	0	1	1467	343	14358	Barcelona, Catalunya	022
@LaiaRaurell	<a href="https://twitter.com/LaiaRaurell" target="_blank">LaiaRaurell</a>	2	0	1	143	291	260		189
@lanicolass	<a href="https://twitter.com/lanicolass" target="_blank">lanicolass</a>	7	0	1	353	237	23381		026
@Lanoiacatalana	<a href="https://twitter.com/Lanoiacatalana" target="_blank">Lanoiacatalana</a>	20	0	1	3055	2628	26277	República de Catalunya	007
@lanuireta	<a href="https://twitter.com/lanuireta" target="_blank">lanuireta</a>	2	1	0	88	216	555	Manresa	125
@lara_caya	<a href="https://twitter.com/lara_caya" target="_blank">lara_caya</a>	1	0	1	32	130	18	Sant C	034
@LaRomeu78	<a href="https://twitter.com/LaRomeu78" target="_blank">LaRomeu78</a>	4	0	1	560	622	24627		008
@Larsito666	<a href="https://twitter.com/Larsito666" target="_blank">Larsito666</a>	0	4	0					010
@lasilviaijo	<a href="https://twitter.com/lasilviaijo" target="_blank">lasilviaijo</a>	44	0	1	313	857	37421		007
@lastmohica	<a href="https://twitter.com/lastmohica" target="_blank">lastmohica</a>	2	0	1	60	85	863		006
@lau97l	<a href="https://twitter.com/lau97l" target="_blank">lau97l</a>	2	1	0	230	143	10373	Catalunya, Països Catalans	123
@LauraFrances82	<a href="https://twitter.com/LauraFrances82" target="_blank">LauraFrances82</a>	3	0	1	184	379	672	Girona	005
@lauramascarpone	<a href="https://twitter.com/lauramascarpone" target="_blank">lauramascarpone</a>	7	1	0	1065	1109	4755		121
@Lauravalpe	<a href="https://twitter.com/Lauravalpe" target="_blank">Lauravalpe</a>	1	0	1	3	42	113	Lleida, España	003
@Laurence_Sterne	<a href="https://twitter.com/Laurence_Sterne" target="_blank">Laurence_Sterne</a>	31	0	1	226	227	35044		007
@laurora_cat	<a href="https://twitter.com/laurora_cat" target="_blank">laurora_cat</a>	5	0	1	1231	775	14816		007
@LaYeniGran	<a href="https://twitter.com/LaYeniGran" target="_blank">LaYeniGran</a>	6	0	1	1718	996	28703		069
@LenaSelles33	<a href="https://twitter.com/LenaSelles33" target="_blank">LenaSelles33</a>	3	0	1	1391	2520	18816		007
@leoneti	<a href="https://twitter.com/leoneti" target="_blank">leoneti</a>	3	0	1	140	287	30651		007
@LesNunez11	<a href="https://twitter.com/LesNunez11" target="_blank">LesNunez11</a>	1	0	1	262	715	42960	Barranquilla	029
@lidiaportell	<a href="https://twitter.com/lidiaportell" target="_blank">lidiaportell</a>	1	0	1	11	63	12	Vilassar de Mar, Espanya	001
@Lilou84x	<a href="https://twitter.com/Lilou84x" target="_blank">Lilou84x</a>	2	1	0	96	85	1543	Barcelona	120
@Linreus2	<a href="https://twitter.com/Linreus2" target="_blank">Linreus2</a>	4	0	1	79	81	13674		003
@lionelpla	<a href="https://twitter.com/lionelpla" target="_blank">lionelpla</a>	4	1	0	217	339	909	Sort	119
@lizievizie	<a href="https://twitter.com/lizievizie" target="_blank">lizievizie</a>	4	0	1	13	51	353	Les Garrigues	008
@lladgemma	<a href="https://twitter.com/lladgemma" target="_blank">lladgemma</a>	5	0	2	133	174	1217		002
@llaurado_se	<a href="https://twitter.com/llaurado_se" target="_blank">llaurado_se</a>	16	0	1	110	113	5203	Caste	009
@LlenyataireCAT	<a href="https://twitter.com/LlenyataireCAT" target="_blank">LlenyataireCAT</a>	2	1	0	560	1571	759		008
@Llibertatcat	<a href="https://twitter.com/Llibertatcat" target="_blank">Llibertatcat</a>	18	21	0	23922	17014	54723	Països Catalans	027
@llibresxllegir	<a href="https://twitter.com/llibresxllegir" target="_blank">llibresxllegir</a>	1	0	1	13222	2934	20629	Terrassa	004
@Lllunatica	<a href="https://twitter.com/Lllunatica" target="_blank">Lllunatica</a>	2	0	1	33	58	327		001
@lloansa	<a href="https://twitter.com/lloansa" target="_blank">lloansa</a>	2	0	1	2343	366	5258	Sabadell	011
@llsalellasvilar	<a href="https://twitter.com/llsalellasvilar" target="_blank">llsalellasvilar</a>	11	0	2	6320	1472	13362	Països Catalans	005
@llubarbe	<a href="https://twitter.com/llubarbe" target="_blank">llubarbe</a>	3	0	1	688	738	4730		027
@Lluis_areny	<a href="https://twitter.com/Lluis_areny" target="_blank">Lluis_areny</a>	2	0	1	17	81	572	Sant Quirze del Vallès	007
@Lluis_Casanovas	<a href="https://twitter.com/Lluis_Casanovas" target="_blank">Lluis_Casanovas</a>	37	0	1	9179	7066	199607	Reus and Cambrils, Catalunya .	003
@lluis_pascual64	<a href="https://twitter.com/lluis_pascual64" target="_blank">lluis_pascual64</a>	1	0	1	5	10	169		009
@lluis_upf	<a href="https://twitter.com/lluis_upf" target="_blank">lluis_upf</a>	10	0	1	410	622	3184	Barcelona, Catalonia	004
@LluisBenguerel	<a href="https://twitter.com/LluisBenguerel" target="_blank">LluisBenguerel</a>	2	0	1	138	418	3309		004
@LluisColl13	<a href="https://twitter.com/LluisColl13" target="_blank">LluisColl13</a>	23	0	1	5035	381	30619		002
@Lluispr1	<a href="https://twitter.com/Lluispr1" target="_blank">Lluispr1</a>	6	0	3	1022	1299	28266	El Maresme	009
@lluisPuiggros	<a href="https://twitter.com/lluisPuiggros" target="_blank">lluisPuiggros</a>	1	0	1	174	649	692	catalunya	001
@lluistry	<a href="https://twitter.com/lluistry" target="_blank">lluistry</a>	4	0	1	268	476	2928	Reserva Índia del Montseny	004
@LluisUrrea	<a href="https://twitter.com/LluisUrrea" target="_blank">LluisUrrea</a>	1	1	0	906	1203	12119	Tremp	115
@llunavermella	<a href="https://twitter.com/llunavermella" target="_blank">llunavermella</a>	166	0	3	3532	791	445765	catalunya	005
@Lo_Catarina	<a href="https://twitter.com/Lo_Catarina" target="_blank">Lo_Catarina</a>	7	1	0	145	239	17372		116
@LoCiscoDeCanPey	<a href="https://twitter.com/LoCiscoDeCanPey" target="_blank">LoCiscoDeCanPey</a>	7	0	1	3017	628	26945	Mataró, Espanya	007
@LoFuflunet	<a href="https://twitter.com/LoFuflunet" target="_blank">LoFuflunet</a>	6	0	1	4677	4386	43497	Catalunya	008
@Logatemmascarat	<a href="https://twitter.com/Logatemmascarat" target="_blank">Logatemmascarat</a>	7	0	1	912	526	37023	Vila de Gràcia-Països Catalans	005
@lolarelos	<a href="https://twitter.com/lolarelos" target="_blank">lolarelos</a>	1	0	1	2962	2942	114652	Catalunya Al servei del País	007
@loligonzalez68	<a href="https://twitter.com/loligonzalez68" target="_blank">loligonzalez68</a>	28	0	2	22	78	7103	Sant Celoni, Catalunya	001
@lolladre	<a href="https://twitter.com/lolladre" target="_blank">lolladre</a>	2	0	1	325	907	11401	Alt Empordà.   Catalonia	004
@lord_Jordi	<a href="https://twitter.com/lord_Jordi" target="_blank">lord_Jordi</a>	12	0	1	51	46	5501	Tàrrega, España	003
@lordamarauri	<a href="https://twitter.com/lordamarauri" target="_blank">lordamarauri</a>	18	0	1	100	231	1044		152
@Lordcat10	<a href="https://twitter.com/Lordcat10" target="_blank">Lordcat10</a>	6	0	1	9	238	1093	Barcelona	009
@lourdesmoya60t	<a href="https://twitter.com/lourdesmoya60t" target="_blank">lourdesmoya60t</a>	1	0	1	88	12	591		035
@loxicotet	<a href="https://twitter.com/loxicotet" target="_blank">loxicotet</a>	2	0	1	135	414	2333		007
@Lu_Serramia	<a href="https://twitter.com/Lu_Serramia" target="_blank">Lu_Serramia</a>	1	0	1	48	187	2175		007
@LucasDeMortis	<a href="https://twitter.com/LucasDeMortis" target="_blank">LucasDeMortis</a>	1	0	1	33	176	493		011
@Ludvig1973	<a href="https://twitter.com/Ludvig1973" target="_blank">Ludvig1973</a>	2	0	1	3373	478	42891		018
@luischicotefer	<a href="https://twitter.com/luischicotefer" target="_blank">luischicotefer</a>	3	0	1	736	2258	5117	Badalona , Catalunya.	057
@luiseyre	<a href="https://twitter.com/luiseyre" target="_blank">luiseyre</a>	33	0	1	637	329	9735	Chantada, Galiza	109
@LUKANIKOS66	<a href="https://twitter.com/LUKANIKOS66" target="_blank">LUKANIKOS66</a>	0	1	0					113
@lulu6019	<a href="https://twitter.com/lulu6019" target="_blank">lulu6019</a>	23	0	1	719	1129	60728		007
@lulufloridita	<a href="https://twitter.com/lulufloridita" target="_blank">lulufloridita</a>	4	0	1	333	904	3606	Barcelona, Catalonia	007
@luvskotia	<a href="https://twitter.com/luvskotia" target="_blank">luvskotia</a>	20	0	1	594	1025	23392	La Garriga	121
@LydiaReidYES2	<a href="https://twitter.com/LydiaReidYES2" target="_blank">LydiaReidYES2</a>	1	0	1	2413	3369	66407		015
@maevagold52	<a href="https://twitter.com/maevagold52" target="_blank">maevagold52</a>	14	0	1	237	216	6988	Barcelona, Catalunya ||*||	006
@magatzem	<a href="https://twitter.com/magatzem" target="_blank">magatzem</a>	5	0	1	96	117	6317		001
@magdalaveca	<a href="https://twitter.com/magdalaveca" target="_blank">magdalaveca</a>	34	0	2	93	602	9742	Catalunya	024
@magdaoriap	<a href="https://twitter.com/magdaoriap" target="_blank">magdaoriap</a>	31	0	1	670	935	22604	Castelldefels, Espanya	007
@magi_ns	<a href="https://twitter.com/magi_ns" target="_blank">magi_ns</a>	7	0	1	45	94	745	Figuerola  Pallars Jussa	009
@MAguayoT	<a href="https://twitter.com/MAguayoT" target="_blank">MAguayoT</a>	7	0	1	47	73	1471	Barcelona	001
@majetesi1	<a href="https://twitter.com/majetesi1" target="_blank">majetesi1</a>	4	0	1	23	102	2421	girona	001
@maken_berja	<a href="https://twitter.com/maken_berja" target="_blank">maken_berja</a>	1	0	1	307	294	10570	españa	001
@malbaroma	<a href="https://twitter.com/malbaroma" target="_blank">malbaroma</a>	1	0	1	574	1492	5082	Poble-sec	011
@Mallus_Malleus	<a href="https://twitter.com/Mallus_Malleus" target="_blank">Mallus_Malleus</a>	21	0	1	762	775	69931	Terrassa	007
@ManelBonany	<a href="https://twitter.com/ManelBonany" target="_blank">ManelBonany</a>	6	0	1	2595	2540	30948	Barcelona	011
@ManelGinesBiels	<a href="https://twitter.com/ManelGinesBiels" target="_blank">ManelGinesBiels</a>	24	0	1	2362	227	22623	Barcelona, Cataluña	075
@manelpastor	<a href="https://twitter.com/manelpastor" target="_blank">manelpastor</a>	2	5	1	170	159	1508		042
@Manelprouprou	<a href="https://twitter.com/Manelprouprou" target="_blank">Manelprouprou</a>	1	0	1	2	135	138	Tarragona, Espanya	006
@manfree72	<a href="https://twitter.com/manfree72" target="_blank">manfree72</a>	2	0	1	2	97	270		002
@mangelspasto	<a href="https://twitter.com/mangelspasto" target="_blank">mangelspasto</a>	1	0	1	177	213	1107		015
@mar_olle	<a href="https://twitter.com/mar_olle" target="_blank">mar_olle</a>	1	0	1	123	208	54	Molins de Rei, Països Catalans	049
@marc_morera	<a href="https://twitter.com/marc_morera" target="_blank">marc_morera</a>	6	0	1	230	471	6018		002
@marc_mpx	<a href="https://twitter.com/marc_mpx" target="_blank">marc_mpx</a>	1	0	1	259	434	9601	41.405239,2.141646	007
@marcarza	<a href="https://twitter.com/marcarza" target="_blank">marcarza</a>	4	0	1	6322	1762	39885	Reus. Catalunya. Europa.	007
@marcelfarran	<a href="https://twitter.com/marcelfarran" target="_blank">marcelfarran</a>	11	0	1	131	105	4904		007
@marcfores	<a href="https://twitter.com/marcfores" target="_blank">marcfores</a>	2	0	1	68	188	437	Premià de Mar - Països Catalans	027
@MarcMediterrani	<a href="https://twitter.com/MarcMediterrani" target="_blank">MarcMediterrani</a>	5	0	1	638	689	8527	Barcelona, Catalunya	014
@marcosgass	<a href="https://twitter.com/marcosgass" target="_blank">marcosgass</a>	1	0	1	26	245	557		026
@marcotovarich	<a href="https://twitter.com/marcotovarich" target="_blank">marcotovarich</a>	11	0	1	258	440	12128	Dublin City, Ireland	002
@marcrosich	<a href="https://twitter.com/marcrosich" target="_blank">marcrosich</a>	14	0	1	2777	507	3260		026
@MarcSuRI	<a href="https://twitter.com/MarcSuRI" target="_blank">MarcSuRI</a>	3	0	1	233	365	10805	Molins de Rei	007
@MarcZenTime	<a href="https://twitter.com/MarcZenTime" target="_blank">MarcZenTime</a>	36	0	1	1392	1535	34657	CAT	003
@margapayola	<a href="https://twitter.com/margapayola" target="_blank">margapayola</a>	4	0	1	2768	1073	18690	Brussel.les	007
@margaridafeliu	<a href="https://twitter.com/margaridafeliu" target="_blank">margaridafeliu</a>	4	0	1	686	501	7949	Viladrau	001
@Marguita16	<a href="https://twitter.com/Marguita16" target="_blank">Marguita16</a>	1	0	1	3	40	25		008
@marhuendeeer	<a href="https://twitter.com/marhuendeeer" target="_blank">marhuendeeer</a>	2	0	1	273	717	12340	Hispania	004
@mariaarenillasp	<a href="https://twitter.com/mariaarenillasp" target="_blank">mariaarenillasp</a>	2	0	1	261	464	2875	barcelona	009
@MariaFMoron	<a href="https://twitter.com/MariaFMoron" target="_blank">MariaFMoron</a>	5	0	1	418	973	4100	Catalunya	048
@mariagobern	<a href="https://twitter.com/mariagobern" target="_blank">mariagobern</a>	0	1	0					112
@MariaMiaferr87	<a href="https://twitter.com/MariaMiaferr87" target="_blank">MariaMiaferr87</a>	1	0	1	592	796	28823	Dénia, España	143
@MariaOlcina2	<a href="https://twitter.com/MariaOlcina2" target="_blank">MariaOlcina2</a>	19	0	1	7	52	3936		028
@mariasesca	<a href="https://twitter.com/mariasesca" target="_blank">mariasesca</a>	19	0	1	5912	6287	141550	Catalunya	181
@MariaTe77012942	<a href="https://twitter.com/MariaTe77012942" target="_blank">MariaTe77012942</a>	5	0	1	27	103	2115	Barcelona	003
@Maribelsn	<a href="https://twitter.com/Maribelsn" target="_blank">Maribelsn</a>	1	0	1	2155	1600	25814	Sant Pere de Ribes	007
@marietadelmar	<a href="https://twitter.com/marietadelmar" target="_blank">marietadelmar</a>	1	0	1	125	275	2090	Palma, Espanya	002
@marietamariota	<a href="https://twitter.com/marietamariota" target="_blank">marietamariota</a>	3	0	1	14	53	551		001
@MarinaaBel	<a href="https://twitter.com/MarinaaBel" target="_blank">MarinaaBel</a>	1	0	1	646	753	7588		002
@Markwtc	<a href="https://twitter.com/Markwtc" target="_blank">Markwtc</a>	1	2	0	19	24	546	Catalunya	058
@Marsal95	<a href="https://twitter.com/Marsal95" target="_blank">Marsal95</a>	45	1	0	938	1013	100690	Sant Hilari Sacalm. Catalunya	064
@Marta_catalonia	<a href="https://twitter.com/Marta_catalonia" target="_blank">Marta_catalonia</a>	1	0	1	14971	1002	111238	República de Catalunya	007
@marta47mm	<a href="https://twitter.com/marta47mm" target="_blank">marta47mm</a>	1	0	1	52	102	6305		002
@martadomingo_	<a href="https://twitter.com/martadomingo_" target="_blank">martadomingo_</a>	1	0	1	102	113	115		031
@martamallarach	<a href="https://twitter.com/martamallarach" target="_blank">martamallarach</a>	6	0	1	1784	4687	10391	Olot	006
@martamasclans	<a href="https://twitter.com/martamasclans" target="_blank">martamasclans</a>	1	0	1	132	458	1528	Caldes de Montbui	011
@Martapiupiu	<a href="https://twitter.com/Martapiupiu" target="_blank">Martapiupiu</a>	6	0	1	481	976	7809	Sitges, Catalunya	007
@MartaSerres	<a href="https://twitter.com/MartaSerres" target="_blank">MartaSerres</a>	6	0	1	2853	1516	41437	Valldoreix - Països Catalans	030
@marti_marsal	<a href="https://twitter.com/marti_marsal" target="_blank">marti_marsal</a>	1	0	1	362	256	2502	Igualada, Països Catalans	007
@MartiArau	<a href="https://twitter.com/MartiArau" target="_blank">MartiArau</a>	5	0	1	58	161	4003		007
@martimarsal	<a href="https://twitter.com/martimarsal" target="_blank">martimarsal</a>	2	0	1	414	157	1259		028
@maryah33	<a href="https://twitter.com/maryah33" target="_blank">maryah33</a>	1	1	0	1338	2338	22138	Barcelona	110
@Mas_Enfurecido	<a href="https://twitter.com/Mas_Enfurecido" target="_blank">Mas_Enfurecido</a>	1	0	1	54431	2081	31100		002
@MasAureli	<a href="https://twitter.com/MasAureli" target="_blank">MasAureli</a>	1	0	1	160	645	918		001
@mascarrerasalex	<a href="https://twitter.com/mascarrerasalex" target="_blank">mascarrerasalex</a>	1	0	1	164	371	228	Celrà	005
@masllov	<a href="https://twitter.com/masllov" target="_blank">masllov</a>	4	0	1	119	516	3662	Sabadell, Espanya	007
@MassanetSumeu	<a href="https://twitter.com/MassanetSumeu" target="_blank">MassanetSumeu</a>	2	0	1	4	37	122		027
@Master_Kehos	<a href="https://twitter.com/Master_Kehos" target="_blank">Master_Kehos</a>	5	0	1	351	380	30917	Barcelona	011
@Mater_audacia	<a href="https://twitter.com/Mater_audacia" target="_blank">Mater_audacia</a>	31	0	3	1656	1151	78420	República de Catalunya	002
@MATPIN01	<a href="https://twitter.com/MATPIN01" target="_blank">MATPIN01</a>	9	0	1	735	1103	25044	CONSTRUCTOR-CATALUNYA	007
@MattCorsica	<a href="https://twitter.com/MattCorsica" target="_blank">MattCorsica</a>	4	0	1	626	2157	11958	Corse	130
@maveri63	<a href="https://twitter.com/maveri63" target="_blank">maveri63</a>	13	0	1	295	821	16965		049
@MaxiReyesGarca1	<a href="https://twitter.com/MaxiReyesGarca1" target="_blank">MaxiReyesGarca1</a>	1	0	1	5	114	145		033
@mbosk1978	<a href="https://twitter.com/mbosk1978" target="_blank">mbosk1978</a>	11	0	1	312	935	5454	Girona, Catalunya	004
@mcapafons	<a href="https://twitter.com/mcapafons" target="_blank">mcapafons</a>	9	0	3	188	312	15676		007
@mcatfr	<a href="https://twitter.com/mcatfr" target="_blank">mcatfr</a>	4	0	1	38	197	206		053
@mcponsa	<a href="https://twitter.com/mcponsa" target="_blank">mcponsa</a>	0	1	0					114
@Meik111	<a href="https://twitter.com/Meik111" target="_blank">Meik111</a>	6	0	1	21	76	1850		003
@MelciorM	<a href="https://twitter.com/MelciorM" target="_blank">MelciorM</a>	1	0	1	19	59	315		133
@MEMEHISTORIAa	<a href="https://twitter.com/MEMEHISTORIAa" target="_blank">MEMEHISTORIAa</a>	1	3	0	156	58	1939	↓ ↓ ↓ Mírame ↓ ↓ ↓	045
@mendezgm	<a href="https://twitter.com/mendezgm" target="_blank">mendezgm</a>	0	1	0					009
@Mensisole	<a href="https://twitter.com/Mensisole" target="_blank">Mensisole</a>	5	0	1	318	528	11740		005
@mercearegay	<a href="https://twitter.com/mercearegay" target="_blank">mercearegay</a>	1	0	1	52	168	343	Llinars del Vallès, Espanya	004
@MerceLlauger	<a href="https://twitter.com/MerceLlauger" target="_blank">MerceLlauger</a>	4	0	1	376	615	7028	Gironès	001
@MerceMercebla	<a href="https://twitter.com/MerceMercebla" target="_blank">MerceMercebla</a>	6	0	1	308	337	8619	Barcelona	006
@merchejara	<a href="https://twitter.com/merchejara" target="_blank">merchejara</a>	5	0	1	1932	515	159282	S.Cugat del Vallés BARCELONA	030
@meritxell_maria	<a href="https://twitter.com/meritxell_maria" target="_blank">meritxell_maria</a>	1	0	1	29	58	109		105
@meritxelltremp8	<a href="https://twitter.com/meritxelltremp8" target="_blank">meritxelltremp8</a>	2	0	1	12	80	56		006
@MerkThreepwood	<a href="https://twitter.com/MerkThreepwood" target="_blank">MerkThreepwood</a>	1	0	1	315	458	8668	Barcelona	037
@MeryGarcia_15	<a href="https://twitter.com/MeryGarcia_15" target="_blank">MeryGarcia_15</a>	2	0	1	343	466	4154	Barcelona	007
@MESLaSelvaCamp	<a href="https://twitter.com/MESLaSelvaCamp" target="_blank">MESLaSelvaCamp</a>	5	1	0	289	440	4249	la Selva del Camp, Espanya	107
@met_cat	<a href="https://twitter.com/met_cat" target="_blank">met_cat</a>	11	4	0	526	967	28885	Barcelona, Catalonia	002
@meteoterrassa1	<a href="https://twitter.com/meteoterrassa1" target="_blank">meteoterrassa1</a>	16	0	2	834	2041	5725	Terrassa-CATALUNYA	003
@mfiguera1972	<a href="https://twitter.com/mfiguera1972" target="_blank">mfiguera1972</a>	1	0	1	21	134	372		115
@mgloriaaltes	<a href="https://twitter.com/mgloriaaltes" target="_blank">mgloriaaltes</a>	12	0	1	662	949	26207	Barcelona, Catalunya	004
@mguilaniu	<a href="https://twitter.com/mguilaniu" target="_blank">mguilaniu</a>	1	0	1	29	63	218		001
@mikelvives	<a href="https://twitter.com/mikelvives" target="_blank">mikelvives</a>	4	0	1	1133	2905	21480	Igualada	028
@mikner84	<a href="https://twitter.com/mikner84" target="_blank">mikner84</a>	5	0	1	46	239	1556		007
@mincinho	<a href="https://twitter.com/mincinho" target="_blank">mincinho</a>	0	1	0					109
@miquel_can	<a href="https://twitter.com/miquel_can" target="_blank">miquel_can</a>	1	0	1	23	266	253	Palma de Mallorca	008
@MiquelFumanal	<a href="https://twitter.com/MiquelFumanal" target="_blank">MiquelFumanal</a>	24	1	0	186	374	16102		104
@miqueljarque	<a href="https://twitter.com/miqueljarque" target="_blank">miqueljarque</a>	0	1	0					002
@Miquelnn	<a href="https://twitter.com/Miquelnn" target="_blank">Miquelnn</a>	4	0	1	416	1067	16178	Catalunya, Europe	004
@miquelpuente	<a href="https://twitter.com/miquelpuente" target="_blank">miquelpuente</a>	0	2	0					073
@MiquelSolaSuris	<a href="https://twitter.com/MiquelSolaSuris" target="_blank">MiquelSolaSuris</a>	5	0	1	1575	4120	12622	Mataró,Catalunya	009
@MirBarbara	<a href="https://twitter.com/MirBarbara" target="_blank">MirBarbara</a>	6	1	0	240	463	5041		105
@MireFerran	<a href="https://twitter.com/MireFerran" target="_blank">MireFerran</a>	1	0	1	809	1072	9772	Andreuenca.Barcelona.Catalonia	007
@mireia_albiol	<a href="https://twitter.com/mireia_albiol" target="_blank">mireia_albiol</a>	12	0	1	578	2119	7870	Tarragone, Catalogne	011
@mireia3	<a href="https://twitter.com/mireia3" target="_blank">mireia3</a>	13	0	1	306	330	10935	Catalunya	019
@MireiaCardus	<a href="https://twitter.com/MireiaCardus" target="_blank">MireiaCardus</a>	2	0	1	182	289	4535	Catalunya	168
@mireiaKdS	<a href="https://twitter.com/mireiaKdS" target="_blank">mireiaKdS</a>	1	2	0	1851	1456	63976	Catalunya	010
@MireiaRM91	<a href="https://twitter.com/MireiaRM91" target="_blank">MireiaRM91</a>	1	0	1	108	119	377	Mataró, Catalunya	031
@MireiaSiles	<a href="https://twitter.com/MireiaSiles" target="_blank">MireiaSiles</a>	2	0	1	811	720	13771	Barcelona, Catalonia	049
@mireiatorras22	<a href="https://twitter.com/mireiatorras22" target="_blank">mireiatorras22</a>	9	0	1	68	303	1648	Olot, Catalunya	020
@mireiatresse	<a href="https://twitter.com/mireiatresse" target="_blank">mireiatresse</a>	2	0	1	835	1304	4596		162
@Mirigallrdo	<a href="https://twitter.com/Mirigallrdo" target="_blank">Mirigallrdo</a>	7	3	0	18	64	743		055
@mirkoczentovik	<a href="https://twitter.com/mirkoczentovik" target="_blank">mirkoczentovik</a>	2	0	1	91	374	3456		001
@mirnavilasis	<a href="https://twitter.com/mirnavilasis" target="_blank">mirnavilasis</a>	0	2	0					063
@Miturbolin	<a href="https://twitter.com/Miturbolin" target="_blank">Miturbolin</a>	3	0	1	110	276	2647		001
@mividaconmi	<a href="https://twitter.com/mividaconmi" target="_blank">mividaconmi</a>	1	0	1	121	829	2885		001
@MjFitei	<a href="https://twitter.com/MjFitei" target="_blank">MjFitei</a>	2	0	1	104	552	3131	Barcelona	003
@mjrmas	<a href="https://twitter.com/mjrmas" target="_blank">mjrmas</a>	7	0	1	359	480	13052	Gaza - Celrà Països Catalans	027
@mlluisvall	<a href="https://twitter.com/mlluisvall" target="_blank">mlluisvall</a>	10	4	0	1613	1294	8826	Terrassa	007
@mlmorenoroldan	<a href="https://twitter.com/mlmorenoroldan" target="_blank">mlmorenoroldan</a>	3	0	1	293	479	1262	Premià de Mar, Sorli Discau	007
@mmartin_BCN	<a href="https://twitter.com/mmartin_BCN" target="_blank">mmartin_BCN</a>	1	0	1	246	997	10658	9Narcelona	018
@mmgaaar	<a href="https://twitter.com/mmgaaar" target="_blank">mmgaaar</a>	1	0	1	6	51	88	Barcelona	111
@mmillanclosa	<a href="https://twitter.com/mmillanclosa" target="_blank">mmillanclosa</a>	10	0	1	12015	10282	162173	Vaig néixer el 4 de novembre	008
@mogoca66	<a href="https://twitter.com/mogoca66" target="_blank">mogoca66</a>	1	0	1	26	20	98		112
@MoiLeMiroir	<a href="https://twitter.com/MoiLeMiroir" target="_blank">MoiLeMiroir</a>	15	0	1	313	1168	5467		004
@moncapsa	<a href="https://twitter.com/moncapsa" target="_blank">moncapsa</a>	17	2	0	8030	7225	215308	Barcelona, Catalunya	009
@monica27ml	<a href="https://twitter.com/monica27ml" target="_blank">monica27ml</a>	3	0	1	142	419	2027	Tous, Anoia, Països Catalans	004
@monicaladybug	<a href="https://twitter.com/monicaladybug" target="_blank">monicaladybug</a>	1	0	1	5	84	93		001
@monicalbages	<a href="https://twitter.com/monicalbages" target="_blank">monicalbages</a>	7	0	2	350	338	5727	Riudoms (Catalunya)	009
@monicasole_	<a href="https://twitter.com/monicasole_" target="_blank">monicasole_</a>	1	0	1	153	571	1258	Reus	001
@MonicaSoriaOrti	<a href="https://twitter.com/MonicaSoriaOrti" target="_blank">MonicaSoriaOrti</a>	3	0	2	56	248	1172	Caldes de Montbui, Cataluña	011
@monmas3	<a href="https://twitter.com/monmas3" target="_blank">monmas3</a>	4	0	2	197	1243	6889		027
@monsamga	<a href="https://twitter.com/monsamga" target="_blank">monsamga</a>	44	0	1	77	307	6573		068
@monterhusmore	<a href="https://twitter.com/monterhusmore" target="_blank">monterhusmore</a>	14	0	1	939	1975	60368		009
@montse_castella	<a href="https://twitter.com/montse_castella" target="_blank">montse_castella</a>	8	0	1	169	277	5132	Terrassa	065
@montse40968594	<a href="https://twitter.com/montse40968594" target="_blank">montse40968594</a>	17	0	1	278	820	9523		004
@montsecanals46	<a href="https://twitter.com/montsecanals46" target="_blank">montsecanals46</a>	6	0	1	59	149	7719		016
@montsecandini	<a href="https://twitter.com/montsecandini" target="_blank">montsecandini</a>	0	6	0					009
@MontseCantinMas	<a href="https://twitter.com/MontseCantinMas" target="_blank">MontseCantinMas</a>	4	5	0	929	791	10275	Barcelona	013
@MontseCateura	<a href="https://twitter.com/MontseCateura" target="_blank">MontseCateura</a>	2	1	0	306	614	3447	Catalunya	097
@montseg68	<a href="https://twitter.com/montseg68" target="_blank">montseg68</a>	6	0	1	446	606	31895		002
@MONTSERRATMAOS1	<a href="https://twitter.com/MONTSERRATMAOS1" target="_blank">MONTSERRATMAOS1</a>	7	0	1	291	658	19199	Barcelona, Catalunya	134
@MontseVila2	<a href="https://twitter.com/MontseVila2" target="_blank">MontseVila2</a>	21	0	1	42	114	7441		012
@montsitaO	<a href="https://twitter.com/montsitaO" target="_blank">montsitaO</a>	2	0	1	227	348	7297	Girona	004
@Montxin12	<a href="https://twitter.com/Montxin12" target="_blank">Montxin12</a>	5	0	1	512	568	49156		007
@monxocat	<a href="https://twitter.com/monxocat" target="_blank">monxocat</a>	1	1	0	123	418	994	Sant Cugat del Vallès, Espanya	098
@moragriega	<a href="https://twitter.com/moragriega" target="_blank">moragriega</a>	6	0	1	1758	1279	65691	BCN, República de Catalunya	009
@morpheus17pro	<a href="https://twitter.com/morpheus17pro" target="_blank">morpheus17pro</a>	17	0	1	147	275	15096	Sant Boi de Llobregat	037
@Moscadelvi	<a href="https://twitter.com/Moscadelvi" target="_blank">Moscadelvi</a>	8	0	1	135	174	3448		027
@moxpuncat	<a href="https://twitter.com/moxpuncat" target="_blank">moxpuncat</a>	3	0	1	28	198	302		004
@MRialp	<a href="https://twitter.com/MRialp" target="_blank">MRialp</a>	16	0	1	973	1776	108905		034
@mrosaescardo	<a href="https://twitter.com/mrosaescardo" target="_blank">mrosaescardo</a>	11	0	1	311	370	3250	Catalunya	002
@mrosasans	<a href="https://twitter.com/mrosasans" target="_blank">mrosasans</a>	3	0	1	21	70	1617	Badalona, Cataluña	008
@ms_lurdes	<a href="https://twitter.com/ms_lurdes" target="_blank">ms_lurdes</a>	1	0	1	2	26	26		004
@msanbui	<a href="https://twitter.com/msanbui" target="_blank">msanbui</a>	13	0	1	97	293	17466		024
@MTarragona	<a href="https://twitter.com/MTarragona" target="_blank">MTarragona</a>	3	0	1	7	47	97		027
@mugarteburu	<a href="https://twitter.com/mugarteburu" target="_blank">mugarteburu</a>	1	0	1	5143	1044	14462	Euskal Herria Basque Country	100
@mundoespejo1	<a href="https://twitter.com/mundoespejo1" target="_blank">mundoespejo1</a>	2	0	1	1328	654	46969		086
@munoz_joaquim	<a href="https://twitter.com/munoz_joaquim" target="_blank">munoz_joaquim</a>	7	0	2	7	83	856	Catalonia	002
@murri1972	<a href="https://twitter.com/murri1972" target="_blank">murri1972</a>	31	0	1	335	351	40759		004
@musxocolata	<a href="https://twitter.com/musxocolata" target="_blank">musxocolata</a>	7	0	1	18	51	1403		177
@muxaineta	<a href="https://twitter.com/muxaineta" target="_blank">muxaineta</a>	26	0	1	1855	1369	99439		024
@NachoAlamillo	<a href="https://twitter.com/NachoAlamillo" target="_blank">NachoAlamillo</a>	10	0	1	1255	532	22519	Aleixar	007
@Nadineosaer93	<a href="https://twitter.com/Nadineosaer93" target="_blank">Nadineosaer93</a>	7	1	0	40	159	201		095
@NALBAROMA	<a href="https://twitter.com/NALBAROMA" target="_blank">NALBAROMA</a>	12	0	3	187	341	10281	Barcelona	011
@namesvullvotar	<a href="https://twitter.com/namesvullvotar" target="_blank">namesvullvotar</a>	26	0	1	458	828	33579	Tram 412	018
@nan_boig	<a href="https://twitter.com/nan_boig" target="_blank">nan_boig</a>	2	0	1	290	1514	6661	Lost in Catalonia	002
@nandoterra5	<a href="https://twitter.com/nandoterra5" target="_blank">nandoterra5</a>	0	1	0					096
@Nane_nanemusic	<a href="https://twitter.com/Nane_nanemusic" target="_blank">Nane_nanemusic</a>	11	0	1	846	2107	15163	El Món	007
@NaneVrnt	<a href="https://twitter.com/NaneVrnt" target="_blank">NaneVrnt</a>	2	0	1	5	41	179		006
@naoj77	<a href="https://twitter.com/naoj77" target="_blank">naoj77</a>	10	0	1	707	1436	6620	Barcelona, Catalunya	011
@NatiVeraguas	<a href="https://twitter.com/NatiVeraguas" target="_blank">NatiVeraguas</a>	1	0	1	91	182	206	Barcelona	047
@NaturaMaresme	<a href="https://twitter.com/NaturaMaresme" target="_blank">NaturaMaresme</a>	51	0	1	102	179	8555		031
@natx1958	<a href="https://twitter.com/natx1958" target="_blank">natx1958</a>	13	0	1	248	364	26469	Barcelona, España	002
@NatxPO	<a href="https://twitter.com/NatxPO" target="_blank">NatxPO</a>	1	0	1	64	297	289	la Nova Esquerra de l'Eixample	001
@naubatalla	<a href="https://twitter.com/naubatalla" target="_blank">naubatalla</a>	0	6	0					018
@Navarro4Nuria	<a href="https://twitter.com/Navarro4Nuria" target="_blank">Navarro4Nuria</a>	4	0	1	16	87	546	Badalona, España	014
@NavarroCarme	<a href="https://twitter.com/NavarroCarme" target="_blank">NavarroCarme</a>	6	0	1	307	1512	8109	Barcelona, Catalunya ||*||	005
@NBaltasa	<a href="https://twitter.com/NBaltasa" target="_blank">NBaltasa</a>	22	0	1	98	23	16134		009
@ncasasm12	<a href="https://twitter.com/ncasasm12" target="_blank">ncasasm12</a>	1	0	1	60	197	855	Tarragona	007
@NCongost	<a href="https://twitter.com/NCongost" target="_blank">NCongost</a>	1	0	1	113	298	1053	Caldes de Montbui. Catalunya	011
@nebur_Txan	<a href="https://twitter.com/nebur_Txan" target="_blank">nebur_Txan</a>	1	0	1	1094	2020	11175	Iruñea / Naf	071
@Nedadora	<a href="https://twitter.com/Nedadora" target="_blank">Nedadora</a>	13	0	2	19	147	2560		006
@Nefernit	<a href="https://twitter.com/Nefernit" target="_blank">Nefernit</a>	7	0	1	125	395	8531		007
@NegreViader	<a href="https://twitter.com/NegreViader" target="_blank">NegreViader</a>	4	0	1	397	1314	1335		004
@Nekatur99	<a href="https://twitter.com/Nekatur99" target="_blank">Nekatur99</a>	2	0	1	50	93	3541		002
@NemeGM	<a href="https://twitter.com/NemeGM" target="_blank">NemeGM</a>	1	0	1	3135	4154	16121		001
@NEMOamerican201	<a href="https://twitter.com/NEMOamerican201" target="_blank">NEMOamerican201</a>	1	0	1	471	443	29702		036
@NeoCat2014	<a href="https://twitter.com/NeoCat2014" target="_blank">NeoCat2014</a>	0	1	0					093
@neowill3	<a href="https://twitter.com/neowill3" target="_blank">neowill3</a>	11	0	1	276	1348	5541	mundo	008
@nereida_edo	<a href="https://twitter.com/nereida_edo" target="_blank">nereida_edo</a>	8	5	1	1819	1999	3612	Montgat	014
@neusverdaguer	<a href="https://twitter.com/neusverdaguer" target="_blank">neusverdaguer</a>	7	0	1	161	153	2160		158
@NinaIvori	<a href="https://twitter.com/NinaIvori" target="_blank">NinaIvori</a>	3	0	1	1029	524	65419	Tarragona, Cataluña	027
@nirobles	<a href="https://twitter.com/nirobles" target="_blank">nirobles</a>	2	0	1	26	127	1040	Sabadell	003
@nitachem	<a href="https://twitter.com/nitachem" target="_blank">nitachem</a>	2	0	1	226	814	8118	Barcelona	114
@nitrojorjo	<a href="https://twitter.com/nitrojorjo" target="_blank">nitrojorjo</a>	4	0	1	1562	2903	13819	Barcelona, España	067
@NJosepm	<a href="https://twitter.com/NJosepm" target="_blank">NJosepm</a>	20	0	1	640	789	25968	Catalunya	003
@NO_BLOODFOR_OIL	<a href="https://twitter.com/NO_BLOODFOR_OIL" target="_blank">NO_BLOODFOR_OIL</a>	2	0	1	3747	4420	47983	lapatriagrandeBolivar	038
@no_callarem	<a href="https://twitter.com/no_callarem" target="_blank">no_callarem</a>	1	0	1	2234	3724	2039	Barcelona, España	066
@noe_bosch	<a href="https://twitter.com/noe_bosch" target="_blank">noe_bosch</a>	2	0	1	5	39	55	Andorra	004
@noesasu	<a href="https://twitter.com/noesasu" target="_blank">noesasu</a>	22	0	3	57	63	4937	Barcelona, Catalunya	007
@NoJennie	<a href="https://twitter.com/NoJennie" target="_blank">NoJennie</a>	2	1	0	26	171	557		010
@NoLoSe82797140	<a href="https://twitter.com/NoLoSe82797140" target="_blank">NoLoSe82797140</a>	5	0	1	80	91	11234		001
@NoniRamon	<a href="https://twitter.com/NoniRamon" target="_blank">NoniRamon</a>	2	0	1	535	639	7694	Catalunya	030
@Noor_BCN	<a href="https://twitter.com/Noor_BCN" target="_blank">Noor_BCN</a>	9	0	1	56	102	3902	Out of this planet	007
@norl	<a href="https://twitter.com/norl" target="_blank">norl</a>	2	0	1	245	238	13507		004
@nosoclalola	<a href="https://twitter.com/nosoclalola" target="_blank">nosoclalola</a>	3	0	1	24	81	1423		003
@Novemento	<a href="https://twitter.com/Novemento" target="_blank">Novemento</a>	0	1	0					004
@Novoo_9	<a href="https://twitter.com/Novoo_9" target="_blank">Novoo_9</a>	1	0	1	507	817	8578		155
@nriu8	<a href="https://twitter.com/nriu8" target="_blank">nriu8</a>	10	0	1	161	203	4085	Granollers, Espanya	002
@nuarmo	<a href="https://twitter.com/nuarmo" target="_blank">nuarmo</a>	8	0	1	805	1479	50745	Catalunya	007
@NuraLlum	<a href="https://twitter.com/NuraLlum" target="_blank">NuraLlum</a>	1	0	1	6	66	74		103
@nuriaingles	<a href="https://twitter.com/nuriaingles" target="_blank">nuriaingles</a>	9	0	1	2080	2295	51529	Catalunya	008
@nuriapueyod	<a href="https://twitter.com/nuriapueyod" target="_blank">nuriapueyod</a>	5	0	1	209	739	2611	Barcelona	011
@nursole	<a href="https://twitter.com/nursole" target="_blank">nursole</a>	0	1	0					094
@NUSAB75	<a href="https://twitter.com/NUSAB75" target="_blank">NUSAB75</a>	4	0	1	447	595	34321	Lleida, Catalunya	007
@nutublareix	<a href="https://twitter.com/nutublareix" target="_blank">nutublareix</a>	1	0	1	106	394	1223	Diomedes Island	011
@NyitusNyitae	<a href="https://twitter.com/NyitusNyitae" target="_blank">NyitusNyitae</a>	2	0	1	106	359	2567	Terrassa, Catalunya (lliure)	008
@OCarble	<a href="https://twitter.com/OCarble" target="_blank">OCarble</a>	1	0	1	177	697	4244		005
@ochic	<a href="https://twitter.com/ochic" target="_blank">ochic</a>	1	0	1	159	740	6833	Barcelona	007
@OlgaZurita1963	<a href="https://twitter.com/OlgaZurita1963" target="_blank">OlgaZurita1963</a>	1	0	1	269	272	13366	Vidreres (Girona) Spain	160
@OmniumAnoia	<a href="https://twitter.com/OmniumAnoia" target="_blank">OmniumAnoia</a>	1	19	1	1304	1885	1545	Anoia	028
@OmniumEbre	<a href="https://twitter.com/OmniumEbre" target="_blank">OmniumEbre</a>	3	3	0	1189	647	3335	Terres de l'Ebre, Catalunya	014
@omniumterrassa	<a href="https://twitter.com/omniumterrassa" target="_blank">omniumterrassa</a>	6	0	1	2005	1227	2069	Terrassa ( Barcelona)	007
@onasallas	<a href="https://twitter.com/onasallas" target="_blank">onasallas</a>	1	1	0	812	1454	4231	Badalona | Barcelona | PPCC	012
@onestepbeyong	<a href="https://twitter.com/onestepbeyong" target="_blank">onestepbeyong</a>	10	0	1	192	735	17523		068
@orientaccio	<a href="https://twitter.com/orientaccio" target="_blank">orientaccio</a>	6	0	1	220	532	2199		004
@OriolAmoros	<a href="https://twitter.com/OriolAmoros" target="_blank">OriolAmoros</a>	5	2	0	23136	14037	26303	Barcelona, Països Catalans	074
@oriolclaypool	<a href="https://twitter.com/oriolclaypool" target="_blank">oriolclaypool</a>	3	0	1	231	737	1537	Catalunya	034
@oriolcn	<a href="https://twitter.com/oriolcn" target="_blank">oriolcn</a>	2	0	1	108	474	544	Tarragona	123
@oriolcr	<a href="https://twitter.com/oriolcr" target="_blank">oriolcr</a>	9	0	1	681	583	9091	Barcelona	041
@oriolfg	<a href="https://twitter.com/oriolfg" target="_blank">oriolfg</a>	2	70	0	982	193	2961	Caldes de Montbui	011
@oriolgines	<a href="https://twitter.com/oriolgines" target="_blank">oriolgines</a>	1	0	1	108	120	12404	Barcelona	013
@OriolHosta	<a href="https://twitter.com/OriolHosta" target="_blank">OriolHosta</a>	6	0	1	997	2169	5930	Gràcia - Barcelona	026
@oriolllado	<a href="https://twitter.com/oriolllado" target="_blank">oriolllado</a>	1	3	0	11156	3637	39490	Badalona, Països Catalans	007
@Orlik_Cat	<a href="https://twitter.com/Orlik_Cat" target="_blank">Orlik_Cat</a>	13	0	1	2231	1905	153862	Achill Island, Ireland	008
@OscarAndreu	<a href="https://twitter.com/OscarAndreu" target="_blank">OscarAndreu</a>	0	1	0					079
@oscargilsot	<a href="https://twitter.com/oscargilsot" target="_blank">oscargilsot</a>	2	0	1	699	79	4148	Montcada i Reixac	188
@Osloma5	<a href="https://twitter.com/Osloma5" target="_blank">Osloma5</a>	1	0	1	12	63	858	Manresa, España	002
@OtAlerm	<a href="https://twitter.com/OtAlerm" target="_blank">OtAlerm</a>	2	0	1	171	582	1347	BCN	001
@Otkel78	<a href="https://twitter.com/Otkel78" target="_blank">Otkel78</a>	16	0	1	96	172	11661		007
@Ouagadougu123	<a href="https://twitter.com/Ouagadougu123" target="_blank">Ouagadougu123</a>	10	0	1	1295	1270	46437	Catalunya /Catalufia	002
@pacoivarscastel	<a href="https://twitter.com/pacoivarscastel" target="_blank">pacoivarscastel</a>	2	0	1	231	324	7936		013
@Pajarrakuss	<a href="https://twitter.com/Pajarrakuss" target="_blank">Pajarrakuss</a>	11	0	1	67	136	3900	Barcelona, Catalunya	172
@Pallacus	<a href="https://twitter.com/Pallacus" target="_blank">Pallacus</a>	25	0	1	256	261	19913	Barcino	002
@panpalpueblo	<a href="https://twitter.com/panpalpueblo" target="_blank">panpalpueblo</a>	3	0	1	94	127	2208		029
@panxingamberrin	<a href="https://twitter.com/panxingamberrin" target="_blank">panxingamberrin</a>	3	0	1	550	1384	32255	vilobi d'onyar	002
@papatoniatt	<a href="https://twitter.com/papatoniatt" target="_blank">papatoniatt</a>	5	0	1	137	427	2607	Mataró	011
@paquiglez82	<a href="https://twitter.com/paquiglez82" target="_blank">paquiglez82</a>	1	4	0	8244	7630	35490	Barcelona, nou barris	040
@paquisoldado	<a href="https://twitter.com/paquisoldado" target="_blank">paquisoldado</a>	7	0	1	338	405	12307	Tona (Barcelona)	006
@ParesMorales	<a href="https://twitter.com/ParesMorales" target="_blank">ParesMorales</a>	14	0	1	22	338	1807		074
@PatoMac8	<a href="https://twitter.com/PatoMac8" target="_blank">PatoMac8</a>	1	0	1	77	198	2230		001
@PatrciaPalau1	<a href="https://twitter.com/PatrciaPalau1" target="_blank">PatrciaPalau1</a>	1	0	1	42	111	540	Països Catalans	001
@PattyArquette	<a href="https://twitter.com/PattyArquette" target="_blank">PattyArquette</a>	1	0	1	229708	2240	42593		036
@PauCuadrado_5	<a href="https://twitter.com/PauCuadrado_5" target="_blank">PauCuadrado_5</a>	1	0	1	239	304	1189		027
@PauFarinetes	<a href="https://twitter.com/PauFarinetes" target="_blank">PauFarinetes</a>	50	0	2	346	815	37343	Hostafrancs (EastEnd Cortsenc)	011
@paula_vallverdu	<a href="https://twitter.com/paula_vallverdu" target="_blank">paula_vallverdu</a>	1	0	1	46	165	374		029
@paulacastellvi	<a href="https://twitter.com/paulacastellvi" target="_blank">paulacastellvi</a>	1	3	0	296	741	4325	Barcelona, Catalunya	047
@paulaortiz82	<a href="https://twitter.com/paulaortiz82" target="_blank">paulaortiz82</a>	1	2	0	25	73	114	Sabadell	006
@paullobet	<a href="https://twitter.com/paullobet" target="_blank">paullobet</a>	1	0	1	102	112	1679		083
@PauPujol	<a href="https://twitter.com/PauPujol" target="_blank">PauPujol</a>	2	0	1	1271	1106	16288	Premià de Mar, Catalunya	001
@PauRibes7	<a href="https://twitter.com/PauRibes7" target="_blank">PauRibes7</a>	0	4	0					001
@pbuades	<a href="https://twitter.com/pbuades" target="_blank">pbuades</a>	17	0	1	293	696	11578	sa Pobla, Majorca, Catalonia	007
@PConstGracia	<a href="https://twitter.com/PConstGracia" target="_blank">PConstGracia</a>	1	0	1	439	380	3268	Vila de Gracia, Barcelona	038
@PDCALLDETENES	<a href="https://twitter.com/PDCALLDETENES" target="_blank">PDCALLDETENES</a>	7	0	1	372	627	6392	Catalunya	009
@PDCVdM	<a href="https://twitter.com/PDCVdM" target="_blank">PDCVdM</a>	3	7	0	539	1131	2825	Vilassar de Mar ( CATALUNYA )	009
@PDeCAT_ViA	<a href="https://twitter.com/PDeCAT_ViA" target="_blank">PDeCAT_ViA</a>	7	0	1	492	234	5428	Sant Pere de Ribes	009
@PDeCATBCN	<a href="https://twitter.com/PDeCATBCN" target="_blank">PDeCATBCN</a>	3	13	0	3841	1896	7931	Barcelona, Catalunya	013
@PDeCATEEISA	<a href="https://twitter.com/PDeCATEEISA" target="_blank">PDeCATEEISA</a>	1	0	1	871	1375	1135	Consell de Cent,113, BCN	013
@PDeCATelV	<a href="https://twitter.com/PDeCATelV" target="_blank">PDeCATelV</a>	2	1	0	99	303	89	El Vendrell | Catalunya	183
@PDeCATGIRONA	<a href="https://twitter.com/PDeCATGIRONA" target="_blank">PDeCATGIRONA</a>	2	1	0	1379	436	6710	Girona	180
@PdecatGracia	<a href="https://twitter.com/PdecatGracia" target="_blank">PdecatGracia</a>	28	0	2	324	72	8436	Barcelona, Catalunya	009
@PDECATlanoguera	<a href="https://twitter.com/PDECATlanoguera" target="_blank">PDECATlanoguera</a>	5	0	1	66	319	1660	Lleida,	009
@pdecatquart	<a href="https://twitter.com/pdecatquart" target="_blank">pdecatquart</a>	0	1	0					181
@PDECATsstg	<a href="https://twitter.com/PDECATsstg" target="_blank">PDECATsstg</a>	15	0	1	1661	2084	30241	Carrer Balmes 438, Barcelona	013
@PDeCATTARREGA	<a href="https://twitter.com/PDeCATTARREGA" target="_blank">PDeCATTARREGA</a>	0	1	0					179
@Pdemocratacat	<a href="https://twitter.com/Pdemocratacat" target="_blank">Pdemocratacat</a>	8	74	1	190346	48261	19744	Catalunya	009
@peca004	<a href="https://twitter.com/peca004" target="_blank">peca004</a>	2	0	1	192	481	4313		029
@pedro_lopez	<a href="https://twitter.com/pedro_lopez" target="_blank">pedro_lopez</a>	1	0	1	152	169	928	Mataró - Catalunya - Europa?	031
@pedrogarciaflo3	<a href="https://twitter.com/pedrogarciaflo3" target="_blank">pedrogarciaflo3</a>	61	0	1	1890	547	370488	REPUBLICA CATALANA (GIRONA)	007
@pep_marsal	<a href="https://twitter.com/pep_marsal" target="_blank">pep_marsal</a>	6	0	1	264	405	8045		028
@PepaPlana	<a href="https://twitter.com/PepaPlana" target="_blank">PepaPlana</a>	0	63	0					004
@pepesep11	<a href="https://twitter.com/pepesep11" target="_blank">pepesep11</a>	4	0	1	5	43	141		098
@pepetimarieta	<a href="https://twitter.com/pepetimarieta" target="_blank">pepetimarieta</a>	4	4	1	5618	747	8478	Ulldecona, Benicarló i BCN	019
@PepetPig	<a href="https://twitter.com/PepetPig" target="_blank">PepetPig</a>	0	1	0					172
@Pepifin	<a href="https://twitter.com/Pepifin" target="_blank">Pepifin</a>	10	0	1	178	384	33353		044
@pepmasf	<a href="https://twitter.com/pepmasf" target="_blank">pepmasf</a>	1	0	1	59	319	685	Catalunya	007
@pepmollevi	<a href="https://twitter.com/pepmollevi" target="_blank">pepmollevi</a>	8	0	1	761	1340	23476	Baix Montseny	051
@PepQuintanaOlot	<a href="https://twitter.com/PepQuintanaOlot" target="_blank">PepQuintanaOlot</a>	3	0	2	433	961	3875		020
@Pere_Mol	<a href="https://twitter.com/Pere_Mol" target="_blank">Pere_Mol</a>	1	0	1	78	290	3137		007
@PereCastillo53	<a href="https://twitter.com/PereCastillo53" target="_blank">PereCastillo53</a>	29	0	1	696	1104	82765	Sant Just Desvern - Catalunya	157
@PereGalofre	<a href="https://twitter.com/PereGalofre" target="_blank">PereGalofre</a>	6	0	1	158	524	1857	Tarragona, Catalunya	009
@peregavalda	<a href="https://twitter.com/peregavalda" target="_blank">peregavalda</a>	1	0	1	205	941	1804	Catalunya	007
@PereGrauV	<a href="https://twitter.com/PereGrauV" target="_blank">PereGrauV</a>	1	0	1	1248	847	31557	Tarragona	009
@PereGuino	<a href="https://twitter.com/PereGuino" target="_blank">PereGuino</a>	1	0	1	259	528	809		001
@perelluis_	<a href="https://twitter.com/perelluis_" target="_blank">perelluis_</a>	10	0	1	1150	2525	12273	Barcelona	011
@peresabat	<a href="https://twitter.com/peresabat" target="_blank">peresabat</a>	3	0	1	1808	1261	22809		017
@peretdepalau	<a href="https://twitter.com/peretdepalau" target="_blank">peretdepalau</a>	6	0	1	109	97	4588		009
@perevivaselias	<a href="https://twitter.com/perevivaselias" target="_blank">perevivaselias</a>	16	0	1	849	1223	48648	Catalunya.	007
@perezlozano	<a href="https://twitter.com/perezlozano" target="_blank">perezlozano</a>	7	0	1	3501	3096	32279	El Prat de Llobregat	001
@perica85	<a href="https://twitter.com/perica85" target="_blank">perica85</a>	3	0	1	580	762	21657		001
@Perlapau	<a href="https://twitter.com/Perlapau" target="_blank">Perlapau</a>	10	0	1	549	1050	13630		003
@PerMareEtCaelum	<a href="https://twitter.com/PerMareEtCaelum" target="_blank">PerMareEtCaelum</a>	7	2	0	1167	1162	12693	A Cassiopea, més o menys...	070
@peronelladarago	<a href="https://twitter.com/peronelladarago" target="_blank">peronelladarago</a>	11	0	1	5419	3736	52441	República Catalana, UE	007
@peruchita1950	<a href="https://twitter.com/peruchita1950" target="_blank">peruchita1950</a>	22	0	1	3200	3975	147820		025
@Petalo79	<a href="https://twitter.com/Petalo79" target="_blank">Petalo79</a>	1	0	1	118	318	8183	Barcelona	047
@peterpancha9	<a href="https://twitter.com/peterpancha9" target="_blank">peterpancha9</a>	3	0	1	42	142	632	Jesús	009
@PetitesJoies	<a href="https://twitter.com/PetitesJoies" target="_blank">PetitesJoies</a>	2	0	1	1065	2060	3472		011
@petitpex	<a href="https://twitter.com/petitpex" target="_blank">petitpex</a>	1	9	0	579	1180	2456	Sant Cugat del Vallès	030
@pgomezinglada	<a href="https://twitter.com/pgomezinglada" target="_blank">pgomezinglada</a>	1	1	1	1840	1343	17714	Olot	006
@pgtorremorell1	<a href="https://twitter.com/pgtorremorell1" target="_blank">pgtorremorell1</a>	13	0	1	45	161	11947		009
@PilarGP_	<a href="https://twitter.com/PilarGP_" target="_blank">PilarGP_</a>	11	1	0	541	1743	15635	Espanya	173
@PileteJosefine	<a href="https://twitter.com/PileteJosefine" target="_blank">PileteJosefine</a>	33	0	1	2785	2117	146848		044
@piratesXindep	<a href="https://twitter.com/piratesXindep" target="_blank">piratesXindep</a>	1	0	1	497	733	1176	Catalunya	009
@pirineus75	<a href="https://twitter.com/pirineus75" target="_blank">pirineus75</a>	11	0	1	776	1783	5850	Girona, Catalunya	002
@piticli_04	<a href="https://twitter.com/piticli_04" target="_blank">piticli_04</a>	2	0	1	534	1027	2691	Girona	004
@pitudedeu	<a href="https://twitter.com/pitudedeu" target="_blank">pitudedeu</a>	15	0	1	15767	16697	79744	#DI	014
@piuladeta	<a href="https://twitter.com/piuladeta" target="_blank">piuladeta</a>	1	0	1	20	129	38		010
@pjvinos	<a href="https://twitter.com/pjvinos" target="_blank">pjvinos</a>	2	0	1	95	240	486	Igualada, Catalunya	028
@PL_ElCamp	<a href="https://twitter.com/PL_ElCamp" target="_blank">PL_ElCamp</a>	1	0	1	333	330	2118		009
@planta_negra	<a href="https://twitter.com/planta_negra" target="_blank">planta_negra</a>	1	0	1	176	450	12730	Kanto	001
@poblellebrenc	<a href="https://twitter.com/poblellebrenc" target="_blank">poblellebrenc</a>	0	1	0					169
@podemsocia	<a href="https://twitter.com/podemsocia" target="_blank">podemsocia</a>	7	0	7	1237	772	30267	Estado Español	078
@polinices11	<a href="https://twitter.com/polinices11" target="_blank">polinices11</a>	7	0	1	19	416	2102		027
@Ponti21	<a href="https://twitter.com/Ponti21" target="_blank">Ponti21</a>	1	0	1	286	607	654	Gironella	136
@PONZANO	<a href="https://twitter.com/PONZANO" target="_blank">PONZANO</a>	2	0	1	72	260	2094	la Pobla de claramunt	028
@porta_roger	<a href="https://twitter.com/porta_roger" target="_blank">porta_roger</a>	1	1	0	100	216	2207		011
@pratvoltrega	<a href="https://twitter.com/pratvoltrega" target="_blank">pratvoltrega</a>	3	0	1	542	714	5153	Osona, Catalonia	013
@PratXevi	<a href="https://twitter.com/PratXevi" target="_blank">PratXevi</a>	5	0	1	351	429	23519	Catalunya. Barcelona i Enbas	003
@PrickAndRoll	<a href="https://twitter.com/PrickAndRoll" target="_blank">PrickAndRoll</a>	3	0	1	160	200	6588		011
@Primfael1	<a href="https://twitter.com/Primfael1" target="_blank">Primfael1</a>	5	0	1	19	50	4035		190
@probatxoa	<a href="https://twitter.com/probatxoa" target="_blank">probatxoa</a>	2	0	1	3448	1083	31671		085
@PropagandaPFet	<a href="https://twitter.com/PropagandaPFet" target="_blank">PropagandaPFet</a>	2	0	1	7446	1587	7589	Manresa	156
@PSBallart	<a href="https://twitter.com/PSBallart" target="_blank">PSBallart</a>	42	0	1	76	234	4918	Barcelona CATALUNYA	009
@psmftortuga	<a href="https://twitter.com/psmftortuga" target="_blank">psmftortuga</a>	1	0	1	61	100	1369		170
@PueyoCarlos	<a href="https://twitter.com/PueyoCarlos" target="_blank">PueyoCarlos</a>	5	0	1	141	383	10264		007
@PuigCesc	<a href="https://twitter.com/PuigCesc" target="_blank">PuigCesc</a>	1	0	1	68	102	433	Caldes de Montbui	011
@Puigdu	<a href="https://twitter.com/Puigdu" target="_blank">Puigdu</a>	6	2	0	234	545	5490	Barcelona, Catalunya	007
@PuigXavi	<a href="https://twitter.com/PuigXavi" target="_blank">PuigXavi</a>	3	0	1	37	205	773	Barcelona, Catalunya	007
@Purific00792695	<a href="https://twitter.com/Purific00792695" target="_blank">Purific00792695</a>	2	0	1	1	47	352		003
@qMaxattackp	<a href="https://twitter.com/qMaxattackp" target="_blank">qMaxattackp</a>	1	0	1	81	308	408		029
@qualssevol	<a href="https://twitter.com/qualssevol" target="_blank">qualssevol</a>	2	0	1	175	213	5766		030
@quelfus	<a href="https://twitter.com/quelfus" target="_blank">quelfus</a>	15	0	1	193	189	14824	banyoles	002
@queralcasanova	<a href="https://twitter.com/queralcasanova" target="_blank">queralcasanova</a>	1	0	1	169	507	517		047
@Quimbtar	<a href="https://twitter.com/Quimbtar" target="_blank">Quimbtar</a>	3	0	1	121	243	4955	Catalunya.	001
@quimcs	<a href="https://twitter.com/quimcs" target="_blank">quimcs</a>	1	0	1	61	107	214	Girona - Catalunya	007
@quimetadenvila	<a href="https://twitter.com/quimetadenvila" target="_blank">quimetadenvila</a>	1	0	1	42	62	160	Celrà	005
@Quimmitjans	<a href="https://twitter.com/Quimmitjans" target="_blank">Quimmitjans</a>	1	1	0	517	586	5698	Catalunya	168
@QuimTorraiPla	<a href="https://twitter.com/QuimTorraiPla" target="_blank">QuimTorraiPla</a>	12	0	3	7847	752	12465	Barcelona, República de Catalunya	016
@Quintudj	<a href="https://twitter.com/Quintudj" target="_blank">Quintudj</a>	13	0	2	1547	3528	128103	Fargo	006
@Ra77Rm	<a href="https://twitter.com/Ra77Rm" target="_blank">Ra77Rm</a>	2	0	1	282	213	2252		056
@RabalMaite	<a href="https://twitter.com/RabalMaite" target="_blank">RabalMaite</a>	57	0	2	85	141	26437		009
@racacu51	<a href="https://twitter.com/racacu51" target="_blank">racacu51</a>	2	0	1	142	133	12942		043
@RadaASP	<a href="https://twitter.com/RadaASP" target="_blank">RadaASP</a>	3	0	1	183	193	10801		011
@raferto	<a href="https://twitter.com/raferto" target="_blank">raferto</a>	0	1	0					170
@ramon_comellas	<a href="https://twitter.com/ramon_comellas" target="_blank">ramon_comellas</a>	3	0	1	78	185	2756		009
@RAMON_FREDERIC	<a href="https://twitter.com/RAMON_FREDERIC" target="_blank">RAMON_FREDERIC</a>	11	0	1	1173	1232	11498		007
@Ramon_Roig	<a href="https://twitter.com/Ramon_Roig" target="_blank">Ramon_Roig</a>	3	0	1	439	97	23205	Terres de l'Ebre, Catalunya.	007
@RamonBelSerrat	<a href="https://twitter.com/RamonBelSerrat" target="_blank">RamonBelSerrat</a>	0	2	0					019
@RamonFajav	<a href="https://twitter.com/RamonFajav" target="_blank">RamonFajav</a>	4	0	1	57	117	4567		005
@RamonMoncunill	<a href="https://twitter.com/RamonMoncunill" target="_blank">RamonMoncunill</a>	6	0	1	1355	2229	26004		002
@Ramonpauls	<a href="https://twitter.com/Ramonpauls" target="_blank">Ramonpauls</a>	7	0	1	461	395	17923	Catalunya	001
@ramonroyo	<a href="https://twitter.com/ramonroyo" target="_blank">ramonroyo</a>	28	0	1	337	211	34539	Sarrià	016
@ramonsrovira	<a href="https://twitter.com/ramonsrovira" target="_blank">ramonsrovira</a>	6	0	1	897	4078	17198	Barcelona	011
@ramontremosa	<a href="https://twitter.com/ramontremosa" target="_blank">ramontremosa</a>	18	204	1	69364	1301	31183	BCN, CAT & EU	007
@Raspinell	<a href="https://twitter.com/Raspinell" target="_blank">Raspinell</a>	1	0	1	106	1033	396		141
@rastafardo1	<a href="https://twitter.com/rastafardo1" target="_blank">rastafardo1</a>	1	0	1	24	79	67		019
@rcastel7	<a href="https://twitter.com/rcastel7" target="_blank">rcastel7</a>	1	0	1	132	169	1163		028
@rcollb	<a href="https://twitter.com/rcollb" target="_blank">rcollb</a>	3	0	1	33	45	1435		009
@rcpuig94	<a href="https://twitter.com/rcpuig94" target="_blank">rcpuig94</a>	23	0	1	1046	1056	19063	CATALONIA/ CATALUNYA	006
@RDBCat	<a href="https://twitter.com/RDBCat" target="_blank">RDBCat</a>	38	0	2	107	135	15829	Catalunya	005
@ref1oct	<a href="https://twitter.com/ref1oct" target="_blank">ref1oct</a>	0	1	0					157
@regojordi	<a href="https://twitter.com/regojordi" target="_blank">regojordi</a>	5	0	1	28	156	3304		003
@regortc	<a href="https://twitter.com/regortc" target="_blank">regortc</a>	1	0	1	111	221	67	Premià de Mar, España	076
@Rfitoc	<a href="https://twitter.com/Rfitoc" target="_blank">Rfitoc</a>	5	0	1	6	70	1322		003
@RiberaFelix	<a href="https://twitter.com/RiberaFelix" target="_blank">RiberaFelix</a>	1	0	1	172	699	1564	BCN	007
@RICARD24096125	<a href="https://twitter.com/RICARD24096125" target="_blank">RICARD24096125</a>	14	0	1	630	2502	27004		050
@RicardBlayaVico	<a href="https://twitter.com/RicardBlayaVico" target="_blank">RicardBlayaVico</a>	2	0	1	4	16	351		001
@ricardpega	<a href="https://twitter.com/ricardpega" target="_blank">ricardpega</a>	2	0	1	187	413	9182		004
@ricardtc	<a href="https://twitter.com/ricardtc" target="_blank">ricardtc</a>	1	1	0	646	618	13692	En un racó de la mediterrània	158
@RIGARIU	<a href="https://twitter.com/RIGARIU" target="_blank">RIGARIU</a>	2	0	1	151	505	3495		004
@Rita246Rita	<a href="https://twitter.com/Rita246Rita" target="_blank">Rita246Rita</a>	1	0	1	1576	2252	13790	Brasil Nascido em 3 de agosto	036
@Ritxi_Witxi	<a href="https://twitter.com/Ritxi_Witxi" target="_blank">Ritxi_Witxi</a>	14	0	1	2007	1328	59713	Això és a prop! Cerca! Near!	007
@riveropirineu	<a href="https://twitter.com/riveropirineu" target="_blank">riveropirineu</a>	8	0	1	1168	989	13156	Esterri d'Àneu. Pallars Sobirà	009
@rlt_82	<a href="https://twitter.com/rlt_82" target="_blank">rlt_82</a>	1	0	1	12	74	115		056
@RMORMA	<a href="https://twitter.com/RMORMA" target="_blank">RMORMA</a>	2	0	1	51	207	1884	Girona, Catalunya	007
@robesaez	<a href="https://twitter.com/robesaez" target="_blank">robesaez</a>	0	1	0					159
@Rocsalafaixa	<a href="https://twitter.com/Rocsalafaixa" target="_blank">Rocsalafaixa</a>	5	0	1	1965	1414	63528	Catalunya irredempta	009
@rodrigo_alsina	<a href="https://twitter.com/rodrigo_alsina" target="_blank">rodrigo_alsina</a>	12	0	1	102	86	6517	Universitat Pompeu Fabra	007
@RogerBascompte	<a href="https://twitter.com/RogerBascompte" target="_blank">RogerBascompte</a>	2	1	0	342	321	812		155
@rogeriera8	<a href="https://twitter.com/rogeriera8" target="_blank">rogeriera8</a>	5	0	1	375	717	6102	Badalona, Catalunya	002
@rogermilego	<a href="https://twitter.com/rogermilego" target="_blank">rogermilego</a>	3	0	1	1144	1648	24089	Cardedeu, Catalunya	004
@rogervilapadro	<a href="https://twitter.com/rogervilapadro" target="_blank">rogervilapadro</a>	3	0	1	595	418	4670		063
@RogerYoda	<a href="https://twitter.com/RogerYoda" target="_blank">RogerYoda</a>	13	0	1	7725	5952	103408	E Street, Jungleland	014
@rollercup	<a href="https://twitter.com/rollercup" target="_blank">rollercup</a>	2	0	1	497	1874	2473		005
@roquini	<a href="https://twitter.com/roquini" target="_blank">roquini</a>	1	1	0	5893	958	33172	Vic,Catalunya	012
@rosa_batalla	<a href="https://twitter.com/rosa_batalla" target="_blank">rosa_batalla</a>	2	0	1	694	1301	7796		034
@rosa_isart	<a href="https://twitter.com/rosa_isart" target="_blank">rosa_isart</a>	3	0	1	23	150	308	Vilafranca del Penedès, España	017
@Rosa_olob	<a href="https://twitter.com/Rosa_olob" target="_blank">Rosa_olob</a>	1	2	0	26	127	713		009
@Rosa_Planas	<a href="https://twitter.com/Rosa_Planas" target="_blank">Rosa_Planas</a>	5	0	1	409	439	10383	Barcelona, Catalunya	001
@Rosa00459601	<a href="https://twitter.com/Rosa00459601" target="_blank">Rosa00459601</a>	9	0	1	22	169	5461		009
@rosaarizafont	<a href="https://twitter.com/rosaarizafont" target="_blank">rosaarizafont</a>	1	0	1	27	130	182		001
@RosaGambin	<a href="https://twitter.com/RosaGambin" target="_blank">RosaGambin</a>	5	0	1	127	265	3410	Catalunya	001
@RosaMaNM	<a href="https://twitter.com/RosaMaNM" target="_blank">RosaMaNM</a>	10	0	2	1944	2408	22508	Barcelona	013
@RosaMasalles	<a href="https://twitter.com/RosaMasalles" target="_blank">RosaMasalles</a>	3	0	1	30	291	682		009
@rosapique	<a href="https://twitter.com/rosapique" target="_blank">rosapique</a>	8	0	2	685	500	9866	Catalunya	009
@rosayue	<a href="https://twitter.com/rosayue" target="_blank">rosayue</a>	21	0	2	666	581	26801	SABADELL, CATALUNYA	006
@RoseHat1	<a href="https://twitter.com/RoseHat1" target="_blank">RoseHat1</a>	4	0	1	1539	969	46734	Principat (Cat, PPCC) II*II	007
@rosergamonal	<a href="https://twitter.com/rosergamonal" target="_blank">rosergamonal</a>	0	1	0					156
@rotondadeponts	<a href="https://twitter.com/rotondadeponts" target="_blank">rotondadeponts</a>	6	0	1	204	144	1137	Ponts	147
@Rousie66	<a href="https://twitter.com/Rousie66" target="_blank">Rousie66</a>	4	0	1	74	81	1538	Salt, Catalunya	089
@RramonfRrf	<a href="https://twitter.com/RramonfRrf" target="_blank">RramonfRrf</a>	19	0	1	540	746	17409	barcelona gracia	003
@Rras58	<a href="https://twitter.com/Rras58" target="_blank">Rras58</a>	32	0	1	569	1483	16725		007
@rrocai	<a href="https://twitter.com/rrocai" target="_blank">rrocai</a>	25	0	1	97	136	14246	Independiente	003
@rrosellm	<a href="https://twitter.com/rrosellm" target="_blank">rrosellm</a>	2	0	1	71	130	1327	Catalunya	007
@rsoler2000	<a href="https://twitter.com/rsoler2000" target="_blank">rsoler2000</a>	7	0	1	43	80	8892		001
@RTomasV	<a href="https://twitter.com/RTomasV" target="_blank">RTomasV</a>	1	0	1	154	189	583	Països Catalans	175
@ruastur	<a href="https://twitter.com/ruastur" target="_blank">ruastur</a>	14	0	1	702	959	26313	Free Asturies	173
@RubiJosu	<a href="https://twitter.com/RubiJosu" target="_blank">RubiJosu</a>	10	0	1	1329	3538	25743		006
@rull_xavi	<a href="https://twitter.com/rull_xavi" target="_blank">rull_xavi</a>	1	0	1	40	145	1604	Reus	007
@RutBaques	<a href="https://twitter.com/RutBaques" target="_blank">RutBaques</a>	1	0	1	178	172	1899	Catalunya	185
@Rutdegramenet	<a href="https://twitter.com/Rutdegramenet" target="_blank">Rutdegramenet</a>	13	1	0	613	373	24863	Santa Coloma de Gramenet	153
@rutx11	<a href="https://twitter.com/rutx11" target="_blank">rutx11</a>	10	0	1	254	317	5570	Catalunya	058
@Rvinaixa	<a href="https://twitter.com/Rvinaixa" target="_blank">Rvinaixa</a>	1	0	1	300	677	503	Reus, Espanya	027
@sack_am	<a href="https://twitter.com/sack_am" target="_blank">sack_am</a>	88	0	1	2833	3178	269823	Badalona, Catalunya	007
@sagarra	<a href="https://twitter.com/sagarra" target="_blank">sagarra</a>	1	0	1	589	1076	2716	41.487715,2.066368	011
@SagaZelda	<a href="https://twitter.com/SagaZelda" target="_blank">SagaZelda</a>	10	0	1	74	100	7746	Catalunya	011
@Said_Luali	<a href="https://twitter.com/Said_Luali" target="_blank">Said_Luali</a>	3	0	1	376	244	9689	Barcelona, Cataluña	003
@salva_morenop	<a href="https://twitter.com/salva_morenop" target="_blank">salva_morenop</a>	19	0	1	27	63	2230		028
@salva1122	<a href="https://twitter.com/salva1122" target="_blank">salva1122</a>	27	0	1	52	62	2695	Barcelona, Catalunya, Europa	003
@Salvador_Murla	<a href="https://twitter.com/Salvador_Murla" target="_blank">Salvador_Murla</a>	5	6	0	140	118	5089		016
@Salvadorcatala	<a href="https://twitter.com/Salvadorcatala" target="_blank">Salvadorcatala</a>	1	0	1	58	112	138		004
@salvadorsanvil1	<a href="https://twitter.com/salvadorsanvil1" target="_blank">salvadorsanvil1</a>	3	0	1	38871	41913	117989	***SALAMANCA***	001
@sandradoradomar	<a href="https://twitter.com/sandradoradomar" target="_blank">sandradoradomar</a>	1	0	1	60	258	166		011
@sandrasauramas	<a href="https://twitter.com/sandrasauramas" target="_blank">sandrasauramas</a>	1	0	1	284	710	2406	Vallès i Empordà	033
@sanpatipi3	<a href="https://twitter.com/sanpatipi3" target="_blank">sanpatipi3</a>	1	0	1	112	531	2020	Suisse	001
@SansCliment	<a href="https://twitter.com/SansCliment" target="_blank">SansCliment</a>	1	0	1	4	79	169		027
@Sant1Valls	<a href="https://twitter.com/Sant1Valls" target="_blank">Sant1Valls</a>	3	0	2	34	148	306	Vale	064
@Santi_tc1975	<a href="https://twitter.com/Santi_tc1975" target="_blank">Santi_tc1975</a>	2	0	1	244	256	3384	Osona	117
@SantiFortuny	<a href="https://twitter.com/SantiFortuny" target="_blank">SantiFortuny</a>	5	1	0	814	1441	5773	Tarragona, Països Catalans	152
@SantolayaBuforn	<a href="https://twitter.com/SantolayaBuforn" target="_blank">SantolayaBuforn</a>	1	0	1	483	524	12778	Sant Cugat del Vallès	030
@sativamush	<a href="https://twitter.com/sativamush" target="_blank">sativamush</a>	14	0	1	601	1070	28425		009
@saviscatalans	<a href="https://twitter.com/saviscatalans" target="_blank">saviscatalans</a>	0	5	0					008
@SBDxI	<a href="https://twitter.com/SBDxI" target="_blank">SBDxI</a>	6	3	0	3673	2205	74265	Sabadell - Països Catalans	003
@Schweickart	<a href="https://twitter.com/Schweickart" target="_blank">Schweickart</a>	17	0	1	205	570	3669		007
@SCMuro	<a href="https://twitter.com/SCMuro" target="_blank">SCMuro</a>	9	0	1	147	439	2643		027
@SCouxam	<a href="https://twitter.com/SCouxam" target="_blank">SCouxam</a>	7	0	1	665	865	8352	Vilanova d'Escornalbou	003
@SdE_Aragon	<a href="https://twitter.com/SdE_Aragon" target="_blank">SdE_Aragon</a>	1	0	1	144	67	775	Zaragoza, España	149
@sebasalsina	<a href="https://twitter.com/sebasalsina" target="_blank">sebasalsina</a>	14	0	1	129	175	19374		007
@sebastiacros	<a href="https://twitter.com/sebastiacros" target="_blank">sebastiacros</a>	7	0	1	674	1221	10575	CATALUNYA	009
@sebastiagispert	<a href="https://twitter.com/sebastiagispert" target="_blank">sebastiagispert</a>	2	0	1	7	51	62	catalunya	006
@secreto2000	<a href="https://twitter.com/secreto2000" target="_blank">secreto2000</a>	7	0	1	1168	2294	18800	Barcelona, Catalonia, Spain	008
@SecretosDLector	<a href="https://twitter.com/SecretosDLector" target="_blank">SecretosDLector</a>	0	1	0					151
@SegadorPPCC	<a href="https://twitter.com/SegadorPPCC" target="_blank">SegadorPPCC</a>	5	0	1	47	219	555	Catalunya	011
@SegimonRovira	<a href="https://twitter.com/SegimonRovira" target="_blank">SegimonRovira</a>	4	0	1	458	907	7264	St Julià de Vilatorta, Osona	016
@segundagalaxia1	<a href="https://twitter.com/segundagalaxia1" target="_blank">segundagalaxia1</a>	1	0	1	77	120	16363		037
@Sejuma18	<a href="https://twitter.com/Sejuma18" target="_blank">Sejuma18</a>	2	0	1	78	128	4213	Tierra Media	001
@Sempre_Vigatans	<a href="https://twitter.com/Sempre_Vigatans" target="_blank">Sempre_Vigatans</a>	5	0	1	293	512	1553		166
@sentuan66	<a href="https://twitter.com/sentuan66" target="_blank">sentuan66</a>	7	0	1	19	52	2729		054
@Seny_i_rauxa	<a href="https://twitter.com/Seny_i_rauxa" target="_blank">Seny_i_rauxa</a>	13	0	1	1720	1636	23747	Barcelona, Catalunya	007
@sepc_badalona	<a href="https://twitter.com/sepc_badalona" target="_blank">sepc_badalona</a>	3	3	0	413	340	576	Badalona, Països Catalans	022
@SEPC_nacional	<a href="https://twitter.com/SEPC_nacional" target="_blank">SEPC_nacional</a>	6	0	1	16473	1001	14408	Països Catalans	154
@SEPC_Poblenou	<a href="https://twitter.com/SEPC_Poblenou" target="_blank">SEPC_Poblenou</a>	0	1	0					154
@sergi_cutillas	<a href="https://twitter.com/sergi_cutillas" target="_blank">sergi_cutillas</a>	1	0	1	1870	900	6258	Barcelona, Catalunya.	008
@sergicaldes	<a href="https://twitter.com/sergicaldes" target="_blank">sergicaldes</a>	2	1	0	2900	2848	17405	Catalonia	160
@sergicoll	<a href="https://twitter.com/sergicoll" target="_blank">sergicoll</a>	1	0	1	278	1130	3049	Vila de Gràcia, Catalunya	001
@sergiERCcps	<a href="https://twitter.com/sergiERCcps" target="_blank">sergiERCcps</a>	0	1	0					148
@sergifont	<a href="https://twitter.com/sergifont" target="_blank">sergifont</a>	5	0	1	1597	3126	6951	Pals - Empordà - Girona	009
@sergigiri99	<a href="https://twitter.com/sergigiri99" target="_blank">sergigiri99</a>	1	0	1	35	151	353	catalunya	001
@sergillima	<a href="https://twitter.com/sergillima" target="_blank">sergillima</a>	13	0	1	889	2045	163406		007
@sergilopezfern	<a href="https://twitter.com/sergilopezfern" target="_blank">sergilopezfern</a>	6	0	1	57	213	3341		001
@sergiocerez	<a href="https://twitter.com/sergiocerez" target="_blank">sergiocerez</a>	3	0	1	848	747	14767	Barcelona, England	145
@sergiset	<a href="https://twitter.com/sergiset" target="_blank">sergiset</a>	4	0	1	208	412	10307	Figueres,Catalunya	007
@SergiTarres	<a href="https://twitter.com/SergiTarres" target="_blank">SergiTarres</a>	6	0	1	2467	2950	36661		007
@sergitomas1	<a href="https://twitter.com/sergitomas1" target="_blank">sergitomas1</a>	10	0	1	148	1981	2344	Alboraia, País Valencià	008
@sergivilab	<a href="https://twitter.com/sergivilab" target="_blank">sergivilab</a>	5	0	1	336	557	5361	Barcelona, Catalunya	007
@sevillafcforeve	<a href="https://twitter.com/sevillafcforeve" target="_blank">sevillafcforeve</a>	0	1	0					007
@sicoco13	<a href="https://twitter.com/sicoco13" target="_blank">sicoco13</a>	1	0	1	132	228	490	Vilajuïga, Països Catalans	004
@sigermig	<a href="https://twitter.com/sigermig" target="_blank">sigermig</a>	5	0	1	174	632	2487		007
@silvialopga	<a href="https://twitter.com/silvialopga" target="_blank">silvialopga</a>	2	0	1	189	522	5007	BCN	002
@silviaq850	<a href="https://twitter.com/silviaq850" target="_blank">silviaq850</a>	1	0	1	10	56	118		009
@SindicaEstudian	<a href="https://twitter.com/SindicaEstudian" target="_blank">SindicaEstudian</a>	6	1	0	21599	1386	17786	Estado español	149
@SINDICAT_SMAC	<a href="https://twitter.com/SINDICAT_SMAC" target="_blank">SINDICAT_SMAC</a>	2	2	0	1423	3695	4508	Barcelona, España	066
@siragpita	<a href="https://twitter.com/siragpita" target="_blank">siragpita</a>	0	1	0					146
@SisoMako	<a href="https://twitter.com/SisoMako" target="_blank">SisoMako</a>	21	0	1	1757	4085	48384	Catalonia	001
@SitaSP	<a href="https://twitter.com/SitaSP" target="_blank">SitaSP</a>	15	2	0	2616	3472	49939		012
@SixteAbadia	<a href="https://twitter.com/SixteAbadia" target="_blank">SixteAbadia</a>	0	1	0					144
@Skallaring	<a href="https://twitter.com/Skallaring" target="_blank">Skallaring</a>	2	0	1	11	114	359		005
@slvjoly	<a href="https://twitter.com/slvjoly" target="_blank">slvjoly</a>	1	0	1	172	412	1930	Catalunya	011
@socjsn	<a href="https://twitter.com/socjsn" target="_blank">socjsn</a>	6	0	1	109	286	4845	Sabadell, Espanya	009
@soclasonia	<a href="https://twitter.com/soclasonia" target="_blank">soclasonia</a>	4	0	1	704	2042	20972	Cabrera de Mar	002
@socleva77	<a href="https://twitter.com/socleva77" target="_blank">socleva77</a>	0	1	0					145
@soimagic	<a href="https://twitter.com/soimagic" target="_blank">soimagic</a>	2	0	1	36	177	195	Barcelona Spain	011
@SoleMiquel	<a href="https://twitter.com/SoleMiquel" target="_blank">SoleMiquel</a>	1	0	1	17	29	65	Sabadell	094
@SomiuSerLliure	<a href="https://twitter.com/SomiuSerLliure" target="_blank">SomiuSerLliure</a>	12	0	1	1065	1973	22637	Catalunya	012
@soniamekare	<a href="https://twitter.com/soniamekare" target="_blank">soniamekare</a>	7	0	2	464	938	17864	Peñíscola	007
@soniamomi	<a href="https://twitter.com/soniamomi" target="_blank">soniamomi</a>	6	0	1	162	634	9970	United States of America	007
@soniavima	<a href="https://twitter.com/soniavima" target="_blank">soniavima</a>	3	0	1	40	77	1811		002
@sonomanina	<a href="https://twitter.com/sonomanina" target="_blank">sonomanina</a>	1	0	1	784	1647	5720	Italy	002
@Sooniafarran	<a href="https://twitter.com/Sooniafarran" target="_blank">Sooniafarran</a>	4	0	1	50	106	1343	Vic	007
@SoriGran	<a href="https://twitter.com/SoriGran" target="_blank">SoriGran</a>	12	0	1	124	264	13494		001
@sotivinitero	<a href="https://twitter.com/sotivinitero" target="_blank">sotivinitero</a>	15	0	1	159	421	11642	Barcelona, South Africa	074
@sotoarmengol	<a href="https://twitter.com/sotoarmengol" target="_blank">sotoarmengol</a>	95	0	1	3397	5001	83623	Comarca Garraf	107
@sotomags75	<a href="https://twitter.com/sotomags75" target="_blank">sotomags75</a>	3	0	1	53	250	1182		102
@souxber	<a href="https://twitter.com/souxber" target="_blank">souxber</a>	3	0	1	36	113	659		070
@Spocksegarra	<a href="https://twitter.com/Spocksegarra" target="_blank">Spocksegarra</a>	12	0	1	467	1651	12082	La Segarra - Països Catalans	062
@squashjordi	<a href="https://twitter.com/squashjordi" target="_blank">squashjordi</a>	8	0	2	393	1039	27626	Catalunya	002
@SrtaPepo	<a href="https://twitter.com/SrtaPepo" target="_blank">SrtaPepo</a>	1	1	0	6	17	191		143
@ssfreixas	<a href="https://twitter.com/ssfreixas" target="_blank">ssfreixas</a>	27	0	2	144	351	13783		006
@ssolerg	<a href="https://twitter.com/ssolerg" target="_blank">ssolerg</a>	2	0	1	4592	707	7203		007
@SterVinyallonga	<a href="https://twitter.com/SterVinyallonga" target="_blank">SterVinyallonga</a>	2	0	1	13	25	160		146
@StopMordazas	<a href="https://twitter.com/StopMordazas" target="_blank">StopMordazas</a>	39	0	1	20745	17673	159958		055
@SuredaMassa	<a href="https://twitter.com/SuredaMassa" target="_blank">SuredaMassa</a>	2	0	1	78	1322	2539	Llagostera, Girona, Catalunya	013
@surfzone	<a href="https://twitter.com/surfzone" target="_blank">surfzone</a>	1	0	1	966	951	90931	Vic	153
@susagnasusi	<a href="https://twitter.com/susagnasusi" target="_blank">susagnasusi</a>	1	2	0	169	643	9404		008
@swarua	<a href="https://twitter.com/swarua" target="_blank">swarua</a>	0	2	0					068
@SxMreferendum	<a href="https://twitter.com/SxMreferendum" target="_blank">SxMreferendum</a>	5	1	1	600	38	188		200
@TalaEnric	<a href="https://twitter.com/TalaEnric" target="_blank">TalaEnric</a>	5	0	2	675	1436	42115		002
@talbts	<a href="https://twitter.com/talbts" target="_blank">talbts</a>	21	0	1	405	755	12850		040
@tancatibarrat	<a href="https://twitter.com/tancatibarrat" target="_blank">tancatibarrat</a>	6	0	1	568	604	10169		002
@TaniaTapiaDiaz	<a href="https://twitter.com/TaniaTapiaDiaz" target="_blank">TaniaTapiaDiaz</a>	1	0	1	1299	523	1036		005
@taniaverge	<a href="https://twitter.com/taniaverge" target="_blank">taniaverge</a>	1	0	1	2630	1175	4192	Barcelona	048
@tarmacnegra	<a href="https://twitter.com/tarmacnegra" target="_blank">tarmacnegra</a>	1	0	1	16	55	60	Badalona	001
@Tarratwit	<a href="https://twitter.com/Tarratwit" target="_blank">Tarratwit</a>	33	0	1	27	60	5159		095
@Tasia_Rovira	<a href="https://twitter.com/Tasia_Rovira" target="_blank">Tasia_Rovira</a>	6	0	1	71	380	4758		002
@TassjaArt	<a href="https://twitter.com/TassjaArt" target="_blank">TassjaArt</a>	18	0	3	31	172	156	Barcelona	012
@TeixidoJaume	<a href="https://twitter.com/TeixidoJaume" target="_blank">TeixidoJaume</a>	14	7	1	209	281	8194	Barcelona ( Catalunya )	009
@terelprieto	<a href="https://twitter.com/terelprieto" target="_blank">terelprieto</a>	11	0	1	603	486	39487		032
@TereMaPa1	<a href="https://twitter.com/TereMaPa1" target="_blank">TereMaPa1</a>	1	0	1	36	146	1578		002
@Teresacolominas	<a href="https://twitter.com/Teresacolominas" target="_blank">Teresacolominas</a>	5	0	1	928	1106	14202		025
@TeresaForcadesF	<a href="https://twitter.com/TeresaForcadesF" target="_blank">TeresaForcadesF</a>	0	4	0					038
@the_angryreaper	<a href="https://twitter.com/the_angryreaper" target="_blank">the_angryreaper</a>	6	0	1	167	483	7492		009
@thelastowl	<a href="https://twitter.com/thelastowl" target="_blank">thelastowl</a>	1	0	1	174	448	5844	Barcelona, Catalunya	001
@TiganaBelgarath	<a href="https://twitter.com/TiganaBelgarath" target="_blank">TiganaBelgarath</a>	7	0	1	564	1308	14078	Republica de Catalunya.UE	092
@tirant_el_blanc	<a href="https://twitter.com/tirant_el_blanc" target="_blank">tirant_el_blanc</a>	17	0	1	10794	10471	97696	Països Catalans	004
@Titosalou	<a href="https://twitter.com/Titosalou" target="_blank">Titosalou</a>	7	0	1	102	154	7519	CAT	008
@tjparfitt	<a href="https://twitter.com/tjparfitt" target="_blank">tjparfitt</a>	2	0	1	2228	2060	2233	Barcelona & Madrid	007
@tocatdelala	<a href="https://twitter.com/tocatdelala" target="_blank">tocatdelala</a>	2	0	1	78	157	1540		007
@tohr1963	<a href="https://twitter.com/tohr1963" target="_blank">tohr1963</a>	27	0	1	816	1283	29726	Barcelona	008
@Tolo_ab	<a href="https://twitter.com/Tolo_ab" target="_blank">Tolo_ab</a>	0	1	0					026
@TomasPesquera	<a href="https://twitter.com/TomasPesquera" target="_blank">TomasPesquera</a>	13	0	1	211	623	22864	Barcelona, Països Catalans	007
@toni9buceta	<a href="https://twitter.com/toni9buceta" target="_blank">toni9buceta</a>	7	0	1	273	560	19878	Barcelona, Catalunya	001
@tonillefia	<a href="https://twitter.com/tonillefia" target="_blank">tonillefia</a>	0	1	0					142
@ToniLlord	<a href="https://twitter.com/ToniLlord" target="_blank">ToniLlord</a>	1	0	1	115	152	1619	Alp, Cerdanya	060
@ToniRicoGarcia	<a href="https://twitter.com/ToniRicoGarcia" target="_blank">ToniRicoGarcia</a>	3	0	1	2054	889	9317	Països Catalans	005
@ToniTJK	<a href="https://twitter.com/ToniTJK" target="_blank">ToniTJK</a>	1	0	1	195	444	12103	Cataluña, España	002
@tonyzurdo	<a href="https://twitter.com/tonyzurdo" target="_blank">tonyzurdo</a>	2	0	1	130	385	12871	Sant Vicenç de Montalt, Catalunya	007
@tore51	<a href="https://twitter.com/tore51" target="_blank">tore51</a>	19	0	1	1236	1349	139459	catalunya	007
@torne_miriam	<a href="https://twitter.com/torne_miriam" target="_blank">torne_miriam</a>	4	0	1	11	67	683		004
@torrajordi	<a href="https://twitter.com/torrajordi" target="_blank">torrajordi</a>	8	0	1	701	958	20838	Catalunya	125
@torras_jaume	<a href="https://twitter.com/torras_jaume" target="_blank">torras_jaume</a>	5	0	1	276	347	16510		073
@torrencat	<a href="https://twitter.com/torrencat" target="_blank">torrencat</a>	1	0	1	884	2492	955		007
@TORRESCOLOMER	<a href="https://twitter.com/TORRESCOLOMER" target="_blank">TORRESCOLOMER</a>	4	0	1	715	740	20493		002
@totiapm	<a href="https://twitter.com/totiapm" target="_blank">totiapm</a>	36	0	2	382	241	81767	Catalonia	014
@Tovaritx_Igor	<a href="https://twitter.com/Tovaritx_Igor" target="_blank">Tovaritx_Igor</a>	8	0	1	854	381	18344	Catalunya, República	011
@transtesteban	<a href="https://twitter.com/transtesteban" target="_blank">transtesteban</a>	8	0	1	284	662	7102	Dentro de mi piel.	007
@treblasab	<a href="https://twitter.com/treblasab" target="_blank">treblasab</a>	3	0	1	361	559	1280	Mataro	046
@TriMarcel42	<a href="https://twitter.com/TriMarcel42" target="_blank">TriMarcel42</a>	5	0	1	213	379	26681		005
@trotaworld400	<a href="https://twitter.com/trotaworld400" target="_blank">trotaworld400</a>	1	0	1	14	144	595		007
@trucafort	<a href="https://twitter.com/trucafort" target="_blank">trucafort</a>	6	0	1	176	435	13322	Països Catalans	039
@trutx	<a href="https://twitter.com/trutx" target="_blank">trutx</a>	1	0	1	256	239	12159	Girona, Catalonia	002
@tuitsfortuits	<a href="https://twitter.com/tuitsfortuits" target="_blank">tuitsfortuits</a>	1	0	1	146	783	6174	Barcelona	002
@tupitupitupi2	<a href="https://twitter.com/tupitupitupi2" target="_blank">tupitupitupi2</a>	35	0	1	2058	1144	50550		004
@TuraTF	<a href="https://twitter.com/TuraTF" target="_blank">TuraTF</a>	34	0	1	992	1112	94026		009
@tuticomalat	<a href="https://twitter.com/tuticomalat" target="_blank">tuticomalat</a>	4	0	1	157	73	12823		003
@txell1976	<a href="https://twitter.com/txell1976" target="_blank">txell1976</a>	9	0	2	628	1417	7469	Barcelona	001
@TxellCanyadell	<a href="https://twitter.com/TxellCanyadell" target="_blank">TxellCanyadell</a>	7	0	1	66	135	1743	Castellbisbal, Catalunya	167
@Txema_Pamundi	<a href="https://twitter.com/Txema_Pamundi" target="_blank">Txema_Pamundi</a>	16	0	1	234	209	87368		007
@txoiko	<a href="https://twitter.com/txoiko" target="_blank">txoiko</a>	3	0	1	33	179	1189		001
@uaiartza	<a href="https://twitter.com/uaiartza" target="_blank">uaiartza</a>	5	0	1	1687	690	22402		009
@Uaintjac	<a href="https://twitter.com/Uaintjac" target="_blank">Uaintjac</a>	1	0	1	134	182	13785	Michigan	036
@UCL_fraude_	<a href="https://twitter.com/UCL_fraude_" target="_blank">UCL_fraude_</a>	1	0	1	1728	1130	20569		124
@UltraHeroi	<a href="https://twitter.com/UltraHeroi" target="_blank">UltraHeroi</a>	1	0	1	893	528	18273	40.689851,0.582892	001
@unaltredelleida	<a href="https://twitter.com/unaltredelleida" target="_blank">unaltredelleida</a>	19	0	1	2468	4324	111687	Gironès Catalunya	007
@uranillo1954	<a href="https://twitter.com/uranillo1954" target="_blank">uranillo1954</a>	8	0	1	190	458	16429	Catalunya	003
@uriii65	<a href="https://twitter.com/uriii65" target="_blank">uriii65</a>	5	0	1	94	83	9791	Igualada, España	062
@urixturing	<a href="https://twitter.com/urixturing" target="_blank">urixturing</a>	13	0	1	1124	687	26563	Catalunya	007
@UxiaVarelaGZ	<a href="https://twitter.com/UxiaVarelaGZ" target="_blank">UxiaVarelaGZ</a>	1	0	1	585	362	33286	Calle Esperanza s/n	053
@vadox1hotmailc1	<a href="https://twitter.com/vadox1hotmailc1" target="_blank">vadox1hotmailc1</a>	3	0	1	4	125	482		009
@vampyCATman	<a href="https://twitter.com/vampyCATman" target="_blank">vampyCATman</a>	39	0	3	7352	5354	318260	Barcelona. CAT	002
@vega_vila	<a href="https://twitter.com/vega_vila" target="_blank">vega_vila</a>	4	0	1	16	143	804	Barcelona, Catalunya	009
@velibra1	<a href="https://twitter.com/velibra1" target="_blank">velibra1</a>	3	0	1	41	151	666	barcelona	004
@VendrellTenas	<a href="https://twitter.com/VendrellTenas" target="_blank">VendrellTenas</a>	8	0	1	127	234	4951		002
@verbanna	<a href="https://twitter.com/verbanna" target="_blank">verbanna</a>	4	0	1	119	116	3942		004
@VerdesXelCambio	<a href="https://twitter.com/VerdesXelCambio" target="_blank">VerdesXelCambio</a>	11	0	1	612	534	24376	Repúblicas Populares	009
@verdglauc	<a href="https://twitter.com/verdglauc" target="_blank">verdglauc</a>	14	0	1	517	1488	44024		002
@veritattortosa	<a href="https://twitter.com/veritattortosa" target="_blank">veritattortosa</a>	1	0	1	25	128	37	Tortosa, Espanya	052
@Veronic40630547	<a href="https://twitter.com/Veronic40630547" target="_blank">Veronic40630547</a>	39	0	2	502	1157	37155	Sabadell, Catalunya	003
@VG_Daniel78	<a href="https://twitter.com/VG_Daniel78" target="_blank">VG_Daniel78</a>	4	0	1	2	62	278		007
@Viccttoria	<a href="https://twitter.com/Viccttoria" target="_blank">Viccttoria</a>	14	0	1	257	465	11605	Tarragona	007
@vicen_congost	<a href="https://twitter.com/vicen_congost" target="_blank">vicen_congost</a>	5	0	1	306	329	12650	CATALUNYA NOU ESTAT AL MÓN	012
@vicenta1962	<a href="https://twitter.com/vicenta1962" target="_blank">vicenta1962</a>	8	0	1	78	210	8895		007
@VictorSaco	<a href="https://twitter.com/VictorSaco" target="_blank">VictorSaco</a>	1	0	1	60	119	311	Terrassa	061
@vikkills	<a href="https://twitter.com/vikkills" target="_blank">vikkills</a>	4	0	1	257	559	18523		019
@VilaltaArnau	<a href="https://twitter.com/VilaltaArnau" target="_blank">VilaltaArnau</a>	1	0	1	31	95	99		001
@vilar_antoni	<a href="https://twitter.com/vilar_antoni" target="_blank">vilar_antoni</a>	61	0	2	664	1517	80775		003
@vinasxifra	<a href="https://twitter.com/vinasxifra" target="_blank">vinasxifra</a>	0	1	0					140
@viscacatalunya5	<a href="https://twitter.com/viscacatalunya5" target="_blank">viscacatalunya5</a>	2	0	1	231	358	11109		001
@vituning63	<a href="https://twitter.com/vituning63" target="_blank">vituning63</a>	2	0	1	1405	1246	108410	Las Palmas	040
@viviborilla	<a href="https://twitter.com/viviborilla" target="_blank">viviborilla</a>	2	0	1	604	406	12022	Catalunya	001
@vmestres	<a href="https://twitter.com/vmestres" target="_blank">vmestres</a>	11	0	1	144	331	7339	Barcelona (Catalunya)	004
@voluntatdeser	<a href="https://twitter.com/voluntatdeser" target="_blank">voluntatdeser</a>	24	0	1	896	233	67097	República de Catalunya	009
@wakumaku	<a href="https://twitter.com/wakumaku" target="_blank">wakumaku</a>	4	0	1	148	235	893	Barcelona, Catalunya	011
@Willy_LC	<a href="https://twitter.com/Willy_LC" target="_blank">Willy_LC</a>	1	0	1	184	92	5946	Españistan	001
@witiza	<a href="https://twitter.com/witiza" target="_blank">witiza</a>	5	0	2	600	733	70952	.cat	002
@X_Lalena_X	<a href="https://twitter.com/X_Lalena_X" target="_blank">X_Lalena_X</a>	30	0	1	1542	1655	57234	||★|| Catalunya ||★||	005
@xafar132	<a href="https://twitter.com/xafar132" target="_blank">xafar132</a>	7	0	1	1887	4998	14102	Bcn	024
@xales182	<a href="https://twitter.com/xales182" target="_blank">xales182</a>	2	0	1	47	104	992		001
@XarxaCCEConSud	<a href="https://twitter.com/XarxaCCEConSud" target="_blank">XarxaCCEConSud</a>	0	1	0					139
@xarxaindepe	<a href="https://twitter.com/xarxaindepe" target="_blank">xarxaindepe</a>	17	1	0	9529	10468	26080	Catalunya	141
@Xavi44896342	<a href="https://twitter.com/Xavi44896342" target="_blank">Xavi44896342</a>	42	0	1	1288	1309	61919		002
@Xaviao11	<a href="https://twitter.com/Xaviao11" target="_blank">Xaviao11</a>	1	0	1	175	300	14684	Barcelona (Països Catalans)	007
@xavicolomer	<a href="https://twitter.com/xavicolomer" target="_blank">xavicolomer</a>	10	0	1	1189	1234	10140	Barcelona - London	007
@XAVIER_MASGRAU	<a href="https://twitter.com/XAVIER_MASGRAU" target="_blank">XAVIER_MASGRAU</a>	13	0	4	1683	3009	47983	Arenys de Mar.	009
@Xavier179179	<a href="https://twitter.com/Xavier179179" target="_blank">Xavier179179</a>	3	1	0	8	0	1066	Banyoles, Espanya	004
@XavierGascon	<a href="https://twitter.com/XavierGascon" target="_blank">XavierGascon</a>	5	0	1	294	514	5209		029
@xaviermars	<a href="https://twitter.com/xaviermars" target="_blank">xaviermars</a>	6	0	1	383	971	14353	Terrassa, Barcelona	001
@xaviermartinezg	<a href="https://twitter.com/xaviermartinezg" target="_blank">xaviermartinezg</a>	0	1	0					138
@XavierSolerT	<a href="https://twitter.com/XavierSolerT" target="_blank">XavierSolerT</a>	13	0	1	3502	3078	104822	Barcelona, Catalonia (Europe)	007
@xavifluvia	<a href="https://twitter.com/xavifluvia" target="_blank">xavifluvia</a>	9	0	2	789	1445	3527		002
@xavipanso	<a href="https://twitter.com/xavipanso" target="_blank">xavipanso</a>	2	0	1	532	119	26645	sabadell	029
@xavipinsach	<a href="https://twitter.com/xavipinsach" target="_blank">xavipinsach</a>	1	2	0	401	356	981		065
@xavivicat	<a href="https://twitter.com/xavivicat" target="_blank">xavivicat</a>	3	0	1	341	305	8448	Catalunya	007
@xbarbaster	<a href="https://twitter.com/xbarbaster" target="_blank">xbarbaster</a>	5	0	1	216	780	1134	Barcelona	007
@xcatafal	<a href="https://twitter.com/xcatafal" target="_blank">xcatafal</a>	1	0	1	279	481	4705	Barcelona	007
@xcortes72	<a href="https://twitter.com/xcortes72" target="_blank">xcortes72</a>	2	0	1	169	547	10567	Barcelona	002
@xdemocradirecta	<a href="https://twitter.com/xdemocradirecta" target="_blank">xdemocradirecta</a>	34	0	1	1354	624	21051	#Asturies  #Españistan	055
@xeniailaia	<a href="https://twitter.com/xeniailaia" target="_blank">xeniailaia</a>	4	0	1	227	318	6700	Catalunya	035
@XeniaPardo	<a href="https://twitter.com/XeniaPardo" target="_blank">XeniaPardo</a>	13	0	2	4569	4844	6744	República de Catalunya, UE.	016
@xevialde	<a href="https://twitter.com/xevialde" target="_blank">xevialde</a>	10	0	1	2156	1852	97007	Girona, Cataunya	004
@xeviscc	<a href="https://twitter.com/xeviscc" target="_blank">xeviscc</a>	2	4	0	85	224	1598	República de Catalunya	008
@xgeldex	<a href="https://twitter.com/xgeldex" target="_blank">xgeldex</a>	5	0	1	483	1168	10732	En la sombrita, acechando.	001
@xitamontolio	<a href="https://twitter.com/xitamontolio" target="_blank">xitamontolio</a>	4	1	0	373	616	10651	La Baronia de Rialb	147
@xminguet	<a href="https://twitter.com/xminguet" target="_blank">xminguet</a>	8	0	1	245	433	1589	Lleida, Catalunya	009
@xupunsitu	<a href="https://twitter.com/xupunsitu" target="_blank">xupunsitu</a>	8	0	1	430	894	7971	Igualada, (Catalunya)	028
@xxalabarder	<a href="https://twitter.com/xxalabarder" target="_blank">xxalabarder</a>	1	0	1	96	314	706		011
@xxarbau	<a href="https://twitter.com/xxarbau" target="_blank">xxarbau</a>	1	0	1	419	1503	4626	Maçanet de la Selva	018
@yasvig	<a href="https://twitter.com/yasvig" target="_blank">yasvig</a>	9	0	1	187	297	35366	Barcelona i Vilanova	007
@yayabombera	<a href="https://twitter.com/yayabombera" target="_blank">yayabombera</a>	1	0	1	79	366	3270		002
@YesBikers	<a href="https://twitter.com/YesBikers" target="_blank">YesBikers</a>	2	0	2	2986	374	3610	Scotland, United Kingdom	015
@yomismoD	<a href="https://twitter.com/yomismoD" target="_blank">yomismoD</a>	1	0	1	34	27	2220		003
@yosilvia1	<a href="https://twitter.com/yosilvia1" target="_blank">yosilvia1</a>	2	0	1	493	649	14958	Repùblica de Catalunya, EU	035
@YOU17972	<a href="https://twitter.com/YOU17972" target="_blank">YOU17972</a>	20	0	3	107	194	11934		011
@yutuf_indignado	<a href="https://twitter.com/yutuf_indignado" target="_blank">yutuf_indignado</a>	2	0	1	74	43	7898		045
@ZiperVic81	<a href="https://twitter.com/ZiperVic81" target="_blank">ZiperVic81</a>	8	0	1	247	708	7901	Vic-Bcn	013
@ZurieGonzlez1	<a href="https://twitter.com/ZurieGonzlez1" target="_blank">ZurieGonzlez1</a>	1	0	1	34	90	1238		029
