Source	Target
@_BarbaraVC	@jordipanye
@_joan_cat	@PereTexido
@_paopaolis	@pielsolma
@_paopaolis	@subersitario
@_pmarkes	@antoni_indepe
@_psike	@ardnajelaziur
@1O_App	@mmasllovet
@1O_App	@NualaRed
@1O_App	@SagaZelda
@1O_App	@terrorllavore
@1O_App	@XaviIniestaSi
@3josep14	@ANCFCB
@3josep14	@KRyan_IDC
@3josep14	@Lespo_
@6uN7CtZuCK66Rpd	@phase_3_dream
@A3Noticias	@13magan13
@A3Noticias	@daniel_jn
@A3Noticias	@Emilio81194
@A3Noticias	@Encarg
@A3Noticias	@felipe_betis
@A3Noticias	@fortaleny1972
@A3Noticias	@gatozape
@A3Noticias	@hugodiazglez
@A3Noticias	@JoanLuisa11
@A3Noticias	@luciajuaness
@A3Noticias	@MaryJurjo
@A3Noticias	@Miguel914PM
@A3Noticias	@popeMRT
@A3Noticias	@robapimientos
@ABalagu	@CarmeTorrelles
@ABalagu	@elisabethcorbe2
@ABalagu	@indignindigente
@ABalagu	@SanzVeciana
@ABalagu	@SlcDk
@ABalagu	@xborras1900gma1
@abelgalvez	@angels_pallas
@abelgalvez	@bbgrafics
@abelgalvez	@Miriam66chimeno
@abelloTGN	@ciocat27S
@abelloTGN	@jordi_ronda
@abelloTGN	@montse469
@abelloTGN	@PDECatTarragona
@abelloTGN	@PereGalofre
@abelloTGN	@punyet
@abelloTGN	@RamonVilaltella
@abelloTGN	@Rogerbfcat
@abelloTGN	@TarragonaJNC
@acabezuelo	@Perico_CatCracs
@ACM948	@Albertodelvalle
@ACM948	@BroggiElisa
@ACM948	@cristinaisanta
@ACM948	@DarmstadtJ
@ACM948	@EstorachOtilia
@ACM948	@Ewidal
@ACM948	@joanagabarrof
@ACM948	@marramiauuuuuu
@ACM948	@MIQUELLARA
@ACM948	@mncsls
@ACM948	@Mr_Pribas
@ACM948	@ramonternero
@ACM948	@rmolins
@ACM948	@rosasolerb
@ACM948	@SharySg61
@ACM948	@SoniaOriola
@acomajuncosas78	@montcatalan
@ACSeguer	@deehoax
@adelaguia_cat	@aiguaifang
@adelaguia_cat	@AixImma
@adosc	@juancaalvarezg
@adrianadelgadoh	@aracegea
@adrianadelgadoh	@atzori_piero
@adrianadelgadoh	@aynoza
@adrianadelgadoh	@CarlesSueiras
@adrianadelgadoh	@Esquerra_ERC
@adrianadelgadoh	@Eva_Luna7
@adrianadelgadoh	@FerranGinebrosa
@adrianadelgadoh	@ivanvoinitski
@adrianadelgadoh	@janechita1
@adrianadelgadoh	@JOSEPBARBAM
@adrianadelgadoh	@Lucia_DS11
@adrianadelgadoh	@Marbarcelonacat
@adrianadelgadoh	@marramiauuuuuu
@adrianadelgadoh	@NaturaMaresme
@adrianadelgadoh	@quimpg
@adrianadelgadoh	@RicardFite
@adrianadelgadoh	@TDolors
@adrianadelgadoh	@vanflowne
@adrianadelgadoh	@verdglauc
@adrianrbravo	@curreloss
@adrianrbravo	@mariamdelleida
@adrianrbravo	@MIQUELLARA
@adrianrbravo	@ocalvo73
@afreixaferrer	@GerardCostaM
@ahoraluzycolor	@anaraljaan
@ahoraluzycolor	@bertaga14
@ahoraluzycolor	@carnedecapital
@ahoraluzycolor	@chejuano
@ahoraluzycolor	@jacob_31
@ahoraluzycolor	@javimio3
@ahoraluzycolor	@lauratorres226
@ahoraluzycolor	@limonitaparda
@ahoraluzycolor	@lucio299
@ahoraluzycolor	@maguva1
@ahoraluzycolor	@martapfdez90
@ahoraluzycolor	@Mugroner
@ahoraluzycolor	@Nibelinguo
@ahoraluzycolor	@niljan
@ahoraluzycolor	@Orlik_Cat
@ahoraluzycolor	@OscarMuS
@ahoraluzycolor	@PanizaRigo
@ahoraluzycolor	@patrimurillo87
@ahoraluzycolor	@Pedrofdezsan
@ahoraluzycolor	@podemosarts
@ahoraluzycolor	@rakeld12341234
@ahoraluzycolor	@rrocai
@ahoraluzycolor	@sararuizbcn
@ahoraluzycolor	@seyawa2
@ahoraluzycolor	@Sgarcia12SBD
@AhotsaInfo	@AlberdiIbarra
@AhotsaInfo	@bilduman90
@AhotsaInfo	@LArretxe
@AhotsaInfo	@llunavermella
@AhotsaInfo	@muybastos
@AhotsaInfo	@PatxiBengoa
@AhotsaInfo	@reycaruncho
@aidyl62	@CharlesSampons
@aidyl62	@HEspuela
@aidyl62	@jmvidalillanes
@aidyl62	@lcurell
@aidyl62	@miquel303marti
@aidyl62	@somgentdpau
@Aina10villares	@OHviis
@ainhoavilalta	@salvareus52
@AintzaItre	@AdriRodergues
@aitirir	@EnekoCompains
@AlbaBalcells	@dmunte6
@AlbaBalcells	@eviiiihappy
@AlbaBalcells	@J_Coll_Casanova
@AlbaBalcells	@JoMasramon
@AlbaBalcells	@lourdescasadem
@AlbaBalcells	@Otselen
@AlbaBalcells	@pere_clo
@AlbaBalcells	@riicard7
@AlbaBalcells	@rosamfip33
@albamoraroca	@juanpasquau99
@albamoraroca	@NoeePerz
@albamoraroca	@oscarjaenada
@albamoraroca	@TAMAJES79
@albert_dmcat	@Albertodelvalle
@albert_dmcat	@Almat49
@albert_dmcat	@benxi99
@albert_dmcat	@canariion
@albert_dmcat	@CAT_Francesc
@albert_dmcat	@cataladelsud
@albert_dmcat	@CatalunyaSioSi
@albert_dmcat	@cristinaisanta
@albert_dmcat	@DolsR
@albert_dmcat	@francescst
@albert_dmcat	@HannahJudith61
@albert_dmcat	@ignasi1709
@albert_dmcat	@JmRenye
@albert_dmcat	@JordiDu_Sedicio
@albert_dmcat	@lantoniola
@albert_dmcat	@maktub_i
@albert_dmcat	@Mallus_Malleus
@albert_dmcat	@mirpanna
@albert_dmcat	@nuarce
@albert_dmcat	@pain_spain
@albert_dmcat	@paremiq
@albert_dmcat	@pensashure
@albert_dmcat	@PSBallart
@albert_dmcat	@rlopezct
@albert_dmcat	@sack_am
@albert_dmcat	@SolaMerce
@albert_dmcat	@Starkenbergg
@albert_dmcat	@torras_jaume
@albert_dmcat	@XavierGonMan
@AlbertArgeles	@eralin3
@AlbertBenzekry	@jgrau73
@AlbertFarrerons	@esthermuvila
@AlbertFarrerons	@Kitsune_9_13
@AlbertLloreta	@Albaguti3
@AlbertLloreta	@ArnauRaich
@AlbertLloreta	@barnimile
@AlbertLloreta	@BonhomeMarc
@AlbertLloreta	@carlescat1
@AlbertLloreta	@clauso_maria
@AlbertLloreta	@deixallesdelmon
@AlbertLloreta	@EugeniMas
@AlbertLloreta	@hfontcall
@AlbertLloreta	@JordiGraupera
@AlbertLloreta	@jpiulachs
@AlbertLloreta	@jujud71
@AlbertLloreta	@Laiacuki
@AlbertLloreta	@MacConZam
@AlbertLloreta	@merce_castellvi
@AlbertLloreta	@Merchevita70
@AlbertLloreta	@Osropasalfa
@AlbertLloreta	@pambtomaquet14
@AlbertLloreta	@raquelfas
@AlbertLloreta	@roridelleida
@AlbertLloreta	@SantiRoca
@AlbertLloreta	@SusodeToro1
@AlbertLloreta	@tonipele
@AlbertLloreta	@ToniRodrguez
@AlbertLloreta	@victormayolas
@AlbertLloreta	@zhump3
@AlbertMajo7	@clairethecat11
@albertpaluzie	@boumariajosep
@albertpaluzie	@edomenech76
@albertpedret	@PacoYP
@AlcaldessaVic	@EvaSole
@AlcaldessaVic	@TaigiC
@alcarazpp	@EvhVico
@alcarazpp	@joanparratena
@alcarazpp	@Joaquimllorens
@alcarazpp	@MarDefez
@alcarazpp	@sobrinoalbert
@alcarazpp	@ZanuyMunn
@aleix_amm	@quimlyfar
@Alexander_Hmltn	@Allioli3
@Alexander_Hmltn	@blanc1707c
@Alexander_Hmltn	@josepbartroli
@Alexander_Hmltn	@machhiana
@Alexander_Hmltn	@pmenamendoza
@alexdelmas10	@claudiaruvi
@AlfaSchz	@TeresaMontao
@alfonsrm	@Marcbr98
@alfonsrm	@ullfollmurri
@AlfredBosch	@__LolaRiera
@AlfredBosch	@agustilluis
@AlfredBosch	@albertvivestous
@AlfredBosch	@bel_margarida
@AlfredBosch	@capidanMar
@AlfredBosch	@carmenmolluck
@AlfredBosch	@chema_moreno_p
@AlfredBosch	@crf1952
@AlfredBosch	@egracieb
@AlfredBosch	@ERCbcn
@AlfredBosch	@espunydesign
@AlfredBosch	@Esquerra_ERC
@AlfredBosch	@EstherCG67
@AlfredBosch	@evajunyent
@AlfredBosch	@eyembieros0000
@AlfredBosch	@fina_rubio
@AlfredBosch	@FlaqueLluisa
@AlfredBosch	@GralVillaroel
@AlfredBosch	@janechita1
@AlfredBosch	@josmato
@AlfredBosch	@l_a_ma_r_t_a
@AlfredBosch	@laramelich
@AlfredBosch	@lcurell
@AlfredBosch	@MafaldaFreedom
@AlfredBosch	@MaiteAmigo4
@AlfredBosch	@Marc150449
@AlfredBosch	@MarcCox88
@AlfredBosch	@marramiauuuuuu
@AlfredBosch	@Marsal95
@AlfredBosch	@Merchevita70
@AlfredBosch	@mgenover
@AlfredBosch	@Miquelet_mataro
@AlfredBosch	@mirpanna
@AlfredBosch	@mpannarosa
@AlfredBosch	@NaturaMaresme
@AlfredBosch	@pgandreu
@AlfredBosch	@PileteJosefine
@AlfredBosch	@PonsGuasch
@AlfredBosch	@Repicatalons
@AlfredBosch	@SharySg61
@AlfredBosch	@somgentdpau
@AlfredBosch	@Starkenbergg
@AlfredBosch	@toni_mesfosc
@AlfredBosch	@vanflowne
@AlfredBosch	@Viccttoria
@AlfredBosch	@VitalPadme
@alicia_ginovart	@a_cagar
@alitwittt	@amaia_haikazti
@alitwittt	@Boro_LH
@alitwittt	@cat_anon
@alitwittt	@ejanet15
@alitwittt	@genesca_62
@alitwittt	@kaosenlarednet
@alitwittt	@LaHaineInfo
@alitwittt	@llunavermella
@alitwittt	@m_mcasado
@alitwittt	@marco_bal99
@alitwittt	@OrainaAstindu
@alitwittt	@PauFarinetes
@alitwittt	@pielsolma
@alitwittt	@PortoPar
@alitwittt	@RusoMikel
@alitwittt	@Satur11
@alitwittt	@Telemako_2000
@alitwittt	@TimeLady011
@alitwittt	@ximoberna
@almotuit	@APVallcarca
@almotuit	@ComiteVallcarca
@almotuit	@jg_morandi
@almotuit	@ObserVallcarca
@amadeucorbera	@AinaMonseVidal
@amadeucorbera	@estermartia
@amadeucorbera	@joanguila
@aminahekmet	@anaoromi
@aminahekmet	@arnaudeivissa
@aminahekmet	@Barrabinix
@aminahekmet	@Carlottex3
@aminahekmet	@CGTrelinternac
@aminahekmet	@didaclopez
@aminahekmet	@didak78
@aminahekmet	@EnriOld
@aminahekmet	@ermitanyus
@aminahekmet	@GalaLlobet
@aminahekmet	@herodot10
@aminahekmet	@huguet_gabriel
@aminahekmet	@jonabasque
@aminahekmet	@jordi1971nieto
@aminahekmet	@josepbartroli
@aminahekmet	@Laureus_nobilis
@aminahekmet	@llJoramll
@aminahekmet	@march_jordi
@aminahekmet	@mariaojuel
@aminahekmet	@mcofe22
@aminahekmet	@ninucat
@aminahekmet	@pavlvsx
@aminahekmet	@PinArt_cat
@aminahekmet	@rlopezct
@aminahekmet	@SabataRobert
@aminahekmet	@santirofes
@aminahekmet	@senyorBatet
@aminahekmet	@sergicutillas
@aminahekmet	@silvia_puco
@aminahekmet	@T3rr0rZ0n3
@aminahekmet	@xercindep
@aminahekmet	@Xiquein
@Anadina38048253	@Virgili7
@ANC_Arquitect	@675_08
@ANC_Arquitect	@AndreuViu
@ANC_Arquitect	@AnnaGolSud
@ANC_Arquitect	@assembleasmxi
@ANC_Arquitect	@atopeuri
@ANC_Arquitect	@bimbacadaques
@ANC_Arquitect	@Catalonia_Free
@ANC_Arquitect	@cescareguant
@ANC_Arquitect	@FERMINATX
@ANC_Arquitect	@illamK3
@ANC_Arquitect	@jmvidalillanes
@ANC_Arquitect	@pitudedeu
@ANC_Arquitect	@psicolegsanc
@ANC_Arquitect	@rfernandezjou
@ANC_Arquitect	@tutiwy69
@ANC_Arquitect	@XavierCapdevil2
@ANC_Arquitect	@XFMcat
@ANC_Bombers	@miqueletmr
@ANCCanovelles	@EL9NOU_VOr
@ANCCanovelles	@XPLENS
@ANClAleixar	@elireshafenix
@ANClAleixar	@josepcalero
@ANCMiR	@CUP_MiR
@ANCNouBarris	@VitalPadme
@ANCtorredembarr	@ERCLaTorre
@ANCtorredembarr	@JosepBargallo
@ANCtorredembarr	@JRGcasot
@ANCtorredembarr	@pauruiz1993
@ANCtorredembarr	@ramonsrovira
@Andreueste	@anticapiCat
@Andreueste	@claudiosnchez8
@Andreueste	@cvilacalvo
@Andreueste	@jesusgellida
@Andreueste	@referendumbdn
@Andreueste	@Toni_Domenech_G
@AndreuOliveras	@9jrib9
@AndreuOliveras	@iratxeRG
@AndreuOliveras	@jorginapuig
@AndreuOliveras	@KatMacktub
@AndreuOliveras	@McarmeBergada
@AndreuOliveras	@Mireiagalindo
@AndreuOliveras	@PiRatadeBCN
@AndreuOliveras	@rmasoliver
@AndreuOliveras	@safatana
@AndreuOliveras	@sra_danvers
@AndreuOliveras	@TuraMasoliver3
@angelsmcastells	@alhama14camp
@angelsmcastells	@Almat49
@angelsmcastells	@Arkupeberria
@angelsmcastells	@arnau_borras
@angelsmcastells	@atzori_piero
@angelsmcastells	@Carmecrz
@angelsmcastells	@dolorssidera
@angelsmcastells	@dudareputation
@angelsmcastells	@homet_olga
@angelsmcastells	@jaumejfm
@angelsmcastells	@joancapu
@angelsmcastells	@joandolesa
@angelsmcastells	@Jordiguiral
@angelsmcastells	@lareoperez
@angelsmcastells	@marcmb_88
@angelsmcastells	@mtdp08230
@angelsmcastells	@onapuig
@angelsmcastells	@quepesatsoutots
@angelsmcastells	@RiosgiroJosep
@angelsmcastells	@sergimarza71
@angelsmcastells	@trynyty009
@angelsmcastells	@xavihosta
@aniolpros	@3voltesrebel
@aniolpros	@AAixurach
@aniolpros	@Agustin_Guil
@aniolpros	@annamariasastre
@aniolpros	@bou_josep
@aniolpros	@btxcgnbv
@aniolpros	@Cesk_mm
@aniolpros	@cristinaisanta
@aniolpros	@DanielSilvaGar3
@aniolpros	@DuniaHania
@aniolpros	@escolesobertes
@aniolpros	@Ester18813526
@aniolpros	@FelipLorenzo
@aniolpros	@GLORIACIFSOL
@aniolpros	@GRGR1518
@aniolpros	@Guanyarem2017
@aniolpros	@la_palou
@aniolpros	@Lindepe2
@aniolpros	@MariaOxbow
@aniolpros	@MartaDui
@aniolpros	@Melania_Desoy
@aniolpros	@Pep__Vila
@aniolpros	@PSBallart
@aniolpros	@qkrlla
@aniolpros	@Riderman24h
@aniolpros	@sahararesiste
@aniolpros	@saschabur
@aniolpros	@ZanuyMunn
@ANJISbd	@ANJI_ANC
@ANJISbd	@indignindigente
@ANJISbd	@Jordicentellesr
@ANJISbd	@SBDxI
@anna_arque	@dudareputation
@anna_arque	@elvirahpais
@anna_arque	@jadellamoros
@anna_arque	@lavernicola
@anna_arque	@LutVern
@anna_arque	@PereBV
@anna_arque	@quicoenvenena
@anna_arque	@thecatlanway
@anna_arque	@thinkthinktwice
@anna_arque	@tobararbulu
@anna_arque	@vecirex
@anna_arque	@xmes3
@AnnaAnnettamg	@EnricD74
@AnnaAnnettamg	@Ferranaton
@AnnaAnnettamg	@la_xirinoia
@AnnaAnnettamg	@laurajnigro
@AnnaAnnettamg	@marilitabcn
@AnnaAnnettamg	@mponsfer
@AnnaAnnettamg	@Saratoga_Ms
@AnnaForastier	@atalavera906
@AnnaForastier	@HannahJudith61
@AnnaForastier	@joanguila
@AnnaForastier	@marilopez07
@AnnaForastier	@SASam1714
@AnnaForastier	@SitaSP
@Annapginesta	@anaoromi
@Annapginesta	@PereBofill
@Annapginesta	@Sara67822151
@annasefa	@caltes26417
@annasefa	@ERC_Maresme
@annazamar	@dolorsesquerra
@AntifaCiempo	@NoemiPAH
@AntifaCiempo	@NoemiRosValenc2
@antonigarcia	@Alex_Barna_
@antonigarcia	@chuan49
@antonigarcia	@coiquedificil1
@antonigarcia	@DavidCB1921
@antonigarcia	@esquerraLH
@antonigarcia	@gabrielcidsoria
@antonigarcia	@Oleixa
@antonigarcia	@santi_salo1
@arainfonoticias	@mr_belbedere
@arainfonoticias	@vengadora70s
@Ariadnainnaxos	@skandude
@Ariadnainnaxos	@unelement
@Ariadnasue	@cescabcn
@Ariadnasue	@Pol_Oliveres
@ariverbanks	@StephanieMarko
@arnaumartinforn	@CataloniaHelp2
@arnaumartinforn	@cfrd1909cat
@arnaumartinforn	@cristinaisanta
@arnaumartinforn	@FleurSocial
@Arran_Tarragona	@JudithGr5
@asCATasunera	@alauzurika
@asCATasunera	@de_27borrokan
@asCATasunera	@ideiazabaldu
@asCATasunera	@martitze
@asCATasunera	@PatxiBengoa
@asCATasunera	@TaoainzeGoierri
@AssembleaValls	@Aiida_Sanchez
@AssumptaFiguera	@EDMANUEL1234
@AssumptaFiguera	@frodri38
@AssumptaFiguera	@obasarb
@astergi	@mbosk1978
@Ateneu24dejuny	@farrety
@Ateneu24dejuny	@mpane666
@Ateneu24dejuny	@XavierBiC
@atorras72	@bcpepa
@atorras72	@manhattan_maggi
@Atridas87	@buelbir
@Atridas87	@SrFl0ppy
@Atridas87	@Tuit_And_Shout
@AUP_UCM	@arthurdima
@AUP_UCM	@JuanmaCuerva
@AUP_UCM	@LaEcoaldeaUCM
@AUP_UCM	@pablogiobe
@AUP_UCM	@PutoGuti
@aurea_vallejo	@dolorsesteveco
@aurea_vallejo	@fsparra
@aurea_vallejo	@miquelterrassa
@aurea_vallejo	@olerdolina
@avidal6	@schranzyyy
@axierL	@AxelP1002
@Axioma_69	@SrLivingstone1
@b4lduf4	@aaltafaj
@b4lduf4	@abogadospo
@b4lduf4	@ferrancat77
@b4lduf4	@iaindocherty
@b4lduf4	@JoanaMaria1714
@b4lduf4	@llamameblas
@b4lduf4	@markitusGi
@b4lduf4	@ogarangou
@b4lduf4	@palacinpc
@b4lduf4	@uricampre1
@b4lduf4	@Uristrong
@babord_vdm	@MarcBala_
@balazscseko	@Aldamir
@balazscseko	@mdeHummelchen
@balazscseko	@SnoopyWP12
@barbaraverges	@martossais
@baumadestral	@ainhoar7
@bel_margarida	@JordiAPT21
@Beltifre	@ellaorange
@benjo_aguilar	@amagat1978
@benjo_aguilar	@Gekopfiets
@berta_g_d	@montsearmengol1
@berta_g_d	@sildavia13
@BetonaComin	@FromItaca
@BetonaComin	@mercepascuali
@BetonaComin	@Wittgenstein_jm
@bfgtgn	@113LUCAS
@bicibona	@AlbertBurguera
@bicibona	@FrancinaTuron
@bicibona	@MoraVado
@Biflats	@estermartia
@Biflats	@Picap
@Bio_Ge	@itsjuliaolive
@Bio_Ge	@joanrportell
@bitMomentum	@btxcgnbv
@blancacanonge	@isartesania13
@blancamarch	@remeirom
@blancamarch	@sotoarmengol
@blanchjoan	@ArdellaKilver
@blanchjoan	@Montse_Esteve
@bol8	@PiratsSSistema
@bombersvlrd	@EstorachOtilia
@bombersvlrd	@Mirensss
@bombersvlrd	@NereidaGV
@bombersvlrd	@uruk1973
@bori_not	@caos30
@bori_not	@carlespamies
@bori_not	@Ii_iITLLCIi_iI
@Boro_LH	@amaia_haikazti
@Boro_LH	@antonio_vcf14
@Boro_LH	@datos48
@Boro_LH	@kaosenlarednet
@Boro_LH	@kontrakapital_
@Boro_LH	@LaHaineInfo
@Boro_LH	@marco_bal99
@Boro_LH	@pintaderaroja
@brisalls	@elLLOP9
@brisalls	@Epicuri
@buscandomonedas	@Jackinboy
@buscandomonedas	@QSTOYQUEMAO
@cadaques73	@canet_sandra
@CADCI	@adeucapitalisme
@CADCI	@aleixco
@CADCI	@arielduna_
@CADCI	@BernatRicard
@CADCI	@bigotigafapasta
@CADCI	@CAPITA_ENCIAM_
@CADCI	@carcapde
@CADCI	@carles5subira
@CADCI	@casellas_parera
@CADCI	@CATaronja
@CADCI	@Clio_deries
@CADCI	@CPibernat
@CADCI	@dgalileag
@CADCI	@elliotfrombcn
@CADCI	@encarpass
@CADCI	@ermitanyus
@CADCI	@ErnestoSuidry
@CADCI	@Ferran_1967
@CADCI	@Ferransax
@CADCI	@florencicosb
@CADCI	@guellsabata
@CADCI	@hugtimenow
@CADCI	@huguet_gabriel
@CADCI	@ilsemproniano
@CADCI	@JaumeBV
@CADCI	@JdelGrau
@CADCI	@JJbraso
@CADCI	@JoanRockguitar
@CADCI	@jorrdirrobert
@CADCI	@josepmuntpros
@CADCI	@JudithSerradell
@CADCI	@kinbota
@CADCI	@laurallovetanti
@CADCI	@LluisaGaGa
@CADCI	@MaiteRepulicana
@CADCI	@mantekakoloraa
@CADCI	@MasoQueralt
@CADCI	@mbatet
@CADCI	@miquel303marti
@CADCI	@motiuscat
@CADCI	@muxaineta
@CADCI	@Navarro4Nuria
@CADCI	@onestepbeyong
@CADCI	@PepCla
@CADCI	@ra_boix
@CADCI	@RiveroAlbert
@CADCI	@RKlebb
@CADCI	@rosacaritg
@CADCI	@sack_am
@CADCI	@sagal62
@CADCI	@SanzVeciana
@CADCI	@supercatalunya
@CADCI	@tronges
@CADCI	@utdblancx
@CADCI	@vladimixx
@CADCI	@wylli7
@CADCI	@XavicIIII
@CADCI	@xavvifm
@CADCI	@XLlFS
@cafedescafeinat	@duduipa
@cafedescafeinat	@Guanyarem2017
@cafedescafeinat	@jc_garba
@cafedescafeinat	@Mont4457
@cafedescafeinat	@sum_quod_sum_
@CalamityDjon	@AquestFrederic
@CalamityDjon	@guasa_bee
@CalamityDjon	@huguet_gabriel
@CalamityDjon	@Ismaeldelrioel
@CalamityDjon	@JaumeF
@CalamityDjon	@jnrbrvltt
@CalamityDjon	@JosepGorina
@CalamityDjon	@llunavermella
@CalamityDjon	@MIROLIVARES
@CalamityDjon	@oriolbcn
@CalamityDjon	@thisk21
@CalamityDjon	@ZAMISV
@calidae	@castledom04
@calidae	@UriTau
@Camikaze14	@ARAAlexGozalbo
@Camikaze14	@FCBseccions
@Camikaze14	@Javitovic_
@Camikaze14	@so_me_tent
@cancapablanca	@eidesigirl
@cancapablanca	@PassatDeRosca
@CanCat2007	@lecodesitges
@Candeliano	@06_bayer
@Candeliano	@0ri0lt
@Candeliano	@101ECV_GADGET
@Candeliano	@11setVCat
@Candeliano	@15mariona15
@Candeliano	@19aaamsss85
@Candeliano	@2nosaltres2
@Candeliano	@622Arquitectura
@Candeliano	@7Lotis7
@Candeliano	@9RosaM
@Candeliano	@AAixurach
@Candeliano	@Abelletaindepe
@Candeliano	@abusquets59
@Candeliano	@ACaguirado
@Candeliano	@acodina58
@Candeliano	@AdoromividaaC
@Candeliano	@AFigueres
@Candeliano	@africa_toni
@Candeliano	@agustibosch
@Candeliano	@aiamyayu
@Candeliano	@ainagallego
@Candeliano	@ajoprieto
@Candeliano	@Ajordagi
@Candeliano	@AlaluzDeunavel1
@Candeliano	@AlbertArnavat
@Candeliano	@albertfres
@Candeliano	@albertgabarrus
@Candeliano	@albertrecarens
@Candeliano	@Alberttito72
@Candeliano	@aleixandols
@Candeliano	@AlexBorrell2
@Candeliano	@AlexJoverFontai
@Candeliano	@alfsalm
@Candeliano	@AlitaAngel99
@Candeliano	@amadeu_serra
@Candeliano	@amchamizo
@Candeliano	@anaoromilluch
@Candeliano	@anasarabia33
@Candeliano	@AngelBulos
@Candeliano	@angelsselle
@Candeliano	@anitacaldes
@Candeliano	@anitciao
@Candeliano	@anna_cusco
@Candeliano	@annarosellreig
@Candeliano	@AntonCros
@Candeliano	@antoniferrer48
@Candeliano	@aranmen
@Candeliano	@araramendia
@Candeliano	@ARDILYA
@Candeliano	@Ariadna_Norte
@Candeliano	@AsselaBP
@Candeliano	@asstrion
@Candeliano	@assumptaceto
@Candeliano	@AureliAlvira
@Candeliano	@avellana71
@Candeliano	@BakuninVeguero
@Candeliano	@barnimile
@Candeliano	@BcnCatEu
@Candeliano	@begonys
@Candeliano	@Belaroi
@Candeliano	@BepGiralt
@Candeliano	@bethsalil
@Candeliano	@bisbedgirona666
@Candeliano	@bitforllot
@Candeliano	@Blaumar0
@Candeliano	@BMarginet
@Candeliano	@BosomJordi
@Candeliano	@boumariajosep
@Candeliano	@Bruce75ebn
@Candeliano	@bruixaelen
@Candeliano	@CadenaPepo
@Candeliano	@CamonPaco
@Candeliano	@Carbo_j
@Candeliano	@cariascc
@Candeliano	@CarlesCosta10
@Candeliano	@Carlesescario
@Candeliano	@carlisdiezh
@Candeliano	@carlosdiazjara1
@Candeliano	@castellviteresa
@Candeliano	@cataladelsud
@Candeliano	@Catalonia2017
@Candeliano	@catxisme
@Candeliano	@cescrossinyol
@Candeliano	@CescZapata
@Candeliano	@CharlesSampons
@Candeliano	@chincho_ens
@Candeliano	@CHO_TOBU_YA
@Candeliano	@CivcciOlin
@Candeliano	@CLinepannetier
@Candeliano	@CNICatalunya
@Candeliano	@ConstantiDaniel
@Candeliano	@cortadavila
@Candeliano	@csavalls
@Candeliano	@ctxdom
@Candeliano	@cubells_jordi
@Candeliano	@danibermo
@Candeliano	@DaniDvirni
@Candeliano	@daniforcadell
@Candeliano	@DaniMateu
@Candeliano	@danitonski
@Candeliano	@Daraque1899
@Candeliano	@DarthVaderBcn
@Candeliano	@DavidBarcelo28
@Candeliano	@de_anguera
@Candeliano	@Dimentocrata
@Candeliano	@DlrAngles
@Candeliano	@DMorenoPedrosa
@Candeliano	@DolsR
@Candeliano	@ecologismo10
@Candeliano	@edgarpima
@Candeliano	@eljamariiiiiii
@Candeliano	@eljameimatteo
@Candeliano	@ellenastorrent
@Candeliano	@Ellorach
@Candeliano	@elpregonerosr
@Candeliano	@emi_gonzlez
@Candeliano	@EmiliVinya
@Candeliano	@EnricHernandez2
@Candeliano	@enricmolina
@Candeliano	@erethen
@Candeliano	@escalatapies
@Candeliano	@ester_fru
@Candeliano	@esterpiula
@Candeliano	@FanaletFernando
@Candeliano	@farfaVaritx69
@Candeliano	@Farranapetita
@Candeliano	@Ferran_1967
@Candeliano	@FerranGinebrosa
@Candeliano	@FlashNoseCat
@Candeliano	@fm_bacderoda
@Candeliano	@Franayuso1
@Candeliano	@francescst
@Candeliano	@FrancJfarmo
@Candeliano	@Gabriusal
@Candeliano	@Gatosombra1
@Candeliano	@gemma349
@Candeliano	@GemmaMas5
@Candeliano	@Gemmsok
@Candeliano	@gibert_jordi
@Candeliano	@GlolarLara
@Candeliano	@Gsullon71
@Candeliano	@Guanyarem2017
@Candeliano	@huguet_gabriel
@Candeliano	@ilandero
@Candeliano	@Imma70
@Candeliano	@InmaFarran
@Candeliano	@ipssalt
@Candeliano	@irispuag
@Candeliano	@isabelberga
@Candeliano	@isabeleta2
@Candeliano	@isabelzapataalv
@Candeliano	@itsaslasterra
@Candeliano	@IvanAcosta00
@Candeliano	@jagv64
@Candeliano	@jasasot
@Candeliano	@jaumedolent
@Candeliano	@JavierLegaz
@Candeliano	@JessySnake
@Candeliano	@jfaus1
@Candeliano	@jllagoc
@Candeliano	@JMcmannScarface
@Candeliano	@jo_jock
@Candeliano	@Joan_Ribera
@Candeliano	@joan_rosanas
@Candeliano	@JoanBay
@Candeliano	@joanbonet46
@Candeliano	@JoanCT4W
@Candeliano	@JoanFondarella
@Candeliano	@JoanGrumet
@Candeliano	@joanjunca
@Candeliano	@joanmelo
@Candeliano	@joanparratena
@Candeliano	@JofreFite
@Candeliano	@JofreMares
@Candeliano	@JofrePilos
@Candeliano	@johansus
@Candeliano	@jonotrago
@Candeliano	@jordi_arriola
@Candeliano	@jordi_rouge
@Candeliano	@jordi2558
@Candeliano	@jordibusi4
@Candeliano	@jordifarre
@Candeliano	@JordiLlans
@Candeliano	@jordimeep
@Candeliano	@JordiSalaCosp
@Candeliano	@JordiSerrallon1
@Candeliano	@Jordisolerramio
@Candeliano	@Jose88329867
@Candeliano	@JosepAgMa
@Candeliano	@josepbartroli
@Candeliano	@JosepCasasPlans
@Candeliano	@josepmunoz
@Candeliano	@jpagesp
@Candeliano	@jplantalech
@Candeliano	@Jrpique
@Candeliano	@jsanst
@Candeliano	@judithgalceran
@Candeliano	@juliangrau
@Candeliano	@JuncalPujadas
@Candeliano	@JvilaplanaB
@Candeliano	@karmayigme
@Candeliano	@KebNuit
@Candeliano	@Kellliure
@Candeliano	@kristidoz
@Candeliano	@LaMartaSole
@Candeliano	@LaMoretti85
@Candeliano	@LauraVelzquez11
@Candeliano	@Lekpo46
@Candeliano	@lenagali
@Candeliano	@libelula90
@Candeliano	@lidif88
@Candeliano	@Ligero4312
@Candeliano	@lliureya
@Candeliano	@Lluisddp
@Candeliano	@logic_simple
@Candeliano	@lopallares1
@Candeliano	@lupoanony
@Candeliano	@mai_keta
@Candeliano	@maki_1966
@Candeliano	@mandreu6
@Candeliano	@manu_rufo
@Candeliano	@MarcBasagana
@Candeliano	@Marcelsayol
@Candeliano	@Marcking_azul
@Candeliano	@MargaPalau
@Candeliano	@marpalamos
@Candeliano	@Marquisreloaded
@Candeliano	@marramiauuuuuu
@Candeliano	@Marta_59
@Candeliano	@marta_octubre
@Candeliano	@marta_olivares
@Candeliano	@marta_suru
@Candeliano	@MartaMonrealM
@Candeliano	@marterue
@Candeliano	@marti_ferran
@Candeliano	@maytela70
@Candeliano	@mbatet
@Candeliano	@MCarol37
@Candeliano	@McGubern
@Candeliano	@Meiyo_BCN
@Candeliano	@merceplanaguma
@Candeliano	@mercevilarmau
@Candeliano	@Merit_Orlando
@Candeliano	@meritxellmarull
@Candeliano	@mevasadejar
@Candeliano	@miquel303marti
@Candeliano	@Miquelet_mataro
@Candeliano	@MiquelSorolla
@Candeliano	@miquelustrellal
@Candeliano	@miriamberoset
@Candeliano	@misterpause
@Candeliano	@mistinget
@Candeliano	@mjllm
@Candeliano	@mlnegreira
@Candeliano	@MokoDePavo
@Candeliano	@MonicaTS74
@Candeliano	@Monifunbcn
@Candeliano	@monikabasa
@Candeliano	@MonteroCarles
@Candeliano	@montfranc
@Candeliano	@montse1982md
@Candeliano	@montsebuil37
@Candeliano	@MontseMallor
@Candeliano	@moooort
@Candeliano	@mortana1714
@Candeliano	@mrosaescardo
@Candeliano	@mrosamas
@Candeliano	@n0seres
@Candeliano	@nandocaballero
@Candeliano	@nandoriotorto98
@Candeliano	@Nasclete
@Candeliano	@natjazzband
@Candeliano	@natzo444
@Candeliano	@nelalenros
@Candeliano	@Nest_indy
@Candeliano	@NikonJuan
@Candeliano	@no_clasismo
@Candeliano	@NoemiZampalo
@Candeliano	@Nona36858197
@Candeliano	@NormaNormucha
@Candeliano	@nostromo_csx
@Candeliano	@nriu8
@Candeliano	@nurinsmarins
@Candeliano	@nusfora
@Candeliano	@Nyshka1909
@Candeliano	@Oarechavala
@Candeliano	@OIBANYEZ
@Candeliano	@olga_francino
@Candeliano	@omercadedelas
@Candeliano	@OMotger
@Candeliano	@Orlik_Cat
@Candeliano	@osanfrancesc
@Candeliano	@oscar_adria
@Candeliano	@ouyuni
@Candeliano	@paalull
@Candeliano	@Pajarrakuss
@Candeliano	@pallofa
@Candeliano	@PamiesRoig
@Candeliano	@pare_pere
@Candeliano	@paulaob79
@Candeliano	@peeeleeleee
@Candeliano	@pefus58
@Candeliano	@pelinkano
@Candeliano	@pepamdep
@Candeliano	@pepbascovidal
@Candeliano	@peperaire
@Candeliano	@pepnolimits
@Candeliano	@photomiquelruiz
@Candeliano	@PilarArenyas
@Candeliano	@PilarPilarmorg
@Candeliano	@pinasco123
@Candeliano	@pirineus75
@Candeliano	@Pitlane55
@Candeliano	@Pointluck1
@Candeliano	@ppesol
@Candeliano	@prist66
@Candeliano	@qtorras
@Candeliano	@quadricula
@Candeliano	@quelfus
@Candeliano	@quimisson
@Candeliano	@QuimVilallonga
@Candeliano	@QuintanaMir
@Candeliano	@rabbit974
@Candeliano	@rachelATV
@Candeliano	@ramirez_molas
@Candeliano	@RamonaSole
@Candeliano	@RamonMiro
@Candeliano	@redgunner17
@Candeliano	@relliosnof
@Candeliano	@Rezakhan20
@Candeliano	@RiosgiroJosep
@Candeliano	@riusfran
@Candeliano	@rogerplaza
@Candeliano	@rogerponsfunken
@Candeliano	@RomulCat
@Candeliano	@Roquer_i_Sala
@Candeliano	@rosdevallargemi
@Candeliano	@roser_castellet
@Candeliano	@RTosK
@Candeliano	@rubinat_oscar
@Candeliano	@sabrina_v_r
@Candeliano	@salvatpelspels
@Candeliano	@SanzVeciana
@Candeliano	@SaraERoig
@Candeliano	@Sebastia25
@Candeliano	@seoane_pedro
@Candeliano	@seraldalf
@Candeliano	@sergi_aranciag
@Candeliano	@sergiokax
@Candeliano	@sexiL79R71
@Candeliano	@sgatek
@Candeliano	@silviacamposrus
@Candeliano	@SintesOlivella
@Candeliano	@sisdeu
@Candeliano	@SMayoralPhoto
@Candeliano	@SomBurros
@Candeliano	@Sonia_Lozano69
@Candeliano	@STOELZAED
@Candeliano	@Susanna8138
@Candeliano	@SylvyAKo
@Candeliano	@temiquelor
@Candeliano	@TeodoroLpez3
@Candeliano	@TERECLARAMUNT
@Candeliano	@tmanjavacas
@Candeliano	@tomasandreu3
@Candeliano	@ToniAlbert888
@Candeliano	@Topepeloz
@Candeliano	@ToriToribio
@Candeliano	@TorrasJaume
@Candeliano	@TowandaMG
@Candeliano	@tresvr
@Candeliano	@Tritonna3
@Candeliano	@tupitupitupi2
@Candeliano	@twit_cogito
@Candeliano	@txell1976
@Candeliano	@TxiaJay
@Candeliano	@txiscu
@Candeliano	@ullde_pop
@Candeliano	@Unai777777
@Candeliano	@V4l3y4rd
@Candeliano	@verbanna
@Candeliano	@vesquevinc
@Candeliano	@Vicbcn67
@Candeliano	@vila9990
@Candeliano	@Virgili7
@Candeliano	@virreiamat
@Candeliano	@VivesBiel
@Candeliano	@Xanitutinax
@Candeliano	@xavibasurto
@Candeliano	@XavicIIII
@Candeliano	@xavierbastos1
@Candeliano	@xavisanllehi
@Candeliano	@xavu82
@Candeliano	@xeta76
@Candeliano	@xispadekuada
@Candeliano	@xiuxiuador
@Candeliano	@xpep67
@Candeliano	@XSerres
@Candeliano	@xupunsitu
@Candeliano	@Yamakasy4
@Candeliano	@Ylianasp
@Candeliano	@YORYO25MD
@Candeliano	@yoselket1
@Candeliano	@YoshinoNara
@Candeliano	@yuripodiolu
@capdevilajoan	@alexdezon
@capdevilajoan	@Arnau_BA
@capdevilajoan	@BlaiMesa
@capdevilajoan	@maria_permanyer
@capdevilajoan	@Mireia_VR
@capdevilajoan	@orqueria3
@capdevilajoan	@ramonroyo
@carlab_cbp	@jordice_tb
@carlesbert	@indepesCCOO
@carlesbert	@rosamaria58
@Carlesbruf	@epertinez
@carlesdomingo	@alrega79
@carlesdomingo	@CarlesSueiras
@carlesdomingo	@DemocratesCAT
@carlesdomingo	@marian1bcn
@carlesdomingo	@Priskesvgumfaus
@carlesdomingo	@sergisancho
@carlesdomingo	@vanflowne
@CarlesGuinart	@Mstrsdemocracia
@carlesigemma	@Agustin_Guil
@carlesigemma	@AnnadeGirona
@carlesigemma	@annamariasastre
@carlesigemma	@ASurinyach
@carlesigemma	@betregue
@carlesigemma	@btxcgnbv
@carlesigemma	@camelinsTram212
@carlesigemma	@CGTEnsenyament
@carlesigemma	@CorisaMediaGrup
@carlesigemma	@cristinaisanta
@carlesigemma	@DanielSilvaGar3
@carlesigemma	@dulcevictoralex
@carlesigemma	@elies
@carlesigemma	@escolesobertes
@carlesigemma	@Ester18813526
@carlesigemma	@FerranGinebrosa
@carlesigemma	@fjauma
@carlesigemma	@lidiapeleja
@carlesigemma	@llunavermella
@carlesigemma	@losimo
@carlesigemma	@maria_malagrida
@carlesigemma	@MariaOxbow
@carlesigemma	@MariaSabarts
@carlesigemma	@mbanus
@carlesigemma	@Melania_Desoy
@carlesigemma	@MerceEscudero
@carlesigemma	@mirapersabadell
@carlesigemma	@NaturaMaresme
@carlesigemma	@nuria_TORRENT
@carlesigemma	@pepet_grill
@carlesigemma	@PereTorner
@carlesigemma	@pmenamendoza
@carlesigemma	@PSBallart
@carlesigemma	@reycaruncho
@carlesigemma	@Riderman24h
@carlesigemma	@rijago
@carlesigemma	@Sandrafdez19
@carlesigemma	@ToniParisino
@carlesigemma	@voluntatdeser
@carlesigemma	@XaviCuBu
@carlesluz	@puxic68
@CarlesMacian	@dvallespi
@CarlesMacian	@jaumedomingo
@CarlesMacian	@pvivancos
@carlesmotas	@immacc78
@carlesmotas	@joanturrov
@CarlesMundo	@arualgin
@CarlesMundo	@DeUrbin
@CarlesMundo	@estemon
@CarlesMundo	@FranTarrats
@CarlesMundo	@fsanchoteixido
@CarlesMundo	@jsugrane
@CarlesMundo	@julia_ma_es
@CarlesMundo	@llorenc1899
@CarlesMundo	@marc13fornells
@CarlesMundo	@pepfarras
@CarlesMundo	@pepgaspar
@CarlesMundo	@PotvicPotau
@CarlesMundo	@qkrlla
@Carlespinone	@Aitortxv
@Carlespinone	@AquestFrederic
@Carlespinone	@armandnavarrojo
@Carlespinone	@ConsultaBarca
@Carlespinone	@didaclopez
@Carlespinone	@eduguardia
@Carlespinone	@onlyamd
@Carlsvaldes	@Carlsvaldes
@carmah25	@AlexJoverFontai
@CarmeLaboria	@carmealdana
@CarmeLaboria	@ERCterrassa
@CarmeLaboria	@MariusMassalle
@CarmeLaboria	@MesTerrassa
@CarmeLaboria	@MIQUELLARA
@CarmeLaboria	@Quimberenguer
@CarmeLaboria	@slipnegre
@CarmeMartiCanti	@GemBarbera
@CarmeMartiCanti	@Mireia_bcall
@carnerobairline	@indiggato
@Casafont_R	@AAixurach
@cat_endavant	@soydareol
@cat_farres	@Casanovas1994
@catalacosmic	@Rigodon36
@catalanetguai	@eduguardia
@CatalanVoices	@9jrib9
@CatalanVoices	@airedelluna
@CatalanVoices	@albertitu
@CatalanVoices	@Albertldm
@CatalanVoices	@arnau_gerd
@CatalanVoices	@ArturColl
@CatalanVoices	@bangorsinnfein
@CatalanVoices	@CanarioCatala
@CatalanVoices	@christian_orlic
@CatalanVoices	@Christo57233610
@CatalanVoices	@DerrySinnFein
@CatalanVoices	@FlyingS14652197
@CatalanVoices	@GillStella
@CatalanVoices	@jksnova
@CatalanVoices	@josepfherrera
@CatalanVoices	@M_AndersonSF
@CatalanVoices	@MariaNordin
@CatalanVoices	@Messi_the_best
@CatalanVoices	@optamiki
@CatalanVoices	@porcelcarlos1
@CatalanVoices	@thecatlanway
@CatalanVoices	@Tosudament
@cbonaventura	@CostaBravaToday
@cbonaventura	@Esther_Cat3005
@cbonaventura	@IsabelFlorit
@cbonaventura	@LauraPadroV
@cbonaventura	@lucimando1
@cbonaventura	@Mara6111
@cbonaventura	@maria_malagrida
@cbonaventura	@marianjubany
@cbonaventura	@Nuria_G_M
@cbonaventura	@pacojiro
@cbonaventura	@pain_spain
@cbonaventura	@pause76
@cbonaventura	@roca_nuri
@cbonaventura	@rtorrasg
@cbosch16	@BobBelaki
@cbosch16	@empaperem
@cbosch16	@EstorachOtilia
@cbosch16	@llunavermella
@ccotss	@meritxellsesmi
@CDR_CanSerra	@Solosoyotrxtu
@CDR_SEulalia	@adamc5150
@CDR_SEulalia	@Chelu68
@CDR_SEulalia	@ratgs
@CDR_SEulalia	@tranamay
@CDREixampleDret	@albertrafols
@CDRFranqueses	@escanueladrums
@CDRFranqueses	@MarArabia_
@CDRFranqueses	@spawnoi
@CDRGironaSalt	@casalsaltenc
@CDRGironaSalt	@endavant_nord
@CDRGironaSalt	@Zhaaz1
@CDRGoticRaval	@_AllMiight_
@CDRGoticRaval	@airedelluna
@CDRGoticRaval	@Albertodelvalle
@CDRGoticRaval	@alvaromapache
@CDRGoticRaval	@ANCCiutatVella
@CDRGoticRaval	@andreavesena
@CDRGoticRaval	@annabaylach
@CDRGoticRaval	@arnauchavarria
@CDRGoticRaval	@BielBarbe
@CDRGoticRaval	@biribiroli
@CDRGoticRaval	@btxcgnbv
@CDRGoticRaval	@caboixo
@CDRGoticRaval	@cescmasdeu
@CDRGoticRaval	@cibigibi
@CDRGoticRaval	@eduardmata
@CDRGoticRaval	@ejanet15
@CDRGoticRaval	@FluviaJordi
@CDRGoticRaval	@huguet_gabriel
@CDRGoticRaval	@Ismaeldelrioel
@CDRGoticRaval	@jdtfilosofia
@CDRGoticRaval	@jimnimmo31
@CDRGoticRaval	@Jordialvgar
@CDRGoticRaval	@JosepArnau
@CDRGoticRaval	@juanjobote
@CDRGoticRaval	@juditroda
@CDRGoticRaval	@juliangrau
@CDRGoticRaval	@Kikomaci251
@CDRGoticRaval	@kxc1965
@CDRGoticRaval	@LaXungaCPS
@CDRGoticRaval	@Lior_Mastejn
@CDRGoticRaval	@lluisa_ng
@CDRGoticRaval	@maite_verd
@CDRGoticRaval	@malangelsg
@CDRGoticRaval	@manelrawal
@CDRGoticRaval	@Marta_Bolinches
@CDRGoticRaval	@mferra69
@CDRGoticRaval	@miquel303marti
@CDRGoticRaval	@MiquelGarciaBad
@CDRGoticRaval	@mjruizllach
@CDRGoticRaval	@molotov2000
@CDRGoticRaval	@montse40968594
@CDRGoticRaval	@motiuscat
@CDRGoticRaval	@NoMesXoris
@CDRGoticRaval	@pfontm
@CDRGoticRaval	@quimlyfar
@CDRGoticRaval	@RobertBadia
@CDRGoticRaval	@sianskiy
@CDRGoticRaval	@SrFl0ppy
@CDRGoticRaval	@Sylviatic
@CDRGoticRaval	@Teresa3amartell
@CDRGoticRaval	@tradasro
@CDRGoticRaval	@tsankaram
@CDRGoticRaval	@valonga74
@CDRGoticRaval	@XoseLieiro
@CDRHG7	@Alba_Llobet
@CDRHG7	@BernatBerenguer
@CDRHG7	@cdrlhcentre
@CDRHG7	@ComiteDeGracia
@CDRHG7	@COSnacional
@CDRHG7	@david92marting1
@CDRHG7	@doc3m
@CDRHG7	@EndavantHG
@CDRHG7	@garantimref
@CDRHG7	@HortaArran
@CDRHG7	@la_sariera
@CDRHG7	@laccent
@CDRHG7	@llunavermella
@CDRHG7	@LyoTheLyon
@CDRHG7	@Marietamolamola
@CDRHG7	@MbxMontse37
@CDRHG7	@MineTard
@CDRHG7	@miquel303marti
@CDRHG7	@oscarlm98
@CDRHG7	@PabloHasel
@CDRHG7	@Rua16v
@CDRHG7	@secreto2000
@CDRHG7	@serra_merce
@CDRHG7	@thisk21
@CDRLaFlorida	@Akelharre
@CDRLaFlorida	@AndresGomezLH
@CDRLaFlorida	@CDR_SEulalia
@CDRLaFlorida	@cuppobleactiulh
@CDRLaFlorida	@david92marting1
@CDRLaFlorida	@KillerYuko
@CDRLaFlorida	@Laiesken
@CDRLaFlorida	@lopez_surround
@CDRLaFlorida	@MarikarmenFree
@CDRLaFlorida	@PedroLuna73
@CDRLaFlorida	@pupipere
@CDRLaFlorida	@sergio__borrero
@CDRLaFlorida	@Solosoyotrxtu
@CDRLaFlorida	@SomSantaEulalia
@CDRLaFlorida	@tz_nute
@CDRLaFlorida	@XaviTallon
@CDRNouBarris	@escuraxemeneies
@CdrRubi	@abejasasesinas
@CdrRubi	@antseru
@CdrRubi	@CUP_Rubi
@CdrRubi	@dels_llops
@CdrRubi	@EliaGFerrer
@CdrRubi	@estemon
@CdrRubi	@ficcion2011
@CdrRubi	@IvanVila_Romero
@CdrRubi	@JuanfraHueso
@CdrRubi	@lluis1893
@CdrRubi	@lss_rubi
@CdrRubi	@maria_vi_ta
@CdrRubi	@mrosamas
@CdrRubi	@OriolSala1
@CdrRubi	@PDeCATRubi
@CdrRubi	@PEPDECAT
@CdrRubi	@Rubiperindep
@CdrRubi	@victor_puig
@cdrvng	@28mavi28
@cdrvng	@32Behan
@cdrvng	@6q95
@cdrvng	@ads_garraf1
@cdrvng	@AgataOlegario
@cdrvng	@aleixllenas
@cdrvng	@anaoromi
@cdrvng	@AndroideAlbert
@cdrvng	@AnnaPaezF
@cdrvng	@Asgasdadhega
@cdrvng	@batcova
@cdrvng	@bertfont
@cdrvng	@bethsalil
@cdrvng	@biblioaprenent
@cdrvng	@BladSilvia
@cdrvng	@CarlesFlash
@cdrvng	@cibigibi
@cdrvng	@Cop_baix
@cdrvng	@CRoig111
@cdrvng	@cspbcn
@cdrvng	@DavidLLafuente
@cdrvng	@doctordinamo
@cdrvng	@domenech_lluis
@cdrvng	@escolarri
@cdrvng	@Estacadebares
@cdrvng	@ffarreras
@cdrvng	@fgsmsf
@cdrvng	@fredicop
@cdrvng	@Gemmacdev
@cdrvng	@i_prochazka
@cdrvng	@Ismaeldelrioel
@cdrvng	@Jaufarre
@cdrvng	@jdtfilosofia
@cdrvng	@joanbftw
@cdrvng	@joanlopesoler
@cdrvng	@jordicomast
@cdrvng	@JuntsPelSi_Cat
@cdrvng	@loligonzalez68
@cdrvng	@manelnn51
@cdrvng	@MaraTer41201097
@cdrvng	@MariaOlcina2
@cdrvng	@mariaramiroo95
@cdrvng	@marioelaprendiz
@cdrvng	@merce_castellvi
@cdrvng	@mncplns
@cdrvng	@NVelard
@cdrvng	@octavimasip
@cdrvng	@OshitaUmnus
@cdrvng	@OskarMeGo
@cdrvng	@Paraules
@cdrvng	@PauFarinetes
@cdrvng	@pgandreu
@cdrvng	@Puig_Albert
@cdrvng	@quimarrufat
@cdrvng	@remeirom
@cdrvng	@SanzVeciana
@cdrvng	@scriabin49
@cdrvng	@Sergi_Fraire
@cdrvng	@SlegnaCat
@cdrvng	@sotoarmengol
@cdrvng	@txellblanxer
@cdrvng	@Venturi1973
@cescabcn	@anaoromi
@ChachoAlmaraz	@abogadocaldes
@ChachoAlmaraz	@bocahonta
@ChachoAlmaraz	@cfrd1909cat
@ChachoAlmaraz	@Charles34346075
@ChachoAlmaraz	@David89lh
@ChachoAlmaraz	@huguet_gabriel
@ChachoAlmaraz	@motiuscat
@ChachoAlmaraz	@pepelfino
@ChachoAlmaraz	@PereRF
@ChachoAlmaraz	@Petercoll72
@ChachoAlmaraz	@putonberbetxero
@ChachoAlmaraz	@rafempm
@ChachoAlmaraz	@Raulcile
@ChachoAlmaraz	@xxargay
@ChachoAlmaraz	@YORYO25MD
@ChristianPani13	@laquintaforca
@cintatorrent	@vichurfer
@clarapeya	@eduardvarorn
@clarapeya	@LauraLopezG
@claravromaguera	@QuimVT
@ClaudeDuguay2	@AlbaElenaAndri1
@ClaudeDuguay2	@ancSuisse
@ClaudeDuguay2	@AourNado
@ClaudeDuguay2	@aynoza
@ClaudeDuguay2	@bethsalil
@ClaudeDuguay2	@Castells_Godia
@ClaudeDuguay2	@Deasbad
@ClaudeDuguay2	@erablelapointe
@ClaudeDuguay2	@ImmaMoragas
@ClaudeDuguay2	@jmocu
@ClaudeDuguay2	@jmvidalillanes
@ClaudeDuguay2	@JoanBay
@ClaudeDuguay2	@LTrencia
@ClaudeDuguay2	@Mont4457
@ClaudeDuguay2	@oriolgasso
@ClaudeDuguay2	@quimsb
@ClaudeDuguay2	@Sylvermustia
@ClaudeDuguay2	@The_Rima_66
@ClaudeDuguay2	@uruk1973
@ClaudeDuguay2	@xavicaceres
@ClotDecideix	@adriasuaz
@ClotDecideix	@Ajakumoi
@ClotDecideix	@catalaMaulet
@ClotDecideix	@DaniCobos30
@ClotDecideix	@dianasistac
@ClotDecideix	@Fosfobit
@ClotDecideix	@llpascual89
@ClotDecideix	@martaa07
@ClotDecideix	@mcostasbcn
@ClotDecideix	@nuarmo
@ClotDecideix	@oriolhuesa
@comtat_gran	@Franxesy
@Coordinadora25S	@aangelesrubio
@Coordinadora25S	@Amapola1913
@Coordinadora25S	@astrapotro
@Coordinadora25S	@caralenin
@Coordinadora25S	@chapurreao
@Coordinadora25S	@EAarteako12
@Coordinadora25S	@Elsa68322694
@Coordinadora25S	@eltuert0
@Coordinadora25S	@ENDIKA59
@Coordinadora25S	@garmendiakorta
@Coordinadora25S	@ISMVALSyR
@Coordinadora25S	@J3roman
@Coordinadora25S	@josebaazkarraga
@Coordinadora25S	@kds_EH
@Coordinadora25S	@luisferperez77
@Coordinadora25S	@MerParg
@Coordinadora25S	@millanfernandez
@Coordinadora25S	@muybastos
@Coordinadora25S	@Sergivs5
@Coordinadora25S	@UgtComite
@Coordinadora25S	@yoly4216
@Coordinadora25S	@YORYO25MD
@Cop_baix	@32Behan
@Cop_baix	@angels_pallas
@Cop_baix	@carles_orriols
@Cop_baix	@cdrvng
@Cop_baix	@ConcubinaVng
@Cop_baix	@fgsmsf
@Cop_baix	@LaBullich
@Cop_baix	@lmanubens
@Cop_baix	@PSBallart
@Cop_baix	@remeirom
@CorallCastanys	@jordisalavila
@cosdelbou	@FelixGarciaGa11
@cosdelbou	@lordamarauri
@CPdeVilafranca	@fcasanellas
@CPdeVilafranca	@ggemma_g
@CPdeVilafranca	@inessolsonam
@CPdeVilafranca	@xavinavarro
@Crickro	@GuillemMitja
@CrisGironC	@esquerratortosa
@CrisGironC	@estermartia
@crishergi	@elisendahernan1
@CrisPlanaguma	@PaulaForcadell
@cristinaisanta	@JuliaMa96016562
@cristinasola74	@Moscamascojoner
@cristinatuge	@lamarionamiret
@cristinatuge	@Serradesanferm
@cristorronet	@tranamay
@crusanette	@cotaquetal
@CUP_Alcover	@Bubbabretxu
@CUP_Alcover	@marcaparoca
@CUP_Alcover	@txititxi
@CUPBarcelona	@_julia_m_r
@CUPBarcelona	@AbbayePuig
@CUPBarcelona	@AlbertArnavat
@CUPBarcelona	@aroalpa
@CUPBarcelona	@BatAttaleph
@CUPBarcelona	@Bulgarell1Mauro
@CUPBarcelona	@CUP_AMB
@CUPBarcelona	@domenech_lluis
@CUPBarcelona	@ejanet15
@CUPBarcelona	@estemon
@CUPBarcelona	@galizarebelde
@CUPBarcelona	@Gem_power
@CUPBarcelona	@gemmaborroka
@CUPBarcelona	@huguet_gabriel
@CUPBarcelona	@il_leon80
@CUPBarcelona	@milvietnams
@CUPBarcelona	@neusfem
@CUPBarcelona	@paremiq
@CUPBarcelona	@pepavives
@CUPBarcelona	@RGras_
@CUPBarcelona	@RoselloCristian
@CUPBarcelona	@secreto2000
@CUPBarcelona	@sombradoaire
@CUPBarcelona	@txemalone_
@CUPBarcelona	@xaviercaballer6
@CUPBarcelona	@ZAMISV
@CUPCelra	@atotamba
@CUPCelra	@kkiiwwiirroopp
@CUPEbre	@CarmeAbril
@CUPEbre	@CUPDeltebre
@CUPEbre	@llunavermella
@cupgramenet	@elpetrifax
@cupgramenet	@jose_benjumea
@cuplagarriga	@albaroca10
@cuplagarriga	@annamarba
@cuplagarriga	@Jordivd61
@cuppobleactiulh	@jc_guisado
@cuppobleactiulh	@joandema
@cuppobleactiulh	@sastre_david
@D_Granero	@xesco83
@D10S_zurdo	@XordixOconix
@dadma2010	@Joangomezr
@dancrosas	@Anna36927172
@dancrosas	@arge_roger
@dandrola	@cupciutatvella
@dandrola	@PauFarinetes
@danicornella	@atotamba
@danininfabregat	@dolorssidera
@DannyBermu	@CorisaMediaGrup
@DannyBermu	@janguerasa
@DAriasComamala	@angels_pallas
@darkpi	@LauraValar
@davewalshphoto	@CostaBravaToday
@davewalshphoto	@laRossa05
@davewalshphoto	@Marinamas
@davewalshphoto	@nocomp
@davidfortunyjul	@anaruizmlp
@davidpich	@albertize
@davidpich	@joanllenas
@davidpich	@putonberbetxero
@DavidPrat23	@_Oscar_P_
@DavidPrat23	@JNCBCN
@DavidPrat23	@JoMasramon
@DavidPrat23	@lesgolfa
@DavidPrat23	@marionaicaria
@DavidPrat23	@pgtorremorell1
@DavidPrat23	@Rokifans
@DCondeminas	@ferran2val
@DeBezigeBijl	@IanFerri
@DeBezigeBijl	@txantxi
@decibelis	@AidaGuidus
@deifgiri	@AlbertClaramont
@deifgiri	@NoletMarc
@DelanteroCentro	@Periodista_X
@DemocratesJoves	@Mater_audacia
@DemocratesJoves	@MeritxellP97
@DemocratesJoves	@pain_spain
@DemocratesJoves	@RositaPertegaz
@Dew231973	@Mirensss
@dfertl	@HuiPike
@dfertl	@lizmcgowan66
@dfertl	@M_AndersonSF
@dfertl	@mdp4202
@dfertl	@PalestinaSummer
@dfertl	@Sonophoto
@diariARA	@jmecanic
@didacsd	@jliacarbonell
@didacsd	@liotric
@DiegoGallardoCh	@TheVlgCoStore
@directe	@dolcanina
@directe	@JaumeAmargant
@directe	@joanpuig
@divad121cc	@asimplyworker
@DjRepubliCAT	@slipnegre
@dmascort	@dolorsvm
@dmontserratnono	@brigitnr
@dmontserratnono	@Carme_SC
@dmontserratnono	@eligirona
@dmontserratnono	@ermengolamill
@dmontserratnono	@InmaFarran
@dmontserratnono	@josepsort
@dmontserratnono	@lliuresomorts
@dmontserratnono	@silviapoll
@dmontserratnono	@twit_cogito
@DolorsFarre	@Geosoni
@DonaGirones	@PDeCATGIRONES
@DonaGirones	@RakB3
@DonaGirones	@RoserFP
@donicela22	@EDMANUEL1234
@donicela22	@fgafatg
@donicela22	@FrancescBrugue1
@donicela22	@galizarebelde
@donicela22	@henrisrece
@donicela22	@HideNaGaliza
@donicela22	@julska_
@donicela22	@lumifugo
@donicela22	@obloque
@donicela22	@pedraluagz
@donicela22	@redhostel
@donicela22	@sianskiy
@donicela22	@XavierRial
@DraRubioMayol	@DraRubioMayol
@DraRubioMayol	@melibarberor
@dvdbou	@ejanet15
@dvdbou	@sralane
@dvdbou	@Tonetaaa
@ebenach	@aleixvivesg
@ebenach	@BrutauEnric
@ebenach	@CaseJosep
@ebenach	@Catalan_Dragon
@ebenach	@davidpich
@ebenach	@elquemadobcn
@ebenach	@karlinyus
@ebenach	@LluisRiba
@ebenach	@mariaredondo
@ebenach	@mcasas205
@ebenach	@sack_am
@ebenach	@totonqa
@EBuixadera	@andreusoler78
@ecrispi	@ro_s_ita_rousi
@eduardcabus	@AlacidSergi
@eduardcabus	@EsperitCatala
@eduardcabus	@TFCarlos
@EduardMartiRoca	@MiquelLoro
@EduardMartiRoca	@sergimarti87
@EducacioilesTIC	@Aina_CV
@educadordegats	@oriolcruz
@educadordegats	@sebas_leno
@eduguardia	@anaoromilluch
@eduguardia	@ColmenaresAna2
@EduPoloBosch	@BigThor_23
@EduPoloBosch	@uriprats
@eduyardo	@ifresnillo
@Ekinklik	@AhotsaInfo
@Ekinklik	@amaia_haikazti
@Ekinklik	@Boro_LH
@Ekinklik	@DaniBasurde
@Ekinklik	@elikaherria
@Ekinklik	@ForRevolucion
@Ekinklik	@LaHaineInfo
@Ekinklik	@Paferes
@Ekinklik	@pintaderaroja
@Ekinklik	@txibanu
@Ekinklik	@Zabaldi
@Ekinklik	@zuribostnerisei
@elbenegre	@bakuberga
@elbenegre	@ddaude
@elbenegre	@guillemhs
@elbenegre	@jim4659
@elbenegre	@jordi69aura1
@elbenegre	@magalitis
@elbenegre	@Marsal95
@elbenegre	@Miquelet_mataro
@elbenegre	@NatxoBCN
@elbenegre	@nuria_maya
@elbenegre	@o0o_Liwy_o0o
@elbenegre	@pepnassos
@elbenegre	@RobertChoLee
@elbenegre	@SilviaSusin
@eliesnova	@JosepPous1
@Eloi242	@xaviertous
@eltrim	@Futsalmir
@elTxatxu	@1603ip
@elTxatxu	@abetwitt
@elTxatxu	@abusquets59
@elTxatxu	@Albert_44062
@elTxatxu	@CUPDipTa
@elTxatxu	@CUPTorre
@elTxatxu	@deiviiiiit
@elTxatxu	@eduardboada
@elTxatxu	@Eli_Fores
@elTxatxu	@eligarrabou
@elTxatxu	@frankinero79
@elTxatxu	@GLlurba
@elTxatxu	@imatgine
@elTxatxu	@jordiborras_ttr
@elTxatxu	@marramiauuuuuu
@elTxatxu	@mglaosv
@elTxatxu	@utdblancx
@emilinz	@JARC_COAG
@emisampedro	@1_pedrodeltoro
@emisampedro	@GrellaIla
@emisampedro	@HerraizMaria
@EmmaMoramellado	@dudareputation
@endavanteix	@ArranSaFa
@endavanteix	@BastoneraEixam
@endavanteix	@CUPEixample
@endavanteix	@FILOSOFOSELL
@endavanteix	@JP66431161
@endavanteix	@MENCHU15
@endavanteix	@mrovira
@endavanteix	@paufacu
@endavanteix	@PUJATALESCALA
@EndavantPonent	@ecases2
@EndavantPonent	@JosaXavier
@enSergioles	@abusquets59
@enSergioles	@agnesagnes10
@enSergioles	@angels_pallas
@enSergioles	@arb13579
@enSergioles	@Carlesescario
@enSergioles	@Casanovas1994
@enSergioles	@Catalonia_Free
@enSergioles	@Catalonia1640
@enSergioles	@cdm1950
@enSergioles	@divapiti
@enSergioles	@doctorslum75
@enSergioles	@ente_lequia
@enSergioles	@Espera1000
@enSergioles	@freakydeserie
@enSergioles	@GenaroLleida
@enSergioles	@giramonvirt
@enSergioles	@Hartmannmora
@enSergioles	@helteo73
@enSergioles	@ideal__
@enSergioles	@IvanBatlle1973
@enSergioles	@izovi
@enSergioles	@JJPPbcn
@enSergioles	@JoanCT4W
@enSergioles	@jordiborras_ttr
@enSergioles	@jordimassa
@enSergioles	@jrodriguEZFilba
@enSergioles	@juliangrau
@enSergioles	@laura79pg
@enSergioles	@Lkmtva37
@enSergioles	@martamonfort13
@enSergioles	@nextjainde
@enSergioles	@nriu8
@enSergioles	@PilarGP_
@enSergioles	@pinyuner
@enSergioles	@Polaca1714
@enSergioles	@polo_lluis
@enSergioles	@rgallaca3
@enSergioles	@skavolat
@enSergioles	@Teixonera
@enSergioles	@vadomartell
@enSergioles	@Wittgenstein_jm
@enSergioles	@xevipuix
@enSergioles	@XgPujol
@enSergioles	@xinluses
@EnverAzMe	@anticapiCat
@EnverAzMe	@CridaCornella
@EnverAzMe	@helteo73
@EnverAzMe	@JuntsxVallirana
@EnverAzMe	@RusoMikel
@EnverAzMe	@scriabin49
@EnverAzMe	@somVNG
@EnverAzMe	@Sonia_Farre
@ERC_SantAndreu	@ERC_Justicia
@ERC_SantJust	@nadiasos
@ERC_SPM	@ERC_la_Llagosta
@ERC_SPM	@mendi1970mir
@ERC_SPM	@polllastre
@ercblanes	@asang68
@ercblanes	@CCaballeroUGT
@ercblanes	@vilar_antoni
@ERCCalella	@xavik64
@ErcCornella	@s0yunamartir
@ErcCunit	@ErcCunit
@ERClaSelva	@l098765432
@ercsantcugat	@EvaLafuente2
@ERCVallesOr	@isabelarcpo
@escolabarnola	@CamilC69
@escudellat	@JuanRamonArnau
@escudellat	@Matarruca
@escuincle67	@amartinga75
@esibina	@ERCmunicipal
@esportpelsi	@mitii17
@esportpelsi	@toni_serrat
@esportpelsi	@Tvallj
@Esquerra_Tiana	@txiscu
@esquerrarubi	@CdrRubi
@esquerrarubi	@CUP_Rubi
@esquerrarubi	@janpunti
@esquerrarubi	@Laiesken
@esquerrarubi	@mcmaymo
@esquerrarubi	@PEPDECAT
@esquerratgn	@esquerracamp
@estemon	@BetlemCBel
@esteroliveguell	@BoschArseni
@estherdepikas	@davidpich
@estherguiu	@BuscaIsabel
@EstradaLaia	@AleixArnavat
@EstradaLaia	@AlsRomeu
@EstradaLaia	@AlvaroSeco
@EstradaLaia	@amchamizo
@EstradaLaia	@CALICA78
@EstradaLaia	@carmen_fotos
@EstradaLaia	@DespertaF
@EstradaLaia	@EstherCG67
@EstradaLaia	@FrancescBrugue1
@EstradaLaia	@frankinero79
@EstradaLaia	@jmaesod
@EstradaLaia	@JordiGomezL
@EstradaLaia	@JordiJEC
@EstradaLaia	@LluisDeMar
@EstradaLaia	@lluisfrias
@EstradaLaia	@Lucia_DS11
@EstradaLaia	@miquelreus
@EstradaLaia	@mnikral
@EstradaLaia	@nar_fent
@EstradaLaia	@novellcat
@EstradaLaia	@PauRomeu
@EstradaLaia	@quimoba1
@EstradaLaia	@ramonantich
@EstradaLaia	@rijago
@EstradaLaia	@rodrigo_alsina
@EstradaLaia	@rushcb
@EstradaLaia	@RusoMikel
@EstradaLaia	@vicribes
@EstradaLaia	@xanmoragas
@etassies	@66morga
@etassies	@ACP3010
@etassies	@antoniaserrano2
@etassies	@AudeCorbieres
@etassies	@balthazhare
@etassies	@disenos_nous
@etassies	@garito
@etassies	@MerceMercebla
@etassies	@Nuska48319537
@etassies	@OmissminaO
@etassies	@portrigh
@etassies	@STIVMR
@etassies	@TeixidoPilar
@etassies	@Xavi44896342
@EtstuSocjo	@Bruce75ebn
@eunate97	@inigogra
@EUROLANG	@GuillemBelmar
@EUROLANG	@guillempujades
@EUROLANG	@margotdvries
@EUROLANG	@miralalluna
@Eva_Gene	@mariasesca
@evaclauso	@annaalvado
@evalluvic	@sihomeiquemes
@evulitsa	@joanpetit
@F_Cas79	@Sinsajo3Rings
@FallesPopulars	@figuelsdjs
@FallesPopulars	@marestrel
@fdbetancor	@DaniSarda65
@fdbetancor	@martidimauro
@fdbetancor	@Rlvrlvrlv
@FenixNegre	@FenixNegre
@FenixNegre	@Susanna8138
@Fermin_Gadura	@sergimasmejor
@Fernandez_iudex	@anabel6658
@Fernandez_iudex	@avbll
@Fernandez_iudex	@F_Cas79
@Fernandez_iudex	@mtse_luxemburgo
@Fernandez_iudex	@tranamay
@Ferran_Bel	@antonipostius
@Ferran_Bel	@capidanMar
@Ferran_Bel	@davidbonvehi
@Ferran_Bel	@enricsimo
@Ferran_Bel	@EstibalezJ
@Ferran_Bel	@evasabater
@Ferran_Bel	@joanagabarrof
@Ferran_Bel	@JosepCugat
@Ferran_Bel	@merce_blitz
@Ferran_Bel	@mncsls
@Ferran_Bel	@OctaviMiarnau
@Ferran_Bel	@Pdemocratacat
@Ferran_Bel	@peterpancha9
@Ferran_Bel	@pfossas
@Ferran_Bel	@pgimenezs
@Ferran_Bel	@ricardsedo
@Ferran_Bel	@riveropirineu
@Ferran_Bel	@sack_am
@Ferran_Bel	@Tereteteta
@Ferran_Bel	@victorferrando
@Ferran_Bel	@xavi_blanch
@FerranRoman	@bou_ricard
@ficcion2011	@juliangrau
@fortaivalenta	@xuan_rdz
@fortaivalenta	@Yeah_bcn
@fotemlocamp	@ksnorbu
@Francesc_Coll	@AnnaAznar
@Francesc_Coll	@BielBarbe
@Francesc_Coll	@CarlesMora3
@Francesc_Coll	@CatacRurals
@Francesc_Coll	@danitonski
@Francesc_Coll	@famarbo
@Francesc_Coll	@gpujolvalles1
@Francesc_Coll	@J_Coll_Casanova
@Francesc_Coll	@jordianweb
@Francesc_Coll	@JosepMVandellos
@Francesc_Coll	@Lllunatica
@Francesc_Coll	@Metsilet
@Francesc_Coll	@pagesmonfar
@Francesc_Coll	@pepnassos
@Francesc_Coll	@pola_lliro
@Francesc_Coll	@SantiMillanM
@francescms	@AntoniVicenteGr
@francescms	@assunfranquesa
@francescms	@davidcompanyon
@Franciscugarcia	@montoliu_pilar
@Franciscugarcia	@Poliol
@Franciscugarcia	@sobiranianarkia
@fredforcat	@ancnyc
@fredforcat	@e2re2er
@fredforcat	@ga01F
@fredforcat	@joanargm
@fredforcat	@jordi_miro
@fredforcat	@joseplluis71
@fredforcat	@slipnegre
@freecatpiula	@JORDIGGUIU
@freecatpiula	@jotaemaPPCC
@frepose	@evamserramia
@frepose	@JoanMarcF
@g_quintana_j	@g_quintana_j
@g_quintana_j	@SalaFalques
@gagis86	@xifri_bcn
@galizanova	@fgafatg
@galizanova	@franchon_
@galizanova	@JLCD0
@galizanova	@luvskotia
@galizanova	@Noor_BCN
@galizanova	@pedraluagz
@galizanova	@sum_quod_sum_
@gallinavasca	@Jaionekcd
@GCoronat	@GCoronat
@Ge_P_Ge	@BalladForM
@Ge_P_Ge	@Berlustinho
@Ge_P_Ge	@CarlosRivasFdez
@Ge_P_Ge	@Catalonia_Free
@Ge_P_Ge	@daniel_mabo
@Ge_P_Ge	@Farenheit_451_
@Ge_P_Ge	@gerimorcillo
@Ge_P_Ge	@gillesmateu
@Ge_P_Ge	@GuillemOlivares
@Ge_P_Ge	@JordiSeren
@Ge_P_Ge	@jorgito_ml
@Ge_P_Ge	@josepjulia
@Ge_P_Ge	@jpiulachs
@Ge_P_Ge	@krikiball
@Ge_P_Ge	@Mater_audacia
@Ge_P_Ge	@morpheus17pro
@Ge_P_Ge	@OusxlDemocracia
@Ge_P_Ge	@paulixos
@Ge_P_Ge	@PEREZERG
@Ge_P_Ge	@rockabillense
@Ge_P_Ge	@Rubenpulido97
@Ge_P_Ge	@xavicaceres
@geminis25	@ClunaJosep
@GemmaMorenoS	@gacelarebelde
@gemmapeiro	@rafikiscope
@gemquim	@70diazcat
@gemquim	@aarnauc
@gemquim	@AKAlliure
@gemquim	@Alsapla
@gemquim	@anaoromilluch
@gemquim	@aynoza
@gemquim	@barnimile
@gemquim	@bel_margarida
@gemquim	@ClunaJosep
@gemquim	@dora_nicoletta
@gemquim	@EduardCamarosSe
@gemquim	@EricGallardo69
@gemquim	@EsthercillaCorb
@gemquim	@freed4Catalonia
@gemquim	@gps_bcn
@gemquim	@Ii_iITLLCIi_iI
@gemquim	@jdith77
@gemquim	@josepmfarre
@gemquim	@McAgoo
@gemquim	@montserumbau
@gemquim	@old2angry
@gemquim	@pambtomaquet14
@gemquim	@photomiquelruiz
@gemquim	@RamonFont4
@gemquim	@rodenasfoz
@gemquim	@rossend1963
@gemquim	@RSUAREZ4
@gemquim	@Tarratwit
@gemquim	@Virgili7
@Gen_Llibertat	@joanagabarrof
@gerardgomezf	@JoanSoladeSardi
@gerardgomezf	@jordiathor
@Gerardo_Ibelli	@a_cagar
@gerardvg92	@DaninU
@gertrudisband	@angels_pallas
@gertrudisband	@tonilocorr
@GilOvide	@maribelSJ
@GironaVota	@annaten
@GironaVota	@CUPGirona
@GironaVota	@EsterEsparrac
@GironaVota	@estersoler
@GironaVota	@FrancescBrugue1
@GironaVota	@gr_lia
@GironaVota	@guillemferran
@GironaVota	@Joaquimllorens
@GironaVota	@jonlarregui
@GironaVota	@jordiboschllado
@GironaVota	@jordisalvia
@GironaVota	@LaiaPelachSaget
@GironaVota	@llsalellasvilar
@GironaVota	@llunavermella
@GironaVota	@melibarberor
@GironaVota	@MontenegroPep
@GironaVota	@MontseRoig8
@GironaVota	@omfarquitectura
@GironaVota	@sack_am
@GironaVota	@saltxind
@GironaVota	@Solarthought
@GironaVota	@tanrebfc
@GironaVota	@tinacasademont
@GironaVota	@TxellSolsona
@GironaVota	@xevimontoya
@GironaVota	@ygolonac
@GIUAR	@gemquim
@GIUAR	@RubenMarzialet1
@globalmartin	@MounTiesha
@goresanjose	@e2ramos
@goresanjose	@jaumevallde
@gorisatorres	@AbelSerraQuinta
@gorribeltz	@AvaricumJorge
@gorribeltz	@delilop57
@gorribeltz	@ENDIKA59
@gorribeltz	@Manelet314
@gorribeltz	@marjaletes
@gorribeltz	@martikarreras
@gorribeltz	@orcasiseguridad
@gorribeltz	@patricialopezl
@gorribeltz	@tonigines
@gorribeltz	@XaviDinvents
@gregoferro	@danimaresme
@gregoferro	@jep_send
@gregoferro	@sagal62
@gruyere_	@magdagroovy
@gruyere_	@morgades_eduard
@gruyere_	@sotsproject
@guillemics	@GRGR1518
@guillemsans	@ecarbonellmon
@guillemsans	@emili_info
@guillemsans	@ferroldi
@guillemsans	@singermornings
@guillemsans	@tonoma34
@guillemsans	@ygerbeau
@gustems_ingrid	@ColoSans
@gzcontrainfo	@AnaSagredoPhoto
@gzcontrainfo	@AndresGBaston
@gzcontrainfo	@BoletusEdulius
@gzcontrainfo	@comedemocarallo
@gzcontrainfo	@HideNaGaliza
@gzcontrainfo	@ivanwestcoast_
@gzcontrainfo	@Javier_Abalo
@gzcontrainfo	@julska_
@gzcontrainfo	@miguez13099
@gzcontrainfo	@xabi_portas
@GZmusica	@AxelPortas
@GZmusica	@zoegmera
@HamaikaTb	@AlberdiIbarra
@HamaikaTb	@LArretxe
@HamaikaTb	@oihanadaguerre
@hanweilong	@ferrangrauhorta
@helenamarti1	@josepmsolei
@helmartorell	@ERC_Maresme
@helmartorell	@ERCCabrils
@helmartorell	@LIDIASACA
@helmartorell	@LuMartinBCN
@helmartorell	@marcgrau86
@helmartorell	@mblanchartb
@helmartorell	@pilipele
@HeloisaAtthis	@jcarles_vila
@HiriBizia	@jmasmay
@holoturoideu	@Eva_Gene
@HortaArran	@CGT_UPC
@HortaArran	@MeriAsensio
@HortaArran	@OmniumHG
@Iaia_Toneta	@32666a40a1d446d
@Iaia_Toneta	@altadillj
@Iaia_Toneta	@CarlaaCiid
@Iaia_Toneta	@nyonyi9
@Iaia_Toneta	@teresa_sol71
@Iaia_Toneta	@WhiteBunny92
@Iaia_Toneta	@xifri_bcn
@IBienert	@jagracas
@IBienert	@SARDAROSA
@iGenoves	@alsanan
@ignasi_castcar	@aracegea
@ignasi_castcar	@vampyCATman
@IgorMeltxor	@johnspartan1983
@IgorMeltxor	@jorginapuig
@IgorMeltxor	@piliolariagalar
@IMarcuello	@teresitabele
@immaferrer	@joancrissergi
@immaferrer	@jonhibombay
@Indautxutik	@dtorres_86
@Indautxutik	@estevebq
@Ineessh	@guilleM13
@Ineessh	@Ineessh
@InkibackJaime	@aguilar1_luisa
@IOARIZOS77	@chachacha_p3
@IOARIZOS77	@ElCotufo
@IOARIZOS77	@JJPLCat
@IOARIZOS77	@martinr604
@IOARIZOS77	@MiquelJov
@IOARIZOS77	@raulcobole
@IOARIZOS77	@tocapelotas100
@iontelleria	@Jagobafafo
@iontelleria	@OrainaAstindu
@iontelleria	@PatxiBengoa
@ipanella	@JamesMartin77
@iroca89	@marcferre19
@isaacperaire	@cuma95
@isaacperaire	@joseplayola
@isaacperaire	@OGR86
@isaacperaire	@txemazapater
@iscagz	@_ju1_
@iscagz	@aannaabeel
@iscagz	@ainhougar
@iscagz	@alopgon
@iscagz	@alvinzinho
@iscagz	@Antonio16794231
@iscagz	@Antonnic1
@iscagz	@APartenos
@iscagz	@askari222
@iscagz	@aynoza
@iscagz	@Bardo_do_Vinho
@iscagz	@BarniBanana
@iscagz	@bette_noir__
@iscagz	@BGB85
@iscagz	@BorxaGC
@iscagz	@CarlaaCiid
@iscagz	@chacueco
@iscagz	@curreloss
@iscagz	@dansuvil
@iscagz	@DeliaGrimmjow
@iscagz	@DioniAntenor53
@iscagz	@DMorenoPedrosa
@iscagz	@domenech_lluis
@iscagz	@DonkeyXote1714
@iscagz	@ducamal
@iscagz	@empaperem
@iscagz	@ester_alias
@iscagz	@falkehen
@iscagz	@fantomastxiki
@iscagz	@Frances07678807
@iscagz	@fromgaliza
@iscagz	@furulai_21
@iscagz	@galeuzka
@iscagz	@galizaemrede
@iscagz	@garciacastrofj
@iscagz	@GenFlamingo90
@iscagz	@giner_juanjo
@iscagz	@Grbol
@iscagz	@gz_cat
@iscagz	@ideiazabaldu
@iscagz	@iscagz
@iscagz	@javier_mahedero
@iscagz	@jokin211980
@iscagz	@jordisalvia
@iscagz	@JuantxoGil
@iscagz	@Laaaaaia
@iscagz	@LaiaColom
@iscagz	@Laurence_Sterne
@iscagz	@levamexa
@iscagz	@Liev_Melenas
@iscagz	@malangelsg
@iscagz	@marle501
@iscagz	@mgsgaliza
@iscagz	@mvallver
@iscagz	@NepmuL
@iscagz	@noaourense
@iscagz	@Nuuwandaa
@iscagz	@OnnaRevolution
@iscagz	@Opilotoch
@iscagz	@pedraluagz
@iscagz	@psicofarmacosno
@iscagz	@quimapp
@iscagz	@Rezakhan20
@iscagz	@RobbyEspierre
@iscagz	@rodrigo_alsina
@iscagz	@RosaridlAurora
@iscagz	@rsimop
@iscagz	@Ruantifa__
@iscagz	@SEPC_nacional
@iscagz	@silviofalcon
@iscagz	@sisondeta
@iscagz	@SyPcul
@iscagz	@tatvans
@iscagz	@tincungos
@iscagz	@Tipo_de_incogni
@iscagz	@un_esser
@iscagz	@unisxrepublica
@iscagz	@vou_de_cu
@iscagz	@wylli7
@iscagz	@X_Lalena_X
@iscagz	@XMriel
@itxasoatutxa	@alfonsoh4
@ivagvi	@TassjaArt
@IvnGimnez	@GuillermoGlaria
@IzquierdaRevol	@Cooperactivists
@IzquierdaRevol	@DanielMarGarBCN
@JacopRuano	@Lounomen
@jaipcat	@Puigreig
@jaumebc	@Mery_2112
@jaumecasanas	@evamserramia
@jaumecasanas	@guillercg
@jaumecasanas	@mncsls
@jaumeisal	@smaguilo
@jaumevn	@pankunken
@javi332	@laquintaforca
@JAVIER9090	@AlasaJordina
@JAVIER9090	@AlbertClaramont
@JAVIER9090	@AlbPep
@JAVIER9090	@Algonfdez
@JAVIER9090	@AnaMariC1984
@JAVIER9090	@BertaFaro1
@JAVIER9090	@calafell_jordi
@JAVIER9090	@carmebarril
@JAVIER9090	@CarmenAlvarezN2
@JAVIER9090	@catitrinidad
@JAVIER9090	@coliverc19
@JAVIER9090	@comtessadedia
@JAVIER9090	@darmada80
@JAVIER9090	@DavidPelegri
@JAVIER9090	@dolorsesteveco
@JAVIER9090	@drodriguezfen
@JAVIER9090	@Elisabet_Vila
@JAVIER9090	@esgirones
@JAVIER9090	@Esther_Cat3005
@JAVIER9090	@EugeniaROS7
@JAVIER9090	@francescgrane
@JAVIER9090	@francescllupia
@JAVIER9090	@Gorahristo
@JAVIER9090	@Govipu
@JAVIER9090	@huguet_gabriel
@JAVIER9090	@JAMonzon
@JAVIER9090	@Jordicorfont
@JAVIER9090	@JordiJEC
@JAVIER9090	@JosepArnan
@JAVIER9090	@JoSerrallonga
@JAVIER9090	@kakyn21
@JAVIER9090	@lantoniola
@JAVIER9090	@LlurbaOlga
@JAVIER9090	@loriot_jaune
@JAVIER9090	@losabiasl
@JAVIER9090	@MAd_PIp
@JAVIER9090	@manelct
@JAVIER9090	@mariasarpa1
@JAVIER9090	@Maribel30559727
@JAVIER9090	@Marquisreloaded
@JAVIER9090	@mercedauder
@JAVIER9090	@miquelcaba
@JAVIER9090	@montagut1972
@JAVIER9090	@NataliaPoulsen
@JAVIER9090	@natzo444
@JAVIER9090	@necoslo
@JAVIER9090	@NoyaFrancesc
@JAVIER9090	@nucanisa
@JAVIER9090	@OshitaUmnus
@JAVIER9090	@PolPuigPinyol
@JAVIER9090	@PubilladelTer
@JAVIER9090	@RealMiracle66
@JAVIER9090	@RosaColls230283
@JAVIER9090	@Sandrafdez19
@JAVIER9090	@SolEsteve11
@JAVIER9090	@SubstituteYT
@JAVIER9090	@SusannaSerarol
@JAVIER9090	@Tacirupeca2
@JAVIER9090	@TxellVilaR
@JAVIER9090	@xavierbertran
@JAVIER9090	@ZamoToni
@Jbenini3	@EliaRiPa
@JCarlesSegura	@jaumebyn
@JCarlesSegura	@papallona2010
@jcasanovas	@immaferrer
@jcuixart	@101ECV_GADGET
@jcuixart	@AleixMic
@jcuixart	@Alter_Jo
@jcuixart	@AmellerCarlos
@jcuixart	@antseru
@jcuixart	@araramendia
@jcuixart	@CAPITA_ENCIAM_
@jcuixart	@cataladelsud
@jcuixart	@CATaronja
@jcuixart	@CharlieFox1714
@jcuixart	@cmp69
@jcuixart	@DavidBarcelo28
@jcuixart	@dcaritgg
@jcuixart	@DulceCabron_
@jcuixart	@gcjoanna67
@jcuixart	@GeTuNa
@jcuixart	@IgnasiMayolas
@jcuixart	@immamallol
@jcuixart	@jacintfelip
@jcuixart	@Jmasdomi
@jcuixart	@joanagabarrof
@jcuixart	@JoanBay
@jcuixart	@jordianweb
@jcuixart	@jsabate13
@jcuixart	@juhcor
@jcuixart	@juliiaaa97
@jcuixart	@maitebonora
@jcuixart	@Marcelsayol
@jcuixart	@mariacarmeboix
@jcuixart	@maxslleida
@jcuixart	@montsegurri
@jcuixart	@MontserratDomi3
@jcuixart	@nataliamm68
@jcuixart	@NunaKotko
@jcuixart	@obulco2014
@jcuixart	@OmniumHG
@jcuixart	@pause76
@jcuixart	@pepnassos
@jcuixart	@pere_cat54
@jcuixart	@ppesol
@jcuixart	@QuimIsbert
@jcuixart	@QuimSilvestre
@jcuixart	@RMarsinyach
@Jean33	@nk_esther
@jesus_martin_73	@annabc1984
@jesuset58	@ANCEuskalHerria
@jesuset58	@AnnaFrancesF
@jesuset58	@DolsR
@jesuset58	@jflorit
@jesuset58	@lluis1893
@jesuset58	@mai_keta
@jim4659	@CarmeEgea1
@jim4659	@Jossepp
@jjoorrddiinnaa	@JMLluis
@JJPPbcn	@NoemiRosValenc2
@jlcleries	@DespertaFerro11
@JLMagaz	@albertmaruny
@JLMagaz	@apgalacant
@JLMagaz	@carlosdiazjara1
@JLMagaz	@corruPPtio
@JLMagaz	@errandegi
@JLMagaz	@FerranGinebrosa
@JLMagaz	@jordiporcel
@JLMagaz	@JoseMiguel1969
@JLMagaz	@lasilviaijo
@JLMagaz	@maitepinam
@JLMagaz	@nagusticasals
@JLMagaz	@oproberts3
@JLMagaz	@Paulamartha7
@JLMagaz	@PepEstepa
@JLMagaz	@raixa59
@JLMagaz	@Xaviko_
@jmangues	@Nefele61
@jmangues	@xpnavarri
@JMRebes	@ramonroyo
@jmterricabras	@Adriel94342235
@jmterricabras	@AlbertOller1
@jmterricabras	@AngieRovira
@jmterricabras	@BuscAndreu
@jmterricabras	@DANNYWAVE75
@jmterricabras	@jcabrera_coll
@jmterricabras	@marcsd1
@jmterricabras	@marcus_uf
@jmterricabras	@mariamdelleida
@jmterricabras	@mire_O8
@jmterricabras	@QuimGreal
@jmterricabras	@RegBaschung
@jmterricabras	@Siscu_Alvira
@JMTibau	@instintanimal
@JMTibau	@zsinglehotmail1
@jmviladomat	@soler123
@JNCatalunya	@Alistair_SBD
@JNCatalunya	@florencicosb
@JNCatalunya	@GerardAnglerill
@JNCatalunya	@JNCBCN
@JNCatalunya	@JNCUPC
@JNCatalunya	@lauradehaan87
@JNCatalunya	@sack_am
@joakimVivas	@JoMasramon
@joakimVivas	@rosa_msust
@Joan_Camps	@GIUAR
@joan_martin5	@martossais
@JoanaCifreMas	@GerardCorriols
@JoanaCifreMas	@xdiume
@joancguerrero	@cescabcn
@joancguerrero	@jordi_salvia
@joancguerrero	@mtdp08230
@joancguerrero	@Pol_Oliveres
@joandausa	@hperxi
@Joanju_	@JoseMar02736653
@joanjuncarol	@Nadineosaer93
@JoanMarcF	@janhuguet
@JoanMarcF	@laquintaforca
@joanmariapique	@AdriaCarrascosa
@joanmariapique	@Amiomusica
@joanmariapique	@AnneLuneDolce
@joanmariapique	@ArdellaKilver
@joanmariapique	@Franci7226
@joanmariapique	@Gemmah2005Gemma
@joanmariapique	@iolandagalaxi
@joanmariapique	@IvanAcosta00
@joanmariapique	@JamesAlcatraz
@joanmariapique	@JF_Abril
@joanmariapique	@mbatet
@joanmariapique	@melitia_
@joanmariapique	@NuriaArnau
@joanmariapique	@pamelyqueen
@joanmariapique	@Roxas_DL
@joanmariapique	@SrLTF
@joanmariapique	@Tgarcia_m
@joanmariapique	@xabii8
@joanpetit	@martona78
@joanqueralto	@3loiBalletboG
@joanqueralto	@aranmen
@joanqueralto	@ferran2val
@joanqueralto	@huguet_gabriel
@joanqueralto	@indignindigente
@joanqueralto	@JosepRuaix
@joanqueralto	@Manelcanas
@joanqueralto	@MoltaCalma
@joanqueralto	@Neus47
@joanqueralto	@PereLleixa
@joanqueralto	@PiscisblokyToni
@joanqueralto	@PuigFigueras
@joanrene	@alxmurCAT
@joanrene	@AMI__cat
@joanrene	@Arnau8FCB
@joanrene	@Diputacion_ESP
@joanrene	@gserrate
@joanrene	@janrede
@joanrene	@MaricelPujol
@joanrene	@PDECATlleida
@joanrene	@PDeCATPonts
@joanrene	@salvijolis
@joansafont	@anna_guxens
@joansafont	@cbonamus
@joansafont	@cescamat
@joansafont	@EDMANUEL1234
@joansafont	@MaxRieraB
@joanserafi	@cobacho_ivan
@JoanTriasM	@partitocraciaNO
@jordi_fdez00	@mariazape65
@jordi_latorre	@PDeCATPonts
@jordiboucompte	@carlescampuzano
@jordiboucompte	@PDECAT_AMB
@jordiboucompte	@PDeCATBaixLlob
@jordicentellas	@paubrunet
@jordigaseni	@_corbo
@jordigaseni	@lolaperpi
@jordigaseni	@marta_mrm
@jordigaseni	@miquelterrassa
@jordigaseni	@Pyrall
@jordigaseni	@raquelfas
@JordiGuarda	@marta_octubre
@JordiMolist1	@Jordi_d_c
@JordiMonros	@joanagabarrof
@JordiMuntan	@mcmaymo
@JordinaEM	@frankinero79
@JordiNMateu1	@MartaPuigdesens
@JordiPeloPo	@SrLivingstone1
@jordisendra	@AvellanaTGN
@jordisendra	@eferresarabia
@jordisendra	@FroilanVives
@jordisendra	@JNCCampTGN
@jordisendra	@kikupipo
@jordisendra	@mbanus
@jordisendra	@MilloremTGN
@jordisendra	@montse469
@jordisendra	@mrieradevall
@jordisendra	@msenserrich
@jordisendra	@PDECatTarragona
@jordisendra	@PereGalofre
@jordisendra	@pove92
@jordisendra	@rabbit974
@jordisendra	@RamonVilaltella
@jordisendra	@Rogerbfcat
@jordisendra	@sack_am
@jordisendra	@sandrapuyola1
@jordisendra	@TarragonaJNC
@jordisendra	@Tiriti26
@jordisendra	@tranamay
@jordisendra	@WG203B
@jorditurull	@jmbenbri
@jorditurull	@louisbcn17141
@jordivilar66	@raulmassanella
@JordiVPou	@CarmeTorrelles
@JordiVPou	@meri_feliu
@JordiVPou	@Mrti14Pro
@jorondino	@AmenhotepHuy
@jorondino	@bayenlali
@jorondino	@juliangrau
@jorondino	@Logatemmascarat
@josegomeztaler1	@huesca_puche
@JosepBargallo	@albertvivestous
@JosepBargallo	@Catalonia_Free
@JosepBargallo	@mbanus
@JosepBargallo	@montsepalau
@JosepBargallo	@PanadesPb
@JosepBargallo	@pirineus75
@JosepBargallo	@XSerres
@josepbobe	@jaumeramonsole
@JosepGorina	@vidal_enric
@JosepmariaJosep	@JosepmariaJosep
@JosepMCalavera	@ffm63
@JosepMLozano	@_Dani_AR
@JosepMLozano	@jmbullichsj
@JosepMLozano	@significaRSE
@JosepMMontaner	@CharlyGCB
@JosepMMontaner	@coachblanca
@JosepMMontaner	@enriccall
@JosepMMontaner	@LaPratty
@JosepMMontaner	@LaTerraferma
@JosepMMontaner	@MangelscmAngels
@JosepMMontaner	@PiratsSSistema
@JosepMMontaner	@pixarada
@JosepMMontaner	@PostureigLleida
@JosepMMontaner	@TassjaArt
@JosepMMontaner	@The_Wookiees
@josepsalleras	@NerBlack
@josepsalleras	@SparksBCN
@josgnzlz	@CGTEnsenyament
@josgnzlz	@josgnzlz
@josgnzlz	@LluisPerarnau
@josgnzlz	@unelement
@jotrieca	@Bcncat1
@jotrieca	@eeepauete
@jotrieca	@etfelicitofill
@jotrieca	@guellsabata
@jotrieca	@llagosteraj
@jotrieca	@mariasesca
@jpons72	@FermideCalXato
@jpons72	@pepnassos
@JSerret82	@VilasecaN
@jsjbird01	@adamleonsmith
@jsjbird01	@dp14n
@juanjosbd	@tereflauta
@JuanJose80	@cimbretor
@Juanmi_News	@434didi
@Juanmi_News	@alemanyjosem
@Juanmi_News	@AliciaLaulet46
@Juanmi_News	@AncMadrid
@Juanmi_News	@angeluisbarrera
@Juanmi_News	@Aritovi34
@Juanmi_News	@asunlasaosa
@Juanmi_News	@betomorrowdawn
@Juanmi_News	@Blackdelvalles
@Juanmi_News	@carolina_badia
@Juanmi_News	@ccooicssanitat
@Juanmi_News	@cfageda
@Juanmi_News	@CHIMBIN49
@Juanmi_News	@ChrDavis
@Juanmi_News	@corruPPtio
@Juanmi_News	@cristina16ch
@Juanmi_News	@D353u
@Juanmi_News	@dolorssidera
@Juanmi_News	@eduardvaquer
@Juanmi_News	@Eledertxiiu
@Juanmi_News	@elpregonerosr
@Juanmi_News	@ENDIKA59
@Juanmi_News	@fanaticorbbsgs
@Juanmi_News	@FerranPorta
@Juanmi_News	@FonkyD
@Juanmi_News	@francesca_bria
@Juanmi_News	@FranGallRuiz
@Juanmi_News	@gorkabiurrun
@Juanmi_News	@grancocolio
@Juanmi_News	@GuerreraSultana
@Juanmi_News	@I_taca
@Juanmi_News	@isama1958
@Juanmi_News	@ISMVALSyR
@Juanmi_News	@itacablog
@Juanmi_News	@joan_benach
@Juanmi_News	@JoanAtmetllaA
@Juanmi_News	@JosCarl65385060
@Juanmi_News	@JosenSanLo
@Juanmi_News	@juanjesusg40
@Juanmi_News	@kiketomas
@Juanmi_News	@LaZonaSucia
@Juanmi_News	@LluisColl13
@Juanmi_News	@manelrawal
@Juanmi_News	@MariaTe77012942
@Juanmi_News	@marilopez07
@Juanmi_News	@miquel303marti
@Juanmi_News	@Mireia_bcall
@Juanmi_News	@muybastos
@Juanmi_News	@nando1800ya
@Juanmi_News	@NormaNormucha
@Juanmi_News	@oalmirall
@Juanmi_News	@perezmant
@Juanmi_News	@racso1106
@Juanmi_News	@raquelfas
@Juanmi_News	@Reydaniel31
@Juanmi_News	@rocalca
@Juanmi_News	@rosagpl44
@Juanmi_News	@sack_am
@Juanmi_News	@sancheztechi1
@Juanmi_News	@sikokosmik
@Juanmi_News	@spidderr
@Juanmi_News	@sra_danvers
@Juanmi_News	@Stuker87
@Juanmi_News	@Teo_Medina
@Juanmi_News	@TerukaP
@Juanmi_News	@twintesis
@Juanmi_News	@txell1976
@Juanmi_News	@vivarusia567
@Juanmi_News	@Wittgenstein_jm
@Juanmi_News	@XaviPortales
@Juanmi_News	@xesca77
@Juanmi_News	@xevipuix
@Juanmi_News	@YORYO25MD
@Juanmi_News	@YuntaElena
@judithtorras26	@SrLivingstone1
@JulianAssange	@GaurabKarki
@JulianAssange	@Pauzurano
@JulianAssange	@TCremades
@julieta_sunyol	@Jmiquelgalvan
@JuntsPelSi_Cat	@Kellliure
@JuntsPelSi_Cat	@Lalib58984611
@JuntsPelSi_Cat	@merce_castellvi
@JuntsxVallirana	@CAVallirana
@JuntsxVallirana	@CridaCornella
@JuntsxVallirana	@jesusmf84
@JuntsxVallirana	@meetro
@JuntsxVallirana	@mikelltuit
@JuntsxVallirana	@pcVallirana
@JuntsxVallirana	@Sonia_Farre
@Just_Sociats	@toni_bernabe
@Justiboya	@1denmadrid
@Justiboya	@OHLen4
@jvfaig	@llunavermella
@jvfaig	@sack_am
@jvfaig	@unisxrepublica
@KaleZale	@AhotsaInfo
@KaleZale	@epuiggros
@KaleZale	@ideiazabaldu
@KaleZale	@Miguel6994
@KaleZale	@pintaderaroja
@KaleZale	@xcastanyer
@Karitus1	@fzn_89
@kataklock	@JosepRuaix
@kataklock	@lpascual60
@kataklock	@PileteJosefine
@kim_soler	@70diazcat
@kim_soler	@catxisme
@kim_soler	@huguet_gabriel
@kim_soler	@joancv54
@kim_soler	@jotaesede88
@kim_soler	@lauragaboni
@kim_soler	@MontseMH7
@kim_soler	@nucanisa
@kim_soler	@peblo13
@kim_soler	@santpol1
@kim_soler	@Sara17salana
@kim_soler	@Uri19705483
@Kitsch_oficial	@eduardvarorn
@Kitsch_oficial	@fesolet
@Kitsch_oficial	@isaacguila
@Kitsch_oficial	@jjpinatella
@Kitsch_oficial	@jmbarderi
@Kitsch_oficial	@JoanSerraS
@Kitsch_oficial	@Jrdbordils
@Kitsch_oficial	@NicoRubio
@Kitsch_oficial	@sergipalau
@KOCharamsa	@Albaguti3
@KOCharamsa	@defranci79
@KOCharamsa	@Mater_audacia
@KOCharamsa	@Xicli53
@KOCharamsa	@ycrepeau
@KorronteGorria	@OrainaAstindu
@kryon2012	@chabu_8
@kryon2012	@GirbaudRojas
@kryon2012	@GuifreElPelat
@kryon2012	@JoansotJordi
@kryon2012	@pirineus75
@kryon2012	@Well086
@KSABNI	@MartaRiells
@KSABNI	@numa8888
@kulampara1	@15MBcn_int
@la_IAC	@Assumpt40818209
@la_IAC	@debateducacio
@la_IAC	@epuiggros
@la_IAC	@iescorihuela
@la_IAC	@PabloSbd
@la_IAC	@xabanam
@la_IAC	@xhinaski
@la_Sageta	@Aitor_BC
@la_Sageta	@girlfr0mMars
@la_Sageta	@JosepPolakez
@la_Sageta	@pepavives
@la_tieta_	@eloiesce
@labaulalleida	@Gerard_Raimat
@lagoodseny	@elsrsergi
@lagoodseny	@Mont4457
@lagoodseny	@rcantons
@lagoodseny	@sum_quod_sum_
@lagoodseny	@YuriKalashnikov
@LaiaPelachSaget	@CUPGirona
@LaiaPelachSaget	@tanrebfc
@Laksmizz	@annamariasastre
@Laksmizz	@Carles_Sec
@Laksmizz	@carlesgilgil
@Laksmizz	@Casanovas1994
@Laksmizz	@Costa16Francesc
@Laksmizz	@josepmfarre
@Laksmizz	@KarnitinaMaier
@Laksmizz	@Laksmizz
@Laksmizz	@LinaCaldes
@Laksmizz	@Montse_M_N
@Laksmizz	@pain_spain
@Laksmizz	@RalfWiggumIII
@Laksmizz	@SusiTorrent
@LakuntzaUdala	@aezkiaga
@LakuntzaUdala	@PatxiBengoa
@LaliRius	@jmvillaro
@LaliRius	@LSabats
@LaQuartera	@anna_santolaria
@lareirinha	@lupoanony
@laubertribas	@EduBague
@laubertribas	@julipuignou
@laubertribas	@Sigruneitor
@laubertribas	@xavadegirona
@Laurarenas66	@Boriacus
@Laurarenas66	@CAT_Francesc
@Laurarenas66	@Catalonia_Free
@Laurarenas66	@Catalonia1640
@Laurarenas66	@CharlesSampons
@Laurarenas66	@Defens1Or_Urnes
@Laurarenas66	@LMadurell
@LauraUrtos	@carli_1693
@laveu_info	@DolsR
@laveu_info	@EugeniMas
@laveu_info	@indignindigente
@laveu2roses	@FROBO957
@lavinia0507	@itaAsparo
@LegioWeAre	@olerdolina
@lesportiucat	@ANCFCB
@lesportiucat	@Lespo_
@lesportiucat	@seeyoubcn
@Lespurnabloc	@carloscercos
@Lespurnabloc	@ComaladaPere
@Lespurnabloc	@delamapu
@Lespurnabloc	@joanmes
@Lespurnabloc	@Jordivd61
@LFImagina	@EL9NOU_VOr
@LFImagina	@escanueladrums
@LFImagina	@pjmagda
@LianaEHE	@mbatet
@lidiamonesp	@HoladeValls
@lidianavaro	@jessimiaue
@lionelpla	@ramon_twit
@litgis	@CarmeTorrelles
@litgis	@chuti45
@litgis	@DiezJulia
@litgis	@mariasesca
@litgis	@mosnunez
@litgis	@Mr_Pribas
@litgis	@NogueraGracia
@lizcastro	@acodina58
@Llibertatcat	@_DarwinPZ
@Llibertatcat	@adriaxj8
@Llibertatcat	@aherreror
@Llibertatcat	@albert36457402
@Llibertatcat	@Albineta
@Llibertatcat	@ANCaldesmontbui
@Llibertatcat	@AnnaNyes
@Llibertatcat	@arnau78
@Llibertatcat	@campadavid
@Llibertatcat	@CarlaAP_2
@Llibertatcat	@danigalindo13
@Llibertatcat	@dvocat
@Llibertatcat	@FrancescJ63
@Llibertatcat	@i_prochazka
@Llibertatcat	@ignasicorral
@Llibertatcat	@Jolualfe
@Llibertatcat	@LEKUONADomenja
@Llibertatcat	@lhomeocell
@Llibertatcat	@Llibertatcat
@Llibertatcat	@llunavermella
@Llibertatcat	@LoFuflunet
@Llibertatcat	@marramiauuuuuu
@Llibertatcat	@pepnassos
@Llibertatcat	@pere_sola
@Llibertatcat	@Raq12863329
@Llibertatcat	@RocaMiravent
@Llibertatcat	@RomulCat
@Llibertatcat	@RoseHat1
@Llibertatcat	@SCMuro
@Llibertatcat	@Stuker87
@Llibertatcat	@tallarinamarina
@Llibertatcat	@verdglauc
@Lluis_Casanovas	@Ciscuox
@lluisbm9	@SilsdelaSelva
@lluiscacau	@NuriFont
@lluisguino	@angelTolsanas
@lluisguino	@tguino
@LlunaCatalana	@Kampru75
@LMadurell	@anaoromi
@LO_DICCIONARI	@AnnaMBusom
@LO_DICCIONARI	@federicajimene1
@LO_DICCIONARI	@Robert_Masip
@LoFuflunet	@Aldeano40
@LoFuflunet	@cuarsimodo
@LoFuflunet	@martaduesa
@LoFuflunet	@Ricard58789388
@LorenaAlmi	@empaperem
@LorenaAlmi	@EstorachOtilia
@LorenaAlmi	@Sara67822151
@lorenalacalleA	@AitziberSA
@lorenalacalleA	@ANCEuskalHerria
@lorenalacalleA	@ehbilduaraba
@lorenalacalleA	@LandaJauna
@lorenalacalleA	@OatesAli
@lorenalacalleA	@PatxiBengoa
@lorenlop14	@CaracasCubelles
@loritostyle	@arnauart
@loritostyle	@CGT_UPC
@loritostyle	@CGTCatalunya
@losimo	@davidpich
@lourdescasadem	@FrDomenech
@LoveNotRobotWar	@jonathanablitt
@LovingRawls	@rodriguezluz_
@low_rayn	@vadomartell
@LPuigCartes	@gemsaladev
@lSimplementjol	@ConstantiMic
@LuciMiniciNatal	@legoelandlibre
@LuciMiniciNatal	@MoreraNria
@luis_gozalez	@ireneuaymi
@luis_gozalez	@teresamfoto
@LuisitaOfficial	@VolkerPoblenou
@magdacas	@Alfaro_Giro
@magdacas	@jaumeramonsole
@magdacas	@Jordi__Mur
@magdacas	@mariamar1202
@magdacas	@MesTarga
@magdacas	@XavierMessPuch
@maiipunt	@MireiaGascon
@makkins	@lecodesitges
@Malaka_Iberico	@_joanpm
@Malaka_Iberico	@199xviajero
@Malaka_Iberico	@Acarillo3
@Malaka_Iberico	@AlbertLloreta
@Malaka_Iberico	@atipicx
@Malaka_Iberico	@bengie_d
@Malaka_Iberico	@canariion
@Malaka_Iberico	@Casi_AzulMar
@Malaka_Iberico	@CDRGoticRaval
@Malaka_Iberico	@ComiteDeGracia
@Malaka_Iberico	@Ehyrt
@Malaka_Iberico	@embatOLC
@Malaka_Iberico	@guelfa10
@Malaka_Iberico	@il_largia
@Malaka_Iberico	@johnspartan1983
@Malaka_Iberico	@lamarionamiret
@Malaka_Iberico	@machhiana
@Malaka_Iberico	@MarqMarti
@Malaka_Iberico	@NidietaDeRivia
@Malaka_Iberico	@PauFarinetes
@Malaka_Iberico	@santicalaf
@Malaka_Iberico	@SrFl0ppy
@Malaka_Iberico	@txainbe
@Malaka_Iberico	@vecirex
@MaluSouzaGalvao	@cristinaisanta
@MaluSouzaGalvao	@txellblanxer
@ManCatalonia	@ANCFCB
@ManCatalonia	@KRyan_IDC
@ManCatalonia	@Lespo_
@manel_monllao	@celebrovs
@manel_monllao	@SocialismexCAT
@manelcom	@PatxiBengoa
@ManelEsteller	@_tia_tia
@ManelEsteller	@AAixurach
@ManelEsteller	@AbbayePuig
@ManelEsteller	@abusquets59
@ManelEsteller	@albertbrias
@ManelEsteller	@albertgabarrus
@ManelEsteller	@AlbertJaimeC
@ManelEsteller	@alemanymm
@ManelEsteller	@alfonsnic
@ManelEsteller	@aligatrencada
@ManelEsteller	@AllrisAlkris
@ManelEsteller	@almallmar
@ManelEsteller	@AManonelles
@ManelEsteller	@anajuangil
@ManelEsteller	@ANC_Reus
@ManelEsteller	@angelsmcastells
@ManelEsteller	@AngelsPunti
@ManelEsteller	@anna_immer
@ManelEsteller	@annaamoros4
@ManelEsteller	@AnnaAznar
@ManelEsteller	@AnnaRDom
@ManelEsteller	@Antoni_Gelonch
@ManelEsteller	@AntoniOlive6
@ManelEsteller	@arielmonells
@ManelEsteller	@ArtSingulArt
@ManelEsteller	@AsselaBP
@ManelEsteller	@Barcaitaca
@ManelEsteller	@biel_ferrer
@ManelEsteller	@birlnow
@ManelEsteller	@bitxudamparrat
@ManelEsteller	@CabestanySandra
@ManelEsteller	@calhug19
@ManelEsteller	@Canminaire
@ManelEsteller	@CarlesEnrich1
@ManelEsteller	@casaxus
@ManelEsteller	@cdefm
@ManelEsteller	@cescalcal
@ManelEsteller	@CharlieFox1714
@ManelEsteller	@clickerpau
@ManelEsteller	@CocoMaas
@ManelEsteller	@comtejofre
@ManelEsteller	@cproma55
@ManelEsteller	@csorigue
@ManelEsteller	@davidferrerc
@ManelEsteller	@Dolors63
@ManelEsteller	@EDMANUEL1234
@ManelEsteller	@edu5811
@ManelEsteller	@EduScissorhands
@ManelEsteller	@ELCARRASCLET
@ManelEsteller	@eldavidserena
@ManelEsteller	@ELEMENTSUBVERS
@ManelEsteller	@elidelaita
@ManelEsteller	@enric_rost
@ManelEsteller	@ensisador53
@ManelEsteller	@ErasFeliu
@ManelEsteller	@EstherCG67
@ManelEsteller	@Estornino_C
@ManelEsteller	@EtstuSocjo
@ManelEsteller	@eudaldc
@ManelEsteller	@fede_subirats
@ManelEsteller	@FinaAraque
@ManelEsteller	@FluviaOlga
@ManelEsteller	@frodri38
@ManelEsteller	@funkyalex77
@ManelEsteller	@fxavierbautista
@ManelEsteller	@GarroTejero
@ManelEsteller	@garseru
@ManelEsteller	@genesca_62
@ManelEsteller	@GuartLoli
@ManelEsteller	@i_prochazka
@ManelEsteller	@IgnasiJV
@ManelEsteller	@Imma70
@ManelEsteller	@indignindigente
@ManelEsteller	@inotton74
@ManelEsteller	@IrisGarciaBCN
@ManelEsteller	@isalvet
@ManelEsteller	@jbarrullbadia
@ManelEsteller	@Jhguzman10
@ManelEsteller	@JJPPbcn
@ManelEsteller	@jlopezpinar
@ManelEsteller	@jmvidalillanes
@ManelEsteller	@Joan1Raja
@ManelEsteller	@joanaCP62
@ManelEsteller	@Jolavica
@ManelEsteller	@jordgili
@ManelEsteller	@jordicurto
@ManelEsteller	@JordiEscoda3
@ManelEsteller	@JordiMones
@ManelEsteller	@jordipatalina
@ManelEsteller	@JordiUs54
@ManelEsteller	@josefjosef66
@ManelEsteller	@josep_freixas
@ManelEsteller	@jpadros
@ManelEsteller	@JuditSLlurba
@ManelEsteller	@juhcor
@ManelEsteller	@jumatemi
@ManelEsteller	@kikucatkiku
@ManelEsteller	@laiasolea
@ManelEsteller	@LauraPadroV
@ManelEsteller	@LIDIASACA
@ManelEsteller	@llcapdevila
@ManelEsteller	@Lluis_Casanovas
@ManelEsteller	@lluism2
@ManelEsteller	@lothlertu
@ManelEsteller	@luvskotia
@ManelEsteller	@macupozo
@ManelEsteller	@majo_natalia
@ManelEsteller	@manel_martinezg
@ManelEsteller	@manelhc
@ManelEsteller	@Marc22155654
@ManelEsteller	@marcejaume
@ManelEsteller	@marcelcoyo
@ManelEsteller	@marcovendrelli
@ManelEsteller	@MarcPuigpinos
@ManelEsteller	@marcsd1
@ManelEsteller	@maria_parellada
@ManelEsteller	@mariapresas
@ManelEsteller	@mariarderosa58
@ManelEsteller	@Maribel_TM
@ManelEsteller	@MarinaArimany
@ManelEsteller	@MartaOliBoli
@ManelEsteller	@MerxeJimenez
@ManelEsteller	@migjorn66
@ManelEsteller	@miquel_tb
@ManelEsteller	@miquelterrassa
@ManelEsteller	@MireiaRafel
@ManelEsteller	@mldelavega86
@ManelEsteller	@mobiplayer
@ManelEsteller	@montsemontals
@ManelEsteller	@Montser98108406
@ManelEsteller	@motiuscat
@ManelEsteller	@mtdp08230
@ManelEsteller	@mtsantana67
@ManelEsteller	@Nil_AG1
@ManelEsteller	@Ningumes
@ManelEsteller	@NriaSerrano
@ManelEsteller	@Nuriadomila
@ManelEsteller	@OnPili
@ManelEsteller	@Orgostia
@ManelEsteller	@oriolgracia
@ManelEsteller	@ovcabo77
@ManelEsteller	@PanGran
@ManelEsteller	@Pep__Vila
@ManelEsteller	@PepManel_PR
@ManelEsteller	@peretuset
@ManelEsteller	@pgtorremorell1
@ManelEsteller	@pilipele
@ManelEsteller	@Pointluck1
@ManelEsteller	@PonsGuasch
@ManelEsteller	@QuimTorrent
@ManelEsteller	@rabbit974
@ManelEsteller	@ritagm1
@ManelEsteller	@Rocsalafaixa
@ManelEsteller	@rogerevansny
@ManelEsteller	@Rogerhoms
@ManelEsteller	@RogerPlaMad
@ManelEsteller	@rosa_esteve
@ManelEsteller	@samadafarriols
@ManelEsteller	@Sara67822151
@ManelEsteller	@saturnow
@ManelEsteller	@SebastiaCalero
@ManelEsteller	@sergiamaro
@ManelEsteller	@SerraAlbert
@ManelEsteller	@SilviaP_ML
@ManelEsteller	@Silviavm74
@ManelEsteller	@Sol92535303
@ManelEsteller	@solet72
@ManelEsteller	@TalaEnric
@ManelEsteller	@TomasPesquera
@ManelEsteller	@Tritonna3
@ManelEsteller	@UriTau
@ManelEsteller	@VBoquera
@ManelEsteller	@vesquevinc
@ManelEsteller	@VG_Daniel78
@ManelEsteller	@voltaduran
@ManelEsteller	@willycleta
@ManelEsteller	@Xanitutinax
@ManelEsteller	@Xaviburzon
@ManelEsteller	@XaviCuBu
@ManelEsteller	@XavierXavimimo
@ManelEsteller	@XaviSaltamarges
@ManelEsteller	@xborras1900gma1
@ManelEsteller	@xexiBKS
@ManelEsteller	@yshalf
@marc_aloy	@FcbOriolcat
@marc_aloy	@guellsabata
@marc_aloy	@RaluyMonica
@marc_canaranya	@JordiMallach
@marc_elpoll	@fervidal2010
@marc_escoda	@Floren61
@marc_esteve	@eng8181
@marc_esteve	@helena_vima
@marc_esteve	@kataluno
@marc_esteve	@palmira_marti
@Marc20F	@argelagaonfire
@Marc20F	@EstorachOtilia
@marcarza	@alextornerdegis
@marcarza	@Casafont_R
@marcarza	@GlolarLara
@marcarza	@joanmariapique
@marcarza	@joanmarsellach
@marcarza	@lasilviaijo
@marcarza	@miriferfu
@marcarza	@ruviratis
@marcarza	@SilviaP_ML
@marcarza	@storiol
@marcarza	@Tvallj
@marcastells3	@jardinatural
@marcastells3	@JoanR_
@marccid6	@lechu_zas
@march_jordi	@XicFCB
@marclanuza11	@Dracs1991
@marclanuza11	@funciogamma
@marcllabina	@albertmaruny
@MarcPifarre	@AudeCorbieres
@MarcPifarre	@cristinasamped1
@MarcPifarre	@ficcion2011
@MarcPifarre	@Gemmsok
@MarcPifarre	@LLUISAGC
@MarcPifarre	@Roser_Angrill
@MarcPuigtio	@EliusCornelius
@MarcPuigtio	@PereCastillo53
@MarcPuigtio	@Ricard58222621
@MarcVallsiGurt	@mllagos1
@MareasCiudadana	@alexgato74
@MareasCiudadana	@AnaAgp_1967
@MareasCiudadana	@DavidLlorenteS
@MareasCiudadana	@davidminoves
@MareasCiudadana	@ejanet15
@MareasCiudadana	@es_trull
@MareasCiudadana	@EstorachOtilia
@MareasCiudadana	@Fran6Qnet
@MareasCiudadana	@FranGallRuiz
@MareasCiudadana	@gracchus56
@MareasCiudadana	@guelfa10
@MareasCiudadana	@IsabelAranjuez_
@MareasCiudadana	@juankarmv
@MareasCiudadana	@julsaco
@MareasCiudadana	@lola_herrerasan
@MareasCiudadana	@NaturaMaresme
@MareasCiudadana	@NormaNormucha
@MareasCiudadana	@NUET
@MareasCiudadana	@PepaBadell
@MareasCiudadana	@puric2
@MareasCiudadana	@RusoMikel
@MareasCiudadana	@STudela
@MareasCiudadana	@Tamy_mosqueada
@maria_fibla	@aina_espa
@maria_fibla	@ainhoa_reverter
@maria_fibla	@arinavarro04
@mariacarbo_	@jordisalvia
@marianjubany	@qstionrtsprojct
@MariaPoppins	@CaputxetaIndy
@mariarocallover	@sergimarti87
@mariavallribera	@Annna_gd
@maribelsun2	@MontseMallor
@MaricarmeNulo	@Aitor_BC
@marinareymilan	@victor_serrat
@MarionaCastells	@Jordi__Mur
@Marionahoms	@Montsedompr
@marionbigas	@merce_pou
@mariusserra	@8euros
@mariusserra	@agustilluis
@mariusserra	@albertbrias
@mariusserra	@carbonell_pepa
@mariusserra	@criszamora1
@mariusserra	@DavidPelegri
@mariusserra	@FSabateD
@mariusserra	@ibanbp
@mariusserra	@iveeeeeetii
@mariusserra	@jaumeflorensa
@mariusserra	@jdegra
@mariusserra	@joana_velarde
@mariusserra	@JoeNadela
@mariusserra	@lidia2711m
@mariusserra	@LordCaptainLol
@mariusserra	@marionacapde
@mariusserra	@MartaTapiolas
@mariusserra	@momento_ie
@mariusserra	@nepome7
@mariusserra	@Nuria363
@mariusserra	@prbeatriz
@mariusserra	@rosa_armengol
@mariusserra	@Sandrix32
@mariusserra	@SrFl0ppy
@mariusserra	@xduran82
@mariusserra	@xipauxalabia
@mariusserra	@Xuslam
@Marsal95	@josejoaquinazn2
@marsanz	@YlosBeatles
@marta_busom	@fmasbago
@Marta_catalonia	@cmp69
@Marta_catalonia	@joansalvador96
@Marta_catalonia	@PereTP
@Marta_catalonia	@Puigreig
@marta_espgon	@francinanavarro
@marta_espgon	@huguet_gabriel
@MartaAiL	@crisgrallera
@MartaAiL	@icastell75
@MartaBallllo	@FancyAppleMac
@martacampderros	@AbejaRacing
@martadir	@martaroquer
@MartaMarfany	@alba_murcia
@MartaParrabos	@lozanoigorrr
@martaroquer	@martadir
@martin_lope_	@paleoanarquista
@Martometro	@FancyAppleMac
@martossais	@quelfus
@martossais	@xupunsitu
@mateuparera	@markampikipugui
@matortell	@irenejaumeg
@matortell	@jmvidalillanes
@matortell	@llunavermella
@matortell	@pepcerda
@matortell	@xavi_bacigalupe
@MaykeSchultz	@l71perez
@MaykeSchultz	@laquintaforca
@MaykeSchultz	@neloayala121
@MaykeSchultz	@salomeTaller1
@MaykeSchultz	@Soy_AntiTaurin0
@mbernism	@mredorta
@mbruguera	@ksnorbu
@mbruguera	@oscardiazf
@mcap_sr3	@CarmeTorrelles
@mcgeli	@Agustin_Guil
@mcgeli	@COLLONSPLENS
@mcgeli	@crisem2006
@mcgeli	@cristinaisanta
@mcgeli	@DanielSilvaGar3
@mcgeli	@eduguardia
@mcgeli	@escolesobertes
@mcgeli	@jormarcom
@mcgeli	@Laiesken
@mcgeli	@maitentwit
@mcgeli	@MariaOxbow
@mcgeli	@MartaDui
@mcgeli	@mbanus
@mcgeli	@PSBallart
@mcgeli	@qkrlla
@mcgeli	@Riderman24h
@mcgeli	@Sandrafdez19
@mcgeli	@Tarratwit
@mcgeli	@Zandranori
@mcmcat	@MarcSerra9
@mdelclos	@MireiaDelclosSa
@MdRxI	@Baldari76
@MdRxI	@ricardgarcia5
@menyscensurat	@angels_pallas
@menyscensurat	@antaviana79
@menyscensurat	@JoanManel_CAT
@MeriArboix	@rpinyolm
@Meritxell_P	@AnnaPalau8
@meritxellroige	@abusquets59
@meritxellroige	@capidanMar
@meritxellroige	@enricsimo
@meritxellroige	@Ferran_Bel
@meritxellroige	@gserrate
@meritxellroige	@HEspuela
@meritxellroige	@imamis
@meritxellroige	@joanagabarrof
@meritxellroige	@lluis_soler
@meritxellroige	@merce_blitz
@meritxellroige	@mncsls
@meritxellroige	@PDeCATTortosa
@meritxellroige	@Pdemocratacat
@meritxellroige	@pgimenezs
@meritxellroige	@pove92
@meritxellroige	@solsona_marc
@MES_Baix_Llob	@MFiguerasR
@MES_Baix_Llob	@sotoarmengol
@MesPonent	@Alexinav
@MesPonent	@Almudefartercer
@MesPonent	@MesTarga
@MesPonent	@sotoarmengol
@mfornells	@_corbo
@mfornells	@AlbaBalcells
@mfornells	@AMI__cat
@mfornells	@anabelfiorella
@mfornells	@Andreasfont
@mfornells	@atzori_piero
@mfornells	@casamadavalls
@mfornells	@casellas_vila
@mfornells	@chema_moreno_p
@mfornells	@CostaBravaToday
@mfornells	@cristinaisanta
@mfornells	@ebaltasarl
@mfornells	@economiacat1
@mfornells	@eliesnova
@mfornells	@elisabethoj
@mfornells	@Esquerra_ERC
@mfornells	@ivanvoinitski
@mfornells	@J0HNYB4S3
@mfornells	@janechita1
@mfornells	@l_a_ma_r_t_a
@mfornells	@La_Coronela_
@mfornells	@marian1bcn
@mfornells	@MarielaVillarr2
@mfornells	@marramiauuuuuu
@mfornells	@Merchevita70
@mfornells	@msanglas
@mfornells	@PanizaRigo
@mfornells	@PilarPilarmorg
@mfornells	@Radiotaxiigd
@mfornells	@Riderman24h
@mfornells	@salagoberna
@mfornells	@viceroigs
@mfornells	@vilar_antoni
@mfornells	@ZanartuCarlos
@mgilbarr	@Daniel82230651
@MiguelPrados5	@ElCantanteMudo
@MikelArreseigor	@ainaguasch821
@MikelArreseigor	@AitorTelle13
@MikelArreseigor	@andreupalomares
@MikelArreseigor	@AnnaGuell
@MikelArreseigor	@arantzalanda1
@MikelArreseigor	@argoul10
@MikelArreseigor	@BagesMabara3
@MikelArreseigor	@BarretinaMan
@MikelArreseigor	@barrieta84
@MikelArreseigor	@bertupuigvertf1
@MikelArreseigor	@Call_Bures
@MikelArreseigor	@castellciutat
@MikelArreseigor	@cubells_jordi
@MikelArreseigor	@desferr
@MikelArreseigor	@didacjoanz
@MikelArreseigor	@Doscesyunaele
@MikelArreseigor	@EATolosa
@MikelArreseigor	@epf_90
@MikelArreseigor	@EugeniMas
@MikelArreseigor	@finasegria
@MikelArreseigor	@freaking_gyb
@MikelArreseigor	@g_carbo
@MikelArreseigor	@garmendiakorta
@MikelArreseigor	@garzonxavier
@MikelArreseigor	@gdog2010_john
@MikelArreseigor	@goiri_j
@MikelArreseigor	@gorka6990
@MikelArreseigor	@GuillemBelmar
@MikelArreseigor	@HelderBaraka
@MikelArreseigor	@HugoUrunuela
@MikelArreseigor	@iagobaapellaniz
@MikelArreseigor	@Independitzador
@MikelArreseigor	@indignindigente
@MikelArreseigor	@IndigoFast
@MikelArreseigor	@inigosuspe
@MikelArreseigor	@jksnova
@MikelArreseigor	@jmasmay
@MikelArreseigor	@Jonkirru
@MikelArreseigor	@Jordi7455
@MikelArreseigor	@JordiKapi
@MikelArreseigor	@Laurence_Sterne
@MikelArreseigor	@LluisRiba
@MikelArreseigor	@luvskotia
@MikelArreseigor	@MaianaB88
@MikelArreseigor	@MiquelIbaez
@MikelArreseigor	@monkape
@MikelArreseigor	@namesvullvotar
@MikelArreseigor	@olatz_can14
@MikelArreseigor	@PepEstepa
@MikelArreseigor	@regul_ilerget
@MikelArreseigor	@reporcat
@MikelArreseigor	@rlopezct
@MikelArreseigor	@SANTIVILLORBINA
@MikelArreseigor	@TonyBaylo
@MikelArreseigor	@tradasro
@MikelArreseigor	@XaviMarti5
@MikelArreseigor	@XFncs007
@MikelArreseigor	@Xiuxiueig5
@MikelArreseigor	@zanata63
@MikelArreseigor	@ZuhaitzBarela
@mikellleida	@AEritja
@MIQUEL_01	@Wittgenstein_jm
@MiquelBancells	@gironamola
@MiquelBancells	@MilandiaEs
@MIQUELLARA	@Arkupeberria
@MIQUELLARA	@arnaupages1
@MIQUELLARA	@ca_caparrot
@MIQUELLARA	@cdm1950
@MIQUELLARA	@ClubfansGFC
@MIQUELLARA	@EDMANUEL1234
@MIQUELLARA	@EricGallardo69
@MIQUELLARA	@FroilanVives
@MIQUELLARA	@JosepGallardo16
@MIQUELLARA	@Kellliure
@MIQUELLARA	@MarielaVillarr2
@MIQUELLARA	@montoliu_pilar
@MIQUELLARA	@peresantalo
@MIQUELLARA	@rosa_msust
@MIQUELLARA	@sandrakiglesias
@MIQUELLARA	@Xisio_14
@Mire_Ripoll	@tanrebfc
@miriamgirona04	@limbergir
@misjosep	@albert_q4rt
@misjosep	@albert36457402
@misjosep	@Alsapla
@misjosep	@aynoza
@misjosep	@BarretinaMan
@misjosep	@becicarba
@misjosep	@capdesuro
@misjosep	@cataladelsud
@misjosep	@CharlesSampons
@misjosep	@Clio_deries
@misjosep	@danadananka
@misjosep	@DiezJulia
@misjosep	@Ehmbiggy
@misjosep	@espantaocell
@misjosep	@flcarlesD
@misjosep	@GlolarLara
@misjosep	@huguet_gabriel
@misjosep	@JandroJaudi
@misjosep	@jep_send
@misjosep	@jmaesod
@misjosep	@Josep212
@misjosep	@LaiaColom
@misjosep	@machhiana
@misjosep	@MarcBC6
@misjosep	@MATPIN01
@misjosep	@metec72
@misjosep	@misjosep
@misjosep	@mtdp08230
@misjosep	@nitestrellat
@misjosep	@rachelmayah
@misjosep	@RoigGemvic
@misjosep	@rosayue
@misjosep	@sack_am
@misjosep	@SalomeTaller
@misjosep	@sihomeiquemes
@misjosep	@sisdeu
@misjosep	@tirant_el_blanc
@misjosep	@tirantlonegre
@misjosep	@ullde_pop
@misjosep	@vampyCATman
@misjosep	@veva_970
@misjosep	@Wittgenstein_jm
@misjosep	@xafar132
@mjbarreirolg	@anguscor
@mNACTEC	@CarmeLaboria
@mNACTEC	@LAmadorB
@mNACTEC	@RomaMonros
@mNACTEC	@salonsope
@mNACTEC	@SalvadorClaret
@monicalonso	@jsalesz
@monicalonso	@XavierMendoza6
@MonicaSabata	@Acordxlagarriga
@MonicaSabata	@ajimenez_cat
@MonicaSabata	@grantomasin
@MonicaSabata	@guellsabata
@MonicaSabata	@ignasisaga
@MonicaSabata	@Immamargarit
@MonicaSabata	@Kongdado
@MonicaSabata	@SBGBufi
@moniesca72	@RafaelCubi
@Moniigf	@fblancoros
@monirica	@jordillr
@monirica	@ppaucr
@montcabero	@BblaiaLaia
@montcabero	@VSCvicsix
@montcatalan	@LFJM33
@montsecandini	@ATorrentVivanco
@montsecandini	@carlotapujol
@montsecandini	@DespertaFerro11
@montsecandini	@Ernest1899
@montsecandini	@JoaquimJuanos
@montsecandini	@marc_buch
@montsecandini	@MargaritMiriam
@montsecandini	@Mercecorsan
@montsecandini	@P4coLop3z
@montsecandini	@PdecatCalella
@montsecandini	@ricardo2002199
@montsecandini	@ROSER1964
@montsecandini	@salvapuig9
@montsecandini	@xevig13
@montsecastella	@movfranjoli
@montsecastella	@rossend1963
@montselari	@xuan_rdz
@montselari	@Yeah_bcn
@montsepcreus	@AdoromividaaC
@MontseSedo	@1denmadrid
@MontseSedo	@AndresSanchez_7
@MontseSedo	@iusbarcelona
@MontseSedo	@jacob_31
@MontseSedo	@JaiVng
@MontseSedo	@julia_ma_es
@MontseSedo	@maima1965
@MontseSedo	@Pereelcruel
@MontseSedo	@PSorazabal
@MontseSedo	@SalvadorRigol
@MontseSedo	@saragarrido70
@MontseSedo	@Solimar26976
@MOTARDS11S	@Carlesbruf
@MOTARDS11S	@CATLLIURE12
@MOTARDS11S	@ElisabethSolCar
@MOTARDS11S	@lothlertu
@MOTARDS11S	@MercadalMarti
@MOTARDS11S	@montsemarsan
@MOTARDS11S	@oilcata
@MOTARDS11S	@PochLluis
@MOTARDS11S	@PSabatet
@MOTARDS11S	@rosavm93
@MOTARDS11S	@rosayue
@MovEsq_Reus	@melibarberor
@mrlopera	@TereCarretero
@mrubialesc	@asimplyworker
@mrubialesc	@MarcFerrer__
@mutxarra	@arathodic
@mutxarra	@askari222
@mutxarra	@empaperem
@mutxarra	@JNCCampTGN
@mutxarra	@RamonVilaltella
@mutxarra	@TarragonaJNC
@mvea74	@mvea74
@Nadineosaer93	@xmetralla
@naiz_info	@_AlvaroZS_
@naiz_info	@AnderGurusa
@naiz_info	@arianekamio
@naiz_info	@AritzEtxebe
@naiz_info	@Axijaka
@naiz_info	@EAarteako12
@naiz_info	@errandegi
@naiz_info	@EstorachOtilia
@naiz_info	@fgafatg
@naiz_info	@graw_ge
@naiz_info	@iontelleria
@naiz_info	@ItsasneErezuma
@naiz_info	@jbasela
@naiz_info	@jordisalvia
@naiz_info	@karlostini
@naiz_info	@LArretxe
@naiz_info	@litxuetxarri
@naiz_info	@lombriz19800807
@naiz_info	@obulco2014
@naiz_info	@ossomarino
@naiz_info	@peredelescabres
@naiz_info	@sutahitza
@naiz_info	@ulaaiar
@natalia4613	@armandvalera
@Natudo	@mataro60
@Natxofajardo	@Belaroi
@Natxofajardo	@carlesfsrg
@nenawd3200_laia	@lantoniola
@nenufaratroz	@aliciamontaner
@nereus_22	@oscardiazf
@netbusero	@Marcelopl_44
@netbusero	@Q212J
@neusmunte	@9jrib9
@neusmunte	@angelsclotet
@neusmunte	@BOIXEDAMUM
@neusmunte	@Carmelligonya
@neusmunte	@DarthVaderBcn
@neusmunte	@edu5811
@neusmunte	@JaumeMeneses
@neusmunte	@Jordicentellesr
@neusmunte	@Lluis_Casanovas
@neusmunte	@mariasarpa1
@neusmunte	@miqpiq
@neusmunte	@MiquelFumanal
@neusmunte	@MontseGirbi
@neusmunte	@PanizaRigo
@neusmunte	@sack_am
@NeusNogue	@IsidorMari
@nilska	@alvariscopio_
@nilska	@domenech_lluis
@nilska	@NoMesXoris
@nmatabosch	@maribeljosec
@noasite	@carleeee94
@noasite	@depenalty
@NoCardem	@DavidJane
@NoCardem	@FrikiOnWheels
@NoCardem	@peppuigdemont
@NoCardem	@tallarinamarina
@NoCardem	@vilaconxita
@NoMesXoris	@flauratrs
@nuria_ventura	@Pepventuraoller
@nuriabalada	@PDeCAT_Igualtat
@Nuriacado	@aracelipv
@Nuriacado	@CurtoIris
@Nuriacado	@EL9NOU_VOr
@Nuriacado	@ERCVallesOr
@nuriaingles	@AbelloSanllehi
@nuriaingles	@mindundi10
@NuriaSeriol	@parradovski
@NuriaSeriol	@victormayolas
@Nuriavj20	@angels_pallas
@Nuskineta	@margalef_anna
@oamaite	@angels_pallas
@oamaite	@KeeganGar
@obatalla	@JordiJorba
@OmarR_83	@AdriaSoler
@OmarR_83	@aplanadevall
@OmarR_83	@filibusvaenbus
@OmarR_83	@gbonaventura
@OmarR_83	@llorenc1899
@OmarR_83	@Microcreta
@OmarR_83	@pablojuberias
@OmarR_83	@Patordi
@OmarR_83	@pratsroger
@OmarR_83	@Salpebrat
@OmarR_83	@ultrasonica
@omnium	@1304vimahu
@omnium	@abusquets59
@omnium	@Adeu_Espanya
@omnium	@adriaduarte90
@omnium	@Albert_Llorca
@omnium	@AlbertYarza
@omnium	@alexx_abos
@omnium	@AlgueroMontse
@omnium	@amontserratb
@omnium	@ANC_CTBBxI
@omnium	@ANCCiutatVella
@omnium	@Anna_AAR
@omnium	@AnnaCanaldlh
@omnium	@AnnaLlop_
@omnium	@ANTN9
@omnium	@antonipostius
@omnium	@aolles
@omnium	@arevillag
@omnium	@aryling
@omnium	@assumptaceto
@omnium	@BalascdEspioca
@omnium	@Bcndelinreves
@omnium	@bette_noir__
@omnium	@bmartinezn
@omnium	@Brujamorgana50
@omnium	@BZVGS
@omnium	@carlesclari
@omnium	@CarlesXifra
@omnium	@carloscondesc
@omnium	@carmen_uviedo
@omnium	@carmepollina
@omnium	@CAT_2017_INDEPE
@omnium	@cataladelsud
@omnium	@Catalonia1640
@omnium	@CGelada
@omnium	@CorallCastanys
@omnium	@danibausa
@omnium	@davicuve
@omnium	@dgalileag
@omnium	@Dulors
@omnium	@Edudh68
@omnium	@ElGorbs
@omnium	@Elviracloveta
@omnium	@EnCharles_98
@omnium	@ENDIKA59
@omnium	@ENPjaume
@omnium	@epages240
@omnium	@estemon
@omnium	@estermartia
@omnium	@EstherMarti8
@omnium	@EulaliaRiera
@omnium	@f2008friends
@omnium	@fina_rubio
@omnium	@fjmartinezm1
@omnium	@Gata_maula
@omnium	@gelodroxtria
@omnium	@GEMOGO_
@omnium	@gillesmateu
@omnium	@glopites
@omnium	@gonganwei
@omnium	@goodofthunder78
@omnium	@HeikeKeilhofer
@omnium	@HelderBaraka
@omnium	@HeleNoSurrender
@omnium	@HEspuela
@omnium	@imcorbella
@omnium	@IrenePayet
@omnium	@isa_roor
@omnium	@isabelberga
@omnium	@IsabelForn
@omnium	@iuriandropov
@omnium	@iventura76
@omnium	@jaeslhora
@omnium	@JaninaMarsol
@omnium	@JaumeThos
@omnium	@jmartimayol
@omnium	@joanagabarrof
@omnium	@JoanR_
@omnium	@jordi_cc
@omnium	@jordi_duart
@omnium	@jordianweb
@omnium	@jordicabre
@omnium	@Jordicentellesr
@omnium	@JordiMolist1
@omnium	@jordisendra
@omnium	@jordivilar66
@omnium	@JosepCanals222
@omnium	@JosepSalvador
@omnium	@jvila31
@omnium	@KennethMarsol
@omnium	@l_guimera
@omnium	@Lagasbo
@omnium	@lamentclara
@omnium	@laramelich
@omnium	@las_pepi
@omnium	@llcapdevila
@omnium	@lleoart
@omnium	@llibertmargalef
@omnium	@lluis_bach
@omnium	@lluisdalmau
@omnium	@lluisguino
@omnium	@lobikoylonji
@omnium	@lolamolas
@omnium	@luzugran
@omnium	@mafaldaviolant
@omnium	@MarcMar87721302
@omnium	@MarcPuigpinos
@omnium	@Marietamolamola
@omnium	@marionaicaria
@omnium	@MarMV16
@omnium	@marti2014
@omnium	@mblanchartb
@omnium	@mbosk1978
@omnium	@MdeRatlles
@omnium	@melitia_
@omnium	@merce_blitz
@omnium	@Meridous
@omnium	@MesTarga
@omnium	@Miquelet_mataro
@omnium	@MiquelFumanal
@omnium	@MiquelLoro
@omnium	@miquelterrassa
@omnium	@mirecuky
@omnium	@MireiaVentura1
@omnium	@mocabi68
@omnium	@monicarivasvid1
@omnium	@MontseGirbi
@omnium	@montsepdm
@omnium	@motoretcatacric
@omnium	@msorribesc
@omnium	@MT_Issabel
@omnium	@Mug_00
@omnium	@munoz_joaquim
@omnium	@naoj77
@omnium	@nereus_22
@omnium	@neusmole
@omnium	@nhoa
@omnium	@omfarquitectura
@omnium	@OmniumHG
@omnium	@oxecervera
@omnium	@pallares_maria
@omnium	@PanizaRigo
@omnium	@papanatas
@omnium	@PatxiBengoa
@omnium	@pcusco
@omnium	@PDECATJuneda
@omnium	@PereSaborit
@omnium	@pgriful
@omnium	@PinoDelas
@omnium	@quimcurbet
@omnium	@Rafoula
@omnium	@ramon_twit
@omnium	@RandomUserN38
@omnium	@raurichm
@omnium	@RedKommissar
@omnium	@Riderman24h
@omnium	@RosaLlopis3
@omnium	@rosamaria58
@omnium	@rosamfip33
@omnium	@rosariopalomi71
@omnium	@roserbonet
@omnium	@rubentorobcn
@omnium	@sagasaez
@omnium	@sagrassot
@omnium	@sargantania
@omnium	@SASam1714
@omnium	@SaxCrooner
@omnium	@serra_merce
@omnium	@SharySg61
@omnium	@sraking
@omnium	@ssimonvernet
@omnium	@tallarinamarina
@omnium	@TDolors
@omnium	@Teresa3amartell
@omnium	@tincungos
@omnium	@ToniTeixido
@omnium	@unalmogaver
@omnium	@Vidal1714
@omnium	@VilamalaJoan
@omnium	@walescabrera2
@omnium	@Willow0512
@omnium	@xaviermarin
@omnium	@Xurrasca
@omnium	@YuntaElena
@OmniumHG	@BeniLLeida
@OmniumHG	@lulu6019
@OmniumHG	@MontenegroPep
@OmniumHG	@neusgilrofes1
@OmniumHG	@VitalPadme
@omniumrubi	@57Kary
@OmniumVOriental	@aynoza
@OmniumVOriental	@bultaco1971
@OmniumVOriental	@francescagarri9
@OmniumVOriental	@indignindigente
@OmniumVOriental	@PedroGarridoLp1
@OpioErrebeldea	@dany_gury
@OpioErrebeldea	@latrecededic
@OpioErrebeldea	@SPauliCatalunya
@OriolAmoros	@andreupuig1
@OriolAmoros	@AngelsTorrents
@OriolAmoros	@casaxus
@OriolAmoros	@cclementeg
@OriolAmoros	@dora_nicoletta
@OriolAmoros	@dpastorbcn
@OriolAmoros	@ERC_SantAndreu
@OriolAmoros	@jordicabre
@OriolAmoros	@omniumstandreu
@OriolAmoros	@OriolAmoros
@OriolAmoros	@tincungos
@OriolBarri	@GerardMartnez2
@OriolBarri	@linuscpm
@OriolBarri	@nuriamgphoto
@OriolBarri	@ygerbeau
@OriolCanosa	@joseppedrals
@OriolCanosa	@monllovera
@OriolCanosa	@xcervantes1
@OriolCanosa	@yupyop
@oriolfb	@Ullets
@oriolllado	@67_josep
@OriolMalet	@elia_rem
@OriolMalet	@jordicalvis
@OriolMalet	@jsamperiz1
@OriolMalet	@NinVirginia
@OriolMalet	@rmundet
@OriolMalet	@txantxi
@OriolMonteso	@arcticsheerxn
@OriolMonteso	@ENDIKA59
@OriolMonteso	@FancyAppleMac
@OriolMonteso	@Geek_Neko
@OriolMonteso	@iroca
@OriolMonteso	@IsoldaBurg
@OriolMonteso	@JordiSalvat
@OriolMonteso	@josebaazkarraga
@OriolMonteso	@LluisaSowe
@OriolMonteso	@mafrancop79
@OriolMonteso	@maitepinam
@OriolMonteso	@nmznuria
@OriolMonteso	@OassisFriend
@OriolMonteso	@rudanxo
@OriolMonteso	@unanuejosu
@OriolMonteso	@YORYO25MD
@oriolpujols	@JaumeMasMay
@osanfrancesc	@SocialismexCAT
@osanfrancesc	@sotoarmengol
@OscarAndreu	@agatagut9
@OscarAndreu	@Alexaluafreya
@OscarAndreu	@AndresSanchez_7
@OscarAndreu	@arabaixo
@OscarAndreu	@Carles_Sec
@OscarAndreu	@danininfabregat
@OscarAndreu	@DavidBerenguerB
@OscarAndreu	@diumengevotarem
@OscarAndreu	@EvaferrerEva
@OscarAndreu	@FrancescV1975
@OscarAndreu	@Froiget
@OscarAndreu	@jordisb99
@OscarAndreu	@lali__sm
@OscarAndreu	@lestellers
@OscarAndreu	@marckaba
@OscarAndreu	@MartaTapiolas
@OscarAndreu	@miripifer
@OscarAndreu	@mon_sol82
@OscarAndreu	@OMotger
@OscarAndreu	@Pablomichelett1
@OscarAndreu	@Pebbles6565
@OscarAndreu	@redgunner17
@OscarAndreu	@ribixs
@OscarAndreu	@ROGERMANEL
@OscarAndreu	@silviacamposrus
@OscarAndreu	@temiquelor
@OscarAndreu	@Zipomanson
@osckaret	@casaelsord
@osckaret	@cristinaisanta
@osckaret	@empaperem
@osckaret	@Enfandilada2012
@osckaret	@EstorachOtilia
@osckaret	@ignasicorral
@osckaret	@jordisalvia
@osckaret	@motiuscat
@osckaret	@RobertRC86
@PabloCerralbo	@AaroCastillo
@PACUPSMM	@ggemma_g
@PACUPSMM	@RaventosOlga
@paikinho	@AdrianaAixala
@paikinho	@Ariadna50877897
@paikinho	@insubcen
@paikinho	@PassaportCatala
@PaisanoGallardo	@cosMaresme
@partbcn	@Carlescorbella
@partit_pirata	@a_sunyer
@partit_pirata	@askari222
@partit_pirata	@catjaume
@partit_pirata	@chaosct
@partit_pirata	@epineda
@partit_pirata	@halepues
@partit_pirata	@hippiepirata
@partit_pirata	@jmntgd
@partit_pirata	@LluisaSowe
@partit_pirata	@rfernandezjou
@partit_pirata	@sergi_jorda
@pau_urenya	@skamoni3
@pauantonmarti	@marc13fornells
@pauguiu	@verda_la
@paumll	@Rafa_Cantos
@pauobrador	@xavi_bacigalupe
@pauplans	@JgaAlon
@PauR1	@Biorebeca
@PauR1	@CeballosXavier
@PauR1	@crstiangar
@PauR1	@EnfinFermin
@PauR1	@Esquitx17
@PauR1	@EvaHill33
@PauR1	@jgfnbt
@PauR1	@JorColl
@PauR1	@JosepCanals222
@PauR1	@juditxauslopez
@PauR1	@mpuiges_mani
@PauR1	@PuigFigueras
@PauR1	@salvad_m
@PauR1	@sopi64
@PauR1	@ssfreixas
@PauR1	@thomedes
@PauR1	@vailet1970
@PauR1	@vullvotarja
@PauR1	@Well086
@PBBMeritxell	@AntoniaHernand3
@PBBMeritxell	@jordirod7
@PBBMeritxell	@Klostifan1981
@PBBMeritxell	@merx6
@PBBMeritxell	@orlandogorriti
@PBBMeritxell	@sangculefemeni
@PBBMeritxell	@sangculeoficial
@PCPG_	@BoeiroNovo
@PDCComarquesBCN	@ficcion2011
@PDCComarquesBCN	@fredijosal
@PDCComarquesBCN	@ivanjr1989
@PDCComarquesBCN	@joanagabarrof
@PDCComarquesBCN	@JordiJSP
@PDCComarquesBCN	@JordiMonros
@PDCComarquesBCN	@MiquelFumanal
@PDCComarquesBCN	@MoliMolinag
@PDCComarquesBCN	@Montcau
@PDCComarquesBCN	@nagusticasals
@PDCComarquesBCN	@Pdemocratacat
@PDCComarquesBCN	@pedrogarciaflo3
@PDCComarquesBCN	@riveropirineu
@PDCComarquesBCN	@sra_danvers
@PDCComarquesBCN	@vanegarcia4
@PDCComarquesBCN	@vanflowne
@pdecat_sabadell	@AbbayePuig
@PDECAT_Salt	@dolorssidera
@PDECAT_Salt	@PDeCATBAIXEMPOR
@PDECAT_Salt	@PDeCATPALAFRUG
@PDeCATBCN	@AlbertLluc
@PDeCATBCN	@aracelipv
@PDeCATBCN	@AudeCorbieres
@PDeCATBCN	@aynoza
@PDeCATBCN	@doloresfont
@PDeCATBCN	@EricBM_Corb
@PDeCATBCN	@jmartigalbis
@PDeCATBCN	@joanagabarrof
@PDeCATBCN	@joanrportell
@PDeCATBCN	@LaGarraAmarilla
@PDeCATBCN	@LauraPadroV
@PDeCATBCN	@Lior_Mastejn
@PDeCATBCN	@MarcPifarre
@PDeCATBCN	@mercegarciam
@PDeCATBCN	@Miquel_Obrado
@PDeCATBCN	@MiquelFumanal
@PDeCATBCN	@Mont4457
@PDeCATBCN	@mpb513
@PDeCATBCN	@omartinezbcn
@PDeCATBCN	@PDECAT_AMB
@PDeCATBCN	@PDECat_Dreta
@PDeCATBCN	@PDeCATBCN
@PDeCATBCN	@PDECATsstg
@PDeCATBCN	@PSBallart
@PDeCATBCN	@retemirabilis
@PDeCATBCN	@sjoverr
@PDeCATBCN	@twit_cogito
@PDeCATBCN	@xaviertrias
@PDEcatCentelles	@ANC_Centelles
@PDEcatCentelles	@jordivallsxor
@PDeCATFigueres	@CATJRD
@PDeCATGIRONA	@Albertodelvalle
@PDeCATGIRONA	@indignindigente
@PDeCATGIRONA	@sergifont
@PDeCATGIRONA	@xiquitrins
@PDECATGramenet	@agustilluis
@PDECATGramenet	@estemon
@PDECATGramenet	@merrepugna
@PDECATGramenet	@rubenmariscal
@PDECATPirineu	@AbbayePuig
@PDECATPirineu	@DespertaFerro11
@PDeCATRiuprimer	@PDeCATOSONA
@PDeCATRiuprimer	@perermerono
@Pdemocratacat	@abusquets59
@Pdemocratacat	@albertvivestous
@Pdemocratacat	@angels_pallas
@Pdemocratacat	@Angietro3535
@Pdemocratacat	@annamariasastre
@Pdemocratacat	@aracelipv
@Pdemocratacat	@ArallCoca
@Pdemocratacat	@Assembleapv
@Pdemocratacat	@BernatCatasus
@Pdemocratacat	@BleyMunoz
@Pdemocratacat	@capelcat
@Pdemocratacat	@capidanMar
@Pdemocratacat	@CarlesSueiras
@Pdemocratacat	@CarlotaMonfort
@Pdemocratacat	@cataladelsud
@Pdemocratacat	@CBoschAmado
@Pdemocratacat	@CDC_2013
@Pdemocratacat	@cescwillrain
@Pdemocratacat	@cfageda
@Pdemocratacat	@cfrd1909cat
@Pdemocratacat	@dACEniel
@Pdemocratacat	@david_font
@Pdemocratacat	@davidbonvehi
@Pdemocratacat	@DespertaFerro11
@Pdemocratacat	@efernandezo2010
@Pdemocratacat	@elsasuria
@Pdemocratacat	@enric_rost
@Pdemocratacat	@enricrivero
@Pdemocratacat	@EPanisello94
@Pdemocratacat	@EsterSantacana
@Pdemocratacat	@f2008friends
@Pdemocratacat	@FAMILYGOSPA
@Pdemocratacat	@fjauma
@Pdemocratacat	@florencicosb
@Pdemocratacat	@fpedrosaluque1
@Pdemocratacat	@FroilanVives
@Pdemocratacat	@HEspuela
@Pdemocratacat	@IgorPuig
@Pdemocratacat	@itxasoatutxa
@Pdemocratacat	@japbcn
@Pdemocratacat	@jlcleries
@Pdemocratacat	@joanagabarrof
@Pdemocratacat	@joanbague
@Pdemocratacat	@joanmariapique
@Pdemocratacat	@jomateix50
@Pdemocratacat	@jordisendra
@Pdemocratacat	@jordivilar66
@Pdemocratacat	@loligonzalez68
@Pdemocratacat	@MarcCox88
@Pdemocratacat	@marcfer1980
@Pdemocratacat	@marramiauuuuuu
@Pdemocratacat	@Marti_Barbera
@Pdemocratacat	@mgenover
@Pdemocratacat	@miquel_fred
@Pdemocratacat	@MiquelFumanal
@Pdemocratacat	@mlluisvall
@Pdemocratacat	@mncsls
@Pdemocratacat	@moldegust
@Pdemocratacat	@MontseGirbi
@Pdemocratacat	@mopuar
@Pdemocratacat	@MuleroJuanjo
@Pdemocratacat	@Mussolteatre
@Pdemocratacat	@NaturaMaresme
@Pdemocratacat	@nereida_edo
@Pdemocratacat	@neusmunte
@Pdemocratacat	@PanizaRigo
@Pdemocratacat	@PDeCAT_TMA
@Pdemocratacat	@PDeCATBAIXEMPOR
@Pdemocratacat	@PDeCATPALAFRUG
@Pdemocratacat	@PDeCATPonts
@Pdemocratacat	@PDeCATSANTCUGAT
@Pdemocratacat	@PDeCATStQuirze
@Pdemocratacat	@peretdepalau
@Pdemocratacat	@pgimenezs
@Pdemocratacat	@polpr22
@Pdemocratacat	@PolPrez
@Pdemocratacat	@PSBallart
@Pdemocratacat	@QueTeDurden
@Pdemocratacat	@RakB3
@Pdemocratacat	@raurichm
@Pdemocratacat	@reagrupamentpv
@Pdemocratacat	@RepublicValenci
@Pdemocratacat	@riveropirineu
@Pdemocratacat	@rosapique
@Pdemocratacat	@SantiVila
@Pdemocratacat	@saribes
@Pdemocratacat	@Siatot
@Pdemocratacat	@sobiranianarkia
@Pdemocratacat	@teresacodinachs
@Pdemocratacat	@vilar_antoni
@Pdemocratacat	@xanetabr
@PedraPetita	@gorrilu
@PedraPetita	@IsThisAB0t
@PedraPetita	@StillYesScot
@PelanasMiquel	@ggsmare
@PelanasMiquel	@SaimonOscar
@PelanasMiquel	@Txema_Pamundi
@pepimares	@111lourdes
@pepimares	@cerezaruth
@pepmartorell	@0IrTE
@pepmartorell	@agusti36510124
@pepmartorell	@ampordanes
@pepmartorell	@BarryExcellence
@pepmartorell	@Bergueda
@pepmartorell	@capdevilamontse
@pepmartorell	@carmerieramin
@pepmartorell	@celspinol
@pepmartorell	@cly13
@pepmartorell	@EloiNadal
@pepmartorell	@golejada
@pepmartorell	@jgibal
@pepmartorell	@JordiBalot
@pepmartorell	@JoSerrallonga
@pepmartorell	@konx78
@pepmartorell	@lacudi_rosa
@pepmartorell	@llagosteraj
@pepmartorell	@mariamdelleida
@pepmartorell	@markitusGi
@pepmartorell	@miquelterrassa
@pepmartorell	@MontseMo
@pepmartorell	@moragriega
@pepmartorell	@pgtorremorell1
@pepmartorell	@Puigreig
@pepmartorell	@SaimonOscar
@pepmartorell	@SomiuSerLliure
@pepmartorell	@sonikat7
@pepmartorell	@unapedra
@pepmartorell	@VictorTarCas
@pepmartorell	@XSaumell
@pepmasanes	@alexarraiza
@pepmasanes	@Ehyrt
@pepmasanes	@il_largia
@pepvivesBIB	@GemmaArtigas
@pepvivesBIB	@nuriastweets
@PeraLlimonera69	@ficcion2011
@pere_eescoda	@mvallver
@pereamposta	@martacidp
@perecornella	@csensats
@perecornella	@lestoulousains2
@perecornella	@pitu1960
@perecornella	@Xevisagrera
@peredepalau	@angelsclotet
@peredepalau	@FraJeremies
@peredepalau	@jmconejo
@peredepalau	@LaiaMateos
@peredepalau	@MiquelFumanal
@peredepalau	@pepnassos
@PereOlm87	@rieravelasco
@PereRF	@Govipu
@PereRF	@huguet_gabriel
@PereRF	@jmocu
@PereRF	@lickiwicki
@PereRF	@ramonroyo
@pgriful	@CurtoIris
@pgriful	@ReyJamonico
@pilarbertran64	@AstaMcCarthy
@PilarFoixL	@Margaabella
@PilarPerezBcn	@carmeroso
@pinetell	@Arriant_
@pinetell	@AudeCorbieres
@PinoDelas	@cfageda
@PinoDelas	@Escadusser
@PinoDelas	@EteBarcelo
@PinoDelas	@gemarovir
@PinoDelas	@jordialmolda
@PinoDelas	@littlebiglies
@PinoDelas	@morera_ev
@PinoDelas	@rikifern
@PinoDelas	@Silviavm74
@PinoDelas	@ValgusHallux
@pitudedeu	@anaoromilluch
@pitudedeu	@josepmfarre
@pitudedeu	@lexmarcasvila
@pitudedeu	@mplunya
@pitudedeu	@ramonsalvia
@pitudedeu	@RossettiHoraci
@pituxinxola	@btxcgnbv
@pituxinxola	@merieng75
@Piulador_CATALA	@AitorTelle13
@Piulador_CATALA	@jordimeep
@Piulador_CATALA	@jpiulachs
@planajordi	@dvdgmz
@planajordi	@esgirones
@planajordi	@Estelarmengol
@planajordi	@Govipu
@planajordi	@ismaelpalacin
@planajordi	@itaAsparo
@planajordi	@ladislaugirona
@planajordi	@llauger_m
@planajordi	@montsemontals
@planajordi	@muntsasalas
@planajordi	@nuriastweets
@planajordi	@PereantonObert
@planajordi	@RocaMiravent
@planajordi	@rubendlcg
@planajordi	@tanibrunet
@planajordi	@Txellreg
@planajordi	@Xevisagrera
@podem_cat	@ana_invernon
@podem_cat	@angelsmcastells
@podem_cat	@Antrodrimadro
@podem_cat	@Chavela2710
@podem_cat	@ChiribesSusana
@podem_cat	@didaclopez
@podem_cat	@fisnx
@podem_cat	@gil_uria
@podem_cat	@jesusgellida
@podem_cat	@kaitomanker
@podem_cat	@laculefeliz
@podem_cat	@linusrawlings
@podem_cat	@marcelo_osmar
@podem_cat	@mariavillaverd3
@podem_cat	@mermaid_fr2000
@podem_cat	@Miquelysubanda
@podem_cat	@montse_g_rigau
@podem_cat	@MoreraNria
@podem_cat	@noe_bail
@podem_cat	@PodemGranollers
@podem_cat	@PodemTerrassa
@podem_cat	@roasprela
@podem_cat	@RusoMikel
@podem_cat	@RuthEmeEme
@podem_cat	@sack_am
@podem_cat	@secreto2000
@podem_cat	@victorruiz95
@polcruells	@SuperPapatata
@polrodriguezriu	@FastRiderY
@polrodriguezriu	@ipanella
@polrodriguezriu	@PepCampas
@polrodriguezriu	@princesadegel
@portet_bruguera	@joanagabarrof
@postillonfcb	@Jordi__Mur
@Press15m	@huesca_puche
@PrimoelRisc	@mindundi33
@psicolegsanc	@EugeniMas
@psicolegsanc	@fredijosal
@pupipere	@empaperem
@pupipere	@nhoa
@q_vila	@enmassagran1
@q_vila	@Esparver34
@quimsb	@albertrll
@quimsb	@Boriacus
@quimsb	@c_odj
@quimsb	@Canminaire
@quimsb	@carlosriverol
@quimsb	@CarmenCandelas6
@quimsb	@chejuano
@quimsb	@daeliker
@quimsb	@davids15789
@quimsb	@flcarlesD
@quimsb	@FolchFrancisco
@quimsb	@Gemmsok
@quimsb	@Javalino1
@quimsb	@jlgarridomillan
@quimsb	@Jofre_Font
@quimsb	@julia_ma_es
@quimsb	@Jvillaver2
@quimsb	@lluis2007
@quimsb	@lyonpink58
@quimsb	@Maria_13611_
@quimsb	@miagapal
@quimsb	@msalasnadal
@quimsb	@Saco_De_Huesos
@quimsb	@SaltJordi
@quimsb	@SeamosFiscales
@quimsb	@Vampyria66
@quimsb	@zdavalos_
@QuirzeS	@jpo_88
@RachanaRaizada	@MoneyCorruption
@RaholaOficial	@andreuqs
@RaholaOficial	@angelavhunt
@RaholaOficial	@AntoniMaGrau
@RaholaOficial	@bikiny3
@RaholaOficial	@Blancagc64
@RaholaOficial	@bluesjl
@RaholaOficial	@BolGabriela
@RaholaOficial	@carles_gavila
@RaholaOficial	@Carlesfont
@RaholaOficial	@ccollto
@RaholaOficial	@cproma55
@RaholaOficial	@dudareputation
@RaholaOficial	@EEstebab
@RaholaOficial	@elvira4559236
@RaholaOficial	@epuigvros
@RaholaOficial	@EstherQuerol1
@RaholaOficial	@ferrangrauhorta
@RaholaOficial	@gibert_jordi
@RaholaOficial	@gsangra
@RaholaOficial	@J_pascual81
@RaholaOficial	@jgibal
@RaholaOficial	@Jmasdomi
@RaholaOficial	@jordibag
@RaholaOficial	@JordiPasto
@RaholaOficial	@jordixaubet
@RaholaOficial	@JoSerrallonga
@RaholaOficial	@jponsp
@RaholaOficial	@Kellliure
@RaholaOficial	@KEVIN_BCN25
@RaholaOficial	@Knot_hookupBcn
@RaholaOficial	@lexmarcasvila
@RaholaOficial	@MarcSNavarro
@RaholaOficial	@mariano_gomariz
@RaholaOficial	@MartiArau
@RaholaOficial	@motiuscat
@RaholaOficial	@motoretcatacric
@RaholaOficial	@OsSiCl
@RaholaOficial	@paca_medina
@RaholaOficial	@QueTeDurden
@RaholaOficial	@raquelrivera7
@RaholaOficial	@raul_san_juan
@RaholaOficial	@RossettiHoraci
@RaholaOficial	@rsl1964
@RaholaOficial	@ruxicito
@RaholaOficial	@SCepionis
@RaholaOficial	@ValeKaitlin
@RaholaOficial	@vegalcastro
@RaholaOficial	@xmes3
@Ramon_Roig	@Petitaolga
@RamonPique	@antonijover
@RamonPique	@cataladelsud
@RamonPique	@joanmariapique
@RamonPique	@josepbartroli
@RamonPique	@JosepPuyol
@RamonPique	@MiqTweet
@RamonPique	@VAbellaL
@ramontremosa	@0IrTE
@ramontremosa	@4mesungats
@ramontremosa	@9davidgrau
@ramontremosa	@AAixas
@ramontremosa	@AbbayePuig
@ramontremosa	@albert36457402
@ramontremosa	@albertalabern
@ramontremosa	@albertmaruny
@ramontremosa	@alvaroramis
@ramontremosa	@AndreuVM
@ramontremosa	@AnnaAznar
@ramontremosa	@arsalchimica
@ramontremosa	@ArturLlobera
@ramontremosa	@avilagrann
@ramontremosa	@aynoza
@ramontremosa	@benxi99
@ramontremosa	@bocahonta
@ramontremosa	@bondiaono
@ramontremosa	@Boriacus
@ramontremosa	@BosomJordi
@ramontremosa	@calcazo
@ramontremosa	@carmealdana
@ramontremosa	@CarmenMagre
@ramontremosa	@CarmeTorrelles
@ramontremosa	@catle_josh
@ramontremosa	@CDC_2013
@ramontremosa	@CFiguerasEconom
@ramontremosa	@CharlesSampons
@ramontremosa	@CharlieFox1714
@ramontremosa	@chicatweet96
@ramontremosa	@CoralShalomCat
@ramontremosa	@cproma55
@ramontremosa	@crostiss
@ramontremosa	@DeUrbin
@ramontremosa	@Diana_Pags
@ramontremosa	@dmestre1
@ramontremosa	@DolsR
@ramontremosa	@edubuch
@ramontremosa	@EmiliVinya
@ramontremosa	@EnCesc
@ramontremosa	@Enric_Velasco
@ramontremosa	@estermartia
@ramontremosa	@FeelFreeLand
@ramontremosa	@Ferran_1967
@ramontremosa	@FGabalda
@ramontremosa	@ficcion2011
@ramontremosa	@FonkyD
@ramontremosa	@francescstboi
@ramontremosa	@FrancJfarmo
@ramontremosa	@gatotrebol
@ramontremosa	@gbarbena
@ramontremosa	@GelpiGomez
@ramontremosa	@gemmapedros
@ramontremosa	@guellsabata
@ramontremosa	@hectorrubioBCN
@ramontremosa	@HEspuela
@ramontremosa	@i_prochazka
@ramontremosa	@ideafix5
@ramontremosa	@InakiLlopart
@ramontremosa	@InesvanOorschot
@ramontremosa	@IsernAlbert
@ramontremosa	@isulanabianchi
@ramontremosa	@Itacant
@ramontremosa	@JaumeGrau
@ramontremosa	@jdtfilosofia
@ramontremosa	@JepQuintas
@ramontremosa	@jmecanic
@ramontremosa	@jmvidalillanes
@ramontremosa	@JoanaMaria1714
@ramontremosa	@JoanMBusquets
@ramontremosa	@jomaesbi1968
@ramontremosa	@jordianweb
@ramontremosa	@jordicanals
@ramontremosa	@JordiCubalan
@ramontremosa	@jordillmasalias
@ramontremosa	@josep_tomas
@ramontremosa	@JoverAnna
@ramontremosa	@juandelosciegos
@ramontremosa	@judk18
@ramontremosa	@kataluno
@ramontremosa	@lagranjadenpete
@ramontremosa	@lantoniola
@ramontremosa	@lavernicola
@ramontremosa	@liaclupes
@ramontremosa	@lidiabusom
@ramontremosa	@Ligero4312
@ramontremosa	@llagosteraj
@ramontremosa	@LLUISAGC
@ramontremosa	@LluisColl13
@ramontremosa	@Lolion_Carlos
@ramontremosa	@maevagold52
@ramontremosa	@MarcZenTime
@ramontremosa	@mariasesca
@ramontremosa	@marramiauuuuuu
@ramontremosa	@miquelflorit
@ramontremosa	@mmarzoc
@ramontremosa	@montsep1410
@ramontremosa	@montsepdm
@ramontremosa	@Nuria363
@ramontremosa	@OctaviMiarnau
@ramontremosa	@out187
@ramontremosa	@Pelenhawer
@ramontremosa	@pepnassos
@ramontremosa	@PereFerrer
@ramontremosa	@petardet
@ramontremosa	@PlatzXaver
@ramontremosa	@Puigreig
@ramontremosa	@quimapp
@ramontremosa	@quimpg
@ramontremosa	@RalfWiggumIII
@ramontremosa	@RocaMiravent
@ramontremosa	@RogesAlbert
@ramontremosa	@Rubiperindep
@ramontremosa	@sack_am
@ramontremosa	@Senyobasto
@ramontremosa	@slipnegre
@ramontremosa	@solanell
@ramontremosa	@solanes_david
@ramontremosa	@SomiuSerLliure
@ramontremosa	@supercatalunya
@ramontremosa	@TerraConcertada
@ramontremosa	@tincungos
@ramontremosa	@tonimoog
@ramontremosa	@TQMML
@ramontremosa	@twit_grim
@ramontremosa	@VidalMoll
@ramontremosa	@visualizainfo
@ramontremosa	@VivesBiel
@ramontremosa	@xafar132
@ramontremosa	@xaliart
@ramontremosa	@xavierbaulies
@ramontremosa	@XavierCafenupi
@ramontremosa	@XavierGonMan
@ramontremosa	@xborras1900gma1
@ramontremosa	@ximoberna
@raquelmateos	@Captainlettuce
@raquelmateos	@jokin211980
@raulkoala	@canovas1
@raulkoala	@Salva161279
@RaulPelaz	@DgIndeP21
@RaulPelaz	@karmo84
@raymsole	@piolinaire
@rblasi	@ignasicorral
@reagrupament	@jomateix50
@reagrupament	@MAxiuxiueig
@reagrupament	@rbertolin
@reagrupament	@rcpuig94
@reagrupament	@scardenas2003
@reagrupament	@xminguet
@RebelCatalana	@cupciutatvella
@Rendevuagency	@PDEcatCentelles
@ribasbarberan	@tonimantas
@RiberaMonica	@manel1978
@RicardeGirona	@EugeniMas
@ricardgili	@pocafenye81
@RikarAzp	@LandaJauna
@rimskee	@ilKontrastivo
@Ritxi_Witxi	@aracegea
@Ritxi_Witxi	@bonamarga
@Ritxi_Witxi	@evasabater
@Ritxi_Witxi	@freed4Catalonia
@Ritxi_Witxi	@LMadurell
@Ritxi_Witxi	@Mont4457
@Ritxi_Witxi	@PanadesPb
@Ritxi_Witxi	@Wittgenstein_jm
@Ritxi_Witxi	@XaviPortales
@riudomsxindepen	@arnaucaol
@riudomsxindepen	@jocrusells
@rock52	@9jrib9
@rock52	@ANCNouBarris
@rock52	@assembleasmxi
@rock52	@caboixo
@Roger_CdV	@boada81
@RogerA_M	@Agustin_Guil
@RogerA_M	@AlbVancells
@RogerA_M	@AngryCatalan
@RogerA_M	@annamariasastre
@RogerA_M	@arnau_fp
@RogerA_M	@cristinaisanta
@RogerA_M	@DanielSilvaGar3
@RogerA_M	@dulcevictoralex
@RogerA_M	@escacs1714
@RogerA_M	@escolesobertes
@RogerA_M	@joan_artigal
@RogerA_M	@josepbartroli
@RogerA_M	@Lindepe2
@RogerA_M	@llunavermella
@RogerA_M	@margrco
@RogerA_M	@Maria1899FCB
@RogerA_M	@MariaOxbow
@RogerA_M	@marieebotam
@RogerA_M	@marpalamos
@RogerA_M	@MartaDui
@RogerA_M	@mei_polls
@RogerA_M	@Melania_Desoy
@RogerA_M	@mmedrosa
@RogerA_M	@OriolHosta
@RogerA_M	@Pep__Vila
@RogerA_M	@PSBallart
@RogerA_M	@qkrlla
@RogerA_M	@Riderman24h
@RogerA_M	@riera_29
@RogerA_M	@rijago
@RogerA_M	@sahararesiste
@RogerA_M	@SoniaJoana74
@RogerA_M	@uricampre1
@RogerA_M	@Uusuari
@RogerA_M	@ZanuyMunn
@rogerbancells	@esthersancho
@RogerdeVic	@danivalverdeb
@rogersegura87	@Acardo14
@rogersegura87	@agudelocar
@rogersegura87	@IgnasiSoler1
@rogersegura87	@verda_la
@rogersegura87	@zjmbreeze
@RogerYoda	@aracegea
@RogerYoda	@BadiaSerra7
@RogerYoda	@castellciutat
@RogerYoda	@culecule999
@RogerYoda	@daniel_femenias
@RogerYoda	@EnigmaheartTrue
@RogerYoda	@EnricBCNcat
@RogerYoda	@estermartia
@RogerYoda	@EternaSomos
@RogerYoda	@eyembieros0000
@RogerYoda	@FastRiderY
@RogerYoda	@ficcion2011
@RogerYoda	@Gerry31032016
@RogerYoda	@goonie4ever_
@RogerYoda	@jfaus1
@RogerYoda	@jmvidalillanes
@RogerYoda	@JordiFranko
@RogerYoda	@Klostifan1981
@RogerYoda	@Lluis_Casanovas
@RogerYoda	@Lluis_Ducet
@RogerYoda	@Mont4457
@RogerYoda	@MontseRibot
@RogerYoda	@pedrogarciaflo3
@RogerYoda	@PereTorner
@RogerYoda	@perevivaselias
@RogerYoda	@quimta
@RogerYoda	@serginock
@RogerYoda	@sergisancho
@RogerYoda	@slipnegre
@RogerYoda	@somgentdpau
@RogerYoda	@starlux_26
@RogerYoda	@Susanna8138
@RogerYoda	@TCremades
@Roninestudi	@colectiugai
@Roninestudi	@CUPArenysdeMunt
@Roninestudi	@mvallver
@Roninestudi	@sack_am
@Roninestudi	@Xescou
@roquini	@txantxi
@Rosa_olob	@marta_olivares
@roser_colome	@alextornerdegis
@roser_colome	@SaimonOscar
@roseretaue	@xalguero
@Roura_Carles	@AlbaFugarolas
@Roura_Carles	@Jesusfreba
@RTomasV	@CalellaxIndep
@RTomasV	@Joanki69
@RTomasV	@Periferia2015
@RTomasV	@richilpez
@Ru_Pla	@JARC_COAG
@Ru_Pla	@OlgaFontMorera
@RubenRamiroR	@Sandyfruct3
@ruedajordi	@IvanSerraBCN
@Sabquiros	@Markvallejo
@SagalsdOsona	@ArnauDomenec
@saltxind	@ipssalt
@saltxind	@MarielaVillarr2
@saltxind	@OassisFriend
@saltxind	@ZanuyMunn
@SalvadorCalaf	@pasco_bon
@salvagarcia	@MikeBcntoMlb
@Salvigrau72	@CristianBasG
@Salvigrau72	@lauretagj
@Salvigrau72	@olplanas
@SamuelColomer	@esteraliu
@sandraintheam	@anchoroses
@sandraintheam	@CatalanThings
@sandraintheam	@DavidSoIano
@sandraintheam	@estarellasmaria
@sandraintheam	@GaRTmU
@sandraintheam	@gimenez_xavi
@sandraintheam	@GloriiiiGloriaa
@sandraintheam	@M4RTz0_
@sandraintheam	@Miriamcfs4
@sandraintheam	@Zatch_OW
@sandrixcor	@jcecatalunya
@sandrixcor	@xaviercasaus
@sangculeoficial	@AlbertYarza
@sangculeoficial	@broncano32
@sangculeoficial	@ferranppcc
@sangculeoficial	@orlandogorriti
@santirofes	@agalletero
@santirofes	@carolina_badia
@santirofes	@cruizsae7
@Seliestel	@AngelsOliva
@Seliestel	@ArtSingulArt
@Seliestel	@artursarro
@Seliestel	@CharlesSampons
@Seliestel	@DiegoJure
@Seliestel	@GenisBarnosell
@Seliestel	@ilerda31
@Seliestel	@jordipalaciosg
@sergi_vara	@YolCB
@sergiERCcps	@brittenic
@sergiERCcps	@Mar_Santorini
@seru_jordi	@Susanna8138
@SEzquerra	@jseubaparis
@SEzquerra	@martaribas1973
@SEzquerra	@QuimSopena1
@sfortescoach	@josep_freixas
@SiambNos	@barahonaraul
@SiambNos	@peruchita1950
@SiambNos	@sotoarmengol
@silencis_mf	@jovenmaori
@siliker	@azukikiyo
@siliker	@cantabriamiguel
@siliker	@corruPPtio
@siliker	@franciscosocra1
@siliker	@grancocolio
@siliker	@indignindigente
@siliker	@jordi8591
@siliker	@julsaco
@siliker	@locuspolitikus
@siliker	@mariadenines4
@siliker	@NNuriapat
@siliker	@pat_gema
@siliker	@Periodismofreel
@siliker	@SerFiss
@siliker	@siliker
@siliker	@VTorroglosa
@silvia_mur	@adriaxj8
@silvia_mur	@Mater_audacia
@silvia_mur	@PepPurti
@SindicaEstudian	@BelenGalvan__
@SindicaEstudian	@cristmar321
@SindicaEstudian	@ctc_vzla
@SindicaEstudian	@DanielMarGarBCN
@SindicaEstudian	@IzquierdaRevol
@SindicaEstudian	@jrecioglez
@SindicaEstudian	@K4rlczguzCarlos
@SindicaEstudian	@lola_herrerasan
@SindicaEstudian	@Lolpad2
@SindicaEstudian	@mercevalen
@SindicaEstudian	@mjosegonzalez56
@SindicaEstudian	@Moco_D_Luffy
@SindicaEstudian	@seranyl2011
@SindicaEstudian	@seyawa2
@SindicaEstudian	@Tohil_D
@SindicaEstudian	@Tooty_Norte
@SindicaEstudian	@UrtziPurtzi
@SindicaEstudian	@volemvotar
@SindicaEstudian	@YORYO25MD
@sitajxc	@piques64
@SitaSP	@empaperem
@SitaSP	@llunavermella
@SitaSP	@MarqMarti
@SocialistesIndC	@capdesuro
@SocialistesIndC	@SoniaJoana74
@SocialistesIndC	@yuripodiolu
@socialistesxSI	@aryling
@socialistesxSI	@cataladelsud
@socialistesxSI	@estermartia
@socialistesxSI	@FroilanVives
@socialistesxSI	@Gigante2345
@socialistesxSI	@jaumeramonsole
@socialistesxSI	@Jordi__Mur
@socialistesxSI	@Lluis_Casanovas
@socialistesxSI	@mariasesca
@socialistesxSI	@melibarberor
@socialistesxSI	@MesPonent
@socialistesxSI	@mncplns
@socialistesxSI	@MovEsquerres
@socialistesxSI	@SASam1714
@socialistesxSI	@sobiranianarkia
@socialistesxSI	@SocialismexCAT
@socialistesxSI	@sotoarmengol
@socialistesxSI	@Wittgenstein_jm
@socmarta	@Elxiquetdesanfe
@socmarta	@lord_Jordi
@SolidaritatBCN	@SI_SantCugat
@SOMgramenet	@Juanito_Palomo
@SomsDavid	@BasFina
@sonatsdenit	@Robotto_san
@Sor_Tomassa	@Juanitu_Jagger
@Sor_Tomassa	@QuimRBosch
@Spelenc	@Odenaviva
@SraPatosa	@Martukki_Tukki
@SSzafrilla70	@afajoanpelegri
@SSzafrilla70	@Alcuverru
@SSzafrilla70	@ErillLluisa
@SSzafrilla70	@Fortelena
@SSzafrilla70	@llcalduch
@SSzafrilla70	@rosapal74
@SSzafrilla70	@solilluna1
@streetlife_pics	@MorenoBrito
@sumate_asoc	@_hell_boy54
@sumate_asoc	@2019Indepes
@sumate_asoc	@32666a40a1d446d
@sumate_asoc	@3v43v4
@sumate_asoc	@58Cramos
@sumate_asoc	@70diazcat
@sumate_asoc	@acadainstant
@sumate_asoc	@adeucapitalisme
@sumate_asoc	@agnes_sola
@sumate_asoc	@albaicim
@sumate_asoc	@albertrequenal
@sumate_asoc	@AlbertSaAg
@sumate_asoc	@albertsantvi
@sumate_asoc	@AlberttGracia
@sumate_asoc	@alcaraz_ricard
@sumate_asoc	@alescu72
@sumate_asoc	@alexferod74
@sumate_asoc	@alextornerdegis
@sumate_asoc	@AncMadrid
@sumate_asoc	@ancSuisse
@sumate_asoc	@AngelsOliva
@sumate_asoc	@AnnamDuimenez
@sumate_asoc	@antonicastellas
@sumate_asoc	@Antoniesteve
@sumate_asoc	@aolles
@sumate_asoc	@araramendia
@sumate_asoc	@arch965
@sumate_asoc	@ArnauTries
@sumate_asoc	@arrioct
@sumate_asoc	@atc110454
@sumate_asoc	@aynoza
@sumate_asoc	@BaqlH
@sumate_asoc	@Barcaitaca
@sumate_asoc	@bel_margarida
@sumate_asoc	@bitforllot
@sumate_asoc	@BlackSyster
@sumate_asoc	@blumonac
@sumate_asoc	@BonVent17
@sumate_asoc	@borisiyos
@sumate_asoc	@borjaisern
@sumate_asoc	@CanarioCatala
@sumate_asoc	@CanCat2007
@sumate_asoc	@carolina_badia
@sumate_asoc	@CATJRD
@sumate_asoc	@CharlesSampons
@sumate_asoc	@cmarncmarn
@sumate_asoc	@cmerzgarcia
@sumate_asoc	@comte_arnau
@sumate_asoc	@CSubira
@sumate_asoc	@dedu_mc88
@sumate_asoc	@DeUrbin
@sumate_asoc	@edu_pillat
@sumate_asoc	@eduguardia
@sumate_asoc	@efernandezo2010
@sumate_asoc	@El_cen_pesos
@sumate_asoc	@EmiliXtv
@sumate_asoc	@EnfinFermin
@sumate_asoc	@EnigmaheartTrue
@sumate_asoc	@EnricHernandez2
@sumate_asoc	@Epicuri
@sumate_asoc	@escacs1714
@sumate_asoc	@EsteveGomezM1
@sumate_asoc	@EudaldMaestro
@sumate_asoc	@eugeniabr85
@sumate_asoc	@F2Xavier
@sumate_asoc	@florencicosb
@sumate_asoc	@fmborrull
@sumate_asoc	@FonkyD
@sumate_asoc	@FrameGrace
@sumate_asoc	@francescdoma
@sumate_asoc	@FrancescHervias
@sumate_asoc	@FXavierRC
@sumate_asoc	@GarroTejero
@sumate_asoc	@Gay_Luss4c
@sumate_asoc	@gelocatilOpil
@sumate_asoc	@giner_juanjo
@sumate_asoc	@Ginju3
@sumate_asoc	@GmLauraLopez
@sumate_asoc	@GSerra_twit
@sumate_asoc	@gz_cat
@sumate_asoc	@HomsArturo
@sumate_asoc	@i_prochazka
@sumate_asoc	@indignindigente
@sumate_asoc	@isaacguila
@sumate_asoc	@IsabelF24428972
@sumate_asoc	@isartesania13
@sumate_asoc	@ivanvoinitski
@sumate_asoc	@J0HNYB4S3
@sumate_asoc	@JAARCL
@sumate_asoc	@Jaume1708
@sumate_asoc	@Javalino1
@sumate_asoc	@jbadals
@sumate_asoc	@jbago
@sumate_asoc	@Jean33
@sumate_asoc	@JGodall
@sumate_asoc	@jiru35
@sumate_asoc	@jmourellev
@sumate_asoc	@joanagabarrof
@sumate_asoc	@JoanBoladeras
@sumate_asoc	@JoanCT4W
@sumate_asoc	@joanmarin73
@sumate_asoc	@Joantubert
@sumate_asoc	@Jomigo45
@sumate_asoc	@Jopelgrin
@sumate_asoc	@joqui0
@sumate_asoc	@jordialfabrega
@sumate_asoc	@JordiDC1979
@sumate_asoc	@jordigraur
@sumate_asoc	@JordiLliuree
@sumate_asoc	@jordillmasalias
@sumate_asoc	@Joseanml
@sumate_asoc	@josepburillo
@sumate_asoc	@JosepCanals222
@sumate_asoc	@JosepMariaDeop
@sumate_asoc	@josepmariaribes
@sumate_asoc	@josetomareinota
@sumate_asoc	@JuanRamonArnau
@sumate_asoc	@jucollvi
@sumate_asoc	@justelqueenscal
@sumate_asoc	@Kitty1983Hello
@sumate_asoc	@lapiupiu1
@sumate_asoc	@Likantropunkxxx
@sumate_asoc	@linitaantonina
@sumate_asoc	@LloretRomero
@sumate_asoc	@lluis_upf
@sumate_asoc	@madredearianeta
@sumate_asoc	@manelmasso
@sumate_asoc	@Marcelsayol
@sumate_asoc	@MariadelDique
@sumate_asoc	@marramiauuuuuu
@sumate_asoc	@martiantr
@sumate_asoc	@mathias_nowak
@sumate_asoc	@mbanus
@sumate_asoc	@mcanade3
@sumate_asoc	@mcarmen6612
@sumate_asoc	@Meridous
@sumate_asoc	@merimontfort
@sumate_asoc	@micodelbarret
@sumate_asoc	@Mikel10929991
@sumate_asoc	@MingoTort
@sumate_asoc	@Miquelet_mataro
@sumate_asoc	@miquellagarriga
@sumate_asoc	@MIQUELLARA
@sumate_asoc	@MiquelReyC
@sumate_asoc	@miquelterrassa
@sumate_asoc	@mjrmas
@sumate_asoc	@montfranc
@sumate_asoc	@MontGeli
@sumate_asoc	@Montse_M_N
@sumate_asoc	@MontseEscoda10
@sumate_asoc	@MT_Issabel
@sumate_asoc	@Naturistescat
@sumate_asoc	@nerosub1949
@sumate_asoc	@NicoCat33
@sumate_asoc	@niuboski
@sumate_asoc	@Nugus_de_Sugus
@sumate_asoc	@Nuria_G_M
@sumate_asoc	@nuriabs88
@sumate_asoc	@nuriasafa
@sumate_asoc	@osiriand
@sumate_asoc	@PacoBallesta4
@sumate_asoc	@pacoturegano
@sumate_asoc	@pause76
@sumate_asoc	@pbatlle01
@sumate_asoc	@pepsabater
@sumate_asoc	@Petercoll72
@sumate_asoc	@PileteJosefine
@sumate_asoc	@Piliconver
@sumate_asoc	@quelfus
@sumate_asoc	@QuimAnduix
@sumate_asoc	@rafelbc
@sumate_asoc	@rakelydavid
@sumate_asoc	@RebeketaPelFred
@sumate_asoc	@RetesVita
@sumate_asoc	@rfernandezjou
@sumate_asoc	@RitaPratC
@sumate_asoc	@RoigGemvic
@sumate_asoc	@RosaLlopis3
@sumate_asoc	@RosaSancho8
@sumate_asoc	@Roser_Enigma
@sumate_asoc	@RoserFons
@sumate_asoc	@roserllunell
@sumate_asoc	@roserro
@sumate_asoc	@RramonfRrf
@sumate_asoc	@SagaZelda
@sumate_asoc	@sanahuja_josep
@sumate_asoc	@sebolletas
@sumate_asoc	@sentit_comu
@sumate_asoc	@sergillima
@sumate_asoc	@SerratBacardit
@sumate_asoc	@Serratorna
@sumate_asoc	@SitoValca
@sumate_asoc	@solsonajaume
@sumate_asoc	@somgentdpau
@sumate_asoc	@sonsomun
@sumate_asoc	@sorribescodina
@sumate_asoc	@stoynoconectado
@sumate_asoc	@sucafont
@sumate_asoc	@SumaBLlobregat
@sumate_asoc	@SumateGironaNE
@sumate_asoc	@sunyeta
@sumate_asoc	@SuperXarnego
@sumate_asoc	@SylvyAKo
@sumate_asoc	@TCremada
@sumate_asoc	@TDolors
@sumate_asoc	@Teixonera
@sumate_asoc	@theknightlord
@sumate_asoc	@TLazza1
@sumate_asoc	@ToniAlsiGaixet
@sumate_asoc	@ToniRodrguez
@sumate_asoc	@totensat
@sumate_asoc	@totiapm
@sumate_asoc	@tranamay
@sumate_asoc	@txiquivan
@sumate_asoc	@vanflowne
@sumate_asoc	@vicenta1962
@sumate_asoc	@vicribes
@sumate_asoc	@vidanaturista1
@sumate_asoc	@vilayla_
@sumate_asoc	@vilijan
@sumate_asoc	@Virgili7
@sumate_asoc	@vladimixx
@sumate_asoc	@Xavi98218980
@sumate_asoc	@XaviCuBu
@sumate_asoc	@XavierCafenupi
@sumate_asoc	@xavierdelacebo
@sumate_asoc	@XavierTioB
@sumate_asoc	@XaviSCV
@sumate_asoc	@xavisentinella
@sumate_asoc	@xevipuix
@sumate_asoc	@XVila72
@sumate_asoc	@xxargay
@sumate_asoc	@YORYO25MD
@surfzone	@asimplyworker
@surfzone	@MiguelBcn
@Surutillo	@Annna_gd
@Surutillo	@francescg
@Surutillo	@Juliaslarrosa
@Surutillo	@LlarObrim
@SxMreferendum	@ceditas_lo
@SxMreferendum	@SantsMontenComu
@TantSIcomNO_SBD	@mirapersabadell
@tarragonablog	@smujal
@tarragonablog	@VincentVanGot
@TarragonaCdr	@Aitor_BC
@TarragonaCdr	@ANCTarragona
@TarragonaCdr	@CauDeLlunesAftr
@TarragonaCdr	@CDBPobleSec
@TarragonaCdr	@COS_elCamp
@TarragonaCdr	@garantimref
@TarragonaCdr	@GLlurba
@TarragonaCdr	@joaninsky
@TarragonaCdr	@katroclo
@TarragonaCdr	@la_Sageta
@TarragonaCdr	@llunavermella
@TarragonaCdr	@merisan72
@TarragonaCdr	@pcanyes
@TarragonaCdr	@pepavives
@TarragonaCdr	@rifepa86
@TarragonaCdr	@thisk21
@TarragonaCdr	@tondoiguell
@TarragonaVotare	@TarragonaVotare
@TarragonaVotare	@tondoiguell
@TarresMarc	@PDeCATArenys
@TATIANACHRIS	@abusquets59
@TATIANACHRIS	@BadiaSerra7
@TATIANACHRIS	@catalunya2016
@TATIANACHRIS	@desferr
@TATIANACHRIS	@Gemma_massague
@TATIANACHRIS	@Holaiquetal
@TATIANACHRIS	@JuanDiegoPalac3
@TATIANACHRIS	@Lluis_Casanovas
@TATIANACHRIS	@moltdeleros
@TATIANACHRIS	@Moragasanti
@TATIANACHRIS	@mpuiges_mani
@TATIANACHRIS	@quevienenlosind
@TATIANACHRIS	@TATIANACHRIS
@TATIANACHRIS	@Tritonna3
@tere_jori	@BertaFaro1
@tere_jori	@Jbrt67
@tere_jori	@karlunx
@tere_jori	@palmira_marti
@TeresaJorda	@111lourdes
@TeresaJorda	@71a578290218475
@TeresaJorda	@ACChristian1980
@TeresaJorda	@amassanag
@TeresaJorda	@aracelipv
@TeresaJorda	@arbapi
@TeresaJorda	@assumpcioserra1
@TeresaJorda	@caravaggio12
@TeresaJorda	@CarmeTorrelles
@TeresaJorda	@CorisaMediaGrup
@TeresaJorda	@davecabss
@TeresaJorda	@domine1963
@TeresaJorda	@ebir_s
@TeresaJorda	@Edu68731858
@TeresaJorda	@Esquerra_ERC
@TeresaJorda	@eudaldc
@TeresaJorda	@isisroyoadell
@TeresaJorda	@Jmbbalbastre
@TeresaJorda	@jordi_de_Horta
@TeresaJorda	@lauracastelfort
@TeresaJorda	@MariaPerpinya
@TeresaJorda	@MIQUELLARA
@TeresaJorda	@Mireia_VH
@TeresaJorda	@motiuscat
@TeresaJorda	@nagusticasals
@TeresaJorda	@NAmetlle
@TeresaJorda	@PabloPuntacanas
@TeresaJorda	@PanizaRigo
@TeresaJorda	@pedrosgs69
@TeresaJorda	@rozul123
@TeresaJorda	@Sergi_Ender
@TeresaJorda	@tramuntana04
@TeresaJorda	@vidal_roso
@TeresaJorda	@XavierSoler1
@TheHunt40015980	@ericcatalunya
@theRockGunman	@JrRoca22
@Thyllis	@n_vives
@tietavarenu	@32Behan
@tietavarenu	@abusquets59
@tietavarenu	@fgafatg
@tietavarenu	@FlorenciFC
@tietavarenu	@guellsabata
@tietavarenu	@Inoladab
@tietavarenu	@jpdva
@tietavarenu	@lluis1893
@tietavarenu	@RosaSorribes
@tietavarenu	@toniriba
@tietavarenu	@tupitupitupi2
@tietavarenu	@wiky73
@tietavarenu	@xevrib
@tietavarenu	@xicaxaco
@tinet52	@avia_bel
@tinet52	@jordiborras_ttr
@tinet52	@paucomes
@Tito_Soy	@Alba_Philippe
@tmiserachs	@gemcaballol
@tn_josepcurvo	@homaranya
@Tomi147	@StillYesScot
@toniaira	@45c32378c34f499
@toniaira	@adriaxj8
@toniaira	@Agustin_Guil
@toniaira	@albertAEPDA
@toniaira	@ANCCiutatVella
@toniaira	@AngryCatalan
@toniaira	@aryling
@toniaira	@BertaFaro1
@toniaira	@BleyMunoz
@toniaira	@CamonPaco
@toniaira	@Catalonia1640
@toniaira	@catxisme
@toniaira	@ClaraMerc
@toniaira	@cmoratuxans
@toniaira	@CollantesManuel
@toniaira	@crisvi63
@toniaira	@DaliEnfurismada
@toniaira	@DavidGR1714
@toniaira	@dolorssidera
@toniaira	@EnCharles_98
@toniaira	@ENPjaume
@toniaira	@enriccall
@toniaira	@ester_alias
@toniaira	@EstherCG67
@toniaira	@EvaPalauC
@toniaira	@fopiga
@toniaira	@frankiprat
@toniaira	@GuillemBelmar
@toniaira	@guillercg
@toniaira	@helenprats
@toniaira	@IvanLQF
@toniaira	@IVMJ1
@toniaira	@jmaltayo
@toniaira	@JoanCT4W
@toniaira	@JordiBerenguer1
@toniaira	@JordiPuigdemont
@toniaira	@JOSEPBARBAM
@toniaira	@jovigarcia
@toniaira	@jsamperiz1
@toniaira	@juliangrau
@toniaira	@Kellliure
@toniaira	@La_Coronela_
@toniaira	@lluisdalmau
@toniaira	@LMadurell
@toniaira	@MafaldaFreedom
@toniaira	@MaiteAmigo4
@toniaira	@Mallus_Malleus
@toniaira	@marcus_uf
@toniaira	@MAssumpta
@toniaira	@merce_castellvi
@toniaira	@mgalipont
@toniaira	@mikel_zaldua
@toniaira	@MiquelFumanal
@toniaira	@mireia30
@toniaira	@montsepdm
@toniaira	@mopocla
@toniaira	@Mr_Pribas
@toniaira	@MT_Issabel
@toniaira	@Oriolbiosca
@toniaira	@PilarVila9
@toniaira	@portet_bruguera
@toniaira	@RaholaOficial
@toniaira	@RamblaNuria
@toniaira	@sack_am
@toniaira	@SantapauAnna
@toniaira	@Sara67822151
@toniaira	@saralidiaester
@toniaira	@spidderr
@toniaira	@TERRETREMOL
@toniaira	@totonqa
@toniaira	@villimunoz
@toniaira	@Wittgenstein_jm
@toniaira	@xesclusa
@toniaira	@xxargay
@tonicortesming	@carmerieramin
@tonicortesming	@juandelosciegos
@ToniTelloMiret	@jpiulachs
@tunisocatala	@didacjoanz
@tunisocatala	@lluisanunez
@tunisocatala	@SilviaArgudo
@txantxi	@aleixescursell
@txantxi	@polvallde1
@Txellbellostes	@MoreraNria
@Txellbellostes	@olgamineraina
@Txellbellostes	@yuzpep
@txemalone_	@asimplyworker
@TxeVius	@almogavervic
@TxeVius	@JoseMar02736653
@unelement	@Alejand84842065
@unelement	@olgamineraina
@unelement	@soclaquellegeix
@UriDeejay	@FlashNoseCat
@UriDeejay	@francesc130
@UriDeejay	@GamiDolores
@UriDeejay	@Peret72118101
@urinuca	@JofreMares
@urinuca	@mim46mauler
@ValentiJunyent	@PDECAT_Bages
@valeriagaillard	@alexferod74
@valeriagaillard	@celescolorado
@valeriagaillard	@conniebcn
@valeriagaillard	@GretaGarb0
@valeriagaillard	@Guanyarem2017
@valeriagaillard	@jksnova
@valeriagaillard	@JoeNadela
@valeriagaillard	@jordi_salvia
@valeriagaillard	@JosepArnau
@valeriagaillard	@judhec65
@valeriagaillard	@maitemuniesa
@valeriagaillard	@mikigarcia99
@valeriagaillard	@Mont4457
@valeriagaillard	@MSenraB
@valeriagaillard	@mtdp08230
@valeriagaillard	@ni1dea
@valeriagaillard	@sebasnogueres
@valeriagaillard	@sotsproject
@valeriagaillard	@XavierAbadMdG
@valls_pere	@ferran2val
@vecirex	@ancSchweiz
@vecirex	@pEpFoundation
@vecirex	@potespasta
@veeeeeva	@Icios007
@velasc_alberto	@acastrero
@velasc_alberto	@alb_macviv
@velasc_alberto	@ameslaria
@velasc_alberto	@arathodic
@velasc_alberto	@AriadnaVerniol
@velasc_alberto	@AriRodrigo
@velasc_alberto	@Balanet45
@velasc_alberto	@CALICA78
@velasc_alberto	@dadma2010
@velasc_alberto	@danieltorrelles
@velasc_alberto	@edu5811
@velasc_alberto	@eduardvarorn
@velasc_alberto	@elllaurado
@velasc_alberto	@ermitanyus
@velasc_alberto	@Faisaempordanes
@velasc_alberto	@fopiga
@velasc_alberto	@grocmari
@velasc_alberto	@Guera1X
@velasc_alberto	@higinih
@velasc_alberto	@iamPedrenyal
@velasc_alberto	@iroca
@velasc_alberto	@IvanLQF
@velasc_alberto	@jjdunbar63
@velasc_alberto	@jmampelf
@velasc_alberto	@jmcruells
@velasc_alberto	@JoanFondarella
@velasc_alberto	@Juanitu_Jagger
@velasc_alberto	@JuanRamonArnau
@velasc_alberto	@juliangrau
@velasc_alberto	@l3ckz
@velasc_alberto	@laudrup69
@velasc_alberto	@merce_castellvi
@velasc_alberto	@met_cat
@velasc_alberto	@MiquelFumanal
@velasc_alberto	@Miquelnn
@velasc_alberto	@montsecp
@velasc_alberto	@monxi55
@velasc_alberto	@Nuvolari78
@velasc_alberto	@orchinchilla
@velasc_alberto	@PabloGenis
@velasc_alberto	@panerola
@velasc_alberto	@rcantons
@velasc_alberto	@regul_ilerget
@velasc_alberto	@RocaLongares
@velasc_alberto	@rogerangela
@velasc_alberto	@sack_am
@velasc_alberto	@Tarmolo
@velasc_alberto	@theflagrants
@velasc_alberto	@Tosudament
@velasc_alberto	@UGJaume
@velasc_alberto	@un_esser
@velasc_alberto	@voluntatdeser
@velasc_alberto	@XoseInaciu
@velasc_alberto	@yosacu
@VellaDeGracia	@gromabatlle
@VengadorRubi	@danicardogirona
@VengadorRubi	@mamochic
@VengadorRubi	@Pautopia
@Verds	@lsoler91
@VeusIndepes	@rosgem1
@VictorCentell	@EDMANUEL1234
@victorsp_zgz	@alpacadegalleta
@victorsp_zgz	@Robeschisto
@vidaleduard	@228ari
@vidaleduard	@bosko_cat
@vidaleduard	@MarinaCastroPsi
@vidaleduard	@RogerFC
@VinsDeForesta	@DavidiThais
@VinsDeForesta	@LaVinicolaBCN
@VolemlaCaserna	@FAMILYGOSPA
@VolemlaCaserna	@jordiag92
@VolemlaCaserna	@juliacreus
@votaxmicat	@SiambNos
@votaxmicat	@sotoarmengol
@Vote_CNP	@annmoens2
@Vote_CNP	@CatalanRobot
@Vote_CNP	@JackMarsman
@Vote_CNP	@Kenkmaki1
@Wopr2020	@RamonBalaguerll
@xabicasto	@The_Rima_66
@xavartal	@ciocat27S
@xavartal	@domene_maria
@xavartal	@espo1984
@xavartal	@grocmari
@xavartal	@Merit_Orlando
@xavartal	@windyhill82
@xavi_muru	@miquelbadia1936
@xavichica	@Rossanau
@XaviDume	@acr2090
@xavier_amill	@Lucasm69
@xavierginesta	@nuriastweets
@xaviermartinezg	@Carmelligonya
@xaviermartinezg	@elsetecel2017
@xaviermartinezg	@juliangrau
@xaviermartinezg	@lasilviaijo
@xaviermartinezg	@lluisgesa
@xaviermartinezg	@SerraAlbert
@XaviGasso	@21pedri
@XaviGasso	@primeraconvo
@XaviGasso	@xaviermarin
@xavigero	@crystaldusk
@XaviMiras	@amchamizo
@XaviMiras	@BarretinaMan
@XaviPuigAndreu	@synobazz
@xavipupa	@pavlvsx
@XaviTallon	@CDR_SEulalia
@XaviTallon	@Chelu68
@XaviTallon	@missvonJB
@XaviTallon	@SomBellvitge
@XaviTallon	@tranamay
@xeixa_	@AriLluch
@xercindep	@PaisIndependent
@xerossellm	@SpectrodarkK
@XFMcat	@huguet_gabriel
@XFMcat	@Miriam66chimeno
@XFMcat	@Orlik_Cat
@XFMcat	@pitudedeu
@yellowseahawk	@jotisuve_
@yoyesm	@ebaltasarl
@Zhaaz1	@SiambNos
@Zhaaz1	@sotoarmengol
@zlmanet	@cspozon
@zlmanet	@EnricCasassas
@zlmanet	@mvilar3
