Source	Target
@_paopaolis	@EnkarG
@_paopaolis	@Mllanso
@_paopaolis	@PSantosVives
@_paopaolis	@tabalets
@_thomasvercetti	@eeizagirre
@_thomasvercetti	@ma2408
@_thomasvercetti	@petraelser
@08840v	@eloims2
@1917paul	@paulmurphy_TD
@3josep14	@ANCFCB
@3josep14	@Lespo_
@599100Pol	@MoiLeMiroir
@6uN7CtZuCK66Rpd	@IsThisAB0t
@6uN7CtZuCK66Rpd	@StillYesScot
@6uN7CtZuCK66Rpd	@xraypat
@A3Noticias	@Aena_Publica_ES
@A3Noticias	@Alberto_IVP
@A3Noticias	@KIKORISCO
@A3Noticias	@the_MrSmurf
@ABalagu	@Bill21Bill
@ABalagu	@CATaccio11
@ABalagu	@dractrek
@ABalagu	@huguet_gabriel
@ABalagu	@i_llus
@ABalagu	@JAMonzon
@ABalagu	@oilcata
@ABalagu	@pedrogarciaflo3
@ABalagu	@vampyCATman
@ABalagu	@ZanuyMunn
@abrahamperezn	@MR_EUFORIA
@abrahamperezn	@treballadors
@ACasadoV	@ArenalyTriana
@ACasadoV	@cruz_guia
@ACasadoV	@fjmonrod
@ACasadoV	@GyMbyPepelu
@ACasadoV	@ierenna333
@ACasadoV	@ignacio_cabeza
@ACasadoV	@juanbustos5
@ACasadoV	@MariMacarmen
@ACasadoV	@MorruIV
@ACasadoV	@PepeluArteSacro
@adeoli1011	@FAMILYGOSPA
@adosc	@de_27borrokan
@AdriPujol	@albumdecromos
@AdriPujol	@amelasadko
@AdriPujol	@dj_Neighbour
@AdriPujol	@Forovid
@AdriPujol	@manel_martinezg
@aebadia	@casadevall_m
@aebadia	@cathybcn
@aebadia	@cepvoc
@aebadia	@chau_10
@aebadia	@ERC_Badia
@aebadia	@josgnzlz
@aebadia	@Panderetajevi
@aebadia	@panderetaman
@aebadia	@teresacarceller
@aebadia	@treballadors
@aezkiaga	@jordi_cardus
@aezkiaga	@QuicoMagda
@aezkiaga	@sweetsuburban
@aezkiaga	@xXGuillemSpotXx
@AfrikaWinslet	@jxufren
@Agalmes	@Tuguicomiquer
@agnescarreras	@agnescarreras
@ahoraluzycolor	@corruPPtio
@ahoraluzycolor	@EdPepgrill
@ahoraluzycolor	@Francis91862493
@ahoraluzycolor	@simonbokanegra
@ahoraluzycolor	@Splth32
@ahoraluzycolor	@sumalen59
@aidyl62	@noire_et_noire
@AinaPerez7	@laiioonaa
@AinaPerez7	@TxellCanyadell
@ainhoavilalta	@santpol1
@aissaintxausti	@gaizkasi
@AitorLerones15	@Aina_Bertran
@AitorLerones15	@CDRPoblenou
@AitorLerones15	@naupati
@Aj_Rasquera	@joanpellisa
@AJuanico	@anaoromi
@AJuanico	@eloipuertas
@AJuanico	@xhinaski
@AlbaBalcells	@Rocket89P13
@AlbaBalcells	@TwistedTit
@Albert_arce	@gloriamercat
@Albert_arce	@kengarenai
@Albert_arce	@Rogerbuch
@albert_dmcat	@Dr_Esterichia
@albert_dmcat	@dsamblas
@albert_dmcat	@ediar
@albert_dmcat	@Mcarmejimenez
@albert_dmcat	@niluspc
@albert_dmcat	@noelcampillo
@albert_dmcat	@ori1905
@albertBZN	@AlMoGaTeN1
@albertBZN	@francescabad
@albertBZN	@jrbranzuela
@albertBZN	@lidiapeleja
@albertBZN	@merialriial
@albertBZN	@monicesteve
@albertBZN	@muricec1
@albertBZN	@robertcargol
@albertBZN	@santiagovidale
@albertBZN	@taxisigualada
@albertBZN	@tonicortesming
@albertcaste	@miireee2798
@AlbertLloreta	@Lidia_Marquez72
@AlbertLloreta	@LordCaptainLol
@albertsole	@merxot
@alcarazpp	@ZipRobot
@aleixescursell	@txantxi
@AlexMontserrati	@AlexMontserrati
@AlexTreIz	@g_quintana_j
@alfonsovng	@cdrvng
@alfonsovng	@CiscuOrtega
@alfonsovng	@CUPdeVilanova
@alfonsovng	@geipermans
@alfonsovng	@GemmaJuncosa
@alfonsovng	@sotoarmengol
@alfonsovng	@Susannagp
@AlfredBosch	@DavidBarcelo28
@AlfredBosch	@lamarta
@AlfredBosch	@LordCaptainLol
@AlfredBosch	@mlparrag1964
@AlfredBosch	@Rob_Carsal
@alitwittt	@ISMVALSyR
@alitwittt	@pancartera
@Allthosemoment	@esquerrasantboi
@AMCastellet	@aigua_rius
@AMCastellet	@Enric_de
@aminahekmet	@alexmiquel
@aminahekmet	@Apertotes14
@aminahekmet	@DaniSarda65
@aminahekmet	@dioni_trapella
@aminahekmet	@huguet_gabriel
@aminahekmet	@joancguerrero
@aminahekmet	@mruiz58
@aminahekmet	@pauaguilar1983
@aminahekmet	@Sergi_Bertran
@aminahekmet	@tabalets
@aminahekmet	@votaxmicat
@aminahekmet	@Xavipenya9
@ANC_Bombers	@_Foraster_
@ANC_Bombers	@AciD_MuSh_303
@ANC_Bombers	@ADF175Esparregu
@ANC_Bombers	@Admo_independe
@ANC_Bombers	@bel_margarida
@ANC_Bombers	@Benjami82072689
@ANC_Bombers	@bori_not
@ANC_Bombers	@caelumtangi
@ANC_Bombers	@catalana2017
@ANC_Bombers	@clapivell
@ANC_Bombers	@desdelaraspa
@ANC_Bombers	@galceranrosa
@ANC_Bombers	@gempibo
@ANC_Bombers	@HannahJudith61
@ANC_Bombers	@helteo73
@ANC_Bombers	@istharCaT
@ANC_Bombers	@Iva_
@ANC_Bombers	@J_pascual81
@ANC_Bombers	@jimenez_marc
@ANC_Bombers	@MariaPoppins
@ANC_Bombers	@MissXelleta
@ANC_Bombers	@NaturaMaresme
@ANC_Bombers	@Oriolsastrot
@ANC_Bombers	@oruerabr
@ANC_Bombers	@pedrogarciaflo3
@ANC_Bombers	@PerlaciaImma
@ANC_Bombers	@PilarGmezmarti2
@ANC_Bombers	@raquelfas
@ANC_Bombers	@rauldominguezji
@ANC_Bombers	@RicardCu
@ANC_Bombers	@roserbassas
@ANC_Bombers	@SenglarCatala
@ANC_Bombers	@SrLluisTomas
@ANC_Bombers	@xeniagt
@ANC_Centelles	@Jordicentellesr
@ANC_FRANCE	@Admo_independe
@ANC_FRANCE	@assemblea_int
@ANC_FRANCE	@cerclecatalahis
@ANC_FRANCE	@josepmaria_cb
@ANC_FRANCE	@Pacoescude
@anc_vdm	@Karolll70
@ANCFortPienc	@Admo_independe
@ANCtorredembarr	@Clio_deries
@ANCtorredembarr	@JoanMBusquets
@ANCtorredembarr	@jsmbaixgaia
@ANCtorredembarr	@montsepalau
@ANCtorredembarr	@rudescrew
@ANCTortosa	@EbreProces
@ANCTortosa	@Kaesar14
@ANCTortosa	@terrapik
@ANCTortosa	@TortosaisnotCIU
@anderges	@denterd
@anderges	@gcodqui
@anderges	@JofrePilos
@anderges	@Jordicostelo
@anderges	@JordiJorba
@anderges	@JordiXena
@anderges	@MeiMompin
@anderges	@RebeketaPelFred
@anderges	@Ribas78
@AndreuBlanchar	@AgentCooper71
@AndreuOliveras	@davidcoromina
@anem_fent_via	@dnicatala
@angelsmcastells	@Marc2GB
@angelsmcastells	@soyjugon10
@anigwei	@froVirosez
@anigwei	@salva_nv
@anigwei	@xeotico
@aniolpros	@alfombrito75
@aniolpros	@ori1905
@aniolpros	@ycrepeau
@ANJISbd	@fbarog39
@anna_arque	@Gemmaborch
@AnnaBardagi	@nurialura
@AnnaColVi	@afrontons
@AnnaColVi	@SomCamprodon
@AnnaVillalonga	@jordibenavente
@anticapiCat	@nando2rg
@AntifaCiempo	@chamberienlucha
@AntifaCiempo	@indiggato
@AntifaCiempo	@SrTurras
@Antifaxismoa	@DavitxuRoa
@antonigarcia	@antonigarcia
@antonigarcia	@aolles
@antonigarcia	@joantier
@antonigarcia	@JordiS_LH
@antonigarcia	@LHNOTICIAS
@antonigarcia	@oriolmoCAT
@apuntlinguistic	@huguet_gabriel
@arnau_julia	@beadalmau7
@arnau_julia	@RogerMerca
@arquitectesplsi	@ANC_Arquitect
@arquitectesplsi	@Orferrib
@arquitectesplsi	@perearqui
@arquitectesplsi	@RogerMerca
@arquitectesplsi	@RosamariVS
@arquitectesplsi	@Silviavm74
@arquitectesplsi	@votarvotarem
@Arran_Tarragona	@lluciussarnosus
@Artic_studio	@gerardyanes1979
@Artic_studio	@marcmascort
@arualbrook	@PerlaciaImma
@ateneuhosta	@DavidRubio
@Atletinjen	@estruchg
@Atletinjen	@llandric
@AUP_UCM	@CSOALaMorada
@AUP_UCM	@cutreclaus
@AUP_UCM	@el_tudey
@AUP_UCM	@sergiohurtado04
@aurea_vallejo	@aboreal_ag
@AVallcarca	@APVallcarca
@AVallcarca	@AsLLibVallcarca
@AVallcarca	@dels_llops
@AVallcarca	@Hectorsinlerma
@AVallcarca	@JOSESANCHEZGAR2
@AVallcarca	@JoyBolton20
@AVallcarca	@karobur57
@AVallcarca	@moner80
@AVallcarca	@motiuscat
@AVallcarca	@noenine
@AVallcarca	@PauFarinetes
@AVallcarca	@Rosa_Eventocio
@AVallcarca	@SEzquerra
@AVallcarca	@TomeuTimor
@b4lduf4	@RamblaNuria
@babord_vdm	@Arona91
@babord_vdm	@CarlesSoler1
@babord_vdm	@esvice
@babord_vdm	@KatedeHcB
@babord_vdm	@La_Vasallo
@babord_vdm	@laliribera
@babord_vdm	@PobleLliure_Mar
@babybp759	@estherbadiap
@BadiaBarbera	@_7on1
@BadiaBarbera	@kikemas1969
@BanusXenia	@mbanus
@bel_margarida	@anaoromilluch
@bel_margarida	@ctxdom
@bel_margarida	@JordiAPT21
@bel_margarida	@macruces
@bel_margarida	@MariaRosaTorras
@bel_margarida	@montserumbau
@bel_margarida	@RTapiasCors
@belravalbcna1	@manelrawal
@bertupuigvertf1	@Bulgarell1Mauro
@bertupuigvertf1	@GVYOL
@bertupuigvertf1	@marcriera80
@bertuvila	@VGafarot
@biel_simon	@gerard_tc
@biel_simon	@joanpalacin
@biel_simon	@krisoany
@biel_simon	@NoemiPAH
@biel_simon	@ppmenges
@biel_simon	@soniavima
@BielCastells	@xavikp
@Biflats	@ElsPulpoPop
@Biflats	@joancarlesdoval
@Biflats	@valls_pere
@BirdofJove28	@Ireland4Bernie
@BirdofJove28	@PPLimages
@BirdofJove28	@Rapies19
@BirdofJove28	@totensat
@BlackburnRones	@amcmadriz
@BlackburnRones	@pipogusy
@BlackburnRones	@XendoParty
@blozar	@Jesusjosesalaza
@Boro_LH	@bilduman90
@Boro_LH	@pancartera
@Boro_LH	@soniqueman
@Brugarolas	@enric_rost
@CADCI	@angelsmarc2
@CADCI	@annvilalta
@CADCI	@aracegea
@CADCI	@ArakamiCat
@CADCI	@Blindonion2O
@CADCI	@CADCI
@CADCI	@calsojorn10
@CADCI	@Cjaumev
@CADCI	@Der_Betrachter_
@CADCI	@eugenimedrano
@CADCI	@fnogues
@CADCI	@francesc130
@CADCI	@francescstboi
@CADCI	@fredijosal
@CADCI	@JGasen
@CADCI	@JORDIMIRALPEIX
@CADCI	@JosepArnan
@CADCI	@viehriera
@CADCI	@XeniaBusse
@cafedescafeinat	@AlbertCatalaC
@calogo	@Carol_Blesa
@Candeliano	@_GUIJOMI_
@Candeliano	@1714Drac1714
@Candeliano	@92Lightning
@Candeliano	@Aena_Publica_ES
@Candeliano	@AixImma
@Candeliano	@akeru_Ib
@Candeliano	@albadej
@Candeliano	@aldakur
@Candeliano	@angels_pallas
@Candeliano	@AnnaMaCasellas
@Candeliano	@annamuxart
@Candeliano	@baetulo2
@Candeliano	@baileysCatala
@Candeliano	@BartomeuJerez
@Candeliano	@bdebondia
@Candeliano	@BernatRicard
@Candeliano	@BernatTravis
@Candeliano	@bulevar16
@Candeliano	@CaosmonteroCabo
@Candeliano	@capitacanalo
@Candeliano	@CarlosGlez0710
@Candeliano	@CarmeTaberner
@Candeliano	@chuan49
@Candeliano	@CValles67
@Candeliano	@DaniJRoss
@Candeliano	@DavidTostadoAlo
@Candeliano	@davispiter
@Candeliano	@desactivat1966
@Candeliano	@desdelaraspa
@Candeliano	@DianaVilaseca
@Candeliano	@dimascabre
@Candeliano	@dodas14
@Candeliano	@drumkemps
@Candeliano	@elenamoreno70
@Candeliano	@enazuri74
@Candeliano	@EnricCTbcn
@Candeliano	@ESellart
@Candeliano	@fidelnoguera
@Candeliano	@Frolestira
@Candeliano	@fsparra
@Candeliano	@gioma76
@Candeliano	@Gourmand_baker
@Candeliano	@IbraHotm
@Candeliano	@Indignada2014
@Candeliano	@IsraMontesinos
@Candeliano	@J_pascual81
@Candeliano	@JamPepo
@Candeliano	@jess_masferrer
@Candeliano	@joanenricfdez
@Candeliano	@jordi_angli
@Candeliano	@jordindi
@Candeliano	@JordiRaguilera
@Candeliano	@josepmas8
@Candeliano	@Kanigo64
@Candeliano	@laulittlepears
@Candeliano	@LluisBoschvins
@Candeliano	@lluisfarremarti
@Candeliano	@Marc31Morales
@Candeliano	@marta_mevi
@Candeliano	@marta_vinyas
@Candeliano	@martamc76
@Candeliano	@martetamataro
@Candeliano	@mercaderme
@Candeliano	@MercedesIniesta
@Candeliano	@MercePeracaula
@Candeliano	@MERCEPOU
@Candeliano	@MeritxellSerret
@Candeliano	@mibarraperez
@Candeliano	@miquel_alcaraz
@Candeliano	@mireia_gadi
@Candeliano	@Mireiuski_Al
@Candeliano	@MLersundi
@Candeliano	@MMateo67482161
@Candeliano	@MonicaMana
@Candeliano	@montane_calaf
@Candeliano	@montserratpina
@Candeliano	@morbcn
@Candeliano	@mserra222
@Candeliano	@nelsoynel
@Candeliano	@neusvivan
@Candeliano	@niobe1714
@Candeliano	@NoemRodrguezRaj
@Candeliano	@nosoybradpitt69
@Candeliano	@ntorraay
@Candeliano	@nuriapete
@Candeliano	@nuvolkintooon
@Candeliano	@ori1905
@Candeliano	@PadullesMarta
@Candeliano	@papiol2
@Candeliano	@pascualvicens
@Candeliano	@PedroGil1305
@Candeliano	@pepecasanovasr
@Candeliano	@perellob
@Candeliano	@peretuset
@Candeliano	@piracant6
@Candeliano	@PujaltJ
@Candeliano	@puyolism
@Candeliano	@raulamigo74
@Candeliano	@Ritxi_Witxi
@Candeliano	@rogervadejocs
@Candeliano	@RogerYoda
@Candeliano	@rsoler2000
@Candeliano	@salsilvia
@Candeliano	@sancasflo
@Candeliano	@Sandbet
@Candeliano	@SansGasto
@Candeliano	@scandikeva
@Candeliano	@spidderr
@Candeliano	@tamborey
@Candeliano	@TeresaSans1
@Candeliano	@thernandezmo
@Candeliano	@tonicmora
@Candeliano	@tremolsfarrero
@Candeliano	@victorestradade
@Candeliano	@vmom28
@Candeliano	@xacasc
@Candeliano	@XantalPadrosa
@Candeliano	@Xavierheras
@Candeliano	@xavisentinella
@Candeliano	@Zicandarr
@canutdminairons	@PenellaF
@capdepremsa	@VanessazmZ
@capdevilajoan	@capdevilajoan
@capdevilajoan	@GilLlopart
@capdevilajoan	@SergiTarres
@capdevilajoan	@XantalPadrosa
@CapgiremSils	@glcolomer
@CapgiremSils	@kamencesc
@CapgiremSils	@SilsdelaSelva
@carlesagusti	@ibergada
@carlesagusti	@TheRedStrato
@carlesdomingo	@antonicastellas
@carlesdomingo	@celspinol
@carlesdomingo	@DemocratesBCN
@carlesdomingo	@oriolcr
@carlesdomingo	@poudecoch
@carlesdomingo	@sergisancho
@carlesdomingo	@xavi_echeverria
@carlesigemma	@emercader05
@carlesigemma	@ERCRipolles
@carlesigemma	@Lauracordillet
@carlesigemma	@llawall90
@carlesigemma	@ycrepeau
@CarlesMundo	@benxi99
@CarlesMundo	@cms65cat
@CarlesMundo	@ctxdom
@CarlesMundo	@ERC9B
@CarlesMundo	@LESCARRIUS
@CarlesMundo	@montselawyer
@CarlesMundo	@Poliol
@CarlesMundo	@supercatalunya
@CarlesMundo	@talbts
@Carlespinone	@aldgateh
@Carlespinone	@AxLTheCatalan
@Carlespinone	@ilynhenke
@Carlespinone	@josepcapdevila
@Carlespinone	@sergipfcc
@Carlespinone	@Xrodri19
@carli_1693	@ISERN26
@carmecf	@Ed_Periscopi
@carmecf	@enricllauger
@carmecf	@lletres
@carmecf	@Mercesenar
@carnerobairline	@pancartera
@Casafont_R	@HMProy
@Casafont_R	@MAxiuxiueig
@Casafont_R	@PileteJosefine
@CasalArreu	@joan_roset
@CasalArreu	@Moragues72
@cat_rebotada	@acermaik
@cat_rebotada	@aldakur
@cat_rebotada	@hasta_pirineos
@cat_rebotada	@LaDiferencial
@cat_rebotada	@malamante25
@cat_rebotada	@margahg63
@cat_rebotada	@NaiaraAlvz
@cat_rebotada	@Ninwa82
@cat_rebotada	@peina_ovejas
@cat_rebotada	@PIJOAPARTEMARSE
@cat_rebotada	@soniqueman
@CatalanVoices	@aroflmonster
@CatalanVoices	@CuleForLife96
@CatalanVoices	@despertaferro74
@CatalinaDivina	@Josep_Nog
@CatCentralDC	@annvilalta
@CatCentralDC	@BlanquiGlori
@CatCentralDC	@jjuliamarti
@CauVistaAlegre	@LauraGinabreda
@CauVistaAlegre	@raquelbih
@CauVistaAlegre	@toni_viader
@CauVistaAlegre	@USTEC_Girona
@cbonaventura	@josepsausoles
@cbonaventura	@Maribelsola232
@cbonaventura	@MonicaD197
@cbonaventura	@NogueAlicia
@CDR_CanSerra	@ismipolar
@CDR_CanSerra	@Solosoyotrxtu
@CDReferendumSVH	@lidiaserranov
@CdrEspluga	@enricmercade
@CdrEspluga	@Lekspelunca
@CDRFranqueses	@Bruixaruth
@CDRFranqueses	@buelbir
@CDRFranqueses	@Cjaumev
@CDRFranqueses	@dmmgranollers
@CDRFranqueses	@Expoduran
@CDRFranqueses	@J_Alex_Vega
@CDRFranqueses	@LFImagina
@CDRFranqueses	@MarArabia_
@CDRFranqueses	@PerGarriga
@CDRFranqueses	@PilarMateoLopez
@CDRFranqueses	@sabinavidal16
@CDRFranqueses	@spawnoi
@CDRFranqueses	@volometa
@CDRFranqueses	@XaviLFranqueses
@CDRGoticRaval	@guifre2053
@CDRGoticRaval	@Jodidos_Locos
@CDRGoticRaval	@juanjobote
@CDRGoticRaval	@silblagel
@CDRGoticRaval	@TeresaMontao
@CDRGoticRaval	@xduran82
@CDRHG7	@AciD_MuSh_303
@CDRHG7	@almysha1304
@CDRHG7	@CADCI
@CDRHG7	@electrilisto
@CDRHG7	@EndavantHG
@CDRHG7	@garantimref
@CDRHG7	@Hiplita5
@CDRHG7	@javier_mahedero
@CDRHG7	@JosepMariaDeop
@CDRHG7	@jplansr
@CDRHG7	@krisoany
@CDRHG7	@lauradosa
@CDRHG7	@LluisaSowe
@CDRHG7	@MiquelRudrigues
@CDRHG7	@morpheus17pro
@CDRHG7	@nuvolsenserumb
@CDRHG7	@oscarlm98
@CDRLaFlorida	@domingomirf
@CDRLaFlorida	@javiguar
@CDRLaFlorida	@JoseGarciaSerr4
@CDRLaFlorida	@matanteltemps
@CDRLaFlorida	@Transportxindep
@CDRNouBarris	@DeUrbin
@CDRNouBarris	@hector_aspano
@CDRNouBarris	@joan_meca
@CDRNouBarris	@MaryJane_Muriel
@cdrvng	@32Behan
@cdrvng	@arauna
@cdrvng	@Belchi_1996
@cdrvng	@CarlesFlash
@cdrvng	@carme_carmeg
@cdrvng	@CiscuOrtega
@cdrvng	@CRIS_taconassos
@cdrvng	@csecnarf76
@cdrvng	@CUPdeVilanova
@cdrvng	@EsteveVNG
@cdrvng	@ffarreras
@cdrvng	@jordicomast
@cdrvng	@jordifarrecoma
@cdrvng	@ksnorbu
@cdrvng	@mncplns
@cdrvng	@Puig_Albert
@cdrvng	@QuimRVendrell
@cdrvng	@remeirom
@cdrvng	@scriabin49
@cdrvng	@sotoarmengol
@cdrvng	@vampyCATman
@cdrvng	@VillaJordi
@cdrvng	@X_Lalena_X
@CeliaPineda	@mujertpuntcat
@cesc_tataret	@CharlesSampons
@cesc_tataret	@Elviraduranc
@cescabcn	@JuliaMa96016562
@CESCMARTI	@JoanSerraS
@CESCMARTI	@pujolarsenpau
@CESCMARTI	@Solimar26976
@CESCMARTI	@vadobuch
@ChachoAlmaraz	@asstrion
@ChachoAlmaraz	@fsparra
@ChachoAlmaraz	@jordixyoli
@ChachoAlmaraz	@Merchevita70
@ChachoAlmaraz	@soniqueman
@CintaArasa	@alsanfe
@CintaArasa	@egp6174
@cintatorrent	@Riejus
@cintatorrent	@x_cmlleri
@CirPlazaPodemos	@caltocor
@CirPlazaPodemos	@carloslisa11
@CirPlazaPodemos	@DulantziNabar
@CirPlazaPodemos	@FamaCrscitEundo
@CirPlazaPodemos	@IMP_Manuel
@CirPlazaPodemos	@jorgemb73rra
@CirPlazaPodemos	@mikrosmars
@ClaraCuni	@RocKcs
@ClaudiaMalaret	@E_ruiz20
@ClotDecideix	@Catxavie9n
@ClotDecideix	@celmi909
@ClotDecideix	@ClotEnComu
@ClotDecideix	@ejanet15
@ClotDecideix	@finselsovaris
@ClotDecideix	@fnogues
@ClotDecideix	@illa_pirata
@ClotDecideix	@jbhc10
@ClotDecideix	@jgomisn
@ClotDecideix	@JoeNadela
@ClotDecideix	@momento_ie
@ClotDecideix	@rdelavega
@ClotDecideix	@Rogerbuch
@ClotDecideix	@rogerinhos11
@ClotDecideix	@rosagpl44
@ClotDecideix	@SxMreferendum
@ClotDecideix	@tuiquantsmes
@ClotDecideix	@XARLIPIU
@collimma	@BarceloMrc
@Coordinadora25S	@Aena_Publica_ES
@Coordinadora25S	@aitormaartinez
@Coordinadora25S	@AndreMCes
@Coordinadora25S	@gfhjnjjhffghbn
@Coordinadora25S	@juanlucesSE
@Coordinadora25S	@mandarinavm
@Coordinadora25S	@Orellanhotmail1
@Coordinadora25S	@Sergi_Bernal
@Coordinadora25S	@sugerencio
@Coordinadora25S	@tinogomez1
@COP_perRipollet	@DeUrbin
@COP_perRipollet	@Irukandji_3
@COP_perRipollet	@MikiPuyal
@COP_perRipollet	@MontseRom73
@COP_perRipollet	@svillacrosap
@coshidamusic	@monica_rovirosa
@CostaTrachsel	@Capablanca1714
@CPdeVilafranca	@josepcosano
@CPdeVilafranca	@laurafols
@CPdeVilafranca	@robindelousli
@CrisCgnd	@GerardBrulla
@cristinacruzmas	@Marionahoms
@cristinalosant1	@Christo45046444
@cristinalosant1	@IsabelCamprodon
@cristinalosant1	@MargaLosantos
@cristinalosant1	@RaimonCarrasco
@cristinalosant1	@xaviercapicua
@CristinaTrias	@anamartinezd
@Cup_Breda	@albertr13
@Cup_Breda	@CaparrosRosa
@Cup_Breda	@casalterraroja
@Cup_Breda	@Gatxi1
@Cup_Breda	@NuriaMares1
@CUPBarcelona	@alomainthesky
@CUPBarcelona	@dardero21
@CUPBarcelona	@Vedradell
@CUPBordils	@AnnaValls6
@CUPBordils	@Jrdbordils
@CUPCelra	@danicornella
@CUPCelra	@merceamvi
@CUPEbre	@dayanaSC86
@CUPEbre	@ericabelq
@CUPesparreguera	@aleixescursell
@CUPesparreguera	@fusteretpetit
@CUPesparreguera	@laiakacat
@CUPesparreguera	@matuatope
@CUPesparreguera	@sancho_girona
@cupgramenet	@CANAL150TVgrnet
@CUPTarragona	@alb_fab
@CUPTarragona	@pepescoda
@danicornella	@CSDMNT
@danicornella	@JosepGallardo16
@danininfabregat	@JuliaMa96016562
@daniplanasv	@conxita_avila
@daniplanasv	@Miriam66chimeno
@daniplanasv	@SniaSala1
@danisalateruel	@neusartigas
@danisalateruel	@RamonVilajosana
@davewalshphoto	@Afigue25Afigue
@davewalshphoto	@AlcuinBramerton
@davewalshphoto	@ancSuisse
@davewalshphoto	@Blaumar0
@davewalshphoto	@CatalanRobot
@davewalshphoto	@CollectiuEmma
@davewalshphoto	@ConstantiMic
@davewalshphoto	@despertaferro74
@davewalshphoto	@es_trull
@davewalshphoto	@FlyingS14652197
@davewalshphoto	@FrancescCesc1
@davewalshphoto	@INDIAandME
@davewalshphoto	@joanmariapique
@davewalshphoto	@JoeNadela
@davewalshphoto	@JordiMariaPau1
@davewalshphoto	@LlanitoPol
@davewalshphoto	@lo_xerramec
@davewalshphoto	@Mater_audacia
@davewalshphoto	@negre_joan
@davewalshphoto	@OskarPhenix
@davewalshphoto	@pep_bcn
@davewalshphoto	@stieglitz_ip
@davewalshphoto	@suruasinoiD
@davewalshphoto	@Tereteteta
@davewalshphoto	@tjparfitt
@david25666072	@ascentresa
@david25666072	@Enkofrator_TV
@DavidPrat23	@Alikapa33
@Delfi_Sastre	@anaoromi
@Delfi_Sastre	@Espera1000
@Dellunde_UAB	@Ferranucho
@DemocraciaEtsav	@carles__marcos
@DemocraciaEtsav	@EtsabenLluita
@DemocraciaEtsav	@JordiPayola
@DemocraciaEtsav	@LordLefthouse
@DemocraciaEtsav	@suruasinoiD
@DemocratesJoves	@LluisAntoniGil
@devesaguell	@beti_c
@devesaguell	@Carol_Coll
@devesaguell	@FavGirona
@devesaguell	@jordiserra_cat
@devesaguell	@llsalellasvilar
@devesaguell	@MireiaAle
@devesaguell	@SolaMerce
@devesaguell	@XeviVillarreal
@dfertl	@Carlfletcher15
@dfertl	@CostaBravaToday
@dfertl	@fgafatg
@dfertl	@taoronet
@dfertl	@trevorocSF
@dgirunews	@gabrielcidsoria
@dgirunews	@josepcapdevila
@dgirunews	@jpadros
@dgirunews	@NoFootball_IQ
@dgirunews	@sebas_br95
@DiariJornada	@acr2090
@DiariJornada	@adrar09
@DiariJornada	@antonisoy
@DiariJornada	@Aramrp
@DiariJornada	@cescmanrique
@DiariJornada	@davidasekes
@DiariJornada	@eloi_ps
@DiariJornada	@JordiAD_27
@DiariJornada	@jordisalvia
@DiariJornada	@JuliamarbB
@DiariJornada	@Kdifamat
@DiariJornada	@laiaaltarriba
@DiariJornada	@laturbavalls
@DiariJornada	@lenuzur
@DiariJornada	@llsalellasvilar
@DiariJornada	@martaestella
@DiariJornada	@MeritxellHuguet
@DiariJornada	@NALBAROMA
@DiariJornada	@OBorrasAnna
@DiariJornada	@orioltoro
@DiariJornada	@pacojiro
@DiariJornada	@perecortada
@DiariJornada	@PilarRaja
@DiariJornada	@raulmassanella
@DiariJornada	@rosagpl44
@DiariJornada	@SolaMerce
@DiariJornada	@SusannaBassols
@DiariJornada	@TigrePaper
@DiariJornada	@viiirginmeri
@DidacLopezVinas	@DidacLopezVinas
@DidacLopezVinas	@marceldecaldes
@DidacLopezVinas	@NachoAlamillo
@didacpiferrari	@Carlaaaa21
@didacsd	@joantarradas
@domingomirf	@DanielGarcia31
@domingomirf	@yehoyaqi
@Dona_aigua	@pilarbaixa
@Dracs1991	@airmosso
@Dracs1991	@AlbertBorras
@Dracs1991	@Aleix_14_98
@Dracs1991	@AleixGalbete
@Dracs1991	@Andreu1714
@Dracs1991	@annapomares15
@Dracs1991	@AnnaSolernou
@Dracs1991	@biemingu9
@Dracs1991	@BlancaRumeu
@Dracs1991	@bubuarnau
@Dracs1991	@casas_lluis
@Dracs1991	@cesccolindres99
@Dracs1991	@DJ_ORBIT1
@Dracs1991	@isolvas
@Dracs1991	@JordiBusquetsPl
@Dracs1991	@JOSEPMPERALTA
@Dracs1991	@Karlipuig
@Dracs1991	@lacity65
@Dracs1991	@marcfabreg
@Dracs1991	@mark_pedre7
@Dracs1991	@mrocmes21
@Dracs1991	@ortoll_ernest
@Dracs1991	@QuerolPep
@Dracs1991	@sergirodeiro
@Dracs1991	@xavimarci13
@DucMantua	@DucMantua
@DucMantua	@estebanM70
@DucMantua	@lluis1966
@DucMantua	@perembatetgarci
@DucMantua	@txellt
@Dunalia	@Dellunde_UAB
@dvdbou	@_laurasole
@dvdbou	@sheskat3
@edgarsole	@creuescarre
@eduard_Alsina	@Bernat_
@eduard_Alsina	@Palas4
@eduardcabus	@9jrib9
@eduardcabus	@AbelloSanllehi
@eduardcabus	@Albertodelvalle
@eduardcabus	@aligatrencada
@eduardcabus	@annvilalta
@eduardcabus	@aracegea
@eduardcabus	@arbapi
@eduardcabus	@BadiaSerra7
@eduardcabus	@carleschois
@eduardcabus	@catalanensis
@eduardcabus	@CDRCollblTorras
@eduardcabus	@climent1212
@eduardcabus	@Clio_deries
@eduardcabus	@coach_en_viu
@eduardcabus	@crissansem
@eduardcabus	@desferr
@eduardcabus	@dnicatala
@eduardcabus	@edudiaz
@eduardcabus	@EnneiradReklaw
@eduardcabus	@EnricTrias
@eduardcabus	@Espera1000
@eduardcabus	@EulaliaArnau
@eduardcabus	@filumestre
@eduardcabus	@francesc130
@eduardcabus	@francescagarri9
@eduardcabus	@freed4Catalonia
@eduardcabus	@gemquim
@eduardcabus	@IreneRos7
@eduardcabus	@jadellamoros
@eduardcabus	@JaumeLarreula
@eduardcabus	@JoanGuixeras
@eduardcabus	@Joanlluislluis
@eduardcabus	@Josep212
@eduardcabus	@JossCartwright
@eduardcabus	@kikupipo
@eduardcabus	@Lanoiacatalana
@eduardcabus	@lem356
@eduardcabus	@Leti_Baig
@eduardcabus	@LiamJM8
@eduardcabus	@Lluis_Casanovas
@eduardcabus	@lluis_upf
@eduardcabus	@LourdesLsurroca
@eduardcabus	@MarcZenTime
@eduardcabus	@mariarc14
@eduardcabus	@marramiauuuuuu
@eduardcabus	@merialriial
@eduardcabus	@merlutho
@eduardcabus	@mncplns
@eduardcabus	@montsemarsan
@eduardcabus	@moonblue365
@eduardcabus	@olibakf
@eduardcabus	@onegodmbs
@eduardcabus	@ori1905
@eduardcabus	@pedrogarciaflo3
@eduardcabus	@Pep95527177
@eduardcabus	@Pepvernet
@eduardcabus	@phoenix_derive
@eduardcabus	@PilarFoixL
@eduardcabus	@PileteJosefine
@eduardcabus	@ramonsalvia
@eduardcabus	@sgatek
@eduardcabus	@silvia_gabarro
@eduardcabus	@Silviavm74
@eduardcabus	@SitgesPedra1
@eduardcabus	@sobekinefer
@eduardcabus	@sotoarmengol
@eduardcabus	@SrLluisTomas
@eduardcabus	@Ssuneb
@eduardcabus	@SuperWiff
@eduardcabus	@Tarratwit
@eduardcabus	@tat1986
@eduardcabus	@tomasanchez
@eduardcabus	@Uli_bs
@eduardcabus	@Wittgenstein_jm
@Eivipop	@caudellunees
@Eixelebrat	@EL9NOU_VOr
@Ekinklik	@Zorrotz
@El_Foment	@Nuskling
@el_margaritu	@AciD_MuSh_303
@el_margaritu	@Iva_
@el_margaritu	@rierarb
@elcupaire	@didacjoanz
@elcupaire	@Etzbekiel
@elcupaire	@JoansotJordi
@elcupaire	@kasalprim
@elisabethoj	@CarlesPujadas
@elmarcmartinez	@saraespigul
@ElorduiA	@_elaineh_
@ElorduiA	@Anne84911
@ElorduiA	@edin_su
@ElorduiA	@IsThisAB0t
@ElorduiA	@marnaucanton
@ElorduiA	@MLersundi
@elTxatxu	@AlasaJordina
@ElXaviRaventos	@angcasals
@emisampedro	@JoseContado
@EmmaMoramellado	@Gemmaborch
@endavanteix	@h0rd4
@EndavantPonent	@ArranLleida
@EndavantPonent	@joana_oro
@EndavantPonent	@nerola85
@EnLaRed_N2TV	@Zulay36023832
@enSergioles	@airmosso
@enSergioles	@quimpg
@enSergioles	@roseroseh
@EnverAzMe	@candireyes
@enyero	@a_jpuy
@enyero	@BistroDelmarva
@enyero	@EmmaDomingo3
@enyero	@FAILderalisme
@enyero	@GoldmannRay
@enyero	@guellsabata
@enyero	@jordicalvis
@enyero	@marcuspiula
@enyero	@meinsky42
@enyero	@Poliol
@enyero	@Veronic40630547
@ePujolBoira	@perebernat
@erc_a_manresa	@carmen_uviedo
@erc_a_manresa	@claustre21
@erc_moianes	@elipradell
@ERC_SEB	@AjuntamentSEB
@ERC_SEB	@mcodinac
@ERC_SEB	@peptorres1
@ercdonesbcn	@1_K4r0l_1
@ercdonesbcn	@Algonfdez
@ercdonesbcn	@AmalurMendizaba
@ercdonesbcn	@bel_margarida
@ercdonesbcn	@casaxus
@ercdonesbcn	@eba70
@ercdonesbcn	@elpanades
@ercdonesbcn	@ERCGava
@ercdonesbcn	@ERCRipolles
@ercdonesbcn	@Esquerra_ERC
@ercdonesbcn	@gcodqui
@ercdonesbcn	@IreneCalvis
@ercdonesbcn	@jlegea
@ercdonesbcn	@lamarta
@ercdonesbcn	@LordCaptainLol
@ercdonesbcn	@MariadelDique
@ercdonesbcn	@mgenover
@ercdonesbcn	@MIQUELLARA
@ercdonesbcn	@pgandreu
@ercdonesbcn	@Ssuneb
@ERCpm	@alextarradellas
@ERCpm	@aperezherrasti
@ERCpm	@bannanna_nana
@ERCpm	@carmen_uviedo
@ERCpm	@JordiLap
@ERCpm	@NaturaMaresme
@ERCpm	@Xavi_RibesCalvo
@ercsantcugat	@ori1905
@ercsantcugat	@Stuker87
@ercsantcugat	@victorgd97
@ERCTorello	@LluisSabates
@ERCTorello	@MariCanals
@ercvdmdiusi	@chincho_ens
@ercvdmdiusi	@GuiliamGualas
@ercvdmdiusi	@julifernan123
@ercvdmdiusi	@muntsaprat
@EricVela_	@brianrebel
@EricVela_	@Noesans1
@EricVela_	@Sam46a
@esalberich	@AdriaAlert
@esalberich	@CharlesSampons
@esalberich	@ERCReus
@esalberich	@JosepAlberich
@esalberich	@malberi6
@esalberich	@montserratfj
@escudellat	@AnnaFrancesF
@escudellat	@aqueront
@escudellat	@BARSDAVID
@escudellat	@crissansem
@escudellat	@fopiga
@escudellat	@ivanvoinitski
@escudellat	@jm_labrador
@escudellat	@joana_velarde
@escudellat	@JoanFSogas
@escudellat	@JordiSerrallon1
@escudellat	@JOSEPGELABERT
@escudellat	@Kquim23
@escudellat	@Montse_M_N
@escudellat	@nonavivi69
@escudellat	@pelutdelbori
@escudellat	@phoenix_derive
@escudellat	@Santiglezzz
@escudellat	@ShitFromTheCow
@escudellat	@tejedor45
@escudellat	@tore51
@escudellat	@Wittgenstein_jm
@escudellat	@Zascapatraska
@esierraserra	@XavierGrauCerro
@esportpelsi	@MghTdr
@EsquerraGelida	@AntoniFerran
@EsquerraGelida	@bcpepa
@EsquerraGelida	@montcatalan
@esquerratgn	@lamarta
@esquerratgn	@Monicalabart
@esquerratgn	@neuscanonja
@EstanisVayreda	@florencicosb
@EstanisVayreda	@jordivilar66
@EstanisVayreda	@ManelPlanas
@EstanisVayreda	@ramonternero
@estemon	@onadidac
@estemon	@PDeCATRubi
@EstradaLaia	@alrega79
@EstradaLaia	@ivonne_ivazquez
@EstradaLaia	@jordianweb
@EstradaLaia	@Niki7061
@EstradaLaia	@Sisco_Vidal
@etassies	@berta_llanas
@etassies	@Cguivi
@etassies	@JordiXena
@etassies	@Piolin_fc
@etassies	@rachelondon
@EulaliaComas	@ernestclotet
@EulaliaComas	@evicarrera
@EulaliaComas	@gloriapetita
@EUROLANG	@28aha
@EUROLANG	@bel_margarida
@EUROLANG	@big_taff
@EUROLANG	@BluesPossessed
@EUROLANG	@booktubemania
@EUROLANG	@CALICA78
@EUROLANG	@CatalanRobot
@EUROLANG	@CirunCh
@EUROLANG	@CollectiuEmma
@EUROLANG	@cuarda29
@EUROLANG	@dfertl
@EUROLANG	@DKMacPhee
@EUROLANG	@EBPidesign
@EUROLANG	@ELCARRASCLET
@EUROLANG	@EnricoLobina
@EUROLANG	@Espera1000
@EUROLANG	@fgafatg
@EUROLANG	@freed4Catalonia
@EUROLANG	@Gloria_Pol
@EUROLANG	@GosGroc
@EUROLANG	@guillem_4
@EUROLANG	@guillempujades
@EUROLANG	@GwynSionIfan
@EUROLANG	@hititis
@EUROLANG	@huguet_gabriel
@EUROLANG	@Ireland4Bernie
@EUROLANG	@joan20140911
@EUROLANG	@JudithFontcat
@EUROLANG	@kelpieblack
@EUROLANG	@lecoadicyf
@EUROLANG	@LJQwerty
@EUROLANG	@LowRisingTone
@EUROLANG	@Morr_1980
@EUROLANG	@NJosepm
@EUROLANG	@novadores
@EUROLANG	@OneEyeOpen
@EUROLANG	@pau166
@EUROLANG	@perecsub
@EUROLANG	@Poliol
@EUROLANG	@Porthynys
@EUROLANG	@PPLimages
@EUROLANG	@rhisiartcrowe
@EUROLANG	@roycstuart45
@EUROLANG	@sarisataka
@EUROLANG	@sianhowys
@EUROLANG	@susan_bell1212
@EUROLANG	@Switz_Landon
@EUROLANG	@WiniDavies
@EUROLANG	@xavihosta
@EUROLANG	@YesMonifieth
@EUROLANG	@YOU17972
@evaclauso	@Albertodelvalle
@EVellesObertes	@J4mir0
@fdbetancor	@ArillaMaite
@Ferran_Bel	@lluisa_ng
@Ferran_Bel	@mgenover
@ferran72	@manel111969
@Ferranucho	@Dellunde_UAB
@ferranvalls	@Poliol
@fetatarragona	@aolles
@fetatarragona	@JoanBlasco
@fetatarragona	@jordimartifont_
@ffdomenech	@davmanart
@ffdomenech	@elfonti
@ffdomenech	@independentcata
@ffdomenech	@indignindigente
@ffdomenech	@izovi
@ffdomenech	@JGG_E
@ffdomenech	@LaSelenita
@ffdomenech	@MaribelGngora1
@ffdomenech	@montseolivep
@ffdomenech	@Polbs97
@ffdomenech	@resteve3
@forrocalf	@alfmulillo
@forrocalf	@marcogomezesc
@FosalbaAngel	@mercaderme
@Francesc_Coll	@miquelarilla
@francescms	@laurora_cat
@franciscusedda	@cristianavellut
@franciscusedda	@novadores
@franherrero66	@AriadnaFabregas
@franherrero66	@teresacris65
@FranquetDavid	@vicajo
@galizanova	@AnxoVMiguez
@galizanova	@ChDoctor321
@galizanova	@GNBaixoMinho
@galizanova	@rumoroleg
@gasolbcn	@Cigro2
@gasolbcn	@Eloi_Rodriguez
@gasolbcn	@EsterSantacana
@gasolbcn	@huguet_gabriel
@gasolbcn	@maps5100
@gasolbcn	@martinetfcb
@gasolbcn	@Milin1973
@gasolbcn	@SilviaMdezCahue
@gasolbcn	@vampyCATman
@gasolbcn	@XaviPortales
@Gatosombra1	@DarmstadtJ
@Gatosombra1	@desferr
@Gatosombra1	@fligantada
@Gatosombra1	@FreeCat201x
@Gatosombra1	@helteo73
@Gatosombra1	@rfernandezjou
@Gatosombra1	@silviaalatra
@GavaxIndep	@aolles
@GavaxIndep	@birlnow
@GavaxIndep	@Martaf89
@GCoronat	@enric_rost
@GEDATXABALTA	@GureEskuDago
@GEDATXABALTA	@GureEskuDurango
@GEDATXABALTA	@herribeldi
@GEDATXABALTA	@i_ortega2
@GEDATXABALTA	@ideiazabaldu
@GEDATXABALTA	@Unai777777
@geminis25	@MerceRomero3
@geminis25	@MilagritosEsp
@geminis25	@socunlleo
@GemmaFerrerSall	@Estherlagrifa
@gemquim	@annam1181or
@gemquim	@Merchevita70
@gemquim	@TxalsF
@GeorginaDalmau	@albertamores
@GeorginaDalmau	@carollacher
@Gerardo_Ibelli	@Suandbe
@GironaVota	@burinot1
@GironaVota	@LluisBoschvins
@GironaVota	@martiboigues
@GironaVota	@NuriaCasademont
@GlobalPolitikos	@AlcuinBramerton
@GlobalPolitikos	@arrifi_aymen
@GlobalPolitikos	@JordiMariaPau1
@GlobalPolitikos	@Rifwantsfreedom
@GloriaSagu	@GloriaSagu
@gmmmmmma	@marc_torres_
@Goizti	@RogerSallas
@grafismo	@GuillermoMarto1
@gretaba	@diverxavi
@GuiliamGualas	@ConceBoldu
@GuiliamGualas	@ToniQMartin
@guillamon_jordi	@arsairene
@guillemsans	@eulaliasolec
@guillemsans	@HeleNoSurrender
@guillemsans	@JMGOms
@guillemsans	@MarquesProducer
@guillemsans	@rogerarenys
@guillemsans	@yngwie15
@GureEskuDima	@AinhoaPujana
@GureEskuDima	@aldarricatuz
@GureEskuDima	@andermgt
@GureEskuDima	@Arranogorri1974
@GureEskuDima	@avia_bel
@GureEskuDima	@elisabethoj
@GureEskuDima	@ester_alias
@GureEskuDima	@GureEskuDago
@GureEskuDima	@ideiazabaldu
@GureEskuDima	@lasitasita
@GureEskuDima	@martingerz_
@GureEskuDima	@matalaz1661
@GureEskuDima	@MireiaFu
@GureEskuDima	@patrulla23
@GureEskuDima	@patxap
@Haidarx_	@NoemiPAH
@HamsterNet	@MZorzy
@HansPeterT	@albertpardell
@HansPeterT	@Elisabeth120965
@HansPeterT	@josep_capo
@HansPeterT	@patrillona
@HansPeterT	@vicente_lluis
@hapinto2	@hapinto2
@hapinto2	@olga_vial
@HarryQuitau	@bedaio3000
@helenamarti1	@mercecusco
@hjgdp	@hjgdp
@hjgdp	@josepxurigue
@hjgdp	@NoeCGan
@iagocelra	@PPLimages
@Iaia_Toneta	@51nemo
@Iaia_Toneta	@BuyandKauf
@Iaia_Toneta	@MiriamRibera399
@iamwildd	@Zhaaz1
@ibaizangi	@AndoniOtx
@ibaizangi	@GureEskuDago
@ibaizangi	@GureEskuDurango
@iesmollet1oct	@sandretafu
@iforaster	@BroggiElisa
@iforaster	@loulouleloup
@IgorMeltxor	@acontrera1
@IgorMeltxor	@alborslc
@IgorMeltxor	@ApestMaite
@IgorMeltxor	@Artza5
@IgorMeltxor	@bilduman90
@IgorMeltxor	@BorjaXomorro72
@IgorMeltxor	@Fermintxo6
@IgorMeltxor	@GaizkaZA
@IgorMeltxor	@HeluaBilbo
@IgorMeltxor	@IgorMeltxor
@IgorMeltxor	@isa_roor
@IgorMeltxor	@JoneEtxeberria
@IgorMeltxor	@mikeltxondo
@IgorMeltxor	@mjbaste
@IgorMeltxor	@patxiurdaburu
@IgorMeltxor	@pelliniAthletic
@IgorMeltxor	@tonifarm2
@IgorMeltxor	@unanuejosu
@IgorMeltxor	@XabierDurango74
@IgorMeltxor	@yom16smo
@illenca83	@v_ismon
@inakiXabier	@aralaralderdia
@inbocat	@catwoman1979
@inbocat	@LauraValar
@IOARIZOS77	@Carmigua1
@iontelleria	@aldakur
@ioteruelo	@elfonti
@irenemasana	@CatEmprenyat
@IRodriguezA21	@mielin80
@Isabel_far	@Lnc_Sils
@Isabel_far	@sanchisvc
@Isabel_far	@VerdaguerJoan
@iscagz	@_CARALLUDO
@iscagz	@bol8
@iscagz	@e_lores
@iscagz	@eidergorostiza
@iscagz	@jordigil96
@iscagz	@pekapepa
@iscagz	@soncheanxinho
@iscagz	@Sopramocos
@itxasoatutxa	@DianaGDKO
@itxasoatutxa	@jonbasterra
@IvanLuqueVNG	@martidimauro
@IzquierdaRevol	@rojodelsur1
@jabelchi	@montseop
@jacserr_educsoc	@JuliaMa96016562
@jaipcat	@jesteve5
@jaume_sanso	@jaumeribass
@jaumecasanas	@PDeCATPENEDES
@jaumecasanas	@XavierBadiaCat
@jaumeisal	@14Analuque
@jaumeserrag	@xavipalamos
@jaumexeff	@jaumexeff
@jaumexeff	@jxufren
@jaumexeff	@macruces
@JAVIER9090	@albertu33
@JAVIER9090	@annajovermallol
@JAVIER9090	@carlesclari
@JAVIER9090	@cmarinsala
@JAVIER9090	@ECaminal
@JAVIER9090	@enricgonzalo
@JAVIER9090	@enricllb
@JAVIER9090	@EvaF76921828
@JAVIER9090	@jadingoo
@JAVIER9090	@Kuinetes
@JAVIER9090	@stepibcn
@jc_garba	@didacmarin
@jc_garba	@gJoakey
@jc_garba	@jc_garba
@jc_garba	@JgarciaBenaiges
@jc_garba	@jlaber2
@jc_garba	@jxufren
@jc_garba	@Laiaperez66
@jc_garba	@Mia_Zoe
@jc_garba	@SURCARPINIANO
@jcuixart	@guillercg
@jcuixart	@JosepMPalomares
@jcuixart	@ldbtwit
@jcuixart	@LLUISAGC
@jcuixart	@mgenover
@jcuixart	@raulcubos23
@JERCbll	@bausa_joan
@JERCReus	@esquerracamp
@JERCReus	@estratosferic
@JERCReus	@nllaurado
@JessicaFillol	@desdealepo
@jlaber2	@jordianweb
@jmangues	@angelsrabal
@jmangues	@checksom
@jmangues	@HereudeCanPich
@jmangues	@pikijp
@jmangues	@Poliol
@jmangues	@silvia_inc
@jmterricabras	@AbelloSanllehi
@jmterricabras	@icsaguer
@jmterricabras	@molidexuncla
@jmterricabras	@PerelloJames
@JMTibau	@PepRGS
@jmviladomat	@Encarnajimenezy
@JNCatalunya	@DespertaFerro11
@JNCatalunya	@JNCSantAndreu
@JNCatalunya	@lluisa_ng
@JNCatalunya	@vlopezpaya
@jncgava	@jncgava
@jnogueg	@albertpersonal
@jnogueg	@Annapg10
@jnogueg	@Carles_Sec
@jnogueg	@CAT_2017_INDEPE
@jnogueg	@catalunya2016
@jnogueg	@chuti45
@jnogueg	@Clarpf
@jnogueg	@edubs_6
@jnogueg	@egel71
@jnogueg	@gustaucastells
@jnogueg	@IMatavera
@jnogueg	@Miriam66chimeno
@jnogueg	@oskarh71
@jnogueg	@Rras58
@jnogueg	@xfarell
@jnogueg	@XutdeKoeman
@joakimVivas	@DinaDragune
@joakimVivas	@elitaveidemane
@Joan_Recorda	@_figure_8_
@Joan_Recorda	@CDR_EsqEixample
@Joan_Recorda	@xavidalet
@Joan_Ru_Ca	@dialecsost
@Joan_Ru_Ca	@la_sariera
@joancguerrero	@TeiaBastons
@JoandeCanet	@davidhbp
@JoandeCanet	@nstlbcn
@joandeltrull	@PilarIn71233611
@JoanLaportaFCB	@__khaleesi__23
@JoanLaportaFCB	@ohyammr
@JoanMarcF	@raulbuira
@joanmariapique	@ahernandez094
@joanmariapique	@alborslc
@joanmariapique	@Amadeus510
@joanmariapique	@ANCCiutatVella
@joanmariapique	@Angelitu71
@joanmariapique	@anna_canyelles
@joanmariapique	@AnnaFrancesF
@joanmariapique	@arnaudeivissa
@joanmariapique	@boixserra
@joanmariapique	@Cangrao
@joanmariapique	@CapitHaddock1
@joanmariapique	@Casi_AzulMar
@joanmariapique	@CatarinaPetit
@joanmariapique	@Criticartt
@joanmariapique	@danigamez
@joanmariapique	@DeUrbin
@joanmariapique	@Eduardoededosc1
@joanmariapique	@egel71
@joanmariapique	@ElenaDMorales
@joanmariapique	@Espera1000
@joanmariapique	@esquileet
@joanmariapique	@estebesio
@joanmariapique	@evamserramia
@joanmariapique	@femocat
@joanmariapique	@galceranrosa
@joanmariapique	@GINER
@joanmariapique	@gostmerce
@joanmariapique	@HansPeterT
@joanmariapique	@ivanvoinitski
@joanmariapique	@jaumepadros
@joanmariapique	@jbhc10
@joanmariapique	@Jo__llll
@joanmariapique	@joanagabarrof
@joanmariapique	@Jordi_PF
@joanmariapique	@josep_iserte
@joanmariapique	@JPallaresPujol
@joanmariapique	@jsamperiz1
@joanmariapique	@jumarta8
@joanmariapique	@lasilviaijo
@joanmariapique	@LluisJB
@joanmariapique	@Lluissictransit
@joanmariapique	@Lo_Catarina
@joanmariapique	@lorenaigle
@joanmariapique	@LVinyes
@joanmariapique	@marcus_uf
@joanmariapique	@MariaOxbow
@joanmariapique	@marramiauuuuuu
@joanmariapique	@mikelvives
@joanmariapique	@mim46mauler
@joanmariapique	@miriferfu
@joanmariapique	@MonMundialCat
@joanmariapique	@OskarPhenix
@joanmariapique	@pau166
@joanmariapique	@pepgppepgp
@joanmariapique	@rosariopalomi71
@joanmariapique	@rsimop
@joanmariapique	@Santiglezzz
@joanmariapique	@SonrisaLab
@joanmariapique	@vilar_antoni
@joanmariapique	@Wittgenstein_jm
@joanmariapique	@Xavi44896342
@joanms314	@konx78
@joanpuig	@fgafatg
@joanpuig	@huguet_gabriel
@joanqueralto	@Bill21Bill
@joanqueralto	@carlespamies
@joanqueralto	@macruces
@joanqueralto	@Poliol
@joansempere	@PratVentura
@Jocovi1006	@sergirocabatllo
@joderputonombre	@lordsithdani
@jofre_saez	@kampai314
@jordi_latorre	@MartaTatger
@jordi_ronda	@CanPisha
@jordi_vendrell	@javierArtero
@jordibenavente	@Angelsfreixa
@jordiblanquera	@pep_cabrera
@Jordibskn	@nuritu
@JordiCaixas	@lamireiaa
@JordiCaixas	@oriolgarcia11
@JordiCaixas	@oscarmilla1
@jordicasals	@LluisSabates
@JordiGuardiolaF	@ElenaOroni
@JordiMonros	@ecarasusan
@JordiMontalbo	@mnk_bm_knm
@JordiPotaroig	@bitelxus
@JordiPotaroig	@chuti45
@JordiPotaroig	@xamartinez1966
@JordiSalvat	@RtCasteller
@jordisendra	@Cristinacrisc
@jordisendra	@PDECatTarragona
@JordiVPou	@JordiSouto
@JordiVPou	@unpobrebomber
@josep_bertran_	@jascat1973
@JosepAnglsOliv	@ANClAleixar
@JosepAntonFdez	@JSG_santgervasi
@JosepArnan	@Manzanillo106
@JosepBargallo	@Massaxufes
@josepcanal	@ELENACANALDEDIE
@josepllm	@barbaraverges
@josepllm	@dolsaber
@josepllm	@joan_martin5
@josepllm	@manreot
@josepllm	@MariaCarme9
@josepllm	@martossais
@josepllm	@PDeCATTORDERA
@josepllm	@pepbullich
@josepllm	@SILVIA_S_S
@JosepmariaJosep	@JosepmariaJosep
@JosepMMontaner	@jmoncunill
@JosepMMontaner	@rafefe69
@joseppique	@ernestpd
@josgnzlz	@aebadia
@josgnzlz	@alsina48
@josgnzlz	@Antalcantara
@josgnzlz	@BadiaBarbera
@josgnzlz	@CASC_CAT
@josgnzlz	@cathybcn
@josgnzlz	@cepvoc
@josgnzlz	@CGTEnsenyament
@josgnzlz	@chau_10
@josgnzlz	@Panderetajevi
@josgnzlz	@Santisbd
@josgnzlz	@treballadors
@josgnzlz	@txell34
@jps52	@AnaEscribano6
@jserranom	@agnespeiro
@jserranom	@francinanavarro
@Juande_Villena	@glucogeno78
@juanjodom	@AgerJauregi
@juanjodom	@alderraiM
@juanjodom	@Anderazparren
@juanjodom	@Mallus_Malleus
@juanjodom	@nusagatero
@juanjodom	@SalvaMoran
@juanjodom	@SusanaSua
@juanjodom	@unamunzaga
@Juanmi_News	@AciD_MuSh_303
@Juanmi_News	@Admo_independe
@Juanmi_News	@AdrianaAixala
@Juanmi_News	@Aena_Publica_ES
@Juanmi_News	@Aidelco68
@Juanmi_News	@aitor_8a
@Juanmi_News	@AlbaRms
@Juanmi_News	@Amadeus510
@Juanmi_News	@anitacaldes
@Juanmi_News	@Anna300976
@Juanmi_News	@antoniferrer48
@Juanmi_News	@ArakamiCat
@Juanmi_News	@asstrion
@Juanmi_News	@ba9anna
@Juanmi_News	@ballabrera
@Juanmi_News	@BarbudOh
@Juanmi_News	@bdbd1444
@Juanmi_News	@beatriua
@Juanmi_News	@CarlesCompanyZ
@Juanmi_News	@Catalonia1640
@Juanmi_News	@Chexooo
@Juanmi_News	@chiscas_chisco
@Juanmi_News	@chuan49
@Juanmi_News	@Cigro2
@Juanmi_News	@Coloured_Sky
@Juanmi_News	@CondeQuevedo
@Juanmi_News	@CostaBravaToday
@Juanmi_News	@DavCham
@Juanmi_News	@delesescaletes
@Juanmi_News	@democracyrisk
@Juanmi_News	@desferr
@Juanmi_News	@DeUrbin
@Juanmi_News	@dolorssidera
@Juanmi_News	@dractrek
@Juanmi_News	@EDMANUEL1234
@Juanmi_News	@Elisab38
@Juanmi_News	@EmpesCAT
@Juanmi_News	@esther_iz
@Juanmi_News	@F3P2
@Juanmi_News	@FandiRM
@Juanmi_News	@FBI_Spain
@Juanmi_News	@filumestre
@Juanmi_News	@fontbos
@Juanmi_News	@gataambbotes
@Juanmi_News	@Giwiki
@Juanmi_News	@gudaricatala1
@Juanmi_News	@guellsabata
@Juanmi_News	@heitus
@Juanmi_News	@IgnasiGrosAuber
@Juanmi_News	@IRRworks
@Juanmi_News	@ISMVALSyR
@Juanmi_News	@IsraMontesinos
@Juanmi_News	@J_pascual81
@Juanmi_News	@jantongo
@Juanmi_News	@jinomusicUK
@Juanmi_News	@JLazcarat
@Juanmi_News	@Joan_T_G
@Juanmi_News	@Joanievaa
@Juanmi_News	@jordicartes
@Juanmi_News	@JoseCarlos2832
@Juanmi_News	@JosepmariaJosep
@Juanmi_News	@josoob
@Juanmi_News	@kikupipo
@Juanmi_News	@kiwam74
@Juanmi_News	@Knot_hookupBcn
@Juanmi_News	@lady_marga73
@Juanmi_News	@Linreus2
@Juanmi_News	@lluciussarnosus
@Juanmi_News	@lluisa_ng
@Juanmi_News	@LluisaSowe
@Juanmi_News	@malamante25
@Juanmi_News	@maneldepoblesec
@Juanmi_News	@marcfumat
@Juanmi_News	@MariaOxbow
@Juanmi_News	@marinavega96
@Juanmi_News	@marramiauuuuuu
@Juanmi_News	@martapigu
@Juanmi_News	@masmi1714
@Juanmi_News	@mdomenechr
@Juanmi_News	@MinamisWorld
@Juanmi_News	@MiriPrisCh
@Juanmi_News	@MonicaOriach
@Juanmi_News	@Moscamascojoner
@Juanmi_News	@mrktns
@Juanmi_News	@nofearmio
@Juanmi_News	@NoLoSe82797140
@Juanmi_News	@noparismai
@Juanmi_News	@Ojodeoro33
@Juanmi_News	@Orion245
@Juanmi_News	@oscarlm98
@Juanmi_News	@Paquita_AM
@Juanmi_News	@pepaixandri
@Juanmi_News	@Pergaro
@Juanmi_News	@PIJOAPARTEMARSE
@Juanmi_News	@PilarGmezmarti2
@Juanmi_News	@proudofselene
@Juanmi_News	@Quimoh
@Juanmi_News	@Ramonlaseu
@Juanmi_News	@ranspenstinski
@Juanmi_News	@reginapallars
@Juanmi_News	@RepixPix
@Juanmi_News	@royalcohen
@Juanmi_News	@sarux
@Juanmi_News	@SilviaTuya
@Juanmi_News	@soniamekare
@Juanmi_News	@sotivinitero
@Juanmi_News	@sra_danvers
@Juanmi_News	@stoynoconectado
@Juanmi_News	@TarenTatuy
@Juanmi_News	@Tereteteta
@Juanmi_News	@TerukaP
@Juanmi_News	@thebrabido
@Juanmi_News	@TorrasToni
@Juanmi_News	@TxaTxabelidesan
@Juanmi_News	@Viejis39
@Juanmi_News	@Well086
@Juanmi_News	@WendVindi
@Juanmi_News	@Wertyalord1
@Juanmi_News	@XiaoL2
@Juanmi_News	@Xipress
@Juanmi_News	@Yocreque
@Juanmi_News	@Zascapatraska
@judauguet	@josepaals
@JulianAssange	@_queazy_
@JulianAssange	@007JORDI13
@JulianAssange	@1octReferendum
@JulianAssange	@321BCN
@JulianAssange	@675_08
@JulianAssange	@7daigua
@JulianAssange	@A_B_Shepard
@JulianAssange	@A1lilDog
@JulianAssange	@AANaseer
@JulianAssange	@AchimW
@JulianAssange	@AciD_MuSh_303
@JulianAssange	@acyour
@JulianAssange	@adeoli1011
@JulianAssange	@Afterseven
@JulianAssange	@agust1er
@JulianAssange	@aitchbee2000
@JulianAssange	@AKozlovEKB
@JulianAssange	@alba_agv
@JulianAssange	@ALBERTLLOP
@JulianAssange	@albertplcat
@JulianAssange	@albertrm84
@JulianAssange	@albrtquint
@JulianAssange	@AlcuinBramerton
@JulianAssange	@Alejand63567115
@JulianAssange	@aleteoauricular
@JulianAssange	@Alex_Boladeras
@JulianAssange	@alex41894092
@JulianAssange	@AlexRub95771696
@JulianAssange	@Algonfdez
@JulianAssange	@Alikapa33
@JulianAssange	@AlmaValkoLaama
@JulianAssange	@AlomaSand
@JulianAssange	@alt_peppe
@JulianAssange	@alxjunca
@JulianAssange	@amacia80
@JulianAssange	@amapola231
@JulianAssange	@anahappens
@JulianAssange	@anamartinezd
@JulianAssange	@anaoromi
@JulianAssange	@AncapMan1
@JulianAssange	@Andre3Verzaal
@JulianAssange	@andreupuig1
@JulianAssange	@Andyrguapo
@JulianAssange	@angels_pallas
@JulianAssange	@angelsvj
@JulianAssange	@angiepallerola
@JulianAssange	@Angietro3535
@JulianAssange	@AntiNwoOTLw
@JulianAssange	@applemacbookpro
@JulianAssange	@arachnochist
@JulianAssange	@arnauvivesjuan
@JulianAssange	@ArthurStefanski
@JulianAssange	@artpepper_6
@JulianAssange	@asfiasana
@JulianAssange	@askari222
@JulianAssange	@AsselaBP
@JulianAssange	@AvilaElane
@JulianAssange	@avilagrann
@JulianAssange	@AyethatMe
@JulianAssange	@Azure_Island
@JulianAssange	@bachillerdani
@JulianAssange	@BaizuoBu
@JulianAssange	@balrogbob
@JulianAssange	@Barcelonauta_
@JulianAssange	@BarceloSter
@JulianAssange	@BaronJohnRoss
@JulianAssange	@BBfromPA
@JulianAssange	@bcgift
@JulianAssange	@bcnsapiens
@JulianAssange	@BenetTallaferro
@JulianAssange	@Betramobet
@JulianAssange	@bfcapell
@JulianAssange	@BihurriNaiz
@JulianAssange	@biribiroli
@JulianAssange	@BistroDelmarva
@JulianAssange	@BlaugranaFan27
@JulianAssange	@BobAlonso
@JulianAssange	@BoenaSvoabo
@JulianAssange	@BoiSentis
@JulianAssange	@BonHoritzo
@JulianAssange	@BoomBustProfits
@JulianAssange	@boomsbustsshow
@JulianAssange	@BosomJordi
@JulianAssange	@bsmit913
@JulianAssange	@bullriver3
@JulianAssange	@BurbanHillbilly
@JulianAssange	@BurkasBan2
@JulianAssange	@buxx_x
@JulianAssange	@calogo
@JulianAssange	@CalTolla
@JulianAssange	@CampoyErnest
@JulianAssange	@capitadhoc
@JulianAssange	@cardona_marabel
@JulianAssange	@CarlesValbuena
@JulianAssange	@catalanpride
@JulianAssange	@CatalanRobot
@JulianAssange	@Catalonia_Free
@JulianAssange	@CataloniaSpoke
@JulianAssange	@Catspinne
@JulianAssange	@cfageda
@JulianAssange	@Chanespineda
@JulianAssange	@Chrisinaforest
@JulianAssange	@chuckrogers00
@JulianAssange	@cincoeles
@JulianAssange	@civilstockOZ
@JulianAssange	@claicatala
@JulianAssange	@claracampostor1
@JulianAssange	@cmorellc
@JulianAssange	@CobetEnric
@JulianAssange	@coderebol
@JulianAssange	@codicedarwin
@JulianAssange	@conxita_avila
@JulianAssange	@crawler_nt
@JulianAssange	@CrazyNewsCycle
@JulianAssange	@CridaDemocracia
@JulianAssange	@cristianavellut
@JulianAssange	@CustoperSmith
@JulianAssange	@daftpunk12476
@JulianAssange	@dandire
@JulianAssange	@dave_mcgavin
@JulianAssange	@davidasekes
@JulianAssange	@DavidBasora
@JulianAssange	@DavidDuPouy
@JulianAssange	@daviderra
@JulianAssange	@davidferrerc
@JulianAssange	@davidnobs
@JulianAssange	@DavidSGuinjoan
@JulianAssange	@DDKsegelBOOT
@JulianAssange	@Dean_Gberg
@JulianAssange	@Deb89719992
@JulianAssange	@deborahjlundy
@JulianAssange	@Decembrista
@JulianAssange	@Defnanim
@JulianAssange	@denterd
@JulianAssange	@Der_Betrachter_
@JulianAssange	@despertaferro74
@JulianAssange	@DeUrbin
@JulianAssange	@dihoppy
@JulianAssange	@DOB1234
@JulianAssange	@Doemafadir
@JulianAssange	@Dogawampus
@JulianAssange	@doliveraf
@JulianAssange	@Dr_J_Ullera
@JulianAssange	@Dr_JPark
@JulianAssange	@duduipa
@JulianAssange	@duganjames
@JulianAssange	@Dunkeldenk
@JulianAssange	@edisonburbanoCM
@JulianAssange	@EDMANUEL1234
@JulianAssange	@edooardox
@JulianAssange	@eduardberga
@JulianAssange	@EduardJan76
@JulianAssange	@educationtr
@JulianAssange	@Eeik5150
@JulianAssange	@efabrega
@JulianAssange	@egregormasters1
@JulianAssange	@EidanYosonPhoto
@JulianAssange	@ElenaDMorales
@JulianAssange	@ElenaRichter8
@JulianAssange	@elia_rem
@JulianAssange	@eliceva5
@JulianAssange	@ElisabethSolCar
@JulianAssange	@ElPayanes
@JulianAssange	@ElRojoMaltes
@JulianAssange	@ElskeKevie25
@JulianAssange	@emdicsonia
@JulianAssange	@emendeztx
@JulianAssange	@emilianoAt7
@JulianAssange	@EmpanaoMax
@JulianAssange	@EnricArrazola
@JulianAssange	@enricblanes
@JulianAssange	@EnricSalaSerra1
@JulianAssange	@enricsimo
@JulianAssange	@EnuffizEnuph
@JulianAssange	@ephimerous
@JulianAssange	@ErikH526
@JulianAssange	@EstanyJoan
@JulianAssange	@estemon
@JulianAssange	@etrabado
@JulianAssange	@eudaldc
@JulianAssange	@euzkera
@JulianAssange	@Eva_Gene
@JulianAssange	@EvaRocaSol
@JulianAssange	@exprimidora
@JulianAssange	@ExTrumpCatholic
@JulianAssange	@fanboy466
@JulianAssange	@farfadais71
@JulianAssange	@fbrugat
@JulianAssange	@fentelburro
@JulianAssange	@ferrumdemir
@JulianAssange	@fgafatg
@JulianAssange	@filiki79
@JulianAssange	@filumestre
@JulianAssange	@focaiguaiterra
@JulianAssange	@ForaelsBorbons
@JulianAssange	@FrancescGarc
@JulianAssange	@francescmanya
@JulianAssange	@freed4Catalonia
@JulianAssange	@FreeThree333
@JulianAssange	@FSOtaku
@JulianAssange	@FVilageliu
@JulianAssange	@GalileaPiero
@JulianAssange	@Ganes_NoFalten
@JulianAssange	@gavaldairujo
@JulianAssange	@GavaxIndep
@JulianAssange	@gcodqui
@JulianAssange	@GeertGooris
@JulianAssange	@GemJunPan
@JulianAssange	@GeromanAT
@JulianAssange	@gfguzman1
@JulianAssange	@giacomofaustini
@JulianAssange	@GJerryGeorgatos
@JulianAssange	@gjose
@JulianAssange	@GloriaSacer
@JulianAssange	@GloriaSagu
@JulianAssange	@gnanambalam
@JulianAssange	@Gold_Bitches
@JulianAssange	@goldismine2016
@JulianAssange	@gorginet_te
@JulianAssange	@GozerBCN
@JulianAssange	@Granollacs
@JulianAssange	@greekemmy
@JulianAssange	@GreenUS4
@JulianAssange	@gregorioperezag
@JulianAssange	@GregSherrow
@JulianAssange	@Guanyarem2017
@JulianAssange	@guasayan5
@JulianAssange	@Guillem_Matute
@JulianAssange	@GuillemPujols1
@JulianAssange	@HappyHazard7
@JulianAssange	@Hardingsun
@JulianAssange	@HeavygearDiver
@JulianAssange	@helteo73
@JulianAssange	@hergrojor
@JulianAssange	@Hermes23
@JulianAssange	@HiFalutinWays
@JulianAssange	@hoodywiggi
@JulianAssange	@huguet_gabriel
@JulianAssange	@IanMolony
@JulianAssange	@IBienert
@JulianAssange	@ignasicrespi
@JulianAssange	@ilnar_acoustic
@JulianAssange	@ilsuonatoredi
@JulianAssange	@IlyaBeraha
@JulianAssange	@imaka78
@JulianAssange	@inbocat
@JulianAssange	@indignindigente
@JulianAssange	@IngPeeters
@JulianAssange	@iraroja67
@JulianAssange	@irilturel
@JulianAssange	@ISMVALSyR
@JulianAssange	@Iva_
@JulianAssange	@IvanKirchen
@JulianAssange	@IZINKITBA
@JulianAssange	@JackieViolan
@JulianAssange	@Jacob606
@JulianAssange	@jalmacellas
@JulianAssange	@James_t_irvine
@JulianAssange	@JamesH1834
@JulianAssange	@jansen_mila
@JulianAssange	@jappyconjota
@JulianAssange	@jaraparilla
@JulianAssange	@JaumePrimer2
@JulianAssange	@jb_mora
@JulianAssange	@jbistuer
@JulianAssange	@JeanGenevie1
@JulianAssange	@jennyfrky
@JulianAssange	@jepit63
@JulianAssange	@jestejedno
@JulianAssange	@Jesus83075610
@JulianAssange	@jethrotoll
@JulianAssange	@JewRussophile
@JulianAssange	@jim4659
@JulianAssange	@JJl500
@JulianAssange	@jjoki
@JulianAssange	@jksnova
@JulianAssange	@jnogueg
@JulianAssange	@Jo__llll
@JulianAssange	@joachim_larson
@JulianAssange	@joan_a_llarch
@JulianAssange	@joan_abs
@JulianAssange	@joan20140911
@JulianAssange	@Joanetbdn1
@JulianAssange	@JoanFSogas
@JulianAssange	@Joansilvia3
@JulianAssange	@JoanSubirats
@JulianAssange	@JohnBosch68
@JulianAssange	@JohnCatalan5
@JulianAssange	@JOLANDAGAAL
@JulianAssange	@JonePierantonio
@JulianAssange	@jonez_brayden
@JulianAssange	@jordi_cardus
@JulianAssange	@jordialcasser
@JulianAssange	@jordibag
@JulianAssange	@JordiBalot
@JulianAssange	@jordibarreda22
@JulianAssange	@JordiBartes
@JulianAssange	@Jordicentellesr
@JulianAssange	@JordiCubalan
@JulianAssange	@JordiMariaPau1
@JulianAssange	@jordimfb
@JulianAssange	@JordiTabernero
@JulianAssange	@jorditolra
@JulianAssange	@josep_salvado
@JulianAssange	@Josep10Marti
@JulianAssange	@josepalay
@JulianAssange	@JosepFerri74
@JulianAssange	@JosepJucgla
@JulianAssange	@josepmendez78
@JulianAssange	@JosepMiro
@JulianAssange	@joseptweet
@JulianAssange	@jpalanko
@JulianAssange	@jrdallas13
@JulianAssange	@JS49
@JulianAssange	@jsamperiz1
@JulianAssange	@JuditDF
@JulianAssange	@JulianAssange
@JulianAssange	@JulianPhilosphy
@JulianAssange	@junecashh
@JulianAssange	@JWBraithwaite1
@JulianAssange	@KainYusanagi
@JulianAssange	@karenricks
@JulianAssange	@katsabateria
@JulianAssange	@KermitTheKush
@JulianAssange	@Kessaiksa
@JulianAssange	@KimMKoch62
@JulianAssange	@kittyhundal
@JulianAssange	@KLoscos
@JulianAssange	@krag_narok
@JulianAssange	@KuismaSami
@JulianAssange	@kyicchomu
@JulianAssange	@l_emigrant
@JulianAssange	@L35Z3K
@JulianAssange	@la_magnolia
@JulianAssange	@lacasadiale
@JulianAssange	@ladydivan
@JulianAssange	@lagoodseny
@JulianAssange	@Lamarche
@JulianAssange	@laridor1
@JulianAssange	@laurafabri
@JulianAssange	@LauraFlamarich
@JulianAssange	@leopardthinks1
@JulianAssange	@Lidgl
@JulianAssange	@Lightrider
@JulianAssange	@lili_figueras
@JulianAssange	@Lina81752148
@JulianAssange	@linzzmorgnn
@JulianAssange	@LisCarril
@JulianAssange	@lisengfp
@JulianAssange	@Lizacooker
@JulianAssange	@lizievizie
@JulianAssange	@LjsMccully
@JulianAssange	@LlatseEmili
@JulianAssange	@lliuresCAT
@JulianAssange	@Lluis_GA
@JulianAssange	@Lluis_Giralt_
@JulianAssange	@LLUISAGC
@JulianAssange	@lluismdx
@JulianAssange	@lluisoliveras
@JulianAssange	@LluisRiba
@JulianAssange	@LMadurell
@JulianAssange	@LoFuflunet
@JulianAssange	@Lokalfuerst
@JulianAssange	@LolaZuara1
@JulianAssange	@LouLasher
@JulianAssange	@lucimando1
@JulianAssange	@macruces
@JulianAssange	@magacominginhot
@JulianAssange	@magdalaveca
@JulianAssange	@maguva1
@JulianAssange	@MaicaperezP
@JulianAssange	@maicsalva
@JulianAssange	@MakeAusGreat3
@JulianAssange	@MaliSoloMali
@JulianAssange	@marc_morera
@JulianAssange	@MarcP1979
@JulianAssange	@marcqueralt
@JulianAssange	@MariadeCiurana
@JulianAssange	@marijanzg1
@JulianAssange	@MarilynBrier
@JulianAssange	@MariusVendrell
@JulianAssange	@MarkNapolillo
@JulianAssange	@Marta_Valldaura
@JulianAssange	@MartaBLASTOFF
@JulianAssange	@martamonfort13
@JulianAssange	@martatrepat1
@JulianAssange	@MaryJane_Muriel
@JulianAssange	@masanilla1
@JulianAssange	@MasotRosa
@JulianAssange	@MATErlandsson
@JulianAssange	@mbadia19
@JulianAssange	@McDermie
@JulianAssange	@MDanielum
@JulianAssange	@merce_castellvi
@JulianAssange	@met_cat
@JulianAssange	@MetalLoner
@JulianAssange	@MFotster
@JulianAssange	@mgenover
@JulianAssange	@mibane42
@JulianAssange	@mickey94114
@JulianAssange	@micodelbarret
@JulianAssange	@miquelcano
@JulianAssange	@miquelmp
@JulianAssange	@mizclaudi
@JulianAssange	@Modesttalking
@JulianAssange	@moniquejolie
@JulianAssange	@monsamga
@JulianAssange	@montmiro
@JulianAssange	@MoonDomigui34
@JulianAssange	@Morenacatalana
@JulianAssange	@mpb513
@JulianAssange	@mpfernando
@JulianAssange	@mpoblet
@JulianAssange	@mqlangel
@JulianAssange	@MrPoliglot
@JulianAssange	@multir
@JulianAssange	@Muzzray
@JulianAssange	@MZorzy
@JulianAssange	@N1EUWS
@JulianAssange	@nanadesu86
@JulianAssange	@natanaelmoro
@JulianAssange	@Nerdocrat
@JulianAssange	@NereaMinion
@JulianAssange	@nes078
@JulianAssange	@NickPoouts
@JulianAssange	@Ninma_
@JulianAssange	@noGMOsHollywood
@JulianAssange	@noonehereyet
@JulianAssange	@normalinnet
@JulianAssange	@NovaProspect362
@JulianAssange	@noxten
@JulianAssange	@ntifatima
@JulianAssange	@nuarce
@JulianAssange	@NuriaCasademont
@JulianAssange	@nuriafontreulli
@JulianAssange	@NuriFont
@JulianAssange	@Nyaranyar
@JulianAssange	@NzehRapheal
@JulianAssange	@obmana_bardak
@JulianAssange	@OccupyUN
@JulianAssange	@oletusbuevos
@JulianAssange	@ontobelli
@JulianAssange	@oscarlm98
@JulianAssange	@oskarh71
@JulianAssange	@OusxlDemocracia
@JulianAssange	@Pallacus
@JulianAssange	@PatxiTxeskies
@JulianAssange	@PaulPvance
@JulianAssange	@pauplanas
@JulianAssange	@PauQuintano
@JulianAssange	@pcusco
@JulianAssange	@peacepumpkinpic
@JulianAssange	@Pelenhawer
@JulianAssange	@PepitaGall
@JulianAssange	@pere_martorell
@JulianAssange	@PereOlm87
@JulianAssange	@perro_pulgoso
@JulianAssange	@pgandreu
@JulianAssange	@pintenyo82
@JulianAssange	@Pixel_Politiker
@JulianAssange	@pjrb68
@JulianAssange	@pjwilb
@JulianAssange	@Pleiotropik
@JulianAssange	@polcasanovaslb
@JulianAssange	@pons21739
@JulianAssange	@porabajo
@JulianAssange	@PPLimages
@JulianAssange	@prodigiou5
@JulianAssange	@ptorra
@JulianAssange	@PublicSphere2
@JulianAssange	@QKubi
@JulianAssange	@qtorras
@JulianAssange	@quimns
@JulianAssange	@Quisso2
@JulianAssange	@RADIOGAULE
@JulianAssange	@RafelVerdejo
@JulianAssange	@ragonest
@JulianAssange	@raimonpoves
@JulianAssange	@raimontrujillo
@JulianAssange	@rains6944
@JulianAssange	@ram87578541
@JulianAssange	@RamonBoixader
@JulianAssange	@ramonminoves
@JulianAssange	@raquelfas
@JulianAssange	@raulacho73
@JulianAssange	@rbarraopersonal
@JulianAssange	@rbnmndz
@JulianAssange	@RealAliCat
@JulianAssange	@reixach_gabriel
@JulianAssange	@republisiado
@JulianAssange	@reyal1974
@JulianAssange	@Rfexri
@JulianAssange	@rhondaathompson
@JulianAssange	@ribok07
@JulianAssange	@rich_kararak
@JulianAssange	@RichieAnoonumos
@JulianAssange	@RichinMN
@JulianAssange	@rickricardobr
@JulianAssange	@Riderman24h
@JulianAssange	@RitaPratC
@JulianAssange	@RixarNegu
@JulianAssange	@rjarced
@JulianAssange	@RLiberalskiddin
@JulianAssange	@RocAlayo
@JulianAssange	@rodin_en_colors
@JulianAssange	@rogervonbloom
@JulianAssange	@RomainQuidant
@JulianAssange	@RosenDreGrl
@JulianAssange	@RoserTeixido
@JulianAssange	@rossetaun
@JulianAssange	@roxrodri
@JulianAssange	@RozaGermian
@JulianAssange	@rrocai
@JulianAssange	@RRofastes
@JulianAssange	@SadiKleida
@JulianAssange	@salamandrak
@JulianAssange	@SandraJegina
@JulianAssange	@Sanjaume
@JulianAssange	@Sara67822151
@JulianAssange	@Sarielal77
@JulianAssange	@Sathamudhu
@JulianAssange	@schestowitz
@JulianAssange	@sdelgadoaros
@JulianAssange	@Sentinow
@JulianAssange	@sergi_illa
@JulianAssange	@sergi_jorda
@JulianAssange	@sergi_meduza
@JulianAssange	@sergillima
@JulianAssange	@servando_carlos
@JulianAssange	@shareef35
@JulianAssange	@Sheindie
@JulianAssange	@SheriMamaGG3
@JulianAssange	@ShickerVicar
@JulianAssange	@sianskiy
@JulianAssange	@siegerist_bob
@JulianAssange	@silvia_sjulia
@JulianAssange	@SilviaSol8
@JulianAssange	@SkiyDan
@JulianAssange	@skylab255
@JulianAssange	@slaughts31
@JulianAssange	@SMC_83_
@JulianAssange	@smiejka
@JulianAssange	@Smokes_Angel
@JulianAssange	@smujal
@JulianAssange	@sonia_de_ibelli
@JulianAssange	@sophiepasarin
@JulianAssange	@SourdoughGeek
@JulianAssange	@spb_tweets
@JulianAssange	@SpitefulLadies
@JulianAssange	@Splth32
@JulianAssange	@SrLocuelo
@JulianAssange	@Ssshhhaaaaaaaaa
@JulianAssange	@STOELZAED
@JulianAssange	@subjectes
@JulianAssange	@Suffragium_cat
@JulianAssange	@superdracir
@JulianAssange	@SusoPerezGarcia
@JulianAssange	@SylviaJimenez15
@JulianAssange	@talbts
@JulianAssange	@taoronet
@JulianAssange	@TaraEndTheFED
@JulianAssange	@teirraks
@JulianAssange	@teresaprous
@JulianAssange	@TeslaIndy
@JulianAssange	@ThatFakeGuyDan
@JulianAssange	@The_ZOGGS
@JulianAssange	@THEDOGPOUND1
@JulianAssange	@TheOutlpayer
@JulianAssange	@Timhortinz
@JulianAssange	@TitaniaArtG
@JulianAssange	@TJStevens13
@JulianAssange	@tlhenson823
@JulianAssange	@tonicastells
@JulianAssange	@tonicesteve
@JulianAssange	@tonigros
@JulianAssange	@ToniMarcet
@JulianAssange	@Trademarkno2
@JulianAssange	@TradSir
@JulianAssange	@treballadors
@JulianAssange	@tresbranques
@JulianAssange	@TrumpTrain45Pac
@JulianAssange	@Truthnow17Wanda
@JulianAssange	@truthseeker6761
@JulianAssange	@TxellNavarrete
@JulianAssange	@UglaNeno
@JulianAssange	@UgRwah
@JulianAssange	@Ukrayan
@JulianAssange	@unespaib
@JulianAssange	@unknowncorner
@JulianAssange	@unspokenbond
@JulianAssange	@Valia_Terranova
@JulianAssange	@vallmy
@JulianAssange	@VanSulli
@JulianAssange	@Vibella27
@JulianAssange	@VICTORLEONARDIB
@JulianAssange	@victormakaya
@JulianAssange	@vidal_enric
@JulianAssange	@vigilant_cat
@JulianAssange	@vinyetp
@JulianAssange	@Vittorio_Chiesa
@JulianAssange	@vmestres
@JulianAssange	@VTonga1
@JulianAssange	@W4BILy5isZVVzJq
@JulianAssange	@wackobird34
@JulianAssange	@warcoresponted
@JulianAssange	@Wittgenstein_jm
@JulianAssange	@x_jofre
@JulianAssange	@xabamez
@JulianAssange	@Xasebe
@JulianAssange	@xavi_poch
@JulianAssange	@Xavi44896342
@JulianAssange	@xavier_comas
@JulianAssange	@xavier_olivares
@JulianAssange	@xavierbastos1
@JulianAssange	@xaviergil65
@JulianAssange	@XavierSolerT
@JulianAssange	@xavigarciamecom
@JulianAssange	@XaviLourido
@JulianAssange	@xavisentinella
@JulianAssange	@xbcat
@JulianAssange	@xeniagt
@JulianAssange	@xFlopperPHD
@JulianAssange	@xinoxano_cat
@JulianAssange	@y54t15
@JulianAssange	@yasvig
@JulianAssange	@YisusWapo
@JulianAssange	@YourAnonRevolt
@JulianAssange	@Ytutambienn
@JulianAssange	@ZitaRovella
@JulianAssange	@Ziuifumi
@Just_Sociats	@Guillemipunt
@kataklock	@jxufren
@kataklock	@Lluisales
@kikegalle	@idga
@kim_soler	@fmartinfe
@kim_soler	@huguet_gabriel
@kim_soler	@MontseMontfortB
@kim_soler	@xavidue
@Kitsch_oficial	@Jrd_naco
@Kitsch_oficial	@OliverEnginy
@kryon2012	@orioletvipe
@kryon2012	@VictorAG80
@kupallo	@lola_creus
@kupallo	@Marrecs
@kupallo	@S_BaVe
@kupallo	@SagalsdOsona
@la_IAC	@ESKsindikatua
@la_IAC	@jabi_jabier
@la_palou	@MireiaFu
@la_Sageta	@metropolislang
@labalasch	@JosepLlGarcia
@labalasch	@Silvia_Villarro
@labolainfinita	@AlexAlonsoMar
@labolainfinita	@salvatoredvita
@labolainfinita	@txema2608
@laBurxa	@ljoaniquet
@laBurxa	@march_jordi
@Lady_Bitchhh	@marctoda22
@laespadamocles	@asstrion
@LaHaineInfo	@GisbertAntonio
@Laksmizz	@AmeliaBarrio
@Laksmizz	@Bullcooper
@Laksmizz	@f2008friends
@Laksmizz	@Gemmma2404
@Laksmizz	@Montserratesben
@Laksmizz	@pep_cabrera
@Laksmizz	@SanzVeciana
@LakuntzaUdala	@andermgt
@LakuntzaUdala	@Evaitoiz
@lamireiaa	@Marcelus1982cat
@LaMoretti85	@ampasjordi
@LaMoretti85	@anaoromi
@LaMoretti85	@angelsmcastells
@LaMoretti85	@jordicartes
@LaMoretti85	@Lui_Jana
@LaMoretti85	@mireia3
@LaMoretti85	@PauChain10
@LaMoretti85	@tranamay
@LaMoretti85	@XaviPortales
@LaMoretti85	@xhinaski
@LaPelotaNSM_KO	@AIRJAG
@LaPelotaNSM_KO	@balaguero14
@LaPelotaNSM_KO	@cipotal
@LaPelotaNSM_KO	@josepbobe
@LaPelotaNSM_KO	@jsalesz
@lareirinha	@alexlifepink
@lauramascarpone	@EnricVilanova3
@LauraUrtos	@ISERN26
@LauraUrtos	@karmaatB
@laveu2roses	@FROBO957
@LaXungaCPS	@bandarres
@LaXungaCPS	@cruiz_r_
@LaXungaCPS	@Silvianchon
@leirbag1979	@julls4444
@LFImagina	@Bruixaruth
@LFImagina	@CDRFranqueses
@LFImagina	@CUPFranqueses
@LFImagina	@dmmgranollers
@LFImagina	@eduardnd1967
@LFImagina	@EL9NOU_VOr
@LFImagina	@J_Alex_Vega
@LFImagina	@XaviLFranqueses
@lizcastro	@_CameronMoy
@lizcastro	@AbelloSanllehi
@lizcastro	@albertbonet
@lizcastro	@AlbertLluc
@lizcastro	@AlbertRey72
@lizcastro	@AmadeuPi
@lizcastro	@ANC_llengua
@lizcastro	@annabelmia
@lizcastro	@AnnaForastier
@lizcastro	@annarifa4
@lizcastro	@AnonSailorOne
@lizcastro	@antoniferrer48
@lizcastro	@aolles
@lizcastro	@aqueront
@lizcastro	@Asher_Wolf
@lizcastro	@badlands72
@lizcastro	@BertranXavi
@lizcastro	@boxersinarms
@lizcastro	@cafedescafeinat
@lizcastro	@carme_corbeto
@lizcastro	@Catalan_Dragon
@lizcastro	@CatalanRobot
@lizcastro	@Catalonia_Free
@lizcastro	@Catalonia1640
@lizcastro	@CharlieD2749
@lizcastro	@CirunCh
@lizcastro	@Cjaumev
@lizcastro	@ClaudiaRiusL
@lizcastro	@cotapi_
@lizcastro	@crissansem
@lizcastro	@crisvillacris
@lizcastro	@CTSegriaSudANC
@lizcastro	@DaniPares
@lizcastro	@davdiy
@lizcastro	@DavidSalas1972
@lizcastro	@Deb89719992
@lizcastro	@DorianGraybcn
@lizcastro	@DuncMacL
@lizcastro	@EbonyDawnMarsh
@lizcastro	@eduard_roge
@lizcastro	@Elviraduranc
@lizcastro	@EnneiradReklaw
@lizcastro	@estermartia
@lizcastro	@esthermiras
@lizcastro	@Eva_Luna7
@lizcastro	@ferguson2811
@lizcastro	@fermin_grau
@lizcastro	@FerranMauri
@lizcastro	@FlyingS14652197
@lizcastro	@FrancescSalat
@lizcastro	@francescstboi
@lizcastro	@freed4Catalonia
@lizcastro	@FromCatalonia
@lizcastro	@galean_thrope
@lizcastro	@GaryE1869
@lizcastro	@Giollachriost1
@lizcastro	@Gleann_Seile
@lizcastro	@glovar07
@lizcastro	@gmartigo
@lizcastro	@goldismine2016
@lizcastro	@Grandam10101
@lizcastro	@grantomasin
@lizcastro	@guellsabata
@lizcastro	@GuilleMolinas1
@lizcastro	@indepe91
@lizcastro	@iolandabatalle
@lizcastro	@jalmacellas
@lizcastro	@JamesGarry7
@lizcastro	@jb_mora
@lizcastro	@jennyfrky
@lizcastro	@jessicavilavila
@lizcastro	@jimnarlene
@lizcastro	@johnmalta99
@lizcastro	@jordi_miro
@lizcastro	@jordisalvia
@lizcastro	@Josep212
@lizcastro	@Josepm100x100
@lizcastro	@joseptweets
@lizcastro	@KaliYuga13
@lizcastro	@Kataloonlane
@lizcastro	@kikupipo
@lizcastro	@laubcn1978
@lizcastro	@Libertee__Belle
@lizcastro	@Lizacooker
@lizcastro	@LlanitoPol
@lizcastro	@LluisR3
@lizcastro	@louisescotref
@lizcastro	@Mae_Carson2
@lizcastro	@mai_keta
@lizcastro	@manzanequep
@lizcastro	@marcqueralt
@lizcastro	@MariaRoigAlsina
@lizcastro	@marramiauuuuuu
@lizcastro	@martinsdzerve
@lizcastro	@mespunya
@lizcastro	@MiqueletV8
@lizcastro	@mireiacamp
@lizcastro	@mmasllovet
@lizcastro	@moltdeleros
@lizcastro	@monikambK
@lizcastro	@motiuscat
@lizcastro	@MrMalky
@lizcastro	@mvallver
@lizcastro	@namesvullvotar
@lizcastro	@ndls61
@lizcastro	@Nebby_99
@lizcastro	@Nefernit
@lizcastro	@NeusLluelles
@lizcastro	@oscarlm98
@lizcastro	@osf67
@lizcastro	@OttoOzols
@lizcastro	@PalouPatrick
@lizcastro	@PedroMalz
@lizcastro	@PereBofill
@lizcastro	@Poliol
@lizcastro	@PuriGmzCasadmnt
@lizcastro	@quicome
@lizcastro	@republicano_71
@lizcastro	@Reservoirdogs83
@lizcastro	@Rlvrlvrlv
@lizcastro	@rooftopdennis
@lizcastro	@Salvathorium
@lizcastro	@SASam1714
@lizcastro	@Seandwave72
@lizcastro	@serav_bcn123
@lizcastro	@sianhowys
@lizcastro	@siliconglen
@lizcastro	@skimum14
@lizcastro	@Smokes_Angel
@lizcastro	@smujal
@lizcastro	@soniafarre
@lizcastro	@sophiepasarin
@lizcastro	@sotoarmengol
@lizcastro	@Sus2510PR
@lizcastro	@susan_bell1212
@lizcastro	@Telibarb
@lizcastro	@ursulasperrer
@lizcastro	@utdblancx
@lizcastro	@victoracedoma
@lizcastro	@Wittgenstein_jm
@lizcastro	@xserra
@Llatzervalls	@henriksma
@Llatzervalls	@MarcAyala_
@llenguaddicta	@jmbenbri
@Llibertatcat	@abel_camp
@Llibertatcat	@agust1er
@Llibertatcat	@AgustiPardo
@Llibertatcat	@airmosso
@Llibertatcat	@atzori_piero
@Llibertatcat	@avia_bel
@Llibertatcat	@bar_nie
@Llibertatcat	@bel_margarida
@Llibertatcat	@Biorebeca
@Llibertatcat	@biribiroli
@Llibertatcat	@birlnow
@Llibertatcat	@BleyMunoz
@Llibertatcat	@carmealdana
@Llibertatcat	@CarullaDaniel
@Llibertatcat	@cataloniants
@Llibertatcat	@CESCCorp
@Llibertatcat	@CGT_UPC
@Llibertatcat	@chelivega
@Llibertatcat	@CUPArenysdeMunt
@Llibertatcat	@CUPTarragona
@Llibertatcat	@Deb89719992
@Llibertatcat	@demanolaparaula
@Llibertatcat	@Dew231973
@Llibertatcat	@EduardFarinyes
@Llibertatcat	@ensabonat
@Llibertatcat	@estanislaufons
@Llibertatcat	@ferroviaris
@Llibertatcat	@fizelzouz
@Llibertatcat	@fredijosal
@Llibertatcat	@halepues
@Llibertatcat	@IsernAlbert
@Llibertatcat	@Janaroman1307
@Llibertatcat	@jmreina
@Llibertatcat	@joanaCP62
@Llibertatcat	@jordi_miro
@Llibertatcat	@jordimartifont_
@Llibertatcat	@Josepmandreu
@Llibertatcat	@josepmfarre
@Llibertatcat	@Kitty1983Hello
@Llibertatcat	@krisoany
@Llibertatcat	@lluisbrunet
@Llibertatcat	@LUISNARO
@Llibertatcat	@MariaJOrozco1
@Llibertatcat	@MaribelGngora1
@Llibertatcat	@Mercesenar
@Llibertatcat	@mike1_26
@Llibertatcat	@mim46mauler
@Llibertatcat	@MonMundialCat
@Llibertatcat	@montseolivep
@Llibertatcat	@motiuscat
@Llibertatcat	@octavimasip
@Llibertatcat	@ori1905
@Llibertatcat	@Pacoescude
@Llibertatcat	@paremiq
@Llibertatcat	@PauFarinetes
@Llibertatcat	@PobleLliure_Mar
@Llibertatcat	@Poliol
@Llibertatcat	@Poxci53
@Llibertatcat	@Quimberenguer
@Llibertatcat	@ReCatalana2014
@Llibertatcat	@salvatross
@Llibertatcat	@sergi_solanas
@Llibertatcat	@solcades
@Llibertatcat	@storiol
@Llibertatcat	@SuperNueli
@Llibertatcat	@Tiriti26
@Llibertatcat	@TJPCATALUNYA
@Llibertatcat	@vampyCATman
@Llibertatcat	@vicenslozano
@Llibertatcat	@VirgilioPonce
@Llibertatcat	@Wittgenstein_jm
@Llibertatcat	@wvidal770
@Llibertatcat	@xalguero
@Llibertatcat	@xavartal
@Llibertatcat	@xaviparcerissa
@Lluis_Casanovas	@BadiaSerra7
@Lluis_Casanovas	@casaxus
@Lluis_Casanovas	@cervera_jess
@Lluis_Casanovas	@Deb89719992
@Lluis_Casanovas	@enricarqui
@Lluis_Casanovas	@JoMarina55
@Lluis_Casanovas	@Poxci53
@Lluis_Casanovas	@RDBCat
@Lluis_Casanovas	@Santiglezzz
@lluischico	@miquelruizr
@lluisguino	@AMI__cat
@lluisguino	@CESCMARTI
@lluisguino	@EnCharles_98
@lluisguino	@fligantada
@lluisguino	@joaquimgrau77
@lluisguino	@MiquelFumanal
@lluisrugama	@MeritxellConsta
@llunamel	@anna_canyelles
@llunamel	@raventos
@llunamel	@RosBernad
@llunamel	@sergicamara1964
@llunamel	@susbg13
@loracgn	@Rakidelamoga
@loritostyle	@la_costa_suiza
@loritostyle	@SFFCGT
@loritostyle	@XordixOconix
@lourdescasadem	@isaacnexus
@LuElcid	@LuElcid
@macia68	@correu70
@macia68	@Dolors82600591
@ManCatalonia	@ANCFCB
@ManCatalonia	@Lespo_
@ManelEsteller	@66merche66
@ManelEsteller	@9colormanel
@ManelEsteller	@abrildavid
@ManelEsteller	@AlbertSaAg
@ManelEsteller	@ANCLleidaSegria
@ManelEsteller	@AngelsCosBallbe
@ManelEsteller	@annavallsm
@ManelEsteller	@annavi62
@ManelEsteller	@BroggiElisa
@ManelEsteller	@Carlfletcher15
@ManelEsteller	@carme_corbeto
@ManelEsteller	@carmenmolluck
@ManelEsteller	@Catacrack1969
@ManelEsteller	@catalanensis
@ManelEsteller	@climent_jcarles
@ManelEsteller	@CorbetoXita
@ManelEsteller	@Crismore66
@ManelEsteller	@DeUrbin
@ManelEsteller	@DTenori
@ManelEsteller	@ecarasusan
@ManelEsteller	@elevation75
@ManelEsteller	@errjey
@ManelEsteller	@ersikoo
@ManelEsteller	@FerrerGali
@ManelEsteller	@IsabelFreixanet
@ManelEsteller	@J_pascual81
@ManelEsteller	@jaumesn
@ManelEsteller	@jlguart
@ManelEsteller	@JordiBalot
@ManelEsteller	@josepsausoles
@ManelEsteller	@jpjsalsan
@ManelEsteller	@JuliTecles
@ManelEsteller	@kikupipo
@ManelEsteller	@lexma42
@ManelEsteller	@linabarber
@ManelEsteller	@lluisa_ng
@ManelEsteller	@mafflles
@ManelEsteller	@MartaDui
@ManelEsteller	@MarySarazola
@ManelEsteller	@mbarrull
@ManelEsteller	@mespunya
@ManelEsteller	@Miri_run
@ManelEsteller	@mosadi
@ManelEsteller	@ori1905
@ManelEsteller	@pagbar0
@ManelEsteller	@PaquitaVilar
@ManelEsteller	@peproca21
@ManelEsteller	@Quins_pebrots
@ManelEsteller	@skylab255
@ManelEsteller	@tanamarlp
@ManelEsteller	@toni_m65
@ManelEsteller	@txellpatufa
@ManelEsteller	@verazvi
@ManelEsteller	@Viureaestocolm
@ManelEsteller	@Wittgenstein_jm
@mangelspbarniol	@Genecasa
@MarArabia_	@buelbir
@MarArabia_	@PerGarriga
@marc_esteve	@4691tms
@marc_esteve	@AngelsRabell
@marc_esteve	@reginaros33
@marc_esteve	@xaviermars
@marc_torres_	@ArturColl
@marc_torres_	@marc_torres_
@march_jordi	@MariaBasart
@marcmonells	@SLopeX
@marcpuigperez	@_elsacoy_
@marcpuigperez	@_Foraster_
@marcpuigperez	@_simonnnnnn
@marcpuigperez	@1714Drac1714
@marcpuigperez	@adambertran
@marcpuigperez	@adriana_chikiti
@marcpuigperez	@Ainhoa_Madurell
@marcpuigperez	@albaarroyo7
@marcpuigperez	@AnnadeGirona
@marcpuigperez	@AsselaBP
@marcpuigperez	@Benjami82072689
@marcpuigperez	@BlancaGomezRoca
@marcpuigperez	@BroggiElisa
@marcpuigperez	@CamposBarreda
@marcpuigperez	@capdesuro
@marcpuigperez	@carme_corominas
@marcpuigperez	@cataladelsud
@marcpuigperez	@chrisllonguet
@marcpuigperez	@Compte1899
@marcpuigperez	@cristinapbcn
@marcpuigperez	@DavidNeartou
@marcpuigperez	@DearMeYes
@marcpuigperez	@dguellc
@marcpuigperez	@EbonyDawnMarsh
@marcpuigperez	@EduJCunilleras
@marcpuigperez	@Elisend26473735
@marcpuigperez	@elizabeth_08290
@marcpuigperez	@ERCmunicipal
@marcpuigperez	@Espera1000
@marcpuigperez	@ferran2val
@marcpuigperez	@filumestre
@marcpuigperez	@francina08
@marcpuigperez	@galceranrosa
@marcpuigperez	@goalscelo
@marcpuigperez	@Gorahristo
@marcpuigperez	@IngridCruxent
@marcpuigperez	@Isaacggils79
@marcpuigperez	@J3roman
@marcpuigperez	@jacintfelip
@marcpuigperez	@JaumeMC
@marcpuigperez	@JIMacia
@marcpuigperez	@JJbraso
@marcpuigperez	@joanpalacin
@marcpuigperez	@JoMarina55
@marcpuigperez	@JosepMariaSH
@marcpuigperez	@JuanRamonArnau
@marcpuigperez	@kikupipo
@marcpuigperez	@loCarranquer
@marcpuigperez	@maneldetremp
@marcpuigperez	@ManelNavarro6
@marcpuigperez	@Maria_Forns
@marcpuigperez	@maria_malagrida
@marcpuigperez	@MariaOxbow
@marcpuigperez	@MartaPoll
@marcpuigperez	@mferra69
@marcpuigperez	@miquelsantjust
@marcpuigperez	@Mitocondria7
@marcpuigperez	@mlavizell
@marcpuigperez	@mlparrag1964
@marcpuigperez	@Monifunbcn
@marcpuigperez	@monterhusmore
@marcpuigperez	@montsegolSiSi
@marcpuigperez	@montserumbau
@marcpuigperez	@OnaPortella
@marcpuigperez	@oooTANOooo
@marcpuigperez	@oscarcavero
@marcpuigperez	@PanadesPb
@marcpuigperez	@patrulla23
@marcpuigperez	@peina_ovejas
@marcpuigperez	@Piolin_fc
@marcpuigperez	@Pol_Farell
@marcpuigperez	@RamonBoixader
@marcpuigperez	@RodrigoArenasGa
@marcpuigperez	@RoserUrgelles
@marcpuigperez	@Salvathorium
@marcpuigperez	@SanzVeciana
@marcpuigperez	@Senyora_Macia
@marcpuigperez	@Ssuneb
@marcpuigperez	@stormlawke
@marcpuigperez	@toni_pv
@marcpuigperez	@unanuejosu
@marcpuigperez	@VERITAAAT
@marcpuigperez	@vidfra
@marcpuigperez	@wwwjoelventura
@marcpuigperez	@ZanuyMunn
@MarcPuigtio	@AMI__cat
@MarcPuigtio	@rosayue
@MareasCiudadana	@aangelesrubio
@MareasCiudadana	@alitwittt
@MareasCiudadana	@enhuertao
@MareasCiudadana	@FrPinillos
@MareasCiudadana	@gorkkol
@MareasCiudadana	@Javi_Quique_OK
@MareasCiudadana	@Juanredondod
@MareasCiudadana	@K103_LUCERO
@MareasCiudadana	@luis_esfera
@MareasCiudadana	@manisparatodos
@MareasCiudadana	@miguelansg
@MareasCiudadana	@MorrixAlk
@MareasCiudadana	@Nonu_
@MareasCiudadana	@Senderoimagin
@MareasCiudadana	@TeresaMontao
@MareasCiudadana	@TxusoGorri
@Marfil1961	@gcodqui
@Marfil1961	@lauramascarpone
@maria_fibla	@xavibarrera
@mariacolera	@adestemps
@mariacolera	@Loren81046635
@mariiaa_13	@estebansanthi
@marinamey	@CDRMatadepera
@marinamey	@Guinjo10
@marta_mrm	@CFiguerasEconom
@MartaFerreOller	@MarcAyala_
@MartaFerreOller	@Xavanya
@MartaFerreOller	@XSalat
@martarovira	@BrunoDawny
@martarovira	@buxi1972
@martarovira	@chema_moreno_p
@martarovira	@focaiguaiterra
@martarovira	@ginacanal1
@martarovira	@imma_ccorominas
@martarovira	@immacc78
@martarovira	@josep_capo
@martarovira	@loligonzalez68
@martarovira	@nuriamedinacasa
@martarovira	@salva_morenop
@martarovira	@smujal
@MartaSarquella	@marcgirbau
@MartaSarquella	@PDemocrataCatSc
@marticasares	@ArturColl
@MartiEstruch	@estanislaufons
@MartiEstruch	@ivanvoinitski
@MartiEstruch	@jordi_cc
@martijulia5	@JOELMOLAS
@martijulia5	@olotelevisio
@martijulia5	@ossiatwit
@martijulia5	@PepQuintanaOlot
@martijulia5	@RadiolaVall
@martiteres	@FavGirona
@maximors63	@manuelm09444509
@mcgeli	@gaudi_vall_1994
@menyscensurat	@al0806
@menyscensurat	@apvilalta
@menyscensurat	@catalunya2016
@menyscensurat	@halepues
@menyscensurat	@itziarpages
@menyscensurat	@JaumeVehi
@menyscensurat	@jbuchaca
@menyscensurat	@JoanBusquets
@menyscensurat	@Jordigrau83
@menyscensurat	@JordiMasLiceu
@menyscensurat	@josepbartroli
@menyscensurat	@krisoany
@menyscensurat	@MireiaCarreno
@menyscensurat	@mireiafarrero
@menyscensurat	@nk_esther
@menyscensurat	@santigutiespuny
@menyscensurat	@vanflowne
@menyscensurat	@verygurt
@mercebellido	@annarovira1
@mercebellido	@JoanPeran
@MerceRoyo	@edudiaz
@meritxellbudo	@_silvia77
@meritxellbudo	@abt_dea
@meritxellbudo	@Admo_independe
@meritxellbudo	@AMI__cat
@meritxellbudo	@angelsmarc2
@meritxellbudo	@buscavides
@meritxellbudo	@CarmeCots
@meritxellbudo	@deybytj
@meritxellbudo	@doctordinamo
@meritxellbudo	@francescEG
@meritxellbudo	@GemmaTalayero
@meritxellbudo	@groig7
@meritxellbudo	@immabebo
@meritxellbudo	@jordivilar66
@meritxellbudo	@jserretm
@meritxellbudo	@Ligero4312
@meritxellbudo	@Lior_Mastejn
@meritxellbudo	@LLUISAGC
@meritxellbudo	@MargalidaM39
@meritxellbudo	@MarionaCapdevi3
@meritxellbudo	@Marquisreloaded
@meritxellbudo	@melcior_sentis
@meritxellbudo	@mikpb1
@meritxellbudo	@Nadia05262299
@meritxellbudo	@NyitusNyitae
@meritxellbudo	@Quimoh
@meritxellbudo	@ramirlafuente
@meritxellbudo	@ramonsalvia
@meritxellbudo	@Ribas78
@meritxellbudo	@Riderman24h
@meritxellbudo	@Rocknclassicss
@meritxellbudo	@Rras58
@meritxellbudo	@SanzVeciana
@meritxellbudo	@svilasv
@meritxellbudo	@txearana
@meritxellbudo	@TxellNavarrete
@meritxellbudo	@txululopez
@meritxellbudo	@ubagoparados
@meritxellbudo	@viscat2
@meritxellbudo	@xeniagt
@meritxellroige	@EstibalezJ
@meritxellroige	@MariaJose_66
@MES_Baix_Llob	@carlesmanjon
@MES_Baix_Llob	@MESMolinsdeRei
@MES_Baix_Llob	@MESSantJustDesv
@MES_Baix_Llob	@MovEsquerresBCN
@MES_Baix_Llob	@socialistesxSI
@mfornells	@_skyN3t
@mfornells	@AbelloSanllehi
@mfornells	@AMI__cat
@mfornells	@angelsmarc2
@mfornells	@Antoni_Mallorca
@mfornells	@benet515
@mfornells	@CalTolla
@mfornells	@Espera1000
@mfornells	@estratosferic
@mfornells	@filog3
@mfornells	@florencicosb
@mfornells	@jalmacellas
@mfornells	@jaumetenko
@mfornells	@jmvergesprat
@mfornells	@joanagabarrof
@mfornells	@lluisallop
@mfornells	@LordCaptainLol
@mfornells	@magdalaveca
@mfornells	@MariadelDique
@mfornells	@mjubany62
@mfornells	@noesasu
@mfornells	@Nuria_G_M
@mfornells	@Paraules
@mfornells	@passorge
@mfornells	@Pep95527177
@mfornells	@PilarGP_
@mfornells	@Poliol
@mfornells	@Riderman24h
@mfornells	@Rosa00459601
@mfornells	@rotondadeponts
@mfornells	@vilar_antoni
@mgilbarr	@talentOOs
@MikelArreseigor	@3v43v4
@MikelArreseigor	@Artza5
@MikelArreseigor	@AudeCorbieres
@MikelArreseigor	@cchetrit
@MikelArreseigor	@Cesk_mm
@MikelArreseigor	@danisiempreale1
@MikelArreseigor	@desobdcme
@MikelArreseigor	@EATolosa
@MikelArreseigor	@enerojo
@MikelArreseigor	@etxaniz_a
@MikelArreseigor	@GEgizabal
@MikelArreseigor	@gudaricatala1
@MikelArreseigor	@ibaibelo
@MikelArreseigor	@Ilitia82
@MikelArreseigor	@indignindigente
@MikelArreseigor	@jauca71
@MikelArreseigor	@joansanzb
@MikelArreseigor	@kabaskule
@MikelArreseigor	@korne07
@MikelArreseigor	@MaianaB88
@MikelArreseigor	@MaribelGngora1
@MikelArreseigor	@martinetxa
@MikelArreseigor	@MAxiuxiueig
@MikelArreseigor	@mjbaste
@MikelArreseigor	@montseg68
@MikelArreseigor	@mscanaleta
@MikelArreseigor	@nuriarkaitz
@MikelArreseigor	@pep_cabrera
@MikelArreseigor	@suruasinoiD
@MikelArreseigor	@ZuhaitzBarela
@Miladc96	@jordigil96
@miqueljornet	@annacat1973
@MIQUELLARA	@enricarqui
@MIQUELLARA	@Mari_Gi94
@MIQUELLARA	@MartaCr15648938
@MIQUELLARA	@Merchevita70
@MiquelPujadas	@joan20140911
@MiquelPujadas	@toniartero
@MireFerran	@Cjaumev
@MireiaBadia	@aidabitnaS
@misjosep	@1314bruce
@misjosep	@booktubemania
@misjosep	@Camz99
@misjosep	@catlliureara
@misjosep	@desferr
@misjosep	@espantaocell
@misjosep	@freed4Catalonia
@misjosep	@jo_jock
@misjosep	@maitesala123
@misjosep	@molidelpont
@misjosep	@montserumbau
@misjosep	@Tarratwit
@misjosep	@Xipress
@missyrat4	@aqueront
@missyrat4	@javiibo
@missyrat4	@junimont
@missyrat4	@LluisBoschvins
@mmschiaffino	@ieia1962
@ModernaCervera	@ParraSara
@MoltesMerces16	@HMProy
@MonicaSabata	@AlbertLaGarriga
@MontellaAlbert	@marcbarons3
@MontiBcn	@MinguetMontse
@MontiBcn	@mjbuil
@montsebf4	@OtgerCathalo
@montsecandini	@joanetcoll
@MontseMo	@viermoral
@MontseMontfortB	@HogenLaurinda
@MontsePenya	@JuliaMa96016562
@MontseSedo	@anaoromi
@Morenacatalana	@jpjsalsan
@Morenacatalana	@pfossas
@MOTARDS11S	@benifercay
@MovEsqSAB	@MESesquerresCdT
@mperll	@esramar
@mperll	@ma2408
@mrlopera	@charlycv21
@msunyol	@perefolguera
@MTudela	@2005sjusi
@MTudela	@AbelloSanllehi
@MTudela	@AdeuCanVies
@MTudela	@Aena_Publica_ES
@MTudela	@albertitu
@MTudela	@Alberto_Podemos
@MTudela	@AlbertRocabruna
@MTudela	@CarmenR98174640
@MTudela	@CescSumsi
@MTudela	@chuti45
@MTudela	@CirunCh
@MTudela	@Cjaumev
@MTudela	@DOLORSREI
@MTudela	@dvallespi
@MTudela	@edgar_aymo
@MTudela	@estermartia
@MTudela	@fragilitat
@MTudela	@FrancJfarmo
@MTudela	@Glamsalazar
@MTudela	@guellsabata
@MTudela	@helteo73
@MTudela	@ledfusion
@MTudela	@Manel36081612
@MTudela	@MarcZenTime
@MTudela	@Merchevita70
@MTudela	@mferra69
@MTudela	@MiquelManubens
@MTudela	@OskarPhenix
@MTudela	@Poliol
@MTudela	@ProyectoChina
@MTudela	@Sepsi1
@MTudela	@sikokosmik
@MTudela	@soniqueman
@MTudela	@Timbalerdelbru2
@MTudela	@txellblanxer
@MTudela	@vampyCATman
@MTudela	@xevipuix
@muguruzafm	@emgiro
@murcianico75	@charnegodepro
@na2planetdance	@martamunjo
@Nadineosaer93	@jcasanovamolla
@Nadineosaer93	@mim46mauler
@naiz_info	@aitorguti16
@naiz_info	@bilduman90
@naiz_info	@gogorreki
@naiz_info	@gudariweb
@naiz_info	@juancarlospinov
@naiz_info	@zuribostnerisei
@narcisvidal7	@llenas_deu
@nessbu	@joannouletmego1
@neusmunte	@bel_margarida
@neusmunte	@Espera1000
@neusmunte	@guifre2053
@neusmunte	@joanagabarrof
@neusmunte	@MariaAn13341039
@neusmunte	@pgtorremorell1
@nil3alemany	@joseboss8
@NIT2002_	@Admo_independe
@NIT2002_	@martabcn92
@NMalaret	@ClaudiaMalaret
@no_callarem	@ISMVALSyR
@noemi_borras	@CarmeBusquets
@noemicasero	@indiget
@NoFootball_IQ	@GusOrriols
@NtmTomi	@ZipRobot
@nuriafarrus96	@irenebentoldra
@nuriafarrus96	@Janaroman1307
@Nuriavj20	@Socarrel1
@Nwdls	@Ellyll
@oixque	@SheilaS45
@OlgaNavarroR	@RamonSuriolRoig
@olimpieta	@CarmeSnchez4
@OmarR_83	@jordisalvia
@OmarR_83	@sergivazq
@omnium	@_Piuet_
@omnium	@45c32378c34f499
@omnium	@a_serra_m
@omnium	@AciD_MuSh_303
@omnium	@ambaccentobert
@omnium	@ANC_Vila_rodona
@omnium	@capipota
@omnium	@CarmeCots
@omnium	@cbonaventura
@omnium	@ccarodp
@omnium	@Clio_deries
@omnium	@coco_sau
@omnium	@conxita_avila
@omnium	@DespertaFerro11
@omnium	@francescstboi
@omnium	@fsparra
@omnium	@Guanyarem2017
@omnium	@immacc78
@omnium	@irenedeladaleh
@omnium	@jdemas_
@omnium	@jfigolsp
@omnium	@JoanBragulat
@omnium	@josepsausoles
@omnium	@judhec65
@omnium	@laia_ramirez3
@omnium	@MarielaVillarr2
@omnium	@marilol3s
@omnium	@mgenover
@omnium	@miqueleuqim
@omnium	@mjescarpenter
@omnium	@molidelpont
@omnium	@NeusCarne
@omnium	@olgamineraina
@omnium	@pcodinag
@omnium	@Puk3333
@omnium	@SagreraT
@omnium	@SgMireia
@omnium	@SuperNueli
@omnium	@vicolot
@omnium	@xevijo
@omnium	@xvscat
@OmniumEsplugues	@DolorsLopezE
@OmniumEsplugues	@santisiquier
@ooh70	@ranete
@ooh70	@towerfloak
@optimistikAall	@EnricDeLleida
@optimistikAall	@MiquelCaJoh
@optimistikAall	@rnuin
@oriobetelgeuse	@aabellam
@oriobetelgeuse	@MariaOxbow
@oriobetelgeuse	@parramon
@oriobetelgeuse	@PerezBrevaJA
@Oriol_Gasulla	@ICONNA1
@oriol1981	@daiancita2004
@Oriol2petit	@sergiparals
@OriolAmoros	@PDeCATStAndreu
@OriolCanosa	@joansarrias
@OriolMalet	@yilileri
@OriolMonteso	@Aena_Publica_ES
@OriolMonteso	@aldakur
@OriolMonteso	@DarrenMckeeman
@OriolMonteso	@GisbertAntonio
@OriolMonteso	@laiagris
@OriolMonteso	@Merchevita70
@OriolMonteso	@MLersundi
@OriolMonteso	@ORIPLA
@OriolMonteso	@raixa59
@OriolMonteso	@rebecatopos
@OscarAndreu	@jaumefranquesa
@OscarAndreu	@MartaFabregat
@OscarAndreu	@torranaria
@OscarTomtomara	@Javichu_Gil
@osckaret	@AciD_MuSh_303
@oslo77	@AquestFrederic
@oslo77	@Basurdezulo1
@oslo77	@Epoirot1
@oslo77	@martingerz_
@Paco_Glez_	@JesusGalvezM
@PACUPSMM	@xirongo
@partit_pirata	@AlbaBlava
@partit_pirata	@AnonymousBCN
@partit_pirata	@askari222
@partit_pirata	@CarlesCama
@partit_pirata	@cfageda
@partit_pirata	@chus120
@partit_pirata	@cristina16ch
@partit_pirata	@DiezAmat
@partit_pirata	@effour
@partit_pirata	@figoazu
@partit_pirata	@flordeperer
@partit_pirata	@gregorioperezag
@partit_pirata	@irenagi
@partit_pirata	@JoanRamon
@partit_pirata	@Jordi7455
@partit_pirata	@morpheus17pro
@partit_pirata	@NALBAROMA
@partit_pirata	@Naudor
@partit_pirata	@PereZaBo63
@partit_pirata	@porcelcarlos1
@partit_pirata	@sperezl
@partit_pirata	@Ssuneb
@partit_pirata	@stmarnock69
@partit_pirata	@uriCamp
@partit_pirata	@V4l3y4rd
@partit_pirata	@ygolonac
@patunikos	@Casas1Noemi
@Pau_schoenen	@Ariadnasue
@Pau_schoenen	@ToniQMartin
@Pau_schoenen	@trirrem
@PDCComarquesBCN	@josepvinyals
@PDeCATBCN	@AnnabelMarcos
@PDeCATBCN	@ccaballerf4
@PDeCATBCN	@consolrm
@PDeCATBCN	@crisdssg
@PDeCATBCN	@DespertaFerro11
@PDeCATBCN	@Francina_Vila
@PDeCATBCN	@mcasas205
@PDeCATBCN	@mgenover
@PDeCATBCN	@mteresalafuente
@PDeCATBCN	@obffelius
@PDeCATBCN	@OtgerCathalo
@PDeCATBCN	@pdcjusticia
@PDeCATBCN	@PDeCAT_Igualtat
@PDeCATBCN	@RabalMaite
@PDeCATBCN	@SergiSarri
@PDeCATBCN	@Simonetta20
@PDeCATBCN	@smanzano321
@PDeCATBCN	@viermoral
@PDeCATBCN	@ViolantCervera
@PDECATGramenet	@carsujan
@PDECATGramenet	@DespertaFerro11
@PDECATGramenet	@joanagabarrof
@PDECATGramenet	@raulcubos23
@PDECatManresa	@DespertaFerro11
@PDECatManresa	@pdecatbalsareny
@PDeCATMataro	@AlfonsCanela
@PDeCATMataro	@Espera1000
@PDeCATMataro	@joanagabarrof
@PDeCATMataro	@juliette_pou
@PDeCATMataro	@OtgerCathalo
@PDeCATMataro	@portet_bruguera
@PDeCATMataro	@reagrupamentpv
@PDeCATMataro	@RogerYoda
@PDeCATROSES	@mgenover
@PDeCATROSES	@montsemindan
@Pdemocratacat	@45c32378c34f499
@Pdemocratacat	@AbelloSanllehi
@Pdemocratacat	@adria_rp
@Pdemocratacat	@anamariaortega
@Pdemocratacat	@anaoromi
@Pdemocratacat	@ANCPalautordera
@Pdemocratacat	@asanchezpinedo
@Pdemocratacat	@Assembleapv
@Pdemocratacat	@BleyMunoz
@Pdemocratacat	@CarmeCots
@Pdemocratacat	@carnussos
@Pdemocratacat	@Ciutada_Actiu
@Pdemocratacat	@cmorellc
@Pdemocratacat	@CostaBravaToday
@Pdemocratacat	@creuescarre
@Pdemocratacat	@crrmtrr_romero
@Pdemocratacat	@ematariu
@Pdemocratacat	@EPanisello94
@Pdemocratacat	@Finneta
@Pdemocratacat	@florencicosb
@Pdemocratacat	@francescbatlle
@Pdemocratacat	@FreeCat4ever
@Pdemocratacat	@freed4Catalonia
@Pdemocratacat	@JavierMartinBor
@Pdemocratacat	@jd5960
@Pdemocratacat	@jfius
@Pdemocratacat	@jgrau73
@Pdemocratacat	@joangranec
@Pdemocratacat	@jordiplus
@Pdemocratacat	@josep_capo
@Pdemocratacat	@JosepAlonso67
@Pdemocratacat	@juditvida2
@Pdemocratacat	@Kellliure
@Pdemocratacat	@koldogoitia
@Pdemocratacat	@lciuro
@Pdemocratacat	@lluisa_ng
@Pdemocratacat	@MariaOxbow
@Pdemocratacat	@marissa_prat
@Pdemocratacat	@matriuxpc
@Pdemocratacat	@mgenover
@Pdemocratacat	@Mireiatravesp
@Pdemocratacat	@montserumbau
@Pdemocratacat	@NEaster10
@Pdemocratacat	@ori1905
@Pdemocratacat	@OtgerCathalo
@Pdemocratacat	@pacoivarscastel
@Pdemocratacat	@parramon
@Pdemocratacat	@PauEsquerre
@Pdemocratacat	@pcodinag
@Pdemocratacat	@PDeCATelV
@Pdemocratacat	@PDeCATGIRONA
@Pdemocratacat	@PDeCATPENEDES
@Pdemocratacat	@pdecatplaestany
@Pdemocratacat	@PDECatTarragona
@Pdemocratacat	@PDeCATTORDERA
@Pdemocratacat	@PereGalofre
@Pdemocratacat	@pgtorremorell1
@Pdemocratacat	@Poxci53
@Pdemocratacat	@QuimRevi
@Pdemocratacat	@ralf68452199
@Pdemocratacat	@raulmassanella
@Pdemocratacat	@rusuco
@Pdemocratacat	@silvia_cuminal
@Pdemocratacat	@sinasdv
@Pdemocratacat	@sobiranianarkia
@Pdemocratacat	@Soc_Jo_Mateix
@Pdemocratacat	@TDolors
@Pdemocratacat	@TJPCATALUNYA
@Pdemocratacat	@veroarinop
@Pdemocratacat	@vicusking
@Pdemocratacat	@vilar_antoni
@Pdemocratacat	@xavierriba
@Pdemocratacat	@XVila72
@PDemocrataCatSc	@MartaSarquella
@PebreNegre_llib	@AuroraIgual
@pedrobenitz	@JuliaMa96016562
@PedroLuna73	@comunistes
@PedroLuna73	@Karol_en_Red
@PedroLuna73	@MorrixAlk
@PedroLuna73	@oscar_sebastia
@PedroLuna73	@oscargilsot
@PedroLuna73	@pupipere
@PedroLuna73	@sanafran86
@PedroLuna73	@urixturing
@PepJordana	@Antoniaroco
@PepJordana	@KincheloeTawny
@pepllohis	@cotisserra
@pepmartorell	@catalanensis
@pepmartorell	@JObalat
@pepmartorell	@thinkcatalonia
@pepmartorell	@Toni_Mosene
@pepmartorell	@xavi_echeverria
@pepmasanes	@angelsmcastells
@PepTines	@annadelanuza
@PepTines	@cctorello1Oct
@PepTines	@LluisSabates
@PepTines	@MoiLeMiroir
@perebai4	@ColauRos
@perebai4	@jo_jock
@PereCardus	@finaiglesias
@perenoubarris	@aixopluc39
@perenoubarris	@celescolorado
@perenoubarris	@josepbelg
@PereRF	@PereRF
@pererosado	@elietas
@PereSerrat	@EvaGuillaumet
@PiaPrat	@StephanieMarko
@pilaraymara	@123eileen
@pilaraymara	@davdiy
@pilaraymara	@EbonyDawnMarsh
@pilaraymara	@gadriera
@pilaraymara	@PhantomPower14
@pilaraymara	@pilaraymara
@pilaraymara	@rssandr5
@pilaraymara	@rubyrubyrubyrt1
@pilaraymara	@titch751
@Piolin_fc	@joannouletmego1
@pitudedeu	@carlesclari
@pitudedeu	@Cjaumev
@pitudedeu	@JDeportos
@pitudedeu	@jordiplaness
@pituxinxola	@pituxinxola
@PL_ElCamp	@albert_orta
@planajordi	@guellsabata
@podem_cat	@dacaru78
@podem_cat	@S38Mum
@podem_cat	@TGN_Centre
@PrincesssNu	@carloosalba
@PSBallart	@MartaGuiru
@Pujolras94	@desihappytek
@Pujolras94	@refArbucies
@pumu768	@MariaRosaTorras
@pumu768	@VidALieNs
@pviladiu	@rogerventosa
@Quim_AP	@Splth32
@Quimi_Portet	@maballart
@Quimi_Portet	@polecito
@quimsb	@Aena_Publica_ES
@quimsb	@carloosalba
@quimsb	@FraykinJavier
@quimsb	@Johnyhydroponic
@quimsb	@jsmarin1
@quimsb	@jxufren
@quimsb	@korocotta75
@quimsb	@maribelmsp
@quimsb	@Merchevita70
@quimsb	@mikelangelruano
@quimsb	@patothom
@quimsb	@Patzuo
@quimsb	@Splth32
@quimsb	@talentOOs
@Quintinenc	@jordisalvia
@QuirzeS	@cristin62822792
@rabodetoro76	@MartaPerezP
@racso1106	@domtom76
@RaholaOficial	@AbelloSanllehi
@RaholaOficial	@alripol95
@RaholaOficial	@angels_pallas
@RaholaOficial	@AxelValera
@RaholaOficial	@desferr
@RaholaOficial	@edgar_aymo
@RaholaOficial	@EduardEdumuni
@RaholaOficial	@Esther_Cat3005
@RaholaOficial	@FelixPlayan
@RaholaOficial	@francescstboi
@RaholaOficial	@hjgdp
@RaholaOficial	@JaumeCuscoMuste
@RaholaOficial	@jmespasa
@RaholaOficial	@joanagabarrof
@RaholaOficial	@jordiserra_cat
@RaholaOficial	@LlanitoPol
@RaholaOficial	@LluisRocaSerran
@RaholaOficial	@MarcVallsiGurt
@RaholaOficial	@mateuparera
@RaholaOficial	@Mins1965
@RaholaOficial	@pekpep
@RaholaOficial	@Poliol
@RaholaOficial	@Quimoh
@RaholaOficial	@QuimRevi
@RaholaOficial	@serav_bcn123
@RaholaOficial	@Tuteru1966
@RaholaOficial	@Xavi_Suke
@RaholaOficial	@XavierSezLorent
@RaholaOficial	@xavirivers1
@RaholaOficial	@xmaestre72
@ramontremosa	@_Dyos
@ramontremosa	@11SatNam
@ramontremosa	@Alex_Mitja
@ramontremosa	@alfredvrn
@ramontremosa	@alpicatina41
@ramontremosa	@AngelMS75
@ramontremosa	@Anna_Garrofe
@ramontremosa	@apiteta
@ramontremosa	@AsselaBP
@ramontremosa	@BenetTallaferro
@ramontremosa	@benxi99
@ramontremosa	@BluesPossessed
@ramontremosa	@BrunoDawny
@ramontremosa	@carlespamies
@ramontremosa	@Carmina_Mataro
@ramontremosa	@Carolin26249454
@ramontremosa	@castells_s
@ramontremosa	@Cigro2
@ramontremosa	@creuescarre
@ramontremosa	@CristinaGCa
@ramontremosa	@D353u
@ramontremosa	@darder_marc
@ramontremosa	@desferr
@ramontremosa	@despertaferro74
@ramontremosa	@dfertl
@ramontremosa	@ds0ms
@ramontremosa	@EduScissorhands
@ramontremosa	@efernandezo2010
@ramontremosa	@EnricCTbcn
@ramontremosa	@Eramvila
@ramontremosa	@Errmessenda
@ramontremosa	@escampaboires
@ramontremosa	@Eva_Luna7
@ramontremosa	@francescEG
@ramontremosa	@FrancJfarmo
@ramontremosa	@frgs1111
@ramontremosa	@FZueras
@ramontremosa	@gamarussa
@ramontremosa	@glovar07
@ramontremosa	@gosblau
@ramontremosa	@groig7
@ramontremosa	@Guatlleta
@ramontremosa	@Jaumetrek
@ramontremosa	@jcecatalunya
@ramontremosa	@JMPigui
@ramontremosa	@joandelhort
@ramontremosa	@JobSolans
@ramontremosa	@jorditarradas
@ramontremosa	@josep_salvado
@ramontremosa	@josep_tomas
@ramontremosa	@Josepmandreu
@ramontremosa	@josepmfarre
@ramontremosa	@jxufren
@ramontremosa	@kiwam74
@ramontremosa	@KurisuIzumi
@ramontremosa	@Laiaba28
@ramontremosa	@Laiapb
@ramontremosa	@Lluisales
@ramontremosa	@LluisR3
@ramontremosa	@ma2408
@ramontremosa	@malberi6
@ramontremosa	@maneldepoblesec
@ramontremosa	@manelmontesapi
@ramontremosa	@Marisa83861395
@ramontremosa	@marissa_prat
@ramontremosa	@marramiauuuuuu
@ramontremosa	@martaboixsan
@ramontremosa	@mashirito74
@ramontremosa	@mendrus1
@ramontremosa	@mercecomin
@ramontremosa	@mercsellars
@ramontremosa	@mikpb1
@ramontremosa	@MiquelFumanal
@ramontremosa	@miropi99
@ramontremosa	@mj_belt
@ramontremosa	@mmillanclosa
@ramontremosa	@mmontim
@ramontremosa	@motiuscat
@ramontremosa	@Motxi_CAT
@ramontremosa	@NaturaMaresme
@ramontremosa	@NeusPM1
@ramontremosa	@orchinchilla
@ramontremosa	@oskarchako
@ramontremosa	@Paraules
@ramontremosa	@PDeCATStQuirze
@ramontremosa	@PebrotsOmflats
@ramontremosa	@pepecasanovasr
@ramontremosa	@pgtorremorell1
@ramontremosa	@PilarGmezmarti2
@ramontremosa	@PilarRoigRuiz1
@ramontremosa	@PuellTeresa
@ramontremosa	@Quimoh
@ramontremosa	@ramontremosa
@ramontremosa	@RDBCat
@ramontremosa	@Riudemeia
@ramontremosa	@RocGarciaEliasC
@ramontremosa	@roger_vilanova
@ramontremosa	@RogerYoda
@ramontremosa	@romafdp
@ramontremosa	@rosa_bayot
@ramontremosa	@RosaRfarres61
@ramontremosa	@roserpascualser
@ramontremosa	@RueRamon
@ramontremosa	@Sadeser
@ramontremosa	@Salvathorium
@ramontremosa	@Samfaina
@ramontremosa	@SantiagoBotonet
@ramontremosa	@SanzVeciana
@ramontremosa	@Sergvar_
@ramontremosa	@SilviaT78
@ramontremosa	@talbts
@ramontremosa	@tonialba
@ramontremosa	@tusandra
@ramontremosa	@tvallory
@ramontremosa	@uuu_mia
@ramontremosa	@Viureaestocolm
@ramontremosa	@wellingtones
@ramontremosa	@XavierFiguls
@ramontremosa	@Xavipenya9
@ramontremosa	@xesco1967
@ramontremosa	@Xiricat
@RataDesletrada	@Albert_44062
@RataDesletrada	@Alsapla
@RataDesletrada	@ANCCiutatVella
@RataDesletrada	@Aniuska
@RataDesletrada	@antoniferrer48
@RataDesletrada	@avaristu
@RataDesletrada	@avia_bel
@RataDesletrada	@Balanet45
@RataDesletrada	@capgros4
@RataDesletrada	@carrillo_carme
@RataDesletrada	@CATaccio11
@RataDesletrada	@catalana2017
@RataDesletrada	@Catalonia1640
@RataDesletrada	@Cienita100
@RataDesletrada	@ConnorsGB
@RataDesletrada	@Cristin90070594
@RataDesletrada	@doctordinamo
@RataDesletrada	@elescombraire
@RataDesletrada	@ellobregat
@RataDesletrada	@estratosferic
@RataDesletrada	@eudaldrifa
@RataDesletrada	@f2008friends
@RataDesletrada	@Jfcovacs
@RataDesletrada	@Joangomezr
@RataDesletrada	@JordiBalot
@RataDesletrada	@josepcarrete
@RataDesletrada	@jsferrate
@RataDesletrada	@Juanitu_Jagger
@RataDesletrada	@juansrod1
@RataDesletrada	@karmaatB
@RataDesletrada	@kataklock
@RataDesletrada	@Kquim23
@RataDesletrada	@magdaoriap
@RataDesletrada	@MarcSerramia
@RataDesletrada	@Martiantonin
@RataDesletrada	@mcreus54
@RataDesletrada	@mercecomin
@RataDesletrada	@MiquelRoviraC
@RataDesletrada	@Miriam66chimeno
@RataDesletrada	@misterpause
@RataDesletrada	@MonMundialCat
@RataDesletrada	@MontseEscoda10
@RataDesletrada	@obulco2014
@RataDesletrada	@Poliol
@RataDesletrada	@QuinquillaNuria
@RataDesletrada	@RamonMoncunill
@RataDesletrada	@Ritxi_Witxi
@RataDesletrada	@sra_danvers
@RataDesletrada	@Ssuneb
@RataDesletrada	@tore51
@RataDesletrada	@tupitupitupi2
@RataDesletrada	@vilar18
@rcollb	@Vetera58
@RebelCatalana	@Angelbrau1
@RebelCatalana	@isabelbargallo1
@RebelCatalana	@loligonzalez68
@RebelinAluminio	@korocotta75
@ref1oct	@_amengual
@ref1oct	@_Dyos
@ref1oct	@_Foraster_
@ref1oct	@_Geltru
@ref1oct	@_marialeonardii
@ref1oct	@_Rert
@ref1oct	@_XaviBC
@ref1oct	@011064
@ref1oct	@0IrTE
@ref1oct	@0ltremare
@ref1oct	@113LUCAS
@ref1oct	@1197434
@ref1oct	@11teresa11
@ref1oct	@1304vimahu
@ref1oct	@1571dbed01d8458
@ref1oct	@1714Drac1714
@ref1oct	@1972jotabe
@ref1oct	@1riolboix
@ref1oct	@2002eligp
@ref1oct	@2017_wi__er
@ref1oct	@20g32
@ref1oct	@228ari
@ref1oct	@2begi
@ref1oct	@3v43v4
@ref1oct	@44pepm
@ref1oct	@622Arquitectura
@ref1oct	@797TSAMG
@ref1oct	@a_sunyer
@ref1oct	@aalbeert
@ref1oct	@aaltafaj
@ref1oct	@AAsensioP
@ref1oct	@abarberalluis
@ref1oct	@AbelloSanllehi
@ref1oct	@abelplana
@ref1oct	@aboreal_ag
@ref1oct	@abrilseg
@ref1oct	@abusquets59
@ref1oct	@acangros
@ref1oct	@AciD_MuSh_303
@ref1oct	@acidtome
@ref1oct	@acr2090
@ref1oct	@acrobatico67
@ref1oct	@adabasterrika
@ref1oct	@adanpereacivico
@ref1oct	@Admo_independe
@ref1oct	@adria_maya
@ref1oct	@Adria34
@ref1oct	@adriacarles
@ref1oct	@adriagalin
@ref1oct	@adriana_chikiti
@ref1oct	@AdriaRabassa
@ref1oct	@adriaxj8
@ref1oct	@adridelvescovo
@ref1oct	@aesux
@ref1oct	@aferranc
@ref1oct	@afora14
@ref1oct	@agcatala
@ref1oct	@Agnesmb3Marblau
@ref1oct	@agonza02
@ref1oct	@AguileraAngel
@ref1oct	@agustilluis
@ref1oct	@Aida_Cat
@ref1oct	@airmosso
@ref1oct	@aiturtxi
@ref1oct	@Aivancitu
@ref1oct	@AixoRutlla
@ref1oct	@al_berso
@ref1oct	@Al_loar
@ref1oct	@Alba_Alsina
@ref1oct	@alba_pueyo
@ref1oct	@albachan22
@ref1oct	@albaespilez
@ref1oct	@albafarrasp
@ref1oct	@albaGiro
@ref1oct	@albajuanola
@ref1oct	@albapayas
@ref1oct	@albarocaplans
@ref1oct	@albbieotero
@ref1oct	@alBEERtespinosa
@ref1oct	@albert_batista
@ref1oct	@Albert_El_Gran
@ref1oct	@albertAEPDA
@ref1oct	@albertamores
@ref1oct	@AlbertBalague
@ref1oct	@AlbertBalleste
@ref1oct	@AlbertCatafal
@ref1oct	@AlbertEsza
@ref1oct	@AlbertFarrerons
@ref1oct	@AlbertGil_
@ref1oct	@albertherrera67
@ref1oct	@Albertikuu
@ref1oct	@albertitu
@ref1oct	@AlbertLinaresG
@ref1oct	@ALBERTLLOP
@ref1oct	@AlbertLluc
@ref1oct	@albertlluchtw
@ref1oct	@AlbertMallorca
@ref1oct	@albertmas1
@ref1oct	@albertplcat
@ref1oct	@albertqq
@ref1oct	@AlbertRey72
@ref1oct	@alcudiel
@ref1oct	@aleixandols
@ref1oct	@AleixF19
@ref1oct	@alex_cusell
@ref1oct	@Alex_Mitja
@ref1oct	@alexa_hp
@ref1oct	@AlexandreEnrich
@ref1oct	@alexhaix
@ref1oct	@alexiap_alegre
@ref1oct	@alexlopez3836
@ref1oct	@alexmirromero
@ref1oct	@alexx_abos
@ref1oct	@alfons_godall
@ref1oct	@alfonsnic
@ref1oct	@alfonstr
@ref1oct	@aliciamolinas60
@ref1oct	@Almat49
@ref1oct	@almogaver14
@ref1oct	@Aln1983Navarro
@ref1oct	@alrega79
@ref1oct	@alripol95
@ref1oct	@Alrome
@ref1oct	@altpir
@ref1oct	@alvarez_neus
@ref1oct	@alxmurCAT
@ref1oct	@AMAIAML
@ref1oct	@AMAT_VIDAL
@ref1oct	@amata1974
@ref1oct	@ambceba
@ref1oct	@amicsprada
@ref1oct	@amirmar
@ref1oct	@Amolinernabe
@ref1oct	@AnaAnabrun
@ref1oct	@AnaBelenGomez
@ref1oct	@anahi_espinach
@ref1oct	@AnaRibasRoca
@ref1oct	@anatta1976
@ref1oct	@ANC_ArenysDMunt
@ref1oct	@ANC_Centelles
@ref1oct	@ANC_Manresa
@ref1oct	@ANCFCB
@ref1oct	@ANCNouBarris
@ref1oct	@ancsantcliment
@ref1oct	@ancSuisse
@ref1oct	@andoncia95
@ref1oct	@andresxvidal
@ref1oct	@Andreu91
@ref1oct	@AndreuMarchena
@ref1oct	@AndreuMart
@ref1oct	@AndreuPurroy
@ref1oct	@AndreuSenti
@ref1oct	@Andrew_cat92
@ref1oct	@aneach
@ref1oct	@anfosjorda
@ref1oct	@AngelaFrias5
@ref1oct	@angels_ep
@ref1oct	@Angels_LPH
@ref1oct	@AngelsOliva
@ref1oct	@angelssmh
@ref1oct	@angelsvj
@ref1oct	@angiepallerola
@ref1oct	@Aniuska
@ref1oct	@AnjelGartzia
@ref1oct	@anmargrau
@ref1oct	@anna_camps
@ref1oct	@annaalvado
@ref1oct	@ANNABARTOLL
@ref1oct	@annabrtgn
@ref1oct	@annabus75
@ref1oct	@AnnaCanalF
@ref1oct	@annaestanyol
@ref1oct	@AnnaFarre12
@ref1oct	@annafenoy
@ref1oct	@annafreixas1
@ref1oct	@AnnaGolSud
@ref1oct	@annalajara
@ref1oct	@AnnaLlop_
@ref1oct	@AnnaMar22873061
@ref1oct	@annameregallis
@ref1oct	@Annaod72
@ref1oct	@annap3
@ref1oct	@AnnaRosell83
@ref1oct	@annarovira1
@ref1oct	@AnoAnoAno9
@ref1oct	@antaviana79
@ref1oct	@Antifaxismoa
@ref1oct	@AntigonaKor
@ref1oct	@antoni_vidal
@ref1oct	@Antoniesteve
@ref1oct	@antoniferrer48
@ref1oct	@antoniomunyoz
@ref1oct	@Antonioorbea58
@ref1oct	@antonipostius
@ref1oct	@antseru
@ref1oct	@anuskas45
@ref1oct	@aolles
@ref1oct	@Apatxe365
@ref1oct	@apdgrano70
@ref1oct	@apm_mdt
@ref1oct	@Apocalypseghost
@ref1oct	@apsolana
@ref1oct	@APVzquez
@ref1oct	@AqllqPnsa
@ref1oct	@AquestFrederic
@ref1oct	@Ar_Fons
@ref1oct	@aracegea
@ref1oct	@ArakamiCat
@ref1oct	@ArantxaBrik
@ref1oct	@ARauret
@ref1oct	@Aravegana
@ref1oct	@ArcticSilver98
@ref1oct	@aribau1
@ref1oct	@AriSabroso
@ref1oct	@aritzeta
@ref1oct	@ArlequiBergant
@ref1oct	@ArmandIlla
@ref1oct	@armengolades
@ref1oct	@arnau_felip
@ref1oct	@arnau_martinez
@ref1oct	@arnau_olmos
@ref1oct	@ArnauBayes
@ref1oct	@arnaucerda
@ref1oct	@arnaucr1
@ref1oct	@arnaudeivissa
@ref1oct	@ArnauMayans
@ref1oct	@arnaunaui
@ref1oct	@arnaunauix
@ref1oct	@ARREL_DE_144
@ref1oct	@arrodriguez4599
@ref1oct	@ArtalGramunt
@ref1oct	@artemiswitch
@ref1oct	@artirene
@ref1oct	@arualgin
@ref1oct	@asdf_cesar
@ref1oct	@askari222
@ref1oct	@asoldevi
@ref1oct	@AsselaBP
@ref1oct	@Atharel
@ref1oct	@atorrelles79
@ref1oct	@averok
@ref1oct	@avinent
@ref1oct	@Axila_Lluminosa
@ref1oct	@BadiaJordi
@ref1oct	@BagariaJoan
@ref1oct	@BalagRuth
@ref1oct	@BalerTim
@ref1oct	@baltzaaxpe
@ref1oct	@bandreu
@ref1oct	@BarbadaraTOP
@ref1oct	@Barbara_pla
@ref1oct	@barberobet
@ref1oct	@Barcelona_1714
@ref1oct	@baronofperth
@ref1oct	@barratemple
@ref1oct	@barrieta84
@ref1oct	@BARSDAVID
@ref1oct	@basquetmanSBMB
@ref1oct	@BastardesAnna
@ref1oct	@BatlleRigau
@ref1oct	@BCEnric
@ref1oct	@BcnHipnotik
@ref1oct	@bcnlaporta
@ref1oct	@Belaroi
@ref1oct	@BeltheNassos
@ref1oct	@BenejamCarlos
@ref1oct	@Benet_210
@ref1oct	@Benjami82072689
@ref1oct	@bernatce
@ref1oct	@BernatGT
@ref1oct	@BernatJLM
@ref1oct	@BernattPujol
@ref1oct	@BernatTravis
@ref1oct	@berthramn
@ref1oct	@Betsy251092
@ref1oct	@bfgtgn
@ref1oct	@bicibona
@ref1oct	@bielblanco
@ref1oct	@BielSegui
@ref1oct	@biemingu9
@ref1oct	@Bio_Ge
@ref1oct	@Bistekh
@ref1oct	@bitxudamparrat
@ref1oct	@blaicasals
@ref1oct	@BlaugranaFan27
@ref1oct	@BleyMunoz
@ref1oct	@Blindonion2O
@ref1oct	@BndicteHauswir1
@ref1oct	@boaboa99
@ref1oct	@bochan74
@ref1oct	@BombersCCOO
@ref1oct	@BonastreBona
@ref1oct	@BonHoritzo
@ref1oct	@BonVent17
@ref1oct	@bori_not
@ref1oct	@boricua380
@ref1oct	@boujienn
@ref1oct	@brencinoemi
@ref1oct	@bricio_laura
@ref1oct	@brotodex
@ref1oct	@bruaigua68
@ref1oct	@Bruno_Yamek
@ref1oct	@bstrdds
@ref1oct	@BurgueraAlbert
@ref1oct	@C_TTME
@ref1oct	@cafeoleman
@ref1oct	@cafrdo
@ref1oct	@cajapandora0
@ref1oct	@CALICA78
@ref1oct	@calolmo
@ref1oct	@camideitaca
@ref1oct	@Cansatdetots
@ref1oct	@canxanet
@ref1oct	@capdegab
@ref1oct	@CaperaMarta
@ref1oct	@capgros4
@ref1oct	@capipota
@ref1oct	@CapitaCuc
@ref1oct	@CapRoma
@ref1oct	@CaptainHarlok2
@ref1oct	@car_gar_cadiz
@ref1oct	@carboms
@ref1oct	@carfra1965
@ref1oct	@cargolera
@ref1oct	@CarlaVi22
@ref1oct	@carles_fp
@ref1oct	@Carles871
@ref1oct	@carlesarmengol
@ref1oct	@Carlesbruf
@ref1oct	@CarlesCombarros
@ref1oct	@CarlesFdz
@ref1oct	@carlesmanjon
@ref1oct	@carlesmaso
@ref1oct	@CarlesPG1
@ref1oct	@CARLESTECLA
@ref1oct	@CarlosRivasFdez
@ref1oct	@carlosvallet
@ref1oct	@CarmanyDolors
@ref1oct	@carmealoy
@ref1oct	@carmeba49
@ref1oct	@CarmeFito
@ref1oct	@carmeflb
@ref1oct	@carmegasull
@ref1oct	@CARMENLOZANOLUI
@ref1oct	@carmetagr
@ref1oct	@carmetrn
@ref1oct	@CarreteroMarta
@ref1oct	@Carrosdefoc11
@ref1oct	@CasadFerran
@ref1oct	@CasimirCarreras
@ref1oct	@caso22roger
@ref1oct	@CAT_988_atp
@ref1oct	@CATaccio11
@ref1oct	@Catalonia1640
@ref1oct	@catals54
@ref1oct	@catalunya2016
@ref1oct	@CatEmprenyat
@ref1oct	@caticup25
@ref1oct	@catponent
@ref1oct	@Catroig
@ref1oct	@catyvall
@ref1oct	@CAUDELLUNA60
@ref1oct	@cbotey
@ref1oct	@cbsol1
@ref1oct	@CCaballeroUGT
@ref1oct	@ccQuebec
@ref1oct	@CCULLERE
@ref1oct	@CEC_cat
@ref1oct	@celesvillaverde
@ref1oct	@cerclecatalahis
@ref1oct	@cerdanna
@ref1oct	@cervera_jess
@ref1oct	@cesarmrtnz
@ref1oct	@CescGR
@ref1oct	@cescmanrique
@ref1oct	@cescmasdeu
@ref1oct	@Cesk_mm
@ref1oct	@Cesquinho
@ref1oct	@cfageda
@ref1oct	@cfustepe
@ref1oct	@Chanespineda
@ref1oct	@CharlesSampons
@ref1oct	@chaskanyawy
@ref1oct	@chemaestruch
@ref1oct	@chincho_ens
@ref1oct	@CHO_TOBU_YA
@ref1oct	@chuti45
@ref1oct	@ClarCatala
@ref1oct	@claudia_morera
@ref1oct	@clausalima
@ref1oct	@clickerpau
@ref1oct	@Clio_deries
@ref1oct	@clolhu
@ref1oct	@clorofilamaya
@ref1oct	@cmentxu
@ref1oct	@cmnoya60
@ref1oct	@cnogueira1988
@ref1oct	@ColauRos
@ref1oct	@CollectiuEmma
@ref1oct	@Collpons
@ref1oct	@collsuspina
@ref1oct	@coms8517
@ref1oct	@comte_arnau
@ref1oct	@ConxaRigual
@ref1oct	@cortsenc
@ref1oct	@CostaBravaToday
@ref1oct	@cotarelo_lorena
@ref1oct	@cpique29
@ref1oct	@cpr29
@ref1oct	@crac67
@ref1oct	@creixach
@ref1oct	@crespoxuspi
@ref1oct	@crevertebover
@ref1oct	@CrisLorca7
@ref1oct	@Cristiankta
@ref1oct	@Cristinacrisc
@ref1oct	@cristorami
@ref1oct	@Crupa_Helena
@ref1oct	@ctxdom
@ref1oct	@cucurullm
@ref1oct	@cuevasex
@ref1oct	@cumpanyer
@ref1oct	@CUPManlleu
@ref1oct	@cursinformatica
@ref1oct	@CValles67
@ref1oct	@cybermoloch
@ref1oct	@cyberpunkguy
@ref1oct	@DadfcbAngulo
@ref1oct	@Dan_SXH
@ref1oct	@dani_albiol
@ref1oct	@dani_mil4
@ref1oct	@dani_t_m
@ref1oct	@DaniBolea
@ref1oct	@danicfo
@ref1oct	@danielbenitez71
@ref1oct	@danielbetoret
@ref1oct	@danielvalls
@ref1oct	@danifollet
@ref1oct	@DaniMateu
@ref1oct	@danisanxo
@ref1oct	@DaniSarda65
@ref1oct	@danitaltavull
@ref1oct	@danivilaseca
@ref1oct	@dasantago
@ref1oct	@david_riure
@ref1oct	@davidasekes
@ref1oct	@davidbernalB2
@ref1oct	@DavidBonet10
@ref1oct	@DavidCarrio_
@ref1oct	@DavidDDMMCC
@ref1oct	@davidduran_cat
@ref1oct	@davidegea
@ref1oct	@davidhbp
@ref1oct	@DavidMZ1975
@ref1oct	@davidpuigv
@ref1oct	@DavidRevolta
@ref1oct	@davidsagarra
@ref1oct	@davidtecnic
@ref1oct	@DavidVargasMo
@ref1oct	@DavidXIGG
@ref1oct	@davidzehcnas
@ref1oct	@dcanadell
@ref1oct	@dcatala22
@ref1oct	@DCS_58
@ref1oct	@de_anguera
@ref1oct	@debovaluja
@ref1oct	@dedu_mc88
@ref1oct	@Deivid1714
@ref1oct	@deiviting
@ref1oct	@DeliaEstevez
@ref1oct	@deniscasajus
@ref1oct	@Der_Betrachter_
@ref1oct	@desferr
@ref1oct	@DeUrbin
@ref1oct	@Dew231973
@ref1oct	@dfertl
@ref1oct	@dguellc
@ref1oct	@DidacLopezVinas
@ref1oct	@DidacTort
@ref1oct	@dionis1970
@ref1oct	@diosnoexisto
@ref1oct	@diridamdiridu
@ref1oct	@divided23
@ref1oct	@djkram
@ref1oct	@DMG4657
@ref1oct	@doctordinamo
@ref1oct	@Dolors63
@ref1oct	@DolorsTorrelles
@ref1oct	@Domenecgf
@ref1oct	@DomenechCompte
@ref1oct	@dora_nicoletta
@ref1oct	@DOS_65
@ref1oct	@dpe1979j
@ref1oct	@dpuigs
@ref1oct	@Dr_J_Ullera
@ref1oct	@DraRubioMayol
@ref1oct	@Drehgestell
@ref1oct	@Dreuco
@ref1oct	@ds0ms
@ref1oct	@dspuig
@ref1oct	@dtorres_86
@ref1oct	@Duende_pepe
@ref1oct	@dulcevictoralex
@ref1oct	@dvbotet
@ref1oct	@dvcpros
@ref1oct	@dvdxato
@ref1oct	@E_Fontcuberta
@ref1oct	@eaj35
@ref1oct	@EbonyDawnMarsh
@ref1oct	@ecarasusan
@ref1oct	@echolost1
@ref1oct	@edgaralvbe
@ref1oct	@edgarberengena
@ref1oct	@edgarpima
@ref1oct	@EdimTubert
@ref1oct	@edu_kast
@ref1oct	@edu5811
@ref1oct	@eduardboada
@ref1oct	@eduardereza
@ref1oct	@eduardgalceran
@ref1oct	@eduardhv77
@ref1oct	@eduardviader
@ref1oct	@eduguardia
@ref1oct	@edurdopfn
@ref1oct	@eduthio
@ref1oct	@EEsquius
@ref1oct	@efbipi
@ref1oct	@eferbel
@ref1oct	@EGI_gipuzkoa
@ref1oct	@egraells
@ref1oct	@eihek
@ref1oct	@El_cen_pesos
@ref1oct	@el_cigalo
@ref1oct	@El_Foment
@ref1oct	@elboudevalls
@ref1oct	@Elemanel
@ref1oct	@Eleone_chan
@ref1oct	@ElGorbs
@ref1oct	@elia_rem
@ref1oct	@elies_carles
@ref1oct	@elirigolb
@ref1oct	@ElisaBiete
@ref1oct	@ElisendaE
@ref1oct	@elliotrg9
@ref1oct	@Ellorach
@ref1oct	@ElMacarrony
@ref1oct	@elnotawallace
@ref1oct	@Eloi_Vts
@ref1oct	@EloiNadal
@ref1oct	@eltorrat1
@ref1oct	@Elviraduranc
@ref1oct	@Elxiquetdesanfe
@ref1oct	@emdicsonia
@ref1oct	@Emparsn
@ref1oct	@enabesa
@ref1oct	@enbalmi
@ref1oct	@Enfandilada2012
@ref1oct	@EnfinFermin
@ref1oct	@Enric_Castellvi
@ref1oct	@enricgonzalo
@ref1oct	@enricruiz2011
@ref1oct	@EnricSabria
@ref1oct	@EnricSalaSerra1
@ref1oct	@enricsimo
@ref1oct	@ERCOsona
@ref1oct	@ERCsindical
@ref1oct	@erctaradell
@ref1oct	@ericviladrich
@ref1oct	@Eriic_95
@ref1oct	@ermengol10
@ref1oct	@ernestcentellas
@ref1oct	@errjey
@ref1oct	@escociamaxon
@ref1oct	@ESellart
@ref1oct	@ESKsindikatua
@ref1oct	@EsmucSepc
@ref1oct	@esparverat
@ref1oct	@espona_imma
@ref1oct	@espurna22
@ref1oct	@esteldealba1
@ref1oct	@esterbrunetv
@ref1oct	@EsterFranquesaB
@ref1oct	@estermelero
@ref1oct	@EsterRuEs
@ref1oct	@EsterSantacana
@ref1oct	@esteve_folch
@ref1oct	@Esteve67575199
@ref1oct	@esther0ramirez
@ref1oct	@esthereivissa
@ref1oct	@EstherGonzlezL2
@ref1oct	@EstherRovira67
@ref1oct	@Esthher1973
@ref1oct	@esticmoltagust
@ref1oct	@estirabot
@ref1oct	@eugeniaportet
@ref1oct	@EulaliaArnau
@ref1oct	@eulaliampuig
@ref1oct	@eurihori
@ref1oct	@Eva9977
@ref1oct	@EvaCarrerass
@ref1oct	@evaguillenhida1
@ref1oct	@evarist_sole
@ref1oct	@evatrpe
@ref1oct	@EvaV_AC
@ref1oct	@f_xsg
@ref1oct	@FAILderalisme
@ref1oct	@FaniGdll
@ref1oct	@farre_esteban
@ref1oct	@FarreAriadna
@ref1oct	@fcarles58
@ref1oct	@FelipPujol
@ref1oct	@fentelburro
@ref1oct	@fermota10
@ref1oct	@Fernandez_iudex
@ref1oct	@ferranba
@ref1oct	@ferranbarbara53
@ref1oct	@FerranClotet
@ref1oct	@ferrangilm
@ref1oct	@FerranGinebrosa
@ref1oct	@FerranMontardit
@ref1oct	@ferranq9
@ref1oct	@ferranrecuero
@ref1oct	@ferranses
@ref1oct	@ferrerquiel
@ref1oct	@fgsmsf
@ref1oct	@finacaballeria
@ref1oct	@finaiglesias
@ref1oct	@fjauma
@ref1oct	@FlaqueLluisa
@ref1oct	@FlashNoseCat
@ref1oct	@FlingFlax
@ref1oct	@flordeneu
@ref1oct	@florencicosb
@ref1oct	@focaiguaiterra
@ref1oct	@Folgenstein
@ref1oct	@fonsblank
@ref1oct	@font_ferres
@ref1oct	@Forovid
@ref1oct	@FotemElCamp_cat
@ref1oct	@Franayuso1
@ref1oct	@francbonet
@ref1oct	@Francesc_Forex
@ref1oct	@FrancescArbos
@ref1oct	@francescbarbero
@ref1oct	@FrancescConesa
@ref1oct	@francescmanya
@ref1oct	@francescsaigi
@ref1oct	@francescsule
@ref1oct	@francesctorres
@ref1oct	@francinanavarro
@ref1oct	@francisco109o
@ref1oct	@FranCOLOME
@ref1oct	@Franctrivial
@ref1oct	@frankiebbdj
@ref1oct	@Frankyxou
@ref1oct	@FranTarrats
@ref1oct	@freaking_gyb
@ref1oct	@FredericRoig
@ref1oct	@fredijosal
@ref1oct	@free_cat1899
@ref1oct	@FreeCat201x
@ref1oct	@freed4Catalonia
@ref1oct	@fricart
@ref1oct	@fsanchoteixido
@ref1oct	@FSanjoan
@ref1oct	@FundacioCEO
@ref1oct	@furabella
@ref1oct	@fursiu
@ref1oct	@fxgoic
@ref1oct	@g_carbo
@ref1oct	@G_Virgili
@ref1oct	@GaizkaLarranaga
@ref1oct	@ganocat_ogx
@ref1oct	@GarbiCat
@ref1oct	@garcia_remei
@ref1oct	@GarralonS
@ref1oct	@GarrellMarc
@ref1oct	@garzonxavier
@ref1oct	@gaso4
@ref1oct	@gatotrebol
@ref1oct	@gbelluda
@ref1oct	@GCoronat
@ref1oct	@GDEnMaia
@ref1oct	@GeEncLl
@ref1oct	@gemcaballol
@ref1oct	@gemma_mumbru
@ref1oct	@gemmag122
@ref1oct	@Gemmaimbernon
@ref1oct	@gemmamarcegm
@ref1oct	@GemmaPortero
@ref1oct	@gemmaq24
@ref1oct	@gempibo
@ref1oct	@gemsanguera
@ref1oct	@gen1gen2
@ref1oct	@gerard_GL_
@ref1oct	@GerardBiE
@ref1oct	@Gerardcasl
@ref1oct	@gerardfeliu
@ref1oct	@GerardMartnez2
@ref1oct	@gerardviladomat
@ref1oct	@GFornell
@ref1oct	@gibert_bernat
@ref1oct	@GilLlopart
@ref1oct	@gimbotronic
@ref1oct	@Gimferrer
@ref1oct	@Giwiki
@ref1oct	@Gloria_Pol
@ref1oct	@GloriaFontova
@ref1oct	@GloriaRD
@ref1oct	@GloriaSS2014
@ref1oct	@gloriavilaf
@ref1oct	@GNogareda
@ref1oct	@GoigLors
@ref1oct	@goitals
@ref1oct	@GonzalvoSilvia
@ref1oct	@Goto_Carajo
@ref1oct	@gpratsola
@ref1oct	@GraciaxINDP
@ref1oct	@granetti
@ref1oct	@Granollacs
@ref1oct	@gripaudcolorins
@ref1oct	@GT1600
@ref1oct	@Guanyarem2017
@ref1oct	@guasayan5
@ref1oct	@gudaricatala1
@ref1oct	@gudariweb
@ref1oct	@guelfa10
@ref1oct	@guellsabata
@ref1oct	@gueriowen
@ref1oct	@Guibogass
@ref1oct	@guillemcarol
@ref1oct	@guillemcastells
@ref1oct	@guillemcv
@ref1oct	@guillemh06
@ref1oct	@Guiller65495914
@ref1oct	@Guinedilda
@ref1oct	@GuitarMoni
@ref1oct	@gustems_ingrid
@ref1oct	@H00BS
@ref1oct	@h0rd4
@ref1oct	@hannahbcn1
@ref1oct	@HannahJudith61
@ref1oct	@HaroldTuckler
@ref1oct	@helenaxala
@ref1oct	@HelenLiLei
@ref1oct	@hisnamesbucky
@ref1oct	@hmiquelcp
@ref1oct	@HospiVandeANC
@ref1oct	@HumphreyDiuQue
@ref1oct	@i_blau
@ref1oct	@I_de_Yzaguirre
@ref1oct	@iacobusete
@ref1oct	@iagofolguera
@ref1oct	@IAIAHELENA
@ref1oct	@ibanbdn
@ref1oct	@iBarkero
@ref1oct	@icarlite
@ref1oct	@ICONNA1
@ref1oct	@iDrOj_BcN
@ref1oct	@iesmollet1oct
@ref1oct	@iforaster
@ref1oct	@igdxindp
@ref1oct	@ignasi_ventura
@ref1oct	@ignasicorral
@ref1oct	@ignasivich
@ref1oct	@IGORG60
@ref1oct	@IgorLlongueres
@ref1oct	@illes_medes
@ref1oct	@imcristinaprat
@ref1oct	@immacc78
@ref1oct	@immaferrer
@ref1oct	@immafovi
@ref1oct	@ImmaJoan
@ref1oct	@immamanresa
@ref1oct	@ImmaVila1
@ref1oct	@Imnotthatamy
@ref1oct	@impresionlineB
@ref1oct	@inbocat
@ref1oct	@independentcata
@ref1oct	@indepesCCOO
@ref1oct	@InformacioCat
@ref1oct	@inigo_thefirm
@ref1oct	@IntoMari
@ref1oct	@intxa
@ref1oct	@iolandagm
@ref1oct	@ipssalt
@ref1oct	@irenagi
@ref1oct	@IreneMaicasA
@ref1oct	@IreneMo10
@ref1oct	@irenevehi
@ref1oct	@irmacasals
@ref1oct	@isa_roor
@ref1oct	@ISAACBP_11
@ref1oct	@IsaacMorera
@ref1oct	@isabel01614762
@ref1oct	@IsabelF18576806
@ref1oct	@isabelitabla
@ref1oct	@isaiasrodritu
@ref1oct	@isartesania13
@ref1oct	@IsauraFern
@ref1oct	@Isinofos
@ref1oct	@isladegaby
@ref1oct	@Ismaeldelrioel
@ref1oct	@ISMVALSyR
@ref1oct	@isonewmusic
@ref1oct	@isra_pg
@ref1oct	@itacamanlleu
@ref1oct	@Itacant
@ref1oct	@iterre
@ref1oct	@itorrescusa15
@ref1oct	@IvanDC84
@ref1oct	@IvanSoriano_es
@ref1oct	@ivanvilloldo
@ref1oct	@ivonne22bcn
@ref1oct	@iyouwe007
@ref1oct	@J_Alex_Vega
@ref1oct	@J_Canalias
@ref1oct	@J_Masferrer
@ref1oct	@J_Roca_m
@ref1oct	@J0HNYB4S3
@ref1oct	@j0rs
@ref1oct	@JacintCasademon
@ref1oct	@Jackoman1407
@ref1oct	@jagv64
@ref1oct	@Jaimefpec
@ref1oct	@jairobalart
@ref1oct	@jalbalat
@ref1oct	@jalberticat
@ref1oct	@jalmacellas
@ref1oct	@jalterr
@ref1oct	@Jamie_Bcn
@ref1oct	@janat06
@ref1oct	@JanBarcino
@ref1oct	@jandagullana
@ref1oct	@JandroJaudi
@ref1oct	@jantongo
@ref1oct	@jarobi
@ref1oct	@jaume_pique
@ref1oct	@jaume1949
@ref1oct	@Jaume44935072
@ref1oct	@JaumeBarril
@ref1oct	@jaumebartolome
@ref1oct	@jaumebc
@ref1oct	@Jaumef12
@ref1oct	@jaumegasso
@ref1oct	@JaumeGirbau
@ref1oct	@jaumemitjans
@ref1oct	@jaumepalau5
@ref1oct	@jaumeramonsole
@ref1oct	@Jaumetraxx
@ref1oct	@jaumevallbona
@ref1oct	@jausanjun
@ref1oct	@JAVallbona
@ref1oct	@Javierdevillas1
@ref1oct	@jbasela
@ref1oct	@JBCaturla
@ref1oct	@jbhc10
@ref1oct	@jbofill7
@ref1oct	@jbrichsg
@ref1oct	@Jcamprup
@ref1oct	@jcasanellas01
@ref1oct	@JCOLL1965
@ref1oct	@jcomapos
@ref1oct	@jcosta_50
@ref1oct	@JEmiliRoig
@ref1oct	@jep_send
@ref1oct	@jepiswell
@ref1oct	@jepit63
@ref1oct	@jessicavilavila
@ref1oct	@jessimiaue
@ref1oct	@JessySnake
@ref1oct	@Jesus83075610
@ref1oct	@jfranket
@ref1oct	@jgalobart
@ref1oct	@JGasen
@ref1oct	@JGG_E
@ref1oct	@jgomisn
@ref1oct	@jiglesies1
@ref1oct	@JIMacia
@ref1oct	@jimnez_jon
@ref1oct	@jimyelgrande
@ref1oct	@jinomusicUK
@ref1oct	@JJbraso
@ref1oct	@JJPLCat
@ref1oct	@JJPPbcn
@ref1oct	@JLLGarciaS
@ref1oct	@Jmasdomi
@ref1oct	@jmbullichsj
@ref1oct	@jmforcadellroig
@ref1oct	@jmocu
@ref1oct	@jmreina
@ref1oct	@Jms_22_
@ref1oct	@jmserarols
@ref1oct	@jmustieles
@ref1oct	@jnogueg
@ref1oct	@Joan_MorantaB
@ref1oct	@Joan88204408
@ref1oct	@joanafarrera
@ref1oct	@joanagabarrof
@ref1oct	@joanaguardia
@ref1oct	@JoanB_CAT
@ref1oct	@JoanBragulat
@ref1oct	@joanbtwit
@ref1oct	@joanc29
@ref1oct	@joancaragones
@ref1oct	@joancguerrero
@ref1oct	@joanclario
@ref1oct	@JoanCT4W
@ref1oct	@joandeskarat
@ref1oct	@Joandlpc
@ref1oct	@Joanespelt
@ref1oct	@joangallardocol
@ref1oct	@joanm63
@ref1oct	@JoanMarcF
@ref1oct	@JoanMBusquets
@ref1oct	@joanmelo
@ref1oct	@JoanNavarro94
@ref1oct	@joanot56
@ref1oct	@JoanotColom
@ref1oct	@JoanPages7
@ref1oct	@JoanPortalCat
@ref1oct	@joansanchezpi
@ref1oct	@JoanSaranya
@ref1oct	@JoansotJordi
@ref1oct	@joaquim_sabate
@ref1oct	@joaquinagr
@ref1oct	@JofreCoca
@ref1oct	@jomajopa55
@ref1oct	@JoMarina55
@ref1oct	@jon_hall1971
@ref1oct	@JonathanLVera
@ref1oct	@JonBetaMax
@ref1oct	@jononcle
@ref1oct	@Jopelgrin
@ref1oct	@JordaFiter
@ref1oct	@jordi_calpe
@ref1oct	@jordi_de_Horta
@ref1oct	@jordi_duart
@ref1oct	@jordi_GGG
@ref1oct	@Jordi_Sureda_79
@ref1oct	@jordi_tolosa
@ref1oct	@Jordi_ZB
@ref1oct	@JordiAD_27
@ref1oct	@jordialmirall
@ref1oct	@JordiAuladell1
@ref1oct	@jordibesa
@ref1oct	@jordicabre
@ref1oct	@Jordicanal64
@ref1oct	@jordicanals
@ref1oct	@jordicasals
@ref1oct	@jordicentelles
@ref1oct	@Jordicentellesr
@ref1oct	@JordiCLR
@ref1oct	@JordiCorominasV
@ref1oct	@Jordicostelo
@ref1oct	@JordiCubalan
@ref1oct	@jordidemenorca
@ref1oct	@jordiDX
@ref1oct	@jordiet_19
@ref1oct	@JordiFontR
@ref1oct	@jordifortuny1
@ref1oct	@jordifranc
@ref1oct	@JordiGiros
@ref1oct	@Jordigrau83
@ref1oct	@jordiguixa
@ref1oct	@JordiMarrugat
@ref1oct	@JordiMartinezQu
@ref1oct	@JordiMigCos
@ref1oct	@JORDIMIRALPEIX
@ref1oct	@JordiMonne
@ref1oct	@JordiMurtro
@ref1oct	@JordinaEM
@ref1oct	@jordinapt
@ref1oct	@jordinoveno
@ref1oct	@JordInver
@ref1oct	@JordiPablo5
@ref1oct	@jordiprenafeta
@ref1oct	@jordirosell
@ref1oct	@JordiSalaCosp
@ref1oct	@JordiSerrallon1
@ref1oct	@jordivilar66
@ref1oct	@jordixtr
@ref1oct	@JordMcRope
@ref1oct	@jorgecirera
@ref1oct	@jorondino
@ref1oct	@jorpodcor
@ref1oct	@jorxx1964
@ref1oct	@josebagorordo
@ref1oct	@Joseotein
@ref1oct	@Josep_84
@ref1oct	@josep_capo
@ref1oct	@josep_rius
@ref1oct	@josep_tomas
@ref1oct	@josepalacid
@ref1oct	@JOSEPALEMANY3
@ref1oct	@Josepantongil
@ref1oct	@JosepArnan
@ref1oct	@JosepArnau
@ref1oct	@josepcapdevila
@ref1oct	@josepcarrete
@ref1oct	@josepcodinat
@ref1oct	@JosepGarciaCaro
@ref1oct	@josepjaume
@ref1oct	@josepjorge
@ref1oct	@JosepLlMartinez
@ref1oct	@joseplluissanch
@ref1oct	@JosepMariaDeop
@ref1oct	@JosepMariaOlive
@ref1oct	@josepmariatost
@ref1oct	@josepmendez78
@ref1oct	@josepmfarre
@ref1oct	@josepsausoles
@ref1oct	@joseptweet
@ref1oct	@josepvidala
@ref1oct	@josepwatermelon
@ref1oct	@joserobcas
@ref1oct	@josoclalola
@ref1oct	@jovesxindy
@ref1oct	@joxeanek
@ref1oct	@jpascualgil
@ref1oct	@jpiany
@ref1oct	@jplantalech
@ref1oct	@JRafe1
@ref1oct	@jrdprdprm
@ref1oct	@jrevaristo
@ref1oct	@jrosell67
@ref1oct	@jsolde
@ref1oct	@jsolerlopez
@ref1oct	@JTomasAcosta
@ref1oct	@juanbartumeu
@ref1oct	@JuanilloAlbret
@ref1oct	@JuanJ2708
@ref1oct	@juanlarraya
@ref1oct	@Juanmoragas
@ref1oct	@JuanRamonArnau
@ref1oct	@judit_ripoll
@ref1oct	@JuditDF
@ref1oct	@JudithFontcat
@ref1oct	@juditigualada
@ref1oct	@juditolalla
@ref1oct	@julia_francesc
@ref1oct	@Julia_Macushla
@ref1oct	@juliettta95
@ref1oct	@julio_032
@ref1oct	@jumatemi
@ref1oct	@JValldeperes
@ref1oct	@jvarro
@ref1oct	@Jvegaes
@ref1oct	@jvila31
@ref1oct	@JVilaAlsina
@ref1oct	@Kaesar14
@ref1oct	@KaesarCat
@ref1oct	@Kagigod
@ref1oct	@kaimaxi
@ref1oct	@kakyn21
@ref1oct	@KaliYuga13
@ref1oct	@kanelbolus
@ref1oct	@Kanigo64
@ref1oct	@karlillus
@ref1oct	@Karminuska
@ref1oct	@kelet88
@ref1oct	@kike_bcn
@ref1oct	@kikupipo
@ref1oct	@kiry_23
@ref1oct	@Kitus_
@ref1oct	@kiwipocfet
@ref1oct	@kolometapsg
@ref1oct	@konx78
@ref1oct	@korrecaminosbcn
@ref1oct	@kuanyinpeng
@ref1oct	@l_emigrant
@ref1oct	@L_Jaaf
@ref1oct	@La___Gertrudis
@ref1oct	@la_bicha_bola
@ref1oct	@la_cala
@ref1oct	@La_Coronela_
@ref1oct	@laaaaaaaaaaaau
@ref1oct	@lacasadelavall
@ref1oct	@lafotografica
@ref1oct	@laGalleda
@ref1oct	@laia400
@ref1oct	@Lainsua
@ref1oct	@lalibiosca
@ref1oct	@LaNiccaela
@ref1oct	@Larrocalla
@ref1oct	@lasandreta
@ref1oct	@LaSelenita
@ref1oct	@LaTralla
@ref1oct	@LauNualart
@ref1oct	@laura_lg24
@ref1oct	@laura9N
@ref1oct	@LaurabarrancoLb
@ref1oct	@LauraCendrs
@ref1oct	@LauraFlamarich
@ref1oct	@laurahualde15
@ref1oct	@laurajnigro
@ref1oct	@lauraMo28123311
@ref1oct	@LauraVe10093914
@ref1oct	@lausjord
@ref1oct	@LaXungaCPS
@ref1oct	@LaYeniGran
@ref1oct	@LeCommunard
@ref1oct	@lectorinformat
@ref1oct	@ledfusion
@ref1oct	@lenagali
@ref1oct	@LeniMontiel
@ref1oct	@Lespo_
@ref1oct	@leulvc
@ref1oct	@lewisblond
@ref1oct	@lexrodba
@ref1oct	@librosconalma
@ref1oct	@LidiaCalomardo
@ref1oct	@Lidiafm_11
@ref1oct	@lidiapeleja
@ref1oct	@lifesitu
@ref1oct	@Ligero4312
@ref1oct	@liniesvermelles
@ref1oct	@litxar
@ref1oct	@Lizacooker
@ref1oct	@lizievizie
@ref1oct	@llampalletes
@ref1oct	@LlatseEmili
@ref1oct	@Llibergencia
@ref1oct	@lliuresCAT
@ref1oct	@Lluc84
@ref1oct	@LlucPot
@ref1oct	@lluculldemolins
@ref1oct	@Lluis_Casas
@ref1oct	@Lluis_Ducet
@ref1oct	@lluis_upf
@ref1oct	@LLUISAGC
@ref1oct	@lluisanunez
@ref1oct	@LluisArbos1
@ref1oct	@lluisbiel
@ref1oct	@lluisboet
@ref1oct	@LluisDeMar
@ref1oct	@LluisFerres
@ref1oct	@LluisJBove
@ref1oct	@LluisMarco1
@ref1oct	@lluismiras_52
@ref1oct	@lluismundet
@ref1oct	@LluisRealKlein
@ref1oct	@LluisRiba
@ref1oct	@LluisRobres
@ref1oct	@LlurbaOlga
@ref1oct	@Lo_lateral
@ref1oct	@lo_mascarell
@ref1oct	@lobikoylonji
@ref1oct	@LolaVallromanes
@ref1oct	@loloolol_
@ref1oct	@lomerletsec
@ref1oct	@lonipnow
@ref1oct	@lorevestrella
@ref1oct	@loriot_jaune
@ref1oct	@lotiopep1
@ref1oct	@LozanoLluis
@ref1oct	@lpujadas
@ref1oct	@lsala66
@ref1oct	@LucksPolitics
@ref1oct	@luis_esfera
@ref1oct	@LuisaLyli
@ref1oct	@lulipepo1
@ref1oct	@luna42968947
@ref1oct	@Lunacatalunya
@ref1oct	@lupeBao
@ref1oct	@lurdesmir
@ref1oct	@lvallribera
@ref1oct	@lydiabaeza73
@ref1oct	@M_C_S1
@ref1oct	@m_llombart
@ref1oct	@m_mcasado
@ref1oct	@Maarc_Rius
@ref1oct	@MacbetCris
@ref1oct	@MacBlitzz
@ref1oct	@macnocke
@ref1oct	@MADAFACAT
@ref1oct	@madirolas85
@ref1oct	@Madonzilla
@ref1oct	@magdalaveca
@ref1oct	@mai_den_mai
@ref1oct	@maio32
@ref1oct	@Maiolbaraut
@ref1oct	@MaiolRdenas
@ref1oct	@MaionaK
@ref1oct	@maite_roco
@ref1oct	@maite_tgna
@ref1oct	@maite_verd
@ref1oct	@MaiteCorretja
@ref1oct	@MaiteIgnacioMir
@ref1oct	@maitema1973
@ref1oct	@MakimoMaximo
@ref1oct	@malberi6
@ref1oct	@mallerenga
@ref1oct	@Mallus_Malleus
@ref1oct	@ManCatalonia
@ref1oct	@mandreu6
@ref1oct	@manel_92
@ref1oct	@manel_martinezg
@ref1oct	@manelbustos
@ref1oct	@manelgallart
@ref1oct	@ManelGinesBiels
@ref1oct	@ManelSANCHOHERR
@ref1oct	@manelviladrich
@ref1oct	@Manoli90454576
@ref1oct	@manolohs
@ref1oct	@mantoncobos
@ref1oct	@ManuelEstrems
@ref1oct	@manuelpuigs
@ref1oct	@Mar5si
@ref1oct	@marc_aloy
@ref1oct	@Marc_Bm
@ref1oct	@marc_soles
@ref1oct	@MARC1886
@ref1oct	@marc96caballero
@ref1oct	@marcaparoca
@ref1oct	@MarcArbos
@ref1oct	@marcas85
@ref1oct	@Marcaslorza
@ref1oct	@MarcAV_
@ref1oct	@MarcAyala_
@ref1oct	@MarcBalanza
@ref1oct	@marccazador
@ref1oct	@marcdomenech13
@ref1oct	@MarcFdezCar
@ref1oct	@marcfontsere
@ref1oct	@marcfour72
@ref1oct	@MarcGGraupera
@ref1oct	@MarcGironesC
@ref1oct	@marci_talarn
@ref1oct	@MarcMaciaFarre
@ref1oct	@marcmmrr
@ref1oct	@marcnic0
@ref1oct	@marcossul
@ref1oct	@MarcP1979
@ref1oct	@marcportella
@ref1oct	@marcqueralt
@ref1oct	@marcriera80
@ref1oct	@marcrosich
@ref1oct	@marcrubio11
@ref1oct	@MarcTantinya
@ref1oct	@marcus_uf
@ref1oct	@MarcZurriaga
@ref1oct	@maria_malagrida
@ref1oct	@mariaarimany
@ref1oct	@MariaBatallaFer
@ref1oct	@mariadepalamos
@ref1oct	@MariaFdezCabre
@ref1oct	@MariaJOrozco1
@ref1oct	@MariaOlcina2
@ref1oct	@MariaOxbow
@ref1oct	@mariariam2
@ref1oct	@mariaroca87
@ref1oct	@MariaRuaix
@ref1oct	@MariaSabarts
@ref1oct	@MariaVinyets
@ref1oct	@MariaWeisz
@ref1oct	@maricbeltran
@ref1oct	@marina_jordan
@ref1oct	@marinapg78
@ref1oct	@Marinaqueral
@ref1oct	@marionaalberola
@ref1oct	@marionrustu
@ref1oct	@MarisaLrm
@ref1oct	@mark_masip89
@ref1oct	@Mark_Splash
@ref1oct	@markhamilton23
@ref1oct	@marmolfra
@ref1oct	@MarPlazasNe
@ref1oct	@marquitos_pagli
@ref1oct	@marramiauuuuuu
@ref1oct	@MarSegret
@ref1oct	@marta_gib
@ref1oct	@marta_olivares
@ref1oct	@martaaa282
@ref1oct	@MartaBelles33
@ref1oct	@martacanos
@ref1oct	@martaduesa
@ref1oct	@MartaMarfany
@ref1oct	@martapal_igd
@ref1oct	@martapol71
@ref1oct	@martaponse
@ref1oct	@Martaramos04
@ref1oct	@Martarubio20
@ref1oct	@MartaRubioP
@ref1oct	@MartaTolra
@ref1oct	@martidimauro
@ref1oct	@Martiinet
@ref1oct	@martin_m1996
@ref1oct	@martinetfcb
@ref1oct	@martiodriozola
@ref1oct	@martxoak3gogoan
@ref1oct	@MarViura
@ref1oct	@MarySarazola
@ref1oct	@Mas693
@ref1oct	@mascortF
@ref1oct	@Masferrer27
@ref1oct	@maslluis
@ref1oct	@masmi1714
@ref1oct	@MASSO1
@ref1oct	@Mater_audacia
@ref1oct	@Mauleta
@ref1oct	@max_granada
@ref1oct	@maxijoan
@ref1oct	@MayteLozanoRub1
@ref1oct	@mballesterov
@ref1oct	@mbosk1978
@ref1oct	@mbv72
@ref1oct	@mcalderonmirada
@ref1oct	@mcanosan
@ref1oct	@mcarmelopez49
@ref1oct	@mcmurdok
@ref1oct	@mcodinac
@ref1oct	@mcolladocatalan
@ref1oct	@mcpask
@ref1oct	@mdamare
@ref1oct	@melicalaf
@ref1oct	@melisort
@ref1oct	@merc_serra
@ref1oct	@merce_dmg
@ref1oct	@merce_padro
@ref1oct	@mercebellido
@ref1oct	@mercecomin
@ref1oct	@mercecusco
@ref1oct	@MercedesIniesta
@ref1oct	@mercerahola
@ref1oct	@Merchevita70
@ref1oct	@MercMir
@ref1oct	@MeriaCarrera
@ref1oct	@merifgrimal
@ref1oct	@Merinsn4
@ref1oct	@Merit_Orlando
@ref1oct	@MeritxellHuguet
@ref1oct	@mermaid_fr2000
@ref1oct	@MesTerrassa
@ref1oct	@met_74
@ref1oct	@meteopallars
@ref1oct	@mgalipont
@ref1oct	@mgrabuleda
@ref1oct	@mguellsegarra
@ref1oct	@mgustosycolores
@ref1oct	@miatarter
@ref1oct	@Micccro
@ref1oct	@MiCxIndep
@ref1oct	@Mike98Magic
@ref1oct	@Mikelrgr
@ref1oct	@mikelvives
@ref1oct	@milosin1
@ref1oct	@miquel_vidal
@ref1oct	@Miquelet_mataro
@ref1oct	@MiquelFumanal
@ref1oct	@MiquelMonfort
@ref1oct	@miquels57924
@ref1oct	@miquelsl
@ref1oct	@miramalindu
@ref1oct	@mirapersabadell
@ref1oct	@mireia_albiol
@ref1oct	@Mireia_SA
@ref1oct	@MireiaBosch
@ref1oct	@Mireiagalindo
@ref1oct	@mireiamartcat
@ref1oct	@mireiapumo
@ref1oct	@mireiasanz
@ref1oct	@mireiasubi
@ref1oct	@MirentxuJordana
@ref1oct	@Miret75
@ref1oct	@Miretexpoint
@ref1oct	@mirfitvi
@ref1oct	@Miriam66chimeno
@ref1oct	@miriammvinals
@ref1oct	@miropi99
@ref1oct	@MissNieve
@ref1oct	@mjdemari
@ref1oct	@MJosMerino
@ref1oct	@mjubany62
@ref1oct	@mku77
@ref1oct	@mmasllovet
@ref1oct	@mmoritz7066
@ref1oct	@MMPassarim
@ref1oct	@mncplns
@ref1oct	@MnicaMo38791452
@ref1oct	@mnk_bm_knm
@ref1oct	@molidelpont
@ref1oct	@moltdeleros
@ref1oct	@MoMiTo97163137
@ref1oct	@MongeMnica
@ref1oct	@monica_cullell
@ref1oct	@MonicaFerrerM
@ref1oct	@monicagilabertv
@ref1oct	@MonicaMana
@ref1oct	@monicesteve
@ref1oct	@monikambK
@ref1oct	@monimo0908
@ref1oct	@monsamga
@ref1oct	@montcatalan
@ref1oct	@MontellaAlbert
@ref1oct	@montfranc
@ref1oct	@Montse_C_P
@ref1oct	@montse_castella
@ref1oct	@montse_farres
@ref1oct	@montse_vilches
@ref1oct	@montseabello
@ref1oct	@Montsebch
@ref1oct	@montsecanals46
@ref1oct	@MontseCantinMas
@ref1oct	@montsecodina
@ref1oct	@MontseGarrell
@ref1oct	@montsembordonau
@ref1oct	@MontsenCat
@ref1oct	@MontseParonella
@ref1oct	@montseromer
@ref1oct	@montsetgn
@ref1oct	@monxefe
@ref1oct	@monzo_gemma
@ref1oct	@moooort
@ref1oct	@Morbatal
@ref1oct	@morellsau
@ref1oct	@mortana1714
@ref1oct	@Moscamascojoner
@ref1oct	@mosete5
@ref1oct	@motiuscat
@ref1oct	@MovEsquerresBCN
@ref1oct	@moxpuncat
@ref1oct	@mpalmada
@ref1oct	@mpalomerat
@ref1oct	@mpibernatc
@ref1oct	@MPuigderrajols
@ref1oct	@mqlangel
@ref1oct	@mrabell
@ref1oct	@Mriberamartinez
@ref1oct	@mrktns
@ref1oct	@mserrats
@ref1oct	@MTarradellas
@ref1oct	@mtdinares
@ref1oct	@MuntsaCuni
@ref1oct	@muxaineta
@ref1oct	@mvanderwaals
@ref1oct	@MVerdaga
@ref1oct	@Myshkinrogers
@ref1oct	@nabarlur
@ref1oct	@nalminana
@ref1oct	@Namorikos
@ref1oct	@nando_pn
@ref1oct	@nanisanchezmart
@ref1oct	@NarcisFeliu57
@ref1oct	@narushanks
@ref1oct	@NatachaCateuraC
@ref1oct	@Nataliadipp
@ref1oct	@Natdici
@ref1oct	@NaturaMaresme
@ref1oct	@Naturx_
@ref1oct	@Naves_bellvis
@ref1oct	@Naylacris78
@ref1oct	@Nedadora
@ref1oct	@Nefele61
@ref1oct	@Nefernit
@ref1oct	@Nekatur99
@ref1oct	@nereida_edo
@ref1oct	@nerone69
@ref1oct	@NerviosDeAcero1
@ref1oct	@nesi0404
@ref1oct	@neusmercader
@ref1oct	@NeusNogue
@ref1oct	@NeusPuigAmat
@ref1oct	@neusvilella
@ref1oct	@ngarde67
@ref1oct	@ngel_1471
@ref1oct	@NgeliRius
@ref1oct	@nguinovartg
@ref1oct	@ni1dea
@ref1oct	@NiicoDY
@ref1oct	@Nikewan
@ref1oct	@NinNinive
@ref1oct	@NinNuma
@ref1oct	@Nitzarel
@ref1oct	@nmatabosch
@ref1oct	@nmolinamorales
@ref1oct	@nndrea
@ref1oct	@noelliafcb
@ref1oct	@Noemi1_Rubio
@ref1oct	@noesasu
@ref1oct	@NogaredaJosep
@ref1oct	@Nohose
@ref1oct	@NoMesXoris
@ref1oct	@nomhocrec
@ref1oct	@normanmasia
@ref1oct	@nosmu72
@ref1oct	@notwhatsoever
@ref1oct	@Nr6d2
@ref1oct	@NriaSala3
@ref1oct	@NriaY
@ref1oct	@nriu8
@ref1oct	@NserraOsona
@ref1oct	@NukFlic
@ref1oct	@Nurcomajoan
@ref1oct	@Nuria_G_M
@ref1oct	@nuria_miquel
@ref1oct	@Nuriabonar
@ref1oct	@nuriabs88
@ref1oct	@NuriaEspuny
@ref1oct	@nuriarosell
@ref1oct	@Nurietablau
@ref1oct	@Nurilob
@ref1oct	@nyajilla
@ref1oct	@Nyamuses
@ref1oct	@Nyaulas
@ref1oct	@o0o_Liwy_o0o
@ref1oct	@Obeliscum
@ref1oct	@obffelius
@ref1oct	@odencazar
@ref1oct	@oepamies
@ref1oct	@oespadale
@ref1oct	@Oitoo09
@ref1oct	@OjalaMaria
@ref1oct	@okcatcat
@ref1oct	@OLDTINGAME
@ref1oct	@olerdolina
@ref1oct	@oletusbuevos
@ref1oct	@olgagcarrion
@ref1oct	@olgamineraina
@ref1oct	@olgamoyavng
@ref1oct	@OlgaPalahi
@ref1oct	@oliextra
@ref1oct	@olivellarj
@ref1oct	@OlorASocarrim
@ref1oct	@OmniumSabadell
@ref1oct	@ona_sea
@ref1oct	@onnlysmile_94
@ref1oct	@Oolgamm
@ref1oct	@opiqueb
@ref1oct	@Orferrib
@ref1oct	@Ori_vi
@ref1oct	@Oriol_Bdn
@ref1oct	@Oriol_Corral
@ref1oct	@Oriol_Gordo
@ref1oct	@oriolcruz
@ref1oct	@oriolil
@ref1oct	@oriolmoCAT
@ref1oct	@OriolParreno
@ref1oct	@oriolpiupiu
@ref1oct	@Oritc96
@ref1oct	@orqueria3
@ref1oct	@oscar1losada
@ref1oct	@oscarfuitos
@ref1oct	@oscarmm72
@ref1oct	@OscarMuS
@ref1oct	@oscarrgcat
@ref1oct	@oskarang10
@ref1oct	@oskarh71
@ref1oct	@OSupervia
@ref1oct	@OusxlDemocracia
@ref1oct	@pablangosto
@ref1oct	@PabloBa05
@ref1oct	@pablogmzdonoso
@ref1oct	@padrocatalan
@ref1oct	@pakusland
@ref1oct	@palans77
@ref1oct	@PAlguersuari
@ref1oct	@pallares_maria
@ref1oct	@PanGran
@ref1oct	@paquisoldado
@ref1oct	@Paredesr
@ref1oct	@ParesMorales
@ref1oct	@PartidoPodrido
@ref1oct	@passihobe
@ref1oct	@patidb71
@ref1oct	@Pau_cc
@ref1oct	@Pau_Vall
@ref1oct	@Pau14445945
@ref1oct	@paubloescobar
@ref1oct	@paucolell
@ref1oct	@PauFarinetes
@ref1oct	@pauguasch
@ref1oct	@PauimartaMontse
@ref1oct	@paumogasln
@ref1oct	@PbCarles
@ref1oct	@pcladelles
@ref1oct	@PDECATlanoguera
@ref1oct	@PDECATValls
@ref1oct	@PDemocrataMiR
@ref1oct	@Pdeperet
@ref1oct	@pdomenech1
@ref1oct	@PedroDelBosque2
@ref1oct	@pedrogarciaflo3
@ref1oct	@pedrolesteban
@ref1oct	@PedroMalz
@ref1oct	@peiretis
@ref1oct	@pep_estadella
@ref1oct	@pepcosta10
@ref1oct	@pepcosta8
@ref1oct	@PepEstepa
@ref1oct	@pepfruitos
@ref1oct	@pepkp
@ref1oct	@peplluis7
@ref1oct	@PepMuozayala1
@ref1oct	@pepRebula
@ref1oct	@PepTort11
@ref1oct	@PepxSole
@ref1oct	@pere_pc
@ref1oct	@PereBofill
@ref1oct	@perecatala10
@ref1oct	@perecortes48
@ref1oct	@pereforns
@ref1oct	@PereGr9
@ref1oct	@PereRV
@ref1oct	@Peret72118101
@ref1oct	@PereTP
@ref1oct	@PereZaBo63
@ref1oct	@perezalda
@ref1oct	@PerezBrevaJA
@ref1oct	@Periferia2015
@ref1oct	@PerisSabina
@ref1oct	@PerlaciaImma
@ref1oct	@peronelladarago
@ref1oct	@petardet
@ref1oct	@Petita00616241
@ref1oct	@peu_roig
@ref1oct	@pferrer9
@ref1oct	@pgandreu
@ref1oct	@PicapollBlanc
@ref1oct	@picotgarser81
@ref1oct	@pilarbertran64
@ref1oct	@PilarZubero
@ref1oct	@PileteJosefine
@ref1oct	@pili_porta
@ref1oct	@pilitgb
@ref1oct	@Piolin_fc
@ref1oct	@piracant6
@ref1oct	@PiRatadeBCN
@ref1oct	@pjubertm
@ref1oct	@PobleLliure_Mar
@ref1oct	@Polbs97
@ref1oct	@polrequesens
@ref1oct	@Polsame
@ref1oct	@pomesfi13
@ref1oct	@pony9271
@ref1oct	@portdelcompte
@ref1oct	@Pous
@ref1oct	@pplaniol
@ref1oct	@pregost
@ref1oct	@psantaeulalia
@ref1oct	@psicofarmacosno
@ref1oct	@ptorra
@ref1oct	@PueyoCarlos
@ref1oct	@PuigIsaac
@ref1oct	@puigromero
@ref1oct	@PujaltJ
@ref1oct	@PujolCinta
@ref1oct	@pujolxavi
@ref1oct	@Puta_Espanya
@ref1oct	@puyolism
@ref1oct	@pvallhonrat
@ref1oct	@PZepol
@ref1oct	@Qristinaperez
@ref1oct	@Quatrecantons
@ref1oct	@quelots
@ref1oct	@quepesatsoutots
@ref1oct	@quimgirbau
@ref1oct	@Quimi_Portet
@ref1oct	@quimisson
@ref1oct	@Quimoh
@ref1oct	@QuimRevi
@ref1oct	@quimrovira
@ref1oct	@QuimRVendrell
@ref1oct	@Quins_pebrots
@ref1oct	@r_wicca
@ref1oct	@RabalMaite
@ref1oct	@radgezito
@ref1oct	@RaimonDur
@ref1oct	@raimonpoves
@ref1oct	@Ramboide21
@ref1oct	@ramirp
@ref1oct	@ramon_ab
@ref1oct	@ramon_elena
@ref1oct	@ramonaladern
@ref1oct	@RamonAytes
@ref1oct	@RamonBalaguerll
@ref1oct	@ramonetros
@ref1oct	@ramonfontdevila
@ref1oct	@Ramonpoch
@ref1oct	@RamonSenyor
@ref1oct	@ramonternero
@ref1oct	@Rantanplan
@ref1oct	@raqdua
@ref1oct	@raquelfas
@ref1oct	@Raramuri1978
@ref1oct	@Rastacatjah
@ref1oct	@ratgs
@ref1oct	@raulcubos23
@ref1oct	@raurichm
@ref1oct	@RayanCha1
@ref1oct	@rcpuig94
@ref1oct	@rcusso
@ref1oct	@RDBCat
@ref1oct	@RealMiracle66
@ref1oct	@RebeldePequena
@ref1oct	@rebregat
@ref1oct	@RedKommissar
@ref1oct	@renoloko
@ref1oct	@Repicatruges1
@ref1oct	@republicano_71
@ref1oct	@resaperdre
@ref1oct	@RFARRES
@ref1oct	@rgallaca3
@ref1oct	@rgarrit
@ref1oct	@rgs_106
@ref1oct	@rhcisa
@ref1oct	@rhisiartcrowe
@ref1oct	@Ribas78
@ref1oct	@RicardCu
@ref1oct	@RicardLlopAltes
@ref1oct	@ricardvalero
@ref1oct	@rich_kararak
@ref1oct	@Riderman24h
@ref1oct	@rieravelasco
@ref1oct	@rierovic
@ref1oct	@riicard7
@ref1oct	@rijago
@ref1oct	@RiosgiroJosep
@ref1oct	@ritailg
@ref1oct	@Riudemeia
@ref1oct	@RKlebb
@ref1oct	@rmarquezsaez
@ref1oct	@RobertoGrac
@ref1oct	@RobertUrgeles
@ref1oct	@robertverge
@ref1oct	@RobertVilardebo
@ref1oct	@robfuste
@ref1oct	@RocaLongares
@ref1oct	@Rocket89P13
@ref1oct	@RocMonge
@ref1oct	@RocQuerol97
@ref1oct	@rogbernal4
@ref1oct	@roger_m_d
@ref1oct	@rogerbancells
@ref1oct	@RogerBarat
@ref1oct	@rogerbenach
@ref1oct	@rogerde_flor
@ref1oct	@RogerDonay
@ref1oct	@rogergguasch
@ref1oct	@rogermataro
@ref1oct	@rogermilego
@ref1oct	@rompicollone
@ref1oct	@Rooueta
@ref1oct	@rosa_msust
@ref1oct	@rosa_sari
@ref1oct	@Rosa00459601
@ref1oct	@rosaburriel
@ref1oct	@RosaGambin
@ref1oct	@RosaGiralt
@ref1oct	@RosaMalagarriga
@ref1oct	@rosamariallm
@ref1oct	@RosamariVS
@ref1oct	@rosamassaguer
@ref1oct	@rosamorla
@ref1oct	@rosayue
@ref1oct	@RosellGuillem
@ref1oct	@RoselloCristian
@ref1oct	@Roser_Angrill
@ref1oct	@roseralegre
@ref1oct	@roserblasco
@ref1oct	@RoserFlorit
@ref1oct	@RoserGuixa
@ref1oct	@roserota
@ref1oct	@RosesNegres
@ref1oct	@rosmat14
@ref1oct	@rotondadeponts
@ref1oct	@RouresHD
@ref1oct	@Rras58
@ref1oct	@rs_jordi
@ref1oct	@ruben_arola
@ref1oct	@rubengc11
@ref1oct	@Ruc_Miralpeix
@ref1oct	@Rudolph81Bcn
@ref1oct	@Rupirtuitant
@ref1oct	@rutx11
@ref1oct	@ruxapaluxa
@ref1oct	@S_s_e_r_R
@ref1oct	@s_valls
@ref1oct	@sagal62
@ref1oct	@salamandrak
@ref1oct	@saltxind
@ref1oct	@salutvilaro
@ref1oct	@salva_nv
@ref1oct	@SalvadorTorras1
@ref1oct	@salvatross
@ref1oct	@SamuelFerrando
@ref1oct	@Sandbet
@ref1oct	@SandraTorrentCo
@ref1oct	@sanfhijazo
@ref1oct	@Sanjosexmusic
@ref1oct	@sanscarles
@ref1oct	@SantiGil61
@ref1oct	@sara_judit
@ref1oct	@sara_mauri
@ref1oct	@saragilllo
@ref1oct	@SaraLozano97
@ref1oct	@Sargas01
@ref1oct	@SauraEkata
@ref1oct	@sazuyasu
@ref1oct	@sbrundelloret
@ref1oct	@Schweickart
@ref1oct	@SCMuro
@ref1oct	@SCouxam
@ref1oct	@SDAC84
@ref1oct	@sdelgadoaros
@ref1oct	@sei_casa
@ref1oct	@Semtexx_yt
@ref1oct	@sensenom2011
@ref1oct	@Seny_i_rauxa
@ref1oct	@Senyora_Macia
@ref1oct	@SepiaVoladora
@ref1oct	@serav_bcn123
@ref1oct	@Sercrack
@ref1oct	@seremlliures
@ref1oct	@sergeyrag
@ref1oct	@sergi_asen
@ref1oct	@sergi_cat__
@ref1oct	@sergi_lliure
@ref1oct	@sergi_opi
@ref1oct	@Sergi7Alemany
@ref1oct	@sergigarflo
@ref1oct	@SergiHernandezP
@ref1oct	@serginock
@ref1oct	@Sergipasq
@ref1oct	@sergipich
@ref1oct	@sergisas3
@ref1oct	@SergiTarres
@ref1oct	@sergivazq
@ref1oct	@serpepiot
@ref1oct	@serradell_luis
@ref1oct	@sherrybbc
@ref1oct	@Siatot
@ref1oct	@silblagel
@ref1oct	@silvia__scf
@ref1oct	@silvia_pla
@ref1oct	@SilviaArgudo
@ref1oct	@Silviagalo
@ref1oct	@SilviaTuya
@ref1oct	@silvicandel
@ref1oct	@sinapellidoscat
@ref1oct	@siraturigasvila
@ref1oct	@SirQalimer
@ref1oct	@SiscuPereira
@ref1oct	@SisoMako
@ref1oct	@sisondeta
@ref1oct	@siuranafree
@ref1oct	@skyme32
@ref1oct	@smiejka
@ref1oct	@smujal
@ref1oct	@sobekinefer
@ref1oct	@socialistesxSI
@ref1oct	@socjsn
@ref1oct	@SoLDe_
@ref1oct	@Soldevila_Jordi
@ref1oct	@Soldevilajr
@ref1oct	@soler_toni
@ref1oct	@SoloCuandoMeRio
@ref1oct	@soltramengual
@ref1oct	@soniamasmarti
@ref1oct	@SONIAPETI
@ref1oct	@SonrisaLab
@ref1oct	@sotoarmengol
@ref1oct	@spinturn62
@ref1oct	@Splth32
@ref1oct	@sprite_rlp
@ref1oct	@srgaparicio
@ref1oct	@ss72z
@ref1oct	@sserranoalarcon
@ref1oct	@ssimonvernet
@ref1oct	@Stereo_24
@ref1oct	@STOELZAED
@ref1oct	@stoynoconectado
@ref1oct	@sucervello
@ref1oct	@Suffragium_cat
@ref1oct	@sunyeta
@ref1oct	@supercatalunya
@ref1oct	@Sus_pire
@ref1oct	@SusagnaRoura
@ref1oct	@Susanab99877125
@ref1oct	@SusanaGimenezPa
@ref1oct	@sust_m
@ref1oct	@sustercero
@ref1oct	@Sweeet83
@ref1oct	@sxarrie
@ref1oct	@synobazz
@ref1oct	@TabbyArchySix
@ref1oct	@talbts
@ref1oct	@taxisigualada
@ref1oct	@Tecnovideobooks
@ref1oct	@TeeDa5h
@ref1oct	@Teiro84
@ref1oct	@TeoAtsek
@ref1oct	@teresanogueron
@ref1oct	@teresaprous
@ref1oct	@tereserarg
@ref1oct	@terevi62
@ref1oct	@tesms60ms
@ref1oct	@thefamedtm
@ref1oct	@thinkcatalonia
@ref1oct	@thisisjaume
@ref1oct	@tirant_el_blanc
@ref1oct	@tomasmagnumpi
@ref1oct	@TomasRubioSalas
@ref1oct	@tomeu_rf
@ref1oct	@toni_florido
@ref1oct	@toni_pv
@ref1oct	@ToniCarcole
@ref1oct	@ToniMasanes
@ref1oct	@tonimaso
@ref1oct	@ToniRodrguez
@ref1oct	@Tony_Orcha
@ref1oct	@Tordaria
@ref1oct	@TorderaM
@ref1oct	@TorresLluisa
@ref1oct	@Totilopez79
@ref1oct	@tpb_mari
@ref1oct	@tractonico
@ref1oct	@TreborAsor
@ref1oct	@Trencalos_PPCC
@ref1oct	@tres_d_novembre
@ref1oct	@triciagan1
@ref1oct	@triutoya
@ref1oct	@ttipilekitto
@ref1oct	@tunisocatala
@ref1oct	@TurneMartiOct
@ref1oct	@Turquezo
@ref1oct	@txaliocat
@ref1oct	@txantxan
@ref1oct	@txearana
@ref1oct	@txell1976
@ref1oct	@Txellbellostes
@ref1oct	@txelleta94
@ref1oct	@txellfontanet
@ref1oct	@Txellreg
@ref1oct	@txiringita
@ref1oct	@txus_1981
@ref1oct	@txustice
@ref1oct	@typhon7
@ref1oct	@UGJaume
@ref1oct	@ulexi
@ref1oct	@UnaCambraPropia
@ref1oct	@Uri84sbd
@ref1oct	@UriAguilera
@ref1oct	@uricanalias
@ref1oct	@UriCarmela
@ref1oct	@Uricat29
@ref1oct	@UriSala20
@ref1oct	@urivinyoles
@ref1oct	@urpiazu
@ref1oct	@urrutiacalafp
@ref1oct	@ValentMV65
@ref1oct	@valenvmm
@ref1oct	@valeriagaillard
@ref1oct	@ValkSan
@ref1oct	@valldellobregos
@ref1oct	@vallmy
@ref1oct	@valverdesocute
@ref1oct	@vaskostf
@ref1oct	@vbellveridalmau
@ref1oct	@vcc1977
@ref1oct	@vconill
@ref1oct	@VctorFernndez5
@ref1oct	@vengadoresami
@ref1oct	@Veronic40630547
@ref1oct	@VHisado
@ref1oct	@vicenslozano
@ref1oct	@VichIgnasi
@ref1oct	@victor_rimbau
@ref1oct	@victoracedoma
@ref1oct	@victorbarcelona
@ref1oct	@victorgmiranda
@ref1oct	@vicxewi
@ref1oct	@vigilant_cat
@ref1oct	@vila_sergi
@ref1oct	@vilherda
@ref1oct	@villa_soviet
@ref1oct	@Villarato
@ref1oct	@villenafg
@ref1oct	@virgi71
@ref1oct	@ViuEnCatala
@ref1oct	@viviborilla
@ref1oct	@voltesivoltes
@ref1oct	@Vonthoma1
@ref1oct	@Votar32456286
@ref1oct	@votarvotarem
@ref1oct	@vrodriguezmu
@ref1oct	@vruset
@ref1oct	@walescabrera2
@ref1oct	@WG203B
@ref1oct	@WillyPanta
@ref1oct	@Wittgenstein_jm
@ref1oct	@x_tic
@ref1oct	@x_vase
@ref1oct	@xacasc
@ref1oct	@xagago
@ref1oct	@Xavi_Ferrer
@ref1oct	@Xavi_Pe
@ref1oct	@Xavi_RibesCalvo
@ref1oct	@XaviCuBu
@ref1oct	@xavier124
@ref1oct	@XavierBiC
@ref1oct	@xaviercatal
@ref1oct	@xaviercruzado
@ref1oct	@xavierginesta
@ref1oct	@XavierGonMan
@ref1oct	@XavierHN
@ref1oct	@XavierMolero
@ref1oct	@xaviervilaplana
@ref1oct	@xavigarciamecom
@ref1oct	@XaviGranollers
@ref1oct	@xaviharillo
@ref1oct	@xavijimenezsans
@ref1oct	@xavimabril1
@ref1oct	@xavinoro
@ref1oct	@xavipinol
@ref1oct	@xavipu6
@ref1oct	@xbatlle
@ref1oct	@xboschc
@ref1oct	@Xcb68
@ref1oct	@xebit
@ref1oct	@xecspir
@ref1oct	@XeniaBusse
@ref1oct	@xeniagt
@ref1oct	@xeta76
@ref1oct	@Xeviji
@ref1oct	@xevipuix
@ref1oct	@XeviPujol
@ref1oct	@xispadekuada
@ref1oct	@Xisto081Ethan
@ref1oct	@XLlFS
@ref1oct	@xomit7
@ref1oct	@XPadrissa
@ref1oct	@xribaa
@ref1oct	@xriberaa
@ref1oct	@xsabat
@ref1oct	@XSaumell
@ref1oct	@xulldemolins
@ref1oct	@xurrasku
@ref1oct	@xusrry
@ref1oct	@Xuvi77
@ref1oct	@YckJoanPetit
@ref1oct	@yerayllinares
@ref1oct	@ynnatge
@ref1oct	@Yolanda53410548
@ref1oct	@yordipal
@ref1oct	@YuntaElena
@ref1oct	@yuzpep
@ref1oct	@zaitxo
@ref1oct	@ZipRobot
@ref1oct	@ziuziole
@ref1oct	@zulobeltz
@ref1oct	@ZzCatcher
@rieravives	@canjaumebarcelo
@rieravives	@cbonaventura
@rieravives	@guellsabata
@rieravives	@malberi6
@rieravives	@montserumbau
@rieravives	@patri_busquets
@rieravives	@sdelgadoaros
@rieravives	@ubagoparados
@RKlebb	@AriadnaVerniol
@RKlebb	@carmealdana
@RKlebb	@CuberoLuis
@RKlebb	@davidberga
@RKlebb	@desfocat
@RKlebb	@doctordinamo
@RKlebb	@dvocat
@RKlebb	@eiaortiz
@RKlebb	@electrilisto
@RKlebb	@elia_rem
@RKlebb	@Enrenart
@RKlebb	@esteve_folch
@RKlebb	@FadaEstel
@RKlebb	@Georsic
@RKlebb	@HildegardaVon
@RKlebb	@joanmarsellach
@RKlebb	@JosepMmm
@RKlebb	@LEUTERIU
@RKlebb	@Mallus_Malleus
@RKlebb	@MariaPoppins
@RKlebb	@Marquisreloaded
@RKlebb	@namesvullvotar
@RKlebb	@patufa_ses
@RKlebb	@PiRatadeBCN
@RKlebb	@Poliol
@RKlebb	@Ralph_Sabadell
@RKlebb	@RebeketaPelFred
@RKlebb	@SonrisaLab
@RKlebb	@SSoliguer
@RKlebb	@txearana
@RKlebb	@txodi
@RKlebb	@usedgomac
@RKlebb	@vilar18
@RKlebb	@xesc_cia
@RKlebb	@xpuig79
@rlopezct	@Acrata55
@Robertmmolina	@hyperballad04
@robertverge	@XaviCuBu
@Roger_CdV	@ERCClotVerneda
@RogerA_M	@Artichauts
@RogerA_M	@omniumgracia
@RogerA_M	@ycrepeau
@rogergguasch	@xayala1978
@RogerSaperas	@torriitos
@RogerYoda	@juliangrau
@romaiiiiinfr	@josepcapdevila
@Roninestudi	@filesergi
@RosaGambin	@JoanRubioBarris
@RosaGambin	@jorrdirrobert
@roservilallonga	@MireiaTe
@ruedajordi	@jordixyoli
@saltxind	@OassisFriend
@sandraintheam	@goalscelo
@sandrixcor	@josep0403
@sangculeoficial	@sangculeoficial
@sanssergi	@Guillem159
@SantsEnComu	@f2794120e7d24e1
@sara_batalla	@mobile_vendas
@SaraLozano97	@neuscalafell
@SBenaiges	@lluciussarnosus
@SBenaiges	@murri1972
@sergi_meduza	@treballadors
@sergibcn1200	@basivaquerizo
@sergicaldes	@danisanxo
@sergicaldes	@JoanEixi86
@sergicaldes	@Jordigarolera
@sergicaldes	@marceldecaldes
@sergicaldes	@refArbucies
@sergicaros	@The_Band_Olers
@sergiERCcps	@Merchevita70
@sergiERCcps	@soniqueman
@SergiRivero	@almogaver21
@SergiRivero	@buelbir
@SergiRivero	@Cristin90070594
@SergiRivero	@francescribas
@SergiRivero	@JudithFontcat
@SergiRivero	@martalagrana
@SergiRivero	@pekpep
@SergiRivero	@pepestelle
@SergiRivero	@rampinyator
@SergiRivero	@RogerSampietro
@SergiRivero	@silvicandel
@SergiRivero	@UGJaume
@sesipuig	@annaloogica
@sesipuig	@GuillemPocaPor
@silencis_mf	@massimo3651
@siliker	@maximors63
@siliker	@NeferNefer_13
@SilsdelaSelva	@s_circulo
@silvia_mur	@pepus0ne
@SindicaEstudian	@CGTPuenteRomano
@SindicaEstudian	@DavidDavidtros
@SindicaEstudian	@EliXucla
@SindicaEstudian	@jdubspear
@SindicaEstudian	@rodriguezamorin
@SindicaEstudian	@rojodelsur1
@SindicaEstudian	@tinogomez1
@SindicaEstudian	@Txantxangorri
@sinheira	@omorenobexo
@Siscu_Alvira	@antoniomunyoz
@SitaSP	@monsamga
@SitaSP	@oskarh71
@SMunne	@adriabcn
@SMunne	@alba_alr
@SMunne	@ferran2val
@SMunne	@Jenn_hypatia
@SnpCatalonia	@1714Drac1714
@SnpCatalonia	@CollectiuEmma
@SnpCatalonia	@DearMeYes
@SnpCatalonia	@EnneiradReklaw
@SnpCatalonia	@Espera1000
@SnpCatalonia	@lynne_2003
@SnpCatalonia	@Marie_de_France
@SnpCatalonia	@ndls61
@SnpCatalonia	@paddyba
@SnpCatalonia	@vullvotarja
@soc_cat	@antoniferrer48
@soccristinasanz	@auroreta68
@soccristinasanz	@huguet_gabriel
@soccristinasanz	@OmniumVOriental
@SocialismexCAT	@socialistesxSI
@SocialistesIndC	@alfonsvo
@SocialistesIndC	@CocoCoco1714
@SocialistesIndC	@Der_Betrachter_
@SocialistesIndC	@ediar
@SocialistesIndC	@joanvendrellg
@SocialistesIndC	@laculefeliz
@SocialistesIndC	@nitrogaycerina
@SocialistesIndC	@Toninozzr
@socmarta	@RicardCu
@SomBellvitge	@AltreHospiSmou
@SomBellvitge	@ANCLHospitalet
@SomBellvitge	@anna_ferpe
@SomBellvitge	@Barri75
@SomBellvitge	@Chelu68
@SomBellvitge	@Indepe_a_LH
@SomBellvitge	@ismydecember
@SomBellvitge	@JordiPom
@SomBellvitge	@JordiS_LH
@SomBellvitge	@JudithJBn
@SomBellvitge	@lh_jordi
@SomBellvitge	@mcdelafuente
@SomBellvitge	@mosnicatv
@SomBellvitge	@pepadomingo
@SomBellvitge	@RubenCasellas
@SomBellvitge	@tarongesdenavel
@SomBellvitge	@ToniLao17
@SrLluisTomas	@edudiaz
@SrToshi	@andrac52
@SrToshi	@anem1714
@SrToshi	@jartur09
@SrToshi	@r_ribas_g
@SrToshi	@RieraMoni
@StanisZamora	@reviax33
@STV_e3	@carmeba49
@STV_e3	@higinih
@STV_e3	@Patordi
@sumate_asoc	@Aannamartin
@sumate_asoc	@abo_quero
@sumate_asoc	@abraxasrss
@sumate_asoc	@AdriaAlert
@sumate_asoc	@AidaGuidus
@sumate_asoc	@Anbeba7171
@sumate_asoc	@ANC_Vila_rodona
@sumate_asoc	@angelsclotet
@sumate_asoc	@angelssmh
@sumate_asoc	@arestubau
@sumate_asoc	@Biorebeca
@sumate_asoc	@booktubemania
@sumate_asoc	@Carles_bih
@sumate_asoc	@CarmeCots
@sumate_asoc	@cat_perseguida
@sumate_asoc	@crissansem
@sumate_asoc	@daiancita2004
@sumate_asoc	@desferr
@sumate_asoc	@distrijoan
@sumate_asoc	@divapiti
@sumate_asoc	@doctorslum75
@sumate_asoc	@Dolors63
@sumate_asoc	@ElGorbs
@sumate_asoc	@ErasFeliu
@sumate_asoc	@ERC_Badia
@sumate_asoc	@ERCpm
@sumate_asoc	@errjey
@sumate_asoc	@es_esteve
@sumate_asoc	@estemon
@sumate_asoc	@ferbafa
@sumate_asoc	@filog3
@sumate_asoc	@focaiguaiterra
@sumate_asoc	@groig7
@sumate_asoc	@Gruxanta
@sumate_asoc	@guillemfe
@sumate_asoc	@i_llus
@sumate_asoc	@ignasicorral
@sumate_asoc	@isa_roor
@sumate_asoc	@jaumecoy
@sumate_asoc	@jbrunetj
@sumate_asoc	@jcecatalunya
@sumate_asoc	@jepjepus
@sumate_asoc	@jfba1975
@sumate_asoc	@Jmbr2000
@sumate_asoc	@Joanievaa
@sumate_asoc	@JoanMaria3
@sumate_asoc	@JoanMayolGibert
@sumate_asoc	@JordiPotaroig
@sumate_asoc	@jorditb60
@sumate_asoc	@jpp902s2
@sumate_asoc	@jrodriguEZFilba
@sumate_asoc	@kel100a
@sumate_asoc	@Ktisis
@sumate_asoc	@lisengfp
@sumate_asoc	@LUISNARO
@sumate_asoc	@LVDGAVA
@sumate_asoc	@M_BrokenLeg
@sumate_asoc	@magdalaveca
@sumate_asoc	@margaclof
@sumate_asoc	@marissa_prat
@sumate_asoc	@Merchevita70
@sumate_asoc	@mmillanclosa
@sumate_asoc	@molidelpont
@sumate_asoc	@mtorresxxl
@sumate_asoc	@neusblascoboyer
@sumate_asoc	@nguinovartg
@sumate_asoc	@Nil_AG1
@sumate_asoc	@Ninwa82
@sumate_asoc	@NoemRodrguezRaj
@sumate_asoc	@nstlbcn
@sumate_asoc	@nuarce
@sumate_asoc	@oriolmoCAT
@sumate_asoc	@pallares_maria
@sumate_asoc	@pau_brusi
@sumate_asoc	@picotgarser81
@sumate_asoc	@pintenyo82
@sumate_asoc	@RamonSenyor
@sumate_asoc	@RaOlJuMaJa
@sumate_asoc	@RDBCat
@sumate_asoc	@Rras58
@sumate_asoc	@talentOOs
@sumate_asoc	@tallarinamarina
@sumate_asoc	@tonialba
@sumate_asoc	@ToniQuique
@sumate_asoc	@TSivatte
@sumate_asoc	@XantalPadrosa
@sumate_asoc	@xesco1967
@sumate_asoc	@xevipb
@sumate_asoc	@ZanuyMunn
@Surutillo	@lou_galpe
@sussergaz	@Guillemao
@sussergaz	@malpika53
@SxMreferendum	@1983Sergi
@SxMreferendum	@ANC_llengua
@SxMreferendum	@AnnaVicente5
@SxMreferendum	@arnauart
@SxMreferendum	@ateneuhosta
@SxMreferendum	@AVallcarca
@SxMreferendum	@BCNxlaIND
@SxMreferendum	@Chupimikinet
@SxMreferendum	@comptesnosurten
@SxMreferendum	@cupsants
@SxMreferendum	@EnricLloret
@SxMreferendum	@francesc130
@SxMreferendum	@GraciaxINDP
@SxMreferendum	@joanmramjav
@SxMreferendum	@JordiSolaFerrer
@SxMreferendum	@jumarta8
@SxMreferendum	@laBurxa
@SxMreferendum	@lagoodseny
@SxMreferendum	@ldelgadosalcedo
@SxMreferendum	@Lior_Mastejn
@SxMreferendum	@marti_Ruids
@SxMreferendum	@Montserratesben
@SxMreferendum	@motiuscat
@SxMreferendum	@omniumsants
@SxMreferendum	@PauFarinetes
@SxMreferendum	@ROMI_BCN
@SxMreferendum	@Rosa_Eventocio
@SxMreferendum	@Santsesfera
@SxMreferendum	@SantsMontenComu
@SxMreferendum	@santsviu
@SxMreferendum	@SxMreferendum
@SxMreferendum	@tabalets
@SxMreferendum	@treballadors
@SxMreferendum	@VidaTrambolika
@SxMreferendum	@Xipress
@tanya0517	@ssimonvernet
@TapiBcn75	@kangur_7
@TarragonaCdr	@GadorCamps
@TarragonaCdr	@metropolislang
@TarragonaCdr	@treballadors
@TATIANACHRIS	@AlbertYarza
@tatpibernat	@quimicc1612
@tatpibernat	@rampitu
@tatpibernat	@Renoudebuit
@TeresaJorda	@adri_bovee
@TeresaJorda	@BonshomsJoan
@TeresaJorda	@dianatrisse
@TeresaJorda	@didacjoanz
@TeresaJorda	@ERCRipolles
@TeresaJorda	@EVIXD
@TeresaJorda	@JosepSalvador
@TeresaJorda	@liherlarrea
@TeresaJorda	@missyrat4
@TeresaJorda	@TeresaJorda
@thegreencatala	@JoanB_CAT
@thegreencatala	@nitrogaycerina
@TheNewCTLN	@GeneralMorague2
@TheNewCTLN	@zjoanc
@tietavarenu	@APenaMol
@tietavarenu	@GegeMM__
@tietavarenu	@toniartero
@tietavarenu	@Wittgenstein_jm
@tmiserachs	@gemcaballol
@tobcnwithlove	@Jaumedebarbens
@TomasSainz	@louzaomarin
@toniaira	@4mesungats
@toniaira	@albertord10
@toniaira	@angelsclotet
@toniaira	@AnnaFrancesF
@toniaira	@AringoK
@toniaira	@artegina
@toniaira	@BernatJLM
@toniaira	@capdesuro
@toniaira	@CarlesCama
@toniaira	@carlespamies
@toniaira	@CATaccio11
@toniaira	@DarmstadtJ
@toniaira	@davidferrerc
@toniaira	@desferr
@toniaira	@DespertaFerro11
@toniaira	@divapiti
@toniaira	@ElisendaE
@toniaira	@Espera1000
@toniaira	@finasegria
@toniaira	@Franayuso1
@toniaira	@galceranrosa
@toniaira	@gcodqui
@toniaira	@gcuatrecasas
@toniaira	@guifre2053
@toniaira	@GuifreLoPilos
@toniaira	@huguet_gabriel
@toniaira	@irenemasana
@toniaira	@itslucadiio
@toniaira	@ivanvoinitski
@toniaira	@jartur09
@toniaira	@jmtorrent1
@toniaira	@joanagabarrof
@toniaira	@JuanRibalta
@toniaira	@LluisColl13
@toniaira	@LoCiscoDeCanPey
@toniaira	@luis_esfera
@toniaira	@Marsal95
@toniaira	@matriuxpc
@toniaira	@montsecanals46
@toniaira	@montsecasaus
@toniaira	@moonblue365
@toniaira	@mscanaleta
@toniaira	@NJosepm
@toniaira	@NriaMunt
@toniaira	@onzesetembre
@toniaira	@peremarticolom
@toniaira	@polo_lluis
@toniaira	@SaimonOscar
@toniaira	@SrtaComs
@toniaira	@SylviaJimenez15
@toniaira	@tore51
@toniaira	@vinyetp
@toniaira	@Xaviko_
@ToniQuique	@1714Talamanca
@ToniQuique	@jvilach
@totisfcb	@susbg13
@tralarilolailo	@montserrat157
@Trosibcn	@Megapondio
@tunisocatala	@ardatx
@tunisocatala	@ldbtwit
@tunisocatala	@palmira_marti
@tunisocatala	@quicome
@tunisocatala	@sobekinefer
@tunisocatala	@sotoarmengol
@txantxi	@aleixescursell
@txellalalluna	@annastb
@u34	@MarUrabain
@uauaua17	@AquestFrederic
@uauaua17	@SelvadeMar3
@vecirex	@pirateexception
@velasc_alberto	@1000boj
@velasc_alberto	@Aina00894897
@velasc_alberto	@amadeualbert
@velasc_alberto	@ame1975
@velasc_alberto	@angel_bonet
@velasc_alberto	@annamni_ab
@velasc_alberto	@AsselaBP
@velasc_alberto	@avia_bel
@velasc_alberto	@calsojorn
@velasc_alberto	@carlesm
@velasc_alberto	@ccollto
@velasc_alberto	@ColellJudith
@velasc_alberto	@cuarda29
@velasc_alberto	@davidindebcn
@velasc_alberto	@dcoscu
@velasc_alberto	@dvallespi
@velasc_alberto	@elietas
@velasc_alberto	@filumestre
@velasc_alberto	@fxcase
@velasc_alberto	@garrovina
@velasc_alberto	@gudari57
@velasc_alberto	@GuillermoGlaria
@velasc_alberto	@ivanvilloldo
@velasc_alberto	@JAMonzon
@velasc_alberto	@jbrunyol
@velasc_alberto	@Jepmauri
@velasc_alberto	@Jo__llll
@velasc_alberto	@JoanBay
@velasc_alberto	@joanmariapique
@velasc_alberto	@JordiMasLiceu
@velasc_alberto	@josepmfarre
@velasc_alberto	@jplantalech
@velasc_alberto	@laia_puig
@velasc_alberto	@MAngelsRibas
@velasc_alberto	@marramiauuuuuu
@velasc_alberto	@MartaBelles33
@velasc_alberto	@martitze
@velasc_alberto	@mferra69
@velasc_alberto	@montsemarsan
@velasc_alberto	@Mussol_rpg
@velasc_alberto	@NeusLluelles
@velasc_alberto	@nuarce
@velasc_alberto	@NuriaMorell
@velasc_alberto	@oletusbuevos
@velasc_alberto	@Oriol_Gordo
@velasc_alberto	@ossiatwit
@velasc_alberto	@peretuset
@velasc_alberto	@popeyina
@velasc_alberto	@raulcobole
@velasc_alberto	@repinki
@velasc_alberto	@romafdp
@velasc_alberto	@Santiglezzz
@velasc_alberto	@secaisa
@velasc_alberto	@sergiocerdan95
@velasc_alberto	@uauaua17
@velasc_alberto	@xavierpicnick
@velasc_alberto	@xavisentinella
@velasc_alberto	@xtovarm
@VengadorRubi	@VengadorRubi
@Verds	@mujertpuntcat
@Verds	@OriolAmado
@veroba1	@OlgaRidao
@VictorCentell	@cal_imma
@VictorCentell	@vidfra
@VICTORLEONARDIB	@GTCost
@VICTORLEONARDIB	@moriyakari
@VICTORLEONARDIB	@parodynews
@Vidal1714	@AlfredMartn2
@vidaleduard	@OliverEnginy
@VidALieNs	@EduardEdumuni
@VidALieNs	@espantaocell
@VidALieNs	@filog3
@VidALieNs	@GuthmillerAlme1
@VidALieNs	@JorginaMarser
@VidALieNs	@JosepArnan
@VolemlaCaserna	@Marta_Ro_Ma
@VotarComSempre	@chus_bcn
@VotarComSempre	@JMPigui
@VotarComSempre	@obulco2014
@VotarComSempre	@Petres3
@VotarComSempre	@Wittgenstein_jm
@votaxmicat	@MarySarazola
@votaxmicat	@SiambNos
@votaxmicat	@sucutrulele
@Vote_CNP	@JofrePilos
@whalfaraday	@JaumePie
@Xasebe	@DaniSerranoB
@xavartal	@catalanensis
@xavartal	@imguarne
@xavartal	@MoiLeMiroir
@xavartal	@orpuig
@xavartal	@SINDICAT_SMAC
@XaviAS74	@XaviAS74
@xavier_torrens	@Agustin_Guil
@xavier_torrens	@amasabeu
@xavier_torrens	@Angelsplana
@xavier_torrens	@ares22la
@xavier_torrens	@Atletinjen
@xavier_torrens	@bcnsapiens
@xavier_torrens	@Bill21Bill
@xavier_torrens	@Biorebeca
@xavier_torrens	@BleyMunoz
@xavier_torrens	@BonastreBona
@xavier_torrens	@bruixasirenil
@xavier_torrens	@CarlesPuigfel
@xavier_torrens	@DanielPratsB
@xavier_torrens	@diclam79
@xavier_torrens	@ElSenyorRamon
@xavier_torrens	@esgirones
@xavier_torrens	@FadaLluna
@xavier_torrens	@FerranOtif
@xavier_torrens	@Finafms
@xavier_torrens	@fredijosal
@xavier_torrens	@gary13tros
@xavier_torrens	@gcodqui
@xavier_torrens	@geles1973
@xavier_torrens	@gemma_lorenz
@xavier_torrens	@IndepeRepublik
@xavier_torrens	@jbrunetj
@xavier_torrens	@JoanPatau
@xavier_torrens	@JohnCatalan5
@xavier_torrens	@jordicomast
@xavier_torrens	@Jufecha
@xavier_torrens	@JuliaMa96016562
@xavier_torrens	@Laiaba28
@xavier_torrens	@lasilviaijo
@xavier_torrens	@LavillaVidal
@xavier_torrens	@Lior_Mastejn
@xavier_torrens	@m_mj1111
@xavier_torrens	@MarcIbanyez
@xavier_torrens	@MarcZenTime
@xavier_torrens	@marquitos_pagli
@xavier_torrens	@martamunjo
@xavier_torrens	@MARTUZZATV
@xavier_torrens	@Masferrer27
@xavier_torrens	@MAU211267
@xavier_torrens	@mcarmen6612
@xavier_torrens	@montcas73
@xavier_torrens	@MRosaB3
@xavier_torrens	@olrugi
@xavier_torrens	@omtriaAs
@xavier_torrens	@oz_nuriamestres
@xavier_torrens	@Paju_78
@xavier_torrens	@pedrogarciaflo3
@xavier_torrens	@PenellaF
@xavier_torrens	@perecortes48
@xavier_torrens	@PereSaborit
@xavier_torrens	@PicapollBlanc
@xavier_torrens	@Quimoh
@xavier_torrens	@RaholaOficial
@xavier_torrens	@Sara67822151
@xavier_torrens	@SASam1714
@xavier_torrens	@smartinezcons
@xavier_torrens	@tatonines
@xavier_torrens	@tskno
@xavier_torrens	@VanessazmZ
@xavier_torrens	@xavifreidom
@xavier_torrens	@Xavipenya9
@xavier_torrens	@xellulles
@xavierginesta	@isih_p
@xaviermartinezg	@anitacaldes
@XaviParellada	@passorge
@xbardolet	@capdevilajoan
@xboschc	@rcusso
@xevicamps	@Ssuneb
@Xiquein	@mallerenga
@XRecasens	@CarlesCombarros
@XRecasens	@CatalanRobot
@XRecasens	@davidsagarra
@XRecasens	@Gemmaborch
@XRecasens	@Ireland4Bernie
@XRecasens	@jamesksowerby
@XRecasens	@jlaber2
@XRecasens	@pepcoma
@XRecasens	@PPLimages
@XRecasens	@raulcubos23
@XRecasens	@sophiepasarin
@xrodac	@pbbbreda
@xtianolive	@jrdg42
