Source	Target
@___Elpelao	@ERCALATRAVA
@___Elpelao	@neerea17
@___Elpelao	@rafi_escudero
@__kamis__	@aleix_vilalta
@__kamis__	@ANACOLORES
@__kamis__	@AuldGrannie
@__kamis__	@Claudia_ps_96
@__kamis__	@drew_hooks1
@__kamis__	@EduardArtigas
@__kamis__	@ElleGiovanna
@__kamis__	@JoseMar02736653
@__kamis__	@Txellis
@__kamis__	@Walivose20
@_brokenshells	@ACP3010
@_brokenshells	@cincoeles
@_brokenshells	@Cjaumev
@_brokenshells	@DavictusCat
@_brokenshells	@domingobdn
@_brokenshells	@escolesobertes
@_brokenshells	@FadaEstel
@_brokenshells	@FCB01OCT
@_brokenshells	@immabastida
@_brokenshells	@JosepRuaix
@_brokenshells	@kiwipocfet
@_brokenshells	@LlatseEmili
@_brokenshells	@LlibertatC
@_brokenshells	@Llusa19
@_brokenshells	@maite_verd
@_brokenshells	@ManelLedesma
@_brokenshells	@MarcBarrue
@_brokenshells	@MartaBLASTOFF
@_brokenshells	@MIQUEL_01
@_brokenshells	@NuriaSanz5
@_brokenshells	@PatPeba
@_brokenshells	@referendumbdn
@_brokenshells	@Repicatruges1
@_brokenshells	@Riderman24h
@_brokenshells	@SirQalimer
@_brokenshells	@vilherda
@_brokenshells	@XaviPortales
@_brokenshells	@yetaidoieta
@_Charlotte21	@anigeron
@_Charlotte21	@araisempreCat
@_Charlotte21	@BraveCatalan
@_Charlotte21	@escuraxemeneies
@_Charlotte21	@jordijoanferre
@_Charlotte21	@jordivndrll
@_Charlotte21	@kaimaxi
@_Charlotte21	@xevialde
@_doktor8	@xiruke79
@_jescobar_	@FadaEstel
@_morerap	@_morerap
@1909_RSF	@milucinho
@1995Pablobc	@AdriaCabezuelo
@27_antu	@DeUrbin
@3josep14	@albamaso8
@3josep14	@Albert_C9
@3josep14	@albu1969
@3josep14	@aleixandols
@3josep14	@ArausJordi
@3josep14	@barrank84
@3josep14	@Blogcelonista
@3josep14	@diacale
@3josep14	@Faisaempordanes
@3josep14	@FCB01OCT
@3josep14	@GvKlimt1
@3josep14	@hec_86
@3josep14	@IgnasiRoqueta
@3josep14	@joanmarsellach
@3josep14	@jordigriso
@3josep14	@KRyan_IDC
@3josep14	@lflo1899
@3josep14	@luis_esfera
@3josep14	@ManCatalonia
@3josep14	@ManelNavarro6
@3josep14	@MessiNoSeVende
@3josep14	@pablo021271
@3josep14	@pekpep
@3josep14	@pmargarit
@3josep14	@qmolins
@3josep14	@RoogerMC
@3josep14	@urillave90
@3josep14	@wislabe
@3josep14	@x_cmlleri
@3josep14	@xminguella
@3voltesrebel	@_carolcosta_
@3voltesrebel	@adaagz
@3voltesrebel	@AdriaCluet
@3voltesrebel	@AlbertFornies
@3voltesrebel	@almassaneda
@3voltesrebel	@alzenit
@3voltesrebel	@blairodriguez
@3voltesrebel	@carla_bermejo
@3voltesrebel	@CAUDELLUNA60
@3voltesrebel	@danigimenu
@3voltesrebel	@DesDeRipo
@3voltesrebel	@fgrandval
@3voltesrebel	@jesusierragadea
@3voltesrebel	@jordibosch20
@3voltesrebel	@josep_capo
@3voltesrebel	@Kalexdoscopi1
@3voltesrebel	@laraquelvilar
@3voltesrebel	@llibertrexach
@3voltesrebel	@marcelserra
@3voltesrebel	@Namaste2002
@3voltesrebel	@PantuFolaio
@3voltesrebel	@polinices11
@3voltesrebel	@rogerinhos11
@3voltesrebel	@ullviu
@68JManel	@montserumbau
@68JManel	@OscarMuS
@68JManel	@T_Zapata
@69mgl	@daniv68
@69mgl	@dribo4
@69mgl	@Queralto
@6uN7CtZuCK66Rpd	@INDYRABIT
@6uN7CtZuCK66Rpd	@IsThisAB0t
@6uN7CtZuCK66Rpd	@RabfaeKillie1
@6uN7CtZuCK66Rpd	@StillYesScot
@6uN7CtZuCK66Rpd	@uriol108
@A_CocoR	@A_CocoR
@A_CocoR	@ArticeKristina
@A_CocoR	@Britanniacomms
@A_CocoR	@Motinsitepegas
@A_CocoR	@Otkel78
@A_CocoR	@PereBofill
@a_vilardell	@j_marti_p
@aaidaamas	@ErikaFloresZur2
@AArnandis	@Horrach
@ABalagu	@Gruxanta
@ABalagu	@mtdp08230
@ABalagu	@peruchita1950
@ABalagu	@toni9buceta
@ABalagu	@unaltredelleida
@abelplana	@kinbota
@Abeltg7	@22_dur
@Abeltg7	@ENDIKA59
@Abeltg7	@Soy_AntiTaurin0
@Abeltg7	@yamamuki2
@abfelip	@RacsoSarajul
@abrahamrial	@mar__mad
@Abril_Esteve	@Jordicostelo
@Abril_Esteve	@Kampexano
@Abril_Esteve	@marcusco35
@ac22_anna	@freed4Catalonia
@ac22_anna	@joan_alvarez_B
@ac22_anna	@marti2014
@ac22_anna	@SanchezBusquets
@acabezuelo	@Perico_CatCracs
@acaravaca69	@annam1181or
@acf_olesa	@RogerMasOficial
@acf_olesa	@valls_pere
@acomajuncosas78	@raragonesf
@Acp84Toni	@cdrlhcentre
@Acp84Toni	@JoanFiga
@Acp84Toni	@Solosoyotrxtu
@Acp84Toni	@SomBellvitge
@acpassoc	@amb_ind
@acpassoc	@creiemencat
@ADecroissance	@Grigrounesk
@ADecroissance	@pourNS2017
@ADecroissance	@waxsawax
@adosc	@ACP3010
@adosc	@juancaalvarezg
@adria_campmany	@gabiifp15
@adria_campmany	@Maria1899FCB
@adriagomezolive	@nilmunte
@adriagomezolive	@Uriol4
@adrianrbravo	@_Manu_nunhez
@adrianrbravo	@AndreMCes
@adrianrbravo	@antonnaraio
@adrianrbravo	@BNG_Gondomar
@adrianrbravo	@curreloss
@adrianrbravo	@diegolourob
@adrianrbravo	@elviravanilla
@adrianrbravo	@FRDacosta
@adrianrbravo	@LjiljanaV1
@adrianrbravo	@pardalvermello
@adrianrbravo	@pedraluagz
@adrianrbravo	@tonhitoazul
@adrianrbravo	@val_galiza
@adriaxj8	@cavallerstJordi
@adriaxj8	@crislario
@adriaxj8	@jonotrago
@Adrig6	@resunormal
@ads_garraf1	@DavidAguilar_M
@ads_garraf1	@Flai_CAT
@ads_garraf1	@joevidallopez
@ads_garraf1	@josepcgtense
@ads_garraf1	@VotaremCubelles
@AEiGPareClaret	@CUPGirona
@AEiGPareClaret	@herodot10
@AEiGPareClaret	@LeniMontiel
@AEiGPareClaret	@LlupolCanTarrat
@AEiGPareClaret	@lmanzanerosais
@AEiGPareClaret	@vilabatalle
@AEiGPareClaret	@yorickus
@aesux	@Irene_Grau
@aezkiaga	@abmiren
@AGadnert	@TheNudeLight
@aidaangelb	@15jba
@aidaangelb	@9jrib9
@aidaangelb	@cervera_jess
@aidaangelb	@francescabad
@aidaangelb	@joanagabarrof
@aidaangelb	@joancastellet
@aidaangelb	@JoanPortabella
@aidaangelb	@magdaoriap
@aidaangelb	@maitegras
@aidaangelb	@MarcEspill
@aidaangelb	@markitusGi
@aidaangelb	@mferna37
@AidaFuster	@JMPigui
@AidaFuster	@pol_adria
@AidanJKR	@Orprir
@Aina_Bertran	@FrancescVendrel
@ainhoa_arano	@AlexanderDrago
@ainhoa_arano	@Britanniacomms
@ainhoa_arano	@catherine_unruh
@ainhoa_arano	@cobitos100
@ainhoa_arano	@Der_Dutschi
@ainhoa_arano	@exgiguy
@ainhoa_arano	@FalcomJames
@ainhoa_arano	@hasta_pirineos
@ainhoa_arano	@KittyNolan16
@ainhoa_arano	@Nuri10137949
@ainhoa_arano	@PereBofill
@ainhoa_arano	@RoaringNurse
@ainhoa_arano	@s9tmt
@ainhoa_arano	@SeveZubiri
@ainhoa_arano	@victorstalmeida
@ainhoa_rn	@catalivng
@aiolga	@DoloresGarcia3
@aiolga	@JM_RAFI
@airllimos	@_mariasegura
@airllimos	@agatagut9
@airllimos	@boig1957
@airllimos	@danielmonton
@airllimos	@ferranvalls
@airllimos	@FGSCREW
@airllimos	@jmiret1967
@airllimos	@lapassio
@airllimos	@marieta242003
@airllimos	@miquelasencio
@airllimos	@monicafontg
@airllimos	@montsecascante
@airllimos	@naoj77
@airllimos	@oscar_sebastia
@airllimos	@OscarRuiz_
@airllimos	@RiusCampos
@airllimos	@SomdOlesa
@aitor_8a	@AngelsGallen
@aitor_8a	@mortizia13
@aitor_aranzabal	@gorkasato
@Aj_Rasquera	@marinaltadill
@aj_riudebitlles	@ceskfreixas
@aj_riudebitlles	@gil_uria
@aj_riudebitlles	@icuapla
@aj_riudebitlles	@Jamdemar
@aj_riudebitlles	@MesPobleCUP
@aj_riudebitlles	@montsecm
@aj_riudebitlles	@Pacoescude
@aj_riudebitlles	@pfreixes
@aj_riudebitlles	@sack_am
@aj_riudebitlles	@sergihuete
@AJuanico	@fvilarrubi
@AJuanico	@martaponse
@AJuanico	@NoMesXoris
@AJuanico	@peuesquerra
@alaricalbarda	@JordiMartinezQu
@alaricalbarda	@MariaJOrozco1
@alaricalbarda	@ogagu1975
@alaricalbarda	@Xavi44896342
@Alba_garriga	@CUP_Penedes
@Alba_garriga	@SergiAtienza_
@Alba_garriga	@super_oxigenat
@Alba_garriga	@Unitat9
@AlbaBalcells	@CoraRuiz
@AlbaBalcells	@davdiazp
@albacorazonegro	@64aitor
@albacorazonegro	@7Josean7
@albacorazonegro	@danielalonsop
@albacorazonegro	@EduardMir
@albacorazonegro	@ego_lahuerta
@albacorazonegro	@EuskalDiaspora
@albacorazonegro	@gorka_7
@albacorazonegro	@jacoboemora
@albacorazonegro	@joanguevara56
@albacorazonegro	@juanjorp
@albacorazonegro	@Loren81046635
@albacorazonegro	@mazingerzepa
@albacorazonegro	@mjgs50
@albacorazonegro	@mmartos5
@albacorazonegro	@Olga_Hurtado66
@albacorazonegro	@quecreestu
@albacorazonegro	@Txago_2
@albacorazonegro	@unconsumidorcab
@albacorazonegro	@xgeldex
@AlbaJosa	@ClotDecideix
@albert_puy	@Aitor_BC
@albert_puy	@emerrepe
@albertakkus	@NuriiaSCA
@albertakkus	@ppvxla
@albertcostaVLL	@Ernestcosta
@albertcostaVLL	@maria_penasde
@albertdelavarga	@cbosch16
@albertebri	@oriolmataro
@albertemontes	@politicstw
@AlbertNaya	@guilletroyano
@AlbertoMartin_	@begonys
@AlbertoMartin_	@crackdel2012
@AlbertRobertR14	@davidschelvis96
@AlbertRobertR14	@jordid10
@AlbertRobertR14	@niltorrent
@Albertvila4	@isisroyoadell
@aleidis_calero	@gamarussa
@AleRojas_74	@perevb
@AleRojas_74	@SSalasjon
@AleRojas_74	@vimes66
@alex_dum	@1OVotarem
@alex41894092	@VAMOSBAND
@AlexBTT8	@anblaco
@AlexSardo83	@der_bluthund
@alexsolventa	@FReixach
@alexsolventa	@tonividalsastre
@alexx_mp	@alexx_mp
@AlfonsCanela	@alexmercade
@AlfonsCanela	@CanariNegre
@AlfonsCanela	@cristinablumese
@AlfonsCanela	@elcarrencat
@AlfonsCanela	@enriccanela
@AlfonsCanela	@FocEstelar
@AlfonsCanela	@Gata_negra93
@AlfonsCanela	@gatubella89
@AlfonsCanela	@gemmafrost19
@AlfonsCanela	@hquinzelxxx
@AlfonsCanela	@kinbota
@AlfonsCanela	@misticamari
@AlfonsCanela	@mujermaravillxs
@AlfonsCanela	@NaturaMaresme
@AlfonsCanela	@OriolCF
@AlfonsCanela	@oriolmataro
@AlfonsCanela	@oteixido
@AlfonsCanela	@PDeCATMataro
@AlfonsCanela	@portet_bruguera
@AlfonsCanela	@RutAixa
@AlfonsCanela	@SerraEdu
@AlfonsCanela	@xevivarela
@alfonsovng	@Olgaaferrer9
@alfonsrm	@Cesc1319
@alfonsrm	@crackdel2012
@alfonsrm	@Esmol_Jonze
@alfonsrm	@giripower
@alfonsrm	@ibie_finerats
@alfonsrm	@Lahe178
@alfonsrm	@lluis_op
@alfonsrm	@Marcbr98
@alfonsrm	@pedrin_cat
@alfonsrm	@Trinodoro
@alitwittt	@azukikiyo
@alitwittt	@gladyscernadav1
@almotuit	@sotsproject
@almotuit	@wingedskin
@Alrome	@Secundino_D_R
@amadeubt	@ebreva
@aminahekmet	@9jrib9
@aminahekmet	@BernatBerenguer
@aminahekmet	@CarroMontse
@aminahekmet	@catalajoanam
@aminahekmet	@DaniSarda65
@aminahekmet	@Decembrista
@aminahekmet	@eduardboada
@aminahekmet	@Elviraduranc
@aminahekmet	@isulanabianchi
@aminahekmet	@ivan_sants
@aminahekmet	@joanagabarrof
@aminahekmet	@joanmariapique
@aminahekmet	@josep_salvado
@aminahekmet	@jsamperiz1
@aminahekmet	@laRepCheca
@aminahekmet	@lija_jalili
@aminahekmet	@malangelsg
@aminahekmet	@ni1dea
@aminahekmet	@risfel
@aminahekmet	@RusoMikel
@aminahekmet	@sucreblau
@aminahekmet	@VivesBiel
@aminahekmet	@Xavipenya9
@ANC_Bombers	@101ECV_GADGET
@ANC_Bombers	@2005sjusi
@ANC_Bombers	@9jrib9
@ANC_Bombers	@AlbertSaAg
@ANC_Bombers	@AlvaroSeco
@ANC_Bombers	@anaedusocial
@ANC_Bombers	@angels_pilates
@ANC_Bombers	@anibalmeltor
@ANC_Bombers	@aolipe
@ANC_Bombers	@Arantxa_Ra
@ANC_Bombers	@ArmandMuniesa
@ANC_Bombers	@aurorafarre
@ANC_Bombers	@biribiroli
@ANC_Bombers	@Bomberssllo
@ANC_Bombers	@buddhix
@ANC_Bombers	@carles_nadal
@ANC_Bombers	@catsanemay
@ANC_Bombers	@clarishabel
@ANC_Bombers	@CostaBravaToday
@ANC_Bombers	@CristianBasG
@ANC_Bombers	@EduGuitart
@ANC_Bombers	@ente_lequia
@ANC_Bombers	@esterpiula
@ANC_Bombers	@EvaRuwe
@ANC_Bombers	@Falixgg
@ANC_Bombers	@franiubo
@ANC_Bombers	@g1Ofc
@ANC_Bombers	@GarroTejero
@ANC_Bombers	@Giwiki
@ANC_Bombers	@gloriaw38
@ANC_Bombers	@halepues
@ANC_Bombers	@HannahJudith61
@ANC_Bombers	@haviam
@ANC_Bombers	@immaimma
@ANC_Bombers	@inesruiz_bcn
@ANC_Bombers	@intuto3
@ANC_Bombers	@InuskaPorta
@ANC_Bombers	@jjjjjjosep
@ANC_Bombers	@JJM36
@ANC_Bombers	@joanmanyas
@ANC_Bombers	@JosepBautistaJR
@ANC_Bombers	@LaPascuala
@ANC_Bombers	@llenguaddicta
@ANC_Bombers	@llunavermella
@ANC_Bombers	@m_arboix
@ANC_Bombers	@Marijos65214014
@ANC_Bombers	@MdeRatlles
@ANC_Bombers	@merchejara
@ANC_Bombers	@miqueletmr
@ANC_Bombers	@monimo0908
@ANC_Bombers	@Montgirbau
@ANC_Bombers	@montsejof
@ANC_Bombers	@montserratfran9
@ANC_Bombers	@noelreivaj
@ANC_Bombers	@Nuria1966
@ANC_Bombers	@oriolo3
@ANC_Bombers	@oscar_trullas
@ANC_Bombers	@OscarCat1976
@ANC_Bombers	@oscarlm98
@ANC_Bombers	@pankunken
@ANC_Bombers	@possessionar
@ANC_Bombers	@raquelfas
@ANC_Bombers	@rbordoy
@ANC_Bombers	@RobenFawkes
@ANC_Bombers	@roger_esteller
@ANC_Bombers	@Sil_p_c
@ANC_Bombers	@supercatalunya
@ANC_Bombers	@txellinscat
@ANC_Bombers	@Veronic40630547
@ANC_Centelles	@rdelisau
@ANC_FRANCE	@Tereteteta
@ANC_llengua	@albertrafols
@anc_malgrat	@david9n_27s
@anc_malgrat	@Jordicostelo
@anc_polska	@OskWars
@ANC_SHS	@CaterinaRP
@ANC_SHS	@nubucorural
@ANCBalaguer	@CasalPereIII
@ANCBalaguer	@PDeCATNOGUERA
@ANCBalaguer	@rmateu1
@ANCDones	@BadiaBarbera
@ANCDones	@beamasia
@ANCDones	@blumonac
@ANCDones	@CarmeHurtado8
@ANCDones	@des_del_vent
@ANCDones	@DonespelSi
@ANCDones	@eduardhv77
@ANCDones	@enRafelG
@ANCDones	@HiMontse
@ANCDones	@LADY_WITS
@ANCDones	@lothlertu
@ANCDones	@paulacastellvi
@ANCDones	@RosaClotet
@ANCDones	@tupitupitupi2
@ANCNouBarris	@ElisendaG
@ANCNouBarris	@Perlapau
@ANCTordera	@conxita2010
@ANCTordera	@Costa_Maresme
@ANCTordera	@Enkofrator_TV
@ANCTordera	@jordiverdura
@ANCTordera	@lauramassegu
@ANCTordera	@miriamcrivilles
@ANCTordera	@oldtown_93
@ANCTordera	@silvia_puco
@ANCTordera	@spidermancat
@ANCTordera	@XaviFdez7
@ANCViladecans	@Toninommm
@ANCXile	@betuchile
@AndoniEgia	@ivan_sants
@AndoniEgia	@marinotperez
@Andreaaa_4	@daniel8es8
@Andreaaa_4	@MariaTe77012942
@andreaaaacm6	@stwt247
@andria_Briis	@AnnaPaezF
@Anemorren	@andatirui
@angelcim	@ranfigols
@angelcim	@t_equo
@angelow_gomez	@NeusNavarroCa
@angelsmcastells	@adri_agx
@angelsmiralles	@Oritxenko13
@angelsmiralles	@RosaQuoni
@angelsponsa	@Andreumasd
@anna_arque	@big_taff
@anna_arque	@ECO_Sean_UK
@anna_arque	@m1kks
@anna_arque	@nevdunn
@anna_arque	@RoaringNurse
@anna_arque	@s9tmt
@anna_arque	@says_it_now
@anna_arque	@ShellyAsquith
@anna_arque	@ShequalityMatte
@anna_arque	@tigerfish4
@anna_arque	@vermeerg
@anna_arque	@yorkist1980
@anna_guxens	@Jmateuvi
@anna_oliet	@barbagimenez
@AnnaBallesta13	@MontseBosch3
@annacasas80	@guillemmolist79
@annafenoy	@_hiedravenenosa
@annafenoy	@BernatBerenguer
@annafenoy	@bruixaescarlata
@annafenoy	@CDRMontgat
@annafenoy	@dolsalaia
@annafenoy	@dona_invisible
@annafenoy	@electrickernel
@annafenoy	@FocEstelar
@annafenoy	@Gata_negra93
@annafenoy	@gatubella89
@annafenoy	@hquinzelxxx
@annafenoy	@jcsastre
@annafenoy	@JuliaMalatesta2
@annafenoy	@junagrey
@annafenoy	@kiakli
@annafenoy	@konill_ku
@annafenoy	@lcaramelos23
@annafenoy	@mujermaravillxs
@annafenoy	@Nadiahufinger
@annafenoy	@sascodina
@AnnaIglesiaas	@Nuria7234
@annamni_ab	@julia120ongay
@AnnaPaezF	@dcanalsn
@AnnaPastu	@Marsanc2
@annapiu	@MarcelOliveres
@annapiu	@quimlyfar
@annapiu	@sergipalau
@Annaratt	@josepwatermelon
@Annaratt	@marcfufur
@annne2	@aescales_163
@annne2	@Ariadna50877897
@annne2	@Calaverot
@annne2	@Collegislleida1
@annne2	@comudelleida
@annne2	@cristinafuertes
@annne2	@Estacadebares
@annne2	@ezzzac
@annne2	@Jamdemar
@annne2	@labaulalleida
@annne2	@llcapacete
@annne2	@raidtxu
@anoiadiari	@13aneta13
@anovagal	@abeldeimo
@anovagal	@algodelmolino66
@anovagal	@AlvaroSeco
@anovagal	@AnovaCompostela
@anovagal	@cot1959
@anovagal	@docanbravo
@anovagal	@ENDIKA59
@anovagal	@HayAlternativa_
@anovagal	@levamexa
@anovagal	@Lour_eiro
@anovagal	@MyguelonHipnoxx
@anovagal	@pastorj68
@anovagal	@VitoGaliza
@AOJ	@_MiquelL_
@apuntlinguistic	@alinevoom
@apuntlinguistic	@AlmudenaBadia
@apuntlinguistic	@annabaylach
@apuntlinguistic	@bruixaescarlata
@apuntlinguistic	@CanariNegre
@apuntlinguistic	@cristinablumese
@apuntlinguistic	@cvilaso
@apuntlinguistic	@dolsalaia
@apuntlinguistic	@dona_invisible
@apuntlinguistic	@electrickernel
@apuntlinguistic	@Fede_Montseny
@apuntlinguistic	@FocEstelar
@apuntlinguistic	@Gata_negra93
@apuntlinguistic	@gatubella89
@apuntlinguistic	@gemmafrost19
@apuntlinguistic	@grantomasin
@apuntlinguistic	@Gruxanta
@apuntlinguistic	@hquinzelxxx
@apuntlinguistic	@JuliaMalatesta2
@apuntlinguistic	@maite_verd
@apuntlinguistic	@maria_rafols
@apuntlinguistic	@MasterXena
@apuntlinguistic	@patufet33
@apuntlinguistic	@S_power_girl
@apuntlinguistic	@Teclaiguixclic
@ARA_fotografia	@marc_vi
@ARA_fotografia	@photomiquelruiz
@Arantxa_Fndz	@JanetEscusa
@ArbatPau	@Ar_Fons
@ArbatPau	@Carlesayfiguere
@ArbatPau	@CUPdeFigueres
@ArbatPau	@FrancescMonino
@ArbatPau	@idrilirdi
@ArbatPau	@JacintCasademon
@ArbatPau	@JoanFontRibera
@ArbatPau	@jordipous78
@ArbatPau	@jrodri49
@ArbatPau	@mireietu
@ArbatPau	@narcis_foba
@ArbatPau	@nuri_guanter
@ArbatPau	@RicardBarba
@ArbatPau	@SandraOliveda
@ARequena82	@CorinaSerra40
@ariadna3	@t_equo
@arianbotey	@delvillarbx
@AriClavell	@puigvent
@arnau_mj	@_LauraCosta_
@arnau_mj	@gerk6
@arnau_mj	@Raaq15
@arnau_torrente	@arnau_pm
@arnau_torrente	@beto_chan
@arnau_torrente	@Marc_Ferret
@arnau_torrente	@miestheriosa
@arnause_	@Floren61
@arnause_	@Splth32
@ArnauTordera	@el9nou
@ArnauTordera	@jordisala10
@ArnauTordera	@MontoyaCesc
@Arran_Tarragona	@tarragona_world
@ArturRamon98	@Alba_Prim
@ArturRamon98	@ladysecrets_
@arytzam	@_lauracosta19_
@arytzam	@64aitor
@arytzam	@71Nunez
@arytzam	@88rpol
@arytzam	@aarnauc
@arytzam	@aaudi06
@arytzam	@albert_dmcat
@arytzam	@AlbertGracia77
@arytzam	@aleix_vilalta
@arytzam	@aleixporta
@arytzam	@alextoldra
@arytzam	@aliciamolinas60
@arytzam	@andreacorbero
@arytzam	@anna_gra
@arytzam	@AnnaAznar
@arytzam	@annamni_ab
@arytzam	@anninorverto
@arytzam	@Avi__Siset
@arytzam	@AxelP1002
@arytzam	@Balmasin
@arytzam	@bea21m
@arytzam	@becicarba
@arytzam	@binksjarjar
@arytzam	@blasi_sala
@arytzam	@BraveCatalan
@arytzam	@caelumtangi
@arytzam	@CaminsJ
@arytzam	@carlostruman
@arytzam	@Carme_SC
@arytzam	@carolinabalmes
@arytzam	@Catalonia1640
@arytzam	@cbonaventura
@arytzam	@cerveracarles
@arytzam	@Ciscu91
@arytzam	@ClarMontse
@arytzam	@Clio_deries
@arytzam	@crisvi63
@arytzam	@crisvillacris
@arytzam	@danielalonsop
@arytzam	@daninoa81
@arytzam	@davidsanzfcblud
@arytzam	@defensemlaterra
@arytzam	@drac1616
@arytzam	@Dreuco
@arytzam	@ELEMENTSUBVERS
@arytzam	@Elisenda66
@arytzam	@eNKapm
@arytzam	@Enric_Velasco
@arytzam	@Entrepanator
@arytzam	@es_trull
@arytzam	@ferrancat1963
@arytzam	@freed4Catalonia
@arytzam	@fressia27
@arytzam	@GeorginaVich
@arytzam	@greedyhxrry
@arytzam	@hannahbcn1
@arytzam	@Hectorovik
@arytzam	@imamusal
@arytzam	@Imateoazcorbe9
@arytzam	@immaimma
@arytzam	@J_Symon
@arytzam	@Javi_Quique_OK
@arytzam	@JesusParcerisa
@arytzam	@JesyLMixers
@arytzam	@jgmur23
@arytzam	@joanmolinam
@arytzam	@jordi_cardus
@arytzam	@Jordi_Emporda
@arytzam	@jordiCat1
@arytzam	@JordiPhoto
@arytzam	@josepcanal
@arytzam	@jserretm
@arytzam	@julia120ongay
@arytzam	@Karlos_Rb17
@arytzam	@kutxitril
@arytzam	@lantoniola
@arytzam	@Laura080384
@arytzam	@LauraTRAM37
@arytzam	@Laurence_Sterne
@arytzam	@lenna_lc
@arytzam	@LESCARRIUS
@arytzam	@Lgtnx
@arytzam	@LluisBoschvins
@arytzam	@LluisRovir
@arytzam	@locuspolitikus
@arytzam	@maatkare66
@arytzam	@MaraEstherMeiq1
@arytzam	@Marc_Phantom
@arytzam	@MARC1886
@arytzam	@MdelMarRV
@arytzam	@merceginer
@arytzam	@MireiaBosch
@arytzam	@MIRTransparent
@arytzam	@mmartos5
@arytzam	@Montse20516769
@arytzam	@montsembordonau
@arytzam	@MSG318
@arytzam	@NaiaraAlvz
@arytzam	@nassgoul
@arytzam	@naxoxan
@arytzam	@Ni_neu
@arytzam	@octavimasip
@arytzam	@Olga_Hurtado66
@arytzam	@OlgaJimenz
@arytzam	@olguillagarcia
@arytzam	@oscarlm98
@arytzam	@pablangosto
@arytzam	@PacoAlonso1984
@arytzam	@paullamu
@arytzam	@pepsanglasc
@arytzam	@Perico_CatCracs
@arytzam	@Pointluck1
@arytzam	@pont_josem
@arytzam	@putababilonia
@arytzam	@quetotestaxfer
@arytzam	@quimpg
@arytzam	@r0b3rtik0
@arytzam	@raixa59
@arytzam	@RamonFajav
@arytzam	@realsociedad21
@arytzam	@RJ_Ariadna
@arytzam	@Rodystrikeback
@arytzam	@Roger_Riera
@arytzam	@rosvalarg
@arytzam	@Rras58
@arytzam	@rus_negre
@arytzam	@Sara_Merida_95
@arytzam	@sativamush
@arytzam	@sebasalsina
@arytzam	@Seny_i_rauxa
@arytzam	@Sergidelmig
@arytzam	@Silviacampins
@arytzam	@swingTIC
@arytzam	@TatieGendron
@arytzam	@TeVxi
@arytzam	@Tibetalliure07
@arytzam	@toseor
@arytzam	@tristom_72
@arytzam	@UrreaAznar
@arytzam	@Valia_Terranova
@arytzam	@Verkielo
@arytzam	@vhonkhamy
@arytzam	@vicente_lluis
@arytzam	@vito_silvia
@arytzam	@Walivose20
@arytzam	@XaviCuBu
@arytzam	@Xavipenya9
@arytzam	@Xousproduccions
@asboix1	@90CatAl
@Asier1898	@Drap_Kira
@Asier1898	@JosepRuaix
@Asier1898	@LangileGorriya
@Asier1898	@neusduran
@Asier1898	@RepdeCatalunya
@Asier1898	@talbts
@Asier1898	@tinet52
@Asier1898	@Venturi1973
@assembleapagesa	@75pilicapi
@assembleapagesa	@AdvPals
@assembleapagesa	@alexferod74
@assembleapagesa	@AlvaroSeco
@assembleapagesa	@Angietro3535
@assembleapagesa	@anna_benach
@assembleapagesa	@antaviana79
@assembleapagesa	@arare73
@assembleapagesa	@arnaumeski
@assembleapagesa	@biribiroli
@assembleapagesa	@btresserras
@assembleapagesa	@carbonetti2
@assembleapagesa	@catalunya2016
@assembleapagesa	@Cop_baix
@assembleapagesa	@danieltorrelles
@assembleapagesa	@darkravenblue
@assembleapagesa	@DavidiThais
@assembleapagesa	@DoctorPipa
@assembleapagesa	@dolorsDolorsv
@assembleapagesa	@dolsalaia
@assembleapagesa	@dona_invisible
@assembleapagesa	@DUISISI
@assembleapagesa	@ElenaOroni
@assembleapagesa	@Enricacu
@assembleapagesa	@EricGallardo69
@assembleapagesa	@EscoladeClown
@assembleapagesa	@espipa22
@assembleapagesa	@EsteponariLlop
@assembleapagesa	@eugenio76543
@assembleapagesa	@Eva_Luna7
@assembleapagesa	@evagpagan
@assembleapagesa	@G_Pereularia
@assembleapagesa	@Gloria_Pol
@assembleapagesa	@gregorioperezag
@assembleapagesa	@hquinzelxxx
@assembleapagesa	@immabebo
@assembleapagesa	@inuksuk001
@assembleapagesa	@IraultzaAmesten
@assembleapagesa	@Ismaeldelrioel
@assembleapagesa	@JB500125
@assembleapagesa	@JMMD8
@assembleapagesa	@joana_oro
@assembleapagesa	@JoanCT4W
@assembleapagesa	@jordibag
@assembleapagesa	@jordisalvia
@assembleapagesa	@JuliaMalatesta2
@assembleapagesa	@junagrey
@assembleapagesa	@LiDeienTrinitat
@assembleapagesa	@lis_76
@assembleapagesa	@Lluisapujol
@assembleapagesa	@llunavermella
@assembleapagesa	@Magda_Lein
@assembleapagesa	@manu_rufo
@assembleapagesa	@marc_morera
@assembleapagesa	@marealilalleida
@assembleapagesa	@Marfil1961
@assembleapagesa	@MaricarmeNulo
@assembleapagesa	@mcngarratxo
@assembleapagesa	@mercellimona
@assembleapagesa	@MiBaires
@assembleapagesa	@miquel_pla
@assembleapagesa	@nagusticasals
@assembleapagesa	@negre_joan
@assembleapagesa	@NoMesXoris
@assembleapagesa	@NukFlic
@assembleapagesa	@occupybarcelona
@assembleapagesa	@OsalvadoM
@assembleapagesa	@PepCasolivaGrau
@assembleapagesa	@piggatxu
@assembleapagesa	@rogerconsul
@assembleapagesa	@ROGRCA
@assembleapagesa	@ROMAN_GT
@assembleapagesa	@santisanjar
@assembleapagesa	@sara_croft83
@assembleapagesa	@SaraiCoonors
@assembleapagesa	@seterresquelop
@assembleapagesa	@SilkEspectre
@assembleapagesa	@Uristrong
@assembleapagesa	@vinolasbcn
@astridbarque	@garseru
@AtarrabiEHbildu	@crackdel2012
@AtarrabiEHbildu	@goraosasuna1987
@Ateneu24dejuny	@farrety
@AVallcarca	@Black_onSonja
@AVallcarca	@julia_trs
@avargas_1	@Enkofrator_TV
@avargas_1	@foglito
@avargas_1	@info_referendum
@avargas_1	@LaiaPinsach
@avargas_1	@pablangosto
@avargas_1	@VilarMv
@Babaymannu	@sassynargy
@BadiaAina	@claudiapuig98
@baiasca	@blairodriguez
@BaltaCol	@Aniolplanagmai1
@BaltaCol	@HernandoClara
@BaltaCol	@jhurtos
@BaltaCol	@PujolEric
@bandulima	@davidtecnic
@bandulima	@joanboadab
@BanusXenia	@Magdale64217287
@BarberanEmma	@ForRevolucion
@BarberanEmma	@LAMarxEstrella2
@BarberanEmma	@Ungjeservirai
@BarberanEmma	@Xus20102278
@BarretinaMan	@Fulanitochalana
@BawerMCB	@MaRcViLaC_7
@BawerMCB	@Mbou135
@baztaienea	@Eradarn
@baztaienea	@lucharyresistir
@BeatMiro	@BeatMiro
@beckanar	@crisgallma
@begomartinez84	@waldorfthefish
@BelCarreras	@GCoronat
@Bernat_	@dmckatana
@Bernat_	@Francmolica
@Bernat_	@lindamccorr
@bernatff	@ToniClaramunt
@bernatgel	@bernatgel
@BernatMonzo	@Xsorribas
@bernatpicornell	@ACP3010
@bernatpicornell	@CescAldabo
@bernatpicornell	@Compte1899
@bernatpicornell	@conxita_avila
@bernatpicornell	@durchdentraum
@bernatpicornell	@gelodroxtria
@bernatpicornell	@maevagold52
@bernatpicornell	@Mater_audacia
@bernatpicornell	@Pointluck1
@bertbatlle	@EduardFarinyes
@bertbatlle	@empaperem
@bertbatlle	@JohnnyPolar25
@bertbatlle	@jougstp
@bertbatlle	@meteoterrassa1
@bertbatlle	@yusi63
@Berti1899	@JRivero7
@berto_gi	@GNadalSola
@bethrodergas	@enriccall
@bethrodergas	@isaacguila
@bethrodergas	@MiquelAT1
@bethrodergas	@mlladonet10
@BetonaComin	@Eva_Reyes98
@betregue	@menci2
@Biflats	@BertuSau
@bisbalbasquet	@curto46
@BlackburnRones	@LadybelleFiske
@blligadas	@08840v
@blligadas	@almogavermgm
@blligadas	@bausa_joan
@blligadas	@Clidice
@BNGCatalunya	@A_RoyoMarine
@BNGCatalunya	@algodelmolino66
@BNGCatalunya	@ANCCiutatVella
@BNGCatalunya	@Andy__balberde
@BNGCatalunya	@ArtaiGZPepper
@BNGCatalunya	@Bardo_do_Vinho
@BNGCatalunya	@crazyarlet
@BNGCatalunya	@DioniAntenor53
@BNGCatalunya	@doce_raquel
@BNGCatalunya	@dzapicoPablo
@BNGCatalunya	@festuc_prat
@BNGCatalunya	@fredi_twitt
@BNGCatalunya	@judhec65
@BNGCatalunya	@kavisvaski
@BNGCatalunya	@kinbota
@BNGCatalunya	@levamexa
@BNGCatalunya	@MariaOxbow
@BNGCatalunya	@merlego
@BNGCatalunya	@Mrequeixoarnexo
@BNGCatalunya	@PauloqcGZ
@BNGCatalunya	@radiodisque
@BNGCatalunya	@rincon_carme
@BNGCatalunya	@sabechedeus
@BNGCatalunya	@xanbranquiazul
@BNGCatalunya	@xesusfigueira10
@BNGCatalunya	@Yol1972
@BNGCatalunya	@ZachleDubs
@BNGOleiros	@xomabepo
@bobalflowers	@paulafm84
@bolsbrou	@charmed_snake29
@bolsbrou	@F_von_Steiner
@bolsbrou	@HAMBURGonline
@BorisMasramon	@DolorsTorrelles
@Boro_LH	@AlvaroSeco
@Boro_LH	@davitet94
@Boro_LH	@gladyscernadav1
@Boro_LH	@LLANOSRABADAN
@Boro_LH	@nation_edu
@BpaHcku	@fair_spb
@Brigadas_Lugo	@alvife1998
@Brigadas_Lugo	@germo85
@Brigadas_Lugo	@pepindecarballo
@Brigadas_Lugo	@uryoril7
@Bunburyyy	@TheNewCTLN
@cadaques73	@Eriadus
@CADCI	@albachan22
@CADCI	@nyicrisnyu1
@CADCI	@xavialmar
@calvet_arnau	@frodri38
@calvet_arnau	@ivanvilloldo
@CanalMarrec	@MIQUELLARA
@canariion	@JosepArnau
@Candeliano	@FERRANFELIUS
@Candeliano	@JaumeSanch
@Candeliano	@ManekoBcn
@Candeliano	@mendi1970mir
@Candeliano	@pablangosto
@Candeliano	@solyluna196
@Capadocius	@PouCarles
@capdevilajoan	@AdGrauP
@capdevilajoan	@crisvall23
@capdevilajoan	@Elcirererdelpu1
@capdevilajoan	@eloresotzet
@capdevilajoan	@eoliete
@capdevilajoan	@fsparra
@capdevilajoan	@jodellll
@capdevilajoan	@Muxiqueta
@capdevilajoan	@pilar_in_
@capdevilajoan	@RaulAzuaza
@carla_gmc	@sandracodes
@carlaandreu96	@MartiTegidoCAT
@Carles_Rico	@AlemanyManel
@Carles_Rico	@alfredvrn
@Carles_Rico	@blondieworld
@Carles_Rico	@Clio_deries
@Carles_Rico	@EileenTruax
@Carles_Rico	@jaumetenko
@Carles_Rico	@JoangallLH
@Carles_Rico	@kinbota
@Carles_Rico	@manelmr70
@Carles_Rico	@miquel303marti
@Carles_Rico	@Miriamdiazmunoz
@Carles_Rico	@moncapsa
@Carles_Rico	@mote_lulada3
@Carles_Rico	@neopunki
@Carles_Rico	@roshavor
@Carles_Rico	@XeniaBusse
@Carles_SF	@Linaguasca
@Carles_SF	@Motxi_CAT
@carlesbert	@annaprats
@carlesbert	@APVallcarca
@carlesbert	@fleshandblog
@carlesdomingo	@golfjuliet1
@CarlesFlash	@alfred_snchez
@CarlesFlash	@pepvivesBIB
@CarlesHeredia	@_julia_m_r
@CarlesHeredia	@Aleiix21
@CarlesHeredia	@jadeiajo
@CarlesHeredia	@loulouleloup
@CarlesOrdiales	@pepvergeli
@Carlespinone	@0Seuba
@Carlespinone	@32666a40a1d446d
@Carlespinone	@44fbed9d66f54de
@Carlespinone	@4ng3lP
@Carlespinone	@75pilicapi
@Carlespinone	@abgsportingclub
@Carlespinone	@abombi
@Carlespinone	@adriablc
@Carlespinone	@agustiaullol
@Carlespinone	@Albors
@Carlespinone	@AlexGuitart
@Carlespinone	@AmbCarles
@Carlespinone	@AnaVarkatzas
@Carlespinone	@art_saki
@Carlespinone	@asilveiro
@Carlespinone	@BblaiaLaia
@Carlespinone	@BernatBerenguer
@Carlespinone	@BernatMajo
@Carlespinone	@bette_noir__
@Carlespinone	@blumonac
@Carlespinone	@brujaestudiante
@Carlespinone	@brutaken
@Carlespinone	@canabales
@Carlespinone	@CanoAbogado
@Carlespinone	@Carbo1973
@Carlespinone	@carme_corominas
@Carlespinone	@Carmerb
@Carlespinone	@catalajoanam
@Carlespinone	@CemarLidia
@Carlespinone	@ChusZ
@Carlespinone	@Cim_Destela
@Carlespinone	@danielmonton
@Carlespinone	@danivalverdeb
@Carlespinone	@degreis_85
@Carlespinone	@diidaccc
@Carlespinone	@dpuigs
@Carlespinone	@ds0ms
@Carlespinone	@dvdrtype
@Carlespinone	@EduardFarinyes
@Carlespinone	@edudiaz
@Carlespinone	@elquemadobcn
@Carlespinone	@EnricBda
@Carlespinone	@EnricBuba
@Carlespinone	@estevelg
@Carlespinone	@EstherMarti8
@Carlespinone	@fem_pinya_indep
@Carlespinone	@femquelcom
@Carlespinone	@fmargarit
@Carlespinone	@fnogues
@Carlespinone	@fora38
@Carlespinone	@Fotomovimiento
@Carlespinone	@francesci
@Carlespinone	@Franel_Landau
@Carlespinone	@GavaxIndep
@Carlespinone	@gemmafrost19
@Carlespinone	@genesca_62
@Carlespinone	@Georsic
@Carlespinone	@gerardvg92
@Carlespinone	@gika_82
@Carlespinone	@gosblau
@Carlespinone	@guminil
@Carlespinone	@HereudeCanPich
@Carlespinone	@HMProy
@Carlespinone	@Houseteee
@Carlespinone	@hquinzelxxx
@Carlespinone	@info_referendum
@Carlespinone	@ismydecember
@Carlespinone	@JanCartes
@Carlespinone	@jballesbcn
@Carlespinone	@jfgras
@Carlespinone	@JLLGarciaS
@Carlespinone	@jmiret1967
@Carlespinone	@JoanFiga
@Carlespinone	@JoanGuillaumet
@Carlespinone	@Joanibanez1971
@Carlespinone	@joanteixa
@Carlespinone	@joaquinagr
@Carlespinone	@johierfer
@Carlespinone	@Jordi_Bayo
@Carlespinone	@jordiborras
@Carlespinone	@jordicabot
@Carlespinone	@jordigil96
@Carlespinone	@jorditweeting
@Carlespinone	@jorpesu
@Carlespinone	@jpf1961
@Carlespinone	@jrevaristo
@Carlespinone	@JuanmaRamos23
@Carlespinone	@JuliaMalatesta2
@Carlespinone	@junagrey
@Carlespinone	@kikucule
@Carlespinone	@lacasadelavall
@Carlespinone	@laia_puig
@Carlespinone	@lapiedraqfalta
@Carlespinone	@laurabartrina
@Carlespinone	@lcaramelos23
@Carlespinone	@lluisboriag
@Carlespinone	@loloolol_
@Carlespinone	@lydbcn
@Carlespinone	@mafflles
@Carlespinone	@mallerenga
@Carlespinone	@manel_martinezg
@Carlespinone	@Marfil1961
@Carlespinone	@Martaf89
@Carlespinone	@MCopons
@Carlespinone	@mikner84
@Carlespinone	@mireiamimi
@Carlespinone	@Molt05
@Carlespinone	@Montsecalfumat
@Carlespinone	@mpfernando
@Carlespinone	@Munttse
@Carlespinone	@Nendelaselva
@Carlespinone	@ninucat
@Carlespinone	@nuriaingles
@Carlespinone	@OEroles
@Carlespinone	@oscar_sebastia
@Carlespinone	@OskarPhenix
@Carlespinone	@Pedro87632911
@Carlespinone	@Pep__Vila
@Carlespinone	@perefreixas
@Carlespinone	@PerePam
@Carlespinone	@perevivaselias
@Carlespinone	@Petxule
@Carlespinone	@pitu_mikel
@Carlespinone	@portdelcompte
@Carlespinone	@ppmenges
@Carlespinone	@Pueblo_Llano
@Carlespinone	@RebeckaRullan
@Carlespinone	@rfernandezjou
@Carlespinone	@riicard7
@Carlespinone	@rmbellet
@Carlespinone	@RogerSampietro
@Carlespinone	@Rossend
@Carlespinone	@S_power_girl
@Carlespinone	@salvijolis
@Carlespinone	@sara_croft83
@Carlespinone	@SaraiCoonors
@Carlespinone	@scapadtot
@Carlespinone	@separatidmierda
@Carlespinone	@sergipfcc
@Carlespinone	@Sergisaju
@Carlespinone	@SilkEspectre
@Carlespinone	@sinapellidoscat
@Carlespinone	@Sirereta
@Carlespinone	@sistahM1
@Carlespinone	@SrTurras
@Carlespinone	@Ssuneb
@Carlespinone	@sublinismo
@Carlespinone	@SusanaGimenezPa
@Carlespinone	@TarongetaMecnic
@Carlespinone	@tetesar
@Carlespinone	@TienesTipex
@Carlespinone	@tirorere
@Carlespinone	@Toes1966
@Carlespinone	@TomasRubioSalas
@Carlespinone	@tonibonetp
@Carlespinone	@tonifarm2
@Carlespinone	@tormenta_negra_
@Carlespinone	@TrueUrkanon
@Carlespinone	@TVinyes
@Carlespinone	@ullsverds
@Carlespinone	@Urantia76
@Carlespinone	@vazqmontre
@Carlespinone	@VeroAuladell
@Carlespinone	@Veronic40630547
@Carlespinone	@vgl66
@Carlespinone	@victuabfe
@Carlespinone	@Xavi_Pal88
@Carlespinone	@Xavi44896342
@Carlespinone	@XaviCalvoSuria
@Carlespinone	@xavicolomer
@Carlespinone	@Xavindreu
@Carlespinone	@Xavitorru
@Carlespinone	@xeotico
@CARLESRIUS	@Clonussklogw
@CARLESRIUS	@PEPDECAT
@carlesvega	@CarmeTorrelles
@carlesvega	@dolsalaia
@carlesvega	@dona_invisible
@carlesvega	@erclleida
@carlesvega	@ercpaeria
@carlesvega	@gatubella89
@carlesvega	@gemmafrost19
@carlesvega	@guifre2053
@carlesvega	@hquinzelxxx
@carlesvega	@jmbaiget
@carlesvega	@Jordrocgo95
@carlesvega	@junagrey
@carlesvega	@S_power_girl
@CarlosCarulla	@Eduardo38364447
@CarlosRibanez	@ampl48
@CarlosRibanez	@amubcn
@CarlosRibanez	@esteren3onidos
@CarlosRibanez	@Evabcndat
@CarlosRibanez	@GoranPalermo
@CarlosRibanez	@infocannabis
@CarlosRibanez	@johnflan61
@CarlosRibanez	@Libertadlarubia
@CarlosRibanez	@MelonDeCorazon
@CarlosRibanez	@murri1972
@CarlosRibanez	@NepmuL
@CarlosRibanez	@Noara_araoN
@CarlosRibanez	@paublsh
@CarlosRibanez	@prieto__
@CarlosRibanez	@silviarojor
@carmeadan	@mariluzchb
@carmeadan	@TereixaPaz
@CarmeLaboria	@mbarjola
@carmerabcn	@MarcSambola
@carolinatb_	@bankrobberbcn
@carolinatb_	@GramophoneAllst
@CarolMoly	@Floren61
@CarolMoly	@Splth32
@Casafont_R	@CARLESRIUS
@Casafont_R	@jara_toni
@casajuseran	@EtorManterola
@casajuseran	@JordiBarcino
@casandra_lungu	@finillagil
@cat_rebotada	@elurulibarrena
@catadicta	@Miquel_Jurado
@CatalanVoices	@Adanieldot
@CatalanVoices	@KapaMarci
@CatalanVoices	@mahe_patrick
@CatalanVoices	@Oronules
@CatalanVoices	@Pmcg1988
@CatalanVoices	@saragrCAT
@CatalanVoices	@SunuJekabs
@catalunyabr	@fabio_cbgb
@catalunyabr	@nelsontucci
@catalunyabr	@pradifundir
@catalunyabr	@ReisLucas21
@catalunyabr	@tezstegen
@catalunyabr	@VictoorAugustoo
@CatDemocratica	@joancguerrero
@CatDemocratica	@jomateix50
@CatDemocratica	@juditpujado
@CatDemocratica	@montserumbau
@CatDemocratica	@RTapiasCors
@CatNextState	@NoemiPAH
@CauVistaAlegre	@jballesbcn
@CauVistaAlegre	@JPonsFosalva
@CauVistaAlegre	@LluisJB
@CauVistaAlegre	@LluisRiba
@CauVistaAlegre	@oletusbuevos
@cbartes	@xacapica
@cbartes	@XaviDume
@cbpelsi	@albertgusi
@cbpelsi	@MeritxellBelchi
@cbpelsi	@mfuster001
@cbpelsi	@rikardnou
@cbpelsi	@xdocampo
@CDR_CanSerra	@ANCLHospitalet
@CDR_CanSerra	@AssBaseEstud
@CDR_CanSerra	@bioscamontse
@CDR_CanSerra	@cuppobleactiulh
@CDR_CanSerra	@dgranado1973
@CDR_CanSerra	@Fidu76
@CDR_CanSerra	@LaTiger1
@CDR_CanSerra	@MjoseEspinosa
@CDR_CanSerra	@montsemcorral
@CDR_CanSerra	@MuMunMuns
@CDR_CanSerra	@RaquelPRivera
@CDR_CanSerra	@RubenCasellas
@CDR_CanSerra	@sergi_fabmat
@CDR_CanSerra	@SergiBS_cat
@CDR_CanSerra	@SomBellvitge
@CDR_CanSerra	@XaviTallon
@CDR_SEulalia	@ACP3010
@CDR_SEulalia	@bioscamontse
@CDR_SEulalia	@CDR_CanSerra
@CDR_SEulalia	@cdrlhcentre
@CDR_SEulalia	@CristinaEA_10
@CDR_SEulalia	@elisabetrlujan
@CDR_SEulalia	@F_Cas79
@CDR_SEulalia	@frikimic
@CDR_SEulalia	@joandema
@CDR_SEulalia	@JoanRBarCa
@CDR_SEulalia	@lhosvidalet
@CDR_SEulalia	@mireiadiro
@CDR_SEulalia	@NodoyunaPier
@CDR_SEulalia	@RubenCasellas
@CDR_SEulalia	@SomBellvitge
@CDR_SEulalia	@SomSantaEulalia
@CDR_SEulalia	@tranamay
@CDR_SEulalia	@trosdelunivers
@CDR_SEulalia	@XxJokerTrollxX
@CDR_Treball	@antih3roi
@CDR_Treball	@avanglarill
@CDR_Treball	@EliAdellWinkler
@CDR_Treball	@fricart
@CDR_Treball	@marinotperez
@CDR_Treball	@RogerPujolar
@CDR_Treball	@rogervendrell
@CDRcstf	@A_S_e_r_r_a_n_o
@CDRcstf	@albailar
@CDRcstf	@Amurcia1969
@CDRcstf	@Arispui
@CDRcstf	@christianguasch
@CDRcstf	@cotaquetal
@CDRcstf	@DavidPelegri
@CDRcstf	@Entrepanator
@CDRcstf	@ferranbohigas
@CDRcstf	@ferranfcg
@CDRcstf	@FistroBoy
@CDRcstf	@Issabela50
@CDRcstf	@jcarles_vila
@CDRcstf	@JoanSabateFelip
@CDRcstf	@joelbagur
@CDRcstf	@jordi_duart
@CDRcstf	@Laia2296
@CDRcstf	@laisarabiosa
@CDRcstf	@laurajnigro
@CDRcstf	@manel_martinezg
@CDRcstf	@martacuadrado_
@CDRcstf	@MartaPil
@CDRcstf	@mercheruiz_
@CDRcstf	@oriol_aguilar
@CDRcstf	@Pauvc97
@CDRcstf	@PereBosi
@CDRcstf	@RutAixa
@CDRcstf	@sergiaguilar1
@CDRcstf	@SergioLuqueVi
@CDRcstf	@t_equo
@CDRcstf	@TxemaNV
@CDReferendumSVH	@CUPSVH
@CDRElVendrell	@jordi_bojan
@CDRElVendrell	@sergivaz
@CDRElVendrell	@viscat88
@CDRepublica	@alexrosell6
@CDRepublica	@qualssevol
@CDRFranqueses	@1139dani
@CDRFranqueses	@aidamarcos
@CDRFranqueses	@Albert_lopez011
@CDRFranqueses	@ana_tarin
@CDRFranqueses	@BlueForecast
@CDRFranqueses	@Bruixaruth
@CDRFranqueses	@CUPFranqueses
@CDRFranqueses	@dmmgranollers
@CDRFranqueses	@EL9NOU_VOr
@CDRFranqueses	@escanueladrums
@CDRFranqueses	@esgumu69
@CDRFranqueses	@Esquerralf
@CDRFranqueses	@flushfeller
@CDRFranqueses	@J_Alex_Vega
@CDRFranqueses	@jm_oscar
@CDRFranqueses	@jordisagi
@CDRFranqueses	@LFImagina
@CDRFranqueses	@lluna_plena
@CDRFranqueses	@MarcelTugas
@CDRFranqueses	@miquel_canovas
@CDRFranqueses	@Nitafull
@CDRFranqueses	@PilarMateoLopez
@CDRFranqueses	@RodoredaJordi
@CDRFranqueses	@Silcrpu
@CDRGironaSalt	@abelgf_
@CDRGironaSalt	@casalsaltenc
@CDRGironaSalt	@FReixach
@CDRGironaSalt	@JuditSalt
@CDRGironaSalt	@lady_ratafia
@CDRGironaSalt	@saltxind
@CDRGoticRaval	@marinotperez
@CDRGoticRaval	@NuriFont
@CDRHG7	@KnoDemagog
@CDRHG7	@Maribel25673500
@CDRHG7	@Rogerbuch
@cdrlhcentre	@josep_capo
@CDRNouBarris	@royodovich
@CDRPoblenou	@annaguerrero76
@CDRPoblenou	@LaDupla_
@CDRPoblenou	@raulamigo74
@CDRPoblenou	@RitaVVillain
@CDRPoblenou	@sergisonic
@CDRPremiadeMar	@AFAMarNova
@CDRPremiadeMar	@ciclomountain
@CDRPremiadeMar	@DavidPreDMar
@CDRPremiadeMar	@FabregatMarta
@CDRPremiadeMar	@Jordilic
@CDRPremiadeMar	@milcamins
@CDRPremiadeMar	@neusquick
@CDRPremiadeMar	@NoFootball_IQ
@CDRPremiadeMar	@soniapart
@CDRPremiadeMar	@Splth32
@CDRPremiadeMar	@vatualolla
@CDRstap	@finselsovaris
@cdrvng	@AgataOlegario
@cdrvng	@Ajakumoi
@cdrvng	@albacru
@cdrvng	@AlbertGracia77
@cdrvng	@Anna_anninx
@cdrvng	@bertabelaskoain
@cdrvng	@biblioaprenent
@cdrvng	@c9muntane
@cdrvng	@CarlesFlash
@cdrvng	@catalivng
@cdrvng	@elbuzondeisabel
@cdrvng	@EugeniaPiera
@cdrvng	@EvaFerrerGarci1
@cdrvng	@ffarreras
@cdrvng	@ignasill
@cdrvng	@jfontgon
@cdrvng	@marcbalafc
@cdrvng	@maria_rafols
@cdrvng	@marti2014
@cdrvng	@MngelsMontserra
@cdrvng	@nelsky7
@cdrvng	@niskas
@cdrvng	@Pokoyocat2
@cdrvng	@sotoarmengol
@cdrvng	@SylviaJimenez15
@cdrvng	@toniribascrespo
@cdrvng	@whilas82
@cernaviva	@Chelodepor
@cernaviva	@cot1959
@cernaviva	@egrojj1984
@cernaviva	@estela_malvido
@cernaviva	@Maiterola
@cernaviva	@parrouro
@cesc68	@Rogeer46
@Cherokee_xxl	@ferranq9
@Cherokee_xxl	@jaranuskli6
@Cherokee_xxl	@victorviatger67
@CHLlavaneres	@Certero8
@CHLlavaneres	@chmartorell
@CHLlavaneres	@SergiTria
@chrisgarrit	@DinaDragune
@chrisgarrit	@paulssss18
@chunaii_	@juanjopuntcat
@cienciescoop	@_Rosamary_
@cienciescoop	@eduardhv77
@cienciescoop	@jpadros
@cienciescoop	@SalvadorAgell
@circdetarragona	@miquel_silvia
@clara_hui	@_MiquelL_
@clarapeya	@ainaivern
@clarapeya	@blairodriguez
@clarapeya	@elmarcmartinez
@ClaraSoteras	@DN_argent
@ClaraVirgili_	@pepvivesBIB
@ClaritaBernat	@elisendallg
@ClaudeDuguay2	@PChaibriant
@clickitiro	@capidanMar
@clickitiro	@fredijosal
@clickitiro	@ggkex
@clickitiro	@Gloriaplanas
@clickitiro	@PatamPatim
@ClotDecideix	@arimalane68
@ClotDecideix	@JessiBau6
@comandotibidabo	@birloche
@comandotibidabo	@guandemor
@comandotibidabo	@ispeiv
@comandotibidabo	@jordirod7
@comandotibidabo	@m_mcasado
@comandotibidabo	@mcasas205
@comandotibidabo	@perevivaselias
@CompteHola	@annadevesa
@comptesnosurten	@SantsTV
@Coordinadora25S	@__Gonzalos__
@Coordinadora25S	@_OceanHorizons_
@Coordinadora25S	@aangelesrubio
@Coordinadora25S	@alexhyrule99
@Coordinadora25S	@Amadeus510
@Coordinadora25S	@bespierre
@Coordinadora25S	@csraul
@Coordinadora25S	@cucurux0
@Coordinadora25S	@cyberalex75
@Coordinadora25S	@GrupDeuteLH
@Coordinadora25S	@InstaSamer
@Coordinadora25S	@IsandaMusic
@Coordinadora25S	@JamPepo
@Coordinadora25S	@JaviRock96
@Coordinadora25S	@JesusParcerisa
@Coordinadora25S	@julsaco
@Coordinadora25S	@Malcazarc
@Coordinadora25S	@mariangd_
@Coordinadora25S	@merchejara
@Coordinadora25S	@nuncaesttarde
@Coordinadora25S	@RusoMikel
@Coordinadora25S	@spvtnikk_
@Coordinadora25S	@Walivose20
@Cop_baix	@bb_erts
@Cop_baix	@bertabelaskoain
@Cop_baix	@cdrvng
@Cop_baix	@geipermans
@Cop_baix	@HerodesElGran
@Cop_baix	@Manny_Guido
@Cop_baix	@marti2014
@Cop_baix	@melquiart
@Cop_baix	@mncplns
@Cop_baix	@MutenRa
@Cop_baix	@oriolcruells
@Cop_baix	@pau_ramon
@Cop_baix	@Xavier27384911
@correoderobert	@BestWebEnglish
@correoderobert	@FrancisRubioGme
@correoderobert	@Gmo_Ch
@correoderobert	@juancomotu
@correoderobert	@leohispania70
@correoderobert	@RBN_Noticias
@correoderobert	@rule_of_lois
@CostaBravaToday	@Albalopxz
@CostaBravaToday	@Dasha_fcb
@CostaBravaToday	@jurgenvontopfer
@CostaBravaToday	@mbosk1978
@CostaBravaToday	@TassjaArt
@costalluis	@llalbanell
@costalluis	@nuriariquelme
@crazylilcuban	@HearthWindFire
@CrisPlanaguma	@bertagv14
@cristinaisanta	@Splth32
@cristinalosant1	@JosepLosantos
@cristinalosant1	@lia_voort
@CristinaSerraM	@PaulaCoyscot
@CristinaSerraM	@stevietgrant
@crisurbis	@Cooper_Morris
@crisvi60	@es_elnerdo
@cuborubik44	@GarroTejero
@cuborubik44	@RosaCodina2
@cuborubik44	@tonicesteve
@cuborubik44	@vinolasbcn
@CucaferaMtb	@orland1972
@Cup_Breda	@CaparrosRosa
@Cup_Breda	@ctxavi
@Cup_Breda	@NuriaMares1
@CUP_SAB	@arnau78
@CUP_SAB	@clipeii
@CUP_SAB	@gregorioperezag
@CUP_SAB	@JoanMumbru
@CUP_SAB	@lago4040
@CUP_SAB	@manel1978
@CUP_SAB	@rogerangela
@CUPBarcelona	@embproyect
@cupcorbera	@mtintorejarque
@CUPdeVilanova	@aaronvng
@CUPdeVilanova	@AgataOlegario
@CUPdeVilanova	@biblioaprenent
@CUPdeVilanova	@cabaxa1
@CUPdeVilanova	@cdrvng
@CUPdeVilanova	@csecnarf76
@CUPdeVilanova	@Flai_CAT
@CUPdeVilanova	@magda_domingo
@CUPdeVilanova	@mncplns
@CUPdeVilanova	@paullamu
@CUPdeVilanova	@Restless__Soul
@CUPReus	@jireves
@CUPSantCeloni	@econtrerascc
@CUPSantCeloni	@grandonapetita
@CUPSantCeloni	@mo_ro_es
@cupvila	@espantaocell
@CusiAnna	@IvanFdz13
@CusiAnna	@MeritxellConsta
@Cybercaeiro	@Floren61
@Cybercaeiro	@marttttaaa
@Cybercaeiro	@mzfressinaud
@Cybercaeiro	@ordazi
@Cybercaeiro	@Splth32
@dabejulia	@AnnaOliv2
@dacoal	@tristom_72
@dadanoias	@AnonymousBCN
@dadanoias	@JosepSDA
@dadanoias	@lonlilon
@dadanoias	@NaniMasriera
@dadanoias	@pole748
@Dani_Empresario	@alfredvrn
@Dani_Empresario	@capidanMar
@Dani_Empresario	@divapiti
@Dani_Empresario	@Gem_power
@Dani_Empresario	@kikofr6
@danieltorrelles	@AnnaGuell
@danieltorrelles	@calsojorn
@danieltorrelles	@Fortelena
@danieltorrelles	@Gloriaplanas
@danieltorrelles	@higinih
@danieltorrelles	@JoanR_
@danieltorrelles	@jordi_cc
@danieltorrelles	@MarcZenTime
@daniplanasv	@BeauchampDiane
@daniplanasv	@jaumefreixedas
@dardicks11	@jordi_morenog7
@Dasha_fcb	@blascordero9
@Dasha_fcb	@mbosk1978
@Dave_1899	@ANCDinamarca
@Dave_1899	@EloyFP_SdS
@Dave_1899	@JosepRuaix
@davewalshphoto	@CharlieFox1714
@davewalshphoto	@s_valls
@davewalshphoto	@SuzanneWalsh_
@david_bel	@DeMisterioPunto
@david_bel	@vicentephasbd
@david_font	@Solarthought
@DavidGrosclaude	@AMarieHAUTANT
@DavidGrosclaude	@glatrubesse
@davidmarchuet	@mariossans
@davidperello	@davidperello
@davidpich	@alexgm
@davidpich	@CostaBravaToday
@davidpich	@ForRevolucion
@davidpich	@Leticia12912
@davidpich	@mandarinavm
@davidpich	@MCarol37
@davidpich	@NeusNogue
@davidrd68	@jmcondom
@davidrd68	@pauc_14
@daviperez90	@jagmedi
@Debat_Team	@smallblueworld
@Deivid1714	@Deivid1714
@Deivid1714	@ladysecrets_
@Delfi_Sastre	@guillem309
@DeLombra	@SCOTSANGEL1
@desdelilla	@matortell
@dfertl	@Britanniacomms
@dfertl	@marta_tallada
@dfertl	@mgs_eire
@dfertl	@p1z4T
@dfertl	@PereBofill
@dgirunews	@NoFootball_IQ
@dialecsost	@gemma_monfort
@DiariJornada	@jraulbc
@DiariJornada	@PonsPep
@DidacHerreroBa	@Ignasi747
@DidacHerreroBa	@xgpcoach
@directe	@2Marke
@directe	@2nosaltres2
@directe	@4691tms
@directe	@anaoromilluch
@directe	@anna_geli
@directe	@AntoniFerran
@directe	@Anuar2801
@directe	@carme60pm
@directe	@carratal
@directe	@Casanovas1994
@directe	@cfrd1909cat
@directe	@chd90
@directe	@comfer02
@directe	@emercader05
@directe	@ensabonat
@directe	@esterpoate
@directe	@EudaldMaestro
@directe	@GmLauraLopez
@directe	@IgnasiMayolas
@directe	@imma_ccorominas
@directe	@JandroJaudi
@directe	@joelcv1981
@directe	@jordibag
@directe	@Jrpique
@directe	@karmaatB
@directe	@llambillenc
@directe	@marti2014
@directe	@MiqTweet
@directe	@miqueldefabreg1
@directe	@montsecanals46
@directe	@montserumbau
@directe	@ori1905
@directe	@oriolpa78
@directe	@oscar_trullas
@directe	@PCompteE
@directe	@pekpep
@directe	@RTapiasCors
@directe	@saralidiaester
@directe	@Sergidelmig
@directe	@weisz_monica
@directe	@xavihosta
@directe	@xmondejar
@djkram	@Xevib
@dnicatala	@jara_toni
@dnicatala	@mafaldadelleida
@dnicatala	@manelmasso
@dnicatala	@salvijolis
@dnicatala	@veroarinop
@doctorprats	@AnnnaHp
@doctorprats	@immaferrer
@doctorprats	@JordiCalvera
@doctorprats	@lramoneda11
@doctorprats	@MeritxellBA
@doctorprats	@NGniers
@doctorprats	@PaulaPadulles
@doctorprats	@ramontardit
@doctorprats	@smilingdaddario
@doctorprats	@VVillagrasa
@Dracs1991	@Albert_El_Gran
@duartecorreaGZ	@levamexa
@duartecorreaGZ	@montseprado
@dvdbou	@gladyscernadav1
@E_Casellas	@nrccapdesuro
@E_Casellas	@Soy_AntiTaurin0
@E_S_E	@Sir_Ander80s
@eduardcabus	@royalcohen
@eduardcabus	@Sinsajo3Rings
@EduardFabre	@IborraRoser
@EduardFabre	@msolacat
@EduardMartiRoca	@mariarocallover
@EduardMartiRoca	@rosercaar
@eduguardia	@Cleef_elMalo
@Eelduaien	@GaizkaLarranaga
@eestels	@ANCNouBarris
@eestels	@kaimaxi
@eetxeberria	@jonordoez
@efreixa	@Albertmvidal
@efreixa	@crisvall23
@efreixa	@FCB01OCT
@efreixa	@lucasammr
@efreixa	@MarcAV_
@efreixa	@rut_vilar
@efreixa	@serra_cata
@ehbildubergara	@ariannekareaga
@ehbildubergara	@ion_albizu
@ehbildubergara	@Ziklist
@EHBilduLekeitio	@fan_esan
@EHBilduLekeitio	@MT_Aboitiz
@eibarkoegi	@ivan_iriax
@EkintzaLanda	@LandaJauna
@EkintzaLanda	@Loren81046635
@El_Foment	@ToniClaramunt
@el_Klit	@cdrvng
@el_Klit	@SergiAtienza_
@el_Klit	@t_equo
@el_margaritu	@astridbarque
@el_margaritu	@Celiaizq
@ELABilbo	@asiertxakartegi
@ELABilbo	@elapakea
@ELABilbo	@PDCVdM
@Eladi_ML	@Miriamdiazmunoz
@Eladi_ML	@trapella
@elcrustaceorojo	@jorgekokaso
@elcrustaceorojo	@Miareando
@elcupaire	@aviatllibertat
@elcupaire	@didacjoanz
@elcupaire	@formatgedecabra
@elcupaire	@MateuMirai
@elcupaire	@oco_xeic
@Elderubi	@eliss_85
@Elderubi	@ignasimir
@ElectricaDharma	@cracksona9
@ElectricaDharma	@LluisFortuny
@ElectricaDharma	@mfuster001
@elgranPerich	@cuinerfoll
@elgranPerich	@daniel8es8
@elgranPerich	@elgranPerich
@elgranPerich	@isabelberga
@elgranPerich	@JPlanellas
@elgranPerich	@montseestrada2
@elgranPerich	@SonsOfGutenberg
@elgranPerich	@Tomas_Pardo
@elgranPerich	@ToninoBlumen
@Elisabet_Af	@Elisabet_Af
@elisabetmoreno	@gonzalezfoto
@elisabetmoreno	@worldlystone
@elmarcmartinez	@Celiaizq
@elpetrifax	@carme_sola
@elpetrifax	@daserrar
@elpetrifax	@DavidIsrael1975
@elpetrifax	@ggkex
@elpetrifax	@Joanvilaitriadu
@elpetrifax	@JosepArnau
@elpetrifax	@martetamataro
@elpetrifax	@MartiArnabat
@elpetrifax	@mrierapla
@elpetrifax	@paquifer1969
@elpetrifax	@precioreducido
@elpetrifax	@Walivose20
@elpetrifax	@xborras1900gma1
@ElsokeBarricada	@aleix_vilalta
@ElsokeBarricada	@aleixandols
@ElsokeBarricada	@ElsokeBarricada
@ElsokeBarricada	@freed4Catalonia
@ElsokeBarricada	@JordiGarciaP
@ElsokeBarricada	@marc_lax
@ElsokeBarricada	@misteri1963
@ElsokeBarricada	@xavi123trejo
@elTxatxu	@Elisabet_Af
@elTxatxu	@isisyuyinica
@elTxatxu	@juliangrau
@elTxatxu	@sack_am
@elTxatxu	@spidermancat
@EmiliBella_	@CanSidrot
@EmiliBella_	@CarlosRivasFdez
@EmiliBella_	@jordideafix
@EmiliBella_	@sack_am
@emmalikestrains	@Ariadnanj
@emperadriu	@emperadriu
@empordanesa13	@agda_sobrino
@enazazu	@mikeliriarte
@endavanteix	@molisimat
@EndavantPonent	@fgabarrell
@EndavantPonent	@IsidorMari
@EndavantPonent	@Miquel_Pueyo
@EndavantPonent	@sisco_garcia
@enpepus	@JMarquesAC
@enrich_marc	@RogerOneTT
@enSergioles	@airmosso
@enSergioles	@AlbertYarza
@enSergioles	@angels_pilates
@enSergioles	@bip_jaume
@enSergioles	@Blindonion2O
@enSergioles	@Carlesescario
@enSergioles	@Casanovas1994
@enSergioles	@cuacat
@enSergioles	@Elfitu
@enSergioles	@FinaLop14988452
@enSergioles	@hiramprincipal
@enSergioles	@ignasillesuy
@enSergioles	@Ii_iITLLCIi_iI
@enSergioles	@isaacguila
@enSergioles	@jordi_farre
@enSergioles	@JosepCapdevila9
@enSergioles	@josepmariaserra
@enSergioles	@laura79pg
@enSergioles	@Lluisllll
@enSergioles	@lluismundet
@enSergioles	@madovi19571
@enSergioles	@MoiLeMiroir
@enSergioles	@plumalba
@enSergioles	@pmenamendoza
@enSergioles	@polo_lluis
@enSergioles	@salvad_m
@enSergioles	@silvia_gabarro
@enSergioles	@sopi64
@enSergioles	@sqd_74
@enSergioles	@tetesarda
@EnverAzMe	@bernat_vg
@EnverAzMe	@bertabelaskoain
@EnverAzMe	@Herliyi
@EnverAzMe	@wankel1981
@Eponine77	@mrtxema
@ERC_SEB	@AIllamola
@ERC_SEB	@ERCOsona
@ERC_SEB	@ramfon
@ERClaseu	@doctordinamo
@ERClaseu	@JosepRuaix
@ERCTorello	@BertaFaro1
@ERCTorello	@csurinach
@ERCTorello	@EmiOrt3g4
@ERCTorello	@ERCOsona
@ERCTorello	@jordicasals
@ERCTorello	@Joropu
@ERCTorello	@LluisSabates
@ERCTorello	@marctienda
@ERCTorello	@martakha
@ERCTorello	@rconstanso
@ERCTorello	@Splth32
@ernestpantxo	@GabriDakidarria
@ernestpantxo	@Ismaeldelrioel
@ernestpantxo	@ismydecember
@ernestpantxo	@ivan_gordi
@ernestpantxo	@jordigangolells
@ernestpantxo	@rosapinkable
@erosbaro	@ANCDinamarca
@erosbaro	@bustamante1957
@erosbaro	@DanielSilvaGar3
@erosbaro	@Danimontmontse
@erosbaro	@Domenecgf
@erosbaro	@FCB01OCT
@erosbaro	@ForRevolucion
@erosbaro	@gemma_vernet
@erosbaro	@joancasanovas27
@erosbaro	@joanissim
@erosbaro	@JosepRuaix
@erosbaro	@malasombra999
@erosbaro	@Mussolteatre
@erosbaro	@Nane_nanemusic
@erosbaro	@ori1905
@Erramun2014	@_gerard_
@Erramun2014	@21pedri
@Erramun2014	@aferre34
@Erramun2014	@AitorMCastellvi
@Erramun2014	@AlbertPeritaaj
@Erramun2014	@AlbertR1978
@Erramun2014	@AlemanyManel
@Erramun2014	@Alonso130r
@Erramun2014	@AltafullaMiriam
@Erramun2014	@anna_torro
@Erramun2014	@annabelsalinas
@Erramun2014	@antaviana79
@Erramun2014	@antoniflotats
@Erramun2014	@AR291268
@Erramun2014	@armandvalera
@Erramun2014	@astornell_77
@Erramun2014	@atopeuri
@Erramun2014	@b2barrio
@Erramun2014	@BECARO1960
@Erramun2014	@BhrmmJoaquim
@Erramun2014	@brodripe
@Erramun2014	@ca5030b2074d402
@Erramun2014	@CanoVerge
@Erramun2014	@capidanMar
@Erramun2014	@Carles_RV
@Erramun2014	@Carrington_BIO
@Erramun2014	@Catalan_Dragon
@Erramun2014	@chema_moreno_p
@Erramun2014	@citizenJordai
@Erramun2014	@ComandoGlucosa
@Erramun2014	@cristinasamped1
@Erramun2014	@dabeatg
@Erramun2014	@Danic41
@Erramun2014	@DavCham
@Erramun2014	@edremu
@Erramun2014	@edu_kast
@Erramun2014	@einnoc92
@Erramun2014	@elisabetmoreno
@Erramun2014	@enricbar3
@Erramun2014	@Esperit_de_Cat
@Erramun2014	@EstherNombela23
@Erramun2014	@EugeniVS
@Erramun2014	@faulop76
@Erramun2014	@GamiDolores
@Erramun2014	@Gemmaborch
@Erramun2014	@gonseb76
@Erramun2014	@Hartoman
@Erramun2014	@helena_vima
@Erramun2014	@hippiepirata
@Erramun2014	@indubiopro84
@Erramun2014	@Ingridargente
@Erramun2014	@isabelzapataalv
@Erramun2014	@isaqus
@Erramun2014	@iuserraelias
@Erramun2014	@Javi_Quique_OK
@Erramun2014	@JBorralle
@Erramun2014	@jepit63
@Erramun2014	@JesusParcerisa
@Erramun2014	@JesyLMixers
@Erramun2014	@JJPPbcn
@Erramun2014	@joancisternagar
@Erramun2014	@JoelPS33
@Erramun2014	@joima2013
@Erramun2014	@jordideafix
@Erramun2014	@jordidiqui
@Erramun2014	@jotajotagede
@Erramun2014	@JouScout
@Erramun2014	@JuanJ2708
@Erramun2014	@kamikarse
@Erramun2014	@karkinyolis
@Erramun2014	@Kilauea22
@Erramun2014	@LacalSara
@Erramun2014	@laia_carra
@Erramun2014	@lampvampire
@Erramun2014	@little_rh
@Erramun2014	@llumdelafoscor
@Erramun2014	@Lo_Tio_Collons
@Erramun2014	@lo1160
@Erramun2014	@Lordcat10
@Erramun2014	@lozano_encarna
@Erramun2014	@LuisFM260982
@Erramun2014	@maima1965
@Erramun2014	@ManuelConsuegr5
@Erramun2014	@ManuGranado87
@Erramun2014	@marcgr36
@Erramun2014	@MarcGuiuMonte
@Erramun2014	@MariaJArgelle
@Erramun2014	@mark_masip89
@Erramun2014	@MARKVIC10
@Erramun2014	@Marta4_00
@Erramun2014	@martinetxa
@Erramun2014	@martitze
@Erramun2014	@Mazius069
@Erramun2014	@me_sheer_
@Erramun2014	@Merit_Orlando
@Erramun2014	@MinamisWorld
@Erramun2014	@mireia_gadi
@Erramun2014	@Miturbolin
@Erramun2014	@mmartos5
@Erramun2014	@MonicaMontaa2
@Erramun2014	@Montsetizqu6
@Erramun2014	@MurgadellaJoan
@Erramun2014	@Nai_Larrea
@Erramun2014	@nerol007
@Erramun2014	@nuriafarrus96
@Erramun2014	@OihaMena
@Erramun2014	@OriolAltimir
@Erramun2014	@Oriolchoimet
@Erramun2014	@Oscar85299217
@Erramun2014	@Ouagadougu123
@Erramun2014	@patnodijofacil
@Erramun2014	@PeixRodriguez
@Erramun2014	@Peradrirev
@Erramun2014	@pitu_mikel
@Erramun2014	@PotserNoCal
@Erramun2014	@Pousit
@Erramun2014	@ppdlop74
@Erramun2014	@QuemadoALoBonzo
@Erramun2014	@RebeElias
@Erramun2014	@roccopertiga
@Erramun2014	@RubiJosu
@Erramun2014	@rvirgilipolls
@Erramun2014	@sa_torra
@Erramun2014	@Sabadell_sud
@Erramun2014	@SandraGrauMonta
@Erramun2014	@Sergi_rona
@Erramun2014	@SILVIA_S_S
@Erramun2014	@SINERG1A
@Erramun2014	@SusanaGimenezPa
@Erramun2014	@tarataoi
@Erramun2014	@TheAwesomeVias
@Erramun2014	@TINAMAIQUEZ
@Erramun2014	@tonisanchez88
@Erramun2014	@toseor
@Erramun2014	@trankitavk
@Erramun2014	@TxokoPirata
@Erramun2014	@Walivose20
@Erramun2014	@wingedskin
@Erramun2014	@xavi__85
@Erramun2014	@XAVIMNG
@Erramun2014	@xcervantesa
@Erramun2014	@xelakop
@Erramun2014	@xosepalacio
@Erramun2014	@Zesc11
@escanueladrums	@aidamarcos
@escanueladrums	@CDRFranqueses
@escanueladrums	@esgumu69
@escanueladrums	@PilarMateoLopez
@escanueladrums	@t_equo
@escudellat	@Guillem86
@escudellat	@roger5encuentra
@eserranoregol	@MIQUELLARA
@esplaiscatalans	@AriadnaOdena
@esplaiscatalans	@AriCaballero
@esplaiscatalans	@darkravenblue
@esplaiscatalans	@dona_invisible
@esplaiscatalans	@eduardfermart
@esplaiscatalans	@edufortpienc
@esplaiscatalans	@etakpc
@esplaiscatalans	@Fede_Montseny
@esplaiscatalans	@Fer379
@esplaiscatalans	@FocEstelar
@esplaiscatalans	@Gata_negra93
@esplaiscatalans	@gatubella89
@esplaiscatalans	@gemmafrost19
@esplaiscatalans	@hquinzelxxx
@esplaiscatalans	@irenetorrecilla
@esplaiscatalans	@JuliaMalatesta2
@esplaiscatalans	@junagrey
@esplaiscatalans	@laura_monsonis
@esplaiscatalans	@MarielaVillarr2
@esplaiscatalans	@Mbaltanas
@esplaiscatalans	@MikiRueda
@esplaiscatalans	@misticamari
@esplaiscatalans	@mujermaravillxs
@esplaiscatalans	@octobriana1917
@esplaiscatalans	@Oriolcastro_
@esplaiscatalans	@OriolNadal23
@esplaiscatalans	@S_power_girl
@esplaiscatalans	@sara_croft83
@esplaiscatalans	@xaviplanas1989
@EsqRevoluciona	@Antonio_GarSi
@EsqRevoluciona	@bvilma
@EsqRevoluciona	@gracchus56
@EsqRevoluciona	@MattDobson85
@ester_g_g	@JordiTR1
@ester_g_g	@JosepCabayol
@ester_g_g	@MunicipisCAT
@ester_g_g	@sicomtelevision
@esterfalguera	@AmundsenRoald
@estevecamps	@sanjucris
@EstevePadilla	@enric_adell
@EstevePadilla	@JoanaPadilla_
@EsthRB	@BhrmmJoaquim
@EsthRB	@Gerd_TribuTabu
@EsthRB	@IncivicaBarna
@EsthRB	@jnogueg
@EsthRB	@MagnaCatalonia
@EsthRB	@NeusLluelles
@estibadors_cat	@2aquel
@estibadors_cat	@AgustiST69
@estibadors_cat	@albertmones
@estibadors_cat	@Arnau_de_Freser
@estibadors_cat	@carme_sola
@estibadors_cat	@didacjoanz
@estibadors_cat	@elbahama
@estibadors_cat	@Enric_Velasco
@estibadors_cat	@eugenimedrano
@estibadors_cat	@ferrancat77
@estibadors_cat	@gemma_boixade
@estibadors_cat	@gerardalis
@estibadors_cat	@Isaac300K
@estibadors_cat	@jmvinyes
@estibadors_cat	@Jordibskn
@estibadors_cat	@jortx11
@estibadors_cat	@kinbota
@estibadors_cat	@kkwets
@estibadors_cat	@landingshort
@estibadors_cat	@lavernicola
@estibadors_cat	@lca1979
@estibadors_cat	@leotaxil
@estibadors_cat	@lethemeatcrack
@estibadors_cat	@MarcPuntos
@estibadors_cat	@Mevatv
@estibadors_cat	@mgrafols
@estibadors_cat	@MJesusConangla
@estibadors_cat	@moncap7
@estibadors_cat	@OriolDelgado
@estibadors_cat	@pinxokike
@estibadors_cat	@RachelMenjibar
@estibadors_cat	@Sil_Tor
@estibadors_cat	@verticalisa
@estibadors_cat	@xafaro
@estibadors_cat	@xavivela7
@estibadors_cat	@xavu82
@EstradaLaia	@CasalDPF
@EstradaLaia	@cna2087
@EstradaLaia	@DavidBerenguerB
@EstradaLaia	@daviniacorme
@EstradaLaia	@evukixu
@EstradaLaia	@Francisco2015j
@EstradaLaia	@gr_lia
@EstradaLaia	@GxIANC
@EstradaLaia	@halepues
@EstradaLaia	@JaumeSanch
@EstradaLaia	@Javi_Quique_OK
@EstradaLaia	@Jfcovacs
@EstradaLaia	@korocotta75
@EstradaLaia	@Marc13179434
@EstradaLaia	@monmas3
@EstradaLaia	@pepavives
@EstradaLaia	@pere_eescoda
@EstradaLaia	@susimarques
@EstradaLaia	@synobazz
@EstradaLaia	@VillaJordi
@EstradaLaia	@WillyPanta
@EstradaLaia	@Xavi_Pamies
@EstradaLaia	@Xavierfege
@EstradaLaia	@xito_ramon
@etassies	@Daz_Dillinger
@etassies	@EthnicAmbiguity
@etassies	@gdog2010_john
@etassies	@MonicaCharco
@etassies	@puyolism
@etassies	@tangoverotwit
@etassies	@WittiSatire
@EthnicAmbiguity	@lacey9020
@eudaldsellares	@mariacarmeboix
@EulaliaComas	@lordbmoncunill
@EUROLANG	@Ant1988
@EUROLANG	@GARALEX_EHU
@EUROLANG	@HelenMaryCymru
@EUROLANG	@JensWoelk
@euskalirratiak	@PanpiMercapide
@Ev4Cross	@DeadpoolCatalan
@Ev4Cross	@extracola
@Ev4Cross	@llenguadebou
@Ev4Cross	@lotto81joan
@eva_campano	@annap3
@eva_campano	@AvvChierichetti
@eva_campano	@domingobdn
@eva_campano	@edudiaz
@eva_campano	@EsteponariLlop
@eva_campano	@FadaEstel
@eva_campano	@FaPaCcat
@eva_campano	@FlyingS14652197
@eva_campano	@jaumearba
@eva_campano	@jmeyaa
@eva_campano	@JosepMa05905411
@eva_campano	@maite_verd
@eva_campano	@Pbruguera05
@eva_campano	@perermerono
@eva_campano	@referendumbdn
@eva_campano	@SirQalimer
@eva_campano	@terecoagu
@eva_campano	@Wolfycat
@Eva_Ontiveros	@JordiBulF
@Eva_Ontiveros	@RamsdellTawny
@evacompta	@_ju1_
@evacompta	@1197434
@evacompta	@28mavi28
@evacompta	@324cat
@evacompta	@alancollinspdb
@evacompta	@AlemanyManel
@evacompta	@alextornerdegis
@evacompta	@alfredvrn
@evacompta	@alfsilvan
@evacompta	@almatbac
@evacompta	@Almolda1979
@evacompta	@alterego1714
@evacompta	@amurga1
@evacompta	@asgoodasdead_
@evacompta	@assumpta_gs
@evacompta	@AssumptaBolta
@evacompta	@AvvChierichetti
@evacompta	@Brufolet
@evacompta	@Carpanta67
@evacompta	@cartaoberta
@evacompta	@Catalonia1640
@evacompta	@Cati_Politica
@evacompta	@Claudi_M_C
@evacompta	@Clio_deries
@evacompta	@comamalamark
@evacompta	@cristianborrell
@evacompta	@daninoa81
@evacompta	@davidpich
@evacompta	@davidrosmora
@evacompta	@eduardhv77
@evacompta	@eleenaagomez
@evacompta	@ElenaOlles
@evacompta	@ElisendaE
@evacompta	@ElisendaG
@evacompta	@Eloi_Duarte
@evacompta	@ENDIKA59
@evacompta	@ErroiBilbotarra
@evacompta	@FadyChan4869xX
@evacompta	@Farenheit_451_
@evacompta	@filomat_cat
@evacompta	@flipau
@evacompta	@ForRevolucion
@evacompta	@francescaarasil
@evacompta	@FredericFede
@evacompta	@GamiDolores
@evacompta	@gemmamarcegm
@evacompta	@graw_ge
@evacompta	@GuaspNatAlia
@evacompta	@HugoNaudin
@evacompta	@I_de_Yzaguirre
@evacompta	@i_prochazka
@evacompta	@IbraHotm
@evacompta	@JacintCasademon
@evacompta	@jbuscaronsh
@evacompta	@jcarreira2111
@evacompta	@JDeportos
@evacompta	@jessmoreno1973
@evacompta	@JMMartin37
@evacompta	@jmvidalillanes
@evacompta	@JoMunta
@evacompta	@Joniac11
@evacompta	@JordiFranko
@evacompta	@jordisegura_cat
@evacompta	@josep_martos
@evacompta	@JosepRuaix
@evacompta	@Juan13Herrero
@evacompta	@juanjobote
@evacompta	@judit_tgn
@evacompta	@juditpujado
@evacompta	@kinbota
@evacompta	@krawill
@evacompta	@krisoany
@evacompta	@La__Vida__
@evacompta	@la_mari
@evacompta	@lacasadelavall
@evacompta	@laculefeliz
@evacompta	@LandaJauna
@evacompta	@lenincjh
@evacompta	@Lobitowoolf
@evacompta	@lorryns
@evacompta	@m_mcasado
@evacompta	@maarc_ad
@evacompta	@Maite55841694
@evacompta	@manelmr70
@evacompta	@marconpaolo
@evacompta	@MargaPardos
@evacompta	@Margi_Farras
@evacompta	@marilopez07
@evacompta	@mariocs_gc
@evacompta	@MariusDomingo2
@evacompta	@merce_pages
@evacompta	@mercefverdaguer
@evacompta	@merx6
@evacompta	@miquelcano
@evacompta	@MiriamMh84
@evacompta	@moncapsa
@evacompta	@montsepdm
@evacompta	@montserocky
@evacompta	@motiuscat
@evacompta	@MoyaFrancesc
@evacompta	@mroquet
@evacompta	@mtdp08230
@evacompta	@nagusticasals
@evacompta	@nerol007
@evacompta	@nuriwan
@evacompta	@Nyamuses
@evacompta	@OEroles
@evacompta	@oscar_sebastia
@evacompta	@PacoYP
@evacompta	@pareto_pol
@evacompta	@paubloescobar
@evacompta	@Paulamartha7
@evacompta	@peresantalo
@evacompta	@PujaltJ
@evacompta	@Quimoh
@evacompta	@Riderman24h
@evacompta	@ruastur
@evacompta	@sabarcamarin
@evacompta	@saturnopi
@evacompta	@Scrab_comunista
@evacompta	@shoooune
@evacompta	@siltha
@evacompta	@SusanaGimenezPa
@evacompta	@SusanaRamrezGo1
@evacompta	@sweet_sbbk
@evacompta	@Toninommm
@evacompta	@Vivancos_Sarda
@evacompta	@wylli7
@evacompta	@xamcec
@evacompta	@xavier231982
@evacompta	@Xavierfege
@evacompta	@XSaumell
@evacompta	@xxargay
@evacompta	@zepylindra
@evacompta	@zerilv
@evallory	@himbopar
@evallory	@JaumeMartn
@evallory	@lluisa_ng
@EvaMuntades	@JournalofNat
@EvaMuntades	@missylaine8
@EvaMuntades	@sack_am
@Eze7652Prez	@AlbertR1978
@Eze7652Prez	@alexbeki
@Eze7652Prez	@anahappens
@Eze7652Prez	@angelsmcastells
@Eze7652Prez	@AnisArchena
@Eze7652Prez	@Bita1986
@Eze7652Prez	@Boina_
@Eze7652Prez	@capidanMar
@Eze7652Prez	@carlesson72
@Eze7652Prez	@CortesNez
@Eze7652Prez	@CriminalKoi
@Eze7652Prez	@Desireecasgi
@Eze7652Prez	@esojode
@Eze7652Prez	@freakydeserie
@Eze7652Prez	@frescll
@Eze7652Prez	@Gruxanta
@Eze7652Prez	@LoVescomte
@Eze7652Prez	@Marcjako
@Eze7652Prez	@MarionaFour
@Eze7652Prez	@MARKVIC10
@Eze7652Prez	@Mcqueck
@Eze7652Prez	@MosaicoMercurio
@Eze7652Prez	@mote_lulada3
@Eze7652Prez	@MRosa60M
@Eze7652Prez	@paufoods
@Eze7652Prez	@RaulVsCiro
@Eze7652Prez	@RialMedina
@Eze7652Prez	@treballadors
@Eze7652Prez	@tristom_72
@Eze7652Prez	@uto30
@Fabiana_tfp	@AlieNomPuto
@Fabiana_tfp	@febrero121873
@Fabiana_tfp	@ManuelG91623212
@farlustyle	@dcruzf
@farlustyle	@MIQUEL_01
@farlustyle	@Veronic99485540
@fcesccruanyes	@MariaPerpinya
@fcesccruanyes	@martipericay
@fcesccruanyes	@raquelfas
@fckanxiety	@matuatope
@Fernandez_iudex	@AdriRudrigas
@Fernandez_iudex	@alicia_valencia
@Fernandez_iudex	@edgarpima
@Fernandez_iudex	@olordelluvia
@Fernandez_iudex	@Xavipenya9
@ferranestruch	@Daniterso
@ferranestruch	@gemma_vr
@ferranestruch	@JordiTR1
@ferranestruch	@MunicipisCAT
@ferranestruch	@pelegrin71
@ferranestruch	@xavimontana
@ferranmoron	@EstorachOtilia
@ferranmoron	@jcanadellb
@ferranmoron	@Jmasalba
@ferranmoron	@mcalvera
@ferranmoron	@t_equo
@ferranvalls	@ROGERRIPOL
@ferrefatsini	@xaviferrepons
@FerreresMaria	@aanglad2
@FerreresMaria	@mireiaclasca
@finicestfini	@liber_radio
@FionaFisherSNP	@bbrown511
@FionaFisherSNP	@brido872
@FionaFisherSNP	@scotsmum1966
@FloquetRebel	@acastrero
@FloquetRebel	@amadeucorbera
@FloquetRebel	@cataladelsud
@FloquetRebel	@FerranMontero
@FloquetRebel	@jmvidalillanes
@FloquetRebel	@JordiMartinezQu
@FloquetRebel	@jrodriguEZFilba
@FloquetRebel	@LluisApesteguia
@FloquetRebel	@pebredecirereta
@FloquetRebel	@perepasqual
@FloquetRebel	@SocFranC
@FloquetRebel	@t_equo
@FloquetRebel	@Xavi44896342
@FocEstelar	@capidanMar
@folldefolls	@VilaVila119
@FortesJoan	@Layeska17
@francescabad	@cervera_jess
@francescabad	@fabbcndelta
@francescabad	@florencicosb
@francescabad	@guapumm69
@francescabad	@joanagabarrof
@francescabad	@joanmarsellach
@francescabad	@mallafre
@francescabad	@Martometro
@francescabad	@pilucs1
@francescabad	@sack_am
@FrancescBoada	@7Joan
@FrancescBoada	@BanusXenia
@FranVWcars	@EstherMarti8
@FranVWcars	@FancyAppleMac
@FranVWcars	@Simoneta001
@g_vila	@vferreruiz
@GabrielGarroum	@JuliaPiLopez
@Galizadiferent	@88rpol
@galizanova	@FogodoEon
@GarrigaDigital	@HelenaLorenz77
@gasolbcn	@rtbcrm
@gatamaulabcn	@JuditMateus
@GavaxIndep	@judiithh3
@GavaxIndep	@lamaquiacgv
@GavaxIndep	@Martaf89
@GavaxIndep	@moixaina
@gdelrio10	@beremars11
@Ge_P_Ge	@jimfer1964
@geminis25	@NogaledoLorenzo
@gemma_g_fabrega	@albazabalagil
@gemma_g_fabrega	@neoklau
@gemma_vr	@AlvaroSeco
@gemma_vr	@cele5816
@gemma_vr	@EEsquius
@gemma_vr	@nye
@GemmaFerrerSall	@flor_petita
@gemmahumet	@guifre2053
@gemmahumet	@jordisalvia
@gemmahumet	@laurely86
@gemmahumet	@PantuFolaio
@gemmahumet	@WarriorPinzas
@gemmapeiro	@bisbeseu
@Gemorace	@anna_ll_
@gemquim	@Ictineo
@Genecasa	@AmbGat
@Genecasa	@mangelspbarniol
@GeorgiGoPu	@Carrerasxavi
@GeorginaLatre	@joaquinagr
@Gerard__GR	@begomitro
@Gerard__GR	@CESAR_CROM
@Gerard__GR	@enananen
@Gerard__GR	@t_equo
@GerardAlv7	@GerardAlv7
@gerardmangrane	@xalarcon1977
@gerardsese	@EstherMarti8
@gerardsese	@kesejodaelmundo
@gerardsese	@Simoneta001
@GerPons	@aitor_8a
@GerPons	@AlbaBlava
@GerPons	@ANCDinamarca
@GerPons	@Arimi17
@GerPons	@BCarlosN
@GerPons	@Belaroi
@GerPons	@booktubemania
@GerPons	@CarlosRivasFdez
@GerPons	@casamadavalls
@GerPons	@Catalonia1640
@GerPons	@CDRElVendrell
@GerPons	@ClunaJosep
@GerPons	@CridaDemocracia
@GerPons	@cuborubik44
@GerPons	@DanielSilvaGar3
@GerPons	@doctordinamo
@GerPons	@domenech_lluis
@GerPons	@escolesobertes
@GerPons	@escolteume
@GerPons	@EsterSantacana
@GerPons	@eulaliadalmau
@GerPons	@fabregat_merce
@GerPons	@FancyAppleMac
@GerPons	@FCB01OCT
@GerPons	@Francessergi
@GerPons	@frankiballeste
@GerPons	@gemmabusquets
@GerPons	@grantomasin
@GerPons	@jlajunta
@GerPons	@joanagabarrof
@GerPons	@jordicarot
@GerPons	@JosepRuaix
@GerPons	@La_Starlet
@GerPons	@lavila68
@GerPons	@lluisboriag
@GerPons	@LluisBoschvins
@GerPons	@marti2014
@GerPons	@maxijoan
@GerPons	@MessiNoSeVende
@GerPons	@milotxa
@GerPons	@MIQUEL_01
@GerPons	@MonicaTS74
@GerPons	@monsamga
@GerPons	@NusGordia
@GerPons	@pedrosgs69
@GerPons	@RepublicValenci
@GerPons	@rmorenor
@GerPons	@romaclara85
@GerPons	@rrocai
@GerPons	@sirkikus
@GerPons	@SPHopeVB
@gertrudisband	@_CameronMoy
@gertrudisband	@Tinkersooz
@ggonzalez_29	@vlastarisdimitr
@ggrivem	@amartells
@ggrivem	@Splth32
@Giaima	@Splth32
@GironaVota	@edubugaloo
@gisela_homet	@homet_olga
@glo_frv	@RosaMaNM
@goikoaran	@ANCDinamarca
@goikoaran	@BastaixDeCorda
@goikoaran	@ChaillotLa
@goikoaran	@CriminalKoi
@goikoaran	@DanielSilvaGar3
@goikoaran	@Danimontmontse
@goikoaran	@DevaZaka
@goikoaran	@Divxtotal
@goikoaran	@doce_raquel
@goikoaran	@Domenecgf
@goikoaran	@ferrancortes71
@goikoaran	@Franbcn29
@goikoaran	@francesca_vidal
@goikoaran	@FrancJfarmo
@goikoaran	@GloriaSagu
@goikoaran	@joan_alvarez_B
@goikoaran	@joancasanovas27
@goikoaran	@joaquinagr
@goikoaran	@joima2013
@goikoaran	@Jopelgrin
@goikoaran	@JordiBarcino
@goikoaran	@JosepRuaix
@goikoaran	@jpdva
@goikoaran	@kanen49
@goikoaran	@laiabascu
@goikoaran	@laiapflores
@goikoaran	@ldbtwit
@goikoaran	@madeinkatalonia
@goikoaran	@madovi19571
@goikoaran	@Maria_imoltmes
@goikoaran	@MariaOxbow
@goikoaran	@mickycastiella
@goikoaran	@MIQUEL_01
@goikoaran	@monpuigmal
@goikoaran	@Mussolteatre
@goikoaran	@MyriamAneas
@goikoaran	@Nanbuso
@goikoaran	@nescolar
@goikoaran	@nhoa
@goikoaran	@ori1905
@goikoaran	@pafega221089
@goikoaran	@PCasvill
@goikoaran	@pilarpeiron
@goikoaran	@Pousit
@goikoaran	@RosaSorribes
@goikoaran	@sergicalzada
@goikoaran	@seterresquelop
@goikoaran	@Ssuneb
@goikoaran	@SusannaSsr
@goikoaran	@UriMg
@GPowerl	@AssumptaGarrido
@GraciaEnComu	@indignadobcn155
@granreserva83	@lacudi_rosa
@grau73	@LocoTaca
@GringoSkiador	@AFS_peke
@GringoSkiador	@CoiaValls
@GringoSkiador	@galceranrosa
@GringoSkiador	@noliverasguz
@GringoSkiador	@Nudenu
@gsala10	@CarlosSanjuan3
@GuillemRamisa	@xevivic
@guiu23	@Joanespelt
@GureEskuDima	@jjjjjjosep
@GureEskuDima	@lestellers
@GureEskuDima	@yolondronga
@gustems_ingrid	@XaviPortales
@gzcontrainfo	@alopgon
@gzcontrainfo	@barauxo
@gzcontrainfo	@JulianPGarrote
@gzcontrainfo	@levamexa
@gzcontrainfo	@mosqueragoce
@h0rd4	@albert_orta
@h0rd4	@cuidadors
@HaciaItaca	@cecilialopez_ma
@Haidarx_	@__kamis__
@Haidarx_	@ejanet15
@Haidarx_	@kolontai1959
@Haidarx_	@Mistol1
@Haidarx_	@NoemiPAH
@Haidarx_	@osec
@Haidereta	@csgarces54
@Haidereta	@maubcn
@Haidereta	@MeritxellMis
@Haidereta	@mtdp08230
@Haidereta	@ramongrauserra
@Haidereta	@VivesBiel
@hanna_thaler	@_Aukera
@HansPeterT	@AlbertMaj
@HansPeterT	@Carbo1973
@HansPeterT	@HansPeterT
@HansPeterT	@minerve81
@HansPeterT	@morbcn
@HansPeterT	@sebasalsina
@HansPeterT	@toni9buceta
@hapinto2	@hapinto2
@hapinto2	@TassjaArt
@hapinto2	@yamanoteK
@HelleKettner	@7daigua
@HelleKettner	@albapayas
@HelleKettner	@albertdetgn
@HelleKettner	@Berti1899
@HelleKettner	@btxcgnbv
@HelleKettner	@BumEscarabat
@HelleKettner	@cavallerstJordi
@HelleKettner	@CharlieFox1714
@HelleKettner	@Compte1899
@HelleKettner	@desferrapertu
@HelleKettner	@EdgarTwide
@HelleKettner	@flo_corretti
@HelleKettner	@FlyingS14652197
@HelleKettner	@gerardnus
@HelleKettner	@jaumesol
@HelleKettner	@jlmelgarejo
@HelleKettner	@JoanBay
@HelleKettner	@JuanmaRamos23
@HelleKettner	@Kim_Wapparee
@HelleKettner	@Laurence_Sterne
@HelleKettner	@Lkmtva37
@HelleKettner	@Marc_Ferret
@HelleKettner	@marcelfarran
@HelleKettner	@MarcMar87721302
@HelleKettner	@marti2014
@HelleKettner	@mcarmemm52
@HelleKettner	@OttoOzols
@HelleKettner	@profEHRBAR
@HelleKettner	@putonberbetxero
@HelleKettner	@Quim_Sabate
@HelleKettner	@raulamigo74
@HelleKettner	@ro_s_ita_rousi
@HelleKettner	@SASam1714
@HelleKettner	@Tgarcia_m
@HelleKettner	@tmedina77
@HelleKettner	@TomasPesquera
@HelleKettner	@vfrauies
@HelleKettner	@x_vase
@HelleKettner	@XeniaBusse
@HelleKettner	@xfarell
@helmartorell	@asunsanchez2
@HeluaBilbo	@dophin11
@hibaiphoto	@hibaimb
@hibaiphoto	@OlaiaBenito
@hibaiphoto	@porartedemajia
@HiginiaRoig	@ADF175Esparregu
@HiginiaRoig	@amchamizo
@HiginiaRoig	@Arbeltro
@HiginiaRoig	@BMostaza
@HiginiaRoig	@CarlesEGil
@HiginiaRoig	@Daniel_Mogollon
@HiginiaRoig	@DavidBerenguerB
@HiginiaRoig	@GemmaMG77
@HiginiaRoig	@GollyRectoret
@HiginiaRoig	@huguet_gabriel
@HiginiaRoig	@IgnasiMayolas
@HiginiaRoig	@josep_capo
@HiginiaRoig	@jrfius
@HiginiaRoig	@laiasul
@HiginiaRoig	@langa_olga
@HiginiaRoig	@lleonartf
@HiginiaRoig	@LordCaptainLol
@HiginiaRoig	@mafflles
@HiginiaRoig	@manel_lafarga
@HiginiaRoig	@mferra69
@HiginiaRoig	@miye_23
@HiginiaRoig	@MonicaRenau73
@HiginiaRoig	@Nuria_1978
@HiginiaRoig	@OskarMeGo
@HiginiaRoig	@planetaminu
@HiginiaRoig	@rosagpl44
@HiginiaRoig	@salutvilaro
@HiginiaRoig	@schmeissernieto
@HiginiaRoig	@sianskiy
@HijoDeDrago	@hereisjuls
@HijoDeDrago	@TheRedBerkut11
@HomeTranki	@LLbiebs
@Horsack	@AlbaPerramon1
@hquinzelxxx	@trankitavk
@hymettius	@arashmknop
@Iaia_Toneta	@alextornerdegis
@Iaia_Toneta	@andreikedemi
@Iaia_Toneta	@asanchezpinedo
@Iaia_Toneta	@dtorres_86
@Iaia_Toneta	@fredijosal
@Iaia_Toneta	@fxgraub
@Iaia_Toneta	@Grouxu
@Iaia_Toneta	@hannahbcn1
@Iaia_Toneta	@ivanpb96
@Iaia_Toneta	@kinbota
@Iaia_Toneta	@linea13
@Iaia_Toneta	@MamaMaca1
@Iaia_Toneta	@manel_martinezg
@Iaia_Toneta	@manelanavarcles
@Iaia_Toneta	@margaAndreo
@Iaia_Toneta	@mbresco
@Iaia_Toneta	@Nucate21
@Iaia_Toneta	@patufetcabrejat
@Iaia_Toneta	@PetxuH
@Iaia_Toneta	@vampyCATman
@icarlite	@Krostens
@ideasdelmaza	@SQPinM
@iDiarioES	@Laumirk
@iDiarioES	@OscarJDomingo
@iDiarioES	@rosapa38
@iDiarioES	@vra39ceve
@iescudero	@angelsmcastells
@iescudero	@Catalan_Dragon
@iescudero	@palacinpc
@iesmollet1oct	@1139dani
@iesmollet1oct	@AlbertoNieto_
@iesmollet1oct	@ClunaJosep
@iesmollet1oct	@dauychy
@iesmollet1oct	@davcantos
@iesmollet1oct	@DavictusCat
@iesmollet1oct	@escolesobertes
@iesmollet1oct	@FCB01OCT
@iesmollet1oct	@finselsovaris
@iesmollet1oct	@JosepRuaix
@iesmollet1oct	@LlatseEmili
@iesmollet1oct	@manelmasso
@iesmollet1oct	@MesMollet
@iesmollet1oct	@MIQUEL_01
@iesmollet1oct	@pielsolma
@iesmollet1oct	@Roninestudi
@iesmollet1oct	@SamuelFerrando
@iesmollet1oct	@sotsproject
@iesmollet1oct	@t_equo
@iesmollet1oct	@vilherda
@iesmollet1oct	@XaviPortales
@IESPlantada1oct	@1139dani
@IESPlantada1oct	@chd90
@IESPlantada1oct	@peruchita1950
@IESPlantada1oct	@RucenBG
@igaztelubilbao	@Xavier18051963
@ignasimiralles	@Sbavoda
@IgnasiTex	@albertvaquer01
@IgorMeltxor	@2Marke
@IgorMeltxor	@AlbertPeritaaj
@IgorMeltxor	@amaia_haikazti
@IgorMeltxor	@amanda_g_egea
@IgorMeltxor	@BOUGIPUZKOA
@IgorMeltxor	@dontxomin
@IgorMeltxor	@eguzki
@IgorMeltxor	@GaizkaZA
@IgorMeltxor	@HeluaBilbo
@IgorMeltxor	@IdoiaPerez6
@IgorMeltxor	@Jordi_Strummer
@IgorMeltxor	@jverdu64
@IgorMeltxor	@KaiRasmusen
@IgorMeltxor	@kanallak1
@IgorMeltxor	@martinetxa
@IgorMeltxor	@martitze
@IgorMeltxor	@nabarra1512
@IgorMeltxor	@PanadesPb
@IgorMeltxor	@PereBofill
@IgorMeltxor	@Remolinotopoli1
@IgorMeltxor	@ROMI_BCN
@IgorMeltxor	@XabierDurango74
@IgorMeltxor	@yakimalalimpia
@im_media	@falkehen
@im_media	@joanfn7
@ImanolGar78	@AnartzGoia
@InakiLarra	@mirariudaeta
@indepe91	@KarlesAmat
@info_referendum	@albazabalagil
@Ingrid_Chm	@fjauma
@ingridferrer	@jguiu0
@inuksuk001	@AntonCros
@ioteruelo	@puyolism
@irenerierao	@Costa_Maresme
@Irg389	@AjSantPere
@Irg389	@ErcSpt
@Irg389	@JFabregaColomer
@iruintxo	@Mosturotz
@Isabel_far	@gbm92
@isabelreibr	@pradifundir
@iscagz	@angelbadalona
@iscagz	@ArtaiGZPepper
@iscagz	@iroite5
@iscagz	@JMarquesAC
@iscagz	@pradifundir
@iscagz	@wellingtonmoura
@IsernAlbert	@_CameronMoy
@IsernAlbert	@rmorenor
@Ismaeldelrioel	@CATJRD
@Ismaeldelrioel	@espantaocell
@Ismaeldelrioel	@LluisBaader
@Ismaeldelrioel	@Martapiupiu
@Ismaeldelrioel	@mbatet
@Ismaeldelrioel	@Melquiades2014
@Ismaeldelrioel	@miqueletmr
@Ismaeldelrioel	@neowill3
@Ismaeldelrioel	@Occat93
@Ismaeldelrioel	@olerubixiri
@Ismaeldelrioel	@Otkel78
@Ismaeldelrioel	@RamValsbd
@Ismaeldelrioel	@RoserTeixido
@Ismaeldelrioel	@s0msirem
@Ismaeldelrioel	@Unai777777
@Ismaeldelrioel	@Vctbcn9bverdum
@Ismaeldelrioel	@Xavi44896342
@ismaelpalacin	@adominvi
@ismaelpalacin	@FancyAppleMac
@ismaelpalacin	@jordisll
@ismaelpalacin	@maprats
@ismaelpalacin	@vrigual
@istillmisss	@manelgazo
@ItsN3v3r	@Anonemose
@ItsN3v3r	@jvfcss
@itt33	@PutoPutisimoAmo
@ivan_piper	@Zero_Cult
@IvanFdz13	@Valencianista89
@ivetDn	@Splth32
@iviayme7	@s2ilvi
@J_Alex_Vega	@Bruixaruth
@J_Alex_Vega	@CDRFranqueses
@J_Alex_Vega	@escanueladrums
@J_Alex_Vega	@LFImagina
@J_Alex_Vega	@urixturing
@jabiero	@olaferlandsen
@Jacme	@ManelOlle
@jalie002	@salarconle
@jamesstout	@sebasnogueres
@janat06	@albertitu
@janat06	@mredorta
@janat06	@Txellbellostes
@JanMarot	@joanmariapique
@JanMarot	@mglaosv
@janogues	@Starkenbergg
@Jaume_Mercader	@Berlustinho
@Jaume_Mercader	@capderoc
@Jaume_Mercader	@D_Moros
@Jaume_Mercader	@dvMarta
@Jaume_Mercader	@eric_valeron
@Jaume_Mercader	@kinbota
@Jaume_Mercader	@ManuelConsuegr5
@jaumecasanas	@CDCGelida
@jaumecasanas	@evamserramia
@jaumecasanas	@frosellba
@jaumecasanas	@Lluisrigal
@jaumecasanas	@PDCAltPenedes
@jaumecasanas	@ptg1975
@JaumeMoyaM	@Dricartjordana
@JaumeMoyaM	@icvesplugues
@JaumeMoyaM	@josep_bertran_
@Javi_zaiD	@nel_beats
@JavierBetiJai	@AntirepresivaGu
@JavierBetiJai	@Bici_Solidaria
@JavierBetiJai	@enhecos
@JavierBetiJai	@NoemiPAH
@JavierBetiJai	@SoyCopernicoooo
@javierllm	@mlcristina
@Jbermudez89	@albert_mons
@Jbermudez89	@oriolmataro
@jbigorra	@G_Virgili
@jcgrima	@Pink2627
@JEmiliRoig	@MeritxellMis
@jesuset58	@abague60
@jesuset58	@esgirones
@jesuset58	@gemmamarcegm
@JesusGavalda	@Joan_Ru_Ca
@jfolguera	@aracelipv
@jfolguera	@carvical24
@jfolguera	@conxigirbau
@jfolguera	@EL9NOU_VOr
@jfolguera	@JordiSeguer
@jfolguera	@nerol007
@jfolguera	@Perlaparaula
@jfolguera	@sra_danvers
@JJM36	@BartLaeremans
@JJM36	@daHawkeyeCaller
@JJM36	@DeBertuzzz
@JJM36	@MariaVANL
@JJM36	@PieterBauwens
@JJM36	@Zero_Cult
@JLMagaz	@Jordiduc
@jmartinezpuche	@APVallcarca
@jmartinezpuche	@PauFarinetes
@JMc_AK2BCN	@cpuchem
@jmourelle	@jmourellev
@jmourelle	@puluskus
@jmterricabras	@1197434
@jmterricabras	@23537Lopez
@jmterricabras	@annam1181or
@jmterricabras	@AntoniFerrer2
@jmterricabras	@CarbonellF
@jmterricabras	@CARLESRIUS
@jmterricabras	@carmealdana
@jmterricabras	@crematsdrom
@jmterricabras	@crissansem
@jmterricabras	@domene_maria
@jmterricabras	@EnriqueArduino
@jmterricabras	@enrisolaj
@jmterricabras	@EudaldMaestro
@jmterricabras	@filog3
@jmterricabras	@G_Pereularia
@jmterricabras	@ImmaSistane
@jmterricabras	@Iris57534726B
@jmterricabras	@jara_toni
@jmterricabras	@joan_alvarez_B
@jmterricabras	@JoanFiga
@jmterricabras	@jordi_callol
@jmterricabras	@jrodri49
@jmterricabras	@jvilach
@jmterricabras	@lacasadelavall
@jmterricabras	@laplana_m
@jmterricabras	@llaurado_se
@jmterricabras	@marbronthe
@jmterricabras	@martaaa282
@jmterricabras	@nelalenros
@jmterricabras	@nuriaribell
@jmterricabras	@palmira_marti
@jmterricabras	@pankunken
@jmterricabras	@rogerpons
@jmterricabras	@rosita60
@jmterricabras	@SylviLG
@jmterricabras	@vfrauies
@jmterricabras	@XavierSezLorent
@JMTibau	@dolorsroo
@JNCatalunya	@alextornerdegis
@JNCatalunya	@AntoniBalasch
@JNCatalunya	@antonibalasch1
@JNCatalunya	@aquimogli
@JNCatalunya	@AxelValera
@JNCatalunya	@bam60tres1
@JNCatalunya	@BTarrag
@JNCatalunya	@calva1902
@JNCatalunya	@carabellido
@JNCatalunya	@cristinaisanta
@JNCatalunya	@DespertaFerro11
@JNCatalunya	@efernandezo2010
@JNCatalunya	@estemon
@JNCatalunya	@Esthermienne
@JNCatalunya	@haviam
@JNCatalunya	@Jaume_Mercader
@JNCatalunya	@jncrubi
@JNCatalunya	@joanbague
@JNCatalunya	@joanenpa
@JNCatalunya	@marcuv74
@JNCatalunya	@martabago
@JNCatalunya	@martapigu
@JNCatalunya	@mjosebizarro
@JNCatalunya	@mobiplayer
@JNCatalunya	@rfernsan
@JNCatalunya	@rpuigvi
@JNCatalunya	@RTosK
@JNCatalunya	@sergialzuria
@JNCatalunya	@SkM010
@JNCatalunya	@spidderr
@JNCatalunya	@taxisigualada
@JNCatalunya	@TDolors
@JNCatalunya	@VictorAG80
@JNCLleida	@antonipostius
@JNCLleida	@BaulenasJordi
@JNCLleida	@CorbetoXita
@JNCLleida	@joancarlesbt
@JNCLleida	@lariga222
@JNCLleida	@miquelcasellas
@JNCLleida	@montse40968594
@JNCLleida	@txellfontanet
@Joan_Recorda	@antih3roi
@joanalbert85	@foglito
@joanalbert85	@Lorribrigidenc
@JoanBanach	@joancornella
@joancguerrero	@fm_bacderoda
@joancguerrero	@nuriariquelme
@joancguerrero	@RosaQuoni
@joancornella	@EliBorreda
@joancornella	@JoanBanach
@joancornella	@niljan
@joandeskarat	@davidrd68
@JoanFerru	@gerolo83
@joanfontgarcia	@XavierRomeraC
@joanmariapique	@A_RoyoMarine
@joanmariapique	@AlbertMaj
@joanmariapique	@Decembrista
@joanmariapique	@DjJEM
@joanmariapique	@EnRevolucion10
@joanmariapique	@FCastelltort
@joanmariapique	@GillStella
@joanmariapique	@jvprat
@joanmariapique	@kinbota
@joanmariapique	@m4ul3t
@joanmariapique	@Marc_salmurri
@joanmariapique	@matterlandsen
@joanmariapique	@monicacomaroura
@joanmariapique	@nuria1956
@joanmariapique	@rafempm
@joanmariapique	@txema2608
@joanmariapique	@xmarcet
@joanperez_c	@MarcVallsiGurt
@joanpuig	@acastrero
@joanpuig	@aguilobcarme
@joanpuig	@aleserfe
@joanpuig	@Catalan_Dragon
@joanpuig	@cbonaventura
@joanpuig	@chuti45
@joanpuig	@directe
@joanpuig	@Encoberts
@joanpuig	@ericbertran
@joanpuig	@esquerraolesa
@joanpuig	@EstherMarti8
@joanpuig	@esvoranc
@joanpuig	@frsoler
@joanpuig	@JJbraso
@joanpuig	@joanpuig
@joanpuig	@jordimolina1970
@joanpuig	@JordiSalaCosp
@joanpuig	@josepdeluis
@joanpuig	@kinbota
@joanpuig	@LaiaLlobera
@joanpuig	@Lainavil
@joanpuig	@laurarv
@joanpuig	@manelmasso
@joanpuig	@marcpuigperez
@joanpuig	@margaAndreo
@joanpuig	@mesteban28
@joanpuig	@monrodriguez
@joanpuig	@naixa65
@joanpuig	@nonavivi69
@joanpuig	@PacDeckard
@joanpuig	@RosaMBartroli
@joanpuig	@salvijolis
@joanpuig	@SannaNogues
@joanpuig	@vagadefam
@joanpuig	@Veronic40630547
@joanpuig	@XavierGLuque
@joanpuig	@XavierNavarro79
@joanpuig	@xellulles
@joanramirez71	@albazabalagil
@joanramirez71	@aleix_BDN_rules
@joanramirez71	@DaniSarda65
@joanramirez71	@laura9N
@joanramirez71	@missylaine8
@joanramirez71	@robertcargol
@joanramirez71	@sack_am
@joanramirez71	@SirQalimer
@joanramirez71	@t_equo
@joanramirez71	@UGJaume
@JoanRCP	@fabian250229
@JoanRCP	@NicoRubio
@JoanRCP	@Ratoliu69
@JoanSanchezCo	@aleixescursell
@JoanSanchezCo	@singlot_cat
@joelis21	@LocoTaca
@JoelValldosera	@cdrvng
@JoelValldosera	@CUP_Penedes
@JoelValldosera	@el_Klit
@JoelValldosera	@Estacadebares
@JoelValldosera	@jordifarrecoma
@JoelValldosera	@MireiaRosich
@JoelValldosera	@SergiPuLo
@JonAFenosa	@Wertyalord1
@JonAFenosa	@xusrueda
@Jonseyelgato	@glenskehy
@jonyko15	@Adorian_kun
@jonyko15	@albertsole1969
@jonyko15	@asumpci
@jonyko15	@capidanMar
@jonyko15	@Capidja
@jonyko15	@choping4u
@jonyko15	@cproma55
@jonyko15	@dpeon76
@jonyko15	@fdomenechm
@jonyko15	@francescgrane
@jonyko15	@fsparra
@jonyko15	@GonsalM
@jonyko15	@indubiopro84
@jonyko15	@jmourellev
@jonyko15	@jofre53
@jonyko15	@Magil420
@jonyko15	@ManuelConsuegr5
@jonyko15	@mariano_gomariz
@jonyko15	@Mayka00815072
@jonyko15	@minercabayo
@jonyko15	@MissixtyAlexia
@jonyko15	@monicarivasvid1
@jonyko15	@politicstw
@jonyko15	@polvivo99
@jonyko15	@quimrocaroch
@jonyko15	@RebeElias
@jonyko15	@riicard7
@jonyko15	@SergioGarciaCrz
@jonyko15	@serra_merce
@jonyko15	@sola_toni
@jonyko15	@Toonnette
@jonyko15	@toseor
@jonyko15	@vila9990
@jonyko15	@xabierurra
@jonyko15	@Yolamart
@jordi_latorre	@marc13fornells
@jordi_morenog7	@dardicks11
@jordi_morenog7	@guillecape22
@jordi_morenog7	@JaumeIbanez
@jordialmolda	@info_referendum
@jordialmolda	@xosepalacio
@jordials	@comanec
@jordials	@tatsuria
@jordiandre	@jordiporcel
@jordiandre	@olordelluvia
@JordiBarcino	@barcabets
@JordiBarcino	@Dinos_1987
@JordiBarcino	@Kdp_11
@JordiBarcino	@Mujersinvisibls
@JordiBarcino	@oscarlm98
@JordiBarcino	@Sdkblaugrana
@JordiBarcino	@SzlekJacob
@jordicanyellas1	@loracgn
@jordicrisol	@catalanpride
@jordicuminal	@caltes26417
@jordicuminal	@FrancescBoada
@Jordidelrio	@DraRubioMayol
@Jordidelrio	@thinkcatalonia
@Jordidelrio	@Winona1610
@JordifarreFcb	@gemma_ft
@jordifcb1998	@Gemmaroig97
@jordifortuny1	@atopeuri
@jordifortuny1	@dherediac
@jordifortuny1	@dmorales968
@jordifortuny1	@kampaman
@jordifortuny1	@XaviDinvents
@jordigaseni	@frodri38
@jordigaseni	@jbatlle
@jordigaseni	@josep_capo
@jordigaseni	@VictorBorras86
@jordigran	@ACP3010
@jordigran	@GironaVota
@jordigran	@sabarcamarin
@jordigran	@xevhi
@Jordigrau83	@MariusDomingo2
@Jordigrau83	@mvallver
@JordiGuardiolaF	@ilergeta28
@JordiGuardiolaF	@LluisJB
@JordiGuardiolaF	@PutoPutisimoAmo
@jordijuanico	@annaandreu09
@jordijuanico	@mtorrallorens
@JordiLlorens	@jverdu64
@JordiMaimi	@AUGUSTOCHDM
@JordiMarcual	@1denmadrid
@jordimeep	@_xica_
@jordimeep	@ACP3010
@jordimeep	@AvvChierichetti
@jordimeep	@BegoAlmor
@jordimeep	@bsborja
@jordimeep	@CDR_Treball
@jordimeep	@chd90
@jordimeep	@escolesobertes
@jordimeep	@Esmol_Jonze
@jordimeep	@GraciaxINDP
@jordimeep	@IsidroCasado
@jordimeep	@JordiAMDG
@jordimeep	@Jose_diaz3
@jordimeep	@JosepGorina
@jordimeep	@JosepRuaix
@jordimeep	@judit_tgn
@jordimeep	@kinbota
@jordimeep	@lidiarosbo
@jordimeep	@LlatseEmili
@jordimeep	@llorenc1899
@jordimeep	@Llusa19
@jordimeep	@mapyjpf
@jordimeep	@marietadelui
@jordimeep	@Mimirawwr
@jordimeep	@MIQUEL_01
@jordimeep	@montsecasaus
@jordimeep	@nuriarkaitz
@jordimeep	@OliverGloria03
@jordimeep	@pallares91
@jordimeep	@RutAixa
@jordimeep	@spidermancat
@jordimeep	@SrFl0ppy
@jordimeep	@t_equo
@jordimeep	@TomasRubioSalas
@jordimeep	@vilherda
@jordimeep	@Woundorf
@jordimeep	@xoldi
@jordimeep	@yoguiserres
@JordiMolist1	@moltail_lusio
@JordiMonros	@DN_argent
@JordinaEM	@Tocaferro89
@JordinaFree	@FCB01OCT
@JordinaFree	@sandrakiglesias
@JordiRius	@jordisalvia
@jordirjcat	@pradifundir
@Jordisaca21	@vidroca
@jordivallsxor	@santandreu
@jorfabrega	@ferparcar
@jorfabrega	@LBR85
@jorfabrega	@tereserarg
@jorgekokaso	@javiAlvM
@JoseJPriego	@AcampadaMordaza
@JoseJPriego	@belladelsenhor
@JoseJPriego	@CarmenC07182975
@JoseJPriego	@dolorsrevu
@JoseJPriego	@jabatokii
@JoseJPriego	@MeinciMedia
@JoseJPriego	@P4R4N01X
@JoseJPriego	@StopMordazas
@JoseJPriego	@vebrelo
@JoseJPriego	@xdemocradirecta
@Josep_A_Vilalta	@ensabonat
@Josep_A_Vilalta	@jolival65
@Josep_A_Vilalta	@polvibag
@Josep_A_Vilalta	@salvad_m
@Josep_A_Vilalta	@xavi_sunyer
@Josep_Sanchez	@JordiMaimi
@Josep_Sanchez	@MartiSalva2015
@josepbobe	@aitor_8a
@JosepLlMartinez	@RaulAlcasser
@JosepMMontaner	@CarlaAndradas
@JosepMMontaner	@GloriaRD
@JosepMMontaner	@pixarada
@josepmoulines	@immasuge
@joseppique	@ACP3010
@joseppique	@AnnaRoig_
@joseppique	@totcardedeu
@JosepVilaC	@BGolanowski
@JosepVilaC	@cris_font
@JosepVilaC	@gerardgt2
@JosepVilaC	@irenesesa
@josepvivesg	@AgataOlegario
@josepvivesg	@biblioaprenent
@josepvivesg	@brucmiquel
@josepvivesg	@cdrvng
@josepvivesg	@marti2014
@Joserra_74	@Joserra_74
@Joserra_74	@pastranajm
@josgnzlz	@IgnasiGrosAuber
@josgnzlz	@nitus
@josgnzlz	@Virgili7
@jquintana7	@ATripi57
@jquintana7	@CDRGoticRaval
@jquintana7	@ElisendaE
@jquintana7	@MariaPoppins
@jquintana7	@mariona_lmi
@jquintana7	@MiquelRudrigues
@jquintana7	@sisypheglass
@jreguant	@electroperros
@jsantasusagna	@pelegrin71
@JSendarrubias	@Splth32
@jserranu	@noliverasguz
@jsmbaixgaia	@mcarmemm52
@juader	@caroloxx2
@juader	@Maigolo
@juader	@rramoneda10
@juanjofdezsola	@ACP3010
@juanjofdezsola	@ANCDinamarca
@juanjofdezsola	@crisvillacris
@juanjofdezsola	@doctordinamo
@juanjofdezsola	@dulcevictoralex
@juanjofdezsola	@dvallespi
@juanjofdezsola	@ElenaFarre
@juanjofdezsola	@Elviraduranc
@juanjofdezsola	@escolesobertes
@juanjofdezsola	@FCB01OCT
@juanjofdezsola	@frodri38
@juanjofdezsola	@Iva_
@juanjofdezsola	@joanagabarrof
@juanjofdezsola	@JosepRuaix
@juanjofdezsola	@kinbota
@juanjofdezsola	@MariaOxbow
@juanjofdezsola	@MasoQueralt
@juanjofdezsola	@MIQUEL_01
@juanjofdezsola	@Morenacatalana
@juanjofdezsola	@Mussolteatre
@juanjofdezsola	@niskas
@juanjofdezsola	@ori1905
@juanjofdezsola	@pirataneko
@juanjofdezsola	@XaviDinvents
@juanjofdezsola	@XeniaBusse
@Juanmi_News	@BietoEsther
@Juanmi_News	@blasi_sala
@Juanmi_News	@CatarifeTrs
@Juanmi_News	@DavidSaiz12
@Juanmi_News	@DoggieDizzier
@Juanmi_News	@elisabetmoreno
@Juanmi_News	@esojode
@Juanmi_News	@esparepublicana
@Juanmi_News	@falkehen
@Juanmi_News	@FBorrull
@Juanmi_News	@InmaUMH
@Juanmi_News	@JimMonteverdi
@Juanmi_News	@Juan_CJ_1986
@Juanmi_News	@LENINGRANOTA
@Juanmi_News	@lenna_lc
@Juanmi_News	@Leticia12912
@Juanmi_News	@lmarrama
@Juanmi_News	@Lorneira
@Juanmi_News	@ManekoBcn
@Juanmi_News	@MargaPardos
@Juanmi_News	@MarietaVilanova
@Juanmi_News	@marinapomar99
@Juanmi_News	@Marioferrer89
@Juanmi_News	@mmartos5
@Juanmi_News	@OlgaJimenz
@Juanmi_News	@PacDeckard
@Juanmi_News	@rafa_muozb
@Juanmi_News	@Rakidelamoga
@Juanmi_News	@RusoMikel
@Juanmi_News	@rutinoverbal
@Juanmi_News	@sabarcamarin
@Juanmi_News	@saraescartin00
@Juanmi_News	@saramiroo
@Juanmi_News	@SergiMasSabates
@Juanmi_News	@tremendoingrato
@Juanmi_News	@x_marco
@Juanxu63	@t_equo
@juditborrell007	@caos30
@juditborrell007	@juditterapies
@JudithQuerol_	@SAirflow
@juditperti	@ACP3010
@juditperti	@ANCDinamarca
@juditperti	@AureliAlvira
@juditperti	@AvvChierichetti
@juditperti	@doctordinamo
@juditperti	@escolesobertes
@juditperti	@kinbota
@juditperti	@llunavermella
@juditperti	@MIQUEL_01
@juditperti	@nuriafontreulli
@juditperti	@ori1905
@juditperti	@Yol1972
@judmc70	@EliasCasals
@judmc70	@rafa_muozb
@JuezPez	@aguado2287
@JuezPez	@BeaOrtega4
@JuleGoi	@txargain
@julenmendoza	@arkait_z
@julenmendoza	@birasuegi
@julenmendoza	@EHBilduOrereta
@julenmendoza	@Sindikal_ero
@JuliaMalatesta2	@capidanMar
@JuliaMalatesta2	@EloiNadal
@JulianAssange	@_BarbaraVC
@JulianAssange	@_Dyos
@JulianAssange	@113LUCAS
@JulianAssange	@1xarnego
@JulianAssange	@27_antu
@JulianAssange	@76Yas
@JulianAssange	@Acquiesce1968
@JulianAssange	@acuario190280
@JulianAssange	@AgainstCorrupt_
@JulianAssange	@agatakotrys
@JulianAssange	@airmosso
@JulianAssange	@AL29RT
@JulianAssange	@albert_p_xaus
@JulianAssange	@albertcanals
@JulianAssange	@albvt83
@JulianAssange	@Aleix37061956
@JulianAssange	@allybacabsci
@JulianAssange	@alvarsp
@JulianAssange	@Anaberu8
@JulianAssange	@andreurodr
@JulianAssange	@annacerdanya
@JulianAssange	@annamarinaz
@JulianAssange	@AnonymTipster
@JulianAssange	@AntoniFerrer2
@JulianAssange	@AR291268
@JulianAssange	@arnau_borras
@JulianAssange	@AV_Igonin
@JulianAssange	@Axioma_69
@JulianAssange	@Beatrix_Kidoo
@JulianAssange	@blairodriguez
@JulianAssange	@BonhomeMarc
@JulianAssange	@BouOriol
@JulianAssange	@caelumtangi
@JulianAssange	@carmealdana
@JulianAssange	@carolvidal22
@JulianAssange	@carvical24
@JulianAssange	@cataladelsud
@JulianAssange	@ClaudiaCWert
@JulianAssange	@D4NN1SS1M0
@JulianAssange	@dalmaucastanyer
@JulianAssange	@damianslam
@JulianAssange	@dani_albiol
@JulianAssange	@daniebomber
@JulianAssange	@darbosp
@JulianAssange	@ducktap54400020
@JulianAssange	@ElviraGonzlez12
@JulianAssange	@Ender1957
@JulianAssange	@EthnicAmbiguity
@JulianAssange	@FanDeLaliBCN
@JulianAssange	@FLopezcamp
@JulianAssange	@Foxceras
@JulianAssange	@Francmolica
@JulianAssange	@Gemmacdev
@JulianAssange	@Gerardcabrev
@JulianAssange	@gerardquintana
@JulianAssange	@gibert_bernat
@JulianAssange	@ginafaine
@JulianAssange	@GlendaMcRose
@JulianAssange	@HMProy
@JulianAssange	@Houseteee
@JulianAssange	@hq83bnn9
@JulianAssange	@igroklinux
@JulianAssange	@irinesju
@JulianAssange	@IsaacJasrod
@JulianAssange	@isabelbargallo1
@JulianAssange	@isabelzapataalv
@JulianAssange	@itbmeang
@JulianAssange	@ivangzama
@JulianAssange	@Janbose
@JulianAssange	@Jaume1708
@JulianAssange	@jaumemarva
@JulianAssange	@JM90PI
@JulianAssange	@jmagan81
@JulianAssange	@jmaltayo
@JulianAssange	@JMiquel57
@JulianAssange	@jmvidalillanes
@JulianAssange	@joanamsampol
@JulianAssange	@JohnnyXutigol
@JulianAssange	@jordideafix
@JulianAssange	@jordiplus
@JulianAssange	@josep__torrent
@JulianAssange	@Josep_l_
@JulianAssange	@Josep_Vicent_vb
@JulianAssange	@JosepRamonBadia
@JulianAssange	@JosepTraveler
@JulianAssange	@JrmieJ
@JulianAssange	@juditeric
@JulianAssange	@Juliatwitte
@JulianAssange	@kiketomas
@JulianAssange	@Koningsbruggen
@JulianAssange	@laocooncassandr
@JulianAssange	@LauraTresserras
@JulianAssange	@liber72
@JulianAssange	@linda8h
@JulianAssange	@LlanitoPol
@JulianAssange	@llibreriaoberta
@JulianAssange	@lmestrescamps
@JulianAssange	@lolafreemoon
@JulianAssange	@lustkapper
@JulianAssange	@mabegon
@JulianAssange	@majo_natalia
@JulianAssange	@Maneletmch
@JulianAssange	@mariangelsAC
@JulianAssange	@MarionaCapdevi3
@JulianAssange	@matortell
@JulianAssange	@Mireiatt
@JulianAssange	@MissNieve
@JulianAssange	@moixaina
@JulianAssange	@montseforcadell
@JulianAssange	@montsetang
@JulianAssange	@MRSP_oficial
@JulianAssange	@mzfressinaud
@JulianAssange	@NewsCoverUp
@JulianAssange	@noulliure
@JulianAssange	@OrdinaryGoose
@JulianAssange	@orxatadelabona
@JulianAssange	@paulaob79
@JulianAssange	@PaulCar63005489
@JulianAssange	@RaholaOficial
@JulianAssange	@ralphkamphoner
@JulianAssange	@rangelserra1
@JulianAssange	@Rangerage
@JulianAssange	@RibasSebas
@JulianAssange	@robinsonjrcruz
@JulianAssange	@rogergguasch
@JulianAssange	@rojoseparata
@JulianAssange	@ROSER1964
@JulianAssange	@salimrezanewton
@JulianAssange	@sargantana14
@JulianAssange	@saveusrepublic2
@JulianAssange	@SegarraXavier
@JulianAssange	@SerratCesc
@JulianAssange	@solamestres
@JulianAssange	@soler_toni
@JulianAssange	@SusanaGimenezPa
@JulianAssange	@swingTIC
@JulianAssange	@TeresaCorretje
@JulianAssange	@toni22amador
@JulianAssange	@ToniCarcole
@JulianAssange	@tonimoog
@JulianAssange	@UNBORNness
@JulianAssange	@WilliamAJM
@JulianAssange	@xavier124
@JulianAssange	@XaviViladomat
@JulianAssange	@xevipuix
@JulianAssange	@Xtetu
@JulianAssange	@yusi63
@JulianAssange	@zenitramivaj
@Kaarinss	@martinoriol
@Kaarinss	@thedaviest
@Kagigod	@granetdecafe
@Kallerwriter	@joxeanek
@KarlSolerP9	@Estacadebares
@kasalprim	@amaynegra
@katroclo	@Cienty00
@keldomenech	@angelTolsanas
@keldomenech	@jhurtos
@KikeFdzdePinedo	@ehbilduaraba
@Kikodekp	@Splth32
@kim_soler	@airmosso
@kim_soler	@CatalinaRomesco
@kim_soler	@cristina16ch
@kim_soler	@djmon_666
@kim_soler	@fulsaka
@kim_soler	@Gatosombra1
@kim_soler	@giorgiobv
@kim_soler	@isisvalls
@kim_soler	@JaumeBV
@kim_soler	@jenyouski
@kim_soler	@jfritsch1976
@kim_soler	@Jordi_Strummer
@kim_soler	@jud_moreno
@kim_soler	@leirbag1979
@kim_soler	@ManelVilaseca
@kim_soler	@pau73cat
@kim_soler	@RosaXufre
@kim_soler	@talbts
@kim_soler	@TassjaArt
@kim_soler	@thinkcatalonia
@Kim_Wapparee	@AssembleaEExI
@Kitsch_oficial	@aplanadevall
@koldogoitia	@AAntxustegi
@koloretan	@jonordoez
@koloretan	@txargain
@koulomek	@Artdinamo
@kristiansanz	@LandaJauna
@Kunsapeta	@FancyAppleMac
@Kunsapeta	@mequetref1
@Kunsapeta	@miropi99
@Kunsapeta	@oriolmataro
@Kunsapeta	@s_abuelo
@Kunsapeta	@salva_nv
@Kunsapeta	@SalvaAreva
@la_createca	@lascafe
@la_createca	@PeppePhotoJ_USW
@la_createca	@Splth32
@la_IAC	@Belaroi
@la_IAC	@cfageda
@la_IAC	@ConfeIntersindi
@la_IAC	@DaniCobos30
@la_IAC	@DesDeRipo
@la_IAC	@EsterEsparrac
@la_IAC	@herodot10
@la_IAC	@HildegartRev
@la_IAC	@ivan_sants
@la_IAC	@JaumeAeRos
@la_IAC	@JosepCapdevila9
@la_IAC	@krisoany
@la_IAC	@RosaCanyadell
@la_IAC	@sandracampanon
@la_IAC	@USTECSTEs
@la_IAC	@xabanam
@la_sariera	@caos30
@lacandidatura	@hiramprincipal
@LaCatalanaMusic	@amuntan1
@ladysecrets_	@olaferlandsen
@laia_fontanet	@tulepflute
@laia_g_pomares	@dpeon76
@laia_g_pomares	@GerardGarriga
@laia_g_pomares	@lyranautilus
@laia_g_pomares	@Yterff
@laiacampos3	@JaumeVB4
@laiamarques	@aleixtoca
@laiamarques	@AlxndraMS
@laiamarques	@AndreuTram344
@laiamarques	@ChavaSans
@laiamarques	@DonesCompromese
@laiamarques	@Esmol_Jonze
@laiamarques	@heytherejupiter
@laiamarques	@isaabel_99
@laiamarques	@ivan_gordi
@laiamarques	@joana_gomila
@laiamarques	@La_Vasallo
@laiamarques	@lamacarella
@laiamarques	@Lena_Prado
@laiamarques	@malayerba
@laiamarques	@pondonyo
@laiamarques	@ppsoe2000
@laiamarques	@raurichm
@laiamarques	@rb_roi
@laiamarques	@sandracampanon
@laiamarques	@zapayiyo
@LaiaPelachSaget	@faynak
@LaiaSabate	@MartaCalullB
@LaiaSafont	@airmosso
@LaiaValles	@cristofoljosep
@LaiaValles	@estemon
@LaiaValles	@volemmambodui
@Laksmizz	@alex_lasarte
@Laksmizz	@carvical24
@Laksmizz	@frsoler
@Laksmizz	@JosepCanals222
@Laksmizz	@josepuntcat
@Laksmizz	@juditsingla3
@Laksmizz	@masamont
@Laksmizz	@MAxiuxiueig
@Laksmizz	@Txema_Pamundi
@Laksmizz	@xaacat
@LaManyanacat	@AndreuPurroy
@LaManyanacat	@AnnGyles
@LaManyanacat	@EnricDeLleida
@LaManyanacat	@frodri38
@LaManyanacat	@ilergeta82
@LaManyanacat	@Ilerxavi
@LaManyanacat	@Marsalaii
@LaManyanacat	@mosquetero418
@LaManyanacat	@PascualTc92
@LaManyanacat	@TorraAngels
@LaManyanacat	@vademontse
@LaManyanacat	@xaviersole
@LandaJauna	@AhotsaInfo
@LandaJauna	@albeqto
@LandaJauna	@andermgt
@LandaJauna	@AritzHuarte
@LandaJauna	@desobdcme
@LandaJauna	@goraosasuna1987
@LandaJauna	@LandaJauna
@LandaJauna	@martinetxa
@LandaJauna	@pariadelsur
@LandaJauna	@pau_urenya
@Lanoiacatalana	@EudaldMaestro
@Lanoiacatalana	@guifre2053
@Lanoiacatalana	@jaume_arus
@Lanoiacatalana	@vktrsc
@LaPelotaNSM_KO	@TriquiBlau
@lariga222	@Alter_Jo
@lariga222	@anaoromi
@lariga222	@Anna300976
@lariga222	@elboncatalanet
@lariga222	@enricmolina
@lariga222	@jordi_salvia
@lariga222	@josepcapsa
@lariga222	@LEKUONADomenja
@lariga222	@LlenyataireCAT
@lariga222	@marodomenech
@lariga222	@oscarjxsbd
@lariga222	@ThePunisherX69
@lariga222	@XLlFS
@latroyica	@AndresCITOPIC
@latroyica	@ArantxaM8
@Lauraa_nb	@20Laura2011
@Lauraa_nb	@Angela7661
@Lauraa_nb	@Jlacbeat
@Lauraa_nb	@narcinu
@Lauraa_nb	@SaraZabaleta12
@laurabartrina	@francinanavarro
@laurabenseny	@QuimOltra
@lauragarfer15	@GamezEncarna
@LauraSanj	@AnnaAnisy
@lauraveletapel1	@MIQUEL_01
@lavallri	@Olga_gr1
@LaydekN	@XaviTallon
@ledt1131	@Paulaparreu
@LeHavreLutte	@brusebles
@LeHavreLutte	@Serotomine
@leirbag1979	@Splth32
@lenacostadiaz	@__M__A__T__
@lenacostadiaz	@larsibacken
@lenacostadiaz	@wunderbearer
@LeoAnselmi	@ainasastre14
@LeoAnselmi	@AleLibera
@LeoAnselmi	@AliciaPuhl
@LeoAnselmi	@amcamcamc
@LeoAnselmi	@lolaromeu10
@LeoAnselmi	@m_santos2003
@LeoAnselmi	@marpalamos
@LeoAnselmi	@nar6pallares
@LeoAnselmi	@NurNietoLiBCyL
@LeoAnselmi	@RosaCadena5
@LeoAnselmi	@silver__10
@LeoAnselmi	@Vinyesivins
@LFImagina	@jcc_cat
@lgp_laura	@btxcgnbv
@Lgtnx	@CDRGoticRaval
@Lgtnx	@ElisendaE
@Lgtnx	@manelrawal
@li_llet	@annaapujol
@lidiaboneta	@t_equo
@Lina_Font	@revistaLaRella
@linarestc	@RacsoSarajul
@lionelpla	@eloibcn
@lionelpla	@pitysort
@lionelpla	@RamonAytes
@lizcastro	@_CameronMoy
@lizcastro	@0Seuba
@lizcastro	@1GKh
@lizcastro	@55depp55
@lizcastro	@a_nation_again
@lizcastro	@AnasBT4
@lizcastro	@AnitaMix9
@lizcastro	@aserracr
@lizcastro	@AssembleaEExI
@lizcastro	@BalascdEspioca
@lizcastro	@barnimile
@lizcastro	@bertuvila
@lizcastro	@BielSegui
@lizcastro	@Britanniacomms
@lizcastro	@CanarioCatala
@lizcastro	@cataladelsud
@lizcastro	@Catalan_Dragon
@lizcastro	@cchetrit
@lizcastro	@cfageda
@lizcastro	@CharlieFox1714
@lizcastro	@chuti45
@lizcastro	@ClunaJosep
@lizcastro	@ComasCulub
@lizcastro	@Compte1899
@lizcastro	@cram1791
@lizcastro	@crumbs_oh
@lizcastro	@DarmstadtJ
@lizcastro	@Decembrista
@lizcastro	@Dorothy_Aidulis
@lizcastro	@Drehgestell
@lizcastro	@EdgarTwide
@lizcastro	@Ellorach
@lizcastro	@EnriqueArduino
@lizcastro	@esquerraolesa
@lizcastro	@FadaEstel
@lizcastro	@FewArePict
@lizcastro	@fgafatg
@lizcastro	@FionaGrahame
@lizcastro	@Francmolica
@lizcastro	@freed4Catalonia
@lizcastro	@FreeThinker2030
@lizcastro	@gaelobrig
@lizcastro	@GiraltSoler
@lizcastro	@gmanel62
@lizcastro	@gweirydd
@lizcastro	@huguet_gabriel
@lizcastro	@imma_ccorominas
@lizcastro	@isabelbargallo1
@lizcastro	@ispeiv
@lizcastro	@JamesGarry7
@lizcastro	@JandroJaudi
@lizcastro	@jmvidalillanes
@lizcastro	@joan4s
@lizcastro	@JordiPauls9
@lizcastro	@josepferrer
@lizcastro	@judhec65
@lizcastro	@kataklock
@lizcastro	@kel100a
@lizcastro	@kesejodaelmundo
@lizcastro	@l3ckz
@lizcastro	@LadybelleFiske
@lizcastro	@LarrysMontse
@lizcastro	@lauraprat63
@lizcastro	@Lechuck3
@lizcastro	@lidiabartolome
@lizcastro	@LluisDeMar
@lizcastro	@Lluna_ebs
@lizcastro	@Magda_Lein
@lizcastro	@magdaoriap
@lizcastro	@MakeAmericaWait
@lizcastro	@manelmasso
@lizcastro	@mariaoffduty
@lizcastro	@melitia_
@lizcastro	@molidelpont
@lizcastro	@MonicaCharco
@lizcastro	@montsecm
@lizcastro	@montsesagarra70
@lizcastro	@mossen_cinto
@lizcastro	@MrsKrabapple
@lizcastro	@MurraySuzhmurr
@lizcastro	@navynotnuclear
@lizcastro	@Nisso
@lizcastro	@nuriacoe
@lizcastro	@OctaviMiarnau
@lizcastro	@oscarlm98
@lizcastro	@Ouagadougu123
@lizcastro	@Patrickj2017
@lizcastro	@pekpep
@lizcastro	@PerePaella
@lizcastro	@Peret72118101
@lizcastro	@pezigollas
@lizcastro	@photomiquelruiz
@lizcastro	@PueyoCarlos
@lizcastro	@r0ckyr0cket
@lizcastro	@RicardFite
@lizcastro	@rogerponsfunken
@lizcastro	@sack_am
@lizcastro	@salome_debbie
@lizcastro	@SCouxam
@lizcastro	@seru_jordi
@lizcastro	@SNPwindaes
@lizcastro	@SPHopeVB
@lizcastro	@Stevie66bankie
@lizcastro	@SylviaT97783077
@lizcastro	@TheNewAgeIndian
@lizcastro	@Theslidedown
@lizcastro	@tohr1963
@lizcastro	@XBernardsans
@lizcastro	@xirinacsalsenat
@lizcastro	@Xquet
@ljuank	@mestapea
@ljuank	@pedrin_cat
@ljuank	@robertoreol
@Llatzervalls	@Figui13
@llcc40	@AlmirallvidalE
@llcc40	@MIQUEL_01
@llcc40	@SagalsdOsona
@LLEIXAPAU	@Albert_Irigoyen
@LlemaDou	@mmartafs
@LlenyataireCAT	@AntonCros
@LlenyataireCAT	@talbts
@Llibertatcat	@alfredvrn
@Llibertatcat	@antonnaraio
@Llibertatcat	@Casafont_R
@Llibertatcat	@FreeCat4ever
@Llibertatcat	@HotmailCarmela
@Llibertatcat	@kinbota
@Llibertatcat	@marsanz
@Llibertatcat	@miquel303marti
@Llibertatcat	@miripifer
@Llibertatcat	@moncapsa
@Llibertatcat	@MonicaCharco
@Llibertatcat	@naturadecapsdde
@Llibertatcat	@Petite1985
@llimoo	@2SC_KuipRayet
@llimoo	@555Azalea
@llimoo	@AlbertLloreta
@llimoo	@alili0105
@llimoo	@angelbadalona
@llimoo	@AvvChierichetti
@llimoo	@AyzaMoline
@llimoo	@bernatvg
@llimoo	@CarlesMasoni
@llimoo	@Castll00
@llimoo	@dbreiss
@llimoo	@dmartinriff
@llimoo	@domingobdn
@llimoo	@Emmeee4
@llimoo	@enananen
@llimoo	@escolteume
@llimoo	@eugenimedrano
@llimoo	@FadaEstel
@llimoo	@guille_vk9
@llimoo	@HuevoEater16
@llimoo	@jasbier63
@llimoo	@JoMarina55
@llimoo	@jordicrisol
@llimoo	@kengarenai
@llimoo	@kukox_kukox
@llimoo	@marc_algr
@llimoo	@MartiEstella
@llimoo	@Oriol_Bdn
@llimoo	@Pepserranobdn
@llimoo	@psico_indy
@llimoo	@referendumbdn
@llimoo	@rogerangela
@llimoo	@RogerSampietro
@llimoo	@sabadell15
@llimoo	@SerMG97
@llimoo	@sredomarti
@llimoo	@TomasRubioSalas
@llimoo	@torrajordi
@llimoo	@tote_llado
@llimoo	@UGJaume
@llimoo	@Vivancos_Sarda
@LloretRomero	@farrando31
@Lluis_Casanovas	@catalanpride
@Lluis_Casanovas	@JoanBay
@Lluis_Casanovas	@simonbokanegra
@Lluis_Casanovas	@somgentdpau
@Lluis_Casanovas	@yessthrta
@LluisaGaGa	@vampyCATman
@lluisredondo	@AntonCros
@lluisredondo	@tetesar
@LlunaCatalana	@Woundorf
@LM_Nacho	@hadowfenix
@LM_Nacho	@ireneaireneland
@loCarranquer	@CERCLEsegre
@loCarranquer	@TurismeVerdu
@lolipop8104	@cairel4
@londoncraziness	@2songsStevie
@londoncraziness	@70ramli
@londoncraziness	@absalomedia
@londoncraziness	@Adriana_MedinaL
@londoncraziness	@AfroStateOfMind
@londoncraziness	@Amarenelmomento
@londoncraziness	@andromeda_zeke
@londoncraziness	@b00t5y
@londoncraziness	@baniak
@londoncraziness	@BernadFelip
@londoncraziness	@Britanniacomms
@londoncraziness	@brucie1314
@londoncraziness	@CalmJohngfs
@londoncraziness	@carol2k2
@londoncraziness	@cerclecatalahis
@londoncraziness	@crucifxme
@londoncraziness	@der_bluthund
@londoncraziness	@DirkMarienfeld
@londoncraziness	@edithvilana
@londoncraziness	@EnricD74
@londoncraziness	@Esther_Meh
@londoncraziness	@EvilAuntBecky
@londoncraziness	@FadyChan4869xX
@londoncraziness	@fjordstrom
@londoncraziness	@fosstuff
@londoncraziness	@GeezerGarage
@londoncraziness	@Huppeinamets
@londoncraziness	@inspiralic
@londoncraziness	@johnmknox
@londoncraziness	@JonathanLVera
@londoncraziness	@junemoore58
@londoncraziness	@KatScot09259943
@londoncraziness	@LadyOfAlba
@londoncraziness	@losabiasl
@londoncraziness	@luciaqv2015
@londoncraziness	@m_mcasado
@londoncraziness	@MagikarpLover
@londoncraziness	@manel_andrade
@londoncraziness	@Mardeola
@londoncraziness	@maveri63
@londoncraziness	@Mik236
@londoncraziness	@MiquelVallve
@londoncraziness	@monaeltahawy
@londoncraziness	@morten
@londoncraziness	@nagusticasals
@londoncraziness	@Nat__Wil
@londoncraziness	@nefariuss
@londoncraziness	@noxten
@londoncraziness	@OrdforandeJohan
@londoncraziness	@PatC63316307
@londoncraziness	@PereBofill
@londoncraziness	@pomou
@londoncraziness	@Raulizga
@londoncraziness	@RoaringNurse
@londoncraziness	@RobynMBanks
@londoncraziness	@Rocamadour79
@londoncraziness	@s9tmt
@londoncraziness	@schleprock
@londoncraziness	@shizoor
@londoncraziness	@Sofalein__
@londoncraziness	@SovereignSyre
@londoncraziness	@susan_bell1212
@londoncraziness	@travelanji
@londoncraziness	@Turris0_0
@londoncraziness	@Uppington
@londoncraziness	@velvetsilk
@londoncraziness	@vermeerg
@londoncraziness	@wealthwords
@londoncraziness	@zenkistorm
@londoncraziness	@Zero_Cult
@lourdesbigorra	@oriolmataro
@lourdesbigorra	@PerePaella
@lourdesbigorra	@roseripunt
@lourdesbigorra	@Xulianamais
@lpujadas	@divad121cc
@lpujadas	@erctaradell
@m_r_cesar	@ANCDinamarca
@m_r_cesar	@annavancat
@m_r_cesar	@bsborja
@m_r_cesar	@ClunaJosep
@m_r_cesar	@EcolierAssassin
@m_r_cesar	@fredijosal
@m_r_cesar	@JosepRuaix
@m_r_cesar	@KatratziPhoto
@m_r_cesar	@vampyCATman
@macips01	@FrenchFanBarca
@MaddBCN	@AcampadaMordaza
@MaddBCN	@AntonCros
@MaddBCN	@bitxo69
@MaddBCN	@dolorsrevu
@MaddBCN	@MeinciMedia
@MaddBCN	@StopMordazas
@MaddBCN	@t_equo
@MaddBCN	@xdemocradirecta
@MaddBCN	@YaneAwesome
@magdacas	@IMarcuello
@magdacas	@mes_martorell
@magdacas	@MovEsquerres
@magdacas	@nuriarnay
@MagdaGregori	@abusquets59
@MagdaGregori	@DaniSarda65
@MagdaGregori	@Sisquere2
@MagdaGregori	@thinkcatalonia
@magixmagixmagix	@jg_hegohampton
@maihaviaditque	@Angeleugeni
@maihaviaditque	@cgarriga1
@maihaviaditque	@dignavictoria2
@maihaviaditque	@guasa_bee
@maihaviaditque	@marinaponsg
@maihaviaditque	@xaviolivella
@maihaviaditque	@yusi63
@Malalt9	@diamantidis13
@Malalt9	@inuksuk001
@Malalt9	@PauluLobete
@Malalt9	@rcpuig94
@Malalt9	@RobertoGrac
@Malalt9	@sobiranianarkia
@Malalt9	@teletovic11
@manel1978	@Bernat_
@manel1978	@Carrosdefoc11
@manel1978	@JosepRuaix
@manel1978	@lago4040
@manel1978	@Radiolamina
@manel1978	@sack_am
@ManelEsteller	@dvdrtype
@ManelEsteller	@guellsabata
@ManelEsteller	@lolaperpi
@ManelEsteller	@marctarinmarti
@ManelEsteller	@Rafel_Tro
@ManelEsteller	@RogelSala
@ManuelConsuegr5	@emga99
@MARC1886	@manelmasso
@MARC1886	@Noor_BCN
@MarcalOrri	@dvendrellp
@MarcAndRosich	@Joan_Casals
@MarcCasanovas4	@davcordoba
@MarcCasanovas4	@la_IAC
@MarcCasanovas4	@SEzquerra
@marcmcfry	@gabiruizp
@marcmcfry	@MZorzy
@MarcMonserrate	@m_isabelsuarez
@Marco3215	@RoserUrgelles
@marcotovarich	@ComasNoemi
@marcotovarich	@Miriam66chimeno
@marcpuigperez	@_immafp
@marcpuigperez	@27_antu
@marcpuigperez	@AntoniaCalsapeu
@marcpuigperez	@daninoa81
@marcpuigperez	@francesc130
@marcpuigperez	@nuriam06
@marcpuigperez	@orkatz_go
@marcpuigperez	@RockGod_11
@marcpuigperez	@SaimonOscar
@MarcPuigtio	@AMI__cat
@MarcPuigtio	@C_TTME
@MarcPuigtio	@CValles67
@MarcPuigtio	@EliusCornelius
@MarcPuigtio	@epages240
@MarcPuigtio	@erc_fedgirona
@MarcPuigtio	@frosasanchez
@MarcPuigtio	@Lauramcn1
@MarcPuigtio	@monicacomaroura
@MarcPuigtio	@NuriaBuxe
@MarcPuigtio	@Veronic40630547
@marctoro4	@AdaMullol
@marcus_uf	@cparelladar
@mardelumes	@88rpol
@mardelumes	@A_Varela_
@mardelumes	@cot1959
@mardelumes	@Danitxulow
@mardelumes	@ErikaDX7
@mardelumes	@fpicadov
@mardelumes	@frajarica1
@mardelumes	@gatorroto
@mardelumes	@gelpad
@mardelumes	@iroite5
@mardelumes	@jaume1954
@mardelumes	@kesejodaelmundo
@mardelumes	@levamexa
@mardelumes	@mariluzchb
@mardelumes	@MertxFdez
@mardelumes	@MonicaFilosofia
@mardelumes	@nosomososmortos
@mardelumes	@nuriarenys
@mardelumes	@okupibaraka
@mardelumes	@pedraluagz
@mardelumes	@RagnarokTime
@mardelumes	@roisordo
@mardelumes	@sabrebel
@mardelumes	@shakesphobic
@mardelumes	@sranpeca
@mardelumes	@Xiscally
@mardelumes	@xmtorne
@MareasCiudadana	@CoordVallesOcc
@MareasCiudadana	@MarcosG_23
@Marfil1961	@PCass1dy
@margaltes	@jordi_cardus
@margaltes	@pause76
@margaserraalias	@pili_serra
@marguita_41	@dpeon76
@mari_rom67	@escudellat
@mari_rom67	@Javieeruaa
@mariaarimany	@rcana000
@MariaBoschBou	@annsdumings
@MariaBoschBou	@eduardcasabo
@mariacolera	@albertlameiro
@mariacolera	@iuserraelias
@mariacolera	@jacob_31
@mariacolera	@lucyGonzalezPA
@MariaMerceRoca	@EnriquetaTormo
@MariaMerceRoca	@GironaVota
@MariaMerceRoca	@Jcamprup
@MariaMerceRoca	@jordigraur
@MariaMerceRoca	@MarcPuigtio
@MariaMerceRoca	@mmolledo
@MariaMerceRoca	@nurichi87
@mariaojuel	@cramosmanjarin
@mariaojuel	@JORDYP74
@mariaojuel	@maite_verd
@mariatikas19	@OHviis
@mariavid	@efernandezo2010
@mariaxinxo	@carneisabel
@mariaxinxo	@diguemagosarat
@mariaxinxo	@fvilarrubi
@mariaxinxo	@jaumepadros
@mariaxinxo	@judit_cat
@mariaxinxo	@kiwipocfet
@mariaxinxo	@xavier124
@marietaesteve	@Melquiades2014
@MarionaBalasch	@ralf68452199
@MarionaMerca	@Soy_AntiTaurin0
@markelolano	@garmendiakorta
@markelolano	@Indautxutik
@markooss	@LaTiger1
@MarMV16	@martavito95
@Marrecs	@CanalMarrec
@Marrecs	@MarielaVillarr2
@Marrecs	@MIQUELLARA
@Marrecs	@pausurfer
@Marsal95	@Berta3_97
@Marsal95	@lauraaranv
@Marsal95	@t_equo
@MARSALINASIGUIN	@ToniMontanes
@MarsVNG	@32Behan
@marta_mrm	@aldiaes
@marta_mrm	@aliciamv7129
@marta_mrm	@Antoni_Mallorca
@marta_mrm	@CanCat2007
@marta_mrm	@DMarzal
@marta_mrm	@dnicatala
@marta_mrm	@ellobera
@marta_mrm	@etxebarre
@marta_mrm	@GDEnMaia
@marta_mrm	@isabelchaves73
@marta_mrm	@JJPPbcn
@marta_mrm	@jordi_naval
@marta_mrm	@LolVia_14
@marta_mrm	@LopezChillon
@marta_mrm	@Mar30483763
@marta_mrm	@MIQUEL_01
@marta_mrm	@missylaine8
@MartaBP44	@Starkenbergg
@MartaJPacreu	@moncapsa
@Martallauvalbu	@JordiAran
@martamallarach	@exjugadorsueolo
@MartaTonisastre	@arnaucasadevall
@MartaTonisastre	@JoanTonisastre
@martatorresv	@canals_jm
@martatorresv	@conxita_avila
@martatorresv	@montsedabanm
@martaverda22	@Tertulianenca
@martavmaristany	@CeciliaSolanes
@martavmaristany	@jsegimon
@Marteta76	@Nuhude
@marticabre	@ComasNoemi
@marticasares	@maite_verd
@martigironell	@avilasimon
@martigironell	@BocaGran
@martigironell	@Encoberts
@martigironell	@mmolons
@martigironell	@sergitorrenta
@martijulia5	@mireiatresse
@martijulia5	@raulmassanella
@martinsmanoel	@pradifundir
@martiteres	@eldimonipuntcom
@martiteres	@gerardmsaguer
@martiteres	@pause76
@Marymaranama	@carolfontanals
@MasgrauJudit	@Zero_Cult
@Massoud_SD	@JRaQa
@matuatope	@MiguelTrahanno
@mcrius	@CoiaValls
@mdesantiago1	@Cassandrino
@MdRxI	@Maigolo
@MelgerTina	@MelgerTina
@melindroacid	@miquelcasellas
@merce_	@ACP3010
@merce_	@AlbVancells
@merce_	@ANCDinamarca
@merce_	@AvvChierichetti
@merce_	@Bruixaruth
@merce_	@CDRElVendrell
@merce_	@doctordinamo
@merce_	@escolesobertes
@merce_	@FCB01OCT
@merce_	@jmvidalillanes
@merce_	@JosepRuaix
@merce_	@manelmasso
@merce_	@MariaOxbow
@merce_	@MIQUEL_01
@merce_	@miquel303marti
@merce_	@Mussolteatre
@merce_	@ori1905
@merce_	@PereTorner
@merce_	@sergivalls
@merceB612	@Clio_deries
@merceB612	@moncapsa
@MercGrau2	@torroba_conchi
@meritxell76	@t_equo
@meritxellbudo	@GerardAgustin
@MeritxellNieto	@AlbertSantacreu
@MeritxellNieto	@roridelleida
@Mertxis	@Gallifante_69
@mfornells	@llorensnovapox
@MichelLardini	@boudiccaicena
@MikelArreseigor	@1139dani
@MikelArreseigor	@Ainara_20
@MikelArreseigor	@AL29RT
@MikelArreseigor	@andermgt
@MikelArreseigor	@AnnaGuell
@MikelArreseigor	@Bikalebar
@MikelArreseigor	@Cigro2
@MikelArreseigor	@cristhy71
@MikelArreseigor	@didacjoanz
@MikelArreseigor	@eaerandio
@MikelArreseigor	@EATolosa
@MikelArreseigor	@eduhcma
@MikelArreseigor	@EGaztea
@MikelArreseigor	@ElRojoMaltes
@MikelArreseigor	@euskalduna9
@MikelArreseigor	@evaehbildu
@MikelArreseigor	@goraosasuna1987
@MikelArreseigor	@Guidda25
@MikelArreseigor	@huguet_gabriel
@MikelArreseigor	@ia3sr
@MikelArreseigor	@ibonespejo
@MikelArreseigor	@IrazuIker
@MikelArreseigor	@IsaacJasrod
@MikelArreseigor	@JaumeSanch
@MikelArreseigor	@jjbc69
@MikelArreseigor	@josep_martos
@MikelArreseigor	@kox7
@MikelArreseigor	@LabordaOlga
@MikelArreseigor	@LandaJauna
@MikelArreseigor	@legardakoa
@MikelArreseigor	@Loren81046635
@MikelArreseigor	@M_cc74
@MikelArreseigor	@Maria1899FCB
@MikelArreseigor	@MartaParrabos
@MikelArreseigor	@martinetxa
@MikelArreseigor	@me_sheer_
@MikelArreseigor	@montseg68
@MikelArreseigor	@nuriarkaitz
@MikelArreseigor	@OscarCat1976
@MikelArreseigor	@quimpg
@MikelArreseigor	@racso1106
@MikelArreseigor	@SubmarinoP
@MikelArreseigor	@troncomovil1996
@MikelArreseigor	@XaviMarti5
@MikelArreseigor	@yakimalalimpia
@MikelArreseigor	@ZuhaitzBarela
@mikimolgosa	@bertasosa91
@mikimolgosa	@ParicioXavi
@minaithelan	@tuticomalat
@minaperis	@villatwth
@Minna_Casas	@aguilarobrero
@Minna_Casas	@andreacorbero
@MiquelAgutRiera	@JordiZafra2
@MiquelAgutRiera	@piulat
@MiquelAgutRiera	@R_KeioU
@MiquelBuch	@AMI__cat
@MiquelBuch	@bel_margarida
@MiquelBuch	@Casanovas1994
@MiquelBuch	@CAUDELLUNA60
@MiquelBuch	@cescgarret
@MiquelBuch	@danielbenwitter
@MiquelBuch	@DN_argent
@MiquelBuch	@evamserramia
@MiquelBuch	@fridazeta
@MiquelBuch	@hipsterkatze
@MiquelBuch	@josep_capo
@MiquelBuch	@juditpujado
@MiquelBuch	@llambillenc
@MiquelBuch	@Maigolo
@MiquelBuch	@MaiteAmigo4
@MiquelBuch	@manelmr70
@MiquelBuch	@marbelaba50
@MiquelBuch	@MarcMar87721302
@MiquelBuch	@Marquinhus_marc
@MiquelBuch	@martabatallas
@MiquelBuch	@milotxa
@MiquelBuch	@MontseBoladeres
@MiquelBuch	@nperezir
@MiquelBuch	@Olda2409
@MiquelBuch	@olerubixiri
@MiquelBuch	@perermerono
@MiquelBuch	@picaferro
@MiquelBuch	@Riderman24h
@MiquelBuch	@RoserFons
@MiquelBuch	@SgMireia
@MiquelBuch	@SolaElisabet
@MiquelBuch	@SoniaOriola
@MiquelBuch	@SPHopeVB
@MiquelBuch	@taiacfr
@MiquelBuch	@XaviCuBu
@MiquelBuch	@xavimontana
@MiquelBuch	@xavisentinella
@MiquelBuch	@xborras1900gma1
@miquelgili	@arna1cb
@miquelgili	@Laia_Miranda
@MIQUELLARA	@AntoniFerrer2
@MIQUELLARA	@avia_bel
@MIQUELLARA	@avinent
@MIQUELLARA	@BastaixDeCorda
@MIQUELLARA	@Clio_deries
@MIQUELLARA	@DarmstadtJ
@MIQUELLARA	@ellaorange
@MIQUELLARA	@g_carme234
@MIQUELLARA	@HolaMariola
@MIQUELLARA	@hortbel
@MIQUELLARA	@israel_mesas
@MIQUELLARA	@junimont
@MIQUELLARA	@lauraveletapel1
@MIQUELLARA	@lcurell
@MIQUELLARA	@lolaromeu10
@MIQUELLARA	@MarielaVillarr2
@MIQUELLARA	@mcngarratxo
@MIQUELLARA	@MIQUELLARA
@MIQUELLARA	@molidelpont
@MIQUELLARA	@OctaviMiarnau
@MIQUELLARA	@s_descordada
@MIQUELLARA	@villamayor_alex
@MIQUELLARA	@vinandaira
@mirboix	@Lepetitmoli
@mireiabroca	@jllgarcia
@mireianofe	@_ClaudiaMorato
@mireianofe	@miqueliu90
@mirellacges	@cat_1714_david
@mirellacges	@Gabi_Gou
@mireSabate	@pradifundir
@mirfitvi	@gironamola
@misjosep	@lantoniola
@misjosep	@LluisHorn
@misjosep	@noulliure
@misjosep	@Walivose20
@mitjanit	@MarcSuRI
@mitjavida	@belclaveria
@mitjavida	@Enkofrator_TV
@mitjavida	@info_referendum
@mix_imma	@Rejuat
@mix_imma	@Sergi_Badia
@mjau78	@EnRevolucion10
@mmarkmiller	@Albamn_24
@mmarkmiller	@Ana_P_Marco
@mmarkmiller	@Carlitosmorapor
@mmarkmiller	@emargall
@mmarkmiller	@farran_2001
@mmarkmiller	@greedyhxrry
@mmarkmiller	@guerrero21david
@mmarkmiller	@hadowfenix
@mmarkmiller	@isaabel_99
@mmarkmiller	@jennifer1D_CHER
@mmarkmiller	@JesyLMixers
@mmarkmiller	@jordialmolda
@mmarkmiller	@mireiaajunyent
@mmarkmiller	@nel_beats
@mmarkmiller	@nhoax_
@mmarkmiller	@rebemec
@mmarkmiller	@Ruben_265
@mmarkmiller	@SpongePanxita
@mmarkmiller	@Walivose20
@mmarkmiller	@Zulita1Demi
@mmoreram	@davidpich
@mmoreram	@jagerchief
@mnunesal	@pgandreu
@moixiganguers	@DamasGari
@moixiganguers	@OriolMadrid
@molera_cots	@CentellesAmpas
@monenrich	@pepecruz1956
@monenrich	@seterresquelop
@monicalonso	@conesbu
@monicalonso	@isisroyoadell
@MonMundialCat	@baranus
@monsgago	@EgiaAldatzen17
@montcabero	@pparescasellas
@MontellaAlbert	@I_m_Priyamvada
@MontseBeni	@GabriDakidarria
@montsebuti	@monstrebu
@montserratfj	@RutEnguita
@montsevistos	@gori_gregori83
@moonblue365	@CintaArasa
@moonblue365	@inakirelanzon
@moonblue365	@moonblue365
@MrMalky	@cataloniadirect
@MrMalky	@HouseofTwitsSNP
@MrMalky	@jimnimmo31
@MrMalky	@JoeTurnerScot
@MrMalky	@Luminous_Animal
@MrMalky	@millar421
@MrMalky	@peppujool
@MrMalky	@Splth32
@MrSpomg	@MrSpomg
@msalut	@rogervilapadro
@msunyol	@angelsole63
@msunyol	@Anna_AAR
@msunyol	@Compte1899
@msunyol	@enricolive
@msunyol	@Jordiat1961
@msunyol	@MTeresaGarciaM1
@msunyol	@pati_tona
@msunyol	@totcardedeu
@MTudela	@2nosaltres2
@MTudela	@BadiaSerra7
@MTudela	@BielSegui
@MTudela	@CapdeMetal
@MTudela	@eloresotzet
@MTudela	@Ferransax
@MTudela	@francesc130
@MTudela	@jaumesol
@MTudela	@JDeportos
@MTudela	@joamarem
@MTudela	@JoanBay
@MTudela	@josepmerid2
@MTudela	@JosepRuaix
@MTudela	@LESCARRIUS
@MTudela	@Lior_Mastejn
@MTudela	@Lluis_Casanovas
@MTudela	@M_cc74
@MTudela	@MontsePujadasB
@MTudela	@OctaviMiarnau
@MTudela	@ori1905
@MTudela	@p_solsona_b
@MTudela	@pablangosto
@MTudela	@photomiquelruiz
@MTudela	@poloniotroski
@MTudela	@PorcCollserola
@MTudela	@Rekkam
@MTudela	@SalvadorClaret
@MTudela	@SantaGgita
@MTudela	@slipnegre
@MTudela	@smartinezcons
@MTudela	@storiol
@MTudela	@vinyetp
@MTudela	@Walivose20
@MTudela	@xavialmar
@mtvperiquita	@ACP3010
@mtvperiquita	@AitorZubiaga
@mtvperiquita	@annasole44
@mtvperiquita	@daninoa81
@mtvperiquita	@ErroiBilbotarra
@mtvperiquita	@FadaEstel
@mtvperiquita	@GoldmannRay
@mtvperiquita	@jannixx77
@mtvperiquita	@joansanzb
@mtvperiquita	@motiuscat
@mtvperiquita	@NaKiSeRGi
@mtvperiquita	@Paaaaaatriiicia
@mtvperiquita	@quierollamarme1
@Nachosnews	@nicontigoniconn
@NaiaraPinedo	@gara_iiriondo
@naniinanii_	@AlvaroSeco
@naniinanii_	@amcamcamc
@naniinanii_	@CanariNegre
@naniinanii_	@cristinablumese
@naniinanii_	@darkravenblue
@naniinanii_	@gatubella89
@naniinanii_	@gemmafrost19
@naniinanii_	@hquinzelxxx
@naniinanii_	@isabel01614762
@naniinanii_	@Joan_Ru_Ca
@naniinanii_	@naniinanii_
@naniinanii_	@PerieraCharlot1
@naniinanii_	@rosaaa86
@naniinanii_	@solanell
@naniinanii_	@VHongria
@naniinanii_	@XJardi
@Natalia_Tweets	@ArdalionBorisyc
@Natalia_Tweets	@fenixblanc
@Natalia_Tweets	@jorgderzweite
@Natalia_Tweets	@LaTiger1
@NatalieSarantos	@Rosie_Peach
@natzafarre	@agnes_sola
@natzafarre	@alba_a_c
@natzafarre	@BBastardes
@natzafarre	@cirerettta
@natzafarre	@crstiangar
@natzafarre	@ElGorbs
@natzafarre	@halepues
@natzafarre	@iolandabatalle
@natzafarre	@juditborrell007
@natzafarre	@JuliaBarmir
@natzafarre	@mariangelsAC
@natzafarre	@martabonaca
@natzafarre	@mscanaleta
@natzafarre	@mtorrallorens
@natzafarre	@Nedadora
@natzafarre	@neoklau
@natzafarre	@Ori_vi
@natzafarre	@PacDeckard
@natzafarre	@PolBragulat
@natzafarre	@quimgombau
@natzafarre	@rus_negre
@natzafarre	@terbolatzur
@natzafarre	@vicensof
@naxo10_av	@dauychy
@naxo10_av	@enricsicra
@naxo10_av	@jurgenplanas
@naxo10_av	@oriolmataro
@naxo10_av	@pedomsi
@ncarcamob	@FCastelltort
@nel_beats	@Javi_zaiD
@nel_beats	@roig_moncada
@Neleeta	@javitrc
@Neleeta	@tesa55cs
@nenamuda	@blairodriguez
@nenamuda	@brunaxumetra
@nenamuda	@CarmeTorrelles
@nenamuda	@DaniDvilaro
@nenamuda	@dvMarta
@nenamuda	@jvilach
@nenamuda	@marcrosich
@nenamuda	@nanroig75
@nenamuda	@niskas
@nenasub2	@airmosso
@nenasub2	@EloiNadal
@nenasub2	@gcrge45
@nenasub2	@jordi_rouge
@nenasub2	@MIQUEL_01
@nenasub2	@silvia_pla
@nenasub2	@VickyMR12
@nereus_22	@nereus_22
@nerezarandona	@LeaCulvert
@NetaToneta	@AnaBelenGomez
@NetaToneta	@Clio_deries
@NetaToneta	@gmanel62
@NetaToneta	@JRivero7
@NetaToneta	@la_sariera
@NetaToneta	@NatachaCateuraC
@NetaToneta	@pere_gran
@NetaToneta	@Quintudj
@NetaToneta	@RBanber
@NetaToneta	@xaica69ona
@neusmunte	@M_BrokenLeg
@neusmunte	@PatsyMuicahy
@neusmunte	@PDCALLDETENES
@nicolasafernand	@6qcara
@nicolasafernand	@BufillJoan
@nicolasafernand	@CristianBasG
@nicolasafernand	@i_prochazka
@nicolasafernand	@jcanadellb
@nicolasafernand	@Jmasalba
@nicolasafernand	@maima1965
@nicolasafernand	@monxi55
@nicolasafernand	@ncoloma2
@nicolasafernand	@pllengua
@nicolasafernand	@rauldominguezji
@nicolasafernand	@Stargalabcn
@nicolasafernand	@txell1976
@NinoLuna3	@ieet123
@NinoLuna3	@somgentdpau
@NmsriTs	@Markquitus
@Noe1398	@Splth32
@nuria_riera	@kinagracia
@NuriaBtz	@Annna_gd
@NuriaBtz	@crlsimo
@nuriadrums	@julia120ongay
@NuriaJubero	@AcampadaMordaza
@NuriaJubero	@azukikiyo
@NuriaJubero	@bespierre
@NuriaJubero	@dolorsrevu
@NuriaJubero	@hexizado2013
@NuriaJubero	@liber72
@NuriaJubero	@Libertaria1978
@NuriaJubero	@marisorna
@NuriaJubero	@MeinciMedia
@NuriaJubero	@Nuri10137949
@NuriaJubero	@StopMordazas
@NuriaJubero	@tizianoresidori
@NuriaJubero	@vebrelo
@NuriaJubero	@xdemocradirecta
@ObertCAPCPantiq	@ANCMollet
@ObertCAPCPantiq	@Arimi17
@Occat93	@Catanari
@Occat93	@dolsalaia
@Occat93	@dona_invisible
@Occat93	@electrickernel
@Occat93	@hquinzelxxx
@Occat93	@inobstruible
@Occat93	@JaviiRCCelta
@Occat93	@JuliaMalatesta2
@Occat93	@junagrey
@Occat93	@miquelangel76
@Occat93	@pallares91
@Occat93	@RamonetFont
@Occat93	@Vctbcn9bverdum
@Occat93	@WarriorPinzas
@occupyfalles	@tirorere
@OdenaPDeCAT	@VilaMensa
@OihanaBartra	@NereaMiaMine
@oiram_co	@Didac3471
@OlaPropolis	@barefootLuffy
@OlaPropolis	@dariovioli
@OlaPropolis	@gorkia
@Olga_gili	@capidanMar
@olgamollet	@1139dani
@oliverasmj	@94_oscar
@oliverasmj	@dctrjei
@ollecat	@xduran82
@OlotXindep	@OmniumGarrotxa
@OlotXindep	@raquelfas
@OmissminaO	@IndigoFast
@OmissminaO	@miquel303marti
@omnium	@13adamsa
@omnium	@BordasSergi
@omnium	@EscapaNuria
@omnium	@PilarAbadias
@OmniumVOriental	@HugoNaudin
@OmniumVOriental	@peppujool
@Oolonguiyo	@Celoosia
@optimistikAall	@ANCLleidaSegria
@orfeu_vittoriu	@LaTiger1
@Oriol_Bdn	@diidaccc
@Oriol_Bdn	@glorialbareda
@Oriol_Bdn	@perevivaselias
@Oriol_Bdn	@sack_am
@OriolCastillo	@Pousit
@oriolcruells	@albacru
@oriolcruells	@cdrvng
@oriolcruells	@jaumevinaixa
@oriolguell	@SaraMarcAdrin
@OriolMonteso	@Frantxesca
@OriolMonteso	@luizaolc
@oriolposav	@roser4010
@oriolposav	@XaviDume
@oscar_delamata	@jmmalfonso
@Oscar_drc64	@iheras
@OscarMartindeN	@MaMuntasell
@oscarmontserrat	@Eli170705
@OSICSIngrid	@AUGUSTOCHDM
@PabloPauPaulo	@yonecarbo
@PALOPINYU	@PALOPINYU
@PampiiLaaDy	@jordi_rouge
@PampiiLaaDy	@JordiAran
@PampiiLaaDy	@ManoloBoniato
@PampiiLaaDy	@Montse20516769
@PampiiLaaDy	@soler_anna
@pandmvb	@Floren61
@pandmvb	@Splth32
@Papito_Tibor	@Hellooo_account
@paquiglez82	@alextoldra
@parramon	@JmSantesm
@parramon	@salvad_m
@partbcn	@10abril1968
@partit_pirata	@askari222
@partit_pirata	@CARME3773
@partit_pirata	@gregorioperezag
@partit_pirata	@jordi_cardus
@partit_pirata	@PiratasExtremad
@partit_pirata	@rubenroca77
@partit_pirata	@smujal
@partit_pirata	@ygolonac
@patnodijofacil	@marsanz
@paucampos11	@artero67
@paucampos11	@edunono
@paucampos11	@jmarticampmajo
@paucampos11	@JoamVilanova
@paucampos11	@montsemir
@paucampos11	@news_bisbal
@paucampos11	@totbisbal
@pauet1	@ajsantpedor
@pauet1	@falip_sab
@PaulaMartinez6_	@gilpeiro96
@PaulaRomero510	@dfernandez5
@paulaverao	@cot1959
@paulaverao	@Maiterola
@paulladorebull	@AlbertG_Palafru
@paulladorebull	@annaguilo
@paulladorebull	@crf1952
@Paupompier	@prdrnb
@Paupompier	@xavisentinella
@PBBMeritxell	@montsebaylach
@PDCDSitges	@jomateix50
@PDCDSitges	@laia_marsal
@PDECat_LGarriga	@ajimenez_cat
@pdecat_sabadell	@Tereteteta
@PDeCATBCN	@EPanisello94
@PDeCATMataro	@Arnau_de_Freser
@PDeCATMataro	@catsanemay
@PDeCATMataro	@climent_pont
@PDeCATMataro	@divapiti
@PDeCATMataro	@eemmeejjoottii
@PDeCATMataro	@g_carme234
@PDeCATMataro	@guapumm69
@PDeCATMataro	@jordibag
@PDeCATMataro	@josepmendez78
@PDeCATMataro	@lothlertu
@PDeCATMataro	@malzuria
@PDeCATMataro	@mexpositog
@PDeCATMataro	@MiquelSolaSuris
@PDeCATMataro	@motiuscat
@PDeCATMataro	@nailbiter_cat
@PDeCATMataro	@naojonfire
@PDeCATMataro	@peruchita1950
@PDeCATMataro	@Uristrong
@Pdemocratacat	@avallsblanes
@Pdemocratacat	@barheavenwave
@Pdemocratacat	@cataladelsud
@Pdemocratacat	@CJosepmaria
@Pdemocratacat	@elenamile
@Pdemocratacat	@elquemadobcn
@Pdemocratacat	@EstolMontse
@Pdemocratacat	@Gabi_Gou
@Pdemocratacat	@HomsJoaquim
@Pdemocratacat	@JordiBarcino
@Pdemocratacat	@joseprull
@Pdemocratacat	@josmato
@Pdemocratacat	@juditpujado
@Pdemocratacat	@lickiwicki
@Pdemocratacat	@martasubira
@Pdemocratacat	@milotxa
@Pdemocratacat	@monikabasa
@Pdemocratacat	@montsemagnet
@Pdemocratacat	@PDCALLDETENES
@Pdemocratacat	@pstcake
@Pdemocratacat	@sergialzuria
@Pdemocratacat	@serginock
@Pdemocratacat	@tonnn_ribes
@Pdemocratacat	@volemmambodui
@Pdemocratacat	@xanubcn
@Pdemocratacat	@XaviCuBu
@PebreNegre_llib	@Espolsada
@PebreNegre_llib	@Ona7382
@PedroLuna73	@_suniac
@PedroLuna73	@anarcocido
@PedroLuna73	@dsrueda
@PedroLuna73	@eltransito
@PedroLuna73	@ernestnegro
@PedroLuna73	@haternagaliza
@PedroLuna73	@kds_EH
@PedroLuna73	@Solosoyotrxtu
@pepmartorell	@GironaDC
@pepmartorell	@jordi_naval
@pepmartorell	@mariskt
@pepmartorell	@sergivalls
@peppuigdemont	@am_matas
@peprm	@Jordicanal64
@PepTines	@JanCartes
@PereBofill	@Jotxe2
@PereBofill	@jvilach
@PereBofill	@lantoniola
@PereBofill	@terenordiks
@peregalan	@pablangosto
@peremunoz	@PonsPep
@PereRF	@atpeta_coc
@PereRF	@sklla1
@PereRF	@zarrizarri
@PerGarriga	@CAUDELLUNA60
@PerGarriga	@CDRFranqueses
@PerGarriga	@Claveria
@PerGarriga	@escanueladrums
@PerGarriga	@LEKUONADomenja
@PerikosIndepes	@_Markins_
@PerikosIndepes	@AlemanyManel
@PerikosIndepes	@Almogaverperico
@PerikosIndepes	@Anna_Marsol
@PerikosIndepes	@aritz141
@PerikosIndepes	@BidalVidal
@PerikosIndepes	@cbonaventura
@PerikosIndepes	@CGelada
@PerikosIndepes	@DaniSarda65
@PerikosIndepes	@ireneuc
@PerikosIndepes	@joanRvallve
@PerikosIndepes	@jordisagi
@PerikosIndepes	@maduica
@PerikosIndepes	@mafflles
@PerikosIndepes	@manero58
@PerikosIndepes	@MasRaimon
@PerikosIndepes	@NatxoBCN
@PerikosIndepes	@peprm
@PerikosIndepes	@PepToneu
@PerikosIndepes	@PrezSagr
@PerikosIndepes	@PyrusPep
@PerikosIndepes	@scatala1959
@PerikosIndepes	@sergio_ronda
@PerikosIndepes	@SILVIA_S_S
@PerikosIndepes	@SocFranC
@PerikosIndepes	@tauroblanc
@PerikosIndepes	@ToniCarcole
@PerikosIndepes	@xeviexpo
@PerMareEtCaelum	@AgapitL
@PerMareEtCaelum	@wike2002
@pgriful	@CoralSinera
@pilaraymara	@a_nation_again
@pilaraymara	@A201057
@pilaraymara	@acastrero
@pilaraymara	@alopgon
@pilaraymara	@anamirandapaz
@pilaraymara	@baxurde
@pilaraymara	@BoletusEdulius
@pilaraymara	@bruixaescarlata
@pilaraymara	@calqueraun
@pilaraymara	@CanariNegre
@pilaraymara	@CATJRD
@pilaraymara	@cristinablumese
@pilaraymara	@docanbravo
@pilaraymara	@dolsalaia
@pilaraymara	@dona_invisible
@pilaraymara	@Dungarbhan
@pilaraymara	@e_lores
@pilaraymara	@electrickernel
@pilaraymara	@FocEstelar
@pilaraymara	@FucoPerez
@pilaraymara	@GallaecianMist
@pilaraymara	@Gata_negra93
@pilaraymara	@gemmafrost19
@pilaraymara	@hquinzelxxx
@pilaraymara	@jonartieda
@pilaraymara	@lcaramelos23
@pilaraymara	@luiseyre
@pilaraymara	@luzsuse
@pilaraymara	@m_fuckold
@pilaraymara	@misticamari
@pilaraymara	@moonlightalba85
@pilaraymara	@mosqueragoce
@pilaraymara	@mujermaravillxs
@pilaraymara	@pedraluagz
@pilaraymara	@Pelacanyes_TGN
@pilaraymara	@pilaraymara
@pilaraymara	@sonetska
@pilaraymara	@The_Jag_10
@pilaraymara	@tonimestres49
@pilaraymara	@tormenta_negra_
@pilaraymara	@tradougcions
@pilaraymara	@xosemarcote
@pilaraymara	@xVulpesVulpesx
@PilarFoixL	@betoblues
@pitudedeu	@Mins1965
@pitudedeu	@sablivi
@planajordi	@Belaroi
@planajordi	@mariagalc
@planajordi	@silviapontm
@pmemb	@t_equo
@poetabcn	@_Ardilla__
@poetabcn	@angelTolsanas
@poetabcn	@AssumptaBolta
@poetabcn	@asunlasaosa
@poetabcn	@AvvChierichetti
@poetabcn	@azukikiyo
@poetabcn	@bertupuigvertf1
@poetabcn	@campos15258
@poetabcn	@cms65cat
@poetabcn	@DavictusCat
@poetabcn	@edudiaz
@poetabcn	@EduGuitart
@poetabcn	@ellaorange
@poetabcn	@ENDIKA59
@poetabcn	@escolesobertes
@poetabcn	@eudaldc07
@poetabcn	@FCB01OCT
@poetabcn	@ForRevolucion
@poetabcn	@genesca_62
@poetabcn	@ggkex
@poetabcn	@IbraHotm
@poetabcn	@IgnasiGrosAuber
@poetabcn	@JaviGomezPelaez
@poetabcn	@JosepRuaix
@poetabcn	@juancarlosmohr
@poetabcn	@La__Vida__
@poetabcn	@LlatseEmili
@poetabcn	@lugarignoto
@poetabcn	@MarqMarti
@poetabcn	@MIQUEL_01
@poetabcn	@Montse20516769
@poetabcn	@NataliaPuche
@poetabcn	@neoklau
@poetabcn	@niskas
@poetabcn	@OctaviMiarnau
@poetabcn	@pain_spain
@poetabcn	@pielsolma
@poetabcn	@PriorMaiz
@poetabcn	@Riderman24h
@poetabcn	@salvijolis
@poetabcn	@Valmabcn
@poetabcn	@Vilanova_Miquel
@poetabcn	@vilherda
@poetabcn	@wylli7
@pol__estrada	@loulofish
@PolMalgosa4	@seergivalls1
@portet_bruguera	@DavidLLafuente
@portet_bruguera	@Jabbastation
@portet_bruguera	@jordiziur
@portet_bruguera	@soniamunyoz
@portet_bruguera	@Ungjeservirai
@pove7	@RutAixa
@Pratoffen	@artero67
@PrincesssNu	@calvosotelobcn
@Prunaks	@pedrin_cat
@publico_es	@rcko3
@PuesPioPio	@RosaMar6254
@Pujolras94	@Betgrau
@Pujolras94	@davidgraubalvi
@Pujolras94	@ICaimel
@Pujolras94	@refArbucies
@Puma28030	@JORGE_28030
@Puma28030	@ldbtwit
@Pumocat	@Teresa_Ciges
@QuimFernandez	@AngelsLlatse
@QuimFernandez	@ente_lequia
@QuimFernandez	@jorse65
@QuimFernandez	@martamallarach
@QuimFernandez	@pere_bahi
@QuimFernandez	@rousfdez
@quimgombau	@Xus20102278
@quimsb	@adergic
@quimsb	@AnnaGuell
@quimsb	@arch965
@quimsb	@bernattgusi
@quimsb	@bruixaescarlata
@quimsb	@CanariNegre
@quimsb	@carneisabel
@quimsb	@cristinablumese
@quimsb	@darkravenblue
@quimsb	@dolsalaia
@quimsb	@dona_invisible
@quimsb	@Fede_Montseny
@quimsb	@FocEstelar
@quimsb	@Gata_negra93
@quimsb	@gatubella89
@quimsb	@Guilhem5
@quimsb	@IndepesGironafc
@quimsb	@JesyLMixers
@quimsb	@joeabenpresa
@quimsb	@juanamulalleren
@quimsb	@JuliaMalatesta2
@quimsb	@junagrey
@quimsb	@lcaramelos23
@quimsb	@LluisColl13
@quimsb	@malbacb
@quimsb	@ManekoBcn
@quimsb	@MasterXena
@quimsb	@misticamari
@quimsb	@mjarilla1
@quimsb	@motiuscat
@quimsb	@mtdp08230
@quimsb	@pablangosto
@quimsb	@pasodevosaltres
@quimsb	@PereFalgueras
@quimsb	@SCCxIndp
@quimsb	@ShadoWindow3
@quimsb	@t_equo
@quimsb	@tormenta_negra_
@quimsb	@trankitavk
@quimsb	@Tuikismikis
@quimsb	@TVinyes
@quimsb	@vfrauies
@quimsb	@wwlucho
@quimsb	@Xavi44896342
@quin_atras	@quixotcat
@quinputot	@mireianofe
@QuintanaGuillem	@jmsoler_
@raf_jaime	@Kanedias
@raf_jaime	@nanroig75
@raf_jaime	@OlorASocarrim
@raf_jaime	@r_ribas_g
@rafa_bono	@Splth32
@rafavilar_gz	@CyrusL0L
@rafavilar_gz	@e_lores
@rafavilar_gz	@iroite5
@rafavilar_gz	@levamexa
@rafavilar_gz	@mgsgaliza
@rafavilar_gz	@pedraluagz
@rafavilar_gz	@riotgxrrl
@rafavilar_gz	@vitucovigo
@RafelFors	@EUROLANG
@RafelFors	@marta__vi
@rafelgrandio	@EdPepgrill
@rafelgrandio	@teixidoalbert
@rafelguiteras	@albertbadia
@RaholaOficial	@AquilaCalpensis
@RaholaOficial	@bernat_cim
@RaholaOficial	@Ginalou45
@RaholaOficial	@JanJules62
@RaholaOficial	@JonScottGib
@RaholaOficial	@nuritanaca
@RaholaOficial	@XavierCafenupi
@raimonbenach	@crank84
@raimonbenach	@davidjane1976
@raimonbenach	@Eudaldbertran
@raimonbenach	@jmarchn
@raimonbenach	@ricardparera
@ramon_rapamon	@JuliaMa96016562
@Ramoniprou	@CDRPoblenou
@RAMONMONFASOLE	@ramonmonfa
@ramonmunne	@moncapsa
@RamonPerisMarch	@elmiro_anselmo
@RamonPuigmarti	@RamonPuigmarti
@ramonroyo	@MerceGarciaG
@ramontremosa	@albertmones
@ramontremosa	@cerezaruth
@ramontremosa	@isabelbargallo1
@ramontremosa	@jcunya
@ramontremosa	@jmiguelmena
@ramontremosa	@joamarem
@ramontremosa	@jomateix50
@ramontremosa	@lis_76
@ramontremosa	@masmontx
@ramontremosa	@MessiNoSeVende
@ramontremosa	@orkatz_go
@ramontremosa	@Teoriabiencomun
@ramontremosa	@VMatterfilm
@ramontremosa	@xavierestivill
@raqini	@Dave__Raw
@raqini	@mqpio
@raqini	@Soy_AntiTaurin0
@raquelmateos	@tenkeits
@raquiortega	@Ajakumoi
@raquiortega	@sventuram
@RataDesletrada	@AlbertAixut
@RataDesletrada	@lulu6019
@rchduna	@anne_lluna
@rcpuig94	@mjarilla1
@rcusso	@berta_sole
@rcusso	@monicesteve
@rcusso	@xboschc
@reality_shower	@FerranGT1
@ref1oct	@__MireMi
@ref1oct	@_AllMiight_
@ref1oct	@_architekt
@ref1oct	@_atramd
@ref1oct	@_avforts
@ref1oct	@_Carreras_
@ref1oct	@_daba_
@ref1oct	@_eduardsb
@ref1oct	@_jordipahisa
@ref1oct	@_MiquelL_
@ref1oct	@_paufuentes
@ref1oct	@_Piuet_
@ref1oct	@_pulu_
@ref1oct	@_RepSter_
@ref1oct	@_Reugelo
@ref1oct	@_robbr
@ref1oct	@_SFerreTuset
@ref1oct	@_skyN3t
@ref1oct	@_Tadeo__
@ref1oct	@_xarlse
@ref1oct	@0smak
@ref1oct	@10sep_Sanchez
@ref1oct	@1139dani
@ref1oct	@113LUCAS
@ref1oct	@12Naro
@ref1oct	@14pedrero
@ref1oct	@1983Sergi
@ref1oct	@1OVotarem
@ref1oct	@23Tomik
@ref1oct	@482Gpla
@ref1oct	@4saraaaa
@ref1oct	@555Azalea
@ref1oct	@5albertss
@ref1oct	@68JManel
@ref1oct	@6mgibert
@ref1oct	@75laia
@ref1oct	@7set
@ref1oct	@90CatAl
@ref1oct	@A_Ferrer_F
@ref1oct	@A_Guasch_A
@ref1oct	@a_manubens
@ref1oct	@aadriaa11
@ref1oct	@aalbeert
@ref1oct	@aanglad2
@ref1oct	@aannaabcn
@ref1oct	@abelcrespo
@ref1oct	@abelgalvez
@ref1oct	@abelplana
@ref1oct	@abelqs
@ref1oct	@abetwitt
@ref1oct	@AbiGarciaBcn
@ref1oct	@abombi
@ref1oct	@abrilseg
@ref1oct	@abrilussia
@ref1oct	@Abrogerard
@ref1oct	@ac22_anna
@ref1oct	@acampolongo1975
@ref1oct	@acampru4
@ref1oct	@acanadellmayo
@ref1oct	@acelga
@ref1oct	@ACP3010
@ref1oct	@ACriach
@ref1oct	@ada_b9
@ref1oct	@Adela_Margalef
@ref1oct	@AdelaidaFerre
@ref1oct	@adelindamas
@ref1oct	@AdGrauP
@ref1oct	@Admo_independe
@ref1oct	@adominvi
@ref1oct	@Adriabcn11
@ref1oct	@adriaduarte90
@ref1oct	@adriagalimany
@ref1oct	@adriamartinez94
@ref1oct	@adriaoliver13
@ref1oct	@AdriaRabassa
@ref1oct	@Adribayarri1
@ref1oct	@adrien3214
@ref1oct	@adriexodus
@ref1oct	@adrime53
@ref1oct	@adrisouto96
@ref1oct	@adriterradellas
@ref1oct	@aesux
@ref1oct	@afabregasbadia
@ref1oct	@afarre8
@ref1oct	@aferre34
@ref1oct	@AfersRefa
@ref1oct	@afrech98
@ref1oct	@Agaliu
@ref1oct	@agarcia63
@ref1oct	@agatakotrys
@ref1oct	@agcatala
@ref1oct	@agironellas
@ref1oct	@agnessosa94
@ref1oct	@agrau5
@ref1oct	@AguiranSandra
@ref1oct	@Agusti_RM
@ref1oct	@AgustiMosegui
@ref1oct	@Aheradin
@ref1oct	@ahilazo
@ref1oct	@Aidablai
@ref1oct	@aidacastells
@ref1oct	@ailalelo
@ref1oct	@ainaivern
@ref1oct	@ainamoya6
@ref1oct	@AinaViciano
@ref1oct	@AinhoaMaiquez
@ref1oct	@AiRaLlop
@ref1oct	@airmosso
@ref1oct	@airundf
@ref1oct	@aitor_8a
@ref1oct	@Aitor_BC
@ref1oct	@AitorCZ
@ref1oct	@aitorpinyol
@ref1oct	@aiturtxi
@ref1oct	@ajlopera
@ref1oct	@Al_loar
@ref1oct	@al0806
@ref1oct	@Alba149
@ref1oct	@albaaserranoo
@ref1oct	@albachan22
@ref1oct	@albapla95
@ref1oct	@albert_dlSC
@ref1oct	@Albert_lopez011
@ref1oct	@albert_puy
@ref1oct	@albert26sr
@ref1oct	@albertbatalla
@ref1oct	@albertbatlle
@ref1oct	@albertbeltranf
@ref1oct	@albertbuzzi
@ref1oct	@albertcanals
@ref1oct	@albertcasals_ib
@ref1oct	@albertdetgn
@ref1oct	@AlbertEritja
@ref1oct	@albertescriu
@ref1oct	@albertfres
@ref1oct	@albertgabarrus
@ref1oct	@albertguilera
@ref1oct	@Albertikuu
@ref1oct	@AlbertL99
@ref1oct	@Albertldm
@ref1oct	@albertlluchtw
@ref1oct	@albertmiflo
@ref1oct	@Albertodelvalle
@ref1oct	@albertquera12
@ref1oct	@AlbertRey72
@ref1oct	@AlbertSantis
@ref1oct	@albertu33
@ref1oct	@albertvr85
@ref1oct	@albrtgarriga
@ref1oct	@alcajoca
@ref1oct	@alcalamrch
@ref1oct	@alcaraz_ricard
@ref1oct	@Aleeixsiicras
@ref1oct	@aleix_BDN_rules
@ref1oct	@aleix_vilalta
@ref1oct	@aleix09
@ref1oct	@aleix96
@ref1oct	@aleixmadrid
@ref1oct	@aleixmm97
@ref1oct	@ALEJANDROJ19YT
@ref1oct	@aleparejo99
@ref1oct	@alex_ruiz86
@ref1oct	@alexcasabo
@ref1oct	@AlexCasanova2
@ref1oct	@alexeniainet
@ref1oct	@alexisperezgome
@ref1oct	@alexllasera
@ref1oct	@alexpurull
@ref1oct	@AlexQuilez8
@ref1oct	@alexrollan
@ref1oct	@alexsastre83
@ref1oct	@Alexseju17
@ref1oct	@alexsolventa
@ref1oct	@alextornerdegis
@ref1oct	@alexvidal63
@ref1oct	@alfomart
@ref1oct	@AliiKz7
@ref1oct	@allancook3
@ref1oct	@Almat49
@ref1oct	@AlmirallvidalE
@ref1oct	@Almodis2
@ref1oct	@almogavermgm
@ref1oct	@Alpeich
@ref1oct	@alripol95
@ref1oct	@alsi_6
@ref1oct	@AltesRicard
@ref1oct	@AlvarBorrell
@ref1oct	@alxmurCAT
@ref1oct	@Alzbetaateb
@ref1oct	@AMANTCULER
@ref1oct	@ambaff9
@ref1oct	@AmeliacVilamu
@ref1oct	@amitgaya18
@ref1oct	@amm996
@ref1oct	@anaisbelles6
@ref1oct	@anbanjun
@ref1oct	@ANC_Castell3sol
@ref1oct	@ANC_Reus
@ref1oct	@AncBru
@ref1oct	@ANCEuskalHerria
@ref1oct	@ANClAleixar
@ref1oct	@andoni_rojo
@ref1oct	@andreu_mendez
@ref1oct	@andreu_solis
@ref1oct	@Andreu91
@ref1oct	@andreuartes
@ref1oct	@AndreuBofill
@ref1oct	@AndreuMart
@ref1oct	@Andreupo
@ref1oct	@andreurodr
@ref1oct	@Andrew_cat92
@ref1oct	@anfuli
@ref1oct	@Angel_SBD_
@ref1oct	@angela_burcet
@ref1oct	@angelcatalunya
@ref1oct	@Angeldurgi
@ref1oct	@Angeleugeni
@ref1oct	@angelgarreta
@ref1oct	@angels_pallas
@ref1oct	@Angelsbc57
@ref1oct	@angelshilario
@ref1oct	@angutmar0055
@ref1oct	@anherca1961
@ref1oct	@Aniaak27
@ref1oct	@Aniol99
@ref1oct	@aniolps
@ref1oct	@Aniuska
@ref1oct	@Anna_Saraa
@ref1oct	@anna_tobajas
@ref1oct	@Anna7ca
@ref1oct	@AnnaAmargant
@ref1oct	@annaarias11
@ref1oct	@AnnaBallo
@ref1oct	@ANNABARTOLL
@ref1oct	@annabaylach
@ref1oct	@annabrtgn
@ref1oct	@annabrunet
@ref1oct	@annacabu
@ref1oct	@AnnaCanalF
@ref1oct	@annacapdevila
@ref1oct	@AnnaCarratala
@ref1oct	@AnnaDUIRepCat
@ref1oct	@AnnaEsteve3
@ref1oct	@AnnaGrabalosa
@ref1oct	@annagrbo
@ref1oct	@AnnaGuell
@ref1oct	@annamiralpeix
@ref1oct	@AnnaPaituvi
@ref1oct	@annapomares15
@ref1oct	@annapurnabcn
@ref1oct	@AnnaRecioSnchez
@ref1oct	@annarovira95
@ref1oct	@AnnaSangra
@ref1oct	@annaselles
@ref1oct	@annasole44
@ref1oct	@annavallsm
@ref1oct	@AnnaVeri
@ref1oct	@annavi62
@ref1oct	@AnnaVicente5
@ref1oct	@annavilarrasa
@ref1oct	@anndrea_94
@ref1oct	@AnniaBosch
@ref1oct	@anniapons
@ref1oct	@annna1597
@ref1oct	@AnonymousBCN
@ref1oct	@antonbracero
@ref1oct	@AntonCros
@ref1oct	@antonimarber
@ref1oct	@antonipostius
@ref1oct	@Antoniu70
@ref1oct	@antonnaraio
@ref1oct	@antxonrodriguez
@ref1oct	@Anuar2801
@ref1oct	@AOJ
@ref1oct	@AOU1707
@ref1oct	@apasqualg
@ref1oct	@apiteta
@ref1oct	@apmireia
@ref1oct	@apmomp
@ref1oct	@Aponsm
@ref1oct	@aporta97
@ref1oct	@aptwitwr
@ref1oct	@AquestFrederic
@ref1oct	@arakemanuel
@ref1oct	@aramateix7
@ref1oct	@ArantzaZeta
@ref1oct	@ArauzoelVikingo
@ref1oct	@ardo95
@ref1oct	@AReniuValdes
@ref1oct	@ArgeCap
@ref1oct	@Ariadna_nutis
@ref1oct	@ariartna
@ref1oct	@arigall13
@ref1oct	@aritzeta
@ref1oct	@Arkimedus
@ref1oct	@arkkuso
@ref1oct	@armengolades
@ref1oct	@arna1cb
@ref1oct	@Arnau_Muntadas
@ref1oct	@arnaualvarez
@ref1oct	@ArnauBayes
@ref1oct	@Arnaucm23
@ref1oct	@arnaudeivissa
@ref1oct	@arnaugiralt
@ref1oct	@arnaugracia
@ref1oct	@ArnauGrane
@ref1oct	@arnausabate
@ref1oct	@arnause_
@ref1oct	@Arnybabysexy
@ref1oct	@arratetxuriurdi
@ref1oct	@arturbaro
@ref1oct	@ArturGuigo
@ref1oct	@asanchezpinedo
@ref1oct	@asanre
@ref1oct	@asdf_cesar
@ref1oct	@asiandafrica
@ref1oct	@asilveiro
@ref1oct	@asolanas
@ref1oct	@asoler1975
@ref1oct	@asolermembrives
@ref1oct	@aspasia_24
@ref1oct	@aspid1968
@ref1oct	@asr1961
@ref1oct	@assemblea
@ref1oct	@assumpta_gs
@ref1oct	@assumptamj
@ref1oct	@asvisa
@ref1oct	@athalbert
@ref1oct	@Atharel
@ref1oct	@AthusDaran
@ref1oct	@atxabuiru
@ref1oct	@AureliRoura
@ref1oct	@aurora_mora
@ref1oct	@aurorabg77
@ref1oct	@avilarreig
@ref1oct	@AvvaSzopen
@ref1oct	@AxelValera
@ref1oct	@ayarhuasca
@ref1oct	@aztakarri21
@ref1oct	@azukikiyo
@ref1oct	@Baggiobcn
@ref1oct	@Balanet45
@ref1oct	@BalladForM
@ref1oct	@BanusXenia
@ref1oct	@BarberanCinto
@ref1oct	@barberobet
@ref1oct	@BarniBanana
@ref1oct	@BASQUEANA
@ref1oct	@basquetmanSBMB
@ref1oct	@BastardesAnna
@ref1oct	@batecslliures
@ref1oct	@batllo13
@ref1oct	@BawerMCB
@ref1oct	@bcamon
@ref1oct	@BCEnric
@ref1oct	@BCN_Scouser
@ref1oct	@BcnCatEu
@ref1oct	@bcnremos
@ref1oct	@bcostals
@ref1oct	@BeadeNom
@ref1oct	@Beandando
@ref1oct	@beatrizvazc
@ref1oct	@begohervas
@ref1oct	@BellaBelBess
@ref1oct	@BenaigesJosep
@ref1oct	@BenitoCas
@ref1oct	@BenitoMBP
@ref1oct	@BERNAT__GARCIA
@ref1oct	@bernatcortina
@ref1oct	@BernatFCB
@ref1oct	@bernatgi
@ref1oct	@Bertacobu
@ref1oct	@bertaflorespuig
@ref1oct	@bertamg11
@ref1oct	@Bertapb46
@ref1oct	@bertapladevall
@ref1oct	@bertarubiofaus
@ref1oct	@Bertrc
@ref1oct	@bertuvila
@ref1oct	@betpuj
@ref1oct	@BGBgus
@ref1oct	@bibibi_on
@ref1oct	@bielinxes
@ref1oct	@bielopez
@ref1oct	@BielSamso
@ref1oct	@BillySVP2001
@ref1oct	@bioscamontse
@ref1oct	@biribiroli
@ref1oct	@bisbedgirona666
@ref1oct	@bitforllot
@ref1oct	@Biutre_VS
@ref1oct	@blairodriguez
@ref1oct	@Blaumar0
@ref1oct	@blozar
@ref1oct	@bluestmei
@ref1oct	@boada_anna
@ref1oct	@boada4
@ref1oct	@bobtoievski
@ref1oct	@BoenaSvoabo
@ref1oct	@BoilEva
@ref1oct	@bolshi_
@ref1oct	@bonobosmusica
@ref1oct	@BonVent17
@ref1oct	@booktubemania
@ref1oct	@BorrellaMarcel
@ref1oct	@Borrellas
@ref1oct	@BosomJordi
@ref1oct	@boujienn
@ref1oct	@bparera
@ref1oct	@Bracons_Jordi17
@ref1oct	@brencinoemi
@ref1oct	@brotodex
@ref1oct	@brownpotatoe
@ref1oct	@bruaigua68
@ref1oct	@Brujats
@ref1oct	@Brunxnho
@ref1oct	@BruPlanella
@ref1oct	@bucefalo76
@ref1oct	@busquets78
@ref1oct	@caelumtangi
@ref1oct	@calsastre
@ref1oct	@calsojorn
@ref1oct	@camelinsTram212
@ref1oct	@CaminsJ
@ref1oct	@CamiPonsPreto99
@ref1oct	@campittero
@ref1oct	@caneeeiro
@ref1oct	@canricart
@ref1oct	@cantooo95
@ref1oct	@canutdminairons
@ref1oct	@CAOC_
@ref1oct	@cap_de_trons
@ref1oct	@capdesuro
@ref1oct	@capitaguillola
@ref1oct	@carbonix
@ref1oct	@cares1975
@ref1oct	@carla_pamies
@ref1oct	@Carles_Badia
@ref1oct	@Carles_Sec
@ref1oct	@Carles1951
@ref1oct	@carlesbert
@ref1oct	@CarlesEnrich1
@ref1oct	@carleslec
@ref1oct	@carlesmiralpeix
@ref1oct	@carlespla
@ref1oct	@CarlesPlanas1
@ref1oct	@CarlesTexas
@ref1oct	@CarlesVote
@ref1oct	@carlos_cgc23
@ref1oct	@CarlosRivasFdez
@ref1oct	@CARMACAL
@ref1oct	@carmaguila
@ref1oct	@CarmanyDolors
@ref1oct	@carme_plana
@ref1oct	@carmemunte
@ref1oct	@CarmeOrtoll
@ref1oct	@carmetagr
@ref1oct	@CarmetaSegura
@ref1oct	@CarnerEduard
@ref1oct	@CarolinaGVidal
@ref1oct	@carolisto
@ref1oct	@CarolSaliner
@ref1oct	@CarreJosep
@ref1oct	@carvical24
@ref1oct	@Casafont_R
@ref1oct	@casaxus
@ref1oct	@Cat_Gat
@ref1oct	@catala666
@ref1oct	@cataladelsud
@ref1oct	@Catalanneta
@ref1oct	@CatalansForYes
@ref1oct	@Catalonia1640
@ref1oct	@CatalunyaSioSi
@ref1oct	@CatherineMln
@ref1oct	@catidentitari
@ref1oct	@CatSiberia
@ref1oct	@CAUDELLUNA60
@ref1oct	@cbonamus
@ref1oct	@cbotey
@ref1oct	@cbuchaca
@ref1oct	@ccc_jo
@ref1oct	@CDRPremiadeMar
@ref1oct	@cdrvng
@ref1oct	@ceretencatala
@ref1oct	@CerveSants
@ref1oct	@cesarmrtnz
@ref1oct	@cescader
@ref1oct	@CescCla
@ref1oct	@CescEscudero
@ref1oct	@CesCGamell
@ref1oct	@cescmanrique
@ref1oct	@CESCMARTI
@ref1oct	@cescvalls
@ref1oct	@ceskfreixas
@ref1oct	@cespinosaji
@ref1oct	@cfrd1909cat
@ref1oct	@cgagui
@ref1oct	@cgervilla
@ref1oct	@chaosct
@ref1oct	@chemaestruch
@ref1oct	@cherokienet
@ref1oct	@ChiasDavid
@ref1oct	@chinasky123
@ref1oct	@Chipflado
@ref1oct	@chisto1975
@ref1oct	@Chivi2017
@ref1oct	@chsarq
@ref1oct	@chus_bcn
@ref1oct	@ChusZ
@ref1oct	@chuti45
@ref1oct	@cid_9112
@ref1oct	@cincoeles
@ref1oct	@cirera_
@ref1oct	@cirerettta
@ref1oct	@cirne23
@ref1oct	@CJosepmaria
@ref1oct	@clara_hui
@ref1oct	@clara_solaz
@ref1oct	@claramoranta
@ref1oct	@ClarCatala
@ref1oct	@Claret_Elena
@ref1oct	@claudia_morera
@ref1oct	@ClaudiaCebrian4
@ref1oct	@ClaudiaFurriols
@ref1oct	@ClauHerondale
@ref1oct	@climentcc
@ref1oct	@Clio_deries
@ref1oct	@clolchindahus
@ref1oct	@clopujeu
@ref1oct	@CluaGregori
@ref1oct	@cnadeunadal
@ref1oct	@cnavasp
@ref1oct	@cnogueira1988
@ref1oct	@ColauRos
@ref1oct	@CollectiuPraga
@ref1oct	@comajuncosas
@ref1oct	@comamalamark
@ref1oct	@ComandoPiolin
@ref1oct	@ComasCulub
@ref1oct	@comellas_carles
@ref1oct	@ComellasRamon
@ref1oct	@CompteHola
@ref1oct	@comte_arnau
@ref1oct	@comunllum
@ref1oct	@consolrobles
@ref1oct	@ConxitaBou
@ref1oct	@ConxitaMarin
@ref1oct	@copdefalz
@ref1oct	@CoraRuiz
@ref1oct	@CorinaSerra40
@ref1oct	@CorreaBCN
@ref1oct	@Cortacans1
@ref1oct	@costacantos
@ref1oct	@CosterutMuc
@ref1oct	@cpuigpuig
@ref1oct	@CPuyalto
@ref1oct	@cramer230
@ref1oct	@crank84
@ref1oct	@creixells
@ref1oct	@criis_318
@ref1oct	@cris_font
@ref1oct	@criscaldcab
@ref1oct	@CrisGarciaCarne
@ref1oct	@CrisLorca7
@ref1oct	@crismaraina
@ref1oct	@crisortegar
@ref1oct	@crispaul01
@ref1oct	@crissansem
@ref1oct	@crisserradell
@ref1oct	@cristianborrell
@ref1oct	@cristina_jubany
@ref1oct	@CristinaAndreu1
@ref1oct	@Cristinacrisc
@ref1oct	@CristinaLliur
@ref1oct	@Cristinaparicio
@ref1oct	@cristinasl1967
@ref1oct	@CristinaTrullas
@ref1oct	@crisvall23
@ref1oct	@crisvi63
@ref1oct	@CronicasDeLidia
@ref1oct	@CronistaErrant
@ref1oct	@Cucus87
@ref1oct	@cun_cule
@ref1oct	@Cup_Tona
@ref1oct	@CuscoLluis
@ref1oct	@CustoFistro
@ref1oct	@CValles67
@ref1oct	@CwmniDB
@ref1oct	@cynaramenezes
@ref1oct	@DaavidTuneu
@ref1oct	@Daimakaimura
@ref1oct	@DALMALUM
@ref1oct	@dani_duro
@ref1oct	@dani_urdas
@ref1oct	@dani_vidal7
@ref1oct	@DaniArrando
@ref1oct	@DaniCallejaCruz
@ref1oct	@DanielAlmogaver
@ref1oct	@danielbetoret
@ref1oct	@DanielFphoto
@ref1oct	@Danielosio
@ref1oct	@danifollet
@ref1oct	@DaniGodoyVilas
@ref1oct	@Danii17400
@ref1oct	@danilm18
@ref1oct	@danimacaya_
@ref1oct	@daniosorio27
@ref1oct	@DaniRabinat
@ref1oct	@DaniSnchez9
@ref1oct	@danixolet
@ref1oct	@danxdan
@ref1oct	@darkpi
@ref1oct	@david_sesar
@ref1oct	@David13383353
@ref1oct	@david9n_27s
@ref1oct	@davidamigo_
@ref1oct	@davidarnes7
@ref1oct	@DavidBenitoLL
@ref1oct	@DavidBujan
@ref1oct	@davidegea
@ref1oct	@Davidfarres
@ref1oct	@DavidFe35426605
@ref1oct	@DavidFito2012
@ref1oct	@davidgorman93
@ref1oct	@DavidGraell
@ref1oct	@DavidLlach
@ref1oct	@DavidNo19001801
@ref1oct	@DavidOlivaLou
@ref1oct	@DavidovichBoss
@ref1oct	@davidpich
@ref1oct	@davidsaldoni
@ref1oct	@DavidTugues
@ref1oct	@davidvallesv
@ref1oct	@DavidVargasMo
@ref1oct	@daviid_monje
@ref1oct	@Davvid_87
@ref1oct	@Dayno000
@ref1oct	@dctrjei
@ref1oct	@DeantaKiku
@ref1oct	@debovaluja
@ref1oct	@Deivid1714
@ref1oct	@Dekazaki
@ref1oct	@Der_Betrachter_
@ref1oct	@derras68
@ref1oct	@desferr
@ref1oct	@detto_sottovoce
@ref1oct	@DevesaCamps
@ref1oct	@dglorenzo
@ref1oct	@dianarigata
@ref1oct	@didacmarin
@ref1oct	@DiegoBaSa
@ref1oct	@DiegoTassaraE
@ref1oct	@Dimoniescuat
@ref1oct	@divad121cc
@ref1oct	@DjBoLo21
@ref1oct	@DMasnou
@ref1oct	@dmiralpeix
@ref1oct	@dmm_1979
@ref1oct	@dmunte6
@ref1oct	@doce_raquel
@ref1oct	@DoctorBemway
@ref1oct	@dolorsdaroca
@ref1oct	@DolorsMoreno74
@ref1oct	@domenguasch
@ref1oct	@dos1a
@ref1oct	@DPucela
@ref1oct	@Dpujado77
@ref1oct	@Drarexstream
@ref1oct	@droses92
@ref1oct	@DrPereMiro
@ref1oct	@DrRaulDM
@ref1oct	@drudibuixa
@ref1oct	@DSA80
@ref1oct	@dspuig
@ref1oct	@DtellezgDt
@ref1oct	@dvcabrera
@ref1oct	@dvd72bcn
@ref1oct	@dvMarta
@ref1oct	@E_ri_pa
@ref1oct	@EA3AKY
@ref1oct	@EAarteako12
@ref1oct	@eaj35
@ref1oct	@eb_289
@ref1oct	@ecarbonellmon
@ref1oct	@ecastellsc
@ref1oct	@EClavaguera
@ref1oct	@edelak
@ref1oct	@edgar_s1
@ref1oct	@edgarcollado
@ref1oct	@EdgarMaGue17
@ref1oct	@edomenech76
@ref1oct	@edomingo97
@ref1oct	@edomingobasora
@ref1oct	@edu_juvanteny
@ref1oct	@eduardfalip
@ref1oct	@eduardhv77
@ref1oct	@eduardmata
@ref1oct	@edubs_6
@ref1oct	@edudiaz
@ref1oct	@edurdopfn
@ref1oct	@edurneconcejo
@ref1oct	@edurnevega
@ref1oct	@eereeq
@ref1oct	@EEsquius
@ref1oct	@efferock
@ref1oct	@EFreixes
@ref1oct	@EGI_gipuzkoa
@ref1oct	@EgiaAldatzen17
@ref1oct	@EiderCasanova
@ref1oct	@eixarc
@ref1oct	@Ekaitzekoa
@ref1oct	@el_figura2
@ref1oct	@elboscnegre
@ref1oct	@Elbuenprogre
@ref1oct	@elegavalda
@ref1oct	@ElementoRz
@ref1oct	@Elena15358594
@ref1oct	@ElenaOroni
@ref1oct	@elenasaura
@ref1oct	@Elfotgn
@ref1oct	@elhomedelsak
@ref1oct	@EliaMaciaPuig
@ref1oct	@elianglada
@ref1oct	@EliBigo
@ref1oct	@EliBonfill
@ref1oct	@eliforroll85
@ref1oct	@elipon
@ref1oct	@ElisabetMB1
@ref1oct	@elisabetvives
@ref1oct	@ElisendaE
@ref1oct	@ElisendaG
@ref1oct	@ellobera
@ref1oct	@ElMacarrony
@ref1oct	@Elna897
@ref1oct	@eloicode
@ref1oct	@EloiDarde
@ref1oct	@eloigomeznovell
@ref1oct	@elquemadobcn
@ref1oct	@ElsokeBarricada
@ref1oct	@elstenimplens
@ref1oct	@eltempsaseva
@ref1oct	@elTxatxu
@ref1oct	@elxavisole
@ref1oct	@emateug
@ref1oct	@emcampa
@ref1oct	@emilifdx
@ref1oct	@EmmaCastellsS
@ref1oct	@EmmaDomingo3
@ref1oct	@en_RED_ado
@ref1oct	@EnemicPublic
@ref1oct	@EnJordi_76
@ref1oct	@enJordiP
@ref1oct	@ENPjaume
@ref1oct	@enric_bandes
@ref1oct	@Enric_Velasco
@ref1oct	@enricbatiste71
@ref1oct	@enricmf
@ref1oct	@enricp13
@ref1oct	@enricreverter
@ref1oct	@EnricRimbau
@ref1oct	@EnricRocaC
@ref1oct	@EnriqueSanjurjo
@ref1oct	@eowyn7
@ref1oct	@epuiggros
@ref1oct	@equinaster
@ref1oct	@Eramvila
@ref1oct	@ERCOsona
@ref1oct	@erctaradell
@ref1oct	@erfiug
@ref1oct	@ericagalvez93
@ref1oct	@erick_thrash
@ref1oct	@EricLP13
@ref1oct	@ericnoza
@ref1oct	@Errekazabal
@ref1oct	@es_nauta
@ref1oct	@escatxic1
@ref1oct	@escociamaxon
@ref1oct	@escompani
@ref1oct	@EscuraSabate
@ref1oct	@eserranoregol
@ref1oct	@ESoler90
@ref1oct	@espinoza_bcn
@ref1oct	@Espumosah
@ref1oct	@estanis8
@ref1oct	@estebangaros
@ref1oct	@Estel061
@ref1oct	@estelboix
@ref1oct	@estelelma
@ref1oct	@esterclos
@ref1oct	@esterfont8
@ref1oct	@EsterMatali
@ref1oct	@EsterRuEs
@ref1oct	@estevelg
@ref1oct	@estevetoru
@ref1oct	@esther_amore
@ref1oct	@estherdenoa
@ref1oct	@estherifer
@ref1oct	@EstherMarti8
@ref1oct	@estu_finest
@ref1oct	@EstVinyeta
@ref1oct	@etakpc
@ref1oct	@Etna__
@ref1oct	@ett_13
@ref1oct	@Eudaldbertran
@ref1oct	@EulaliaCR
@ref1oct	@eva_carm
@ref1oct	@eva_vdlc
@ref1oct	@eva68798184
@ref1oct	@Eva9977
@ref1oct	@evadelriu
@ref1oct	@evafarre
@ref1oct	@EvaFerrerGarci1
@ref1oct	@evagalik
@ref1oct	@EvaGallardoMans
@ref1oct	@evaj_kr
@ref1oct	@Evalopca
@ref1oct	@evalsinaqu
@ref1oct	@evamuoz11
@ref1oct	@EvaNoCa
@ref1oct	@evaportobello1
@ref1oct	@evator71
@ref1oct	@evavallsg
@ref1oct	@evbordas
@ref1oct	@evitavs
@ref1oct	@Existencia54
@ref1oct	@exLadadriver90
@ref1oct	@exterior_cat
@ref1oct	@EzequielBeneit
@ref1oct	@F_E_R_P_A
@ref1oct	@fabu_king
@ref1oct	@falduko
@ref1oct	@FaniGdll
@ref1oct	@Farfallina_87
@ref1oct	@FBosch_0
@ref1oct	@fbrugat
@ref1oct	@fcojaviermateos
@ref1oct	@fcruzcueva
@ref1oct	@Fenages
@ref1oct	@fent_capitxones
@ref1oct	@fentvia
@ref1oct	@ferchobm8
@ref1oct	@FernadezAlex
@ref1oct	@ferniprat
@ref1oct	@Ferran_cat67
@ref1oct	@ferranba
@ref1oct	@ferranburch
@ref1oct	@FerrandoGaming
@ref1oct	@ferranguiu
@ref1oct	@ferrantorba
@ref1oct	@FGSCREW
@ref1oct	@fgsmsf
@ref1oct	@Figey
@ref1oct	@Finafms
@ref1oct	@fiscort
@ref1oct	@fita_mas
@ref1oct	@fityfructu
@ref1oct	@fjauma
@ref1oct	@FLAVIOGUIMARAE5
@ref1oct	@FlorensaAlbert
@ref1oct	@Flyng_Nautchman
@ref1oct	@Fmarcet
@ref1oct	@fmarinm88
@ref1oct	@fonamental
@ref1oct	@fonsblank
@ref1oct	@Forest_roure
@ref1oct	@foreveeerboy
@ref1oct	@ForeverJudd
@ref1oct	@fraferreres
@ref1oct	@Francesc_Forex
@ref1oct	@francesc_t
@ref1oct	@francesc112233
@ref1oct	@francescclavera
@ref1oct	@FrancescConesa
@ref1oct	@francescdg
@ref1oct	@francescllamas
@ref1oct	@FrancescMerce
@ref1oct	@francescrg
@ref1oct	@francescsaigi
@ref1oct	@Franel_Landau
@ref1oct	@frank_toro_bcn
@ref1oct	@frankbassas
@ref1oct	@Franky27
@ref1oct	@FranOgallas
@ref1oct	@FranPardo_
@ref1oct	@fre_cs
@ref1oct	@fredericbruguer
@ref1oct	@FREDERICPLANAS
@ref1oct	@Fredim6
@ref1oct	@Fricoleg
@ref1oct	@FrikieGeek
@ref1oct	@frodri38
@ref1oct	@FroilanVives
@ref1oct	@FSanjoan
@ref1oct	@Fumverd
@ref1oct	@funciogamma
@ref1oct	@Fusinix1
@ref1oct	@fusteretpetit
@ref1oct	@fvilarrubi
@ref1oct	@fvizuetec
@ref1oct	@fxcase
@ref1oct	@FxNoiz
@ref1oct	@g1Ofc
@ref1oct	@gaabri888
@ref1oct	@Gabi_Gou
@ref1oct	@GABIPASCUAL
@ref1oct	@gabiRIAZP
@ref1oct	@GalacticWorld
@ref1oct	@GalaLlobet
@ref1oct	@galizarebelde
@ref1oct	@galtesdeporc
@ref1oct	@Gandaiet
@ref1oct	@Ganxi93
@ref1oct	@GARA_rpascual
@ref1oct	@GarciaSarquella
@ref1oct	@GariMiquel
@ref1oct	@GarrellMarc
@ref1oct	@GarrigaDolors
@ref1oct	@GarrigaJosep
@ref1oct	@garrigapere
@ref1oct	@GasparCarme
@ref1oct	@GasparEscolano
@ref1oct	@GassiotSala
@ref1oct	@GavaxIndep
@ref1oct	@Gazofilaci
@ref1oct	@gbarniolc
@ref1oct	@gbelluda
@ref1oct	@gbi_92
@ref1oct	@GDEnMaia
@ref1oct	@GeladoJordi
@ref1oct	@GEMbombers
@ref1oct	@Gemma_ct
@ref1oct	@gemma_vernet
@ref1oct	@gemmag122
@ref1oct	@GemmaGeis
@ref1oct	@gemmame2
@ref1oct	@gemmarodao
@ref1oct	@gemsanguera
@ref1oct	@genesca_62
@ref1oct	@genisgnd96
@ref1oct	@genismi
@ref1oct	@Genisru
@ref1oct	@GeorginaPM
@ref1oct	@Georsic
@ref1oct	@gerardalvarez3
@ref1oct	@GerardB27
@ref1oct	@gerardb96
@ref1oct	@gerardbajona
@ref1oct	@gerardbellpuig
@ref1oct	@GerardBiE
@ref1oct	@Gerardbk
@ref1oct	@GerardCoetzee
@ref1oct	@gerardlluch
@ref1oct	@gerardsola
@ref1oct	@gerardvg92
@ref1oct	@GermanGG7
@ref1oct	@gerolve
@ref1oct	@GerPons
@ref1oct	@gertraguasch
@ref1oct	@Gfugasot
@ref1oct	@ggalofra
@ref1oct	@GGuillemparis4
@ref1oct	@Gigi_cat96
@ref1oct	@Giisela93_
@ref1oct	@gillesmateu
@ref1oct	@GillStella
@ref1oct	@GilPallise
@ref1oct	@ginamas81
@ref1oct	@ginamatias7
@ref1oct	@giripower
@ref1oct	@giropila
@ref1oct	@gisela_homet
@ref1oct	@gloriaarbeka
@ref1oct	@glorialloreda
@ref1oct	@GloriaMassague
@ref1oct	@Glorieta10
@ref1oct	@gmacsta
@ref1oct	@gmc_tw
@ref1oct	@godileaks
@ref1oct	@gonzalezfoto
@ref1oct	@Goto_Carajo
@ref1oct	@GPigui
@ref1oct	@GpNoemi
@ref1oct	@gps_bcn
@ref1oct	@gr_lia
@ref1oct	@GraciaxINDP
@ref1oct	@granreserva83
@ref1oct	@Grouxu
@ref1oct	@grovirafreixa
@ref1oct	@Grozlix
@ref1oct	@Grup36b
@ref1oct	@guardianolla
@ref1oct	@guelfa10
@ref1oct	@Guglepuntocom
@ref1oct	@Guidda25
@ref1oct	@guillem_4
@ref1oct	@guillem_cerda
@ref1oct	@Guillem_Muntane
@ref1oct	@Guillem24
@ref1oct	@guillemcasas10
@ref1oct	@GuillemGCA
@ref1oct	@guillemhp
@ref1oct	@GuillemM11
@ref1oct	@GuillemMitja
@ref1oct	@guillemtorresb
@ref1oct	@GuineuPirineu
@ref1oct	@GuiuJoan
@ref1oct	@gustavocapde
@ref1oct	@halbertus33
@ref1oct	@halepues
@ref1oct	@hansjuliamoller
@ref1oct	@haviam
@ref1oct	@hector_aspano
@ref1oct	@helenaarnootin
@ref1oct	@HelenaBonell
@ref1oct	@HelenaLorenz77
@ref1oct	@HeleNoSurrender
@ref1oct	@HibridRepelenta
@ref1oct	@himbopar
@ref1oct	@hinala
@ref1oct	@HinojosaEdo
@ref1oct	@hiupsls
@ref1oct	@Hold_Fast_85
@ref1oct	@Homer_man
@ref1oct	@HospiVandeANC
@ref1oct	@ia3sr
@ref1oct	@iacamps
@ref1oct	@IAIAHELENA
@ref1oct	@IbaezTricce
@ref1oct	@ibantorres
@ref1oct	@IBarcelonacat
@ref1oct	@ibergada
@ref1oct	@idacris_
@ref1oct	@idilicrepublic
@ref1oct	@iDrOj_BcN
@ref1oct	@igaztelubilbao
@ref1oct	@ignasi
@ref1oct	@Ignasi747
@ref1oct	@ignasicabilla
@ref1oct	@IgnasiCalvo
@ref1oct	@ignasicorral
@ref1oct	@ignasinoguer
@ref1oct	@ikerkasanova
@ref1oct	@illa_pirata
@ref1oct	@IMatavera
@ref1oct	@imbecildemierda
@ref1oct	@immabebo
@ref1oct	@indepe91
@ref1oct	@indeva14
@ref1oct	@Ingrid_Chm
@ref1oct	@ingridthirty
@ref1oct	@io_mir
@ref1oct	@ion_albizu
@ref1oct	@iona_vilarrubia
@ref1oct	@iosusan_
@ref1oct	@ipassa3
@ref1oct	@IRD87
@ref1oct	@ire_ahoj
@ref1oct	@irene_ribas
@ref1oct	@irenecarbo
@ref1oct	@irenemasot
@ref1oct	@IrenePuig
@ref1oct	@irenevila18
@ref1oct	@iriavt
@ref1oct	@irikeTruita
@ref1oct	@is05140
@ref1oct	@isaaccastella
@ref1oct	@isaacgascon12
@ref1oct	@IsaacMorera
@ref1oct	@IsaAmayaAguilar
@ref1oct	@isabel01614762
@ref1oct	@isabelberga
@ref1oct	@isabeldelclos
@ref1oct	@isabelrdos
@ref1oct	@IsabelSanta74
@ref1oct	@isacerverabech
@ref1oct	@isama1958
@ref1oct	@IsaSaGe
@ref1oct	@IsbacCaralt
@ref1oct	@Isidrelc
@ref1oct	@isidrem
@ref1oct	@ismaelcabezudo
@ref1oct	@Ismaeldelrioel
@ref1oct	@isolvas
@ref1oct	@isona4
@ref1oct	@Isriam
@ref1oct	@istisly
@ref1oct	@itacamanlleu
@ref1oct	@itorrescusa15
@ref1oct	@ItsN3v3r
@ref1oct	@ivan_sauch
@ref1oct	@ivanamoran
@ref1oct	@ivandazacalle
@ref1oct	@ivanpb96
@ref1oct	@ivi_prat
@ref1oct	@Ixabone
@ref1oct	@Izakian1
@ref1oct	@J_Alex_Vega
@ref1oct	@j_b_rtr_n
@ref1oct	@J_C_Robert
@ref1oct	@J_Roca_m
@ref1oct	@j3susmtzzz
@ref1oct	@j50jordi
@ref1oct	@Jabberwocky_06
@ref1oct	@jacalzadoc1972
@ref1oct	@jacobpenisagut
@ref1oct	@jadeiajo
@ref1oct	@Jagobafafo
@ref1oct	@Jaimefpec
@ref1oct	@jalbalat
@ref1oct	@jan_monaco
@ref1oct	@jan_xc
@ref1oct	@JanCartes
@ref1oct	@Jandro21pk
@ref1oct	@janelhutt
@ref1oct	@JanetEscusa
@ref1oct	@janrede
@ref1oct	@jara_costa
@ref1oct	@JasonH2Oman
@ref1oct	@jaubauga
@ref1oct	@jaume_gb
@ref1oct	@jaume_giol
@ref1oct	@jaume_moreno
@ref1oct	@Jaume_Puig1
@ref1oct	@jaume_torres
@ref1oct	@Jaume44935072
@ref1oct	@Jaume58790011
@ref1oct	@jaumebc
@ref1oct	@JaumeGBonamusa
@ref1oct	@jaumenet007
@ref1oct	@JaumePlanella
@ref1oct	@jaumesol
@ref1oct	@jaumesoler_nyc
@ref1oct	@Jaumetc
@ref1oct	@jaumevn
@ref1oct	@Javi_Quique_OK
@ref1oct	@Jberga20
@ref1oct	@jbofill7
@ref1oct	@jbonfi
@ref1oct	@JCarlesSegura
@ref1oct	@jcomapos
@ref1oct	@JDeportos
@ref1oct	@JECSALIS
@ref1oct	@jegeaf
@ref1oct	@JeicobTwOtWo
@ref1oct	@JenLpez
@ref1oct	@JessCarolBr
@ref1oct	@JessicaSnchezA
@ref1oct	@JessySnake
@ref1oct	@jesus12n
@ref1oct	@jesusbarrio
@ref1oct	@jesuspallares
@ref1oct	@jesusPEstudillo
@ref1oct	@jFabregas33
@ref1oct	@Jfajeda
@ref1oct	@jfarreny
@ref1oct	@jfeixasb
@ref1oct	@jfius
@ref1oct	@jgarciavalls
@ref1oct	@JGG_E
@ref1oct	@Jgilblasco
@ref1oct	@jgraellcollell
@ref1oct	@jhurtos
@ref1oct	@jimixnie
@ref1oct	@jimyelgrande
@ref1oct	@JJBonastre
@ref1oct	@jjfontanet
@ref1oct	@JJPPbcn
@ref1oct	@JLLGarciaS
@ref1oct	@jllobet18
@ref1oct	@JLozano_2511
@ref1oct	@JLPUlfkjaer
@ref1oct	@jlvllop
@ref1oct	@jm_cabases
@ref1oct	@JM90PI
@ref1oct	@jmagan81
@ref1oct	@JMallarach
@ref1oct	@jmartitort
@ref1oct	@jmatorres
@ref1oct	@jmduocastella
@ref1oct	@jmla69and
@ref1oct	@JMMD8
@ref1oct	@jmvidalillanes
@ref1oct	@jmvillaro
@ref1oct	@jnarbon
@ref1oct	@JNCCiutatVella
@ref1oct	@jnogueg
@ref1oct	@jnovau
@ref1oct	@Joan_A_Mila
@ref1oct	@Joan_Casals
@ref1oct	@joan_elias
@ref1oct	@joan_pujolas
@ref1oct	@joan4s
@ref1oct	@JoanaDengra
@ref1oct	@JoanaPoch
@ref1oct	@JOANATALIA
@ref1oct	@JoanBay
@ref1oct	@joanboixirla
@ref1oct	@JoanCalafell
@ref1oct	@joancampderros
@ref1oct	@joancapu
@ref1oct	@joancasanovas27
@ref1oct	@joancasteller
@ref1oct	@joancguerrero
@ref1oct	@joandausa
@ref1oct	@joandeblanes
@ref1oct	@Joandemon
@ref1oct	@joanenpa
@ref1oct	@Joanespelt
@ref1oct	@Joanetys
@ref1oct	@joanfsastre
@ref1oct	@Joanga4
@ref1oct	@joangv66
@ref1oct	@joanmari_
@ref1oct	@joanmariapique
@ref1oct	@JoanMayolGibert
@ref1oct	@joanmg93
@ref1oct	@Joanmi1899
@ref1oct	@joanmitter
@ref1oct	@JoanMolinas
@ref1oct	@joanmroig
@ref1oct	@joanoller19
@ref1oct	@Joanotma
@ref1oct	@JoanPerkele
@ref1oct	@joanpl99
@ref1oct	@JoanPoveda1
@ref1oct	@joanqs
@ref1oct	@JoanR_Puig
@ref1oct	@joanrafdez
@ref1oct	@JoanTayeda
@ref1oct	@JoanTinesG
@ref1oct	@Joanure
@ref1oct	@JoanVayreda
@ref1oct	@joanxjr
@ref1oct	@JoaquimIvern
@ref1oct	@joaquimpiera
@ref1oct	@JoBassols
@ref1oct	@jobika72
@ref1oct	@jocrusells
@ref1oct	@JoelChaves3
@ref1oct	@Joelmurbailon26
@ref1oct	@JoelPS33
@ref1oct	@joelsola12
@ref1oct	@jofre53
@ref1oct	@JofreFite
@ref1oct	@JofreMelia
@ref1oct	@johan95official
@ref1oct	@Joja81729247
@ref1oct	@jomajopa55
@ref1oct	@jomalvi
@ref1oct	@JonAFenosa
@ref1oct	@JonhConnorEH
@ref1oct	@JonInarritu
@ref1oct	@Jonkirru
@ref1oct	@JonNReinicke
@ref1oct	@jonnysr
@ref1oct	@Jopelgrin
@ref1oct	@jopocht
@ref1oct	@joppcc
@ref1oct	@jordi_anento
@ref1oct	@jordi_berta
@ref1oct	@jordi_callol
@ref1oct	@Jordi_miranda_r
@ref1oct	@jordi_naval
@ref1oct	@jordi_tolosa
@ref1oct	@jordi_torra
@ref1oct	@jordi292185
@ref1oct	@JordiAD_27
@ref1oct	@jordiandroid
@ref1oct	@JordiAuladell1
@ref1oct	@jordiboada
@ref1oct	@JordiBonells
@ref1oct	@JordiBritton
@ref1oct	@Jordicanal64
@ref1oct	@jordicarrizo
@ref1oct	@jordicloca
@ref1oct	@jordicons
@ref1oct	@Jordicostelo
@ref1oct	@jordicrisol
@ref1oct	@jordiet_19
@ref1oct	@jordifarre
@ref1oct	@JordiFZR
@ref1oct	@jordigarciad
@ref1oct	@jordigaya78
@ref1oct	@JordiGinesta
@ref1oct	@JordiGM82
@ref1oct	@jordigrive
@ref1oct	@JordiGuals96
@ref1oct	@JordiGuellFiga
@ref1oct	@jordijanes
@ref1oct	@JordiJEC
@ref1oct	@JordiLap
@ref1oct	@jordillens
@ref1oct	@jordimarcar
@ref1oct	@jordimiserachs
@ref1oct	@jordinacarreras
@ref1oct	@JordinaEM
@ref1oct	@jordinapt
@ref1oct	@JOrdinesCapo
@ref1oct	@JordInver
@ref1oct	@JordiParrondo
@ref1oct	@jordiperezolle
@ref1oct	@jordiplus
@ref1oct	@jordirifa
@ref1oct	@JordiRocaVila
@ref1oct	@jordirogle
@ref1oct	@JordiSaez71
@ref1oct	@JordiSalaCosp
@ref1oct	@jordisalvia
@ref1oct	@JordiSnchezGme1
@ref1oct	@jordisolef
@ref1oct	@jordissimo9
@ref1oct	@jordititella
@ref1oct	@jorditoda
@ref1oct	@JordiTR1
@ref1oct	@jordivilar66
@ref1oct	@jordivinyals
@ref1oct	@Jordrocgo95
@ref1oct	@jorge_phh
@ref1oct	@jorgeck95
@ref1oct	@jorpesu
@ref1oct	@JosebaAlberdi12
@ref1oct	@josecast23
@ref1oct	@JoseLui24493852
@ref1oct	@Josep_l_
@ref1oct	@josep_rius
@ref1oct	@josep_tomas
@ref1oct	@josepalay
@ref1oct	@JosepArnau
@ref1oct	@JosepCanals222
@ref1oct	@josepe13R
@ref1oct	@JosepFerri74
@ref1oct	@joseplpacheco
@ref1oct	@JosepM_B
@ref1oct	@josepMaJane
@ref1oct	@josepmarg
@ref1oct	@JOSEPMARIACAMPS
@ref1oct	@JosepMariaDeop
@ref1oct	@JosepmariaJosep
@ref1oct	@josepmariapla
@ref1oct	@josepmpamies
@ref1oct	@joseprroca
@ref1oct	@josepsalleras
@ref1oct	@JosepSDA
@ref1oct	@josepvidala
@ref1oct	@josh_notmyname
@ref1oct	@joshaleix
@ref1oct	@JoshTOPMountai1
@ref1oct	@Josieatsara
@ref1oct	@joxeanek
@ref1oct	@jperadalta
@ref1oct	@jplanasbielsa
@ref1oct	@jplanasl
@ref1oct	@jr_llover
@ref1oct	@JredondoK
@ref1oct	@jriberalern
@ref1oct	@JRNogueraVilalt
@ref1oct	@jsabateofficial
@ref1oct	@jsantosalas
@ref1oct	@jspmrl
@ref1oct	@JTomasAcosta
@ref1oct	@jtorrescalvo
@ref1oct	@jtorresGW6
@ref1oct	@jtubau
@ref1oct	@Juan13Herrero
@ref1oct	@JuanJ2708
@ref1oct	@juanjobote
@ref1oct	@juanjopuntcat
@ref1oct	@juanjoR7
@ref1oct	@JuanJose80
@ref1oct	@juanlio
@ref1oct	@JuanManuel1971
@ref1oct	@JuanMiguelSure1
@ref1oct	@juanmisana
@ref1oct	@JUDferremasque
@ref1oct	@JuditAlarcon96
@ref1oct	@JuditDF
@ref1oct	@judith_aldabo
@ref1oct	@JuditJordana
@ref1oct	@juditpb
@ref1oct	@juditpujado
@ref1oct	@juditxauslopez
@ref1oct	@julc00
@ref1oct	@JulenmOrte
@ref1oct	@julia_ma_es
@ref1oct	@JuliaRubies
@ref1oct	@jumarta8
@ref1oct	@junimont
@ref1oct	@juniornargo
@ref1oct	@JuntsPelSiTram8
@ref1oct	@JurchenkoTrapov
@ref1oct	@juudiith99_
@ref1oct	@JValldeperes
@ref1oct	@Jvegaes
@ref1oct	@JVelhoco
@ref1oct	@jvila31
@ref1oct	@jvilamarta
@ref1oct	@JvilaplanaB
@ref1oct	@Kakopo
@ref1oct	@Kamui6669
@ref1oct	@KannaEndo
@ref1oct	@Karlos_Rb17
@ref1oct	@Karme_Cat
@ref1oct	@Karol_vBeta
@ref1oct	@Kasadesus
@ref1oct	@kataklock
@ref1oct	@kataluno
@ref1oct	@KatMacktub
@ref1oct	@kavisvaski
@ref1oct	@KeeganGar
@ref1oct	@kekorebeko
@ref1oct	@kessetana
@ref1oct	@kidrauhloving
@ref1oct	@kinbamike
@ref1oct	@kinbota
@ref1oct	@kopydani
@ref1oct	@krisoany
@ref1oct	@Krostens
@ref1oct	@kruelspell
@ref1oct	@Kstlla
@ref1oct	@KtarCesc
@ref1oct	@Kurama_AZU
@ref1oct	@kxuxng
@ref1oct	@Kyon94
@ref1oct	@La_Fillol
@ref1oct	@la_garrapatera
@ref1oct	@La_mar_salada_
@ref1oct	@la_radioteca
@ref1oct	@la_xirinoia
@ref1oct	@LaaiaT
@ref1oct	@laboite8
@ref1oct	@LaChampi71
@ref1oct	@LaClidice
@ref1oct	@lacudi_rosa
@ref1oct	@LaDiferencial
@ref1oct	@ladygehena
@ref1oct	@lag_ernesto
@ref1oct	@lago4040
@ref1oct	@Laia_79
@ref1oct	@laia_carra
@ref1oct	@laia_puig
@ref1oct	@LaiaColldeforns
@ref1oct	@laiaguellpaule
@ref1oct	@LaiaMasdeu15
@ref1oct	@Laiamoncau
@ref1oct	@laiapadros
@ref1oct	@LaiaPinsach
@ref1oct	@laiapratco
@ref1oct	@LaiaRosenfeld
@ref1oct	@LaiaSafont
@ref1oct	@LaiaVac
@ref1oct	@LaLlorens
@ref1oct	@lalscoms
@ref1oct	@lambah_
@ref1oct	@Lanoiacatalana
@ref1oct	@lapetipeti
@ref1oct	@laradiomola
@ref1oct	@laraposa
@ref1oct	@LArretxe
@ref1oct	@Larrocalla
@ref1oct	@larroyamarc
@ref1oct	@lasitasita
@ref1oct	@lasolemia
@ref1oct	@laterraeslliure
@ref1oct	@lau97l
@ref1oct	@laubcn1978
@ref1oct	@Laura_Gleeson
@ref1oct	@laura9N
@ref1oct	@lauraarimany
@ref1oct	@lauracarrera_
@ref1oct	@Lauracordillet
@ref1oct	@laurafarreras13
@ref1oct	@LauraFornales
@ref1oct	@lauragirautp
@ref1oct	@laurahualde15
@ref1oct	@laurajnigro
@ref1oct	@lauramorgades
@ref1oct	@lauramunne97
@ref1oct	@LauraNCR
@ref1oct	@laurapg_24
@ref1oct	@laurasanguino
@ref1oct	@LauraSanhia
@ref1oct	@LauraVe10093914
@ref1oct	@lauraventosa_
@ref1oct	@lavallri
@ref1oct	@lcanalsb
@ref1oct	@lcolas
@ref1oct	@lcurell
@ref1oct	@LeaFtKlaine
@ref1oct	@leinadretsuf
@ref1oct	@LeniMontiel
@ref1oct	@lenz_adam
@ref1oct	@Lescar78
@ref1oct	@letsbcns
@ref1oct	@lexasensio
@ref1oct	@Lidia_Marquez72
@ref1oct	@Lidiaalbi1
@ref1oct	@lidiapeleja
@ref1oct	@LidiaRaventos
@ref1oct	@LidiaSauraB
@ref1oct	@lifesitu
@ref1oct	@linzzmorgnn
@ref1oct	@lizcastro
@ref1oct	@LlatseEmili
@ref1oct	@llcc40
@ref1oct	@llegui86
@ref1oct	@llextiremtll
@ref1oct	@llimoo
@ref1oct	@lliuresCAT
@ref1oct	@llorenc1899
@ref1oct	@Lloropi
@ref1oct	@llucasofortuny
@ref1oct	@llucetina
@ref1oct	@lluchernandez
@ref1oct	@lluculldemolins
@ref1oct	@Lluis_Casas
@ref1oct	@lluis_girona
@ref1oct	@lluis_molins
@ref1oct	@lluisa_ng
@ref1oct	@Lluisapujol
@ref1oct	@LluisArias
@ref1oct	@LluisColl13
@ref1oct	@lluisdalmau
@ref1oct	@lluisgasulla
@ref1oct	@lluisju
@ref1oct	@LluisMarco1
@ref1oct	@lluismaronda
@ref1oct	@lluismclane
@ref1oct	@lluisrodriguez9
@ref1oct	@lluisvives24
@ref1oct	@lluisvn
@ref1oct	@llunavermella
@ref1oct	@llusape
@ref1oct	@lmanent
@ref1oct	@lmarrama
@ref1oct	@Lnc_Sils
@ref1oct	@Lo_Tio_Collons
@ref1oct	@locellinfiltrat
@ref1oct	@lodaelan
@ref1oct	@lokomon
@ref1oct	@lolafreemoon
@ref1oct	@LolaVallromanes
@ref1oct	@lolipop8104
@ref1oct	@loloolol_
@ref1oct	@lolsilolno
@ref1oct	@loops_anna
@ref1oct	@LopezNorman44
@ref1oct	@lordagustin1024
@ref1oct	@LordFlameG
@ref1oct	@lorenmaciaslia
@ref1oct	@LorenSantako
@ref1oct	@losgasull
@ref1oct	@losimo
@ref1oct	@losingmyhead
@ref1oct	@LourdesClave
@ref1oct	@lourdesg2a
@ref1oct	@lpujadas
@ref1oct	@lucibuenavida
@ref1oct	@Lui_Compani
@ref1oct	@luis_esfera
@ref1oct	@luiseyre
@ref1oct	@luismgrc
@ref1oct	@LuqueRuth
@ref1oct	@lurdesmir
@ref1oct	@M_canapas
@ref1oct	@M_cc74
@ref1oct	@m_el3na
@ref1oct	@m07450U
@ref1oct	@M4RTz0_
@ref1oct	@ma113114
@ref1oct	@maatkare66
@ref1oct	@macaescan20
@ref1oct	@MacBiXo
@ref1oct	@Madmark_50
@ref1oct	@madoucan
@ref1oct	@maduica
@ref1oct	@mafaldadelleida
@ref1oct	@mafaldera_libre
@ref1oct	@mafflles
@ref1oct	@Magari_29
@ref1oct	@MaiolRdenas
@ref1oct	@MaiteAmigo4
@ref1oct	@MaiteGrauPoch
@ref1oct	@Maiterola
@ref1oct	@Majravilla
@ref1oct	@makeio
@ref1oct	@malajuari
@ref1oct	@Malaka_Iberico
@ref1oct	@malarbol
@ref1oct	@malcarazdiez
@ref1oct	@mallerenga
@ref1oct	@Mallus_Malleus
@ref1oct	@mandresra
@ref1oct	@Manel_C_M
@ref1oct	@manel_martinezg
@ref1oct	@manel_pcr
@ref1oct	@Manel_RD
@ref1oct	@manel1978
@ref1oct	@manelanzon
@ref1oct	@manelbustos
@ref1oct	@manelct
@ref1oct	@ManelFerrera
@ref1oct	@ManelLedesma
@ref1oct	@manelmasso
@ref1oct	@ManelMir77
@ref1oct	@ManelMontilla
@ref1oct	@ManelSelva
@ref1oct	@mangelspl
@ref1oct	@manhattan_maggi
@ref1oct	@manolo_cruces
@ref1oct	@ManutrukMmanuel
@ref1oct	@ManzanoFrancesc
@ref1oct	@mapidf
@ref1oct	@maps5100
@ref1oct	@mar_arevalo_s
@ref1oct	@mar_sd
@ref1oct	@Mar5si
@ref1oct	@marc_algr
@ref1oct	@marc_bodi
@ref1oct	@marc_hahn
@ref1oct	@marc_maycas
@ref1oct	@Marc_Phantom
@ref1oct	@marc_prats
@ref1oct	@MarcAV_
@ref1oct	@MarcAyala_
@ref1oct	@marcballesco
@ref1oct	@MarceCastroman
@ref1oct	@MarcelPasano
@ref1oct	@marcf17
@ref1oct	@marcfontolle
@ref1oct	@marcfortu
@ref1oct	@MarcGironesC
@ref1oct	@marckus77
@ref1oct	@MarcLlopis84
@ref1oct	@marcmiquel
@ref1oct	@MarcMonserrate
@ref1oct	@marcobonanote
@ref1oct	@MarcP1979
@ref1oct	@marcportella
@ref1oct	@MarcPrat23
@ref1oct	@marcqueralt
@ref1oct	@Marcramirez2308
@ref1oct	@MarcRB99
@ref1oct	@marcrompal15
@ref1oct	@marcrosich
@ref1oct	@marcrue
@ref1oct	@MarcSalvat
@ref1oct	@MarcSambola
@ref1oct	@marcsit
@ref1oct	@marctraver
@ref1oct	@marcvendrell10
@ref1oct	@MarcZenTime
@ref1oct	@MardyBum21
@ref1oct	@marferrando1
@ref1oct	@margamolc
@ref1oct	@margaritafontr
@ref1oct	@marhenche7
@ref1oct	@maria_sedo
@ref1oct	@maria_valldeneu
@ref1oct	@MariaArquer
@ref1oct	@MariaBoschBou
@ref1oct	@MariadelDique
@ref1oct	@mariadlstrenes
@ref1oct	@mariadlts17
@ref1oct	@marialbacasell
@ref1oct	@MariaLorente1
@ref1oct	@mariamircat
@ref1oct	@mariano_gomariz
@ref1oct	@MariaOliva55
@ref1oct	@mariaroca87
@ref1oct	@marietadelui
@ref1oct	@Marietamolamola
@ref1oct	@mariguya
@ref1oct	@Mariionnaa
@ref1oct	@marinadols
@ref1oct	@Marinafs94
@ref1oct	@marinampuig
@ref1oct	@marinasginer
@ref1oct	@marinavifo
@ref1oct	@maringels1
@ref1oct	@mariona_angles
@ref1oct	@MarionaFour
@ref1oct	@maripepabrec
@ref1oct	@marisolh1969
@ref1oct	@marissa_jhx
@ref1oct	@MariusDomingo2
@ref1oct	@Markandoestilo
@ref1oct	@MarkelRozas
@ref1oct	@marpege
@ref1oct	@marsh12th
@ref1oct	@Marta_PB
@ref1oct	@martaaavidal
@ref1oct	@martabernabeu71
@ref1oct	@MartaCalullB
@ref1oct	@MARTACANET1
@ref1oct	@martacasals6
@ref1oct	@martadelarocha
@ref1oct	@MartadTormo
@ref1oct	@martaduesa
@ref1oct	@Martaf89
@ref1oct	@MartaGuellC
@ref1oct	@MartaGuijarroM
@ref1oct	@martakha
@ref1oct	@martakp5
@ref1oct	@martalopez23
@ref1oct	@martamartip
@ref1oct	@martamiglp
@ref1oct	@martaopi
@ref1oct	@MartaPuig19
@ref1oct	@MartaRieraB
@ref1oct	@martaromeuq
@ref1oct	@martasalinasp
@ref1oct	@martasangra
@ref1oct	@martiarissa
@ref1oct	@martimdz
@ref1oct	@martimulinari
@ref1oct	@martimunicoy
@ref1oct	@Martina_mrtnk
@ref1oct	@MartinaEsmipa
@ref1oct	@martinezann3
@ref1oct	@martini11_23
@ref1oct	@martof68
@ref1oct	@martulina
@ref1oct	@MarVicenteM
@ref1oct	@Masferrer27
@ref1oct	@MasgrauJudit
@ref1oct	@masjordi
@ref1oct	@MassanaJordi
@ref1oct	@Masso57
@ref1oct	@matorus
@ref1oct	@matriuxpc
@ref1oct	@mauribalart
@ref1oct	@Mavidalm
@ref1oct	@max_granada
@ref1oct	@maxslleida
@ref1oct	@Mayka00815072
@ref1oct	@mayor_monica
@ref1oct	@MBergad
@ref1oct	@mbfalco
@ref1oct	@mbresco
@ref1oct	@mbv72
@ref1oct	@mcalderonmirada
@ref1oct	@mcarmemm52
@ref1oct	@mcasanovaRCCV
@ref1oct	@McGarrett05
@ref1oct	@mchamorrovega
@ref1oct	@mcolladocatalan
@ref1oct	@mcomapunset
@ref1oct	@mcplana
@ref1oct	@mcpopitz
@ref1oct	@mcrius
@ref1oct	@MDalemus
@ref1oct	@MdeMiralpeix
@ref1oct	@megmogmargaret
@ref1oct	@melontajaenmano
@ref1oct	@menagadea
@ref1oct	@mendi1970mir
@ref1oct	@Mercepla
@ref1oct	@MERCEPOU
@ref1oct	@mercerahola
@ref1oct	@merifgrimal
@ref1oct	@MeritxellBA
@ref1oct	@meryjoey86
@ref1oct	@merymore_
@ref1oct	@MesiasSerracant
@ref1oct	@MESmanel
@ref1oct	@MessiNoSeVende
@ref1oct	@mesteban28
@ref1oct	@mestressadecasa
@ref1oct	@meteoterrassa1
@ref1oct	@mfs91
@ref1oct	@mgbarajaslopez
@ref1oct	@mgilabert
@ref1oct	@mgirbaug
@ref1oct	@mgloriaaltes
@ref1oct	@mgorrea
@ref1oct	@miaauska
@ref1oct	@mickecarri
@ref1oct	@migueljorgev
@ref1oct	@mike1_26
@ref1oct	@Mikehug5
@ref1oct	@mikel_petri
@ref1oct	@mikelangelruano
@ref1oct	@MikelElge
@ref1oct	@mikelmartsan
@ref1oct	@mikner84
@ref1oct	@mikyrodan
@ref1oct	@Mila_qar
@ref1oct	@milian10
@ref1oct	@milosin1
@ref1oct	@minercabayo
@ref1oct	@MininoOscuro
@ref1oct	@minvill
@ref1oct	@MIQUEL_01
@ref1oct	@miquel_pla
@ref1oct	@miquelcano
@ref1oct	@miquelcr
@ref1oct	@miqueletmr
@ref1oct	@miquelmigar
@ref1oct	@MiquelRoman
@ref1oct	@miquelstrubell
@ref1oct	@miquimel
@ref1oct	@Mireabe
@ref1oct	@mirefarga
@ref1oct	@mirei4mira
@ref1oct	@mireia_capde
@ref1oct	@mireia_carfita
@ref1oct	@mireia_gadi
@ref1oct	@mireiacf95
@ref1oct	@MireiaFC1
@ref1oct	@mireiaKdS
@ref1oct	@mireiammun
@ref1oct	@mireiaset
@ref1oct	@mirelloveras
@ref1oct	@Miren999
@ref1oct	@mireprats
@ref1oct	@miriaaamcc
@ref1oct	@miriambasco
@ref1oct	@miriamcrivilles
@ref1oct	@misostingut
@ref1oct	@MisPeliroja
@ref1oct	@MisterDopico
@ref1oct	@mitjanit
@ref1oct	@MixaEscaldada
@ref1oct	@Mjosa7
@ref1oct	@mjovesentelles
@ref1oct	@mjuliariera
@ref1oct	@mlbaiges
@ref1oct	@mldelavega86
@ref1oct	@mlladonet10
@ref1oct	@mllopart
@ref1oct	@mmarzoc
@ref1oct	@mmasferrerc
@ref1oct	@mmateub
@ref1oct	@mmbodm
@ref1oct	@mmerinogispert
@ref1oct	@mmo59cran
@ref1oct	@mmoremou
@ref1oct	@MMunyos
@ref1oct	@mnamigo
@ref1oct	@mncplns
@ref1oct	@MohawkMarkus
@ref1oct	@mohedxs
@ref1oct	@MolinsMireia
@ref1oct	@molonetti
@ref1oct	@monicaboixpages
@ref1oct	@monicalbages
@ref1oct	@MonicaMontaa2
@ref1oct	@MonicaSER
@ref1oct	@monicavilahu
@ref1oct	@monpas70
@ref1oct	@monsamga
@ref1oct	@Mont74
@ref1oct	@montantxo
@ref1oct	@Montblancindepe
@ref1oct	@montigominoles
@ref1oct	@montmiro
@ref1oct	@montperdutroig
@ref1oct	@montse_farres
@ref1oct	@Montse_Sagrera
@ref1oct	@Montse20516769
@ref1oct	@montse469
@ref1oct	@MontseBadiaMas
@ref1oct	@MontseCantinMas
@ref1oct	@MontseCasasBul
@ref1oct	@montsecm
@ref1oct	@MontseCPastoret
@ref1oct	@montseestrada2
@ref1oct	@MontseG5
@ref1oct	@montsemarsan
@ref1oct	@montsemolinero
@ref1oct	@MontseMxixons
@ref1oct	@montsepallas
@ref1oct	@MontsePujadasB
@ref1oct	@MontseR82
@ref1oct	@Montser98108406
@ref1oct	@montsericart55
@ref1oct	@montserratin2
@ref1oct	@MontserteMontse
@ref1oct	@montsesanyer78
@ref1oct	@montsetang
@ref1oct	@Montsolamaso
@ref1oct	@moreno_ester
@ref1oct	@morral2002
@ref1oct	@mosadi
@ref1oct	@motiuscat
@ref1oct	@MoyaFrancesc
@ref1oct	@mparejanieto
@ref1oct	@mparetas
@ref1oct	@MPerarna
@ref1oct	@mpfernando
@ref1oct	@mpventayol
@ref1oct	@mqpio
@ref1oct	@mrabell
@ref1oct	@MrAivalahostia
@ref1oct	@MrcSlns
@ref1oct	@mrosaescardo
@ref1oct	@mrs_divas
@ref1oct	@MSandoval88
@ref1oct	@mscanaleta
@ref1oct	@MsHorseaddict
@ref1oct	@msubira85
@ref1oct	@msubiratss
@ref1oct	@mtorresxxl
@ref1oct	@MTudela
@ref1oct	@mtxllverdaguer
@ref1oct	@MuriYaku
@ref1oct	@murphy1874
@ref1oct	@murri1972
@ref1oct	@musicarcs
@ref1oct	@mustang_v78
@ref1oct	@Muzicalicious
@ref1oct	@mvallver
@ref1oct	@mvasturgo
@ref1oct	@mvidalabella
@ref1oct	@MVilaseca
@ref1oct	@mzapaterf
@ref1oct	@N7Valentine
@ref1oct	@NachoAlamillo
@ref1oct	@nadal_gerard
@ref1oct	@nadalcabiscol
@ref1oct	@nar6pallares
@ref1oct	@naroaelortza
@ref1oct	@Nasiventura
@ref1oct	@natanaelplanes
@ref1oct	@NatliaColl
@ref1oct	@natmg
@ref1oct	@NaturaMaresme
@ref1oct	@navabomb
@ref1oct	@navarro_dk
@ref1oct	@NaveganSolitari
@ref1oct	@Nedadora
@ref1oct	@Nefele61
@ref1oct	@neida_08
@ref1oct	@Neithaly
@ref1oct	@nelalenros
@ref1oct	@nemofem71
@ref1oct	@Nenaniub
@ref1oct	@neoklau
@ref1oct	@NereidaGV
@ref1oct	@nerken
@ref1oct	@nerone69
@ref1oct	@NesFutur
@ref1oct	@neusabate
@ref1oct	@Neusbima
@ref1oct	@neuscespedes
@ref1oct	@NeusCunill
@ref1oct	@neusmunte
@ref1oct	@neusrue
@ref1oct	@neuusss
@ref1oct	@niiieto_
@ref1oct	@NikBolta
@ref1oct	@Nikewan
@ref1oct	@Nilmatamala_97
@ref1oct	@NilRomagosa
@ref1oct	@ninsei9
@ref1oct	@ninyatu
@ref1oct	@niradya
@ref1oct	@niskas
@ref1oct	@Nitzarel
@ref1oct	@nkrna
@ref1oct	@nmatabosch
@ref1oct	@nndrea
@ref1oct	@noecanovasf
@ref1oct	@noecapelb
@ref1oct	@NoeliaVallverdu
@ref1oct	@noemi_abril
@ref1oct	@nomacuerdo
@ref1oct	@nomambarrova
@ref1oct	@NoMesXoris
@ref1oct	@Noor_BCN
@ref1oct	@Nora_Coll
@ref1oct	@novament3
@ref1oct	@novumoscar
@ref1oct	@NriaLacasaPlana
@ref1oct	@NriaY
@ref1oct	@nsoletarga
@ref1oct	@NTCaballe
@ref1oct	@Nu_Riu
@ref1oct	@nuarce
@ref1oct	@nuna46
@ref1oct	@NunaKotko
@ref1oct	@nuranbe
@ref1oct	@nuria_gatell
@ref1oct	@nuria_oromi
@ref1oct	@NuriaAlos
@ref1oct	@Nuriabonar
@ref1oct	@nuriacoe
@ref1oct	@NuriaCola
@ref1oct	@nuriaegea
@ref1oct	@NuriaEste
@ref1oct	@nuriagolo
@ref1oct	@nuriajar
@ref1oct	@NuriaLaumar0709
@ref1oct	@nuriamld
@ref1oct	@nuriarkaitz
@ref1oct	@Nuriiekas
@ref1oct	@nuropa60
@ref1oct	@NuuJulia
@ref1oct	@nyajilla
@ref1oct	@Nyamuses
@ref1oct	@o_peremiquel23
@ref1oct	@O_Roman87
@ref1oct	@obortmoll
@ref1oct	@Ocarbad
@ref1oct	@ochoamiquel
@ref1oct	@octavifigueres
@ref1oct	@OctaviMiarnau
@ref1oct	@oepamies
@ref1oct	@ogagu1975
@ref1oct	@OGR86
@ref1oct	@ogracia
@ref1oct	@OHLen4
@ref1oct	@oiarbide14
@ref1oct	@ojeylo
@ref1oct	@olaizolaiz
@ref1oct	@OlaPropolis
@ref1oct	@oleguernogues
@ref1oct	@olgaginesta
@ref1oct	@OlgaNavarroR
@ref1oct	@olivercanosa3
@ref1oct	@OlorASocarrim
@ref1oct	@omar_matilla
@ref1oct	@ona_novo
@ref1oct	@onceinalullabey
@ref1oct	@oncle_tomas
@ref1oct	@Oniaks
@ref1oct	@onlyamd
@ref1oct	@OrdiSol
@ref1oct	@OriJordi
@ref1oct	@Oriol_Bdn
@ref1oct	@Oriol_BP
@ref1oct	@oriol981
@ref1oct	@oriolanix
@ref1oct	@oriolbramona
@ref1oct	@oriolcanals
@ref1oct	@Oriolcastro_
@ref1oct	@oriolcn
@ref1oct	@oriolduranf
@ref1oct	@Oriolestma
@ref1oct	@oriolfont
@ref1oct	@oriolgarcia1993
@ref1oct	@oriolmoCAT
@ref1oct	@oriolowsky
@ref1oct	@OriolRV
@ref1oct	@OriolSerra2
@ref1oct	@orioltorroja
@ref1oct	@ortega148
@ref1oct	@ortizbcn
@ref1oct	@oscarcv84
@ref1oct	@oscarHPorta
@ref1oct	@oscarisonia
@ref1oct	@oscarlm98
@ref1oct	@oscarogi
@ref1oct	@oscarrgcat
@ref1oct	@oscarribes68
@ref1oct	@oscarxiques
@ref1oct	@osistere
@ref1oct	@oskar124adf
@ref1oct	@oskarh71
@ref1oct	@Otfiol
@ref1oct	@P_de_pereza
@ref1oct	@Paaaaaatriiicia
@ref1oct	@pablangosto
@ref1oct	@PabloBa05
@ref1oct	@pablogmzdonoso
@ref1oct	@Pacoescude
@ref1oct	@PadullesMarta
@ref1oct	@pain_spain
@ref1oct	@PalauEva
@ref1oct	@pallares91
@ref1oct	@pallarsibruce
@ref1oct	@PALOPINYU
@ref1oct	@pamiesignasi
@ref1oct	@PanadesPb
@ref1oct	@pankunken
@ref1oct	@PantuFolaio
@ref1oct	@ParesMorales
@ref1oct	@ParetoJulia
@ref1oct	@pasucatamboli
@ref1oct	@PatPeba
@ref1oct	@patufet33
@ref1oct	@PatxiBengoa
@ref1oct	@pau_urenya
@ref1oct	@Pau49530213
@ref1oct	@pauc_14
@ref1oct	@paucast28
@ref1oct	@paucmarco
@ref1oct	@paucolell
@ref1oct	@pauenfedaque
@ref1oct	@PauGilVillores
@ref1oct	@pauguimera
@ref1oct	@paula_php
@ref1oct	@PaulaPomas
@ref1oct	@Paulet790
@ref1oct	@PauloMe24204987
@ref1oct	@PauRomeuTorres
@ref1oct	@pazguillem08
@ref1oct	@pballestermilla
@ref1oct	@pbuades
@ref1oct	@pcusco
@ref1oct	@PDECATlanoguera
@ref1oct	@PDeCATMoia
@ref1oct	@PDECATNouBarris
@ref1oct	@pdomenech1
@ref1oct	@pebreblanc
@ref1oct	@PebrotsOmflats
@ref1oct	@PecoJoan
@ref1oct	@pedacitodesol8
@ref1oct	@Pedro41074134
@ref1oct	@pedrokimbalin
@ref1oct	@PedroReDi
@ref1oct	@peiorativo
@ref1oct	@peki_rc
@ref1oct	@Pentabaneao
@ref1oct	@PeP_1984
@ref1oct	@pep_coca
@ref1oct	@pep_estadella
@ref1oct	@pep70
@ref1oct	@pepa_calapepa
@ref1oct	@pepbrunet4
@ref1oct	@Pepfontanet1954
@ref1oct	@Pepgm
@ref1oct	@peplluis7
@ref1oct	@Pepmogas
@ref1oct	@PepPayo
@ref1oct	@peppujool
@ref1oct	@PepTort11
@ref1oct	@percepcions
@ref1oct	@pere_martorell
@ref1oct	@Pere_Vilanova
@ref1oct	@pere55037761
@ref1oct	@pereagramunt
@ref1oct	@PereOlm87
@ref1oct	@PereRafart
@ref1oct	@peresampera
@ref1oct	@peresimon93
@ref1oct	@peretuset
@ref1oct	@perevivaselias
@ref1oct	@Periferia2015
@ref1oct	@Periferiaprole
@ref1oct	@perikita23
@ref1oct	@petardet
@ref1oct	@PetitesJoies
@ref1oct	@PetitK2
@ref1oct	@pferrerm
@ref1oct	@pfpn_69
@ref1oct	@pfreixes
@ref1oct	@pianist_kuadrat
@ref1oct	@pilarcarracelas
@ref1oct	@PilarLo49307847
@ref1oct	@PilarMateoLopez
@ref1oct	@pili_porta
@ref1oct	@pineyro_agusti
@ref1oct	@PinolRoser
@ref1oct	@Pinushalepensi
@ref1oct	@pinxoipanxo
@ref1oct	@pinyuner
@ref1oct	@Piolin_fc
@ref1oct	@Pirata_cat
@ref1oct	@piruletacereza
@ref1oct	@pivot_alaa
@ref1oct	@pjubertm
@ref1oct	@Pol_Ducable
@ref1oct	@Pol_Farell
@ref1oct	@pol94v
@ref1oct	@polbatapag
@ref1oct	@Polbs97
@ref1oct	@polcarrera97
@ref1oct	@polcasanovaslb
@ref1oct	@poldejongh
@ref1oct	@polinski18
@ref1oct	@politicstw
@ref1oct	@politiqueo5
@ref1oct	@PolNegredo
@ref1oct	@poloniotroski
@ref1oct	@polonoyjar
@ref1oct	@PolPrez
@ref1oct	@polriera89
@ref1oct	@polroc
@ref1oct	@PolVent23
@ref1oct	@polvivo99
@ref1oct	@PonentLo
@ref1oct	@pons_roc
@ref1oct	@pophouselab
@ref1oct	@poppyrain
@ref1oct	@PorcaCatalana
@ref1oct	@portdelcompte
@ref1oct	@PotserNoCal
@ref1oct	@PousLluis
@ref1oct	@praats6
@ref1oct	@psymonjet
@ref1oct	@PubilladelTer
@ref1oct	@PuigMiquel
@ref1oct	@PujaltJ
@ref1oct	@Puk0n_
@ref1oct	@pulmunyi
@ref1oct	@punyetes
@ref1oct	@PuraGina
@ref1oct	@PurtolasCarlos
@ref1oct	@qsastre54
@ref1oct	@QualityAnn
@ref1oct	@quelots
@ref1oct	@quelreixach
@ref1oct	@quicosimo
@ref1oct	@quim_guix
@ref1oct	@Quimoh
@ref1oct	@QuimRVendrell
@ref1oct	@QuimTorrella
@ref1oct	@quinacosatu
@ref1oct	@Quintinenc
@ref1oct	@r0ckyr0cket
@ref1oct	@ra_llor
@ref1oct	@ra_vel_es
@ref1oct	@raalmiro1
@ref1oct	@RAAUDO
@ref1oct	@racafuentes1983
@ref1oct	@rafaeltellez
@ref1oct	@Rafela_26
@ref1oct	@rafelgrandio
@ref1oct	@RaggaSkunk
@ref1oct	@raimonpoves
@ref1oct	@rakelmerilainen
@ref1oct	@RakelPerfontan
@ref1oct	@rakisocial
@ref1oct	@ramon_minoves
@ref1oct	@ramoncamprubi
@ref1oct	@ramoneldoc
@ref1oct	@ramontremosa
@ref1oct	@rangelserra1
@ref1oct	@Raq12863329
@ref1oct	@raquel_sistare
@ref1oct	@raquel13641
@ref1oct	@raquelfas
@ref1oct	@raquellopezher
@ref1oct	@raquelmateos
@ref1oct	@rarufons
@ref1oct	@Ratoliu69
@ref1oct	@RaulAzuaza
@ref1oct	@raulcobole
@ref1oct	@RaulDeamo
@ref1oct	@raullopez8
@ref1oct	@RaulRivas2
@ref1oct	@raulvado
@ref1oct	@raurichm
@ref1oct	@rausi_lopez
@ref1oct	@rayd045
@ref1oct	@rbk_bcn
@ref1oct	@rblasi
@ref1oct	@rcanalst
@ref1oct	@rcpuig94
@ref1oct	@rcusso
@ref1oct	@rdelavega
@ref1oct	@RebeckaRullan
@ref1oct	@RebeElias
@ref1oct	@reche_fito
@ref1oct	@redanon17
@ref1oct	@redgunner17
@ref1oct	@reisjuan
@ref1oct	@reivolca
@ref1oct	@remeperez
@ref1oct	@reprsion
@ref1oct	@requenapol
@ref1oct	@reseda_phyteuma
@ref1oct	@resteve04
@ref1oct	@Retard_Polro
@ref1oct	@RetesVita
@ref1oct	@Retsebdn
@ref1oct	@rhisiartcrowe
@ref1oct	@RicardFite
@ref1oct	@RicardPlanasC
@ref1oct	@Ricko_cat
@ref1oct	@Riderman24h
@ref1oct	@Riedweg
@ref1oct	@rieravelasco
@ref1oct	@rierovic
@ref1oct	@Rigu10
@ref1oct	@riicard7
@ref1oct	@Rikitichiki
@ref1oct	@rincon_de_j
@ref1oct	@ritchiefmtw
@ref1oct	@rkrddmm1
@ref1oct	@robertrubito
@ref1oct	@Rocamasmail
@ref1oct	@rocballesteros
@ref1oct	@roccopertiga
@ref1oct	@Rocket89P13
@ref1oct	@rods_sil
@ref1oct	@Roger_Andorra
@ref1oct	@Roger_Garcia
@ref1oct	@Roger_Silver98
@ref1oct	@RogerBarat
@ref1oct	@rogerbm97
@ref1oct	@Rogerbuch
@ref1oct	@RogerCaminal
@ref1oct	@RogerdeMesa
@ref1oct	@RogerFC
@ref1oct	@rogergguasch
@ref1oct	@Rogerleiva81
@ref1oct	@rogerparera
@ref1oct	@rogerqueral9
@ref1oct	@rogertuneu
@ref1oct	@rolmos_86
@ref1oct	@romaferre
@ref1oct	@Romana40
@ref1oct	@RomenAlvarado
@ref1oct	@RomeuNuria
@ref1oct	@ROMI_BCN
@ref1oct	@ronce_mora
@ref1oct	@rororosasasa
@ref1oct	@rosa_hoste
@ref1oct	@Rosa_olob
@ref1oct	@RosaColls230283
@ref1oct	@RosaMaNM
@ref1oct	@rosaprats
@ref1oct	@RosaQuoni
@ref1oct	@Rosario_Anjelic
@ref1oct	@RoSerCa14
@ref1oct	@roserlopartt
@ref1oct	@roserporso
@ref1oct	@RoserPV
@ref1oct	@RoserSeguraVila
@ref1oct	@roservl
@ref1oct	@RossettiHoraci
@ref1oct	@rourozas
@ref1oct	@Rousie66
@ref1oct	@Rousmami48
@ref1oct	@RPEspinola
@ref1oct	@rterencia
@ref1oct	@RubenAmat2
@ref1oct	@rubenclaramunt
@ref1oct	@RubenGuix
@ref1oct	@RubenSForce
@ref1oct	@rubustutatis
@ref1oct	@runi1974
@ref1oct	@Rupirtuitant
@ref1oct	@S_s_e_r_R
@ref1oct	@Sabadell_sud
@ref1oct	@sabata_marc
@ref1oct	@SabataJosep
@ref1oct	@sabinagelardogo
@ref1oct	@sabinatm6
@ref1oct	@Sabquiros
@ref1oct	@sabrebel
@ref1oct	@SaEsGr
@ref1oct	@safatana
@ref1oct	@Salaan22
@ref1oct	@salva_nv
@ref1oct	@salva10r
@ref1oct	@Salvajuliana
@ref1oct	@salvidf
@ref1oct	@salvijolis
@ref1oct	@sam_argento
@ref1oct	@samson_ribas
@ref1oct	@sancasflo
@ref1oct	@sandraagraz1
@ref1oct	@SandraFontova
@ref1oct	@SandraTorrentCo
@ref1oct	@sanjucris
@ref1oct	@SantiagoZapa
@ref1oct	@santimacia
@ref1oct	@Sara67822151
@ref1oct	@SaraiPasto
@ref1oct	@SaraLozano97
@ref1oct	@Saratm97
@ref1oct	@saratousbel
@ref1oct	@SardansSerra
@ref1oct	@Sardini76
@ref1oct	@sayolsj
@ref1oct	@SayuridelBronx
@ref1oct	@sb_evie
@ref1oct	@Sbavoda
@ref1oct	@sbguarch
@ref1oct	@sbjorn23
@ref1oct	@sblasi5
@ref1oct	@sbnoguera
@ref1oct	@sc_cat
@ref1oct	@scapadtot
@ref1oct	@scbgas
@ref1oct	@sdelgadoaros
@ref1oct	@segantcadenes
@ref1oct	@Sejuma18
@ref1oct	@Sempre_Vigatans
@ref1oct	@Sense_Paraules_
@ref1oct	@senugi
@ref1oct	@sergi_fabmat
@ref1oct	@sergi_marzo
@ref1oct	@Sergi7Alemany
@ref1oct	@sergialzuria
@ref1oct	@sergiamaro
@ref1oct	@sergiasensio95
@ref1oct	@sergicaldes
@ref1oct	@Sergidelmig
@ref1oct	@Sergietes
@ref1oct	@SergiFerry
@ref1oct	@SergiFirmino
@ref1oct	@SergiioIn
@ref1oct	@sergim331
@ref1oct	@sergiombravo
@ref1oct	@sergiperezjorge
@ref1oct	@SergiPuLo
@ref1oct	@sergirebo
@ref1oct	@Sergisaju
@ref1oct	@SergiStjoan
@ref1oct	@sergivalles1983
@ref1oct	@serra_merce
@ref1oct	@serrafernandez
@ref1oct	@seterresquelop
@ref1oct	@SGMir
@ref1oct	@SherryFlox
@ref1oct	@Sheshu_85
@ref1oct	@Shirliealdrufeu
@ref1oct	@shoopsuey
@ref1oct	@sibilafd
@ref1oct	@Siiiigrid
@ref1oct	@silblagel
@ref1oct	@SilviaArgudo
@ref1oct	@silviacanovas
@ref1oct	@SilviaFabra
@ref1oct	@silviarequena68
@ref1oct	@SilviaTrepatP
@ref1oct	@Silvinha71
@ref1oct	@SirDrew11
@ref1oct	@SirQalimer
@ref1oct	@SitaSP
@ref1oct	@SivisVila
@ref1oct	@skavolat
@ref1oct	@skracs
@ref1oct	@SlegnaCat
@ref1oct	@slegnasa
@ref1oct	@SLlort
@ref1oct	@slvia43
@ref1oct	@smartornillo
@ref1oct	@SMonedero
@ref1oct	@SMunne
@ref1oct	@SocJordi
@ref1oct	@Sofalein__
@ref1oct	@soferrer4
@ref1oct	@Sogalokk
@ref1oct	@sola_toni
@ref1oct	@solapunsola
@ref1oct	@SolemnLoL91
@ref1oct	@soltramengual
@ref1oct	@Somelsomni
@ref1oct	@somriuredecolor
@ref1oct	@SomSegarra
@ref1oct	@SoniaCatalaneta
@ref1oct	@soniacuadrat
@ref1oct	@SoniaManchon
@ref1oct	@SoniaRiver88
@ref1oct	@sonsomun
@ref1oct	@SonsSonors
@ref1oct	@SoXiOB
@ref1oct	@soy_tars
@ref1oct	@SoyRulomano
@ref1oct	@spagarolas
@ref1oct	@spascualguardia
@ref1oct	@spicy_chop
@ref1oct	@spidderr
@ref1oct	@spidermancat
@ref1oct	@spiff_spiff
@ref1oct	@SplytWoW
@ref1oct	@SrCarbonell
@ref1oct	@SRigui
@ref1oct	@srocad
@ref1oct	@stmarnock69
@ref1oct	@Stuker87
@ref1oct	@Stylo1981
@ref1oct	@SuauBosch
@ref1oct	@Suguet
@ref1oct	@sunyeta
@ref1oct	@superganapia
@ref1oct	@Supermiquel68
@ref1oct	@supersegon
@ref1oct	@susanafbcn
@ref1oct	@SusanaGimenezPa
@ref1oct	@SusGuevaras
@ref1oct	@susikibp
@ref1oct	@SVQGGG
@ref1oct	@swingTIC
@ref1oct	@t8tair_78
@ref1oct	@taglepage
@ref1oct	@TallaferroMusic
@ref1oct	@tallahams
@ref1oct	@tarracopinio
@ref1oct	@tauroblanc
@ref1oct	@taxivilomara
@ref1oct	@Teoriabiencomun
@ref1oct	@Teresa_Rosell
@ref1oct	@teresanogueron
@ref1oct	@tereserarg
@ref1oct	@terrameva
@ref1oct	@TeVxi
@ref1oct	@Thalys1900
@ref1oct	@TheDothrabbi
@ref1oct	@TheObserverNow
@ref1oct	@thepurge212
@ref1oct	@thinkcatalonia
@ref1oct	@thomedes
@ref1oct	@Tina_Font
@ref1oct	@tinamarval
@ref1oct	@tines2290
@ref1oct	@tinet52
@ref1oct	@tiralixe
@ref1oct	@Titipometa
@ref1oct	@Titiua2017
@ref1oct	@Tocaferro89
@ref1oct	@Toes1966
@ref1oct	@tomas_pont
@ref1oct	@Tomi147
@ref1oct	@tommisativa
@ref1oct	@TOMSAMU
@ref1oct	@tona_mar
@ref1oct	@tonetstuned
@ref1oct	@tonga_322
@ref1oct	@toni_g98
@ref1oct	@Toni_Lara_
@ref1oct	@toni22amador
@ref1oct	@Toni7137
@ref1oct	@ToniAlonso
@ref1oct	@tonijim3
@ref1oct	@tonnerresdebrrr
@ref1oct	@tony9junio
@ref1oct	@Toonnette
@ref1oct	@TorrasToni
@ref1oct	@TorreUrresti
@ref1oct	@Tortilla_Patata
@ref1oct	@toseor
@ref1oct	@totiarimany
@ref1oct	@TotitoSalao
@ref1oct	@TowandaMG
@ref1oct	@Trankyx
@ref1oct	@trasdacorda
@ref1oct	@Trasharees1
@ref1oct	@TreblaNorig
@ref1oct	@treblasab
@ref1oct	@Trencalos_PPCC
@ref1oct	@TrilerTrujillo
@ref1oct	@trintron22
@ref1oct	@TrocoliAngela
@ref1oct	@Tronillo
@ref1oct	@TrullasLaia
@ref1oct	@TSivatte
@ref1oct	@tubtup_
@ref1oct	@tudelink
@ref1oct	@tudietcoach
@ref1oct	@tuiquantsmes
@ref1oct	@tuixen
@ref1oct	@tunisocatala
@ref1oct	@Turquezo
@ref1oct	@tutiwy69
@ref1oct	@Tvallj
@ref1oct	@TvTvilanova
@ref1oct	@TwiteoCagando
@ref1oct	@Txell_Catalan
@ref1oct	@Txellis
@ref1oct	@Txema_Pamundi
@ref1oct	@txerdiakov
@ref1oct	@Txesc
@ref1oct	@txodi
@ref1oct	@txuia
@ref1oct	@uhPulz
@ref1oct	@Ulises3598
@ref1oct	@unalmogaver
@ref1oct	@unapedra
@ref1oct	@UnCorCAT
@ref1oct	@Ungjeservirai
@ref1oct	@unhocicohabla
@ref1oct	@unincordi
@ref1oct	@unpobrebomber
@ref1oct	@UriAguilera
@ref1oct	@uriCamp
@ref1oct	@UriCarmela
@ref1oct	@urigener
@ref1oct	@urip88
@ref1oct	@uritarres22
@ref1oct	@urixturing
@ref1oct	@uruk1973
@ref1oct	@usapistes
@ref1oct	@UseAJoker
@ref1oct	@UstrellRoig
@ref1oct	@utem88
@ref1oct	@VaDeDemocracia
@ref1oct	@vainiella
@ref1oct	@Valenbcneta
@ref1oct	@valenticomas
@ref1oct	@validapatri
@ref1oct	@valldelcorb68
@ref1oct	@VallesGemma
@ref1oct	@VallVerda
@ref1oct	@vampyCATman
@ref1oct	@VanesaPascual76
@ref1oct	@vatualolla
@ref1oct	@vcc1977
@ref1oct	@vdevallejo
@ref1oct	@VellEscola
@ref1oct	@VendrellRamon
@ref1oct	@VerdaguerXavier
@ref1oct	@Veronic40630547
@ref1oct	@veronikagtorres
@ref1oct	@VG_Daniel78
@ref1oct	@ViceEstany
@ref1oct	@vicenslozano
@ref1oct	@vicentduart
@ref1oct	@VicMartin_86
@ref1oct	@vicsaumell
@ref1oct	@victor_font
@ref1oct	@victor_rimbau
@ref1oct	@victoriafornesb
@ref1oct	@victormerencio
@ref1oct	@VictorSAAL
@ref1oct	@vidal_enric
@ref1oct	@Vidrito
@ref1oct	@vigilant_cat
@ref1oct	@vila9990
@ref1oct	@vilanovalba
@ref1oct	@VilarMv
@ref1oct	@villamayor_alex
@ref1oct	@villonce
@ref1oct	@vitabrevis8
@ref1oct	@vitogodo
@ref1oct	@Vladyssita
@ref1oct	@VoiceCandy
@ref1oct	@VotCat
@ref1oct	@voyager66doro
@ref1oct	@vroma380
@ref1oct	@vruset
@ref1oct	@VSCvicsix
@ref1oct	@VVDoria
@ref1oct	@waliente1
@ref1oct	@wastywastymig
@ref1oct	@wellingtones
@ref1oct	@WikiCatalufobia
@ref1oct	@williamWCA
@ref1oct	@winkleU
@ref1oct	@Wittgenstein_jm
@ref1oct	@WolfAmarok
@ref1oct	@Wuarma09Juan
@ref1oct	@x_alsina
@ref1oct	@x_escribano
@ref1oct	@x_segui
@ref1oct	@x_vase
@ref1oct	@x_xeixa
@ref1oct	@x5_cat
@ref1oct	@xaguilar30
@ref1oct	@xaica69ona
@ref1oct	@xalbaa
@ref1oct	@xals_supertramp
@ref1oct	@XantiXanti75
@ref1oct	@XARLIPIU
@ref1oct	@xavi_mito
@ref1oct	@xavi_nieto
@ref1oct	@Xavi_Pe
@ref1oct	@xavibarrera
@ref1oct	@XaviBosch
@ref1oct	@Xaviburzon
@ref1oct	@xavicolomer
@ref1oct	@xavidorado
@ref1oct	@xavielcatala
@ref1oct	@Xavier_Celma
@ref1oct	@xavier_rossell
@ref1oct	@xavier_serret
@ref1oct	@xavierbernadi
@ref1oct	@Xavierbjc
@ref1oct	@xaviercandela
@ref1oct	@xaviercolomer
@ref1oct	@XavierLlobet
@ref1oct	@XavierSabater
@ref1oct	@xaviervalenti
@ref1oct	@xaviervallverdu
@ref1oct	@XavierVinolasRT
@ref1oct	@XaviFdez7
@ref1oct	@xaviferrepons
@ref1oct	@xavifigueras15
@ref1oct	@xavifluvia
@ref1oct	@xavigisca
@ref1oct	@xavihuevo
@ref1oct	@xavimastrat
@ref1oct	@xavimontana
@ref1oct	@xavinasant
@ref1oct	@XaviPCat
@ref1oct	@Xavipenya9
@ref1oct	@xavipinol
@ref1oct	@XaviPratsCopovi
@ref1oct	@xavipupa
@ref1oct	@xavivela7
@ref1oct	@xavivicat
@ref1oct	@xbadia94
@ref1oct	@xbardaji
@ref1oct	@XBasets
@ref1oct	@xbonell
@ref1oct	@xcodony
@ref1oct	@xcortes72
@ref1oct	@Xdganges
@ref1oct	@xdocampo
@ref1oct	@xe_garcia
@ref1oct	@Xeixcat
@ref1oct	@Xeneia1
@ref1oct	@XeniaBusse
@ref1oct	@xepo99
@ref1oct	@XeReM88
@ref1oct	@xescugc
@ref1oct	@xevibarnada
@ref1oct	@xeviso
@ref1oct	@Xexinho
@ref1oct	@Xexu85
@ref1oct	@xFlopperPHD
@ref1oct	@Xinatavi
@ref1oct	@Xiskupayola
@ref1oct	@xixo2478
@ref1oct	@xjesusmg
@ref1oct	@xmetralla
@ref1oct	@xomit7
@ref1oct	@xpareja
@ref1oct	@xpasonic
@ref1oct	@xsalmeron
@ref1oct	@XSaumell
@ref1oct	@Xsorribas
@ref1oct	@Xtetu
@ref1oct	@xU2oStark
@ref1oct	@XununaCuak
@ref1oct	@xuS1191
@ref1oct	@xusfernandez77
@ref1oct	@Xuvi77
@ref1oct	@xvallsc
@ref1oct	@xvb74
@ref1oct	@xxavionn
@ref1oct	@yas_llan
@ref1oct	@yooodet
@ref1oct	@yordipal
@ref1oct	@YoWarupo
@ref1oct	@YSamper
@ref1oct	@ytacam
@ref1oct	@zache81amigo
@ref1oct	@zaidatorregrosa
@ref1oct	@zalotgn
@ref1oct	@zamo_OkPf
@ref1oct	@Zandranori
@ref1oct	@zendo_jm
@ref1oct	@ziuziole
@ref1oct	@zulobeltz
@ref1oct	@zuniga_E
@ref1oct	@zus1969
@reflexions_NS	@cdrvng
@reflexions_NS	@dvMarta
@reflexions_NS	@joanbftw
@reflexions_NS	@jordiplus
@reflexions_NS	@PinyolJordi
@reflexions_NS	@sintonica
@reflexions_NS	@t_equo
@regortc	@elenacaferrera
@regortc	@judrocab
@ribera96	@francescrs
@ricard_pg	@jfiguerasb
@ricardcanyellas	@CescAldabo
@ricardcanyellas	@conxita_avila
@ricardcanyellas	@Crism390
@ricardcanyellas	@EloyFP_SdS
@ricardcanyellas	@joan_herrero73
@ricardcanyellas	@lickiwicki
@ricardcanyellas	@masamont
@ricardcanyellas	@mbarceo26
@ricardcanyellas	@rtbcrm
@ricardcanyellas	@silvia_gabarro
@ricardcanyellas	@ximplet
@ricardfragments	@AppelBettie
@ricardsanchez66	@comunistes
@ricardsanchez66	@NelBlues
@ricardtc	@llunavermella
@RISE_Scotland	@AlexLVBS
@RISE_Scotland	@allybacabsci
@RISE_Scotland	@BernadetteB1961
@RISE_Scotland	@Britanniacomms
@RISE_Scotland	@espremulla
@RISE_Scotland	@girabancas
@RISE_Scotland	@green_grainger
@RISE_Scotland	@IndyBairn
@RISE_Scotland	@ivanvilloldo
@RISE_Scotland	@jacintfelip
@RISE_Scotland	@JordiTR1
@RISE_Scotland	@lagranjadenpete
@RISE_Scotland	@magsb1109
@RISE_Scotland	@MakeAmericaWait
@RISE_Scotland	@maveri63
@RISE_Scotland	@MBosc55
@RISE_Scotland	@MiquelFumanal
@RISE_Scotland	@musicarcs
@RISE_Scotland	@NTCaballe
@RISE_Scotland	@pain_spain
@RISE_Scotland	@Paraules
@RISE_Scotland	@PereBofill
@RISE_Scotland	@RebeketaPelFred
@RISE_Scotland	@RemainerAction
@RISE_Scotland	@RoaringNurse
@RISE_Scotland	@s9tmt
@RISE_Scotland	@StFilansDream
@RISE_Scotland	@ZEEMKS
@Riudecanyenc	@josepmariatost
@riusdefum	@LauraCarsan
@rlopezct	@maguila_gorila
@rlopezct	@TarongetaMecnic
@RoaringNurse	@AcampadaMordaza
@RoaringNurse	@BernadetteB1961
@RoaringNurse	@caos30
@RoaringNurse	@darkravenblue
@RoaringNurse	@dolorsrevu
@RoaringNurse	@dolsalaia
@RoaringNurse	@dona_invisible
@RoaringNurse	@electrickernel
@RoaringNurse	@hquinzelxxx
@RoaringNurse	@JuliaMalatesta2
@RoaringNurse	@junagrey
@RoaringNurse	@LurigDramaCDall
@RoaringNurse	@MeinciMedia
@RoaringNurse	@patufet33
@RoaringNurse	@puyolism
@RoaringNurse	@rosvalarg
@RoaringNurse	@s9tmt
@RoaringNurse	@sooshboosh
@RoaringNurse	@StopMordazas
@RoaringNurse	@xdemocradirecta
@RoaringNurse	@ZEEMKS
@RobenFawkes	@CATaronja
@RobenFawkes	@ElsokeBarricada
@RobenFawkes	@geroa7
@RobenFawkes	@martaclar
@RobenFawkes	@NuriaVA0
@RobenFawkes	@pauromeromusic
@RobenFawkes	@peiorativo
@RobenFawkes	@shul_evolution
@RobenFawkes	@sra_danvers
@RobenFawkes	@sthrco
@robertrubito	@serjuskis
@rock52	@albertbrias
@rock52	@Albertodelvalle
@rock52	@anaoromi
@rock52	@capdesuro
@rock52	@crematsdrom
@rock52	@iam_enric
@rock52	@Mapecuesta33
@rock52	@Mins1965
@rock52	@morriolspuig
@rock52	@pep_dalmau
@rock52	@RabalMaite
@rock52	@Seny_i_rauxa
@rock52	@TitaniaArtG
@rock52	@Virgili7
@Roger_CdV	@Britanniacomms
@Roger_CdV	@Ivnxuu
@Roger_CdV	@tomsays
@RogerBarat	@mt_294
@RogerMaso45	@oliquel
@rogeroak_79	@MIQUEL_01
@rogeroak_79	@monikambK
@rogersegura87	@crismelgar
@rogersegura87	@LocoTaca
@rogersegura87	@lsegurap
@rogersegura87	@marcballesco
@rojoseparata	@josepvivesg
@rojoseparata	@pepvivesBIB
@roquini	@1ferran3
@roquini	@aleix_BR
@roquini	@alextort01
@roquini	@Alhana_Crow
@roquini	@annaccod
@roquini	@beatrizbermejo3
@roquini	@ecarbonellmon
@roquini	@Enpuy
@roquini	@enRafelG
@roquini	@EstherMarti8
@roquini	@estiremfort
@roquini	@Faisaempordanes
@roquini	@jordi_anento
@roquini	@JRivero7
@roquini	@Judit_carpe
@roquini	@manhattan_maggi
@roquini	@martadeges
@roquini	@Meridous
@roquini	@monri02
@roquini	@mts_marc
@roquini	@Niel_Bosch
@roquini	@OlgaGirona
@roquini	@opiqueb
@roquini	@polgonzaalez
@roquini	@rcana000
@roquini	@Salvipuigbert
@roquini	@sergialtimira
@roquini	@SerranoElisenda
@roquini	@tonits10
@roquini	@Txellricart
@roquini	@vullvotarja
@roquini	@Wittgenstein_jm
@roquini	@xavier231982
@RosaCasafont	@wingedskin
@RosaMariaBelmo4	@martamonfort13
@ROSER1964	@reginabou
@rrculer	@eduard71ps
@rrocai	@rrocai
@rubia_goldoni	@malamante25
@rubia_goldoni	@VictorC73384715
@ruxicito	@AcampadaMordaza
@ruxicito	@AlyssaSirvent
@ruxicito	@dolorsrevu
@ruxicito	@ecologismo10
@ruxicito	@finselsovaris
@ruxicito	@Fuco_Mera
@ruxicito	@Lanesttosa
@ruxicito	@MaribelRedondo
@ruxicito	@MeinciMedia
@ruxicito	@norlisss
@ruxicito	@Paula83706774
@ruxicito	@StopMordazas
@ruxicito	@xdemocradirecta
@ruxicito	@YaneAwesome
@ruxicito	@Yoryo05
@S_s_e_r_R	@annabaylach
@S_s_e_r_R	@AntonCros
@S_s_e_r_R	@arnau_borras
@S_s_e_r_R	@Danimontmontse
@S_s_e_r_R	@Domenecgf
@S_s_e_r_R	@dulcevictoralex
@S_s_e_r_R	@EvOlvedbcn
@S_s_e_r_R	@fjauma
@S_s_e_r_R	@ForRevolucion
@S_s_e_r_R	@janechita1
@S_s_e_r_R	@joancasanovas27
@S_s_e_r_R	@JosepRuaix
@S_s_e_r_R	@lickiwicki
@S_s_e_r_R	@Sandra_gomezj
@S_s_e_r_R	@terrorllavore
@saboira	@Collegislleida1
@saboira	@Iva_
@saboira	@konesergio
@saboira	@LarrysMontse
@saboira	@miquelcasellas
@saboira	@nitaldia
@saboira	@NJosepm
@SagaZelda	@edremu
@SagaZelda	@EiPetit
@SagaZelda	@ENDIKA59
@sahararesiste	@Trapichaire1
@sakinekanziz	@PatxiBengoa
@saltxind	@alexsolventa
@saltxind	@CampsSergi
@saltxind	@CanalMarrec
@saltxind	@carles_giroimat
@saltxind	@Carlottex3
@saltxind	@CeliaPineda
@saltxind	@DarmstadtJ
@saltxind	@domenech_lluis
@saltxind	@francescst
@saltxind	@GQuintana10
@saltxind	@jmsoler_
@saltxind	@jpp902s2
@saltxind	@KikuColl4
@saltxind	@laiarius2
@saltxind	@laurasanguino
@saltxind	@lolaperpi
@saltxind	@MarielaVillarr2
@saltxind	@martasanz09
@saltxind	@MIQUELLARA
@saltxind	@mujertpuntcat
@saltxind	@ninucat
@saltxind	@OassisFriend
@saltxind	@pausurfer
@saltxind	@photomiquelruiz
@saltxind	@quelplana
@saltxind	@Rousie66
@saltxind	@tonividalsastre
@saltxind	@TotSalt
@saltxind	@xamartinez1966
@Sandra__Bonache	@SaraGutierrezEn
@Sandra_Burela	@ANCCiutatVella
@sanssergi	@DSA80
@SantiFortuny	@CGTEnsenyament
@SantiFortuny	@jaimercalero
@SantiFortuny	@jordimartifont_
@SantiFortuny	@JosepRiera4
@Sara_Merida_95	@Alhana_Crow
@Sara_Merida_95	@desjekte
@Sara_Merida_95	@gares_gorria
@Sara_Merida_95	@marlenemoonn
@Sara_Merida_95	@Mimirawwr
@Sara_Merida_95	@rosapa38
@sara_resta	@lestoulousains2
@SardansSerra	@aracegea
@SardansSerra	@isaacguila
@SardansSerra	@martasalinasp
@SardansSerra	@MBosc55
@SardansSerra	@renoinoi
@saviscatalans	@2005sjusi
@saviscatalans	@espaniolen
@saviscatalans	@JMOLLESOLE
@saviscatalans	@JordiPhoto
@saviscatalans	@mariasesca
@saviscatalans	@ori1905
@saviscatalans	@PatriRoman71
@saviscatalans	@Piolin_fc
@saviscatalans	@Pointluck1
@saviscatalans	@rosa_msust
@saviscatalans	@RSUAREZ4
@saviscatalans	@welby80
@sckno3	@c_mercader
@selvanegra400	@Casquero_456
@selvanegra400	@claramoguer
@selvanegra400	@Dj_Carlo31
@selvanegra400	@Eccedi_InB
@selvanegra400	@lolitaGordillo
@selvanegra400	@SoraNikita
@selvanegra400	@SusoSogh1
@SemiPiel	@mingot32
@Sempre_Vigatans	@adeuespanya2017
@senyorpla	@ismydecember
@senyorpla	@jr_net
@senyorpla	@mireiamire1
@senyorpla	@troncomovil1996
@senyorpla	@wiky73
@senyorpla	@XoseInaciu
@SenyorTrips	@ainanvb
@SenyorTrips	@casamadavalls
@SenyorTrips	@chema_moreno_p
@SenyorTrips	@davidgil
@SenyorTrips	@HMProy
@SenyorTrips	@JJnMarti
@SenyorTrips	@jordirod7
@SenyorTrips	@JosepLoar
@SenyorTrips	@MariaOxbow
@SenyorTrips	@MartixLlava
@SenyorTrips	@pla_pepi
@SenyorTrips	@ramonroyo
@SenyorTrips	@rcusso
@SenyorTrips	@RoldixBCN
@SenyorTrips	@sam_argento
@SenyorTrips	@xboschc
@SEPC_UBRaval	@DaavidTuneu
@SEPC_UBRaval	@URV_SEPC
@sergicosta	@aitorivera
@sergicosta	@carla_bermejo
@sergicosta	@ManelCarrion
@SergiFerry	@julia120ongay
@SergiFerry	@Roberdjokovic
@sergipinkman	@immadolz
@SergiPla88	@esojode
@SergiPla88	@LlauradorCs
@Serrano__14	@aeerdna96
@SEzquerra	@AxelValera
@SEzquerra	@Estacadebares
@SEzquerra	@lfilella
@SEzquerra	@Lolesv
@SEzquerra	@miquelangel76
@silvia_mur	@DavidTugues
@Silvia_Senz	@higinih
@SilviabelB	@_alexfalco
@SilviabelB	@09360affcb164dc
@SilviabelB	@1197434
@SilviabelB	@77_judith
@SilviabelB	@agnes_sola
@SilviabelB	@albamarabm
@SilviabelB	@Albertodelvalle
@SilviabelB	@Aleix37061956
@SilviabelB	@Almat49
@SilviabelB	@AndreMCes
@SilviabelB	@angelaECMataro
@SilviabelB	@angelssmh
@SilviabelB	@anna_prats13
@SilviabelB	@AnniaBosch
@SilviabelB	@Antonio86710629
@SilviabelB	@apasqualg
@SilviabelB	@armengolades
@SilviabelB	@artegina
@SilviabelB	@aspid1968
@SilviabelB	@AsunToldra
@SilviabelB	@AvvChierichetti
@SilviabelB	@BenitoMBP
@SilviabelB	@bertaflorespuig
@SilviabelB	@Blanchis79
@SilviabelB	@bm1suen
@SilviabelB	@BurgosMontse
@SilviabelB	@capitacanavego
@SilviabelB	@carme_corominas
@SilviabelB	@CarmeFito
@SilviabelB	@CarmetaSegura
@SilviabelB	@carvical24
@SilviabelB	@cataladelsud
@SilviabelB	@CATJRD
@SilviabelB	@chabeltoo
@SilviabelB	@ChavaSans
@SilviabelB	@Clio_deries
@SilviabelB	@CorinaSerra40
@SilviabelB	@cosmegarrell
@SilviabelB	@Cristin90070594
@SilviabelB	@crisvall23
@SilviabelB	@daninoa81
@SilviabelB	@Der_Betrachter_
@SilviabelB	@donoward
@SilviabelB	@DonpipoPopi
@SilviabelB	@dvMarta
@SilviabelB	@ElGorbs
@SilviabelB	@EliasBassols
@SilviabelB	@eloresotzet
@SilviabelB	@enricp13
@SilviabelB	@ensisador53
@SilviabelB	@erc_catcentral
@SilviabelB	@eslaro75
@SilviabelB	@Espardenya_cat
@SilviabelB	@estrelladepluja
@SilviabelB	@FCB01OCT
@SilviabelB	@fjauma
@SilviabelB	@fran_cardedeu
@SilviabelB	@FrancescBoada
@SilviabelB	@francescEG
@SilviabelB	@frankiprat
@SilviabelB	@fressia27
@SilviabelB	@GamiDolores
@SilviabelB	@gemgovinda
@SilviabelB	@gemmagrau
@SilviabelB	@ggkex
@SilviabelB	@GGuillemparis4
@SilviabelB	@Gloriaplanas
@SilviabelB	@GussinyerMerce
@SilviabelB	@HinojosaEdo
@SilviabelB	@I_Jo_Mateix
@SilviabelB	@i_prochazka
@SilviabelB	@Immamargarit
@SilviabelB	@ingridthirty
@SilviabelB	@IsabelPrezVale2
@SilviabelB	@ISERN26
@SilviabelB	@JacintCasademon
@SilviabelB	@jcmzlatan
@SilviabelB	@JLLGibert
@SilviabelB	@jmourellev
@SilviabelB	@jmvidalillanes
@SilviabelB	@joanet666
@SilviabelB	@joanferrr
@SilviabelB	@joanimber
@SilviabelB	@JordiSalaCosp
@SilviabelB	@josep_tomas
@SilviabelB	@JOSEPBARBAM
@SilviabelB	@Jpg00000G
@SilviabelB	@juandelosciegos
@SilviabelB	@Julen_Iza16
@SilviabelB	@junqueras
@SilviabelB	@kesejodaelmundo
@SilviabelB	@kinbota
@SilviabelB	@laia_carra
@SilviabelB	@langa_olga
@SilviabelB	@lauraalmer
@SilviabelB	@libreriaelpozo
@SilviabelB	@lindass10
@SilviabelB	@LlatseEmili
@SilviabelB	@Llgascon
@SilviabelB	@lluisvives24
@SilviabelB	@lmarrama
@SilviabelB	@LordCaptainLol
@SilviabelB	@louisbcn17141
@SilviabelB	@lsainzir
@SilviabelB	@Magda_Lein
@SilviabelB	@maicsalva
@SilviabelB	@Maigolo
@SilviabelB	@MaiteAmigo4
@SilviabelB	@maiti7
@SilviabelB	@manelmasso
@SilviabelB	@marcotovarich
@SilviabelB	@MarcParayre1
@SilviabelB	@MarcPuigpinos
@SilviabelB	@MariaRabella1
@SilviabelB	@MariaTe03456723
@SilviabelB	@MartaCrcols
@SilviabelB	@marti2014
@SilviabelB	@maxslleida
@SilviabelB	@mayabaia
@SilviabelB	@mguerrerobr
@SilviabelB	@mickecarri
@SilviabelB	@MilagrosPrezOli
@SilviabelB	@mjanesam_jan
@SilviabelB	@monrm
@SilviabelB	@mont_ermi
@SilviabelB	@montigominoles
@SilviabelB	@montsepdm
@SilviabelB	@nagusticasals
@SilviabelB	@NaniMasriera
@SilviabelB	@neoklau
@SilviabelB	@nerol007
@SilviabelB	@NetaToneta
@SilviabelB	@neusvilella
@SilviabelB	@noelreivaj
@SilviabelB	@nuher8
@SilviabelB	@Nuhude
@SilviabelB	@OscarArranz
@SilviabelB	@PacoYP
@SilviabelB	@PanadesPb
@SilviabelB	@pau_ors
@SilviabelB	@pep_cabrera
@SilviabelB	@peremarch22
@SilviabelB	@personadelworld
@SilviabelB	@photomiquelruiz
@SilviabelB	@pikup44
@SilviabelB	@Piolin_fc
@SilviabelB	@Pueblo_Llano
@SilviabelB	@Quimoh
@SilviabelB	@quimrocaroch
@SilviabelB	@QuinquillaNuria
@SilviabelB	@raixa59
@SilviabelB	@RaulAzuaza
@SilviabelB	@Riera3Diana
@SilviabelB	@Rubiperindep
@SilviabelB	@SantacruzXavi
@SilviabelB	@Sbavoda
@SilviabelB	@SerranoElisenda
@SilviabelB	@SilviaSoriano68
@SilviabelB	@t_equo
@SilviabelB	@Tarratwit
@SilviabelB	@TFerreres
@SilviabelB	@tohr1963
@SilviabelB	@torreneules
@SilviabelB	@tuticomalat
@SilviabelB	@VeroAuladell
@SilviabelB	@vidal_roso
@SilviabelB	@Xavi44896342
@SilviabelB	@XavierAntich
@SilviabelB	@xavierestivill
@SilviabelB	@xavipagesalonso
@SilviabelB	@yomi1553
@SilviaPalomera	@ACP3010
@simbenia	@OliverGloria03
@SindicaEstudian	@AlexNoTTiP
@SindicaEstudian	@Antonio_GarSi
@SindicaEstudian	@MattDobson85
@SindicaEstudian	@SindicaEstudian
@SindicaEstudian	@SPS_socialist
@SindicaEstudian	@Xielox1
@SitaSP	@Alter_Jo
@SItunberri	@SItunberri
@SiviLaCanya	@bcdolot
@SiviLaCanya	@CUPOlot
@SiviLaCanya	@CUPStJoan
@SiviLaCanya	@SergiStjoan
@SiviLaCanya	@tavirams
@Skweez	@jordi_cardus
@Skweez	@josepbaucells12
@Skweez	@xarxaindepe
@SniaSG1	@edu_illa
@socannacace	@Socarrel1
@SocialismexCAT	@manel_monllao
@SocialismexCAT	@SocialismexCAT
@Socialist_party	@bvilma
@SocialistesIndC	@Wopr2020
@SocialistSouth	@_RedTyneside
@SocialistSouth	@MattDobson85
@SocialistSouth	@RosanneRelight
@Socunsapastre	@AuntieDote
@Sokolowicz	@4fiti
@Sokolowicz	@Bb_farandularte
@Sokolowicz	@laurarodrigueze
@Sokolowicz	@rmisart
@sola_nuria	@sergiamaro
@solidaridadEH	@dansuvil
@solidaridadEH	@Fealverde91
@solidaridadEH	@mardefuego2
@solidaridadEH	@terraliberada
@SomBellvitge	@rafa_bono
@SOMgramenet	@CANAL150TVgrnet
@SOMgramenet	@ComandoPiolin
@SOMgramenet	@Coraleco
@SOMgramenet	@davidcaminante
@SOMgramenet	@galleterff_2
@SOMgramenet	@IbraHotm
@SOMgramenet	@Javi_Quique_OK
@SOMgramenet	@JaviRubioEMDS
@SOMgramenet	@jls_palacios
@SOMgramenet	@marioelaprendiz
@SOMgramenet	@martetamataro
@SOMgramenet	@paquilunag
@SOMgramenet	@ripollesheras
@SOMgramenet	@rozul123
@SOMgramenet	@silvia_limones
@SOMgramenet	@vicolinstko
@SOMgramenet	@williamWCA
@somnis_de_paper	@AlexCallao23
@SomSantaEulalia	@bioscamontse
@SomSantaEulalia	@nenagamba
@SomSantaEulalia	@Solosoyotrxtu
@SomSantaEulalia	@SusanaDeJaime
@SomSantaEulalia	@szpuig
@SomSantaEulalia	@UruKurtz
@somvoltrega	@marccasellasrv
@SoniaPBroncano	@Asgasdadhega
@SoniaPBroncano	@biblioaprenent
@SoniaPBroncano	@cdrvng
@SoniaPBroncano	@FrequenciesEM
@SoniaPBroncano	@haviam
@SoniaPBroncano	@jbatlle
@SoniaPBroncano	@jgpicoret
@SoniaPBroncano	@mequetref1
@SoniaPBroncano	@mncplns
@SoniaPBroncano	@octavimasip
@SoniaPBroncano	@xavierbalfego
@Soy_AntiTaurin0	@pedrin_cat
@sparejagarcia	@Marco3215
@spiff_spiff	@pont_josem
@SrMartiJulia	@Txellis
@ssimonvernet	@jordijoanferre
@ssimonvernet	@txelltorrella
@steelmancat	@jangi64
@steelmancat	@nogsys
@StoptheRoc	@MiravetGemma
@StoptheRoc	@oriol981
@StoptheRoc	@PicapollBlanc
@StoptheRoc	@sonido27
@SubalQuinina	@cescabcn
@SubalQuinina	@jmvidalillanes
@SubalQuinina	@Squissu_Afectiu
@SubalQuinina	@SusannalRodo
@sucavich	@albasaavedra11
@sumate_asoc	@aigetx
@sumate_asoc	@AlexBosch77
@sumate_asoc	@atxabuiru
@sumate_asoc	@CalTolla
@sumate_asoc	@JesyLMixers
@sumate_asoc	@joanalplanella
@sumate_asoc	@jordideafix
@sumate_asoc	@LESCARRIUS
@sumate_asoc	@lolafreemoon
@sumate_asoc	@lothlertu
@sumate_asoc	@mmartos5
@sumate_asoc	@pablangosto
@sumate_asoc	@RutEnguita
@sumate_asoc	@sabatot
@sumate_asoc	@saraprat
@sumate_asoc	@sylur_anailil
@sumate_asoc	@todoscojidos
@sumate_asoc	@Walivose20
@Susanna8138	@MariusDomingo2
@SuzyCortez_	@4Guibelo
@SuzyCortez_	@adnanhadi007
@SuzyCortez_	@AndrewOrihuela
@SuzyCortez_	@carmormika
@SuzyCortez_	@davidsanzfcblud
@SuzyCortez_	@ElmiraFire
@SuzyCortez_	@Gat0Cul3
@SuzyCortez_	@gumo250
@SuzyCortez_	@HolgerKoeln
@SuzyCortez_	@JMarquesAC
@SuzyCortez_	@JohnSmithplato
@SuzyCortez_	@jvittor11
@SuzyCortez_	@Luis07730354
@SuzyCortez_	@pradifundir
@SuzyCortez_	@raulAlonsoC
@SuzyCortez_	@SKTAgency
@SuzyCortez_	@VegasRenegade
@SuzyCortez_	@xNuhazer_17x
@sventuram	@CDREixampleDret
@sventuram	@llunavermella
@SVHxIND	@Alixigo
@SVHxIND	@ANCBaix
@SVHxIND	@Carrosdefoc11
@SVHxIND	@Davallut
@SVHxIND	@SBDxI
@SxMreferendum	@acadainstant
@SxMreferendum	@adaagz
@SxMreferendum	@AdriRudrigas
@SxMreferendum	@AlbertoNieto_
@SxMreferendum	@BcnSyd
@SxMreferendum	@caticup25
@SxMreferendum	@iescorihuela
@SxMreferendum	@jordiblond
@SxMreferendum	@jordisant
@SxMreferendum	@llunavermella
@SxMreferendum	@MerceCanturri
@SxMreferendum	@samson_ribas
@SxMreferendum	@Santsesfera
@SxMreferendum	@SantsTV
@SxMreferendum	@senseivickyp
@SxMreferendum	@simongorjeos
@SxMreferendum	@SxMreferendum
@SxMreferendum	@XicFCB
@takethesquare	@fuspey
@tamborinaire	@Martaysuslibros
@taniaasala	@daelius
@Tanit_Amoros	@gbm92
@tanti622	@GGil1964
@tanti622	@rafa_muozb
@tanti622	@VikyDomingo
@tarjur	@artegina
@tarjur	@blairodriguez
@tarjur	@CarlesMorales
@tarjur	@GloriaRD
@TarragonaCdr	@cataladelsud
@TarragonaCdr	@CUPTarragona
@TarragonaCdr	@diana_ilsc
@TarragonaCdr	@frankinero79
@TarragonaCdr	@JordiAlasa
@TarragonaCdr	@la_Sageta
@TarragonaCdr	@MonicaFdezGar
@TarragonaCdr	@nukar10
@TarragonaCdr	@OmniumTarragone
@TarragonaCdr	@PatamPatim
@TarragonaCdr	@peiretis
@TarragonaCdr	@tondoiguell
@TarragonaCdr	@URV_SEPC
@TATIANACHRIS	@kikembauer
@tatxikoma	@Enkofrator_TV
@TeresaJorda	@BertuSau
@TeresaJorda	@lia_voort
@teseo7bcn	@ppestoso
@Themeystic	@IsarnAG
@Themeystic	@julia120ongay
@tirorere	@furallefalle
@tirorere	@Soy_AntiTaurin0
@TomaiRua	@lizzaanne
@Tona_ft	@joansantalo
@toniaira	@minercabayo
@toniaira	@PepeJoluter63
@toniaira	@quimrocaroch
@toniaira	@rosita60
@toniaira	@rozul123
@tonifdezspinoza	@antoni_rigo
@tonifdezspinoza	@joaneliesadell
@Tonimprat	@CDRstap
@Tonimprat	@loloolol_
@Toninommm	@CostaBravaToday
@Toninommm	@JoosMonlei
@ToniQuique	@9jrib9
@ToniQuique	@Seny_i_rauxa
@TorrasToni	@HamsterNet
@TorrasToni	@Naifre02
@TorrasToni	@Splth32
@totensat	@gbm92
@totiaprop	@rosa_msust
@TotSalt	@AssembleaEExI
@TotSalt	@francescst
@TotSalt	@jpp902s2
@TotSalt	@MIQUELLARA
@TotSalt	@sans_ruiz
@TotSalt	@victorgil11
@treblasab	@albert_mons
@treblasab	@BrugatJoan
@treblasab	@CARLESRIUS
@treblasab	@ChaendlerBing
@treblasab	@daniebomber
@treblasab	@emocionycambio
@treblasab	@FadyChan4869xX
@treblasab	@JMiquelGiner
@treblasab	@johebl
@treblasab	@jordi_costa
@treblasab	@Ktisis
@treblasab	@La__Vida__
@treblasab	@Lescar78
@treblasab	@livehealingly
@treblasab	@majo_natalia
@treblasab	@manelmr70
@treblasab	@marcuspiula
@treblasab	@MaybeSohaib
@treblasab	@mirifabregas
@treblasab	@monicesteve
@treblasab	@montsetang
@treblasab	@raquellopezher
@treblasab	@rosvalarg
@treblasab	@salvijolis
@treblasab	@siloimaginas
@treblasab	@t_equo
@treblasab	@XavierAbadMdG
@txatxigomez	@maikarobert
@uauaua17	@gerardvg92
@uauaua17	@nuclearsky
@uauaua17	@RobotBac
@uauaua17	@Sbm120205
@Udalbiltza	@LuisIntxauspe
@ulldepollmataro	@esther_iz
@undelgrau	@jordirogle
@undelgrau	@VictorTormoR
@unespaib	@cajapandora0
@unespaib	@deal_waddy
@unespaib	@Der_Betrachter_
@unespaib	@Joja81729247
@unespaib	@lmanent
@unespaib	@MarietteVachon
@unespaib	@melchizedekwife
@unespaib	@MontriciaHubba1
@unespaib	@Mtnac
@unespaib	@nagusticasals
@unespaib	@nico711star
@unespaib	@novalabadar
@unespaib	@roserllunell
@unespaib	@rrocai
@unespaib	@teyllan
@unespaib	@Tinkersooz
@unespaib	@wjappe
@uomomanello	@EcolierAssassin
@Urbanins_	@pladevallclara
@uribp75	@pilucs1
@uriividal23	@ferranpuig14
@vadobuch	@FinaPont
@vadobuch	@gcarbonell
@vadobuch	@jhurtos
@vadobuch	@JoanSerraS
@vadobuch	@raquelfas
@vane_gutierrezc	@AitorZubiaga
@vanferman	@CostaBravaToday
@velasc_alberto	@AugustCastelo
@velasc_alberto	@quimlyfar
@velasc_alberto	@vatualolla
@Verds	@uriii65
@vicenslozano	@rcpuig94
@vicensmartin	@9jrib9
@VicenteAnna	@Ptuka81
@vicentephasbd	@Caposalva
@victorpeix89	@Didac3471
@vilallongapac	@CanCat2007
@vilaxavi	@j1suri
@Vilipistoles	@mainudo
@vinasxifra	@Belaroi
@vinyetdf	@FerranTomas
@vinyetdf	@MireiaMMB
@votaxmicat	@Mateixa
@wErHy_	@CristinaBadal1
@windyhill82	@domenech_lluis
@windyhill82	@kikupipo
@windyhill82	@oriolmataro
@xabirastorza	@Bikalebar
@xabirastorza	@falonsopascual
@xabirastorza	@mikelsonny
@xabirastorza	@PelloIgeregi
@xabirastorza	@uxunshine
@XaioTro	@pophouselab
@Xalonso7	@2Roser
@Xalonso7	@AlbertMajo7
@Xalonso7	@CarodRoviraJLl
@Xalonso7	@DeLEmporda
@Xalonso7	@FGSCREW
@Xalonso7	@josep_capo
@Xalonso7	@JosepFores
@Xalonso7	@kalurri
@Xalonso7	@manelanavarcles
@Xalonso7	@marcel_abril
@Xalonso7	@martacidp
@Xalonso7	@mote_lulada3
@Xalonso7	@nurieta007
@Xavi9B	@alexmiquel
@Xavi9B	@fer140771
@Xavi9B	@ginests66
@Xavi9B	@martavaltri
@Xavi9B	@montsemarsan
@Xaviabrilferrer	@mcanosan
@Xaviabrilferrer	@Violetadelmeuco
@xavier_torrens	@0Seuba
@xavier_torrens	@abo_quero
@xavier_torrens	@ACP3010
@xavier_torrens	@airmosso
@xavier_torrens	@ancefra
@xavier_torrens	@annavm95
@xavier_torrens	@CarlesPuigfel
@xavier_torrens	@CarolinaXatet
@xavier_torrens	@GipsyLunita
@xavier_torrens	@gueromex100
@xavier_torrens	@haviam
@xavier_torrens	@IkerBarandiara
@xavier_torrens	@jacob_31
@xavier_torrens	@javieryearson
@xavier_torrens	@joakimVivas
@xavier_torrens	@JoanBaello
@xavier_torrens	@jordi_rouge
@xavier_torrens	@JosepSalvador
@xavier_torrens	@JuanPedroTeruel
@xavier_torrens	@jucollvi
@xavier_torrens	@karlos_gudari
@xavier_torrens	@locuspolitikus
@xavier_torrens	@marta_tallada
@xavier_torrens	@MaruZarate1
@xavier_torrens	@MasotRosa
@xavier_torrens	@miquelcasellas
@xavier_torrens	@nataliamm68
@xavier_torrens	@ncoloma2
@xavier_torrens	@Ramonpoch
@xavier_torrens	@RicardFite
@xavier_torrens	@SaimonOscar
@xavier_torrens	@SimyBenarroch
@xavier_torrens	@Solarthought
@xavier_torrens	@Tarratwit
@xavier_torrens	@ToniAlonso3777
@xavier_torrens	@vellaplanta
@xavier_torrens	@xavier_torrens
@xavierborda	@I_de_Yzaguirre
@xavierborda	@raquelro8
@xavierborda	@xirics
@xaviercanchal	@_hiedravenenosa
@xaviercanchal	@_kelokela
@xaviercanchal	@_Laura098_
@xaviercanchal	@8stname_grapest
@xaviercanchal	@aguscd7
@xaviercanchal	@AibertAPPan
@xaviercanchal	@aigetx
@xaviercanchal	@albertedevigo
@xaviercanchal	@albumdecromos
@xaviercanchal	@AnnaVeri
@xaviercanchal	@AssumptaBolta
@xaviercanchal	@Aurembiaix1969
@xaviercanchal	@Basurdezulo1
@xaviercanchal	@baxurde
@xaviercanchal	@BERNAT__GARCIA
@xaviercanchal	@berrirohemen
@xaviercanchal	@bertupuigvertf1
@xaviercanchal	@boltxe
@xaviercanchal	@bruixaescarlata
@xaviercanchal	@carquinyoli14
@xaviercanchal	@carral93
@xaviercanchal	@choping4u
@xaviercanchal	@ComaLuisillo42
@xaviercanchal	@CorbetoXita
@xaviercanchal	@DecimoDentista
@xaviercanchal	@Dofineta5
@xaviercanchal	@dpunti1984
@xaviercanchal	@elisabetmoreno
@xaviercanchal	@EloiDarde
@xaviercanchal	@Emigrante_69
@xaviercanchal	@enazazu
@xaviercanchal	@esojode
@xaviercanchal	@Fede_Montseny
@xaviercanchal	@FocEstelar
@xaviercanchal	@FrJavierLopez
@xaviercanchal	@Gata_negra93
@xaviercanchal	@gatubella89
@xaviercanchal	@gemmafrost19
@xaviercanchal	@GerardDiaz12
@xaviercanchal	@GuillemGirona
@xaviercanchal	@homopestis
@xaviercanchal	@hquinzelxxx
@xaviercanchal	@Ingridmunozi
@xaviercanchal	@Inmapaleo
@xaviercanchal	@IraultzaAmesten
@xaviercanchal	@jesusgmjesusm88
@xaviercanchal	@JJBCN
@xaviercanchal	@JoanJl
@xaviercanchal	@JonOrozko
@xaviercanchal	@josepdolot
@xaviercanchal	@jubilao
@xaviercanchal	@Juiceybooty3
@xaviercanchal	@JuliaMalatesta2
@xaviercanchal	@jumarta8
@xaviercanchal	@junagrey
@xaviercanchal	@kalvinErmua
@xaviercanchal	@kds_EH
@xaviercanchal	@kikupipo
@xaviercanchal	@klockner78
@xaviercanchal	@Laia_dm
@xaviercanchal	@lampvampire
@xaviercanchal	@LemonConfesslon
@xaviercanchal	@luis_1mg
@xaviercanchal	@mariafj99
@xaviercanchal	@martingerz_
@xaviercanchal	@MasterXena
@xaviercanchal	@Mevatv
@xaviercanchal	@misticamari
@xaviercanchal	@montantxo
@xaviercanchal	@mote_lulada3
@xaviercanchal	@Mrccasas
@xaviercanchal	@mujermaravillxs
@xaviercanchal	@MuloReal
@xaviercanchal	@numquamsuperata
@xaviercanchal	@octobriana1917
@xaviercanchal	@olaferlandsen
@xaviercanchal	@palomapalacio
@xaviercanchal	@peboz_onubense
@xaviercanchal	@pedrin_cat
@xaviercanchal	@PerieraCharlot1
@xaviercanchal	@piolinaire
@xaviercanchal	@powerfulhouston
@xaviercanchal	@rafita_garzia
@xaviercanchal	@recunet
@xaviercanchal	@S0uthEastMNR
@xaviercanchal	@SandraGrauMonta
@xaviercanchal	@santacanajaume
@xaviercanchal	@sara_croft83
@xaviercanchal	@SirWhite14
@xaviercanchal	@SociBoy
@xaviercanchal	@Sr_Antonio_L
@xaviercanchal	@superfirepeanut
@xaviercanchal	@t_equo
@xaviercanchal	@thomedes
@xaviercanchal	@Tuikismikis
@xaviercanchal	@verobetica
@xaviercanchal	@vlleom
@xaviercanchal	@Walivose20
@xaviercanchal	@wingedskin
@xaviercanchal	@ZozayaManu
@xaviercanchal	@zulobeltz
@XavierMaja	@FCastelltort
@xaviersan10	@Carlesescario
@xaviguix	@ismael_badia
@xaviguix	@jortomu
@xaviguix	@nuria_mayoral
@xavimasto	@Bcnfotos
@xavimasto	@drpicox
@xavimasto	@KatratziPhoto
@xavimasto	@Lo_CAT_
@Xavitorru	@asau_123
@Xavitorru	@BernatBerenguer
@Xavitorru	@booorinot
@Xavitorru	@CurtoIris
@Xavitorru	@Donjosepanton
@Xavitorru	@estevebq
@Xavitorru	@gerardtitu
@Xavitorru	@joanpimpam
@Xavitorru	@jvila31
@Xavitorru	@LLUISCAT2017
@Xavitorru	@matamalavigo
@Xavitorru	@merce_dmg
@Xavitorru	@minvill
@Xavitorru	@Mirsegu
@Xavitorru	@Miserabladas
@Xavitorru	@Nedadora
@Xavitorru	@nofearmio
@Xavitorru	@piggatxu
@Xavitorru	@RamonetFont
@Xavitorru	@raulmorenof
@Xavitorru	@rawoxi
@Xavitorru	@revueltageneral
@Xavitorru	@SagaZelda
@Xavitorru	@txaby112
@Xavitorru	@Veronic40630547
@Xavitorru	@VilarMv
@Xavitorru	@yaizajr
@xavitoscano	@JoanBragulat
@XeniaActriu	@ACP3010
@xevicamps	@mariapasfu
@xevicamps	@mariasesca
@xevicamps	@montsemarsan
@xevicamps	@raulcobole
@xevicamps	@xevicamps
@xevifab	@marc_casas
@xglienas	@_hiedravenenosa
@xglienas	@bruixaescarlata
@xglienas	@CanariNegre
@xglienas	@conradroset
@xglienas	@cristinablumese
@xglienas	@Degrar
@xglienas	@deivitchapels
@xglienas	@FocEstelar
@xglienas	@Gata_negra93
@xglienas	@gemmafrost19
@xglienas	@gsmarions
@xglienas	@JuliaMalatesta2
@xglienas	@La8y
@xglienas	@LaAntonG
@xglienas	@marcvear17
@xglienas	@sanssergi
@xglienas	@sara_croft83
@xglienas	@SaraiCoonors
@xinxollat	@cuinerfoll
@xllenas	@CastCornella
@xllenas	@Gavarrenc
@xlleyda	@Splth32
@xlleyda	@tiradovila
@xma	@edu_hevia
@xma	@GemmaGabarro
@XMilesio	@eserranoregol
@XRecasens	@ciastan
@XRecasens	@Greennoelle1
@XRecasens	@Lauramcn1
@XRecasens	@quintuf
@Xuslam	@PepAurell
@YAbanico	@ladybaiser
@YAbanico	@pepemadripuerta
@YAbanico	@Sportium23
@ycrepeau	@betepolitique
@YoBegok	@Javi_Quique_OK
@yocamilleyo	@Susana75R
@yolondronga	@CgtPepito
@yolondronga	@treballadors
@zaitxo	@AkerOkerra
@zaitxo	@andermgt
@zaitxo	@apoloniamss
@zaitxo	@AsierBeramendi
@zaitxo	@asunlasaosa
@zaitxo	@Basurdezulo1
@zaitxo	@JesyLMixers
@zaitxo	@ManekoBcn
@zaitxo	@PatxiBengoa
@zaitxo	@photomiquelruiz
@zaitxo	@superganapia
@ziuziole	@_JosepGarcia
@ziuziole	@ACP3010
@ziuziole	@ainaivern
@ziuziole	@albert_ta
@ziuziole	@annabaylach
@ziuziole	@AvvChierichetti
@ziuziole	@brujaestudiante
@ziuziole	@CDRElVendrell
@ziuziole	@cdrlhcentre
@ziuziole	@DavictusCat
@ziuziole	@ecologismo10
@ziuziole	@edudiaz
@ziuziole	@EduGuitart
@ziuziole	@eloresotzet
@ziuziole	@escolesobertes
@ziuziole	@estermoncu
@ziuziole	@FCB01OCT
@ziuziole	@FrancescMerce
@ziuziole	@info_referendum
@ziuziole	@JosepRuaix
@ziuziole	@kinbota
@ziuziole	@La__Vida__
@ziuziole	@lalexoliva
@ziuziole	@lidiapeleja
@ziuziole	@LlatseEmili
@ziuziole	@llunavermella
@ziuziole	@mar_grit_ta
@ziuziole	@marcet_xavier
@ziuziole	@MariAngelsSafor
@ziuziole	@marquitos_pagli
@ziuziole	@MIQUEL_01
@ziuziole	@NoMesXoris
@ziuziole	@novalabadar
@ziuziole	@nuriagarmor
@ziuziole	@PanGran
@ziuziole	@petermb_ps
@ziuziole	@PriorMaiz
@ziuziole	@raimonguma
@ziuziole	@rocsipc
@ziuziole	@sinapellidoscat
@ziuziole	@vilherda
@ziuziole	@xmd84
@ziuziole	@yoguiserres
