Source	Target
@__kamis__	@Aldous59
@__kamis__	@Amedeo111960
@__kamis__	@capitanthule
@__kamis__	@CntPirobloc
@__kamis__	@DingoeStarr
@__kamis__	@Estebanpah
@__kamis__	@ggohom
@__kamis__	@gianpy_italy
@__kamis__	@javimio3
@__kamis__	@Jikun20
@__kamis__	@LaHoradelPincho
@__kamis__	@LeonardiAmalia
@__kamis__	@marcoantonio75
@__kamis__	@pavlitus
@__kamis__	@Serenel73
@__kamis__	@SihamYachi
@__kamis__	@william_leys
@_Alafuga	@OscarGuay3
@_AnnaPetit_	@Rob73Hxc
@_ApoyoMutuo_	@CGTLleida
@_ApoyoMutuo_	@juan0alonso
@_ApoyoMutuo_	@saraluna132
@_ApoyoMutuo_	@xpresando_
@_Aveto_	@Agu_Reddi
@_Aveto_	@alripol95
@_carolcosta_	@alvaromapache
@_carolcosta_	@CanariNegre
@_carolcosta_	@carlespastor
@_carolcosta_	@CarlitoxMarxx
@_carolcosta_	@carlosjs1997
@_carolcosta_	@cortiella93
@_carolcosta_	@cristinablumese
@_carolcosta_	@cxnicobara
@_carolcosta_	@darkravenblue
@_carolcosta_	@dolsalaia
@_carolcosta_	@ERC9B
@_carolcosta_	@FocEstelar
@_carolcosta_	@Gata_negra93
@_carolcosta_	@gatubella89
@_carolcosta_	@gemmafrost19
@_carolcosta_	@hquinzelxxx
@_carolcosta_	@IMP_Manuel
@_carolcosta_	@inobstruible
@_carolcosta_	@JuliaMalatesta2
@_carolcosta_	@junagrey
@_carolcosta_	@misticamari
@_carolcosta_	@mujermaravillxs
@_carolcosta_	@pdcooba
@_carolcosta_	@reich94_
@_carolcosta_	@slavignotte
@_Cheshire_mad	@Hipocampo08
@_Chriistiinee_	@La_senyureta
@_claudiamarpi_	@BertaCavero
@_ClaudiaMorato	@gemmpasqual
@_DarwinPZ	@AaronCElorriaga
@_DarwinPZ	@Adrianarnoto
@_DarwinPZ	@andresragel
@_DarwinPZ	@extremobucarito
@_DarwinPZ	@GagoKattalin
@_DarwinPZ	@Isis_Estrada
@_DarwinPZ	@JeicobTwOtWo
@_DarwinPZ	@justbtstrash_
@_DarwinPZ	@Miremiau_
@_DarwinPZ	@MyidiotDonald41
@_DarwinPZ	@nochesdincendio
@_DarwinPZ	@Nolii_Vdn
@_DarwinPZ	@UnburntGirl
@_DarwinPZ	@victorprohias
@_DarwinPZ	@YeniferLop2
@_DavidBrun	@Somelsomni
@_dgil	@jurgellg
@_gerardgil	@MaddieVanAlen
@_GreatUnwashed	@ActOldiLion
@_GreatUnwashed	@kaddlah
@_GreatUnwashed	@pistach01
@_GreatUnwashed	@Tombo_Jackson
@_Hadi_Taha	@MariaReferendum
@_jordi99_	@marcgallardo19
@_juliabelles08	@AinohaFa
@_juliabelles08	@albertroca16
@_juliabelles08	@bertapd12
@_juliabelles08	@Ejarque01
@_juliabelles08	@flaviaboronat
@_juliabelles08	@j_gonzaalez
@_leoweb_	@Jpg00000G
@_leoweb_	@mariolezoche
@_lovemylive13	@Zaka1310
@_luchadeclases	@CRPoderPopular
@_luchadeclases	@FeministasMujer
@_luchadeclases	@Mesperantero
@_Meeiii_03	@dulcevictoralex
@_Meeiii_03	@Gito1975
@_miriamfrei_	@_iamalterego_
@_miriamfrei_	@nicmarandola
@_miriamfrei_	@NicNikkolla
@_NCB_	@ragaga1978
@_OjaDeMordor	@Alakar0999
@_OjaDeMordor	@apsabogadolabor
@_OjaDeMordor	@arnauoliniu
@_OjaDeMordor	@Bittersweetbody
@_OjaDeMordor	@Difficultimes
@_OjaDeMordor	@frxngonzxlez
@_OjaDeMordor	@j_9822
@_OjaDeMordor	@mehcarlaa
@_OjaDeMordor	@paula_x1345
@_OjaDeMordor	@pecopicopaco
@_OjaDeMordor	@Red_Bokata
@_OjaDeMordor	@sofiiista13
@_OjaDeMordor	@WhoIsFosa
@_OjaDeMordor	@YoCambio20D
@_oonnaa_	@Ochena_Prantor
@_paufuentes	@PeremiquelPaula
@_Pmarg	@mntsrrt
@_Pmarg	@olivallobet
@_Pmarg	@SilsdelaSelva
@_RMei_	@jurdineneta
@_Sombrerero_	@jsalom1
@_Sombrerero_	@laura_mz_sz
@_Sombrerero_	@ogarciaalzorriz
@_Ungagged	@MacbedaB
@_Ungagged	@sooshboosh
@013KIN	@BeterNRE
@0353Joan	@alxoman
@0353Joan	@AndreyAlenkuts
@0353Joan	@arahna666
@0353Joan	@artepmobil
@0353Joan	@brunin_
@0353Joan	@Brx_Eva
@0353Joan	@capidanMar
@0353Joan	@Ceremalito
@0353Joan	@christiangp2000
@0353Joan	@climent1212
@0353Joan	@cparelladar
@0353Joan	@crematsdrom
@0353Joan	@Cupkatech3rry
@0353Joan	@Dfarell65
@0353Joan	@domenec1
@0353Joan	@elatropellado
@0353Joan	@ElenCaSc
@0353Joan	@freed4Catalonia
@0353Joan	@iEclip
@0353Joan	@ignasdelgrannas
@0353Joan	@Independitzador
@0353Joan	@jordigarcia90
@0353Joan	@JordiMestres
@0353Joan	@Kassandra14_08
@0353Joan	@KingBalance
@0353Joan	@KiraBassas
@0353Joan	@LlorencMar
@0353Joan	@luismi570
@0353Joan	@mairtintaidhg
@0353Joan	@novullditeu
@0353Joan	@PaaulyMalik
@0353Joan	@PartageSolidar
@0353Joan	@PauAndreuSitjar
@0353Joan	@ReadoutSignpost
@0353Joan	@RICARDPF
@0353Joan	@rogerponsfunken
@0353Joan	@ruty1980
@0353Joan	@SaorAlba_2018
@0353Joan	@sedaManavoglu
@0353Joan	@tranzya
@0353Joan	@variedad
@0353Joan	@WildNymeria
@0353Joan	@xavierpratsmari
@0353Joan	@Yoryo05
@0353Joan	@yudmon
@11jordi	@__Kylene
@11jordi	@__Punisher19
@11jordi	@_beexcessive
@11jordi	@_Reiko24_
@11jordi	@AFRI_HSV
@11jordi	@alev0sia
@11jordi	@AlfredoBelda
@11jordi	@Alphyentz
@11jordi	@arucsa
@11jordi	@atzabetja
@11jordi	@BGB85
@11jordi	@ChupyMelo
@11jordi	@corb22
@11jordi	@criscare124
@11jordi	@danielbahe
@11jordi	@David_Balaguer
@11jordi	@DModinos
@11jordi	@dolors_tamarit
@11jordi	@EliBerzosa
@11jordi	@elisabethbreg
@11jordi	@epons82
@11jordi	@fandomzyoutube
@11jordi	@FedeSosaSalomon
@11jordi	@ftdiee
@11jordi	@gerardamigo
@11jordi	@geree92
@11jordi	@Huppeinamets
@11jordi	@idekmn17
@11jordi	@ielowsubmarin
@11jordi	@Immaoor
@11jordi	@jrescolies
@11jordi	@jsolanes14
@11jordi	@LamborghiniGH_
@11jordi	@lobotomiatbm
@11jordi	@lolii_pops
@11jordi	@mariadp20
@11jordi	@MartaFarran
@11jordi	@mejornopienso
@11jordi	@MelGalup
@11jordi	@Montse_Parra
@11jordi	@neustorresf
@11jordi	@NiallFeatRubius
@11jordi	@nsoletarga
@11jordi	@nuriapbs
@11jordi	@oscarcv84
@11jordi	@RomeuMasip
@11jordi	@Rozeoner
@11jordi	@rubeneix1976
@11jordi	@TeMatizo
@11jordi	@TrastornBlau
@11jordi	@uli1500
@11jordi	@victorla2211
@11jordi	@ViejaJusticia
@11jordi	@viuzalacain
@11jordi	@Xapu90
@11jordi	@Zephyr3912
@13a07g96c	@PV1D4L
@1898athletic	@alainBBB
@1898athletic	@cliosport58
@1898athletic	@kepaenbeita
@1909_RSF	@aaiinhoa4
@1909_RSF	@epaepapapa
@1909_RSF	@goraosasuna1987
@1909_RSF	@IoritzEtxebeste
@1917paul	@steveaappleton
@1963jayb	@raikitsune
@1971TONIMORA	@anipeir
@1971TONIMORA	@CCOOlaborals
@1971TONIMORA	@Moismilian
@1971TONIMORA	@nunez_romay
@1971TONIMORA	@RicardBellera
@1974jrgd	@IMGATU
@1974jrgd	@Longbranch1989
@1974jrgd	@nasamars
@1974jrgd	@TCgaziderinoglu
@1974jrgd	@Vivien_UK
@1octBP	@air3ag
@1octBP	@evamserramia
@1octBP	@frepose
@1octBP	@jocaralt
@1octBP	@josepcatalamiro
@1octBP	@MarGaleano1
@1OVE_VO1E	@papanatas
@1Shaki92	@coops_r_active
@20MR18	@irinagrcia
@20MR18	@jessicavilavila
@23jch	@Angelschc
@27_antu	@Necrain
@29Marta1992	@ivanmanubens
@33revolucions	@Espanystanyi
@3amanresa	@garcia_pedro
@3d14rd	@Iris_7776
@3dato	@joan_sensenic
@3dato	@juanan_m
@3josep14	@mariguanda
@3lPill0	@BTS_483
@3lPill0	@Maiftyt
@3voltesrebel	@albert_bch
@3voltesrebel	@Cris_houses
@3voltesrebel	@JoanFontRibera
@3voltesrebel	@johan95official
@3voltesrebel	@Marquisreloaded
@3voltesrebel	@mercecomin
@3voltesrebel	@NeusVentura
@3voltesrebel	@nuriajoseph
@3voltesrebel	@patillikas
@3voltesrebel	@terroristacult
@3voltesrebel	@ulissima5
@4Guibelo	@IsraMontesinos
@4Moon_Gemma	@Sherlockain
@555Azalea	@AlmaNatalya
@555Azalea	@ANY1529
@555Azalea	@baratinhax
@555Azalea	@CELESTE805
@555Azalea	@clara_teoya
@555Azalea	@elGarou1
@555Azalea	@Gabrielbenidorm
@555Azalea	@gorkichehov
@555Azalea	@guille2397
@555Azalea	@Harkonen2
@555Azalea	@jimixnie
@555Azalea	@juanma21lp
@555Azalea	@JudithPerezLop1
@555Azalea	@Karol_en_Red
@555Azalea	@Lolo_Sev
@555Azalea	@luismi570
@555Azalea	@ocarbonell69
@555Azalea	@pepegotera65
@555Azalea	@prez_begoa
@555Azalea	@Reyes5551
@555Azalea	@RosaIsa38309247
@555Azalea	@RosenverYepezA
@555Azalea	@ShearTheFear
@555Azalea	@Susana_Vila
@555Azalea	@Tit0Yay0
@555Azalea	@tocacojones57
@555Azalea	@VvvvSol
@555Azalea	@YEYO957
@6uN7CtZuCK66Rpd	@egracieb
@6uN7CtZuCK66Rpd	@IsThisAB0t
@6uN7CtZuCK66Rpd	@StillYesScot
@89mgraham	@mdamare
@9davidgrau	@JudithMartnez5
@9jrib9	@independemetre
@a_7124	@runtxu
@A_CocoR	@Vaner_
@a_llongueras	@peacepointBase
@a_lopepe	@Anaizfunosas1
@a_lopepe	@andre_kalean
@a_lopepe	@AsGos
@a_lopepe	@bilbotronik
@a_lopepe	@euskalirratiak
@a_lopepe	@garbi75
@a_lopepe	@HegoaA
@a_lopepe	@iPatxi
@a_lopepe	@iriaska1984
@a_lopepe	@LArretxe
@a_lopepe	@lHardouin5
@a_lopepe	@mandopatar
@a_lopepe	@txorisope
@a_lopepe	@XebaxChristy
@a_lopepe	@ZapirainEtxaniz
@aaliciaa4	@mariaruub_
@aaliciaa4	@Paulagp1399
@aaronpoonce	@acidfelix_
@aaronpoonce	@ericelhumano
@aaronpoonce	@fixedevans
@aaronpoonce	@nvrmxnd_
@aaronpoonce	@PrincipeAbsurdo
@aaronpoonce	@vraynless
@aaronpoonce	@xhelladrellax
@aaylez	@LiliaMartins14
@AbelSmiler	@laurabudo
@ABKristian	@DaniRabinat
@ABKristian	@sir_kino
@Abnerion	@capitalfobia
@AbogadaCabreada	@Cocoliso_Rojo
@AbogadaCabreada	@EusebioSabio7
@achamiann	@juliuskangurius
@acorey_cat	@Mirigallrdo
@AdamJustAdam_	@galantcastle
@AdaxkaKE	@AinhoaNinoa
@addelagonzalez	@_dark_father
@addelagonzalez	@Aimar27_330
@addelagonzalez	@Andonipr
@addelagonzalez	@CAUDELLUNA60
@addelagonzalez	@estipine
@addelagonzalez	@euskaltelebista
@addelagonzalez	@GEDDeustu
@addelagonzalez	@goraosasuna1987
@addelagonzalez	@GureEskuDurango
@addelagonzalez	@maguva1
@addelagonzalez	@neretxokoa
@addelagonzalez	@nereurki
@addelagonzalez	@nmelg
@addelagonzalez	@ojosdemalaga
@addelagonzalez	@rwdxgirl
@addelagonzalez	@WilliamTellJr
@ADecroissance	@CG_ROM
@ADecroissance	@ChristoMICHE
@ADecroissance	@comedian72
@ADecroissance	@dlingdlingpost
@ADecroissance	@ElhinorDHyrth
@ADecroissance	@fredalhia
@ADecroissance	@GastonLefranc
@ADecroissance	@GAUVRITDom
@ADecroissance	@hdebonnevolonte
@ADecroissance	@izarolamejor
@ADecroissance	@Kelek_Sz
@ADecroissance	@LEKUONADomenja
@ADecroissance	@leluez
@ADecroissance	@lo_uarn
@ADecroissance	@lolipops_rose
@ADecroissance	@madisza
@ADecroissance	@MariaBadin18
@ADecroissance	@slavignotte
@ADecroissance	@SobrementJordan
@ADecroissance	@TeamIsaAttard
@ADecroissance	@ZabouF
@adestemps	@blanca_gldmn
@adeuespanya2017	@IgnasiRoqueta
@ADF132	@OlgaDuarteP
@adivinaconmedia	@mariacasgar
@adivinaconmedia	@Pecaroonce
@adoyma	@MERCEDES1860
@adria_campmany	@darvibegines
@adria_campmany	@eva_vdlc
@adria_campmany	@Juanyllomoon
@adria_campmany	@miriamaguirre17
@adria_campmany	@Mundoconmisojos
@adria_campmany	@PolBene95
@Adria_Pages_M	@cillian32
@Adria_Pages_M	@Zomwis_2015
@Adriafulla	@Adriafulla
@adrianrbravo	@alouminhar
@adrianrbravo	@castigador877
@adriavargas94	@cavagu69
@Adrig6	@1David5t
@AdriPujol	@MVergonyos
@AdrisQuintana	@seliquin
@Aduutxin	@AnderBerrondo
@aebadia	@aebadia
@aebadia	@CasalEsquerra
@aebadia	@CUP_AMB
@aebadia	@EsteponariLlop
@aebadia	@FonteRodrigues
@aebadia	@Jordan_Knowmada
@aebadia	@josgnzlz
@aebadia	@Julio_Salom
@aebadia	@maite_verd
@aebadia	@Miguel_RodRos
@aebadia	@quimduran
@aebadia	@teresacarceller
@aebadia	@vallmy
@aehabeascorpus	@aehabeascorpus
@Aeroluiso	@ArantxaM8
@aezkiaga	@edward_goo
@aezkiaga	@OttoGordon1807
@AfrikaWinslet	@aitaner
@AfrikaWinslet	@AquestFrederic
@AfrikaWinslet	@Jferrerurg
@AfrikaWinslet	@mslugama
@AFullaondo	@Indautxutik
@agatalosantos	@ajsantapau
@Agirre84Ztz	@johngees
@agirreberto	@awyjordi79
@agirreberto	@DruezKazeg
@agirreberto	@MaBallestriero
@agnicasa	@GusBracchi
@aguait_cat	@alternativa_per
@aguait_cat	@ArranPalma
@aguait_cat	@Cloquell1991
@aguait_cat	@Elena_Punkita
@aguait_cat	@Fotomovimiento
@aguait_cat	@hedoi_etxarte
@aguait_cat	@MarusiaLC
@aguait_cat	@peixullada
@aguait_cat	@rjstrikers
@aguait_cat	@thumderbir
@AguiloSaphire	@Jpg00000G
@AgurneB	@aritz_alustiza
@AgurneB	@Ekaitzekoa
@AgurneB	@Sansiena2
@aiartza	@Idurrina1
@aiartza	@Lezuuuu
@aiartza	@OlaiaBilbaoo
@aiartza	@txabermc
@aiatsagusti	@al101xg
@aiatsagusti	@JosepRuaix
@aiatsagusti	@Xaviervidalcana
@aida_sabiote	@PerePaella
@aida_sabiote	@sedaManavoglu
@aidancleverly20	@tonyevans88
@aiertgoenaga	@IxtebeP
@aiheko9	@JonJonan95
@aiinaar59	@Miriam_GuiTa
@AikemPixo	@missifu79
@ainaberenguer4	@Miladc96
@Ainaguerrero	@joanribo97
@ainasubina	@joanignasiG
@Ainho70	@maiterengauzak
@ainhoa_arano	@_dark_father
@ainhoa_arano	@AhotsaInfo
@ainhoa_arano	@ANDUETZA
@ainhoa_arano	@BonderjoJosie
@ainhoa_arano	@CMAURIRIU
@ainhoa_arano	@DeustoarraManu
@ainhoa_arano	@IanireGranados
@ainhoa_arano	@Laira999
@ainhoa_arano	@piratajonkar
@ainhoa_arano	@sabengel4
@ainhoa_arano	@simplicisimus8
@ainhoa_arano	@slvia_martinez
@ainhoa_arano	@spb_tweets
@ainhoa_arano	@Tarratwit
@Ainhoalocariz	@inakimad33
@AinhoaViaD	@GermanGG7
@air3ag	@silviaaznar
@airambala82	@josepescobar
@airllimos	@AriadnaMoreno
@airun_jpg	@aitorpelayo
@aitanagiralt	@Tito_GM
@aitor_aranzabal	@AlbaroAranzabal
@aitor_aranzabal	@Beistegikua
@aitor_aranzabal	@GEDATXABALTA
@aitoralbizua	@marinagdieguez
@aitorbak	@AM_Antolin
@aitorsu69	@Adurjau
@aitortamayo	@Albarroyo
@aitortamayo	@MireiaCarreno
@AitziberSA	@ArantzaZeta
@AitziberSA	@arthurdafis
@AitziberSA	@BernatMajo
@AitziberSA	@branwenbrian
@AitziberSA	@ChesusRoyoTxema
@AitziberSA	@fdbetancor
@AitziberSA	@gina28840
@AitziberSA	@HeluaBilbo
@AitziberSA	@jordi_cardus
@AitziberSA	@jshamcat
@AitziberSA	@manel_lafarga
@AitziberSA	@MeAventuro
@AitziberSA	@miralalluna
@AitziberSA	@modulistic
@AitziberSA	@mstrubell_EN
@AitziberSA	@MyPitit
@AitziberSA	@NahaiaAguado
@AitziberSA	@rhisiartcrowe
@AitziberSA	@tati6464
@AitziberSA	@XabierDurango74
@AitziberSA	@zpetralanda
@Aitzinagazte	@75gorka
@Aitzinagazte	@76amaia
@Aitzinagazte	@Anaizfunosas1
@Aitzinagazte	@AnderSurfing
@Aitzinagazte	@AROSPE_EH
@Aitzinagazte	@axala_n
@Aitzinagazte	@birasuegi
@Aitzinagazte	@djinnnn19999
@Aitzinagazte	@EkhiErremundegi
@Aitzinagazte	@ErrezHil
@Aitzinagazte	@euskal7herri
@Aitzinagazte	@Garikoitzbk
@Aitzinagazte	@GilenGB
@Aitzinagazte	@ideiazabaldu
@Aitzinagazte	@Iurrebidegain
@Aitzinagazte	@josaldaiz
@Aitzinagazte	@JosebaCompains
@Aitzinagazte	@Jow_RS
@Aitzinagazte	@LarraitzOtazo
@Aitzinagazte	@lHardouin5
@Aitzinagazte	@lizeaga
@Aitzinagazte	@Maite_Ubiria
@Aitzinagazte	@MarisaBarrena1
@Aitzinagazte	@montantxo
@Aitzinagazte	@Nertxi
@Aitzinagazte	@SmXfr
@Aitzinagazte	@sorginzar
@Aitzinagazte	@Suagaar
@Aitzinagazte	@txargain
@Aitzinagazte	@ubarrutia
@Aitzinagazte	@ZelaiaDani
@aj_riudebitlles	@ceskfreixas
@aj_riudebitlles	@CUP_Penedes
@aj_riudebitlles	@ds0ms
@aj_riudebitlles	@icuapla
@aj_riudebitlles	@jordiet_19
@aj_riudebitlles	@korne07
@aj_riudebitlles	@marcsolerri
@aj_riudebitlles	@MarcTorrasR
@aj_riudebitlles	@MesPobleCUP
@aj_riudebitlles	@poblacions_cat
@aj_riudebitlles	@tania__pbpc
@AjCMalavella	@JordiPuigdemont
@AjCMalavella	@solemesonero
@AjesusGomez	@Giralda56
@AJGuissona	@LopezCanero
@ajlarapita	@AlbertDuqueBort
@ajlarapita	@albertrrosales
@ajlarapita	@annasans_11
@ajlarapita	@bertaa_15
@ajlarapita	@CBoy13
@ajlarapita	@Cinta78302123
@ajlarapita	@jocolotroco1
@ajlarapita	@JosepCarceller
@ajlarapita	@LoFlamenk
@ajlarapita	@Lrds_MC
@ajlarapita	@m_la_mascara
@ajlarapita	@Mas693
@ajlarapita	@montsepuente
@ajlarapita	@mvfer25
@ajlarapita	@rapitenc
@ajlarapita	@rcornet74
@ajlarapita	@sentuan66
@ajlarapita	@taxitonyo
@ajlarapita	@Txellmc7__
@AJuanico	@Paperoles
@AjuntTorrelameu	@LAltisent
@akafumacienta	@La_Puta_Alemana
@akaxiula	@JossCartwright
@aKollontai	@_DavidBrun
@aKollontai	@76_towanda
@aKollontai	@alessiogarcai
@aKollontai	@Almugbravo
@aKollontai	@Anasalbcn
@aKollontai	@andrei_quintia
@aKollontai	@AnovaCompostela
@aKollontai	@AnovaOurense
@aKollontai	@AnovaPontevedra
@aKollontai	@AnovaVigo
@aKollontai	@atopeuri
@aKollontai	@BrunoCacheda
@aKollontai	@cgrmilla
@aKollontai	@ducamal
@aKollontai	@En_Marea
@aKollontai	@fxtorres
@aKollontai	@IriaMVal
@aKollontai	@lareoperez
@aKollontai	@Leftforever34
@aKollontai	@maria_rzs
@aKollontai	@MariaReferendum
@aKollontai	@mediapinta
@aKollontai	@NinePazG
@aKollontai	@Ofunambulista
@aKollontai	@pabloorf22
@aKollontai	@RosaMar6254
@aKollontai	@s_abuelo
@aKollontai	@somfuncionarios
@aKollontai	@sonjaleja
@aKollontai	@unidos_podemosp
@aKollontai	@Yolandagbravo
@Alambretto	@masfillol
@alauzurika	@AxelP1002
@Alba_1985	@RobertoScolla
@alba_roig	@CristinaDivi
@alba_roig	@La_Fillol
@alba_roig	@mxpijoan
@alba_roig	@XaviGasso
@Albabr9	@eiacosta
@albacorazonegro	@DaniP1924
@albacorazonegro	@G_Kontx
@albacorazonegro	@KrisLeunketa
@albacorazonegro	@QSTOYQUEMAO
@albacorazonegro	@Sergio25_1995
@albadomter	@JPerezMA_85
@albafk	@AnnaMendezM
@albafontbarnet	@CalafellRadio
@albafontbarnet	@xmartinezvidal
@albafores	@alvarprocess
@albafores	@angelmesado
@albafores	@coupscentric
@albafores	@ezekiel
@albafores	@gemmaadell
@albafores	@mezzomags
@albafores	@paperopinguino
@albafores	@QuemadoALoBonzo
@albafores	@roger_gascon
@albamielgo_23	@Carlahc9
@AlbaPinto4	@annamulero
@AlberRom	@scrahallia
@albert_ribas	@mfabrego
@albertcivit	@IgnasiGrauRoca
@albertcivit	@mrs_divas
@albertdelavarga	@FIDOBEAT
@albertdelavarga	@otdelavargaib
@AlbertFarrerons	@ACM1995CHA
@AlbertFarrerons	@Caperuzotaroja
@AlbertFarrerons	@chicgibson
@AlbertFarrerons	@HHelenaderksen
@AlbertFarrerons	@jddundee
@AlbertFarrerons	@KirsteinRummery
@AlbertFarrerons	@MarioAlbertRios
@AlbertFarrerons	@niallbtwit
@AlbertFarrerons	@troothmonstah
@AlbertFarrerons	@w_nicht
@AlbertFBosch	@nouss
@AlbertGuillamet	@fcapdevilab
@albertjt85	@JuncaDavid
@AlbertLaGarriga	@GarrigaDigital
@AlbertLaGarriga	@JaumeMeneses
@AlbertLaGarriga	@NriaOrtega1
@AlbertMT_8	@gguell
@Alberto__RG	@fuentemedina1
@Alberto_RX782	@Oberon_Kishin
@AlbertoDelJoven	@NoaGonzalezS
@AlbertoMartin_	@__flordeamapola
@AlbertoMartin_	@_BTSforlifeu_
@AlbertoMartin_	@13Polapa
@AlbertoMartin_	@40d35ee7de98448
@AlbertoMartin_	@45741d28ff294e4
@AlbertoMartin_	@A_Bretodeau
@AlbertoMartin_	@adrian_teruel_
@AlbertoMartin_	@albertics95
@AlbertoMartin_	@Alexlucena20
@AlbertoMartin_	@AlmudarraSalah
@AlbertoMartin_	@altoramirez
@AlbertoMartin_	@AnguitaPaz
@AlbertoMartin_	@AnnaSoy1
@AlbertoMartin_	@Arck23
@AlbertoMartin_	@ariadnadiaz1
@AlbertoMartin_	@arq_carlosjael
@AlbertoMartin_	@Azelais_Olga
@AlbertoMartin_	@bbalboabernat
@AlbertoMartin_	@blancadakini
@AlbertoMartin_	@btsarmysp
@AlbertoMartin_	@calogero46
@AlbertoMartin_	@Caminantlanit
@AlbertoMartin_	@ceppdi
@AlbertoMartin_	@cfogemelosbilbo
@AlbertoMartin_	@ChantalGaibor
@AlbertoMartin_	@ClaraOdena
@AlbertoMartin_	@Cobiitoornah
@AlbertoMartin_	@cristinamgome14
@AlbertoMartin_	@Croquetilla3000
@AlbertoMartin_	@cryptoparrot
@AlbertoMartin_	@daniel_molins
@AlbertoMartin_	@Darrenscito
@AlbertoMartin_	@david150st
@AlbertoMartin_	@Davidkaufmann16
@AlbertoMartin_	@Davidmixos
@AlbertoMartin_	@diegigiron
@AlbertoMartin_	@Elennapc
@AlbertoMartin_	@elimay79
@AlbertoMartin_	@EmmaSolbes
@AlbertoMartin_	@endikamartinez
@AlbertoMartin_	@enric18488
@AlbertoMartin_	@enriccortinhas
@AlbertoMartin_	@erisnotabook
@AlbertoMartin_	@erreala66
@AlbertoMartin_	@esteeer_mr
@AlbertoMartin_	@fargofova
@AlbertoMartin_	@FedeDabat
@AlbertoMartin_	@FierrorCarla
@AlbertoMartin_	@GagoKattalin
@AlbertoMartin_	@Gamero65
@AlbertoMartin_	@gatvolador
@AlbertoMartin_	@Han17102003
@AlbertoMartin_	@iargentep
@AlbertoMartin_	@Ibiltari3
@AlbertoMartin_	@idrojne
@AlbertoMartin_	@isa19jj1
@AlbertoMartin_	@isfi12
@AlbertoMartin_	@jaume10sabria
@AlbertoMartin_	@jimxnzzzcarls
@AlbertoMartin_	@Jonionchips
@AlbertoMartin_	@jordimarmol
@AlbertoMartin_	@josemanuelbote
@AlbertoMartin_	@juanbilbo
@AlbertoMartin_	@JuancaSharingan
@AlbertoMartin_	@kronen0701
@AlbertoMartin_	@Kxnxko
@AlbertoMartin_	@La__Vida__
@AlbertoMartin_	@lacaixeta
@AlbertoMartin_	@LARRY_ALVAREZ
@AlbertoMartin_	@llumisart
@AlbertoMartin_	@LordLiuMegi
@AlbertoMartin_	@MaiteHeras
@AlbertoMartin_	@marcelobeltrand
@AlbertoMartin_	@marcsolerri
@AlbertoMartin_	@marina_tusell
@AlbertoMartin_	@MartinRuijmgaar
@AlbertoMartin_	@maybel65
@AlbertoMartin_	@mbatet
@AlbertoMartin_	@Melon_dramatico
@AlbertoMartin_	@mire__kld
@AlbertoMartin_	@moreno_lili
@AlbertoMartin_	@motsmuts
@AlbertoMartin_	@MYMALYKA
@AlbertoMartin_	@N_Saladrigas
@AlbertoMartin_	@narutoblas14
@AlbertoMartin_	@NayLallaNavarro
@AlbertoMartin_	@Nigatsu13
@AlbertoMartin_	@Nilaura_Horan
@AlbertoMartin_	@Ninisawa2
@AlbertoMartin_	@noravehi
@AlbertoMartin_	@nuritis_
@AlbertoMartin_	@oceansofcats
@AlbertoMartin_	@OhneHxrz
@AlbertoMartin_	@PatriciaMln
@AlbertoMartin_	@Paulapattata
@AlbertoMartin_	@pausantos10
@AlbertoMartin_	@PC40kg
@AlbertoMartin_	@pedrojimenezsal
@AlbertoMartin_	@Pulidobatido
@AlbertoMartin_	@PutoNeurotico
@AlbertoMartin_	@RafecasRuben
@AlbertoMartin_	@rfabregues
@AlbertoMartin_	@RoselloCristian
@AlbertoMartin_	@RoserPera
@AlbertoMartin_	@Roy_Backwards
@AlbertoMartin_	@rsimonp
@AlbertoMartin_	@sabeacalamares
@AlbertoMartin_	@salarconaraya
@AlbertoMartin_	@SeijuroSGD
@AlbertoMartin_	@sergih123
@AlbertoMartin_	@Sergilg23
@AlbertoMartin_	@SergioGracia12
@AlbertoMartin_	@SescPJ
@AlbertoMartin_	@Siket367
@AlbertoMartin_	@SilviaCipres
@AlbertoMartin_	@sisterna_marta
@AlbertoMartin_	@soketesnegros
@AlbertoMartin_	@SoloDiegoF
@AlbertoMartin_	@Soniko_Athletic
@AlbertoMartin_	@teixidor_m
@AlbertoMartin_	@tfrvv_
@AlbertoMartin_	@TheSuperK9
@AlbertoMartin_	@TurkuLoser100
@AlbertoMartin_	@twitmrc
@AlbertoMartin_	@VallsMorn
@AlbertoMartin_	@veganpassenger
@AlbertoMartin_	@victoriabbotey
@AlbertoMartin_	@villarele
@AlbertoMartin_	@webDOCC
@AlbertoMartin_	@xavi_g_acosta
@AlbertoMartin_	@Y0s0y1nv13rn0
@AlbertoMartin_	@yessgrom
@albertortas	@PilarSerranoO
@albertriverof	@albertkivits
@albertriverof	@gry35
@albertriverof	@Manuel_Ghezzi
@albertriverof	@simonefeder
@albertsecall	@Irenembru
@albertsfx	@albertplana
@albertsfx	@DiegoJure
@albertsfx	@ElComu_menos
@AlbertSureda74	@mikiduch
@albouzas	@mariasolbs
@alcarazpp	@cortabigotes
@alcarazpp	@ElComu_menos
@alcarazpp	@EvhVico
@Aleix_Sensei	@ripolletonvotar
@aleixaguilera	@alliomack
@aleixaguilera	@CostaBravaToday
@aleixaguilera	@danijmeyer
@aleixaguilera	@DavidVerdu1
@aleixaguilera	@ibanbdn
@aleixaguilera	@jaumesol
@aleixaguilera	@scarribera
@aleixaguilera	@spika59
@aleixaguilera	@vallsjordi
@aleixbs	@adamjones416
@aleixbs	@GhBesan
@aleixbs	@hamzehSays
@aleixbs	@InglisDeb
@aleixbs	@Jomanaahh
@aleixbs	@stranki
@AleixErra	@roger79rgr
@AleixKampa	@ivanfc77
@alejcoru	@79Ruthy
@alejcoru	@anaruro63
@alejcoru	@Dacoru84
@alejcoru	@dessivf
@AlessandraLoFi	@niluspc
@alex_batlles	@julve_t
@alex_gzlez	@acpuig9
@alex_gzlez	@gonzlez_maite
@alex_gzlez	@korromputs
@alex_gzlez	@pararteapensar
@Alex_Mitja	@CristinaNilga
@Alex_zr97	@MeAventuro
@Alex_zr97	@moriyakari
@Alex505GLD	@NavarroDolors
@alexandradalmau	@Izky77
@alexandradalmau	@JC_MUC
@AlexisMayet	@493RG
@AlexisMayet	@LeDiogene
@AlexisMayet	@Patriologue
@alexmiquel	@Albert_44062
@alexmiquel	@aracegea
@alexmiquel	@Joansaderra
@alexmiquel	@met_cat
@alexmiquel	@SolerBatalla
@alexmiquel	@Xavi_Suke
@alexpersan26	@MariaReferendum
@alexresta	@doctor_fu
@alexresta	@LauraLazaroG
@alexresta	@pedro_esteban
@alexsastre83	@ANocete
@AlexTreIz	@enrictremps
@AlfonsCanela	@alexmercade
@AlfonsCanela	@mezzomags
@alfonsrm	@edu_solxev
@alfonsrm	@Guscarrascotfe
@alfonsrm	@mbernadich
@alfonsrm	@ZEEUSACSGO
@AlfredBosch	@ERC_LesCorts
@alfredms_cat	@moriyakari
@alfredms_cat	@vlasec_ciotto
@AlfreElgezabal	@JuancaSharingan
@AlfreSevillano	@veruskia29
@AliceVickery	@14Quatorze
@AliCologne	@_JennyGER_
@AliCologne	@1996Zamir
@AliCologne	@21lilriri
@AliCologne	@AchimW
@AliCologne	@agenturi
@AliCologne	@alexanderwitzk
@AliCologne	@andrescortega46
@AliCologne	@andresfifa10
@AliCologne	@ArnoldSchiller
@AliCologne	@AufreiterB
@AliCologne	@AutorSvenHensel
@AliCologne	@Aviva___
@AliCologne	@banjer1234
@AliCologne	@batbihiruu
@AliCologne	@batmamsel
@AliCologne	@berlinerborusse
@AliCologne	@BlackVelvet_77
@AliCologne	@Bloetzinn
@AliCologne	@bosphorus_x
@AliCologne	@BrigadoomDE
@AliCologne	@Buerzl
@AliCologne	@BuranRudolf
@AliCologne	@carlvm2002
@AliCologne	@Carri_Cat
@AliCologne	@castillotrumpet
@AliCologne	@CM2111
@AliCologne	@D26082714
@AliCologne	@daika04
@AliCologne	@deHamsta
@AliCologne	@Denkweib
@AliCologne	@Diddius_
@AliCologne	@EbnerGeorg
@AliCologne	@EllaEichhorst
@AliCologne	@Elsterglanz09
@AliCologne	@ErikaNatze
@AliCologne	@eternaldelenax
@AliCologne	@Fein_Freigeist
@AliCologne	@FeinerLumpi
@AliCologne	@Finariel
@AliCologne	@FlatRateJokes
@AliCologne	@Gegengift2017
@AliCologne	@Gelbkopfamazone
@AliCologne	@GiKi56534206
@AliCologne	@Harald70199
@AliCologne	@HenkRapido
@AliCologne	@Herr_Bert_1
@AliCologne	@Herzhund
@AliCologne	@itsmertde
@AliCologne	@jannik931
@AliCologne	@jaquearnoux
@AliCologne	@Jedermanndenkt
@AliCologne	@JoseGa_RJ
@AliCologne	@JuditPeVa
@AliCologne	@JuliLiest
@AliCologne	@JungeBlock
@AliCologne	@katharina1983
@AliCologne	@kinderpsych
@AliCologne	@Knight__Jedi
@AliCologne	@Kraeuselhirn
@AliCologne	@l_sauerwald
@AliCologne	@lalalalabumble
@AliCologne	@lasdiaz24
@AliCologne	@Laudewig
@AliCologne	@Layp993
@AliCologne	@LC180666
@AliCologne	@Leonreas
@AliCologne	@Leviathana
@AliCologne	@lord_of_dune
@AliCologne	@maria_busque
@AliCologne	@Marion_1810
@AliCologne	@MarvinZummersch
@AliCologne	@MCV1811
@AliCologne	@Medianox74
@AliCologne	@medick_wolfgang
@AliCologne	@minxM
@AliCologne	@mistadangee
@AliCologne	@MusicHistoryLaw
@AliCologne	@NatzeSupernatrl
@AliCologne	@NetReaper
@AliCologne	@nichtvermietbar
@AliCologne	@olafalo1
@AliCologne	@Olaindeach
@AliCologne	@OpeDome
@AliCologne	@PaintedLuck
@AliCologne	@peha1910
@AliCologne	@petramaxima
@AliCologne	@Piepmatsu
@AliCologne	@PopuluSuperanus
@AliCologne	@praiaberlin123
@AliCologne	@pstsss44
@AliCologne	@Rainer42
@AliCologne	@RainerSteinke
@AliCologne	@RalfWersten
@AliCologne	@RichardSteidel
@AliCologne	@rockitmen2014
@AliCologne	@run_Ghoul_exe
@AliCologne	@Sackhaarfrisur
@AliCologne	@SarahBerToLon
@AliCologne	@SBecker512
@AliCologne	@Schmiddl_HH
@AliCologne	@SciteCito
@AliCologne	@smonicats
@AliCologne	@SonjaLerkow
@AliCologne	@SonogramaMGZN
@AliCologne	@Spockycat
@AliCologne	@stefanulrich56
@AliCologne	@steffanberlin
@AliCologne	@SticklerMoritz
@AliCologne	@Thomas127001
@AliCologne	@Tinimaus1110
@AliCologne	@tomkoehler252
@AliCologne	@troeti08
@AliCologne	@tupolev
@AliCologne	@Valandir
@AliCologne	@Walter29340877
@AliCologne	@williw01
@AliCologne	@Wolfszahn89
@AliCologne	@Wulf2015GER
@AliCologne	@xesus
@AliCologne	@yigiter38
@AliCologne	@yoga_and_more
@AliCologne	@zensurkontrolle
@alide_gps	@sergicarmo
@alis_cb	@lugarignoto
@aliveintripping	@gloria_vilella
@alliomack	@wfseabrook
@Almogaten	@Geek_Neko
@Almogaten	@lenagali
@Almogaten	@oscarcv84
@almotuit	@AcampadaMordaza
@almotuit	@azukikiyo
@almotuit	@dolorsrevu
@almotuit	@LaiaAdler
@almotuit	@MeinciMedia
@almotuit	@rb_roi
@almotuit	@StopMordazas
@almotuit	@Vanee_R_J
@almotuit	@xdemocradirecta
@almotuit	@zai_gal
@alonso_jordi	@ANClallagosta
@altarribaari	@crxstinatorras
@altarribaari	@martics99
@altarribaari	@qrierag
@alto_policia	@_Reiko24_
@alto_policia	@abelrecio
@alto_policia	@alejandroaamore
@alto_policia	@Andreamajorera
@alto_policia	@Berserk24490143
@alto_policia	@boupablo
@alto_policia	@cgv93
@alto_policia	@d1v9dR
@alto_policia	@Estratos81
@alto_policia	@garezbale
@alto_policia	@golfcharlie123
@alto_policia	@ielowsubmarin
@alto_policia	@JGCSpain83
@alto_policia	@JoseMaria__LG
@alto_policia	@juangus26
@alto_policia	@lolapichardo10
@alto_policia	@Loubyee
@alto_policia	@M4rySand
@alto_policia	@majuelos76
@alto_policia	@ManuelAlejBaez
@alto_policia	@Mondejar1997
@alto_policia	@soyqvic
@alto_policia	@vocalgor
@altocg	@mborrasc
@AlvaghCronin	@reecapie
@alvaroleon_17	@LPieceofart
@AlvaroMin	@Defarge1789
@AlvaroMin	@EconoCabreado
@AlvaroMin	@lventnousporte
@amaia_ocerin	@_Irenemazaira_
@amaia_ocerin	@CarlesCompanyZ
@amaia_ocerin	@Chadevereux
@amaia_ocerin	@gemmarojo
@amaia_ocerin	@GPdMG
@amaia_ocerin	@ielowsubmarin
@amaia_ocerin	@izaskunllona
@amaia_ocerin	@joneunzueta
@amaia_ocerin	@MariadelRioS
@amaia_ocerin	@zuhaitz77
@Amarokian	@montserrat157
@ambaff9	@gali_mireia
@ambaff9	@joanramom31
@ambaff9	@mabv086
@ambbicicleta	@rabalimu
@amercade	@Marcel_Wallace
@aminahekmet	@arnaudeivissa
@aminahekmet	@arnaumanyosa
@aminahekmet	@gorkkol
@aminahekmet	@gorribeltz
@aminahekmet	@iLoveKurds
@aminahekmet	@JBS231175
@aminahekmet	@martiadroher
@aminahekmet	@mirzaferat
@aminahekmet	@MontseEstruch
@aminahekmet	@otroladrillomas
@aminahekmet	@perezlozano
@aminahekmet	@saraluna132
@aminahekmet	@Taniarriaga
@aminahekmet	@Voldtony
@aminahekmet	@Xiquein
@amirabal10	@ANC_Reus
@amp_tokio_blues	@Jpg00000G
@Anarisd	@airambala82
@Anarisd	@wiky73
@AnBM23	@AnissaOunia
@AnBM23	@fcr501
@AnBM23	@jovull_
@AnBM23	@MariMoliner
@AnBM23	@nataliamode
@AnBM23	@perjj
@AnBM23	@PIJOAPARTEMARSE
@AnBM23	@quim316
@AnBM23	@satanachisthell
@AnBM23	@zeppelins1988
@ANC_Bombers	@_Foraster_
@ANC_Bombers	@_LokilloZ
@ANC_Bombers	@_RaquelJimenez
@ANC_Bombers	@1714somiserem
@ANC_Bombers	@Aburridillo
@ANC_Bombers	@acrossthebreeze
@ANC_Bombers	@adriana_chikiti
@ANC_Bombers	@ainaivern
@ANC_Bombers	@AitziberEst
@ANC_Bombers	@alainjefe77
@ANC_Bombers	@albertmiflo
@ANC_Bombers	@Alfredmugu
@ANC_Bombers	@alliomack
@ANC_Bombers	@alrega79
@ANC_Bombers	@angelomiotto
@ANC_Bombers	@antoniacastilla
@ANC_Bombers	@AntunezNgel
@ANC_Bombers	@arantxa_roig95
@ANC_Bombers	@Arnau137
@ANC_Bombers	@Ashi_Wolf_
@ANC_Bombers	@Bernayy
@ANC_Bombers	@brutaken
@ANC_Bombers	@carolineka21
@ANC_Bombers	@carrasco_ainhoa
@ANC_Bombers	@CatasusAina
@ANC_Bombers	@CBallester
@ANC_Bombers	@cfrd1909cat
@ANC_Bombers	@Charmander_ABRA
@ANC_Bombers	@Chicaspiernas
@ANC_Bombers	@clara_hui
@ANC_Bombers	@CMontielSolis
@ANC_Bombers	@CrazyMoai
@ANC_Bombers	@ctxdom
@ANC_Bombers	@daesga
@ANC_Bombers	@darkravenblue
@ANC_Bombers	@DeSaragonzalez
@ANC_Bombers	@desferr
@ANC_Bombers	@dolsalaia
@ANC_Bombers	@dona_invisible
@ANC_Bombers	@driesvanderveen
@ANC_Bombers	@EAngues
@ANC_Bombers	@electrickernel
@ANC_Bombers	@eloi_SB
@ANC_Bombers	@EmmaBP86
@ANC_Bombers	@EnriqueagutKike
@ANC_Bombers	@Esthher1973
@ANC_Bombers	@esvai
@ANC_Bombers	@etrabado
@ANC_Bombers	@eulaliasolec
@ANC_Bombers	@Evacorredoira
@ANC_Bombers	@Farenheit_451_
@ANC_Bombers	@ferrer_marc
@ANC_Bombers	@Ffion11
@ANC_Bombers	@franchy_13
@ANC_Bombers	@Gata_negra93
@ANC_Bombers	@gatubella89
@ANC_Bombers	@gemauma
@ANC_Bombers	@gemma_altarriba
@ANC_Bombers	@gemmafrost19
@ANC_Bombers	@glorialbareda
@ANC_Bombers	@gorkasato
@ANC_Bombers	@hegoikaballero3
@ANC_Bombers	@hquinzelxxx
@ANC_Bombers	@IOARIZOS77
@ANC_Bombers	@Iraiaxlandaluze
@ANC_Bombers	@isernfrancesc
@ANC_Bombers	@istharCaT
@ANC_Bombers	@Iturbe_pedro
@ANC_Bombers	@IzaskunArandia
@ANC_Bombers	@JavierMarin3
@ANC_Bombers	@JoanVera1160
@ANC_Bombers	@JoelFradera
@ANC_Bombers	@Jonhytos
@ANC_Bombers	@jordisusany
@ANC_Bombers	@jose_alcibar
@ANC_Bombers	@JosepEscude
@ANC_Bombers	@josepmariaserra
@ANC_Bombers	@josepsancho7
@ANC_Bombers	@JRVdGracia
@ANC_Bombers	@Juanal_47
@ANC_Bombers	@JuliaCambra
@ANC_Bombers	@JuliaMalatesta2
@ANC_Bombers	@junagrey
@ANC_Bombers	@kaira_cat
@ANC_Bombers	@KatedeHcB
@ANC_Bombers	@LaiaAuryner
@ANC_Bombers	@latiadelhatxa
@ANC_Bombers	@LaTiger1
@ANC_Bombers	@Laura_pimpi
@ANC_Bombers	@lcaramelos23
@ANC_Bombers	@lietuba
@ANC_Bombers	@Lluc84
@ANC_Bombers	@loCarranquer
@ANC_Bombers	@M_Aseret
@ANC_Bombers	@maesys
@ANC_Bombers	@MariaBoschBou
@ANC_Bombers	@marianadimont
@ANC_Bombers	@marinanutshell
@ANC_Bombers	@Merinsn4
@ANC_Bombers	@metinniki
@ANC_Bombers	@mianarquia13
@ANC_Bombers	@MikuDeOz
@ANC_Bombers	@miquelpuig95
@ANC_Bombers	@mireia_vinals
@ANC_Bombers	@mireiaMBM
@ANC_Bombers	@miriamesque9
@ANC_Bombers	@Mmaugust16
@ANC_Bombers	@mmorphd
@ANC_Bombers	@monicafaan
@ANC_Bombers	@Montserratesben
@ANC_Bombers	@mujermaravillxs
@ANC_Bombers	@MZaleras97
@ANC_Bombers	@Nane_nanemusic
@ANC_Bombers	@naturadecapsdde
@ANC_Bombers	@nereatxo2
@ANC_Bombers	@nereida_edo
@ANC_Bombers	@nes_ggmm
@ANC_Bombers	@NilRomagosa
@ANC_Bombers	@Nuhude
@ANC_Bombers	@octobriana1917
@ANC_Bombers	@oilcata
@ANC_Bombers	@Oriolsastrot
@ANC_Bombers	@OscarCat1976
@ANC_Bombers	@patri_ani
@ANC_Bombers	@pau_jordi
@ANC_Bombers	@PauManentGrau
@ANC_Bombers	@pepipussa
@ANC_Bombers	@PepSole19
@ANC_Bombers	@PetitK2
@ANC_Bombers	@RandomUserN38
@ANC_Bombers	@rauldominguezji
@ANC_Bombers	@RogerRovira91
@ANC_Bombers	@RomenAlvarado
@ANC_Bombers	@Roquebcn
@ANC_Bombers	@rpmsat
@ANC_Bombers	@RTxapeldun
@ANC_Bombers	@S_power_girl
@ANC_Bombers	@SaraAntoniazzi
@ANC_Bombers	@Sergi5555
@ANC_Bombers	@SergioGarcia94
@ANC_Bombers	@sergygalas
@ANC_Bombers	@Sintueldlagorra
@ANC_Bombers	@Skallaring
@ANC_Bombers	@slavignotte
@ANC_Bombers	@Sofalein__
@ANC_Bombers	@solilluna1
@ANC_Bombers	@Solsmn
@ANC_Bombers	@SrLluisTomas
@ANC_Bombers	@SrMurlock
@ANC_Bombers	@Ssuneb
@ANC_Bombers	@ThunderGasteiz
@ANC_Bombers	@twighard
@ANC_Bombers	@vv_1992
@ANC_Bombers	@WalterBadia
@ANC_Bombers	@x_cmlleri
@ANC_Bombers	@xalarcon1977
@ANC_Bombers	@xava_99
@ANC_Bombers	@yoguiserres
@ANC_Bombers	@YolCB
@ANC_Bombers	@zigorbengoa
@anc_polska	@Marina_Lysberg
@ANC_SHS	@isaac1842
@anc_vdm	@joppcc
@anc_vdm	@miquel303marti
@ANC_Vilaplana	@jomateu66
@ANCsantsadurni	@AmadorAmatores
@ANCsantsadurni	@infosantsadurni
@ANCtarrega	@atzori_piero
@ANCTordera	@ancpremiademar
@ANCViladecans	@MontseJF
@AndeeCingolani	@AriRodrigo
@andercius	@Kanaxu7
@anderges	@cuni_laura
@anderges	@puigvert7
@andhwang	@aalexandrapc
@andhwang	@drumcodeuk
@andhwang	@erikitin1
@AndoniEgia	@agara
@AndoniEgia	@vlacarra
@andreaa_aa	@NiaCabani
@AndreaAriet	@martaglz_
@andreaolivem	@Sherlockain
@andreaporta10	@laiacastilla21
@andreaporta10	@Riki_hz96
@AndreaRShawty	@MarcLesan
@AndreaSouto_	@blanchee94
@AndreJeca	@aaronoltr1906
@andresPSN	@AfricaInBeige
@andresPSN	@asyuste
@andresPSN	@athalbert
@andresPSN	@BarcelonaGlides
@andresPSN	@DonSindulfo
@andresPSN	@Gargotejant
@andresPSN	@Master_Kehos
@andresPSN	@PartageSolidar
@andresPSN	@pmartinezdiaz
@andresPSN	@SQPinM
@andresPSN	@whitewalker55
@andrestofe	@Beckss76
@andrestofe	@lurdesbf
@andrestofe	@sergidoco
@andreu_cat	@RosaVila14
@Andreu_Torres	@elteucrit_
@Andreu_Torres	@estevetoru
@Andreu_Torres	@joan_vcf
@andreumegias	@ciogarangou
@andreumfc	@Domikuu
@andrewcorreia21	@koco_jr
@Anemorren	@andatirui
@Angel_SBD_	@ElComu_menos
@AngelitaSwaqer	@ramirezandrer
@angelplanas	@cocovermallorca
@Angelschc	@scastrobay
@angelsmcastells	@BielSamso
@angelsmcastells	@Chavela2710
@angelsmcastells	@chitinas
@angelsmcastells	@ChusZ
@angelsmcastells	@DavidLTroscano
@angelsmcastells	@DunDanDawn
@angelsmcastells	@fernandojgf
@angelsmcastells	@gorkkol
@angelsmcastells	@jmourellev
@angelsmcastells	@Maixant
@angelsmcastells	@morestel
@angelsmcastells	@nostalgiabcn
@angelsmcastells	@pep_cabrera
@angelsmcastells	@podem_cat
@angelsmcastells	@RebecaMoscote
@angelsmcastells	@rosamariaartal
@angelsmcastells	@rosamarisanz
@angelsmcastells	@sack_am
@angelsmcastells	@saguntvalencia
@angelsmcastells	@SubmarinoP
@angelsmcastells	@SumaBLlobregat
@angelsmcastells	@SusanaGustems
@angelsoteras	@EstherR91714625
@angelsoteras	@jausoldcape
@angelsoteras	@svivesalari
@anglesenxarxa	@commuLaSelva
@anglesenxarxa	@EvaBoschR
@anianelna	@JosPLOliveira
@anianelna	@noemirinda
@anibalmeltor	@paperopinguino
@Anigroegbo	@car_gar_cadiz
@Anigroegbo	@klau_pfi
@anna_arque	@allanukscotland
@anna_arque	@Artstewo
@anna_arque	@ElleDeer88
@anna_arque	@lastronge
@anna_arque	@Rampantredlion1
@anna_arque	@SeumasEoin
@anna_boltanya	@renover2004
@anna_canyelles	@EllaFlames
@Anna_Madmas	@kutubo
@Anna_maga	@SantCugatencs
@anna_mesas	@CATJRD
@anna_montull	@giulia_campa
@anna_montull	@SantCugatencs
@anna_vila	@CarlesEspadas
@annaAR6	@95_psk
@annaAR6	@jjcabu
@annaAR6	@jpuigdellivol
@AnnaChumillas	@OrpiNuria
@AnnaChumillas	@pau_ramon
@AnnaChumillas	@RCubelles
@annacompes	@GerardMartIsern
@AnnaCosso	@mgareta
@AnnaGonzalez_2	@mmoli588
@AnnaJolonch	@jllisterri
@AnnaMajs	@JannaEsteve
@AnnaRever	@carlesmonclus
@AnnaRever	@I_MM_bcn
@AnnaRever	@PereKlvet
@AnnaRever	@SaidaCasanova
@annasoler_	@JBorralle
@AnnaZamoraSala	@joanvamas
@AnnaZamoraSala	@ManuelCantador
@AnnCff	@albetha15
@annelafitte	@CamacaroMa
@annelafitte	@FerAlgaba
@annelafitte	@Luismoralb
@annelafitte	@norlisss
@annelafitte	@rrosellm
@annetxuwilo	@dealaitz6
@annikarrasco	@dani_dme
@annikarrasco	@dkluck105
@annikarrasco	@ijmartin77
@annikarrasco	@Ju_ssica
@annikarrasco	@mar_bono
@annikarrasco	@Mcferry
@annikarrasco	@mi_estrella_
@annikarrasco	@OlivierMerkel
@annikarrasco	@Piula12
@annnnst	@mfarres15
@anovagal	@MLRiveiro
@anovagal	@Tizmen
@AnsiCC	@aurelibnf
@anti_persona	@lastsipofgin
@anti_persona	@RoMendivil
@AntifaOstia	@FIORFIL
@antonibotelle	@plateao
@antonibotelle	@SanJoan
@antonigarridomu	@pcalopa
@antonirubio	@XGen26
@AOJ	@_MiquelL_
@APartenos	@astebras
@APartenos	@bngsada
@APartenos	@CyrusL0L
@APartenos	@galego_anonimo
@APartenos	@mariasolbs
@APartenos	@mgsgaliza
@APartenos	@Outes
@APartenos	@pedraluagz
@APartenos	@riotgxrrl
@APartenos	@XMriel
@apereirasole	@jordi_cc
@apereirasole	@sianious
@AppleBlue2003	@hector_28em
@APuigde_	@danaheruiz
@APuigde_	@edanius
@APuigde_	@Juliatwitte
@APuigde_	@loo__r
@APuigde_	@m_remei
@APuigde_	@MariaReferendum
@APuigde_	@mariona_uv
@APuigde_	@RDPfleger
@APuigde_	@sarasusann
@APuigde_	@silviamg1983
@APuigde_	@twitemp1
@ARA_fotografia	@gkmph
@araghunde	@AndreaJueguen
@aramoia	@comarca42ena
@araomai	@_CameronMoy
@araomai	@Almogaten
@araomai	@AranAlonso
@araomai	@BadiaNeus
@araomai	@CorreoTorreon
@araomai	@COSTAMARTA10
@araomai	@cristinaoriol
@araomai	@DarkcVader
@araomai	@domenech_lluis
@araomai	@dpastorbcn
@araomai	@fursiu
@araomai	@Gisela_90
@araomai	@immacc78
@araomai	@IndepesSi
@araomai	@inuksuk001
@araomai	@jaume_sbar
@araomai	@jaumetenko
@araomai	@jordi63p
@araomai	@JosepRuaix
@araomai	@Joss_F17
@araomai	@jvalcarce
@araomai	@jvilach
@araomai	@kiwipocfet
@araomai	@La_Coronela_
@araomai	@llorenc1899
@araomai	@lluispv
@araomai	@lluisrossell
@araomai	@maria_rafols
@araomai	@Morinasan
@araomai	@NievesKahlo
@araomai	@ParawhorePride
@araomai	@s0msirem
@araomai	@sergirocabatllo
@araomai	@Sirereta
@araomai	@UlissesXX
@araomai	@unilateralcat
@araomai	@vullvotarja
@araomai	@Wittgenstein_jm
@arare73	@blackinnia
@arare73	@tropocolo
@arbucies	@agvendrell_c
@arbucies	@Bronsk68
@arbucies	@COPU1972
@arbucies	@Cortyar55
@arbucies	@dani_urdas
@arbucies	@DiddyFF
@arbucies	@enricfolch1
@arbucies	@joxeanek
@arbucies	@juditpujado
@arbucies	@mercecomin
@arbucies	@SalvatXavi
@arbucies	@TheMost2002
@areitio96	@27Muru
@areitio96	@DianaGDKO
@areitio96	@euzkogaztedi
@areitio96	@GEgizabal
@areitio96	@nerepi26
@argia	@araigo05
@argia	@bilbotronik
@argia	@enerojo
@argia	@G_Kontx
@argia	@isiribas
@argia	@julenorbea_
@argia	@lagranjadenpete
@argia	@oihaneemg
@argia	@urkoapaolaza
@argia	@Xavier18051963
@ariadna_aga	@GusBracchi
@ariadna_aga	@mmargalef
@ariadna1599	@evaguty73
@ariadnaa_05	@AnnaFoguet
@AriadnaAlbors	@THX113812
@ariadnabv_	@carlesbenet
@ariadnabv_	@CDRHG7
@ariadnabv_	@CMisler
@ariadnabv_	@GiCamps
@ariadnabv_	@magdacusi
@ariadnaplana	@AlexLVBS
@ariadnaplana	@rinxolets
@ariadnarmasia	@albertrrosales
@ariadnarmasia	@Lrds_MC
@AriadnaSeydoux	@Marta_Mena12
@ariartna	@Eldawyn
@AriRodrigo	@clodostudioisot
@AriRodrigo	@slavignotte
@ariverbanks	@StephanieMarko
@ariviri27	@Alexiacc9
@ariviri27	@gironamola
@arnau_mj	@_LauraCosta_
@arnau87	@lau__c
@ArnauOliver	@ArnauOliver
@ArnauOliver	@elvilelvo
@ArnauRatia	@capidanMar
@arnauvidal5	@___Batmous___
@arnauvidal5	@__crjs
@arnauvidal5	@_ahmedalluqmani
@arnauvidal5	@_angelinos
@arnauvidal5	@_angeljames
@arnauvidal5	@_ericagarciia
@arnauvidal5	@_John_Smith1967
@arnauvidal5	@_naiif10
@arnauvidal5	@_womjauregui
@arnauvidal5	@7ndal
@arnauvidal5	@Abooo0oood16
@arnauvidal5	@AHaripo
@arnauvidal5	@alba12299
@arnauvidal5	@Albertkrru
@arnauvidal5	@AlbertPuey
@arnauvidal5	@AlejoAKAtiby
@arnauvidal5	@AlessioRiccio
@arnauvidal5	@ALizziehow33
@arnauvidal5	@allaair
@arnauvidal5	@Amar_Carian
@arnauvidal5	@Amd99_
@arnauvidal5	@amenstani
@arnauvidal5	@amooor999999999
@arnauvidal5	@andreas_aich
@arnauvidal5	@anji_smith
@arnauvidal5	@AnnaSalvador5
@arnauvidal5	@APDZlaw
@arnauvidal5	@aureliusmind
@arnauvidal5	@ayemait
@arnauvidal5	@Bader_Al_Malki
@arnauvidal5	@bakhall
@arnauvidal5	@bangorsinnfein
@arnauvidal5	@BaraKilic
@arnauvidal5	@belgestousegaux
@arnauvidal5	@berghofer
@arnauvidal5	@BernyKB
@arnauvidal5	@BeterNRE
@arnauvidal5	@Biermeisterrr
@arnauvidal5	@BigGsaysYes
@arnauvidal5	@bigou31
@arnauvidal5	@bilphotograph
@arnauvidal5	@Blublublaise
@arnauvidal5	@BrianPix042
@arnauvidal5	@Bronac7
@arnauvidal5	@BypoletegpHD
@arnauvidal5	@cakiebutbut
@arnauvidal5	@CaptDaddyPuppy
@arnauvidal5	@CarlesSerrato
@arnauvidal5	@carpentier_yan
@arnauvidal5	@catto67
@arnauvidal5	@CdLutetia
@arnauvidal5	@ChantalGaibor
@arnauvidal5	@ChriLeblanc
@arnauvidal5	@citroncool
@arnauvidal5	@clarabarcelona_
@arnauvidal5	@claudiasam95
@arnauvidal5	@cluskey75
@arnauvidal5	@comete56
@arnauvidal5	@COOLDEADASS
@arnauvidal5	@cris_dechiara
@arnauvidal5	@damguel
@arnauvidal5	@DarkoAvramovic
@arnauvidal5	@DaRyborz
@arnauvidal5	@deachterdeur
@arnauvidal5	@DeathPinkball
@arnauvidal5	@Debbelina_
@arnauvidal5	@debbie1171
@arnauvidal5	@Declan_O_Connor
@arnauvidal5	@DeinSalzamt
@arnauvidal5	@des_hennelly
@arnauvidal5	@DingaBelle
@arnauvidal5	@Dunoonargyll
@arnauvidal5	@dxmamz
@arnauvidal5	@dxngerousfemale
@arnauvidal5	@EdurneIriondo
@arnauvidal5	@eeleenee02
@arnauvidal5	@egogarcia
@arnauvidal5	@ElBurro66
@arnauvidal5	@eltalp
@arnauvidal5	@EmmaWhiteSP
@arnauvidal5	@EnglishPeteUK
@arnauvidal5	@enoughmarco
@arnauvidal5	@EricMaheuReal
@arnauvidal5	@ferrer_casas
@arnauvidal5	@fIickerIwt
@arnauvidal5	@foxhender
@arnauvidal5	@Fr3nk8
@arnauvidal5	@Gabyoc31
@arnauvidal5	@garylufc
@arnauvidal5	@gemcv1
@arnauvidal5	@gemmaaa27bieber
@arnauvidal5	@geppiegep
@arnauvidal5	@ghostramp13
@arnauvidal5	@Gjpvernant
@arnauvidal5	@gk_ennedy
@arnauvidal5	@GretchenTupper
@arnauvidal5	@guanoman
@arnauvidal5	@haguny
@arnauvidal5	@Handwriting01
@arnauvidal5	@hash7hash
@arnauvidal5	@henrik7jinky7
@arnauvidal5	@HigneyOwen
@arnauvidal5	@hilco77
@arnauvidal5	@HMantour
@arnauvidal5	@hro
@arnauvidal5	@HumoDeluxe
@arnauvidal5	@I_wili
@arnauvidal5	@ialberich
@arnauvidal5	@icanteachyou
@arnauvidal5	@ilax200
@arnauvidal5	@inresinfo
@arnauvidal5	@insunlite
@arnauvidal5	@iOmarix_
@arnauvidal5	@IsLouey
@arnauvidal5	@Ittawi_1st
@arnauvidal5	@ITTIHADaziz
@arnauvidal5	@ivazquez79
@arnauvidal5	@J_oeljoseph
@arnauvidal5	@JackieC987
@arnauvidal5	@jackiepatie
@arnauvidal5	@JacquesMartel9
@arnauvidal5	@JasonCupitt
@arnauvidal5	@jayenn54
@arnauvidal5	@jelmerevers
@arnauvidal5	@JihanCarlos
@arnauvidal5	@JimmyCannon01
@arnauvidal5	@JKBartsHeart
@arnauvidal5	@jlm_jelaime
@arnauvidal5	@joaoleandro17
@arnauvidal5	@john_mcal
@arnauvidal5	@johnsobek
@arnauvidal5	@JULIAheyb
@arnauvidal5	@justmebeingme4
@arnauvidal5	@juventusawi
@arnauvidal5	@Kalista63
@arnauvidal5	@karimmarold
@arnauvidal5	@karliquis1
@arnauvidal5	@Karrotte_
@arnauvidal5	@Kateymcphee
@arnauvidal5	@kathleenhammet1
@arnauvidal5	@kevspir
@arnauvidal5	@kokota
@arnauvidal5	@KrisEllenthorpe
@arnauvidal5	@kyzh_ebooks
@arnauvidal5	@L_Addison01
@arnauvidal5	@laiacuello21
@arnauvidal5	@LanMav
@arnauvidal5	@lauren272707
@arnauvidal5	@Lawrence_Cheuk
@arnauvidal5	@Leroy69Leroy
@arnauvidal5	@lesinsoumis_eu
@arnauvidal5	@Linksfunk
@arnauvidal5	@LolavsPowerman
@arnauvidal5	@Lombardi212
@arnauvidal5	@Lou_Lsr
@arnauvidal5	@lozzaloulilei
@arnauvidal5	@luka_malafaia
@arnauvidal5	@m_gael
@arnauvidal5	@ma_riaK
@arnauvidal5	@mac_adder
@arnauvidal5	@MarinaGotsens
@arnauvidal5	@MarinRapin
@arnauvidal5	@martacorral__
@arnauvidal5	@martazanon10
@arnauvidal5	@martincebula
@arnauvidal5	@matthew10180401
@arnauvidal5	@Mawry_14
@arnauvidal5	@mcgour86
@arnauvidal5	@Mesh4ri_alotibi
@arnauvidal5	@mhultstrom
@arnauvidal5	@MiKhaEl085
@arnauvidal5	@mistkerin
@arnauvidal5	@mjeed_76
@arnauvidal5	@mlterpstra
@arnauvidal5	@MO_me_Z
@arnauvidal5	@Mohannad181
@arnauvidal5	@Morifen333
@arnauvidal5	@mpbazz
@arnauvidal5	@Mr_Shanaboo
@arnauvidal5	@MrBilibons
@arnauvidal5	@mrid99hotmailco
@arnauvidal5	@MrsPissedProle
@arnauvidal5	@mucillagine
@arnauvidal5	@NACREspirale
@arnauvidal5	@NatalieSarantos
@arnauvidal5	@nicole_kirchler
@arnauvidal5	@NikStarWarz
@arnauvidal5	@nolaiz
@arnauvidal5	@OArtigas
@arnauvidal5	@onmarketing12
@arnauvidal5	@OttoGordon1807
@arnauvidal5	@P_B_Wee
@arnauvidal5	@p_schaar
@arnauvidal5	@Palmeriaid
@arnauvidal5	@PartageSolidar
@arnauvidal5	@peterjameswills
@arnauvidal5	@PeterMcC66
@arnauvidal5	@PhilipLeathem
@arnauvidal5	@PierrickMoritz
@arnauvidal5	@piti3_3
@arnauvidal5	@poetic1899
@arnauvidal5	@Powlanner
@arnauvidal5	@prinzvix
@arnauvidal5	@pussywallsART
@arnauvidal5	@PVhnen
@arnauvidal5	@Quantum_L3AP
@arnauvidal5	@quimmagrane356
@arnauvidal5	@R3d2
@arnauvidal5	@rebekkaeriks
@arnauvidal5	@redflag3rd
@arnauvidal5	@Regisocisse
@arnauvidal5	@richardadaly
@arnauvidal5	@roburrrt
@arnauvidal5	@rog366
@arnauvidal5	@rudifussi
@arnauvidal5	@Rui__Azevedo
@arnauvidal5	@RyanMurphy0
@arnauvidal5	@SbujonathanM
@arnauvidal5	@SchaerTobias
@arnauvidal5	@SchumacheredMOT
@arnauvidal5	@ScottJmcgscott
@arnauvidal5	@SeanConnolly67
@arnauvidal5	@sebastian579
@arnauvidal5	@seIenasbieber
@arnauvidal5	@settima_arte
@arnauvidal5	@shahrr18
@arnauvidal5	@ShapiroDj
@arnauvidal5	@shuggiemcg
@arnauvidal5	@silvianino20
@arnauvidal5	@Sindy_MacNawty
@arnauvidal5	@sinsUjE
@arnauvidal5	@SLATUKIP
@arnauvidal5	@SmartDianne
@arnauvidal5	@spb_vasilyev
@arnauvidal5	@ss_ss_171
@arnauvidal5	@StherMendetz
@arnauvidal5	@suis_europeu
@arnauvidal5	@supaSheva
@arnauvidal5	@susannecc
@arnauvidal5	@svenski72
@arnauvidal5	@svprnovas
@arnauvidal5	@syafrizaall
@arnauvidal5	@synsthsia
@arnauvidal5	@TechSavvas
@arnauvidal5	@theycallmeahmad
@arnauvidal5	@ThomasLintz
@arnauvidal5	@Tonyocollectif
@arnauvidal5	@tusensolar
@arnauvidal5	@uemit14
@arnauvidal5	@untwitteo
@arnauvidal5	@urosmomirovic
@arnauvidal5	@Vanleemputtenpj
@arnauvidal5	@vjkloner
@arnauvidal5	@WaldoKanto
@arnauvidal5	@wawawa7890071
@arnauvidal5	@williams1_tracy
@arnauvidal5	@yagolatorre
@arnauvidal5	@YannVvv
@arnauvidal5	@YazenAldosary
@arnauvidal5	@Yfaisal_
@arnauvidal5	@zezohh52
@arnauvidal5	@ziiizo_
@arnauvidal5	@zyyzxx
@AroaMartinezDia	@54Chema
@arqtecnic	@FRemolins
@arrandari	@ainhougar
@arrandari	@JoxeanU
@arrii7	@paullamu
@arytzam	@_Aveto_
@arytzam	@_dexterFCB
@arytzam	@_LaiaPons
@arytzam	@_muushu
@arytzam	@_Pin8_
@arytzam	@_womjauregui
@arytzam	@30Torterra
@arytzam	@41ways_
@arytzam	@7c64fdd968874ff
@arytzam	@9b9fbebce9bb4e7
@arytzam	@a1meec
@arytzam	@AAriachs
@arytzam	@Abril1001
@arytzam	@AcenaRo
@arytzam	@achaiette
@arytzam	@aehabeascorpus
@arytzam	@aestrems
@arytzam	@afarre8
@arytzam	@Agu_Reddi
@arytzam	@aguilera_uri
@arytzam	@agvendrell_c
@arytzam	@Aida_PM
@arytzam	@ainasaludes27
@arytzam	@ainatrigueros
@arytzam	@AinhoaFernande1
@arytzam	@Ainhoatxuu21
@arytzam	@ainoaortega9
@arytzam	@aitorrs1
@arytzam	@AitzolArnaiz
@arytzam	@alanbenedicto7
@arytzam	@Alba_pingcunyi
@arytzam	@Albamanel
@arytzam	@albertarch
@arytzam	@AlbertFuste
@arytzam	@albertm41
@arytzam	@albertofersie
@arytzam	@alebm
@arytzam	@aleix_52
@arytzam	@Algargar69
@arytzam	@Alkin91974509
@arytzam	@alripol95
@arytzam	@anaisnintendo
@arytzam	@Anders_Lassen75
@arytzam	@andreea_10911
@arytzam	@ANDUETZA
@arytzam	@Anette0Paulii
@arytzam	@AngelsOliva
@arytzam	@AnlianXia
@arytzam	@annaalvado
@arytzam	@annapadrino
@arytzam	@AnnieeOr
@arytzam	@anxa1510
@arytzam	@arabia_ivan
@arytzam	@Aran1Oct
@arytzam	@aranptxa
@arytzam	@arifroig
@arytzam	@Arnau11Rojas
@arytzam	@Arnaudas32
@arytzam	@ArnoldJohn25
@arytzam	@atsignjordi
@arytzam	@AxelP1002
@arytzam	@BarbadaraTOP
@arytzam	@batbihiruu
@arytzam	@Bengrando
@arytzam	@Bertss_Sanchez
@arytzam	@Betina81
@arytzam	@Bikalebar
@arytzam	@BittersweetZoro
@arytzam	@BlanketaMarco
@arytzam	@boavegan
@arytzam	@brutas10
@arytzam	@btabcn
@arytzam	@BySapa
@arytzam	@CabanasSergi
@arytzam	@Cantatomorrow
@arytzam	@CanudasJosep
@arytzam	@capidanMar
@arytzam	@CarlaBarnera
@arytzam	@carlesbestraten
@arytzam	@carlesmartorell
@arytzam	@Carrington_BIO
@arytzam	@Cary_Gran
@arytzam	@casasdom
@arytzam	@ce_sabadell_fc
@arytzam	@ceanas03
@arytzam	@celyneroy14
@arytzam	@CescZafra
@arytzam	@charlatan_13
@arytzam	@chozasasas
@arytzam	@CHQ92
@arytzam	@Clowy_88
@arytzam	@coll_jenny
@arytzam	@crexans_travel
@arytzam	@CrisBcnvdesign
@arytzam	@crismabal
@arytzam	@CristinaCrusatF
@arytzam	@cristinaperez29
@arytzam	@csrojz
@arytzam	@cumlaude7
@arytzam	@cunadebuhos
@arytzam	@DANNYWAVE75
@arytzam	@daristraits
@arytzam	@darkdecay3
@arytzam	@DavidBerenguerB
@arytzam	@davidcoll71
@arytzam	@Davidkaufmann16
@arytzam	@DdcGnzlz
@arytzam	@DeboraJover
@arytzam	@Deegmine
@arytzam	@Dfarell65
@arytzam	@dieforxtruce
@arytzam	@diegohouses
@arytzam	@DraIFernandez
@arytzam	@dubmetrap
@arytzam	@ecojart
@arytzam	@ediar
@arytzam	@eduard_federico
@arytzam	@Eli_Watery
@arytzam	@eliaalenya
@arytzam	@ElisabetMB1
@arytzam	@EllenDaider
@arytzam	@elosiuhm
@arytzam	@EmmaBP86
@arytzam	@Enanadelasort
@arytzam	@EricPH11
@arytzam	@ersikoo
@arytzam	@escatxic1
@arytzam	@Escudero_MasQue
@arytzam	@espaihipnotic
@arytzam	@estelafriasagus
@arytzam	@EvWarrior
@arytzam	@faltanlxspresxs
@arytzam	@fcb_trident
@arytzam	@fcodlfuente
@arytzam	@fearlesszuri
@arytzam	@femovejanegra
@arytzam	@filobotica
@arytzam	@FioRLOUD
@arytzam	@FKTheLokoMaster
@arytzam	@Fosimat
@arytzam	@fran_crow
@arytzam	@Frenpega
@arytzam	@GaraziOregi
@arytzam	@GCasalsLeon
@arytzam	@geemmaa_gc
@arytzam	@GeMmAsItGeS
@arytzam	@GerardSP16
@arytzam	@gi_abril
@arytzam	@giselaaa18
@arytzam	@GMontasell
@arytzam	@gocaplayer
@arytzam	@GonzaloMedina37
@arytzam	@gredks
@arytzam	@GregoP1992
@arytzam	@GuitarMoni
@arytzam	@Han17102003
@arytzam	@hcreeem
@arytzam	@helen_am07
@arytzam	@HenarOrtiz
@arytzam	@HuercanoMarta
@arytzam	@HZokre
@arytzam	@ibeltranivars
@arytzam	@ibonars
@arytzam	@IbonTheBasque
@arytzam	@Idaiera
@arytzam	@ignasdelgrannas
@arytzam	@ikassten
@arytzam	@iloserlikeme
@arytzam	@Ilwen
@arytzam	@imjuliaa
@arytzam	@Imma19165
@arytzam	@ImTheDarkKnigh
@arytzam	@inmuno_logica
@arytzam	@iratxe2000
@arytzam	@Isa_web_
@arytzam	@isabel01614762
@arytzam	@IsitHiorHeyNess
@arytzam	@ItnassRiff
@arytzam	@itsjvdith
@arytzam	@Ivan21millaan
@arytzam	@Ivanguiu
@arytzam	@Jagiyasian
@arytzam	@JanMoralesBes
@arytzam	@Jaumecrexell
@arytzam	@javiersdc
@arytzam	@jbb2969
@arytzam	@jboixdalmau
@arytzam	@jfont11
@arytzam	@jimixnie
@arytzam	@jlmudarra
@arytzam	@Jnsurrealiistta
@arytzam	@Joan_Sole
@arytzam	@joanafarrera
@arytzam	@JoanEixi86
@arytzam	@JoanPiquer
@arytzam	@joanroquet1
@arytzam	@JoanValtor
@arytzam	@Jofrehp
@arytzam	@JonandoniCabeza
@arytzam	@JonanHD
@arytzam	@Jonedej5
@arytzam	@joppcc
@arytzam	@jora1967
@arytzam	@JordaFiter
@arytzam	@jordicoiduras
@arytzam	@jordifurni
@arytzam	@JordiJorba
@arytzam	@JordiParrondo
@arytzam	@jordipons8
@arytzam	@jordisusany
@arytzam	@jose_alcibar
@arytzam	@jose73vng
@arytzam	@Josepmartinezp
@arytzam	@Juanda_mlg
@arytzam	@Juanjo_gcr
@arytzam	@Juliasm26
@arytzam	@julicuadras
@arytzam	@junecashh
@arytzam	@juspursuit
@arytzam	@kadenastrash
@arytzam	@kathsmoon_
@arytzam	@kel100a
@arytzam	@kenyabros1
@arytzam	@kicosoul
@arytzam	@knoopx
@arytzam	@konnecta
@arytzam	@kowalskysophie_
@arytzam	@L3Martiinez
@arytzam	@ladiesophie
@arytzam	@LauraFlamarich
@arytzam	@lavulvadebulma
@arytzam	@leizegallego_
@arytzam	@Lenaah_97
@arytzam	@leveam77
@arytzam	@lickiwicki
@arytzam	@linarinho
@arytzam	@lluismozo
@arytzam	@lluispuigcamps
@arytzam	@loladomene
@arytzam	@LorenaSGimeno
@arytzam	@louischances
@arytzam	@LUKNATOR9
@arytzam	@luttynorlax
@arytzam	@M0rloCk_
@arytzam	@maaddig
@arytzam	@maiteoak
@arytzam	@manelclos
@arytzam	@Maneletmch
@arytzam	@manelonix
@arytzam	@manueltrm
@arytzam	@Mar_Santorini
@arytzam	@marcelcuadrado
@arytzam	@MarcSanahuja
@arytzam	@MaRcViLaC_7
@arytzam	@marenostrum_13
@arytzam	@Maria_la_Gata
@arytzam	@MariaEivissa
@arytzam	@marianjuanol
@arytzam	@MarinaBeltra
@arytzam	@Markolomew1
@arytzam	@MarquesEmo
@arytzam	@marsunday
@arytzam	@martafusalba
@arytzam	@Martamroig
@arytzam	@martaroquer
@arytzam	@Martinezmx
@arytzam	@MarUrabain
@arytzam	@Masterplaster92
@arytzam	@mattgloz
@arytzam	@MBasteretxea12
@arytzam	@Mcceret
@arytzam	@MeAventuro
@arytzam	@mellipich
@arytzam	@mercedes1199
@arytzam	@merche_garsev
@arytzam	@Meritxell_Feliu
@arytzam	@mfuster
@arytzam	@mgmilara
@arytzam	@mic10807862
@arytzam	@mikelomagnum
@arytzam	@MimarRamis
@arytzam	@minisuee
@arytzam	@miquelescolar
@arytzam	@MiquelMuno
@arytzam	@mireia_estevez
@arytzam	@miriruiz1
@arytzam	@miss_ari33
@arytzam	@MissLies_
@arytzam	@mitcoes
@arytzam	@mmedrosa
@arytzam	@mochiugotnojams
@arytzam	@mockingHero
@arytzam	@monicabouorus
@arytzam	@monjejuli
@arytzam	@MontBdn1
@arytzam	@MontseLenGarci1
@arytzam	@montsellonch3
@arytzam	@montsesadu
@arytzam	@MontseSana
@arytzam	@moondrops_
@arytzam	@Moontsefern
@arytzam	@mrclotey
@arytzam	@mriamcs
@arytzam	@mrotisky
@arytzam	@msaenzo
@arytzam	@myriam_san
@arytzam	@nachonieto30
@arytzam	@Nagash_12
@arytzam	@Nahii_liz
@arytzam	@Nanbuso
@arytzam	@naoxbbc
@arytzam	@neopatatotita
@arytzam	@neus1985
@arytzam	@NikoLeize
@arytzam	@Nizedades
@arytzam	@Nizeyo
@arytzam	@nnt_prz
@arytzam	@NoletMarc
@arytzam	@nuriabenaiges
@arytzam	@nuriajoana
@arytzam	@nuriajoseph
@arytzam	@nuriapuigbo
@arytzam	@nuriasaja
@arytzam	@nuripinolis
@arytzam	@NuVi65
@arytzam	@nxarryloving
@arytzam	@oceanfornarry
@arytzam	@OctoberLullaby
@arytzam	@ohsosclifford
@arytzam	@onnlysmile_94
@arytzam	@OriolPiPr
@arytzam	@OscarGiorgini
@arytzam	@Paaulavc_
@arytzam	@PabloTecnos
@arytzam	@pabsvg
@arytzam	@pacumon
@arytzam	@paracetamor_
@arytzam	@patpreixens
@arytzam	@pau_56_
@arytzam	@PauBlancaTubau
@arytzam	@paula7fcb
@arytzam	@PDeCATPonts
@arytzam	@pgoma
@arytzam	@piclinikordei
@arytzam	@Pilludecosta
@arytzam	@PinkyFeminist_
@arytzam	@pivot_alaa
@arytzam	@pla_marc
@arytzam	@pleasefeelfree
@arytzam	@polcrusat
@arytzam	@PontXavier
@arytzam	@pulguistafcb
@arytzam	@puluskus
@arytzam	@quetzalix
@arytzam	@quiqueaguera
@arytzam	@R_beenn
@arytzam	@Ramoniprou
@arytzam	@RamonSuriolRoig
@arytzam	@Raul35Martinez
@arytzam	@renover2004
@arytzam	@RichiPericles
@arytzam	@RiderOfDaStorm
@arytzam	@RimanimeRibas
@arytzam	@rmarquezsaez
@arytzam	@RockieFemme
@arytzam	@Roger_Pareja
@arytzam	@rojoseparata
@arytzam	@Rosae56Rosa
@arytzam	@rramoneda10
@arytzam	@rubiralta
@arytzam	@rudimeri74
@arytzam	@Salvathorium
@arytzam	@sandra_ec81
@arytzam	@segurostonito
@arytzam	@sergig16
@arytzam	@sergimarin2
@arytzam	@SergioGracia12
@arytzam	@shadowcharly
@arytzam	@shawtybeat
@arytzam	@sheilasprinter
@arytzam	@sidexlico
@arytzam	@sioux_37
@arytzam	@sisiisa
@arytzam	@Sr_Unknown_
@arytzam	@SraMustela
@arytzam	@stoneghe5
@arytzam	@SueN80
@arytzam	@suspeix
@arytzam	@sxdisgrace
@arytzam	@taed0blas
@arytzam	@tazcamps
@arytzam	@TeclaBlume
@arytzam	@tejeflow
@arytzam	@TemVam
@arytzam	@teros10
@arytzam	@terroristacult
@arytzam	@Timbalerdelbru2
@arytzam	@titoariasbcn
@arytzam	@tohr1963
@arytzam	@tomasbassa
@arytzam	@toni_db
@arytzam	@Torra37
@arytzam	@torriitos
@arytzam	@tryothersways
@arytzam	@tsalvaa
@arytzam	@tskyoko
@arytzam	@tuensiao
@arytzam	@twhiddlest
@arytzam	@Txes68
@arytzam	@UnaiGisasola
@arytzam	@UnaiNomass
@arytzam	@unicornioarc7
@arytzam	@untwitteo
@arytzam	@UriDubi
@arytzam	@UriPujol9
@arytzam	@vaigencaravana
@arytzam	@vctorlv26
@arytzam	@VeganxPapaya
@arytzam	@veronicacofi
@arytzam	@vetteoletu
@arytzam	@VictorColome10
@arytzam	@vilojona
@arytzam	@Vinyeett
@arytzam	@vlopezaguilar
@arytzam	@Vodkaffeine
@arytzam	@vogadors
@arytzam	@vsague10
@arytzam	@wmozxrt
@arytzam	@XavierEscofet
@arytzam	@xaviermontardit
@arytzam	@XaviPinyoa
@arytzam	@XaviSbd
@arytzam	@xdavid23
@arytzam	@xeniia_2
@arytzam	@xgfreixer
@arytzam	@xPepeBotika
@arytzam	@xuic
@arytzam	@XxMr_StarkxX
@arytzam	@yeraicidrivera
@arytzam	@ympaulet
@AsambleaCC	@blanchantix
@AsambleaCC	@CarlosNM1996
@AsambleaCC	@EvaRochaPene
@AsambleaCC	@Ivan_Alcolea
@AsambleaCC	@Jolugan
@AsambleaCC	@Samdef01
@ASentiVila	@Clau_Bat_5
@aserrap	@peitocavernoso
@AsierGZalona	@AkatuKatue
@AsierGZalona	@Rosa_in_Mundo
@AsierGZalona	@Xus_Boya
@AskeGunea	@Amets4
@AskeGunea	@DeustoarraManu
@AskeGunea	@JosebaAlvarez
@AskeGunea	@kmartinena
@AskeGunea	@sortu_hernani
@AskeGunea	@XabierIsasi
@Assemblada_Oc	@diMartorell
@assembleagroga	@AssGrogaSants
@assembleagroga	@cepvoc
@assembleagroga	@ElektroSandra
@assembleagroga	@escalatapies
@assembleagroga	@garlicnoa
@assembleagroga	@indiggato
@assembleagroga	@MaciaPS
@assembleagroga	@Nitsuga000
@assembleagroga	@PauFarinetes
@assembleagroga	@USTECSTEsLLEIDA
@Assembleapv	@alliomack
@Assembleapv	@JOSEPFARRASGO
@assembleasmxi	@marc13fornells
@assembleasmxi	@smujal
@Assumptapt	@Soy_AntiTaurin0
@assumvawe	@adriavilalba2
@assumvawe	@laiavallespi
@assumvawe	@xirinxina
@AsturMass	@Franin_7
@AsturMass	@lolo2284
@AsturMass	@YaizaJaureguii
@AtarrabiEHbildu	@JaviWaran
@atisayajain	@ThomsonLesley
@ATrovador	@Thebulldog2017
@atv7777	@Constan87613326
@audrey_ljn	@slavignotte
@aupafigura	@MacarioElPocero
@aurondbz	@ElComu_menos
@AuroraMasip	@brittenic
@AuroraMasip	@CarlosSanjuan3
@AuroraMasip	@esaezmun
@AuroraMasip	@GuillemVA
@AuroraMasip	@ignasiparis
@AuroraMasip	@JordiSurroca
@AuroraMasip	@josepnieto
@AuroraMasip	@manfredbw
@AuroraMasip	@Monterde_Laia
@AuroraMasip	@nafabregat
@AuroraMasip	@peretuset
@AuroraMasip	@Pol_A1Onso
@AuroraMasip	@Salvat_tgn
@auryao	@garrotxa
@auryao	@martamallarach
@AVallcarca	@APVallcarca
@Avancemcat	@calsojorn10
@Avancemcat	@domenech_lluis
@Avancemcat	@dpastorbcn
@Avancemcat	@DunaPruna
@Avancemcat	@Esther_pinyol
@Avancemcat	@fabianmohedano
@Avancemcat	@jiglesies1
@Avancemcat	@Msolesb
@Avancemcat	@socialistesxSI
@Avancemcat	@sotoarmengol
@AVI_LEX	@presentaciond
@aviatllibertat	@pepbuendia
@avzmz	@_carlasanchez
@avzmz	@eleremon
@azkoina	@beatriz_er
@azkoina	@Harkonen2
@azkoina	@louiselegardere
@azkoina	@magda_marn
@azkoina	@tHeUvuvwevwevwe
@azkoina	@tinapfaparla
@azucarranzo	@estherllaurado
@b419a06910fb4b6	@andreunuria
@BadellJoan	@AnnaGar55436333
@BadellJoan	@julscdv
@BadellJoan	@takeneitor
@badukaire	@inmagg
@baiasca	@NriaCarrerasFon
@balazscseko	@RocKcs
@BaltaCol	@FonteRodrigues
@Bamenabar	@orkatz_go
@Barberenea	@aitor_aranzabal
@Barberenea	@ariannekareaga
@Barberenea	@dorodorozi
@Barberenea	@Edorta1976
@Barberenea	@Gade_Errasti
@Barberenea	@iarandia
@Barberenea	@izendegi
@Barberenea	@LTrojaola
@Barberenea	@txanketekete
@Barberenea	@Xabi_Goro
@Barberenea	@xurze
@barney_ball70	@KillingJokez
@barney_ball70	@LiberoPetrucci
@barney_ball70	@Manuelmolinaor
@barney_ball70	@MarcTennant
@barney_ball70	@VincentAbinet
@bassaganya	@Rogerbuch
@batetabera	@akyyo
@batetabera	@andreea_10911
@batetabera	@chisco3000
@batetabera	@Grefucouto
@batetabera	@iagobaapellaniz
@batetabera	@josebagorordo
@batetabera	@lizeaga
@batetabera	@pausantos10
@batistapau2	@krisoany
@bau_di	@AleAlfa73
@bau_di	@catri_zia
@bau_di	@FQLive
@bau_di	@Frantz75
@BaucellsNacho	@BeLoveRev
@BaucellsNacho	@ByJPerez
@BaucellsNacho	@cuidadors
@BaucellsNacho	@daniel_mabo
@BaucellsNacho	@JosepAlmirall
@BaucellsNacho	@josepbartroli
@BaucellsNacho	@Peptrapella
@BaucellsNacho	@urigener
@BaucellsNacho	@xavifluvia
@baumadestral	@GraciaxINDP
@Bayernpartei	@BayernRSSNews
@Bayernpartei	@JohannGeorgBY
@BCNCulturaCAT	@boesda
@BCNCulturaCAT	@carmengarciabcn
@BCNCulturaCAT	@gustavocaprin
@BCNCulturaCAT	@martinezmire
@BCNCulturaCAT	@mnk1976
@BCNCulturaCAT	@Remi_re
@BCNCulturaCAT	@SolerBatalla
@bdelemporda	@PabloMartiDO
@BeatrizBlzquez2	@Estevezlr3
@Becs82	@JoanPoch73
@Becs82	@vivavar
@Belen_DobleAven	@bertarubiofaus
@Belen_DobleAven	@monsamga
@belenalonso64	@CANAL150TVgrnet
@belenalonso64	@FolqueAlbert
@belenalonso64	@HugoNaudin
@belenalonso64	@Marymaranama
@belenalonso64	@MFraderaB
@belenalonso64	@pepamdep
@belenalonso64	@PratVentura
@BelOlid	@amoraescena
@BelOlid	@elefantibus
@BelOlid	@mcasas205
@BenBarnier	@Jergall47
@BenBarnier	@MarianneChenou
@BeneitezSL	@lutermi
@BenjAlvarez1	@_rileyg
@BenjAlvarez1	@AppetiteAndOS
@BenjAlvarez1	@BrijKotecha
@BenjAlvarez1	@CouncilCoventry
@BenjAlvarez1	@DonahueCortes
@BenjAlvarez1	@Fuglefangeren
@BenjAlvarez1	@GabaldonHuc
@BenjAlvarez1	@hugobeleza
@BenjAlvarez1	@irishscouse
@BenjAlvarez1	@jorquenlau
@BenjAlvarez1	@lapavitsas
@BenjAlvarez1	@MarkViales
@BenjAlvarez1	@nachtdrusch
@BenjAlvarez1	@neva94
@BenjAlvarez1	@ROBOToni
@benjo_aguilar	@josefapachon
@BenSitges	@ILPICAROLOJAUME
@BenSitges	@zigorbengoa
@berguedanaQ3	@ANC_Berga
@berguedanaQ3	@Grattan_H
@berguedanaQ3	@jillsllvn
@berguedanaQ3	@lemac_19
@berguedanaQ3	@marramiauuuuuu
@berguedanaQ3	@Montse_Parra
@berguedanaQ3	@Nane_nanemusic
@Bernat_	@AnGeLsCaNo
@Bernat_	@m4n3lGS
@Bernat_	@ReviriegoSara
@bernatff	@MontBdn1
@BernatFuertes	@BlancaMuntadas
@bernatpicornell	@atzori_piero
@bernatpicornell	@Mag2012Ge
@bernatpicornell	@mmedrosa
@BernatSaumell	@drumcodeuk
@BernatSaumell	@marsouslesoleil
@BernatSaumell	@remei_go
@BernatSaumell	@VincentAbinet
@bernovic15	@xavisendralluis
@Berta_Anducas	@BuzonEspia
@Berta_Canals	@AriRabassa
@BertaHoms	@ivetlloansi
@BertaHoms	@XeniaHoms
@BertaRierolaC	@david__ruiz
@bertbatlle	@AdriGelabert
@berticlaret	@andreahc24
@berticlaret	@Blazacandado
@berticlaret	@RafaelFerrater
@berticlaret	@RoserAguilar
@berticlaret	@sergi_fillet
@bertupuigvertf1	@mriater
@bestidolsj	@mallo_soprano
@bethrodergas	@Adrianarnoto
@bethrodergas	@GloriaCalSo
@bethrodergas	@ivanreyes06_
@bethrodergas	@TheWarriorYT
@BetonaComin	@tuomojau
@betregue	@AMPAIESantJoan
@bezgin21	@dino080873
@bf_mariaa	@maarcsaancho
@bf_mariaa	@pepbasa98
@bielduran	@FerranCascon
@bieluns	@Grattan_H
@Bimelo31	@felisukobcn
@Bimelo31	@MariaReferendum
@Bimelo31	@ramonpuig65
@Bimelo31	@TeclaBlume
@BinimelisMaria	@__mariangels
@BinimelisMaria	@ainafanalsramis
@BinimelisMaria	@BinimelisMaria
@BinimelisMaria	@mercerovira19
@birasuegi	@EHBilduOrereta
@birasuegi	@patxiurdaburu
@BirdofJove28	@Huppeinamets
@BirdofJove28	@Marplesmarbles
@bjorbla	@susannix2002
@BlackStar747	@Llewis56
@Blanca26594	@alex41894092
@Blanca26594	@ariadna_tudela
@Blanca26594	@chema_moreno_p
@Blanca26594	@Cortyar55
@Blanca26594	@EliusCornelius
@Blanca26594	@JuanManuel1971
@Blanca26594	@Knurlar
@Blanca26594	@salva_morenop
@Blanca26594	@silvia_sempere
@Blanca26594	@Soldevila_Jordi
@BlauDelta	@mtpons
@blauseel	@sergio_almah
@Blogobonito	@catathletic
@Blogobonito	@FonteRodrigues
@Blogobonito	@uricano
@Blogobonito	@zezaestrela
@BNGACorunha	@BNG_comarcaAC
@BNGACorunha	@NicoColerone1
@BNGCatalunya	@anamirandapaz
@BNGCatalunya	@andyuruguay
@BNGCatalunya	@antonnaraio
@BNGCatalunya	@Arredeeemo
@BNGCatalunya	@bngemigracion
@BNGCatalunya	@BNGEuropa
@BNGCatalunya	@BNGInglaterra
@BNGCatalunya	@Cascarelo
@BNGCatalunya	@csf0rg
@BNGCatalunya	@curreloss
@BNGCatalunya	@diegolourob
@BNGCatalunya	@DUBITATIV
@BNGCatalunya	@dzapicoPablo
@BNGCatalunya	@El_cen_pesos
@BNGCatalunya	@FranciscoXPea2
@BNGCatalunya	@GalizaUPG
@BNGCatalunya	@gelpad
@BNGCatalunya	@gikapalica
@BNGCatalunya	@HolaFamiliaa
@BNGCatalunya	@hpichaco
@BNGCatalunya	@juanbautistami1
@BNGCatalunya	@luzrivastroi
@BNGCatalunya	@mariasolbs
@BNGCatalunya	@MGS_Exterior
@BNGCatalunya	@nadjanf
@BNGCatalunya	@NestorRego
@BNGCatalunya	@o_da_laxe
@BNGCatalunya	@obloque
@BNGCatalunya	@pedraluagz
@BNGCatalunya	@pilar_salgueiro
@BNGCatalunya	@ramixgz
@BNGCatalunya	@rikardnou
@BNGCatalunya	@romipuella
@BNGCatalunya	@silviaseixasnai
@BNGCatalunya	@SuperWiff
@BNGCatalunya	@xosecarlossolla
@borjajared	@naxoxan
@Borntorun1995	@Lucii_Lovegood
@Boro_LH	@Blancanieves15m
@Boro_LH	@HelloKittyFackY
@BorxaGC	@alopgon
@BorxaGC	@dansuvil
@BorxaGC	@Donveiga
@BorxaGC	@FonteRodrigues
@BorxaGC	@mgsgaliza
@BorxaGC	@pedraluagz
@BorxaGC	@silviaseixasnai
@BotellaJoan	@ramonpuig65
@botifarradpages	@Han17102003
@BoudaudAnduaga	@BNEWS24_off
@BpaHcku	@Kateriiinnna
@BpaHcku	@MostVaterloo
@BPixner	@annagenis
@BPixner	@BavarianPower
@BPixner	@Bayernpartei
@BPixner	@Junge_STF
@BPixner	@sans_ruiz
@BPoesia	@fr3dans3lm0
@Brigadas_Lugo	@Gereta3
@Brigadas_Lugo	@villamarin_gz
@Bristolenos	@ashleyrpz
@Bristolenos	@Marc52074243
@Bristolenos	@TristanCorkPost
@brook_toni	@_Irenemazaira_
@BrunoArnaiz13	@SantiClaramunt
@bryan_shill	@NCarabel
@bsarasola	@27zapata
@bsarasola	@AitorElordiEtxe
@bsarasola	@Ekaitzekoa
@bsarasola	@Julen_Iza16
@bsarasola	@psalaburu
@bsarasola	@xabiborda
@bsilanes	@1139dani
@bsnchz_	@arnau_245
@bubu_8metros	@firefriend
@buclena	@aiutoblumettra
@buclena	@frikygh
@budimatalasser	@CebiMarina
@budimatalasser	@MargaSanahuja
@budimatalasser	@morthy72
@budimatalasser	@SirArnau
@BufoOrador	@tonicubi
@bulltarraco	@NICKIREGIA
@Burbuja2904	@Manuleal69
@Burbuja2904	@MiraLomax
@Burbuja2904	@pancartera
@Burot17	@Henscf
@Busquets_896	@lfargues
@Busquets_896	@LuisCazalis
@Busquets_896	@Xapu90
@Butterfly_Reb	@1969ahbrown
@Butterfly_Reb	@alan13141314
@Butterfly_Reb	@AndyGaveUs
@Butterfly_Reb	@arnauvidal5
@Butterfly_Reb	@citizentommy
@Butterfly_Reb	@colmmac
@Butterfly_Reb	@drew_the_poo
@Butterfly_Reb	@drewstew62
@Butterfly_Reb	@EducatingDonna
@Butterfly_Reb	@EechieOchie
@Butterfly_Reb	@ElleDeer88
@Butterfly_Reb	@eltwitderuben
@Butterfly_Reb	@fatzdomingo
@Butterfly_Reb	@GCGlasgow
@Butterfly_Reb	@granhelen1945
@Butterfly_Reb	@Henriklubo
@Butterfly_Reb	@HotD4T
@Butterfly_Reb	@island_cynic
@Butterfly_Reb	@JAEdinburgh
@Butterfly_Reb	@jestevej
@Butterfly_Reb	@JoeTurnerScot
@Butterfly_Reb	@KenHarvey00
@Butterfly_Reb	@Kimmydoll49
@Butterfly_Reb	@limpet67
@Butterfly_Reb	@MajorMcBloodnok
@Butterfly_Reb	@marymcp11
@Butterfly_Reb	@nanpatt47
@Butterfly_Reb	@nicfromwales
@Butterfly_Reb	@OorDayHasCome
@Butterfly_Reb	@patdon801
@Butterfly_Reb	@paulza1980
@Butterfly_Reb	@PollyLlwyn
@Butterfly_Reb	@porridgeisgood
@Butterfly_Reb	@portrigh
@Butterfly_Reb	@rachel2272
@Butterfly_Reb	@riched1927
@Butterfly_Reb	@ricmont60
@Butterfly_Reb	@Roadwarrior29
@Butterfly_Reb	@RussellRElliott
@Butterfly_Reb	@ScotIndyDebate
@Butterfly_Reb	@skint_knees
@Butterfly_Reb	@squareriver
@Butterfly_Reb	@SugarspotAnnie
@Butterfly_Reb	@susannecc
@Butterfly_Reb	@TEACHERNIS
@Butterfly_Reb	@tracy__e
@Butterfly_Reb	@twopensonepad
@Butterfly_Reb	@vFreeBirdv
@Butterfly_Reb	@YesNewport
@BuzonEspia	@cortespicas
@bzuza	@LTrojaola
@bzuza	@Mattin04368582
@C_Miradas	@evaelorrieta
@c0lipait	@ireneisart
@cabernicola69	@jonabasque
@cabernicola69	@martin_paky
@cacejo9n	@paperopinguino
@cadenas_93	@_OriolPallares_
@cadenas_93	@alliomack
@cadenas_93	@btxcgnbv
@cadenas_93	@cadenas90
@cadenas_93	@crisverdaguer
@cadenas_93	@DiddlesMo
@cadenas_93	@pgraumir
@Cagum10	@XicotaEsteve
@caielis	@DafyddHuwRees
@caielis	@Dyfanlewis
@caielis	@dylanhuw
@caielis	@GPBaglioni
@caielis	@isaacperaire
@caielis	@MariaFiguls
@caielis	@MECCAnopsis
@caielis	@meinir_edwards
@caielis	@meinir_wyn
@caielis	@Nwdls
@caielis	@Sander7408
@cala_moli	@Zoe_Soler
@calcosares	@___ann99_
@calcosares	@__cRY__FUCK
@calcosares	@__Frostmourne__
@calcosares	@__laurawitch
@calcosares	@_Adri_21
@calcosares	@_afterlife
@calcosares	@_albafernandezz
@calcosares	@_bandssavefans
@calcosares	@_berta4with
@calcosares	@_blizzaga
@calcosares	@_destr0yx
@calcosares	@_ejem_ejem
@calcosares	@_Ephemer_
@calcosares	@_eskild
@calcosares	@_estefaniia04
@calcosares	@_fucking_words
@calcosares	@_I_Samuel_I_
@calcosares	@_iraati09
@calcosares	@_Irenemazaira_
@calcosares	@_javimu_
@calcosares	@_Juls2
@calcosares	@_KibaLight_
@calcosares	@_liveoutdoors_
@calcosares	@_lorens98
@calcosares	@_Lusss_
@calcosares	@_MarTurner_
@calcosares	@_mustafina_
@calcosares	@_Obake_chan_
@calcosares	@_OneDayDream
@calcosares	@_pen____
@calcosares	@_prezart
@calcosares	@_Reiko24_
@calcosares	@_sandro_23
@calcosares	@_TheEastWind
@calcosares	@_unaimartinez
@calcosares	@_WunWun_
@calcosares	@03MRG04
@calcosares	@04Didac
@calcosares	@0625401d03f549f
@calcosares	@13015T
@calcosares	@13Joseba
@calcosares	@1917Gagarin
@calcosares	@2Irene2
@calcosares	@46anarg
@calcosares	@5erendipi7y
@calcosares	@8__snow
@calcosares	@9Tamii_9
@calcosares	@a_estudiante
@calcosares	@aaaayaaaaaaayyy
@calcosares	@aaroninmyveins
@calcosares	@Abelpainkiller
@calcosares	@abelwatery
@calcosares	@abrukadabru
@calcosares	@achaiette
@calcosares	@AciD_MuSh_303
@calcosares	@adan_jordi
@calcosares	@adria_oc
@calcosares	@adrian_rrf
@calcosares	@AdrianMaximoo
@calcosares	@Adriiirg_
@calcosares	@afroditsdaughtr
@calcosares	@agoraxafoi
@calcosares	@agri_a_secas
@calcosares	@aguedavolta
@calcosares	@aidabloon
@calcosares	@ainaalbiol024
@calcosares	@ainafanalsramis
@calcosares	@AINAGRANDCHAMP
@calcosares	@AinaraAG
@calcosares	@ainarkista
@calcosares	@ainasaludes27
@calcosares	@ainhoafariclee
@calcosares	@ainhoazua
@calcosares	@AiParrar
@calcosares	@AitanaaLopez
@calcosares	@Aitor_Gonzale3
@calcosares	@AitzolArnaiz
@calcosares	@AixaBank
@calcosares	@AizeneLemos
@calcosares	@AKindOfMonster
@calcosares	@AkiraNoAoi
@calcosares	@AkkarinSide
@calcosares	@alavesssss
@calcosares	@Albaa_Th
@calcosares	@albaaaka
@calcosares	@AlbaAbraham_
@calcosares	@albacaldito
@calcosares	@AlbaCobo01
@calcosares	@AlbaFreeHugs
@calcosares	@albahalley
@calcosares	@albappb
@calcosares	@Albert_gasa
@calcosares	@Albert_Maniac15
@calcosares	@albert_mcbeal
@calcosares	@Alberto_97_5
@calcosares	@alberto_agg11
@calcosares	@AlbertoVolador
@calcosares	@albertpawer
@calcosares	@AlcoholicOtter
@calcosares	@aleix3n
@calcosares	@alejandro_cobos
@calcosares	@alejandro_horn
@calcosares	@Alex_Keyblader
@calcosares	@Alex_SR_
@calcosares	@Alex94597254
@calcosares	@AlexAkeru
@calcosares	@alexanderaspe
@calcosares	@alexguinot_wd4
@calcosares	@alexlvl99
@calcosares	@AlexOfSteel
@calcosares	@alexsc_14
@calcosares	@alextgn98
@calcosares	@alguienvendra
@calcosares	@Alicciaa28
@calcosares	@AliciaRuTo
@calcosares	@AlienXVIII
@calcosares	@Aliieen_
@calcosares	@alivewithmalik
@calcosares	@alkesstt
@calcosares	@Allegra_GD
@calcosares	@allincsgo
@calcosares	@allovelythings
@calcosares	@Almoni1412
@calcosares	@Alus_Torm
@calcosares	@Alvar_nintender
@calcosares	@alvaro7cruz
@calcosares	@AlvaroCardOli
@calcosares	@alvaronoseqponr
@calcosares	@Alvinchu_
@calcosares	@alvnavy
@calcosares	@AmadoVelo
@calcosares	@amandabuffay
@calcosares	@Amenator_V
@calcosares	@ana_9842
@calcosares	@Ana_P_Marco
@calcosares	@Ana9007
@calcosares	@anacamara98
@calcosares	@anapalaniuk
@calcosares	@anarsalas_
@calcosares	@Anasherreros12
@calcosares	@Andeertxo
@calcosares	@AnderConchas
@calcosares	@Andie_Line
@calcosares	@andito229
@calcosares	@andolazka
@calcosares	@andreacascon
@calcosares	@andreahc24
@calcosares	@andreaishere
@calcosares	@andreauztiverea
@calcosares	@andreea_10911
@calcosares	@andresguijarro2
@calcosares	@AndresLodeiro
@calcosares	@andresloes
@calcosares	@AndreuTemprano
@calcosares	@anechachito
@calcosares	@aneelisasvx
@calcosares	@AneSerna4
@calcosares	@Angela_1723
@calcosares	@angelfloresblog
@calcosares	@AngMercyZie
@calcosares	@angy_betty
@calcosares	@AnlianXia
@calcosares	@annaalvado
@calcosares	@AnnaFamLe
@calcosares	@annessong__
@calcosares	@AnOceanInMySoul
@calcosares	@antifascixta14
@calcosares	@antoniojoscas
@calcosares	@AnyAniita
@calcosares	@apoloniamss
@calcosares	@apv123457
@calcosares	@aramateix
@calcosares	@Archaimedes
@calcosares	@AresTheBest
@calcosares	@ariadna97gp
@calcosares	@Aritz_Asin_
@calcosares	@ArletEstanyol
@calcosares	@Arlium_Official
@calcosares	@aroasjc
@calcosares	@arrecarballo
@calcosares	@arsalba61
@calcosares	@artpopalec
@calcosares	@aru_cina
@calcosares	@ATH_Gray
@calcosares	@avc_14
@calcosares	@Avercrombi
@calcosares	@avq_07
@calcosares	@AwesomeSuitGuy
@calcosares	@AyeshaAlava
@calcosares	@AzzKun
@calcosares	@b5rser
@calcosares	@baddraul
@calcosares	@baekxfic
@calcosares	@BaeronDallas
@calcosares	@baiia_andre
@calcosares	@bakagyudon
@calcosares	@bakakashi
@calcosares	@Balmasin
@calcosares	@barnestydia
@calcosares	@Bars_manners
@calcosares	@BastienYaiba
@calcosares	@bayoneesama
@calcosares	@BBerasategi
@calcosares	@bbloodypizza2
@calcosares	@BeaHuevar
@calcosares	@BeansMacca
@calcosares	@beansnwater
@calcosares	@Beiolos
@calcosares	@BelbeziousD
@calcosares	@belensenin
@calcosares	@belfrancisw
@calcosares	@berenbloem
@calcosares	@BergesSusanna
@calcosares	@berkeley_lu
@calcosares	@BertaHernandz
@calcosares	@Bertss_Sanchez
@calcosares	@bi_smuto
@calcosares	@BigThor_23
@calcosares	@BinimelisMaria
@calcosares	@BioWareDovahKin
@calcosares	@BitchSoldier
@calcosares	@bixbsccyrus
@calcosares	@Bizarreado
@calcosares	@BlackUve
@calcosares	@blaineydays_x
@calcosares	@blanchantix
@calcosares	@BlanketaMarco
@calcosares	@blas_que_te
@calcosares	@blaueReit
@calcosares	@Blood_stone28
@calcosares	@Blueavocxdo
@calcosares	@blurrycarla
@calcosares	@booksdrauhl
@calcosares	@BorjaSequoia
@calcosares	@box_of_glitter
@calcosares	@BresoAmparo
@calcosares	@brochcarla
@calcosares	@bronzepenguinn
@calcosares	@buffycazaminion
@calcosares	@Buhiittoxx
@calcosares	@burgerqueenn_
@calcosares	@ByDani98
@calcosares	@bysergs
@calcosares	@CabrejasImanol
@calcosares	@CajitaRoja
@calcosares	@CakePoisoner
@calcosares	@CaliKosmonaut
@calcosares	@candlas
@calcosares	@cansadisim4
@calcosares	@Caperuzotaroja
@calcosares	@caraskidrauhl
@calcosares	@Carima_1D
@calcosares	@Carles985
@calcosares	@carletronix
@calcosares	@CarlitosGn98
@calcosares	@Carlos150894
@calcosares	@CarlosSnchez22
@calcosares	@carmeen_th
@calcosares	@Carmenrl7
@calcosares	@CaroliinaMaCa
@calcosares	@carolina_0803
@calcosares	@CarolsomeAsFuck
@calcosares	@Carras82xd
@calcosares	@Carrerisucks
@calcosares	@carther03
@calcosares	@catelyntlly
@calcosares	@CatWilderness_
@calcosares	@cclara_s
@calcosares	@CCurto99
@calcosares	@Cedimoro
@calcosares	@centuriesbea
@calcosares	@cesargavira
@calcosares	@CesarMendezAn
@calcosares	@CFOBlasCadiz
@calcosares	@CGFeral
@calcosares	@chaoticdemxn_
@calcosares	@CharlieReckless
@calcosares	@chaymaamgh
@calcosares	@chillandoavoces
@calcosares	@Ciorraga11
@calcosares	@claaudiamp
@calcosares	@ClaraHeavyInk
@calcosares	@ClauQuintana97
@calcosares	@Cleifachu
@calcosares	@Cleon_Murdek
@calcosares	@CntPirobloc
@calcosares	@complejodewendy
@calcosares	@constelacioneso
@calcosares	@constelacionxs
@calcosares	@coralggarcia
@calcosares	@Cow_Raptor
@calcosares	@CrisCardell
@calcosares	@crisenblanco
@calcosares	@CrisGaalindo
@calcosares	@CrisNavagon
@calcosares	@Cristi_H94
@calcosares	@cristianjm94
@calcosares	@cristinabini16
@calcosares	@Cristinafm97
@calcosares	@cristinillabaza
@calcosares	@crobomeselo
@calcosares	@CrujiAlex
@calcosares	@crystxlfem
@calcosares	@cucurux0
@calcosares	@cuerpoespin_
@calcosares	@CuloVeoCuloQuie
@calcosares	@currijo
@calcosares	@cyn31_
@calcosares	@Cytuko
@calcosares	@dadropovahat
@calcosares	@Daganitaw
@calcosares	@Dalayn
@calcosares	@Damiaveny
@calcosares	@Dan7a2
@calcosares	@Dani_Artime
@calcosares	@DaniAB111
@calcosares	@DanielLaine2
@calcosares	@danielmarinroda
@calcosares	@DanielQuinti
@calcosares	@DanySurfing7
@calcosares	@darklordu23
@calcosares	@DarknesSeeker
@calcosares	@datcowb0i
@calcosares	@Davadabum
@calcosares	@David_Pro_Fire
@calcosares	@davidamoza15
@calcosares	@Davidkaufmann16
@calcosares	@Dayno000
@calcosares	@dbalboag
@calcosares	@dbystander_
@calcosares	@DC_Irene
@calcosares	@dearzino
@calcosares	@Dejitaru_Tenshi
@calcosares	@des_curada
@calcosares	@destroyeah
@calcosares	@DestWestera
@calcosares	@dianalovemusic1
@calcosares	@DieRabenfluegel
@calcosares	@DiLaurentisGH
@calcosares	@Dimentocrata
@calcosares	@disikum
@calcosares	@distintabu
@calcosares	@dobrevslance
@calcosares	@Don_Ruben_96
@calcosares	@doodlesonmymind
@calcosares	@doritobreathgal
@calcosares	@Dragobeth
@calcosares	@DragonBlanco57
@calcosares	@Draiys
@calcosares	@DrDesarrapado
@calcosares	@drizzzyregui
@calcosares	@DrJordiPalau
@calcosares	@drotakutrash
@calcosares	@DSinapellido
@calcosares	@Dtravelis_
@calcosares	@dvaydiks
@calcosares	@DysulFurment
@calcosares	@eareny
@calcosares	@Eduardo37513934
@calcosares	@eduardoswiftie
@calcosares	@eeuusucks
@calcosares	@el_velilla
@calcosares	@ElChicoDelFav
@calcosares	@ElDemasaurio
@calcosares	@eleenasaenz
@calcosares	@ElenaCaulfield
@calcosares	@elenitacarrera
@calcosares	@ElHombreFenix
@calcosares	@Eli_Preussen
@calcosares	@eliallis
@calcosares	@elionorpons
@calcosares	@ElisaMarin15
@calcosares	@elizbethbennet
@calcosares	@EloyAlvarez
@calcosares	@eloyy_FCB
@calcosares	@emedemo
@calcosares	@Emma13__
@calcosares	@enara_sc
@calcosares	@EPalomer
@calcosares	@escapeofthecrow
@calcosares	@Ese_de_ahi
@calcosares	@espeecg
@calcosares	@EsperanzaGonzl3
@calcosares	@estarellasmaria
@calcosares	@estheeeer___
@calcosares	@estherfrechilla
@calcosares	@Estloveswest
@calcosares	@estoesunaarroba
@calcosares	@Estrellatenis
@calcosares	@eugenio76543
@calcosares	@Evelynencia
@calcosares	@ezpe22
@calcosares	@F2JV
@calcosares	@fakeskumwolf
@calcosares	@fallingmindz
@calcosares	@FansJesusYDani
@calcosares	@farfromlucy
@calcosares	@fckthewalkers
@calcosares	@FdezMartuchi
@calcosares	@fede_galera
@calcosares	@felipjauregui
@calcosares	@Fem_Shepard_
@calcosares	@femielf
@calcosares	@femilauri
@calcosares	@feminazida
@calcosares	@ferran_rosell
@calcosares	@Ferry_Alfenic
@calcosares	@fisnx
@calcosares	@Flowersofbloood
@calcosares	@Flrn_garcia
@calcosares	@francadaval
@calcosares	@Franciscomeroo
@calcosares	@FranGallRuiz
@calcosares	@freedom0886
@calcosares	@ftsastre
@calcosares	@FxxHoly
@calcosares	@gabicerqueiro
@calcosares	@gabrielatraver
@calcosares	@GagoKattalin
@calcosares	@galifar10
@calcosares	@GardeUnai
@calcosares	@GatewaytoGaga
@calcosares	@Gemamoreno_99
@calcosares	@GeminisFK
@calcosares	@geraltdr
@calcosares	@GingerNyx
@calcosares	@giovichm
@calcosares	@gisela_megurine
@calcosares	@GiselMartinez99
@calcosares	@GlintOfMadness
@calcosares	@glossykawa
@calcosares	@gmmaxx
@calcosares	@GMVelencoso
@calcosares	@Gold_21_
@calcosares	@Gomirtex
@calcosares	@goneyin
@calcosares	@gonregon4
@calcosares	@gonzalobusan
@calcosares	@gooonalp
@calcosares	@gotzonbasterra
@calcosares	@goyalanit
@calcosares	@gpbru89
@calcosares	@Gramenet20
@calcosares	@grlxpwr_
@calcosares	@gryffinwolf
@calcosares	@guiowart
@calcosares	@Guminaut_
@calcosares	@gunbutterfly
@calcosares	@h9kCSGO
@calcosares	@hadowfenix
@calcosares	@haizeacrespox
@calcosares	@hakanailuke
@calcosares	@Han17102003
@calcosares	@HanaTheHutt
@calcosares	@Hatriaxt
@calcosares	@HatsuRobin
@calcosares	@hegoikaballero3
@calcosares	@helena_lpr
@calcosares	@helio_gg
@calcosares	@Helium_N
@calcosares	@Hellhira
@calcosares	@Helloimluzana
@calcosares	@helloitsalba
@calcosares	@hessgold
@calcosares	@hexrtnight_
@calcosares	@hfkaties
@calcosares	@Hi_Im_Vrola
@calcosares	@HieloEnLlamas_
@calcosares	@HierroXH
@calcosares	@HiIamGabri_
@calcosares	@HijodeEsdeath
@calcosares	@hikarimone
@calcosares	@hikaryn_
@calcosares	@holyzach
@calcosares	@HoneyfrootWitch
@calcosares	@hostiaputatio
@calcosares	@Huntarhhh
@calcosares	@hyylvx
@calcosares	@i_insectica
@calcosares	@iaumiau
@calcosares	@IdoiaPuertas
@calcosares	@ielowsubmarin
@calcosares	@iKingJes
@calcosares	@ilikebaands
@calcosares	@ImDanceComander
@calcosares	@IncognitoMudkip
@calcosares	@inDanielson
@calcosares	@IneditaInes
@calcosares	@inmyuh
@calcosares	@innklou
@calcosares	@InsaneEmptyness
@calcosares	@intodallasoul
@calcosares	@intrspctvhearts
@calcosares	@Invader_Airin
@calcosares	@iordj
@calcosares	@IreeneGon
@calcosares	@Irekyouma
@calcosares	@IrenBlack
@calcosares	@irenebonet22
@calcosares	@irenecuestta
@calcosares	@IRENEIFG
@calcosares	@irenejce_
@calcosares	@irenemiguel__
@calcosares	@irenenopenope
@calcosares	@irijurado
@calcosares	@irunelasa
@calcosares	@IsaacHeavyMetal
@calcosares	@IsabelRejo
@calcosares	@isakvbech
@calcosares	@IsaMirCrespi
@calcosares	@isasprayberry
@calcosares	@isazzel
@calcosares	@isra14__
@calcosares	@ItnassRiff
@calcosares	@itsarakuya
@calcosares	@itsbadgirlxx
@calcosares	@itscw
@calcosares	@ItsDeviiBitch
@calcosares	@ItsLucius
@calcosares	@ItsMari_vdk
@calcosares	@ItsSangoKGhost
@calcosares	@Itsu_Phoenix
@calcosares	@itsxmendesb94
@calcosares	@itsxraulsanchez
@calcosares	@Itxsciencebro
@calcosares	@IvanAcebes_
@calcosares	@IvanimalNott
@calcosares	@IvanRSaldias
@calcosares	@Ivi_Plisetsky
@calcosares	@IvieiArt
@calcosares	@iwantsomecolor
@calcosares	@izar_garcia
@calcosares	@JA_MDS
@calcosares	@JackArioKing
@calcosares	@jacksftmyself
@calcosares	@jadamaYT
@calcosares	@jamorenoromero
@calcosares	@JanaSanchez92
@calcosares	@JaumeMayorAgell
@calcosares	@JaumeSanch
@calcosares	@JavierCasares
@calcosares	@JavierElHonesto
@calcosares	@JavierSantos47
@calcosares	@javiersarellno
@calcosares	@javiobono01
@calcosares	@JBordoyM
@calcosares	@jc23bcn
@calcosares	@jennyferriera
@calcosares	@Jessii_LL
@calcosares	@jessxsp
@calcosares	@JeyBebop
@calcosares	@Jimena_jota14
@calcosares	@jimixnie
@calcosares	@JinxedLilith
@calcosares	@jmarchn
@calcosares	@Jnirap
@calcosares	@Joana121608
@calcosares	@joanoller19
@calcosares	@JohnCanamero
@calcosares	@JohnnyDessu
@calcosares	@JohnSylux
@calcosares	@JoltCharly
@calcosares	@jonanpesos77
@calcosares	@JonaPLS_
@calcosares	@jonaswtf
@calcosares	@jone_gordoa
@calcosares	@jonka__
@calcosares	@JonyLetran
@calcosares	@JorahElAndalo
@calcosares	@JordiCanalias
@calcosares	@JordiRapture36
@calcosares	@Jordivilafont
@calcosares	@jorgeHDD
@calcosares	@jorgeibor4
@calcosares	@josema98_web
@calcosares	@JossJoseba
@calcosares	@JotaSadness
@calcosares	@JowiRp
@calcosares	@jperezr98
@calcosares	@jrpm71
@calcosares	@jsarribas7
@calcosares	@JuampaNew
@calcosares	@JuanAlbendea
@calcosares	@JuancarTaranco
@calcosares	@JuancaSharingan
@calcosares	@juanmiipantoja
@calcosares	@judithriko
@calcosares	@JuditOnFire_
@calcosares	@julia_turner_
@calcosares	@Juliaberges99
@calcosares	@JuliaGil5
@calcosares	@Julio_Nogales
@calcosares	@juliusprance
@calcosares	@juneeem_
@calcosares	@junimont
@calcosares	@jusshawnvoice
@calcosares	@JustAShadowGame
@calcosares	@juviett_
@calcosares	@Kai_Pokefan
@calcosares	@KaiKaiba8
@calcosares	@Kalathos79
@calcosares	@kanashiineko__
@calcosares	@kanovicuix
@calcosares	@KelsyIs
@calcosares	@keyylss
@calcosares	@KherenBalder
@calcosares	@khronista
@calcosares	@Kikilopsky
@calcosares	@Kilianhoffer
@calcosares	@KilledByDeath__
@calcosares	@Kinabi_
@calcosares	@Kindd_
@calcosares	@Kinoax
@calcosares	@kiriyaisalive
@calcosares	@kitkatslau
@calcosares	@kitsunebulosa_
@calcosares	@Kiwilemon_
@calcosares	@KlutzyPuffPaws
@calcosares	@KoemanRAP
@calcosares	@kolegomaxo
@calcosares	@kondxs
@calcosares	@Krolmaltese
@calcosares	@KZKMEro
@calcosares	@L3O_N10
@calcosares	@La__Vida__
@calcosares	@laadyyluck
@calcosares	@laaurasoler
@calcosares	@lachicasadbad
@calcosares	@LADELABOTELLA
@calcosares	@Lady_Milith
@calcosares	@LadySusurro
@calcosares	@lafenes
@calcosares	@Lagon_93
@calcosares	@lahiriknope
@calcosares	@LaiaAuryner
@calcosares	@LaiaBlake
@calcosares	@LaiaBreathe
@calcosares	@LaiaValles
@calcosares	@Lakstack
@calcosares	@LaloDiamond_
@calcosares	@lamaynade
@calcosares	@LamboKaminari
@calcosares	@Lancero_Romero7
@calcosares	@Lanoviadlapizza
@calcosares	@lara_o15
@calcosares	@larsarten
@calcosares	@Lau7058
@calcosares	@laucarriqui
@calcosares	@LauMerino97
@calcosares	@lauraa_perez8
@calcosares	@lauraaartigues
@calcosares	@LauraBMars
@calcosares	@lauradcg9
@calcosares	@LauraMaraver
@calcosares	@LauraNubiola
@calcosares	@laurimorland
@calcosares	@lauuucox
@calcosares	@lauvmin
@calcosares	@Lawlietina
@calcosares	@lawraml13
@calcosares	@lbbhmarta
@calcosares	@leaaoller
@calcosares	@leighadestiny
@calcosares	@LeiredeBlas1
@calcosares	@Lenaah_97
@calcosares	@Lenacarrilero
@calcosares	@Leniwis
@calcosares	@LHenlucha
@calcosares	@liahalcyon
@calcosares	@LidiaDelTirso
@calcosares	@lindacaffolla
@calcosares	@Lirika_10
@calcosares	@lisaaspain
@calcosares	@littledreamer4
@calcosares	@LittleGirl_Bad
@calcosares	@LittleMuser_
@calcosares	@LittleRxdBird
@calcosares	@LizaAMC
@calcosares	@llory727
@calcosares	@llucia_01
@calcosares	@lmaosaurus_rex
@calcosares	@localsadgurI
@calcosares	@lokabrenna_
@calcosares	@LondaronLosGod
@calcosares	@lopomaro
@calcosares	@LoraInThePanda
@calcosares	@lorenaa_g3
@calcosares	@lorenaragonn
@calcosares	@lorenasolo3
@calcosares	@lorenzoqm
@calcosares	@lorinia_
@calcosares	@louischances
@calcosares	@Lourdixis
@calcosares	@lovingindie
@calcosares	@lucasval97
@calcosares	@LuciaGO_12
@calcosares	@LuciaMena_SeeU
@calcosares	@luciaxshd
@calcosares	@LudereFausto
@calcosares	@luigilago
@calcosares	@luis94gaitan
@calcosares	@Luisenr63043311
@calcosares	@LuMaister
@calcosares	@LunarKnigth
@calcosares	@lupuslupus26
@calcosares	@LuRoNaGuEz
@calcosares	@luttynorlax
@calcosares	@lux_artema
@calcosares	@lxarte16
@calcosares	@m_ros14
@calcosares	@maarcforness
@calcosares	@MaariinaaBm8
@calcosares	@macarebelle
@calcosares	@macXavierPOTAT0
@calcosares	@MaddieVanAlen
@calcosares	@Madonno_
@calcosares	@Maho_Selfish
@calcosares	@maiteagirre1
@calcosares	@Majestic_Saix
@calcosares	@Majravilla
@calcosares	@manel_lafarga
@calcosares	@mannyrull
@calcosares	@manuro98as
@calcosares	@Mar__Bcn
@calcosares	@Mar_s98
@calcosares	@Mar_Santorini
@calcosares	@Mara2000Maria
@calcosares	@MaraBehappy
@calcosares	@MarAzzouz
@calcosares	@marbelvidal101
@calcosares	@MarcGarciaQ
@calcosares	@MarCifFer
@calcosares	@marcosgyanes
@calcosares	@marcsevi26
@calcosares	@MarcSwine
@calcosares	@margacladeraa_
@calcosares	@MargotRot
@calcosares	@Margunis_16
@calcosares	@Mariajudith_rme
@calcosares	@MariaLindemannV
@calcosares	@MariaReferendum
@calcosares	@Maribel_Conde
@calcosares	@mariinastyles
@calcosares	@Marina_Iturri
@calcosares	@marina12tro
@calcosares	@Marinaa179
@calcosares	@MarinaCasero5
@calcosares	@marinafmz
@calcosares	@MarinaRubi_8
@calcosares	@marinassoler
@calcosares	@Mario_hn
@calcosares	@MarionaMuntaner
@calcosares	@Markelh97
@calcosares	@MarlosWarlos
@calcosares	@marponan
@calcosares	@marqui_9
@calcosares	@Marta_Dols
@calcosares	@marta_dominguis
@calcosares	@martaapol
@calcosares	@martacobixeira
@calcosares	@martadalmau23
@calcosares	@Martalebel
@calcosares	@MartaLuzuriaga
@calcosares	@MartaMoya08
@calcosares	@MartaSantio
@calcosares	@MartinAkaHeine
@calcosares	@martinezrcd87
@calcosares	@martingerz_
@calcosares	@marxismoak
@calcosares	@maryftvibezzz
@calcosares	@masoal_
@calcosares	@matxxalen
@calcosares	@MatyCyndaPoke
@calcosares	@mawiliita
@calcosares	@Maybeaparadox
@calcosares	@maybemonkeys
@calcosares	@mcheloous
@calcosares	@Meg_39_
@calcosares	@Meikecass
@calcosares	@mejillonsuicida
@calcosares	@melll8969
@calcosares	@Menitex
@calcosares	@merche_galreina
@calcosares	@MerinoClia
@calcosares	@merkidd
@calcosares	@MetaruKujo
@calcosares	@mi_putavida
@calcosares	@Miareando
@calcosares	@miau_meeow
@calcosares	@MidorikoInk
@calcosares	@miguelangelvivr
@calcosares	@mikesruins
@calcosares	@mikethirlwall
@calcosares	@mikeyfdez
@calcosares	@MikiLuqueBarco
@calcosares	@MikuDeOz
@calcosares	@milian10
@calcosares	@MIND0FMINE
@calcosares	@minenine_
@calcosares	@minmikyuu
@calcosares	@Mirandus50
@calcosares	@mireiacsdmt
@calcosares	@MiskoJonesVMP
@calcosares	@miss_lunaticang
@calcosares	@MissFunafuti
@calcosares	@MissHedone
@calcosares	@MissLesbianWeed
@calcosares	@MissLies_
@calcosares	@MissMusain
@calcosares	@MitsukiAuri
@calcosares	@Mizuno_sempai
@calcosares	@mm_nathalia
@calcosares	@MMeriyou
@calcosares	@mmitkoc
@calcosares	@moarurun
@calcosares	@mochiugotnojams
@calcosares	@Monica_Roman99
@calcosares	@Monicalvrzalvrz
@calcosares	@mons_cm
@calcosares	@montiagudo
@calcosares	@monyeco
@calcosares	@moonycipher
@calcosares	@moripoodle
@calcosares	@morirmucho
@calcosares	@mponsca
@calcosares	@mrclaudia23
@calcosares	@MrLimoncito
@calcosares	@mrpillou
@calcosares	@MrsAllMarina
@calcosares	@mrsreidx
@calcosares	@MuerdeMentes
@calcosares	@mugiiwaara
@calcosares	@Musibert
@calcosares	@MusicOn_M
@calcosares	@MVillarino99
@calcosares	@MyAndreaRomance
@calcosares	@mychemicalbowie
@calcosares	@mygingerlora
@calcosares	@mynameisandd
@calcosares	@mynamemycolor
@calcosares	@Myownworldyep
@calcosares	@nadenay
@calcosares	@Nameless_Chaos
@calcosares	@naoxbbc
@calcosares	@Napstawolf
@calcosares	@NariunaChan
@calcosares	@narsusad
@calcosares	@Natalia150414
@calcosares	@NattAish
@calcosares	@naturadecapsdde
@calcosares	@Naxx_3000
@calcosares	@Neckius
@calcosares	@neknauj
@calcosares	@neliarths
@calcosares	@neogeo39
@calcosares	@Neph_rite
@calcosares	@Nerea_2410
@calcosares	@nereatxuu
@calcosares	@nereavrguez
@calcosares	@nevxend
@calcosares	@NewTirantesDe
@calcosares	@NexoFox
@calcosares	@niallsflickr
@calcosares	@Nicaraua22
@calcosares	@NickTeamDraw
@calcosares	@nieevescasas_
@calcosares	@Nieves282
@calcosares	@NilLilian
@calcosares	@nimphadorablack
@calcosares	@NinePazG
@calcosares	@nininoona
@calcosares	@nmbcp
@calcosares	@nnuuki
@calcosares	@noah_pomar
@calcosares	@noanimeclub
@calcosares	@nobodysaid1976
@calcosares	@Noe1398
@calcosares	@noeliakrnzi
@calcosares	@noeliamisstop
@calcosares	@NoeliaPanda
@calcosares	@noeliasacovela
@calcosares	@Noexiiste99
@calcosares	@Nome8808
@calcosares	@nomitraso
@calcosares	@NongratReformed
@calcosares	@Noottna
@calcosares	@NoPennywise
@calcosares	@Noriiyaa
@calcosares	@NotNeblinosaaa
@calcosares	@Novarapid3
@calcosares	@NpeyLoL
@calcosares	@NriaCapella
@calcosares	@nuncaesttarde
@calcosares	@nuria7x_
@calcosares	@NuriaDomingo2
@calcosares	@nuriamilan
@calcosares	@Nvrendrs_
@calcosares	@nxadt
@calcosares	@nyrk28
@calcosares	@ocalvo73
@calcosares	@octaviabutera
@calcosares	@Ofendidisima
@calcosares	@ohsosclifford
@calcosares	@okokJohnny
@calcosares	@Olgams27
@calcosares	@oliviahache
@calcosares	@OMGunhipster
@calcosares	@onemotherfucker
@calcosares	@OniKCM
@calcosares	@OnlyDreamAgain
@calcosares	@opiumflxwer
@calcosares	@orphanbrochu
@calcosares	@OsAmaBillLarren
@calcosares	@Oscar211999
@calcosares	@OsSiCl
@calcosares	@otgersalian
@calcosares	@OtxyuriOnIce
@calcosares	@P_a_u___
@calcosares	@paaaa_1234
@calcosares	@Paabloo_RMCF
@calcosares	@pablo_alcon2
@calcosares	@pablo_NF98
@calcosares	@PabloMtez_1017
@calcosares	@PabloPacman
@calcosares	@pablorv97
@calcosares	@Pablowali
@calcosares	@padillamarta_
@calcosares	@PalomitaLP_
@calcosares	@Pandericruiz
@calcosares	@pao_rod10
@calcosares	@ParawhorePride
@calcosares	@Pareeeeeeeeedes
@calcosares	@patat3jant
@calcosares	@PatataDaltonica
@calcosares	@patatasabrosa
@calcosares	@patokian
@calcosares	@patri_busquets
@calcosares	@PattTheStripper
@calcosares	@pau_carretero
@calcosares	@PauBaiget
@calcosares	@paucp97
@calcosares	@paugrant
@calcosares	@PaulaaGancedo
@calcosares	@paulagar066
@calcosares	@paulagxbler
@calcosares	@PaulaPalomo16
@calcosares	@pauliiis99
@calcosares	@Pauline_Toole
@calcosares	@paulinsxkarla
@calcosares	@pauseguraalonso
@calcosares	@pauwinchestah
@calcosares	@pavloviu
@calcosares	@pawchito
@calcosares	@Paxii99
@calcosares	@pbenavente_
@calcosares	@Pedro_Ankersmit
@calcosares	@PedroMotMad
@calcosares	@PerePaella
@calcosares	@petitagirrl
@calcosares	@Petruhpi
@calcosares	@Pferamaya
@calcosares	@pinkhellsbian
@calcosares	@Pinkukeki
@calcosares	@pinshos
@calcosares	@pitu_mikel
@calcosares	@piybf
@calcosares	@PizzaHeterofoba
@calcosares	@pleonasmo__
@calcosares	@PMBoldo
@calcosares	@PoisonVegan
@calcosares	@PolarIsWhoIAm
@calcosares	@polcasanovaslb
@calcosares	@polffreijo
@calcosares	@Pollo_Cross
@calcosares	@Polly_SDR
@calcosares	@Polorem1
@calcosares	@PolRoset
@calcosares	@popmusicmore
@calcosares	@ppalmada
@calcosares	@preventrip
@calcosares	@PrincipeAbsurdo
@calcosares	@PrincipexGH
@calcosares	@PROJECT_PutoAmo
@calcosares	@proudofselene
@calcosares	@proyectosnolen1
@calcosares	@psicofilyus
@calcosares	@Punx_47
@calcosares	@putogordoperobu
@calcosares	@pvivancos_98
@calcosares	@QTD_javier
@calcosares	@Quebinquebien
@calcosares	@queraltkira
@calcosares	@QuienUnJoestar
@calcosares	@quimgdcr
@calcosares	@ra_haru
@calcosares	@RadioAngel_
@calcosares	@rafa_garau
@calcosares	@RafaelDragneel_
@calcosares	@Raicer2600
@calcosares	@RaiderVash
@calcosares	@rain_eggos
@calcosares	@rainboeah
@calcosares	@raksal6
@calcosares	@Ralbarn
@calcosares	@RandomRanz
@calcosares	@RaquelWillBiteU
@calcosares	@raqueruu
@calcosares	@Raul_rac98
@calcosares	@raulg799
@calcosares	@Raylual
@calcosares	@rb_roi
@calcosares	@RebecaOtero9
@calcosares	@rebecavarea
@calcosares	@recklesshxrry
@calcosares	@RedOwl313
@calcosares	@RedRiderV
@calcosares	@Remm00
@calcosares	@ren_tobar
@calcosares	@Repipoke
@calcosares	@resino_juan
@calcosares	@Retorn2k47
@calcosares	@Ricard_Rojals
@calcosares	@RichioMayer
@calcosares	@rinert_42
@calcosares	@Riotgrrrl25
@calcosares	@ripsoren
@calcosares	@RlFFlAN
@calcosares	@Robeer_G
@calcosares	@robert9ferreres
@calcosares	@Robertagbetty
@calcosares	@rocio_1357
@calcosares	@RocioVadillo
@calcosares	@RockieFemme
@calcosares	@RockieRyuko
@calcosares	@rogerbenach
@calcosares	@rogerrstark
@calcosares	@Roldier
@calcosares	@roobre
@calcosares	@RosesNegres
@calcosares	@rosquilla
@calcosares	@rpuerto_
@calcosares	@RubenRaz
@calcosares	@rubiusftmary
@calcosares	@Ruperty3Pascu
@calcosares	@rusoz
@calcosares	@RvolutionPsycho
@calcosares	@RX_Queen123
@calcosares	@Saba1605
@calcosares	@sabanasdecolor
@calcosares	@sabrinarguez
@calcosares	@SadicGirl
@calcosares	@Sahakiel
@calcosares	@SakinaElBou
@calcosares	@Sakurashinobi
@calcosares	@salma_pandachan
@calcosares	@Salmex_5
@calcosares	@Salvatore_e_
@calcosares	@sam_kidb
@calcosares	@samuel_zama
@calcosares	@Samurulo1
@calcosares	@sandraeesteve
@calcosares	@sandrasm297
@calcosares	@SantsTV
@calcosares	@SaphirBanshee
@calcosares	@sara4399
@calcosares	@saragapz
@calcosares	@sarah_wolfy
@calcosares	@SaraTheCatt
@calcosares	@SariitaTar
@calcosares	@Saritaa_72
@calcosares	@sarxgmlr
@calcosares	@SaryMuse9
@calcosares	@Saternoir
@calcosares	@ScallisonGH
@calcosares	@Schizophrenikus
@calcosares	@Sebas_Tek
@calcosares	@seitandelbueno
@calcosares	@Seiyii
@calcosares	@sel_salvador
@calcosares	@Sen_S_Armstrong
@calcosares	@SerDeathSorrows
@calcosares	@sergibenitoilla
@calcosares	@SergiFerry
@calcosares	@SergiMas2
@calcosares	@Sergioblood
@calcosares	@Sergiolopez8
@calcosares	@sergius444
@calcosares	@serlopez00
@calcosares	@serordinario
@calcosares	@serrrrgy
@calcosares	@SharknessVS
@calcosares	@shawnserein
@calcosares	@SheilaPerz_
@calcosares	@Sherems95
@calcosares	@Sherlockain
@calcosares	@siempreinsumiso
@calcosares	@silvanaras7
@calcosares	@Silwia99
@calcosares	@SiraPalma
@calcosares	@Sistemacrf
@calcosares	@Skadi_R
@calcosares	@skiestroye
@calcosares	@smileonzjm
@calcosares	@Sofi_CarpeDiem
@calcosares	@sofiavcm
@calcosares	@SofiliPony
@calcosares	@SohappyMarina
@calcosares	@sol_solet
@calcosares	@Sombrastickman
@calcosares	@SoniPowerr
@calcosares	@SonSeulgwan
@calcosares	@Sooomewhere
@calcosares	@Soooraayaa
@calcosares	@sophie_arale
@calcosares	@Sorendix
@calcosares	@sorxya
@calcosares	@southbroadway_
@calcosares	@sowhat_h
@calcosares	@SpiderGMan
@calcosares	@SquasewV2
@calcosares	@SrBlankly
@calcosares	@srchinaski
@calcosares	@SrtaVolant
@calcosares	@sruizanita
@calcosares	@Sryass
@calcosares	@ssuarezcu
@calcosares	@stargirl396
@calcosares	@starrymomo__
@calcosares	@stratfordkdhl
@calcosares	@Strawhat96
@calcosares	@suchcurls
@calcosares	@SuDraKeYT
@calcosares	@Sugarei_
@calcosares	@SupremeReales
@calcosares	@SurtenSoita
@calcosares	@Susana_Abello
@calcosares	@susiemess
@calcosares	@suzannamuzic
@calcosares	@svperguay
@calcosares	@sweetdreamhater
@calcosares	@sxdnane
@calcosares	@sxgarskulls
@calcosares	@sxphiequartz
@calcosares	@szayel12
@calcosares	@Szuikenh_Tarkal
@calcosares	@tadel_15
@calcosares	@takaforo
@calcosares	@tarragapls
@calcosares	@TartitasDeQueso
@calcosares	@TassjaArt
@calcosares	@Tatopequeno
@calcosares	@taxo_tw
@calcosares	@TemporalPunch
@calcosares	@Terex99
@calcosares	@terroristacult
@calcosares	@TetillasLarue8
@calcosares	@Tetrix35
@calcosares	@the_last_child
@calcosares	@TheEvilChild
@calcosares	@thegonza98
@calcosares	@TheLegendOfHyaa
@calcosares	@theNAone
@calcosares	@TheRealTization
@calcosares	@TheRobotSoul
@calcosares	@TheRuNoP
@calcosares	@TheStickman6
@calcosares	@TheVascoOp
@calcosares	@Threule
@calcosares	@ThunderKiiwi
@calcosares	@TipaConOpinion
@calcosares	@tmcrespifranch
@calcosares	@toalaci
@calcosares	@tocaboires
@calcosares	@tomand0cafe
@calcosares	@Tommy_asuaje
@calcosares	@ToniMM8
@calcosares	@toninaa98
@calcosares	@toniyolga
@calcosares	@ToriConFullHD
@calcosares	@ToriTorrijas
@calcosares	@tormenta___
@calcosares	@trikuKONO
@calcosares	@Tronco_L_S
@calcosares	@Tronius_San
@calcosares	@tuputamare96
@calcosares	@TurkischSichel
@calcosares	@tuurnes
@calcosares	@tuvecinaAK
@calcosares	@twilightomens_
@calcosares	@Txema_Pamundi
@calcosares	@uli1500
@calcosares	@UltraMan320
@calcosares	@ultraxangels
@calcosares	@ultyvngi
@calcosares	@umysnowflake
@calcosares	@Una_rara_luz
@calcosares	@UnaMaghribia
@calcosares	@unaquedibuja
@calcosares	@unforgivn_
@calcosares	@unicorneus_
@calcosares	@Unipour
@calcosares	@untalfons0
@calcosares	@untamedpurpose
@calcosares	@unwealmcvey
@calcosares	@Urraks11
@calcosares	@Usamomote
@calcosares	@ustftbanana
@calcosares	@utopiansky_
@calcosares	@uyuiyu
@calcosares	@v4rito
@calcosares	@ValentinaSMTH
@calcosares	@ValentinMCal
@calcosares	@ValkirieSawYou
@calcosares	@ValkSan
@calcosares	@vampsftbenjamin
@calcosares	@variedad
@calcosares	@vcarreno
@calcosares	@VectorToHeavens
@calcosares	@vethpayne
@calcosares	@viboraz1
@calcosares	@vicctor_99
@calcosares	@vicenssala
@calcosares	@victores01
@calcosares	@VientoAureo
@calcosares	@vientoenllamas
@calcosares	@vistiendogucci
@calcosares	@visualomelette
@calcosares	@volandovengoh
@calcosares	@Voltarmeunt
@calcosares	@VPV22
@calcosares	@Vsiguagua
@calcosares	@w0k0t
@calcosares	@WaifuEmblem
@calcosares	@wandalightwood
@calcosares	@Wanxrbiheda
@calcosares	@WaRRioR98_
@calcosares	@wartosteve
@calcosares	@WhaleMarineCat
@calcosares	@WhisperToHell
@calcosares	@WhoIsFosa
@calcosares	@WillowHaIe
@calcosares	@WisdomPaloma
@calcosares	@wolfiekeelly
@calcosares	@wonhxid_
@calcosares	@woofieh
@calcosares	@x2l2
@calcosares	@Xabier_Iturrioz
@calcosares	@XabiGonzalez9
@calcosares	@xalbafernandez
@calcosares	@xavi_g_acosta
@calcosares	@xaviermenchon
@calcosares	@xbietkax
@calcosares	@xDruman
@calcosares	@Xelathar
@calcosares	@xGazzLoL
@calcosares	@xginahoney
@calcosares	@Xiscally
@calcosares	@Xiscamariia
@calcosares	@xliciapastor
@calcosares	@xlsuperkanlx
@calcosares	@xMsZombie
@calcosares	@xshimminie
@calcosares	@xwomaninthebox
@calcosares	@y_un_pimiento
@calcosares	@yaizar16
@calcosares	@YaizaResa
@calcosares	@yakondra
@calcosares	@YamaxanaduFTW
@calcosares	@YanickYvan
@calcosares	@ybadbrio
@calcosares	@YdderfTorres
@calcosares	@Ynsomnyv
@calcosares	@yoonstinlmj
@calcosares	@YoSoyELO
@calcosares	@Youlovemydrug
@calcosares	@yoursweetsorrow
@calcosares	@YumaRuchi
@calcosares	@yungembustera
@calcosares	@yungkamrade
@calcosares	@yussef_1005
@calcosares	@Yuuuste
@calcosares	@Zamcrat
@calcosares	@zapoteckz
@calcosares	@Zatch_OW
@calcosares	@ZawaSenpai
@calcosares	@zaynblessing_
@calcosares	@ZeroBetweenUs
@calcosares	@zingoramia
@calcosares	@ZoeBuuC
@calcosares	@Zoraizori
@calcosares	@ZurQuk
@calcosares	@zzdinamiczz
@callmeradfem	@cansadizzima
@camargoraul	@_Contemplador
@camargoraul	@_Irenemazaira_
@camargoraul	@_kodrito
@camargoraul	@_Reiko24_
@camargoraul	@123zasca
@camargoraul	@3Republicaviva
@camargoraul	@555Azalea
@camargoraul	@59Joseb
@camargoraul	@92Esthergarcia
@camargoraul	@aargudo6
@camargoraul	@aasensiog
@camargoraul	@AbrahamTarrason
@camargoraul	@adammanye
@camargoraul	@adoranser
@camargoraul	@agaguigar
@camargoraul	@aimartri
@camargoraul	@AkerAkerra
@camargoraul	@AkilinoL
@camargoraul	@AlbertArnavat
@camargoraul	@AlbertoNieto_
@camargoraul	@albertor00
@camargoraul	@Albertpunkcela
@camargoraul	@alexballes1989
@camargoraul	@Alexis_Rescue
@camargoraul	@alexpsan
@camargoraul	@Alfon_libertad
@camargoraul	@AlfredMisfit
@camargoraul	@AlfredoMartin7
@camargoraul	@Algonfdez
@camargoraul	@alitwittt
@camargoraul	@Amaranta_2012
@camargoraul	@amilibia
@camargoraul	@AnaGuuuinini
@camargoraul	@anaisnintendo
@camargoraul	@AnaP_Martinez
@camargoraul	@Andreaperezg17
@camargoraul	@andrenio55
@camargoraul	@andres_tecno
@camargoraul	@andrewsacher15
@camargoraul	@AngelMendezMar3
@camargoraul	@annabizkaia
@camargoraul	@anticapi
@camargoraul	@anticapicyl
@camargoraul	@AnticapiHuelva
@camargoraul	@antikapitalista
@camargoraul	@antoni_oruga
@camargoraul	@antoniaamoraga1
@camargoraul	@antonifm23
@camargoraul	@Antonito_65
@camargoraul	@antropobattist
@camargoraul	@AntunezNgel
@camargoraul	@Anyi_anonadada
@camargoraul	@Aran1Oct
@camargoraul	@Arcaravan7
@camargoraul	@argonathobbes
@camargoraul	@Arranogorri1974
@camargoraul	@asanchoroyo
@camargoraul	@autorJuanPinto
@camargoraul	@BarquereoM
@camargoraul	@BeatrizGimeno1
@camargoraul	@begonys
@camargoraul	@BeltranObiol
@camargoraul	@bertagv14
@camargoraul	@bespierre
@camargoraul	@bibibi_on
@camargoraul	@BlaancaNiieves
@camargoraul	@bnoro
@camargoraul	@bob_bobito
@camargoraul	@BodenyFreiheit
@camargoraul	@borrasensenyat
@camargoraul	@BraisRomanino
@camargoraul	@Brunotoba
@camargoraul	@c0coroco
@camargoraul	@CarladeNicolas
@camargoraul	@carlos_maxcali
@camargoraul	@CarmeBonet1
@camargoraul	@Caroljt_LT
@camargoraul	@casababel66
@camargoraul	@Castorcito2010
@camargoraul	@cavallnegre
@camargoraul	@CDani90
@camargoraul	@charicebrianten
@camargoraul	@ChiketaLb
@camargoraul	@chinchelapies
@camargoraul	@Chuso9094
@camargoraul	@city_affairs
@camargoraul	@clari_11_71
@camargoraul	@clauditxu
@camargoraul	@ConchaCeballos1
@camargoraul	@concht1
@camargoraul	@Covadon11301302
@camargoraul	@cucahernandez
@camargoraul	@cvilacalvo
@camargoraul	@danidemence
@camargoraul	@DaniTanco
@camargoraul	@Daviddelafuent1
@camargoraul	@DavidLlorenteS
@camargoraul	@decorteacrata
@camargoraul	@desconnectada
@camargoraul	@desidiaindolent
@camargoraul	@DoBleGOS
@camargoraul	@DRicardo_98
@camargoraul	@Dwnkl
@camargoraul	@EAarteako12
@camargoraul	@EdurneCesbri
@camargoraul	@elenahi19746578
@camargoraul	@elmojama4
@camargoraul	@emilival2012
@camargoraul	@encarniansa
@camargoraul	@enpiedecalle
@camargoraul	@EnverAzMe
@camargoraul	@Es01742275
@camargoraul	@estrateglobal
@camargoraul	@EtorManterola
@camargoraul	@eugenia96548351
@camargoraul	@FelipeOmilmar
@camargoraul	@fernacorral
@camargoraul	@Fliperfefo
@camargoraul	@FlyingS14652197
@camargoraul	@Fonsaco10
@camargoraul	@fotoAG29
@camargoraul	@FranCasamayor
@camargoraul	@FrankBelt2
@camargoraul	@gabrielapetrie
@camargoraul	@gatunofelinez
@camargoraul	@gbarcrom69
@camargoraul	@germanlogro
@camargoraul	@globalspectator
@camargoraul	@GlolarLara
@camargoraul	@GloriaSacer
@camargoraul	@godot_gio
@camargoraul	@gonsol01
@camargoraul	@grajose19
@camargoraul	@gresgris20
@camargoraul	@Han17102003
@camargoraul	@hasta_pirineos
@camargoraul	@HelenFlix
@camargoraul	@HenryDark9
@camargoraul	@HerNenya
@camargoraul	@hodlas
@camargoraul	@ielowsubmarin
@camargoraul	@irenealbalat
@camargoraul	@IsabelQuintansR
@camargoraul	@itacablog
@camargoraul	@ivanfaccia
@camargoraul	@JacintaLaPunky
@camargoraul	@jackherer
@camargoraul	@jaumerigotorres
@camargoraul	@javier32850225
@camargoraul	@javieribz
@camargoraul	@javipol
@camargoraul	@javisetero
@camargoraul	@jcarlos_mur
@camargoraul	@JLGONZALEZ5
@camargoraul	@JM90PI
@camargoraul	@jmpbgs
@camargoraul	@jmtn1977
@camargoraul	@joan_rosanas
@camargoraul	@joanarumiprat
@camargoraul	@JoanPreseguer
@camargoraul	@JoaquimSevilla
@camargoraul	@jordicanudas
@camargoraul	@jordimerino75
@camargoraul	@jordiramon7
@camargoraul	@jordivilar66
@camargoraul	@josAnt_77
@camargoraul	@joserggp
@camargoraul	@JoseVaMu
@camargoraul	@JosMan_GoGi
@camargoraul	@JosuneGil
@camargoraul	@jpoveda1977
@camargoraul	@jromerosanchez1
@camargoraul	@jsalvata
@camargoraul	@juan_molina01
@camargoraul	@JuliaAlcodori
@camargoraul	@juliacl60
@camargoraul	@JulioM_Labrador
@camargoraul	@Julioperezsuar1
@camargoraul	@kaitomanker
@camargoraul	@Kali_si
@camargoraul	@kantiano17
@camargoraul	@kAt21NovoPinto
@camargoraul	@kidrhlxgh
@camargoraul	@kikecuto
@camargoraul	@kPhilby
@camargoraul	@l_lusaa
@camargoraul	@lantoniola
@camargoraul	@lauragarfer15
@camargoraul	@laurapaolalys
@camargoraul	@leguab
@camargoraul	@letras15M
@camargoraul	@liber72
@camargoraul	@Lina_Odena
@camargoraul	@LittleDesastre
@camargoraul	@lledocz_22
@camargoraul	@llturro
@camargoraul	@LluviaKaotika
@camargoraul	@LolaPareja
@camargoraul	@Lorylagatuna
@camargoraul	@Luciano1Alberti
@camargoraul	@luciapitelhuert
@camargoraul	@lugarignoto
@camargoraul	@m_doncel
@camargoraul	@maarcuus_70
@camargoraul	@MabelFigueruelo
@camargoraul	@mai_haikatxo
@camargoraul	@Malenidiazguill
@camargoraul	@Marcelino2010
@camargoraul	@Margaivo
@camargoraul	@MariadelRioS
@camargoraul	@MariaJesusGarc5
@camargoraul	@MarianittaRt
@camargoraul	@mariaoffduty
@camargoraul	@martagg
@camargoraul	@martblonde
@camargoraul	@martxoak3gogoan
@camargoraul	@MarySarazola
@camargoraul	@marysol_castro
@camargoraul	@matojos10
@camargoraul	@maulet_
@camargoraul	@MayteLozanoRub1
@camargoraul	@mccanalesd
@camargoraul	@MERCEDES1860
@camargoraul	@MercedesRC
@camargoraul	@merchicle
@camargoraul	@micro16f84a
@camargoraul	@miguelansg
@camargoraul	@MiguelTrahanno
@camargoraul	@MilitarHerido
@camargoraul	@Miquel_BF
@camargoraul	@mmssmms
@camargoraul	@Montesdeoca1985
@camargoraul	@MontseEstruch
@camargoraul	@msimonor
@camargoraul	@nadenay
@camargoraul	@naturadecapsdde
@camargoraul	@newbeaus
@camargoraul	@Noe_Pedreira
@camargoraul	@nubecitaverde7
@camargoraul	@NuriaSanz5
@camargoraul	@olgaavalos2
@camargoraul	@oscarlegans
@camargoraul	@oskychess
@camargoraul	@Otselen
@camargoraul	@pablohola1
@camargoraul	@PabloRochela
@camargoraul	@paquitodeat
@camargoraul	@pastorj68
@camargoraul	@PBrandysky
@camargoraul	@Pedrito93PJ
@camargoraul	@peina_ovejas
@camargoraul	@pepitapin
@camargoraul	@pereraanaya
@camargoraul	@PIJOAPARTEMARSE
@camargoraul	@pilarneo58
@camargoraul	@PitasDelCabo
@camargoraul	@Podemos_Eibar
@camargoraul	@PodemosAviles
@camargoraul	@PodemosPeriodis
@camargoraul	@pr0m3t30
@camargoraul	@procrasinadora
@camargoraul	@psicolengua
@camargoraul	@Quarel4
@camargoraul	@Quehacemosya
@camargoraul	@raetor
@camargoraul	@RafiteTristan
@camargoraul	@rakelds1975
@camargoraul	@RaulAlcaldeS
@camargoraul	@republi67mlg
@camargoraul	@restevec
@camargoraul	@robertohyh
@camargoraul	@RobertoSarasa
@camargoraul	@RocioCruz1977
@camargoraul	@rodriguezamorin
@camargoraul	@rogervs75
@camargoraul	@rosamartinalons
@camargoraul	@rosamogolloncal
@camargoraul	@rudytello77
@camargoraul	@RusoMikel
@camargoraul	@Saimehaphore
@camargoraul	@SandraAlar_
@camargoraul	@SandraCalvoExt
@camargoraul	@SecunF
@camargoraul	@SelvadeMar3
@camargoraul	@Sergi_Obi_Wan_
@camargoraul	@sergiocerez
@camargoraul	@sergiolzanor
@camargoraul	@SEzquerra
@camargoraul	@sisepuede_o_no
@camargoraul	@SMarlez
@camargoraul	@solindignado
@camargoraul	@sourjanemusic
@camargoraul	@soyantinuclear
@camargoraul	@teachertwit2
@camargoraul	@TeresaGilMu
@camargoraul	@terroristacult
@camargoraul	@TilleRielo
@camargoraul	@tina_mirabel
@camargoraul	@tinissimus
@camargoraul	@Toni_Garcia_
@camargoraul	@tonteriasamiles
@camargoraul	@TRJ135
@camargoraul	@Txus_46_93
@camargoraul	@udapet1
@camargoraul	@untwitteo
@camargoraul	@Uritx
@camargoraul	@val_galiza
@camargoraul	@VientosOrihuela
@camargoraul	@vikavika601
@camargoraul	@virginiaalicant
@camargoraul	@VJimPer2
@camargoraul	@wagnertellez
@camargoraul	@we_are_zombies
@camargoraul	@WGaztea
@camargoraul	@xabierlatin
@camargoraul	@xavierlanau
@camargoraul	@xavigarciamecom
@camargoraul	@xorianic
@camargoraul	@Xus20102278
@camargoraul	@YEYO957
@camargoraul	@YORYO25MD
@camargoraul	@Ytuquedices
@camargoraul	@yusgrethan
@camargoraul	@zanguanga
@camargoraul	@zelotessp
@camargoraul	@ZoeArcanio
@camargoraul	@zzzz46324949
@camilbarrow	@slavignotte
@CamiloUlrike	@Miquelecruz
@canadianwishes	@biebernaps
@canadianwishes	@juditsingla3
@canadianwishes	@rauhlwxrld
@canalla_vicky	@ejanet15
@canalla_vicky	@KrasnyiBcn
@CanalMarrec	@Gandaiet
@CanalMarrec	@KoroKoronel75
@CanalTerrassa	@albarikoken
@CanalTerrassa	@albertpedret
@CanalTerrassa	@annaeguia
@CanalTerrassa	@atiburxes
@CanalTerrassa	@cristinavamo201
@CanalTerrassa	@davidmarchuet
@CanalTerrassa	@dtorres_86
@CanalTerrassa	@dulcevictoralex
@CanalTerrassa	@dvcabrera
@CanalTerrassa	@FerranTrast
@CanalTerrassa	@FreixaI
@CanalTerrassa	@Guti_joan
@CanalTerrassa	@Ja1MG
@CanalTerrassa	@joelsola12
@CanalTerrassa	@lauelemontse
@CanalTerrassa	@MartaRieraB
@CanalTerrassa	@MasNatmas
@CanalTerrassa	@MireiaGarcia72
@CanalTerrassa	@MLluisaBarrera
@CanalTerrassa	@montse099
@CanalTerrassa	@MontseEstruch
@CanalTerrassa	@onestepbeyong
@CanalTerrassa	@PalmiraDomenech
@CanalTerrassa	@Patri_tsa
@CanalTerrassa	@petitcupsi
@CanalTerrassa	@pompasdejabon2
@CanalTerrassa	@RomaMonros
@CanalTerrassa	@Roser_Angrill
@CanalTerrassa	@toni_bernabe
@CanalTerrassa	@Toni_Miedes
@CanalTerrassa	@X_Lop2
@CanalTerrassa	@zViiitaL
@CanariNegre	@quepasamundoFM
@candelamrr	@antxel
@candelamrr	@drewer26
@candelamrr	@wthplayy
@Candeliano	@ivanmv34
@Candeliano	@Jonhytos
@Candeliano	@LarrysMontse
@Candeliano	@MartaPoll
@Candeliano	@Orientagune20
@Candeliano	@rmassipr
@candesabiz	@jperisex
@CanviemSalt	@iamwildd
@CanviemSalt	@ipssalt
@CanviemSalt	@Maremancebo
@CanviemSalt	@nkamensky
@CanviemSalt	@TotSalt
@canyas8	@jouklp
@canyas8	@laia_jou
@canyas8	@livelifebcn
@canyas8	@mafc79
@canyas8	@montesiina
@canyas8	@oscarcamararey
@canyas8	@ValkSan
@capde	@enesamundarain
@capde	@pitxuajoporro
@capdepremsa	@Mizuno_sempai
@capdevilajoan	@aangelesrubio
@capdevilajoan	@fdomenechm
@capdevilajoan	@gemmamarcegm
@capdevilajoan	@Merc96465108
@capdevilajoan	@Sergidisseny
@Capi_AJ	@BonJan_
@capibcn	@D4NN1SS1M0
@capibcn	@MBotelle
@capitaguillola	@charo30ct
@CapitanSchettin	@muybastos
@CapitaXapa	@marinavim
@CapitaXapa	@SptrMarc
@carbonellolga	@fajula87
@carla_2161	@Sofia_de_Brito
@carlacoven	@avemo68
@carlacoven	@MireiaCarreno
@carlacoven	@pvila20
@carlacoven	@salva4salva
@carlacoven	@tbatchelli
@CarlaGordo9SON	@ferrancaba
@CarlaHesse2	@mariamorenii
@carlamendezzz	@JosepRamonBadia
@carlamoya__	@anedelicado7
@carlavall	@___close2u
@carlavall	@_alexandravaz
@carlavall	@_AliciaRules
@carlavall	@_arcticheart
@carlavall	@_Ardilla__
@carlavall	@_beawallflower
@carlavall	@_Contemplador
@carlavall	@_eliasking_
@carlavall	@_idyaz_
@carlavall	@_LostPromises
@carlavall	@_sab_23
@carlavall	@_shanayagonz
@carlavall	@1OCJ96
@carlavall	@22_dur
@carlavall	@29diaz_
@carlavall	@3AntonioLopez3
@carlavall	@8d6b5775eddb463
@carlavall	@aangelesrubio
@carlavall	@abeparatodas
@carlavall	@AdanMT_
@carlavall	@admievans
@carlavall	@adoyma
@carlavall	@Aena_Publica_ES
@carlavall	@aifabe
@carlavall	@AinaGaya
@carlavall	@Ainetar
@carlavall	@ainhoaitsx
@carlavall	@aintzaaane
@carlavall	@Airiin3
@carlavall	@albertbartual
@carlavall	@Ale__gm
@carlavall	@AlexisLabraCa
@carlavall	@AlexPasalodos
@carlavall	@AlfredoBelda
@carlavall	@AliiFernandez00
@carlavall	@ametsitaa
@carlavall	@AmigaDeNemo
@carlavall	@ananadea44
@carlavall	@anarchytecture
@carlavall	@Anchi39
@carlavall	@andreea_10911
@carlavall	@andreescord
@carlavall	@Anette0Paulii
@carlavall	@Anika1Ana
@carlavall	@anlahera
@carlavall	@araladiv
@carlavall	@aranbiny
@carlavall	@ArantzaZeta
@carlavall	@arashhi
@carlavall	@arderico
@carlavall	@areaerina
@carlavall	@Arranopolart
@carlavall	@arrecarballo
@carlavall	@Arrogantus
@carlavall	@asammajadahonda
@carlavall	@avonxidol
@carlavall	@axentexose
@carlavall	@Azenaia
@carlavall	@baekxfic
@carlavall	@barbaramontaner
@carlavall	@BarbaraVega87
@carlavall	@begotxubilbao
@carlavall	@belindassoy
@carlavall	@belldandy_18
@carlavall	@BertaBusquets
@carlavall	@bibianamarin80
@carlavall	@biebernaps
@carlavall	@BlanketaMarco
@carlavall	@bldupeando
@carlavall	@BoniSolstice
@carlavall	@booktubemania
@carlavall	@booregasm
@carlavall	@bowiesblue
@carlavall	@brujaestudiante
@carlavall	@BrunaVilloslada
@carlavall	@candeladiazd
@carlavall	@cansadizzima
@carlavall	@CarlaaPizarro_
@carlavall	@CarladeNicolas
@carlavall	@CarlaPancho_04
@carlavall	@carlosfdzrovira
@carlavall	@carlota_fcb
@carlavall	@carmeenB
@carlavall	@CarolaBend
@carlavall	@CarolinaSolanaR
@carlavall	@ccrruuddaa
@carlavall	@ceemagaz
@carlavall	@CGTAena
@carlavall	@chatgranhermano
@carlavall	@CIbarlucea
@carlavall	@Cicluss
@carlavall	@cintaddc
@carlavall	@ClairePiot
@carlavall	@Clamartinez4
@carlavall	@collado_rosa
@carlavall	@Concubin
@carlavall	@conXdeXela
@carlavall	@CrrmTrotamundos
@carlavall	@CulturaPodemos
@carlavall	@damecerebro
@carlavall	@daniel_igm
@carlavall	@dolberi
@carlavall	@EduSalcas
@carlavall	@Electroperrix
@carlavall	@Eleone_chan
@carlavall	@elisabetmrts
@carlavall	@ElMariconDice
@carlavall	@EmiSanchezMoren
@carlavall	@EstHer479
@carlavall	@estresfx_
@carlavall	@evablancou
@carlavall	@evavs
@carlavall	@FadyChan4869xX
@carlavall	@feathart
@carlavall	@feminicidio
@carlavall	@FeministesCAT
@carlavall	@femisaddd
@carlavall	@FERMINATX
@carlavall	@fmormor100
@carlavall	@formatgedecabra
@carlavall	@FraterMescalito
@carlavall	@garrikat
@carlavall	@gaztetxero
@carlavall	@glconeso
@carlavall	@gloria_txt
@carlavall	@granchicharra
@carlavall	@Gravissim_
@carlavall	@gslvara_
@carlavall	@GuerreraMorada
@carlavall	@habersimmuero
@carlavall	@HaizeaCasas
@carlavall	@Han17102003
@carlavall	@HarbProjekt
@carlavall	@HatsuRobin
@carlavall	@hebux0
@carlavall	@helena98ft
@carlavall	@hezkidetzagbhi
@carlavall	@HiboshiV
@carlavall	@hidalgomonica
@carlavall	@holalmohada
@carlavall	@httptuputamadre
@carlavall	@I_MM_bcn
@carlavall	@iaumiau
@carlavall	@Igualdad_Cant
@carlavall	@imerfer
@carlavall	@indigovchild
@carlavall	@ipercorsinH
@carlavall	@iratimartiin
@carlavall	@Irene_Salazar13
@carlavall	@irenevelarde1
@carlavall	@isaelx7
@carlavall	@Itanduofores
@carlavall	@Ivan21millaan
@carlavall	@IvetteSanta7
@carlavall	@J_ALCALA_
@carlavall	@JaiGarcia7
@carlavall	@JaksonRenner
@carlavall	@Janboux
@carlavall	@Jau_Man
@carlavall	@javioliveira
@carlavall	@JenUrea
@carlavall	@JLPalaciosV
@carlavall	@jordicoiduras
@carlavall	@Juse_VG
@carlavall	@kraftvverk
@carlavall	@Kristoferr92
@carlavall	@L4KITTY
@carlavall	@LACHAVISTAFIEL
@carlavall	@lapaulape
@carlavall	@LauMerino97
@carlavall	@laumvi
@carlavall	@laura_aprende
@carlavall	@Laura97M
@carlavall	@laurafdzz
@carlavall	@Laurisofi8
@carlavall	@lauvmin
@carlavall	@LeelooNadie
@carlavall	@Lenaah_97
@carlavall	@lidiacastelln
@carlavall	@lidiacondem
@carlavall	@Lila_just_me
@carlavall	@llorente_em
@carlavall	@localsadgurI
@carlavall	@lola_pez
@carlavall	@lorena1298
@carlavall	@lu_decordoba
@carlavall	@luciaseoane_
@carlavall	@LuluChaD2
@carlavall	@Lunnhae
@carlavall	@MaartaMrtz
@carlavall	@MacaMarquez82
@carlavall	@MadridEnPublico
@carlavall	@ManueMarin
@carlavall	@MAP2_2
@carlavall	@mapaparicio
@carlavall	@MarcSlabon
@carlavall	@maria_rzs
@carlavall	@MariaJRamos1
@carlavall	@marie_HC
@carlavall	@marronatotal
@carlavall	@martaflorrick
@carlavall	@marumarinuki
@carlavall	@maryleon_99
@carlavall	@MaryWachi_
@carlavall	@maxazaila
@carlavall	@MCharlin3
@carlavall	@Meilaid
@carlavall	@merdalameira
@carlavall	@merimrqz
@carlavall	@miireeia03
@carlavall	@mileenns
@carlavall	@Mimimiaka
@carlavall	@MireyaTriasMonl
@carlavall	@miriam6_pascual
@carlavall	@MissHedone
@carlavall	@Miyichi
@carlavall	@mizuki_darkness
@carlavall	@moarurun
@carlavall	@monicabouorus
@carlavall	@MonMoll
@carlavall	@MontseEstruch
@carlavall	@Moontsefern
@carlavall	@mpuigma
@carlavall	@mrisolorellna
@carlavall	@MrsUnicorn_
@carlavall	@MSoledadPerezS1
@carlavall	@Muinamaiora
@carlavall	@MusicOn_M
@carlavall	@mxnicagb1997
@carlavall	@Natasha12483
@carlavall	@NekaaneeMC
@carlavall	@NelsonGuerraJ
@carlavall	@Nerea_2410
@carlavall	@nerealaynaa
@carlavall	@NereAllegue
@carlavall	@NereaMartinn
@carlavall	@nererribera
@carlavall	@nerexdh
@carlavall	@NeroSiempre
@carlavall	@NinePazG
@carlavall	@NOUREEN_SHIRAZ
@carlavall	@NRuralis
@carlavall	@nuriasilvestre_
@carlavall	@NuriaVA0
@carlavall	@olgacarmona12
@carlavall	@Olgarove
@carlavall	@oliviahache
@carlavall	@ouyuni
@carlavall	@paaulamariscal
@carlavall	@Padife16
@carlavall	@PAH_Villaverde
@carlavall	@papadeago2
@carlavall	@paracetamor_
@carlavall	@patojou11
@carlavall	@patriciagdrr
@carlavall	@patrimendez01
@carlavall	@paula_canarias
@carlavall	@peaceminvsone
@carlavall	@peke_salvajes
@carlavall	@PenelopeMF8
@carlavall	@pepamdep
@carlavall	@Pinpininpausa
@carlavall	@poemproducer
@carlavall	@pollogatuno
@carlavall	@PollyInTheWay
@carlavall	@prez_elvira
@carlavall	@princessadoram
@carlavall	@ramonfito49
@carlavall	@Raquel23295
@carlavall	@raquelggz
@carlavall	@Raulizga
@carlavall	@rizabad
@carlavall	@rkastrejon
@carlavall	@RobEnLaRed
@carlavall	@rocigc_99
@carlavall	@rramoneda10
@carlavall	@rtbcrm
@carlavall	@Ruben_Laso
@carlavall	@rubicornio
@carlavall	@ruty1980
@carlavall	@ruvlok
@carlavall	@saarceus
@carlavall	@sabrinarguez
@carlavall	@Salvathorium
@carlavall	@SamAcida
@carlavall	@SandraaCAO
@carlavall	@saragapz
@carlavall	@saraluna132
@carlavall	@saritaglez_
@carlavall	@Sauggitarius
@carlavall	@Scrab_comunista
@carlavall	@seniorantoino
@carlavall	@Sergi_Kao
@carlavall	@SherezadeCC1
@carlavall	@Shogun343i
@carlavall	@SilviaVzqRigual
@carlavall	@sinvergonzalez
@carlavall	@siramad84
@carlavall	@SonSeulgwan
@carlavall	@SoySamu_
@carlavall	@SquasewV2
@carlavall	@SrDesventura
@carlavall	@steladcgr
@carlavall	@taniarog78
@carlavall	@taniiiiiiiia
@carlavall	@teresa19277677
@carlavall	@terroristacult
@carlavall	@tiototo1619
@carlavall	@trine110
@carlavall	@txantxibiri
@carlavall	@Unaanuaa3
@carlavall	@unaiwars
@carlavall	@Valeria_Ciara
@carlavall	@venidadelaluna
@carlavall	@Verito_OL
@carlavall	@VicGzOu
@carlavall	@Vickypv1
@carlavall	@vlad17sh
@carlavall	@whosv0dka
@carlavall	@XaviTorresHaba
@carlavall	@xesques
@carlavall	@XoseInaciu
@carlavall	@YORYO25MD
@carlavall	@Zoeritto
@carlavall	@zuperpesada
@Carles_Bianyenc	@lauraescofet
@Carles_Bianyenc	@nuria_escofet
@carles_go	@anjaupau
@carles_go	@murbaheu
@carles_go	@SoniaPadillaF
@carles_ribes	@_n0mades
@Carles_Rico	@Xavierfaba
@carlesarboli	@aranmen
@carlesarboli	@desconnectada
@carlesarboli	@Joan_Albert_SI
@carlesarboli	@MIQUELLARA
@carlesescola78	@aebadia
@carlesescola78	@mafaldaviolant
@carlesescola78	@marc13fornells
@CarlesFlash	@FonteRodrigues
@carlesfunta	@ctxavi
@carlesfunta	@Cup_Breda
@carlesgi	@Jedermanndenkt
@carlesmanjon	@basconte
@carlesmanjon	@lluisgarci
@carlesmanjon	@MovEsquerres
@carlesmanjon	@socialistesxSI
@carlespalomo	@bertaguillemot
@carlespensaque	@JC23R
@carlespensaque	@LPORRINI
@Carlespinone	@MartaTorresMart
@carlesponsi	@XaviMarti5
@carlos_cgc23	@mitcoes
@Carlos3bcn	@SounMAD
@CarloSabarts	@Trapped7073
@CarlosPuya_	@joantaberner18
@CarlosRibanez	@fcr501
@CarlosRibanez	@mariamarcos444
@CarlosRibanez	@mastguerr
@CarlosRibanez	@richerralv
@CarlosRibanez	@yomismaconcha
@carlota1899	@adriana92ba
@carlota1899	@swdesq
@carlotapuy	@silviasiles
@carme_oriol	@_orangemoon_
@carme_oriol	@DCondeminas
@carmeadan	@FonteRodrigues
@carmebove	@LaiaLlobera
@carmebove	@lurdesborrell
@carmebove	@marclia
@carmebove	@MontseMo
@carmedh	@andreikedemi
@carmedh	@clodostudioisot
@carmedh	@FancyAppleMac
@carmedh	@JimMonteverdi
@carmedh	@jordiporcel
@carmedh	@laquintaforca
@carmedh	@martoska2002
@carmedh	@montsesalou
@carmedh	@PatosoRecluta
@carmedh	@pili07280704
@carmedh	@RaffioValentina
@carmedh	@rogervs75
@carmedh	@rom_pineda
@carmedh	@Silvia_Mallorca
@carmedh	@souxber
@carmedh	@talibongo
@carmedh	@TeodoroLpez3
@carmedh	@the_raven77
@carmedh	@zo_gar
@Carmeensvb	@ArandaFTW
@Carmeensvb	@CarlaCS96
@CarmeLaboria	@DraRubioMayol
@CarmeLaboria	@MovEsquerres
@CarmeLaboria	@socialistesxSI
@Carmesd	@Bill21Bill
@CarmeSunyer	@martabordas5
@carmins_	@dfeijoov
@carmins_	@markgrika
@carnecrudaradio	@elkiji
@carnecrudaradio	@Han17102003
@carnecrudaradio	@JoanCovetes
@carnecrudaradio	@JohnnyDessu
@carnecrudaradio	@liber72
@carnecrudaradio	@nenufar_music
@carnecrudaradio	@PacoMar47871845
@carnecrudaradio	@PaulAtreides67
@carnecrudaradio	@pedrovqg
@carnecrudaradio	@SparkyJonesPere
@carnecrudaradio	@XaviPortales
@carolatorram	@anecronicos
@carolatorram	@SetorC
@CarolinaHorler	@gemmaasaanchez
@CarolinaHorler	@JaviBasay
@CarolinaHorler	@macaya1974
@casals_neus	@PerezBrevaJA
@casalsaltenc	@Laia_RieraA
@casasdom	@joanillamola
@caso22roger	@marionarecasens
@caso22roger	@nilsabater14
@caso22roger	@soteraskp10
@caso22roger	@TheReal_Boots
@cat_rebotada	@Dricius
@cat_rebotada	@macalobu
@Catalan_Project	@FerranRodes
@Catalan_Project	@jorgino_nino
@CatalanVoices	@justxbarca
@catalunyabr	@citadini
@catalunyabr	@drvalladao
@catalunyabr	@JaksonRenner
@catiferran	@estevebq
@Catroig	@carlespm
@Catroig	@montse_izqui
@CauVistaAlegre	@MariadeCiurana
@cbartes	@CBSama
@cbc_bq	@JofreGuell
@ccasassoler	@gsmarions
@cclauselld	@AlexLVBS
@cclauselld	@annedanvoie
@cclauselld	@Maria_imoltmes
@CDR_CAB	@estellapedra
@CDR_CAB	@evallory
@CDR_CAB	@ferranmiquel
@CDR_CAB	@nitimprovisem
@CDR_SEulalia	@dani_lestrange
@CDR_SEulalia	@eurorelajado
@CDR_SEulalia	@FSanjoan
@CDR_SEulalia	@LHNOTICIAS
@CDR_SEulalia	@lulipepo1
@CDR_SEulalia	@montsemedina_
@CDR_SEulalia	@tranamay
@CDR_SEulalia	@txusma72
@CdrBlanes	@la_Gemma
@CDRcstf	@agasco2
@CDRcstf	@conjotadejordi
@CDRcstf	@freedomcast1
@CDRcstf	@gavacans
@CDRcstf	@jcarles_vila
@CDRcstf	@RosaCarb5
@CDRcstf	@rsalidoo
@CDReferendumSVH	@CharliCarpio
@CDRFranqueses	@josefapachon
@CDRGironaSalt	@adriana_chikiti
@CDRGironaSalt	@anamartinezd
@CDRGironaSalt	@Assembleapv
@CDRGironaSalt	@bus_carles
@CDRGironaSalt	@ComasBen1973
@CDRGironaSalt	@cupblanes
@CDRGironaSalt	@CUPNordOriental
@CDRGironaSalt	@epamlivadias
@CDRGironaSalt	@FILOSOFOSELL
@CDRGironaSalt	@flowersigh
@CDRGironaSalt	@guipoto
@CDRGironaSalt	@jordi_cc
@CDRGironaSalt	@Laia_RieraA
@CDRGironaSalt	@laietus
@CDRGironaSalt	@NuriaGiribets
@CDRGironaSalt	@rcpuig94
@CDRGironaSalt	@TotSalt
@CDRGoticRaval	@ejanet15
@CDRGoticRaval	@jguillaumes
@CDRGoticRaval	@Trwitta
@CDRLesCorts	@PauFarinetes
@CDRLvilamajor	@elvilelvo
@CDRLvilamajor	@JERCVilamajor
@CDRLvilamajor	@montfar_vil
@CDRLvilamajor	@tartanroots
@CDRLvilamajor	@traquir
@CdrMasnou	@carlotaserra
@CdrMasnou	@CdrMasnou
@CdrMasnou	@CDRstap
@CdrMasnou	@comasalex
@CdrMasnou	@comunsdelmasnou
@CdrMasnou	@cosMaresme
@CdrMasnou	@Cuca_Fera
@CdrMasnou	@CUP_ElMasnou
@CdrMasnou	@ejanet15
@CdrMasnou	@Gemma21681217
@CdrMasnou	@GerardOcata
@CdrMasnou	@LaGoliata
@CdrMasnou	@liasegarra
@CdrMasnou	@lluipujol
@CdrMasnou	@loloolol_
@CdrMasnou	@Magarol
@CdrMasnou	@MartaBelles33
@CdrMasnou	@SergiAG_
@CdrMasnou	@serx9
@CdrMasnou	@SoniaOnandi
@CDRMatadepera	@5Oktubre
@CDRMatadepera	@antonisanroma
@CDRMatadepera	@celiaboix
@CDRMatadepera	@EmiliRiba
@CDRMatadepera	@GemmaXemeta
@CDRMatadepera	@gorinna
@CDRMatadepera	@lluisparcerisa
@CDRMatadepera	@martabuxedamb
@CDRMatadepera	@nurialca
@CDRMatadepera	@sellares_laura
@CDRPoblenou	@africalluna
@CDRPoblenou	@AjoCasals
@CDRPoblenou	@alba_agv
@CDRPoblenou	@aleix95
@CDRPoblenou	@cristinagrau3
@CDRPoblenou	@CUPSantMarti
@CDRPoblenou	@drjmpericay
@CDRPoblenou	@isabelvinyas
@CDRPoblenou	@KimoKalea
@CDRPoblenou	@LaDupla_
@CDRPoblenou	@PastoretaCAT
@CDRPoblenou	@PilarMateoLopez
@CDRPoblenou	@Ruteta96
@CDRPoblenou	@Trwitta
@CDRPoblenou	@xeniacorominas
@CDRPremiadeMar	@cridapremianenc
@CDRPremiadeMar	@CUPMaBcnnord
@CDRsanfeliu	@CDR_SEulalia
@CDRsanfeliu	@cdrlhcentre
@CDRsanfeliu	@eurorelajado
@CDRsanfeliu	@Gemhermoso
@CDRsanfeliu	@narcisfm74
@CDRSantBoi	@albertgarciaal2
@CDRSantBoi	@CarmeLuCal
@CDRSantBoi	@claratiffon
@CDRSantBoi	@EduardCamarosSe
@CDRSantBoi	@elsituacionista
@CDRSantBoi	@emilirigol
@CDRSantBoi	@etakpc
@CDRSantBoi	@GibeMeTreats
@CDRSantBoi	@JoanVives
@CDRSantBoi	@jordistboi
@CDRSantBoi	@lauramohe
@CDRSantBoi	@laureque
@CDRSantBoi	@lenaM28
@CDRSantBoi	@MAM624
@CDRSantBoi	@marina_arcarons
@CDRSantBoi	@martamiranda23
@CDRSantBoi	@mgarc130
@CDRSantBoi	@mikipares
@CDRSantBoi	@mmfepe
@CDRSantBoi	@MSanchezsalva
@CDRSantBoi	@mxorto
@CDRSantBoi	@neknauj
@CDRSantBoi	@NeusBrik13
@CDRSantBoi	@OsalvadoM
@CDRSantBoi	@RaichsAlba
@CDRSantBoi	@tonibonjorn
@CDRSantBoi	@txellsalip
@cdrvng	@GeorginaEsteve
@cdrvng	@Ivanruag
@cdrvng	@martillu
@cdrvng	@PaulaPadulles
@cdrvng	@samfc140373
@Ceivar_OPAR	@IagoGaliza
@Ceivar_OPAR	@IglesiasAdrian
@Ceivar_OPAR	@mafondevi
@celiabcn	@bittorh1
@celiabcn	@orioletvipe
@CeliaCerezuela	@Felip4Aguilera
@celsopastrana	@MAC_The_Robot
@celspinol	@azote29
@celspinol	@C0mandante
@celspinol	@EkaitzGL
@celspinol	@shadowcharly
@celyneroy14	@pang5
@celyneroy14	@TB_Bonfire
@centre_IRIDIA	@amaia_gbosque
@centre_IRIDIA	@laura__rubio
@centre_IRIDIA	@margagr1
@centre_IRIDIA	@PupiHipuPim
@centre_IRIDIA	@sonia_herrera_s
@cernaviva	@cernaviva
@cernaviva	@HarakiriSamural
@cernaviva	@HojeNaEscoIa
@cernaviva	@MonicaFilosofia
@cernaviva	@quinovilas
@cernaviva	@Sen_Xeito
@cerodadeter	@guillemballus
@cesarubeda	@jgomezz
@cesarubeda	@MargaritaSoleva
@cesarubeda	@MariaReferendum
@cesarubeda	@mintxelas
@cesarubeda	@pasqualflores
@CEspelt	@marinapascval
@CGimTe	@gaviotica
@CGimTe	@ItziarGM
@ChaconAdria	@tonyoherrera
@charlatan_13	@jssbcn
@charlesbeckett	@MaMuntasell
@Chichuelas	@PeinadoAliveYT
@Chichuelas	@Pons_oficial
@ChristinaSNP	@14mJEM
@ChristinaSNP	@bairnomist
@ChristinaSNP	@bigbuachaille
@ChristinaSNP	@Camz99
@ChristinaSNP	@clangrantdubai
@ChristinaSNP	@Dalrybud
@ChristinaSNP	@DigiKintyre
@ChristinaSNP	@FaeScotia
@ChristinaSNP	@GoighTony
@ChristinaSNP	@Jigger639
@ChristinaSNP	@jimmyja29795206
@ChristinaSNP	@LeonidasBatman
@ChristinaSNP	@liz6153
@ChristinaSNP	@MoragSievwright
@ChristinaSNP	@portrigh
@ChristinaSNP	@RogueCoder250
@ChristinaSNP	@skint_knees
@ChristinaSNP	@snpforme
@ChristoMICHE	@___Batmous___
@ChristoMICHE	@slavignotte
@chrovira	@oscaregall
@ciberiaentweet	@J_ALCALA_
@ciberiaentweet	@matuatope
@ciberiaentweet	@SigoEnLucha
@cimbretor	@vilar_antoni
@CirPlazaPodemos	@Airedestroyer
@CirPlazaPodemos	@AxturCelta
@CirPlazaPodemos	@Blanca0619
@CirPlazaPodemos	@carlosdiazjara1
@CirPlazaPodemos	@carloslisa11
@CirPlazaPodemos	@DulantziNabar
@CirPlazaPodemos	@Iratxotravesa
@CirPlazaPodemos	@mikrosmars
@cjwcymru	@cerithepirate
@Cla_Mad	@EudaldFelip
@Cla_Mad	@xisco_brownie
@clairethecat11	@DesDeRipo
@clairethecat11	@jorperezpa
@claracera	@cpuig88geo
@claracollvi	@CullellP
@ClaraDachs	@_meritxellvives
@claramontoyag	@bruyne_
@claranarvion	@rutffunes
@claravromaguera	@JoanHuertasGonz
@claudia_plan	@ivanmanubens
@claudia_plan	@sergirocabatllo
@Claudia3758	@josepbike
@Cledujour	@esther0ramirez
@Cledujour	@orphanbrochu
@clinicariba	@miacama2010
@ClipsterBCN	@gvp73
@cllausas	@mitcoes
@ClotDecideix	@92nona
@ClotDecideix	@ainatellaa
@ClotDecideix	@almatbac
@ClotDecideix	@anna_camacho
@ClotDecideix	@anna_guxens
@ClotDecideix	@Anonima_Clot
@ClotDecideix	@biribiroli
@ClotDecideix	@ClotEnComu
@ClotDecideix	@davidminoves
@ClotDecideix	@elipon
@ClotDecideix	@ERCStMarti
@ClotDecideix	@ferran72
@ClotDecideix	@formatistica
@ClotDecideix	@futuro1980
@ClotDecideix	@james77thomson
@ClotDecideix	@jordpla
@ClotDecideix	@laccent
@ClotDecideix	@laguti_93
@ClotDecideix	@Mallorcat
@ClotDecideix	@martiserrano
@ClotDecideix	@mercegarciam
@ClotDecideix	@MercheVC
@ClotDecideix	@NowImTitled
@ClotDecideix	@Nuria_ndc
@ClotDecideix	@perermerono
@ClotDecideix	@Pumocat
@ClotDecideix	@TSMiordasek00
@ClotDecideix	@Xiscu_61
@cmartingasulla	@EscapeVelo
@cococlic	@chulidelbruc
@cococlic	@JesusMorenoFM
@cococlic	@LeonardusMeisen
@cococlic	@MeAventuro
@cococlic	@VicenteAbella
@colfurl	@aramusss
@colfurl	@Skeletonism
@Collegislleida1	@albertvr85
@Collegislleida1	@AltafullaMiriam
@Collegislleida1	@comudelleida
@Collegislleida1	@diego_garcia
@Collegislleida1	@doneslleida
@Collegislleida1	@ecampalans
@Collegislleida1	@elisabethbreg
@Collegislleida1	@esthercarmonaa
@Collegislleida1	@FAILderalisme
@Collegislleida1	@IgnasiCalvo
@Collegislleida1	@Iva_
@Collegislleida1	@joanfn7
@Collegislleida1	@Joseddlleida
@Collegislleida1	@karme_gili
@Collegislleida1	@labaulalleida
@Collegislleida1	@laPocasolte
@Collegislleida1	@mamartin77
@Collegislleida1	@MartaFarran
@Collegislleida1	@MartaJoCo
@Collegislleida1	@Mcarmejimenez
@Collegislleida1	@neus_ibanez
@Collegislleida1	@NUSAB75
@Collegislleida1	@penyeta
@Collegislleida1	@pqvull
@Collegislleida1	@rosellcristina
@Collegislleida1	@scastrobay
@colmdomh	@M_Espinos
@coma_xavi	@ferranriu
@conesaricard	@meison78
@Conxinf	@cristina16ch
@ConxitaMiroP	@DCondeminas
@ConxitaMiroP	@mteresaqb
@Coordinadora25S	@hatakita1
@Coordinadora25S	@TheGarci1
@Cop_baix	@oriolcruells
@copyPeinador	@FTorregrosaW
@copyPeinador	@oriolconesa
@correoderobert	@valquiria_pl
@CortoMaltesDUI	@itziaratienza
@CortoMaltesDUI	@JonloirJon
@CortoMaltesDUI	@Josu_Martinez
@CostaBravaToday	@AbateFaria4
@CostaBravaToday	@la_momo
@CostaBravaToday	@mescapsqbarrets
@CostaBravaToday	@wolverine2702
@cparbiell	@twometers07
@crambak	@alliomack
@crambak	@arianaft5sxs
@crambak	@beatygul_beaty
@crambak	@cjwcymru
@crambak	@crisdafis
@crambak	@DirkMarienfeld
@crambak	@edgeseans
@crambak	@eltwitderuben
@crambak	@EscapeVelo
@crambak	@FonteRodrigues
@crambak	@joanpadreny
@crambak	@liorscofield
@crambak	@Marc52074243
@crambak	@marinavifo
@crambak	@mariolezoche
@crambak	@MeritGF
@crambak	@MontseCampsP
@crambak	@Oggy2015
@crambak	@PauPalaciosV
@crambak	@ralfernst
@crambak	@rhisiartcrowe
@crambak	@Sander7408
@crambak	@t_equo
@crambak	@WilesLorna
@cridapremianenc	@CUPMaBcnnord
@cridapremianenc	@mlmorenoroldan
@cridapremianenc	@PobleLliure_Mar
@cris_getlove	@GuilloNeffke
@cris_getlove	@radiomaricel
@cris_llorente	@laurallorentesa
@cris_llorente	@MarielFermin
@CRIS_taconassos	@vallmy
@Cris_tinaMC	@NefretireM
@CrisBatlle_ejp	@ErillLluisa
@CrisBatlle_ejp	@GusBracchi
@Crisbb96	@boujienn
@Crisbb96	@comunistes
@Crisbb96	@comunistescat
@Crisbb96	@PiliCortdo
@Crisbb96	@sakuras_mom
@Crisbb96	@VilaplanaJan
@criscasademunt	@bastilladigital
@criscasademunt	@CatalanRobot
@criscasademunt	@WarriorPinzas
@criscu70	@traquir
@Crisoclock	@BeingNeus
@Crisoclock	@CarmenSegui
@Crisoclock	@talibongo
@CrisPlanaguma	@HelenaGifra
@cristhianmestre	@jrpamies
@cristianfr93	@maria_maia1113
@cristianmart955	@CELESTE805
@cristianmart955	@danidemence
@cristianmart955	@GPBaglioni
@cristianmart955	@meryjonees
@Cristina__JL	@truitadefarina
@Cristina_Navrro	@AlexLVBS
@Cristina88mr	@Trisha_Dom
@cristina96br	@MVaqu
@cristinacossi	@APVzquez
@CristinaGaliBib	@montsemontals
@cristinagrau3	@AnnaPaezF
@cristinagrau3	@bbalboabernat
@cristinapbcn	@BadiuMicaco
@cristinapbcn	@bannedgarden
@cristinapbcn	@Bonycake
@cristinapbcn	@comtejofre
@cristinapbcn	@Gabivolador
@cristinapbcn	@LaiaHierro
@cristinapbcn	@LluisMunyoz
@cristinapbcn	@martapigu
@cristinapbcn	@nuriapolo
@CristinaTolo	@Begoapedrero
@cristininhaa	@evacamos
@CristiPascual	@guillem33
@Cristipesio	@fullmotioner
@Crokket	@ChacoElisenda
@cronopiocronico	@hadroan_
@CSIngobernable	@albertogmena
@CSIngobernable	@AugeAabye
@CSIngobernable	@BegoAramayona
@CSIngobernable	@CarriCarroto
@CSIngobernable	@davidmatilla
@CSIngobernable	@instituto_dm
@CSIngobernable	@josegamo15
@CSIngobernable	@JoseLuisTCJ15M
@CSIngobernable	@lema_de_zorn
@CSIngobernable	@lengualagarta_
@CSIngobernable	@Loce25v
@CSIngobernable	@lugarignoto
@CSIngobernable	@maralda10
@CSIngobernable	@maribelrivero2
@CSIngobernable	@mayka_Caballero
@CSIngobernable	@ningun01
@CSIngobernable	@ochobitsunbyte
@CSIngobernable	@Pilarzuni
@CSIngobernable	@RafiteTristan
@CSIngobernable	@torbe_
@cuborubik44	@Practicala
@cuborubik44	@RutAixa
@Cucatak	@Encoberts
@cuinaxllaminers	@prezzemolo4
@cultrum_music	@carlaawkward
@cultrum_music	@kinkounio
@Cultura_catalan	@MrSushi1
@Cup_Breda	@Gatxi1
@CUP_PlaPenedes	@marramiauuuuuu
@cupbalaguer	@albert_puy
@cupbalaguer	@jbenseny
@cupbalaguer	@JoanMateu16
@cupbalaguer	@LAMMEG
@cupbalaguer	@MaricarmeNulo
@cupbalaguer	@mixonot
@cupbalaguer	@N_martmo
@cupbalaguer	@silviacarreral
@CUPBarcelona	@audaciosus
@cupgramenet	@raquelpsu
@CUPReus	@CasalDPF
@CUPReus	@culecule999
@CUPSantCeloni	@askari222
@CUPSantCeloni	@josefapachon
@CUPSantCeloni	@sergitravessa
@CUPStSadurni	@CUP_Penedes
@CUPStSadurni	@pacoturegano
@cupvila	@ggemma_g
@cursinformatica	@ArantxaM8
@Cybercaeiro	@mzfressinaud
@Cybercaeiro	@NuriaExpos
@Daani_29	@drumcodeuk
@Daani_29	@Jedermanndenkt
@Daliaysusopa	@xxluthienxx
@Damisinu	@cortabigotes
@dan_y1997	@Adrianval96
@DanceSkaSoviet	@ary2d2
@dani_albacete	@39Saul
@dani_albacete	@ainasastre14
@dani_albacete	@ferran606
@dani_albacete	@Haaiizeeaa
@dani_albacete	@iratikoka
@dani_albacete	@jordi_otsutsuki
@dani_albacete	@joseppe10
@dani_albacete	@LDS_Crew
@dani_albacete	@Mar_s98
@dani_albacete	@Maria_Povedab
@dani_albacete	@MarioSMansilla
@dani_albacete	@martamore_13
@dani_albacete	@RaquelSanta97
@dani_albacete	@roxepmusic
@dani_albacete	@SpongePanxita
@dani_albacete	@Theshootman12
@dani_albacete	@Xavier_Pons
@dani_gilgado	@BAKAKOUSTIC
@dani_gilgado	@dailan4
@dani_penedes	@dani_penedes
@dani_penedes	@jaumecasanas
@dani_penedes	@slavignotte
@danibeltran28	@mac_1211
@danicamarero	@copiloters
@danidanius	@paquisoldado
@danidanius	@paquizamora1
@DanielJOllero	@analani
@DanielJOllero	@capidanMar
@DanielJOllero	@yocambio
@danimarrani	@Bern240432
@danimarrani	@BigPoppaTotoro
@danimarrani	@dekcamp
@danimarrani	@fairynuff1979
@danimarrani	@flora_heather
@danimarrani	@GilenGB
@danimarrani	@jbwhitesnake
@danimarrani	@LoftyBeholder
@danimarrani	@Marella1957
@danimarrani	@marttacarbo
@danimarrani	@skint_knees
@daninovosanchez	@1139dani
@daninovosanchez	@minna247
@daninovosanchez	@MovEsquerres
@daniplanasv	@Trebelianica1
@Danips	@amaia_haikazti
@Danips	@cobocristobal
@Danips	@dolsalaia
@Danips	@dona_invisible
@Danips	@electrickernel
@Danips	@FocEstelar
@Danips	@Gata_negra93
@Danips	@gemmafrost19
@Danips	@hquinzelxxx
@Danips	@JuliaMalatesta2
@Danips	@junagrey
@Danips	@Justincads
@Danips	@lcaramelos23
@Danips	@lu_alvar
@Danips	@miguelrccv
@Danips	@misticamari
@Danips	@mon_sanroman
@Danips	@mujermaravillxs
@Danips	@mvillapardo
@Danips	@octobriana1917
@Danips	@oswaldokc
@Danips	@Postrabajo
@Danips	@S_power_girl
@Danips	@samsonXu
@Danips	@Sombrasenlaciud
@Danips	@tirorere
@DaniRabinat	@ABKristian
@dansi_o	@sedaManavoglu
@dareon88	@SilviaArgudo
@daristraits	@Soy_AntiTaurin0
@darklordu23	@Adgar
@darklordu23	@aleixq
@darklordu23	@JacquesMartel9
@darklordu23	@PartageSolidar
@darklordu23	@pedrosmotajr
@darklordu23	@vjkloner
@Dasha_fcb	@blascordero9
@davbusquets	@PaulaPrivat
@DavCham	@krisoany
@DavCham	@Mapecuesta33
@DavCham	@NaKk3L
@DavCham	@PaulaMorales33
@DavCham	@reubenk14
@Dave_1899	@esteryebra
@dave_mcdisco	@burnsbabyburns
@dave_mcdisco	@Irishcucky
@dave_mcdisco	@magj0496
@dave_mcdisco	@scott_riccbcn
@davengar	@uricampre1
@davewalshphoto	@jcrminyana
@daveza72	@blue_sugus
@daveza72	@JoanPoch73
@daveza72	@xavizur
@david_font	@JessicaMuixi
@david_font	@salvijolis
@davidcc_01	@797TSAMG
@davidcc_01	@AidaCCG
@davidcc_01	@ander_cena
@davidcc_01	@barretine
@davidcc_01	@bruixox
@davidcc_01	@conxiBCN
@davidcc_01	@dionisioporta
@davidcc_01	@Elviraduranc
@davidcc_01	@estherbm82
@davidcc_01	@gemmaruiz_
@davidcc_01	@Georsic
@davidcc_01	@GuillemSantonja
@davidcc_01	@HelenaSanglas
@davidcc_01	@mariaisonasueca
@davidcc_01	@mugaCaula
@davidcc_01	@tenue
@daviddeldedo	@AngelMartnezS
@daviddeldedo	@JviTalavera
@daviddgm2	@AlexLVBS
@DavideManzaneda	@al_novo
@DavideManzaneda	@alfonsodiz
@DavideManzaneda	@AnovaOurense
@DavideManzaneda	@BrunoCacheda
@DavideManzaneda	@CarlosDeAlongos
@DavideManzaneda	@CUPChantada
@DavideManzaneda	@DaniCondeGz
@DavideManzaneda	@dcuestagz
@DavideManzaneda	@En_Marea
@DavideManzaneda	@Iolandadocampo
@DavideManzaneda	@IriaMVal
@DavideManzaneda	@IrisMalvido
@DavideManzaneda	@itxpaula
@DavideManzaneda	@lord_kinho10
@DavideManzaneda	@meninhagato
@DavideManzaneda	@MObelleiro
@DavideManzaneda	@MonicaFilosofia
@DavideManzaneda	@Noitebra_
@DavideManzaneda	@Ofunambulista
@DavideManzaneda	@pgomezjusto
@DavideManzaneda	@rcondese
@DavideManzaneda	@soaak
@DavideManzaneda	@taniabouzo
@DavideManzaneda	@viestri
@DavideManzaneda	@VitoGaliza
@DavideManzaneda	@xOsse
@DavidGrosclaude	@LEKUONADomenja
@DavidGrosclaude	@sylvainBer
@davidhidalgo	@IrmaMoreras
@davidminoves	@xianapenedo
@davidobrador	@enricbraso
@davidplanella	@aulotemoltmacu
@davidsolsona	@Pitius77
@davitubi	@guastevi_fagot
@DaVLoMeD	@AmparoLluna
@DaylingTF	@1denmadrid
@DaylingTF	@Algonfdez
@DaylingTF	@AngelMendezMar3
@DaylingTF	@chispa34720356
@DaylingTF	@DavidGutVil
@DaylingTF	@ENDIKA59
@DaylingTF	@enrikekubells
@DaylingTF	@hasta_pirineos
@DaylingTF	@hildamarcm
@DaylingTF	@Insistir
@DaylingTF	@ISMVALSyR
@DaylingTF	@Jaleo_1945
@DaylingTF	@jc_garba
@DaylingTF	@merchegonzale11
@DaylingTF	@NO_BLOODFOR_OIL
@DaylingTF	@Nuri10137949
@DaylingTF	@paz0671
@DaylingTF	@Said_Luali
@DaylingTF	@TravisWalton77
@DaylingTF	@VictorC73384715
@DaylingTF	@Xielox1
@DCastanye	@anacl1998
@DCastanye	@Ref1Oct17
@DCondeminas	@SrLluisTomas
@deepinsd	@MendowsDreamer
@DegeaMireia	@LuisCazalis
@deifgiri	@NoletMarc
@deiviting	@ferranfanfan
@dejamehablarr	@accaro77
@delesi35	@EvaRuwe
@delesi35	@Ton_Verhulst
@DeliaBrufau	@Antoniodelleida
@DeliaBrufau	@emmademingo
@DeliaBrufau	@empatia_power
@DeliaBrufau	@laurafalgueras
@DeliaBrufau	@StevenBelloso
@Dem_CatCentral	@evendrella
@Dem_CatCentral	@fceg_cat
@Dem_CatCentral	@MarielaVillarr2
@Dem_CatCentral	@sangra_albert
@DemocraciaEtsav	@Laia8136
@DemokraziaErOr	@birasuegi
@DemokraziaErOr	@EHBilduOrereta
@DemokraziaErOr	@MLersundi
@DemokraziaErOr	@OarsoEraldatuz
@Depor_Info	@DKarallo
@DerrickJose_	@adelowsky
@derutoon	@pierluscanu
@derutoon	@Q212J
@derutoon	@t_equo
@deshabilitada	@miquelangel76
@Destro1707	@lara93
@dfertl	@76Tomas
@dfertl	@acorns_and_tea
@dfertl	@anestraat
@dfertl	@Annettedagraca1
@dfertl	@AntrimLens
@dfertl	@BereScandone
@dfertl	@bumpernut53
@dfertl	@CatherineGael
@dfertl	@CromacSpring
@dfertl	@Damian0706
@dfertl	@danzer_82
@dfertl	@darrenoleary825
@dfertl	@DecDaly1
@dfertl	@deemaguire0
@dfertl	@DeRebCelts
@dfertl	@DerrenBrady1
@dfertl	@Diarm12
@dfertl	@Doherty4Carmel
@dfertl	@dynamoshels
@dfertl	@eco_crespo
@dfertl	@efjatar
@dfertl	@EimearFerguson1
@dfertl	@Emmaahoi
@dfertl	@EOBroin
@dfertl	@Ern_ie_
@dfertl	@ETAHoffmann1
@dfertl	@eyre_mella
@dfertl	@FeinMeath
@dfertl	@FonteRodrigues
@dfertl	@FVliegenberg
@dfertl	@GethingsH
@dfertl	@GreetjeKoops
@dfertl	@GregDeranged
@dfertl	@HamillOSF
@dfertl	@ihitzek
@dfertl	@Ireland4Bernie
@dfertl	@J_J52
@dfertl	@Jim_LoANjoe
@dfertl	@john63fields
@dfertl	@JohnHedges109
@dfertl	@johnjoechad
@dfertl	@Jonatha05385746
@dfertl	@KevDutchSchultz
@dfertl	@kevin_guyan
@dfertl	@koloretan
@dfertl	@LajosVermesi
@dfertl	@Larsvdwal
@dfertl	@LorenzoCongiu
@dfertl	@mauritshorbach
@dfertl	@mjakins069
@dfertl	@MrMonty
@dfertl	@NiallSF
@dfertl	@noelmaguireSF
@dfertl	@paul_gavan
@dfertl	@Ph5c
@dfertl	@PPLimages
@dfertl	@regan_maher016
@dfertl	@rmltpie
@dfertl	@rndm_tweet
@dfertl	@RobbieVelders
@dfertl	@rrocai
@dfertl	@rufusroxy
@dfertl	@seamusdonnelly
@dfertl	@Sietce
@dfertl	@StephenOfEire
@dfertl	@trevorocSF
@dfertl	@txemival
@dfertl	@uaiartza
@dfertl	@VHJS1989
@dfertl	@Violajohn
@dfertl	@VoteHollandSF
@dfertl	@zirikasten
@dglorenzo	@FisioterapeutaM
@dgpozo94	@GuillemMarquez
@DHPLAJA	@marchplaja
@Diana_Fedz	@garciacases
@Diana_Fedz	@javiernavarrog_
@DiariJornada	@JODaD_PV
@DiariLiffey	@GaizkaGizz
@DidacCNogareda	@mrosasans
@didacog	@Xtruth_be_toldX
@Didakillo84	@yleniads
@diegolotito	@alert_ve
@dilluns	@alfon7s1
@dimoniet	@slavignotte
@divapiti	@9jrib9
@divapiti	@elfonti
@divapiti	@ibanbdn
@divapiti	@negre_joan
@divapiti	@oardiaca
@divapiti	@RUSHVCLL
@divided23	@Lifeftpizza
@divided23	@XaviCantos310
@dividewenceslao	@felina__ana
@dividewenceslao	@gallagherleaks
@dividewenceslao	@Isaacfarre
@dividewenceslao	@nuvolkintooon
@dividewenceslao	@paciencianostra
@dividewenceslao	@rabalimu
@dividewenceslao	@RentonGallagher
@dividewenceslao	@scardenas2003
@dividewenceslao	@stvfdz
@dividewenceslao	@virginut
@DLabedan	@keldomenech
@dlaguna1	@Alba_Llobet
@dlaguna1	@da_atro
@dlopez91	@joan_blai
@dmarcop	@domenech_lluis
@dmarcop	@jibonet
@DoctorCule	@aquraque
@DoctorCule	@cirera46
@DoctorCule	@muyua8
@DoctorCule	@rosa23_05
@doctorprats	@DestinityEnya
@dokterspin	@PaaulyMalik
@DoyleG80	@LAFEUILLETA
@dpaniaguaa	@Compyrat
@dpaniaguaa	@MCruz_Nunez
@dpaniaguaa	@XaviFust
@dracksroyale	@_ericagarciia
@dracksroyale	@analogicarosa
@dracksroyale	@dracksroyale
@dracksroyale	@fetoca
@dracksroyale	@michaelfigures
@dracksroyale	@newlogang
@dracksroyale	@vivaEspana0
@Dracs1991	@hoolsxota
@Dragghan	@slavignotte
@dravirgili	@martacani
@dreadxa	@joanlluisg
@dreadxa	@PLmollet
@drequenam	@cristinavalles
@DRevellesM	@Gorthaurg
@drmercemorral	@Oriol79
@drmercemorral	@ushouldbeontv
@drodriguezruano	@victorcabanasmo
@droide76	@Fetcaldu
@DrTrumbo	@Lauralengend
@DSaura	@_MiquelL_
@Dsoleralopez	@PonsBiel
@dsuesta	@CorbachoCarol
@dsuesta	@GusBracchi
@duartecorreaGZ	@antitetic_
@duartecorreaGZ	@avc_14
@duartecorreaGZ	@DavidRC77
@duartecorreaGZ	@doce_raquel
@duartecorreaGZ	@feminismogaliza
@duartecorreaGZ	@FonteRodrigues
@duartecorreaGZ	@HerNenya
@duartecorreaGZ	@IagoGarcia15
@duartecorreaGZ	@LeatherHeart_
@duartecorreaGZ	@mariadoforno
@duartecorreaGZ	@MObelleiro
@duartecorreaGZ	@Mrequeixoarnexo
@duartecorreaGZ	@nadjanf
@duartecorreaGZ	@OInsua
@duartecorreaGZ	@pedraluagz
@duartecorreaGZ	@Sothdai
@duartecorreaGZ	@UlissesXX
@duartecorreaGZ	@xosepalacio
@DuchMiriam	@lou__pm
@DucMantua	@catiferran
@DucMantua	@Elenagonzalez61
@DucMantua	@escabellat
@DucMantua	@francescmanya
@DucMantua	@Gerard_S_C
@DucMantua	@IgnasiB
@DucMantua	@JordiMontaa
@DucMantua	@JuanMaBarroso
@DucMantua	@LaSebastia
@DucMantua	@OriolHuguet
@DucMantua	@PassaportCatala
@DucMantua	@Reyesdiar
@DucMantua	@SergiSeira
@DucMantua	@silviaBac
@DucMantua	@spcmcconaughey
@DucMantua	@Txellys
@DucMantua	@XaviRoca66
@dulcevictoralex	@carlespastor
@Dungarbhan	@egracieb
@Dungarbhan	@JAEdinburgh
@Dungarbhan	@PattyBoak
@Dungarbhan	@weecass1888
@Dungarbhan	@Zarkwan
@Durankevicius	@davidbarnet
@Durankevicius	@MerxMoon
@Durankevicius	@svmclinica
@dvd_bosch	@Comia_Joan
@dvdbou	@alomar_planas3
@dvdbou	@NriaI
@Dvinolas	@albertbartpu
@Dvinolas	@joanmroig
@DyanaRios	@bealab79
@EA_Donostia	@Esthher1973
@EA_Donostia	@josu_ru
@eaj35	@RealTimMitchell
@Ebarandi	@enaitzc5r
@Ebarandi	@sonetska
@ebenach	@23Raczynski
@ebenach	@antonibelchi
@ebenach	@cverges
@ebenach	@datalore2
@ebenach	@Elsa_1980
@ebenach	@emasdeu
@ebenach	@jimyelgrande
@ebenach	@JoanRockguitar
@ebenach	@jordi_twit
@ebenach	@lantoniola
@ebenach	@Lluis_Gimenez
@ebenach	@magalitis
@ebenach	@marc_vb
@ebenach	@MiquelFerret
@ebenach	@nicolapadovan
@ebenach	@ramonroig
@ebenach	@RicaGemma
@ebenach	@SCouxam
@ebenach	@sdalmauc
@ebenach	@sergi_vp
@ebenach	@silvia_puco
@ebenach	@smujal
@ebenach	@tonaymemi
@ebenach	@XavierLahoz
@ebenach	@XVila72
@eboke	@GaboMorando
@EbonyDawnMarsh	@alicmurray
@EbonyDawnMarsh	@AndrewGlendinn3
@EbonyDawnMarsh	@atzori_piero
@EbonyDawnMarsh	@CehomeChris
@EbonyDawnMarsh	@InverTrot
@EbonyDawnMarsh	@Johncal56567107
@EbonyDawnMarsh	@QKubi
@eco_muna	@JuliaOmam
@edetanohostil	@presentaciond
@EdgarSTejada	@iamirapeix
@EduardEsteban92	@jordillinarestr
@EduardEsteban92	@LaiaEsteban
@EduardEsteban92	@maniek175
@EduardEsteban92	@NFigiel
@EduAymerich	@BaburBeg
@EduAymerich	@BCNReferendum
@EduAymerich	@docanbravo
@EduAymerich	@ifyoufoundthis
@EduAymerich	@ybadbrio
@EduBague	@creajordi
@EduBague	@fmartinfe
@EduBague	@jaume_pimpam
@EduBague	@Jordi8Salas
@EduBague	@jxf01
@EduBague	@pilinya
@EduBague	@Ssuneb
@edubuch	@elisenda
@Edugarciafreixa	@lunadelsur2012
@edugm14	@cuidadors
@edunomada	@CarrieFoTruth
@edunomada	@occupytheport
@edunomada	@patriziapetrucc
@EduSagal	@MarDuquee
@EduSagal	@oscarcamararey
@edusalo98	@jawy_s
@eduskovac	@DavidTostadoAlo
@eduskovac	@vichander
@eduyardo	@capidanMar
@eduyardo	@eriixeen
@eduyardo	@RedVoiceJJ
@edyol24	@alfred_asensi
@edyol24	@CBentez
@edyol24	@DUISISI
@Eelduaien	@AxelP1002
@Eelduaien	@Barberenea
@Eelduaien	@EHBilduAzpeitia
@Eelduaien	@EHBilduSestao
@Eelduaien	@enerojo
@Eelduaien	@Garikoitzbk
@Eelduaien	@GKoitz
@Eelduaien	@gorkasato
@Eelduaien	@GotorlekuMikel
@Eelduaien	@HaritzPerez
@Eelduaien	@HHiart
@Eelduaien	@izendegi
@Eelduaien	@jonmainer
@Eelduaien	@koloretan
@Eelduaien	@la_bicha_bola
@Eelduaien	@oihanaelduaien
@Eelduaien	@piratajonkar
@Eelduaien	@probatxoa
@Eelduaien	@Suagaar
@Eelduaien	@txargain
@Eelduaien	@ubarrutia
@Eelduaien	@Udalbiltza
@Eelduaien	@ulaiar
@Eelduaien	@Ur2eta
@Eelduaien	@xmeabe
@Eelduaien	@Zuriro
@eeriberry	@AnnTomas
@eetxeberria	@jarotzena
@efabrega	@jillsllvn
@efabrega	@Jpg00000G
@EGI_gipuzkoa	@andergaray
@EGI_gipuzkoa	@AsierUrruzuno
@EGI_gipuzkoa	@EAarteako12
@EGI_gipuzkoa	@euzkogaztedi
@EGI_gipuzkoa	@IosuBazkezRibas
@EGI_gipuzkoa	@PNV_Indautxu
@EGI_gipuzkoa	@unaiiirigoras
@EHBilduArrigo	@Ebarandi
@EHBilduArrigo	@IbarretxeJoseba
@EHBilduArrigo	@idoiamfer
@EHBilduEtxarri	@2begi
@EHBilduEtxarri	@andermgt
@EHBilduEtxarri	@EHbilduNafarroa
@EHBilduEtxarri	@EtxarrikoSortu
@EHBilduEtxarri	@nperezir
@EHBilduEtxarri	@oskartzito
@EHBilduLekeitio	@aguileraiturbe1
@EHBilduLekeitio	@ehbildubizkaia
@EiderHurtado	@aenutricion
@EiderHurtado	@apamayaz
@EiderHurtado	@dalberdi
@ejanet15	@_suniac
@ejanet15	@Bulgarell1Mauro
@ejanet15	@ejanet15
@ejanet15	@godochillida
@ejanet15	@Han17102003
@ejanet15	@KarimChefFRAC
@ejanet15	@llibrot
@ejanet15	@llunavermella
@ejanet15	@MirenReddish
@ejanet15	@PSlvia
@ejanet15	@soniabouzas
@ejanet15	@vkalb77
@ejanet15	@xXNaskoXx
@el_angel_alado	@slavignotte
@El_Caminant	@SlviaRius
@el_margaritu	@AialAfarat
@el_margaritu	@gkmph
@El_Plural	@adriana_chikiti
@El_Plural	@Antonnic1
@El_Plural	@bespierre
@El_Plural	@Echelon_43
@El_Plural	@franmaop
@El_Plural	@pau_crous
@El_Plural	@republicano_71
@El_Robert1969	@AquilaCalpensis
@El_Robert1969	@canepa_yvette
@El_Robert1969	@cyrik
@El_Robert1969	@LlanitoPol
@El_Robert1969	@maite_sabater
@ELABilbo	@bego_gainza
@ELABilbo	@GomezEndika
@ELABilbo	@GureEskuDagoGas
@ELABilbo	@LeiGorri
@elaleman67	@Chri440312421
@elaleman67	@paulever2003
@elaleman67	@Twittarbacke
@elaleman67	@ukoepke
@elaleman67	@vivitoart
@elapakea	@bego_gainza
@elapakea	@ElaZalain
@Elbuenprogre	@IsabelQuintansR
@Elbuenprogre	@rossend1963
@Elbuenprogre	@santirofes
@elciemen	@barnimile
@elciemen	@cct100
@elciemen	@cdurancambados
@elciemen	@comeig
@elciemen	@elinhgj
@elciemen	@elomendia
@elciemen	@Huw_Aber
@elciemen	@joanagabarrof
@elciemen	@jordialfabrega
@elciemen	@kaira_cat
@elciemen	@LozanoMarianna
@elciemen	@m_r_cesar
@elciemen	@MaiteMontava
@elciemen	@marclia
@elciemen	@MikelEtxarri
@elciemen	@Nwdls
@elciemen	@Quimoh
@elciemen	@RhodriLlwydMorg
@elciemen	@rich_kararak
@elciemen	@sergitomas1
@elciemen	@VicentMauri
@elciemen	@Xavi_RibesCalvo
@elciemen	@zirikasten
@elegb82	@furbot_it
@elegb82	@kitsune_pll
@elenahi19746578	@goiko1974
@elenahi19746578	@MonicaICalzada
@elenahi19746578	@pitudl78
@elenahi19746578	@SergiDimas
@elenahi19746578	@slavignotte
@elenkies	@mouse5379
@elenkies	@yukikukitanuki
@ElGallineroVG	@anibalmeltor
@ElGallineroVG	@Asgueri
@ElGallineroVG	@circu_74
@ElGallineroVG	@clauditxu
@ElGallineroVG	@iratinieblas
@ElGallineroVG	@jonabasque
@eli_blanch	@davidnottwiter
@EliaMaciaPuig	@erikitin1
@EliaMaciaPuig	@RTE_Scannal
@EliasBassols	@cesarubeda
@eliavives	@aidatort
@eliconerre	@joanlluisg
@EliCortiles	@tenkeits
@elifreedom77	@carmetitos
@eligg83	@vlasec_ciotto
@Elimarill	@GuilloNeffke
@Elisabet_Af	@kiwipocfet
@Elisabet_Af	@Oscar_Sendra
@elisabetmoreno	@Darthparra
@elisabetmoreno	@sentmenat
@elisabetrlujan	@acuiascartro
@elisabetrlujan	@CDR_CanSerra
@elisabetrlujan	@Chelu68
@elisabetrlujan	@SomBellvitge
@elisabetvives	@marcelmarabelli
@elisabetvives	@noeblaca
@elisendaauge	@srracing08
@elisendagg	@_Contrainfo
@elisendapares	@aleixpc
@ElisendaPerez	@SoniaGutierrez6
@Eliyjoel	@JesusNa21662875
@Ellilamola	@maria_maia1113
@ElNuevoNoDo	@AdrianaMozzone
@ElNuevoNoDo	@aitana_bah
@ElNuevoNoDo	@elibisous
@ElNuevoNoDo	@enelebe
@ElNuevoNoDo	@kiamba11
@ElNuevoNoDo	@Mar_Santorini
@ElNuevoNoDo	@MartaMoya08
@ElNuevoNoDo	@PouDuran
@ElNuevoNoDo	@TeclaBlume
@ElNuevoNoDo	@Txelfinestreta
@Eloi91	@AndresGomezLH
@Eloi91	@antonigarcia
@Eloi91	@antosa54
@Eloi91	@Barri75
@Eloi91	@bioscamontse
@Eloi91	@CDR_SEulalia
@Eloi91	@Chelu68
@Eloi91	@F_Cas79
@Eloi91	@Fernandez_iudex
@Eloi91	@guillemrp
@Eloi91	@ismydecember
@Eloi91	@jc_garba
@Eloi91	@JLCD0
@Eloi91	@LHNOTICIAS
@Eloi91	@maguila_gorila
@Eloi91	@ninpheas
@Eloi91	@rocamawra
@Eloi91	@SandraGarridoNu
@Eloi91	@SergiVSfisio
@Eloi91	@SomBellvitge
@Eloi91	@winkleU
@Elooy9	@arnau_roca3
@Elooy9	@lopezedu5
@elpasolibre	@bedaio3000
@elpasolibre	@EnbataInfo
@elpasolibre	@gcristofol
@elpasolibre	@iban1975
@elpasolibre	@Txori7
@elpatiratllat	@Joan_Ru_Ca
@elperegrau	@Gratiaetamore
@Elsa_1980	@benjamingarci23
@Elsa_1980	@jtte78
@ElSanru	@chateldon1
@elsantvicent	@casseto
@elsantvicent	@Ignasi_Brk
@elsantvicent	@Victor_ArribasV
@ElsGolfus	@GuiuFernandez26
@elshowdeyuyu	@AMStruggles
@elSrX_com	@Sims281
@eltapies	@Andescaro
@eltapies	@CarolLorente20
@eltapies	@JacintaLaPunky
@eltapies	@MrSetas
@Elvellblues	@Anarisd
@Elvellblues	@Elvellblues
@Elvellblues	@Peptrapella
@Elvellblues	@rgallaca3
@Emilio_Narvaez	@_Irenemazaira_
@Emilio_Narvaez	@apocalypseNic
@Emilio_Narvaez	@IVSS_Exterior
@Emilio_Narvaez	@khalid0273
@Emilio_Narvaez	@Para_partirse
@Emilio_Narvaez	@rosarioseijasma
@Emilio_Narvaez	@Tristiano_llora
@EmiliRoig	@betutx
@EmiliRoig	@marmasana
@EmiliRoig	@Traus_Sea
@emmaguillamet	@carla_gmc
@en_swissman	@drumcodeuk
@en_swissman	@rnuf_
@enazazu	@zulobeltz
@end1ka	@anna_sboira
@end1ka	@dani_urdas
@end1ka	@ioritz497
@end1ka	@JuanManuel1971
@end1ka	@MarcRipoll2
@end1ka	@pepesep11
@end1ka	@plaki21
@endavantsants	@lauracano
@eneko_toquero	@mirariudaeta
@EnekoJimenez2	@azofrayokeseke
@enekOSX	@feninger2
@enekOSX	@moriyakari
@enfadatron	@Mikima77
@Engranatge	@anabel_ma
@Engranatge	@andreikedemi
@Engranatge	@barcelonasfera
@Engranatge	@CarlesEsca
@Engranatge	@DianaPerez121
@Engranatge	@ewcxrla
@Engranatge	@FloraPla
@Engranatge	@kaspitanerd
@Engranatge	@marc96caballero
@Engranatge	@MerceBarcelona
@Engranatge	@MonicaBoix
@Engranatge	@Moreti86
@Engranatge	@rumenike86
@Engranatge	@silviamatey
@Engranatge	@YvonneHerrero
@EnLopes	@Fripp_80
@enmiquelangel	@DinsAirbnb
@enmiquelangel	@SebastiaPortell
@ennysig	@david1936evens
@EnotecaDivins	@IldumVinarius
@enough14	@StarstormLeft
@enric18488	@yeryy13
@EnricSabria	@1969ahbrown
@EnricSabria	@AMStruggles
@EnricSabria	@craetwin
@EnricSabria	@dgmicro
@EnricSabria	@eyechili
@EnricSabria	@FonteRodrigues
@EnricSabria	@Gormo472
@EnricSabria	@gturner1969
@EnricSabria	@IsThisAB0t
@EnricSabria	@Jamiecrock
@EnricSabria	@jestejedno
@EnricSabria	@JollyJapes2013
@EnricSabria	@Macmhaolain1
@EnricSabria	@moustache226
@EnricSabria	@raffytaffy8494
@EnricSabria	@sianious
@EnricSabria	@skint_knees
@EnricSabria	@StillYesScot
@EnricSabria	@svenski72
@EnriqueHerReina	@inex07
@epbonissim	@ANC_Reus
@epbonissim	@MarySarazola
@epbonissim	@MiquelPeri
@epratsoto	@JuditViBA
@ERCbcn	@ERCStMarti
@ERCbcn	@Odtor
@ERCCalella	@fgabika
@ERCCalella	@PereCalella
@ercdonesbcn	@AlbaCruzMas
@ercdonesbcn	@laiafb
@ERCTorello	@aripreseguer
@eresProgre	@Latraviatamari
@ergosfera_org	@pablogolpe
@EricBM_Corb	@contonando
@EricBM_Corb	@martimorro
@EricBM_Corb	@Silvia_Mallorca
@EricGratacosR2	@Azufres
@erich_hanussen	@_Gl0wingEyes__
@erich_hanussen	@_InsaneDarkness
@erich_hanussen	@polodenata
@erich_hanussen	@UnicornAsura
@erichpunti	@J_pascual81
@erichpunti	@jiglesies1
@erichpunti	@josepfrancesest
@erichpunti	@LourdesPalouzi
@erichpunti	@m_mj1111
@erichpunti	@marta_figueras
@erichpunti	@mercecomin
@ericpuig93	@CadenaPepo
@erictorrelld	@Marctorrelld
@erierac	@rosasuri
@Eriic_13	@Zomwis_2015
@Eriic_95	@LacalSara
@erik_stny	@_suniac
@erik_stny	@adestemps
@erik_stny	@CarlesPalacio
@erik_stny	@felisukobcn
@erik_stny	@kellyandfive
@erik_stny	@martaagilabert
@erik_stny	@NuriaBala
@erik_stny	@sara_crabs
@erik222000	@ejanet15
@erik222000	@Somelsomni
@ernaigazte	@NahiaFer9
@ErnestoSuidry	@BGBgus
@ErnestoSuidry	@esteren3onidos
@ErnestoSuidry	@gagoalbox75
@ErnestoSuidry	@HappyRedPirate
@ErnestoSuidry	@JaviPayaso
@ErnestoSuidry	@johebl
@ErnestoSuidry	@locuspolitikus
@ErnestoSuidry	@logela
@ErnestoSuidry	@MarolaPereda
@ErnestoSuidry	@martoska2002
@ErnestoSuidry	@OpenYourWings_
@ErnestoSuidry	@Pisalfreno
@ErnestoSuidry	@rakel_lopezfont
@ErnestoSuidry	@senor__asnarf
@ErnestoSuidry	@zo_gar
@erosbaro	@alcon_alejandro
@erosbaro	@chrisllonguet
@erpikita	@AlbaTorrescasan
@Erramun2014	@_DarwinPZ
@Erramun2014	@_Reiko24_
@Erramun2014	@abel_andreu
@Erramun2014	@addhict_
@Erramun2014	@AdrianaMozzone
@Erramun2014	@agm5757
@Erramun2014	@agus_tiniko
@Erramun2014	@Aida_Deturck
@Erramun2014	@AitorTelle13
@Erramun2014	@Aldonir83
@Erramun2014	@aleix_52
@Erramun2014	@AleixBordas
@Erramun2014	@alex_muni
@Erramun2014	@alexbeki
@Erramun2014	@alexddww
@Erramun2014	@alexporquesi
@Erramun2014	@alexysonia67
@Erramun2014	@alfsilvan
@Erramun2014	@AliGoodDay
@Erramun2014	@Alkin91974509
@Erramun2014	@Alter_Jo
@Erramun2014	@AnderEguimendia
@Erramun2014	@anemometer12
@Erramun2014	@AngelGalanGalan
@Erramun2014	@Angro2003
@Erramun2014	@aniiitta43
@Erramun2014	@Anna_maga
@Erramun2014	@ardo1714
@Erramun2014	@aripreseguer
@Erramun2014	@arnaupages1
@Erramun2014	@axelbeitia
@Erramun2014	@BananoSr
@Erramun2014	@BCNReferendum
@Erramun2014	@bea21m
@Erramun2014	@Bernat_
@Erramun2014	@BikandiGorka
@Erramun2014	@brunu18
@Erramun2014	@BSCkleber
@Erramun2014	@Caperuzotaroja
@Erramun2014	@carlespastor
@Erramun2014	@carlota_gibanel
@Erramun2014	@Carme__M
@Erramun2014	@CarmenLu80
@Erramun2014	@Catacrack1969
@Erramun2014	@catyvall
@Erramun2014	@Cesclc1
@Erramun2014	@cgtibebjs
@Erramun2014	@chrisllonguet
@Erramun2014	@clausmia66
@Erramun2014	@CletoDepalo
@Erramun2014	@CMAURIRIU
@Erramun2014	@CogemeElAbogado
@Erramun2014	@cpblasco1954
@Erramun2014	@cunadebuhos
@Erramun2014	@danestrada9
@Erramun2014	@dani_urdas
@Erramun2014	@DaniCueLoz
@Erramun2014	@DanielaMondorff
@Erramun2014	@Deva_Algr
@Erramun2014	@DGuarch
@Erramun2014	@DiezAndres
@Erramun2014	@dorafv
@Erramun2014	@Dorres21
@Erramun2014	@Drisk_
@Erramun2014	@EdPepgrill
@Erramun2014	@eduamutio
@Erramun2014	@ElMestreChill
@Erramun2014	@EmmaBP86
@Erramun2014	@Erramun2014
@Erramun2014	@erreala1980
@Erramun2014	@Espanystanyi
@Erramun2014	@EternaSomos
@Erramun2014	@EvaMGrasa
@Erramun2014	@fcb1967
@Erramun2014	@FerranAb
@Erramun2014	@francal64
@Erramun2014	@freed4Catalonia
@Erramun2014	@g_margas
@Erramun2014	@Gabineko20
@Erramun2014	@gabycruc
@Erramun2014	@GELHZZ
@Erramun2014	@gemauma
@Erramun2014	@Germanfagundez
@Erramun2014	@GouMassot
@Erramun2014	@goyacle
@Erramun2014	@Grattan_H
@Erramun2014	@Han17102003
@Erramun2014	@Haok10
@Erramun2014	@ialonsoiturbe
@Erramun2014	@ignasip2005
@Erramun2014	@IkeR_Gorde12
@Erramun2014	@IMCoroGIGI
@Erramun2014	@ImMrMeeseks
@Erramun2014	@inaciogz
@Erramun2014	@Ingrithplus
@Erramun2014	@irugluglu11
@Erramun2014	@J91GL
@Erramun2014	@Jaimeatangarife
@Erramun2014	@JCG1984
@Erramun2014	@jenniferesth
@Erramun2014	@jivo75
@Erramun2014	@JJPPbcn
@Erramun2014	@JMNG7
@Erramun2014	@joangandesa
@Erramun2014	@jordiet_19
@Erramun2014	@JordiJobatcar
@Erramun2014	@jordinavila10
@Erramun2014	@josemagutierre
@Erramun2014	@jperezmu
@Erramun2014	@jpuigcorbe
@Erramun2014	@jsanst
@Erramun2014	@jtobal78
@Erramun2014	@Juanmi_N
@Erramun2014	@Julopezp
@Erramun2014	@Kaskii9
@Erramun2014	@kgaraialde
@Erramun2014	@kimonikihotmai1
@Erramun2014	@KizkiKiz
@Erramun2014	@Landarkaitz
@Erramun2014	@LangosyLentes
@Erramun2014	@lantoniola
@Erramun2014	@Levi_bcn
@Erramun2014	@Lidiamq
@Erramun2014	@lidif88
@Erramun2014	@lifeonground
@Erramun2014	@LloraLloron
@Erramun2014	@llrodero
@Erramun2014	@LordOfTheLords
@Erramun2014	@lorexana106
@Erramun2014	@LuisOsvaldox02
@Erramun2014	@luzpen
@Erramun2014	@MabelFigueruelo
@Erramun2014	@MaBuddytango
@Erramun2014	@mamefer1
@Erramun2014	@manelet36
@Erramun2014	@Manuel96656830
@Erramun2014	@MarcG81D
@Erramun2014	@Marcpitapes
@Erramun2014	@Maria60_22
@Erramun2014	@marianavegando
@Erramun2014	@MariaReferendum
@Erramun2014	@mariasaldias1
@Erramun2014	@Marleys_Cats
@Erramun2014	@MartiinLema
@Erramun2014	@Martin171202
@Erramun2014	@MartinaLattus
@Erramun2014	@MasclansRiera
@Erramun2014	@Masterplaster92
@Erramun2014	@mbcoal
@Erramun2014	@medranet
@Erramun2014	@mel5552
@Erramun2014	@MiaOrtet
@Erramun2014	@MiauuJeans
@Erramun2014	@mikel__9
@Erramun2014	@MiryamAcuna
@Erramun2014	@mlojonoriega62
@Erramun2014	@MObelleiro
@Erramun2014	@moniivv
@Erramun2014	@moratxus
@Erramun2014	@mrubialesc
@Erramun2014	@Muzicalicious
@Erramun2014	@Nadineosaer93
@Erramun2014	@NaKk3L
@Erramun2014	@naturadecapsdde
@Erramun2014	@navarro1957
@Erramun2014	@neknauj
@Erramun2014	@nicolaspb10
@Erramun2014	@nnonnaa97
@Erramun2014	@Nostradanis
@Erramun2014	@nuri_salvador
@Erramun2014	@nuria_civit
@Erramun2014	@obffelius
@Erramun2014	@orkatz_go
@Erramun2014	@ozbuyucusubtc
@Erramun2014	@pablo_quin
@Erramun2014	@PanCordova
@Erramun2014	@paumeler
@Erramun2014	@pepba
@Erramun2014	@pepsabater
@Erramun2014	@PereKlvet
@Erramun2014	@PodemosAhora
@Erramun2014	@polodenata
@Erramun2014	@Pregoners37
@Erramun2014	@Prezz14
@Erramun2014	@puyolism
@Erramun2014	@rachelATV
@Erramun2014	@ralitaroli
@Erramun2014	@RaquelWillBiteU
@Erramun2014	@RealMiracle66
@Erramun2014	@revillaf
@Erramun2014	@RibesMontse
@Erramun2014	@riicard7
@Erramun2014	@RosaGiralt
@Erramun2014	@rubenribera16
@Erramun2014	@SandraFerbe
@Erramun2014	@santilorenzop1
@Erramun2014	@saracousillas
@Erramun2014	@seftitled
@Erramun2014	@segurostonito
@Erramun2014	@SergiJimenez76
@Erramun2014	@SGV27__
@Erramun2014	@simanonadesso
@Erramun2014	@Sodomaygomorra1
@Erramun2014	@soncheanxinho
@Erramun2014	@spg1706
@Erramun2014	@Sr_Norman_
@Erramun2014	@SvsergixdSergi
@Erramun2014	@Teoriabiencomun
@Erramun2014	@Teresa1714
@Erramun2014	@Terex99
@Erramun2014	@titomuted
@Erramun2014	@TMunyoz
@Erramun2014	@toni4ever61
@Erramun2014	@tonimartinl
@Erramun2014	@Torra37
@Erramun2014	@Tosudament
@Erramun2014	@ube_laura
@Erramun2014	@valerinomaster1
@Erramun2014	@x_clavell
@Erramun2014	@xarxaindepe
@Erramun2014	@xavimavi
@Erramun2014	@Xavinandes
@Erramun2014	@Xquet
@Erramun2014	@YERAYAGUILAR_
@Erramun2014	@yusgrethan
@erreharria	@clauditxu
@erreharria	@MaiteRepulicana
@erreharria	@OlatzodiomiPC
@esaezmun	@AbriendoBrecha6
@escalatapies	@AssGrogaSants
@escalatapies	@German_mas
@escalatapies	@nroigcerv
@EscalLid	@cally_priest
@Escudero_MasQue	@manuelromero42
@Escudero_MasQue	@Sextete1899
@EsdiroDaz	@jordicampos
@eserranoregol	@sandraxyky
@esinile	@Cihan2nd
@espailocal	@Biutre_VS
@espiraldor	@Elsa_1980
@espiraldor	@nuriajoseph
@espiralveintiun	@nadiajimenez80
@EsqRevoluciona	@coralclc
@EsqRevoluciona	@NandoMail
@Esquerra_Tiana	@Esquerra_Tiana
@Esquerra_Tiana	@jordigost
@essentjo	@garrotxa
@EstanyCarles	@charli_soler
@estela01071961	@EduardCruzToma2
@ester_g_g	@coachjacob13
@ester_g_g	@mimikstore
@EsterSans	@luigi_pompili
@Estersj77	@BadalonaMati
@Estersj77	@bdncom
@Estersj77	@carolfontanals
@Estersj77	@ChristineHug
@Estersj77	@estermarte
@Estersj77	@JoanAntoniCard2
@Estersj77	@rich_kararak
@Estersj77	@roseeer97
@Estersj77	@Serjx
@Estersj77	@sobrino_1978
@Estersj77	@spiff_spiff
@estervila	@annapaulapaya
@Esteve06	@ireennee9
@Esteve06	@Norib
@Esther_0305	@diego96gr
@Esther_0305	@Kyke197
@Esther_rever	@Monicaforcadell
@Esther_rever	@Wiros
@estibadors_cat	@CarlitoxMarxx
@estibadors_cat	@DelTimbaler
@estibadors_cat	@Deva_Algr
@estibadors_cat	@MaionaK
@estibadors_cat	@Mizuno_sempai
@estibadors_cat	@TeclaBlume
@EstradaLaia	@ioritz497
@EstradaLaia	@pau_urenya
@EstradaLaia	@rcodines
@etassies	@aenavazio
@etassies	@erlncdelaney
@etassies	@FabioCarrirolo
@etassies	@frondolino
@etassies	@GigiPadovani
@etassies	@marcus_giant
@etassies	@MlrkwoodOutcast
@etassies	@raiderman108
@etassies	@svz76
@eudald_artesa	@CarlosEstel
@eudaldgrima	@chamgt
@eugenio_cau	@1lupogrigio
@eugenio_cau	@alcinx
@eugenio_cau	@andreamarchesi9
@eugenio_cau	@comedian72
@eugenio_cau	@crotti8
@eugenio_cau	@elenazacchetti
@eugenio_cau	@GermanoDottori
@eugenio_cau	@ilfoglio_it
@eugenio_cau	@joaneliesadell
@eugenio_cau	@maurizio_crippa
@eugenio_cau	@paoloigna1
@eugenio_cau	@pecorecheurlano
@eugenio_cau	@Ste2900
@eugenio_cau	@VenieroO
@eugenioroj	@Han17102003
@eugenioroj	@juanbravosbd
@eugenioroj	@LAPISLAZZULI2
@eugenioroj	@marta_m_DC
@eugenioroj	@playercristian
@eugenioroj	@thernandezmo
@EUiALaLlagosta	@alonso_jordi
@EUiALaLlagosta	@ANClallagosta
@EUiALaLlagosta	@MontseCasasBul
@eulaliacadaques	@Giroscop88
@Eulaliajou	@nuriaviar
@eunate97	@MarkelEgizabal
@eunate97	@Txitxingurri
@eunate97	@x_kamiru
@EUPARTYEFA	@__paalma
@EUPARTYEFA	@_hell_boy54
@EUPARTYEFA	@_mrjinks
@EUPARTYEFA	@_Victor92_3
@EUPARTYEFA	@1Jaume
@EUPARTYEFA	@70diazcat
@EUPARTYEFA	@77_Dreams
@EUPARTYEFA	@Acantha_
@EUPARTYEFA	@Adriab22
@EUPARTYEFA	@Adrian_q_s
@EUPARTYEFA	@adriana92ba
@EUPARTYEFA	@adricat24
@EUPARTYEFA	@AGUS_BC
@EUPARTYEFA	@ainafanalsramis
@EUPARTYEFA	@ajkazo
@EUPARTYEFA	@AlbertBF69
@EUPARTYEFA	@albertgabarrus
@EUPARTYEFA	@Alberto23KH
@EUPARTYEFA	@ALBERTORM81
@EUPARTYEFA	@albertrubiol
@EUPARTYEFA	@albertvidal4
@EUPARTYEFA	@albu1969
@EUPARTYEFA	@alex__rosello
@EUPARTYEFA	@Alexandraselo13
@EUPARTYEFA	@AlexBorrell2
@EUPARTYEFA	@AlexCuartero
@EUPARTYEFA	@alvarmll
@EUPARTYEFA	@amadurell
@EUPARTYEFA	@AmorosFdez
@EUPARTYEFA	@Anarchazazel
@EUPARTYEFA	@angelsorduna
@EUPARTYEFA	@Animusiocandi
@EUPARTYEFA	@ankit_21994
@EUPARTYEFA	@AnnaGatito
@EUPARTYEFA	@AnnaMarAng
@EUPARTYEFA	@Anskari76
@EUPARTYEFA	@Antonio_H_D
@EUPARTYEFA	@Antonio88895019
@EUPARTYEFA	@ardo1714
@EUPARTYEFA	@ArthurStramash
@EUPARTYEFA	@ArtSingulArt
@EUPARTYEFA	@asuncarreras
@EUPARTYEFA	@ATrullols
@EUPARTYEFA	@AVenturaRibal
@EUPARTYEFA	@aymerich_teresa
@EUPARTYEFA	@baronashler11
@EUPARTYEFA	@BcnDesencantat
@EUPARTYEFA	@BcnFox
@EUPARTYEFA	@bebopx78
@EUPARTYEFA	@BegoAlmor
@EUPARTYEFA	@Begue_Oscar
@EUPARTYEFA	@BellaBelBess
@EUPARTYEFA	@bernatargemi
@EUPARTYEFA	@bestand2
@EUPARTYEFA	@BigPoppaTotoro
@EUPARTYEFA	@BlakandBlack
@EUPARTYEFA	@Blanca_Busquets
@EUPARTYEFA	@blondiesa
@EUPARTYEFA	@bonaventura_66
@EUPARTYEFA	@boonen_tb
@EUPARTYEFA	@brunyol
@EUPARTYEFA	@brutaken
@EUPARTYEFA	@Calgus
@EUPARTYEFA	@campanarobles
@EUPARTYEFA	@campos15258
@EUPARTYEFA	@CamprubiLluis
@EUPARTYEFA	@CANJORDI
@EUPARTYEFA	@CannacapDavid
@EUPARTYEFA	@CanoAbogado
@EUPARTYEFA	@caos30
@EUPARTYEFA	@Carina19340101
@EUPARTYEFA	@carlesbou
@EUPARTYEFA	@CarmenArtiz5
@EUPARTYEFA	@CarmenEstarella
@EUPARTYEFA	@catalivng
@EUPARTYEFA	@celianomen
@EUPARTYEFA	@CescAldabo
@EUPARTYEFA	@Charles34346075
@EUPARTYEFA	@chemacastello
@EUPARTYEFA	@ciria_jordi
@EUPARTYEFA	@clafayb
@EUPARTYEFA	@CollectiuEmma
@EUPARTYEFA	@ComunicAccio
@EUPARTYEFA	@Confucius123
@EUPARTYEFA	@Cristinacanina
@EUPARTYEFA	@cuvitus
@EUPARTYEFA	@cxwsk
@EUPARTYEFA	@darmada80
@EUPARTYEFA	@DarmstadtJ
@EUPARTYEFA	@DarthVaderBcn
@EUPARTYEFA	@davidmanya63
@EUPARTYEFA	@davidsabate
@EUPARTYEFA	@davisl1973
@EUPARTYEFA	@DeCantonado
@EUPARTYEFA	@DeividSanx
@EUPARTYEFA	@Dfarell65
@EUPARTYEFA	@dfloj
@EUPARTYEFA	@DiMiOrganic
@EUPARTYEFA	@dolobalo
@EUPARTYEFA	@edacrem
@EUPARTYEFA	@eduardfm9
@EUPARTYEFA	@EduardMuria
@EUPARTYEFA	@eleninbaker
@EUPARTYEFA	@ElGarridu
@EUPARTYEFA	@elisabetpf
@EUPARTYEFA	@ElMetDeRibes
@EUPARTYEFA	@ElSenyorRamon
@EUPARTYEFA	@eltwitderuben
@EUPARTYEFA	@emparmoliner
@EUPARTYEFA	@encovert
@EUPARTYEFA	@EnricArrazola
@EUPARTYEFA	@EnricBarba
@EUPARTYEFA	@enricblanes
@EUPARTYEFA	@enricbraso
@EUPARTYEFA	@EnricMonne
@EUPARTYEFA	@EnricX
@EUPARTYEFA	@eonmaikel
@EUPARTYEFA	@Esclarmund
@EUPARTYEFA	@EstanisBassas
@EUPARTYEFA	@EstherIsthar
@EUPARTYEFA	@eudaldc
@EUPARTYEFA	@felipmonclus
@EUPARTYEFA	@filiki79
@EUPARTYEFA	@formenteril
@EUPARTYEFA	@francbonet
@EUPARTYEFA	@Francesc_Forex
@EUPARTYEFA	@francescEG
@EUPARTYEFA	@FransR26
@EUPARTYEFA	@FreeMadJack
@EUPARTYEFA	@fxmatabosch
@EUPARTYEFA	@FxPrat
@EUPARTYEFA	@Gerard_MazBu
@EUPARTYEFA	@gerardalis
@EUPARTYEFA	@gil_gema
@EUPARTYEFA	@Giobcn1
@EUPARTYEFA	@gloriacortesv
@EUPARTYEFA	@GrlldChsAsp
@EUPARTYEFA	@Guillem_hb
@EUPARTYEFA	@GVallespi
@EUPARTYEFA	@h_hajbi
@EUPARTYEFA	@Hankbeat
@EUPARTYEFA	@Hectorovik
@EUPARTYEFA	@Henriklubo
@EUPARTYEFA	@HIJAU_BESAR
@EUPARTYEFA	@hortPEP
@EUPARTYEFA	@ifuya
@EUPARTYEFA	@irizarimaz
@EUPARTYEFA	@isaac1842
@EUPARTYEFA	@Isabeleta57
@EUPARTYEFA	@itangiku
@EUPARTYEFA	@ivan_ivanlfok
@EUPARTYEFA	@iveskez
@EUPARTYEFA	@J_Gironella
@EUPARTYEFA	@jacintcabau
@EUPARTYEFA	@JanManels
@EUPARTYEFA	@jaume_duran
@EUPARTYEFA	@Jaumederossello
@EUPARTYEFA	@jaumedurany
@EUPARTYEFA	@jaumellort
@EUPARTYEFA	@jbrichsg
@EUPARTYEFA	@jcaxito
@EUPARTYEFA	@jcrminyana
@EUPARTYEFA	@JefMonnier
@EUPARTYEFA	@Jenn_hypatia
@EUPARTYEFA	@JennyKayNZ
@EUPARTYEFA	@jgimenezpascual
@EUPARTYEFA	@JJBCN
@EUPARTYEFA	@jjsibina
@EUPARTYEFA	@jmagan81
@EUPARTYEFA	@jmartinezvila
@EUPARTYEFA	@joan_altafulla
@EUPARTYEFA	@joanacristin
@EUPARTYEFA	@Joanibanez1971
@EUPARTYEFA	@joanlluisg
@EUPARTYEFA	@JoaquiM_BS
@EUPARTYEFA	@joe_feegools
@EUPARTYEFA	@JoelPlana
@EUPARTYEFA	@JohnnyPraMid
@EUPARTYEFA	@johnnyq72
@EUPARTYEFA	@joiest
@EUPARTYEFA	@Jonario2
@EUPARTYEFA	@Jordibartroli
@EUPARTYEFA	@jordijanes
@EUPARTYEFA	@jordimab
@EUPARTYEFA	@JordiRius
@EUPARTYEFA	@JorisVanHoeck
@EUPARTYEFA	@jose73vng
@EUPARTYEFA	@JosepJufo
@EUPARTYEFA	@josepmegea
@EUPARTYEFA	@JosepMesia
@EUPARTYEFA	@JRenalias
@EUPARTYEFA	@jsabatet
@EUPARTYEFA	@jsolsonal
@EUPARTYEFA	@jsune08
@EUPARTYEFA	@jtorrescasanab
@EUPARTYEFA	@jtouza
@EUPARTYEFA	@JuanRamonFisio
@EUPARTYEFA	@JuditDF
@EUPARTYEFA	@Kellliure
@EUPARTYEFA	@kelvalok
@EUPARTYEFA	@kevinburt28
@EUPARTYEFA	@kimibova
@EUPARTYEFA	@KnoDemagog
@EUPARTYEFA	@La__Vida__
@EUPARTYEFA	@lafarfallanera
@EUPARTYEFA	@LaFeraFerotge
@EUPARTYEFA	@lamonisan
@EUPARTYEFA	@LastArchitech
@EUPARTYEFA	@laudrup69
@EUPARTYEFA	@Laufer84
@EUPARTYEFA	@Lauramcn1
@EUPARTYEFA	@LeshLlepolies
@EUPARTYEFA	@LiABcN84
@EUPARTYEFA	@lluis_upf
@EUPARTYEFA	@losabiasl
@EUPARTYEFA	@LuaKing1
@EUPARTYEFA	@mafossil
@EUPARTYEFA	@magarsanch
@EUPARTYEFA	@maiteoak
@EUPARTYEFA	@manacor
@EUPARTYEFA	@Manelruizpla
@EUPARTYEFA	@manelvat
@EUPARTYEFA	@MaNrAkEiSh
@EUPARTYEFA	@Manu_FdezAragon
@EUPARTYEFA	@manujulia
@EUPARTYEFA	@manzanequep
@EUPARTYEFA	@Mar_Falco
@EUPARTYEFA	@marcelfarran
@EUPARTYEFA	@marcg21d
@EUPARTYEFA	@marcmb_88
@EUPARTYEFA	@MarcMercader1
@EUPARTYEFA	@MarcMunoz
@EUPARTYEFA	@MarcP1979
@EUPARTYEFA	@marcushhhit
@EUPARTYEFA	@MarcVidaliM
@EUPARTYEFA	@mariawsss
@EUPARTYEFA	@MariusVendrell
@EUPARTYEFA	@Marsi132
@EUPARTYEFA	@martacandl
@EUPARTYEFA	@MartaJuve
@EUPARTYEFA	@MartaMmtt25
@EUPARTYEFA	@MartaRieraB
@EUPARTYEFA	@martetadv
@EUPARTYEFA	@marti_oh_si
@EUPARTYEFA	@Massal_tina
@EUPARTYEFA	@MAU211267
@EUPARTYEFA	@MaucomRuiseart
@EUPARTYEFA	@maxreig
@EUPARTYEFA	@mbou1967
@EUPARTYEFA	@Mcferry
@EUPARTYEFA	@mespinosaz
@EUPARTYEFA	@met_cat
@EUPARTYEFA	@MiamiCordn
@EUPARTYEFA	@mike1_26
@EUPARTYEFA	@MilagritosEsp
@EUPARTYEFA	@mina_supertramp
@EUPARTYEFA	@MireiaRafel
@EUPARTYEFA	@mireiatorras22
@EUPARTYEFA	@miren_goretti
@EUPARTYEFA	@MitevVeselin
@EUPARTYEFA	@mmasllovet
@EUPARTYEFA	@mmm_arte
@EUPARTYEFA	@mmmiquel_
@EUPARTYEFA	@mo_bala
@EUPARTYEFA	@moitorne
@EUPARTYEFA	@MondigeStudent
@EUPARTYEFA	@monicabouorus
@EUPARTYEFA	@monsamga
@EUPARTYEFA	@MontseVila2
@EUPARTYEFA	@motorpep1
@EUPARTYEFA	@Msandrafer
@EUPARTYEFA	@mur_cristina
@EUPARTYEFA	@MVedruna
@EUPARTYEFA	@nacorpeirot
@EUPARTYEFA	@Nationalia
@EUPARTYEFA	@natxo_girones
@EUPARTYEFA	@nenadejaime
@EUPARTYEFA	@nerea_ben68
@EUPARTYEFA	@nestweety
@EUPARTYEFA	@nhoa
@EUPARTYEFA	@nickkerr1961
@EUPARTYEFA	@Niki7061
@EUPARTYEFA	@nileuqiM
@EUPARTYEFA	@noemirinda
@EUPARTYEFA	@NoyaFrancesc
@EUPARTYEFA	@nupin_
@EUPARTYEFA	@nuria_lorente
@EUPARTYEFA	@okanvulas
@EUPARTYEFA	@olagart
@EUPARTYEFA	@OokeJorger
@EUPARTYEFA	@Ori_Tous
@EUPARTYEFA	@oriolsalar
@EUPARTYEFA	@OscarDurandot
@EUPARTYEFA	@PacaMarh
@EUPARTYEFA	@passatemps
@EUPARTYEFA	@Pau14445945
@EUPARTYEFA	@Paulet790
@EUPARTYEFA	@pere55037761
@EUPARTYEFA	@Pereelcruel
@EUPARTYEFA	@PereKlvet
@EUPARTYEFA	@perillxrv
@EUPARTYEFA	@pibefig
@EUPARTYEFA	@pilarvilla20
@EUPARTYEFA	@piuet
@EUPARTYEFA	@PSBallart
@EUPARTYEFA	@Pujent
@EUPARTYEFA	@QuimMonzo
@EUPARTYEFA	@quimpg
@EUPARTYEFA	@r_mercader
@EUPARTYEFA	@racuelbp
@EUPARTYEFA	@ramoe89
@EUPARTYEFA	@ramon_elena
@EUPARTYEFA	@ramongiva
@EUPARTYEFA	@ramontorresarus
@EUPARTYEFA	@Ran_Carter
@EUPARTYEFA	@RaquelGiro
@EUPARTYEFA	@razled
@EUPARTYEFA	@rbarroso30
@EUPARTYEFA	@rbk_flordundia
@EUPARTYEFA	@remediorum
@EUPARTYEFA	@repunkuratuy
@EUPARTYEFA	@ReyJordi
@EUPARTYEFA	@RicardMoMa
@EUPARTYEFA	@RicardZapata
@EUPARTYEFA	@RocaMiravent
@EUPARTYEFA	@Rodamon_cat
@EUPARTYEFA	@RogerPasky78
@EUPARTYEFA	@RogerVinton
@EUPARTYEFA	@RosaVilajosana
@EUPARTYEFA	@roserbetbese
@EUPARTYEFA	@roserota
@EUPARTYEFA	@rtolosam
@EUPARTYEFA	@s_silviapi
@EUPARTYEFA	@santiagorg332
@EUPARTYEFA	@Sanzlloret1
@EUPARTYEFA	@Sara67822151
@EUPARTYEFA	@SASam1714
@EUPARTYEFA	@SDrolkar
@EUPARTYEFA	@seansowl
@EUPARTYEFA	@sergi_collbru
@EUPARTYEFA	@sergiferrarons
@EUPARTYEFA	@smakis72
@EUPARTYEFA	@SmateoVellet
@EUPARTYEFA	@smujal
@EUPARTYEFA	@sofiaramalouren
@EUPARTYEFA	@spika59
@EUPARTYEFA	@Spolfaret
@EUPARTYEFA	@sr_teequis
@EUPARTYEFA	@Sr_Yonky
@EUPARTYEFA	@SuperWiff
@EUPARTYEFA	@SusanaGustems
@EUPARTYEFA	@SusannaPeiris
@EUPARTYEFA	@Swansea4Europe
@EUPARTYEFA	@swdesq
@EUPARTYEFA	@tamakibi555
@EUPARTYEFA	@TasRiart
@EUPARTYEFA	@TheObs3rver
@EUPARTYEFA	@TheSantitnaS
@EUPARTYEFA	@ThorstenBr
@EUPARTYEFA	@Tifiur
@EUPARTYEFA	@tincset
@EUPARTYEFA	@tiquismiquisbcn
@EUPARTYEFA	@Titiua2017
@EUPARTYEFA	@titoariasbcn
@EUPARTYEFA	@ToniiSala
@EUPARTYEFA	@tonisalom
@EUPARTYEFA	@ToniTorrentt
@EUPARTYEFA	@Triconinfa
@EUPARTYEFA	@Turris0_0
@EUPARTYEFA	@txantxi
@EUPARTYEFA	@txellblanxer
@EUPARTYEFA	@Txema_Pamundi
@EUPARTYEFA	@UGJaume
@EUPARTYEFA	@unamunzaga
@EUPARTYEFA	@uralanormel
@EUPARTYEFA	@Wales4Europe
@EUPARTYEFA	@WalterMaes2
@EUPARTYEFA	@wim_wienen
@EUPARTYEFA	@X_Paya
@EUPARTYEFA	@xabajo
@EUPARTYEFA	@xarques
@EUPARTYEFA	@XavierBarril
@EUPARTYEFA	@xavifluvia
@EUPARTYEFA	@xavigg9
@EUPARTYEFA	@XaviMarti5
@EUPARTYEFA	@XavIniesta_
@EUPARTYEFA	@xfahndrich
@EUPARTYEFA	@xperiments
@EUPARTYEFA	@XVila72
@EUPARTYEFA	@Yatellamosieso
@EUPARTYEFA	@yoapgo
@EUPARTYEFA	@yogatflame
@EUPARTYEFA	@yomimmo1
@EUPARTYEFA	@zanpatua63k
@EUPARTYEFA	@ZeissSusanna
@EUPARTYEFA	@ZerberossNox
@euzkogaztedi	@AbriendoBrecha6
@euzkogaztedi	@aimipol
@euzkogaztedi	@AranSaratxaga
@euzkogaztedi	@areitio96
@euzkogaztedi	@caaaaarmen98
@euzkogaztedi	@DianaGDKO
@euzkogaztedi	@egibasauri
@euzkogaztedi	@EGIGasteiz
@euzkogaztedi	@elenalboran00
@euzkogaztedi	@Garazi_De_Vega
@euzkogaztedi	@GEgizabal
@euzkogaztedi	@hpichaco
@euzkogaztedi	@inigolanda
@euzkogaztedi	@JBasseda
@euzkogaztedi	@Leniwis
@euzkogaztedi	@Mosturotz
@euzkogaztedi	@Retard_Polro
@euzkogaztedi	@ToroShows
@eva_campano	@miriamcrivilles
@eva_campano	@MontBdn1
@eva_campano	@WarriorPinzas
@EVA20TORRENT	@DeBianya
@EVA20TORRENT	@neusverdaguer
@evacompta	@antonidueso
@evafarre	@FerranTorrijos
@evagargon	@manugrandelope
@evallory	@en_practiques
@evallory	@lluisfarres
@Evamartorellj	@FancyAppleMac
@Evamartorellj	@gina28840
@evamurgui	@PaquiSnchez
@evaverdaguer	@oriolgarcia1993
@EvaVicens	@LaiaIsMe
@EVellesObertes	@Eliespou
@EVellesObertes	@joanapllop
@EVellesObertes	@jordimoltgas
@EVellesObertes	@josefapachon
@EVellesObertes	@meritxellmiquel
@EVellesObertes	@Miguel_A_Miras
@Evissx	@Evissx
@EvOlvedbcn	@AntonioTella1
@EvOlvedbcn	@arammsy
@ewerton_55	@layla200vieira
@ewerton_55	@Miauche
@EXNdigital	@AlexGar07039714
@EXNdigital	@ChChChucky
@EXNdigital	@cutebutn00b
@EXNdigital	@dagore94
@EXNdigital	@Fran_Lirola
@EXNdigital	@juampi280
@EXNdigital	@laspeyria
@EXNdigital	@Macgraw165
@EXNdigital	@MannyThunder
@EXNdigital	@OscarRGaleano
@EXNdigital	@theteddypicker
@EYGreens	@estheragirre
@EYGreens	@nigelbagshaw
@EYGreens	@stewartbremner
@f5_morris	@rafa_nache
@Fa1970Ra	@neusjlgar
@Fabiana_tfp	@27Sevilla
@Fabiana_tfp	@josemmm13dz
@Fabiana_tfp	@PatriciaDorta40
@Fabiana_tfp	@rufo_soto
@fabianeselcolmo	@mariambcn123
@fabsllanos	@lasitasita
@fabsllanos	@tbatchelli
@fabyezcurra	@IsabelRauber
@falchets	@GuillemCintas
@Falco_Bordegas	@LaerkeSaura
@FallesPopulars	@albert_monton
@FallesPopulars	@marestrel
@FallesPopulars	@Mertxe_Vlc
@FallesPopulars	@paubarrina
@fan_esan	@mikeloraa
@FancyAppleMac	@fvizuetec
@fanfanbcn	@DaniSerranoB
@fanfanbcn	@Soleroger
@FangTerra	@josepescobar
@farnersc	@cagigos_mamen
@FatimaAatar	@_akhlys_
@FatimaAatar	@_suniac
@FatimaAatar	@AbanicoFantasma
@FatimaAatar	@achaiette
@FatimaAatar	@alfsilvan
@FatimaAatar	@almysha1304
@FatimaAatar	@anarchytecture
@FatimaAatar	@ancnyc
@FatimaAatar	@ariadnadt
@FatimaAatar	@assembleasmxi
@FatimaAatar	@aurelius1976
@FatimaAatar	@Barazea
@FatimaAatar	@BrojaMayTwit
@FatimaAatar	@brunogarpad
@FatimaAatar	@Bubbabretxu
@FatimaAatar	@ByniBanks
@FatimaAatar	@CajitaRoja
@FatimaAatar	@ChupyMelo
@FatimaAatar	@ClauQuintana97
@FatimaAatar	@ConsultaBarca
@FatimaAatar	@critikko
@FatimaAatar	@DianaUrrea5
@FatimaAatar	@EAarteako12
@FatimaAatar	@Ekaitzekoa
@FatimaAatar	@ENPjaume
@FatimaAatar	@EstevePadilla
@FatimaAatar	@fahima_93
@FatimaAatar	@Forovid
@FatimaAatar	@FrediBentanachs
@FatimaAatar	@Froilenbrujen
@FatimaAatar	@ideiazabaldu
@FatimaAatar	@igalonba78
@FatimaAatar	@iwanttoliveinNY
@FatimaAatar	@joancomaroura
@FatimaAatar	@Jontxu83
@FatimaAatar	@jordisalvia
@FatimaAatar	@Juan_Asis_
@FatimaAatar	@JuliamarbB
@FatimaAatar	@kadenastrash
@FatimaAatar	@kalaportu
@FatimaAatar	@kdmnj
@FatimaAatar	@Kotesa_
@FatimaAatar	@La__Vida__
@FatimaAatar	@legidus
@FatimaAatar	@LoL2NHeart
@FatimaAatar	@Maddalenmoreno
@FatimaAatar	@MarcosLielisks
@FatimaAatar	@MariaReferendum
@FatimaAatar	@Mireia_veca
@FatimaAatar	@MssGiinny
@FatimaAatar	@Myt1980
@FatimaAatar	@neoklau
@FatimaAatar	@orioletvipe
@FatimaAatar	@peppesavino78
@FatimaAatar	@pilarhermoso
@FatimaAatar	@ramonloz97
@FatimaAatar	@Raul_pCattana
@FatimaAatar	@RiuYashira
@FatimaAatar	@RobertoGrac
@FatimaAatar	@SantiRoca
@FatimaAatar	@sisekilo
@FatimaAatar	@sonrisasclave
@FatimaAatar	@tanguesvoladors
@FatimaAatar	@UrracaLaPigaza
@FatimaAatar	@Usamomote
@FatimaAatar	@Vanessalluzep
@FatimaAatar	@VincentVega45
@FatimaAatar	@WaxabiMusic
@FatimaAatar	@XabierIsasi
@FatimaAatar	@Xabitxo
@FatimaAatar	@Yamna98
@FatimaAatar	@yesdittoobvs
@FatimaAatar	@YousraKichouhi
@FcamGil	@DegeaMireia
@fcapdevilab	@xavipiearques
@fcesccruanyes	@jmaranges
@fcesccruanyes	@jordimarull
@fcesccruanyes	@mercebolloq
@fcesccruanyes	@sergi_collbru
@FcoBadia	@miquel_pla
@fedeagripa	@garmoha
@fedeagripa	@krisoany
@fedeagripa	@Thinuxx
@fedeagripa	@veigmont
@felipeblasco	@AnnaSegura81
@felipeblasco	@elisabet_ar
@felipmonclus	@S4eCare
@felipmonclus	@xfornesa
@felixhzg	@Trillero93
@feminismogaliza	@alouminhar
@FenixNegre	@ariaserra012
@FenixNegre	@GiDessi
@FenixNegre	@isabeleta2
@FenixNegre	@SanzVeciana
@FerAlgaba	@000120o
@FerAlgaba	@angelomiotto
@FerAlgaba	@brut_salvadi
@FerAlgaba	@elmiguelitos
@FernandaRoigA	@paperopinguino
@Fernandez_iudex	@AquestFrederic
@Fernandez_iudex	@flipau
@Fernandez_iudex	@montsedom
@Fernandez_iudex	@nishetabcn
@Fernandez_iudex	@seraldalf
@Fernandez_iudex	@waj1Fum
@fernandezgasco	@GarionCoyote
@ferran_cv	@nuriania
@FerranCanudas	@ANC_Berga
@ferranestruch	@JasenV19
@FerranGili	@cargoltreuvi
@ferranodena	@monchomon
@FerranTrast	@pol_font
@FerranTrast	@toni_gc15
@FflurGwen	@TheNudeLight
@FflurGwen	@YesAberystwyth
@ffreixas	@davidecodrvr
@ffreixas	@Eduparera
@ffreixas	@ffreixas
@ffreixas	@Juanangc
@ffreixas	@nOvoldirnO
@fgamizr	@Gara9951Rgg
@fgamizr	@PodemHabitatge
@fgamizr	@Podemos2015
@fgamizr	@PodemosStboi
@fgamizr	@podemsantboi
@Fieritze	@RossendEspluga
@FilmatBCN	@paupetoner
@finicestfini	@celalaltuntas1
@finicestfini	@cyberiacafe
@finicestfini	@dominikpanek
@finicestfini	@JackPecozi
@finicestfini	@JareckiKuba
@finicestfini	@NinaBru82
@finicestfini	@onecrazyerin
@finicestfini	@Rz_mwj
@finicestfini	@zuzia_wska
@FionaFisherSNP	@SnpDunfermline
@fjirla	@a_tresaco
@fjirla	@albertbonetp
@fjirla	@albertrm84
@fjirla	@andito229
@fjirla	@AniolBonada
@fjirla	@aragonMarta
@fjirla	@ariadnas30
@fjirla	@aroajimenez03
@fjirla	@Aspejoven
@fjirla	@Assu_Tzena
@fjirla	@awesome_axel92
@fjirla	@aymerich_ramon
@fjirla	@CanalisEmili
@fjirla	@ccuberesr
@fjirla	@celia_espada
@fjirla	@clausheeran
@fjirla	@cowisis
@fjirla	@crismercury_
@fjirla	@Cristina12123
@fjirla	@cxwsk
@fjirla	@DanielRBcn
@fjirla	@david_5411
@fjirla	@Death_the_soup
@fjirla	@EbmCat
@fjirla	@EduVillu
@fjirla	@eixeridet
@fjirla	@electricsara
@fjirla	@EleMercury13
@fjirla	@elisendabarbe
@fjirla	@EllenDaider
@fjirla	@end_is_Over
@fjirla	@EricMolinaaa
@fjirla	@EricRiviereP
@fjirla	@evagcm88
@fjirla	@evavenor
@fjirla	@fluorescentmimi
@fjirla	@formatgedecabra
@fjirla	@FxPrat
@fjirla	@GerBlanco6
@fjirla	@glorysaetre
@fjirla	@GreenUnicoorn
@fjirla	@guerrero_marta
@fjirla	@hipsterkatze
@fjirla	@I_Daz
@fjirla	@IgnatiaJReilly
@fjirla	@IgualtatCDC
@fjirla	@Indignads_
@fjirla	@IriaaPazos
@fjirla	@jathovaigdir
@fjirla	@JoanCoulter_mv
@fjirla	@joaquimpiera
@fjirla	@JosepQuer
@fjirla	@JosepRuaix
@fjirla	@jsmbaixgaia
@fjirla	@JuliaMartorell
@fjirla	@Knurlar
@fjirla	@Lau_clari_98
@fjirla	@Lau_GarHig
@fjirla	@loloolol_
@fjirla	@lucykat65
@fjirla	@lyfinfinity
@fjirla	@macarminya1
@fjirla	@magicinmyveins_
@fjirla	@marcffcat
@fjirla	@Maria_Forns
@fjirla	@maria98roca
@fjirla	@mariiasoriaano
@fjirla	@MaRiNeTa14
@fjirla	@meriroset
@fjirla	@minervvvvvva
@fjirla	@MireiaTorres4
@fjirla	@MissMidza
@fjirla	@MJSAF
@fjirla	@mograu
@fjirla	@montsemagnet
@fjirla	@moondrops_
@fjirla	@Mujersinvisibls
@fjirla	@muvi_alba
@fjirla	@Natalia_Maciias
@fjirla	@nayra595
@fjirla	@nereahorror
@fjirla	@nuriiaaa23
@fjirla	@olgasanchezabad
@fjirla	@orozko_jordi
@fjirla	@PacaAlgo
@fjirla	@PeatonEnAccion
@fjirla	@pepa2298
@fjirla	@raqueruu
@fjirla	@Sam_G_G
@fjirla	@seniorantoino
@fjirla	@Shei_CAT
@fjirla	@SioParera
@fjirla	@sorxya
@fjirla	@suggarmarxist
@fjirla	@teresaperales_9
@fjirla	@TijerasManos
@fjirla	@VerdesXelCambio
@fjirla	@WhoIsFosa
@fjirla	@xavijara8
@fjirla	@xosecanizo
@fjperezsan	@betxaburu
@fjperezsan	@eugeneryder
@fjperezsan	@kaira_cat
@fjperezsan	@laia2911
@fjperezsan	@liorscofield
@fjperezsan	@MisterLomax
@fjperezsan	@TareixaPG
@Fjscmp	@edelqu
@Fjscmp	@Fl1chy
@Fjscmp	@isagonz70
@FLBrooks93	@Lionneverte
@FLBrooks93	@pau9119
@FLBrooks93	@slavignotte
@FLBrooks93	@wmgroep
@flea1899	@lilamesq
@Flight_1	@carthografo
@Flight_1	@ibad_arifeen
@FloquetRebel	@marc_canaranya
@FobioGalmeni	@AnielloLampo
@FobioGalmeni	@AnnaIrmaBattino
@FobioGalmeni	@antricca1
@FobioGalmeni	@Marghegigli
@FobioGalmeni	@revengeCat
@FobioGalmeni	@sigall1
@FobioGalmeni	@SimonaBonsi
@FobioGalmeni	@TommasoCacciari
@fortiab	@elisendallg
@Fr_Maldo_89	@crisspyguy
@Fr_Maldo_89	@jon_keefe
@Fr_Maldo_89	@montzapa
@Fr_Maldo_89	@tguaschp
@FRAC_oficial	@elenahi19746578
@fracmam	@Conganadnavegar
@fraferreres	@GerardMartIsern
@Francesc_Abril	@SantCugatencs
@FrancescCesc12	@jfranquet1
@Francescg59	@LaLaiaNoHiEs
@francescms	@assunfranquesa
@francescms	@AxelP1002
@francescms	@jmenocal2
@francescms	@jordimvila
@francescms	@LArretxe
@francescms	@mpn54
@francescms	@PatriciaMelgar
@francescms	@pernandobarrena
@francescms	@PRC013
@Franco_LPEbro	@toni_macia
@FranVWcars	@Andoni751
@FranVWcars	@ForRevolucion
@FranVWcars	@M_cc74
@FranVWcars	@Machadoglez
@FranVWcars	@pamina62
@Franztrane	@eliotts65
@fredericdenomme	@MacGueurle
@FreeShingal	@FreeShingal
@FreeShingal	@fxnfy
@FreeSpirit_888	@XavierCollAbad
@Frikiabak	@jordiamare
@Fserra92	@arammsy
@Fserra92	@btxcgnbv
@Fserra92	@GusBracchi
@Fserra92	@JuliaMei5SOS
@Fserra92	@Montse_Parra
@FullFlaY	@1denmadrid
@FullFlaY	@Dorres21
@FullFlaY	@mcasade9
@FullFlaY	@Pantagb1
@FullFlaY	@QuieroAuditoria
@FullFlaY	@Sakura22Devega
@fundaciobrossa	@Alex505GLD
@fundaciobrossa	@josasis
@funkyover	@geles1973
@fvilav	@mqlnglvalles
@fvillam	@JosepJotoar
@fylgja_	@SherryFlox
@G_Giala	@OleksijObukhov
@gabirelezkurdia	@agara
@gabirelezkurdia	@Josu_gorria
@gabirelezkurdia	@mmoli588
@gafz11	@Loren81046635
@gafz11	@oraingoanBAI
@Gala_kesse	@BGBgus
@Gala_kesse	@pau_56_
@gali_rey	@immasuge
@garantimref	@_hell_boy54
@garantimref	@aalbeert
@garantimref	@adestemps
@garantimref	@adriana_chikiti
@garantimref	@AlbertoNieto_
@garantimref	@alejandre1899
@garantimref	@AlternGat
@garantimref	@anajflores
@garantimref	@Annadiazlorca
@garantimref	@askari222
@garantimref	@August_Torres
@garantimref	@Balillibus
@garantimref	@bar_nie
@garantimref	@BernatGT
@garantimref	@bertaguillemot
@garantimref	@bertajunque
@garantimref	@BertaMatas
@garantimref	@blairodriguez
@garantimref	@CarlotaVidalFol
@garantimref	@CDRPoblenou
@garantimref	@CDRstap
@garantimref	@chema_moreno_p
@garantimref	@ClaudiaRiusL
@garantimref	@climentcc
@garantimref	@conxita_avila
@garantimref	@cristinagrau3
@garantimref	@cristinponce
@garantimref	@CUPBarcelona
@garantimref	@cupcerdanyola
@garantimref	@cupciutatvella
@garantimref	@cupnacional
@garantimref	@David_fon_hid
@garantimref	@DysfunctSystem
@garantimref	@EFreixes
@garantimref	@eliaeliux
@garantimref	@Endavant_Bcn
@garantimref	@Endavant_OSAN
@garantimref	@endavantcv
@garantimref	@EndavantOsona
@garantimref	@esthermiras
@garantimref	@Evacorredoira
@garantimref	@FancyAppleMac
@garantimref	@fortuny_marti
@garantimref	@Fran_Yera
@garantimref	@GalaLlobet
@garantimref	@Galer43
@garantimref	@gemgovinda
@garantimref	@GilenGB
@garantimref	@goldismine2016
@garantimref	@Hosapelvent
@garantimref	@ianFilosofeando
@garantimref	@IPBGEO
@garantimref	@joanenpa
@garantimref	@jsole125
@garantimref	@JudithMartnez5
@garantimref	@kimiunstable
@garantimref	@laiamarques
@garantimref	@laisarabiosa
@garantimref	@loloolol_
@garantimref	@lulu6019
@garantimref	@MariaOxbow
@garantimref	@martalagrana
@garantimref	@martitze
@garantimref	@mike1_26
@garantimref	@mmllao66
@garantimref	@MontseMontfortB
@garantimref	@montsevilalta
@garantimref	@morlick999
@garantimref	@MPGgracia
@garantimref	@mustang_v78
@garantimref	@napiut89
@garantimref	@ndreuFont
@garantimref	@OGR86
@garantimref	@Oscar_Guardia
@garantimref	@painkillerdila
@garantimref	@paulalc3
@garantimref	@PaulaPadulles
@garantimref	@paupaman
@garantimref	@PilarMateoLopez
@garantimref	@ramirensen
@garantimref	@RobertChoLee
@garantimref	@rocaamadour_
@garantimref	@sa_vanet
@garantimref	@salva_morenop
@garantimref	@santirofes
@garantimref	@Sauronsito
@garantimref	@Sergi_40
@garantimref	@sirafont
@garantimref	@talbts
@garantimref	@tgarmens
@garantimref	@Timelines111
@garantimref	@tonifree666
@garantimref	@tsankaram
@garantimref	@Ulilulii
@garantimref	@VikingoStF
@garantimref	@XAVIER_TI
@garantimref	@xfarell
@garantimref	@zuribostnerisei
@GaraziEtxarri	@LuisIntxauspe
@GaraziEtxarri	@piratajonkar
@GaraziEtxarri	@sortu_hernani
@GarciaAller	@abordes84
@GarciaAller	@caminoaller
@GarciaAller	@carmentorrres
@GarciaAller	@javiestradag
@GarciaAller	@jcvelez
@GarciaAller	@MasDeUno
@GarciaAller	@nataliaLhz
@GarrafJNC	@vlopezpaya
@gatamaulabcn	@Zabaldi
@GbdP_r90	@pikart77
@gcarbonell	@losimo
@gcjm5	@MJRIERA99
@gemm2eta	@novatarrega
@gemma_g_fabrega	@10nhido
@gemma_g_fabrega	@2Roser
@gemma_g_fabrega	@abelgf_
@gemma_g_fabrega	@acodina58
@gemma_g_fabrega	@agatakotrys
@gemma_g_fabrega	@ageligarcia
@gemma_g_fabrega	@ainallabrs
@gemma_g_fabrega	@ainariss
@gemma_g_fabrega	@albasmother
@gemma_g_fabrega	@albert1pe
@gemma_g_fabrega	@Albertldm
@gemma_g_fabrega	@Albertmaspuj
@gemma_g_fabrega	@alexnl1964
@gemma_g_fabrega	@AlexPic
@gemma_g_fabrega	@alfonsmrt
@gemma_g_fabrega	@Algonfdez
@gemma_g_fabrega	@AlmaVargaxvxx
@gemma_g_fabrega	@Alvaro_Perez65
@gemma_g_fabrega	@amercade
@gemma_g_fabrega	@ampadano
@gemma_g_fabrega	@Anacondia88
@gemma_g_fabrega	@anna__serrano
@gemma_g_fabrega	@Anna10153835
@gemma_g_fabrega	@AnnaBallo
@gemma_g_fabrega	@Annadiazlorca
@gemma_g_fabrega	@AntigonaKor
@gemma_g_fabrega	@antonblahblah
@gemma_g_fabrega	@AntonCros
@gemma_g_fabrega	@ApothelozLuca
@gemma_g_fabrega	@araiavui
@gemma_g_fabrega	@AriadnaAlbors
@gemma_g_fabrega	@Ariauryner3
@gemma_g_fabrega	@AriRodrigo
@gemma_g_fabrega	@ArmillasGarcia
@gemma_g_fabrega	@arrioct
@gemma_g_fabrega	@assemblea
@gemma_g_fabrega	@azahara_casas
@gemma_g_fabrega	@betandreu262
@gemma_g_fabrega	@brungrushh
@gemma_g_fabrega	@btxcgnbv
@gemma_g_fabrega	@carlesmonclus
@gemma_g_fabrega	@CarletaRP
@gemma_g_fabrega	@Carlosnavgi
@gemma_g_fabrega	@carmaguila
@gemma_g_fabrega	@CarmeBonet1
@gemma_g_fabrega	@CarmeLombart
@gemma_g_fabrega	@Cesclc1
@gemma_g_fabrega	@chris_vd_post
@gemma_g_fabrega	@circu_74
@gemma_g_fabrega	@ClaudiaCampos81
@gemma_g_fabrega	@ClaudiaSegura21
@gemma_g_fabrega	@claudiiavilar
@gemma_g_fabrega	@CMistraX
@gemma_g_fabrega	@coachblanca
@gemma_g_fabrega	@coquialvarez
@gemma_g_fabrega	@cristhy71
@gemma_g_fabrega	@CristianBasG
@gemma_g_fabrega	@critica_abierta
@gemma_g_fabrega	@CronicasDeLidia
@gemma_g_fabrega	@csrojz
@gemma_g_fabrega	@CurantaDavid
@gemma_g_fabrega	@CuttlasKramazov
@gemma_g_fabrega	@daniel1714
@gemma_g_fabrega	@daymjo1
@gemma_g_fabrega	@dePlaymobil
@gemma_g_fabrega	@despertaferro74
@gemma_g_fabrega	@dfernp
@gemma_g_fabrega	@DMG4657
@gemma_g_fabrega	@dolcanina
@gemma_g_fabrega	@Edorta1976
@gemma_g_fabrega	@eduardcervera
@gemma_g_fabrega	@effeditallup
@gemma_g_fabrega	@Ekaitza15121
@gemma_g_fabrega	@eliamcavac
@gemma_g_fabrega	@Elisabet73
@gemma_g_fabrega	@ElisabetMB1
@gemma_g_fabrega	@EmeDigital
@gemma_g_fabrega	@enekodelamo
@gemma_g_fabrega	@er0cas
@gemma_g_fabrega	@estelusky
@gemma_g_fabrega	@Esther_pinyol
@gemma_g_fabrega	@evaecd
@gemma_g_fabrega	@EVBAESPAI
@gemma_g_fabrega	@FerranGinebrosa
@gemma_g_fabrega	@ferreri85
@gemma_g_fabrega	@fgimenez1201
@gemma_g_fabrega	@fralhu
@gemma_g_fabrega	@francesc_valls
@gemma_g_fabrega	@francinanavarro
@gemma_g_fabrega	@G_Pereularia
@gemma_g_fabrega	@garsax
@gemma_g_fabrega	@Gemma02095920
@gemma_g_fabrega	@Giroscop88
@gemma_g_fabrega	@goldismine2016
@gemma_g_fabrega	@GoldmannRay
@gemma_g_fabrega	@gotzonbarandi
@gemma_g_fabrega	@guandemor
@gemma_g_fabrega	@guillemcabra
@gemma_g_fabrega	@Hall_Boss
@gemma_g_fabrega	@HaroldTuckler
@gemma_g_fabrega	@hatxen
@gemma_g_fabrega	@HereudeCanPich
@gemma_g_fabrega	@HontanaresA
@gemma_g_fabrega	@ianFilosofeando
@gemma_g_fabrega	@iDrOj_BcN
@gemma_g_fabrega	@ilze_ikse
@gemma_g_fabrega	@ioiamartori
@gemma_g_fabrega	@isonapassola
@gemma_g_fabrega	@ivallets
@gemma_g_fabrega	@ivan_ivanlfok
@gemma_g_fabrega	@iVictorN
@gemma_g_fabrega	@JaumeMeneses
@gemma_g_fabrega	@javisr14
@gemma_g_fabrega	@jbaijet
@gemma_g_fabrega	@jballesbcn
@gemma_g_fabrega	@jbuscaronsh
@gemma_g_fabrega	@jcarles_vila
@gemma_g_fabrega	@jcasanovasb
@gemma_g_fabrega	@JF_Abril
@gemma_g_fabrega	@JGCH983
@gemma_g_fabrega	@joaneliesadell
@gemma_g_fabrega	@joanmiquel55_
@gemma_g_fabrega	@joelbagur
@gemma_g_fabrega	@jordigrata
@gemma_g_fabrega	@Jordilacasa
@gemma_g_fabrega	@josaldaiz
@gemma_g_fabrega	@JOSBAUSA
@gemma_g_fabrega	@josep_llorach
@gemma_g_fabrega	@josepveciana
@gemma_g_fabrega	@joygoulds
@gemma_g_fabrega	@jrodriguEZFilba
@gemma_g_fabrega	@jsamperiz1
@gemma_g_fabrega	@kattegat_
@gemma_g_fabrega	@lamoureuxnicole
@gemma_g_fabrega	@Laufer84
@gemma_g_fabrega	@laurota73
@gemma_g_fabrega	@LidiaCasanova
@gemma_g_fabrega	@lluis_panses
@gemma_g_fabrega	@luciaqv2015
@gemma_g_fabrega	@Magda_Lein
@gemma_g_fabrega	@magdalaveca
@gemma_g_fabrega	@maitecliville
@gemma_g_fabrega	@Maria160970
@gemma_g_fabrega	@mariona_o
@gemma_g_fabrega	@marramiauuuuuu
@gemma_g_fabrega	@MartaNinitu
@gemma_g_fabrega	@MartiniPetter
@gemma_g_fabrega	@MasoJoel
@gemma_g_fabrega	@mauriamorals
@gemma_g_fabrega	@mdamare
@gemma_g_fabrega	@mehdizrwal
@gemma_g_fabrega	@MeMoiMyselfandI
@gemma_g_fabrega	@merx6
@gemma_g_fabrega	@mgorrea
@gemma_g_fabrega	@mike_jmg
@gemma_g_fabrega	@mikelomagnum
@gemma_g_fabrega	@mjoseser
@gemma_g_fabrega	@MLCasavant
@gemma_g_fabrega	@montigominoles
@gemma_g_fabrega	@Montsmt73
@gemma_g_fabrega	@MSan2811
@gemma_g_fabrega	@NaniMasriera
@gemma_g_fabrega	@ncadenes
@gemma_g_fabrega	@Neusbima
@gemma_g_fabrega	@ninyousbd
@gemma_g_fabrega	@Nitafull
@gemma_g_fabrega	@Noe1398
@gemma_g_fabrega	@noeelmaria
@gemma_g_fabrega	@noraarbelbide
@gemma_g_fabrega	@NTCaballe
@gemma_g_fabrega	@nuriajoana
@gemma_g_fabrega	@Nuriaponce
@gemma_g_fabrega	@Obabler
@gemma_g_fabrega	@OBorrasAnna
@gemma_g_fabrega	@oiartzabal
@gemma_g_fabrega	@olasanmon
@gemma_g_fabrega	@Omar03559664
@gemma_g_fabrega	@Onaangang
@gemma_g_fabrega	@ospence1967
@gemma_g_fabrega	@OtiRagull
@gemma_g_fabrega	@Paulapattata
@gemma_g_fabrega	@PauRosello_
@gemma_g_fabrega	@PepVendrell
@gemma_g_fabrega	@peruarenaansa
@gemma_g_fabrega	@pittukine
@gemma_g_fabrega	@pityusensis
@gemma_g_fabrega	@presoinvisible
@gemma_g_fabrega	@RabalMaite
@gemma_g_fabrega	@RaimonDur
@gemma_g_fabrega	@RajRamionet
@gemma_g_fabrega	@rakkk_
@gemma_g_fabrega	@Raulsahn
@gemma_g_fabrega	@rbatlle7
@gemma_g_fabrega	@RDBCat
@gemma_g_fabrega	@regojordi
@gemma_g_fabrega	@Remi_re
@gemma_g_fabrega	@RicardAceves
@gemma_g_fabrega	@riicard7
@gemma_g_fabrega	@RLombarte
@gemma_g_fabrega	@rmassipr
@gemma_g_fabrega	@Robinlogly
@gemma_g_fabrega	@roccasagran
@gemma_g_fabrega	@Rogerbuch
@gemma_g_fabrega	@RogerSampietro
@gemma_g_fabrega	@Roke_Ojanguren
@gemma_g_fabrega	@RonanGarnier
@gemma_g_fabrega	@rtbcrm
@gemma_g_fabrega	@Salvathorium
@gemma_g_fabrega	@sanfe73
@gemma_g_fabrega	@sants_marc
@gemma_g_fabrega	@Sembei_norimaki
@gemma_g_fabrega	@SMMoreno5
@gemma_g_fabrega	@solanes_david
@gemma_g_fabrega	@soniafajula
@gemma_g_fabrega	@SoterasMaria
@gemma_g_fabrega	@spiff_spiff
@gemma_g_fabrega	@SpinellyArianne
@gemma_g_fabrega	@Spuistraat
@gemma_g_fabrega	@Sr_Impertinent
@gemma_g_fabrega	@STOELZAED
@gemma_g_fabrega	@SusanaGustems
@gemma_g_fabrega	@tania__pbpc
@gemma_g_fabrega	@Tarratwit
@gemma_g_fabrega	@TMagrinya
@gemma_g_fabrega	@TMunyoz
@gemma_g_fabrega	@tonilocorr
@gemma_g_fabrega	@Txema_Pamundi
@gemma_g_fabrega	@uaiartza
@gemma_g_fabrega	@viklefou
@gemma_g_fabrega	@XaMoyaTor
@gemma_g_fabrega	@Xavi_RibesCalvo
@gemma_g_fabrega	@xaviergarriga
@gemma_g_fabrega	@xelsmon
@gemma_g_fabrega	@XicFCB
@gemma_g_fabrega	@ximoberna
@gemma_g_fabrega	@xinxetes
@gemma_g_fabrega	@XSB21
@gemma_g_fabrega	@ygilojea
@gemma_g_fabrega	@YoshinoNara
@gemma_g_fabrega	@zarrizarri
@gemmacai	@carmeopera
@gemmacai	@CelsoACaccamo
@GemmaCalvet	@XescoMagrinya
@gemmae4	@maria_maia1113
@GemmaGabarro	@eltorrat1
@gemmahumet	@Max98734835
@gemmak80	@btxcgnbv
@gemmak80	@Froginhotwater
@gemmak80	@jonabasque
@gemmalbct	@_immafp
@gemmalbct	@Aitor14s
@gemmalbct	@colmmac
@gemmalbct	@igehlhaar
@gemmalbct	@jordittr
@gemmalbct	@Karlospodemos
@gemmalbct	@mariainesgj
@gemmalbct	@rafajt1
@gemmalbct	@rakeld12341234
@gemmalbct	@robertopuntosol
@gemmalbct	@RosaRS5
@gemmalbct	@Shuntos5
@gemmalbct	@SoriAgueda
@gemmalbct	@TechEnergy
@gemmalbct	@Virgginni
@GemmaRedolad	@gataambbotes
@GemmaRedolad	@JuditSalt
@GemmaRedolad	@xduran_e
@Gemmarex	@Han17102003
@gemmavirgili	@albert_estany
@gemmavirgili	@salva4salva
@gemsaladev	@Maria160970
@Gen_Llibertat	@GeneracioBCN
@Gen_Llibertat	@mpb513
@gentdegava	@GdG_Gavaencomu
@GeorginaEsteve	@TMunyoz
@GeorginaVich	@FonteRodrigues
@Georsic	@Alexandraselo13
@gerardautet8	@eduardsola
@gerardcastello	@dsamblas
@GerardCFRD	@mikelerreka
@GerardCuadras	@darklovik
@GerardCuadras	@sobitoks
@gerardepablo	@Aixoplug
@GerardGarriga	@jordinavila10
@GerardGarriga	@jsolsonal
@GerardGarriga	@Maria160970
@GerardGarriga	@Osteopatilla
@gerardromero	@number10role
@GerardRomerTeba	@gerard_ribas
@Gerhidt	@marc_beltran
@GerionR	@margi4557
@GerionR	@paperopinguino
@GerryGalan	@trabubu
@gery10cbt	@gery10cbt
@GeTuNa	@zo_gar
@GeVaX	@mamai118
@GGesali8	@xbBot
@ggonzalez_29	@1_Vagabond
@ggonzalez_29	@5y5t3m_3rr0r
@ggonzalez_29	@aangelo_ge
@ggonzalez_29	@AkermanSaga
@ggonzalez_29	@AnielloLampo
@ggonzalez_29	@Arianna_Pagani_
@ggonzalez_29	@BeterNRE
@ggonzalez_29	@brightsblog
@ggonzalez_29	@churronismo
@ggonzalez_29	@claudio_felipe0
@ggonzalez_29	@claudiozisa
@ggonzalez_29	@cmi_saopaulo
@ggonzalez_29	@crapidile
@ggonzalez_29	@DarthTimme
@ggonzalez_29	@DdlDaniela2
@ggonzalez_29	@donald_vdw
@ggonzalez_29	@DoorbraakBe
@ggonzalez_29	@EnricoBarbares
@ggonzalez_29	@EvaRuwe
@ggonzalez_29	@feduambiental
@ggonzalez_29	@fffreyja
@ggonzalez_29	@Fr3nk8
@ggonzalez_29	@Francesco_Roux
@ggonzalez_29	@freedoodleintow
@ggonzalez_29	@giuseppe_mara
@ggonzalez_29	@global_project
@ggonzalez_29	@guldfiske
@ggonzalez_29	@IsaSalis
@ggonzalez_29	@JoseMar02736653
@ggonzalez_29	@KampaSTHLM
@ggonzalez_29	@Karl_Drabbe
@ggonzalez_29	@laccio
@ggonzalez_29	@lisaaspain
@ggonzalez_29	@LorenzoSor
@ggonzalez_29	@LorenzoSteva
@ggonzalez_29	@LuisevP2
@ggonzalez_29	@Majden3
@ggonzalez_29	@MarioR90
@ggonzalez_29	@MoniShantiRani
@ggonzalez_29	@NODALMOLIN
@ggonzalez_29	@orthopeer
@ggonzalez_29	@PellegattaD
@ggonzalez_29	@PhRoose
@ggonzalez_29	@PLSDE
@ggonzalez_29	@RavnR
@ggonzalez_29	@Red__Accion
@ggonzalez_29	@revengeCat
@ggonzalez_29	@Rikjard76
@ggonzalez_29	@Sal_Oli
@ggonzalez_29	@silviadoneddu
@ggonzalez_29	@silviagiusola
@ggonzalez_29	@timira7_
@ggonzalez_29	@Torakjkj
@ggonzalez_29	@Valeri0_Valeri0
@gguixe	@freak_polloman
@gibilix	@commissari
@gibilix	@idevox
@gibilix	@zai_gal
@GibralTarik1	@PaulKingsley16
@giisela_24	@carlespastor
@giisela_24	@Lauripenya
@giisela_24	@NinaBru82
@GilenGB	@amaia_haikazti
@GilenGB	@utropikoan
@gilgarciajordi	@Jikun20
@GilKilian	@mirellotis
@GilKilian	@strange13_
@gilrovirat	@jorperezpa
@gilrovirat	@tbatchelli
@gincarest	@politicosmex
@gincarest	@RadicaLibre7
@GiselaFontanals	@Juanmi_N
@GisLlob	@cardonaribes
@GisLlob	@ElisendaAndreu
@GisLlob	@emazab2010
@GisLlob	@gonpitarga
@GisLlob	@moriyakari
@GisLlob	@novatarrega
@GisLlob	@wolfiewire
@gizmonalaraven	@AquilaCalpensis
@gizmonalaraven	@JulieBerllaque
@global_project	@AnielloLampo
@global_project	@anticorrupt_sys
@global_project	@ArianaSCota
@global_project	@cmi_saopaulo
@global_project	@feduambiental
@global_project	@FobioGalmeni
@global_project	@gaiasale
@global_project	@giuseppemella
@global_project	@MoniShantiRani
@global_project	@NODALMOLIN
@global_project	@Red__Accion
@global_project	@revengeCat
@globalistIT	@AntonellaCabrss
@globalistIT	@maocapelli
@GNadalSola	@Sargas01
@gobacat	@Ciudadano_zeta
@godanottluo	@_TheAftermath
@godanottluo	@Albacp
@godanottluo	@annaargentum
@godanottluo	@godanottluo
@godanottluo	@iantl96
@godanottluo	@king_of_rpgs
@godanottluo	@Marta_Mena12
@godanottluo	@SmokinBlizzard
@godanottluo	@Walk_Tall_
@goikodeustu	@AlberdiIbarra
@goikodeustu	@AptsCostaBrava
@goikodeustu	@Ardbltz
@goikodeustu	@AxelP1002
@goikodeustu	@bilbasket
@goikodeustu	@bilbotronik
@goikodeustu	@boltxe
@goikodeustu	@doce_raquel
@goikodeustu	@EgiaAldatzen17
@goikodeustu	@Ekaitza15121
@goikodeustu	@GermanElguea
@goikodeustu	@IkerRahona
@goikodeustu	@jexuxibanez
@goikodeustu	@jimayo74
@goikodeustu	@kingmacinchina
@goikodeustu	@LvMartinezruiz
@goikodeustu	@marebra80
@goikodeustu	@OrratzGorria
@goikodeustu	@paula_amieva
@goikodeustu	@rolieban
@goikodeustu	@tere1982_
@goikodeustu	@unanuejosu
@goikodeustu	@XMaruri
@gon224	@mmoli588
@GonzaloMedina37	@xav_nico
@gorkasato	@aitor_aranzabal
@gorkasato	@ariannekareaga
@gorkasato	@ehbildubergara
@gorkasato	@GEDATXABALTA
@gorkasato	@gorkaugalde
@gorribeltz	@sergi_fillet
@gorribeltz	@Taniarriaga
@GortLaura	@crisprie
@GortLaura	@fmarco307
@gpenaballeste	@Rafaustus
@grecolons	@grecolons
@gromabatlle	@airambala82
@gserra1968	@carles_ribes
@gserra1968	@matapans
@gserra1968	@SheilaMoreno6
@guiillemcampo	@evytamartinez
@guiillemcampo	@mark11vives
@guiillemcampo	@puraddroga
@GuiliamGualas	@angelmorenomar
@GuiliamGualas	@guillemolive6
@GuiliamGualas	@joan_marine
@GuiliamGualas	@PatPeba
@GuiliamGualas	@pauboirapujol
@GuiliamGualas	@R_A_Benta
@GuiliamGualas	@skidipawnee
@GuillaumeTess	@jaimeiconcha
@GuillaumeTess	@SchreuderManon
@GuillaumeTess	@silviaf94
@Guilleem025	@traquir
@guillem_trilla	@PereSauri
@guillem309	@LFontova
@GuillemBelmar	@rich_kararak
@guillemclapes	@eng8181
@guillempujades	@GerardRRHH
@guillempujades	@LEKUONADomenja
@guillemsol	@acarerach
@guillemsol	@monicacomaroura
@Guinedilda	@Guinedilda
@Guinedilda	@jutsib
@guixapr	@gpr96ricard
@gulserim_yucel	@adamjones416
@gulserim_yucel	@drcursor
@gulserim_yucel	@Hedd_Wyn_John
@gulserim_yucel	@marksugruek
@gulserim_yucel	@trekonomics
@GureEskuDima	@AinhoaPujana
@GureEskuDima	@neretxokoa
@GureEskuDima	@tatutxiki
@GureskuZORNOTZA	@airambala82
@GusBracchi	@Han17102003
@gustems_ingrid	@legidus
@gustems_ingrid	@neus_lm
@gvalenti23	@PhilOGM
@gzcontrainfo	@pazoss01
@gzcontrainfo	@xabierlatin
@Haidarx_	@PalomoGema
@HalidVsKalif	@HVugla
@HalidVsKalif	@Miauche
@hanna_thaler	@amontserratb
@hanna_thaler	@dinkenet
@hanna_thaler	@MarcMeinz
@hanna_thaler	@rawanshik
@hcacb	@vicmola
@hctr__	@AngelMendezMar3
@hctr__	@JoanJl
@heberson13	@LauraBalcell
@Hector_Palacio2	@3EduBoada
@Hector_Palacio2	@MarginetRoger
@heldbykian	@heldbykian
@heldbykian	@LorenaMartine59
@heldbykian	@unpeatonanonimo
@heldbykian	@victorcangil16
@HelenaQueral	@Barschlamperich
@HelenaQueral	@daniserran
@HelenaQueral	@FotografGrecko
@HelenaQueral	@Pilipuente
@HelenaQueral	@Resistance20176
@helenavilalala	@andonimarin
@helenavilalala	@castException
@helenavilalala	@CDRcstf
@helenavilalala	@Issabela50
@helenavilalala	@JoanSabateFelip
@helenavilalala	@Lecidea
@helenavilalala	@MARTA_GMN
@helfortlop	@AgainStatusQuo
@helion11	@carlesrgm
@helion11	@nria_pons
@HelleKettner	@Huppeinamets
@HelleKettner	@RudolfGreinix
@HeluaBilbo	@martingerz_
@hildepost	@ParlerBleuGus
@Hirsul	@claudiserra
@hjgdp	@hjgdp
@hjgdp	@rtbcrm
@Hodert	@guasa_bee
@HolaCapellades	@jofemasclans
@HolaSoyDomy	@The_SupliX
@HoMarypris	@rogervs75
@horadeltaper	@fralhu
@hquinzelxxx	@JosepCabayol
@hquinzelxxx	@sicomtelevision
@hrodriguez9	@Fabiansky_14
@HULPrincesa	@christianvibu
@HULPrincesa	@josancanovas
@HULPrincesa	@paperopinguino
@HULPrincesa	@TeresaHerreraFe
@HutsTeatroa	@marraskillo
@Huw_Aber	@radiobeca
@Huw_Aber	@RhodriLlwydMorg
@I_Jo_Mateix	@IsThisAB0t
@I_Jo_Mateix	@JablonskiMaciek
@I_Jo_Mateix	@skint_knees
@I_Jo_Mateix	@StillYesScot
@I_Jo_Mateix	@wingtipz
@iagirreb	@aidegatxo
@iagirreb	@iPatxi
@iagirreb	@jexuxolaziregi
@iagirreb	@maiterengauzak
@iagirreb	@martitze
@ialonsoiturbe	@elatropellado
@ialonsoiturbe	@TommyRockk
@IbaiHM	@begotxubilbao
@IbaiHM	@jonabasque
@IbaiHM	@LAFEUILLETA
@ibaizangi	@OriolAltimir
@IbanAsenjo	@aitorgarro
@IbanAsenjo	@aitorsu69
@IbanAsenjo	@andermgt
@IbanAsenjo	@ArgarateUnai
@IbanAsenjo	@asieroliden
@IbanAsenjo	@Axelesar
@IbanAsenjo	@BAranzeta
@IbanAsenjo	@birasuegi
@IbanAsenjo	@charocosme
@IbanAsenjo	@claudialambe3
@IbanAsenjo	@EHBildulasarte
@IbanAsenjo	@emanuelmaddalen
@IbanAsenjo	@emayokeurre
@IbanAsenjo	@enekodelamo
@IbanAsenjo	@ErnaiDonostia
@IbanAsenjo	@fan_esan
@IbanAsenjo	@GAGipuzkoa
@IbanAsenjo	@gogsy58
@IbanAsenjo	@gotzonbarandi
@IbanAsenjo	@guretxi
@IbanAsenjo	@hilarteanbizi
@IbanAsenjo	@HugoUrunuela
@IbanAsenjo	@inkoiriarte
@IbanAsenjo	@iruizdeegino
@IbanAsenjo	@jocrtx
@IbanAsenjo	@Josu_gorria
@IbanAsenjo	@JoxeanU
@IbanAsenjo	@krisbeor
@IbanAsenjo	@LTrojaola
@IbanAsenjo	@maadelliine
@IbanAsenjo	@mikeloraa
@IbanAsenjo	@mikeosin
@IbanAsenjo	@nereitax
@IbanAsenjo	@olaizolaiz
@IbanAsenjo	@oscarpitaluga
@IbanAsenjo	@quemazones
@IbanAsenjo	@Teoriabiencomun
@IbanAsenjo	@txakurjana
@IbanAsenjo	@TxarliMtz
@IbanAsenjo	@txerren
@IbanAsenjo	@ubarrutia
@IbanAsenjo	@unanuejosu
@ibanquerol	@baixauliPerez
@ibanquerol	@laura__moyano
@ibaum6	@ayemait
@ibaum6	@tonichu
@ibaum6	@traveler561
@ibon74	@jdtfilosofia
@iclemente93	@NereCano08
@iDiarioES	@ClaraMallo
@iDiarioES	@diegolotito
@iDiarioES	@dropsandchaos
@iDiarioES	@JuanmaCuerva
@iDiarioES	@Llegui1968
@iDiarioES	@Lucia_Nistal
@iDiarioES	@MarxUltor
@iDiarioES	@panyrosasmad
@iDiarioES	@saludalegria
@IdoAnzorandia	@aintzanep
@IdoAnzorandia	@idoiamfer
@idotorrent	@blancabrugues
@idotorrent	@ChristoMICHE
@idotorrent	@JefMonnier
@Idurrina1	@beacu69
@Idurrina1	@zuazua_naiara
@iescudero	@estipous
@iesmollet1oct	@AngieP40535799
@ignacio_mayol	@peremayol
@IgnasiJoan	@Fortuxxx
@igorikt	@encarnegin
@igorikt	@ibanmendez
@igorikt	@nererribera
@igorikt	@nithael1991
@IgorMeltxor	@Adurjau
@IgorMeltxor	@aitorguti16
@IgorMeltxor	@Albita
@IgorMeltxor	@amaia_haikazti
@IgorMeltxor	@basktard
@IgorMeltxor	@piratajonkar
@IgorMeltxor	@semerimendi
@IgorMeltxor	@Xabitxo
@igres88	@MiquelAniol
@iKatasys	@Jedermanndenkt
@ikerkasanova	@bildu_abanto
@ikerkasanova	@estheragirre
@ikerkasanova	@ikerkasanova
@ikerkasanova	@joxeanurkiola
@ikerkasanova	@piratajonkar
@ikerkasanova	@robotaburuan1
@ikerkasanova	@txorimigrari
@ikerrodriguez8	@Bilbitron_99
@ikerrodriguez8	@enaitzbedia
@ikerrubioruiz	@eugenio_mf
@ikerziri	@JhonnyMisco
@ikitomur	@abrilclosas
@ikitomur	@Baku86
@ikitomur	@beeeeeeeerta
@ikitomur	@DaNiiXFiFA
@ikitomur	@gemma2913
@ikitomur	@gerwrdpique
@ikitomur	@helio_gg
@ikitomur	@HeyItsDama
@ikitomur	@maatkare66
@ikitomur	@MerliUpdates
@ikitomur	@mrv_14_99
@ikitomur	@MrXaviSevilla4
@ikitomur	@nvrmxnd_
@ikitomur	@nxrryftbooks
@ikitomur	@septiembreeee13
@ikitomur	@WhoIsFosa
@il_largia	@Drehgestell
@illa_pirata	@davidminoves
@illa_pirata	@elipon
@illa_pirata	@Kti_Diaz
@illa_pirata	@rioscristineta
@imCaromontoya	@Curiosona_
@imCaromontoya	@dani_albacete
@imCaromontoya	@elatropellado
@imCaromontoya	@Fuckmybodymind
@imCaromontoya	@ielowsubmarin
@imCaromontoya	@IreGVera
@imCaromontoya	@joseppe10
@imCaromontoya	@lindencrofty
@imCaromontoya	@moriyakari
@imCaromontoya	@naturadecapsdde
@imCaromontoya	@Urquijo85
@imCaromontoya	@WhoIsFosa
@immacasanovas	@stylecoachbcn
@immaculada	@AlexLVBS
@immaculada	@ecrispi
@immaculada	@NriaF
@immaculada	@Santi_tc1975
@immaculada	@socpepredo
@ImmaOller	@joancavalle97
@ImmaSust	@fcorderohiguero
@InakiLarra	@piratajonkar
@IncorrigibleCam	@LledoSegura
@indepe_gracia	@GusBracchi
@indepesCCOO	@__CarmenLopez
@indepesCCOO	@__flordeamapola
@indepesCCOO	@__jon_nieve__
@indepesCCOO	@19_carla
@indepesCCOO	@4nichu
@indepesCCOO	@8joana8gilbert
@indepesCCOO	@AaronCElorriaga
@indepesCCOO	@AlfonsinDomingo
@indepesCCOO	@ALittleHemmo
@indepesCCOO	@AlmaiUribe
@indepesCCOO	@alyesid
@indepesCCOO	@andrea_ibz96
@indepesCCOO	@AndreaRubiooo
@indepesCCOO	@anxo_bastero
@indepesCCOO	@Apuntsinteriors
@indepesCCOO	@artworkl4rry
@indepesCCOO	@Astronaut3000YT
@indepesCCOO	@AureaJPierra
@indepesCCOO	@balapiaka
@indepesCCOO	@bea21m
@indepesCCOO	@BenuaJacob
@indepesCCOO	@bespierre
@indepesCCOO	@BlackmorteWoW
@indepesCCOO	@blaringbarley
@indepesCCOO	@c3e24f55e018431
@indepesCCOO	@camila395
@indepesCCOO	@capidanMar
@indepesCCOO	@carlesclari
@indepesCCOO	@dan_y1997
@indepesCCOO	@DaniSarda65
@indepesCCOO	@Davidlevelup
@indepesCCOO	@DavidRamionet
@indepesCCOO	@DuqueDeOlviares
@indepesCCOO	@efeoliva20
@indepesCCOO	@ELEMENTSUBVERS
@indepesCCOO	@Endlessummer_
@indepesCCOO	@ERCsindical
@indepesCCOO	@FedeSosaSalomon
@indepesCCOO	@fer2200
@indepesCCOO	@FerCrisbell
@indepesCCOO	@Floreta10593649
@indepesCCOO	@GloriaCalSo
@indepesCCOO	@hectorpaton
@indepesCCOO	@HugoDeRivia
@indepesCCOO	@INavarod
@indepesCCOO	@inconformist
@indepesCCOO	@Increiblemister
@indepesCCOO	@IndilSusana
@indepesCCOO	@IsabelZarcoArbi
@indepesCCOO	@Isis_Estrada
@indepesCCOO	@ivan_lorda
@indepesCCOO	@IvanFarguez
@indepesCCOO	@J0shua2017
@indepesCCOO	@jaad13sur
@indepesCCOO	@jadelocked
@indepesCCOO	@janettelleixa
@indepesCCOO	@jdelapaz1
@indepesCCOO	@JODaD_PV
@indepesCCOO	@joselofor
@indepesCCOO	@josep_sabata
@indepesCCOO	@juliangrau
@indepesCCOO	@katheee13
@indepesCCOO	@LaChedeTropa
@indepesCCOO	@Lagartijo256
@indepesCCOO	@LaTramma
@indepesCCOO	@LauV28
@indepesCCOO	@LuisCazalis
@indepesCCOO	@Maaaarc23_
@indepesCCOO	@magial_90
@indepesCCOO	@Maiterola
@indepesCCOO	@MalenaPea6
@indepesCCOO	@Manel4bg
@indepesCCOO	@Marynakys
@indepesCCOO	@MarySarazola
@indepesCCOO	@mastodontefire
@indepesCCOO	@MatiasTrancas
@indepesCCOO	@MenteDeTisica
@indepesCCOO	@mervalls
@indepesCCOO	@mimmmi_v
@indepesCCOO	@MiriamMh84
@indepesCCOO	@miriamrruano
@indepesCCOO	@Mirigallrdo
@indepesCCOO	@mitcoes
@indepesCCOO	@mj_cloud4ever
@indepesCCOO	@mj77mu
@indepesCCOO	@mjudezalibech
@indepesCCOO	@MontseeSV
@indepesCCOO	@montsellonch3
@indepesCCOO	@mycrazyhoran
@indepesCCOO	@N17isbae
@indepesCCOO	@NedaO2
@indepesCCOO	@NexoFox
@indepesCCOO	@NuriaIglesiasV1
@indepesCCOO	@olagart
@indepesCCOO	@Olatzi12
@indepesCCOO	@OlgaC98
@indepesCCOO	@pedromileong
@indepesCCOO	@petjadapollock
@indepesCCOO	@PityArenas
@indepesCCOO	@polbaterno17
@indepesCCOO	@PonteIII
@indepesCCOO	@racemsr
@indepesCCOO	@RealDaniMiles
@indepesCCOO	@Recarens
@indepesCCOO	@remei_es
@indepesCCOO	@reyespomatta
@indepesCCOO	@RNahuel_XXI
@indepesCCOO	@Rome_1977
@indepesCCOO	@S1ck___boy
@indepesCCOO	@sabeacalamares
@indepesCCOO	@satam_2011
@indepesCCOO	@sergiqwerty1
@indepesCCOO	@SeverusShei
@indepesCCOO	@Siimmering
@indepesCCOO	@SilviaDabouza
@indepesCCOO	@SKReMuN
@indepesCCOO	@sofi_maor
@indepesCCOO	@somgentdpau
@indepesCCOO	@TheWarriorYT
@indepesCCOO	@ToniSantosH
@indepesCCOO	@unaltredelleida
@indepesCCOO	@UnburntGirl
@indepesCCOO	@UnicornCutx
@indepesCCOO	@UriPags
@indepesCCOO	@Urkijo_25
@indepesCCOO	@wilivaldoGoyo
@indepesCCOO	@wilmaamat
@indepesCCOO	@Xabi_Millan
@indepesCCOO	@xarxaindepe
@indepesCCOO	@Xtianes
@indepesCCOO	@YeniferLop2
@indepesCCOO	@yotrisron
@indepesCCOO	@yunkersoyyo
@indepesCCOO	@yusefdedah
@indipveneta	@SNizzetto
@InesCBranco	@MariaQuilesRuiz
@InesCBranco	@MarioOlson
@InesCBranco	@raset_cat
@InesCBranco	@tinavalles_
@ingebcn	@joancandini
@ingebcn	@queusuariopongo
@ingeniero_roger	@GatitoAnarquist
@Ingridguardiola	@_suniac
@Ingridguardiola	@ADRIANO_GALANTE
@Ingridguardiola	@DannyMeri
@Ingridguardiola	@nuriajoana
@Ingridguardiola	@TRANSDUCTORES
@inigolanda	@AKarleshnikov47
@inigolanda	@AlbertMaj
@inigolanda	@Anasalbcn
@inigolanda	@aribj21
@inigolanda	@clara_bill
@inigolanda	@CUP_Mollet
@inigolanda	@cupbellpuig
@inigolanda	@David__Agustin
@inigolanda	@dlavision
@inigolanda	@dondepre
@inigolanda	@eljameimatteo
@inigolanda	@elsabernat
@inigolanda	@Emergente112
@inigolanda	@eurorelajado
@inigolanda	@Existencia54
@inigolanda	@figuinsjoss
@inigolanda	@francescvd
@inigolanda	@guasa_bee
@inigolanda	@Guillem_Marti
@inigolanda	@guillembargallo
@inigolanda	@ignasivalera
@inigolanda	@ilugonzalez
@inigolanda	@ipssalt
@inigolanda	@iwantsomecolor
@inigolanda	@jespros
@inigolanda	@jimixnie
@inigolanda	@jose_Politiblog
@inigolanda	@jprez40
@inigolanda	@LaFeraFerotge
@inigolanda	@lluisgh28
@inigolanda	@locisko
@inigolanda	@LoCyber
@inigolanda	@MaaacGilbert
@inigolanda	@Maikel_75
@inigolanda	@MariaReferendum
@inigolanda	@MartiRiu
@inigolanda	@mbcarreras
@inigolanda	@Mgsafont70
@inigolanda	@migmonpei
@inigolanda	@MunicipisCAT
@inigolanda	@mussoltrek
@inigolanda	@parrhesiai
@inigolanda	@Pauetwitt
@inigolanda	@rapinyaire
@inigolanda	@RosaRfarres61
@inigolanda	@SCristobalJane
@inigolanda	@sickofyouth
@inigolanda	@terroristacult
@inigolanda	@unmespelsi
@inigolanda	@UnPedagog
@inigolanda	@untwitteo
@inigolanda	@Xavip1974
@iNViesta	@beauandbiebs
@iNViesta	@srob201
@iolandagc	@CdrRubi
@iolandagc	@eat_sleep_film
@iolandagc	@OriolSala1
@Iolandaiprou	@etrabado
@iolverab	@monskp
@Ionabatbru	@AprOlot
@Ionabatbru	@EldanForrester
@Ionabatbru	@garrotxa
@Ionabatbru	@juditgp53
@ionandonidelamo	@darmng
@ionandonidelamo	@MarisaBarrena1
@ionandonidelamo	@meteikasma
@ionandonidelamo	@Udalbiltza
@iontelleria	@asnavel
@iontelleria	@BelenGalvan__
@iontelleria	@brutaken
@iontelleria	@clauditxu
@iontelleria	@G_Kontx
@iontelleria	@gerbasioseeds11
@iontelleria	@Itzibeltz
@iontelleria	@LArretxe
@iontelleria	@naiz_info
@iontelleria	@piratajonkar
@iontelleria	@yakimalalimpia
@iraitzlazkano	@I_Bengoetxea
@iraitzlazkano	@Iturbe_pedro
@IreneAmorM	@Grattan_H
@irenecarbo	@Albertodelvalle
@IreneGrabulosa	@NefretireM
@irenemasana	@Susanna8138
@irenesoriano16	@AEstlan
@irenesoriano16	@amapola
@irenesoriano16	@Frantxesca
@ireneurango	@Nstorcd
@iriavi	@nendetous
@irinagrcia	@ArnauManzanno
@irinagrcia	@dekathlos
@irinagrcia	@FILOSOFOSELL
@irinagrcia	@Grattan_H
@irinagrcia	@ilovemitsos
@irinagrcia	@irinagrcia
@irinagrcia	@JosepRoig99
@irinagrcia	@lapavitsas
@irinagrcia	@leframbo1
@irinagrcia	@mariabuisanb
@irinagrcia	@metinniki
@irinagrcia	@mgarci67
@irinagrcia	@OyeMerino
@isa808m	@Gormo472
@isaacllopis	@aitor_1981
@IsaakAguil	@abrilgabr
@IsaakAguil	@carleeee94
@IsaakAguil	@iLuNaTiiXx
@IsaakAguil	@klein133
@isabcn91	@cortabigotes
@isabcn91	@EtorManterola
@isabcn91	@OrratzGorria
@isabcn91	@PanderetaZalea
@isabelnadal3	@winterbiebs
@Isagonica	@antoniomunyoz
@Isagonica	@GusBracchi
@iscagz	@FonteRodrigues
@iscagz	@SanzLopes
@IscaViguera	@SeminarioTRSCYT
@isisdelbi	@laauralopez
@ismaelpalacin	@mjruizllach
@ismaelpalacin	@MontBdn1
@iterre	@Jenn_hypatia
@itsmarssss	@Caperuzotaroja
@itsmarssss	@carlespastor
@itt33	@manolodenuevo
@itxasoatutxa	@AdriaGasso
@itxasoatutxa	@AITOR_ESTEBAN
@itxasoatutxa	@andoniortuzar
@itxasoatutxa	@Anemorren
@itxasoatutxa	@AntoniaPintoC
@itxasoatutxa	@AsierAlbizua
@itxasoatutxa	@AUGUSTOCHDM
@itxasoatutxa	@bea_riveiro
@itxasoatutxa	@Bikalebar
@itxasoatutxa	@carolinabalmes
@itxasoatutxa	@cct100
@itxasoatutxa	@Cristin30952450
@itxasoatutxa	@crlscammac
@itxasoatutxa	@despertaferro74
@itxasoatutxa	@DianaGDKO
@itxasoatutxa	@EAarteako12
@itxasoatutxa	@eajpnv
@itxasoatutxa	@EAJPNV_Congreso
@itxasoatutxa	@ErlantzOiarbide
@itxasoatutxa	@euroberri
@itxasoatutxa	@euzkogaztedi
@itxasoatutxa	@garmendiakorta
@itxasoatutxa	@glicinavioleta
@itxasoatutxa	@GPdMG
@itxasoatutxa	@GureEskuDurango
@itxasoatutxa	@ianasagasti
@itxasoatutxa	@igoneporto
@itxasoatutxa	@ikermerodio
@itxasoatutxa	@Ilupiola
@itxasoatutxa	@inigolanda
@itxasoatutxa	@IosuBazkezRibas
@itxasoatutxa	@iozamizu
@itxasoatutxa	@ItxasoErroteta
@itxasoatutxa	@Izkoc
@itxasoatutxa	@Jatabepower
@itxasoatutxa	@JaumeMeneses
@itxasoatutxa	@JoanesAsua
@itxasoatutxa	@JosepRufa
@itxasoatutxa	@KepaMtnez
@itxasoatutxa	@LeonordeAquita3
@itxasoatutxa	@marccastells
@itxasoatutxa	@MariBuenfilera
@itxasoatutxa	@matalaz1661
@itxasoatutxa	@mikel_uriguen
@itxasoatutxa	@nerepi26
@itxasoatutxa	@PeioEstibez
@itxasoatutxa	@PNV_Indautxu
@itxasoatutxa	@raimundo3691
@itxasoatutxa	@Sonietes_sonia
@itxasoatutxa	@unailarrea
@itxasoatutxa	@Viccttoria
@itxasoatutxa	@WadeButcher
@ivan27787	@gina28840
@ivan27787	@kalvinErmua
@ivancete78	@rochue66
@Ivanet77	@10banker
@Ivanet77	@Agadalia
@Ivanet77	@eldalaijulai
@Ivanet77	@IliberisGra
@Ivanet77	@jorger87x_jorge
@Ivanet77	@pain_spain
@Ivanet77	@palmira_marti
@Ivanet77	@sikokosmik
@Ivanet77	@tecnobuda
@ivanol79	@ClaronuNuez
@ivanol79	@idith120604
@ivanol79	@Jpg00000G
@IvanRockxx	@Llens
@ivekosifer	@FloFloreta1
@ivekosifer	@Hostalets_viu
@ivetplaya99	@ruty1980
@Ivi_Plisetsky	@zz_andrea_zz
@IyuyaU	@AhotsaInfo
@IyuyaU	@Andonipr
@IyuyaU	@Bertiki1
@IyuyaU	@bmujika10
@IyuyaU	@edur_beriain48
@IyuyaU	@Errasti13
@IyuyaU	@estheragirre
@IyuyaU	@gepordos
@IyuyaU	@jonetxojone
@IyuyaU	@julenirazusta
@IyuyaU	@lidiusss05
@IyuyaU	@mendabia
@IyuyaU	@naiaralarra
@IyuyaU	@piratajonkar
@IyuyaU	@simplicisimus8
@izquifran	@MarcSubiraL
@izquifran	@tonitoni10
@j_b_rtr_n	@alvarez_manel
@J_C_Robert	@MovEsquerres
@J_C_Robert	@socialistesxSI
@J_Canals	@jeromo63
@J_Canals	@RamonGisbert
@j_caner	@chicodechicle
@j_caner	@OlgaPalahi
@Jaaumee96	@3Oskar
@Jaaumee96	@babsbear
@Jaaumee96	@CanyerosLlagos
@Jaaumee96	@francal64
@Jaaumee96	@Gormo472
@Jaaumee96	@joaquinmc14
@Jaaumee96	@leonaleecully
@Jaaumee96	@lopez9346
@Jaaumee96	@Olga_Hurtado66
@Jaaumee96	@Rathbaner
@jabiasurmendi	@Ebarandi
@jabiasurmendi	@EHBilduArrigo
@jabiasurmendi	@idoiamfer
@jabiasurmendi	@Udalbiltza
@jabiero	@BOT_Pini
@jabiero	@Espigamendi
@jabiero	@gabirelezkurdia
@jabiero	@irabalmu
@jabiero	@Urkijo_25
@JacintMolera3	@tonbaliu8
@JacoboCastilla	@blanc1707c
@jadsuar2	@cramosmanjarin
@jaechevarria	@vlfern
@jaimeRR35	@krisoany
@jaimeRR35	@Oriol_Bdn
@jaimeRR35	@perevivaselias
@jaimeRR35	@referendumbdn
@jaimeRR35	@rich_kararak
@jaimeRR35	@victormayolas
@Jakista	@_berta4with
@Jakista	@123eileen
@Jakista	@89Tweet
@Jakista	@aalexandrapc
@Jakista	@AnaIsabelCatar1
@Jakista	@arnopeck
@Jakista	@AsierGZalona
@Jakista	@astukov
@Jakista	@aurrerab0lie
@Jakista	@axmannhias
@Jakista	@ayemait
@Jakista	@beachlife2011
@Jakista	@bearngofourhrts
@Jakista	@Biorebeca
@Jakista	@DanySurfing7
@Jakista	@deewallace32
@Jakista	@didacmarin
@Jakista	@disgracefulcunt
@Jakista	@doniikim
@Jakista	@drumcodeuk
@Jakista	@Ele_Frost
@Jakista	@ferrer_casas
@Jakista	@FreemanBerlin
@Jakista	@GarionCoyote
@Jakista	@GBLandscapes
@Jakista	@GraceBrodie
@Jakista	@gwpurnell
@Jakista	@helmonroe
@Jakista	@ilergeta28
@Jakista	@irxson
@Jakista	@JamesAmcvean
@Jakista	@jazmineinspain
@Jakista	@Jep_1714
@Jakista	@Jigger639
@Jakista	@jlponsa13
@Jakista	@joe90kane
@Jakista	@JOJO774
@Jakista	@jorgedelmarfl
@Jakista	@JustHalanna
@Jakista	@kuantancurls
@Jakista	@laberttt0304
@Jakista	@LisaJAndersson
@Jakista	@MaaacGilbert
@Jakista	@Mae_Carson2
@Jakista	@magixmagixmagix
@Jakista	@MaicaMeseguer
@Jakista	@maryfloor
@Jakista	@me_sheer_
@Jakista	@memect14
@Jakista	@miicapitan
@Jakista	@Miquel_Pueyo
@Jakista	@munxmsc
@Jakista	@mUsicdecarrer
@Jakista	@neilmarlow4
@Jakista	@NielsJohannsen
@Jakista	@noe22349
@Jakista	@onlineflow
@Jakista	@OriolSabater
@Jakista	@PauloconnorMBE
@Jakista	@PlaceSoft
@Jakista	@preguntas_rabu
@Jakista	@ricardgr
@Jakista	@roricon
@Jakista	@RuthFT
@Jakista	@SoniaPrats
@Jakista	@Stormcarrier
@Jakista	@SugarspotAnnie
@Jakista	@SyndicateBerlin
@Jakista	@tamhimo
@Jakista	@thidemon
@Jakista	@tonia2272
@Jakista	@torra_carles
@Jakista	@txu_knqn
@Jakista	@ubishaqve
@Jakista	@VesnaCr
@Jakista	@VikyxP
@Jakista	@WORLD_CATALUNYA
@jalbuixech	@AaronCElorriaga
@jalbuixech	@sonikena
@Jaleo_1945	@1denmadrid
@Jaleo_1945	@bertaga14
@Jaleo_1945	@Brumario2
@Jaleo_1945	@chispa34720356
@Jaleo_1945	@cuadro_galan
@Jaleo_1945	@DaylingTF
@Jaleo_1945	@efremov79_
@Jaleo_1945	@enrikekubells
@Jaleo_1945	@evaortiz597
@Jaleo_1945	@franciscojhm66
@Jaleo_1945	@hasta_pirineos
@Jaleo_1945	@inesexposito191
@Jaleo_1945	@joanbrull1
@Jaleo_1945	@JosLongo
@Jaleo_1945	@lengualagarta_
@Jaleo_1945	@lmc4880
@Jaleo_1945	@MariaMarmar46
@Jaleo_1945	@Muffume
@Jaleo_1945	@Mxeta
@Jaleo_1945	@nextjainde
@Jaleo_1945	@Nuri10137949
@Jaleo_1945	@pelotari246
@Jaleo_1945	@pepetoles460
@Jaleo_1945	@rakeld12341234
@Jaleo_1945	@raquela99353404
@Jaleo_1945	@Republica56
@Jaleo_1945	@salto_acevedo
@Jaleo_1945	@sika_AL2
@Jaleo_1945	@Virgginni
@Jaleo_1945	@waltervk22
@jalmuni	@gerardtoes
@jamesstout	@mireiadelan
@janaa_br	@suau_08
@janadiaz94	@ACP3010
@janamaresma	@_annasimeon_
@janamaresma	@AMARUTHBA
@janat06	@gpnoguera
@JanCarrillo21	@charly11cg
@jandropv_9	@MBesaldu
@JanMargarit	@Domingal92
@JanMargarit	@Guillem_Caldes
@JanMargarit	@PalauGarriga
@JanMargarit	@paucolell
@JanMargarit	@tunisocatala
@jaromil	@_andreas42
@jaromil	@AdilSalmi
@jaromil	@adinagbaloch
@jaromil	@adolfoebasta
@jaromil	@AlePizzuti
@jaromil	@AlteaAlcalde
@jaromil	@antoinekowalski
@jaromil	@asperger514
@jaromil	@bitcoin_ita
@jaromil	@claudiozisa
@jaromil	@cocchi2a
@jaromil	@EisyPC
@jaromil	@flavioamieiro
@jaromil	@GarionCoyote
@jaromil	@giuseppemella
@jaromil	@juhavantzelfde
@jaromil	@laRossa05
@jaromil	@Marinamas
@jaromil	@Mattyvic87
@jaromil	@Pippilotta_here
@jaromil	@RActiveLadytron
@jaromil	@rhapsodhy
@jaromil	@ShkatRG
@jaromil	@Suysulucha
@jaromil	@TaKeYoNiGGa8
@JaumeCalopa	@AitorGSJ
@JaumeCalopa	@calopa95
@JaumeCalopa	@criscarllur
@Jaumedmon	@andresortizm
@Jaumedmon	@Cobretti75
@Jaumedmon	@inasgarci
@Jaumedmon	@jordialmolda
@Jaumedmon	@mccorominas
@Jaumedmon	@mejornopienso
@Jaumedmon	@Narcisricart
@Jaumedmon	@olierua
@Jaumedmon	@Skarabatus
@Jaumedmon	@SusanaGuivernau
@Jaumedmon	@YOU17972
@jaumeet10	@PauVallAlonso7
@JaumeMontes	@AriadnaSeydoux
@JaumeMontserrat	@An0nR0adie
@JaumeMoyaM	@ICV_Lleida
@JaumeMoyaM	@JmSantesm
@JaumeMoyaM	@loCarranquer
@JaumeMoyaM	@VientosOrihuela
@JaumePoblet	@lilianmateu
@JaumePoblet	@Martibcn
@JavierBetiJai	@MarotoVegan
@JavierCabrera36	@correspobrerx
@javierllm	@EQUITY86889892
@javiermateo	@en_practiques
@JaviPichaco	@Jaime_Bonham
@JaviPichaco	@mariagayango__
@javizazox	@fer_navarro3
@JazzaJohn	@tharcblack
@jbar3640	@marcmiquel
@JBelmonteCom	@elisabet_br
@JBelmonteCom	@jordigost
@JBelmonteCom	@JuWritingLife
@jbetrian	@FonteRodrigues
@JBorrasC	@alfmulillo
@JBorrasC	@ANCMollet
@JBorrasC	@emiliocorreacat
@JBorrasC	@ERC_Polinya
@JBorrasC	@joanlluisg
@JBorrasC	@Oriol79
@jbuscaronsh	@LOURDES11702794
@jcarbonellsilva	@nuriajoana
@jcarporvive	@Cristi_latin
@jcarporvive	@equalon3
@jcasanovas	@CristinaNilga
@jcc_cat	@annausart
@jcc_cat	@comunistes
@jcc_cat	@CotsLaura
@jcc_cat	@eupvPucol
@jcc_cat	@iusbarcelona
@jcc_cat	@J_Alex_Vega
@jcc_cat	@larealitat
@jcc_cat	@Meloetta17
@jcc_cat	@Myt1980
@jcc_cat	@NUET
@jcc_cat	@ricardsanchez66
@jcc_cat	@RogerDeSants
@jcc_cat	@saralidiaester
@jcc_cat	@Tamarillo3
@jcpcreus	@crematsdrom
@Jcreusgarcia	@_____kers_____
@Jcreusgarcia	@__mariangels
@Jcreusgarcia	@aaronpoonce
@Jcreusgarcia	@bubblesdolan
@Jcreusgarcia	@clauths_mendlik
@Jcreusgarcia	@dvlz32
@Jcreusgarcia	@ednabuxaderas99
@Jcreusgarcia	@ernestocodina
@Jcreusgarcia	@flying_polecat
@Jcreusgarcia	@Geniakagi
@Jcreusgarcia	@gerarduuuuuuuu
@Jcreusgarcia	@GloriiiiGloriaa
@Jcreusgarcia	@GuillemCabrera2
@Jcreusgarcia	@ielowsubmarin
@Jcreusgarcia	@JocelynLens
@Jcreusgarcia	@Jofregt09
@Jcreusgarcia	@Jordi_Solaa03
@Jcreusgarcia	@julsalaraj
@Jcreusgarcia	@kvngl8
@Jcreusgarcia	@maarmaca
@Jcreusgarcia	@malikissesxx
@Jcreusgarcia	@MarcSelgas
@Jcreusgarcia	@markk_27
@Jcreusgarcia	@martafd01
@Jcreusgarcia	@moan66
@Jcreusgarcia	@moonlightlyd
@Jcreusgarcia	@nvrmxnd_
@Jcreusgarcia	@octoberrhymes
@Jcreusgarcia	@piclinikordei
@Jcreusgarcia	@pipeta__
@Jcreusgarcia	@Pr3AlxVT
@Jcreusgarcia	@rebecatalina
@Jcreusgarcia	@rosa_msust
@Jcreusgarcia	@SergiFerry
@Jcreusgarcia	@tomatunicornio
@Jcreusgarcia	@tommocrrot
@Jcreusgarcia	@xenii_OM
@jdbdf	@Bertucho_Bertuh
@jdbdf	@csrojz
@jdtfilosofia	@nereatxo2
@jeandekintyre	@alliomack
@jeandekintyre	@slavignotte
@jemcatala	@slavignotte
@jepalegret	@AlemanyEsquirol
@jepalegret	@VillasanteDe
@JERPV	@Apuntsinteriors
@JERPV	@EloChamarro
@JERPV	@esquerrapv
@JERPV	@francescgaliano
@JERPV	@GasparEscolano
@JERPV	@hoynomederrumbo
@JERPV	@Jedermanndenkt
@JERPV	@JODaD_PV
@JERPV	@joe_feegools
@JERPV	@UepJohn
@JERPV	@ximorvedre
@jesler9	@jeslergon
@JessicaFillol	@belldandy_18
@JessicaFillol	@SweetieAndre
@JessicaJPL	@txerokired
@Jestherypunto3	@mgilmarti
@JestinHerve	@GwenJestin
@JestinHerve	@nilayats
@jesuscasasola	@elenahi19746578
@jesuscasasola	@Jordi_Bayo
@jfauri	@lauraescofet
@JFLcat	@XiugCram
@jfolguera	@josefapachon
@jfreixas4	@Ge_nis
@jgarcia_sm	@MireiaCarreno
@jimixnie	@mariuspb19
@jisucaa	@fpujolb
@jjcabu	@FonteRodrigues
@jjcabu	@Patriologue
@jjcabu	@Pixiris
@jjesica20	@cleoa30
@JJM36	@amaat49
@JJM36	@antiliberalTom
@JJM36	@BarthCarlo
@JJM36	@Berlindis
@JJM36	@Bert_VdA
@JJM36	@bruno_casteur
@JJM36	@cvvda
@JJM36	@debrackeleer
@JJM36	@donald_vdw
@JJM36	@hbnelis
@JJM36	@JaseyAncient
@JJM36	@kamisolf
@JJM36	@KlaasVinckier
@JJM36	@lutgroenez
@JJM36	@maryfloor
@JJM36	@moossy1
@JJM36	@Paquita_337
@JJM36	@ReinoutBuys
@JJM36	@Reinquin_Aidan
@JJM36	@stevendeketel
@JJM36	@TomVermost
@JJM36	@WMPost
@JJM36	@zegerdebyser
@JLBS17	@alejandraftust
@jlcasal	@carolurda
@jlcasal	@paularomerol
@jlcasal	@posestamosbien
@jlcleries	@Bertacobu
@jlcleries	@emilival2012
@jlcleries	@EvaCabrera7
@jllobet18	@alba18_11
@jllobet18	@Gruxanta
@jmlopezzafra	@_liberales
@jmlopezzafra	@Almogavar1
@jmlopezzafra	@antoniofyp
@jmlopezzafra	@eco_liberal
@jmlopezzafra	@Jangelfd
@jmlopezzafra	@jlvega81
@jmlopezzafra	@LibPorcupine
@jmlopezzafra	@MarcoDaCostaFX
@jmlopezzafra	@marga_funes
@jmlopezzafra	@micro_machismo
@jmlopezzafra	@Navas_Lcn
@jmlopezzafra	@nilix
@jmlopezzafra	@Pelayo_92
@jmlopezzafra	@ramonini63
@jmlopezzafra	@sergitm12
@jmlopezzafra	@Valbuena781
@jmlopezzafra	@Yo_sola0610
@jmoneluna	@moriyakari
@jmorenocusac	@7daniel73
@jmorenocusac	@AciD_MuSh_303
@jmorenocusac	@btvnoticies
@jmorenocusac	@CDRPoblenou
@jmorenocusac	@CMontielSolis
@jmorenocusac	@domenech_lluis
@jmorenocusac	@EnricCTbcn
@jmorenocusac	@JordiAlfama
@jmorenocusac	@Khalo691
@jmorenocusac	@lcurell
@jmorenocusac	@picara2604
@jmterricabras	@_MrDarwin_
@jmterricabras	@CarmenR98174640
@jmterricabras	@eereeq
@jmterricabras	@emjita
@jmterricabras	@ginacompte
@jmterricabras	@HelenaaOvejero
@jmterricabras	@hervassj
@jmterricabras	@JLLGarciaS
@jmterricabras	@joseppratscarre
@jmterricabras	@masramonmc
@jmterricabras	@mguell67
@jmterricabras	@Pevi26102891
@jmterricabras	@rocamawra
@jmterricabras	@SebastiaRoigGil
@jmterricabras	@vullvotarja
@jnavarroe	@EnricCaujape
@JNCatalunya	@fedetarsap
@JnnDiaz	@Somiatwiter
@jnogueg	@ponli137
@jo_quer	@CristinaNilga
@joaanvaazquezxi	@LauraMeseguer4
@joakimVivas	@evillarreal95
@joakimVivas	@Miauche
@joakimVivas	@npujades
@joakimVivas	@slavignotte
@joan_callau	@dirkflury
@joan_callau	@ericaajesuss
@Joan_Recorda	@blintx
@Joan_Recorda	@Cristia9912
@Joan_Recorda	@Manuel_Ghezzi
@joanaestafanell	@JavierMaffioli
@JoanAliagas	@Charo_Recasens
@joancamt	@ecastellsc
@joancamt	@gemarovir
@joancamt	@ielowsubmarin
@joancamt	@JaumeMN
@joancamt	@jordigomara
@joancamt	@Justincads
@joancamt	@mafesar1
@JoanCanela	@bernat13
@joancapu	@Elisabet73
@joancaragones	@albertcla_89
@joancaragones	@dakturdave
@joancaragones	@ggrivem
@joancaragones	@JoPeraltaSaguer
@joancaragones	@maria_solhivern
@joancaragones	@pepito_grill
@joancarlesdoval	@perermerono
@joancguerrero	@hattricafe
@joancguerrero	@SHINYUKU7
@JoandeCanet	@71johnny
@JoandeCanet	@Ariadnamiret15
@JoandeCanet	@ayemait
@JoandeCanet	@drumcodeuk
@JoandeCanet	@Froginhotwater
@JoandeCanet	@grandescarmen
@JoandeCanet	@hsolupe
@JoandeCanet	@joeman42
@JoandeCanet	@josebaorm
@JoandeCanet	@paperopinguino
@JoandeCanet	@Piterkum
@JoandeCanet	@satirist_indian
@Joanferra	@Nogueravidal
@joanfoguet	@DoctorPipa
@joanfoguet	@InSomniFestival
@joanfoguet	@Lauramcn1
@Joanig_8	@hcreeem
@joanpuig	@agda_sobrino
@JOANPUJOLRAS	@Granpuput
@joanramirez71	@jjdunbar63
@JoanSalaGiner	@geps_
@JoanSanchis	@jraulbc
@JoaquiM_BS	@a_monras
@JoaquiM_BS	@AnnaRoig_
@JoaquimAP7	@pujol_josep
@Joel_canoc	@Joel_canoc
@JoelSanchez94	@_adri05
@jofre_saez	@ariafrigola
@jofre_saez	@atvillarroya
@jofre_saez	@Brucsdrummer
@jofre_saez	@JordiAyats2
@jofre_saez	@Vilablareix_cat
@Jofre7	@isaac1842
@johadoll	@RobertoScolla
@johncaballes	@BBealeonglez
@johncaballes	@isaabel_99
@johncaballes	@MoCuishhle
@JonoKitchens	@GerdRussell
@JonPL	@kbaroja
@jonyko15	@Peret72118101
@joooana5	@PiliCortdo
@jordi_calpe	@cally_priest
@jordi_calpe	@Fred16326441
@jordi_folck	@kavalieri90
@Jordi_Oliva	@vigonbel65
@Jordi_Preziosi	@sabiosgolpes
@jordibenavente	@Susana75R
@jordibenavente	@TereSM_
@jordicabre	@ClaraPrUb
@jordicabre	@independemetre
@JordiCaixas	@acrossthebreeze
@JordiCaixas	@alexcste
@JordiCaixas	@Ateofilo
@JordiCaixas	@cescguimera
@JordiCaixas	@comespomes
@JordiCaixas	@deivitmir
@JordiCaixas	@EscapeVelo
@JordiCaixas	@Galgo_rojo
@JordiCaixas	@grantomasin
@JordiCaixas	@jurgi823
@JordiCaixas	@PaaulyMalik
@JordiCaixas	@RBerguinzo
@JordiCaixas	@t_equo
@JordiCaixas	@verovarela19
@JordiCaixas	@yusse21
@JordiCalpeC	@FloFloreta1
@JordiCalpeC	@Hostalets_viu
@JordiCalpeC	@MangelsLors
@JordiCalpeC	@MARKVIC10
@JordiCalpeC	@Oteixi
@JordiCalpeC	@RadioIgualada
@jordicampos	@oscar28planes
@jordicampos	@PlanaJosep
@JordiCampoy	@Katia_gortchy
@Jordicumelles	@vicc1984
@jordiduran_cat	@emiliomorenofer
@jordiduran_cat	@janinavilana
@jordiduran_cat	@traquir
@JordifarreFcb	@agallartp
@JordifarreFcb	@ainatrigueros
@JordifarreFcb	@albertitu
@JordifarreFcb	@alcon_alejandro
@JordifarreFcb	@Alexandraselo13
@JordifarreFcb	@AlexMax4500
@JordifarreFcb	@AllrisAlkris
@JordifarreFcb	@andreijvp
@JordifarreFcb	@angelsbotiller
@JordifarreFcb	@AngelsOliva
@JordifarreFcb	@arnaug13
@JordifarreFcb	@askari222
@JordifarreFcb	@BarcelonaGlides
@JordifarreFcb	@Benjami82072689
@JordifarreFcb	@carlesvilla
@JordifarreFcb	@cataladelsud
@JordifarreFcb	@catiferran
@JordifarreFcb	@chionhc
@JordifarreFcb	@eliaalenya
@JordifarreFcb	@Elisaalvarez83H
@JordifarreFcb	@ElisabetMB1
@JordifarreFcb	@ElisabetQuin
@JordifarreFcb	@ElisaCa61
@JordifarreFcb	@EnricG
@JordifarreFcb	@EstherMarti8
@JordifarreFcb	@ferre1963
@JordifarreFcb	@FGabalda
@JordifarreFcb	@Fidu76
@JordifarreFcb	@GardenLluis
@JordifarreFcb	@GeMmAsItGeS
@JordifarreFcb	@ginacanal1
@JordifarreFcb	@Giralt7
@JordifarreFcb	@Gloriahada1
@JordifarreFcb	@GrupdeTreball
@JordifarreFcb	@GuillemCintas
@JordifarreFcb	@GVG1995
@JordifarreFcb	@hfontcall
@JordifarreFcb	@jordi_comas
@JordifarreFcb	@JordiZafra2
@JordifarreFcb	@juliacl60
@JordifarreFcb	@llorensnovapox
@JordifarreFcb	@Marcjulcar
@JordifarreFcb	@MarcMediterrani
@JordifarreFcb	@MariaTe77012942
@JordifarreFcb	@mlparrag1964
@JordifarreFcb	@MnicaMo38791452
@JordifarreFcb	@MontserratCome7
@JordifarreFcb	@Nenaniub
@JordifarreFcb	@nk_esther
@JordifarreFcb	@noianinguki
@JordifarreFcb	@Oleixa
@JordifarreFcb	@Palmer_Laura
@JordifarreFcb	@Pauzurano
@JordifarreFcb	@pepbadia
@JordifarreFcb	@pepnassos
@JordifarreFcb	@petimarga
@JordifarreFcb	@PilarFoixL
@JordifarreFcb	@puesJessica
@JordifarreFcb	@qmach2012
@JordifarreFcb	@R63Maribel
@JordifarreFcb	@ramontorresarus
@JordifarreFcb	@rmarquezsaez
@JordifarreFcb	@RosaRfarres61
@JordifarreFcb	@RumbcapItaca
@JordifarreFcb	@Salvathorium
@JordifarreFcb	@SantiGoogle
@JordifarreFcb	@sdelgadoaros
@JordifarreFcb	@SeguiGoma
@JordifarreFcb	@segura_marin1
@JordifarreFcb	@sergisas3
@JordifarreFcb	@SilviaVila17
@JordifarreFcb	@SioParera
@JordifarreFcb	@Siscu_Alvira
@JordifarreFcb	@SitgesPedra1
@JordifarreFcb	@somunics10
@JordifarreFcb	@super_QM
@JordifarreFcb	@Susanargis
@JordifarreFcb	@susannaabellan
@JordifarreFcb	@trinigilbert
@JordifarreFcb	@VboneteAriz
@JordifarreFcb	@XavierCapdevil2
@JordifarreFcb	@XavierKundi
@JordifarreFcb	@xeniagt
@jordifortuny1	@catyvall
@jordifortuny1	@GeorgVDarmstadt
@jordifortuny1	@jordifortuny1
@jordigaseni	@carmenjarque
@jordigaseni	@dirkflury
@jordigaseni	@Frances66728695
@jordigaseni	@mariolacala1
@jordigb3	@angelacr97
@jordigb3	@angelssantacana
@jordigb3	@Rogerbfcat
@jordigil77	@gerardpuigtenas
@jordigil77	@jpuigdellivol
@jordigil77	@markvuit
@jordigil77	@patimolne
@jordigil77	@pereboira
@jordigil77	@perevivaselias
@jordigil77	@ToniRoda
@jordijordano	@bvilalaia
@jordijordano	@carlesbonet
@jordijordano	@EuskariaEH
@jordijordano	@GusBracchi
@jordijordano	@IsmaNoticias
@jordijordano	@JosepLTorres
@jordijordano	@maria_maia1113
@jordijordano	@mariabp33
@jordijordano	@NayaHunt82
@jordijordano	@niremukiak
@jordijordano	@piratajonkar
@jordijordano	@Sal_Oli
@JordiJSB	@Evamartorellj
@JordiJSB	@jordi_julia
@JordiMallach	@Elphame_1
@JordiMallach	@joseppc
@JordiMartinezQu	@Andromedaxeic
@JordiMartinezQu	@estefpc
@JordiMartinezQu	@IvensCastillo
@JordiMartinezQu	@tejada_adela
@jordimash	@bergonzini
@jordimash	@GPdMG
@jordimash	@martidimauro
@jordimeep	@JalvarezJordi
@JordiMelich	@Dany_TJ_15
@jordimontanez	@CDRHG7
@jordimontanez	@electrilisto
@jordimontanez	@pauromeromusic
@JordiMossoEsq	@CarlosCasa20
@jordimovi	@Laura_Pujantell
@Jordinaturon	@miqueliu90
@JordiPeloPo	@gabriflowers
@JordiPeloPo	@SonarDespierta_
@jordiriera	@frisaure2212
@Jordisaca21	@FonteRodrigues
@JordiSalvat	@ACM1995CHA
@JordiSalvat	@enbalmi
@JordiSalvat	@toni_mesfosc
@jordisarda13	@MaaacGilbert
@Jordisebastia	@tulepflute
@jordisendra	@artegalatea1
@jordisendra	@mariaroca87
@jordisendra	@XISCA2
@jordiurbano	@alex7rodry
@jordiurbano	@Campor_10
@jordiurbano	@gerardteixido9
@jordiurbano	@jocrusells
@jordiurbano	@urivives66
@jordiver	@CATJRD
@jordivinyals86	@Belitre
@jordivinyals86	@marinavim
@JordiZafra2	@aranyoner
@JorgeCalabres	@8Stadium
@JorgeCalabres	@aketzavm
@JorgeCalabres	@Alex_MM7
@JorgeCalabres	@berocer
@JorgeCalabres	@Colim4
@JorgeCalabres	@DimeloMay
@JorgeCalabres	@javidevicalvaro
@JorgeCalabres	@mdcruzvillegas
@JorgeCalabres	@Mmonty_1
@JorgeCalabres	@pastanaga1976
@JorgeCalabres	@victormlg95
@jorull	@fmartinfe
@josealca86	@Va113cita
@JosebaGines	@Bulgarell1Mauro
@JosebaGines	@Garikoitzbk
@JosebaGines	@piratajonkar
@JosebaGines	@trapuzarra
@JosebaGines	@Udalbiltza
@JoseJPriego	@adebasbasket33
@JoseJPriego	@MontseMendezM
@Josep_84	@Josep_84
@Josep_84	@markhamilton23
@Josep_A_Vilalta	@AjuntamentTora
@Josep_A_Vilalta	@JoanMiramuntVil
@Josep_A_Vilalta	@jordifogim
@Josep_A_Vilalta	@ramonsunyer
@Josep_A_Vilalta	@viladetora
@Josep_A_Vilalta	@zazie19
@josep_ll	@paperopinguino
@Josep_MCD	@adamjones416
@Josep_MCD	@desferrapertu
@Josep_MCD	@giratomba
@Josep_MCD	@JaumeF
@Josep_MCD	@jtomasc
@Josep_MCD	@loTxus
@Josep_MCD	@MartaDui
@Josep_MCD	@martaponse
@Josep_MCD	@tinet52
@Josep_MCD	@UTresU
@Josep_MCD	@Woundorf
@Josep_MCD	@xabierurra
@JosepAntonFdez	@76manuel76
@JosepAntonFdez	@alexgato74
@JosepAntonFdez	@Catalanneta
@JosepAntonFdez	@cllausas
@JosepAntonFdez	@ejanet15
@JosepAntonFdez	@Enkofrator_TV
@JosepAntonFdez	@Isidrum
@JosepAntonFdez	@Juliaflorit
@JosepAntonFdez	@mbernadi
@JosepAntonFdez	@mikkipolini
@JosepAntonFdez	@PFDorado
@JosepAntonFdez	@RaulVsCiro
@JosepAntonFdez	@santa_slavina
@JosepAntonFdez	@SerranoElisenda
@JosepAntonFdez	@smc_17
@JosepAntonFdez	@soniabouzas
@JosepCarmona	@alliomack
@JosepCarmona	@JosepCarmonacom
@josepcatalamiro	@Mercejane
@josepchavarria	@NenaBlabla6
@josepchavarria	@normanmasia
@josepfoguet	@oribara
@JosepM_Riu	@AndreaSouto_
@JosepM_Riu	@guillemboira
@josepmvalero	@enricfontblanes
@josepmvalero	@fillonafrique
@josepmvalero	@jesreyser
@josepmvalero	@Judith73
@josepmvalero	@MMaryMcKenna
@josepmvalero	@muratozmal
@josepmvalero	@shrock
@josepmvalero	@up_viking
@JosepOlive1985	@donet_m
@JosepPinyolAlb	@Leon_Sloots
@JosepPinyolAlb	@maartenfroger
@josepramonolive	@Soldevila_Jordi
@JosepRufa	@Capcigrany
@JosepRufa	@dapamont
@JosepRufa	@ferran4cs
@JosepRufa	@Ffccat
@JosepRufa	@FlyingS14652197
@JosepRufa	@FrancescCesc1
@JosepRufa	@JoanaRafecas
@JosepRufa	@JordInver
@JosepRufa	@jquinto_es
@JosepRufa	@PartageSolidar
@JosepRufa	@RogerPujolar
@JosepRufa	@sergiferrus
@JosepRufa	@sergimarcen
@JosepRufa	@xsanz
@JosepYus	@Miauche
@josetxoetxeber1	@piratajonkar
@josumateo1	@AinhoaMark
@josumateo1	@evlepiani
@josumateo1	@itsjustme1307
@josumateo1	@PatriEnriquez9
@josumateo1	@sandraartero20
@josumateo1	@victorcarrdds
@JotaFerni	@ladiscule
@jovenolo	@veigmont
@JovesEU_Vlc	@_Pandraa
@JovesEU_Vlc	@amaravall
@JovesEU_Vlc	@andrewwet
@JovesEU_Vlc	@aysa9
@JovesEU_Vlc	@jaurider
@JovesEU_Vlc	@PauOboe
@JovesEU_Vlc	@PerePaella
@jpairo	@Jordirodenas
@Jpeperez	@armartinst
@jpermach	@ArantzaZeta
@jpermach	@elisabethoj
@jpermach	@elomendia
@jpermach	@inakipenedo
@jpermach	@Iraultza82
@jpermach	@jimayo74
@jpermach	@josparrod
@jpermach	@JuanJ2708
@jpermach	@LopezdeMuniain
@jpermach	@marga_ij
@jpermach	@munoz_ribera
@jpermach	@nabarra1512
@jpermach	@nestweety
@jpermach	@NKortajarena
@jpermach	@piratajonkar
@jpermach	@Rezakhan20
@jpermach	@rodriguezamorin
@jpermach	@soniqueman
@jpermach	@txitxarros78
@jpermach	@txonfu
@jpermach	@Xabitxo
@jplaza83	@jif2030
@Jr_Podemos	@cleosagas1
@Jr_Podemos	@collado_rosa
@Jr_Podemos	@contonando
@Jr_Podemos	@CRISTIN51409197
@Jr_Podemos	@MabelFigueruelo
@Jr_Podemos	@MerinoSanz
@Jr_Podemos	@mire_iaM
@Jr_Podemos	@PIJOAPARTEMARSE
@Jr_Podemos	@Silvia_Mallorca
@Jr_Podemos	@sindi584
@Jr_Podemos	@soniamekare
@Jr_Podemos	@txerokired
@Jr_Podemos	@ysmist
@jroger25	@_Campbell_Jack_
@jromanfernandez	@mvillaltab
@JRRBiker	@Rebe_riuk
@jsans_	@CriiisQuesada
@JSB_22	@xavi14sirera
@jserranom	@SilviaArgudo
@jserranom	@SMunne
@juader	@Kaibel12
@juan_psip	@atramsalga
@JuananGS86	@Lirilian
@juanjofdezsola	@gemmacpvall
@juanjofdezsola	@MartaCaso
@juanjosbd	@MMonntsee
@juanludepaolis	@_sushisu
@juanludepaolis	@acirugeda
@juanludepaolis	@ana_sanchez_b
@juanludepaolis	@AndreuMola
@juanludepaolis	@bielcrespi2
@juanludepaolis	@CarmeBonet1
@juanludepaolis	@cristobalpoza
@juanludepaolis	@criszamora1
@juanludepaolis	@damCR
@juanludepaolis	@dangf4
@juanludepaolis	@fededrazen
@juanludepaolis	@Helena93545670
@juanludepaolis	@jacasarramona
@juanludepaolis	@jseminago
@juanludepaolis	@Justincads
@juanludepaolis	@kleiis
@juanludepaolis	@LA24_JWalker
@juanludepaolis	@ladymoon1967
@juanludepaolis	@Mag_giver
@juanludepaolis	@maite_tgna
@juanludepaolis	@MarinaMartin123
@juanludepaolis	@MarinaMercadal
@juanludepaolis	@marionabneira
@juanludepaolis	@MeAventuro
@juanludepaolis	@melontajaenmano
@juanludepaolis	@Miriam16457479
@juanludepaolis	@nopuedocompilar
@juanludepaolis	@ona_i_mar
@juanludepaolis	@pabal19
@juanludepaolis	@PitSajad
@juanludepaolis	@primijos
@juanludepaolis	@PujolCinta
@juanludepaolis	@Renoudebuit
@juanludepaolis	@ronce_mora
@juanludepaolis	@rrocai
@juanludepaolis	@verdecasirojo
@juanludepaolis	@volandovengoh
@juanludepaolis	@voroarques
@JuanLuPR	@JuliaAguirre98
@juanmapereznoya	@PolybiusC
@juanmapereznoya	@StanleyChubrich
@Juanmi_News	@_2sad4u
@Juanmi_News	@_afterlife
@Juanmi_News	@_Ardilla__
@Juanmi_News	@_Boreal_
@Juanmi_News	@_carlagarciia
@Juanmi_News	@_DarwinPZ
@Juanmi_News	@_Dawning_
@Juanmi_News	@_Genimar
@Juanmi_News	@_hellxsh
@Juanmi_News	@_iria12
@Juanmi_News	@_juanantonio10
@Juanmi_News	@_KINGRANDY_
@Juanmi_News	@_Lusss_
@Juanmi_News	@_MrDarwin_
@Juanmi_News	@_mrjinks
@Juanmi_News	@_nipatinipami
@Juanmi_News	@_Porrusalda
@Juanmi_News	@_Reiko24_
@Juanmi_News	@_StevenId
@Juanmi_News	@_xaviniesta
@Juanmi_News	@_xOshiro
@Juanmi_News	@_ZMNT
@Juanmi_News	@04_meel
@Juanmi_News	@0Seuba
@Juanmi_News	@12E988F
@Juanmi_News	@13_africa
@Juanmi_News	@14diego9999
@Juanmi_News	@151f1cd26253497
@Juanmi_News	@1970Marta
@Juanmi_News	@19wolf21
@Juanmi_News	@2001_israel
@Juanmi_News	@21pedri
@Juanmi_News	@24ferreb
@Juanmi_News	@3_piquembauer
@Juanmi_News	@3peusalgat
@Juanmi_News	@44_daani
@Juanmi_News	@4691tms
@Juanmi_News	@46alpacu
@Juanmi_News	@4ngela_
@Juanmi_News	@4tuny4ever
@Juanmi_News	@68JManel
@Juanmi_News	@69nueve
@Juanmi_News	@6QRivero
@Juanmi_News	@73Ccalero
@Juanmi_News	@75Phelps
@Juanmi_News	@75Pupkin
@Juanmi_News	@896462Anna
@Juanmi_News	@89airun
@Juanmi_News	@93silf
@Juanmi_News	@98Carrillo4
@Juanmi_News	@a_alba_garcia
@Juanmi_News	@a_arroyo27
@Juanmi_News	@aalbbbba
@Juanmi_News	@AAlmiall
@Juanmi_News	@aamd1967
@Juanmi_News	@Aana_Martinez22
@Juanmi_News	@AbanicoFantasma
@Juanmi_News	@abaranguer
@Juanmi_News	@AbelPLW
@Juanmi_News	@abjectsubject
@Juanmi_News	@abogadocaldes
@Juanmi_News	@Abril1001
@Juanmi_News	@abrildavid
@Juanmi_News	@acelgasparacena
@Juanmi_News	@AceOriolet
@Juanmi_News	@acerbosocial
@Juanmi_News	@activista7
@Juanmi_News	@ActoresECONOMIA
@Juanmi_News	@ad_palau
@Juanmi_News	@AdaaDeLarge
@Juanmi_News	@Adazrran
@Juanmi_News	@Adelita49455610
@Juanmi_News	@ADR_Born
@Juanmi_News	@adriafort
@Juanmi_News	@adriagalin
@Juanmi_News	@AdriaGasso
@Juanmi_News	@AdrianaMozzone
@Juanmi_News	@AdriaPuigMartin
@Juanmi_News	@AdriLuqueCastro
@Juanmi_News	@AdryTheVeganCat
@Juanmi_News	@aempordaigeldo
@Juanmi_News	@agara
@Juanmi_News	@AGavalda
@Juanmi_News	@Agiito11
@Juanmi_News	@AgirreGarita
@Juanmi_News	@agora741
@Juanmi_News	@agtagt82
@Juanmi_News	@AgustiBernaus
@Juanmi_News	@agvaldecasasc
@Juanmi_News	@ahernandez094
@Juanmi_News	@aherreri19
@Juanmi_News	@ahlemm19
@Juanmi_News	@aicor0209
@Juanmi_News	@aidancleverly20
@Juanmi_News	@Aimar27_330
@Juanmi_News	@ainaguasch821
@Juanmi_News	@ainarielx_
@Juanmi_News	@ainhizeeantu
@Juanmi_News	@ainhoabilbo
@Juanmi_News	@ainhogeitabi
@Juanmi_News	@airenuevo15
@Juanmi_News	@airi_ag
@Juanmi_News	@aitzi_aitzi
@Juanmi_News	@ajlmarques
@Juanmi_News	@Akitania
@Juanmi_News	@AL29RT
@Juanmi_News	@aladinadiaz
@Juanmi_News	@AlaeLedMonkey
@Juanmi_News	@Alameda_Blues
@Juanmi_News	@alavesssss
@Juanmi_News	@alazzznee
@Juanmi_News	@Alb_Pasamar
@Juanmi_News	@albaarevert17
@Juanmi_News	@AlbaGa_7
@Juanmi_News	@AlbaM911
@Juanmi_News	@ALBAMARTO
@Juanmi_News	@Albert_44062
@Juanmi_News	@albert_kent
@Juanmi_News	@albert_mcbeal
@Juanmi_News	@albertAEPDA
@Juanmi_News	@albertcla_89
@Juanmi_News	@albertcristofol
@Juanmi_News	@AlbertGarciasM
@Juanmi_News	@alberticious
@Juanmi_News	@AlbertLC73
@Juanmi_News	@AlbertLM
@Juanmi_News	@Alberto78538554
@Juanmi_News	@albertor00
@Juanmi_News	@AlbertoRoMa1001
@Juanmi_News	@AlbertPuey
@Juanmi_News	@albertrll
@Juanmi_News	@albertsalame
@Juanmi_News	@AlborchAbril
@Juanmi_News	@alborslc
@Juanmi_News	@albxrtaauryn
@Juanmi_News	@alcoya_jesus
@Juanmi_News	@Aldeano40
@Juanmi_News	@alderjo
@Juanmi_News	@aleix_sf
@Juanmi_News	@alex_plazas
@Juanmi_News	@alex_salvador1
@Juanmi_News	@alexand98915083
@Juanmi_News	@alexandra_buca
@Juanmi_News	@alexandra19080
@Juanmi_News	@Alexandraselo13
@Juanmi_News	@alexasr77
@Juanmi_News	@alexcordonvila
@Juanmi_News	@alexcoserna
@Juanmi_News	@alexgares98
@Juanmi_News	@alexis_erreape
@Juanmi_News	@alexleki13
@Juanmi_News	@Alexnevergiveup
@Juanmi_News	@AlexObsesionBEP
@Juanmi_News	@AlexPartisano
@Juanmi_News	@alexps_9
@Juanmi_News	@alexr3y
@Juanmi_News	@alezapata93
@Juanmi_News	@alfa_badia
@Juanmi_News	@alfonsbeltran
@Juanmi_News	@Alfonso_ArSan
@Juanmi_News	@AlfredMisfit
@Juanmi_News	@AlfredoBelda
@Juanmi_News	@Algonfdez
@Juanmi_News	@alguienvendra
@Juanmi_News	@AlhenaPerez
@Juanmi_News	@AliciaLaulet46
@Juanmi_News	@AliciaMart7
@Juanmi_News	@AliGoodDay
@Juanmi_News	@ALLTlMEKIAN
@Juanmi_News	@Almodis2
@Juanmi_News	@Almogatenet
@Juanmi_News	@almudenaroche
@Juanmi_News	@AlmudenaRomer14
@Juanmi_News	@alopgon
@Juanmi_News	@alpugades
@Juanmi_News	@Alrome
@Juanmi_News	@alseca76
@Juanmi_News	@alsiretta9
@Juanmi_News	@altealfonsocruz
@Juanmi_News	@AlvaroFdez_B
@Juanmi_News	@AlvaroIniesta99
@Juanmi_News	@alvaroJH_92
@Juanmi_News	@alvaronoseqponr
@Juanmi_News	@AlvaroSeco
@Juanmi_News	@alvbemar
@Juanmi_News	@ALXRFZ
@Juanmi_News	@alxrizo
@Juanmi_News	@Amadeu_Juando
@Juanmi_News	@Amado_BautistaH
@Juanmi_News	@Amenator_V
@Juanmi_News	@amfdezcasas
@Juanmi_News	@anabelenpozuelo
@Juanmi_News	@anacasvil
@Juanmi_News	@anadath1
@Juanmi_News	@analyticnomad
@Juanmi_News	@AnaMawi2
@Juanmi_News	@anarchytecture
@Juanmi_News	@anartirant
@Juanmi_News	@anasharife
@Juanmi_News	@Anbeba7171
@Juanmi_News	@ancorserrano3
@Juanmi_News	@ander_artola
@Juanmi_News	@AnderAnteloDiz
@Juanmi_News	@andergsolana
@Juanmi_News	@AnderJavier13
@Juanmi_News	@andoni_rojo
@Juanmi_News	@andoniiivm
@Juanmi_News	@Andrea_sies
@Juanmi_News	@Andreea11ROES
@Juanmi_News	@Andres_bello18
@Juanmi_News	@AndresoPls
@Juanmi_News	@andrestrompa94
@Juanmi_News	@andreuqs
@Juanmi_News	@andrewdstreet
@Juanmi_News	@Andyandix
@Juanmi_News	@AndyLaioneL
@Juanmi_News	@angel_acab15
@Juanmi_News	@angeldiaz
@Juanmi_News	@angelesmb1
@Juanmi_News	@AngelMega98
@Juanmi_News	@angeloisonfire
@Juanmi_News	@angels_pallas
@Juanmi_News	@Angels07920142
@Juanmi_News	@angiestamina
@Juanmi_News	@anglmirou
@Juanmi_News	@ankor_ramos
@Juanmi_News	@anna99annita
@Juanmi_News	@AnnaAznar
@Juanmi_News	@AnnaCifer
@Juanmi_News	@annacua77
@Juanmi_News	@AnnaGatito
@Juanmi_News	@AnnaSabat3
@Juanmi_News	@annasangua
@Juanmi_News	@Annasmes
@Juanmi_News	@antaullado
@Juanmi_News	@antesmolabasmas
@Juanmi_News	@antigcne
@Juanmi_News	@Anton_Salvat
@Juanmi_News	@anton65itu
@Juanmi_News	@antoniacastilla
@Juanmi_News	@antonio_seoane
@Juanmi_News	@antonioabelg
@Juanmi_News	@antonlopezperez
@Juanmi_News	@antonvillaz
@Juanmi_News	@antrintab
@Juanmi_News	@ANY1529
@Juanmi_News	@Anyi_anonadada
@Juanmi_News	@Aparcada10
@Juanmi_News	@Aprenent_Trader
@Juanmi_News	@aqueront
@Juanmi_News	@aranmen
@Juanmi_News	@ArantzaFernndez
@Juanmi_News	@ararruga
@Juanmi_News	@Aratzeo
@Juanmi_News	@AreNotBadDreams
@Juanmi_News	@Aretelli
@Juanmi_News	@Ariadna_roketa
@Juanmi_News	@arielduna_
@Juanmi_News	@arisebasanchez
@Juanmi_News	@Armando5Casitas
@Juanmi_News	@Arnau_BA
@Juanmi_News	@Arnauescori
@Juanmi_News	@arnaug13
@Juanmi_News	@arnausalasaez
@Juanmi_News	@arq_carlosjael
@Juanmi_News	@arrobacasco
@Juanmi_News	@ArturColl
@Juanmi_News	@ArtzaBastard
@Juanmi_News	@aruasjf
@Juanmi_News	@ASchafer_Alien1
@Juanmi_News	@asf8213
@Juanmi_News	@Ashkar_M
@Juanmi_News	@AsierAlbizua
@Juanmi_News	@AsierBeramendi
@Juanmi_News	@Asm1966
@Juanmi_News	@aspelaez98
@Juanmi_News	@aspid1968
@Juanmi_News	@astrocriis
@Juanmi_News	@asuap
@Juanmi_News	@AsuncionMiranda
@Juanmi_News	@Ateloiv27
@Juanmi_News	@atheneazp
@Juanmi_News	@Atto2O
@Juanmi_News	@AuroraCR9
@Juanmi_News	@avaleria_sr
@Juanmi_News	@AviOriol
@Juanmi_News	@avriluka
@Juanmi_News	@awembley2011
@Juanmi_News	@awesomev00
@Juanmi_News	@awmyrubius
@Juanmi_News	@axelbeitia
@Juanmi_News	@AXirla
@Juanmi_News	@Ay_de_mi
@Juanmi_News	@aymerich_teresa
@Juanmi_News	@ayumasu_
@Juanmi_News	@AZazpe_13
@Juanmi_News	@azudani89
@Juanmi_News	@b_guilera
@Juanmi_News	@b0n4ch3
@Juanmi_News	@B7_Fer
@Juanmi_News	@badalonien
@Juanmi_News	@badboypits
@Juanmi_News	@baelosa
@Juanmi_News	@BakuninDeCopas
@Juanmi_News	@baldasano
@Juanmi_News	@bam60tres1
@Juanmi_News	@Bandarrados
@Juanmi_News	@barbaradecampo
@Juanmi_News	@barnimile
@Juanmi_News	@BaronDomunis
@Juanmi_News	@BarruufetCatala
@Juanmi_News	@barthatien
@Juanmi_News	@Bastarz31
@Juanmi_News	@BB_Aesztia
@Juanmi_News	@bbloodypizza2
@Juanmi_News	@BCibada
@Juanmi_News	@BCNReferendum
@Juanmi_News	@bdbd1444
@Juanmi_News	@bdwoner
@Juanmi_News	@beachlove2013
@Juanmi_News	@beatriugarcia
@Juanmi_News	@Bego_lh
@Juanmi_News	@begoa1203
@Juanmi_News	@BegoAramayona
@Juanmi_News	@BegonyaLombera
@Juanmi_News	@Begue_Oscar
@Juanmi_News	@belen_araghunde
@Juanmi_News	@belennn531
@Juanmi_News	@BellaFitzgeral
@Juanmi_News	@BeppoSensei
@Juanmi_News	@BerbiquiS
@Juanmi_News	@BernatGuixeras
@Juanmi_News	@BernatRicard
@Juanmi_News	@Berntaris
@Juanmi_News	@bertatr135
@Juanmi_News	@BerthaBaulies
@Juanmi_News	@BertoGiraldo
@Juanmi_News	@Bertss_Sanchez
@Juanmi_News	@bespierre
@Juanmi_News	@beststudent_eu
@Juanmi_News	@betfont
@Juanmi_News	@Bethemediauk
@Juanmi_News	@betizurekin_18
@Juanmi_News	@betomorrowdawn
@Juanmi_News	@betsabata
@Juanmi_News	@bewaterorwine
@Juanmi_News	@BGB85
@Juanmi_News	@BhrmmJoaquim
@Juanmi_News	@BibBlay
@Juanmi_News	@bictrox_matrix
@Juanmi_News	@BielSegui
@Juanmi_News	@bildu_abanto
@Juanmi_News	@BittersweetZoro
@Juanmi_News	@Blackdelvalles
@Juanmi_News	@blanco_cancho
@Juanmi_News	@blastocitus
@Juanmi_News	@BlazquezFont
@Juanmi_News	@blondie963
@Juanmi_News	@Bloodywxod
@Juanmi_News	@bluesgrau
@Juanmi_News	@bluesmaning
@Juanmi_News	@BndicteHauswir1
@Juanmi_News	@Bobo_PK
@Juanmi_News	@BodenyFreiheit
@Juanmi_News	@borjaamartinez
@Juanmi_News	@BorjaZamora29
@Juanmi_News	@borrasu
@Juanmi_News	@BoxierBrothers
@Juanmi_News	@bragg50
@Juanmi_News	@BramLopez_
@Juanmi_News	@bravee1
@Juanmi_News	@BresoAmparo
@Juanmi_News	@brodripe
@Juanmi_News	@broski_pichon
@Juanmi_News	@BrunaBeziers
@Juanmi_News	@bttgirona
@Juanmi_News	@Bujallo1
@Juanmi_News	@Bulgarell1Mauro
@Juanmi_News	@bultza
@Juanmi_News	@by_xexu98
@Juanmi_News	@ByWo0PingHD
@Juanmi_News	@c0conuttt
@Juanmi_News	@c1a_naiara
@Juanmi_News	@Caarly_18
@Juanmi_News	@CagonesDe
@Juanmi_News	@CajitaRoja
@Juanmi_News	@CalaMagic
@Juanmi_News	@CALCETlN
@Juanmi_News	@CallMeCrispe
@Juanmi_News	@calpepin
@Juanmi_News	@CAM2712
@Juanmi_News	@CamaradaGroucho
@Juanmi_News	@cambiarealidad
@Juanmi_News	@camefo
@Juanmi_News	@Caminantlanit
@Juanmi_News	@CanerGuvener
@Juanmi_News	@capgros4
@Juanmi_News	@capidanMar
@Juanmi_News	@capitanthule
@Juanmi_News	@CaptainAlonso
@Juanmi_News	@CarlaJouF
@Juanmi_News	@CarlaMartin2210
@Juanmi_News	@CarlesCompanyZ
@Juanmi_News	@carlestwitt
@Juanmi_News	@carlesval2012
@Juanmi_News	@carlisdiezh
@Juanmi_News	@CarlitosGn98
@Juanmi_News	@CarlitoxMarxx
@Juanmi_News	@Carllping1
@Juanmi_News	@CarlMalbern
@Juanmi_News	@carlos_cgc23
@Juanmi_News	@CarlosAlegret
@Juanmi_News	@carloscg_2000
@Juanmi_News	@carlosdiazjara1
@Juanmi_News	@CarlosFreijedo
@Juanmi_News	@carlosmartiruiz
@Juanmi_News	@CARLOSMASACHS
@Juanmi_News	@CarlosNavHer
@Juanmi_News	@carlotaeramirez
@Juanmi_News	@CarmenC07182975
@Juanmi_News	@carmenf64628256
@Juanmi_News	@carminamood
@Juanmi_News	@Caroespinosa82
@Juanmi_News	@CarolCarolin80
@Juanmi_News	@carollm333
@Juanmi_News	@CarolLorente20
@Juanmi_News	@carrmenserrano
@Juanmi_News	@carsomni
@Juanmi_News	@CartanyaAnna
@Juanmi_News	@Cary_Gran
@Juanmi_News	@casababel66
@Juanmi_News	@casanovas_jordi
@Juanmi_News	@Castorcito2010
@Juanmi_News	@catalanalliure
@Juanmi_News	@catalivng
@Juanmi_News	@cataloniandream
@Juanmi_News	@Catalunya1109
@Juanmi_News	@catandy_eff
@Juanmi_News	@CATJRD
@Juanmi_News	@CazorroAguado
@Juanmi_News	@CCOOUUMM
@Juanmi_News	@ceanas03
@Juanmi_News	@CeciMachado1891
@Juanmi_News	@Celia_1421
@Juanmi_News	@Celiaizq
@Juanmi_News	@CeliaOtos
@Juanmi_News	@CelsoACaccamo
@Juanmi_News	@centellatecoma
@Juanmi_News	@Cesar_pinto97
@Juanmi_News	@cesc_gomez1
@Juanmi_News	@cfifktr
@Juanmi_News	@cg6vk
@Juanmi_News	@cgtibebjs
@Juanmi_News	@ChalsKaine
@Juanmi_News	@charlieeasd
@Juanmi_News	@CharlieSanLo
@Juanmi_News	@Chavaciudadano
@Juanmi_News	@ChechuPadilla
@Juanmi_News	@Cheelgeneer
@Juanmi_News	@chemafff
@Juanmi_News	@chinchelapies
@Juanmi_News	@Chisas_d_KBZ
@Juanmi_News	@Chobichoba
@Juanmi_News	@christinuviel
@Juanmi_News	@Christo70
@Juanmi_News	@chulidelbruc
@Juanmi_News	@ChuliMaxisiyani
@Juanmi_News	@cindyash6
@Juanmi_News	@Claireinthemoon
@Juanmi_News	@Claraalegre10
@Juanmi_News	@claracabre
@Juanmi_News	@clarkemoyet
@Juanmi_News	@ClaudiaCampos81
@Juanmi_News	@claustre21
@Juanmi_News	@CliffOlivet
@Juanmi_News	@ClimentMiro
@Juanmi_News	@clopezalbiol
@Juanmi_News	@CMAURIRIU
@Juanmi_News	@cmc_dts
@Juanmi_News	@cmentxu
@Juanmi_News	@CntPirobloc
@Juanmi_News	@CobenaPodemos
@Juanmi_News	@Cobiitoornah
@Juanmi_News	@cochueman
@Juanmi_News	@codecraftben
@Juanmi_News	@cofuga13
@Juanmi_News	@comenta86
@Juanmi_News	@comequelites
@Juanmi_News	@comfer02
@Juanmi_News	@coms8517
@Juanmi_News	@Conchur91
@Juanmi_News	@Conker327
@Juanmi_News	@ConxiA
@Juanmi_News	@CorreoTorreon
@Juanmi_News	@corruPPtio
@Juanmi_News	@cri_crisss
@Juanmi_News	@criistyn4
@Juanmi_News	@CriminalKoi
@Juanmi_News	@cris6martin
@Juanmi_News	@crisalidaliquid
@Juanmi_News	@CrisG0mez3
@Juanmi_News	@CrisG36
@Juanmi_News	@CrisLera90
@Juanmi_News	@crispikrispi
@Juanmi_News	@crispsss_
@Juanmi_News	@crispuig
@Juanmi_News	@cristianavellut
@Juanmi_News	@cristianselvas
@Juanmi_News	@cristina16ch
@Juanmi_News	@cristinacruzfdz
@Juanmi_News	@crstiangar
@Juanmi_News	@csrojz
@Juanmi_News	@CTE1993
@Juanmi_News	@ctxt_es
@Juanmi_News	@cuclourdes
@Juanmi_News	@CuestaOliver
@Juanmi_News	@Culevras
@Juanmi_News	@cumlaude7
@Juanmi_News	@cuncadeleite
@Juanmi_News	@CUPLaCanonja
@Juanmi_News	@CurantaDavid
@Juanmi_News	@curr0_
@Juanmi_News	@CurroMatachin
@Juanmi_News	@CValles67
@Juanmi_News	@cvjf_
@Juanmi_News	@CycaRevoluta
@Juanmi_News	@D353u
@Juanmi_News	@D4NN1SS1M0
@Juanmi_News	@da2010lleida
@Juanmi_News	@DabyzDs
@Juanmi_News	@daesga
@Juanmi_News	@DaisukeMasamune
@Juanmi_News	@dalecandela_
@Juanmi_News	@damemaszumo
@Juanmi_News	@Dan1876
@Juanmi_News	@danadananka
@Juanmi_News	@dani_apa69
@Juanmi_News	@DanielaBGHVip5
@Juanmi_News	@DanielMarGarBCN
@Juanmi_News	@DaniGCor
@Juanmi_News	@DaniHusa
@Juanmi_News	@DaniMarvl
@Juanmi_News	@danisolef
@Juanmi_News	@DannMelon
@Juanmi_News	@DannyAxL
@Juanmi_News	@DansOlle
@Juanmi_News	@DanySurfing7
@Juanmi_News	@danyvoit1
@Juanmi_News	@DArcangeliLoren
@Juanmi_News	@david23052002
@Juanmi_News	@davidasekes
@Juanmi_News	@Davidcaton77
@Juanmi_News	@DavidMartos8
@Juanmi_News	@DavidMedinaRey1
@Juanmi_News	@Davidmixos
@Juanmi_News	@davidram09
@Juanmi_News	@davidrius079
@Juanmi_News	@davidrod689
@Juanmi_News	@ddlbieberx
@Juanmi_News	@DeanGermanotta
@Juanmi_News	@Deegmine
@Juanmi_News	@delamapu
@Juanmi_News	@Delfi_Sastre
@Juanmi_News	@dennis30bcn
@Juanmi_News	@depardals
@Juanmi_News	@depielyhueso
@Juanmi_News	@dequepende
@Juanmi_News	@Der_Betrachter_
@Juanmi_News	@DeSaragonzalez
@Juanmi_News	@descarnar
@Juanmi_News	@DEsplugas
@Juanmi_News	@Deva_Algr
@Juanmi_News	@DEVISVICENT
@Juanmi_News	@dfertl
@Juanmi_News	@dhasselmann
@Juanmi_News	@Dibujos_animes
@Juanmi_News	@didacbelles
@Juanmi_News	@DiegoMonteagudo
@Juanmi_News	@Diegonzalez96
@Juanmi_News	@DimitarMalamov
@Juanmi_News	@dimosiografara
@Juanmi_News	@DInglorion
@Juanmi_News	@Dioleivar
@Juanmi_News	@dioni_trapella
@Juanmi_News	@divapiti
@Juanmi_News	@dllorenteart
@Juanmi_News	@DMorenoPedrosa
@Juanmi_News	@dolores_dona
@Juanmi_News	@doloresgarrid11
@Juanmi_News	@Dolors_Quera
@Juanmi_News	@domenech_lluis
@Juanmi_News	@DoresteToms
@Juanmi_News	@DorisMGG
@Juanmi_News	@Dorres21
@Juanmi_News	@Dperogrullo
@Juanmi_News	@Dragobeth
@Juanmi_News	@Drap_Kira
@Juanmi_News	@dreadgirlesbian
@Juanmi_News	@DreamyRubius
@Juanmi_News	@dreikaso
@Juanmi_News	@Drerhu
@Juanmi_News	@drewer26
@Juanmi_News	@drewfree_
@Juanmi_News	@dumbledore1778
@Juanmi_News	@duna_060599
@Juanmi_News	@DuqueDeOlviares
@Juanmi_News	@DuroBelinda
@Juanmi_News	@durrutipri
@Juanmi_News	@dvidalf
@Juanmi_News	@ea17cdf8c1fe4e2
@Juanmi_News	@ealbesa
@Juanmi_News	@echamizo
@Juanmi_News	@ed666wood666
@Juanmi_News	@EdgarTwide
@Juanmi_News	@edhy_18
@Juanmi_News	@EduardCoves
@Juanmi_News	@Eduardo56001518
@Juanmi_News	@Eduardoededosc1
@Juanmi_News	@edubs_6
@Juanmi_News	@educabomartinez
@Juanmi_News	@educabrera1394
@Juanmi_News	@EduFran24
@Juanmi_News	@edunomada
@Juanmi_News	@edydallacosta
@Juanmi_News	@Eeh_85
@Juanmi_News	@eesteela
@Juanmi_News	@eetxeberria
@Juanmi_News	@efernandezo2010
@Juanmi_News	@egastonm
@Juanmi_News	@egomo1971
@Juanmi_News	@egonza43
@Juanmi_News	@Ehkesoyo
@Juanmi_News	@eibar_iraultza
@Juanmi_News	@Eiderlomu
@Juanmi_News	@EinarJavier
@Juanmi_News	@ejanet15
@Juanmi_News	@ejidalgo
@Juanmi_News	@ejseg
@Juanmi_News	@el_del_arca
@Juanmi_News	@El_Ekilibrio
@Juanmi_News	@Elatovictv
@Juanmi_News	@ElBiker95
@Juanmi_News	@ELCEPAS
@Juanmi_News	@ElCheChucho
@Juanmi_News	@ElComu_menos
@Juanmi_News	@eldalaijulai
@Juanmi_News	@elegb82
@Juanmi_News	@elektrogeist_
@Juanmi_News	@ElenaMonast
@Juanmi_News	@elgris255
@Juanmi_News	@eliconerre
@Juanmi_News	@elimonteserin
@Juanmi_News	@Elisa_RV
@Juanmi_News	@Elisabet73
@Juanmi_News	@elisabethoj
@Juanmi_News	@elisenda
@Juanmi_News	@elkailasso
@Juanmi_News	@EllaFlames
@Juanmi_News	@EllenDaider
@Juanmi_News	@ellosnosmienten
@Juanmi_News	@eloi_SB
@Juanmi_News	@elorz_adrian
@Juanmi_News	@ElPerku
@Juanmi_News	@ElphabaThropp10
@Juanmi_News	@ElRojoMaltes
@Juanmi_News	@elsadurst
@Juanmi_News	@eltorrat1
@Juanmi_News	@elvira_sanz
@Juanmi_News	@Elviracasasb
@Juanmi_News	@elviratpenat
@Juanmi_News	@ElXaviRaventos
@Juanmi_News	@emailocarallo
@Juanmi_News	@EmilioSG1
@Juanmi_News	@emttax
@Juanmi_News	@emugor
@Juanmi_News	@Enanadelasort
@Juanmi_News	@EndlessformsNW
@Juanmi_News	@EnhanceDBoy
@Juanmi_News	@enpiedecalle
@Juanmi_News	@enpinxuprat
@Juanmi_News	@EnricRomero
@Juanmi_News	@EnricSaperas
@Juanmi_News	@enriquemaraver
@Juanmi_News	@EnriqueMG74
@Juanmi_News	@enriquesurroca
@Juanmi_News	@envidiadela
@Juanmi_News	@eowynonfire
@Juanmi_News	@ephimeral_scene
@Juanmi_News	@eRaaaaX
@Juanmi_News	@Eric_294
@Juanmi_News	@ericatxu
@Juanmi_News	@EricBM_Corb
@Juanmi_News	@EricPH11
@Juanmi_News	@Es01742275
@Juanmi_News	@EscorpynaYR
@Juanmi_News	@Eskombraria
@Juanmi_News	@espejo_fatima
@Juanmi_News	@espiralveintiun
@Juanmi_News	@esquenololees
@Juanmi_News	@esroma75
@Juanmi_News	@Essent_huma
@Juanmi_News	@Estebanpah
@Juanmi_News	@estefan99840122
@Juanmi_News	@estelnovo
@Juanmi_News	@ester_g_g
@Juanmi_News	@EsterdelBarco
@Juanmi_News	@esteren3onidos
@Juanmi_News	@estervar
@Juanmi_News	@estesitu
@Juanmi_News	@EsteveGomezM1
@Juanmi_News	@estherdenoa
@Juanmi_News	@estherulidv
@Juanmi_News	@ETXA77
@Juanmi_News	@eugenio76543
@Juanmi_News	@euki72
@Juanmi_News	@evaftpizzx
@Juanmi_News	@EvaitzahItzah
@Juanmi_News	@EvaPrez3
@Juanmi_News	@EvaRuizC
@Juanmi_News	@EvhVico
@Juanmi_News	@Evita73_
@Juanmi_News	@exper72
@Juanmi_News	@F2Xavier
@Juanmi_News	@FacunMoreno
@Juanmi_News	@fakelolplayer1
@Juanmi_News	@falc_pfalco
@Juanmi_News	@FALLEN3500
@Juanmi_News	@FancyRubencio
@Juanmi_News	@fannymanzano
@Juanmi_News	@FarahCubas
@Juanmi_News	@Farenheit_451_
@Juanmi_News	@Fasool41
@Juanmi_News	@fasullot
@Juanmi_News	@fatinascidi
@Juanmi_News	@FaureToni
@Juanmi_News	@favitomontiel
@Juanmi_News	@FayoTM
@Juanmi_News	@fblancoros
@Juanmi_News	@fcbossman
@Juanmi_News	@fcifuentesc1
@Juanmi_News	@fdb88
@Juanmi_News	@FelipeGCan
@Juanmi_News	@felisukobcn
@Juanmi_News	@felixfelicis91_
@Juanmi_News	@feminismogaliza
@Juanmi_News	@Fennec1298
@Juanmi_News	@fer140771
@Juanmi_News	@fernacorral
@Juanmi_News	@FerranArtigas
@Juanmi_News	@ferranba
@Juanmi_News	@ferrangaqu
@Juanmi_News	@ferranyllabou
@Juanmi_News	@ferrer_casas
@Juanmi_News	@ferrytor
@Juanmi_News	@FGSCREW
@Juanmi_News	@Fia_666
@Juanmi_News	@figrexas
@Juanmi_News	@filumestre
@Juanmi_News	@fito76_BG
@Juanmi_News	@Fixapanda
@Juanmi_News	@FKTheLokoMaster
@Juanmi_News	@flacambra1975
@Juanmi_News	@Florentina3000
@Juanmi_News	@flushfeller
@Juanmi_News	@fmorales1980
@Juanmi_News	@fmpaez
@Juanmi_News	@FontenlaPaz
@Juanmi_News	@foro_plan_bqto
@Juanmi_News	@Fran__Narf
@Juanmi_News	@francescnadal
@Juanmi_News	@francescstboi
@Juanmi_News	@Francis97994336
@Juanmi_News	@Franciscacti
@Juanmi_News	@franciscojhm66
@Juanmi_News	@FRANDEDIOSM
@Juanmi_News	@frandelgado651
@Juanmi_News	@FranfranSachs
@Juanmi_News	@FranGallRuiz
@Juanmi_News	@franrevenga
@Juanmi_News	@FrauBubu
@Juanmi_News	@freddycsantana
@Juanmi_News	@fredengomez
@Juanmi_News	@freedom0886
@Juanmi_News	@Frenpega
@Juanmi_News	@FrTgCt1684
@Juanmi_News	@Frual84
@Juanmi_News	@funkydandy96
@Juanmi_News	@FVermell
@Juanmi_News	@fvillaronga1
@Juanmi_News	@fxmauri
@Juanmi_News	@fyah92
@Juanmi_News	@GabrielViilass
@Juanmi_News	@Gaizka59
@Juanmi_News	@GalCarbonell
@Juanmi_News	@galego_anonimo
@Juanmi_News	@gambinados
@Juanmi_News	@GaoGaoRen_
@Juanmi_News	@garaizar1
@Juanmi_News	@gardez73
@Juanmi_News	@GariGaraialde
@Juanmi_News	@GariMiquel
@Juanmi_News	@Garjuma
@Juanmi_News	@GarroMontserrat
@Juanmi_News	@GaryCooper_pepe
@Juanmi_News	@Gasofidas
@Juanmi_News	@GataBlaugrana
@Juanmi_News	@Gateuvidal
@Juanmi_News	@gcristofol
@Juanmi_News	@Gecinizz
@Juanmi_News	@Gelan008
@Juanmi_News	@gelybond
@Juanmi_News	@Gema10mv
@Juanmi_News	@gemarovir
@Juanmi_News	@GemaSerrano_
@Juanmi_News	@gemm75
@Juanmi_News	@Gemmajhb
@Juanmi_News	@GeMmAsItGeS
@Juanmi_News	@gencerali63
@Juanmi_News	@genis_baldoma
@Juanmi_News	@geniuslawyer
@Juanmi_News	@geokhronox
@Juanmi_News	@gerardjara_
@Juanmi_News	@German_Snchz2
@Juanmi_News	@germanionqn
@Juanmi_News	@GeronaCristina
@Juanmi_News	@Gessami_Sanchez
@Juanmi_News	@Gezito23
@Juanmi_News	@giadanajarro
@Juanmi_News	@Gianni_Ciasullo
@Juanmi_News	@giannicuomo
@Juanmi_News	@ginard35
@Juanmi_News	@Ginju3
@Juanmi_News	@GioSan_83
@Juanmi_News	@giulezio
@Juanmi_News	@Giulia_ToffanaL
@Juanmi_News	@gjfp_
@Juanmi_News	@Gladystraldi4
@Juanmi_News	@GloriaDIllescas
@Juanmi_News	@GloriaSacer
@Juanmi_News	@gm_esteve
@Juanmi_News	@gmez_g
@Juanmi_News	@gn_ana
@Juanmi_News	@gocaplayer
@Juanmi_News	@goldismine2016
@Juanmi_News	@gominolus
@Juanmi_News	@gonnertweet
@Juanmi_News	@GonzalezLluis
@Juanmi_News	@gor_gonzola
@Juanmi_News	@gorkabiurrun
@Juanmi_News	@GossipBlaugrana
@Juanmi_News	@GPdMG
@Juanmi_News	@gpratsola
@Juanmi_News	@grantomasin
@Juanmi_News	@greenheart717
@Juanmi_News	@GretchenTupper
@Juanmi_News	@GRGR1518
@Juanmi_News	@GuerreraMorada
@Juanmi_News	@Guillem_Marti
@Juanmi_News	@GuilleMolinas1
@Juanmi_News	@gusisan5
@Juanmi_News	@h3f3st0
@Juanmi_News	@Haitzuloa
@Juanmi_News	@Han17102003
@Juanmi_News	@hariamjo77
@Juanmi_News	@hartapa
@Juanmi_News	@Hartoman
@Juanmi_News	@hastalapoyita
@Juanmi_News	@hastalosbarcena
@Juanmi_News	@Hastalosous
@Juanmi_News	@HecthorMel
@Juanmi_News	@HectorPumo
@Juanmi_News	@HectorRabanFoto
@Juanmi_News	@helena_vima
@Juanmi_News	@HelenaHcamacho
@Juanmi_News	@helenarose80s
@Juanmi_News	@helio_gg
@Juanmi_News	@hellosusanam
@Juanmi_News	@Helmarga
@Juanmi_News	@HeluaBilbo
@Juanmi_News	@HenarOrtiz
@Juanmi_News	@HenryJWhite
@Juanmi_News	@henrySB13
@Juanmi_News	@HereudeCanPich
@Juanmi_News	@hergest_ridge74
@Juanmi_News	@herrerof
@Juanmi_News	@Hetfield501Javi
@Juanmi_News	@hhaderach
@Juanmi_News	@hikaryn_
@Juanmi_News	@Historika_
@Juanmi_News	@hoikeanna
@Juanmi_News	@HolaMrl
@Juanmi_News	@honeymoonbxe
@Juanmi_News	@HoracioAltuna
@Juanmi_News	@HotHaunter
@Juanmi_News	@hudkman
@Juanmi_News	@HuercanoMarta
@Juanmi_News	@hugo_lescura
@Juanmi_News	@HuracanHuerta
@Juanmi_News	@hxxdness
@Juanmi_News	@HZokre
@Juanmi_News	@I_MM_bcn
@Juanmi_News	@i_parra
@Juanmi_News	@iam_enric
@Juanmi_News	@iam1ker
@Juanmi_News	@ian_delaCalva
@Juanmi_News	@IBC73
@Juanmi_News	@IBruzzoni
@Juanmi_News	@Ice_Erik88
@Juanmi_News	@ichi2chi
@Juanmi_News	@idrojne
@Juanmi_News	@ielowsubmarin
@Juanmi_News	@ieribi
@Juanmi_News	@IglesiasAdrian
@Juanmi_News	@ignasdelgrannas
@Juanmi_News	@Ignasi_Darshan
@Juanmi_News	@IgnasiMorales
@Juanmi_News	@IgnasiPXB
@Juanmi_News	@IiLliure
@Juanmi_News	@IJiSantaella
@Juanmi_News	@IKarmenkaz
@Juanmi_News	@IkerMaguregi
@Juanmi_News	@IkerQLar
@Juanmi_News	@ilazki_goiko
@Juanmi_News	@ildekas7
@Juanmi_News	@IliberisGra
@Juanmi_News	@imAlex95
@Juanmi_News	@ImanolNietoCasa
@Juanmi_News	@imbarris
@Juanmi_News	@ImDanceComander
@Juanmi_News	@ImmaCC
@Juanmi_News	@ImMayshita
@Juanmi_News	@improbable
@Juanmi_News	@inconformist
@Juanmi_News	@Indaleciotizon
@Juanmi_News	@indignindigente
@Juanmi_News	@inex07
@Juanmi_News	@Ingrithplus
@Juanmi_News	@inigopascual21
@Juanmi_News	@InmaE26
@Juanmi_News	@inpanda_
@Juanmi_News	@InProgressWord
@Juanmi_News	@InsTantra
@Juanmi_News	@intielerning
@Juanmi_News	@Introspecci0n
@Juanmi_News	@iolandabatalle
@Juanmi_News	@iordj
@Juanmi_News	@iraiderb
@Juanmi_News	@iramirez6
@Juanmi_News	@IratiCasaduO3
@Juanmi_News	@irene_lgn
@Juanmi_News	@irenelatopacio
@Juanmi_News	@Irenhitta
@Juanmi_News	@Irialume
@Juanmi_News	@irica13
@Juanmi_News	@Iris_hhri1901
@Juanmi_News	@IrisDM
@Juanmi_News	@irulasso
@Juanmi_News	@isa_roor
@Juanmi_News	@Isa_web_
@Juanmi_News	@isaac_ayuso
@Juanmi_News	@Isaac_mdlf
@Juanmi_News	@IsaacHeavyMetal
@Juanmi_News	@isaacolls
@Juanmi_News	@isaamc25
@Juanmi_News	@isabel20vn
@Juanmi_News	@Isabellaavillaa
@Juanmi_News	@isabelmayoroda
@Juanmi_News	@IsaMBorja
@Juanmi_News	@isartesania13
@Juanmi_News	@isidoro_b
@Juanmi_News	@ISMVALSyR
@Juanmi_News	@itacablog
@Juanmi_News	@Itacant
@Juanmi_News	@itadri
@Juanmi_News	@itsaliciasoler
@Juanmi_News	@itsalvarohdg
@Juanmi_News	@itsbasilisco
@Juanmi_News	@ItsFremy
@Juanmi_News	@itsgottobegf
@Juanmi_News	@itslaurablond
@Juanmi_News	@itsrachelinsane
@Juanmi_News	@ItsSangoKGhost
@Juanmi_News	@itziaratienza
@Juanmi_News	@IvanRSaldias
@Juanmi_News	@ivantenerife
@Juanmi_News	@izarade
@Juanmi_News	@IzasAlberdi
@Juanmi_News	@J_viM_rx
@Juanmi_News	@Jabadalber
@Juanmi_News	@jabelainez
@Juanmi_News	@Jai_Wan
@Juanmi_News	@JaioneMdac
@Juanmi_News	@janagori90
@Juanmi_News	@jano170
@Juanmi_News	@janocana
@Juanmi_News	@japosolo
@Juanmi_News	@Jarimasuoficial
@Juanmi_News	@jarotzena
@Juanmi_News	@jartgomez
@Juanmi_News	@jasmindelune
@Juanmi_News	@jaume_duran
@Juanmi_News	@jaume_sbar
@Juanmi_News	@jaumecabanes
@Juanmi_News	@Jaumeccc
@Juanmi_News	@JaumeGlez
@Juanmi_News	@JaumeSanch
@Juanmi_News	@jaumexeff
@Juanmi_News	@javi_ojanguren
@Juanmi_News	@javier_lossilos
@Juanmi_News	@javiergilperez
@Juanmi_News	@javiglesias55
@Juanmi_News	@JaviPayaso
@Juanmi_News	@javisr14
@Juanmi_News	@Jayc3Carry
@Juanmi_News	@jayneb64
@Juanmi_News	@JAZR86
@Juanmi_News	@JBGBAYONA
@Juanmi_News	@jcalal
@Juanmi_News	@jcastellsgrau
@Juanmi_News	@JCROSupport
@Juanmi_News	@JDescane
@Juanmi_News	@Jeahyungsmole
@Juanmi_News	@Jennn_Melen
@Juanmi_News	@jepse_josep
@Juanmi_News	@JessicaMolina80
@Juanmi_News	@jesus_rued
@Juanmi_News	@Jesus1op3z
@Juanmi_News	@Jesus2015rc
@Juanmi_News	@JesusCata02
@Juanmi_News	@jesusgomez2505
@Juanmi_News	@JesusHermelo
@Juanmi_News	@JGrassot
@Juanmi_News	@JIBCAMERA
@Juanmi_News	@Jikun20
@Juanmi_News	@jimixnie
@Juanmi_News	@jimlorentt
@Juanmi_News	@JimmystaffordDJ
@Juanmi_News	@jinomusicUK
@Juanmi_News	@jjgarar
@Juanmi_News	@JJNLazaro
@Juanmi_News	@jjorgeluengo
@Juanmi_News	@jjrguezv
@Juanmi_News	@JL87MI
@Juanmi_News	@JLazcarat
@Juanmi_News	@JLBS17
@Juanmi_News	@JLevanta_ya
@Juanmi_News	@jlloso
@Juanmi_News	@jlobonande
@Juanmi_News	@jmarchn
@Juanmi_News	@jmocu
@Juanmi_News	@JmspJo
@Juanmi_News	@jmvendrell
@Juanmi_News	@JOAKINRAMIREZ
@Juanmi_News	@joan_coma
@Juanmi_News	@Joan_Gatell
@Juanmi_News	@Joan_Ru_Ca
@Juanmi_News	@joanbanchs
@Juanmi_News	@JoanDeDua
@Juanmi_News	@JoanEixi86
@Juanmi_News	@joaneliesadell
@Juanmi_News	@JoanenF
@Juanmi_News	@joanferrer70
@Juanmi_News	@Joangi2
@Juanmi_News	@joanillomaker
@Juanmi_News	@joanki77
@Juanmi_News	@joanlluisg
@Juanmi_News	@JoanMaria3
@Juanmi_News	@joanmoam
@Juanmi_News	@Joannete5
@Juanmi_News	@joanramax
@Juanmi_News	@Joans871
@Juanmi_News	@JoanValtor
@Juanmi_News	@JoanVizcaya
@Juanmi_News	@Joaquim_canals
@Juanmi_News	@JochiJolti
@Juanmi_News	@JoelGodTeemo
@Juanmi_News	@Jofradolz
@Juanmi_News	@johan95official
@Juanmi_News	@JohnConstantin1
@Juanmi_News	@Johngiral3
@Juanmi_News	@JohnMGrey
@Juanmi_News	@Johnny_Boy_37
@Juanmi_News	@jominame
@Juanmi_News	@jon_yoldi
@Juanmi_News	@jonartano
@Juanmi_News	@Jonathan_HG91
@Juanmi_News	@JonBetaMax
@Juanmi_News	@jongarter
@Juanmi_News	@Joperdel
@Juanmi_News	@Jor_cat77
@Juanmi_News	@jorbabj
@Juanmi_News	@jorbo2
@Juanmi_News	@jordi_asensi
@Juanmi_News	@jordi_comas
@Juanmi_News	@Jordi_DUI
@Juanmi_News	@Jordi_MarBar
@Juanmi_News	@JORDI204
@Juanmi_News	@jordibag
@Juanmi_News	@jordiblond
@Juanmi_News	@jordicomasblog
@Juanmi_News	@jordidc
@Juanmi_News	@JordiEscoda3
@Juanmi_News	@JordiJobatcar
@Juanmi_News	@JordiLleopart
@Juanmi_News	@jordimartinez7
@Juanmi_News	@JordiMoraB
@Juanmi_News	@JordiParrondo
@Juanmi_News	@Jordiribes80
@Juanmi_News	@jordiriera64
@Juanmi_News	@JordiSalaCosp
@Juanmi_News	@JordiSentisM
@Juanmi_News	@JordiSurroca
@Juanmi_News	@Jorditrullas
@Juanmi_News	@jordividalkaya
@Juanmi_News	@Jorge_AV
@Juanmi_News	@jorge_maykel
@Juanmi_News	@jorgino_nino
@Juanmi_News	@Jorgitox_ab
@Juanmi_News	@jose_riveira
@Juanmi_News	@josealcan
@Juanmi_News	@joseasanjurjo
@Juanmi_News	@JosebaAresti
@Juanmi_News	@josebandoni13
@Juanmi_News	@JOSEBAORONOZ
@Juanmi_News	@joseisidroworld
@Juanmi_News	@JoseloCB
@Juanmi_News	@joselofor
@Juanmi_News	@Joselu_ishere
@Juanmi_News	@josemcarrasco94
@Juanmi_News	@Josemoyjim
@Juanmi_News	@JoSenna12
@Juanmi_News	@josepbartroli
@Juanmi_News	@JosepCabayol
@Juanmi_News	@JosepCapdevila9
@Juanmi_News	@JosepCollPla
@Juanmi_News	@JosepCotonat
@Juanmi_News	@joseph22795
@Juanmi_News	@Joseph90G
@Juanmi_News	@josepjasse
@Juanmi_News	@joseplata1958
@Juanmi_News	@JOSEPMARIAPASCU
@Juanmi_News	@josepsancho7
@Juanmi_News	@joseptweet
@Juanmi_News	@josepvent
@Juanmi_News	@JoseRamonNavas
@Juanmi_News	@joseriv13006184
@Juanmi_News	@Josesfr
@Juanmi_News	@JosGranaC9
@Juanmi_News	@joshstillalive
@Juanmi_News	@JosLongo
@Juanmi_News	@JosMan_GoGi
@Juanmi_News	@josmateocc
@Juanmi_News	@Josu_gorria
@Juanmi_News	@josuanbn
@Juanmi_News	@Jota_Still
@Juanmi_News	@jotae1e
@Juanmi_News	@jotagethin
@Juanmi_News	@JotaReturns
@Juanmi_News	@joxemarigalarra
@Juanmi_News	@jquilezm
@Juanmi_News	@jsala_8
@Juanmi_News	@jsugrane
@Juanmi_News	@jtravesset
@Juanmi_News	@Juaanjo___32
@Juanmi_News	@Juan_Ibasque
@Juanmi_News	@JuanaVaras
@Juanmi_News	@juanbautistami1
@Juanmi_News	@JuanChavesMLG
@Juanmi_News	@JuanJassotitt
@Juanmi_News	@juanjisofc
@Juanmi_News	@juanjogl
@Juanmi_News	@JuanJos69214821
@Juanmi_News	@JUANLUISCHAVESG
@Juanmi_News	@JuanManuel1971
@Juanmi_News	@JuanManuelUllo3
@Juanmi_News	@juanmiroal7
@Juanmi_News	@JuanMPagani
@Juanmi_News	@JuanNegrin2
@Juanmi_News	@JuanQuinovi
@Juanmi_News	@juansd1905
@Juanmi_News	@juansp18
@Juanmi_News	@juanza74
@Juanmi_News	@judhec65
@Juanmi_News	@judit_mustang
@Juanmi_News	@juditavm
@Juanmi_News	@JudithFede
@Juanmi_News	@JuditHuerta
@Juanmi_News	@JuditMayor
@Juanmi_News	@JuditOrce
@Juanmi_News	@judybananna
@Juanmi_News	@juliacl60
@Juanmi_News	@JuliaMarba
@Juanmi_News	@JuliamarbB
@Juanmi_News	@juliamtosas
@Juanmi_News	@JulianoMejia
@Juanmi_News	@JuliaRoig7
@Juanmi_News	@Julie_B92
@Juanmi_News	@julioili
@Juanmi_News	@Julssss5
@Juanmi_News	@Junot1807
@Juanmi_News	@JupiterThor
@Juanmi_News	@juuuuannjo
@Juanmi_News	@jvarebar
@Juanmi_News	@jvierpascual
@Juanmi_News	@jvnyls
@Juanmi_News	@jvrgarrido
@Juanmi_News	@jxf01
@Juanmi_News	@k1r4_
@Juanmi_News	@kabromcete
@Juanmi_News	@Kael_de_Albur
@Juanmi_News	@kafres80
@Juanmi_News	@kake_25
@Juanmi_News	@Kalathos79
@Juanmi_News	@kaliagus1
@Juanmi_News	@kalix50
@Juanmi_News	@kalvinErmua
@Juanmi_News	@kambbro
@Juanmi_News	@kaminoworld
@Juanmi_News	@Kampru75
@Juanmi_News	@KannaEndo
@Juanmi_News	@KarenMenez
@Juanmi_News	@karmel_om
@Juanmi_News	@kathsmoon_
@Juanmi_News	@katyasim2007
@Juanmi_News	@KatygooghKaty
@Juanmi_News	@kekorebeko
@Juanmi_News	@kel100a
@Juanmi_News	@KelArumi
@Juanmi_News	@Kenesha_77
@Juanmi_News	@kevinverced
@Juanmi_News	@KhaIisi
@Juanmi_News	@KhRySTyaNN1997
@Juanmi_News	@kikupipo
@Juanmi_News	@kill0urvibes
@Juanmi_News	@kimorisia
@Juanmi_News	@Kindd_
@Juanmi_News	@kique_ramos
@Juanmi_News	@KlavdiaPerez
@Juanmi_News	@knoopx
@Juanmi_News	@Koldo_rad01
@Juanmi_News	@konkerors87
@Juanmi_News	@konnecta
@Juanmi_News	@koyserx
@Juanmi_News	@kpoper79586
@Juanmi_News	@kra_mark
@Juanmi_News	@krisoany
@Juanmi_News	@Kristiangues
@Juanmi_News	@ks7000
@Juanmi_News	@Kuma_ochi
@Juanmi_News	@Kuro_tamashii
@Juanmi_News	@kvnlrt
@Juanmi_News	@l_lusaa
@Juanmi_News	@L0B00807
@Juanmi_News	@La__Vida__
@Juanmi_News	@la_car
@Juanmi_News	@la_imperfeccion
@Juanmi_News	@La_senyureta
@Juanmi_News	@LA24_JWalker
@Juanmi_News	@laaumaartinez
@Juanmi_News	@LacalSara
@Juanmi_News	@ladeniense5
@Juanmi_News	@Laenca00
@Juanmi_News	@lafiadeHerminia
@Juanmi_News	@Lagartijo256
@Juanmi_News	@lago_m
@Juanmi_News	@LAHERREPR
@Juanmi_News	@Laia_Alfranca
@Juanmi_News	@laia_luque
@Juanmi_News	@laia1
@Juanmi_News	@LaiaCaTo
@Juanmi_News	@laialuz
@Juanmi_News	@laias_lay
@Juanmi_News	@laincoubert16
@Juanmi_News	@LaiRoom
@Juanmi_News	@lala_kroft
@Juanmi_News	@lalaiasala
@Juanmi_News	@LaloUrbanoM
@Juanmi_News	@LAlvarezPousa1
@Juanmi_News	@lamaynade
@Juanmi_News	@lantoniola
@Juanmi_News	@larrabaserria
@Juanmi_News	@LastFruhling
@Juanmi_News	@lastpotion
@Juanmi_News	@LaTataChina
@Juanmi_News	@laura_a22
@Juanmi_News	@lauradiazpasc
@Juanmi_News	@lauraescofet
@Juanmi_News	@LauraFerreiro13
@Juanmi_News	@LauraFlamarich
@Juanmi_News	@laurafructuoso
@Juanmi_News	@LauraM_1993
@Juanmi_News	@lauraprats33
@Juanmi_News	@LauV28
@Juanmi_News	@LaviSiset
@Juanmi_News	@lavulvadebulma
@Juanmi_News	@LCookieGirl
@Juanmi_News	@ld_antoni
@Juanmi_News	@leecongwyneira
@Juanmi_News	@Leganav
@Juanmi_News	@leiree_torres
@Juanmi_News	@LejiaMedicinal
@Juanmi_News	@leligamu
@Juanmi_News	@lenagali
@Juanmi_News	@lendema
@Juanmi_News	@lengualagarta_
@Juanmi_News	@lentejaswenas
@Juanmi_News	@leo_tardos
@Juanmi_News	@LevendGrecia
@Juanmi_News	@levilenef
@Juanmi_News	@LezamaJL
@Juanmi_News	@lharpmen
@Juanmi_News	@LianaEHE
@Juanmi_News	@Libertaria1978
@Juanmi_News	@lidiabusom
@Juanmi_News	@LidiaCasanova
@Juanmi_News	@LidiaChafer
@Juanmi_News	@Lidylastrus
@Juanmi_News	@lifantes
@Juanmi_News	@Likantropunkxxx
@Juanmi_News	@likecoldcoffee_
@Juanmi_News	@LilaMateu
@Juanmi_News	@LiliaMisnovelas
@Juanmi_News	@LilianaSnchez9
@Juanmi_News	@LinkezBCN
@Juanmi_News	@lionelpla
@Juanmi_News	@lisaaspain
@Juanmi_News	@LittleDesastre
@Juanmi_News	@Littlesadic
@Juanmi_News	@LittleZombieWut
@Juanmi_News	@littlxpigx
@Juanmi_News	@Liz_Durkheim
@Juanmi_News	@LizbethBCN
@Juanmi_News	@Llamameancar
@Juanmi_News	@LlanitoPol
@Juanmi_News	@Lleda_
@Juanmi_News	@lledocz_22
@Juanmi_News	@llopis_cat
@Juanmi_News	@LloraLloron
@Juanmi_News	@llorenc1899
@Juanmi_News	@lloromantena
@Juanmi_News	@lluis_canyellas
@Juanmi_News	@lluisem56
@Juanmi_News	@Lluism69TRAM63
@Juanmi_News	@lluissaa
@Juanmi_News	@LluisVV
@Juanmi_News	@lluviatrisan
@Juanmi_News	@lo1160
@Juanmi_News	@loca_mono
@Juanmi_News	@Locogin
@Juanmi_News	@locuspolitikus
@Juanmi_News	@LogikReloaded
@Juanmi_News	@LoiCat
@Juanmi_News	@lolaternero
@Juanmi_News	@lolillobcn
@Juanmi_News	@loloolol_
@Juanmi_News	@lonelywolf_xvx
@Juanmi_News	@lopezgorka08
@Juanmi_News	@LordLefthouse
@Juanmi_News	@LorenaJMPH
@Juanmi_News	@lorenzoenred
@Juanmi_News	@losdev_
@Juanmi_News	@losttmichael
@Juanmi_News	@Lowylogo
@Juanmi_News	@lpascual60
@Juanmi_News	@LrbRivas
@Juanmi_News	@lucavernetti
@Juanmi_News	@lucholunni
@Juanmi_News	@Lucia27011976
@Juanmi_News	@LuciaGO_12
@Juanmi_News	@luciamenen24
@Juanmi_News	@luciger777
@Juanmi_News	@luigiaguilar
@Juanmi_News	@luis_vacares
@Juanmi_News	@luisenriq54
@Juanmi_News	@luisesmotriles
@Juanmi_News	@luisguchavz
@Juanmi_News	@LUISMiLeMoNPaRk
@Juanmi_News	@luismng81
@Juanmi_News	@LukaLeeMarshall
@Juanmi_News	@LUKNATOR9
@Juanmi_News	@lunadelsur2012
@Juanmi_News	@lunnera
@Juanmi_News	@LurdesAlonso3
@Juanmi_News	@luukehxran
@Juanmi_News	@lvs0394
@Juanmi_News	@LydiaBlink
@Juanmi_News	@m_doncel
@Juanmi_News	@m_r_cesar
@Juanmi_News	@Maaar96
@Juanmi_News	@maacis_
@Juanmi_News	@maarcforness
@Juanmi_News	@maarriiaa98
@Juanmi_News	@MacarenaRoxane
@Juanmi_News	@Machadoglez
@Juanmi_News	@macruces
@Juanmi_News	@maesys
@Juanmi_News	@mageba04
@Juanmi_News	@Maiavaluk1
@Juanmi_News	@maismadera
@Juanmi_News	@maite1109
@Juanmi_News	@MaiteMMartin
@Juanmi_News	@Maitik_
@Juanmi_News	@Makafly87
@Juanmi_News	@makilipurdi
@Juanmi_News	@makogisASS
@Juanmi_News	@malalados2
@Juanmi_News	@malasombra999
@Juanmi_News	@malpibadajoz
@Juanmi_News	@maluendarnau_5
@Juanmi_News	@malvocamell
@Juanmi_News	@mamenmamenmamen
@Juanmi_News	@manel1978
@Juanmi_News	@ManelCobas
@Juanmi_News	@manelmasso
@Juanmi_News	@ManelVilaseca
@Juanmi_News	@mangelsgarcia
@Juanmi_News	@manolo_coco
@Juanmi_News	@manolodenuevo
@Juanmi_News	@ManuelMesaCCF
@Juanmi_News	@ManuelTurmo
@Juanmi_News	@manuelv07260662
@Juanmi_News	@ManueMarin
@Juanmi_News	@ManuMaxBlack
@Juanmi_News	@ManuMediina
@Juanmi_News	@mapaparicio
@Juanmi_News	@Mar_s98
@Juanmi_News	@marariso
@Juanmi_News	@marbronthe
@Juanmi_News	@marc_purroy
@Juanmi_News	@Marc0liva
@Juanmi_News	@marc13fornells
@Juanmi_News	@marcelfg82
@Juanmi_News	@Marcello_1979
@Juanmi_News	@MarcEstupet
@Juanmi_News	@MarcFerrandiz
@Juanmi_News	@marcgarcia2_
@Juanmi_News	@marcMRM
@Juanmi_News	@marcosalfaro069
@Juanmi_News	@MarcosHCrespo
@Juanmi_News	@MarcosNesta13
@Juanmi_News	@MarcosPeAl5
@Juanmi_News	@marcpareta
@Juanmi_News	@Marcramirez2308
@Juanmi_News	@MarcSBaeza
@Juanmi_News	@marcsevi26
@Juanmi_News	@marcsolerri
@Juanmi_News	@marff48
@Juanmi_News	@mari4luz
@Juanmi_News	@maria_doMar
@Juanmi_News	@maria_rzs
@Juanmi_News	@Maria1899FCB
@Juanmi_News	@mariaeg242
@Juanmi_News	@mariajo17531226
@Juanmi_News	@Mariana07359093
@Juanmi_News	@Mariaperezpere
@Juanmi_News	@MariaPopi6
@Juanmi_News	@MariaRabella1
@Juanmi_News	@MariaReferendum
@Juanmi_News	@mariasolbs
@Juanmi_News	@mariavera_24468
@Juanmi_News	@maribelfika
@Juanmi_News	@MarietaPusa
@Juanmi_News	@MariluRojas1
@Juanmi_News	@MariMoliner
@Juanmi_News	@marina_olmo
@Juanmi_News	@marina17dm
@Juanmi_News	@MarinaBerni
@Juanmi_News	@marinasaeze
@Juanmi_News	@Marinasoto94
@Juanmi_News	@marinavifo
@Juanmi_News	@marionaa_10
@Juanmi_News	@maripilito
@Juanmi_News	@maristaballesta
@Juanmi_News	@maritrini_ant
@Juanmi_News	@MariusVendrell
@Juanmi_News	@Marjo_Garel
@Juanmi_News	@Markelh97
@Juanmi_News	@markitus21
@Juanmi_News	@Markram333
@Juanmi_News	@marlon6wp
@Juanmi_News	@MarlouMontse
@Juanmi_News	@maroga226
@Juanmi_News	@MarouaneJoundi
@Juanmi_News	@marreigon
@Juanmi_News	@MarSolvi23
@Juanmi_News	@MarSubirachs
@Juanmi_News	@marta__vi
@Juanmi_News	@Marta_59
@Juanmi_News	@martaduesa
@Juanmi_News	@martafauss
@Juanmi_News	@MartaKuhn5
@Juanmi_News	@MartaMontell
@Juanmi_News	@martars21
@Juanmi_News	@martillu
@Juanmi_News	@MartinMurphy45
@Juanmi_News	@MartnSmn
@Juanmi_News	@martojavier
@Juanmi_News	@martonavalls
@Juanmi_News	@maryftvibezzz
@Juanmi_News	@maryhuete_
@Juanmi_News	@masdelsclavers
@Juanmi_News	@MasoQueralt
@Juanmi_News	@MasotRosa
@Juanmi_News	@MassaToms
@Juanmi_News	@Masterplaster92
@Juanmi_News	@mateotm9598
@Juanmi_News	@MatiasNespolo
@Juanmi_News	@matm85
@Juanmi_News	@Matruco742
@Juanmi_News	@matziarakis376
@Juanmi_News	@maxijoan
@Juanmi_News	@maximo_pain
@Juanmi_News	@maximors63
@Juanmi_News	@maylenawolf
@Juanmi_News	@mbilbeny
@Juanmi_News	@mcanosan
@Juanmi_News	@mccorominas
@Juanmi_News	@mcury_hp
@Juanmi_News	@MedinaTF
@Juanmi_News	@melanintaekook
@Juanmi_News	@menescarles
@Juanmi_News	@Mer_mel_ada
@Juanmi_News	@mercebolloq
@Juanmi_News	@MERCEDES1860
@Juanmi_News	@merche_mantaras
@Juanmi_News	@merkvrio
@Juanmi_News	@merrrrve27
@Juanmi_News	@meryfr57
@Juanmi_News	@mesliber
@Juanmi_News	@mgoibil
@Juanmi_News	@MICE_FACTORY
@Juanmi_News	@MichaelJottta
@Juanmi_News	@Micoazul97
@Juanmi_News	@micodelbarret
@Juanmi_News	@MiguelA74651620
@Juanmi_News	@MiguelArgonauta
@Juanmi_News	@MiguelEL
@Juanmi_News	@MiguelPrad0
@Juanmi_News	@Miguelucm19
@Juanmi_News	@miguelvs98
@Juanmi_News	@miilluud
@Juanmi_News	@mikelangelruano
@Juanmi_News	@mikeliturria
@Juanmi_News	@mikeloraa
@Juanmi_News	@miloren
@Juanmi_News	@Milosia1
@Juanmi_News	@mimiorme
@Juanmi_News	@mina_supertramp
@Juanmi_News	@minishiqui
@Juanmi_News	@miquel_tb
@Juanmi_News	@MiquelAniol
@Juanmi_News	@miquelcasajuana
@Juanmi_News	@mirchens
@Juanmi_News	@mireia_vinals
@Juanmi_News	@mireiacarbu
@Juanmi_News	@mirexblondy
@Juanmi_News	@miriam__sh
@Juanmi_News	@MiriamArmy11
@Juanmi_News	@miriamrruano
@Juanmi_News	@Mirigallrdo
@Juanmi_News	@miriiaam18
@Juanmi_News	@mishinavalls
@Juanmi_News	@mitcoes
@Juanmi_News	@mixa31
@Juanmi_News	@mjosebizarro
@Juanmi_News	@mmoli588
@Juanmi_News	@MMxraa
@Juanmi_News	@MntBlue
@Juanmi_News	@moarurun
@Juanmi_News	@mochiugotnojams
@Juanmi_News	@ModestSamTCG
@Juanmi_News	@mohamednerwegy
@Juanmi_News	@MOjaxKs
@Juanmi_News	@Momee1312
@Juanmi_News	@MonBetzol
@Juanmi_News	@Moncivit
@Juanmi_News	@Monica16161
@Juanmi_News	@monicadeforn
@Juanmi_News	@MonicaICalzada
@Juanmi_News	@MonicaNovo96
@Juanmi_News	@MonicaOkant
@Juanmi_News	@monique3cd
@Juanmi_News	@Monisas3
@Juanmi_News	@MonoSabihondo
@Juanmi_News	@montagut1972
@Juanmi_News	@monteriosmar
@Juanmi_News	@MonteroGlez
@Juanmi_News	@montseandreu
@Juanmi_News	@montsecm
@Juanmi_News	@MontseEstruch
@Juanmi_News	@MontseRonchera
@Juanmi_News	@montverd82
@Juanmi_News	@moozh_0610
@Juanmi_News	@morato74
@Juanmi_News	@mosky80
@Juanmi_News	@Mowgli2011
@Juanmi_News	@mpfernando
@Juanmi_News	@mpstrassb
@Juanmi_News	@MRabogadomusico
@Juanmi_News	@MrAdrianki
@Juanmi_News	@MrHublot53
@Juanmi_News	@mrluigi001
@Juanmi_News	@mrnoliva
@Juanmi_News	@mrodgarw
@Juanmi_News	@mrosalesalvarez
@Juanmi_News	@mruiz58
@Juanmi_News	@MrYoley
@Juanmi_News	@Ms_Golightly
@Juanmi_News	@msarrioj
@Juanmi_News	@mslkevans
@Juanmi_News	@msriart
@Juanmi_News	@MTeresaGarciaM1
@Juanmi_News	@mtsarda
@Juanmi_News	@Muffume
@Juanmi_News	@muinuzuri
@Juanmi_News	@mulerju
@Juanmi_News	@MUrgels
@Juanmi_News	@muxaineta
@Juanmi_News	@MyguelonHipnoxx
@Juanmi_News	@MyidiotDonald41
@Juanmi_News	@NagoreGomez
@Juanmi_News	@NahiaMf
@Juanmi_News	@Nakerin1
@Juanmi_News	@Naldorinho10
@Juanmi_News	@NamasteGina
@Juanmi_News	@Namkuss
@Juanmi_News	@nanamontanes
@Juanmi_News	@Nanbuso
@Juanmi_News	@nandorejas
@Juanmi_News	@Nane_nanemusic
@Juanmi_News	@nataliamm68
@Juanmi_News	@Natdici
@Juanmi_News	@nathchouchou
@Juanmi_News	@naturadecapsdde
@Juanmi_News	@Naturalis_
@Juanmi_News	@naty_neo
@Juanmi_News	@naucitoh
@Juanmi_News	@navarro_roller
@Juanmi_News	@NBEEZY27
@Juanmi_News	@neganlucille8
@Juanmi_News	@negraflxr
@Juanmi_News	@Nel2405
@Juanmi_News	@nelsonrafael07
@Juanmi_News	@Neoficial01
@Juanmi_News	@NepmuL
@Juanmi_News	@nere__mr
@Juanmi_News	@NeroSiempre
@Juanmi_News	@NeuronWTG
@Juanmi_News	@NeusNogue
@Juanmi_News	@Nevereverkano
@Juanmi_News	@Nextor
@Juanmi_News	@NeyerLand
@Juanmi_News	@niazmes
@Juanmi_News	@nico711star
@Juanmi_News	@NicoWnW
@Juanmi_News	@NievesGar6
@Juanmi_News	@NikoLeize
@Juanmi_News	@NilRomagosa
@Juanmi_News	@NINEX70
@Juanmi_News	@nitahstyle
@Juanmi_News	@niubo_obiol
@Juanmi_News	@NiuxJc
@Juanmi_News	@nnaiazpiazu
@Juanmi_News	@NoalaMatSelva
@Juanmi_News	@Noe1398
@Juanmi_News	@Noemigalera
@Juanmi_News	@NonaBriBli
@Juanmi_News	@Norib
@Juanmi_News	@norlisss
@Juanmi_News	@NormaNormucha
@Juanmi_News	@nostalgiabcn
@Juanmi_News	@novakdovak
@Juanmi_News	@NowImTitled
@Juanmi_News	@ntmcmf
@Juanmi_News	@ntravesa
@Juanmi_News	@Nuchiky
@Juanmi_News	@nuclaret
@Juanmi_News	@NuevoINE
@Juanmi_News	@nuki_0204
@Juanmi_News	@NunuTF
@Juanmi_News	@Nuri_Lebasi
@Juanmi_News	@nuria_escofet
@Juanmi_News	@Nuriadmoneo
@Juanmi_News	@nuriaesteban5
@Juanmi_News	@nuriajoana
@Juanmi_News	@nuriapm20
@Juanmi_News	@nuriareyne
@Juanmi_News	@NURIAROSALSMART
@Juanmi_News	@Nuriaruga
@Juanmi_News	@nuriasaja
@Juanmi_News	@NuVi65
@Juanmi_News	@NyMarky
@Juanmi_News	@ocasano2
@Juanmi_News	@ogloveisklnd
@Juanmi_News	@ohsosclifford
@Juanmi_News	@OkamiMarc15
@Juanmi_News	@olabodia
@Juanmi_News	@OlaguivelF
@Juanmi_News	@Olga_at10
@Juanmi_News	@Olga_Hurtado66
@Juanmi_News	@olgasanchezabad
@Juanmi_News	@oliram670
@Juanmi_News	@olivia_sanchezp
@Juanmi_News	@olopopo
@Juanmi_News	@olordelluvia
@Juanmi_News	@omfarquitectura
@Juanmi_News	@Ona_Lur
@Juanmi_News	@onekorama
@Juanmi_News	@oNisK1977
@Juanmi_News	@OnlyDreamAgain
@Juanmi_News	@OnnoSeroo
@Juanmi_News	@onzedefebrer
@Juanmi_News	@oohquedices
@Juanmi_News	@oOOo_Rami_oOOo
@Juanmi_News	@oproberts3
@Juanmi_News	@Oriol_Franch
@Juanmi_News	@oriolmades
@Juanmi_News	@OriolTorte
@Juanmi_News	@OrlandobenJos1
@Juanmi_News	@Orlik_Cat
@Juanmi_News	@OsAmaBillLarren
@Juanmi_News	@oscar_bartoli
@Juanmi_News	@oscarsemtts
@Juanmi_News	@oseselio
@Juanmi_News	@OttoGordon1807
@Juanmi_News	@Overdrums
@Juanmi_News	@pa_tris
@Juanmi_News	@paaulaponce
@Juanmi_News	@pablitokresh
@Juanmi_News	@Pablo_GB14
@Juanmi_News	@Pablo27pol
@Juanmi_News	@PabloGenis
@Juanmi_News	@pablojl1561
@Juanmi_News	@pablojuberias
@Juanmi_News	@pablolugopy
@Juanmi_News	@pablovegan98
@Juanmi_News	@PacLalin
@Juanmi_News	@paco_soto4
@Juanmi_News	@PacoMendoza20
@Juanmi_News	@PacoMor12554044
@Juanmi_News	@PadreEmerito
@Juanmi_News	@Paesedellanima
@Juanmi_News	@PalauFoc
@Juanmi_News	@pancetista
@Juanmi_News	@PanchoFranch1
@Juanmi_News	@PanizaRigo
@Juanmi_News	@panoramiques
@Juanmi_News	@pantone172c
@Juanmi_News	@paolacgbcn
@Juanmi_News	@paquiwar
@Juanmi_News	@paranxeta
@Juanmi_News	@paseamundos
@Juanmi_News	@patat3jant
@Juanmi_News	@patrickrfischer
@Juanmi_News	@Patristoteles
@Juanmi_News	@patriva84
@Juanmi_News	@patxialmandoz
@Juanmi_News	@PauCendon
@Juanmi_News	@pauelefants
@Juanmi_News	@Paula_Mrtn
@Juanmi_News	@Paula83706774
@Juanmi_News	@paulabuxi
@Juanmi_News	@Paulaesei
@Juanmi_News	@PaulaPadulles
@Juanmi_News	@PaulinaVitti
@Juanmi_News	@paumatamala
@Juanmi_News	@paumental
@Juanmi_News	@pause76
@Juanmi_News	@paz0671
@Juanmi_News	@pazisgo
@Juanmi_News	@PbCarles
@Juanmi_News	@Pedrito93PJ
@Juanmi_News	@PedroSaputo
@Juanmi_News	@Pelayo1926
@Juanmi_News	@Pelegrin14
@Juanmi_News	@pentamorfico
@Juanmi_News	@Pepemonjeok
@Juanmi_News	@PepeRodes
@Juanmi_News	@pepfarras
@Juanmi_News	@pere8fabregat
@Juanmi_News	@PerezBeatrix
@Juanmi_News	@perezmuriana1
@Juanmi_News	@PerillaCaldes
@Juanmi_News	@Perlapau
@Juanmi_News	@petitamus
@Juanmi_News	@Pheenoz
@Juanmi_News	@picotgarser81
@Juanmi_News	@Pilar_CortesCap
@Juanmi_News	@pilar_in_
@Juanmi_News	@pilarpuertos
@Juanmi_News	@PileteJosefine
@Juanmi_News	@pilukon
@Juanmi_News	@PineiroArri
@Juanmi_News	@PinkEskeletor
@Juanmi_News	@PinyolElisenda
@Juanmi_News	@Piquenbauer00
@Juanmi_News	@PirataMaria
@Juanmi_News	@PiRepi3
@Juanmi_News	@piros2j
@Juanmi_News	@PitiParketo
@Juanmi_News	@PixoteSuperstar
@Juanmi_News	@pjrb68
@Juanmi_News	@PlateadaBCN
@Juanmi_News	@pld_insoumise
@Juanmi_News	@pleasefeelfree
@Juanmi_News	@Pnavarron1
@Juanmi_News	@Pocholo82Ni
@Juanmi_News	@Podem_SVH
@Juanmi_News	@PodemosAhora
@Juanmi_News	@pokatok64
@Juanmi_News	@Pokeguarro
@Juanmi_News	@PolDeBuitleir
@Juanmi_News	@PolDomenech6
@Juanmi_News	@poli2672
@Juanmi_News	@poloniotroski
@Juanmi_News	@polsari0
@Juanmi_News	@polymathpuppet
@Juanmi_News	@poncebellaterra
@Juanmi_News	@popeyina
@Juanmi_News	@popicronos
@Juanmi_News	@porabajo
@Juanmi_News	@PortixXXX
@Juanmi_News	@ppalmada
@Juanmi_News	@PradaJosep
@Juanmi_News	@PrezAriadna
@Juanmi_News	@prime_88
@Juanmi_News	@princessadoram
@Juanmi_News	@PRODEINORG
@Juanmi_News	@proig8696
@Juanmi_News	@PROLETRIADO09
@Juanmi_News	@publicaysocial
@Juanmi_News	@puertatanhause
@Juanmi_News	@PuigFolcra
@Juanmi_News	@pujantell
@Juanmi_News	@PujolVegui
@Juanmi_News	@PXacon
@Juanmi_News	@qpascualsola
@Juanmi_News	@QSTOYQUEMAO
@Juanmi_News	@QuimSalas5
@Juanmi_News	@r_wicca
@Juanmi_News	@racso1106
@Juanmi_News	@raetor
@Juanmi_News	@Rafa_rap23
@Juanmi_News	@rafa_rullan
@Juanmi_News	@RafaCobain8
@Juanmi_News	@rafaelmon55
@Juanmi_News	@Rafapica70
@Juanmi_News	@Rafelmontaner
@Juanmi_News	@rafikaakil
@Juanmi_News	@Rahlthor
@Juanmi_News	@raimaniak13
@Juanmi_News	@raimonbou
@Juanmi_News	@RaimonLerin
@Juanmi_News	@RaimonRossello
@Juanmi_News	@rainboeah
@Juanmi_News	@rakisupertramp
@Juanmi_News	@ramalok
@Juanmi_News	@RamnGomera
@Juanmi_News	@Ramonpoch
@Juanmi_News	@ramonsellares
@Juanmi_News	@ramonsrovira
@Juanmi_News	@RandomUserN38
@Juanmi_News	@raqueruu
@Juanmi_News	@RaSantaLo
@Juanmi_News	@Raul_Rullan
@Juanmi_News	@RaulFont
@Juanmi_News	@RaulNTP
@Juanmi_News	@rawanshik
@Juanmi_News	@raycosanfielgra
@Juanmi_News	@rbatriu
@Juanmi_News	@RbnMojo
@Juanmi_News	@rcacataldo
@Juanmi_News	@RealErikLeBoy
@Juanmi_News	@RebecaBD52
@Juanmi_News	@Rebejdr
@Juanmi_News	@RebeketaPelFred
@Juanmi_News	@recklesshxrry
@Juanmi_News	@recunet
@Juanmi_News	@Red__Accion
@Juanmi_News	@regi_24
@Juanmi_News	@regis_andrea
@Juanmi_News	@RegueraSenior
@Juanmi_News	@Remolinotopoli1
@Juanmi_News	@ren_tobar
@Juanmi_News	@Republicano_SyR
@Juanmi_News	@republykno
@Juanmi_News	@Reyes5551
@Juanmi_News	@Reyjorge1231
@Juanmi_News	@rfabregues
@Juanmi_News	@rgalbareda
@Juanmi_News	@rhaukgen
@Juanmi_News	@RibasEspinalt
@Juanmi_News	@ricardhg
@Juanmi_News	@ricardhsm
@Juanmi_News	@RICARDPF
@Juanmi_News	@ricardsole63
@Juanmi_News	@ricsatue
@Juanmi_News	@RiderOfDaStorm
@Juanmi_News	@rikardnou
@Juanmi_News	@rilochmielorz
@Juanmi_News	@rioscristineta
@Juanmi_News	@riqui_gi76
@Juanmi_News	@rive_z
@Juanmi_News	@rkastrejon
@Juanmi_News	@Ro_Potter26
@Juanmi_News	@RobEnLaRed
@Juanmi_News	@roberportas
@Juanmi_News	@Robert7Cabrera
@Juanmi_News	@Robertagbetty
@Juanmi_News	@Robertmayoral31
@Juanmi_News	@RobertMCamacho
@Juanmi_News	@RobertoM313
@Juanmi_News	@RobeValds
@Juanmi_News	@rocio_1357
@Juanmi_News	@rociosaezg
@Juanmi_News	@RocoBejinez
@Juanmi_News	@rodmontbcn
@Juanmi_News	@RodriguezDani9
@Juanmi_News	@rodrisbd
@Juanmi_News	@roger_escarre
@Juanmi_News	@roger_vilanova
@Juanmi_News	@RogerBlumberg
@Juanmi_News	@RogerPasky78
@Juanmi_News	@RogerTorello
@Juanmi_News	@ROGRCA
@Juanmi_News	@Rojapeligrosa
@Juanmi_News	@rom_pineda
@Juanmi_News	@RomanSantoyo
@Juanmi_News	@romerix46
@Juanmi_News	@RonronPepi
@Juanmi_News	@Roquebcn
@Juanmi_News	@Rosablanca1965
@Juanmi_News	@RosaIsa38309247
@Juanmi_News	@RosaKempin
@Juanmi_News	@rosamarisanz
@Juanmi_News	@rosannariu
@Juanmi_News	@roser1pujol
@Juanmi_News	@roserllunell
@Juanmi_News	@rosertornes
@Juanmi_News	@Rotciv_Pokemon
@Juanmi_News	@RoZaluski
@Juanmi_News	@rpf2002
@Juanmi_News	@Rroyosa65
@Juanmi_News	@rs_snchez
@Juanmi_News	@rsumen
@Juanmi_News	@rtomasp
@Juanmi_News	@ruastur
@Juanmi_News	@rub3n_lh
@Juanmi_News	@ruben_humanes
@Juanmi_News	@rubenpatspv
@Juanmi_News	@Rubenpulido97
@Juanmi_News	@rubenvira_
@Juanmi_News	@rubenvv7
@Juanmi_News	@RubiJosu
@Juanmi_News	@RuchieFlautins
@Juanmi_News	@rufianismo
@Juanmi_News	@Rufineggins
@Juanmi_News	@ruissos
@Juanmi_News	@rumoroleg
@Juanmi_News	@rundinaka
@Juanmi_News	@rurrurguez
@Juanmi_News	@RuuthFdez
@Juanmi_News	@S1ck___boy
@Juanmi_News	@Sabrina_1980
@Juanmi_News	@SacduMerde
@Juanmi_News	@sack_am
@Juanmi_News	@sadegh_sham
@Juanmi_News	@sagasaez
@Juanmi_News	@SaioaSanzol
@Juanmi_News	@sallonueve
@Juanmi_News	@SalomeTaller
@Juanmi_News	@SalvadorBenages
@Juanmi_News	@salvijolis
@Juanmi_News	@sandrahmm
@Juanmi_News	@sandritta_bcn
@Juanmi_News	@sandrixkaps
@Juanmi_News	@sandro_pereyra
@Juanmi_News	@SantacruzXavi
@Juanmi_News	@SantiGoogle
@Juanmi_News	@santimallo
@Juanmi_News	@SantiRsMz
@Juanmi_News	@SantosdVeracruz
@Juanmi_News	@SantPatras
@Juanmi_News	@Sara_Pascual_C
@Juanmi_News	@Sara150597
@Juanmi_News	@saraa1089
@Juanmi_News	@Sarabia_Saudi
@Juanmi_News	@saraescartin00
@Juanmi_News	@SarahTapia72
@Juanmi_News	@SARAInurse
@Juanmi_News	@sarajuradoca
@Juanmi_News	@SaraLojo29
@Juanmi_News	@saraluna132
@Juanmi_News	@SaritaCaulin
@Juanmi_News	@sarxgmlr
@Juanmi_News	@satam_2011
@Juanmi_News	@SebesPresi
@Juanmi_News	@sekhmetmj
@Juanmi_News	@Semper_Viridis
@Juanmi_News	@Sen_Xeito
@Juanmi_News	@SenhorRojo_
@Juanmi_News	@senor__asnarf
@Juanmi_News	@sensi64
@Juanmi_News	@Sentid2016Comun
@Juanmi_News	@sepus1972
@Juanmi_News	@SergeyPoddubniy
@Juanmi_News	@Sergi_40
@Juanmi_News	@sergiavatar
@Juanmi_News	@SergiBocairent
@Juanmi_News	@Sergiiwp_11
@Juanmi_News	@SergiMasSabates
@Juanmi_News	@serginock
@Juanmi_News	@Sergio_1TQD
@Juanmi_News	@sergiogc86
@Juanmi_News	@SergioScarecrow
@Juanmi_News	@sergiosevillat
@Juanmi_News	@Sergiotas73
@Juanmi_News	@Sergipasq
@Juanmi_News	@Sergivs5
@Juanmi_News	@SergPlaton
@Juanmi_News	@SerMG97
@Juanmi_News	@SerMilCer
@Juanmi_News	@sershjavo
@Juanmi_News	@Sevilla_nah
@Juanmi_News	@sexjjong
@Juanmi_News	@seyawa2
@Juanmi_News	@Shadowar_05
@Juanmi_News	@ShallaVanessa
@Juanmi_News	@SharmiilaxD
@Juanmi_News	@shawjustin77
@Juanmi_News	@sheilasprinter
@Juanmi_News	@Shout4Carlos
@Juanmi_News	@SiBaiYes
@Juanmi_News	@sight_pro
@Juanmi_News	@Siilviii_
@Juanmi_News	@Siket367
@Juanmi_News	@sikokosmik
@Juanmi_News	@siliker
@Juanmi_News	@silmarijul
@Juanmi_News	@silriosan
@Juanmi_News	@silviabernado_
@Juanmi_News	@SilviaCipres
@Juanmi_News	@SilviaJunca
@Juanmi_News	@sincomentarior
@Juanmi_News	@Sinead_Canning
@Juanmi_News	@sinpajolera
@Juanmi_News	@sinrendicion65
@Juanmi_News	@SiQuizas
@Juanmi_News	@SiraBarRea
@Juanmi_News	@SirMaiz
@Juanmi_News	@Sis0kala
@Juanmi_News	@SixtoCasado
@Juanmi_News	@skavolat
@Juanmi_News	@SkilFull
@Juanmi_News	@SKReMuN
@Juanmi_News	@Skulld88
@Juanmi_News	@sleeponrooftops
@Juanmi_News	@SLl15371318
@Juanmi_News	@Slogicz
@Juanmi_News	@smitharriana
@Juanmi_News	@smousk
@Juanmi_News	@smpaticaselect
@Juanmi_News	@snocly
@Juanmi_News	@socpepredo
@Juanmi_News	@sofisoaks
@Juanmi_News	@Sokramarkos_
@Juanmi_News	@SolaMerce
@Juanmi_News	@Solecitobb8
@Juanmi_News	@soledadpelegrin
@Juanmi_News	@solfuentetaja
@Juanmi_News	@Solidariaaa
@Juanmi_News	@Sollance2
@Juanmi_News	@solrak67
@Juanmi_News	@SombraPensativa
@Juanmi_News	@soniamv1973
@Juanmi_News	@SoniaSanchezD
@Juanmi_News	@soundofsteps
@Juanmi_News	@soyantinuclear
@Juanmi_News	@soyTanchus
@Juanmi_News	@Soyunaz
@Juanmi_News	@Sr_Sato
@Juanmi_News	@SrCaelso
@Juanmi_News	@srconteston
@Juanmi_News	@SRFSilvia
@Juanmi_News	@srmalik1218
@Juanmi_News	@srtablumer
@Juanmi_News	@ssuarezcu
@Juanmi_News	@stercanete
@Juanmi_News	@sthrco
@Juanmi_News	@Stinsons_Metal
@Juanmi_News	@stitchwtf
@Juanmi_News	@stotalors
@Juanmi_News	@strainofhatx
@Juanmi_News	@strange13_
@Juanmi_News	@Stuker87
@Juanmi_News	@subjectes
@Juanmi_News	@SubmarinoP
@Juanmi_News	@SudoInit6
@Juanmi_News	@suecadetusamore
@Juanmi_News	@sugusamarillos
@Juanmi_News	@Sulogas
@Juanmi_News	@sumate_asoc
@Juanmi_News	@superdracir
@Juanmi_News	@supertronchito
@Juanmi_News	@Susana77404128
@Juanmi_News	@SusanaGustems
@Juanmi_News	@SusanLeonardoG
@Juanmi_News	@SussyMenajem
@Juanmi_News	@swalesn
@Juanmi_News	@SYL_Andreu
@Juanmi_News	@sylvialonsoc
@Juanmi_News	@Syrinkz
@Juanmi_News	@TACATUN
@Juanmi_News	@tadroverq
@Juanmi_News	@tantalo31
@Juanmi_News	@tassologo
@Juanmi_News	@tato_junior
@Juanmi_News	@tato1991ur
@Juanmi_News	@TCremada
@Juanmi_News	@TCremades
@Juanmi_News	@Teclaiguixclic
@Juanmi_News	@tellemartin1
@Juanmi_News	@teloquite
@Juanmi_News	@TereDoctor
@Juanmi_News	@TeresaMontao
@Juanmi_News	@terroristacult
@Juanmi_News	@tgnpep
@Juanmi_News	@thecold_blooded
@Juanmi_News	@TheFJS14
@Juanmi_News	@TheObs3rver
@Juanmi_News	@TheRafitaPowah
@Juanmi_News	@therealJuanL
@Juanmi_News	@TheVictor888
@Juanmi_News	@Thingol
@Juanmi_News	@thisisjaume
@Juanmi_News	@Thorkgull
@Juanmi_News	@ThorPolov
@Juanmi_News	@TilleRielo
@Juanmi_News	@tinoprada
@Juanmi_News	@tip2710
@Juanmi_News	@TK_1134
@Juanmi_News	@tohr1963
@Juanmi_News	@tokamelpie
@Juanmi_News	@tomasbusman
@Juanmi_News	@tonicases
@Juanmi_News	@tonicesteve
@Juanmi_News	@TONICRUZ1
@Juanmi_News	@tonidislike
@Juanmi_News	@ToniLehnsherr
@Juanmi_News	@tonimushu_motor
@Juanmi_News	@tonio2207
@Juanmi_News	@TonoRojizo
@Juanmi_News	@tonyred
@Juanmi_News	@Tordo_man
@Juanmi_News	@Toseanus
@Juanmi_News	@tote_llado
@Juanmi_News	@toticorominas
@Juanmi_News	@Totorelles
@Juanmi_News	@Tradecon1
@Juanmi_News	@tranzya
@Juanmi_News	@trastoca
@Juanmi_News	@Tredici___
@Juanmi_News	@Trencavell
@Juanmi_News	@TRJ135
@Juanmi_News	@trmpny
@Juanmi_News	@Tronco_L_S
@Juanmi_News	@TropicalLidia
@Juanmi_News	@trosko_punk
@Juanmi_News	@tul_i_pan_negro
@Juanmi_News	@tulanitua
@Juanmi_News	@tulkubcn
@Juanmi_News	@TUMBAOSABROSO
@Juanmi_News	@twilladdition
@Juanmi_News	@twintesis
@Juanmi_News	@txabi44
@Juanmi_News	@txakurjana
@Juanmi_News	@txell77
@Juanmi_News	@TxellCanyadell
@Juanmi_News	@txemival
@Juanmi_News	@txitxarros78
@Juanmi_News	@txuslaguay
@Juanmi_News	@uiturriaga
@Juanmi_News	@ulricusangelus
@Juanmi_News	@UnaiGisasola
@Juanmi_News	@unaltredelleida
@Juanmi_News	@unamuno71
@Juanmi_News	@UnburntGirl
@Juanmi_News	@UneteyluchaV
@Juanmi_News	@Ungueman
@Juanmi_News	@universocadiz
@Juanmi_News	@UnPerrilli
@Juanmi_News	@upxitsaria
@Juanmi_News	@UranioEmpobreci
@Juanmi_News	@urbanskillspace
@Juanmi_News	@UrDjupet
@Juanmi_News	@uri_vid
@Juanmi_News	@Uri84sbd
@Juanmi_News	@UriCarmela
@Juanmi_News	@Usamomote
@Juanmi_News	@uskipower
@Juanmi_News	@ustaa98_edu
@Juanmi_News	@UzmatiElPardo
@Juanmi_News	@vacmentiras
@Juanmi_News	@ValquiriaOswin
@Juanmi_News	@Vatnik_spb
@Juanmi_News	@vatuadeu
@Juanmi_News	@vatualolla
@Juanmi_News	@VazkezGonzo
@Juanmi_News	@VCarchenilla
@Juanmi_News	@VdeHarta
@Juanmi_News	@Veneno_Hyde
@Juanmi_News	@Veothfolnir
@Juanmi_News	@verooooniica10
@Juanmi_News	@vesquevinc
@Juanmi_News	@vicervo
@Juanmi_News	@VicGzOu
@Juanmi_News	@VickyCazuelitas
@Juanmi_News	@Victor04Hrndz
@Juanmi_News	@VictorC73384715
@Juanmi_News	@victorfa2002
@Juanmi_News	@VictoriaBonet
@Juanmi_News	@VidalMoll
@Juanmi_News	@vielitus
@Juanmi_News	@vientoenllamas
@Juanmi_News	@VientosOrihuela
@Juanmi_News	@viermoral
@Juanmi_News	@villafranca1952
@Juanmi_News	@villeg26
@Juanmi_News	@vily11
@Juanmi_News	@Vimorci
@Juanmi_News	@vingtras_jv
@Juanmi_News	@vipaolpv
@Juanmi_News	@virabla
@Juanmi_News	@Virus1979C
@Juanmi_News	@VISITANTE26
@Juanmi_News	@Vitolo2719
@Juanmi_News	@vivejodervive
@Juanmi_News	@vlankd
@Juanmi_News	@VMatterfilm
@Juanmi_News	@VoidFreak
@Juanmi_News	@Volldamina
@Juanmi_News	@voluntatdeser
@Juanmi_News	@vs_pozas
@Juanmi_News	@vuduquebec
@Juanmi_News	@vullvotarja
@Juanmi_News	@VxCoquimbo
@Juanmi_News	@Wanganick
@Juanmi_News	@WaTresmil
@Juanmi_News	@Weinin_
@Juanmi_News	@WenSole
@Juanmi_News	@WillEsnif
@Juanmi_News	@Willow0512
@Juanmi_News	@WillyGB_1
@Juanmi_News	@WislleyXN
@Juanmi_News	@Wit1978
@Juanmi_News	@Wittgenstein_jm
@Juanmi_News	@witxita
@Juanmi_News	@WolfangVanDerBo
@Juanmi_News	@wolfshots
@Juanmi_News	@Worth84740118
@Juanmi_News	@wtebbens
@Juanmi_News	@Wuilburr
@Juanmi_News	@XAlarrana
@Juanmi_News	@Xarlycoach13
@Juanmi_News	@xavi__85
@Juanmi_News	@xavi_arranz
@Juanmi_News	@xavi_font
@Juanmi_News	@xavi_g_acosta
@Juanmi_News	@Xavib1
@Juanmi_News	@Xavierbcn41
@Juanmi_News	@xaviermarin
@Juanmi_News	@XavierVilanovaM
@Juanmi_News	@xavigisca
@Juanmi_News	@Xaxi70
@Juanmi_News	@XBigas
@Juanmi_News	@xbreo
@Juanmi_News	@xcodony
@Juanmi_News	@xerardinho
@Juanmi_News	@xesc13primero1
@Juanmi_News	@xescaba
@Juanmi_News	@xganeshax
@Juanmi_News	@xjesusmg
@Juanmi_News	@xlemus
@Juanmi_News	@XoAlvaro98
@Juanmi_News	@XoanCC
@Juanmi_News	@Xoblocito
@Juanmi_News	@xoldi
@Juanmi_News	@xOsse
@Juanmi_News	@XRMiranDa
@Juanmi_News	@xshimminie
@Juanmi_News	@XUPATINTES
@Juanmi_News	@yagolatorre
@Juanmi_News	@yaguelen
@Juanmi_News	@yakimalalimpia
@Juanmi_News	@yakobmalkiel
@Juanmi_News	@yakomarhippy
@Juanmi_News	@Yandrax94
@Juanmi_News	@yanirey84
@Juanmi_News	@YeniferLop2
@Juanmi_News	@yeraicidrivera
@Juanmi_News	@YoannaGB
@Juanmi_News	@YoCambio20D
@Juanmi_News	@yocamilleyo
@Juanmi_News	@YolandaAbad6
@Juanmi_News	@yolandasanchez8
@Juanmi_News	@yomismaconcha
@Juanmi_News	@YORYO25MD
@Juanmi_News	@YtzinSenzSenz
@Juanmi_News	@Yull88
@Juanmi_News	@zaci700
@Juanmi_News	@zanguanga
@Juanmi_News	@Zardoyica79
@Juanmi_News	@zarrizarri
@Juanmi_News	@zcampy
@Juanmi_News	@zElySiiaN
@Juanmi_News	@ZipRobot
@Juanmi_News	@Zombi_lelegore
@Juanmi_News	@Zomwis_2015
@Juanmi_News	@zopque
@Juanmi_News	@zuniga_E
@Juanmi_News	@ZvezdalinaS
@judiitoc5	@Montse_Parra
@judiitoc5	@thunderstorm22
@Judit_Freixas	@cosMaresme
@Judit_Freixas	@oscarmj_88
@Judit_Freixas	@youssefmcd
@juditbort	@fsalgadoc
@juditbort	@MESmanel
@Judite90	@AnnaMajs
@Judite90	@CGTLleida
@Judite90	@Collegislleida1
@Judite90	@diego_garcia
@Judite90	@jaumesol
@Judith_Pons	@JaumeCusco
@JudithBaldris	@Moha2605
@Judithcasasus	@irijurado
@juditvazzquez	@Lidia__oviedo
@juditvazzquez	@Moha2605
@juditvazzquez	@Soofiaa_27
@JuezPez	@olipuntocom
@JuleGoi	@2torianatxo
@JuleGoi	@abeolaregi
@JuleGoi	@agara
@JuleGoi	@AgerJauregi
@JuleGoi	@aialomar1
@JuleGoi	@AitorZubiaga
@JuleGoi	@AkerOkerra
@JuleGoi	@AlxndraMS
@JuleGoi	@amaiurmaya
@JuleGoi	@ametsbadiola
@JuleGoi	@antsoVIIazkarra
@JuleGoi	@aolariaga
@JuleGoi	@arkkuso
@JuleGoi	@AsierEtxaniz
@JuleGoi	@avier1967c
@JuleGoi	@batetabera
@JuleGoi	@Beltza_Poulain
@JuleGoi	@BikitxuB
@JuleGoi	@bixigu2
@JuleGoi	@bluesmaning
@JuleGoi	@BordasSergi
@JuleGoi	@BrojaMayTwit
@JuleGoi	@bulibilbao
@JuleGoi	@ca_depasse
@JuleGoi	@deiadarra
@JuleGoi	@DianaUrrea5
@JuleGoi	@edgar_aymo
@JuleGoi	@eidergorostiza
@JuleGoi	@elomendia
@JuleGoi	@EnekoAnder
@JuleGoi	@enekodelamo
@JuleGoi	@er0cas
@JuleGoi	@errosezar
@JuleGoi	@Escoleira
@JuleGoi	@estoesKorea
@JuleGoi	@EUrrutikoetxea
@JuleGoi	@fantomastxiki
@JuleGoi	@feeatriz
@JuleGoi	@fuanis
@JuleGoi	@GaizkaLarranaga
@JuleGoi	@gaizkaranguren
@JuleGoi	@gara_iiriondo
@JuleGoi	@gaztarrotz
@JuleGoi	@gotzonbarandi
@JuleGoi	@GuillaGuineu
@JuleGoi	@GuZamOr_AL
@JuleGoi	@Hanxxs
@JuleGoi	@Harritarte2
@JuleGoi	@HeluaBilbo
@JuleGoi	@hortbel
@JuleGoi	@I_Bengoetxea
@JuleGoi	@ibaiiriarte
@JuleGoi	@ibanarregi
@JuleGoi	@IdoiaIdoiahoo
@JuleGoi	@InigoSubiza
@JuleGoi	@innakisanta
@JuleGoi	@IratiIciar
@JuleGoi	@IraultzaAmesten
@JuleGoi	@itxaso05
@JuleGoi	@izendegi
@JuleGoi	@izengabeanaiz
@JuleGoi	@jcortescat
@JuleGoi	@jjbc69
@JuleGoi	@joan88494667
@JuleGoi	@jon_petra
@JuleGoi	@JonAzkune
@JuleGoi	@Jordinovsky
@JuleGoi	@JosebeIturrioz
@JuleGoi	@Josu_gorria
@JuleGoi	@josu_villalba11
@JuleGoi	@jozulin
@JuleGoi	@Julen_Lanbert
@JuleGoi	@juliolxxix
@JuleGoi	@kalaportu
@JuleGoi	@Kalekume
@JuleGoi	@kds_EH
@JuleGoi	@KimoKalea
@JuleGoi	@lalogonzalezmen
@JuleGoi	@lenbexe
@JuleGoi	@llampat
@JuleGoi	@LTrojaola
@JuleGoi	@maddi_altuna
@JuleGoi	@Mandoigane
@JuleGoi	@martingerz_
@JuleGoi	@mielin80
@JuleGoi	@MikelEtxarri
@JuleGoi	@miquel_tb
@JuleGoi	@MireiaFu
@JuleGoi	@monyodemami
@JuleGoi	@mrtxnabar
@JuleGoi	@nabarra1512
@JuleGoi	@naparrene
@JuleGoi	@naroaelortza
@JuleGoi	@NeoKanbrik
@JuleGoi	@ngarde67
@JuleGoi	@noritxi
@JuleGoi	@nperezir
@JuleGoi	@orkatz_go
@JuleGoi	@ororostorm
@JuleGoi	@pelliniAthletic
@JuleGoi	@PiruloMT
@JuleGoi	@rikardoarrillag
@JuleGoi	@rocalca
@JuleGoi	@rogerbarnadas
@JuleGoi	@Roke_Ojanguren
@JuleGoi	@schinmm
@JuleGoi	@SergiCastanye
@JuleGoi	@smartinezcons
@JuleGoi	@sonetska
@JuleGoi	@suhartx
@JuleGoi	@teketen
@JuleGoi	@trapuzarra
@JuleGoi	@TTxikis
@JuleGoi	@txantxan
@JuleGoi	@Txori7
@JuleGoi	@txorisope
@JuleGoi	@ubarrutia
@JuleGoi	@ulissima5
@JuleGoi	@unai_delburgo
@JuleGoi	@UrkoJauregi
@JuleGoi	@urmore1
@JuleGoi	@uurruzuno
@JuleGoi	@Xabitxo
@JuleGoi	@XaviPortales
@JuleGoi	@xavisuarez_
@JuleGoi	@xevipalafrugell
@JuleGoi	@ZIOR13
@JuleGoi	@ZiTAL
@julia96gp	@andreew04
@juliaaapie	@1GKh
@juliaaapie	@2point8_photos
@juliaaapie	@aewingmsp
@juliaaapie	@alibali50
@juliaaapie	@AndrewHorne1
@juliaaapie	@astrodad
@juliaaapie	@AtilijaDamaskin
@juliaaapie	@atomicsmiles
@juliaaapie	@baragesi
@juliaaapie	@Bishbhoy091263
@juliaaapie	@Broonpot
@juliaaapie	@browna_ab
@juliaaapie	@Caperuzotaroja
@juliaaapie	@Curly_TopT
@juliaaapie	@david_skene
@juliaaapie	@DavidDouglasEDI
@juliaaapie	@DonnaCreighton5
@juliaaapie	@dsyst
@juliaaapie	@Duncan349
@juliaaapie	@EechieOchie
@juliaaapie	@EricPH11
@juliaaapie	@estelarmengol22
@juliaaapie	@evacondes
@juliaaapie	@ff6688
@juliaaapie	@Ffion11
@juliaaapie	@fionacwhite
@juliaaapie	@francadaval
@juliaaapie	@gavjack
@juliaaapie	@GerbesZoran
@juliaaapie	@giselemorin1
@juliaaapie	@GISELLEHEB
@juliaaapie	@GMacdonaldMSP
@juliaaapie	@Gordon1000
@juliaaapie	@hd2cont
@juliaaapie	@I_MM_bcn
@juliaaapie	@itsagoinwrang
@juliaaapie	@jakesnake998
@juliaaapie	@JaniceChalmers
@juliaaapie	@jbonjochaldoma
@juliaaapie	@jjacqulei
@juliaaapie	@julsjulietjota
@juliaaapie	@kiltedlad1983
@juliaaapie	@KiltedWhisky
@juliaaapie	@l_ronaldson
@juliaaapie	@LollysMum1
@juliaaapie	@lzivojinovic
@juliaaapie	@magsb1109
@juliaaapie	@MarcSambola
@juliaaapie	@MarkBarry67
@juliaaapie	@Massimoguerrera
@juliaaapie	@MeighsK
@juliaaapie	@mireia30
@juliaaapie	@mireille_pouget
@juliaaapie	@MochDaear
@juliaaapie	@MrEphae
@juliaaapie	@Muntsaps
@juliaaapie	@Mychalyschyn
@juliaaapie	@navynotnuclear
@juliaaapie	@NFigiel
@juliaaapie	@OrkneyBear
@juliaaapie	@pepitopal
@juliaaapie	@PepPayo
@juliaaapie	@Rabloh
@juliaaapie	@RendallDotScot
@juliaaapie	@ricmont60
@juliaaapie	@roshieboy
@juliaaapie	@Schism_Schasm
@juliaaapie	@Scotland_future
@juliaaapie	@SojaSos
@juliaaapie	@SonjaHern
@juliaaapie	@stevvrat
@juliaaapie	@StuartG08916010
@juliaaapie	@themis13100
@juliaaapie	@Touaregtweet
@juliaaapie	@trident750
@juliaaapie	@TronForYes
@juliaaapie	@Valkiry1000
@juliaaapie	@wronskifeints
@juliaaapie	@xJennaxLowx
@juliaaapie	@Youre_a_towel__
@juliaambaccent	@TomAndHisBooks
@juliacorominas	@GusBracchi
@juliaflorences	@OlgaMariin
@JulianAssange	@__Daians__
@JulianAssange	@_Bleam
@JulianAssange	@_DavidGarcias_
@JulianAssange	@_Foraster_
@JulianAssange	@_Genimar
@JulianAssange	@_korpiklani
@JulianAssange	@_marcalme
@JulianAssange	@_spmbt
@JulianAssange	@_TheWickerMan
@JulianAssange	@1PIER
@JulianAssange	@22mluz
@JulianAssange	@30Virginiano
@JulianAssange	@3lPill0
@JulianAssange	@3peusalgat
@JulianAssange	@45c32378c34f499
@JulianAssange	@abarreraroy6
@JulianAssange	@aboronatmiro
@JulianAssange	@acarabasa
@JulianAssange	@AcroPau
@JulianAssange	@add_luis
@JulianAssange	@adryrolo
@JulianAssange	@AdseriasPerales
@JulianAssange	@airamzepol22
@JulianAssange	@ajubene
@JulianAssange	@akuari76
@JulianAssange	@Alba_Alsina
@JulianAssange	@albertarch
@JulianAssange	@AlbertCSi
@JulianAssange	@albertmaruny
@JulianAssange	@aleksmit5
@JulianAssange	@alestarkgaryen
@JulianAssange	@alex_roy__
@JulianAssange	@AlexArasanz
@JulianAssange	@Alexowo_
@JulianAssange	@AlexSnellenberg
@JulianAssange	@AlitaAngel99
@JulianAssange	@alliomack
@JulianAssange	@Allucard79
@JulianAssange	@allybacabsci
@JulianAssange	@alpzz01
@JulianAssange	@alternatibag
@JulianAssange	@AltreonD
@JulianAssange	@AlvarezAina
@JulianAssange	@anakinflu3
@JulianAssange	@andreu_llovera
@JulianAssange	@angela11071980
@JulianAssange	@animarc00
@JulianAssange	@anna_gra
@JulianAssange	@Annacpelaez
@JulianAssange	@annaplanas14
@JulianAssange	@annaqs3
@JulianAssange	@anneballest19
@JulianAssange	@ApedralsM
@JulianAssange	@AreNotBadDreams
@JulianAssange	@Ariadnaclos
@JulianAssange	@ariaserra012
@JulianAssange	@Arlas83
@JulianAssange	@arnau_siches
@JulianAssange	@arnaums02
@JulianAssange	@artegalatea1
@JulianAssange	@articlionBC
@JulianAssange	@ArtsJoan
@JulianAssange	@Atto2O
@JulianAssange	@aymerich_teresa
@JulianAssange	@azahar_abril
@JulianAssange	@BacarditJoaquim
@JulianAssange	@BalagueMontse
@JulianAssange	@BarbastRoca
@JulianAssange	@BarniolBiel
@JulianAssange	@Barto396
@JulianAssange	@Begsali231
@JulianAssange	@belahssyane
@JulianAssange	@BetSerra
@JulianAssange	@BetSumsi
@JulianAssange	@biurri270
@JulianAssange	@BoenaSvoabo
@JulianAssange	@bolloroja
@JulianAssange	@BoteyTamara
@JulianAssange	@botikario85
@JulianAssange	@BPuig29
@JulianAssange	@Braquiador
@JulianAssange	@browly_fat
@JulianAssange	@BusquetsSusanna
@JulianAssange	@BySevi14
@JulianAssange	@C_TTME
@JulianAssange	@CaarlaDomenech
@JulianAssange	@CAM2712
@JulianAssange	@Canberink
@JulianAssange	@carlescid1
@JulianAssange	@carmeopera
@JulianAssange	@carnejoan
@JulianAssange	@carolinamasdev
@JulianAssange	@CarpiNat
@JulianAssange	@CasesMarisa
@JulianAssange	@catsutxi
@JulianAssange	@CAUDELLUNA60
@JulianAssange	@ChacoElisenda
@JulianAssange	@charli_soler
@JulianAssange	@ChrisTheFruit
@JulianAssange	@CianHughes
@JulianAssange	@CiberNahual
@JulianAssange	@cigar_hoe
@JulianAssange	@CintaPons
@JulianAssange	@COMPAcdrdelago
@JulianAssange	@comtejofre
@JulianAssange	@CrespoMiota
@JulianAssange	@Cris7Cris
@JulianAssange	@CristCorzo
@JulianAssange	@CristinaEA_10
@JulianAssange	@cristinavamo201
@JulianAssange	@critssss
@JulianAssange	@cruizal
@JulianAssange	@cxifra
@JulianAssange	@D2r5Lord
@JulianAssange	@DafneCarrasco
@JulianAssange	@Dan_SXH
@JulianAssange	@danidelgado1980
@JulianAssange	@danielpuigb
@JulianAssange	@darthhatter00
@JulianAssange	@dave333albiston
@JulianAssange	@David_runner
@JulianAssange	@DavidBerenguerB
@JulianAssange	@DAVIDBOSCHROURA
@JulianAssange	@DavidCorke83
@JulianAssange	@DavidEscofet
@JulianAssange	@davidllaguerri
@JulianAssange	@davidlombrana
@JulianAssange	@davidsamaniegoc
@JulianAssange	@deivbvid_27
@JulianAssange	@DeOscarz
@JulianAssange	@desnivelp
@JulianAssange	@dfabregac
@JulianAssange	@DinoFancellu
@JulianAssange	@dionis1970
@JulianAssange	@doctordinamo
@JulianAssange	@domenech_lluis
@JulianAssange	@drumkemps
@JulianAssange	@DuniiaaJuventen
@JulianAssange	@earnau
@JulianAssange	@Edberonc
@JulianAssange	@EdSnowdsupport
@JulianAssange	@Edugarciafreixa
@JulianAssange	@EGennEsc
@JulianAssange	@EgorVolin
@JulianAssange	@eiacosta
@JulianAssange	@El_Pau_
@JulianAssange	@eleonoragg1
@JulianAssange	@Elis__Elis
@JulianAssange	@elsuekin
@JulianAssange	@elvirasb
@JulianAssange	@Emiliu_1001
@JulianAssange	@empresaZen
@JulianAssange	@en_richy
@JulianAssange	@EnricBuba
@JulianAssange	@enricgg96
@JulianAssange	@enricpoquet
@JulianAssange	@EnricSrra
@JulianAssange	@erick_thrash
@JulianAssange	@ernestcodina
@JulianAssange	@EscapeVelo
@JulianAssange	@esgirones
@JulianAssange	@eugenimartinez
@JulianAssange	@EvaferrerEva
@JulianAssange	@evapujals
@JulianAssange	@EvaRuwe
@JulianAssange	@falugadetarrega
@JulianAssange	@FarresRamon
@JulianAssange	@FCBLUCA05
@JulianAssange	@fedetarsap
@JulianAssange	@FelipeCraccoGom
@JulianAssange	@FelipPujol
@JulianAssange	@felix_ll_p
@JulianAssange	@FerranSusany
@JulianAssange	@fgarrigas
@JulianAssange	@FGirba
@JulianAssange	@finaomib
@JulianAssange	@FonteRodrigues
@JulianAssange	@FrancescDalmas
@JulianAssange	@FrancescPuche
@JulianAssange	@frebcn
@JulianAssange	@FreixaI
@JulianAssange	@g_caru
@JulianAssange	@gaabri888
@JulianAssange	@gealmeca69
@JulianAssange	@geemmaa_gc
@JulianAssange	@geles1973
@JulianAssange	@GemGemRedGem
@JulianAssange	@Gemma_Puig
@JulianAssange	@gemmaggv
@JulianAssange	@Gemmaroig97
@JulianAssange	@Geodan333
@JulianAssange	@Gerardo08327840
@JulianAssange	@GerardSerrador
@JulianAssange	@gingereejit
@JulianAssange	@gioicaro
@JulianAssange	@glopites
@JulianAssange	@gomadelpelorota
@JulianAssange	@GPM_00
@JulianAssange	@grace_coco
@JulianAssange	@GrannyOmaha
@JulianAssange	@gromeroj
@JulianAssange	@GrupdeTreball
@JulianAssange	@GSerretam
@JulianAssange	@guasch22
@JulianAssange	@guillem309
@JulianAssange	@GuillemTrujillo
@JulianAssange	@Haaiizeeaa
@JulianAssange	@HectorRabanFoto
@JulianAssange	@helena_vima
@JulianAssange	@Hiponax
@JulianAssange	@Hlnprz
@JulianAssange	@hopexlessx
@JulianAssange	@HouseCracka
@JulianAssange	@hristro
@JulianAssange	@HuevoEater16
@JulianAssange	@hwangho_se
@JulianAssange	@HxcMind
@JulianAssange	@i_prochazka
@JulianAssange	@ibossost96
@JulianAssange	@ido_chic
@JulianAssange	@iker250782
@JulianAssange	@imanolgarcia_13
@JulianAssange	@IngridMorera
@JulianAssange	@inigodonosti
@JulianAssange	@inigosuspe
@JulianAssange	@insigbcn
@JulianAssange	@iolandagustina
@JulianAssange	@ioshy_86
@JulianAssange	@Irene11485172
@JulianAssange	@IsaCisacu
@JulianAssange	@isazural
@JulianAssange	@ispeiv
@JulianAssange	@iterre
@JulianAssange	@IvanYoutuber
@JulianAssange	@izukera
@JulianAssange	@J_pascual81
@JulianAssange	@JabbaDelFCB
@JulianAssange	@Jabukowy
@JulianAssange	@Jackinboy
@JulianAssange	@Jacques_V2
@JulianAssange	@jadingoo
@JulianAssange	@jappyx
@JulianAssange	@jarotzena
@JulianAssange	@jaumedurany
@JulianAssange	@JaumeGrauLopez
@JulianAssange	@Jcanyizares
@JulianAssange	@jcasanovas70
@JulianAssange	@jcdiezginer
@JulianAssange	@JeffB85265026
@JulianAssange	@jennarrey78
@JulianAssange	@jesuscortes25
@JulianAssange	@JF_Abril
@JulianAssange	@jiventura
@JulianAssange	@jjjjjjosep
@JulianAssange	@JJPLCat
@JulianAssange	@jmacia12
@JulianAssange	@jmartinezcasan
@JulianAssange	@JOAN_SACASAS
@JulianAssange	@JoanBoncompte
@JulianAssange	@joancampderros
@JulianAssange	@joanpujolas
@JulianAssange	@JoanVizcaya
@JulianAssange	@joaoninguem000
@JulianAssange	@jocaralt
@JulianAssange	@Jocuelo
@JulianAssange	@jogais
@JulianAssange	@jordi_creus
@JulianAssange	@jordiballve
@JulianAssange	@jordiCat1
@JulianAssange	@JordiChaparro
@JulianAssange	@jordifr64
@JulianAssange	@JordiFZR
@JulianAssange	@jordimanri
@JulianAssange	@JordiParrondo
@JulianAssange	@jordipons8
@JulianAssange	@jordisiscart
@JulianAssange	@josep_sabata
@JulianAssange	@JosepAlemany
@JulianAssange	@josepcuadros
@JulianAssange	@Josepfcreus
@JulianAssange	@JosepJosepnog
@JulianAssange	@josepmaria_gp
@JulianAssange	@JosepMont
@JulianAssange	@josepveciana
@JulianAssange	@joseriv13006184
@JulianAssange	@JoSerrallonga
@JulianAssange	@joxeanek
@JulianAssange	@jpipe916
@JulianAssange	@JrmieJ
@JulianAssange	@jsaumell
@JulianAssange	@Juanpa17645527
@JulianAssange	@jucollvi
@JulianAssange	@Judit_Rossell
@JulianAssange	@juditgjimenez
@JulianAssange	@Juditmc5
@JulianAssange	@juliafalgas_
@JulianAssange	@Juliaflorit
@JulianAssange	@JV08292
@JulianAssange	@JVazquez_dH
@JulianAssange	@kaxarrillos
@JulianAssange	@KingOFrost
@JulianAssange	@kisbos
@JulianAssange	@kittyhundal
@JulianAssange	@Knurlar
@JulianAssange	@KPuchtel
@JulianAssange	@Krostens
@JulianAssange	@kuelape
@JulianAssange	@labaladecabanas
@JulianAssange	@ladybird2066
@JulianAssange	@LaggerXx
@JulianAssange	@Laia_HG
@JulianAssange	@LaiaAdler
@JulianAssange	@laiafebl
@JulianAssange	@lanona46
@JulianAssange	@larateta1
@JulianAssange	@laubcn1978
@JulianAssange	@Laufer84
@JulianAssange	@laura21cs
@JulianAssange	@lauraescofet
@JulianAssange	@LEKUONADomenja
@JulianAssange	@Lennyx73
@JulianAssange	@lfuefon
@JulianAssange	@LiadaLiosa
@JulianAssange	@liba_david
@JulianAssange	@LidiaVelasco
@JulianAssange	@lightning_anna
@JulianAssange	@LizbethBCN
@JulianAssange	@llegui86
@JulianAssange	@llevataps
@JulianAssange	@Lliurat2
@JulianAssange	@LloraLloron
@JulianAssange	@Llorens1965
@JulianAssange	@lluciapedrol
@JulianAssange	@lluisbasagana
@JulianAssange	@LLUISCAT2017
@JulianAssange	@lluisdalmau
@JulianAssange	@lluisfarres
@JulianAssange	@lluisrossell
@JulianAssange	@lmgsbd
@JulianAssange	@LSheri_F
@JulianAssange	@luce_lucialenzi
@JulianAssange	@ludmilafuster
@JulianAssange	@Luisfariashm
@JulianAssange	@LuisFM260982
@JulianAssange	@LuisOtero11
@JulianAssange	@LuisPlatero
@JulianAssange	@Lydiaal9
@JulianAssange	@m_clavell
@JulianAssange	@m_lucea
@JulianAssange	@MacBlitzz
@JulianAssange	@MaicaperezP
@JulianAssange	@maitebosca
@JulianAssange	@Maneletmch
@JulianAssange	@manelRteCheers
@JulianAssange	@MangaPere
@JulianAssange	@MaqsoodAsi
@JulianAssange	@Marc_Hernandez6
@JulianAssange	@Marc_Obac
@JulianAssange	@MarcGironesC
@JulianAssange	@MarcSansabria
@JulianAssange	@margi4557
@JulianAssange	@MariadelaEre
@JulianAssange	@mariajvinuales
@JulianAssange	@MariaRuizEsteba
@JulianAssange	@mariasym
@JulianAssange	@mario76wawpl
@JulianAssange	@MaRiOterrassa
@JulianAssange	@maripilipilimar
@JulianAssange	@MarisaConca
@JulianAssange	@markitus__10
@JulianAssange	@marramiauuuuuu
@JulianAssange	@martacarrasco14
@JulianAssange	@MartaCarrion1
@JulianAssange	@martahclua
@JulianAssange	@martamiranda016
@JulianAssange	@martona_am
@JulianAssange	@masius
@JulianAssange	@MateuDel
@JulianAssange	@Mateuferran
@JulianAssange	@maxvives
@JulianAssange	@mdemaite
@JulianAssange	@meijidemaik
@JulianAssange	@meloni9
@JulianAssange	@Mena3491
@JulianAssange	@merce0672
@JulianAssange	@mescalona48
@JulianAssange	@MEsther92
@JulianAssange	@Mezonzo
@JulianAssange	@MghTdr
@JulianAssange	@mibane42
@JulianAssange	@michogar
@JulianAssange	@Miguel_espi
@JulianAssange	@mikeldetorre
@JulianAssange	@mikilesc
@JulianAssange	@MinervaXVI
@JulianAssange	@miqueldpaz
@JulianAssange	@Mireia_14
@JulianAssange	@Mireia_Sola
@JulianAssange	@MireXP
@JulianAssange	@MireyaTriasMonl
@JulianAssange	@MiriamBas
@JulianAssange	@MissXelleta
@JulianAssange	@mkukur
@JulianAssange	@MLHumet
@JulianAssange	@mmedrosa
@JulianAssange	@MMN81
@JulianAssange	@Monibecf
@JulianAssange	@monica_carbelo
@JulianAssange	@moniquejolie
@JulianAssange	@monsamga
@JulianAssange	@montsecatalu
@JulianAssange	@montsemass
@JulianAssange	@MontsePalahi
@JulianAssange	@MoonlightAffair
@JulianAssange	@Moraa78
@JulianAssange	@Morinasan
@JulianAssange	@moriyakari
@JulianAssange	@mrcairo61
@JulianAssange	@mriamcs
@JulianAssange	@MribelAynDoming
@JulianAssange	@MTaunus
@JulianAssange	@mthomps0505
@JulianAssange	@mvallde
@JulianAssange	@Nan_violet
@JulianAssange	@narvona
@JulianAssange	@nassgoul
@JulianAssange	@natalia_vilor
@JulianAssange	@natiametller
@JulianAssange	@NelsonDeRavin
@JulianAssange	@nenee_eu
@JulianAssange	@Nesy33
@JulianAssange	@NFF_nuria
@JulianAssange	@nicotes
@JulianAssange	@Nietneu
@JulianAssange	@nil_baro
@JulianAssange	@nilrodriguez37
@JulianAssange	@nodekey
@JulianAssange	@NohihaTatia
@JulianAssange	@noidelscabells
@JulianAssange	@NoletMarc
@JulianAssange	@Nosemeocurrena6
@JulianAssange	@nosvamosyafuera
@JulianAssange	@novalabadar
@JulianAssange	@NovaProspect362
@JulianAssange	@nsalasp
@JulianAssange	@Nufabre
@JulianAssange	@nuriagrifol
@JulianAssange	@nuriajoseph
@JulianAssange	@nuriasaja
@JulianAssange	@NyMarky
@JulianAssange	@ocany44
@JulianAssange	@ogagu1975
@JulianAssange	@Olga_garbon
@JulianAssange	@Olga_Rguez
@JulianAssange	@oliana1982
@JulianAssange	@Omar03559664
@JulianAssange	@oodriozola
@JulianAssange	@oriolgarcia1993
@JulianAssange	@oriolsauleda
@JulianAssange	@oruerabr
@JulianAssange	@OSCAR10IGUALADA
@JulianAssange	@osktwitt
@JulianAssange	@overvalley_bcn
@JulianAssange	@palmira_marti
@JulianAssange	@PalouPatrick
@JulianAssange	@paquigadu
@JulianAssange	@PasqualSantjoan
@JulianAssange	@Pat_GG
@JulianAssange	@patatasfava
@JulianAssange	@Patriziahorses
@JulianAssange	@PaulaPrivat
@JulianAssange	@pedrolesteban
@JulianAssange	@pepbadia
@JulianAssange	@pepegotera65
@JulianAssange	@pepipussa
@JulianAssange	@PereGarcia92
@JulianAssange	@perepv
@JulianAssange	@PereRV
@JulianAssange	@PerMareEtCaelum
@JulianAssange	@perriEnPotetes
@JulianAssange	@pezgordo52
@JulianAssange	@PilarArenyas
@JulianAssange	@PilarFerrandiz
@JulianAssange	@pintorstoniegea
@JulianAssange	@piruletacereza
@JulianAssange	@pla_gonzalo
@JulianAssange	@pla_marc
@JulianAssange	@pleasefeelfree
@JulianAssange	@PoesiaCatPonent
@JulianAssange	@Pointluck1
@JulianAssange	@Pol_Nin
@JulianAssange	@polfeb
@JulianAssange	@politicseuw
@JulianAssange	@polponsarnau
@JulianAssange	@PpanBailarin
@JulianAssange	@Pregoners37
@JulianAssange	@pruna_anna
@JulianAssange	@pumuky_997
@JulianAssange	@quicosilva
@JulianAssange	@Quimbtar
@JulianAssange	@r_comellas
@JulianAssange	@radical5p5
@JulianAssange	@rafape2010
@JulianAssange	@RaiColl1
@JulianAssange	@raimaniak13
@JulianAssange	@ramirez_chema
@JulianAssange	@Ramonchu_67
@JulianAssange	@RamonCodina
@JulianAssange	@ratamanrat
@JulianAssange	@RaulVsCiro
@JulianAssange	@rbarlam
@JulianAssange	@rcantons
@JulianAssange	@realdavidbob
@JulianAssange	@realimsirius
@JulianAssange	@RebeldeCCnet
@JulianAssange	@recasobi
@JulianAssange	@remei_es
@JulianAssange	@republican197
@JulianAssange	@RespireLily
@JulianAssange	@rfairen
@JulianAssange	@rgarciajardi
@JulianAssange	@RGCDUI
@JulianAssange	@ricardjordan_
@JulianAssange	@ricart_isabel
@JulianAssange	@ripu92
@JulianAssange	@rmpuigvert
@JulianAssange	@rms68
@JulianAssange	@robertam0369
@JulianAssange	@RobSanrey
@JulianAssange	@RocaAna
@JulianAssange	@rockfigtree
@JulianAssange	@RodesCortes
@JulianAssange	@Roger_Lluriach
@JulianAssange	@rogerguillo
@JulianAssange	@Ronny_Chavez
@JulianAssange	@rrobadomucho
@JulianAssange	@rsansa9
@JulianAssange	@ruffo0405
@JulianAssange	@RVilardell79
@JulianAssange	@ryddogg
@JulianAssange	@Sander7408
@JulianAssange	@SandraHurtadoe
@JulianAssange	@sandretafu
@JulianAssange	@Sanmofa
@JulianAssange	@sara_masegur
@JulianAssange	@sarge0511
@JulianAssange	@SarradellSandra
@JulianAssange	@sbdnca
@JulianAssange	@scachot
@JulianAssange	@scastrobay
@JulianAssange	@sebastiacros
@JulianAssange	@SebastienYC_FR
@JulianAssange	@SegarraXavier
@JulianAssange	@SeleneSanabria
@JulianAssange	@semprecomara
@JulianAssange	@sergi_bm
@JulianAssange	@sergi_lliure
@JulianAssange	@sergicastromil9
@JulianAssange	@SergiRey
@JulianAssange	@serralsolidaria
@JulianAssange	@sharon206206
@JulianAssange	@Sherlockain
@JulianAssange	@sightvs
@JulianAssange	@sinmirar
@JulianAssange	@SirTerset
@JulianAssange	@soliloquio_GDP
@JulianAssange	@SrtaInfinity
@JulianAssange	@StafBettridge
@JulianAssange	@sudiazc
@JulianAssange	@sunipampolfiga
@JulianAssange	@SvdPsyduck
@JulianAssange	@Taravid
@JulianAssange	@TatuBubu
@JulianAssange	@taxo_tw
@JulianAssange	@tecierro
@JulianAssange	@Tecnovideobooks
@JulianAssange	@TemesDeBalears
@JulianAssange	@terebonfill
@JulianAssange	@teremarcosp
@JulianAssange	@thatguyjoan
@JulianAssange	@THE_DOCTOR29
@JulianAssange	@The_SupliX
@JulianAssange	@TheCryptoPeach
@JulianAssange	@theknightlord
@JulianAssange	@TheObs3rver
@JulianAssange	@Thorned_Bug
@JulianAssange	@tleonamo
@JulianAssange	@tomatunicornio
@JulianAssange	@tomeu_rf
@JulianAssange	@Toni_Domenech_G
@JulianAssange	@toni22amador
@JulianAssange	@ToniBarranco
@JulianAssange	@tonicesteve
@JulianAssange	@tonimiquel1977
@JulianAssange	@ToniRodrguez
@JulianAssange	@TonyMCcoy34
@JulianAssange	@trinitee33
@JulianAssange	@tudietcoach
@JulianAssange	@TumiletM
@JulianAssange	@Txell_81
@JulianAssange	@ulissima5
@JulianAssange	@uri_puigdemont
@JulianAssange	@Uricat29
@JulianAssange	@Urii_Rodriguez
@JulianAssange	@Valenti_llop
@JulianAssange	@Van_Nesten
@JulianAssange	@vecirex
@JulianAssange	@VenieroO
@JulianAssange	@voodoorai2000
@JulianAssange	@Watheverable
@JulianAssange	@WcPortatil
@JulianAssange	@whynotisaak
@JulianAssange	@willythepianist
@JulianAssange	@wow_robot
@JulianAssange	@xabierurra
@JulianAssange	@xarogranados
@JulianAssange	@xavi_mix
@JulianAssange	@XAVIERMUIXI
@JulianAssange	@xaviprofe10
@JulianAssange	@xavivallomanes
@JulianAssange	@XeniaDeler
@JulianAssange	@XeskoFG
@JulianAssange	@xinoxano_cat
@JulianAssange	@xpatricia
@JulianAssange	@xuxocuesta
@JulianAssange	@yagodon
@JulianAssange	@Yolamart
@JulianAssange	@Yosutumaka
@JulianAssange	@ysertex
@JulianAssange	@zeemo_n
@JulianAssange	@Zeroxs000
@JulianAssange	@zimelkorra
@juliarguez_	@activista7
@juliarguez_	@leyree_19
@juliarguez_	@Noe_Bernkastel
@juliarguez_	@Pauwriter_261
@julieta_styles	@LacalSara
@julioartetxe	@santurtzi_jm
@juliogomez1998	@figuinsjoss
@juliogomez1998	@mercebartra
@juliogomez1998	@mrfreixanet
@juliogomez1998	@nolomoli
@juliogomez1998	@seriously_susan
@juliogomez1998	@Tonist71
@juliogomez1998	@Witowito71
@julioservan	@masius
@JuliusBintu	@jonabasque
@julsoofg	@yetigris
@JurSoler	@danielguillem
@Just_Iglesias	@estebanbender
@Just_Iglesias	@posisoyo
@Just_Iglesias	@renover2004
@JustAnddrea	@CrisSuspiria
@JusticiaiPau	@AirunNog
@JusticiaiPau	@AngeletDomingo
@JusticiaiPau	@BlocdelsViatges
@JusticiaiPau	@Dellunde_UAB
@JusticiaiPau	@Elenotes
@JusticiaiPau	@Eloi_Aran
@JusticiaiPau	@fervenza_belen
@JusticiaiPau	@FreixaI
@JusticiaiPau	@JoanBGS
@JusticiaiPau	@neoghini
@JusticiaiPau	@nereus_22
@JusticiaiPau	@oskife
@JusticiaiPau	@PinArt_cat
@JusticiaiPau	@sandracampanon
@JusticiaiPau	@sergi_asen
@JusticiaiPau	@szaragozad
@JusticiaiPau	@XantalAltimir
@JusticiaiPau	@xavihosta
@JusticiaiPau	@XawiMuj_al
@JusticiaiPau	@XPadrissa
@Juudit13	@especulorum
@Juudit13	@magixmagixmagix
@Juudit13	@sefuerteMariano
@Juudit13	@Terra_levis_sit
@jvidaloliveras	@rosunasilvestre
@jvilap	@montpallares
@jvrduarte	@SantCugatencs
@K_Barnabei	@bianca_caimi
@K_Barnabei	@EmanueleCorazzi
@kakapo	@jimayo74
@Kali_si	@ConchaCeballos1
@Kali_si	@concht1
@Kali_si	@letras15M
@kantautri	@CurroHerrera
@kantautri	@DavidCheca6
@karig94	@mmmeeelll
@karmelafortuny	@irispuag
@karmelafortuny	@joe_feegools
@karmelafortuny	@jvrduarte
@Katalanskt	@Aethonaia
@KatratziPhoto	@CriptoHi
@kayuway	@ValkSan
@kborrells	@_Doasy
@kborrells	@AialAfarat
@kborrells	@ANCLleidaSegria
@kborrells	@Avi__Siset
@kborrells	@bellarkexrunes
@kborrells	@CAUDELLUNA60
@kborrells	@el_margaritu
@kborrells	@estefan99840122
@kborrells	@helenads_85
@kborrells	@jordinen
@kborrells	@JOSEPVALLE
@kborrells	@Kaydy_BB
@kborrells	@MarcJuarezRos
@kborrells	@MariaMilanMesa
@kborrells	@mercevilaj
@kborrells	@nuriagolo
@kborrells	@OriolPE
@kborrells	@PostureigLleida
@kborrells	@Pujent
@kborrells	@RussianVilkov
@kborrells	@sergipascual_
@kborrells	@Serx_M
@kborrells	@SPHopeVB
@kborrells	@TuCuloLaLia
@kborrells	@tuixen
@kborrells	@vsonik22
@kborrells	@Yamecansao
@kenybdn	@odordal
@KerryAnnCorbett	@JamesGang5446
@KersausonDe	@AbgrallOliv
@KersausonDe	@alain_guedj
@KersausonDe	@ar_meur
@KersausonDe	@ArianeChevalier
@KersausonDe	@bernard_aubree
@KersausonDe	@berrier451
@KersausonDe	@BNEWS24_off
@KersausonDe	@BreizhDieub
@KersausonDe	@BruneDrot
@KersausonDe	@C_Cecile_
@KersausonDe	@Candysendort
@KersausonDe	@CaroBZH22
@KersausonDe	@ComteFersen
@KersausonDe	@danubaud
@KersausonDe	@decailletj1977
@KersausonDe	@Electron_Libre_
@KersausonDe	@Groult2002
@KersausonDe	@hugoengel4
@KersausonDe	@jeanyvesmulot
@KersausonDe	@KersausonDe
@KersausonDe	@LACPURE
@KersausonDe	@mapaquet
@KersausonDe	@MathiasSandorf
@KersausonDe	@MerloFr
@KersausonDe	@Mike_R_gattaca
@KersausonDe	@Opuscopus21
@KersausonDe	@ParfumDeScandal
@KersausonDe	@patdepar
@KersausonDe	@Patriologue
@KersausonDe	@Polichinelle3
@KersausonDe	@SeptHick
@ketarosa	@Carlesborges
@Keytarpas	@marcelgimenezv
@kiithic	@aamd1967
@kiithic	@gsimo87
@kiithic	@ignasillesuy
@kiithic	@LeoAnselmi
@kiithic	@Mandrill77
@kiithic	@MariaReferendum
@kiithic	@MsHaller_
@kiithic	@ruthtoledano
@kiithic	@Torohenao1
@kiithic	@yomismaconcha
@kikepardofdz	@Chr_Futsal
@kiketomas	@BarretinaMan
@King_Finvarra	@williegilmour
@kinkimusanpa	@Axelesar
@kinkimusanpa	@Barrikako_Semea
@kinkimusanpa	@CUPBerga
@kinkimusanpa	@LABsindikatua
@kinkimusanpa	@LeiGorri
@kinkimusanpa	@markina10
@kinkimusanpa	@nereatxo2
@kinkimusanpa	@Rednek1971
@kinkimusanpa	@ubarrutia
@kiskiuv	@ivangraupera8
@kiskiuv	@kiskiuv
@kiskiuv	@MarcuscgYT
@KittensPs	@AlexNoker
@KittensPs	@Pii_coli
@KitusGoma	@RadaASP
@kiwam74	@ainhoasetien
@kiwam74	@angelguaysoy
@kiwam74	@Dr_Esterichia
@kiwam74	@nuriades
@KjellLanoye	@1_Vagabond
@KjellLanoye	@815ToNoWhere
@KjellLanoye	@BartDeconinck
@KjellLanoye	@EddyHerteleer
@KjellLanoye	@EvaRuwe
@KjellLanoye	@EWat98
@KjellLanoye	@HazenbroekJo
@KjellLanoye	@LoDemaeyer
@KjellLanoye	@nackaerts_jos
@KjellLanoye	@tx_vincent
@KjellLanoye	@WimDool
@knur	@maternalias
@KOCharamsa	@adeoli1011
@KOCharamsa	@MrcSlns
@KOCharamsa	@planas_e
@KOCharamsa	@roserblasco
@KOCharamsa	@votaxmicat
@Koldobikax	@txema111191
@komachek	@albertbrias
@komachek	@byvictor17
@komachek	@Carlatoha
@komachek	@criscarllur
@komachek	@edgarac4
@komachek	@elaleman67
@komachek	@ESCUIN
@komachek	@jahz1979
@komachek	@Josepfontmorera
@komachek	@jserranom
@komachek	@Manel_Taxi
@komachek	@strilles13
@Konbanwa2011	@aguscot
@Konbanwa2011	@alliomack
@Konbanwa2011	@antigcne
@Konbanwa2011	@anyadmitrys
@Konbanwa2011	@ariadnaa_19
@Konbanwa2011	@BelChi90
@Konbanwa2011	@desidiaindolent
@Konbanwa2011	@GretchenTupper
@Konbanwa2011	@helenprats
@Konbanwa2011	@jnarbon
@Konbanwa2011	@liorscofield
@Konbanwa2011	@MeAventuro
@Konbanwa2011	@medejas_helada
@Konbanwa2011	@poetic1899
@Konbanwa2011	@RealTimMitchell
@Konbanwa2011	@WeaselSweat
@koracho	@trallero76
@koroki_kaze	@narushanks
@koroki_kaze	@nomi_kawaii
@krispin1973	@victorgil11
@Kriticalbass	@FAILderalisme
@kukacristi	@agpblablabla
@kukacristi	@andrewsacher15
@kukacristi	@cgcristinac
@kukacristi	@dom_inmountain
@kukacristi	@enricguillen1
@kukacristi	@Gloryesolanas
@kukacristi	@Indar_Maiden
@kukacristi	@Irenn22
@kukacristi	@Joansaderra
@kukacristi	@jwliaromera
@kukacristi	@kiitos96
@kukacristi	@kikolucia
@kukacristi	@LAMarxEstrella2
@kukacristi	@luis_gozalez
@kukacristi	@ManelCobas
@kukacristi	@MonicaMM2
@kupallo	@morato74
@kuromiaiko	@BAKAKOUSTIC
@L_RedSoul	@jaescorcia
@la_createca	@fmtcoachingrubi
@la_IAC	@Assumpt40818209
@la_IAC	@CarlosRosetti
@la_IAC	@ConfeIntersindi
@la_IAC	@ejanet15
@la_IAC	@ENDIKA59
@la_IAC	@EsterEsparrac
@la_IAC	@jesusfrias1967
@la_IAC	@joelbagur
@la_IAC	@MarcCasanovas4
@la_IAC	@MesaRomero
@la_IAC	@oriocosmic
@la_IAC	@polino69
@la_IAC	@redondo_mar
@la_IAC	@SixtoCasado
@la_IAC	@USTECSTEs
@la_IAC	@xhinaski
@labertadefraga	@DepoliticaCAT
@labertadefraga	@egrifell
@labertadefraga	@jordiCat1
@labolainfinita	@albert_carreras
@LABsindikatua	@berasa77
@LABsindikatua	@LABhaurreskolak
@LABsindikatua	@piratajonkar
@LaCroqueta6	@ajinkya_koshti
@LaCroqueta6	@Aldotinoco11
@LaCroqueta6	@ByPique
@LaCroqueta6	@Cuccittinii
@LaCroqueta6	@domzi98
@LaCroqueta6	@fcbhass
@LaCroqueta6	@hiccupsingh
@LaCroqueta6	@Johanfrederik26
@LaCroqueta6	@number10role
@LaCroqueta6	@omaircule
@LaCroqueta6	@RG_010
@LaCroqueta6	@xjalexgarakatx
@LacruzRaimon	@BellaMarchesini
@LacruzRaimon	@mabegon
@LacruzRaimon	@MartaBatet3
@lady_cat_bcn	@btxcgnbv
@lady_cat_bcn	@kobuz3
@lady_cat_bcn	@mgarc130
@ladysecrets_	@pgnestar
@laia2911	@aida_albertos
@laia2911	@marle501
@laia2911	@MelGalup
@LaiaAntunez	@judithpla68
@LaiaCQ	@gezthepez88
@laiagm	@lemna19
@Laiamoncau	@EricCastel74
@Laiamoncau	@joan2neu
@laianiceday	@ClandestinaCo
@Laiapf	@bcnsmarti
@laiapm	@JordiQ9
@laiapm	@txellpomes
@laiaramoni	@Niwanionegai
@laiars25	@Cynvizmo
@laiasabater	@75davidmartinez
@laiasabater	@achilifunk
@laiasabater	@activista7
@laiasabater	@agvendrell_c
@laiasabater	@ainasastre14
@laiasabater	@Algonfdez
@laiasabater	@AssumptaBolta
@laiasabater	@caboixo
@laiasabater	@cat_masu
@laiasabater	@cfrd1909cat
@laiasabater	@clauditxu
@laiasabater	@CUP_AMB
@laiasabater	@cupnacional
@laiasabater	@Francisco2015j
@laiasabater	@Gerrit1510
@laiasabater	@IsmaZARAGOZA
@laiasabater	@jmvidalillanes
@laiasabater	@JosepCarmona
@laiasabater	@lacruz_jordi
@laiasabater	@Laufer84
@laiasabater	@lopezserras
@laiasabater	@manoloaranjuez
@laiasabater	@MarionaCapdevi3
@laiasabater	@mgarc130
@laiasabater	@Nane_nanemusic
@laiasabater	@NuriFont
@laiasabater	@paula_tw_arias
@laiasabater	@Qeralt
@laiasabater	@roserllunell
@laiasabater	@RusoMikel
@laiasabater	@SeminarioTRSCYT
@laiasabater	@soniamekare
@laiasabater	@X_Lalena_X
@Laiasantapau	@FonteRodrigues
@laiazahara	@R_fried_chicken
@laiioonaa	@OswalSehatang
@Laksmizz	@_s40j
@Laksmizz	@EnricCTbcn
@Laksmizz	@sergitomas1
@LaLionesa	@ana_gllrd
@LaliRius	@1marolba
@laliwhite_	@gina28840
@laliwhite_	@nilstep
@lallacuna	@mrocaribera
@lalutxo	@tzitotxito
@LaMoretti85	@donlambon
@LandaJauna	@JosLaso
@LandaJauna	@puell13
@Lanoiacatalana	@AlberttGracia
@Lanoiacatalana	@DarkcVader
@Lanoiacatalana	@jmassagues
@Lanoiacatalana	@llturro
@Lanoiacatalana	@motiuscat
@Lanoiacatalana	@Totorelles
@Lanoiacatalana	@XavierHN
@lanu_mm	@morales_mire
@LaPotlla	@grantomasin
@LaPotlla	@jmtur63
@LaPotlla	@joangv66
@LaPotlla	@MegloGG
@lapreviafcv	@jmfivens
@lapreviafcv	@vila_ori
@lapurriana	@AitziIbaiba
@lapurriana	@asier_vega
@lapurriana	@ChesusRoyoTxema
@lapurriana	@DianaUrrea5
@lapurriana	@erlantzadei
@lapurriana	@Gauargi78
@lapurriana	@golo64
@lapurriana	@gorribeltz
@lapurriana	@IbarretxeJoseba
@lapurriana	@idoiamfer
@lapurriana	@ImanolNietoCasa
@lapurriana	@inakipenedo
@lapurriana	@jon_petra
@lapurriana	@JoxeanU
@lapurriana	@martinetxa
@lapurriana	@mikeloraa
@lapurriana	@mikeosin
@lapurriana	@mkl_a
@lapurriana	@nekoga22
@lapurriana	@nerelekue
@lapurriana	@Otsoland
@lapurriana	@Sagastaneku
@lapurriana	@zgorostizaga
@lapurriana	@zulobeltz
@LaraTerremoto	@poopie1598
@lareirinha	@RenmanCohen
@lariga222	@ferrancat1963
@lariga222	@FonteRodrigues
@larselona	@xavicht
@lasoniete	@RosaMonteroR
@latengoyo	@ahernandez094
@latengoyo	@antxel
@latengoyo	@avuurwerk
@latengoyo	@cassielback
@latengoyo	@Javifp_7
@latengoyo	@LaNiccaela
@latengoyo	@miriammg18
@latengoyo	@titusnaval
@lau_mvargas	@AfricaVG
@lau_mvargas	@alex_muni
@lau_mvargas	@alexitocn
@lau_mvargas	@ALizziehow33
@lau_mvargas	@arianaft5sxs
@lau_mvargas	@Balkunets
@lau_mvargas	@BeterNRE
@lau_mvargas	@bienne2001
@lau_mvargas	@corominas91
@lau_mvargas	@dirtynho
@lau_mvargas	@Dnesij
@lau_mvargas	@drumcodeuk
@lau_mvargas	@dypterus
@lau_mvargas	@EisyPC
@lau_mvargas	@eliaalenya
@lau_mvargas	@EmmaBP86
@lau_mvargas	@enricalsina
@lau_mvargas	@erikitin1
@lau_mvargas	@FonteRodrigues
@lau_mvargas	@gerard_rafart
@lau_mvargas	@guidlle
@lau_mvargas	@JLownLaw
@lau_mvargas	@KingBalance
@lau_mvargas	@laRossa05
@lau_mvargas	@LisaLionheart84
@lau_mvargas	@marinaolt
@lau_mvargas	@MatMezzetti
@lau_mvargas	@MedientanteMT
@lau_mvargas	@missanthrophy
@lau_mvargas	@MrSwats
@lau_mvargas	@NatalieSarantos
@lau_mvargas	@Nilaura_Horan
@lau_mvargas	@Norenche
@lau_mvargas	@nxrryftbooks
@lau_mvargas	@OmarXXIII
@lau_mvargas	@paumaso
@lau_mvargas	@PeReZoSo_98
@lau_mvargas	@PSolidarity08
@lau_mvargas	@q_Raquel_p
@lau_mvargas	@RiderOfDaStorm
@lau_mvargas	@rjarnau
@lau_mvargas	@Samford82
@lau_mvargas	@scoobysham
@lau_mvargas	@tamara_lucy
@lau_mvargas	@Titiua2017
@lau_mvargas	@VirgniaPalomo1
@lau_mvargas	@vok_steve
@lau_mvargas	@xavivila_
@lau_mvargas	@zenxv
@lauarevsanx	@Aizen__
@lauarevsanx	@paperopinguino
@laugs88	@RealTimMitchell
@LauMerino97	@capidanMar
@LauMerino97	@estefpc
@laura_fabra	@borrell99
@Laura_Gil_V	@LifeBeyondFife
@laura_rosel	@garmirbcn
@laura_rosel	@GuillemXiques
@laura_rosel	@llopis_cat
@Laura5o	@miqueltebar
@lauraaranv	@clodostudioisot
@laurabenseny	@rocamawra
@Laurablonde_	@AlberttSanch09
@Laurablonde_	@ana_dydr
@Laurablonde_	@GalletasMaria26
@Laurablonde_	@pirrakkillas
@Laurablonde_	@vayolich
@LauraBorras	@AlmedaPere
@LauraBorras	@RoserFons
@lauracfort	@AcampadaMordaza
@lauracfort	@canabales
@lauracfort	@CarmenLP1974
@lauracfort	@cmc_dts
@lauracfort	@DaniCueLoz
@lauracfort	@dolorsrevu
@lauracfort	@gemmaborroka
@lauracfort	@HecthorMel
@lauracfort	@jordisanchezc
@lauracfort	@josancanovas
@lauracfort	@JoseLuisTCJ15M
@lauracfort	@krisoany
@lauracfort	@LadyGamer_of
@lauracfort	@lefthandpath93
@lauracfort	@LesBauxdeProven
@lauracfort	@Maialen_Agirre
@lauracfort	@MANALVAN
@lauracfort	@matsmadrid
@lauracfort	@MeinciMedia
@lauracfort	@Mont74
@lauracfort	@NenaBlabla6
@lauracfort	@NuriaSanz5
@lauracfort	@salieri64
@lauracfort	@StopMordazas
@lauracfort	@warriorofthebar
@lauracfort	@xdemocradirecta
@lauracortada	@ainamaresma
@lauracortada	@bbbbbeti
@lauracortada	@GerardCunill
@lauracortada	@itsmariapayne
@lauracortada	@mullingardesire
@laurafeho	@EloiDarde
@lauragarfer15	@eyembieros0000
@LauraGinabreda	@TareixaPG
@lauragorriasc	@RogerVonBlume
@LauraGValcarce	@Hopeesperanz
@lauralruiz	@franloud
@lauramartiaixa	@forget_thebox
@Lauramcn1	@galliano_1
@lauramohe	@NessBcn
@lauramorgades	@oriolaymi
@laurapinyol	@CarmetaSegura
@lauraproust_f	@acastells94
@lauratarrazo	@EcoCyberPunk
@lauratarrazo	@jotaele_64
@lauravilly	@alis369
@lavecianapetita	@awmyrubius
@lavecianapetita	@motoretcatacric
@lazrebra	@krk01
@lbenaiges	@CollGuillamon
@lbenaiges	@KoroKoronel75
@LdMandarina	@MaybeSohaib
@LdMandarina	@Montse_Parra
@LeanInquisidor	@Manuel_Ghezzi
@LeanInquisidor	@raffo1900
@lecodesitges	@loladomene
@leecongwyneira	@mundo_d_libros
@legidus	@Putxiputxis
@LeHavreLutte	@_whippet
@LeHavreLutte	@1977Jrf
@LeHavreLutte	@2017Veritas
@LeHavreLutte	@22_dur
@LeHavreLutte	@59000Mbk
@LeHavreLutte	@94MarcoVss
@LeHavreLutte	@AbiAtletico
@LeHavreLutte	@AchessT
@LeHavreLutte	@adam_jokera
@LeHavreLutte	@agathe291
@LeHavreLutte	@AirlineTalks
@LeHavreLutte	@akhenaton6957
@LeHavreLutte	@akis_matoulas
@LeHavreLutte	@Aldinosaure
@LeHavreLutte	@Aleix_GG
@LeHavreLutte	@alexan_valery
@LeHavreLutte	@AlexisHiro
@LeHavreLutte	@alfons1074
@LeHavreLutte	@alguienvendra
@LeHavreLutte	@Alina__IVI
@LeHavreLutte	@ALizziehow33
@LeHavreLutte	@AmarMimun
@LeHavreLutte	@anagramapi
@LeHavreLutte	@AnnadeGirona
@LeHavreLutte	@annamareka
@LeHavreLutte	@Arimi17
@LeHavreLutte	@armandorincon2
@LeHavreLutte	@artnecessities
@LeHavreLutte	@arturobrevablas
@LeHavreLutte	@Astronoman76
@LeHavreLutte	@AswimiCold
@LeHavreLutte	@balieiros_
@LeHavreLutte	@Ballerinadijazz
@LeHavreLutte	@balthazhare
@LeHavreLutte	@bel_sevilla
@LeHavreLutte	@BelChi90
@LeHavreLutte	@belengomez937
@LeHavreLutte	@belenmacclure
@LeHavreLutte	@belusmedia
@LeHavreLutte	@Beniche
@LeHavreLutte	@BernatFelip
@LeHavreLutte	@Binouite
@LeHavreLutte	@bompresso01
@LeHavreLutte	@brandon93430
@LeHavreLutte	@brezescobar
@LeHavreLutte	@Brioso38
@LeHavreLutte	@Caperuzotaroja
@LeHavreLutte	@cariocache
@LeHavreLutte	@CarmenLP1974
@LeHavreLutte	@carnedecapital
@LeHavreLutte	@celyneroy14
@LeHavreLutte	@ChefOltman1
@LeHavreLutte	@ChocolaRei
@LeHavreLutte	@cianuro_gotas
@LeHavreLutte	@climent_pont
@LeHavreLutte	@CoordJeunesBdx
@LeHavreLutte	@Costapinta
@LeHavreLutte	@CriminalKoi
@LeHavreLutte	@CuadradoVII
@LeHavreLutte	@DaillanHugo
@LeHavreLutte	@DamVFL
@LeHavreLutte	@DANIEL8APINILLA
@LeHavreLutte	@david_sillet
@LeHavreLutte	@DC_Irene
@LeHavreLutte	@DecayShow
@LeHavreLutte	@deepnewsmulti
@LeHavreLutte	@deniscvbx
@LeHavreLutte	@desferrapertu
@LeHavreLutte	@dhasselmann
@LeHavreLutte	@dhmanagn
@LeHavreLutte	@dijibe
@LeHavreLutte	@DonaldIainKerr
@LeHavreLutte	@drugoflilo
@LeHavreLutte	@drumcodeuk
@LeHavreLutte	@EAlonso20
@LeHavreLutte	@Ed3Ba
@LeHavreLutte	@emgoyaars
@LeHavreLutte	@erostrate2
@LeHavreLutte	@errjey
@LeHavreLutte	@Escander7
@LeHavreLutte	@EUrrutikoetxea
@LeHavreLutte	@EvelyneRAFFAELL
@LeHavreLutte	@fabriziobrun2
@LeHavreLutte	@fafnir42
@LeHavreLutte	@fdomenechm
@LeHavreLutte	@femitana
@LeHavreLutte	@FenixNegre
@LeHavreLutte	@FerranGinebrosa
@LeHavreLutte	@Flash430
@LeHavreLutte	@FloSem9
@LeHavreLutte	@FlowRianXx
@LeHavreLutte	@Fred_Vino
@LeHavreLutte	@freedom0886
@LeHavreLutte	@freeorga
@LeHavreLutte	@Froginhotwater
@LeHavreLutte	@Ftoflo1
@LeHavreLutte	@Genome_Adin
@LeHavreLutte	@geofrance57
@LeHavreLutte	@ghenima13
@LeHavreLutte	@Glesga75
@LeHavreLutte	@gmcphotography
@LeHavreLutte	@goodshippequod
@LeHavreLutte	@Gourlotpascon
@LeHavreLutte	@grommgrimm
@LeHavreLutte	@GuillaumeRovere
@LeHavreLutte	@GusFarrow
@LeHavreLutte	@HanzoHattori23
@LeHavreLutte	@HeleneGarlan
@LeHavreLutte	@Ianjiss
@LeHavreLutte	@IhuJp
@LeHavreLutte	@im_sofi98
@LeHavreLutte	@InactiveExpired
@LeHavreLutte	@InefableGirl
@LeHavreLutte	@inex07
@LeHavreLutte	@invernessie_
@LeHavreLutte	@iRaKli_SbK
@LeHavreLutte	@irisitaaaaaaa
@LeHavreLutte	@isamariasmith
@LeHavreLutte	@ivan_prat
@LeHavreLutte	@JacquesMartel9
@LeHavreLutte	@JaredThreepoint
@LeHavreLutte	@jaume10sabria
@LeHavreLutte	@jimmypedya
@LeHavreLutte	@jlj21964
@LeHavreLutte	@jlm_jelaime
@LeHavreLutte	@Joanievaa
@LeHavreLutte	@JohannesDreijer
@LeHavreLutte	@jonkir33
@LeHavreLutte	@jordi_farre
@LeHavreLutte	@jordicomast
@LeHavreLutte	@JordiJobatcar
@LeHavreLutte	@Juliatwitte
@LeHavreLutte	@juliavasuta
@LeHavreLutte	@JuliieDsp
@LeHavreLutte	@kayblackwell
@LeHavreLutte	@kekorebeko
@LeHavreLutte	@Keurimies
@LeHavreLutte	@khaesar68
@LeHavreLutte	@laiars25
@LeHavreLutte	@lamiaedaoudi1
@LeHavreLutte	@lAnthroposophe
@LeHavreLutte	@Laura99CM
@LeHavreLutte	@LauraMadnezz
@LeHavreLutte	@LettreBrest
@LeHavreLutte	@lezamllligan
@LeHavreLutte	@LiveEUDebate
@LeHavreLutte	@lovenormandie
@LeHavreLutte	@lucharyresistir
@LeHavreLutte	@Ludovic_Loustau
@LeHavreLutte	@Madame_Lapin
@LeHavreLutte	@mamiedoux29
@LeHavreLutte	@maria_andy2
@LeHavreLutte	@Maria1899FCB
@LeHavreLutte	@maryannaq56
@LeHavreLutte	@masc47
@LeHavreLutte	@MatiasTrancas
@LeHavreLutte	@MaxxGhe
@LeHavreLutte	@meri0205
@LeHavreLutte	@Milenaotropique
@LeHavreLutte	@MithosViolett
@LeHavreLutte	@MitrovicaSerbe
@LeHavreLutte	@mjas98_
@LeHavreLutte	@MoonDomigui34
@LeHavreLutte	@morgantwwit
@LeHavreLutte	@mpadross
@LeHavreLutte	@MPertigan
@LeHavreLutte	@muryoko21
@LeHavreLutte	@Myriamyazag1
@LeHavreLutte	@mysko08
@LeHavreLutte	@nabilpaklong
@LeHavreLutte	@naojonfire
@LeHavreLutte	@NatalieSarantos
@LeHavreLutte	@neusduran
@LeHavreLutte	@newritture
@LeHavreLutte	@NicoImproprio
@LeHavreLutte	@Ninwa82
@LeHavreLutte	@nonone_verlisse
@LeHavreLutte	@nuria_miquel
@LeHavreLutte	@nuriania
@LeHavreLutte	@OArtigas
@LeHavreLutte	@onclemarcus
@LeHavreLutte	@papavlahou
@LeHavreLutte	@PartageSolidar
@LeHavreLutte	@paufoods
@LeHavreLutte	@Paulapattata
@LeHavreLutte	@Pereelcruel
@LeHavreLutte	@PetitCactus
@LeHavreLutte	@philippe_neefs
@LeHavreLutte	@PhilOGM
@LeHavreLutte	@pmillot25
@LeHavreLutte	@poshohyo
@LeHavreLutte	@QuintonGodsell
@LeHavreLutte	@raffaellamucci1
@LeHavreLutte	@rajaesoussi
@LeHavreLutte	@Ramonsofo
@LeHavreLutte	@RandomMimolette
@LeHavreLutte	@rduport32
@LeHavreLutte	@Reivindicatiu
@LeHavreLutte	@rens_beck
@LeHavreLutte	@RichiePrice
@LeHavreLutte	@rincondelacalle
@LeHavreLutte	@RocaLongares
@LeHavreLutte	@RomanetJC
@LeHavreLutte	@RubenRaz
@LeHavreLutte	@ruedesmusees
@LeHavreLutte	@RumboStereo
@LeHavreLutte	@runningcommntry
@LeHavreLutte	@salahsalah65651
@LeHavreLutte	@sam_argento
@LeHavreLutte	@SantelliAnge
@LeHavreLutte	@SantiF76
@LeHavreLutte	@saraherencia
@LeHavreLutte	@sarasusann
@LeHavreLutte	@saraustudio
@LeHavreLutte	@savinkov6906
@LeHavreLutte	@Sbornaia
@LeHavreLutte	@SelvaticoM
@LeHavreLutte	@Sergidisseny
@LeHavreLutte	@sexjjong
@LeHavreLutte	@shakhtarska
@LeHavreLutte	@Sheeronymo
@LeHavreLutte	@sikokosmik
@LeHavreLutte	@SilvanaGrcia
@LeHavreLutte	@simanonadesso
@LeHavreLutte	@SirGully
@LeHavreLutte	@SkiProJG
@LeHavreLutte	@squareriver
@LeHavreLutte	@ssegarram
@LeHavreLutte	@Ssuricat
@LeHavreLutte	@STIVMR
@LeHavreLutte	@stuart_douglas
@LeHavreLutte	@SusiBallabio78
@LeHavreLutte	@Sweeet83
@LeHavreLutte	@taighnamona
@LeHavreLutte	@thmscq
@LeHavreLutte	@ThunderPointLtd
@LeHavreLutte	@THX113812
@LeHavreLutte	@traquir
@LeHavreLutte	@tristanpw1
@LeHavreLutte	@TRoderic
@LeHavreLutte	@tshdeb
@LeHavreLutte	@twitemp1
@LeHavreLutte	@UnHommedeGauche
@LeHavreLutte	@Union_Droite
@LeHavreLutte	@valbissera
@LeHavreLutte	@VelumaT
@LeHavreLutte	@Venturi1973
@LeHavreLutte	@VerdesInfo
@LeHavreLutte	@veroalthen
@LeHavreLutte	@vilasalva
@LeHavreLutte	@vincentroux78
@LeHavreLutte	@volpi_raffaele
@LeHavreLutte	@voluntarioscjc
@LeHavreLutte	@wageling111
@LeHavreLutte	@weedsofperry
@LeHavreLutte	@WildNymeria
@LeHavreLutte	@wildtunis
@LeHavreLutte	@WobblingWeebles
@LeHavreLutte	@xenaphon
@LeHavreLutte	@xtoffishard888
@LeHavreLutte	@yoreybutch
@LeHavreLutte	@ZabouVillon
@LeHavreLutte	@zulfu_yoluk
@Leireva	@Ekabaraka26
@lenacostadiaz	@spb_tweets
@Leo_CVF	@joanpere08
@Leo_CVF	@KownisR
@LeoAnselmi	@anna_terrades
@LeoAnselmi	@arasiquetoca
@LeoAnselmi	@carmebonafont
@LeoAnselmi	@cristinadalfo
@LeoAnselmi	@efernandezo2010
@LeoAnselmi	@galceran11
@LeoAnselmi	@GCATulo
@LeoAnselmi	@Jmsa76
@LeoAnselmi	@manel174801
@LeoAnselmi	@RaiPuig
@LeoAnselmi	@titotgn
@leonardobecr	@MariaRincon711
@leonleger	@liahalcyon
@leonleger	@NinaBru82
@leonleger	@paubloescobar
@lexmasague	@erikitin1
@lexxxandra_	@Andrea130776
@lexxxandra_	@Montse_Parra
@lexxxandra_	@MONTSEVILAVILA
@lexxxandra_	@Nati_cat1
@LFImagina	@CDRFranqueses
@LFImagina	@jordi_artal
@LFImagina	@pjmagda
@lia_voort	@mariolezoche
@Liavva	@brut_salvadi
@Liavva	@NaFucknanana
@Lidamass	@Nuriachurch
@lidia_000	@Roger_Macias28
@LidiaHinojal	@mpuigvert4
@LidiaInfanteM	@Arkaitz_Sanz
@LidiaInfanteM	@beaxorti
@LidiaInfanteM	@BrojaMayTwit
@LidiaInfanteM	@Carlitosmorapor
@LidiaInfanteM	@ChaoticNaerys
@LidiaInfanteM	@desidiaindolent
@LidiaInfanteM	@EdgarStation
@LidiaInfanteM	@Ehaurrera
@LidiaInfanteM	@fallingmindz
@LidiaInfanteM	@IrxnWizard
@LidiaInfanteM	@ismatkd95
@LidiaInfanteM	@JoseFDZDalmau
@LidiaInfanteM	@k1k3d14z
@LidiaInfanteM	@karenvizue
@LidiaInfanteM	@Laauraaps
@LidiaInfanteM	@lamaynade
@LidiaInfanteM	@MarGomezBorrego
@LidiaInfanteM	@miim_3d
@LidiaInfanteM	@Miss_Bickle
@LidiaInfanteM	@missvenenno
@LidiaInfanteM	@natrfe
@LidiaInfanteM	@naturadecapsdde
@LidiaInfanteM	@RogerTobajas
@LidiaInfanteM	@SaRuperta
@LidiaInfanteM	@smonicats
@LidiaInfanteM	@SrLavarez
@LidiaInfanteM	@UntalentedAngel
@LidiaInfanteM	@xmitjavil
@LidiaSenra	@AndreMCes
@LidiaSenra	@AndresLodeiro
@LidiaSenra	@AnovaCompostela
@LidiaSenra	@AnovaOurense
@LidiaSenra	@AnovaPontevedra
@LidiaSenra	@elektrofossile
@LidiaSenra	@En_Marea
@LidiaSenra	@GUENGL
@LidiaSenra	@inaciogz
@LidiaSenra	@maneltec
@LidiaSenra	@rcondese
@LidiaSenra	@saturninox
@LidiaSenra	@soaak
@LidiaSenra	@SoniaBlltrs
@LidiaSenra	@VillaresLuis
@lilamesq	@fcbpetwr
@limonitaparda	@DjRepubliCAT
@limonitaparda	@JoxeanU
@limonitaparda	@mglaosv
@limonitaparda	@peronelladarago
@Lina_Font	@sandracarrera
@Linaguasca	@nuriajoana
@linuxnow	@icalleja
@lionelpla	@ajuntamentsort
@lionelpla	@conegutisaludat
@lionelpla	@imma_trias
@lionelpla	@Txellfort
@Lis_RepCat	@BeasleyMel
@lisiandres	@chuscartes
@lisiandres	@Datorra
@lisiandres	@GranCarcamalo
@lisiandres	@Guendor
@lisiandres	@miquel_gene
@litgis	@gadriera
@LittleCule	@drumcodeuk
@LittleCule	@Kata_fcb
@LittleCule	@Moha2605
@LittleCule	@paperopinguino
@lizcastro	@1010100_l
@lizcastro	@1969ahbrown
@lizcastro	@28mavi28
@lizcastro	@Acquiesce1968
@lizcastro	@adriafores
@lizcastro	@alberticious
@lizcastro	@AlemanyManel
@lizcastro	@Alexandraselo13
@lizcastro	@AlexLVBS
@lizcastro	@ancnyc
@lizcastro	@andreuqs
@lizcastro	@Atomic_Blonde__
@lizcastro	@avilagrann
@lizcastro	@BeterNRE
@lizcastro	@BlaugranaFan27
@lizcastro	@Britanniacomms
@lizcastro	@CalumGW
@lizcastro	@comfer02
@lizcastro	@CosterutMuc
@lizcastro	@DenzpDp
@lizcastro	@djehoety
@lizcastro	@ellaorange
@lizcastro	@eltwitderuben
@lizcastro	@EUPARTYEFA
@lizcastro	@filumestre
@lizcastro	@FonteRodrigues
@lizcastro	@gjl0403
@lizcastro	@GloriaSacer
@lizcastro	@goldismine2016
@lizcastro	@GraceBrodie
@lizcastro	@gweirydd
@lizcastro	@HenriRouquier
@lizcastro	@iamxa
@lizcastro	@iusbarcelona
@lizcastro	@jimnarlene
@lizcastro	@JoanBragulat
@lizcastro	@joanki77
@lizcastro	@JoanMoralesR
@lizcastro	@jordirodon
@lizcastro	@juandelosciegos
@lizcastro	@Justforaday2014
@lizcastro	@justofly
@lizcastro	@LightInTheSoul
@lizcastro	@limpet67
@lizcastro	@Mae_Carson2
@lizcastro	@Maluku234
@lizcastro	@marilichat
@lizcastro	@marissa_prat
@lizcastro	@MarkDonegan3
@lizcastro	@Marsi132
@lizcastro	@mccorominas
@lizcastro	@mestressadecasa
@lizcastro	@monicacomaroura
@lizcastro	@montserumbau
@lizcastro	@motiuscat
@lizcastro	@Mr_Mitchell
@lizcastro	@ncoloma2
@lizcastro	@OriolSalva
@lizcastro	@Peret72118101
@lizcastro	@Perlapau
@lizcastro	@RuralLeader
@lizcastro	@SantiGoogle
@lizcastro	@SeminarioTRSCYT
@lizcastro	@sianhowys
@lizcastro	@SOCIO34050
@lizcastro	@SonjaHern
@lizcastro	@Suttanaccia
@lizcastro	@TereRamos1980
@lizcastro	@Toetterbeck
@lizcastro	@tranamay
@lizcastro	@trosdeterros
@lizcastro	@uaiartza
@lizcastro	@uribombu
@lizcastro	@vladimixx
@lizcastro	@weststrider
@lizcastro	@Wittgenstein_jm
@lizcastro	@Xavi44896342
@lizcastro	@Xaviserrag
@lizcastro	@xevipuix
@lizcastro	@YeahBoutThat
@lizcastro	@YelnikoffMikael
@lizcastro	@zirikasten
@ljuank	@microSlider
@ljusti_12	@Froginhotwater
@ljusti_12	@marcmarti_3d
@ll_espluga	@FRemolins
@llaberia	@JaumeLlaveria
@LlagosteraRadio	@JUANLUISCHAVESG
@LlagosteraRadio	@MirjamSalzgeber
@LLEIXAPAU	@jcanudas
@LLEIXAPAU	@sandra_ec81
@LLEIXAPAU	@sentuan66
@Llibertatcat	@alfonssegui
@Llibertatcat	@AmaiaMarcotegui
@Llibertatcat	@atzori_piero
@Llibertatcat	@clodostudioisot
@Llibertatcat	@dimi_karr
@Llibertatcat	@ensayofr
@Llibertatcat	@FonteRodrigues
@Llibertatcat	@FrancescJ63
@Llibertatcat	@haizeabianca
@Llibertatcat	@izar_garcia
@Llibertatcat	@mrmormor
@Llibertatcat	@Orlik_Cat
@Llibertatcat	@PauKokura
@Llibertatcat	@raquel_castella
@Llibertatcat	@reem_halim1
@Llibertatcat	@smileytennant
@Llibertatcat	@SuzyDespes
@Llibertatcat	@Txistularia
@Llibertatcat	@UltimateSamy
@llimoo	@Anarchy3301
@llimoo	@AndreaCarmona3
@llimoo	@AndreuMaestre
@llimoo	@bannedgarden
@llimoo	@BeansMacca
@llimoo	@brochcarla
@llimoo	@Cristinity83
@llimoo	@detroise
@llimoo	@dvlz32
@llimoo	@egraells
@llimoo	@Favierml
@llimoo	@Felicidad_15
@llimoo	@gerardoistrakh
@llimoo	@giselatorns
@llimoo	@hux79
@llimoo	@JordiFZR
@llimoo	@KireFdz
@llimoo	@laaprendizdemuc
@llimoo	@llibrot
@llimoo	@MartiEstella
@llimoo	@mohamed_toloco
@llimoo	@Natalia_Castan
@llimoo	@nuriabaraza
@llimoo	@oscarrm84
@llimoo	@PableteCS
@llimoo	@perelluis_
@llimoo	@plrualb
@llimoo	@ramonaguilarg
@llimoo	@referendumbdn
@llimoo	@rosa23_05
@llimoo	@sergicabesa_10
@llimoo	@SerMG97
@llimoo	@tote_llado
@llimoo	@Urivil
@llimoo	@victormayolas
@llimoo	@WolfUchiha17
@llopis_dolors	@pepealvarezruiz
@llribera	@ainabaig
@llribera	@CUPdeFigueres
@llribera	@fcvilamalla
@llribera	@gerardespuna
@llribera	@ivi_prat
@llribera	@linarinho
@llribera	@QuimRevi
@lluc_coro22	@jcanero_00
@lluc_coro22	@ra_coro66
@lluciaferrer	@_FerVS_
@lluciaferrer	@Annisalvo
@lluciaferrer	@davicuve
@lluciaferrer	@josepvivesg
@lluciaferrer	@Soapmo
@lluciaferrer	@sori_cpr
@LluisClick	@SomSantaEulalia
@lluiscorcule	@montse_oriol
@lluiscuevas	@SaraAntoniazzi
@Lluismol	@crisvi60
@LluisMS	@Ariadnaclos
@LluisMS	@Cupkatech3rry
@LluisMS	@ICABCN
@LluisMS	@RMarsinyach
@lluisrobles	@guillemmolist79
@lluisrobles	@icartfl
@lluisrobles	@MGV_1980
@Lluna_ae	@joanvendrellg
@Lluna_ae	@revolaution_
@Lluna_ae	@Soy_AntiTaurin0
@LlunaCatalana	@JaumeXii70
@LlunaCatalana	@xmaestre72
@LoavMiguelk	@A2deCiegos
@LoavMiguelk	@LoavMiguelk
@LoavMiguelk	@MalagaultrasFB
@LoavMiguelk	@MielLaVicha
@LoavMiguelk	@patagonfox
@LoavMiguelk	@samliogluayseni
@loca_mono	@curra737
@loca_mono	@mariadenines4
@LocoTaca	@letiiFQ
@LocoTaca	@porrastraigo
@lokir2012	@evabt1979
@lokir2012	@Javierjogav
@lola_vendetta	@_berta4with
@lola_vendetta	@Ams64lleida
@lola_vendetta	@bioshookk
@lola_vendetta	@carlota1899
@lola_vendetta	@Coooootu
@lola_vendetta	@DestWestera
@lola_vendetta	@EstebanRusso
@lola_vendetta	@infinitoaam
@lola_vendetta	@LuciaGO_12
@lola_vendetta	@marinaavalor
@lola_vendetta	@MiaTuya11
@lola_vendetta	@Rainbow_Martha
@lola_vendetta	@rociomoralesmr
@lola_vendetta	@rsol3r
@lola_vendetta	@sarasusann
@lola_vendetta	@seticornia
@lola_vendetta	@sonia_herrera_s
@lola_vendetta	@tamaradc3
@LolloNapoli96	@nonmoltoserena
@londoncraziness	@berglarka
@londoncraziness	@coskunsu
@londoncraziness	@crischarliepaul
@londoncraziness	@DiddlesMo
@londoncraziness	@lozzaloulilei
@loquetequierod1	@xfornesa
@LordTenebrum	@Nizeyo
@LordWektabyte	@_Doasy
@LorenaAlmi	@sperezrom
@losardonic	@MeAventuro
@losimo	@kaxarrillos
@losimo	@wolfkoba47
@lotcatsalt	@nkamensky
@lpascual60	@lali2013
@luaa_du	@ek0d3
@luaneverland	@Klara297
@lucasammr	@barcabets
@LucasMurFlorez	@mur_hugo
@LuchismoD	@jorgesanz14
@LuchismoD	@MawsAuLune
@LuchismoD	@MaxRieraB
@LuchismoD	@MissMusain
@LuchismoD	@Rezakhan20
@LuchismoD	@RobbyEspierre
@LuciVegaRiba	@DoloMartinez69
@LuciVegaRiba	@pedrerolac
@Ludovic_Loustau	@Brooklyn_eusko
@Ludovic_Loustau	@domingobdn
@Ludovic_Loustau	@nathdelvidre
@Ludovic_Loustau	@RicardBellera
@luis_rafael87	@fco_vega
@luismolla	@AntonioHLobo
@luismolla	@javierodr
@luismolla	@JorgeLahoudH
@luismolla	@JuandeRuano
@luismolla	@luisa1ale
@luismolla	@magabel1
@luismolla	@Rayco_Padilla
@luismolla	@Saulsv1
@luismolla	@Victor_Rodguez
@luismolla	@ybauher2
@lumoscriptum	@MarcTennant
@lumoscriptum	@rasmuskongshoej
@lumoscriptum	@slavignotte
@lv_susana	@carmeladocampo
@lv_susana	@HHelenaderksen
@lv_susana	@maimateus
@lv_susana	@martadmarcos
@lynxman	@jose_cheka
@lynxman	@MyPitit
@lyydiiabf	@BellaBelBess
@m_corrales_	@jordicrisol
@m_lucea	@MghTdr
@m_r_cesar	@JoanDeDua
@m_sola9	@AritzHuarte
@m_sola9	@BeniRojano
@m_sola9	@chulidelbruc
@m_sola9	@javier_ganuza98
@m_sola9	@leyregar98
@m_sola9	@Samantha_Diez10
@m_sola9	@Smilegcu
@m1rta	@felip_sarroca
@Ma_Heller	@1SVETA222
@Ma_Heller	@AchimW
@Ma_Heller	@Acquiesce1968
@Ma_Heller	@actionScript3
@Ma_Heller	@ahtlam
@Ma_Heller	@alex997755
@Ma_Heller	@alexaboco
@Ma_Heller	@AlexanderZeBoom
@Ma_Heller	@AlexLVBS
@Ma_Heller	@alfakherturk
@Ma_Heller	@alycialeah
@Ma_Heller	@amontserratb
@Ma_Heller	@an_aus_ende
@Ma_Heller	@Anders_Lassen75
@Ma_Heller	@AntiEU2
@Ma_Heller	@ARealPrincesa
@Ma_Heller	@artepmobil
@Ma_Heller	@arxinata
@Ma_Heller	@ayemait
@Ma_Heller	@AyrDelighted
@Ma_Heller	@baeklovesmoni
@Ma_Heller	@banjer1234
@Ma_Heller	@BastiaanNik
@Ma_Heller	@BayernRSSNews
@Ma_Heller	@berfokurd
@Ma_Heller	@bernorjill
@Ma_Heller	@beu2009
@Ma_Heller	@billyboyjoy
@Ma_Heller	@brasaperpetua
@Ma_Heller	@bruixaescarlata
@Ma_Heller	@CamObserved
@Ma_Heller	@CanariNegre
@Ma_Heller	@carolekingnyc
@Ma_Heller	@carolinabalmes
@Ma_Heller	@carthografo
@Ma_Heller	@ChrisMortuusIII
@Ma_Heller	@claudiaguasch
@Ma_Heller	@Craftergut
@Ma_Heller	@CranleyTim
@Ma_Heller	@creepersk
@Ma_Heller	@cristinablumese
@Ma_Heller	@culer_8
@Ma_Heller	@DalalDalal_
@Ma_Heller	@David__Agustin
@Ma_Heller	@DaysofCondor
@Ma_Heller	@deborahjlundy
@Ma_Heller	@demian_goldmund
@Ma_Heller	@DexterHouseCAT
@Ma_Heller	@dhmanagn
@Ma_Heller	@dornkobold
@Ma_Heller	@ducktap54400020
@Ma_Heller	@Duli_Castillo
@Ma_Heller	@EclecticMommaZ
@Ma_Heller	@eduardfarran
@Ma_Heller	@elenispiridi
@Ma_Heller	@erikitin1
@Ma_Heller	@Esther_Fuldauer
@Ma_Heller	@etnica
@Ma_Heller	@EuroscepticBCN
@Ma_Heller	@fartyowl
@Ma_Heller	@FergusonTime
@Ma_Heller	@ferranmaylinch
@Ma_Heller	@flawmin
@Ma_Heller	@fmcgrath19
@Ma_Heller	@FocEstelar
@Ma_Heller	@FonteRodrigues
@Ma_Heller	@frenkie4allll
@Ma_Heller	@frisch_fish
@Ma_Heller	@frodo1958
@Ma_Heller	@FxxkBang
@Ma_Heller	@Gata_negra93
@Ma_Heller	@gatubella89
@Ma_Heller	@gatvolador
@Ma_Heller	@gellas1
@Ma_Heller	@geodimoni2
@Ma_Heller	@GiKi56534206
@Ma_Heller	@gonzosmom
@Ma_Heller	@GRlEZMAN
@Ma_Heller	@Gunnerdon
@Ma_Heller	@Harald70199
@Ma_Heller	@HardwayNovember
@Ma_Heller	@HeinrichUschi
@Ma_Heller	@HenkSchorel
@Ma_Heller	@hizmetetrahatet
@Ma_Heller	@Honar_zen
@Ma_Heller	@hquinzelxxx
@Ma_Heller	@ibad_arifeen
@Ma_Heller	@IbeliceS
@Ma_Heller	@imma_alberch
@Ma_Heller	@ingathomas
@Ma_Heller	@IsabelPDias
@Ma_Heller	@JamesCo0884
@Ma_Heller	@janilkiz
@Ma_Heller	@JaredThreepoint
@Ma_Heller	@jasminfarahani
@Ma_Heller	@JeanneTherrien1
@Ma_Heller	@joanpaurue
@Ma_Heller	@JohnGort
@Ma_Heller	@jordipallars
@Ma_Heller	@josefjosef66
@Ma_Heller	@JuliaMalatesta2
@Ma_Heller	@junagrey
@Ma_Heller	@katyasim2007
@Ma_Heller	@KebabViking
@Ma_Heller	@kiyomihash1
@Ma_Heller	@Klingelingl
@Ma_Heller	@labrecquef
@Ma_Heller	@LadyVeteran23
@Ma_Heller	@LC180666
@Ma_Heller	@lcaramelos23
@Ma_Heller	@Little_Breno
@Ma_Heller	@luzmcaro
@Ma_Heller	@mad_scalpel
@Ma_Heller	@magismu
@Ma_Heller	@magna_est
@Ma_Heller	@MamaBear64
@Ma_Heller	@mamashka4
@Ma_Heller	@marflorenti
@Ma_Heller	@mariinastyles
@Ma_Heller	@Marinamas
@Ma_Heller	@martequis
@Ma_Heller	@maxiegeismar
@Ma_Heller	@mjerb43_erb
@Ma_Heller	@modulistic
@Ma_Heller	@montserratfj
@Ma_Heller	@MPalau27
@Ma_Heller	@MrAdiamah
@Ma_Heller	@mrh137
@Ma_Heller	@mrstone0856
@Ma_Heller	@mstrubell_EN
@Ma_Heller	@MyCodeOfConduct
@Ma_Heller	@MyPitit
@Ma_Heller	@nakachiy
@Ma_Heller	@natisanjuan
@Ma_Heller	@NicoleGascon9
@Ma_Heller	@Nikiniria
@Ma_Heller	@Nizeyo
@Ma_Heller	@NoeCostaRiu
@Ma_Heller	@non_fingo
@Ma_Heller	@number10role
@Ma_Heller	@OBoriba
@Ma_Heller	@osktwitt
@Ma_Heller	@Papa_Papin
@Ma_Heller	@Paraules
@Ma_Heller	@Paulet790
@Ma_Heller	@pedrolesteban
@Ma_Heller	@Pinkmartini58
@Ma_Heller	@polsters
@Ma_Heller	@rajm2016
@Ma_Heller	@RatasyPalancas
@Ma_Heller	@RealStefanieW
@Ma_Heller	@rinushoogstad
@Ma_Heller	@RogerTorres22
@Ma_Heller	@RogerVonBlume
@Ma_Heller	@SaraiCoonors
@Ma_Heller	@sbergeron
@Ma_Heller	@Sharky7119
@Ma_Heller	@SilkEspectre
@Ma_Heller	@Solo_maximus
@Ma_Heller	@somgentdpau
@Ma_Heller	@spb_tweets
@Ma_Heller	@stablefield
@Ma_Heller	@StafBettridge
@Ma_Heller	@stephan1097
@Ma_Heller	@SuvorovSlovo
@Ma_Heller	@svenski72
@Ma_Heller	@svoichuzhoi
@Ma_Heller	@swaccountants
@Ma_Heller	@SWeingart3
@Ma_Heller	@Tassia09
@Ma_Heller	@Thatsaying
@Ma_Heller	@Tinimaus1110
@Ma_Heller	@Titiua2017
@Ma_Heller	@tormenta_negra_
@Ma_Heller	@TorrentSeeding
@Ma_Heller	@uriki_ville
@Ma_Heller	@uriy_ionin
@Ma_Heller	@victor_serrat
@Ma_Heller	@wbdnewton
@Ma_Heller	@welt
@Ma_Heller	@willemtax
@Ma_Heller	@YousifAlmayyahi
@ma10_tt	@Halamyass
@ma10_tt	@Jedermanndenkt
@ma10_tt	@XaviEscufi
@maaarc076	@oscargraup
@MabelFlores_	@salome_sanche
@MacNutty_Buddy	@katoubudoutou
@MaddBCN	@perelluis_
@Madre_Superada	@zancadametalica
@madriz_1980	@alber77rubio
@magdacas	@MovEsquerres
@magdisere	@lauracarrera_8
@Magi_Batllevell	@toniorensanz
@MagiQueralt	@oriolconstanti
@magri_xm	@AdriaBlasqueau
@magri_xm	@mvictoria_tgn
@maguila_gorila	@Balfeater
@maguila_gorila	@CDR_SEulalia
@MaiGoni27	@simplicisimus8
@mainouv	@agtagt82
@mainouv	@Alfon_libertad
@mainouv	@Alfonso_ArSan
@mainouv	@Blancanieves15m
@mainouv	@bocademelocoton
@mainouv	@CriminalKoi
@mainouv	@DontEvenFight
@mainouv	@eljospri
@mainouv	@EveeShady
@mainouv	@Farenheit_451_
@mainouv	@JoanMoralesR
@mainouv	@johebl
@mainouv	@juan5inmiedo
@mainouv	@juditrmeu
@mainouv	@juuuuannjo
@mainouv	@kandepalleiro
@mainouv	@kolontai1959
@mainouv	@mariabartralot
@mainouv	@MariaPopi6
@mainouv	@mividadegira
@mainouv	@mmontesdorado
@mainouv	@mpfernando
@mainouv	@paula_biar
@mainouv	@PecoJoan
@mainouv	@pielsolma
@mainouv	@RobbyEspierre
@mainouv	@robertopuntosol
@mainouv	@Sanjo_DH
@mainouv	@SusodeToro1
@mainouv	@unratontonton
@mainouv	@VRC35446998
@mainouv	@Xaxi70
@mainouv	@XI_j_inter
@mainouv	@xpresando_
@mainouv	@yaguelen
@maiol2	@PetitPois70
@maiol2	@XaviRoca66
@maitasun	@MundoBarcino
@maitetear	@ClaudiaCampos81
@maitetear	@cristinaaaa91
@maitetear	@CUPBerga
@maitetear	@francinanavarro
@maitetear	@jbonfi
@maitetear	@Joan_Ortiga
@maitetear	@JuanJ2708
@maitetear	@mesperansa
@maitetear	@paullamu
@maitetear	@Pep__Vila
@maitetear	@sbnoguera
@Maje2	@sortegamarch
@majosiscar	@AlinGoche
@majosiscar	@EileenTruax
@majosiscar	@ktanews
@majosiscar	@laiaaltarriba
@majosiscar	@luisghernan
@majosiscar	@maya_lb02
@majosiscar	@NatTheFucker
@majosiscar	@paperopinguino
@majosiscar	@quinacosatu
@majosiscar	@tazy
@Mal_concierto	@AgerGolden
@Mal_concierto	@Barrikako_Semea
@Mal_concierto	@isabelrdos
@Mal_concierto	@kpasakpasa
@Mal_concierto	@Lauramcn1
@Mal_concierto	@patri_summer
@Mal_concierto	@pepbuendia
@Mal_concierto	@Punyeflas
@Mal_concierto	@ScotlandClare
@Mal_concierto	@Tom_Celt
@Mal_concierto	@Totemhawer
@Mal_concierto	@Udaiso
@Mal_concierto	@unodelatletik
@Mal_concierto	@yatedigoyoque
@Malaka_Iberico	@aguadojordi82
@Malaka_Iberico	@ClaudiaGrossi4
@Malaka_Iberico	@Cylon69
@Malaka_Iberico	@JORGE_28030
@Malaka_Iberico	@SantsTV
@ManCatalonia	@nunadejuancomas
@manel_monllao	@DraRubioMayol
@manel_monllao	@MES_Baix_Llob
@manel_monllao	@MESMolinsdeRei
@manel_monllao	@MESSantJustDesv
@manel_monllao	@MFiguerasR
@manel_monllao	@MovEsquerres
@manel_monllao	@SocialismexCAT
@ManelBlanco	@gmdavid91
@ManelBlanco	@PaaulyMalik
@manelcom	@pinhole_cat
@ManelEsteller	@Silvia117
@manelmarti23	@Laialais
@manelmartinezz	@gagarin45
@ManelPalacin	@mrn_jb
@manfree72	@persa526
@manuel_g_g	@CarmeMas
@manuel_g_g	@fmartinfe
@manuel_g_g	@jordialmirall
@manuel_g_g	@TxellBegues
@manuel_g_g	@xmitjavil
@ManuGuix	@_jordipahisa
@ManuGuix	@_SeguireSomiant
@ManuGuix	@1OVotarem
@ManuGuix	@3Laura_8
@ManuGuix	@agusti_bou
@ManuGuix	@aimipol
@ManuGuix	@ALBERT_TEVI
@ManuGuix	@AlbertVinasV
@ManuGuix	@albgomc
@ManuGuix	@alexmiquel
@ManuGuix	@andaira921
@ManuGuix	@andreuartes
@ManuGuix	@AndreuRicart
@ManuGuix	@AnitaDEscriche
@ManuGuix	@annaforn
@ManuGuix	@AnnaVicens1
@ManuGuix	@awembley2011
@ManuGuix	@Bautista2121
@ManuGuix	@bel1881
@ManuGuix	@brittenic
@ManuGuix	@BumEscarabat
@ManuGuix	@buskome
@ManuGuix	@c_ferrandis
@ManuGuix	@CarlaSam93
@ManuGuix	@carlesvb
@ManuGuix	@CarlesVidal
@ManuGuix	@CarmeJunyent
@ManuGuix	@chulidelbruc
@ManuGuix	@ClaraPrUb
@ManuGuix	@ClaudiaBravo0
@ManuGuix	@cogesme
@ManuGuix	@colli_5
@ManuGuix	@cris_ctzh
@ManuGuix	@Cristina_P_Cat
@ManuGuix	@cristinafreixas
@ManuGuix	@daniel_angles
@ManuGuix	@danielbetoret
@ManuGuix	@degreis_85
@ManuGuix	@dlopez_85
@ManuGuix	@driveyourdreams
@ManuGuix	@Dunalia
@ManuGuix	@EAarteako12
@ManuGuix	@elenanitocat
@ManuGuix	@emmademingo
@ManuGuix	@EmpesCAT
@ManuGuix	@EstherQuerol1
@ManuGuix	@EvaHill33
@ManuGuix	@fbelinch
@ManuGuix	@Ferran_cat67
@ManuGuix	@figuinsjoss
@ManuGuix	@Fran_Yera
@ManuGuix	@garzonxavier
@ManuGuix	@gemcaballol
@ManuGuix	@gemma_flaque
@ManuGuix	@GerardLleida
@ManuGuix	@gerardvallejo
@ManuGuix	@grantomasin
@ManuGuix	@guillem309
@ManuGuix	@GuillemBelmar
@ManuGuix	@Hermesaudio
@ManuGuix	@hfontcall
@ManuGuix	@iiiiiireeenaah
@ManuGuix	@IndepesSi
@ManuGuix	@IsaacJasrod
@ManuGuix	@jAlcaidePl
@ManuGuix	@jaumevallde
@ManuGuix	@JF_Abril
@ManuGuix	@jir581
@ManuGuix	@joamarem
@ManuGuix	@JoanMarcBeltran
@ManuGuix	@JoanMBusquets
@ManuGuix	@JorCuni
@ManuGuix	@jordiboschllado
@ManuGuix	@jordipons8
@ManuGuix	@JordiVanderwaal
@ManuGuix	@Josefa81479632
@ManuGuix	@joseptweets
@ManuGuix	@jplanasbielsa
@ManuGuix	@JuditTurro
@ManuGuix	@Jvillaver2
@ManuGuix	@karencostaroca
@ManuGuix	@kleiis
@ManuGuix	@LaiaVac
@ManuGuix	@lasilviaijo
@ManuGuix	@LauraMonill
@ManuGuix	@lluis1893
@ManuGuix	@lourdesbigorra
@ManuGuix	@maite_saco
@ManuGuix	@marccomapuig
@ManuGuix	@MariaOxbow
@ManuGuix	@mariapgrock
@ManuGuix	@Maribel30559727
@ManuGuix	@maxestrella34
@ManuGuix	@merceplus
@ManuGuix	@mgorrea
@ManuGuix	@Mirksar
@ManuGuix	@neus16158995
@ManuGuix	@nnataliaa82
@ManuGuix	@noe_noranta
@ManuGuix	@Nuriamatavera
@ManuGuix	@olgasentinella
@ManuGuix	@osquiqui
@ManuGuix	@Panxuts1
@ManuGuix	@Periku78
@ManuGuix	@Quim_Sabate
@ManuGuix	@QuimTorrent
@ManuGuix	@ramontremosa
@ManuGuix	@RLombarte
@ManuGuix	@roccasagran
@ManuGuix	@rogertort
@ManuGuix	@Rosacat14
@ManuGuix	@roserro
@ManuGuix	@sabata55
@ManuGuix	@SaimonOscar
@ManuGuix	@saltaborni
@ManuGuix	@sancia
@ManuGuix	@Sara67822151
@ManuGuix	@silvialwk
@ManuGuix	@SiNoEtVaBePorta
@ManuGuix	@Sis0kala
@ManuGuix	@sorcalaf
@ManuGuix	@tagulles
@ManuGuix	@TatoLatorre
@ManuGuix	@tearsoffrost
@ManuGuix	@tellodoctor
@ManuGuix	@txainbe
@ManuGuix	@UlldeFalco
@ManuGuix	@uri_puigdemont
@ManuGuix	@Uusuari
@ManuGuix	@verygurt
@ManuGuix	@VickyMR12
@ManuGuix	@villafranca1952
@ManuGuix	@xarques
@ManuGuix	@Xaviermp63
@ManuGuix	@xavijimenezsans
@ManuGuix	@xelafal
@ManuGuix	@xepo99
@ManuGuix	@ximoberna
@ManuGuix	@Xiquein
@ManuGuix	@xtg247
@maralcazara	@Saradiazgibson
@MarBondia	@AgainStatusQuo
@marc__matamala	@enbanal
@marc_bcl	@ArganiaNails
@marc_bcl	@ca_caparrot
@marc_bcl	@catalanotuitera
@marc_bcl	@CatalanRobot
@marc_bcl	@ELCA69
@marc_bcl	@ElReiNegre
@marc_bcl	@ferranb
@marc_bcl	@gweirydd
@marc_bcl	@liorscofield
@marc_bcl	@lruizgrana
@marc_bcl	@lucyrachet
@marc_bcl	@magoderi
@marc_bcl	@marc_grabulosa
@marc_bcl	@Marcos_Raya
@marc_bcl	@Mizuno_sempai
@marc_bcl	@mononoawarebcn
@marc_bcl	@naimkhg
@marc_bcl	@naturadecapsdde
@marc_bcl	@pacosouto_
@marc_bcl	@PietikaisenJ
@marc_bcl	@rosapique
@marc_bcl	@sebasplan54
@marc_bcl	@vivalavidar1
@marc_bcl	@xalbyx
@marc_derry	@TonyMataRomero1
@marc_hahn	@ClubQMS
@marc_hahn	@cmartinv
@marc_hahn	@Han17102003
@marc_hahn	@LluchTom
@marc_hahn	@steffy1210
@marc_riera	@Marko_Dzare
@marc_riera	@Patriziahorses
@marc_riera	@savinkov6906
@marc_riera	@STIVMR
@marc_riera	@Sunkissbeach12
@marc17verdaguer	@ml22va
@MARC1886	@aleixt
@MARC1886	@scarribera
@Marc20F	@imma_trias
@Marc20F	@Marc20F
@Marc62060681	@jdtfilosofia
@marcballus	@ariadna_anta
@marcbamo95	@masmi261
@marcbamo95	@mmarina03
@marcbamo95	@olgadm11
@marcbamo95	@slavignotte
@marccastedj	@CalafellRadio
@marcelpons8	@gvilanova96
@marcespinar	@infosantsadurni
@marcintokyo	@SterVinyallonga
@marcmata13	@DesDeRipo
@marcmata13	@Helena_RoGo
@marcmata13	@jorperezpa
@marcmata13	@PerMareEtCaelum
@marcnegre	@6_lau_8
@marcnegre	@aitorpalomares
@marcnegre	@lluistoga
@marcnegre	@Nitafull
@marcnegre	@noncasadevall
@marcnegre	@TarragoRodon
@marcosamores	@DpsBcn
@marcosamores	@Enric_1969
@marcosamores	@JesusVilBo
@marcosseculi	@LookVisec
@marcotovarich	@Charly_Mancia
@marcpuigperez	@Icano96
@marcpuigperez	@maaddig
@marcpuigperez	@MariaJuncal2
@marcpuigperez	@montselamata
@marcpuigperez	@SrGjallarhorn
@MarcPuigtio	@EliusCornelius
@MarcPuigtio	@MariaBoschBou
@MarcPuigtio	@verdglauc
@MarcRBallara	@vidalsieiro
@marcriudoms	@OskyFJ
@marcrubia	@aserrabl
@MarcSambola	@ejanet15
@marcsanjaume	@inOteOlic
@marctoda22	@XiscaPrats
@Marctorrelld	@erictorrelld
@MarcTosquella	@crespoxuspi
@marcusco35	@CuscoBeck
@MarcZenTime	@mdolors
@MarcZenTime	@montserumbau
@mardelumes	@_LaiaPons
@mardelumes	@21alex295
@mardelumes	@AlexCorredoira
@mardelumes	@alopgon
@mardelumes	@arrecarballo
@mardelumes	@ashnagix
@mardelumes	@belensenin
@mardelumes	@BngLalin
@mardelumes	@BorxaGC
@mardelumes	@Ceivar_OPAR
@mardelumes	@Cervi07
@mardelumes	@curreloss
@mardelumes	@dansuvil
@mardelumes	@doce_raquel
@mardelumes	@Ereabg
@mardelumes	@ErreCeCeUve
@mardelumes	@fpicadov
@mardelumes	@Fran_sann
@mardelumes	@GerardTats7
@mardelumes	@gina28840
@mardelumes	@gz_cat
@mardelumes	@Han17102003
@mardelumes	@iroite5
@mardelumes	@Josinho13
@mardelumes	@juanraulbarreto
@mardelumes	@julska_
@mardelumes	@kiamba11
@mardelumes	@KrisBronsCoburn
@mardelumes	@Lua_Crecente
@mardelumes	@mafondevi
@mardelumes	@mardelumes
@mardelumes	@Mariasilva_98
@mardelumes	@mariasolbs
@mardelumes	@memento_belli
@mardelumes	@mgsgaliza
@mardelumes	@Monifunbcn
@mardelumes	@nadjanf
@mardelumes	@NestorRego
@mardelumes	@nuriareyne
@mardelumes	@pablo_yomasyo
@mardelumes	@paulo_gz
@mardelumes	@pedraluagz
@mardelumes	@RamiroVidalA
@mardelumes	@RECinhibit
@mardelumes	@RosaMRubioM
@mardelumes	@RosenverYepezA
@mardelumes	@SamuelCastrexe
@mardelumes	@smokingwithGus
@mardelumes	@sofiaramalouren
@mardelumes	@SparkyJonesPere
@mardelumes	@TaniaPose15
@mardelumes	@TheHipsterCow99
@mardelumes	@tonhitoazul
@mardelumes	@xomabepo
@mardelumes	@ybadbrio
@MareaJovenJerez	@Ashi_Wolf_
@MareaJovenJerez	@lo_sxv_er
@MareaJovenJerez	@luis_g00_11
@MareaJovenJerez	@pabzlauriet
@maresmontseny	@arnau8016
@maresmontseny	@Davidwiter
@maresmontseny	@NuHerrero
@marferen	@aruasjf
@marferen	@PRC013
@marferen	@santirofes
@margpuig	@DavidPelegri
@margpuig	@domenech_lluis
@margpuig	@EnComu_Podem
@margpuig	@JuditOnFire_
@margpuig	@Le0vigild0
@margpuig	@lluciaramis
@margpuig	@Podem_BCN
@margpuig	@puig_georgina
@margpuig	@Rllopis94
@margpuig	@unidos_podemosp
@Maria_Forns	@almorranes
@Maria_Forns	@cristian_aureo
@Maria_Forns	@zaitxo
@maria_galo	@psellares00
@Mariaaaa_98	@the_marcos98
@mariabert4	@iroca
@mariagarcia_15	@crispsss_
@mariagc02	@ZardoyaTxell
@MariahPerezS	@sesilio
@mariai1	@GusBracchi
@mariai1	@infoBLOC
@mariai1	@janagar76
@mariai1	@lloromantena
@mariajacobs99	@tuxeltje
@mariajuanola	@joanbaso
@mariamariscot	@Rafelet99
@MariamEzzFu	@begoa1203
@mariamiret_	@_Reiko24_
@mariamiret_	@EllenDaider
@mariamiret_	@mochiugotnojams
@marianafm23	@ferran_cv
@marianafm23	@Surutillo
@marianafm23	@xavicape
@marianjubany	@PepeAriasGZ
@MarianoAcon	@ikoysugente
@mariaroca87	@amadeu_roca
@mariavallsr	@guifreborras
@MariaVitdo	@walkiride
@mariaxinxo	@HierroVil
@maribelcarod	@Isra_Kyosuke
@mariecosnay	@Acurutx
@mariecosnay	@Xutik_nago
@MariinaGmena	@gsala10
@MariinaGmena	@GusBracchi
@MariinaGmena	@MontSaRat
@MariinaGmena	@telloRU
@MariinaGmena	@XaviOliach
@marilitabcn	@mafy_xquesiana
@marimarpla	@btxcgnbv
@marimarpla	@mgarc130
@Marina_Iturri	@granado_irene
@marina_tusell	@marina_tusell
@MarinaAreste	@aalexandrapc
@MarinaAreste	@AyethatMe
@MarinaAreste	@Chell___
@MarinaAreste	@EricRiviereP
@MarinaAreste	@evsalro
@MarinaAreste	@FerryBoom
@MarinaAreste	@kateiLou
@MarinaAreste	@nolcor1
@MarinaAreste	@PolDomenech6
@MarinaAreste	@PostureigLleida
@MarinaAreste	@QuemadoALoBonzo
@MarinaAreste	@salgarga
@MarinaAreste	@sherif_shikoooo
@MarinaAreste	@teirraks
@MarinaAreste	@TereRamos1980
@MarinaAreste	@webDOCC
@marinacastellao	@dcaritgg
@marinamar72	@alfon7s1
@marinetta2794	@geem20
@marinhatestas	@aramond8
@marinhatestas	@jordiporcel
@marinhatestas	@Podem_BCN
@mariolopezrico	@cernaviva
@mariolopezrico	@Maiterola
@mariolopezrico	@MartaBLASTOFF
@mariolopezrico	@mundiario
@mariolopezrico	@solete66
@mariolopezrico	@Tizmen
@marionabneira	@NeoBerni
@markelgoierri	@andergaray
@markelgoierri	@LeonordeAquita3
@markelgoierri	@OBengoetxea
@markelgoierri	@unaiiirigoras
@marnau70	@julsrenau
@Marrecs	@CanalMarrec
@MARSALINASIGUIN	@vane161616
@MarsaMeritxell	@BavarianPower
@MarsaMeritxell	@Bayernpartei
@MarsaMeritxell	@drumcodeuk
@MarsaMeritxell	@tomthebestone
@Marshall_CV	@Javierjogav
@MarsVNG	@jofrecampillo
@marta_mrm	@Lauracordillet
@marta_mrm	@MelGalup
@marta_vilo	@mireiabisbal
@martaabegon	@bernat_vg
@MartaaGuillen	@v_llombart
@martaaltarriba	@AlbertSureda74
@martaaltarriba	@Arantxafr
@martaaltarriba	@FluretaMarta
@martaaltarriba	@jacasarramona
@martaaltarriba	@xoxi_quinty
@MartaBarcelo22	@Antoni_Abad
@MartaBarcelo22	@marti_alguero
@MartaBarcelo22	@mcbotey
@martabuil	@Benson141216
@martabuil	@JuditSLlurba
@martabuil	@MiquelArgelich
@martabuil	@nuvolkintooon
@martabuil	@rosesuso
@martacasar	@rogervendrell
@MartaCasas2	@aguscot
@MartaCasas2	@Jpg00000G
@MartaCasas2	@nuriajoana
@martaclar	@jbasela
@martacuchi	@MartinsMpn
@martacuchi	@raul_doblas21
@Martagunu	@Gerarduu
@MartaMarfany	@GemBarbera
@MartaMarfany	@karalambre
@MartaMarfany	@MartaMarfany
@MartaMarfany	@mestressadecasa
@MartaMarfany	@mireiavu
@MartaMasaguerC	@annarotllant
@MartaMasaguerC	@pauete_94
@MartaNiell	@EDUARDMASSAGUER
@martaobiols	@grantomasin
@martapal_igd	@elisabetroch
@martapal_igd	@uruk1973
@martapatsi	@J_Canals
@martaqueralto	@mi_reiapaez
@martaqueralto	@Toni_dac
@martaropa	@ACP3010
@MartaSC_90	@CrisMalagelada
@martatorresv	@Clara_fd
@martatorresv	@mmasensi
@martatorresv	@raparici
@martetamc	@GusBracchi
@marti_freixas	@bealarat
@marti_freixas	@martaponsa61
@marti_freixas	@rafa_kuhl
@marti_freixas	@xvilat
@martifontfelez	@Froginhotwater
@martimalet	@sllorensr
@MartiMatute	@thais_corvi
@MartinezDani_	@LledoSegura
@MartinezDani_	@MANELGOMEZI
@MartinezDani_	@NACHO1990RICO
@martiteres	@albertmes3
@martiteres	@Albertodelvalle
@martiteres	@gorettixiberta
@martiteres	@jalmacellas
@martiteres	@martiadroher
@martiteres	@setheus35
@Martometro	@CatWilderness_
@Marvtani	@21_Yisus
@Marvtani	@RubenRaz
@maryam_essousi	@EnekoLilly
@maryam_essousi	@iazkona
@MaryDrac	@didi_m_j
@MarzenAlert	@PonteIII
@masannaa	@ARosestolato
@MasPesao	@loacdi
@Massoud_SD	@jordi_comas
@Massoud_SD	@pepesep11
@massuneta	@sentmenat
@massuneta	@zuniga_E
@matee_carrillo	@twitttona
@MathewStrat	@OniriaEnSol
@MathewStrat	@RiK_Wyatt
@matiuskaya	@josolfilms
@matxinada14	@ErgoCris
@mauricevannoppe	@1Juleke
@mauricevannoppe	@alert_blijven
@mauricevannoppe	@annmoens2
@mauricevannoppe	@Belgiebarst
@mauricevannoppe	@DavidKellySR
@mauricevannoppe	@Emprise2
@mauricevannoppe	@ludovda
@mauricevannoppe	@mauricevannoppe
@mauricevannoppe	@peter_persyn
@mauricevannoppe	@pootlam
@mauricevannoppe	@Rik3080
@maximors63	@charlie_chalton
@maximors63	@Joansaderra
@maximors63	@lumnaa24
@maximors63	@Montse_Parra
@maximors63	@paperopinguino
@maximors63	@Perichole
@maximors63	@RosaMar6254
@maximors63	@tony9junio
@maximors63	@Witowito71
@maximors63	@zapaburillo
@Mayte_Alzheimer	@josepaals
@Mazameiks	@Mazameiks
@mboschpujadas	@seduchesne
@mbr046	@tetenric
@mburgada11	@JessChanLa
@mburgada11	@nils1234
@mburgada11	@soferrer4
@McCagonlow	@PhoenixDeschain
@mcjowy	@AliiKz7
@mcjowy	@yusgrethan
@mclariana	@bego_jn
@mcmcat	@crespoxuspi
@mconesapages	@adrianadiazmz
@mconesapages	@Agustxu
@mconesapages	@AMI__cat
@mconesapages	@AnnaisabelPL
@mconesapages	@CanalAjuntament
@mconesapages	@climentcc
@mconesapages	@crisortegar
@mconesapages	@cristinanafe
@mconesapages	@cristyna_roel
@mconesapages	@Diputacion_ESP
@mconesapages	@Elisabeth120965
@mconesapages	@emataroca
@mconesapages	@f_fusterfabra
@mconesapages	@francasj
@mconesapages	@GloriaRieraLz
@mconesapages	@iolanda_z
@mconesapages	@JaumeBladas
@mconesapages	@jncsantcugat
@mconesapages	@jtorrents
@mconesapages	@llcapella
@mconesapages	@llorensnovapox
@mconesapages	@lu_doctubre
@mconesapages	@MarcSBaeza
@mconesapages	@MarquesEmo
@mconesapages	@martasubira
@mconesapages	@MrSwats
@mconesapages	@mtolrairosell
@mconesapages	@paquitamarineaf
@mconesapages	@PDeCATSANTCUGAT
@mconesapages	@pove92
@mconesapages	@PuigGordi
@mconesapages	@rafape2010
@mconesapages	@ramontorresarus
@mconesapages	@segura_marin1
@mconesapages	@Super_Elvi
@mconesapages	@Willow0512
@mconesapages	@xaviolivella
@mconesapages	@Xenial_6
@mconillv	@mconillv
@mcordomi	@annetakawaii
@mcordomi	@GemmaGra
@mcordomi	@guillemcc
@mcordomi	@jordipiz
@mcordomi	@mfreixa
@MDelgadoDiaz83	@alfomart
@MDelgadoDiaz83	@anakin83
@mdoncelg	@RogerMachefai
@mdoncelg	@tato_junior
@megias_roda	@str_110
@Meikecass	@ANCBaix
@Meikecass	@ANCLHospitalet
@Meikecass	@AndresGomezLH
@Meikecass	@cdrlhcentre
@Meikecass	@Georsic
@Meikecass	@Hiplita5
@Meikecass	@irenebs_5
@Meikecass	@Joan_Gatell
@Meikecass	@LHNOTICIAS
@Meikecass	@littlebiglies
@Meikecass	@lluis1893
@Meikecass	@m4no_ly
@Meikecass	@PauFarinetes
@Meikecass	@SisoMako
@melibarberor	@lolagarriga
@melibarberor	@MovEsquerres
@melibarberor	@socialistesxSI
@Melva80	@kitoxs
@menaldo17	@DotNetPat
@mensch0815	@Akelharre
@mensch0815	@Chelu68
@mensch0815	@Ferran83
@mensch0815	@Riotgrrrl25
@mensch0815	@Solosoyotrxtu
@MENTA_Andalucia	@hozeaman
@menyscensurat	@suzannamuzic
@merce_dmg	@ADBALLART
@Merce_ee	@mananipons
@MerceCastellaS	@AvpcPals
@MerceEspuny	@ANC_llengua
@MerceEspuny	@CalellaxIndep
@MerceNM1	@jonabasque
@MerceNM1	@luisvicentemx
@MerceRovira	@AlomaSand
@merdalameira	@CriseNervios
@merdalameira	@TereixaPaz
@Meri__Lin	@deepname
@Meri__Lin	@elesneyk
@Meri__Lin	@Isis_Estrada
@Meri__Lin	@ivnortga
@Meri__Lin	@LaviSiset
@Meri__Lin	@Lleda_
@Meri__Lin	@NoeliaM13
@Meri__Lin	@Noemi26829
@Meri__Lin	@Remi_re
@Meri__Lin	@tamaralcaide
@Meri__Lin	@TroolFaceD
@Meri__Lin	@UnburntGirl
@MeriAsensio	@Aei_Ouu
@MeriAsensio	@susiepopp
@MeriGuell	@JofreGuell
@MeriGuell	@lidiafont4
@Meritxell0_0	@goodofthunder78
@Meritxell0_0	@Willow0512
@merrrrve27	@Jodida_L
@merygntw	@Chobichoba
@merygntw	@giovichm
@MESMolinsdeRei	@manel_monllao
@MESMolinsdeRei	@MFiguerasR
@MESMolinsdeRei	@socialistesxSI
@MESMolinsdeRei	@SuCaIg
@MESperMallorca	@a_reus
@MESperMallorca	@abrildavid
@MESperMallorca	@Apol_lonia
@MESperMallorca	@atzori_piero
@MESperMallorca	@bielfrontera
@MESperMallorca	@Biorebeca
@MESperMallorca	@Cristian_RDA
@MESperMallorca	@GariMiquel
@MESperMallorca	@jacampomar
@MESperMallorca	@jaumeribass
@MESperMallorca	@Joanferra
@MESperMallorca	@JoanFMassot
@MESperMallorca	@joanfont
@MESperMallorca	@jordi_baldo
@MESperMallorca	@jxf01
@MESperMallorca	@manel_garca
@MESperMallorca	@marcejaume
@MESperMallorca	@mesmarilena
@MESperMallorca	@NaAliceWeber
@MESperMallorca	@Neustru
@MESperMallorca	@puputfelanitxer
@MESperMallorca	@quatretres
@MESperMallorca	@Xevib
@met_cat	@NuriaMonton
@metpages	@mayradigiorgi
@MFiguerasR	@MovEsquerres
@mfornells	@AciD_MuSh_303
@mfornells	@alfmanbcn
@mfornells	@Amarokian
@mfornells	@AMI__cat
@mfornells	@CanalAjuntament
@mfornells	@cristinadalfo
@mfornells	@DanielPrezRuiz2
@mfornells	@ENPjaume
@mfornells	@enRafelG
@mfornells	@EnricArrazola
@mfornells	@Esquerra_ERC
@mfornells	@Esthher1973
@mfornells	@FedRegERCLleida
@mfornells	@JlzaragozaFlvia
@mfornells	@JudithMartnez5
@mfornells	@juliacl60
@mfornells	@LaManyanacat
@mfornells	@LopezdeMuniain
@mfornells	@m_fuckold
@mfornells	@Pau14445945
@mfornells	@raimonpoves
@mfornells	@reubenk14
@mgarcipu	@PujadasBerta
@mgarcipu	@Questions_cat
@mgarcipu	@VincentAbinet
@mhampshire2	@Gormo472
@miareasporn	@aIejandro_esva
@miareasporn	@dakiferar
@miareasporn	@elatropellado
@miareasporn	@Naxx_3000
@miareasporn	@proudofselene
@miareasporn	@seaajdr__
@michelenovaga	@frg2402
@michelenovaga	@thinkthinktwice
@mielin80	@berriki
@mielin80	@desobdcme
@mielin80	@epiiaau
@mielin80	@Errasti13
@mielin80	@Escrotofragil
@mielin80	@griersminnette
@mielin80	@Kepa_Sakolegi
@mielin80	@MaiteHeras
@mielin80	@mikelantsoain
@mielin80	@nahiaetaezina
@mielin80	@oihaneemg
@mielin80	@OlasoNerea
@mielin80	@slavignotte
@mielin80	@Txori7
@mielin80	@Xapaburu
@mielin80	@xmenina
@mig_g	@kko__okk
@MiGarMar	@mtk1976
@mik_kelen	@albacancela_14
@mik_kelen	@ArletteOnil
@mikel_goenaga	@avilagrann
@mikel_goenaga	@IGereka
@mikel_goenaga	@IndepeRepublik
@mikel_goenaga	@kataluno
@mikel_goenaga	@RussellEngland
@MikelArreseigor	@_Egur_
@MikelArreseigor	@77_judith
@MikelArreseigor	@Ainitze5
@MikelArreseigor	@aitorgartzia16
@MikelArreseigor	@AitzolArnaiz
@MikelArreseigor	@AL29RT
@MikelArreseigor	@aniolfe
@MikelArreseigor	@AnnaGuell
@MikelArreseigor	@AOnatibia
@MikelArreseigor	@arantzalanda1
@MikelArreseigor	@ArantzaZeta
@MikelArreseigor	@Avi__Siset
@MikelArreseigor	@barrieta84
@MikelArreseigor	@Beita_hf
@MikelArreseigor	@bigotismarrecs
@MikelArreseigor	@campese56
@MikelArreseigor	@carolinabalmes
@MikelArreseigor	@cdcastells
@MikelArreseigor	@cirerettta
@MikelArreseigor	@CntPirobloc
@MikelArreseigor	@CriminalKoi
@MikelArreseigor	@cristhy71
@MikelArreseigor	@culega1
@MikelArreseigor	@dvdbsch
@MikelArreseigor	@EAarteako12
@MikelArreseigor	@EATolosa
@MikelArreseigor	@ElGorbs
@MikelArreseigor	@emaitzmurua
@MikelArreseigor	@ESTHERMAYOR9278
@MikelArreseigor	@EstitxuB
@MikelArreseigor	@evaehbildu
@MikelArreseigor	@gamb1tax
@MikelArreseigor	@gaztarrotz
@MikelArreseigor	@GureEskuDurango
@MikelArreseigor	@HeluaBilbo
@MikelArreseigor	@Ibarreta37
@MikelArreseigor	@ibonespejo
@MikelArreseigor	@IMP_Manuel
@MikelArreseigor	@inakiostolaza
@MikelArreseigor	@ionrivero
@MikelArreseigor	@ioritz497
@MikelArreseigor	@ItziarRincnOrti
@MikelArreseigor	@jmagan81
@MikelArreseigor	@jodocko
@MikelArreseigor	@JuliaGallart
@MikelArreseigor	@kabaskule
@MikelArreseigor	@Kampru75
@MikelArreseigor	@kox7
@MikelArreseigor	@lanenedereus
@MikelArreseigor	@larra_5
@MikelArreseigor	@Libe_RV
@MikelArreseigor	@lorenalacalleA
@MikelArreseigor	@lurrarodriguez
@MikelArreseigor	@M_cc74
@MikelArreseigor	@MaiderCarras
@MikelArreseigor	@maiteagirre1
@MikelArreseigor	@MarBcn04
@MikelArreseigor	@Marina25ss
@MikelArreseigor	@mike1_26
@MikelArreseigor	@mikeloraa
@MikelArreseigor	@MikelSarobe97
@MikelArreseigor	@mlladoa
@MikelArreseigor	@MnicaMollina
@MikelArreseigor	@NCalsapeu
@MikelArreseigor	@ni1dea
@MikelArreseigor	@Nuriadmoneo
@MikelArreseigor	@nuriarkaitz
@MikelArreseigor	@oieranda11
@MikelArreseigor	@OscarCat1976
@MikelArreseigor	@perevivaselias
@MikelArreseigor	@personadelworld
@MikelArreseigor	@PinoHormail
@MikelArreseigor	@puyolism
@MikelArreseigor	@raul_lucarini
@MikelArreseigor	@sergiterrassa
@MikelArreseigor	@smartinezcons
@MikelArreseigor	@suruasinoiD
@MikelArreseigor	@toe__rag
@MikelArreseigor	@ToniQuique
@MikelArreseigor	@unanuejosu
@MikelArreseigor	@VenieroO
@MikelArreseigor	@WG203B
@MikelArreseigor	@XaviMarti5
@MikelArreseigor	@XFncs007
@MikelArreseigor	@xofa_
@MikelArreseigor	@ZuhaitzBarela
@MikelLeitza	@inigosuspe
@Mikelrgr	@urgein
@MikiHack86	@filumestre
@MikiHack86	@kiwam74
@MikiHack86	@krisoany
@MikiHack86	@RosaMar6254
@MikiHack86	@SalvadordeGmez1
@Mikii_92	@bosch_lluis
@Mikii_92	@Em_diuen_Marta
@MimarRamis	@Miguel_A_Pulido
@MimarRamis	@MontseS1
@MimarRamis	@TomAnthonis
@mipadredice1	@morilo76
@mipadredice1	@TSMiordasek00
@miqalonso	@AlbertPugi
@miqalonso	@AvpcPals
@miqelparis	@Tgarcia_m
@miqelr	@calflare
@miqelr	@jordigalbany
@miquel_lazaro	@escuincle67
@MIQUELLARA	@_Reiko24_
@MIQUELLARA	@AgustiIgnasi
@MIQUELLARA	@AirunPad
@MIQUELLARA	@albertitu
@MIQUELLARA	@alfonso_almagro
@MIQUELLARA	@AnnadeGirona
@MIQUELLARA	@aracegea
@MIQUELLARA	@Argilagues
@MIQUELLARA	@atopeuri
@MIQUELLARA	@bnoro
@MIQUELLARA	@CarlaJouF
@MIQUELLARA	@corremons
@MIQUELLARA	@elenacardenosa
@MIQUELLARA	@EternaSomos
@MIQUELLARA	@fmartinfe
@MIQUELLARA	@Frittz1
@MIQUELLARA	@Han17102003
@MIQUELLARA	@ielowsubmarin
@MIQUELLARA	@ILPICAROLOJAUME
@MIQUELLARA	@JGrassot
@MIQUELLARA	@JmJohnpj
@MIQUELLARA	@JMOLLESOLE
@MIQUELLARA	@Jordijpardo
@MIQUELLARA	@JosepMariaGF
@MIQUELLARA	@maitema1973
@MIQUELLARA	@Mari_Gi94
@MIQUELLARA	@mariamdelleida
@MIQUELLARA	@MarielaVillarr2
@MIQUELLARA	@marramiauuuuuu
@MIQUELLARA	@Metanolx
@MIQUELLARA	@miriamcorona140
@MIQUELLARA	@montsemagnet
@MIQUELLARA	@nation_edu
@MIQUELLARA	@naturadecapsdde
@MIQUELLARA	@nuriareyne
@MIQUELLARA	@paco_soto4
@MIQUELLARA	@peter_fort_dell
@MIQUELLARA	@SalomeTaller
@MIQUELLARA	@saltxind
@MIQUELLARA	@Santiglezzz
@MIQUELLARA	@Sol92535303
@MIQUELLARA	@tetesar
@MIQUELLARA	@TotSalt
@MIQUELLARA	@Veronic40630547
@MIQUELLARA	@xuxocuesta
@Miqueltorrento7	@jillsllvn
@Miqueltorrento7	@spairet
@mirboix	@Carletsdf
@mirboix	@leandre36af
@mireia_b	@Aleix_Giralt
@mireia_bella	@lbella0
@Mireia_german	@EL9NOU_VOr
@Mireia_german	@grantomasin
@Mireia_german	@MonicaMoliner
@mireia_julia	@elenahi19746578
@mireiaa23	@barcaloni84
@mireiaaa_31	@LjiljanaV1
@mireiabar	@lulunaby
@mireiabroca	@Gemma222419
@mireiadelmoral	@ericherniandoeh
@mireiadiro	@btxcgnbv
@mireiadiro	@lis_76
@mireiallosas	@lighto
@MireiaPujol3	@njsj41
@MireiaPujol3	@oscar_m
@MireiaRH	@JernejaJF
@MireiaVentura1	@Blaugra38515263
@MireiaVentura1	@LaiaGonzalez6
@mirellacges	@karlospastor74
@mirellacges	@Laia3698Laia
@mireSabate	@FalleraL
@mireSabate	@garmirbcn
@miriamcasaramon	@auresama
@miriamcasaramon	@martazacru
@miriamgomezcolo	@Skadytwiter
@MiriamSBrichs	@ewerton_55
@misjosep	@annagestio
@misjosep	@COSTAMARTA10
@misjosep	@FancyAppleMac
@misjosep	@Hasimblbl1
@misjosep	@SASam1714
@misjosep	@XeniaBusse
@missvendett	@alainsalamano
@MissXelleta	@SiQuizas
@mitjanit	@DUBITATIV
@MJCF66	@BoukhalfaPierre
@mjosevizcarro	@MIQUEL_01
@MKL_3DDesigner	@GameDevBRbot
@MKL_3DDesigner	@IndieGameDevBot
@mllurba	@v_llombart
@MLopez_Herraiz	@MrOrxata
@mlopezegea	@ankit_21994
@mlopezegea	@hiccupsingh
@mmargalef	@dulcevictoralex
@mmarinagb	@AndreaEstepa6
@mmarinagb	@J_oeljoseph
@mmarinagb	@laauragb02
@mmarkmiller	@AizeneLemos
@mmarkmiller	@cati_rx
@mmarkmiller	@guerrero21david
@mmartins95	@moriyakari
@mmiraf	@jcrbcn
@mmiro85	@ANC_Berga
@mmommommomo	@Txarini007
@mmschiaffino	@lulipepo1
@mneuuuus	@AndreaNavasss
@mneuuuus	@Lauramcn1
@mneuuuus	@Roman8678
@mnxduo	@iraelizondo
@mnxduo	@unanuejosu
@Mobilizaitez	@AnticapiPV
@Mobilizaitez	@barrasate
@Mobilizaitez	@cutmyvein2
@Mobilizaitez	@enesamundarain
@Mohambiofficial	@myaasiin1432
@molasjunior	@CorisaMediaGrup
@molibusqui	@dcaritgg
@molistok	@karmo84
@mollerussa	@mmoli588
@mongiru	@al_rababa
@monica_segu	@jordisega55
@Monicaagrau	@JimiCracker
@MonicaMaspoch	@LaiaCapdet
@monicamoro	@_p0lybius_
@monicamoro	@Anon_Norway
@monicamoro	@antoni_baena
@monicamoro	@Bea_and_Bea
@monicamoro	@biribiroli
@monicamoro	@bruixaescarlata
@monicamoro	@catiferran
@monicamoro	@DavidBarcelo28
@monicamoro	@dona_invisible
@monicamoro	@electrickernel
@monicamoro	@elsasuria
@monicamoro	@Fede_Montseny
@monicamoro	@FocEstelar
@monicamoro	@Gata_negra93
@monicamoro	@gemmafrost19
@monicamoro	@hec4x4
@monicamoro	@HerNenya
@monicamoro	@hquinzelxxx
@monicamoro	@isacerverabech
@monicamoro	@jandreupalacios
@monicamoro	@JimmySatorres
@monicamoro	@jordimanri
@monicamoro	@jtravesset
@monicamoro	@juanjobote
@monicamoro	@juarillo
@monicamoro	@JuliaMalatesta2
@monicamoro	@junagrey
@monicamoro	@lcaramelos23
@monicamoro	@LluisaSowe
@monicamoro	@m_r_cesar
@monicamoro	@marcelarnau
@monicamoro	@marcossrey
@monicamoro	@MasterXena
@monicamoro	@medzepplin
@monicamoro	@Miquelet_mataro
@monicamoro	@natalia_vilor
@monicamoro	@octobriana1917
@monicamoro	@partit_pirata
@monicamoro	@PiratNrw
@monicamoro	@PPI_Activism
@monicamoro	@PPNOintTeam
@monicamoro	@RayJoha2
@monicamoro	@ReiVaX18
@monicamoro	@rtorne8383
@monicamoro	@S_power_girl
@monicamoro	@santicasas
@monicamoro	@serfervid
@monicamoro	@stvfdz
@monicamoro	@Valdun77
@MoniCarballoS	@Davidmixos
@monicavilosa	@PauQuintano
@monisr88	@monisr88
@MonMoniMonik	@jelenwalker
@MonMoniMonik	@OkamiMarc15
@monsgago	@piratajonkar
@montsant_	@4691tms
@montsant_	@76manuel76
@montsant_	@Arkaitz_Sanz
@montsant_	@assum33
@montsant_	@biflyhi
@montsant_	@Bpuigdo
@montsant_	@carlaros1
@montsant_	@ccabarrocas
@montsant_	@CharlesCafeWah
@montsant_	@cherry_pipe
@montsant_	@davidtsh
@montsant_	@electricblau
@montsant_	@Eutrofictotal
@montsant_	@iKune_tweets
@montsant_	@konnecta
@montsant_	@levistubbs
@montsant_	@Lucas_Tello
@montsant_	@maximclatellot
@montsant_	@monikambK
@montsant_	@pepprztrr
@montsant_	@poetabcn
@montsant_	@Pointluck1
@montsant_	@remon_ubasart
@montsant_	@sademolina
@montsant_	@Samulesqui
@montsant_	@SerranoElisenda
@montsant_	@silpivipiapa
@montsant_	@SrPuigpinos
@montsant_	@xavierpratsmari
@MontseBeni	@bertapuig
@montsecoronas	@helenagraus
@montseforcadell	@francesc130
@montseforcadell	@rossetaun
@MontseGuadayol	@nurieta3001
@montsegvera	@EndorpheenRus
@montsegvera	@GusBracchi
@montseliria	@DavidTugues
@montseprado	@GalizaUPG
@montseprado	@jairo_pastor1
@montseprado	@Mrequeixoarnexo
@montseprado	@pedraluagz
@montsepupu	@jillsllvn
@montsepupu	@NuriaRimbau
@montsepupu	@serghiosgm
@montsepupu	@slavignotte
@Monty66	@BertoBandi
@Moragues72	@irissilla
@Moragues72	@natxo_k
@morales_sagues	@24e33f1e70064c4
@moreno_silvia	@elterpuntnet
@morteeh	@tsusty_
@Mosturotz	@alexanderaspe
@Mosturotz	@Anemorren
@Mosturotz	@BelenGasteiztar
@Mosturotz	@ErlantzOiarbide
@Mosturotz	@itsasoan
@MOTARDS11S	@ElisabethSolCar
@MovAlcudienc	@EsFiblo
@mperezrovira	@laguis12
@mprafols	@BlemcomM
@mriater	@_Contemplador
@mriater	@17jordani
@mriater	@AlcaudonReal1
@mriater	@AureaJPierra
@mriater	@bertaga14
@mriater	@Culevras
@mriater	@evaortiz597
@mriater	@FonteRodrigues
@mriater	@Jaleo_1945
@mriater	@lalogonzalezmen
@mriater	@lengualagarta_
@mriater	@lupoanony
@mriater	@matsmadrid
@mriater	@rakeld12341234
@mriater	@rkastrejon
@mriater	@s_p_paris
@mriater	@salvagarcibote
@mriater	@shtrumviktor
@mriater	@Silvia_Mallorca
@mriater	@sojordi67
@mriater	@ToniCorreu
@mriater	@Virgginni
@MribelAynDoming	@EDGLN
@MribelAynDoming	@enavarrovormar
@MribelAynDoming	@Moismilian
@MribelAynDoming	@rickaos17
@MribelAynDoming	@Roscalsina
@MribelAynDoming	@sonjabiel
@MribelAynDoming	@teremolla
@MribelAynDoming	@xausiro
@MrLekD	@Dherevo
@MrLekD	@eretacunt
@MrLekD	@hamyayman
@MrLekD	@ipuigrodas
@MrLekD	@NenaBlabla6
@MrMalky	@trangpang
@mrs_biker	@gea____
@mrs_biker	@Isaac300K
@mrs_biker	@rcalafel
@msunyol	@airambala82
@msunyol	@alexandrecamps
@msunyol	@lluismundet
@mtere_perez	@ainaguasch821
@mtere_perez	@aless_casajus
@mtere_perez	@anafranca1
@mtere_perez	@AuroCantero
@mtere_perez	@Axel_Monfort
@mtere_perez	@BernatGT
@mtere_perez	@betovasques75
@mtere_perez	@enidal_
@mtere_perez	@Eselkaos
@mtere_perez	@GioDeJa
@mtere_perez	@grajose19
@mtere_perez	@joselesqv
@mtere_perez	@joshuarodri
@mtere_perez	@Mar_s98
@mtere_perez	@MargaraLag
@mtere_perez	@mfilgr
@mtere_perez	@pilar_lima
@mtere_perez	@raquelmelow
@mtere_perez	@RocioSeAle
@mtere_perez	@seguintfilroig
@mtere_perez	@terroristacult
@mtere_perez	@tondoiguell
@mtere_perez	@ToniCosmo
@mtere_perez	@Weedfellas
@MTudela	@lumnaa24
@Mundakaweeee	@cally_priest
@Mundial40555073	@Han17102003
@mussol_alSinet	@BhrmmJoaquim
@mussol_alSinet	@Lahierritos
@mussol_alSinet	@nataliaasmarats
@mussol_alSinet	@nomagradares
@mussol_alSinet	@omalaled
@Mussolteatre	@7Josean7
@Mussolteatre	@geronimo1848
@Mussolteatre	@republicano67
@Mussolteatre	@slavignotte
@mustafamohame10	@Cpuyol_5
@mustafamohame10	@www_pm37
@mustbe37	@nairodriguez23
@mutxarra	@carmemiro
@muybastos	@_Reiko24_
@muybastos	@acerbosocial
@muybastos	@adrianamircia
@muybastos	@alexandercaper1
@muybastos	@AlfredoBelda
@muybastos	@AmineBourazza
@muybastos	@andrewbrutto
@muybastos	@AnnsLawrence
@muybastos	@AntiTxalaparta
@muybastos	@Ar_Mo_Ga
@muybastos	@arsalba61
@muybastos	@baubauhaus_
@muybastos	@Becs82
@muybastos	@berlinialberto
@muybastos	@Bulgarell1Mauro
@muybastos	@Caperuzotaroja
@muybastos	@CapitanSchettin
@muybastos	@CigojMilos
@muybastos	@ClaudioCobiani
@muybastos	@clauditxu
@muybastos	@CongiFlavio
@muybastos	@Danireport
@muybastos	@Davidkaufmann16
@muybastos	@derrickcalvera
@muybastos	@DG__82
@muybastos	@dremacha
@muybastos	@dusano
@muybastos	@edo90dp
@muybastos	@EdWolkov
@muybastos	@EkaitzAnda
@muybastos	@estersifer
@muybastos	@EvgeniyaProsina
@muybastos	@Folkandfunk
@muybastos	@Francopozza
@muybastos	@GiuseppeCortese
@muybastos	@gorrionasuprema
@muybastos	@GRANDEPUFF0
@muybastos	@Han17102003
@muybastos	@HarinaTost
@muybastos	@iarots
@muybastos	@ielowsubmarin
@muybastos	@ivanrd85
@muybastos	@kaixo001
@muybastos	@KherVam
@muybastos	@laia_faixo
@muybastos	@Lisa_Dinaro
@muybastos	@lucio_funk
@muybastos	@ludovica1000
@muybastos	@LuisCazalis
@muybastos	@maiisdead
@muybastos	@Manuel_Ghezzi
@muybastos	@ManuelPiaz
@muybastos	@marino29b
@muybastos	@MarkelArenzana
@muybastos	@Masterplaster92
@muybastos	@mrom57
@muybastos	@NoeCris8
@muybastos	@Oihanecamon
@muybastos	@P_Mx01
@muybastos	@Pelepenkov
@muybastos	@PrincipexGH
@muybastos	@robgast69
@muybastos	@RobyGuardiero
@muybastos	@sabrinarguez
@muybastos	@sauchack
@muybastos	@solotxell
@muybastos	@SusanaBSMF
@muybastos	@TeclaBlume
@muybastos	@terroristacult
@muybastos	@Tirititaun
@muybastos	@untwitteo
@muybastos	@valebianconero1
@muybastos	@y2jluca
@muybastos	@Zaabar98
@muybastos	@zehir2000
@muybastos	@zikiluna
@muyfandel36	@adoyma
@muyfandel36	@akyyo
@muyfandel36	@Aleix37061956
@muyfandel36	@Assurdobot
@muyfandel36	@carollm333
@muyfandel36	@Chelu68
@muyfandel36	@CjNavarlaz
@muyfandel36	@cpique29
@muyfandel36	@ElComu_menos
@muyfandel36	@felixdido
@muyfandel36	@flcarlesD
@muyfandel36	@galego_anonimo
@muyfandel36	@JavyerpuntoG
@muyfandel36	@JmGarretas
@muyfandel36	@Joansaderra
@muyfandel36	@kiitos96
@muyfandel36	@kronen0701
@muyfandel36	@LAMarxEstrella2
@muyfandel36	@Libertaria1978
@muyfandel36	@Manololorente
@muyfandel36	@MoeZyslack
@muyfandel36	@Nimrhodel
@muyfandel36	@paulacasas00
@muyfandel36	@raindancealba
@muyfandel36	@rodriguezamorin
@muyfandel36	@RosaMar6254
@muyfandel36	@santioi79
@muyfandel36	@TeodoraMartin
@muyfandel36	@TravisWalton77
@muyfandel36	@Venttisca
@mvergara90	@albertovalero4
@mvergara90	@verdadesblancas
@mvergesb	@agnescarreras
@mvergesb	@FonteRodrigues
@mvergesb	@geriol92
@mvergesb	@GironaVota
@mvergesb	@LaiaPelachSaget
@mvergesb	@miquelsl
@mvergesb	@punyetes
@mvergesb	@Srocas1
@mvergesb	@YerMouse
@mvilo000	@Torras49
@MVRuben	@CayetanoSevilla
@Myhobbyviajar	@CeciAlbiceleste
@Myhobbyviajar	@CVergaraVarg
@Myhobbyviajar	@edanius
@Myhobbyviajar	@f3lipon83
@Myhobbyviajar	@Han17102003
@Myhobbyviajar	@KlaudioMarambio
@Myhobbyviajar	@laura_a22
@Myhobbyviajar	@MariaReferendum
@Myhobbyviajar	@MTsailandpower
@Myhobbyviajar	@patrievanyelina
@Myhobbyviajar	@pepbuendia
@Myhobbyviajar	@productoresUY
@Myhobbyviajar	@remei_go
@Myhobbyviajar	@roddy_crazy
@Myhobbyviajar	@salemjscg
@Myhobbyviajar	@Silviachamo
@Myhobbyviajar	@Steban_b
@Myhobbyviajar	@untwitteo
@NaAliceWeber	@_DarwinPZ
@NaAliceWeber	@000120o
@NaAliceWeber	@7094GS
@NaAliceWeber	@abrildavid
@NaAliceWeber	@AgenteTruffaut
@NaAliceWeber	@agustilluis
@NaAliceWeber	@ainariss
@NaAliceWeber	@AlexCorredoira
@NaAliceWeber	@alliomack
@NaAliceWeber	@Anna2017cat
@NaAliceWeber	@annacerdanya
@NaAliceWeber	@AntoniLlompartS
@NaAliceWeber	@artspacehotel
@NaAliceWeber	@aveconstant
@NaAliceWeber	@aynurgoek
@NaAliceWeber	@barrufeta4
@NaAliceWeber	@bcgift
@NaAliceWeber	@belbdn
@NaAliceWeber	@benjami
@NaAliceWeber	@BoenaSvoabo
@NaAliceWeber	@Britanniacomms
@NaAliceWeber	@busquets_bel
@NaAliceWeber	@CarlesCombarros
@NaAliceWeber	@carlosvillaro
@NaAliceWeber	@carmeaguayo
@NaAliceWeber	@Cescgongora
@NaAliceWeber	@CHQ92
@NaAliceWeber	@citrus_kyoto
@NaAliceWeber	@codicedarwin
@NaAliceWeber	@Coolharley59
@NaAliceWeber	@corruPPtio
@NaAliceWeber	@Cortyar55
@NaAliceWeber	@CridaDemocracia
@NaAliceWeber	@daesga
@NaAliceWeber	@Dani_deCatan
@NaAliceWeber	@DaniVilleroPi
@NaAliceWeber	@darthhatter00
@NaAliceWeber	@det_er_skam
@NaAliceWeber	@diidaccc
@NaAliceWeber	@dispersedtrip
@NaAliceWeber	@domenech_lluis
@NaAliceWeber	@Dpujado77
@NaAliceWeber	@DunaPruna
@NaAliceWeber	@Edherbert5
@NaAliceWeber	@edisonburbanoCM
@NaAliceWeber	@EggRetweet
@NaAliceWeber	@EliaRiPa
@NaAliceWeber	@Elle_Eff247
@NaAliceWeber	@elmiguelitos
@NaAliceWeber	@ElPayanes
@NaAliceWeber	@enekodelamo
@NaAliceWeber	@enraonar
@NaAliceWeber	@EvaFerrerGarci1
@NaAliceWeber	@EvDB15
@NaAliceWeber	@FCB01OCT
@NaAliceWeber	@Fenages
@NaAliceWeber	@fhjulia96
@NaAliceWeber	@FutureBuckNasty
@NaAliceWeber	@Galer43
@NaAliceWeber	@ganasdemorirme
@NaAliceWeber	@gcodqui
@NaAliceWeber	@GemJunPan
@NaAliceWeber	@gemmagrb
@NaAliceWeber	@Gen_Ago
@NaAliceWeber	@GerardM4
@NaAliceWeber	@goldismine2016
@NaAliceWeber	@gonsol01
@NaAliceWeber	@GrabulosaSerra
@NaAliceWeber	@greekemmy
@NaAliceWeber	@groucho79
@NaAliceWeber	@GuillemSuau
@NaAliceWeber	@Guinedilda
@NaAliceWeber	@gvp73
@NaAliceWeber	@hankeh
@NaAliceWeber	@HardwayNovember
@NaAliceWeber	@hawks__fan
@NaAliceWeber	@ianramsay75
@NaAliceWeber	@imjornet74
@NaAliceWeber	@imma_trias
@NaAliceWeber	@independemetre
@NaAliceWeber	@IsabelPDias
@NaAliceWeber	@Italianbirder
@NaAliceWeber	@JaSmittyjr
@NaAliceWeber	@jcanudas
@NaAliceWeber	@jennyfrky
@NaAliceWeber	@jethrotoll
@NaAliceWeber	@JF_Abril
@NaAliceWeber	@jmsuelves
@NaAliceWeber	@JoanMoralesR
@NaAliceWeber	@joanpratsmari
@NaAliceWeber	@joanvinyalsjr
@NaAliceWeber	@JoeyArnoldVN
@NaAliceWeber	@JOLANDAGAAL
@NaAliceWeber	@josefjosef66
@NaAliceWeber	@joseppratscarre
@NaAliceWeber	@JulianAssange
@NaAliceWeber	@juniorsopra1
@NaAliceWeber	@kayesem
@NaAliceWeber	@KetanVora4
@NaAliceWeber	@La__Vida__
@NaAliceWeber	@laia_vilanova
@NaAliceWeber	@larryflynt13
@NaAliceWeber	@Laufer84
@NaAliceWeber	@lauraescofet
@NaAliceWeber	@liber72
@NaAliceWeber	@LilithPretzuls
@NaAliceWeber	@lolaandpa
@NaAliceWeber	@lotusgroc
@NaAliceWeber	@lovepak007
@NaAliceWeber	@Lucrecia222
@NaAliceWeber	@luismi570
@NaAliceWeber	@ManuelConsuegr5
@NaAliceWeber	@mariabartralot
@NaAliceWeber	@MariCar47379548
@NaAliceWeber	@marissa_prat
@NaAliceWeber	@Marsal_Isern
@NaAliceWeber	@MAU211267
@NaAliceWeber	@Max_Barbetti
@NaAliceWeber	@MESperMallorca
@NaAliceWeber	@mgilbarr
@NaAliceWeber	@mglaosv
@NaAliceWeber	@midoriSW19
@NaAliceWeber	@MikePalma78
@NaAliceWeber	@miquel303marti
@NaAliceWeber	@MissXelleta
@NaAliceWeber	@monsamga
@NaAliceWeber	@MontseEsclusa
@NaAliceWeber	@MontseRiuC
@NaAliceWeber	@naataalyaa12
@NaAliceWeber	@nanashinogon5
@NaAliceWeber	@navarro_dk
@NaAliceWeber	@nayra595
@NaAliceWeber	@Nikiniria
@NaAliceWeber	@NorryzID
@NaAliceWeber	@NowImTitled
@NaAliceWeber	@OlieteFree
@NaAliceWeber	@opheliasomna
@NaAliceWeber	@OriolSirera
@NaAliceWeber	@oskarh71
@NaAliceWeber	@pagesa_2
@NaAliceWeber	@parking_seal
@NaAliceWeber	@Pascal_Sauvage_
@NaAliceWeber	@Paulamartha7
@NaAliceWeber	@personadelworld
@NaAliceWeber	@PhillipOtake
@NaAliceWeber	@phtjcc
@NaAliceWeber	@Pitius77
@NaAliceWeber	@QuickjrQuick
@NaAliceWeber	@quicome
@NaAliceWeber	@R3dT4led
@NaAliceWeber	@RebeketaPelFred
@NaAliceWeber	@RichinMN
@NaAliceWeber	@rocalca
@NaAliceWeber	@roserllunell
@NaAliceWeber	@rrocai
@NaAliceWeber	@RyanGirdusky
@NaAliceWeber	@Salosso
@NaAliceWeber	@Samala5793
@NaAliceWeber	@sarasampe
@NaAliceWeber	@Sarielal77
@NaAliceWeber	@schestowitz
@NaAliceWeber	@scusido
@NaAliceWeber	@selenablaji
@NaAliceWeber	@senko
@NaAliceWeber	@Serehm1
@NaAliceWeber	@SergioVegaP
@NaAliceWeber	@sescovetes
@NaAliceWeber	@SilentBGood
@NaAliceWeber	@silvia_sempere
@NaAliceWeber	@sojordi67
@NaAliceWeber	@Somnolenciaa
@NaAliceWeber	@ssegarram
@NaAliceWeber	@ssweettllovee
@NaAliceWeber	@takagi_toshi
@NaAliceWeber	@TemesDeBalears
@NaAliceWeber	@thebling_vote
@NaAliceWeber	@TitaniaArtG
@NaAliceWeber	@tonicesteve
@NaAliceWeber	@TurntableKittah
@NaAliceWeber	@unratontonton
@NaAliceWeber	@uraotto
@NaAliceWeber	@uughh__
@NaAliceWeber	@Valeri0_Valeri0
@NaAliceWeber	@vallmy
@NaAliceWeber	@viboraz1
@NaAliceWeber	@VictorC73384715
@NaAliceWeber	@Viqui41807090
@NaAliceWeber	@VivetPilar
@NaAliceWeber	@voodoorai2000
@NaAliceWeber	@VormaerzV2
@NaAliceWeber	@whistleNwork
@NaAliceWeber	@WMPost
@NaAliceWeber	@Xaxi70
@NaAliceWeber	@yusi63
@nachosgf	@kdmnj
@Nada_EsLoQueEra	@FVCG1987
@nadjanf	@curreloss
@NAIARASAMPEDRO	@HiriBizia
@NAIARASAMPEDRO	@sortu_hernani
@Najat_bcn	@Be2meE
@NaMiDunam	@AcampadaMordaza
@NaMiDunam	@dolorsrevu
@NaMiDunam	@EAarteako12
@NaMiDunam	@Grigrounesk
@NaMiDunam	@itturri3
@NaMiDunam	@martitze
@NaMiDunam	@MeinciMedia
@NaMiDunam	@Otselen
@NaMiDunam	@quepasamundoFM
@NaMiDunam	@StopMordazas
@NaMiDunam	@Suagaar
@NaMiDunam	@xavi__85
@NaMiDunam	@xdemocradirecta
@Naneta1990	@Sherlockain
@NaomiHardz	@JakeBurdess
@NaomiHardz	@UapCreacions
@NaoTseTung	@ChebKhesus
@NaoTseTung	@NaoTseTung
@NaoTseTung	@XrevosyndX
@NarcisFeliu94	@aitorpalomares
@NarcisPares	@alliomack
@NarcisPares	@slavignotte
@nasivila16	@0Miquel
@nasivila16	@perebecerra
@NatalieSarantos	@Carles69203160
@NatalieSarantos	@MikeldelRio1
@NatalieSarantos	@spanisholdbazza
@NatalieSarantos	@stephenlewis70
@natatroya	@AquarioRKy
@Natavapu	@crisroga1
@Natavapu	@lluistoga
@Natavapu	@unhocicohabla
@NatPdlr	@AhotsaInfo
@NatPdlr	@GEDDeustu
@NatPdlr	@ilazki_goiko
@NatPdlr	@itxaso05
@NatPdlr	@IZARTZE
@NatPdlr	@kaixo001
@NatPdlr	@makarraitor
@NatPdlr	@WGaztea
@natxa_me	@carnecrudaradio
@natxa_me	@FraykinJavier
@natxa_me	@IsabelCanovas76
@natxa_me	@lendema
@natxa_me	@PaulAtreides67
@natxa_me	@soniabouzas
@natxa_me	@SparkyJonesPere
@natxa_me	@SuAveRarezA
@natxa_me	@tirorere
@NatxoBCN	@PerisGenis
@natzafarre	@Addictedtohesse
@natzafarre	@AnnaBernadas
@natzafarre	@askari222
@natzafarre	@bertasland
@natzafarre	@brutaken
@natzafarre	@burri75
@natzafarre	@campos15258
@natzafarre	@cogesme
@natzafarre	@enerojo
@natzafarre	@EnricArrazola
@natzafarre	@Giwiki
@natzafarre	@grantomasin
@natzafarre	@IgnasiJV
@natzafarre	@jgua2418
@natzafarre	@joanqueralto
@natzafarre	@JordiSoBri
@natzafarre	@JuditBarberaOr
@natzafarre	@lisengfp
@natzafarre	@MireiaM6
@natzafarre	@MribelAynDoming
@natzafarre	@Nenaniub
@natzafarre	@OriolParreno
@natzafarre	@OtAlerm
@natzafarre	@Riera3Diana
@natzafarre	@rmoliveras
@natzafarre	@rocteis
@natzafarre	@SrLluisTomas
@natzafarre	@sulitorrr
@natzafarre	@vbernalsosa
@NavarroDomenech	@fannyfrigolaf
@NavarroJosep	@JOSEPFARRASGO
@NavarroJosep	@manximum
@navynotnuclear	@acrossthebreeze
@navynotnuclear	@AfIsisisis
@navynotnuclear	@Camz99
@navynotnuclear	@DiMiOrganic
@navynotnuclear	@Dorothy_Aidulis
@navynotnuclear	@E_ham01
@navynotnuclear	@elberperezsoler
@navynotnuclear	@IndyGraceland
@navynotnuclear	@JakeBurdess
@navynotnuclear	@JosMirek
@navynotnuclear	@Linda_60_B
@navynotnuclear	@Maria_imoltmes
@navynotnuclear	@Mmaugust16
@navynotnuclear	@portrigh
@navynotnuclear	@Rocinante_Ferus
@navynotnuclear	@TheBolton_Belle
@navynotnuclear	@titch751
@navynotnuclear	@Yesopolis
@Naxx_3000	@AnnaFamLe
@Naxx_3000	@grandescarmen
@Naxx_3000	@SeminarioTRSCYT
@neiljmcevoy	@gweirydd
@neiljmcevoy	@john_mcal
@neiljmcevoy	@kevinburt28
@neiljmcevoy	@Leejunfan1940
@neiljmcevoy	@petroc2
@neiljmcevoy	@PollyLlwyn
@neiljmcevoy	@Wilma76866749
@NekaneGartzia95	@Miauche
@neo_lola_	@sitgesvida
@neo_lola_	@WildNymeria
@nerea_coco9	@slavignotte
@Nereamartin96	@EliaRiPa
@NereaNirea	@SheyladelRiver
@Nessakno79	@vlasec_ciotto
@Nessemut	@__aflordepiel
@Nessemut	@__Joos__
@Nessemut	@_94Harryshugs_
@Nessemut	@17_lauura
@Nessemut	@AdrianaMozzone
@Nessemut	@AlexandraRovira
@Nessemut	@AlfredoBelda
@Nessemut	@amaliacalixto
@Nessemut	@angelrubio
@Nessemut	@arnauinho20
@Nessemut	@avila_myravila
@Nessemut	@AyethatMe
@Nessemut	@bcn_cowboy
@Nessemut	@BlagojM10
@Nessemut	@Boty_23
@Nessemut	@ccarreras01
@Nessemut	@CGTAena
@Nessemut	@ChavaSans
@Nessemut	@ClauditaPez
@Nessemut	@cristinaran
@Nessemut	@danielmacho72
@Nessemut	@dgalileag
@Nessemut	@DianaGasconC
@Nessemut	@DomingoSuarezS
@Nessemut	@dubhe0ne
@Nessemut	@ecologismo10
@Nessemut	@Edurneputaloka
@Nessemut	@Ernesto01015101
@Nessemut	@estetyuio
@Nessemut	@EsteveVNG
@Nessemut	@fernacorral
@Nessemut	@ferraca10
@Nessemut	@gerper17
@Nessemut	@GiacintoSe
@Nessemut	@Han17102003
@Nessemut	@HeluaBilbo
@Nessemut	@humoramarillent
@Nessemut	@isabelga66
@Nessemut	@j0rdi4
@Nessemut	@JaimLoL
@Nessemut	@JamesArmen
@Nessemut	@jaume_sbar
@Nessemut	@jdtfilosofia
@Nessemut	@jordigomara
@Nessemut	@jose_cheka
@Nessemut	@Josumadari23
@Nessemut	@jtorrents
@Nessemut	@Julio_Salom
@Nessemut	@laPaueli
@Nessemut	@letti2325
@Nessemut	@Luchfernandez
@Nessemut	@luismi570
@Nessemut	@manel_martinezg
@Nessemut	@MangelVill3
@Nessemut	@MarcoslopesPA
@Nessemut	@mariagomezdiaz2
@Nessemut	@Marina25ss
@Nessemut	@markd0nalds
@Nessemut	@marsheloss
@Nessemut	@MauriDelRio
@Nessemut	@myriamps
@Nessemut	@naturadecapsdde
@Nessemut	@Nest_indy
@Nessemut	@ninyobravo
@Nessemut	@noefgarza
@Nessemut	@NUBEMMMMYEAH
@Nessemut	@OriolSerra2
@Nessemut	@rkastrejon
@Nessemut	@roxepmusic
@Nessemut	@s0msirem
@Nessemut	@SaludSaluty
@Nessemut	@sandro_pereyra
@Nessemut	@Sevillaalminuto
@Nessemut	@soniqueman
@Nessemut	@SueBerlin3
@Nessemut	@TeclaBlume
@Nessemut	@toe__rag
@Nessemut	@ToniQuique
@Nessemut	@TyrionElNan
@Nessemut	@venimosenson
@Nessemut	@VieiMichele
@Nessemut	@vivies1
@Nessemut	@willianspy16
@Nessemut	@xmitjavil
@Nessemut	@ybadbrio
@Nessemut	@ziarra64
@NessieAntigua	@CarlitoxMarxx
@nestropic	@Pau_Headache
@Neti_Cst	@HenryJWhite
@Neti_Cst	@JovencitoFranky
@Neti_Cst	@nolomoli
@neurophate	@blaut_marcin
@neurophate	@fkaczm
@neurophate	@IceMajor2
@neurophate	@MariuszCichocki
@NeusRokal	@mastertast182
@NeusVico46	@krisoany
@Ngarcia81	@Jgilblasco
@ngelballesteros	@btxcgnbv
@ngelballesteros	@JoseMar02736653
@ngelballesteros	@Mara_Anas
@ngonzalezlanza	@dodi150920
@niblick62	@ChecheJr58
@niblick62	@guirongfu
@niblick62	@isabelinchen
@niblick62	@niblick62
@niblick62	@quela68
@niblick62	@RullanGabriel
@niblick62	@Santiag51145008
@niblick62	@yagorivas41
@nicohalle	@marcelarnau
@NiellSantiago	@djrumbler
@nil_lopez	@rosacrespopuig
@nil_lopez	@teresapimpam
@nilstep	@Costa_Maresme
@niluspc	@3amed
@niluspc	@80waves
@niluspc	@abrieIa
@niluspc	@adrixfenty
@niluspc	@akasia_lvh
@niluspc	@alex_muni
@niluspc	@AlexeyMBest
@niluspc	@alisonmul
@niluspc	@amandas81849097
@niluspc	@amb234xae
@niluspc	@andreimazura191
@niluspc	@annamwarrlngton
@niluspc	@Anne84911
@niluspc	@AnnedeGaulle
@niluspc	@AnqiKrug
@niluspc	@Apocalypse_fb
@niluspc	@araiavui
@niluspc	@arianaft5sxs
@niluspc	@Audacity313
@niluspc	@bcnetadiuprou
@niluspc	@Beeegajay
@niluspc	@BeterNRE
@niluspc	@bignormplease
@niluspc	@billy9318
@niluspc	@Billyb0ns
@niluspc	@bluefight110
@niluspc	@CCNaume
@niluspc	@citzgirl
@niluspc	@Cleox444
@niluspc	@creus_fcb
@niluspc	@Crypto_Rus
@niluspc	@cybermobile
@niluspc	@DanCronin
@niluspc	@DeadKnifeNew
@niluspc	@dennis7pl
@niluspc	@diukofsuffolk
@niluspc	@dkoshelk
@niluspc	@drumcoille
@niluspc	@DumShpiroSpero
@niluspc	@durolandia
@niluspc	@elin_1329
@niluspc	@EscapeVelo
@niluspc	@eska_akvila
@niluspc	@ezekiel
@niluspc	@f7eXmfhz8zvmJS1
@niluspc	@Findogask12
@niluspc	@FonteRodrigues
@niluspc	@FrankParejo
@niluspc	@FreeShingal
@niluspc	@futdtoke
@niluspc	@fuueet
@niluspc	@gogohoney80
@niluspc	@gokcekoc
@niluspc	@goodaaa1
@niluspc	@GrantBroadhurst
@niluspc	@helenmax2010
@niluspc	@heruvimka
@niluspc	@hollacash799
@niluspc	@HuntuGet
@niluspc	@idprism
@niluspc	@ihotenova
@niluspc	@InnerFury4K
@niluspc	@Iponexi
@niluspc	@janikvovan
@niluspc	@JavelinYason
@niluspc	@joegrn23
@niluspc	@johkramer
@niluspc	@JordiJobatcar
@niluspc	@Juse_VG
@niluspc	@JustHalanna
@niluspc	@kardona
@niluspc	@kmirandalondon
@niluspc	@kozache_ssmid
@niluspc	@Lauramcn1
@niluspc	@lavenderlens
@niluspc	@ligavi77
@niluspc	@LorenzoCongiu
@niluspc	@LucaDiCostanzo
@niluspc	@mamashka4
@niluspc	@manayercule
@niluspc	@ManuelTF79
@niluspc	@Marenostrum28
@niluspc	@mariamurg_
@niluspc	@mavr663300
@niluspc	@Melquiades1899
@niluspc	@MenziesGraeme
@niluspc	@metsilenko3
@niluspc	@mis_misha
@niluspc	@mlsovic
@niluspc	@moonyphil
@niluspc	@MrkiPrki
@niluspc	@MrMSanchez
@niluspc	@mrom57
@niluspc	@mtonaka1
@niluspc	@N10Nataliaa
@niluspc	@nicieya
@niluspc	@NorthOfTheCrap
@niluspc	@NricU
@niluspc	@Oneiorosgrip
@niluspc	@OscarJavierre
@niluspc	@pabsvg
@niluspc	@pajasXS
@niluspc	@paperopinguino
@niluspc	@PasconaMontsant
@niluspc	@Patriologue
@niluspc	@Piolin10938917
@niluspc	@PLANETHOTEL_NET
@niluspc	@poetic1899
@niluspc	@Pontifex_5
@niluspc	@PWMartin_Leith
@niluspc	@R0bbie99
@niluspc	@RawDawgBuffalo
@niluspc	@RealTimMitchell
@niluspc	@RobertTyreBute
@niluspc	@shik_aari
@niluspc	@shinobi22427722
@niluspc	@sloboda66
@niluspc	@smcv1
@niluspc	@StuartG08916010
@niluspc	@Suetpendous
@niluspc	@sura4230
@niluspc	@SvMs55
@niluspc	@tanyalebed777
@niluspc	@themadmurph
@niluspc	@TheScotsReiver
@niluspc	@ThomasSndbk
@niluspc	@TuttyRirii
@niluspc	@VA_Lebedeff
@niluspc	@Vasarahammer
@niluspc	@venutienne75010
@niluspc	@veteran762
@niluspc	@Vinyi555
@niluspc	@vvskondor
@niluspc	@wiktor705
@niluspc	@WimDool
@niluspc	@Worldwide_K0
@niluspc	@YES2ForScotland
@niluspc	@yury_per
@nina_sd	@avallurp
@nina_sd	@Guendor
@NinaQueral	@Apo11oXIII
@NinaQueral	@iratxeRG
@NinaQueral	@pirineista1979
@NinaQueral	@rapinyaire
@NinaQueral	@rwildrover
@nirueta	@oscarjxsbd
@Nitsuga000	@ejanet15
@NKortajarena	@AgirreGarita
@NKortajarena	@aritzum
@NKortajarena	@estheragirre
@nndrea	@lauradosa
@nnurp98	@Han17102003
@NodoyunaPier	@JuanQuinovi
@Noebcn84	@dodi150920
@noemiubach	@mpcbarcelona
@nonmegusta	@GusBracchi
@nonmegusta	@nostalgiabcn
@nonmegusta	@paperopinguino
@nonmegusta	@RealTimMitchell
@nonmegusta	@rolieban
@nonmegusta	@ruty1980
@nonmegusta	@SixtoCasado
@nonmegusta	@strangecorn
@nonmegusta	@tinapfaparla
@nonmegusta	@Vijoleta_G
@nonmegusta	@Worldwide_K0
@noresfordewiked	@Banane0711
@noresfordewiked	@channel__3
@noresfordewiked	@JackPecozi
@noresfordewiked	@Jedermanndenkt
@noresfordewiked	@nostalgiabcn
@noresfordewiked	@ushouldbeontv
@noresfordewiked	@walkiride
@noresfordewiked	@Zomwis_2015
@nortland	@NPS8
@notecortespavo	@drumcodeuk
@NPA_officiel	@_GreatUnwashed
@NPA_officiel	@_TransAnarchist
@NPA_officiel	@AnticapiPV
@NPA_officiel	@Brioso38
@NPA_officiel	@ClaudioStachek
@NPA_officiel	@DaillanHugo
@NPA_officiel	@frednatefred
@NPA_officiel	@Fry_Rumple
@NPA_officiel	@julievalles
@NPA_officiel	@khedi742
@NPA_officiel	@kyriewoman
@NPA_officiel	@Leo_kokoro
@NPA_officiel	@no_rain_today
@NPA_officiel	@OldGallifreyan
@NPA_officiel	@OniriCorpe
@NPA_officiel	@Patriologue
@NPA_officiel	@Rajkiy
@NPA_officiel	@Sabinetteus
@NPA_officiel	@sdemarcq1971
@NPA_officiel	@tvx1banana
@NPA_officiel	@UnHommedeGauche
@NPA_officiel	@YekZenith
@NPA_officiel	@YTocaben
@NriaCarrerasFon	@aurelialvarez
@NriaCarrerasFon	@Finasola1
@NriaCarrerasFon	@ignasicorral
@NriaCarrerasFon	@joamibar
@NriaI	@paguileracortes
@nuggetb0t	@ArihannaG
@nuggetb0t	@tonilukeprat
@nupages	@davidcaceres88
@nuri_frigola	@9Katty
@nuri_frigola	@mussoltrek
@nuria_risa	@AnnaAumatell9
@Nuria_urra	@koroki_kaze
@Nuria_urra	@nomi_kawaii
@Nuria358	@alliomack
@Nuria358	@belladelsenhor
@Nuria358	@copernicooper
@Nuria358	@freedom_first14
@Nuria358	@JakeBurdess
@Nuria358	@salva4salva
@Nuria358	@ThomasRaue
@Nuria358	@tommocrrot
@Nuria358	@zoeplanis
@nuriaantoli	@boboccaracal
@nuriabalada	@TeixidoJaume
@nuriabonest	@caterinaab_16
@NuriaCasademont	@Naxete85
@nuriafura	@VallsMorn
@nuriagarmor	@manel174801
@nuriagoma	@puesJessica
@nuriagonaumat	@FonteRodrigues
@nuriajoseph	@xgfreixer
@NuriaMonfulleda	@_Iratxe_
@NuriaMonfulleda	@_Irenemazaira_
@NuriaMonfulleda	@_Reiko24_
@NuriaMonfulleda	@100preChavista4
@NuriaMonfulleda	@8sergeicsl
@NuriaMonfulleda	@adriimolina22
@NuriaMonfulleda	@Alessiomea
@NuriaMonfulleda	@AlexCarmonaO
@NuriaMonfulleda	@AlexisftYTubers
@NuriaMonfulleda	@alischinsky
@NuriaMonfulleda	@andreea_10911
@NuriaMonfulleda	@annetta_026
@NuriaMonfulleda	@Arianavc04
@NuriaMonfulleda	@Azurtxo17
@NuriaMonfulleda	@BeansMacca
@NuriaMonfulleda	@BeLoveRev
@NuriaMonfulleda	@bruixaescarlata
@NuriaMonfulleda	@C_Sintes
@NuriaMonfulleda	@cadenise79
@NuriaMonfulleda	@CaralpsLoles
@NuriaMonfulleda	@CarcellerMontse
@NuriaMonfulleda	@Carlos_Teje
@NuriaMonfulleda	@CarlosB33578245
@NuriaMonfulleda	@CarolinaFilgue3
@NuriaMonfulleda	@celiabaranda23
@NuriaMonfulleda	@check2flow72
@NuriaMonfulleda	@chulidelbruc
@NuriaMonfulleda	@Claudium_8
@NuriaMonfulleda	@Dandonauta
@NuriaMonfulleda	@DanielaPQuiles
@NuriaMonfulleda	@danielgorrion
@NuriaMonfulleda	@DanySurfing7
@NuriaMonfulleda	@Davidkaufmann16
@NuriaMonfulleda	@DeboraJover
@NuriaMonfulleda	@denis_fabian
@NuriaMonfulleda	@dkobotero
@NuriaMonfulleda	@EdviRubiO
@NuriaMonfulleda	@elatropellado
@NuriaMonfulleda	@electrickernel
@NuriaMonfulleda	@elenapenasS
@NuriaMonfulleda	@fc3bonilla
@NuriaMonfulleda	@Fliperfefo
@NuriaMonfulleda	@FocEstelar
@NuriaMonfulleda	@Gaaraazi
@NuriaMonfulleda	@GabyAniorte1999
@NuriaMonfulleda	@GalvanX
@NuriaMonfulleda	@Gata_negra93
@NuriaMonfulleda	@gatubella89
@NuriaMonfulleda	@ginerocha
@NuriaMonfulleda	@goseatonio
@NuriaMonfulleda	@GrauperaRoser
@NuriaMonfulleda	@guillemsa_
@NuriaMonfulleda	@Han17102003
@NuriaMonfulleda	@huevis23
@NuriaMonfulleda	@HVugla
@NuriaMonfulleda	@I_MM_bcn
@NuriaMonfulleda	@icunova
@NuriaMonfulleda	@ielowsubmarin
@NuriaMonfulleda	@ImNotXavi
@NuriaMonfulleda	@Infocentroguati
@NuriaMonfulleda	@ingrid_marbla
@NuriaMonfulleda	@IreGVera
@NuriaMonfulleda	@irenelopezcolom
@NuriaMonfulleda	@itsyanotme
@NuriaMonfulleda	@IVSS_Exterior
@NuriaMonfulleda	@johne326
@NuriaMonfulleda	@JordiMartos5
@NuriaMonfulleda	@Jorge_Kaname
@NuriaMonfulleda	@JoseMar02736653
@NuriaMonfulleda	@juanraulbarreto
@NuriaMonfulleda	@judithriko
@NuriaMonfulleda	@JuliaMalatesta2
@NuriaMonfulleda	@junagrey
@NuriaMonfulleda	@Justincads
@NuriaMonfulleda	@KanezaDiane
@NuriaMonfulleda	@KatteLys
@NuriaMonfulleda	@kenokenokesi
@NuriaMonfulleda	@KRILIN573
@NuriaMonfulleda	@lau_gonzalez1
@NuriaMonfulleda	@lavaca_cega
@NuriaMonfulleda	@lcaramelos23
@NuriaMonfulleda	@LeireGabilondo
@NuriaMonfulleda	@lemataf_yann
@NuriaMonfulleda	@Leniwis
@NuriaMonfulleda	@LiilihhB
@NuriaMonfulleda	@Lluis_Sama
@NuriaMonfulleda	@lorexana106
@NuriaMonfulleda	@Loui_iuoL
@NuriaMonfulleda	@lucia_isasi
@NuriaMonfulleda	@lucia_vr78
@NuriaMonfulleda	@luigiortiz
@NuriaMonfulleda	@ma_guita
@NuriaMonfulleda	@maarcsaancho
@NuriaMonfulleda	@maariaa04
@NuriaMonfulleda	@MacBlitzz
@NuriaMonfulleda	@Makotosama_85
@NuriaMonfulleda	@Mar_Santorini
@NuriaMonfulleda	@marapesel
@NuriaMonfulleda	@marcsanchoo
@NuriaMonfulleda	@marcus_uf
@NuriaMonfulleda	@marta_m_DC
@NuriaMonfulleda	@MartaNovau
@NuriaMonfulleda	@MartynHalliwell
@NuriaMonfulleda	@MasterXena
@NuriaMonfulleda	@Matxalenn5
@NuriaMonfulleda	@MiguelNSX
@NuriaMonfulleda	@Milorsm
@NuriaMonfulleda	@Mimbrerooo
@NuriaMonfulleda	@misticamari
@NuriaMonfulleda	@MonicaMoliner
@NuriaMonfulleda	@msalasnadal
@NuriaMonfulleda	@munozmarquezluz
@NuriaMonfulleda	@nabelilla1980
@NuriaMonfulleda	@nasyaax99
@NuriaMonfulleda	@naturadecapsdde
@NuriaMonfulleda	@NayaHunt82
@NuriaMonfulleda	@ndamathie
@NuriaMonfulleda	@Nesvrstani
@NuriaMonfulleda	@nuriavb10
@NuriaMonfulleda	@Olga_Hurtado66
@NuriaMonfulleda	@pablosaldi
@NuriaMonfulleda	@PauloJCGFranco
@NuriaMonfulleda	@perjj
@NuriaMonfulleda	@playercristian
@NuriaMonfulleda	@PolDomenech6
@NuriaMonfulleda	@purpurinatrolls
@NuriaMonfulleda	@PutzuVputzu
@NuriaMonfulleda	@ramirensen
@NuriaMonfulleda	@RaquelE16
@NuriaMonfulleda	@Rigodon36
@NuriaMonfulleda	@RitxiBI
@NuriaMonfulleda	@rogerverge_
@NuriaMonfulleda	@rramoneda10
@NuriaMonfulleda	@S_power_girl
@NuriaMonfulleda	@saninkashimi
@NuriaMonfulleda	@SChaixa
@NuriaMonfulleda	@SerafSara
@NuriaMonfulleda	@SilvinhaRMCF
@NuriaMonfulleda	@spiti12
@NuriaMonfulleda	@Sr_Pe
@NuriaMonfulleda	@TCostabel
@NuriaMonfulleda	@tonilukeprat
@NuriaMonfulleda	@tormenta_negra_
@NuriaMonfulleda	@trave_arias
@NuriaMonfulleda	@ttonet46
@NuriaMonfulleda	@UnFanEspecial
@NuriaMonfulleda	@untwitteo
@NuriaMonfulleda	@XavierMurciano
@NuriaMonfulleda	@xavipc67
@NuriaMonfulleda	@XBLOYT_Real
@NuriaMonfulleda	@ybadbrio
@nuriapetit	@izarbear
@nuriavilamajor	@PauToda
@Nuriavj20	@carlesbenet
@nuriaxell	@estherllaurado
@NuriBabotRiera	@txellpomes
@Nurieta82	@BrahimKnows
@nurietaxuli	@sergiovis32
@nurimadsal	@ruvi22
@nurmos	@Sabquiros
@nuvolkintooon	@cristina16ch
@nuvolkintooon	@SantCugatencs
@oamaite	@QuimRevi
@oarbila	@Judith_L148
@oarbila	@yolanda19762008
@ObertCAPCPantiq	@Arimi17
@ObertCAPCPantiq	@FonteRodrigues
@ObertCAPCPantiq	@GuillemDou
@obffelius	@capritxoses
@obffelius	@SoriGran
@Obica6	@eN3RGyAM
@ocarrascoserra	@patmoab
@ocarrascoserra	@XavierMontoriol
@ocasano2	@CarlitoxMarxx
@OccupyLondon	@alcinx
@OccupyLondon	@AnpiBrescia
@OccupyLondon	@BComuGlobal
@OccupyLondon	@carnetdoute
@OccupyLondon	@Charlesthornt
@OccupyLondon	@dpiloncita
@OccupyLondon	@GillOToole
@OccupyLondon	@Green_Heart
@OccupyLondon	@Hayley_LDN
@OccupyLondon	@IndyINews
@OccupyLondon	@JefKlakRevue
@OccupyLondon	@jurgenvontopfer
@OccupyLondon	@KateSB
@OccupyLondon	@LeighMcKenna808
@OccupyLondon	@llerch22
@OccupyLondon	@markswan52
@OccupyLondon	@mezznj
@OccupyLondon	@Nat_Langridge
@OccupyLondon	@niteoflight
@OccupyLondon	@pixielight11
@OccupyLondon	@ProtestSPb
@OccupyLondon	@rocklandstv
@OccupyLondon	@SQUALLMagazine
@OccupyLondon	@tomasldb
@OccupyLondon	@VincentAbinet
@OccupyLondon	@womensmarchlon
@OccupyLondon	@YsbrydArt
@OccupyRainbow	@SimonVierstra
@Odos88	@robgast69
@ogarangou	@font_ferres
@OierBTX	@mardefons65
@OihanaBartra	@2torianatxo
@OihanaBartra	@7uriarte
@OihanaBartra	@Ainhoaa8
@OihanaBartra	@Ainitze5
@OihanaBartra	@AitorOlarreta13
@OihanaBartra	@aitortelleriaaz
@OihanaBartra	@anbeur
@OihanaBartra	@anderlarra20
@OihanaBartra	@anebebeal
@OihanaBartra	@AneBeloki3
@OihanaBartra	@araigo05
@OihanaBartra	@arkaitzsukuntza
@OihanaBartra	@AsierCarvajal
@OihanaBartra	@gara_miantzi
@OihanaBartra	@goraxaho
@OihanaBartra	@idoiamfer
@OihanaBartra	@iqtz
@OihanaBartra	@irati_ti_ti
@OihanaBartra	@junesuaa
@OihanaBartra	@MKL91H
@OihanaBartra	@MLersundi
@OihanaBartra	@MSarriegi
@OihanaBartra	@naparrene
@OihanaBartra	@naroacuesta
@OihanaBartra	@piratajonkar
@OihanaBartra	@sortu_hernani
@OihanaBartra	@txankarra
@OihanaBartra	@Txori7
@OihanaBartra	@urmore1
@OihanaBartra	@ZabaleraBegira
@oixque	@espiralveintiun
@Ojimenez96	@_mitsukisoul
@okokitsme	@amaia_haikazti
@okokitsme	@AnnekeNecro
@okokitsme	@juandelosciegos
@okokitsme	@MakiaBellum
@okokitsme	@mirimmi
@okokitsme	@SrTurras
@okokitsme	@TeresaMontao
@okokitsme	@tirorere
@OlaiaDuarte	@amaialmi
@OlaiaDuarte	@HiriBizia
@OlaiaDuarte	@joxeanurkiola
@OlaiaDuarte	@KoroGMoraza
@olatz_can14	@AinhoaOrueta
@olatz_can14	@letot_o
@olatz_can14	@sofiaarodri
@OlatzRibera	@alliomack
@OlatzRibera	@euskaltxarly
@OlatzRibera	@Galbete
@OlatzRibera	@Oriolgar
@OlatzRibera	@slavignotte
@olerdolina	@olerdolina
@olerdolina	@VaPerTuMare1
@Olga_Barbero	@Judit_Torres
@Olga_Barbero	@PepiEmi
@OlgaGirona	@Lokampaner
@olgaholmes8	@gz_cat
@olgaholmes8	@jorgebmnd
@olgaholmes8	@Rude_Artur17
@olgaholmes8	@Xeiramocidade
@OlgaMonterde	@Moscamascojoner
@OlgaPiu	@mter70
@olgapm82	@walass74
@ollecat	@GemmaMartorell
@ollecat	@xduran82
@OlmosOriol	@MaxSagues
@OmniumHG	@ainamanso
@OmniumHG	@CDRHG7
@OmniumHG	@electrilisto
@OmniumHG	@ferroviaris
@OmniumHG	@FrancJfarmo
@OmniumHG	@HGxI
@OmniumHG	@JSerraman
@OmniumHG	@jserranom
@OmniumHG	@Laiota13
@Onfire_79	@joanpere08
@onicolautell	@ge_gallego
@onlyamd	@gerard_ribas
@onlyamd	@pepacamb2
@onlyamd	@sandral93279873
@oodriozola	@EnekoLilly
@oodriozola	@jarotzena
@oodriozola	@jerra00
@Orellana_Pep	@abarberalluis
@oriocosmic	@_TheCatMonster_
@oriocosmic	@algoliver
@oriocosmic	@Bingobrewtea
@oriocosmic	@llunavermella
@OriolAmoros	@_afurudashuuh
@OriolCanosa	@llopis_cat
@OriolCanosa	@MartiRiu
@OriolCanosa	@yupyop
@oriolciurana84	@lluispalleja
@oriolferran	@eperapi
@OriolHuguet	@SARAInurse
@oriolllado	@martiadroher
@Orlan_Fdz	@XixonSiPuede
@Orprir	@alliomack
@Orprir	@Connectionary
@Orprir	@nicmarandola
@Orprir	@NicNikkolla
@orqueria3	@lolicoyote
@oscar_ahidalgo	@montalvo_elena
@oscar_imia	@lluismarley
@oscar_imia	@xmach70
@oscar_lolo3	@SilviaCipres
@oscar_lolo3	@uri_coro
@OscarJaneCh	@xavierciurana
@oscarlcat	@RobbyEspierre
@oscarlugar	@MaresmeLV
@oscarlugar	@radiocanetdemar
@OscarMedinaCh	@SoniaDonaire
@oseselio	@MeAventuro
@oskarlorenzo	@sandream8
@oskarlorenzo	@UxueB
@oskorne	@sojordi67
@osnaba	@gemetes
@osplo	@CumpaMariaInes
@osplo	@cynpolicastro
@osplo	@elnegroterrero
@osplo	@fernacorral
@osplo	@mariamusumeci65
@osplo	@masc47
@osplo	@sstarkoff
@Outes	@contradiscurso
@Outes	@IagoLousada
@Outes	@luismivcd
@Outes	@pedraluagz
@Outes	@soaak
@Outes	@val_galiza
@overlevende_	@jacopoarouet01
@oyaoyaoya92	@fiantoduri934
@p_serodio	@Anaesthetixs
@p_serodio	@BCNReferendum
@p_serodio	@Bittersweetbody
@p_serodio	@dieforxtruce
@p_serodio	@drumcodeuk
@p_serodio	@Gormo472
@p_serodio	@ItsAndreaMauri
@p_serodio	@jcrminyana
@p_serodio	@MariaReferendum
@p_serodio	@martargrane
@p_serodio	@neopatatotita
@p_serodio	@okanvulas
@p_serodio	@raekentrxsh_
@p_serodio	@Resistente_
@p_serodio	@smileytennant
@p_serodio	@Th3BatBr4t
@p_serodio	@tryothersways
@p_serodio	@Tsukiterumi
@p_serodio	@wmozxrt
@p_serodio	@XenaCarla
@PabloBaskes	@_piradaa
@PabloBaskes	@ElSombraPolla
@PabloBaskes	@ManisaTardis
@pablomm6	@gpalomar
@pabloporcar	@PauNavarraRZ
@pabloporcar	@XveggX
@paciencianostra	@aam2129
@paciencianostra	@dividewenceslao
@paciencianostra	@OceanMSN
@paciencianostra	@talkinthemoon
@paciencianostra	@tenue
@paciencianostra	@xopilleig
@PacoGarcias	@ashleygaw
@Paganos_	@manuel_pablo59
@paitu_96	@BarquereoM
@paitu_96	@matterice
@paitu_96	@QuieroAuditoria
@paitu_96	@rabihrania
@paitu_96	@sherifa78060270
@pakusland	@chirauki
@pakusland	@PerePaella
@palaublau15	@bilbotronik
@palbertiserra	@aracegea
@palbertiserra	@Mari_Gi94
@palbertiserra	@MovEsquerres
@palbertiserra	@pia_bosch
@palbertiserra	@RehtseGlz
@palbertiserra	@socialistesxSI
@palbertiserra	@sotoarmengol
@palbertiserra	@VictorTarCas
@pallares_jordi	@masllov
@pampallugaines	@FonteRodrigues
@pampallugaines	@JaviSanchez199
@pampallugaines	@krishouses
@pampallugaines	@lidsola
@pampallugaines	@nafabregat
@pancartera	@letras15M
@PanoPaula	@EdgarFCB5
@panparaelhipo	@AlexdlCuesta
@PanyRosasEE	@bebeagua60
@PanyRosasEE	@dropsandchaos
@PanyRosasEE	@panyrosasmad
@Paolalm99	@aitor_vca
@Paperoles	@Lauramcn1
@paperopinguino	@drumcodeuk
@Paquizamo	@EternaSomos
@Paquizamo	@Nan_violet
@PAROLE_auPeuple	@NatzeSupernatrl
@partidos_pirata	@agnspedrs
@partidos_pirata	@Anvazher
@partidos_pirata	@HerNenya
@partidos_pirata	@improbable
@partidos_pirata	@josepjover
@partidos_pirata	@lmn_ar
@partidos_pirata	@melousa1
@partidos_pirata	@Retroriff
@partidos_pirata	@soniabouzas
@partit_pirata	@etrabado
@partit_pirata	@gregorioperezag
@partit_pirata	@HerNenya
@partit_pirata	@JofreMelia
@partit_pirata	@kopydani
@partit_pirata	@pepjove
@partit_pirata	@Xabi_gm
@parxisxdemo	@Anna_Belskyt
@parxisxdemo	@Gi_tena
@PatiLoveras	@GuiayaraAcosta
@PatriarchalHero	@1999lluis
@PatriarchalHero	@bravo_rbb
@PatriarchalHero	@David_XCV
@PatriarchalHero	@eloyadrde
@PatriarchalHero	@ferperezmartin
@PatriarchalHero	@gonzalorp20
@PatriarchalHero	@juanfrintenista
@PatriarchalHero	@MinarquistaEsp
@PatriarchalHero	@Natalia_gd9
@PatriarchalHero	@teach_eduard
@PatriciaDS88	@GusBracchi
@PatrikNey	@zlatanrene
@patriperez_s	@joan_palou15
@patriperez_s	@saritajist
@PatriSamick	@AlexLVBS
@PatriSamick	@IsabelNavare
@PatriSamick	@Lizzy_Tamayo
@PattyLlaneza	@escacs_cat
@patunikos	@Aus_Contrarian
@patunikos	@crocataberner
@patunikos	@egoitzmoreno
@patunikos	@ellsbells412
@patunikos	@EnricMayo
@patunikos	@GreenDogKitus
@patunikos	@jordi_molas
@patunikos	@jordihigue
@patunikos	@olga_cabezas
@patunikos	@QCrusellas
@patunikos	@xfar1
@pau_cr5	@allexmatex
@paucampos11	@almassaneda
@paucampos11	@Egaliano11
@paucorcelles	@carmerieramin
@Paula_Carreras	@aitorpalomares
@Paula_Carreras	@AlbertTP91
@Paula_Carreras	@andreupalomares
@Paula_Carreras	@MiaTuya11
@Paula_Carreras	@pop_o_tita
@paula_leoon	@GATETA30
@paula_leoon	@GusBracchi
@paula7fcb	@montesiina
@paulafandi	@paperopinguino
@Paulagp1399	@mitcoes
@paulalopez33	@sndra21
@paulamilcares	@endomorphismus
@paulapalmarola	@AnnaPregona
@Paulaparreu	@sandraruiz261
@PaulAtreides67	@NanyTomaqqepum
@PaulAtreides67	@PaulAtreides67
@PaulineVe_	@CapitanEspecial
@paumartinell	@CUPCelra
@paumartinell	@roserdegirona
@paumaso	@TonyFisher83
@PauMassana	@0Marc0ES
@PauMassana	@avillalba92
@PauMassana	@clrmssn
@PauMassana	@eltwitderuben
@PauMassana	@lobikoylonji
@PauMassana	@marcus_uf
@PauMassana	@mariasrovira
@PauMassana	@nicmarandola
@PauMassana	@NicNikkolla
@PauMassana	@NikoLeize
@PauMassana	@SharedSteps
@PauMassana	@the7studios
@paumoral_	@gvilanova96
@paumoral_	@jaumee14
@paumoral_	@kudi_1987
@paumoral_	@QuimCasali
@paumoral_	@Rodri_D9
@paumoral_	@roger11r
@paumoral_	@txalsgurt
@Pausuzu	@_BrotherNero
@Pausuzu	@_Dyos
@Pausuzu	@_insoumission_
@Pausuzu	@_jaurechicken
@Pausuzu	@_Proud_American
@Pausuzu	@_TradeFair
@Pausuzu	@_Victorioso_
@Pausuzu	@_weightofliving
@Pausuzu	@_wise_soul_
@Pausuzu	@1_Vagabond
@Pausuzu	@1969ahbrown
@Pausuzu	@23andmeTURKEY
@Pausuzu	@2lsiafb
@Pausuzu	@3arabawy
@Pausuzu	@45_tweets
@Pausuzu	@4jinsil
@Pausuzu	@4nc4p
@Pausuzu	@5idiots_sos
@Pausuzu	@5Seconds0fBiebs
@Pausuzu	@8mbc8
@Pausuzu	@A_BTweets
@Pausuzu	@A_nicht_nichtA
@Pausuzu	@A7eeeeeeeeeeee
@Pausuzu	@AbBeirne
@Pausuzu	@abjedrzejewski
@Pausuzu	@abo0_mousa
@Pausuzu	@ACanOfIrnBru
@Pausuzu	@achabus
@Pausuzu	@actnow33
@Pausuzu	@ActsofFaithblog
@Pausuzu	@adamjones416
@Pausuzu	@AdamStramgram
@Pausuzu	@Adnyuk
@Pausuzu	@Adooron1970
@Pausuzu	@Adrii4561
@Pausuzu	@aestevezp
@Pausuzu	@aewingmsp
@Pausuzu	@af737digger
@Pausuzu	@afosni
@Pausuzu	@agnitha7
@Pausuzu	@AKAthegeneral
@Pausuzu	@AlanJohnson35
@Pausuzu	@alb_fab
@Pausuzu	@albert_marimon
@Pausuzu	@alberticious
@Pausuzu	@albujawladimir
@Pausuzu	@Alcanter
@Pausuzu	@Alex_Stopp
@Pausuzu	@AlexandraRovira
@Pausuzu	@alistairpge
@Pausuzu	@ALizziehow33
@Pausuzu	@AllanCavanagh
@Pausuzu	@Allantallon
@Pausuzu	@AllrisAlkris
@Pausuzu	@almigurtt
@Pausuzu	@AlvaroAlvarez_4
@Pausuzu	@alvintiger
@Pausuzu	@amadinsa
@Pausuzu	@amandabuffay
@Pausuzu	@Amon_Liebt_Mado
@Pausuzu	@AMStruggles
@Pausuzu	@An0nR0adie
@Pausuzu	@anamsias
@Pausuzu	@andreaolivem
@Pausuzu	@andreu_munoz
@Pausuzu	@andreuportet
@Pausuzu	@andydckent
@Pausuzu	@AnemosNaftilos
@Pausuzu	@Angeleugeni
@Pausuzu	@angelsppt
@Pausuzu	@AngusCMillar
@Pausuzu	@Aniur_Ole
@Pausuzu	@annaartru
@Pausuzu	@annaforn
@Pausuzu	@annakubis1
@Pausuzu	@anthonyrobson9
@Pausuzu	@Anti_Globalist_
@Pausuzu	@AntigoniGreg
@Pausuzu	@antilashden
@Pausuzu	@Aqeel_Glasgow
@Pausuzu	@AR1ST0S
@Pausuzu	@AranAlonso
@Pausuzu	@ARealPrincesa
@Pausuzu	@ariadnas30
@Pausuzu	@armstrongmoron
@Pausuzu	@ARQ_074
@Pausuzu	@artepmobil
@Pausuzu	@Artstewo
@Pausuzu	@asaparc
@Pausuzu	@Astrex1
@Pausuzu	@AvilaElane
@Pausuzu	@ayemait
@Pausuzu	@AyethatMe
@Pausuzu	@AZ_Files
@Pausuzu	@BaileyJlb
@Pausuzu	@barzallo_j
@Pausuzu	@bdg_za
@Pausuzu	@bear_ger
@Pausuzu	@beautifxldecay
@Pausuzu	@Begsali231
@Pausuzu	@bel_sevilla
@Pausuzu	@bellacaledonia
@Pausuzu	@bellagirlnola
@Pausuzu	@BigBobDak
@Pausuzu	@bigrowan68
@Pausuzu	@billbowden88
@Pausuzu	@billy9318
@Pausuzu	@bixbsccyrus
@Pausuzu	@BjceeSa
@Pausuzu	@BlackAndro73
@Pausuzu	@BlairBitch219
@Pausuzu	@BleudeMethyle
@Pausuzu	@blondiesa
@Pausuzu	@bombonoxidado
@Pausuzu	@bookLoverRus
@Pausuzu	@Bottlehead666
@Pausuzu	@braguitas13
@Pausuzu	@BravidDavo
@Pausuzu	@Breandn
@Pausuzu	@brigittecouderc
@Pausuzu	@BRWombat
@Pausuzu	@bubblegumwhore_
@Pausuzu	@bukarolbu
@Pausuzu	@bvpxcs
@Pausuzu	@C4i7Z
@Pausuzu	@CarlaVarderi
@Pausuzu	@CarlosCuevas44
@Pausuzu	@carlota_delamo
@Pausuzu	@CarolineKofahl
@Pausuzu	@Casanovas1994
@Pausuzu	@catalanpride
@Pausuzu	@CatalanRobot
@Pausuzu	@CathyMcRorie
@Pausuzu	@cedsc
@Pausuzu	@cesca_massot
@Pausuzu	@ChantalConnasse
@Pausuzu	@ChantalGaibor
@Pausuzu	@chicgibson
@Pausuzu	@ChocolaRei
@Pausuzu	@ChrisGaines777
@Pausuzu	@ChristinaSNP
@Pausuzu	@claudia_blo
@Pausuzu	@claudiaglezmo
@Pausuzu	@claudroca29
@Pausuzu	@cleretc
@Pausuzu	@comete56
@Pausuzu	@commonguy123
@Pausuzu	@conniepaterson
@Pausuzu	@copwonder
@Pausuzu	@Credo1611
@Pausuzu	@cristi_woods
@Pausuzu	@cristinxrtacho
@Pausuzu	@Critta_Killa
@Pausuzu	@crzyjk
@Pausuzu	@CultureSud64
@Pausuzu	@cylcopscyclist
@Pausuzu	@cymroewrop
@Pausuzu	@cymru_yes
@Pausuzu	@D_McMenemy
@Pausuzu	@d1s0bey
@Pausuzu	@dailan4
@Pausuzu	@daniele_favari
@Pausuzu	@Daniiela_Si
@Pausuzu	@danirossmm
@Pausuzu	@dannytrogen
@Pausuzu	@DanRiehl
@Pausuzu	@danywerfa
@Pausuzu	@darrenoleary825
@Pausuzu	@DaveTwitches
@Pausuzu	@Davidindie123
@Pausuzu	@davidpk86
@Pausuzu	@davidsharp27
@Pausuzu	@DavidSi01089718
@Pausuzu	@davyb375
@Pausuzu	@dazmctaz44
@Pausuzu	@dcosm
@Pausuzu	@deasach
@Pausuzu	@debbie1171
@Pausuzu	@DementedBonxie
@Pausuzu	@denise_kane
@Pausuzu	@Dexterker
@Pausuzu	@diandej
@Pausuzu	@Diarm12
@Pausuzu	@DickWinchester
@Pausuzu	@DimKomesarios
@Pausuzu	@djjoanreyes
@Pausuzu	@do_mck
@Pausuzu	@DockCurrie
@Pausuzu	@dolly_ste
@Pausuzu	@don_arete
@Pausuzu	@donifordace
@Pausuzu	@DonnachadhMc
@Pausuzu	@DonnaListon
@Pausuzu	@donnie1962
@Pausuzu	@donpaddioni
@Pausuzu	@DontEvenFight
@Pausuzu	@doron_ziv
@Pausuzu	@DPencheff
@Pausuzu	@drdankeown
@Pausuzu	@drizzzyregui
@Pausuzu	@Drystonesonnet
@Pausuzu	@DualPrown
@Pausuzu	@dulcevictoralex
@Pausuzu	@Dunoonargyll
@Pausuzu	@duval_mj
@Pausuzu	@dziedzic_ewa
@Pausuzu	@dziuniabla
@Pausuzu	@E_ham01
@Pausuzu	@earthyspud
@Pausuzu	@EbnerGeorg
@Pausuzu	@ecossedoc
@Pausuzu	@Edman73
@Pausuzu	@EduardSaezColl
@Pausuzu	@eduedu_egiribet
@Pausuzu	@EDWESTERNSNP
@Pausuzu	@EggRetweet
@Pausuzu	@Eikaryuu
@Pausuzu	@eKeiro
@Pausuzu	@El_Robert1969
@Pausuzu	@El_Zii
@Pausuzu	@ElCotufo
@Pausuzu	@ElegantDiplomat
@Pausuzu	@elenkitsopoulou
@Pausuzu	@ElhinorDHyrth
@Pausuzu	@elsotcat
@Pausuzu	@Elthrys95
@Pausuzu	@engineer_nerd
@Pausuzu	@EricJWest
@Pausuzu	@Esirerac
@Pausuzu	@EslamFouda
@Pausuzu	@Espumosah
@Pausuzu	@evat101010
@Pausuzu	@ewenjappy
@Pausuzu	@faemino72
@Pausuzu	@Fanta_Sttic
@Pausuzu	@farrochie
@Pausuzu	@feminismogaliza
@Pausuzu	@fgafatg
@Pausuzu	@Flodarius
@Pausuzu	@Floretesdelcamp
@Pausuzu	@flori_t
@Pausuzu	@followmytrend
@Pausuzu	@FonteRodrigues
@Pausuzu	@forcenimda
@Pausuzu	@fran_ballester
@Pausuzu	@francinanavarro
@Pausuzu	@franckbonrim
@Pausuzu	@FrankKHanover
@Pausuzu	@FreeShingal
@Pausuzu	@FreeThinker2030
@Pausuzu	@frodo3245
@Pausuzu	@Ftoflo1
@Pausuzu	@fush_fish
@Pausuzu	@fxavierbautista
@Pausuzu	@gaelobrig
@Pausuzu	@Gaudd
@Pausuzu	@Gazprom2015
@Pausuzu	@gazyorkshireboy
@Pausuzu	@geery17
@Pausuzu	@gemasez
@Pausuzu	@geoff_bernz
@Pausuzu	@georgiaboutsini
@Pausuzu	@Germans_4Trump
@Pausuzu	@giochannel_
@Pausuzu	@Giuliii_15
@Pausuzu	@Gjpvernant
@Pausuzu	@glen300sd
@Pausuzu	@GloriaSorigue
@Pausuzu	@GloriiiiGloriaa
@Pausuzu	@glorypenny
@Pausuzu	@grace8ming
@Pausuzu	@gracia_vazquez
@Pausuzu	@gracielaferler
@Pausuzu	@GreedyforDun
@Pausuzu	@greenjedi8
@Pausuzu	@grimes_steve
@Pausuzu	@guevaraandream
@Pausuzu	@guidauria
@Pausuzu	@Guilhe21
@Pausuzu	@gxdherself
@Pausuzu	@hack1967
@Pausuzu	@hadowfenix
@Pausuzu	@halilacar05
@Pausuzu	@HAPAX_AGENCE
@Pausuzu	@Happytoberight
@Pausuzu	@HardBrexit_dog
@Pausuzu	@HatimW4
@Pausuzu	@helena_pawlak
@Pausuzu	@helenamontasell
@Pausuzu	@HeyItsDama
@Pausuzu	@HolbeachGooner
@Pausuzu	@HorshamGardener
@Pausuzu	@HouseCracka
@Pausuzu	@ianramsay75
@Pausuzu	@iaumiau
@Pausuzu	@IbnuFadil4
@Pausuzu	@IDeserveFreedom
@Pausuzu	@ierofandis
@Pausuzu	@Ifishem
@Pausuzu	@iiSubzer0
@Pausuzu	@IKleftogianni
@Pausuzu	@IlanVisser
@Pausuzu	@imcalledeloi
@Pausuzu	@InefableGirl
@Pausuzu	@ineffablebucky
@Pausuzu	@instrickland
@Pausuzu	@ipalha
@Pausuzu	@irek59d1
@Pausuzu	@iriiinnaaa
@Pausuzu	@Iris15_
@Pausuzu	@irisroset
@Pausuzu	@IsakRifice
@Pausuzu	@IsMartorell
@Pausuzu	@itsliahn
@Pausuzu	@itsyazzyas
@Pausuzu	@IvarsMura
@Pausuzu	@iwouldntifiwas1
@Pausuzu	@j_badol
@Pausuzu	@j_luis_tr
@Pausuzu	@JablonskiMaciek
@Pausuzu	@JackPecozi
@Pausuzu	@Jahbalon
@Pausuzu	@jakimclaren
@Pausuzu	@james_bb
@Pausuzu	@James_Thorburn
@Pausuzu	@james77thomson
@Pausuzu	@Jamiecrock
@Pausuzu	@janielaw
@Pausuzu	@JaredTSwift1
@Pausuzu	@JAUMEDELACHAMA
@Pausuzu	@jaumetic
@Pausuzu	@JaumeXii70
@Pausuzu	@JaynePenelope
@Pausuzu	@Jazz_Singh4
@Pausuzu	@jddundee
@Pausuzu	@JeanLaurentM
@Pausuzu	@Jedermanndenkt
@Pausuzu	@JeffB85265026
@Pausuzu	@jegomoscPL
@Pausuzu	@jennyko103
@Pausuzu	@Jerry74840370
@Pausuzu	@jestejedno
@Pausuzu	@jillebrey
@Pausuzu	@jimixnie
@Pausuzu	@JJA__13
@Pausuzu	@jlj060453
@Pausuzu	@JMe1905
@Pausuzu	@JMRebes
@Pausuzu	@JoanaCasals1
@Pausuzu	@joanpadreny
@Pausuzu	@joanpk13
@Pausuzu	@JoeMcDo76800397
@Pausuzu	@JoeyArnoldVN
@Pausuzu	@johnjoechad
@Pausuzu	@johnmknox
@Pausuzu	@jonathansincl14
@Pausuzu	@joostmulder
@Pausuzu	@jordigrata
@Pausuzu	@jougstp
@Pausuzu	@JoyOfTheSNP
@Pausuzu	@joyouslee_
@Pausuzu	@juliajoaquin_
@Pausuzu	@JustNabz
@Pausuzu	@juuudit3
@Pausuzu	@Kaishi50
@Pausuzu	@kapel_7
@Pausuzu	@KarlisAncans
@Pausuzu	@Katerine_Swann
@Pausuzu	@Kathyheolzo
@Pausuzu	@Keiit22
@Pausuzu	@Kelek_Sz
@Pausuzu	@kelkelly
@Pausuzu	@kennethmac2000
@Pausuzu	@KevinSharpe59
@Pausuzu	@Kgb08Maria
@Pausuzu	@kilkeal
@Pausuzu	@Kiramu99
@Pausuzu	@KiwiAlec
@Pausuzu	@KiyMish
@Pausuzu	@koba1908
@Pausuzu	@kobuz3
@Pausuzu	@Kottomano
@Pausuzu	@krishaamer
@Pausuzu	@krispascoe
@Pausuzu	@KT_is_worth_it
@Pausuzu	@KtbMoa
@Pausuzu	@KyuRicard
@Pausuzu	@l0velyhar0ld
@Pausuzu	@L4r1k4
@Pausuzu	@laiamasj
@Pausuzu	@laiaperez_16
@Pausuzu	@lala_suckmydick
@Pausuzu	@LaTorreTV9
@Pausuzu	@latsutsi
@Pausuzu	@lau_ripolles
@Pausuzu	@Laura_japon
@Pausuzu	@laurenjsreign
@Pausuzu	@Lawr57
@Pausuzu	@ld_antoni
@Pausuzu	@leluez
@Pausuzu	@lenaduchannes93
@Pausuzu	@leni_lava
@Pausuzu	@Lesleygsmith3
@Pausuzu	@letsbehappy_
@Pausuzu	@lev924
@Pausuzu	@LindaTollan
@Pausuzu	@LlanitoPol
@Pausuzu	@lluc_llull
@Pausuzu	@llussai
@Pausuzu	@loicblutz
@Pausuzu	@LokRevenant
@Pausuzu	@loputoneng
@Pausuzu	@Lorik_Leka
@Pausuzu	@LosBlazed
@Pausuzu	@lovatokarlas
@Pausuzu	@lozzaloulilei
@Pausuzu	@LucyFurLeaps
@Pausuzu	@luigi7xll
@Pausuzu	@luisrueda96
@Pausuzu	@lycphoto
@Pausuzu	@m_rispau
@Pausuzu	@MaaacGilbert
@Pausuzu	@maajomb
@Pausuzu	@mabbutsaya
@Pausuzu	@mabozar74
@Pausuzu	@mac_adder
@Pausuzu	@MacDomhnall
@Pausuzu	@magicdmw
@Pausuzu	@mahas0
@Pausuzu	@MahmoudTharrwat
@Pausuzu	@makhno161
@Pausuzu	@ManelGarlez
@Pausuzu	@manforathat
@Pausuzu	@Manu_Butcher
@Pausuzu	@MaqsoodAsi
@Pausuzu	@MarcJG2
@Pausuzu	@Marcmarqui98
@Pausuzu	@MariaCastro_01
@Pausuzu	@mariamariona1
@Pausuzu	@mariasolbs
@Pausuzu	@MariaY_93
@Pausuzu	@mariiaaaw_
@Pausuzu	@mariinajoseph
@Pausuzu	@mark_stebbo30
@Pausuzu	@marta_figueras
@Pausuzu	@martafeve
@Pausuzu	@MartinMurphy001
@Pausuzu	@marymaddock1
@Pausuzu	@MaryQueenBee1
@Pausuzu	@MattK10
@Pausuzu	@max_eduag
@Pausuzu	@MCanteloup
@Pausuzu	@MeAventuro
@Pausuzu	@MECCAnopsis
@Pausuzu	@MedwayGirl74
@Pausuzu	@Mehdimoitou
@Pausuzu	@MenziesGraeme
@Pausuzu	@mercerp00
@Pausuzu	@merlinsdragons
@Pausuzu	@MexicanPink
@Pausuzu	@Mich_iry
@Pausuzu	@miguisuxx
@Pausuzu	@MiigCaparros
@Pausuzu	@mikeldetorre
@Pausuzu	@MilanaAliana
@Pausuzu	@MiniUra98
@Pausuzu	@MiqueletBarcelo
@Pausuzu	@mireefc
@Pausuzu	@MisakiMurakami1
@Pausuzu	@MmegA_21
@Pausuzu	@Mocavi71
@Pausuzu	@moondrops_
@Pausuzu	@Mr_Shanaboo
@Pausuzu	@MrMalky
@Pausuzu	@mrob76t
@Pausuzu	@MrsPissedProle
@Pausuzu	@mrv_14_99
@Pausuzu	@mssmccartney
@Pausuzu	@mtaibo3
@Pausuzu	@muchomaspan
@Pausuzu	@MuffyHicks
@Pausuzu	@myredway
@Pausuzu	@nabilpaklong
@Pausuzu	@NakoWhiteDeity
@Pausuzu	@NancyNausi14
@Pausuzu	@NaniiVic
@Pausuzu	@NatureIco
@Pausuzu	@Nendelaselva
@Pausuzu	@newman1190
@Pausuzu	@newritture
@Pausuzu	@NicephorFr
@Pausuzu	@nick_additief
@Pausuzu	@NinaBru82
@Pausuzu	@NL1ftw
@Pausuzu	@noapologists69
@Pausuzu	@Nohpyrt
@Pausuzu	@nonsticknik
@Pausuzu	@notherView
@Pausuzu	@notoriousbigip
@Pausuzu	@Noura_ZR
@Pausuzu	@NriaMarco
@Pausuzu	@nscrowba
@Pausuzu	@ntmcmf
@Pausuzu	@nuria13farran
@Pausuzu	@OccupyLondon
@Pausuzu	@octheshrubber
@Pausuzu	@oibur23
@Pausuzu	@OjoRepublicano
@Pausuzu	@omarlpglezz
@Pausuzu	@Omaropathy
@Pausuzu	@ontobelli
@Pausuzu	@Oputomimado
@Pausuzu	@Oriiol_29
@Pausuzu	@OsakasGeist
@Pausuzu	@oztrazine
@Pausuzu	@PA_Conte
@Pausuzu	@paaaatopatopato
@Pausuzu	@Palas4
@Pausuzu	@palmerogran
@Pausuzu	@pan_gq_66
@Pausuzu	@PandaArshi
@Pausuzu	@parrhesiai
@Pausuzu	@PassaportCatala
@Pausuzu	@PauFern54051089
@Pausuzu	@paula_sabat
@Pausuzu	@PaulCar63005489
@Pausuzu	@paulo_car
@Pausuzu	@PaulSmi09934847
@Pausuzu	@peacelove1967
@Pausuzu	@peacenlovebruv
@Pausuzu	@pedrosmotajr
@Pausuzu	@pereorga
@Pausuzu	@PetePetretich
@Pausuzu	@petpanther0
@Pausuzu	@PhoebeBeach
@Pausuzu	@pilaraymara
@Pausuzu	@pinkichiban
@Pausuzu	@pirkhalid1955
@Pausuzu	@pjpaton
@Pausuzu	@po_prawie
@Pausuzu	@PoliticsUKTD
@Pausuzu	@PorceddaWalter
@Pausuzu	@porridgeisgood
@Pausuzu	@ppringaos
@Pausuzu	@prato_mauro
@Pausuzu	@prettysvt
@Pausuzu	@prof_platzer
@Pausuzu	@PS641600
@Pausuzu	@PunxaAmbPanxa
@Pausuzu	@Q212J
@Pausuzu	@QuestionsAndTea
@Pausuzu	@quicksi79085962
@Pausuzu	@quimmagrane356
@Pausuzu	@rabcn91
@Pausuzu	@RafalKozlowski7
@Pausuzu	@raffytaffy8494
@Pausuzu	@RaheemKassam
@Pausuzu	@raimonizard
@Pausuzu	@raquelrm00
@Pausuzu	@RawDawgBuffalo
@Pausuzu	@realDavidXavier
@Pausuzu	@ReallyMimo
@Pausuzu	@Reaperon1
@Pausuzu	@RedHotSquirrel
@Pausuzu	@redvoid
@Pausuzu	@RFCdan
@Pausuzu	@Ricofyiiamaspy
@Pausuzu	@rivijr
@Pausuzu	@rloppacher7
@Pausuzu	@RN_veteran
@Pausuzu	@rnestopa
@Pausuzu	@robbiekerr21
@Pausuzu	@RodriArce7
@Pausuzu	@Rosa_in_Mundo
@Pausuzu	@rsegural
@Pausuzu	@RubenArenasG
@Pausuzu	@RumboStereo
@Pausuzu	@runningcommntry
@Pausuzu	@RuwelDennis
@Pausuzu	@ryddogg
@Pausuzu	@rykeandaisy
@Pausuzu	@s0msirem
@Pausuzu	@s0rgnk1nd
@Pausuzu	@SaidinTime
@Pausuzu	@SamuelLealG
@Pausuzu	@santi_carcasona
@Pausuzu	@SarahD123
@Pausuzu	@SaraPadmore
@Pausuzu	@Sarfara22486047
@Pausuzu	@SBARCLAYDETOLLY
@Pausuzu	@schikard
@Pausuzu	@scodstrials
@Pausuzu	@scott_gambier
@Pausuzu	@sebun81
@Pausuzu	@SendrowskiAw
@Pausuzu	@ser41693
@Pausuzu	@Sergent_Cule
@Pausuzu	@serginock
@Pausuzu	@Sergiocarro93
@Pausuzu	@sergioguerrero
@Pausuzu	@sevserii
@Pausuzu	@sguiuobiol
@Pausuzu	@shamarless
@Pausuzu	@Shan_ThaDon
@Pausuzu	@ShansRedShoes
@Pausuzu	@sheilacrerar
@Pausuzu	@Shelby14_02
@Pausuzu	@shirleyyoung2
@Pausuzu	@Shottsforindy
@Pausuzu	@sidegate91
@Pausuzu	@silver_lmao
@Pausuzu	@SissonsAndrew
@Pausuzu	@slawekjanczar
@Pausuzu	@snazy_ola
@Pausuzu	@SNPKelvin
@Pausuzu	@SobrementJordan
@Pausuzu	@Sointza
@Pausuzu	@soloqueuegod
@Pausuzu	@Soturne
@Pausuzu	@soumiya97
@Pausuzu	@SpikePinnedUp
@Pausuzu	@srdjancvijic
@Pausuzu	@ss_ss_171
@Pausuzu	@Steel_Virgin
@Pausuzu	@stuart_douglas
@Pausuzu	@SupakBarua
@Pausuzu	@Supergabrielon
@Pausuzu	@SurteesRichard
@Pausuzu	@susannacatala
@Pausuzu	@Swakheadhunter
@Pausuzu	@sxuldaeng
@Pausuzu	@sybila44
@Pausuzu	@t_equo
@Pausuzu	@Tab22Tab
@Pausuzu	@takethatftolly
@Pausuzu	@taliptuncer1
@Pausuzu	@tamara_13_13
@Pausuzu	@TaniaJCastro
@Pausuzu	@tapiasgemma
@Pausuzu	@tartanroots
@Pausuzu	@TattooQ
@Pausuzu	@TB_Bonfire
@Pausuzu	@TeamIsaAttard
@Pausuzu	@Telibarb
@Pausuzu	@TheGrummpyOldJ
@Pausuzu	@themetrobolist
@Pausuzu	@TheRealHenBroon
@Pausuzu	@therebel11
@Pausuzu	@theshinybeast
@Pausuzu	@thomasschmickl
@Pausuzu	@ThomasW58480638
@Pausuzu	@Thought_Cannon
@Pausuzu	@thoughtONpaper
@Pausuzu	@tidamtidou
@Pausuzu	@tiffanyhwgn
@Pausuzu	@timooa
@Pausuzu	@TinaSants
@Pausuzu	@tommocrrot
@Pausuzu	@ton_blind
@Pausuzu	@tonichu
@Pausuzu	@toopersonal_1
@Pausuzu	@TorryQ
@Pausuzu	@tradougcions
@Pausuzu	@trevorocSF
@Pausuzu	@Trumpservative
@Pausuzu	@Tsvbasa_iaponia
@Pausuzu	@Tucchia
@Pausuzu	@TweetYohans
@Pausuzu	@twitmrc
@Pausuzu	@twolf6901
@Pausuzu	@uaiartza
@Pausuzu	@UapCreacions
@Pausuzu	@ube_laura
@Pausuzu	@UgoGuerin
@Pausuzu	@unipede
@Pausuzu	@USch52
@Pausuzu	@Vadorgarbos
@Pausuzu	@vaJackSparrow
@Pausuzu	@ValAKerr
@Pausuzu	@Valeri0_Valeri0
@Pausuzu	@VanesaCaspi
@Pausuzu	@vapemyworld
@Pausuzu	@vazfatima910
@Pausuzu	@VelatSalihoglu
@Pausuzu	@velvetmorning10
@Pausuzu	@Veneziano1386
@Pausuzu	@verolozman66
@Pausuzu	@vFreeBirdv
@Pausuzu	@vic4816
@Pausuzu	@Victorii8
@Pausuzu	@viikygil
@Pausuzu	@Vijoleta_G
@Pausuzu	@ViralTwtsDistil
@Pausuzu	@vlasec_ciotto
@Pausuzu	@vlogshijazi
@Pausuzu	@volldanben
@Pausuzu	@vonfegelein
@Pausuzu	@VR_Brannigan
@Pausuzu	@webDOCC
@Pausuzu	@weesnowie
@Pausuzu	@Welsh58
@Pausuzu	@WestStandTone
@Pausuzu	@whatsinitforme
@Pausuzu	@whiskiconlimon
@Pausuzu	@Wilma76866749
@Pausuzu	@WXXRDJXV
@Pausuzu	@Xapaburu
@Pausuzu	@xavi_mix
@Pausuzu	@Xavierllado
@Pausuzu	@xenaphon
@Pausuzu	@xntitlxd
@Pausuzu	@XPerillan
@Pausuzu	@Yalinumberone
@Pausuzu	@yann_cdt
@Pausuzu	@YekZenith
@Pausuzu	@yemoot
@Pausuzu	@yerisoIo
@Pausuzu	@YesNewport
@Pausuzu	@yoonstinlmj
@Pausuzu	@Yug72Guy
@Pausuzu	@yvonnealexis53
@Pausuzu	@ZambonieDude
@Pausuzu	@ZaneTrajkoska
@Pausuzu	@zippydazipster
@Pausuzu	@Zoompad
@Pausuzu	@zuniga_E
@paxpuig	@inOteOlic
@PBarczak	@AriRodrigo
@PBarczak	@vmitjans
@pdanip	@hugodiezc
@pdanip	@rmassipr
@PdecatGracia	@joanagabarrof
@PdecatGracia	@sophiepasarin
@PDeCATMataro	@onapuig
@PDECATOlot	@DaniiCJ
@PDECATOlot	@FrancescArbos
@PDECATOlot	@jordivilar66
@PDECATOlot	@maslacarrera
@Pdemocratacat	@andergaray
@Pdemocratacat	@aristo_cracia
@Pdemocratacat	@arnau_llambrich
@Pdemocratacat	@BdnAlbert
@Pdemocratacat	@edugimeno75
@Pdemocratacat	@EgrimaE
@Pdemocratacat	@joleca83
@Pdemocratacat	@jordi_ametlla
@Pdemocratacat	@judithtoronjo
@Pdemocratacat	@Maariina08
@Pdemocratacat	@OlgaNavarroR
@Pdemocratacat	@olgasentinella
@Pdemocratacat	@PDECAT_AMB
@Pdemocratacat	@PDeCATSantJust
@Pdemocratacat	@perermerono
@Pdemocratacat	@quim_matas
@Pdemocratacat	@sansdelafuente
@Pdemocratacat	@SerMG97
@PDomingo96	@ArnauOlive
@Pedro_Gava	@DUISISI
@PedroBriegerOk	@ce_ci99
@PedroBriegerOk	@CristCorzo
@PedroBriegerOk	@CumpaMariaInes
@PedroBriegerOk	@evanesag
@PedroBriegerOk	@floridatuku
@PedroBriegerOk	@LOLETRAMIREZ
@PedroBriegerOk	@sstarkoff
@PedroLuna73	@_suniac
@PedroLuna73	@alfonsosalmeron
@PedroLuna73	@annabs_lh
@PedroLuna73	@Cielovescurry
@PedroLuna73	@comunistes
@PedroLuna73	@ejanet15
@PedroLuna73	@EslaSella
@PedroLuna73	@Fernandez_iudex
@PedroLuna73	@franciscesteban
@PedroLuna73	@FreeganBCN
@PedroLuna73	@ignasi_ibarz
@PedroLuna73	@Joleon7
@PedroLuna73	@llibrot
@PedroLuna73	@maiteazules
@PedroLuna73	@MLenPruebas
@PedroLuna73	@pancartera
@PedroLuna73	@paurodesan
@PedroLuna73	@Raulindignat
@PedroLuna73	@SalvaTorres3
@PedroLuna73	@urixturing
@PedroLuna73	@XaviPortales
@pedromercade	@arnauart
@pedromercade	@cuidadors
@pedromercade	@cupvalls
@pedromercade	@Deixadeserilla
@pedromercade	@Emiliworker
@pedromercade	@enesamundarain
@pedromercade	@galmiran
@pedromercade	@gemmiiins
@pedromercade	@gublamo_blanco
@pedromercade	@HumphreyDiuQue
@pedromercade	@illiwira
@pedromercade	@kaseOga
@pedromercade	@MiquelRudrigues
@pedromercade	@Necrain
@pedromercade	@periodicdelta
@pedromercade	@rosielluminate
@pedropardomusic	@JMOrus
@Pedrozizur	@effylovegood
@Peka893	@estefan99840122
@Peka893	@gmorena198811
@peli_oscar	@AgenteTruffaut
@peli_oscar	@molera_cots
@PenyaAlmogavers	@AlmirallvidalE
@PenyaAlmogavers	@almogavers1899
@PenyaAlmogavers	@bgjo_
@PenyaAlmogavers	@catalacosmic
@PenyaAlmogavers	@Dicveritats
@PenyaAlmogavers	@dmg1995
@PenyaAlmogavers	@eduguerreroo
@PenyaAlmogavers	@elGrecCule
@PenyaAlmogavers	@gorecas
@PenyaAlmogavers	@jaumemolinsbcn
@PenyaAlmogavers	@joangene4
@PenyaAlmogavers	@joanrportell
@PenyaAlmogavers	@juanrak
@PenyaAlmogavers	@juliettta95
@PenyaAlmogavers	@KituFCB
@PenyaAlmogavers	@manelcasals
@PenyaAlmogavers	@MontsePujadasB
@PenyaAlmogavers	@OriolHosta
@PenyaAlmogavers	@OriolMFado
@PenyaAlmogavers	@pedrogomis
@PenyaAlmogavers	@rblasi
@PenyaAlmogavers	@SilviaCipres
@PenyaAlmogavers	@txantxi
@PenyaAlmogavers	@xdocampo
@PenyaAlmogavers	@zapla26
@pep_plana	@silvusjones
@PepArgelich	@Imma_Palet
@PepArgelich	@infoanoia
@PepArgelich	@marinapoch92
@pepescoda	@miquelguiot71
@pepescoda	@tonet001
@pepetimarieta	@AnnaSoleD
@pepetimarieta	@Giisela93_
@pepetimarieta	@Mari_Gi94
@pepetimarieta	@moniato_cat
@pepetimarieta	@perikitoroig
@pepetimarieta	@Raquel_TF
@pepetimarieta	@setes77
@pepetimarieta	@TerryWolles
@pepetimarieta	@ximoberna
@PepiManye	@mgarc130
@pepito_grill	@IreGVera
@pepito_grill	@JosLongo
@pepito_grill	@lemac_19
@pepito_grill	@Lennyx73
@pepito_grill	@liorscofield
@pepito_grill	@nuriajoana
@PepJordana	@Antoniaroco
@PepJordana	@IsabelBas3
@pepmartorell	@laraaggr
@PepTines	@gogsy58
@PepTines	@ruty1980
@perearagay	@xepxep1
@perecornella	@aitorpalomares
@perecornella	@csensats
@perecornella	@esterbote82
@perecornella	@JColprim
@perecornella	@LaiaAlbo
@perecornella	@laiarovilera
@perecornella	@LladoMoreno
@perecornella	@merceteresbonet
@perecornella	@monsamga
@perecornella	@Noeblanch
@perecornella	@salvijolis
@perecornella	@tato_junior
@perecornella	@trencapi
@perelorente1	@LarrysMontse
@PereMercader	@Ontxo
@PereSerrat	@carme_sola
@PereSerrat	@MIQUELLARA
@PereSerrat	@ninucat
@PerikosIndepes	@cristinaperez29
@PerikosIndepes	@JandroRoMu
@PerikosIndepes	@joan7562RCDE
@PerikosIndepes	@kikoyogui
@PerikosIndepes	@lurdescosta1
@PerikosIndepes	@Penyacancias
@Periku21	@gscastel
@Periku21	@hortbel
@Periku21	@Jofrehp
@perpins5	@mireiacanals3
@Pescallunes1975	@benxi99
@Pescallunes1975	@francinanavarro
@PetitesJoies	@jxf01
@PetitesJoies	@QuimPiqueras
@petitpons	@SoniaGumbau
@petrus_2gotes	@xavi_pla
@ph_liria	@slavignotte
@phospital	@3amed
@phospital	@bcninvestigator
@phospital	@bentauler
@phospital	@bodiug
@phospital	@Cristina_RodEst
@phospital	@elatropellado
@phospital	@javieribz
@phospital	@jordigalbany
@phospital	@KevinMuldoon
@phospital	@LaiaAlbo
@phospital	@mstrubell_EN
@phospital	@NekoMuseCore
@phospital	@PepoCalvet
@picmages	@peacepointBase
@pilaraymara	@AbeldeRita
@pilaraymara	@anxoma
@pilaraymara	@dendeafiestra
@pilaraymara	@doce_raquel
@pilaraymara	@espiralveintiun
@Pilarisdelworld	@Belitre
@Pilarisdelworld	@JGzlezz
@Pilarisdelworld	@mac_1211
@Pilarisdelworld	@paablo_moon
@PILI93s	@PittMichels
@pilinya	@Lauramcn1
@pilinya	@MarNBFuentes
@pilinya	@yulpas2
@pin784	@LAPISLAZZULI2
@pinagol	@Agnieszka_W11
@pinagol	@CarlitoxMarxx
@pinagol	@clodostudioisot
@pinagol	@david_ropero2
@pinagol	@LauritaCobito
@pinagol	@shinobi22427722
@pinagol	@Soy_AntiTaurin0
@pinagol	@XimoFerrer90
@pinarello_verd	@aliciacardielv
@PinedaJuanma	@josefapachon
@pinyasonet	@NuriaSonet
@pitersg	@trigo_guitar
@pitikollons	@gabifiscat
@pitikollons	@oherreroc
@pitudedeu	@AngieP40535799
@pitudedeu	@daesga
@pitudedeu	@DaliEnfurismada
@pitudedeu	@dsaunesa
@pitudedeu	@jaumeroldos
@pitudedeu	@jjdunbar63
@pitudedeu	@jrpm71
@pitudedeu	@MasotRosa
@pitudedeu	@olabodia
@pitudedeu	@PereZaBo63
@pitudedeu	@quetacon
@pitudedeu	@ramontorresarus
@pitudedeu	@rikinogues
@pitudedeu	@rosita60
@pitudedeu	@TDolors
@pitudedeu	@Tony_Orcha
@pitudedeu	@tutiwy69
@pitudedeu	@xmitjavil
@pitupitarch	@ferraca10
@pitupitarch	@ielowsubmarin
@pitupitarch	@MC_VLC
@pitupitarch	@MeAventuro
@pitupitarch	@monteolivetanus
@pitupitarch	@nirueta
@pitupitarch	@Psicopato_negro
@pitupitarch	@sil1987oasis
@pitupitarch	@xmitjavil
@plaerdemaria	@AinaBadia
@plaerdemaria	@al101xg
@plaerdemaria	@AndreuNavarra
@plaerdemaria	@DiegoJurBru
@plaerdemaria	@JordiMarrugat
@plaerdemaria	@sara_crabs
@plaerdemaria	@senyorpressec
@plaerdemaria	@Siempre_LaMisma
@plaerdemaria	@xsanchis
@Plaerdmvida	@DesDeRipo
@planajordi	@FonteRodrigues
@plat_defensaref	@frankitxen
@Pmasabeu	@foxy195
@pmuriel86	@saninkashimi
@PodemDeltebre	@emilival2012
@PodemosLlagosta	@Pedro62210473
@PodemosLlagosta	@sergiypilar
@PodemStCugat	@SantCugatencs
@polcornudella	@mandarinillu
@polpedrico	@eduardfermart
@polrodriguezriu	@esteryebra
@PolSantandreu	@_al90_
@PolSantandreu	@10Mateitor
@PolSantandreu	@14diego9999
@PolSantandreu	@6204a0026db047b
@PolSantandreu	@Abeeel98
@PolSantandreu	@ADICT_AR
@PolSantandreu	@AdriKbl
@PolSantandreu	@ArkaCrack
@PolSantandreu	@Astoraka
@PolSantandreu	@Bookseller78
@PolSantandreu	@carlos_hijate
@PolSantandreu	@correa_gerardo_
@PolSantandreu	@Dgarciavisoa
@PolSantandreu	@frtf1team
@PolSantandreu	@gerardillu
@PolSantandreu	@GeroGallagher
@PolSantandreu	@homeritme
@PolSantandreu	@icasanueva
@PolSantandreu	@Janeator
@PolSantandreu	@jesusmf16
@PolSantandreu	@jgrausaura
@PolSantandreu	@jonartieda
@PolSantandreu	@Juanmi_N
@PolSantandreu	@justfastF1
@PolSantandreu	@kborrells
@PolSantandreu	@magnusbarclay
@PolSantandreu	@marcobremb
@PolSantandreu	@micabezas
@PolSantandreu	@MicheleBlase
@PolSantandreu	@mikeltxuXXIX
@PolSantandreu	@P_DeMenta
@PolSantandreu	@pablek_a_g
@PolSantandreu	@periodistboss
@PolSantandreu	@raiva33
@PolSantandreu	@retrechera
@PolSantandreu	@RichardFuckYeah
@PolSantandreu	@RobPargalia
@PolSantandreu	@Runit00
@PolSantandreu	@ruty1980
@PolSantandreu	@spanishF1fan
@PolSantandreu	@troytheboy10
@PolSantandreu	@W_skz89
@PortaCarles	@cplanasal
@Pota_penko	@asierbasaras
@Pota_penko	@CorreCarreiros
@Pota_penko	@FidelKastroo
@Pota_penko	@hozeaman
@Pota_penko	@ijorge123
@Pota_penko	@kizitomusampa
@potbanging	@BedroomCreative
@potbanging	@CoityCampers
@potbanging	@elctrodnd21
@potbanging	@IsThisAB0t
@potbanging	@sfpodge
@potbanging	@skint_knees
@potbanging	@tirorere
@PouLaura	@mohino50
@PouLaura	@PouLaura
@PouLaura	@rossenddevaloi1
@premsahistoria	@farre_esteban
@premsahistoria	@isabel_pifarre
@premsahistoria	@ramondal
@premsahistoria	@unaltreRamon
@PrezSagr	@alfon7s1
@PrincepGirona	@carlesbenet
@PrincepGirona	@GiroLlorente
@psicolegsanc	@aguscot
@psicolegsanc	@albert_olle
@psicolegsanc	@Aliabcn
@psicolegsanc	@aspcctt
@psicolegsanc	@atzori_piero
@psicolegsanc	@bsaliner
@psicolegsanc	@danimaresme
@psicolegsanc	@david_commec
@psicolegsanc	@esaezmun
@psicolegsanc	@gemmamarcegm
@psicolegsanc	@IsaacJasrod
@psicolegsanc	@JF_Abril
@psicolegsanc	@Jordiduc
@psicolegsanc	@josefapachon
@psicolegsanc	@Legolasindar
@psicolegsanc	@llorenc1899
@psicolegsanc	@maima1965
@psicolegsanc	@montsemcorral
@psicolegsanc	@SilvieGz
@psicolegsanc	@SitaBarna
@publico_es	@ardilliza
@PucheCcs	@_Reiko24_
@PucheCcs	@Tweetedfairly
@PucheCcs	@XFncs007
@Puckatwit	@SilsdelaSelva
@puerta_nuria	@CdrRubi
@puerta_nuria	@xavidionis
@puig_guillem	@mgimferrer
@Pujolras94	@LaietaPujolras
@puntets	@cesc_vidal
@PURNA_ARAGON	@asilveiro
@PURNA_ARAGON	@ChesusRoyoTxema
@PURNA_ARAGON	@LadyGamer_of
@PURNA_ARAGON	@MOMarinoso
@PURNA_ARAGON	@olibertweet
@PURNA_ARAGON	@RobertoGrac
@PURNA_ARAGON	@RodrigoArenasGa
@PURNA_ARAGON	@Vcazana
@PurplePartisan1	@joanmm7
@PurplePartisan1	@tizzthered
@PUTSCH_demont	@CanoEhno
@PUTSCH_demont	@DretsCaca
@pviladiu	@AbelDelgadoG
@pviladiu	@acrossthebreeze
@pviladiu	@AlexLVBS
@pviladiu	@annabrownsays
@pviladiu	@annedanvoie
@pviladiu	@arnaubusom
@pviladiu	@ArnoldSchiller
@pviladiu	@av8tor76
@pviladiu	@bepmg
@pviladiu	@Billyb0ns
@pviladiu	@BlayHelena
@pviladiu	@blue_no7
@pviladiu	@brrunge_
@pviladiu	@butanitoforever
@pviladiu	@C12H22O12
@pviladiu	@calperello
@pviladiu	@cvolodina
@pviladiu	@d_manding
@pviladiu	@dEnDrOlA_gue
@pviladiu	@dolsalaia
@pviladiu	@dona_invisible
@pviladiu	@EdSnowdsupport
@pviladiu	@EdWolkov
@pviladiu	@EggRetweet
@pviladiu	@electrickernel
@pviladiu	@EvgeniyaProsina
@pviladiu	@eyechili
@pviladiu	@franbus
@pviladiu	@Francescviladiu
@pviladiu	@Gata_negra93
@pviladiu	@gatubella89
@pviladiu	@gemmafrost19
@pviladiu	@giru85
@pviladiu	@hquinzelxxx
@pviladiu	@J_Regas
@pviladiu	@JakeBurdess
@pviladiu	@Jordilacasa
@pviladiu	@JoseMourinhoUTD
@pviladiu	@JuliaMalatesta2
@pviladiu	@junagrey
@pviladiu	@KherVam
@pviladiu	@liorscofield
@pviladiu	@Logonfire
@pviladiu	@maimateus
@pviladiu	@MAITERODRIGUEZH
@pviladiu	@marcus_uf
@pviladiu	@mariasrovira
@pviladiu	@martamasque
@pviladiu	@martapiqs
@pviladiu	@MeAventuro
@pviladiu	@MikeyCorrigan
@pviladiu	@mireeiaob_08
@pviladiu	@Mmaugust16
@pviladiu	@moriyakari
@pviladiu	@MrGrumpy69
@pviladiu	@mrom57
@pviladiu	@mujermaravillxs
@pviladiu	@MyPitit
@pviladiu	@Nandusaraia
@pviladiu	@NikoLeize
@pviladiu	@numasats
@pviladiu	@OArtigas
@pviladiu	@octobriana1917
@pviladiu	@paalull
@pviladiu	@Piersoft
@pviladiu	@QCrusellas
@pviladiu	@quantum_braket
@pviladiu	@rscano
@pviladiu	@S_power_girl
@pviladiu	@sarasusann
@pviladiu	@serwkl
@pviladiu	@skiamakhos
@pviladiu	@slavignotte
@pviladiu	@spika59
@pviladiu	@Sprudel74
@pviladiu	@sura4230
@pviladiu	@teachertwit2
@pviladiu	@Titiua2017
@pviladiu	@tommocrrot
@pviladiu	@totitexx
@pviladiu	@TumshiePam
@pviladiu	@unpringatmes
@pviladiu	@vel_63
@pviladiu	@weecass1888
@pviladiu	@xavisallas
@pviladiu	@yury_per
@PyroSMM	@Lautaro32556
@q_og2	@elatropellado
@q_og2	@MASolerSubirana
@q_og2	@ramon_minoves
@Queralde	@Ivi_Plisetsky
@Queralde	@MariaReferendum
@Queralde	@mhierro2000
@Queralde	@NenaBlabla6
@Queralde	@normanmasia
@Queralde	@zz_andrea_zz
@quim_vallllo	@annammaso
@quim_vallllo	@pepa_parrado
@QuimCasali	@txalsgurt
@QuimFernandez	@alexmarquez01
@quimgombau	@LauritaCobito
@quimmarce	@jmmarce
@quimmarce	@marcMRM
@quimmarce	@nuritu
@quimmarce	@TiganaBelgarath
@quimmarce	@Uristrong
@Quimmitjans	@VipascualBegona
@quimpg	@lolagarriga
@QuimPratsF	@jordigalbany
@quimsb	@andyuruguay
@quimsb	@JorgeRoot
@quimsb	@Mizuno_sempai
@quimsb	@NeMaita
@quimsb	@PolMoya4
@quimtapu75	@anamartinezd
@quimtapu75	@gironamola
@quimtapu75	@iBlanco80
@quimtapu75	@KrisTheGrump
@quimv	@Teresa_Ciges
@quinacosatu	@Govipu
@quinacosatu	@lizcastro
@quinacosatu	@louisescotref
@quinacosatu	@maxxbone
@r_martinez1984	@tiburonHuertas
@Rababtija	@aroaflores__
@rabal_victoria	@Miree_6
@rabal_victoria	@rabal_victoria
@RACSPARIS	@afeye
@RACSPARIS	@FelberStjepan
@RACSPARIS	@Handwriting01
@RACSPARIS	@Nexus1235
@RACSPARIS	@sailwithrob
@RACSPARIS	@SimGold
@rafa_pvila	@Albert_Ian11
@rafael_hv	@13iskander131
@rafael_hv	@aniollls
@rafael_hv	@AnnaGrau3
@rafael_hv	@annie_blackmore
@rafael_hv	@ATRWibben
@rafael_hv	@EdGarethPoole
@rafael_hv	@ellie_knott
@rafael_hv	@ericmgoss
@rafael_hv	@fonnesbaek
@rafael_hv	@gweirydd
@rafael_hv	@helensclegel
@rafael_hv	@jennitpk
@rafael_hv	@miriamblancor
@rafael_hv	@Nanaboadi_1
@rafael_hv	@neiljmcevoy
@rafael_hv	@paressanti
@rafael_hv	@RachelNavarre
@rafael_hv	@richardtheap
@rafael_hv	@Sutlej
@Rafaela_RivasM	@Caperuzotaroja
@Rafaela_RivasM	@MarolaPereda
@Rafaela_RivasM	@missifu79
@rafavilar_gz	@FonteRodrigues
@Rafel_MF	@Gloriaplanas
@Rafel_MF	@oskcat
@RafelFors	@Ajaygolmalgobi
@RafelFors	@AlexLVBS
@RafelFors	@dino080873
@RafelFors	@FonteRodrigues
@RafelFors	@LastArchitech
@RafelFors	@mstrubell_EN
@RafelFors	@Nikiniria
@RafelFors	@NUSAB75
@RafelFors	@Sander7408
@RafelFors	@sguego
@RafelFors	@swaccountants
@rafelsolemiro	@josechu10
@rafikiscope	@krmenchu
@ramon_tossa	@2014Albert
@ramon_tossa	@carlesnselda
@ramon_tossa	@marbronthe
@ramonaguilarg	@JoanFiga
@ramonaguilarg	@joansenior
@ramonaguilarg	@lemac_19
@ramonaguilarg	@LeydMurfi
@ramonaguilarg	@lis_76
@ramonaguilarg	@ssabatee
@ramonalarcon94	@bcnetadiuprou
@ramonpuig65	@JoanRBarCa
@ramonpuig65	@palmieri_aura
@ramonpuig65	@ugtcatalunya
@ramonpuig65	@XavierCasasUGT
@ramontremosa	@cdm1950
@ramontremosa	@emilifdx
@ramontremosa	@estebanbender
@ramontremosa	@JosepMariaGF
@ramontremosa	@JosepRuaix
@ramontremosa	@vullvotarja
@ramossalvat	@cfrd1909cat
@ramossalvat	@j_b_rtr_n
@ramossalvat	@JoanSerraFerre
@ramossalvat	@quimramos36
@raquel13641	@jordicanudas
@RaquelAturia	@sueandreu
@raquelbassas	@slavignotte
@RaquelGiro	@AixequemCap
@RaquelGiro	@AjBascara
@RaquelGiro	@Losenyorprior
@rargemi	@CarolaCastella
@RataDesletrada	@eurofan4ever
@raulbehe	@archrob7
@RaulComino	@ElSanru
@raulicoblantons	@anyol1n12
@raulicoblantons	@BretonesPedro
@raulicoblantons	@joseca_007
@ravmicky	@alliomack
@ravmicky	@Benson141216
@ravmicky	@ironmarc
@ravmicky	@Kurt_Robertshaw
@ravmicky	@redtom43
@ravmicky	@sarge0511
@ravmicky	@vittorio_scar
@RawIran	@AcampadaMordaza
@RawIran	@AUGUSTOCHDM
@RawIran	@dolorsrevu
@RawIran	@Grigrounesk
@RawIran	@MeinciMedia
@RawIran	@StopMordazas
@RawIran	@xdemocradirecta
@rballerini	@eliotts65
@rbarrachina	@dani_urdas
@rbarrachina	@josefapachon
@rbarrachina	@Sitaloy
@rbarrachina	@zepylindra
@rdiecinueve	@LuisCazalis
@reagrupamentpv	@aialomar1
@reagrupamentpv	@alejandre1899
@reagrupamentpv	@AnnaPinedaC
@reagrupamentpv	@Assumpfarran
@reagrupamentpv	@brunyol
@reagrupamentpv	@CatalGlria
@reagrupamentpv	@climentcc
@reagrupamentpv	@CosterutMuc
@reagrupamentpv	@DolorsPaCe
@reagrupamentpv	@ielowsubmarin
@reagrupamentpv	@jdomingocoll
@reagrupamentpv	@joan88494667
@reagrupamentpv	@Johan5_0
@reagrupamentpv	@jordi_cc
@reagrupamentpv	@Juanangc
@reagrupamentpv	@ManelOlle
@reagrupamentpv	@marpallach
@reagrupamentpv	@marramiauuuuuu
@reagrupamentpv	@montsegatell1
@reagrupamentpv	@noemirinda
@reagrupamentpv	@paupaman
@reagrupamentpv	@pepsabater
@reagrupamentpv	@salvadorcardus
@reagrupamentpv	@Tassia09
@reagrupamentpv	@xescaba
@reagrupamentpv	@xvallverf
@RebecaOschez_DN	@j_badol
@RebecaOschez_DN	@valsi8
@rebefer_	@Ramonramon74
@RebekaUbera	@aralaralderdia
@RebekaUbera	@ehbildubizkaia
@Recasens_Guille	@coodeehr
@RECinhibit	@andreteixeirav
@RECinhibit	@Zabumba1
@RecursosGZ	@cernekernel
@ref1oct	@_Dyos
@ref1oct	@_vicky4_
@ref1oct	@11jordi
@ref1oct	@14Quatorze
@ref1oct	@8LeoChan8
@ref1oct	@AAndreaserra
@ref1oct	@abrahammas9
@ref1oct	@Addri_12
@ref1oct	@ainags3
@ref1oct	@albatomy
@ref1oct	@albert_surinach
@ref1oct	@albertcanist
@ref1oct	@albertitu
@ref1oct	@albertmoralees
@ref1oct	@alejand15820176
@ref1oct	@alev0sia
@ref1oct	@AlexDiazPrat_10
@ref1oct	@alospm
@ref1oct	@AmantuSki
@ref1oct	@anaraljaan
@ref1oct	@ANCPalautordera
@ref1oct	@andonimarin
@ref1oct	@AndresSanchez_7
@ref1oct	@anedelicado7
@ref1oct	@angelamaviis
@ref1oct	@angels_vi
@ref1oct	@angiepallerola
@ref1oct	@ApumaAgust
@ref1oct	@aq_996
@ref1oct	@Ariel20995968
@ref1oct	@arwen_mp
@ref1oct	@BabsCala90
@ref1oct	@barrufeta4
@ref1oct	@Beatrix_Kidoo
@ref1oct	@beeerta96
@ref1oct	@BielsoG
@ref1oct	@biemingu9
@ref1oct	@BollElsa
@ref1oct	@ByMestres
@ref1oct	@carbo64
@ref1oct	@carlamoya__
@ref1oct	@carlespascu
@ref1oct	@carmeramar
@ref1oct	@ccxlare
@ref1oct	@cespinosaji
@ref1oct	@CHQ92
@ref1oct	@ClaraEscori
@ref1oct	@claramontosar
@ref1oct	@CPallares_28
@ref1oct	@Crickro
@ref1oct	@crisgperez
@ref1oct	@crishergi
@ref1oct	@cristchem
@ref1oct	@CristinaCrusatF
@ref1oct	@danit55
@ref1oct	@DannyNoblom
@ref1oct	@DANNYWAVE75
@ref1oct	@david__409
@ref1oct	@didacgonzalez
@ref1oct	@drownerofdemons
@ref1oct	@DUBITATIV
@ref1oct	@edierov
@ref1oct	@eduardtenas
@ref1oct	@EduGuitart
@ref1oct	@eixeridet
@ref1oct	@elforjadorcv
@ref1oct	@eli_as3
@ref1oct	@elliotrg9
@ref1oct	@EstherFepi
@ref1oct	@etherealwordsx
@ref1oct	@EvaMendez_18
@ref1oct	@evanhells416
@ref1oct	@EybiisMedii4
@ref1oct	@fachudetachahor
@ref1oct	@ferreri85
@ref1oct	@fgalig
@ref1oct	@FortGavalda
@ref1oct	@fursiu
@ref1oct	@gbarneda
@ref1oct	@genis_baldoma
@ref1oct	@Gerarddoc_
@ref1oct	@GollyRectoret
@ref1oct	@guillermo905
@ref1oct	@GVG1995
@ref1oct	@hakkatoofu
@ref1oct	@herraaanzaaa
@ref1oct	@hvysteria
@ref1oct	@ialonsoiturbe
@ref1oct	@ineffablebucky
@ref1oct	@isophpropilo
@ref1oct	@JaumetGuasch
@ref1oct	@javier_mahedero
@ref1oct	@JCperez_garcia
@ref1oct	@jdalmauvilalta
@ref1oct	@jgarci25
@ref1oct	@jmecanic
@ref1oct	@jmtur63
@ref1oct	@Joan_Ortiga
@ref1oct	@JoanMoralesR
@ref1oct	@JoMarina55
@ref1oct	@jononcle
@ref1oct	@Jordilacasa
@ref1oct	@jorditorras
@ref1oct	@JRafe1
@ref1oct	@juliaros_
@ref1oct	@l_indepe
@ref1oct	@LaiaPerera
@ref1oct	@laiiaBadia
@ref1oct	@laraaggr
@ref1oct	@laura__moyano
@ref1oct	@laurapehe
@ref1oct	@littlesonii
@ref1oct	@LRobertols
@ref1oct	@luca_polo
@ref1oct	@lupous
@ref1oct	@m_jovany
@ref1oct	@MaiteGalan11
@ref1oct	@marc_eiro
@ref1oct	@marckaba
@ref1oct	@maremarela
@ref1oct	@marinya2
@ref1oct	@marramiauuuuuu
@ref1oct	@mayradigiorgi
@ref1oct	@mcodolosa
@ref1oct	@melgar_david
@ref1oct	@Mena3491
@ref1oct	@miquelcasajuana
@ref1oct	@MiquelCAT1714
@ref1oct	@Mireeeiiaaa
@ref1oct	@mireiagusti
@ref1oct	@MMerce54
@ref1oct	@moltdeleros
@ref1oct	@monteyolape
@ref1oct	@montsecasamajo
@ref1oct	@MontseGandia
@ref1oct	@MPalau27
@ref1oct	@NaoZeo_02
@ref1oct	@NatBonjoch
@ref1oct	@ngarridosoriano
@ref1oct	@Nooe_13
@ref1oct	@novaitinere
@ref1oct	@npventura
@ref1oct	@Nuezfandos1
@ref1oct	@nuriajoana
@ref1oct	@nve___
@ref1oct	@octavitheboy
@ref1oct	@onnlysmile_94
@ref1oct	@Oriol_BLaveda
@ref1oct	@Oriol_GS
@ref1oct	@OriolLFCat
@ref1oct	@OriolUrioleti
@ref1oct	@pakusland
@ref1oct	@Paula_reyes13
@ref1oct	@PDeCATPonts
@ref1oct	@peca004
@ref1oct	@pedrin_cat
@ref1oct	@Perecoma
@ref1oct	@PeremiquelPaula
@ref1oct	@PlatzXaver
@ref1oct	@Polyccio8
@ref1oct	@Rafago_5
@ref1oct	@ramonoro
@ref1oct	@ramonroyo
@ref1oct	@RandomUserN38
@ref1oct	@Raquel75742555
@ref1oct	@RayanCha1
@ref1oct	@rioscristineta
@ref1oct	@Robotica_Carme
@ref1oct	@Roger_Macias28
@ref1oct	@RogerSanfeliu
@ref1oct	@ruben_ferrer7
@ref1oct	@ruffini
@ref1oct	@Sabinetteus
@ref1oct	@SamanthaBlackES
@ref1oct	@SanchezSauraC
@ref1oct	@SebastiaRoigGil
@ref1oct	@sepe98_
@ref1oct	@sergibernal
@ref1oct	@sergirib
@ref1oct	@sergirocabatllo
@ref1oct	@sergirua3
@ref1oct	@SerMG97
@ref1oct	@silviamarti07
@ref1oct	@Silvituki
@ref1oct	@soniamekare
@ref1oct	@SORI1971
@ref1oct	@stopretallades
@ref1oct	@SudorTudorMidor
@ref1oct	@Sweeet83
@ref1oct	@t_ransdani
@ref1oct	@taniacoll_
@ref1oct	@TheMost2002
@ref1oct	@ThisIsSandra_
@ref1oct	@TMagrinya
@ref1oct	@TomasRubioSalas
@ref1oct	@ton290416
@ref1oct	@UbicanDo_e
@ref1oct	@UriSummers
@ref1oct	@velaiflama
@ref1oct	@vinyi_arnau96
@ref1oct	@whosayyes
@ref1oct	@wolfiejuls
@ref1oct	@Xeviji
@ref1oct	@YuribLoL
@ReneeNicolaidis	@fdb88
@ReneeNicolaidis	@SiestinPicks
@republicanoespa	@90Malditoduende
@republicanoespa	@AxturCelta
@republicanoespa	@bertaga14
@republicanoespa	@Blanca0619
@republicanoespa	@CirPlazaPodemos
@republicanoespa	@comunista_loco
@republicanoespa	@DulantziNabar
@republicanoespa	@enrikekubells
@republicanoespa	@Es01742275
@republicanoespa	@Liova37
@republicanoespa	@Lolarojugmailc1
@republicanoespa	@MariRmr_
@republicanoespa	@mikrosmars
@republicanoespa	@O_Holberg
@republicanoespa	@PIJOAPARTEMARSE
@republicanoespa	@PiRepi3
@republicanoespa	@pukyjc
@republicanoespa	@rakeld12341234
@republicanoespa	@RepubliCabreada
@republicanoespa	@republicanoespa
@RepubliCatalans	@Mia07974815
@RepublicValenci	@Assembleapv
@RepublicValenci	@Mussolteatre
@RepublicValenci	@reagrupamentpv
@RepublicValenci	@sobiranianarkia
@Retro_indepeCat	@FotoSanti
@Retro_indepeCat	@traveler561
@rfj82	@stateless79
@rgalhama	@AlbertoNieto_
@RgrMore38	@ArnauBayes
@rgzsilvia	@ARosestolato
@ricard_at	@bernataceves
@ricardcanyellas	@arilarablasco12
@ricardcanyellas	@Compyrat
@ricardcanyellas	@CreuzzYordils
@ricardcanyellas	@Esthher1973
@ricardcanyellas	@meri1427
@ricardcanyellas	@MontserratCome7
@ricardcanyellas	@PAULApadro1
@ricardcanyellas	@Us89Bert
@ricardfragments	@alert_ve
@RicardLahoz	@zenda_torne
@RicardPoBo	@SilsdelaSelva
@ricci_davide77	@613Barto
@ricci_davide77	@anna_ciriolo
@ricci_davide77	@BonoraGabriella
@ricci_davide77	@DamienThevenot
@ricci_davide77	@EA3AKY
@ricci_davide77	@ernestoelultimo
@ricci_davide77	@FrancescoLafra
@ricci_davide77	@Gary_Davis_7807
@ricci_davide77	@Goldstein5s
@ricci_davide77	@JeanJean246
@ricci_davide77	@Manuel_Ghezzi
@ricci_davide77	@RamonTrumpet
@ricci_davide77	@RobertoScolla
@ricci_davide77	@stagliacollo
@ricci_davide77	@thelondonboys47
@rigotraya	@cuellopera
@rigotraya	@elmohe11
@Riki_hz96	@rogbaq
@riojavioleta	@feministaHarta
@riojavioleta	@FrPinillos
@riojavioleta	@sandrasm297
@riojavioleta	@tato1991ur
@riosjaume	@ori1905
@riosjaume	@quimbosch
@riosjaume	@sergivilab
@ripolletonvotar	@ennaji_buchi
@ripolletonvotar	@Helena_RoGo
@ripolletonvotar	@jelenwalker
@ripolletonvotar	@jorperezpa
@ripolletonvotar	@LaSradelabolsa
@ripolletonvotar	@Nym3ria
@ripolletonvotar	@slavignotte
@ripolletonvotar	@voltaduran
@Ripouka	@harvestmath
@RitaRed	@andreteixeirav
@RitaRed	@Berdangui
@RitaRed	@FloridasFlora
@RitaRed	@Frank_DS
@RitaRed	@ironmarc
@RitaRed	@LaiaAlbo
@RitaRed	@mgmat24
@RitaRed	@paperopinguino
@RitaRed	@ramlantern
@rizlinha	@carlosnoguecns
@rizlinha	@EVAGAMADOR
@rizlinha	@nazarafini
@rizlinha	@Queijas_Alberto
@rjimenezgales	@VorkamLaw
@Rlahozb	@nkaeales
@rllorde	@mariamariona1
@rmlvila	@RosinyolBord
@rmlvila	@TareixaPG
@RoaringNurse	@AlexLVBS
@RoaringNurse	@ALizziehow33
@RoaringNurse	@AnonSailorOne
@RoaringNurse	@artymeercat
@RoaringNurse	@atomless
@RoaringNurse	@blondiesa
@RoaringNurse	@brookebay21
@RoaringNurse	@candeyomisma
@RoaringNurse	@Carles69203160
@RoaringNurse	@Chaeth
@RoaringNurse	@CllrMickWall
@RoaringNurse	@cycleszek1
@RoaringNurse	@DavidVerdu1
@RoaringNurse	@EbonyDawnMarsh
@RoaringNurse	@egracieb
@RoaringNurse	@erikitin1
@RoaringNurse	@ferguson2811
@RoaringNurse	@floranray
@RoaringNurse	@FlyingS14652197
@RoaringNurse	@fmcgrath19
@RoaringNurse	@FonteRodrigues
@RoaringNurse	@GeriTurner65
@RoaringNurse	@grrrahh
@RoaringNurse	@iBefny
@RoaringNurse	@jacpowton
@RoaringNurse	@JaM99percent
@RoaringNurse	@JanJancsmith
@RoaringNurse	@jose_cheka
@RoaringNurse	@Jpg00000G
@RoaringNurse	@kyle_scanlon04
@RoaringNurse	@la_crip
@RoaringNurse	@linholden
@RoaringNurse	@Lordmchaggis
@RoaringNurse	@Marella1957
@RoaringNurse	@mymindgetslost
@RoaringNurse	@NatalieSarantos
@RoaringNurse	@nobabody
@RoaringNurse	@OisinOhAlmhain
@RoaringNurse	@oldstinkyone
@RoaringNurse	@OorDayHasCome
@RoaringNurse	@OssianLore
@RoaringNurse	@Pamos19
@RoaringNurse	@s9tmt
@RoaringNurse	@Sharpzilla
@RoaringNurse	@slavignotte
@RoaringNurse	@Sligogirls
@RoaringNurse	@spacerowiczka1
@RoaringNurse	@Sunnysue31
@RoaringNurse	@TeresasMisc
@RoaringNurse	@TheBolton_Belle
@RoaringNurse	@toe__rag
@RoaringNurse	@WeeScottishMamm
@roasprela	@Fernandez_iudex
@roasprela	@krisoany
@rob1b5	@slavignotte
@robergastelu	@achamiann
@Roberglz	@ahenjar
@Robert_Masip	@_Lettuce_
@Robert_Masip	@_UnderWickedSky
@Robert_Masip	@0Galag0
@Robert_Masip	@1969ahbrown
@Robert_Masip	@adhill21
@Robert_Masip	@alischinsky
@Robert_Masip	@AllanCavanagh
@Robert_Masip	@antesmolabasmas
@Robert_Masip	@Apertotes14
@Robert_Masip	@ARovirateam
@Robert_Masip	@bepunkt
@Robert_Masip	@cally_priest
@Robert_Masip	@CarlosEstel
@Robert_Masip	@DailyCatFill
@Robert_Masip	@darkravenblue
@Robert_Masip	@dolsalaia
@Robert_Masip	@dona_invisible
@Robert_Masip	@doyle_kenny
@Robert_Masip	@electrickernel
@Robert_Masip	@enciso_morales
@Robert_Masip	@Fede_Montseny
@Robert_Masip	@FILOSOFOSELL
@Robert_Masip	@finanza_mercati
@Robert_Masip	@FocEstelar
@Robert_Masip	@FonteRodrigues
@Robert_Masip	@Gata_negra93
@Robert_Masip	@hquinzelxxx
@Robert_Masip	@Industry_About
@Robert_Masip	@leframbo1
@Robert_Masip	@lordoftheof
@Robert_Masip	@LTlaw_
@Robert_Masip	@M_H0ti
@Robert_Masip	@MaaacGilbert
@Robert_Masip	@mariinastyles
@Robert_Masip	@martavergesuvic
@Robert_Masip	@MasterXena
@Robert_Masip	@misticamari
@Robert_Masip	@mujermaravillxs
@Robert_Masip	@octobriana1917
@Robert_Masip	@OldGlenbogle
@Robert_Masip	@reki_olbey
@Robert_Masip	@RhonaManson
@Robert_Masip	@RoserBasart
@Robert_Masip	@S_power_girl
@Robert_Masip	@SusanaNakatani
@Robert_Masip	@Uri469
@Robert_Masip	@xarques
@Robert_Masip	@xavi_mix
@Robert_Masip	@ZahraKhoo
@Robertweetto	@drumcodeuk
@Robertweetto	@paperopinguino
@robotaburuan1	@josebaazkarraga
@RocioCruz1977	@__LOST_PRINCESS
@RocioCruz1977	@_berta4with
@RocioCruz1977	@_olasa99
@RocioCruz1977	@_pumpau
@RocioCruz1977	@_reeevi
@RocioCruz1977	@_Reiko24_
@RocioCruz1977	@aateneaaa
@RocioCruz1977	@AbrahamTarrason
@RocioCruz1977	@AbrilDepp9
@RocioCruz1977	@adriator6
@RocioCruz1977	@Africanvss
@RocioCruz1977	@Aida_Raindo
@RocioCruz1977	@Aina_Sanz
@RocioCruz1977	@AiParrar
@RocioCruz1977	@albertor00
@RocioCruz1977	@Alcassor
@RocioCruz1977	@Alexlucena20
@RocioCruz1977	@AlfredoMartin7
@RocioCruz1977	@AliGoodDay
@RocioCruz1977	@alpugades
@RocioCruz1977	@anarsalas_
@RocioCruz1977	@AnderConchas
@RocioCruz1977	@andreaesflan
@RocioCruz1977	@Andyss92
@RocioCruz1977	@anticapiLega
@RocioCruz1977	@Anto18_24
@RocioCruz1977	@antoniaamoraga1
@RocioCruz1977	@AnxtherPenguin
@RocioCruz1977	@Anyi_anonadada
@RocioCruz1977	@aritadrr
@RocioCruz1977	@ascension_cs
@RocioCruz1977	@asunosa
@RocioCruz1977	@BarbaGriss
@RocioCruz1977	@BeaAlonsoFdez
@RocioCruz1977	@Berfig
@RocioCruz1977	@bergonzini
@RocioCruz1977	@bespierre
@RocioCruz1977	@bienpensado
@RocioCruz1977	@BierzoFan
@RocioCruz1977	@brujaestudiante
@RocioCruz1977	@cadenise79
@RocioCruz1977	@CamiPonsPreto99
@RocioCruz1977	@campsaila
@RocioCruz1977	@cansinodscorses
@RocioCruz1977	@Caperuzotaroja
@RocioCruz1977	@Carmecrz
@RocioCruz1977	@casilla72
@RocioCruz1977	@chateldon1
@RocioCruz1977	@ChiketaLb
@RocioCruz1977	@chinchelapies
@RocioCruz1977	@chonlago
@RocioCruz1977	@CindyBavre
@RocioCruz1977	@claramolerop
@RocioCruz1977	@clari_11_71
@RocioCruz1977	@clauuudd
@RocioCruz1977	@cljuderias
@RocioCruz1977	@cyrussense
@RocioCruz1977	@danidemence
@RocioCruz1977	@DanielDragut
@RocioCruz1977	@darioarroba
@RocioCruz1977	@DarthVaderBcn
@RocioCruz1977	@DavidSangil13
@RocioCruz1977	@delawton
@RocioCruz1977	@Deva_Algr
@RocioCruz1977	@DheysRios
@RocioCruz1977	@dispersedtrip
@RocioCruz1977	@EDMANUEL1234
@RocioCruz1977	@eiviss99
@RocioCruz1977	@elena_avelli
@RocioCruz1977	@elmojama4
@RocioCruz1977	@ElsaBouzas
@RocioCruz1977	@EstherPorquicho
@RocioCruz1977	@felipjauregui
@RocioCruz1977	@francescfr
@RocioCruz1977	@FrandgcGuerrero
@RocioCruz1977	@Gabi_Cachaldora
@RocioCruz1977	@gdegijon
@RocioCruz1977	@ghuindous
@RocioCruz1977	@Gl_tats
@RocioCruz1977	@goro_jaso
@RocioCruz1977	@grajose19
@RocioCruz1977	@GranAnchoa
@RocioCruz1977	@gris_alicia
@RocioCruz1977	@Guillem_Roman
@RocioCruz1977	@GusBracchi
@RocioCruz1977	@hala_helal
@RocioCruz1977	@Han17102003
@RocioCruz1977	@hegoikaballero3
@RocioCruz1977	@helio_gg
@RocioCruz1977	@ielowsubmarin
@RocioCruz1977	@inaciogz
@RocioCruz1977	@irenefpouso2
@RocioCruz1977	@Iris_hhri1901
@RocioCruz1977	@isa_roor
@RocioCruz1977	@Isabel_Gonzal
@RocioCruz1977	@isabelga66
@RocioCruz1977	@IsaMoral14
@RocioCruz1977	@IvanGarcia1985
@RocioCruz1977	@ivntres
@RocioCruz1977	@ivonnechocarro
@RocioCruz1977	@Jasiielm
@RocioCruz1977	@jaumerigotorres
@RocioCruz1977	@Javi_Petaeras
@RocioCruz1977	@javieribz
@RocioCruz1977	@Javiermore1978
@RocioCruz1977	@JaviJDiaz
@RocioCruz1977	@jcarlos_mur
@RocioCruz1977	@jdjdjp
@RocioCruz1977	@joan_herrero73
@RocioCruz1977	@jorge_maykel
@RocioCruz1977	@jose1m_m
@RocioCruz1977	@josefapachon
@RocioCruz1977	@joserobredo
@RocioCruz1977	@josserafael
@RocioCruz1977	@jpacoline
@RocioCruz1977	@jsaperascalle
@RocioCruz1977	@Juanguiclavo
@RocioCruz1977	@juanraulbarreto
@RocioCruz1977	@juliacl60
@RocioCruz1977	@Juntoatiy
@RocioCruz1977	@LaMolinera33
@RocioCruz1977	@LaraBastos9
@RocioCruz1977	@LauOgogogog
@RocioCruz1977	@laura_a22
@RocioCruz1977	@laura_always
@RocioCruz1977	@lengualagarta_
@RocioCruz1977	@lugarignoto
@RocioCruz1977	@luigisalas
@RocioCruz1977	@luluar_a
@RocioCruz1977	@lunarialaura
@RocioCruz1977	@mabu_nina
@RocioCruz1977	@maesys
@RocioCruz1977	@Malenidiazguill
@RocioCruz1977	@MarcErra3
@RocioCruz1977	@marescudero12
@RocioCruz1977	@marimagdavi
@RocioCruz1977	@marioromero33
@RocioCruz1977	@Martamroig
@RocioCruz1977	@Masterplaster92
@RocioCruz1977	@matojos10
@RocioCruz1977	@MeAventuro
@RocioCruz1977	@MERCEDES1860
@RocioCruz1977	@merchegutierre1
@RocioCruz1977	@mermaidseablue
@RocioCruz1977	@MeryColl76
@RocioCruz1977	@mferrer7
@RocioCruz1977	@MilitarHerido
@RocioCruz1977	@MIqUEL70272634
@RocioCruz1977	@mirellag1917
@RocioCruz1977	@MireyaTriasMonl
@RocioCruz1977	@mitcoes
@RocioCruz1977	@MjBerthwald
@RocioCruz1977	@MJesusgonzale11
@RocioCruz1977	@mohamedyeslemzc
@RocioCruz1977	@monforteb
@RocioCruz1977	@mre_19
@RocioCruz1977	@mrmart10
@RocioCruz1977	@mviccg
@RocioCruz1977	@naturadecapsdde
@RocioCruz1977	@nee_unic0rn
@RocioCruz1977	@neowill3
@RocioCruz1977	@nitahstyle
@RocioCruz1977	@NitBlackCat
@RocioCruz1977	@Noemi1_Rubio
@RocioCruz1977	@nun_nuria
@RocioCruz1977	@Nuriadmoneo
@RocioCruz1977	@Nuriiaa00
@RocioCruz1977	@Olatz_ollie
@RocioCruz1977	@OrdinasJaume
@RocioCruz1977	@p39_71
@RocioCruz1977	@patcolli
@RocioCruz1977	@patriciagdrr
@RocioCruz1977	@psicolengua
@RocioCruz1977	@quedisemigue
@RocioCruz1977	@QueliFueyo
@RocioCruz1977	@R_beenn
@RocioCruz1977	@rabihrania
@RocioCruz1977	@rakelds1975
@RocioCruz1977	@raqel_20
@RocioCruz1977	@raulvila12
@RocioCruz1977	@Realidad_2017
@RocioCruz1977	@restevec
@RocioCruz1977	@ribanez123
@RocioCruz1977	@rociosaezg
@RocioCruz1977	@rodriguezamorin
@RocioCruz1977	@ronce_mora
@RocioCruz1977	@rosa_cortizo
@RocioCruz1977	@Rotswell
@RocioCruz1977	@Roxana_dIs
@RocioCruz1977	@roxybolita60
@RocioCruz1977	@sademolina
@RocioCruz1977	@Saimehaphore
@RocioCruz1977	@samueljbernal
@RocioCruz1977	@santi_peich
@RocioCruz1977	@Sara16249514
@RocioCruz1977	@saul_valledor
@RocioCruz1977	@segurostonito
@RocioCruz1977	@SelvadeMar3
@RocioCruz1977	@sergygalas
@RocioCruz1977	@sheimedina_
@RocioCruz1977	@silenciame
@RocioCruz1977	@sisepuede_o_no
@RocioCruz1977	@sofiasagunto
@RocioCruz1977	@sonia_saborit
@RocioCruz1977	@Svilsob
@RocioCruz1977	@TeclaBlume
@RocioCruz1977	@terroristacult
@RocioCruz1977	@ToniCosmo
@RocioCruz1977	@ToniRoviraG
@RocioCruz1977	@trapagandarra68
@RocioCruz1977	@Txus_46_93
@RocioCruz1977	@unmespelsi
@RocioCruz1977	@ValentinaPDiaz
@RocioCruz1977	@Venegas_Carlaa
@RocioCruz1977	@veropalmi
@RocioCruz1977	@VictorC73384715
@RocioCruz1977	@Vyk_Thor_Goat
@RocioCruz1977	@wagnertellez
@RocioCruz1977	@xavi_g_acosta
@RocioCruz1977	@YacinLopez
@RocioCruz1977	@yaestaki
@RocioCruz1977	@ybadbrio
@RocioCruz1977	@yocamilleyo
@RocioCruz1977	@zukakira
@rock52	@zepylindra
@Roger_CdV	@Britanniacomms
@Roger_CdV	@Carlfletcher15
@Roger_CdV	@Hanson025
@Roger_CdV	@jordi_cardus
@Roger_CdV	@Marjo_Garel
@Roger_CdV	@Pumocat
@roger_figueras2	@marcgonzalez_23
@RogerAran	@jlm2017Martiniq
@RogerAran	@mitcoes
@RogerAran	@Santisbd
@rogerbancells	@I_MM_bcn
@rogergabin	@_Reiko24_
@rogergabin	@Amidala666
@rogergabin	@Dany_TJ_15
@rogergabin	@Esthher1973
@rogergabin	@laiacastilla21
@rogergabin	@Makalieu
@rogergabin	@niobe1714
@rogergabin	@Ssuneb
@rogergabin	@tereesa_magi
@rogergabin	@terroristacult
@rogergabin	@toquiel2
@rogermilego	@NuriaAlbajar
@RogerOliva86	@Essa_gm
@rogervendrell	@Claudi_M_C
@rogervendrell	@Josepantongil
@RogerYoda	@AlbertFuste
@RogerYoda	@antxel
@RogerYoda	@Carmelligonya
@RogerYoda	@DarthVaderBcn
@RogerYoda	@MoonlightAffair
@RogerYoda	@Susanna8138
@RogerYoda	@Tony_Orcha
@RogerYoda	@WildNymeria
@RojanoMarta	@kaggymc
@RoksK_	@ZeniIsMad
@ronbuch	@deirbhilesdaddy
@ronbuch	@fairynuff1979
@ronbuch	@Johncal56567107
@roooooser8	@__rosaaaaaa
@roooooser8	@BODRIFOXTROT
@roquerola	@Xurrumeku
@roquini	@annaccod
@roquini	@BonshomsJoan
@roquini	@CosJaume
@roquini	@cverges
@roquini	@elidelmoral71
@roquini	@Eudaldu
@roquini	@giru85
@roquini	@immacc78
@roquini	@JosepQueralto
@roquini	@met_cat
@roquini	@VivesBiel
@rosa_mateu	@jcarles_vila
@rosadelcarmen1	@Radiolamina
@rosaolivella	@JoanCanoDorca
@RosaSSSSSS	@cobocristobal
@roser_cn	@freed4Catalonia
@rosersureda	@MOV1969
@roservilallonga	@marcelarnau
@roservilallonga	@nuripinolis
@rouse9224	@shescaroline
@rroosaa10	@CCdelaiglesia
@rsantap	@DDsb1975
@rsantap	@petardet
@RubenDeparki	@ignasdelgrannas
@RubenDeparki	@xmitjavil
@rubMP2707	@sirgmp83
@Rufian_el_Bufon	@007Atenea
@Rufian_el_Bufon	@ap1408
@Rufian_el_Bufon	@apologiaymoda
@Rufian_el_Bufon	@barbysev
@Rufian_el_Bufon	@conchi__romero
@Rufian_el_Bufon	@coparota41
@Rufian_el_Bufon	@cpascuet48
@Rufian_el_Bufon	@Hugorodrigo81
@Rufian_el_Bufon	@J_M_Pac
@Rufian_el_Bufon	@jesusgarde
@Rufian_el_Bufon	@loveSpain29
@Rufian_el_Bufon	@md_mayte
@Rufian_el_Bufon	@mlbuendia_1969
@Rufian_el_Bufon	@MortadeloTv
@Rufian_el_Bufon	@multimau
@Rufian_el_Bufon	@Nicky_Mature
@Rufian_el_Bufon	@OnoYonko
@Rufian_el_Bufon	@pegaso1122
@Rufian_el_Bufon	@sergiovillar98
@Rufian_el_Bufon	@setorro0804
@Rufian_el_Bufon	@SlyLR
@Rufian_el_Bufon	@Unodelfrionorte
@Rufian_el_Bufon	@vanja_shari
@Rufian_el_Bufon	@whea81
@Rufian_el_Bufon	@ZykIonB88
@RuRpc	@BertaLC
@RuRpc	@DavidVerdu1
@RuRpc	@JamesLluc
@RuRpc	@Mag2012Ge
@RuRpc	@Marina_Isern
@RuthRuthuete	@noeruar
@ruttx19	@GemmaCardellach
@ruttx19	@PauBarrabeig
@ruttx19	@peKeaRi
@rvt15_25	@anna_benach
@Ryankuletz	@TexOmars
@ryuuto_official	@Mirra_devs69
@ryuuto_official	@Party3277
@ryuuto_official	@shiro88
@S_T_O_P_TERROR	@1980Klipa
@S_T_O_P_TERROR	@7owerkanews
@S_T_O_P_TERROR	@AliseydiKiyak
@S_T_O_P_TERROR	@AMStruggles
@S_T_O_P_TERROR	@CegerxwinRoj3
@S_T_O_P_TERROR	@DarrylSimpson14
@S_T_O_P_TERROR	@drumcodeuk
@S_T_O_P_TERROR	@galeano_marqos
@S_T_O_P_TERROR	@Guardian_Elite
@S_T_O_P_TERROR	@guicho0706
@S_T_O_P_TERROR	@hakandemir855
@S_T_O_P_TERROR	@hzenderlioglu
@S_T_O_P_TERROR	@JackPecozi
@S_T_O_P_TERROR	@KandissM1
@S_T_O_P_TERROR	@kekeEhmedd
@S_T_O_P_TERROR	@markdoka0601
@S_T_O_P_TERROR	@MatOutside
@S_T_O_P_TERROR	@MatthiasB1963
@S_T_O_P_TERROR	@mizumizu_mk2
@S_T_O_P_TERROR	@myredfamily
@S_T_O_P_TERROR	@norlisss
@S_T_O_P_TERROR	@onirtake
@S_T_O_P_TERROR	@puffyka81
@S_T_O_P_TERROR	@S_T_O_P_TERROR
@S_T_O_P_TERROR	@sara_14_07
@S_T_O_P_TERROR	@Sozdar75Uur
@S_T_O_P_TERROR	@SteinbahElen
@S_T_O_P_TERROR	@Tek__Mek
@S_T_O_P_TERROR	@TODAYS_TURKEY
@S_T_O_P_TERROR	@YousifAlmayyahi
@saboira	@noe_bosch
@sacroemperador	@kami_sblog
@sagarra93	@AnnaMajs
@sagarra93	@AteneaTF86
@sagarra93	@Cusqueta2
@sagarra93	@Lauramcn1
@sagarra93	@ne1kc
@sagarra93	@nialltalk
@sagarra93	@SergioGarciaCrz
@saladiesergi	@rocamawra
@salafrancasort	@OliverMarc05
@salafrancasort	@olivertormo
@saltxind	@emfafelis
@salva_nv	@_avforts
@salva_nv	@AquestFrederic
@salva_nv	@arna1cb
@salva_nv	@BdEstrellas
@salva_nv	@daniel_mabo
@salva_nv	@EvDB15
@salva_nv	@femiacu
@salva_nv	@Juli_Soleras
@salva_nv	@potespasta
@salva_nv	@raqueruu
@salva_nv	@Sudoccita
@salva_nv	@unaltredelleida
@SalvadorVaron	@Carlanavarro214
@samantavillar	@1304vimahu
@samantavillar	@aiddaplata
@samantavillar	@AngelMajou
@samantavillar	@AnnaMauricio4
@samantavillar	@anubrado
@samantavillar	@AuroCantero
@samantavillar	@Ay_de_mi
@samantavillar	@Azuleida
@samantavillar	@cerrudo_85
@samantavillar	@DanielaTorres__
@samantavillar	@DaniTanco
@samantavillar	@dockai
@samantavillar	@dserranop9
@samantavillar	@GarbonM
@samantavillar	@gealmeca69
@samantavillar	@GraphicBROIsa
@samantavillar	@ichi2chi
@samantavillar	@JF_BP
@samantavillar	@joanramos75
@samantavillar	@JoseGEstrada
@samantavillar	@LHernandis
@samantavillar	@LizarraldeMikel
@samantavillar	@LluisMS
@samantavillar	@maricarmenlove3
@samantavillar	@MartaAriste
@samantavillar	@nino_pirri
@samantavillar	@OskarGomez
@samantavillar	@Pedrofdezsan
@samantavillar	@piterma12
@samantavillar	@RafaelRosillo
@samantavillar	@ReAdiosh
@samantavillar	@risandobaltw
@samantavillar	@Romario360
@samantavillar	@rosivev
@samantavillar	@ruby585
@samantavillar	@SandraCRey
@samantavillar	@semomave
@samantavillar	@tematoalgato
@samantavillar	@veronicaaadh
@samantavillar	@XavierInglada
@samantavillar	@XaviFranco80
@samantavillar	@XimoFerrer90
@samantavillar	@zortigosa
@Sammy316316	@evilgareth
@samson_ribas	@lgerez97
@samson_ribas	@moonblue365
@samson_ribas	@XFncs007
@SandraHiBr	@Cargoleta
@sandrunski	@BaptismFire
@SantiFortuny	@CGTLleida
@santigutiespuny	@santigutiespuny
@santimdx5	@berglund_oscar
@santivalldosera	@Blancalling
@SANTIVILLORBINA	@pepmollevi
@sants_marc	@BeetaCV
@sants_marc	@ManeldHorta
@sapoconcho	@bertaguillemot
@sapoconcho	@Tut_lingen
@sara_croft83	@unamillaunpaso
@Sara_Pascual_C	@slavignotte
@Sara_Terrones	@EliCarrasco77
@Sara_Terrones	@Farquitect
@saragarciia25	@isaabel_99
@Sarast4	@danirguezluna
@sarazamora_j	@Bertlerez
@SarcasticMask	@Han17102003
@SaretahCrisda	@jordimas96
@SariniGarcia	@alessandrapesat
@SariniGarcia	@Andyrguapo
@SariniGarcia	@AraShOctober
@SariniGarcia	@atanor7
@SariniGarcia	@benoitmortier1
@SariniGarcia	@bertinsmartins
@SariniGarcia	@bottrill
@SariniGarcia	@C12H22O12
@SariniGarcia	@Carlos_JSL
@SariniGarcia	@CaroAllemand1
@SariniGarcia	@castorpache2012
@SariniGarcia	@charliebearss
@SariniGarcia	@Chief_Tatanka
@SariniGarcia	@ChrisCav75
@SariniGarcia	@CMandakovic
@SariniGarcia	@cripttext
@SariniGarcia	@danywerfa
@SariniGarcia	@DaveLewis12
@SariniGarcia	@Digonaran1975
@SariniGarcia	@Diversificatio
@SariniGarcia	@domlinley
@SariniGarcia	@drlawson
@SariniGarcia	@drumcodeuk
@SariniGarcia	@Drystonesonnet
@SariniGarcia	@edokaiekei
@SariniGarcia	@Fizzylips
@SariniGarcia	@Forbrydelsenfan
@SariniGarcia	@Furfuroll
@SariniGarcia	@fvincent316
@SariniGarcia	@giotakavvoura
@SariniGarcia	@HappyRVingFam
@SariniGarcia	@hoddles10
@SariniGarcia	@HommaFI
@SariniGarcia	@HYPARC
@SariniGarcia	@imiquelv
@SariniGarcia	@IsakRifice
@SariniGarcia	@jaimemoya99
@SariniGarcia	@JanetScot1
@SariniGarcia	@john_mcal
@SariniGarcia	@kcavindam
@SariniGarcia	@KerseyTony
@SariniGarcia	@L3nt3m31sje
@SariniGarcia	@larsibacken
@SariniGarcia	@LetsRoc137
@SariniGarcia	@MacGueurle
@SariniGarcia	@Maiavaluk1
@SariniGarcia	@mama_tuna
@SariniGarcia	@MariaEivissa
@SariniGarcia	@MarianEivissa
@SariniGarcia	@marisafebbraro
@SariniGarcia	@matterice
@SariniGarcia	@MECCAnopsis
@SariniGarcia	@mireiaaa_
@SariniGarcia	@MiriamPrantl
@SariniGarcia	@MissFeliz
@SariniGarcia	@nefariuss
@SariniGarcia	@neiljmcevoy
@SariniGarcia	@neurocyc
@SariniGarcia	@PakamamaniRenew
@SariniGarcia	@papavlahou
@SariniGarcia	@paulaaja8
@SariniGarcia	@pedrolesteban
@SariniGarcia	@pinkichiban
@SariniGarcia	@rasAmsterdammer
@SariniGarcia	@RDeSoyza
@SariniGarcia	@Roger_Silver98
@SariniGarcia	@salmahorias
@SariniGarcia	@Sonnielord1
@SariniGarcia	@stscholasticas
@SariniGarcia	@TEK_OG
@SariniGarcia	@washumom
@SariniGarcia	@wigflewtothesky
@SariniGarcia	@xrauscher1
@SariniGarcia	@YainaKiss
@SariniGarcia	@YesNewport
@SariniGarcia	@Yoderado
@sassyhood_	@Robert__Lofgren
@saulcorral195	@btxcgnbv
@saulcorral195	@ignasicorral
@saulcorral195	@MEXANOBCN
@saulcorral195	@mgarc130
@saviscatalans	@electricblau
@saviscatalans	@FinaLop14988452
@saviscatalans	@gemarovir
@saviscatalans	@Maria60_22
@Sayol04	@valls_mariona
@sbergeron	@BeauchampDiane
@sbergeron	@M_aime_M
@sbergeron	@mapaquet
@sbergeron	@MarcottePierre1
@sbergeron	@PaulTremblay9
@scandikeva	@aplyalex
@scandikeva	@JordiDomingoB
@SCastella_	@CarlitoxMarxx
@SellaresMarc	@e_burgstaller
@SellaresMarc	@ivi_prat
@SellaresMarc	@JordiCP1969
@SellaresMarc	@papallonadark
@semproblema09	@Lauripenya
@semproblema09	@t_equo
@semproblema09	@unratontonton
@SenpaivilaCR	@politicseuw
@senugi	@berlinialberto
@senugi	@CongiFlavio
@senugi	@elatropellado
@senugi	@ffede1976
@senugi	@Gabripalermo2
@senugi	@judithriko
@senugi	@Manuel_Ghezzi
@senugi	@mattilgale
@senugi	@MyHappiness1Dhs
@senugi	@openpolitica
@senugi	@RobyGuardiero
@senugi	@sandratognarini
@senugi	@sfumatore
@senugi	@Tucchia
@senugi	@UghettoSuper
@SenyoraDalloway	@drumcodeuk
@SenyoraDalloway	@Jigger639
@SenyoraDalloway	@Neoruig
@SenyoraDalloway	@paperopinguino
@SenyoraDalloway	@traquir
@senyorpla	@adriana_chikiti
@senyorpla	@LacalSara
@ser_txus	@C_Ferrer_Costa
@ser_txus	@el_del_arca
@SeremCiclo	@cutmyvein2
@sergeyrag	@anarq_banks
@sergeyrag	@PuzleManApp
@sergeyrag	@SalmeronAndr
@sergi_asen	@jbonfi
@sergi_asen	@spairet
@sergi_gini	@CharzVGC
@Sergi_lpdl	@ManelGaMo1
@Sergi_lpdl	@xavigort
@sergi_prieto	@Dluque23
@SergiCorbalan	@jgc310
@SergiEstudillo	@CriMartini
@sergigm87	@AnnabelOrtiga
@sergigm87	@brodripe
@SergiJimenez2	@jor37545
@Sergio_ksk	@AlberdiIbarra
@Sergio_ksk	@evacamos
@Sergio_ksk	@falonsopascual
@Sergio_ksk	@Nzaa9bl
@Sergio_ksk	@s0msirem
@Sergio_ksk	@yakimalalimpia
@sergio_murillo	@antoniorossi
@sergio_murillo	@barroco62
@sergio_murillo	@CarlosHidalgoS
@sergio_murillo	@conchird
@sergio_murillo	@DiarioTvision
@sergio_murillo	@enevado1
@sergio_murillo	@maariiajosepj
@sergio_murillo	@Maraey131
@sergio_murillo	@nachoiturbe
@sergio_murillo	@pabloestaqui
@sergio_murillo	@Rutisan8
@sergio_murillo	@sergio_murillo
@SergioCaQu	@kikiskywalker83
@SergiPascualFer	@JordiJobatcar
@SergiPascualFer	@Worldwide_K0
@sergipinkman	@AciD_MuSh_303
@sergipinkman	@MarcMMT
@sergipinkman	@sergipinkman
@sergisoler6	@anngels14
@sergisoler6	@MariaXndr
@sergisoler6	@TheReal_Boots
@sergivilanovac	@jordi_martin
@Serrano__14	@aeerdna96
@Serrano__14	@joandeantonio92
@Serrano__14	@NenaBlabla6
@Serrano__14	@ToniSerrano_23
@Serrggi	@Fanichan7
@Serrggi	@xeniacamins
@sescovetes	@abrildavid
@sescovetes	@busquets_bel
@sescovetes	@jaumeribass
@sescovetes	@MESperMallorca
@sescovetes	@NaAliceWeber
@sescovetes	@Nogueravidal
@sescovetes	@PonsPep
@sescovetes	@quatretres
@sescovetes	@Serehm1
@sescovetes	@xavi_bacigalupe
@setecel01	@dpastorbcn
@SEzquerra	@AndreaOleandri
@SEzquerra	@nitrojorjo
@SEzquerra	@NUET
@SEzquerra	@pau_qa
@SEzquerra	@SelvadeMar3
@SEzquerra	@ximoberna
@SGV27__	@EdurneIriondo
@Sharmin_1996	@aylmaoNubcat
@Sharmin_1996	@r_nurra
@sheenamandarina	@Baal_geky
@sheimedina_	@jillsllvn
@sheimedina_	@mikelerreka
@sheimedina_	@SelvadeMar3
@shinyspyro	@dsyst
@shinyspyro	@mawiliita
@shinyspyro	@traquir
@shul_evolution	@abatiel
@shul_evolution	@AcampadaMordaza
@shul_evolution	@Aena_Publica_ES
@shul_evolution	@amaia_haikazti
@shul_evolution	@AnaAladro1
@shul_evolution	@arte_lortu
@shul_evolution	@Borjalandia
@shul_evolution	@campoamorgarces
@shul_evolution	@CAT_2017_INDEPE
@shul_evolution	@celescolorado
@shul_evolution	@chd90
@shul_evolution	@chispazo80
@shul_evolution	@Cobretti75
@shul_evolution	@complejodewendy
@shul_evolution	@cristinablumese
@shul_evolution	@DanielRabanaque
@shul_evolution	@Danips
@shul_evolution	@darkravenblue
@shul_evolution	@dmdr00
@shul_evolution	@dolorsrevu
@shul_evolution	@dwmnews_europe
@shul_evolution	@EkaitzAnda
@shul_evolution	@Ekaitzekoa
@shul_evolution	@eldavidnopara
@shul_evolution	@Gacela1980
@shul_evolution	@GaizkaZA
@shul_evolution	@Gata_negra93
@shul_evolution	@gatubella89
@shul_evolution	@geminis25
@shul_evolution	@gemmafrost19
@shul_evolution	@hquinzelxxx
@shul_evolution	@iaioflautas
@shul_evolution	@ianFilosofeando
@shul_evolution	@IglesiasAdrian
@shul_evolution	@IliberisGra
@shul_evolution	@JordiSoBri
@shul_evolution	@JoseAntonioLle2
@shul_evolution	@JrealJavireal
@shul_evolution	@Juarkord
@shul_evolution	@kolontai1959
@shul_evolution	@LandaJauna
@shul_evolution	@LauraLazaroG
@shul_evolution	@litxuetxarri
@shul_evolution	@lore_pombo
@shul_evolution	@luperario
@shul_evolution	@lupinthebost
@shul_evolution	@M2bliquis
@shul_evolution	@MabelFigueruelo
@shul_evolution	@Mapecuesta33
@shul_evolution	@marisorna
@shul_evolution	@MartaSerraRoca
@shul_evolution	@Martinica45
@shul_evolution	@MeinciMedia
@shul_evolution	@mujermaravillxs
@shul_evolution	@muly_
@shul_evolution	@mykeulkeul77
@shul_evolution	@Natalia_cao
@shul_evolution	@Nievesaranjuez
@shul_evolution	@ohputeborgne
@shul_evolution	@ordosgonzalo
@shul_evolution	@PauFarinetes
@shul_evolution	@peritaNMM
@shul_evolution	@persona15m
@shul_evolution	@pielsolma
@shul_evolution	@piratajonkar
@shul_evolution	@raquelgrau1714
@shul_evolution	@rosarosaerosa4
@shul_evolution	@S_power_girl
@shul_evolution	@sara_croft83
@shul_evolution	@silenciame
@shul_evolution	@slobotzkovichz
@shul_evolution	@SoliObrera
@shul_evolution	@StopMordazas
@shul_evolution	@tetrodotox
@shul_evolution	@TheLittleMoth
@shul_evolution	@tinissimus
@shul_evolution	@UrDjupet
@shul_evolution	@xdemocradirecta
@shul_evolution	@xpresando_
@shul_evolution	@xXNaskoXx
@sianhowys	@RhodriLlwydMorg
@SignaGH	@MelPetrer91
@Sil_Viach	@_malaura_
@silvia0martino	@Carme26976005
@silvia0martino	@FGabalda
@SilviabelB	@BeatrixW79
@SilviabelB	@BELDRAC
@SilviabelB	@muxxuk
@SilviabelB	@regojordi
@SilviabelB	@risudose
@SilviabelB	@toniejka
@silviabernado_	@capidanMar
@silviabernado_	@mvidiella_manel
@silviacasorran	@_InNero
@silviacasorran	@_marcpg
@silviacasorran	@_PaulaMS_
@silviacasorran	@00laua00
@silviacasorran	@0wamb
@silviacasorran	@1M4gy4r
@silviacasorran	@1zow
@silviacasorran	@6565Mz
@silviacasorran	@A7mdoh124
@silviacasorran	@aalexandrapc
@silviacasorran	@abaquess
@silviacasorran	@acirne
@silviacasorran	@AECftw
@silviacasorran	@agathe291
@silviacasorran	@Aitor_G_A
@silviacasorran	@AitorTelle13
@silviacasorran	@AixiPuc
@silviacasorran	@alanloff
@silviacasorran	@albamarabm
@silviacasorran	@Albert_Ibars
@silviacasorran	@albertbdr
@silviacasorran	@albertgabarrus
@silviacasorran	@Alison_gobr
@silviacasorran	@alliomack
@silviacasorran	@Almost__Crazy
@silviacasorran	@AltoWorksDesign
@silviacasorran	@alvariscopio_
@silviacasorran	@andrzejb98
@silviacasorran	@Angelzog
@silviacasorran	@AnnaBernadas
@silviacasorran	@AnnaEmb_aut
@silviacasorran	@AnnaMar62445347
@silviacasorran	@Anti_Globalist_
@silviacasorran	@anubidal
@silviacasorran	@athen_ang
@silviacasorran	@AtlanticOrient
@silviacasorran	@ayemait
@silviacasorran	@AZ_Files
@silviacasorran	@babe471119
@silviacasorran	@BcnDesencantat
@silviacasorran	@belgestousegaux
@silviacasorran	@Bentejui_
@silviacasorran	@BeterNRE
@silviacasorran	@bilphotograph
@silviacasorran	@blancrougebleu
@silviacasorran	@Bloetzinn
@silviacasorran	@bluefight110
@silviacasorran	@boujienn
@silviacasorran	@BravidDavo
@silviacasorran	@brunopaul2
@silviacasorran	@C_DelgadoGarcia
@silviacasorran	@caelumtangi
@silviacasorran	@calherick
@silviacasorran	@candlas
@silviacasorran	@CaptainFop
@silviacasorran	@carlesjove
@silviacasorran	@carolineplays
@silviacasorran	@Carsaesan
@silviacasorran	@Castorcito2010
@silviacasorran	@ChriLeblanc
@silviacasorran	@ChrisMid91
@silviacasorran	@civicdigi
@silviacasorran	@claude_godin
@silviacasorran	@cnemo_cz
@silviacasorran	@comete56
@silviacasorran	@CorinnePerpinya
@silviacasorran	@CortsRibes
@silviacasorran	@costatorras
@silviacasorran	@Crisdiazartero2
@silviacasorran	@damguel
@silviacasorran	@DaniBailo
@silviacasorran	@daskalomark
@silviacasorran	@DaveyHayes
@silviacasorran	@David__Agustin
@silviacasorran	@David_LeeJones
@silviacasorran	@davidjdaltoe
@silviacasorran	@davidpayeras
@silviacasorran	@dctrjei
@silviacasorran	@delaviemorte
@silviacasorran	@Delpeu
@silviacasorran	@Dengelideli
@silviacasorran	@DerekJShaffer
@silviacasorran	@DerekSeymour7
@silviacasorran	@dhasselmann
@silviacasorran	@DiElleTi
@silviacasorran	@dimas_sc
@silviacasorran	@dimi_karr
@silviacasorran	@DLagushkin
@silviacasorran	@DrKassandraPari
@silviacasorran	@DRoxagon
@silviacasorran	@EdoardoMartino
@silviacasorran	@Einzelfallxy26
@silviacasorran	@El_Duraminga
@silviacasorran	@El_Zii
@silviacasorran	@Eliriv95
@silviacasorran	@elisenda
@silviacasorran	@Eloi242
@silviacasorran	@ElsokeBarricada
@silviacasorran	@emanuelmaddalen
@silviacasorran	@EraDePostverdad
@silviacasorran	@erikgrim
@silviacasorran	@esabatc
@silviacasorran	@EscapeVelo
@silviacasorran	@estevebq
@silviacasorran	@EstherMarti8
@silviacasorran	@evv_sh
@silviacasorran	@FCB_D1
@silviacasorran	@fenix_ave_fenix
@silviacasorran	@fewganats
@silviacasorran	@Flof73
@silviacasorran	@fluorscentsara
@silviacasorran	@FonteRodrigues
@silviacasorran	@francesc112233
@silviacasorran	@fransbieckmann
@silviacasorran	@freed4Catalonia
@silviacasorran	@FTarruell
@silviacasorran	@Furfuroll
@silviacasorran	@gabimebo
@silviacasorran	@GastonLefranc
@silviacasorran	@GeLlorca
@silviacasorran	@geoclmc
@silviacasorran	@Germans_4Trump
@silviacasorran	@GhioKarl
@silviacasorran	@giopso
@silviacasorran	@Gjpvernant
@silviacasorran	@gost46
@silviacasorran	@GraciaValls
@silviacasorran	@GrauBerta
@silviacasorran	@grexx1220grexx
@silviacasorran	@griersminnette
@silviacasorran	@guapumm69
@silviacasorran	@gumptionology
@silviacasorran	@HaterMasha00
@silviacasorran	@HelgaMjoll
@silviacasorran	@hexaflexagon
@silviacasorran	@HIJAU_BESAR
@silviacasorran	@horn3tt76
@silviacasorran	@IamJulyan
@silviacasorran	@Ian__Pinson
@silviacasorran	@Ian_Politic
@silviacasorran	@IbnAlanqari
@silviacasorran	@ichfahrfahrrad
@silviacasorran	@iclare1
@silviacasorran	@IdaMartinac
@silviacasorran	@ierofandis
@silviacasorran	@igoiz17
@silviacasorran	@iker_silva
@silviacasorran	@InefableGirl
@silviacasorran	@InfoAnimal
@silviacasorran	@iosif76
@silviacasorran	@ipalha
@silviacasorran	@Iponexi
@silviacasorran	@IsaacMorera
@silviacasorran	@iservin
@silviacasorran	@istnbulbebesi
@silviacasorran	@itsliahn
@silviacasorran	@J_oeljoseph
@silviacasorran	@j0rsAles
@silviacasorran	@JackBerry96
@silviacasorran	@JaneCo94
@silviacasorran	@JaredTSwift1
@silviacasorran	@JaumeGirbau
@silviacasorran	@jaumemoron
@silviacasorran	@jaumerossinol
@silviacasorran	@JayLoTweet
@silviacasorran	@jegomoscPL
@silviacasorran	@Jenkins100Rose
@silviacasorran	@Jesus83075610
@silviacasorran	@jimixnie
@silviacasorran	@JLezer
@silviacasorran	@jmathien
@silviacasorran	@joalavedra
@silviacasorran	@JoeyArnoldVN
@silviacasorran	@jordihoney
@silviacasorran	@jordimazon
@silviacasorran	@JordiRibas
@silviacasorran	@jordisagues
@silviacasorran	@jordisalvia
@silviacasorran	@josep_40
@silviacasorran	@josep_canudas
@silviacasorran	@josepbartroli
@silviacasorran	@josephinebattle
@silviacasorran	@JoseSighelP
@silviacasorran	@JRamon_Ferrando
@silviacasorran	@jsarda66
@silviacasorran	@jufritzsche
@silviacasorran	@Juinini
@silviacasorran	@julia_gallego_
@silviacasorran	@Julien_marchand
@silviacasorran	@JuniorKwasi_
@silviacasorran	@Kalista63
@silviacasorran	@kataklock
@silviacasorran	@KateSB
@silviacasorran	@KeirMilburn
@silviacasorran	@kindamcqueen
@silviacasorran	@Kixkalbetiri
@silviacasorran	@kobuz3
@silviacasorran	@Kommatoskylos
@silviacasorran	@ks7000
@silviacasorran	@Kunkakom
@silviacasorran	@Kyphae
@silviacasorran	@labaulalleida
@silviacasorran	@LamprosVita
@silviacasorran	@LauPeris
@silviacasorran	@laurapares
@silviacasorran	@Leokadiar
@silviacasorran	@Leroy69Leroy
@silviacasorran	@lnflational
@silviacasorran	@LoboEstepario84
@silviacasorran	@locovuit
@silviacasorran	@lola44625277
@silviacasorran	@lolimuar
@silviacasorran	@LongerSlave
@silviacasorran	@LorenzoSor
@silviacasorran	@LosBlazed
@silviacasorran	@LovCimorelli
@silviacasorran	@lozzaloulilei
@silviacasorran	@lucasgautheron
@silviacasorran	@m_gael
@silviacasorran	@M2bliquis
@silviacasorran	@MaaacGilbert
@silviacasorran	@MahmoudTharrwat
@silviacasorran	@Maiavaluk1
@silviacasorran	@MandameJamon
@silviacasorran	@manoskrt
@silviacasorran	@MarcSanBu
@silviacasorran	@mariacantarino
@silviacasorran	@Marijos65214014
@silviacasorran	@MarqMarti
@silviacasorran	@Martapallares73
@silviacasorran	@martingerz_
@silviacasorran	@MaryJane_Muriel
@silviacasorran	@mauriamorals
@silviacasorran	@mavebe13
@silviacasorran	@mfta7_77
@silviacasorran	@mickw01
@silviacasorran	@mirxjou
@silviacasorran	@MMorlaix
@silviacasorran	@MO_me_Z
@silviacasorran	@mollymhunter
@silviacasorran	@monicacomaroura
@silviacasorran	@Morifen333
@silviacasorran	@moritur_et_ride
@silviacasorran	@MowWuju
@silviacasorran	@mpfernando
@silviacasorran	@MrJoseSaez
@silviacasorran	@MrMaitra
@silviacasorran	@MrsTesC
@silviacasorran	@Msandrafer
@silviacasorran	@murtaale
@silviacasorran	@Muschelschloss
@silviacasorran	@Mussolteatre
@silviacasorran	@mymai92
@silviacasorran	@NACREspirale
@silviacasorran	@Nana_Mana_Mo
@silviacasorran	@Narabuko
@silviacasorran	@nat_taly7
@silviacasorran	@ncadenes
@silviacasorran	@Ned_Donovan
@silviacasorran	@nevereverDave
@silviacasorran	@NidietaDeRivia
@silviacasorran	@nikpoulis
@silviacasorran	@NohihaTatia
@silviacasorran	@Noonours78
@silviacasorran	@NriaMarco
@silviacasorran	@NurhakAtar
@silviacasorran	@nuriacoe
@silviacasorran	@nuriapuig23
@silviacasorran	@obijoan
@silviacasorran	@oesteve
@silviacasorran	@oihanguren
@silviacasorran	@OlivDrot
@silviacasorran	@onlyisayno
@silviacasorran	@or3stis
@silviacasorran	@OrangeBcn
@silviacasorran	@OriolAguade
@silviacasorran	@OsmehSaStavom
@silviacasorran	@pachocamino
@silviacasorran	@papavlahou
@silviacasorran	@paquitamarineaf
@silviacasorran	@PartageSolidar
@silviacasorran	@parvulesco
@silviacasorran	@Patriologue
@silviacasorran	@PaulaGarcias
@silviacasorran	@PaulaMa9
@silviacasorran	@Paulapattata
@silviacasorran	@pedrosmotajr
@silviacasorran	@pepjove
@silviacasorran	@PERFECTPLXCES
@silviacasorran	@Pherratt
@silviacasorran	@Phish_eye
@silviacasorran	@pilarcarracelas
@silviacasorran	@piltrafilla57
@silviacasorran	@pinkichiban
@silviacasorran	@PorscheX16
@silviacasorran	@PParzival
@silviacasorran	@psaura
@silviacasorran	@Puig19
@silviacasorran	@puyolism
@silviacasorran	@Rafelet99
@silviacasorran	@ragutz2
@silviacasorran	@RaphGreen
@silviacasorran	@realdannycook
@silviacasorran	@realimsirius
@silviacasorran	@RealTimMitchell
@silviacasorran	@Ritasald
@silviacasorran	@riusmarti
@silviacasorran	@Rocznik1964
@silviacasorran	@roger1641
@silviacasorran	@rohann8218
@silviacasorran	@Roman8678
@silviacasorran	@Rosalia_44
@silviacasorran	@Royalgeorgehk
@silviacasorran	@runnersshadow
@silviacasorran	@samy_seize
@silviacasorran	@sandrali07
@silviacasorran	@santigutiespuny
@silviacasorran	@sara_valledor
@silviacasorran	@Sascha_BS
@silviacasorran	@saschabur
@silviacasorran	@SeguiIgnasi
@silviacasorran	@Sekinifikacija
@silviacasorran	@SeMaEs
@silviacasorran	@sergicat303
@silviacasorran	@sinefo
@silviacasorran	@siobhankeeley
@silviacasorran	@siskubbi77
@silviacasorran	@Skyman26834478
@silviacasorran	@SMCM91
@silviacasorran	@Somiatwiter
@silviacasorran	@SOS_EUROPE_SOS
@silviacasorran	@Space_Monkey84
@silviacasorran	@Spyroskmg
@silviacasorran	@standbydiego
@silviacasorran	@Stuker87
@silviacasorran	@Sumsi_
@silviacasorran	@susanapascualg
@silviacasorran	@svenski72
@silviacasorran	@taedaegu
@silviacasorran	@Taleof2Treaties
@silviacasorran	@Tarratwit
@silviacasorran	@teresriu
@silviacasorran	@ThaiRiot
@silviacasorran	@TheJawi1
@silviacasorran	@therealbiostate
@silviacasorran	@TheRealJNewton
@silviacasorran	@tofetsameute
@silviacasorran	@trashtu
@silviacasorran	@truthswarm
@silviacasorran	@Tsvbasa_iaponia
@silviacasorran	@uberyacht
@silviacasorran	@ValkyrieWolf
@silviacasorran	@Vankelhane
@silviacasorran	@verygurt
@silviacasorran	@waldemarne
@silviacasorran	@WaldoKanto
@silviacasorran	@WorldwatchRNZ
@silviacasorran	@xasvim
@silviacasorran	@xavi_borras
@silviacasorran	@xavi718
@silviacasorran	@xsirios
@silviacasorran	@xtinamagwaza
@silviacasorran	@Zahir_Marvell
@silviacasorran	@zaidamuxim
@silviacasorran	@ZaustavimoTTIP
@silviacasorran	@zelsta5312
@SilviaCipres	@twitemp1
@SilviaGRS	@evacamos
@SilviaGRS	@jordir6r
@SilviaGRS	@prez_begoa
@SilviaGRS	@scousedom
@silviainet	@BorginiM
@SilviaPalomera	@84jessi
@SiMartaaa	@AnissaOunia
@SiMartaaa	@michaelknaepen
@SimoneBressan	@magicdmw
@SindicaEstudian	@algopedagogica
@SindicaEstudian	@EHSozialista
@SindicaEstudian	@IkasleSind
@SindicaEstudian	@JosebaGines
@SindicaEstudian	@Moco_D_Luffy
@SindicaEstudian	@sindicestudibdn
@SindicaEstudian	@steveaappleton
@SINDICAT_SMAC	@otroladrillomas
@SindicEstudiCat	@_RedTyneside
@SindicEstudiCat	@aitorfg01
@SindicEstudiCat	@ajusoabogados
@SindicEstudiCat	@AlbertoNieto_
@SindicEstudiCat	@aliadelrey
@SindicEstudiCat	@amorral27
@SindicEstudiCat	@Antonio_GarSi
@SindicEstudiCat	@BelenGalvan__
@SindicEstudiCat	@bronsfire
@SindicEstudiCat	@coralclc
@SindicEstudiCat	@DavidDavidtros
@SindicEstudiCat	@davidmonte10
@SindicEstudiCat	@EHSozialista
@SindicEstudiCat	@EsqRevoluciona
@SindicEstudiCat	@EzkIraultzailea
@SindicEstudiCat	@gerard_morato
@SindicEstudiCat	@gimenofer11
@SindicEstudiCat	@GloriaB34052392
@SindicEstudiCat	@helenmallam
@SindicEstudiCat	@HolaMrl
@SindicEstudiCat	@IkasleSindikaGi
@SindicEstudiCat	@iriabelda
@SindicEstudiCat	@IzquierdaRevAnd
@SindicEstudiCat	@IzquierdaRevol
@SindicEstudiCat	@JBGarridoF1
@SindicEstudiCat	@jesus_rued
@SindicEstudiCat	@jhunterfeed
@SindicEstudiCat	@jillsllvn
@SindicEstudiCat	@kazimierz66
@SindicEstudiCat	@kill0urvibes
@SindicEstudiCat	@KozmicDolab
@SindicEstudiCat	@Lolpad2
@SindicEstudiCat	@LongLoez_silver
@SindicEstudiCat	@majolaguay
@SindicEstudiCat	@Maria_Povedab
@SindicEstudiCat	@MariaVenturaAma
@SindicEstudiCat	@markossosa
@SindicEstudiCat	@mas_voces
@SindicEstudiCat	@myxvaan
@SindicEstudiCat	@nerydp
@SindicEstudiCat	@nmendes06
@SindicEstudiCat	@NSSN_NE
@SindicEstudiCat	@olgadealboran24
@SindicEstudiCat	@PedroCanoo
@SindicEstudiCat	@PolyPoisonous
@SindicEstudiCat	@rojodelsur1
@SindicEstudiCat	@Ryozukki
@SindicEstudiCat	@sandrasm297
@SindicEstudiCat	@SE_Aimerigues
@SindicEstudiCat	@SEAndalucia
@SindicEstudiCat	@SEMalaga
@SindicEstudiCat	@serxioabalo
@SindicEstudiCat	@SindicaEstudian
@SindicEstudiCat	@sindicestudibdn
@SindicEstudiCat	@smudge1
@SindicEstudiCat	@SocialistNE
@SindicEstudiCat	@SolidarityDW
@SindicEstudiCat	@starbuckerOMG
@SindicEstudiCat	@tamaradelaerre
@SindicEstudiCat	@Te_Clas
@SindicEstudiCat	@wrrnrXX
@SindicEstudiCat	@WSRanger
@sinestesic	@Grattan_H
@SinGENEROdDUDAS	@campos15258
@SinGENEROdDUDAS	@cristrai1
@SinGENEROdDUDAS	@jose_ivt
@sirgmp83	@cortabigotes
@sirgmp83	@SrFachez
@siscobelart	@IgnasiGrauRoca
@Siscu_Alvira	@Siscu_Alvira
@SisoMako	@alert_ve
@SisoMako	@LlargViatge
@sisu_serra	@_Xenxa_
@sisu_serra	@FullFlaY
@sisu_serra	@scrahallia
@SiviLaCanya	@CUPOlot
@SiviLaCanya	@guifre2053
@SiviLaCanya	@jordibag
@SiviLaCanya	@jordisalvia
@SiviLaCanya	@LauraOlot
@SixtoCasado	@jordipuig88
@SixtoCasado	@MaiteHeras
@SixtoCasado	@MARXATTACK2
@SixtoCasado	@mitcoes
@SixtoCasado	@tinapfaparla
@SJMarques_	@Libertariannest
@Skallaring	@Montse22062000
@Skweez	@cortabigotes
@Skweez	@Nubetoxica13
@SLawsons	@Cristin08jesse
@SLawsons	@helio_gg
@SleptOnACloud	@ArrufatToni
@SLopeX	@acirugeda
@SLopeX	@deejayferr
@SLopeX	@jillsllvn
@SLopeX	@Piccolaienametr
@SLopeX	@Tubanter
@smfawea	@MultiroleR
@snaketweet87	@CBermudoA
@soccargol	@AMPAIESantJoan
@SocialismexCAT	@MovEsquerres
@Socialist_party	@steveaappleton
@socialistesxSI	@agustilluis
@socialistesxSI	@DraRubioMayol
@socialistesxSI	@melibarberor
@socialistesxSI	@MFiguerasR
@socialistesxSI	@MovEsquerres
@socialistesxSI	@perermerono
@socialistesxSI	@SocialistesIndC
@socialistesxSI	@xmg39
@SocialistSouth	@Francisco2015j
@SocialistSouth	@SouthernSP
@SocialistSouth	@steveaappleton
@SocIsomer	@Flounagan
@SocIsomer	@manel174801
@SocIsomer	@mduranbonet
@SocIsomer	@Metanolx
@SocIsomer	@MIRIAM10683
@SocIsomer	@TareixaPG
@SocIsomer	@txelit
@SofiaMC92	@Carles69203160
@SofiaMC92	@Montse_Parra
@soguejant	@marclia
@sokaybe	@TeclaBlume
@solanasnuria1	@gemmasolanas1
@solanasnuria1	@solanasnuria1
@solgonzalez77	@AfricaData
@solidaridadEH	@fpicadov
@SolidSnakeUk89	@2mmKevin
@SolidSnakeUk89	@FotoSanti
@SolidSnakeUk89	@sherif_shikoooo
@SomBellvitge	@GrupDeuteLH
@SomBellvitge	@MoChaTo13
@SomBellvitge	@ninpheas
@SomBellvitge	@Quim_FP
@SomBellvitge	@sheskat3
@SomBellvitge	@SomSantaEulalia
@SomBellvitge	@ValenciaMiriam
@SOMgramenet	@Andoni_010
@SOMgramenet	@gemmaborroka
@SOMgramenet	@jathovaigdir
@somiatwittes	@I_MM_bcn
@SomsDavid	@IsabelBas3
@SomsDavid	@NerinJordi
@soncheu22	@arantxavillal
@soncheu22	@Difficultimes
@soncheu22	@meteteentuvidaa
@soncheu22	@Patriologue
@soncheu22	@tranquiktecagas
@soni_cats	@Herliyi
@soni_cats	@isabelrdos
@soni_cats	@Xaus82
@Sonia_Farre	@elctrodnd21
@Sonia_Farre	@EnComu_Podem
@Sonia_Farre	@Francis48525836
@Sonia_Farre	@JosepCarmona
@Sonia_Farre	@JosepCarmonacom
@Sonia_Farre	@MariajoMontene1
@Sonia_Farre	@mikelltuit
@Sonia_Farre	@mlloret123
@Sonia_Farre	@nitrojorjo
@Sonia_Farre	@pasionarianeus
@Sonia_Farre	@VientosOrihuela
@sonia_gs	@Miquel_Seb
@sonia_gs	@PepSierra
@sonia_herrera_s	@surbinafr
@SoniaPBroncano	@jordialmirall
@SoniaSalvia2	@NataliaBonet2
@SonsoMartin	@TxemaJimenez
@sophiepasarin	@ForessPaulaa
@sophiepasarin	@HugoNaudin
@sortuEH	@AhotsaInfo
@sortuEH	@AritzHuarte
@sortuEH	@EstherLopetegu1
@sortuEH	@GaratGaztelu
@sortuEH	@Iraultza82
@sortuEH	@OlatzodiomiPC
@sortuEH	@pittukine
@sortuEH	@sortu_hernani
@sortuEH	@SortuOiartzun
@sosportillo12	@AliiKz7
@sotsproject	@celyneroy14
@sotsproject	@defranci79
@soymuyextra	@justelqueenscal
@SPAINonymous	@camefo
@SPAINonymous	@jachoya56
@spiff_spiff	@annaforn
@spiff_spiff	@davidvallde
@spiff_spiff	@dpastorbcn
@spiff_spiff	@japosolo
@spiff_spiff	@laurabolet
@spiff_spiff	@Oronules
@spiff_spiff	@pensanoes
@spiff_spiff	@rastamandad
@spiff_spiff	@SPIRlTUALPOWERS
@spvtnikk_	@__laurawitch
@spvtnikk_	@__ortiga
@spvtnikk_	@6622atp
@spvtnikk_	@ChupyMelo
@spvtnikk_	@doloresnabokov
@spvtnikk_	@DrManfly
@spvtnikk_	@electricxiana
@spvtnikk_	@Elle_Law_Liet
@spvtnikk_	@Fem_Shepard_
@spvtnikk_	@frgtnsoul
@spvtnikk_	@gonza99_
@spvtnikk_	@laurodfe
@spvtnikk_	@lovesvagrxnt
@spvtnikk_	@LuRants_
@spvtnikk_	@MariaReferendum
@spvtnikk_	@Matruco742
@spvtnikk_	@TeclaBlume
@spvtnikk_	@YoSoyELO
@Sr_Meh	@kiwi_a7x
@Sramio	@HamsterNet
@Sramio	@JesusPiconM
@Sramio	@Liaog7
@ssoniaguilar_	@Paulagp1399
@StaCke	@Lumyquerida
@StaCke	@MariaReferendum
@SteCymru14	@BernieDevlin57
@SteCymru14	@JonnyValleyBoy
@SteCymru14	@Jpofgwynedd
@SteCymru14	@MECCAnopsis
@SteCymru14	@WalesIndy
@SteCymru14	@YesNewport
@stetcsgo	@besolieric
@stetcsgo	@ferranpuig14
@stoneghe5	@NicoZetaK
@strilles13	@Anainfermera
@strilles13	@VenturaMano
@strilles13	@Vieican
@Styladao	@Angelschc
@Styladao	@james_vinton
@Styladao	@monograficotwit
@Suah_Sua	@feeatriz
@Suah_Sua	@itzalmu
@SubiranaJaume	@biel_mesquida
@SubiranaJaume	@SaraAntoniazzi
@SuggarTCM	@AgenteTruffaut
@SuggarTCM	@AlexPradere
@sumate_asoc	@daltonicobcn
@sumate_asoc	@pinxokike
@sumate_asoc	@Woundorf
@sumpticaih	@panerola
@sundark00	@nuriaruiz_v
@supercatalunya	@bibsmartini
@supercatalunya	@calbigros
@supercatalunya	@eduhcma
@supercatalunya	@gina28840
@supercatalunya	@IndepesSi
@supercatalunya	@Nataliamast
@suportCUP_Bruc	@X_Lalena_X
@Susanna8138	@CalizEnrique
@susobermello	@sevilo60
@suvebe7	@arroyocnlh
@SuzyCortez_	@FonteRodrigues
@SuzyCortez_	@leomfig1
@SuzyCortez_	@llongui_22
@SVHxIND	@Escolan14
@SWPYork	@_Contrainfo
@SxMreferendum	@a18ert
@SxMreferendum	@ApacheCoyotero
@SxMreferendum	@assembleasmxi
@SxMreferendum	@BarbroHus
@SxMreferendum	@blairodriguez
@SxMreferendum	@caboixo
@SxMreferendum	@CUPBarcelona
@SxMreferendum	@eduardcervera
@SxMreferendum	@Endavant_Bcn
@SxMreferendum	@EnricArrazola
@SxMreferendum	@FloraPla
@SxMreferendum	@JRedondoMarfull
@SxMreferendum	@kaisersosainas
@SxMreferendum	@lisengfp
@SxMreferendum	@Santsesfera
@SxMreferendum	@SantsMontenComu
@SxMreferendum	@SantsTV
@SxMreferendum	@santsviu
@SxMreferendum	@simongorjeos
@t1tux	@t1tux
@tamibil90	@Santissj
@Taniri84	@emiliocorreacat
@TapiBcn75	@robbwong
@tarjur	@_afurudashuuh
@tarjur	@bachillerdani
@tarjur	@davidtsh
@TarragonaCdr	@_eduardalvarez
@TarragonaCdr	@18Taly
@TarragonaCdr	@AlasaJordina
@TarragonaCdr	@AlbertMateo7
@TarragonaCdr	@albertvivestous
@TarragonaCdr	@albetalba97
@TarragonaCdr	@Alsonamedtiny
@TarragonaCdr	@ANCTarragona
@TarragonaCdr	@AquestFrederic
@TarragonaCdr	@athalbert
@TarragonaCdr	@carmepradesll
@TarragonaCdr	@claudiaclim
@TarragonaCdr	@CUPDipTa
@TarragonaCdr	@CUPLaCanonja
@TarragonaCdr	@CUPTarragona
@TarragonaCdr	@edusdaura
@TarragonaCdr	@giratomba
@TarragonaCdr	@girlfr0mMars
@TarragonaCdr	@Jaume_Mercader
@TarragonaCdr	@judith_damm
@TarragonaCdr	@lacan_ca
@TarragonaCdr	@lamagdaprofe
@TarragonaCdr	@lladgemma
@TarragonaCdr	@marcelaules
@TarragonaCdr	@MariaMPay
@TarragonaCdr	@moriyakari
@TarragonaCdr	@neu6neu
@TarragonaCdr	@Nightwing80
@TarragonaCdr	@PanGran
@TarragonaCdr	@QBReus
@TarragonaCdr	@skurkas
@TarragonaCdr	@TeoTGNA
@TarragonaCdr	@tondoiguell
@TarragonaCdr	@URV_SEPC
@TarragonaCdr	@Xavindreu
@TarragonaCdr	@xpuime
@TarresMarc	@Josep_Sanchez
@TarresMarc	@MaresmeLV
@TarresMarc	@martiutset
@TarresMarc	@Salvathorium
@Tassia09	@EPascualLagunas
@Tassia09	@tepez84
@TassjaArt	@HerishBaban
@taxisigualada	@albert_casas_
@taxisigualada	@icatala70
@taxisigualada	@inadgonzi
@taxisigualada	@jaume80
@tealde	@luismariasalgad
@TeeDa5h	@CarlesCostaa
@teletovic11	@msolacat
@TeresaForcadesF	@mdfrutos60
@TeresaMarqus	@quimpg
@teresaventosa	@moriyakari
@TEREXE2	@BdnAlbert
@TEREXE2	@nolcor1
@Tete_Enric	@gem_Laguna
@Tete_Enric	@ISawMarcoPolo
@Tete_Enric	@mimiri_12
@Tetitas_Laure	@DeadpoolCatalan
@tettemoyoyo	@DarkyAri
@teutates	@BatlleBallana
@thais_corvi	@aidacv1
@thais_corvi	@OlivierMerkel
@ThatStonemGirl	@elenaysusneuras
@TheDaniSG	@TheDaniSG
@TheDeathsayer	@_Irenemazaira_
@theGineta	@CDRFranqueses
@TheGlobalSpring	@OssianLore
@theirloveisfree	@PatataKonketchu
@theLOOKes	@aleteoauricular
@theLOOKes	@frankgramage
@theLOOKes	@Lauramcn1
@ThePola2	@tonicesteve
@TheRealCarbon	@evabt1979
@TheresaKoeber	@OskWars
@Timcast	@Adam_Lucente
@Timcast	@An0nR0adie
@Timcast	@arealpalhacito
@Timcast	@bernorjill
@Timcast	@carolekingnyc
@Timcast	@Coinstradamus_
@Timcast	@conservemenot
@Timcast	@deborahjlundy
@Timcast	@GerbilGoy
@Timcast	@Jpg00000G
@Timcast	@kisumbak
@Timcast	@Maximil47651338
@Timcast	@Ventuckyspaz
@Timcast	@WilliamGeorge41
@tinacasademont	@oriolowsky
@tineta22	@tallafet
@tirorere	@TeresaMontao
@titarrona	@txescovinyals
@TitoCebri	@eliaperez_94
@TitoCebri	@oizquierdov
@TitoJuez	@123zasca
@TitoJuez	@249e20eeb8a2457
@TitoJuez	@aguilera574
@TitoJuez	@alblasco97
@TitoJuez	@Alee171214
@TitoJuez	@arrrrrnau
@TitoJuez	@caaguiar01
@TitoJuez	@callateeeeee18
@TitoJuez	@cariocache
@TitoJuez	@CasaisOlga
@TitoJuez	@cerratojo
@TitoJuez	@Cthulhu45
@TitoJuez	@Daisy10914
@TitoJuez	@daristraits
@TitoJuez	@davidson_robert
@TitoJuez	@denisgandarap
@TitoJuez	@Dperogrullo
@TitoJuez	@EnricJoan
@TitoJuez	@estelreig
@TitoJuez	@evateixidorgi
@TitoJuez	@idrojne
@TitoJuez	@ielowsubmarin
@TitoJuez	@ilazki_goiko
@TitoJuez	@iloveODETOTACOS
@TitoJuez	@irastorza13
@TitoJuez	@itslaurablond
@TitoJuez	@jdecaso
@TitoJuez	@jillsllvn
@TitoJuez	@joebar43
@TitoJuez	@josepcapsa
@TitoJuez	@juuliiet13
@TitoJuez	@kfus30
@TitoJuez	@La__Vida__
@TitoJuez	@LauraValar
@TitoJuez	@lvntylmz_
@TitoJuez	@maitevegahors
@TitoJuez	@manessacr
@TitoJuez	@MarcMediterrani
@TitoJuez	@martics99
@TitoJuez	@MikiCaros
@TitoJuez	@MM80057470
@TitoJuez	@MrCannuto_5
@TitoJuez	@nasser0313
@TitoJuez	@nereatxo2
@TitoJuez	@newmanu1980
@TitoJuez	@notoriousbigip
@TitoJuez	@oriolfam
@TitoJuez	@PatosoRecluta
@TitoJuez	@PunkBITW18
@TitoJuez	@qrierag
@TitoJuez	@Rachel_L_R
@TitoJuez	@rub3n_lh
@TitoJuez	@stephenpaton134
@TitoJuez	@tissu_c
@TitoJuez	@Tofol1914
@TitoJuez	@tote_llado
@TitoJuez	@tvalenzuela_bcn
@TitoJuez	@VpardoBravo
@TitoJuez	@Ygritte_Snow
@tmiserachs	@gemcaballol
@todilaw	@annaten
@todilaw	@pau_crous
@TodosMuListos	@JoleSeki
@TomaiRua	@CollectiuEmma
@TomaiRua	@DDeibhinn
@TomaiRua	@Eners1977
@TomaiRua	@enricblanes
@TomaiRua	@jmassagues
@TomaiRua	@Josepm100x100
@TomaiRua	@lickiwicki
@TomaiRua	@ReadoutSignpost
@TomaiRua	@RealtanNiL
@tomas_soto25	@LuisCazalis
@tomas_soto25	@mariafumi_21
@ToMasGaRcia77	@jarotzena
@Tonetaaa	@aspid1968
@Toni_Centelles	@DesDeRipo
@toni_pons	@_Reiko24_
@toni_pons	@achaiette
@toni_pons	@AlbertCatalaC
@toni_pons	@AlfredoBelda
@toni_pons	@andreea_10911
@toni_pons	@cafedescafeinat
@toni_pons	@Caperuzotaroja
@toni_pons	@ccdiegocordova
@toni_pons	@Christine_BCN
@toni_pons	@comellas61
@toni_pons	@DanySurfing7
@toni_pons	@Deva_Algr
@toni_pons	@GagoKattalin
@toni_pons	@I_MM_bcn
@toni_pons	@Ibiltari3
@toni_pons	@ielowsubmarin
@toni_pons	@isa_roor
@toni_pons	@jimixnie
@toni_pons	@JuancaSharingan
@toni_pons	@lexxxandra_
@toni_pons	@lig_yeah
@toni_pons	@Mundoconmisojos
@toni_pons	@naturadecapsdde
@toni_pons	@neowill3
@toni_pons	@RosenverYepezA
@toni_pons	@SilviaCipres
@toni_pons	@terroristacult
@toni_pons	@ToniMagemGalan
@toni_pons	@untwitteo
@toni_pons	@yusgrethan
@Toni_R_V	@AaizeeDdeustoo
@Toni_R_V	@mikeloraa
@Toni_Torrente	@carolekingnyc
@Toni_Torrente	@isra3d
@Toni_Torrente	@Nanaboadi_1
@Toni_Torrente	@saruro2
@Toni_Torrente	@shyrouu
@toniaira	@_Reiko24_
@toniaira	@aina61
@toniaira	@alberticious
@toniaira	@alexmrtez
@toniaira	@alliomack
@toniaira	@aserra
@toniaira	@BLACKRAIN_BCN
@toniaira	@BTarrag
@toniaira	@danif_200
@toniaira	@Eramvila
@toniaira	@ferrantalarn
@toniaira	@graellcarmen
@toniaira	@i_prochazka
@toniaira	@ielowsubmarin
@toniaira	@ImmaJoan
@toniaira	@JaumeMeneses
@toniaira	@jgporta
@toniaira	@joanagabarrof
@toniaira	@JoanMBusquets
@toniaira	@LauraPadroV
@toniaira	@mariasarpa1
@toniaira	@MartaLlimos
@toniaira	@MeritxellCortes
@toniaira	@montsecec
@toniaira	@papavinitus
@toniaira	@PeremiquelPaula
@toniaira	@ralf68452199
@toniaira	@vilar_antoni
@tonicastells	@paperopinguino
@toniher	@AlexHinojo
@toniher	@anna_guxens
@toniher	@gemmaruiz_
@ToniMachio	@carlosalpa
@ToniMelich	@floridojr12
@tonimushu_motor	@lorenzoo_mr
@ToniQuique	@acero_del
@ToniQuique	@CARLESRIUS
@ToniQuique	@JoanPascuet
@Tony_Orcha	@jcastann
@tonypreufet	@__Gonzalos__
@ToritoSalva_19	@imontmart
@torrentet	@pepmasj
@totiarimany	@EuskariaEH
@totiarimany	@LandaTxema
@Tracyfilmwales	@hannahgood1
@Tracyfilmwales	@Metztli_IT
@trapella	@OscarCat1976
@treblasab	@Mtborras2010
@Trencavell	@C_Fonseca12
@Trencavell	@cthiem
@Trencavell	@estetyuio
@Trencavell	@marlabaila
@Trencavell	@monxi55
@Trencavell	@oscardelatweet
@Trencavell	@property1
@Trencavell	@salva4salva
@TrendsBelgium	@MikeMol1982
@trenesmania	@espiralveintiun
@trenesmania	@Grattan_H
@Tres14setze	@JGrauMiro
@tresa_ar	@TaiaRubi
@tresleyes	@marcoseirara
@trevolera	@AfricaData
@trevorocSF	@BlemcomM
@tri8estrada	@Buji_19
@tri8estrada	@FonteRodrigues
@tri8estrada	@GFumanya
@tri8estrada	@mirebi
@TribunaOlimpica	@TribunaOlimpica
@TriniSoma382	@bearngofourhrts
@TroyaBcn	@CarlosJiBa
@Trynyty79	@mdlmarmiralles
@Trynyty79	@miralles_david
@Trynyty79	@Trynyty79
@Trynyty79	@vhbalmana
@Tsavkko	@budtobi
@Tsavkko	@FelipeDLeonardo
@Tsavkko	@holoturoideu
@Tsavkko_intl	@arealpalhacito
@Tsavkko_intl	@BasedFaggotFTW
@Tsavkko_intl	@caroll10
@Tsavkko_intl	@danielissimo1
@Tsavkko_intl	@EscapeVelo
@Tsavkko_intl	@Fadl_Akkad
@Tsavkko_intl	@freedom_first14
@Tsavkko_intl	@hartadeto
@Tsavkko_intl	@JuanJack1979
@Tsavkko_intl	@Karol_en_Red
@Tsavkko_intl	@LorenzoCongiu
@Tsavkko_intl	@manicguitarist
@Tsavkko_intl	@MeAventuro
@Tsavkko_intl	@Minuspoengarn
@Tsavkko_intl	@ThomasRaue
@Tsavkko_intl	@ThomasSndbk
@Tsavkko_intl	@TwittingSystem
@Tsavkko_intl	@ValkyrieWolf
@Tsavkko_intl	@voxday
@ttipilekitto	@idoiamfer
@ttipilekitto	@sonetska
@ttipilekitto	@Uibhisteach
@turkpsych	@Han17102003
@TurpinAlejandro	@Jordimd85
@TurpinAlejandro	@jpratc
@TurpinAlejandro	@Miauche
@TuttyRirii	@adrixfenty
@TuttyRirii	@Forbrydelsenfan
@TuttyRirii	@j_badol
@TuttyRirii	@laiafenty
@TuttyRirii	@Olafs_Pulks
@TuttyRirii	@safemanusa
@TuttyRirii	@Sigords
@TuttyRirii	@uzhosnah
@TuttyRirii	@Vinetav
@TuttyRirii	@xavipiearques
@tuxa_marco	@LuisCazalis
@TwiterSonDakika	@BelginMavis
@TwiterSonDakika	@Qvitamini
@txarlisin	@hpichaco
@Txell_Catalan	@g1Ofc
@TxellArus	@SilviaDiao5
@txescu	@Jesusdelpilsa
@Txitxingurri	@fersancu12
@Txitxingurri	@Gotxas
@Txompi	@mercespi
@txrstegenx	@lauhoechlin
@txrstegenx	@rubiusite
@tylxshell	@RealTimMitchell
@Ua1FM	@AuraUA1
@Ua1FM	@labaulalleida
@uauaua17	@Knurlar
@Ubeinn	@Ahechmoud
@Ubeinn	@VicenteAbella
@ugocuesta	@J_ParraG
@uiugresor	@mcarapuig
@ulopez	@Euke_Goiria
@umbrio8	@davidbusquets23
@umbrio8	@HelenaEspriu
@umbrio8	@Xavier_Mula
@Un_inciso	@gueromex100
@Un_inciso	@noxten
@unapedra	@andreteixeirav
@unapedra	@IrxnWizard
@undelgrau	@DaD_Castello
@undelgrau	@Podem_Castello
@UnionIntegralyD	@asamblealaelipa
@Univers1oFesta	@BegoTadeo
@Univers1oFesta	@rus_negre
@Univers1oFesta	@toniribagali
@UrgentNews5	@ALPKAGANN
@UrgentNews5	@JoaquimJuanos
@UrgentNews5	@maf74ita
@UrgentNews5	@Robertneur
@UrgentNews5	@saninkashimi
@uri_vid	@annacat1973
@uri_vid	@ASEGURAMAT
@uri_vid	@Catalask8
@Uri84sbd	@nenarepelente
@UriGrima	@acero_del
@UriGrima	@AgustiIgnasi
@UriGrima	@nuria_isern
@UriGrima	@PileteJosefine
@UriGrima	@pitudedeu
@UxueRoman	@jonaylopez22
@Valar_Aman	@pepegh97
@ValdesCVictor	@ac_Guille
@ValdesCVictor	@adoranser
@ValdesCVictor	@AlegoricoPerez
@ValdesCVictor	@AndresFBaquero
@ValdesCVictor	@cvilacalvo
@ValdesCVictor	@damemaszumo
@ValdesCVictor	@DavidLlorenteS
@ValdesCVictor	@El__PoSeIdO
@ValdesCVictor	@kyriewoman
@ValdesCVictor	@Maria_Forns
@ValdesCVictor	@rubenpardinhas
@valdrada_72	@_RaquelJimenez
@valdrada_72	@daniel_molins
@valdrada_72	@dodi150920
@valdrada_72	@ialonsoiturbe
@valenbecks	@ABSTENCIONISTA
@valenbecks	@Gens68235840
@valenbecks	@yurisasson
@ValenciaPatsCSC	@DNOLAN11
@ValenciaPatsCSC	@Niall_Nolan
@ValenciaPatsCSC	@sean_sparky
@ValkSan	@PsicoticMan
@vallmy	@colominas_anna
@vallmy	@emilival2012
@vallmy	@EWat98
@vallmy	@GSecondlife
@vallmy	@haw19681
@vallmy	@HazenbroekJo
@vallmy	@ijzerdraat_
@vallmy	@jimmypedya
@vallmy	@JoKer33817736
@vallmy	@L1vR
@vallmy	@Markiemarc66
@vallmy	@Tynnart
@vallmy	@vester71
@VaroKuChan	@chiildrette
@VCamposB	@miguelpe95
@VCamposB	@palaca23
@vchamorr	@mireia_nadal
@vecirex	@evans66billy
@vecirex	@fcross1959
@vecirex	@glamead
@vecirex	@IsThisAB0t
@vecirex	@jestejedno
@vecirex	@Kerstin_Kolumna
@vecirex	@StillYesScot
@vecirex	@thyssen23
@vecirex	@TrainorHelen
@velasc_alberto	@EudaldoSerr
@verdegang	@newfrench12
@verdekiwi	@CarlitoxMarxx
@VergeNuria	@ire_ahoj
@VergeNuria	@Lionneverte
@VergeNuria	@slavignotte
@verotxutxu	@_Irenemazaira_
@verotxutxu	@eguzkihots
@verotxutxu	@LArretxe
@VeuAnoia	@dani15cat
@VeuAnoia	@egraells
@VeuAnoia	@estelada1970
@VeuAnoia	@joanenpa
@VeuAnoia	@joseparauz
@VeuAnoia	@mixetash
@VeuAnoia	@mviarnes
@VeuAnoia	@Noemi_Roca
@VeuAnoia	@Odenaviva
@VeuAnoia	@PiaPrat
@VeuAnoia	@wizardjaks
@Vfontbute	@flo_corretti
@Vfontbute	@MireiaCarreno
@vicentgalduf	@Lojaume
@vicentpru	@EducaPodemosGal
@vicentpru	@FernandoCobosBe
@vickyloru	@6ang7aguilera
@vickyloru	@AnticapiHuelva
@vickyloru	@GloriaSacer
@vickyloru	@jromerosanchez1
@vickyloru	@LpezManuela
@vickyloru	@mikelltuit
@vickyloru	@Sergi_Obi_Wan_
@vickyloru	@vfranquesa
@victor_bertran	@XPelleja
@Victor_burdel	@mhume_twitte
@VictorGuerreroJ	@Gatoskar
@vidal_jove	@vidal_jove
@vikercule	@RobertoG198712
@Viktormarther	@AreanLola
@Viktormarther	@BarretinaMan
@Viktormarther	@eldavidnopara
@Viktormarther	@gearnau
@Viktormarther	@GLlepafils
@Viktormarther	@infiltrada8
@vilallongapac	@Xevi_Pages
@Vilanova_Miquel	@NeusRamisSegui
@vilfreeze	@Mane_B_S
@vilfreeze	@martaserra_
@villachamp	@CordobaMontse
@villachamp	@d_megale
@villachamp	@Refiika
@vinasxifra	@emfafelis
@vinasxifra	@manuelasoto16
@vinasxifra	@MIQUELLARA
@VincentAbinet	@JackPecozi
@VincentAbinet	@quitoxic
@vinyetdf	@aleixrm
@vinyetdf	@DecDaly1
@vinyetdf	@GuilloNeffke
@vinyetdf	@sitgesvida
@vinyetdf	@slavignotte
@vinyetdf	@WildNymeria
@virgimir81	@jmbarrakus
@VirginiaUzal	@alguienvendra
@VirginiaUzal	@manuelcarro
@VirginiaUzal	@nolomoli
@VirginiaUzal	@norlisss
@viroide	@mmorphd
@vivavar	@Difficultimes
@vivavar	@escuincle67
@vivavar	@GarVky
@vivavar	@GtvNoticies
@vivavar	@ilynhenke
@vivavar	@MSandoval88
@vivavar	@sergilo_21
@VotacioTelem	@_AFreeFollower
@VotacioTelem	@_deepblueocean
@VotacioTelem	@_Elisa_Belieber
@VotacioTelem	@_hannahstill
@VotacioTelem	@_Laurmani98
@VotacioTelem	@100KCY
@VotacioTelem	@19galitros
@VotacioTelem	@31Golden
@VotacioTelem	@adellcircle969
@VotacioTelem	@adftbxrqtow61
@VotacioTelem	@AdrianoTM_2002
@VotacioTelem	@aholougbe
@VotacioTelem	@ajjm2002
@VotacioTelem	@akaAndyB
@VotacioTelem	@allynson96
@VotacioTelem	@AlvinTeam11
@VotacioTelem	@alysagrimes1925
@VotacioTelem	@amaliaterres161
@VotacioTelem	@anatoliysjkon
@VotacioTelem	@andreachlum1243
@VotacioTelem	@anjelicasheeh12
@VotacioTelem	@annamariageor13
@VotacioTelem	@Apinoccio
@VotacioTelem	@ArbusteFurtif
@VotacioTelem	@arie_makeda
@VotacioTelem	@Arintyas07
@VotacioTelem	@arletta_odell
@VotacioTelem	@arletteyohan241
@VotacioTelem	@arnauramos
@VotacioTelem	@Arphoselux
@VotacioTelem	@ashabrusky747
@VotacioTelem	@ashman2534
@VotacioTelem	@asia_september
@VotacioTelem	@astridchantal21
@VotacioTelem	@AubreyArletha
@VotacioTelem	@austinmedlinn
@VotacioTelem	@ausuebsakul
@VotacioTelem	@AXERMAG
@VotacioTelem	@babaracherry231
@VotacioTelem	@bao_roni
@VotacioTelem	@bcfcdsqipqp2787
@VotacioTelem	@BeulaAshlie
@VotacioTelem	@bhuentiya
@VotacioTelem	@bigbankshawty01
@VotacioTelem	@billyezuehlke11
@VotacioTelem	@birgitgrimes141
@VotacioTelem	@bjaaqhxmml1075
@VotacioTelem	@Boh2516
@VotacioTelem	@bott_darlene
@VotacioTelem	@Bpardelhas
@VotacioTelem	@bridgettebunje2
@VotacioTelem	@brigid_daniell
@VotacioTelem	@Britteny2324
@VotacioTelem	@BuarKawaeii
@VotacioTelem	@CaitlinCouchman
@VotacioTelem	@caleb_scott6
@VotacioTelem	@cam_fry
@VotacioTelem	@camelliaforste3
@VotacioTelem	@cameronlia2758
@VotacioTelem	@Camp2565
@VotacioTelem	@camycrespo
@VotacioTelem	@Canadian_Love97
@VotacioTelem	@candradardis241
@VotacioTelem	@carlosgallucci4
@VotacioTelem	@carolynnwarren3
@VotacioTelem	@carrieellennx
@VotacioTelem	@carrollcecelia2
@VotacioTelem	@cassandrarockw4
@VotacioTelem	@CathernAvelina
@VotacioTelem	@cecelialindqvi9
@VotacioTelem	@cecilegoodband3
@VotacioTelem	@celena_pedrick
@VotacioTelem	@Chae_Hwa713
@VotacioTelem	@Chang2430
@VotacioTelem	@charlinezumfeld
@VotacioTelem	@cherif_hamid
@VotacioTelem	@CherryBasile
@VotacioTelem	@chonthichakibzy
@VotacioTelem	@chrissy60794902
@VotacioTelem	@christena_lean
@VotacioTelem	@christenghosti5
@VotacioTelem	@christigerbode4
@VotacioTelem	@citatoos
@VotacioTelem	@claribelpierce8
@VotacioTelem	@clariscrocker11
@VotacioTelem	@codus6313
@VotacioTelem	@creolahanel1435
@VotacioTelem	@Cymhie02
@VotacioTelem	@darlajuszczak11
@VotacioTelem	@DearYeriny
@VotacioTelem	@deby_yanti
@VotacioTelem	@Deden_GJ
@VotacioTelem	@delmysibiski212
@VotacioTelem	@Deska_JW
@VotacioTelem	@DevonBettyann
@VotacioTelem	@dimkoki
@VotacioTelem	@dntdj777
@VotacioTelem	@Doerr2429
@VotacioTelem	@Dorian_Gar
@VotacioTelem	@DrKisspo
@VotacioTelem	@dylyanjames
@VotacioTelem	@e200533
@VotacioTelem	@earleenmendel51
@VotacioTelem	@ednaprecious142
@VotacioTelem	@ehzyt5z3r3c
@VotacioTelem	@elehotibia
@VotacioTelem	@elizpetty51
@VotacioTelem	@EllieCuc
@VotacioTelem	@EllieMennell
@VotacioTelem	@ellymorse1905
@VotacioTelem	@erickaodlozili3
@VotacioTelem	@ErinSharman4
@VotacioTelem	@ermalbr
@VotacioTelem	@erminiaerdman21
@VotacioTelem	@ErtonaD
@VotacioTelem	@estellbecker251
@VotacioTelem	@EtsukoCalista
@VotacioTelem	@eugeniaveterni5
@VotacioTelem	@EunJi0812
@VotacioTelem	@evangel15153434
@VotacioTelem	@fajri_nafila
@VotacioTelem	@favouredND
@VotacioTelem	@felice2157
@VotacioTelem	@Fer_Miranda8
@VotacioTelem	@flaviapriscill5
@VotacioTelem	@florenciaisenb4
@VotacioTelem	@FosurtAbi
@VotacioTelem	@FrancescoForbus
@VotacioTelem	@francinebunny21
@VotacioTelem	@frederiquexx1
@VotacioTelem	@frediamazza930
@VotacioTelem	@fredphipps1217
@VotacioTelem	@FuckItsReychel
@VotacioTelem	@ga9zang21204
@VotacioTelem	@gaposhina438
@VotacioTelem	@geniemiller1092
@VotacioTelem	@GennieFrankola
@VotacioTelem	@geoegsbykov
@VotacioTelem	@georgianachil11
@VotacioTelem	@georgiannagol20
@VotacioTelem	@gidgetclaypool2
@VotacioTelem	@gloriaelissa101
@VotacioTelem	@gloriateofanin
@VotacioTelem	@gloriayang1084
@VotacioTelem	@graciedowd1053
@VotacioTelem	@gretalindqvist4
@VotacioTelem	@gyuuoppa
@VotacioTelem	@hAeWoN_son
@VotacioTelem	@hajiko520
@VotacioTelem	@halinadowsett23
@VotacioTelem	@halxeywyd
@VotacioTelem	@hanhhansen2120
@VotacioTelem	@Hanindiadena
@VotacioTelem	@harrietbent514
@VotacioTelem	@HauntedWithTay
@VotacioTelem	@hellofefi
@VotacioTelem	@HeshamMekawy_
@VotacioTelem	@hgiel_24
@VotacioTelem	@hi999999
@VotacioTelem	@hime_babyz
@VotacioTelem	@holl_mac
@VotacioTelem	@hyacinthalben22
@VotacioTelem	@hyun_961027
@VotacioTelem	@Idell2389
@VotacioTelem	@IJCDxD
@VotacioTelem	@IKasidit
@VotacioTelem	@ILOVEJUSTIN2321
@VotacioTelem	@ingercooper2527
@VotacioTelem	@IntissarBummies
@VotacioTelem	@itsmejave777
@VotacioTelem	@ivanaschneide13
@VotacioTelem	@izalkharisma
@VotacioTelem	@JacalynEulah
@VotacioTelem	@JackelynHong
@VotacioTelem	@jackitaylor873
@VotacioTelem	@JacobNera
@VotacioTelem	@JacqualineEdith
@VotacioTelem	@Janebukii
@VotacioTelem	@jasmijndenoordd
@VotacioTelem	@JawinRatchawong
@VotacioTelem	@jazminesargent6
@VotacioTelem	@Jeanclaude2568
@VotacioTelem	@jerioya157
@VotacioTelem	@jerrieanwar2096
@VotacioTelem	@JessJazz06
@VotacioTelem	@jesusamullins31
@VotacioTelem	@jewliun911
@VotacioTelem	@jmalcolm7
@VotacioTelem	@JoleenDedra
@VotacioTelem	@joliebenaziz211
@VotacioTelem	@jonijackson1300
@VotacioTelem	@JordanGalliano
@VotacioTelem	@Juan_MrMushu
@VotacioTelem	@JustinBie_ber
@VotacioTelem	@juunjaao
@VotacioTelem	@kaaarlitaaax
@VotacioTelem	@kamilkrzyzanow1
@VotacioTelem	@karlastorm1545
@VotacioTelem	@karolinger110
@VotacioTelem	@kbm12190
@VotacioTelem	@keeleyturner147
@VotacioTelem	@keralozanski902
@VotacioTelem	@keramorgant2948
@VotacioTelem	@kg190525
@VotacioTelem	@KieshaAnnetta
@VotacioTelem	@KillMeFuck
@VotacioTelem	@Kimsungsu_Su89
@VotacioTelem	@kirk1896
@VotacioTelem	@knortforshort
@VotacioTelem	@Knox1452
@VotacioTelem	@kradaisuki
@VotacioTelem	@KrillDante
@VotacioTelem	@Krixsss
@VotacioTelem	@Kukhwabbang
@VotacioTelem	@kulgirl01
@VotacioTelem	@kyliebullock281
@VotacioTelem	@kynia666
@VotacioTelem	@lacresharetten5
@VotacioTelem	@ladonnabarbier7
@VotacioTelem	@lanitakokinski8
@VotacioTelem	@laughoutloud902
@VotacioTelem	@LaurynEleanor
@VotacioTelem	@lavetamichaels2
@VotacioTelem	@lawanascheller3
@VotacioTelem	@leannaakimoto22
@VotacioTelem	@lek095
@VotacioTelem	@LeoRezend
@VotacioTelem	@lestermccall135
@VotacioTelem	@lgkmjgtktaajTGA
@VotacioTelem	@ligia_adeoya
@VotacioTelem	@LilianJouan
@VotacioTelem	@Linette2630
@VotacioTelem	@Liu531046028Liu
@VotacioTelem	@liz_sandee
@VotacioTelem	@LolaAbecassis
@VotacioTelem	@LucaRazon
@VotacioTelem	@lucretiaparthe2
@VotacioTelem	@LynneClaris
@VotacioTelem	@M_Birchler
@VotacioTelem	@Magung_A
@VotacioTelem	@maiasimplement
@VotacioTelem	@malia_hellen
@VotacioTelem	@mandimetta
@VotacioTelem	@MargareteCicely
@VotacioTelem	@margetraquin141
@VotacioTelem	@Margorie2862
@VotacioTelem	@marianc31764909
@VotacioTelem	@mariannalipsky2
@VotacioTelem	@marisaudrey1843
@VotacioTelem	@marjorietamara4
@VotacioTelem	@MarryMe_SNSD
@VotacioTelem	@marshabartels81
@VotacioTelem	@maryamuniz1196
@VotacioTelem	@maryeseverri221
@VotacioTelem	@MarylynGrasl
@VotacioTelem	@MarylynnEvita
@VotacioTelem	@maryrosecarpen9
@VotacioTelem	@maweeyaintawong
@VotacioTelem	@MaybellCecile
@VotacioTelem	@Mc_del9ja
@VotacioTelem	@meggan_sherril
@VotacioTelem	@meghann_tania
@VotacioTelem	@mellisajeraldi5
@VotacioTelem	@mernaschreiter5
@VotacioTelem	@MeshkovaKarina
@VotacioTelem	@MildredDebora
@VotacioTelem	@mintafry20
@VotacioTelem	@minwiseman2111
@VotacioTelem	@mommomtoots
@VotacioTelem	@Muftawu1300
@VotacioTelem	@Mujali201
@VotacioTelem	@nancyleffler201
@VotacioTelem	@natalie39734882
@VotacioTelem	@netameyer2751
@VotacioTelem	@neva_augustina
@VotacioTelem	@NeymArifJr
@VotacioTelem	@NgaJessi
@VotacioTelem	@nickieidillil14
@VotacioTelem	@nidiabrewer2759
@VotacioTelem	@NikiaDooley
@VotacioTelem	@Ning_Chermarn
@VotacioTelem	@noellaretha837
@VotacioTelem	@noemirice2375
@VotacioTelem	@nooravoutilaine
@VotacioTelem	@odellluise2953
@VotacioTelem	@olene_pebenito
@VotacioTelem	@onlineshop5
@VotacioTelem	@Ostrom2692
@VotacioTelem	@ozturk_deana
@VotacioTelem	@pacowong2002
@VotacioTelem	@paigeystaples
@VotacioTelem	@pandorabell1515
@VotacioTelem	@patiencegastin3
@VotacioTelem	@phungkirkpatri4
@VotacioTelem	@phyliss_toni
@VotacioTelem	@Popdat_espinosa
@VotacioTelem	@port_deonna
@VotacioTelem	@Ppen_19
@VotacioTelem	@puja_latifah
@VotacioTelem	@RafaelaBelieve
@VotacioTelem	@RaffaelliBecki
@VotacioTelem	@raymondenagaha6
@VotacioTelem	@raymondreinard3
@VotacioTelem	@realtaemin718
@VotacioTelem	@RebecaMariann
@VotacioTelem	@reckonofficial
@VotacioTelem	@renatapedretti2
@VotacioTelem	@Ricki1863
@VotacioTelem	@rolandafogarty2
@VotacioTelem	@rooobyghqk2861
@VotacioTelem	@rosanarachelle2
@VotacioTelem	@rosemarielist51
@VotacioTelem	@RowenaKeshia
@VotacioTelem	@roxanne14404073
@VotacioTelem	@rozellaweinber1
@VotacioTelem	@rufflesl0vato
@VotacioTelem	@rungkiko
@VotacioTelem	@Saglio590
@VotacioTelem	@sakdhk
@VotacioTelem	@SavannaWoodman
@VotacioTelem	@SawahDanniels
@VotacioTelem	@Schlutt99
@VotacioTelem	@Schoeller2230
@VotacioTelem	@seay_natalia
@VotacioTelem	@sefsfesfesfesfe
@VotacioTelem	@sha_eberhart
@VotacioTelem	@shaechkina7ua
@VotacioTelem	@shaina_dianna
@VotacioTelem	@ShainaMarylynn
@VotacioTelem	@shara_brook
@VotacioTelem	@shelbymorgan241
@VotacioTelem	@shellihiga1606
@VotacioTelem	@ShennaKatrina
@VotacioTelem	@ShereeAthena
@VotacioTelem	@shericemerkel21
@VotacioTelem	@sheron_bardwell
@VotacioTelem	@sherypearson291
@VotacioTelem	@Shgay1004
@VotacioTelem	@shinsora7
@VotacioTelem	@Slivinski650
@VotacioTelem	@SlyviaJudi
@VotacioTelem	@soila_lebo
@VotacioTelem	@soman383
@VotacioTelem	@sonia_pitarch
@VotacioTelem	@SoniitaSilva
@VotacioTelem	@sopheap_PL
@VotacioTelem	@spatinice1426
@VotacioTelem	@SrAlbertoDuke
@VotacioTelem	@Staaaaystrong21
@VotacioTelem	@steendam_pa
@VotacioTelem	@stellajesusa111
@VotacioTelem	@Stetson136
@VotacioTelem	@stevenb02493365
@VotacioTelem	@Stewart1728
@VotacioTelem	@SuellenDanita
@VotacioTelem	@supernathyy
@VotacioTelem	@Suphajita
@VotacioTelem	@SusannaKeena
@VotacioTelem	@sweetieareeya
@VotacioTelem	@switchnoori
@VotacioTelem	@SydMcClendon
@VotacioTelem	@tamalaarthurs21
@VotacioTelem	@tamalajenkins71
@VotacioTelem	@tamekiamichel11
@VotacioTelem	@tamica_schuller
@VotacioTelem	@tamlennon1509
@VotacioTelem	@TammieLuana
@VotacioTelem	@tatumgibson2699
@VotacioTelem	@taunyamicieli91
@VotacioTelem	@Tawny1157
@VotacioTelem	@taylorcotting61
@VotacioTelem	@templemargaret3
@VotacioTelem	@teodorafranks21
@VotacioTelem	@teresadavid1971
@VotacioTelem	@terrilynreisog6
@VotacioTelem	@Th3Kill3rs
@VotacioTelem	@Thea1563
@VotacioTelem	@TheodoraKlock
@VotacioTelem	@thirtysixodo
@VotacioTelem	@ThislsPrim
@VotacioTelem	@tiffanywiltshi4
@VotacioTelem	@tiodwi_
@VotacioTelem	@titinsyalindrii
@VotacioTelem	@treasastruebin3
@VotacioTelem	@Tucker457
@VotacioTelem	@tullis_jeannine
@VotacioTelem	@tuzhilkinafos
@VotacioTelem	@uk_lexi
@VotacioTelem	@Ursula242
@VotacioTelem	@valerya92915827
@VotacioTelem	@vanesam40377457
@VotacioTelem	@VeldaCristina
@VotacioTelem	@vellarashed1820
@VotacioTelem	@verenamitchel19
@VotacioTelem	@VerleneThalia
@VotacioTelem	@vernellmeyer231
@VotacioTelem	@vickyricks2223
@VotacioTelem	@vinitabankoff91
@VotacioTelem	@virgenrodgers21
@VotacioTelem	@voepel_savanna
@VotacioTelem	@Vojtisek253
@VotacioTelem	@waizu_hambali
@VotacioTelem	@wangenjia
@VotacioTelem	@WanGeralyn
@VotacioTelem	@Weingart1111
@VotacioTelem	@Wettengel1343
@VotacioTelem	@Wildaheon
@VotacioTelem	@woody_1342
@VotacioTelem	@x__kayleigh
@VotacioTelem	@xrabrovafaa
@VotacioTelem	@yaelin0812
@VotacioTelem	@Yale1838
@VotacioTelem	@yonzL
@VotacioTelem	@yyangssam
@VotacioTelem	@zack19916
@VotacioTelem	@zahir_fr
@VotacioTelem	@Zandiesy
@VotacioTelem	@ZebiriHassen
@VotacioTelem	@ZlatanSanches
@VotacioTelem	@ZoniaJosephine
@vudkus	@M_cc74
@Vvvvvvvioleta	@sofiasagunto
@wafaboulahrouz	@fiantoduri934
@Walkercola	@ReZapSicK
@WesteraGironina	@Woundorf
@who_is_sptramp	@bea21m
@who_is_sptramp	@ElComu_menos
@WimKeereman	@EnekoLilly
@wiri_wi	@stratocaster_o
@WoutPatyn	@1Juleke
@WoutPatyn	@HRoeland
@WoutPatyn	@Jong_NVA_KoHaKu
@WoutPatyn	@PhRoose
@WristOf_Rag	@ElmMurciaS
@wtebbens	@EXarxaOberta
@wwwlarosacat	@laucign
@XabatoL	@ehbilduAmasaVil
@XabatoL	@GetariakoUdala
@XabierIsasi	@DianaUrrea5
@xabirastorza	@ElaZalain
@xabirastorza	@urkoapaolaza
@xaimemtnez	@AntiqueWater
@xaimemtnez	@peterdcox
@xaimemtnez	@Roi2bo
@xaimemtnez	@rutego
@xalbaram	@argia
@xalbaram	@ELAVolkswagen
@xalbaram	@iouihaas
@xalbaram	@txantxibiri
@XandriCalsapeu	@GollyRectoret
@xavi_figueras	@irlotex
@Xaviabrilferrer	@strange13_
@XaviAltarriba	@EnricRV
@xavier_torrens	@alex_muni
@xavier_torrens	@angelspm2
@xavier_torrens	@AnnaMajs
@xavier_torrens	@antibes09
@xavier_torrens	@ArcoIrisNqn
@xavier_torrens	@Balillibus
@xavier_torrens	@BeraliaIo
@xavier_torrens	@boneugmoda
@xavier_torrens	@calalua
@xavier_torrens	@CarrascoCarles
@xavier_torrens	@cristchem
@xavier_torrens	@DarmstadtJ
@xavier_torrens	@dolorssidera
@xavier_torrens	@dolsetis
@xavier_torrens	@ElAndaluzRancio
@xavier_torrens	@espiralveintiun
@xavier_torrens	@estervito
@xavier_torrens	@Fleurrose55
@xavier_torrens	@i_prochazka
@xavier_torrens	@javibarja
@xavier_torrens	@jdeu
@xavier_torrens	@JoanR_
@xavier_torrens	@josepfrancesest
@xavier_torrens	@maripilipilimar
@xavier_torrens	@Mussolteatre
@xavier_torrens	@PaulaPadulles
@xavier_torrens	@Pouleinyak
@xavier_torrens	@puyolism
@xavier_torrens	@RealTimMitchell
@xavier_torrens	@RICARDPF
@xavier_torrens	@sagasaez
@xavier_torrens	@Txellreg
@xavier_torrens	@WimDool
@xavier_torrens	@xavier_torrens
@xavier_torrens	@xllurba
@xavier_torrens	@xmaestre72
@xavier1970	@Enricbatet
@xavier1970	@pep_elias
@xaviercanchal	@csrojz
@xaviercanchal	@Ekaitzekoa
@xaviercanchal	@IratiIciar
@xaviercanchal	@JosuLemarkes
@XavierLlobet	@ignasitoptennis
@XavierLlobet	@oriolpa78
@xavierRMonjo	@Capita_Planeta
@xavierrosmajo	@m4rc_manzano
@xaviersan10	@juliangrau
@XavierSM10	@GuillemMarquez
@XavierSM10	@shoshaYelancla
@XaviGasso	@CristinaDivi
@XaviGasso	@csensats
@XaviGasso	@davidsanzv
@XaviGasso	@jcivitp
@XaviGasso	@migensma
@XaviGasso	@mxpijoan
@XaviGasso	@nfornellsm
@XaviGasso	@OnidSad
@XaviGasso	@piahanko
@XaviGasso	@regiguren
@XaviGasso	@Superana27
@XaviGasso	@TeclaBlume
@XaviGasso	@torrehanoi
@XaviGasso	@Winjordi
@xavigort	@ManelGaMo1
@Xaviindecat	@Xaus82
@Xavijudo	@Tivissa
@xavimunt	@olga_francino
@Xavip1974	@CBallester
@Xavip1974	@L4i4R
@Xavip1974	@martin_paky
@Xavip1974	@PereOlm87
@Xavip1974	@pirineumediterr
@Xavip1974	@RosinyolBord
@XaviPlantada	@DavidToPo1
@XaviRamiro	@HoracioAltuna
@XaviRamiro	@montsecascante
@XaviRamiro	@roger_vilanova
@xavirutia	@paperopinguino
@Xavitarnus	@ARCE_EBH
@Xavitarnus	@Sergivs5
@xca	@RafaelQuilez
@xcr_77	@hdfcat
@xdocampo	@achilifunk
@xdocampo	@Caiusbonus1899
@xelayx	@jonabasque
@Xenieta82	@AfIsisisis
@xerard83	@carme_pradera
@xevibarrio	@lordoftheof
@xevifab	@buxi1972
@xeviscc	@Pau_Venco
@xganeshax	@AlitaAngel99
@xganeshax	@JoanFiga
@xganeshax	@ramongrauserra
@xganeshax	@silvia_inc
@xgas73	@MiquelArgelich
@xherce	@MaddBCN
@xherce	@mojitoweno
@xielavilis	@Juanmi_N
@Ximo_Segarra	@pablosegarra5
@xirakulis	@AsierBit46
@xirakulis	@leyre_ugarte
@xma	@edu_hevia
@XMadariagaI	@idurrecajara
@xmilav	@alblunes
@xminguella	@antonifl
@xminguella	@vanerighetti
@XMriel	@antonnaraio
@XMriel	@DavidRC77
@XMriel	@mgsgaliza
@XMriel	@Mrequeixoarnexo
@XMriel	@VladFidelSalvad
@XMriel	@xomabepo
@xmtorne	@BlemcomM
@xmtorne	@carloscallon
@xmtorne	@curreloss
@xmtorne	@falcatruada
@xmtorne	@MonsieurMartinR
@xmunozsbd	@alliomack
@xmunozsbd	@PratVentura
@xoan_cat	@soniqueman
@xosepalacio	@airin_adler
@xosepalacio	@albertdiaz_fer
@xosepalacio	@carloscallon
@xosepalacio	@carme_the
@xosepalacio	@cristinablumese
@xosepalacio	@ctorne
@xosepalacio	@darkravenblue
@xosepalacio	@davcantos
@xosepalacio	@dolsalaia
@xosepalacio	@dona_invisible
@xosepalacio	@electrickernel
@xosepalacio	@Elisabet73
@xosepalacio	@Gata_negra93
@xosepalacio	@gatubella89
@xosepalacio	@gemmafrost19
@xosepalacio	@gregori_vazquez
@xosepalacio	@hquinzelxxx
@xosepalacio	@jodellll
@xosepalacio	@JuliaMalatesta2
@xosepalacio	@junagrey
@xosepalacio	@lalabern78
@xosepalacio	@Marjo_Garel
@xosepalacio	@mcollsala
@xosepalacio	@mividadegira
@xosepalacio	@mujermaravillxs
@xosepalacio	@nelalenros
@xosepalacio	@rafaelistico
@xosepalacio	@S_power_girl
@xosepalacio	@saltaborni
@xosepalacio	@SusodeToro1
@xperpi	@Gandaiet
@xperpi	@Marc_Prat
@xperpi	@martallosi
@xperpi	@Worth84740118
@XPeypoch	@ConorFitzpatrik
@XPeypoch	@Maiavaluk1
@XPeypoch	@notesfromainara
@XPeypoch	@ruralogy
@xrieraf	@NRieraF
@xterradellas	@alex_lopezt
@YaizaArroyoBach	@Miareando
@ybonab	@SantCugatencs
@ybonab	@voelvry1993
@Yo_Soy_Asin	@_Contemplador
@Yo_Soy_Asin	@_MrDarwin_
@Yo_Soy_Asin	@123zasca
@Yo_Soy_Asin	@abel_andreu
@Yo_Soy_Asin	@agescura
@Yo_Soy_Asin	@AlacidSergi
@Yo_Soy_Asin	@AmarMimun
@Yo_Soy_Asin	@Amaryllis_55
@Yo_Soy_Asin	@AndresLodeiro
@Yo_Soy_Asin	@AnnaForastier
@Yo_Soy_Asin	@AntoniaRiosSan4
@Yo_Soy_Asin	@Arcaravan7
@Yo_Soy_Asin	@ascension_cs
@Yo_Soy_Asin	@Bizente1
@Yo_Soy_Asin	@carlosdiazjara1
@Yo_Soy_Asin	@carolacaracola5
@Yo_Soy_Asin	@chulidelbruc
@Yo_Soy_Asin	@codicedarwin
@Yo_Soy_Asin	@corruPPtio
@Yo_Soy_Asin	@DRYmadrid
@Yo_Soy_Asin	@enrikekubells
@Yo_Soy_Asin	@fermasamx
@Yo_Soy_Asin	@GilAugustoTova5
@Yo_Soy_Asin	@ikeralbaochoa
@Yo_Soy_Asin	@Insistir
@Yo_Soy_Asin	@IrisGarciaBCN
@Yo_Soy_Asin	@ivanlop82
@Yo_Soy_Asin	@jimayo74
@Yo_Soy_Asin	@jmconejo
@Yo_Soy_Asin	@jordiporcel
@Yo_Soy_Asin	@JoseAntonioLle2
@Yo_Soy_Asin	@josemar88846713
@Yo_Soy_Asin	@Juinini
@Yo_Soy_Asin	@jumagaka
@Yo_Soy_Asin	@laincoubert16
@Yo_Soy_Asin	@malamante25
@Yo_Soy_Asin	@manupiopio
@Yo_Soy_Asin	@marescudero12
@Yo_Soy_Asin	@marina38711358
@Yo_Soy_Asin	@maripilito
@Yo_Soy_Asin	@maximors63
@Yo_Soy_Asin	@merlinesm
@Yo_Soy_Asin	@miguelansg
@Yo_Soy_Asin	@mishinavalls
@Yo_Soy_Asin	@natipcu
@Yo_Soy_Asin	@navarro1957
@Yo_Soy_Asin	@nitahstyle
@Yo_Soy_Asin	@oneta_
@Yo_Soy_Asin	@rameneses1
@Yo_Soy_Asin	@RamonCodina
@Yo_Soy_Asin	@ronce_mora
@Yo_Soy_Asin	@RosaMar6254
@Yo_Soy_Asin	@RosaSamari
@Yo_Soy_Asin	@SenhorRojo_
@Yo_Soy_Asin	@Skulld88
@Yo_Soy_Asin	@SuiF0
@Yo_Soy_Asin	@sylar_71
@Yo_Soy_Asin	@Toni_Cerda
@Yo_Soy_Asin	@ullsverds85
@Yo_Soy_Asin	@VictorGonz54
@Yo_Soy_Asin	@Yo_Soy_Asin
@Yo_Soy_Asin	@Yo_Soy_Asin2
@Yo_Soy_Asin	@YORYO25MD
@Yo_Soy_Asin	@Zinian246
@yolondronga	@Xoblocito
@yory5	@AgainStatusQuo
@YuriFate	@kryscima
@YuTH_chan	@_Xenxa_
@YuTH_chan	@DMartinezB30
@YuTH_chan	@Eleone_chan
@YuTH_chan	@FullFlaY
@YuTH_chan	@judithriko
@YuTH_chan	@k400s_BCN
@YuTH_chan	@MasipMarch
@YuTH_chan	@merycrep
@YuTH_chan	@Neoficial01
@Zabumba1	@pedraluagz
@Zabumba1	@RECinhibit
@zaitxo	@feninger2
@zaitxo	@HeluaBilbo
@zaitxo	@Laura_pimpi
@zaitxo	@NahiaFer9
@zaitxo	@NaiiPotterhead
@zaitxo	@simplicisimus8
@Zaka1310	@1197434
@ziuziole	@aenavazio
@ziuziole	@MasoJoel
@zobaran_nagore	@tatutxiki
@zRaapToR	@NotJandro
@zRaapToR	@Slogicz
@zRaapToR	@zViiitaL
@zuniga_E	@LauraValar
@zuribia	@IbonCabo
@zuribia	@margariotermin
@ZurineEgia	@msusperregi
@zweiha	@raisa_benitez
@zweiha	@srxavi123
