name	link	tuits	retuits	rteados	followers	following	status	location	Walktrap
@__elvy18	<a href="https://twitter.com/__elvy18" target="_blank">__elvy18</a>	1	0	1	596	422	32786	Vicente Calderón Stadium	041
@__Firestorm__	<a href="https://twitter.com/__Firestorm__" target="_blank">__Firestorm__</a>	1	0	1	618	1341	29338	Oviedo/Madrid	010
@__Gonzalos__	<a href="https://twitter.com/__Gonzalos__" target="_blank">__Gonzalos__</a>	11	0	1	4349	5001	17809	Illes Balears	010
@__josers	<a href="https://twitter.com/__josers" target="_blank">__josers</a>	1	0	1	47	137	1611	Valencia, España	012
@__kamis__	<a href="https://twitter.com/__kamis__" target="_blank">__kamis__</a>	2	1	0	438	633	5571	127.0.0.1	386
@_ANN209	<a href="https://twitter.com/_ANN209" target="_blank">_ANN209</a>	1	0	1	31	71	14	Barcelona, Catalunya	184
@_AntonyN	<a href="https://twitter.com/_AntonyN" target="_blank">_AntonyN</a>	1	0	1	10	45	32		019
@_avemaia_	<a href="https://twitter.com/_avemaia_" target="_blank">_avemaia_</a>	3	0	1	3740	1064	67926	Española en Québec, Canada	015
@_CARALLUDO	<a href="https://twitter.com/_CARALLUDO" target="_blank">_CARALLUDO</a>	4	3	1	249	385	6020	GZ	151
@_catastrophx	<a href="https://twitter.com/_catastrophx" target="_blank">_catastrophx</a>	2	0	1	2018	1134	18258	bus verde	042
@_Charlotte21	<a href="https://twitter.com/_Charlotte21" target="_blank">_Charlotte21</a>	0	1	0					264
@_Danone_	<a href="https://twitter.com/_Danone_" target="_blank">_Danone_</a>	1	0	1	109	266	12142		010
@_DarwinPZ	<a href="https://twitter.com/_DarwinPZ" target="_blank">_DarwinPZ</a>	26	5	0	3958	298	126359	🇨🇴	012
@_despreocupado	<a href="https://twitter.com/_despreocupado" target="_blank">_despreocupado</a>	1	0	1	3585	4671	5594	Maipú, Santiago	025
@_ElyBP	<a href="https://twitter.com/_ElyBP" target="_blank">_ElyBP</a>	0	1	0					227
@_gerardgil	<a href="https://twitter.com/_gerardgil" target="_blank">_gerardgil</a>	1	1	0	295	572	1044	Barcelona	184
@_GianRuiz	<a href="https://twitter.com/_GianRuiz" target="_blank">_GianRuiz</a>	2	0	1	161	169	6792		044
@_GreatUnwashed	<a href="https://twitter.com/_GreatUnwashed" target="_blank">_GreatUnwashed</a>	21	7	0	19186	9991	69078	Cascadia	059
@_jcifuentes	<a href="https://twitter.com/_jcifuentes" target="_blank">_jcifuentes</a>	1	0	1	603	381	1958	Concepción, Chile	012
@_Joe_Black_____	<a href="https://twitter.com/_Joe_Black_____" target="_blank">_Joe_Black_____</a>	1	0	1	362	363	5672	\/|60	233
@_Kuse_	<a href="https://twitter.com/_Kuse_" target="_blank">_Kuse_</a>	1	0	1	132	304	2561		052
@_Lady_Selene_	<a href="https://twitter.com/_Lady_Selene_" target="_blank">_Lady_Selene_</a>	1	0	1	39	132	469	Barcelona	250
@_liberales	<a href="https://twitter.com/_liberales" target="_blank">_liberales</a>	6	0	1	4551	1899	123816		040
@_luchadeclases	<a href="https://twitter.com/_luchadeclases" target="_blank">_luchadeclases</a>	13	0	1	3411	1397	49969	Estado Español	007
@_Luis_GO	<a href="https://twitter.com/_Luis_GO" target="_blank">_Luis_GO</a>	2	0	2	238	304	14457	Cartagena, España	010
@_Pmarg	<a href="https://twitter.com/_Pmarg" target="_blank">_Pmarg</a>	0	1	0					267
@_Sofia_Aquino_	<a href="https://twitter.com/_Sofia_Aquino_" target="_blank">_Sofia_Aquino_</a>	1	0	1	209	166	21495	Paraguay / Central / Luque	010
@_T4NY4_	<a href="https://twitter.com/_T4NY4_" target="_blank">_T4NY4_</a>	1	0	1	114	205	1171		053
@_TripleD_	<a href="https://twitter.com/_TripleD_" target="_blank">_TripleD_</a>	1	0	1	203	572	17782	En Twitch tryeando 8* de jumps	010
@_xampagnemami_	<a href="https://twitter.com/_xampagnemami_" target="_blank">_xampagnemami_</a>	1	0	1	776	2136	25110	Madrid, Comunidad de Madrid	041
@000120o	<a href="https://twitter.com/000120o" target="_blank">000120o</a>	5	0	2	3654	511	719391	Italia-Roma	022
@0353Joan	<a href="https://twitter.com/0353Joan" target="_blank">0353Joan</a>	1	8	0	1077	907	7363	Ses illes perdudes #FaremUnTro	057
@0b2b3e24a474442	<a href="https://twitter.com/0b2b3e24a474442" target="_blank">0b2b3e24a474442</a>	1	0	1	15	152	1777		010
@0hmypottter	<a href="https://twitter.com/0hmypottter" target="_blank">0hmypottter</a>	1	0	1	7247	6152	115980	Cabaña 3 de Grimmauld Place.	041
@100justos	<a href="https://twitter.com/100justos" target="_blank">100justos</a>	1	0	1	1112	1251	7854	Barcelona, Cataluña	007
@11jordi	<a href="https://twitter.com/11jordi" target="_blank">11jordi</a>	2	3	0	205	856	1034		091
@123Lenchen	<a href="https://twitter.com/123Lenchen" target="_blank">123Lenchen</a>	1	0	1	448	466	29634		319
@151f1cd26253497	<a href="https://twitter.com/151f1cd26253497" target="_blank">151f1cd26253497</a>	4	0	1	961	1451	37796	Sevilla, España	010
@1959LucNic	<a href="https://twitter.com/1959LucNic" target="_blank">1959LucNic</a>	0	1	0					029
@1961_NONO	<a href="https://twitter.com/1961_NONO" target="_blank">1961_NONO</a>	3	0	2	501	814	9366	canarias	010
@1998_aarn	<a href="https://twitter.com/1998_aarn" target="_blank">1998_aarn</a>	1	0	1	163	216	2861	Llíria, España	041
@19MariCarmen19	<a href="https://twitter.com/19MariCarmen19" target="_blank">19MariCarmen19</a>	1	0	1	4	47	1090		017
@1Recluta_Patoso	<a href="https://twitter.com/1Recluta_Patoso" target="_blank">1Recluta_Patoso</a>	0	12	0					052
@1Shaki92	<a href="https://twitter.com/1Shaki92" target="_blank">1Shaki92</a>	0	1	0					249
@2012pedroalons1	<a href="https://twitter.com/2012pedroalons1" target="_blank">2012pedroalons1</a>	1	0	1	41	156	1644		017
@22_dur	<a href="https://twitter.com/22_dur" target="_blank">22_dur</a>	11	0	4	916	900	60444		010
@228ari	<a href="https://twitter.com/228ari" target="_blank">228ari</a>	13	0	1	75	163	11219		017
@22manufernandez	<a href="https://twitter.com/22manufernandez" target="_blank">22manufernandez</a>	1	0	1	981	314	66942	Dende Silleda ata Ourense	021
@29_mire	<a href="https://twitter.com/29_mire" target="_blank">29_mire</a>	1	0	1	48	57	214		006
@2josepmariasala	<a href="https://twitter.com/2josepmariasala" target="_blank">2josepmariasala</a>	1	0	1	179	439	3496	L'Ametlla de Merola	010
@30_bixit	<a href="https://twitter.com/30_bixit" target="_blank">30_bixit</a>	9	0	1	274	326	4554		161
@3v43v4	<a href="https://twitter.com/3v43v4" target="_blank">3v43v4</a>	18	0	1	150	294	8892	Vilassar de Dalt, Catalunya	010
@3vst_	<a href="https://twitter.com/3vst_" target="_blank">3vst_</a>	1	0	1	92	125	158	Coruña	008
@4ng3lP	<a href="https://twitter.com/4ng3lP" target="_blank">4ng3lP</a>	3	1	0	135	332	2557		246
@4nonyma	<a href="https://twitter.com/4nonyma" target="_blank">4nonyma</a>	4	0	1	591	1616	9960	España	059
@4xsample	<a href="https://twitter.com/4xsample" target="_blank">4xsample</a>	0	2	0					117
@53Sutton	<a href="https://twitter.com/53Sutton" target="_blank">53Sutton</a>	1	0	1	188	1036	8618		004
@68719298	<a href="https://twitter.com/68719298" target="_blank">68719298</a>	1	0	1	638	921	27066		010
@724_2525	<a href="https://twitter.com/724_2525" target="_blank">724_2525</a>	1	0	1	176	275	18960		044
@77Theduende	<a href="https://twitter.com/77Theduende" target="_blank">77Theduende</a>	1	0	1	69	276	8259	Planeta Tierra.	040
@85RaulDelgado	<a href="https://twitter.com/85RaulDelgado" target="_blank">85RaulDelgado</a>	1	0	1	33	140	47	España	003
@92Esthergarcia	<a href="https://twitter.com/92Esthergarcia" target="_blank">92Esthergarcia</a>	5	0	1	34	147	3251		212
@9Chriz	<a href="https://twitter.com/9Chriz" target="_blank">9Chriz</a>	2	0	2	14	0	949	4th dimension	030
@a_b_berurier	<a href="https://twitter.com/a_b_berurier" target="_blank">a_b_berurier</a>	1	0	1	22838	21772	152859	Córdoba, Argentina	010
@A_Churrusqueira	<a href="https://twitter.com/A_Churrusqueira" target="_blank">A_Churrusqueira</a>	6	0	1	206	147	4961	Silleda, Gz	008
@a_didac	<a href="https://twitter.com/a_didac" target="_blank">a_didac</a>	2	0	1	122	562	1217	Lloret de Mar, Catalunya	229
@a_limonados	<a href="https://twitter.com/a_limonados" target="_blank">a_limonados</a>	1	0	1	149	435	5426		040
@a_losil	<a href="https://twitter.com/a_losil" target="_blank">a_losil</a>	2	0	2	886	1294	21028	València	014
@A_sertivo	<a href="https://twitter.com/A_sertivo" target="_blank">A_sertivo</a>	0	2	0					120
@A2LBA	<a href="https://twitter.com/A2LBA" target="_blank">A2LBA</a>	2	0	1	172	192	2029	Tarragona - Spain	118
@Aaaa280219	<a href="https://twitter.com/Aaaa280219" target="_blank">Aaaa280219</a>	1	0	1	454	1236	9745		044
@aannndreaa	<a href="https://twitter.com/aannndreaa" target="_blank">aannndreaa</a>	1	0	1	881	811	13414	Madrid	048
@abellafly	<a href="https://twitter.com/abellafly" target="_blank">abellafly</a>	3	1	0	78	384	472	Riviera Maya, Mexico	026
@abellogustavo	<a href="https://twitter.com/abellogustavo" target="_blank">abellogustavo</a>	1	0	1	1202	2310	36250	Toronto, ON, CA, M2N 1H9	135
@AbsolutM	<a href="https://twitter.com/AbsolutM" target="_blank">AbsolutM</a>	1	0	1	965	843	120775	Buenos Aires	040
@abuelakueka	<a href="https://twitter.com/abuelakueka" target="_blank">abuelakueka</a>	5	0	2	40	777	880	Venezuela	019
@abuelarebelde1	<a href="https://twitter.com/abuelarebelde1" target="_blank">abuelarebelde1</a>	2	0	1	81	64	4265		215
@Acampadasbd	<a href="https://twitter.com/Acampadasbd" target="_blank">Acampadasbd</a>	1	0	1	2764	1893	58118	Sabadell	028
@acarbotorres	<a href="https://twitter.com/acarbotorres" target="_blank">acarbotorres</a>	3	0	1	198	107	2222	Agramuntí que viu a Barcelona	357
@AcerolaOrioon	<a href="https://twitter.com/AcerolaOrioon" target="_blank">AcerolaOrioon</a>	1	1	0	278	86	9199	Barcelona, España	201
@ACM1995CHA	<a href="https://twitter.com/ACM1995CHA" target="_blank">ACM1995CHA</a>	3	0	1	347	346	7507	Picassent/Alcasser	060
@Acontra015	<a href="https://twitter.com/Acontra015" target="_blank">Acontra015</a>	1	0	1	74	294	3492		040
@ADecroissance	<a href="https://twitter.com/ADecroissance" target="_blank">ADecroissance</a>	1	1	0	5905	1930	30780	local to global	187
@ADF175Esparregu	<a href="https://twitter.com/ADF175Esparregu" target="_blank">ADF175Esparregu</a>	9	0	1	392	331	7353	Esparreguera, Espanya	016
@adiaz_18_06	<a href="https://twitter.com/adiaz_18_06" target="_blank">adiaz_18_06</a>	1	0	1	26	58	20	Barcelona, España	046
@adriagalin	<a href="https://twitter.com/adriagalin" target="_blank">adriagalin</a>	3	0	1	246	558	3464	Barcelona, España	010
@Adriaige_7	<a href="https://twitter.com/Adriaige_7" target="_blank">Adriaige_7</a>	2	0	1	324	640	3047	Balaguer, Catalunya	074
@adriamarsa	<a href="https://twitter.com/adriamarsa" target="_blank">adriamarsa</a>	1	0	1	178	218	9960	hyrule	018
@adrian179721	<a href="https://twitter.com/adrian179721" target="_blank">adrian179721</a>	1	0	1	46	698	911		301
@Adrian98255	<a href="https://twitter.com/Adrian98255" target="_blank">Adrian98255</a>	2	0	1	298	482	10253	Alicante, España	010
@adriana_chikiti	<a href="https://twitter.com/adriana_chikiti" target="_blank">adriana_chikiti</a>	13	0	1	65	180	1170	girona	010
@adrianclark94	<a href="https://twitter.com/adrianclark94" target="_blank">adrianclark94</a>	1	0	1	354	320	6720	Edinburgh	066
@adrianrbravo	<a href="https://twitter.com/adrianrbravo" target="_blank">adrianrbravo</a>	1	33	0	1960	1636	46811	Teis, Vigo - Galiza	018
@AdriRedondo92	<a href="https://twitter.com/AdriRedondo92" target="_blank">AdriRedondo92</a>	1	0	1	201	250	288	Terrassa	199
@adrixcwvl	<a href="https://twitter.com/adrixcwvl" target="_blank">adrixcwvl</a>	1	0	1	307	105	18356		041
@advehe99	<a href="https://twitter.com/advehe99" target="_blank">advehe99</a>	1	0	1	55	157	1466		010
@AEsquirol	<a href="https://twitter.com/AEsquirol" target="_blank">AEsquirol</a>	4	0	1	58	184	703		004
@aewin86	<a href="https://twitter.com/aewin86" target="_blank">aewin86</a>	1	0	1	5607	4110	109045	|MU|RealMadrid|LedZep|iwanFals	004
@Afmaria27	<a href="https://twitter.com/Afmaria27" target="_blank">Afmaria27</a>	1	0	1	178	175	1066	Bilbao	041
@AfriRhiannon	<a href="https://twitter.com/AfriRhiannon" target="_blank">AfriRhiannon</a>	1	0	1	30	130	1493		097
@agascuena	<a href="https://twitter.com/agascuena" target="_blank">agascuena</a>	1	0	1	93	79	7483		040
@agatadascanles	<a href="https://twitter.com/agatadascanles" target="_blank">agatadascanles</a>	1	0	1	144	289	1448	Filla da ruína	382
@agatakotrys	<a href="https://twitter.com/agatakotrys" target="_blank">agatakotrys</a>	4	0	1	30	142	569		004
@agnes_casas	<a href="https://twitter.com/agnes_casas" target="_blank">agnes_casas</a>	1	0	1	90	77	1194	Girona, Catalunya	041
@AguirresoyJavi	<a href="https://twitter.com/AguirresoyJavi" target="_blank">AguirresoyJavi</a>	1	0	1	1164	1770	2307		010
@agurtx	<a href="https://twitter.com/agurtx" target="_blank">agurtx</a>	1	0	1	249	470	8961		042
@agustiabello	<a href="https://twitter.com/agustiabello" target="_blank">agustiabello</a>	4	0	1	172	168	9659		004
@AgustiBernaus	<a href="https://twitter.com/AgustiBernaus" target="_blank">AgustiBernaus</a>	2	0	1	137	1243	731	Barcelona, Catalunya	004
@Agux35	<a href="https://twitter.com/Agux35" target="_blank">Agux35</a>	3	0	1	684	636	23997		010
@aicub1	<a href="https://twitter.com/aicub1" target="_blank">aicub1</a>	1	0	1	51	186	274	Barcelona	017
@aigetx	<a href="https://twitter.com/aigetx" target="_blank">aigetx</a>	5	0	1	98	131	3259		013
@aikitwiter	<a href="https://twitter.com/aikitwiter" target="_blank">aikitwiter</a>	2	0	1	126	40	14099	Tierra	035
@aimararrieta7	<a href="https://twitter.com/aimararrieta7" target="_blank">aimararrieta7</a>	1	0	1	53	133	116		046
@AINAGRANDCHAMP	<a href="https://twitter.com/AINAGRANDCHAMP" target="_blank">AINAGRANDCHAMP</a>	4	0	1	461	344	23763	Sa Roqueta.    M	038
@ainapadros	<a href="https://twitter.com/ainapadros" target="_blank">ainapadros</a>	1	0	1	10	50	7		019
@AinaPox	<a href="https://twitter.com/AinaPox" target="_blank">AinaPox</a>	0	1	0					263
@AinaraGracia	<a href="https://twitter.com/AinaraGracia" target="_blank">AinaraGracia</a>	1	0	1	400	289	34072		040
@ainat24	<a href="https://twitter.com/ainat24" target="_blank">ainat24</a>	3	0	2	274	399	27067		006
@ainhoa_arano	<a href="https://twitter.com/ainhoa_arano" target="_blank">ainhoa_arano</a>	1	1	0	688	23	4482		259
@AinhoaMark	<a href="https://twitter.com/AinhoaMark" target="_blank">AinhoaMark</a>	2	0	1	412	349	2798	J\	010
@AIpatriotIZ	<a href="https://twitter.com/AIpatriotIZ" target="_blank">AIpatriotIZ</a>	1	0	1	1712	1710	20358	Phoenix	004
@airllimos	<a href="https://twitter.com/airllimos" target="_blank">airllimos</a>	0	2	0					016
@AirMaxDon	<a href="https://twitter.com/AirMaxDon" target="_blank">AirMaxDon</a>	1	0	1	1516	1022	131180	Internacionalista	048
@airunalvarez	<a href="https://twitter.com/airunalvarez" target="_blank">airunalvarez</a>	8	0	1	28	228	3460		030
@AirunCo	<a href="https://twitter.com/AirunCo" target="_blank">AirunCo</a>	1	0	1	10	24	64		093
@aitorguti16	<a href="https://twitter.com/aitorguti16" target="_blank">aitorguti16</a>	6	0	2	109	115	3215	Sestao, Euskal Herria	032
@AitorRedin	<a href="https://twitter.com/AitorRedin" target="_blank">AitorRedin</a>	1	0	1	360	265	2013		046
@AitorTelle13	<a href="https://twitter.com/AitorTelle13" target="_blank">AitorTelle13</a>	6	0	1	402	1494	802	Deba,Gipuzkoa,Nabarra(7ak 1)	010
@aitorwrapp	<a href="https://twitter.com/aitorwrapp" target="_blank">aitorwrapp</a>	1	0	1	181	376	4066	Null	019
@AitziberSA	<a href="https://twitter.com/AitziberSA" target="_blank">AitziberSA</a>	1	2	0	455	368	2533	Brussels & Euskal Herria	119
@Aitzinagazte	<a href="https://twitter.com/Aitzinagazte" target="_blank">Aitzinagazte</a>	0	4	0					005
@AixoRutlla	<a href="https://twitter.com/AixoRutlla" target="_blank">AixoRutlla</a>	3	0	1	146	236	5517	cat	004
@ajlarapita	<a href="https://twitter.com/ajlarapita" target="_blank">ajlarapita</a>	1	2	0	777	119	2565	Sant Carles de la Ràpita	118
@ajwillems	<a href="https://twitter.com/ajwillems" target="_blank">ajwillems</a>	1	0	1	345	769	22346	Netherlands	030
@aketxe_al_cadiz	<a href="https://twitter.com/aketxe_al_cadiz" target="_blank">aketxe_al_cadiz</a>	2	8	1	54	122	1063	Donde Este Aketxe	061
@Al3X_Bll	<a href="https://twitter.com/Al3X_Bll" target="_blank">Al3X_Bll</a>	5	0	1	40	222	3373		017
@al3x_hh	<a href="https://twitter.com/al3x_hh" target="_blank">al3x_hh</a>	1	0	1	512	198	66849	._ /. _.. /. / _.._	010
@Al3xFreemann	<a href="https://twitter.com/Al3xFreemann" target="_blank">Al3xFreemann</a>	1	0	1	493	914	53650	URSS	045
@alaruina	<a href="https://twitter.com/alaruina" target="_blank">alaruina</a>	1	0	1	124	92	6308		040
@Alba_garriga	<a href="https://twitter.com/Alba_garriga" target="_blank">Alba_garriga</a>	0	1	0					181
@alba_z_c	<a href="https://twitter.com/alba_z_c" target="_blank">alba_z_c</a>	0	1	0					176
@alba096_	<a href="https://twitter.com/alba096_" target="_blank">alba096_</a>	1	0	1	52	66	878	Barcelona, España	007
@AlbaDelaHoz1	<a href="https://twitter.com/AlbaDelaHoz1" target="_blank">AlbaDelaHoz1</a>	1	0	1	454	449	20433	Zierbena.	010
@AlbaFraser	<a href="https://twitter.com/AlbaFraser" target="_blank">AlbaFraser</a>	1	0	1	136	333	744		005
@Albanogueras	<a href="https://twitter.com/Albanogueras" target="_blank">Albanogueras</a>	1	0	1	350	367	13778	Zaragoza	042
@Albert_ads	<a href="https://twitter.com/Albert_ads" target="_blank">Albert_ads</a>	1	0	1	59	299	696	L'H	010
@albert_monton	<a href="https://twitter.com/albert_monton" target="_blank">albert_monton</a>	3	0	1	1281	558	32808	De l'alqueria de Malilla (PV)	081
@albert_orta	<a href="https://twitter.com/albert_orta" target="_blank">albert_orta</a>	36	0	1	1903	4994	31332	Terrassa	010
@albert51173	<a href="https://twitter.com/albert51173" target="_blank">albert51173</a>	3	0	2	23	296	958	Mollet del Vallès	020
@albertbrias	<a href="https://twitter.com/albertbrias" target="_blank">albertbrias</a>	14	0	1	129	345	1327	Horta (Barcelona)	010
@albertcf69	<a href="https://twitter.com/albertcf69" target="_blank">albertcf69</a>	1	0	1	4	73	932	Piera	017
@albertcll	<a href="https://twitter.com/albertcll" target="_blank">albertcll</a>	1	0	1	73	447	701		359
@albertferrer86	<a href="https://twitter.com/albertferrer86" target="_blank">albertferrer86</a>	1	0	1	50	95	882	Parc de Montjuic, Barcelona	155
@AlbertGardeta	<a href="https://twitter.com/AlbertGardeta" target="_blank">AlbertGardeta</a>	1	0	1	203	415	3948		083
@AlbertGaspa	<a href="https://twitter.com/AlbertGaspa" target="_blank">AlbertGaspa</a>	1	0	1	1065	723	15184	Fidelíssima vila de Perpinyà	021
@albertoamo_	<a href="https://twitter.com/albertoamo_" target="_blank">albertoamo_</a>	0	3	0					100
@albertodlo	<a href="https://twitter.com/albertodlo" target="_blank">albertodlo</a>	1	0	1	37	220	537		012
@Albertohf_17	<a href="https://twitter.com/Albertohf_17" target="_blank">Albertohf_17</a>	1	0	1	64	135	119		067
@AlbertoLope85	<a href="https://twitter.com/AlbertoLope85" target="_blank">AlbertoLope85</a>	1	0	1	56	200	611	España	010
@AlbertoMartin_	<a href="https://twitter.com/AlbertoMartin_" target="_blank">AlbertoMartin_</a>	1	5	0	615	256	1846	Barcelona / Bilbao / Basauri	072
@AlbertoRojasrue	<a href="https://twitter.com/AlbertoRojasrue" target="_blank">AlbertoRojasrue</a>	2	0	2	963	1761	55541	México	010
@AlbertPanades99	<a href="https://twitter.com/AlbertPanades99" target="_blank">AlbertPanades99</a>	1	0	1	34	146	100	Mataró, Cataluña	075
@AlbertQueral	<a href="https://twitter.com/AlbertQueral" target="_blank">AlbertQueral</a>	4	0	1	74	239	305	EMD Jesús	017
@albertsecall	<a href="https://twitter.com/albertsecall" target="_blank">albertsecall</a>	0	3	0					152
@AlboViejo	<a href="https://twitter.com/AlboViejo" target="_blank">AlboViejo</a>	1	0	1	1488	4971	8191	Lo Barnechea, Chile	010
@alcontre	<a href="https://twitter.com/alcontre" target="_blank">alcontre</a>	1	0	1	721	413	8921	Puerto Ordaz	044
@Aldu_Iba	<a href="https://twitter.com/Aldu_Iba" target="_blank">Aldu_Iba</a>	1	0	1	3322	3360	38159	Bernal Argentina	051
@aleiixi	<a href="https://twitter.com/aleiixi" target="_blank">aleiixi</a>	3	0	1	20	66	88		018
@ALEIXESPIGOL	<a href="https://twitter.com/ALEIXESPIGOL" target="_blank">ALEIXESPIGOL</a>	1	0	1	91	171	786		005
@Alejandro_Sawa	<a href="https://twitter.com/Alejandro_Sawa" target="_blank">Alejandro_Sawa</a>	1	0	1	538	1077	19360		040
@alejandroherpri	<a href="https://twitter.com/alejandroherpri" target="_blank">alejandroherpri</a>	1	0	1	109	227	2724	Pinto Madrid	040
@AlejandroSimnM	<a href="https://twitter.com/AlejandroSimnM" target="_blank">AlejandroSimnM</a>	1	0	1	6	32	197	Miami, FL	041
@alejoess	<a href="https://twitter.com/alejoess" target="_blank">alejoess</a>	1	0	1	71	275	2778		099
@AlejusMaximus	<a href="https://twitter.com/AlejusMaximus" target="_blank">AlejusMaximus</a>	1	0	1	171	1002	331	from Cardona	017
@AleksSalinas80	<a href="https://twitter.com/AleksSalinas80" target="_blank">AleksSalinas80</a>	3	0	1	19	59	870		004
@Alex_Blue94	<a href="https://twitter.com/Alex_Blue94" target="_blank">Alex_Blue94</a>	1	0	1	11662	11204	345		003
@Alex_mellaman	<a href="https://twitter.com/Alex_mellaman" target="_blank">Alex_mellaman</a>	0	2	0					136
@Alex_Mullor	<a href="https://twitter.com/Alex_Mullor" target="_blank">Alex_Mullor</a>	3	0	1	42	379	3250		009
@alexabreo22	<a href="https://twitter.com/alexabreo22" target="_blank">alexabreo22</a>	1	0	1	3595	1750	262123	Acapulco de Juárez, Guerrero	010
@AlexCliffhanger	<a href="https://twitter.com/AlexCliffhanger" target="_blank">AlexCliffhanger</a>	1	0	1	531	775	10301	Barcelona	045
@alexescudero_	<a href="https://twitter.com/alexescudero_" target="_blank">alexescudero_</a>	1	0	1	662	630	22583	Spain	040
@Alexis_cervera	<a href="https://twitter.com/Alexis_cervera" target="_blank">Alexis_cervera</a>	1	0	1	612	421	7276		096
@AlexisMayet	<a href="https://twitter.com/AlexisMayet" target="_blank">AlexisMayet</a>	0	6	0					063
@AlexsaurusZilla	<a href="https://twitter.com/AlexsaurusZilla" target="_blank">AlexsaurusZilla</a>	1	0	1	1793	1672	221850	Winter Park, FL	004
@AlexsitoPons	<a href="https://twitter.com/AlexsitoPons" target="_blank">AlexsitoPons</a>	3	0	1	64	117	2711	Catalunya	017
@AlexTorralbaM	<a href="https://twitter.com/AlexTorralbaM" target="_blank">AlexTorralbaM</a>	1	0	1	195	356	499		046
@AlfaSchz	<a href="https://twitter.com/AlfaSchz" target="_blank">AlfaSchz</a>	1	1	0	1199	829	4802	BCN	327
@Alfonsocalabia	<a href="https://twitter.com/Alfonsocalabia" target="_blank">Alfonsocalabia</a>	1	0	1	176	573	5101	Madrid	040
@AlfonsoL2	<a href="https://twitter.com/AlfonsoL2" target="_blank">AlfonsoL2</a>	1	0	1	27	93	1011	Barcelona	005
@AlfonsRoigDiaz	<a href="https://twitter.com/AlfonsRoigDiaz" target="_blank">AlfonsRoigDiaz</a>	1	0	1	33	71	88	Barcelona, Catalunya	282
@alfredotalens	<a href="https://twitter.com/alfredotalens" target="_blank">alfredotalens</a>	1	0	1	447	665	2727		040
@AlfreElgezabal	<a href="https://twitter.com/AlfreElgezabal" target="_blank">AlfreElgezabal</a>	0	1	0					322
@aliciadelallave	<a href="https://twitter.com/aliciadelallave" target="_blank">aliciadelallave</a>	1	0	1	482	562	17380	Montauk, NY	042
@AliCologne	<a href="https://twitter.com/AliCologne" target="_blank">AliCologne</a>	0	1	0					319
@Alkorpi	<a href="https://twitter.com/Alkorpi" target="_blank">Alkorpi</a>	2	0	1	24	67	450	España	018
@allmhurach11	<a href="https://twitter.com/allmhurach11" target="_blank">allmhurach11</a>	2	0	1	207	289	21066	Alba/Escocia	043
@almadain	<a href="https://twitter.com/almadain" target="_blank">almadain</a>	1	0	1	452	398	14593	Andalucía.	010
@almapevaz	<a href="https://twitter.com/almapevaz" target="_blank">almapevaz</a>	1	0	1	38	117	5018		010
@AlmirallPol	<a href="https://twitter.com/AlmirallPol" target="_blank">AlmirallPol</a>	1	0	1	30	132	126		004
@alomar_planas3	<a href="https://twitter.com/alomar_planas3" target="_blank">alomar_planas3</a>	15	0	1	81	277	6100	Mallorca	010
@AlonsoS71774165	<a href="https://twitter.com/AlonsoS71774165" target="_blank">AlonsoS71774165</a>	2	0	2	2	86	6		040
@AlphaGatinha	<a href="https://twitter.com/AlphaGatinha" target="_blank">AlphaGatinha</a>	1	0	1	6	75	67	Barcelona	035
@ALPHAMACK03	<a href="https://twitter.com/ALPHAMACK03" target="_blank">ALPHAMACK03</a>	1	0	1	51	88	5170		010
@Alquelquis	<a href="https://twitter.com/Alquelquis" target="_blank">Alquelquis</a>	1	0	1	1398	3086	3908	Mérida, Venezuela	044
@alqvimistry	<a href="https://twitter.com/alqvimistry" target="_blank">alqvimistry</a>	1	0	1	0	84	436		043
@alrega79	<a href="https://twitter.com/alrega79" target="_blank">alrega79</a>	23	0	1	302	902	28447	Catalonia	017
@alro9500	<a href="https://twitter.com/alro9500" target="_blank">alro9500</a>	1	0	1	2386	102	11278	Barcelona, Catalunya	204
@alsanan	<a href="https://twitter.com/alsanan" target="_blank">alsanan</a>	2	0	1	216	238	9899	algemesí, PV	051
@alto_policia	<a href="https://twitter.com/alto_policia" target="_blank">alto_policia</a>	0	1	0					310
@altoba1965	<a href="https://twitter.com/altoba1965" target="_blank">altoba1965</a>	9	0	1	1623	1613	65899		007
@Altra_AlterEgo	<a href="https://twitter.com/Altra_AlterEgo" target="_blank">Altra_AlterEgo</a>	0	1	0					308
@AlvarezdePereaA	<a href="https://twitter.com/AlvarezdePereaA" target="_blank">AlvarezdePereaA</a>	1	0	1	752	407	33018	Málaga	040
@AlvarezPrOsorno	<a href="https://twitter.com/AlvarezPrOsorno" target="_blank">AlvarezPrOsorno</a>	2	0	1	952	994	7187		010
@AlvarezzMartin	<a href="https://twitter.com/AlvarezzMartin" target="_blank">AlvarezzMartin</a>	1	0	1	272	515	1710	Moscú, Rusia	131
@alvarnoskme	<a href="https://twitter.com/alvarnoskme" target="_blank">alvarnoskme</a>	0	1	0					306
@Alvaro09999743	<a href="https://twitter.com/Alvaro09999743" target="_blank">Alvaro09999743</a>	1	0	1	9	40	79	Bilbao, España	028
@AlvaroCardOli	<a href="https://twitter.com/AlvaroCardOli" target="_blank">AlvaroCardOli</a>	2	0	1	457	480	52020	Rapture, Atlántico Norte	045
@alvaropedemo	<a href="https://twitter.com/alvaropedemo" target="_blank">alvaropedemo</a>	1	0	1	165	244	7009	Barcelona	005
@alvaroramis	<a href="https://twitter.com/alvaroramis" target="_blank">alvaroramis</a>	11	0	2	4894	3139	74947	Santiago de Chile	010
@AMacUilleim	<a href="https://twitter.com/AMacUilleim" target="_blank">AMacUilleim</a>	1	0	1	636	5001	1065	Sligo, Ireland	043
@amadeupons	<a href="https://twitter.com/amadeupons" target="_blank">amadeupons</a>	3	0	1	1128	248	4370	Barcelona	194
@amaia_haikazti	<a href="https://twitter.com/amaia_haikazti" target="_blank">amaia_haikazti</a>	16	0	1	1151	2730	492321		048
@AmaluFm	<a href="https://twitter.com/AmaluFm" target="_blank">AmaluFm</a>	2	0	2	248	428	3198	Orereta	002
@AmalurMendizaba	<a href="https://twitter.com/AmalurMendizaba" target="_blank">AmalurMendizaba</a>	3	0	1	580	416	7798		050
@Amanecer_Morado	<a href="https://twitter.com/Amanecer_Morado" target="_blank">Amanecer_Morado</a>	1	0	1	83	412	2481		021
@amardayo	<a href="https://twitter.com/amardayo" target="_blank">amardayo</a>	1	0	1	1667	210	374549		073
@amildegitik	<a href="https://twitter.com/amildegitik" target="_blank">amildegitik</a>	2	0	2	189	268	2439		005
@AMLagomarsino	<a href="https://twitter.com/AMLagomarsino" target="_blank">AMLagomarsino</a>	1	0	1	240	141	3270	san pedro de la paz	072
@amzcallaghan	<a href="https://twitter.com/amzcallaghan" target="_blank">amzcallaghan</a>	1	0	1	587	510	9472	Scotland	043
@AnaaCarrilloo	<a href="https://twitter.com/AnaaCarrilloo" target="_blank">AnaaCarrilloo</a>	1	0	1	616	753	6692		041
@anaiiiis95	<a href="https://twitter.com/anaiiiis95" target="_blank">anaiiiis95</a>	1	0	1	216	468	13926	Delta de l'Ebre	010
@AnaisIgMa	<a href="https://twitter.com/AnaisIgMa" target="_blank">AnaisIgMa</a>	3	0	1	220	433	1217	Barcelona-Girona	366
@analidiabeltran	<a href="https://twitter.com/analidiabeltran" target="_blank">analidiabeltran</a>	1	0	1	653	661	8195		046
@AnaOmenaca	<a href="https://twitter.com/AnaOmenaca" target="_blank">AnaOmenaca</a>	2	0	1	204	1163	530		036
@anaoromi	<a href="https://twitter.com/anaoromi" target="_blank">anaoromi</a>	80	0	1	2250	2385	419417	República Catalana. UE	303
@AnaOrti13376489	<a href="https://twitter.com/AnaOrti13376489" target="_blank">AnaOrti13376489</a>	1	0	1	7	37	975		010
@AnaRRCC	<a href="https://twitter.com/AnaRRCC" target="_blank">AnaRRCC</a>	1	0	1	20	242	209		056
@AnatxoE	<a href="https://twitter.com/AnatxoE" target="_blank">AnatxoE</a>	1	0	1	69	114	1558		323
@ANC_Bombers	<a href="https://twitter.com/ANC_Bombers" target="_blank">ANC_Bombers</a>	4	6	0	13931	6149	7063	Països Catalans	025
@anc_vdm	<a href="https://twitter.com/anc_vdm" target="_blank">anc_vdm</a>	6	1	0	1508	533	2461	Vilassar de Mar	292
@ANCBalaguer	<a href="https://twitter.com/ANCBalaguer" target="_blank">ANCBalaguer</a>	0	4	0					074
@ANCEuskalHerria	<a href="https://twitter.com/ANCEuskalHerria" target="_blank">ANCEuskalHerria</a>	14	0	2	2664	2104	11572	euskalherria@assemblea.cat	034
@andergayamor	<a href="https://twitter.com/andergayamor" target="_blank">andergayamor</a>	4	0	1	918	2176	53937		010
@AndIenduplying	<a href="https://twitter.com/AndIenduplying" target="_blank">AndIenduplying</a>	2	0	2	454	573	10724	Verona.	003
@Andrea1cactus	<a href="https://twitter.com/Andrea1cactus" target="_blank">Andrea1cactus</a>	2	0	2	75	140	168		027
@andreabatres__	<a href="https://twitter.com/andreabatres__" target="_blank">andreabatres__</a>	1	0	1	512	373	13062		042
@Andreacocco87	<a href="https://twitter.com/Andreacocco87" target="_blank">Andreacocco87</a>	1	0	1	1766	1807	56373	Padova ✈Boundless✈	022
@andreagranero96	<a href="https://twitter.com/andreagranero96" target="_blank">andreagranero96</a>	2	0	1	617	562	53200	the healing #CC1	042
@andrealopla	<a href="https://twitter.com/andrealopla" target="_blank">andrealopla</a>	3	0	1	78	294	631		017
@andreapagan95	<a href="https://twitter.com/andreapagan95" target="_blank">andreapagan95</a>	1	0	1	416	645	13745	Barcelona, España	247
@Andreaperezg17	<a href="https://twitter.com/Andreaperezg17" target="_blank">Andreaperezg17</a>	2	0	1	87	354	1996	San Pedro del Pinatar, Murcia	010
@AndreesAlonso	<a href="https://twitter.com/AndreesAlonso" target="_blank">AndreesAlonso</a>	1	0	1	1562	569	123102	Bristol, England	010
@andreesit0o	<a href="https://twitter.com/andreesit0o" target="_blank">andreesit0o</a>	1	0	1	195	258	583	Navalcán, España	067
@AndreG1306	<a href="https://twitter.com/AndreG1306" target="_blank">AndreG1306</a>	1	0	1	197	341	2391	Avilés	005
@Andres_peva	<a href="https://twitter.com/Andres_peva" target="_blank">Andres_peva</a>	1	0	1	10	50	279		010
@andresPSN	<a href="https://twitter.com/andresPSN" target="_blank">andresPSN</a>	0	1	0					289
@andrestxu	<a href="https://twitter.com/andrestxu" target="_blank">andrestxu</a>	1	0	1	155	501	3984		322
@andreu_solis	<a href="https://twitter.com/andreu_solis" target="_blank">andreu_solis</a>	2	0	1	9	194	1372		265
@andreufrancisco	<a href="https://twitter.com/andreufrancisco" target="_blank">andreufrancisco</a>	2	1	0	2020	1372	4033	Alella	288
@andreuplaza	<a href="https://twitter.com/andreuplaza" target="_blank">andreuplaza</a>	1	0	1	1778	295	302		020
@AndrewMcCaldon	<a href="https://twitter.com/AndrewMcCaldon" target="_blank">AndrewMcCaldon</a>	4	0	4	392	769	2547	Liverpool, UK	015
@andy_Brexit	<a href="https://twitter.com/andy_Brexit" target="_blank">andy_Brexit</a>	1	0	1	4259	4869	63162	England, United Kingdom	047
@aneherrero98	<a href="https://twitter.com/aneherrero98" target="_blank">aneherrero98</a>	1	0	1	1780	1272	41656	Athletic	046
@aneormasanse	<a href="https://twitter.com/aneormasanse" target="_blank">aneormasanse</a>	3	0	1	20	59	451		017
@anfiol55	<a href="https://twitter.com/anfiol55" target="_blank">anfiol55</a>	1	0	1	27	62	1803		178
@angelagitador	<a href="https://twitter.com/angelagitador" target="_blank">angelagitador</a>	1	0	1	124	259	13815		040
@angelapujol	<a href="https://twitter.com/angelapujol" target="_blank">angelapujol</a>	2	0	1	1095	1049	2305	Tarragona	005
@AngelDaemon1714	<a href="https://twitter.com/AngelDaemon1714" target="_blank">AngelDaemon1714</a>	1	0	1	415	1920	5555	El Maresme	052
@AngelLiceran	<a href="https://twitter.com/AngelLiceran" target="_blank">AngelLiceran</a>	3	0	1	263	858	5380	Barcelona (Catalunya)	119
@angelnegro2x68	<a href="https://twitter.com/angelnegro2x68" target="_blank">angelnegro2x68</a>	1	0	1	52	542	5674		010
@angelsclotet	<a href="https://twitter.com/angelsclotet" target="_blank">angelsclotet</a>	19	0	1	970	790	65574		010
@angelsmarc2	<a href="https://twitter.com/angelsmarc2" target="_blank">angelsmarc2</a>	15	0	1	34	139	2526		004
@anguila_roja	<a href="https://twitter.com/anguila_roja" target="_blank">anguila_roja</a>	1	0	1	278	224	14658		010
@AnimekoMmie	<a href="https://twitter.com/AnimekoMmie" target="_blank">AnimekoMmie</a>	2	0	2	25	42	1799	Madrid, España	012
@Ankios_	<a href="https://twitter.com/Ankios_" target="_blank">Ankios_</a>	1	0	1	135	141	43968	Heidelberg, Deutschland	045
@Anna___84	<a href="https://twitter.com/Anna___84" target="_blank">Anna___84</a>	1	0	1	23	149	555		017
@anna_rodriguez1	<a href="https://twitter.com/anna_rodriguez1" target="_blank">anna_rodriguez1</a>	2	0	2	94	168	163		031
@anna_tomas	<a href="https://twitter.com/anna_tomas" target="_blank">anna_tomas</a>	1	0	1	142	980	2224	Barcelona	326
@annaalvado	<a href="https://twitter.com/annaalvado" target="_blank">annaalvado</a>	30	0	1	89	179	7454	Barcelona	332
@annabelferrer	<a href="https://twitter.com/annabelferrer" target="_blank">annabelferrer</a>	5	0	2	85	114	1263		005
@annabelmia	<a href="https://twitter.com/annabelmia" target="_blank">annabelmia</a>	2	1	0	918	1006	18884	Bonn, Germany	078
@annadivision	<a href="https://twitter.com/annadivision" target="_blank">annadivision</a>	1	0	1	189	38	5184		005
@AnnaEastwood_96	<a href="https://twitter.com/AnnaEastwood_96" target="_blank">AnnaEastwood_96</a>	0	10	0					006
@annagodomat	<a href="https://twitter.com/annagodomat" target="_blank">annagodomat</a>	1	0	1	33	158	271		017
@AnnaHan51950621	<a href="https://twitter.com/AnnaHan51950621" target="_blank">AnnaHan51950621</a>	1	0	1	10	133	782		017
@AnnaLpezC	<a href="https://twitter.com/AnnaLpezC" target="_blank">AnnaLpezC</a>	8	0	1	44	110	805	Catalonia	010
@AnnaMar62445347	<a href="https://twitter.com/AnnaMar62445347" target="_blank">AnnaMar62445347</a>	5	0	2	12	61	566	BCN	030
@AnnaNyes	<a href="https://twitter.com/AnnaNyes" target="_blank">AnnaNyes</a>	4	0	1	97	221	6115		021
@annapuigvert77	<a href="https://twitter.com/annapuigvert77" target="_blank">annapuigvert77</a>	1	1	0	72	214	1268		274
@annasangua	<a href="https://twitter.com/annasangua" target="_blank">annasangua</a>	2	0	1	87	370	4716	Catalunya. Independència ja!	010
@annavilella1	<a href="https://twitter.com/annavilella1" target="_blank">annavilella1</a>	1	0	1	29	123	865		017
@AnndreeaaaMS	<a href="https://twitter.com/AnndreeaaaMS" target="_blank">AnndreeaaaMS</a>	0	1	0					271
@anne00_ida	<a href="https://twitter.com/anne00_ida" target="_blank">anne00_ida</a>	1	0	1	288	245	3215	Pamplona	042
@annefandango	<a href="https://twitter.com/annefandango" target="_blank">annefandango</a>	1	0	1	411	906	33539	Barcelona, España	045
@annguti	<a href="https://twitter.com/annguti" target="_blank">annguti</a>	1	0	1	46	128	2091	Barcelona / Hogwarts	017
@annikarrasco	<a href="https://twitter.com/annikarrasco" target="_blank">annikarrasco</a>	0	1	0					268
@annna1597	<a href="https://twitter.com/annna1597" target="_blank">annna1597</a>	3	0	1	530	250	11439	barcelona	251
@AnonCopWatchTur	<a href="https://twitter.com/AnonCopWatchTur" target="_blank">AnonCopWatchTur</a>	1	0	1	1455	750	7329	Turkey	043
@AnovaOurense	<a href="https://twitter.com/AnovaOurense" target="_blank">AnovaOurense</a>	3	2	0	2087	1514	6271	Galiza	141
@ant7532	<a href="https://twitter.com/ant7532" target="_blank">ant7532</a>	1	0	1	52	77	4571		041
@antanilasuper	<a href="https://twitter.com/antanilasuper" target="_blank">antanilasuper</a>	1	0	1	191	942	934	Borgafrollo	004
@Anto7singla	<a href="https://twitter.com/Anto7singla" target="_blank">Anto7singla</a>	1	0	1	172	138	6333		017
@antonio_arnau	<a href="https://twitter.com/antonio_arnau" target="_blank">antonio_arnau</a>	3	1	0	2060	2663	57933	Valencia	133
@Antonio16794231	<a href="https://twitter.com/Antonio16794231" target="_blank">Antonio16794231</a>	9	0	1	451	120	50348	Sevilla, España	014
@Antonioc6696	<a href="https://twitter.com/Antonioc6696" target="_blank">Antonioc6696</a>	1	0	1	2482	2220	21177	Sicilia, Italia	010
@antoniorj2001	<a href="https://twitter.com/antoniorj2001" target="_blank">antoniorj2001</a>	1	0	1	87	85	101		082
@antonnaraio	<a href="https://twitter.com/antonnaraio" target="_blank">antonnaraio</a>	26	0	2	362	347	34591		008
@anukagomez	<a href="https://twitter.com/anukagomez" target="_blank">anukagomez</a>	1	0	1	31	90	364		010
@aoibhinf	<a href="https://twitter.com/aoibhinf" target="_blank">aoibhinf</a>	1	0	1	24	186	455		019
@aolabarrieta	<a href="https://twitter.com/aolabarrieta" target="_blank">aolabarrieta</a>	1	0	1	222	470	12493	Bilbao	040
@AOU1707	<a href="https://twitter.com/AOU1707" target="_blank">AOU1707</a>	2	0	1	371	299	11098		066
@Aponte_LD	<a href="https://twitter.com/Aponte_LD" target="_blank">Aponte_LD</a>	1	0	1	1121	1330	29845		044
@APunchableGuy	<a href="https://twitter.com/APunchableGuy" target="_blank">APunchableGuy</a>	4	0	1	90	31	7748	Barcelona, Spain	004
@AquilaCalpensis	<a href="https://twitter.com/AquilaCalpensis" target="_blank">AquilaCalpensis</a>	5	0	1	431	339	17538	Newmarket, UK	010
@ARA_fotografia	<a href="https://twitter.com/ARA_fotografia" target="_blank">ARA_fotografia</a>	0	1	0					266
@ARAToniPadilla	<a href="https://twitter.com/ARAToniPadilla" target="_blank">ARAToniPadilla</a>	1	0	1	16831	1070	24905	Sabadell	020
@AraTornem	<a href="https://twitter.com/AraTornem" target="_blank">AraTornem</a>	1	0	1	245	892	8972		079
@araujogar	<a href="https://twitter.com/araujogar" target="_blank">araujogar</a>	1	0	1	405	344	8194		208
@Arbkat	<a href="https://twitter.com/Arbkat" target="_blank">Arbkat</a>	4	0	4	258	229	2936	Arbeca, Les Garrigues PPCC	078
@arbucies	<a href="https://twitter.com/arbucies" target="_blank">arbucies</a>	0	2	0					124
@ArdalionBorisyc	<a href="https://twitter.com/ArdalionBorisyc" target="_blank">ArdalionBorisyc</a>	2	0	1	269	383	23596		043
@Aresgamingpro	<a href="https://twitter.com/Aresgamingpro" target="_blank">Aresgamingpro</a>	2	0	1	64	222	1514		004
@AriadnaCarrobe	<a href="https://twitter.com/AriadnaCarrobe" target="_blank">AriadnaCarrobe</a>	1	0	1	17	57	164	Lleida, Spain	093
@ariadnagonba	<a href="https://twitter.com/ariadnagonba" target="_blank">ariadnagonba</a>	1	0	1	230	250	1264		042
@Ariadnainnaxos	<a href="https://twitter.com/Ariadnainnaxos" target="_blank">Ariadnainnaxos</a>	1	1	0	213	1014	7696		265
@ariadnamonkeys	<a href="https://twitter.com/ariadnamonkeys" target="_blank">ariadnamonkeys</a>	2	0	1	439	538	2969	some day in Iceland	004
@ariariari2000	<a href="https://twitter.com/ariariari2000" target="_blank">ariariari2000</a>	1	0	1	256	931	8504	Vitørïa $ity • Ca$trø Urdïal£$	041
@ArielCosoli	<a href="https://twitter.com/ArielCosoli" target="_blank">ArielCosoli</a>	1	0	1	204	329	9087		375
@AriPM_87	<a href="https://twitter.com/AriPM_87" target="_blank">AriPM_87</a>	2	0	1	25	46	383		004
@ArizProgressive	<a href="https://twitter.com/ArizProgressive" target="_blank">ArizProgressive</a>	1	0	1	127	856	2762	Flagstaff, AZ	043
@arkgarcia	<a href="https://twitter.com/arkgarcia" target="_blank">arkgarcia</a>	3	0	1	183	1007	18053	Bilboko	010
@arkkuso	<a href="https://twitter.com/arkkuso" target="_blank">arkkuso</a>	6	0	1	1549	785	61246	Barañain	050
@arletmanresa	<a href="https://twitter.com/arletmanresa" target="_blank">arletmanresa</a>	1	0	1	74	762	3044		051
@arlozadaRNO	<a href="https://twitter.com/arlozadaRNO" target="_blank">arlozadaRNO</a>	1	0	1	2871	3541	33578	GUANTA	127
@ArmandBelou	<a href="https://twitter.com/ArmandBelou" target="_blank">ArmandBelou</a>	1	0	1	87	228	1025	France	049
@Armando5Casitas	<a href="https://twitter.com/Armando5Casitas" target="_blank">Armando5Casitas</a>	2	0	1	22	235	204	Brasilia, Brasil	006
@arnau_mj	<a href="https://twitter.com/arnau_mj" target="_blank">arnau_mj</a>	0	1	0					262
@arnau_padres	<a href="https://twitter.com/arnau_padres" target="_blank">arnau_padres</a>	3	0	1	71	74	1508	Corts, Cornellà del Terri, Catalunya	019
@arnaualsina7	<a href="https://twitter.com/arnaualsina7" target="_blank">arnaualsina7</a>	1	0	1	1	14	4		019
@arnauaviles4	<a href="https://twitter.com/arnauaviles4" target="_blank">arnauaviles4</a>	1	0	1	136	378	1238		062
@arnauqueralt	<a href="https://twitter.com/arnauqueralt" target="_blank">arnauqueralt</a>	6	0	1	1765	1317	12181	Santa Eulàlia de Ronçana	056
@arnauvidal5	<a href="https://twitter.com/arnauvidal5" target="_blank">arnauvidal5</a>	1	4	0	27	64	200		003
@arq_carlosjael	<a href="https://twitter.com/arq_carlosjael" target="_blank">arq_carlosjael</a>	5	0	1	30	51	1345		018
@Arran_Tarragona	<a href="https://twitter.com/Arran_Tarragona" target="_blank">Arran_Tarragona</a>	5	1	0	1300	1039	2388	Tarragona, Països Catalans	248
@ArranSolsones	<a href="https://twitter.com/ArranSolsones" target="_blank">ArranSolsones</a>	1	0	1	416	395	427	Solsona, Catalunya	248
@ARRELSdeGRACIA	<a href="https://twitter.com/ARRELSdeGRACIA" target="_blank">ARRELSdeGRACIA</a>	1	0	1	825	1096	2402		010
@ArrobaMiko	<a href="https://twitter.com/ArrobaMiko" target="_blank">ArrobaMiko</a>	1	0	1	280	90	16065		041
@ArroioDiluvio	<a href="https://twitter.com/ArroioDiluvio" target="_blank">ArroioDiluvio</a>	1	0	1	2091	12	28325	Porto Alegre	180
@ArroRaquel	<a href="https://twitter.com/ArroRaquel" target="_blank">ArroRaquel</a>	1	0	1	237	203	8420	Las Palmas de Gran Canaria	040
@ArsenSabate	<a href="https://twitter.com/ArsenSabate" target="_blank">ArsenSabate</a>	3	0	1	427	645	3221	Barcelona	253
@artistafallido	<a href="https://twitter.com/artistafallido" target="_blank">artistafallido</a>	1	0	1	58	95	549	Estepona, España	072
@ArtistaSuicida	<a href="https://twitter.com/ArtistaSuicida" target="_blank">ArtistaSuicida</a>	1	0	1	259	114	23773	En mi cama	010
@ArturMasxmenos	<a href="https://twitter.com/ArturMasxmenos" target="_blank">ArturMasxmenos</a>	1	0	1	169	282	3898	Teruel, Aragón	040
@ArturRamon98	<a href="https://twitter.com/ArturRamon98" target="_blank">ArturRamon98</a>	0	1	0					247
@AryaStark209061	<a href="https://twitter.com/AryaStark209061" target="_blank">AryaStark209061</a>	1	0	1	0	36	116		046
@arytzam	<a href="https://twitter.com/arytzam" target="_blank">arytzam</a>	5	79	0	1518	995	34197	Euskal Errepublika	005
@As15574	<a href="https://twitter.com/As15574" target="_blank">As15574</a>	1	0	1	216	137	52298		040
@asanalo58	<a href="https://twitter.com/asanalo58" target="_blank">asanalo58</a>	3	0	1	254	407	8871	Santa Coloma de Gramenet	010
@asi_diez	<a href="https://twitter.com/asi_diez" target="_blank">asi_diez</a>	1	0	1	69	98	133		013
@asier_ba	<a href="https://twitter.com/asier_ba" target="_blank">asier_ba</a>	1	0	1	194	201	1275	London	045
@Assombalonga198	<a href="https://twitter.com/Assombalonga198" target="_blank">Assombalonga198</a>	1	0	1	12	54	600		018
@astiri63	<a href="https://twitter.com/astiri63" target="_blank">astiri63</a>	1	0	1	32	69	219	Euskadi	290
@atopeuri	<a href="https://twitter.com/atopeuri" target="_blank">atopeuri</a>	21	0	1	747	2487	47713		010
@atrocitos	<a href="https://twitter.com/atrocitos" target="_blank">atrocitos</a>	1	0	1	566	1413	440	barcelona	017
@ATS_Trading	<a href="https://twitter.com/ATS_Trading" target="_blank">ATS_Trading</a>	1	0	1	110	458	100		040
@AudreyRoxana	<a href="https://twitter.com/AudreyRoxana" target="_blank">AudreyRoxana</a>	1	0	1	59	201	969	Salamanca, España	018
@AV_Igonin	<a href="https://twitter.com/AV_Igonin" target="_blank">AV_Igonin</a>	2	0	1	974	2066	292648		054
@AVallllovera	<a href="https://twitter.com/AVallllovera" target="_blank">AVallllovera</a>	2	0	1	34	103	4474		005
@avellana71	<a href="https://twitter.com/avellana71" target="_blank">avellana71</a>	3	0	2	536	1698	27869		010
@Averyatswanpond	<a href="https://twitter.com/Averyatswanpond" target="_blank">Averyatswanpond</a>	10	0	3	827	1360	92093	North Carolina	029
@avical	<a href="https://twitter.com/avical" target="_blank">avical</a>	1	0	1	293	1214	4791		040
@AVS_OMullony	<a href="https://twitter.com/AVS_OMullony" target="_blank">AVS_OMullony</a>	1	0	1	2279	494	19238	Washington, DC	040
@AVSantAndreuSud	<a href="https://twitter.com/AVSantAndreuSud" target="_blank">AVSantAndreuSud</a>	1	0	1	370	177	2910	Sant Andreu, Barcelona	036
@AxelCardin	<a href="https://twitter.com/AxelCardin" target="_blank">AxelCardin</a>	1	0	1	976	706	38236	Belgrano, CABA	040
@AzalCrow	<a href="https://twitter.com/AzalCrow" target="_blank">AzalCrow</a>	1	0	1	3990	3741	108204	Mars: A world without religion	047
@Azazel721	<a href="https://twitter.com/Azazel721" target="_blank">Azazel721</a>	1	0	1	264	269	9455	United States	004
@azkoina	<a href="https://twitter.com/azkoina" target="_blank">azkoina</a>	3	0	1	1202	1147	3904		013
@AzotePu	<a href="https://twitter.com/AzotePu" target="_blank">AzotePu</a>	1	0	1	57	210	3532		010
@AzukaRoberto	<a href="https://twitter.com/AzukaRoberto" target="_blank">AzukaRoberto</a>	1	0	1	18	69	614	San Salvador, El Salvador	004
@B_ca_es_eu	<a href="https://twitter.com/B_ca_es_eu" target="_blank">B_ca_es_eu</a>	2	0	1	6602	7176	513837	CÁDIZ / ESPAÑA	040
@backboneprog	<a href="https://twitter.com/backboneprog" target="_blank">backboneprog</a>	1	0	1	4575	3608	23874	Vashon, WA 98070	059
@bairangfa	<a href="https://twitter.com/bairangfa" target="_blank">bairangfa</a>	3	0	2	97	130	418	Lyon, MI	002
@Baldomerocorozo	<a href="https://twitter.com/Baldomerocorozo" target="_blank">Baldomerocorozo</a>	1	0	1	291	973	8427		010
@ballabrera	<a href="https://twitter.com/ballabrera" target="_blank">ballabrera</a>	2	0	1	115	143	7811		017
@bamegosa	<a href="https://twitter.com/bamegosa" target="_blank">bamegosa</a>	5	0	2	348	690	85382		010
@baraiaetxabur	<a href="https://twitter.com/baraiaetxabur" target="_blank">baraiaetxabur</a>	4	0	1	203	156	461	Dima, Euskal Irria	260
@Barandiaran12	<a href="https://twitter.com/Barandiaran12" target="_blank">Barandiaran12</a>	10	0	6	159	167	3529	Arrasate, Euskal Herria	005
@barandilok12	<a href="https://twitter.com/barandilok12" target="_blank">barandilok12</a>	1	1	1	49	51	16	Gipuzkoa, País Vasco	005
@barbaplata	<a href="https://twitter.com/barbaplata" target="_blank">barbaplata</a>	1	0	1	171	358	6021		042
@BarCanPequeno	<a href="https://twitter.com/BarCanPequeno" target="_blank">BarCanPequeno</a>	1	0	1	842	2818	6325	c/Jesús, 13 (08540) Centelles	132
@barefootLuffy	<a href="https://twitter.com/barefootLuffy" target="_blank">barefootLuffy</a>	2	0	1	187	548	12534		259
@BarretinaMan	<a href="https://twitter.com/BarretinaMan" target="_blank">BarretinaMan</a>	15	0	1	744	1643	5144		267
@basket4live10	<a href="https://twitter.com/basket4live10" target="_blank">basket4live10</a>	1	0	1	288	656	16051		041
@BatallaSergi	<a href="https://twitter.com/BatallaSergi" target="_blank">BatallaSergi</a>	1	0	1	262	657	81	Balaguer	074
@bcostabella	<a href="https://twitter.com/bcostabella" target="_blank">bcostabella</a>	1	0	1	514	298	23954	terra de ràbia i impotència	046
@BdA15MTetuan	<a href="https://twitter.com/BdA15MTetuan" target="_blank">BdA15MTetuan</a>	1	0	1	2600	618	15761	Tetuán (Madrid)	011
@Beabizzle22	<a href="https://twitter.com/Beabizzle22" target="_blank">Beabizzle22</a>	1	0	1	52	82	2985		041
@BeatrizCampos__	<a href="https://twitter.com/BeatrizCampos__" target="_blank">BeatrizCampos__</a>	1	0	1	591	494	899	Galicia	010
@Bebo_Usa	<a href="https://twitter.com/Bebo_Usa" target="_blank">Bebo_Usa</a>	1	0	1	63	224	553	Puerto Rico!!!	104
@behind_themusgo	<a href="https://twitter.com/behind_themusgo" target="_blank">behind_themusgo</a>	1	0	1	113	393	2898	Euskal Herria, Basque Country	032
@Belastegi	<a href="https://twitter.com/Belastegi" target="_blank">Belastegi</a>	0	10	0					013
@BenBonkarma	<a href="https://twitter.com/BenBonkarma" target="_blank">BenBonkarma</a>	1	0	1	115	424	974		017
@bencourtice	<a href="https://twitter.com/bencourtice" target="_blank">bencourtice</a>	1	0	1	1124	1068	8760	Australia	039
@BenjAlvarez1	<a href="https://twitter.com/BenjAlvarez1" target="_blank">BenjAlvarez1</a>	0	1	0					309
@benjb2009	<a href="https://twitter.com/benjb2009" target="_blank">benjb2009</a>	1	0	1	339	764	7314	Fremont, CA	004
@Berny_Nd	<a href="https://twitter.com/Berny_Nd" target="_blank">Berny_Nd</a>	1	0	1	150	351	529	BCN	036
@bertasosa91	<a href="https://twitter.com/bertasosa91" target="_blank">bertasosa91</a>	9	0	1	90	223	2800		344
@bertifas	<a href="https://twitter.com/bertifas" target="_blank">bertifas</a>	1	0	1	7823	571	3704	el Masnou, Espanya	010
@Beth_M_A	<a href="https://twitter.com/Beth_M_A" target="_blank">Beth_M_A</a>	2	0	1	198	317	5348		004
@bethrodergas	<a href="https://twitter.com/bethrodergas" target="_blank">bethrodergas</a>	0	1	0					012
@BetlemCBel	<a href="https://twitter.com/BetlemCBel" target="_blank">BetlemCBel</a>	3	0	1	506	505	2089		279
@betomorrowdawn	<a href="https://twitter.com/betomorrowdawn" target="_blank">betomorrowdawn</a>	8	0	2	63	242	2833		010
@BettyAnne32	<a href="https://twitter.com/BettyAnne32" target="_blank">BettyAnne32</a>	1	0	1	99	354	2506		144
@betyforgione	<a href="https://twitter.com/betyforgione" target="_blank">betyforgione</a>	2	0	1	314	184	54173		044
@BezaYolanda	<a href="https://twitter.com/BezaYolanda" target="_blank">BezaYolanda</a>	15	0	2	127	228	3702	Olesa de Montserrat, España	016
@BiaixPPCC	<a href="https://twitter.com/BiaixPPCC" target="_blank">BiaixPPCC</a>	10	0	1	736	1658	17383	República Catalana	004
@biancaconv	<a href="https://twitter.com/biancaconv" target="_blank">biancaconv</a>	1	0	1	1586	346	18887	Madrid, Spain	041
@BidalVidal	<a href="https://twitter.com/BidalVidal" target="_blank">BidalVidal</a>	7	0	1	258	265	11753	Catalunya	345
@bieburwife_	<a href="https://twitter.com/bieburwife_" target="_blank">bieburwife_</a>	1	0	1	562	291	12859	Mataró, Catalunya	075
@biel_b_c	<a href="https://twitter.com/biel_b_c" target="_blank">biel_b_c</a>	2	0	1	92	143	663	Pollença, España	038
@bilbotronik	<a href="https://twitter.com/bilbotronik" target="_blank">bilbotronik</a>	12	0	2	445	1250	39165	Bilbao	013
@bilduman90	<a href="https://twitter.com/bilduman90" target="_blank">bilduman90</a>	27	0	1	708	245	209204		010
@binga_cat	<a href="https://twitter.com/binga_cat" target="_blank">binga_cat</a>	6	0	1	84	307	1655		017
@birasuegi	<a href="https://twitter.com/birasuegi" target="_blank">birasuegi</a>	12	0	1	4115	2483	78713	Bakalhau irla	050
@BisbeJoan	<a href="https://twitter.com/BisbeJoan" target="_blank">BisbeJoan</a>	1	0	1	145	458	134		004
@BitolaStuhr	<a href="https://twitter.com/BitolaStuhr" target="_blank">BitolaStuhr</a>	1	0	1	103	166	150		114
@BlackAngelDown0	<a href="https://twitter.com/BlackAngelDown0" target="_blank">BlackAngelDown0</a>	1	0	1	32	46	1100	Castelldefels, España	051
@blackletter98	<a href="https://twitter.com/blackletter98" target="_blank">blackletter98</a>	5	0	1	4057	2419	56909	España	010
@Blanca_von	<a href="https://twitter.com/Blanca_von" target="_blank">Blanca_von</a>	3	0	1	20	359	803		004
@Blandalezo1	<a href="https://twitter.com/Blandalezo1" target="_blank">Blandalezo1</a>	1	0	1	52	269	3273		040
@blasgarcilara	<a href="https://twitter.com/blasgarcilara" target="_blank">blasgarcilara</a>	1	0	1	10	38	8		307
@blassanse	<a href="https://twitter.com/blassanse" target="_blank">blassanse</a>	0	1	0					307
@BlauDelta	<a href="https://twitter.com/BlauDelta" target="_blank">BlauDelta</a>	0	1	0					305
@blazerhd1	<a href="https://twitter.com/blazerhd1" target="_blank">blazerhd1</a>	1	0	1	414	42	977	Málaga	060
@blogarroba	<a href="https://twitter.com/blogarroba" target="_blank">blogarroba</a>	0	1	0					304
@BlossomCarrasco	<a href="https://twitter.com/BlossomCarrasco" target="_blank">BlossomCarrasco</a>	1	0	1	197	421	563	London	296
@BMTELSanPedro	<a href="https://twitter.com/BMTELSanPedro" target="_blank">BMTELSanPedro</a>	1	0	1	776	2525	1320	Distrito Capital, Venezuela	044
@BNEWS24_off	<a href="https://twitter.com/BNEWS24_off" target="_blank">BNEWS24_off</a>	3	2	1	9	100	259	Barcelona	157
@BNGCatalunya	<a href="https://twitter.com/BNGCatalunya" target="_blank">BNGCatalunya</a>	0	2	0					018
@BoadaManel	<a href="https://twitter.com/BoadaManel" target="_blank">BoadaManel</a>	1	0	1	6	129	33	Vila de Gracia, Barcelona	005
@Bobcobbler	<a href="https://twitter.com/Bobcobbler" target="_blank">Bobcobbler</a>	1	0	1	356	455	8761	where I'm needed	047
@boboso77	<a href="https://twitter.com/boboso77" target="_blank">boboso77</a>	1	0	1	50	149	398	Menorca	234
@BobTD30	<a href="https://twitter.com/BobTD30" target="_blank">BobTD30</a>	1	0	1	459	288	15812	London	053
@BoletusEdulius	<a href="https://twitter.com/BoletusEdulius" target="_blank">BoletusEdulius</a>	15	0	1	3904	4555	201221	A Coruña, Galiza	371
@boligrafin	<a href="https://twitter.com/boligrafin" target="_blank">boligrafin</a>	1	0	1	274	216	12420	Zaragoza.	010
@BOOMERSYSTEM	<a href="https://twitter.com/BOOMERSYSTEM" target="_blank">BOOMERSYSTEM</a>	1	0	1	834	7	76938	where the love is	005
@Borja_Antifa	<a href="https://twitter.com/Borja_Antifa" target="_blank">Borja_Antifa</a>	1	0	1	427	512	27387	I ♥ Ainhowii :)	304
@botifarradpages	<a href="https://twitter.com/botifarradpages" target="_blank">botifarradpages</a>	0	1	0					303
@boxtheball	<a href="https://twitter.com/boxtheball" target="_blank">boxtheball</a>	1	0	1	379	252	21173		054
@BpaHcku	<a href="https://twitter.com/BpaHcku" target="_blank">BpaHcku</a>	0	1	0					302
@bradymyers1	<a href="https://twitter.com/bradymyers1" target="_blank">bradymyers1</a>	1	0	1	363	311	23771	Abingdon, MD	059
@braisarias	<a href="https://twitter.com/braisarias" target="_blank">braisarias</a>	1	0	1	314	432	2998	O Burgo / Guitiriz	008
@breogan61	<a href="https://twitter.com/breogan61" target="_blank">breogan61</a>	1	0	1	75	187	6409		004
@Bretto88	<a href="https://twitter.com/Bretto88" target="_blank">Bretto88</a>	1	0	1	113	261	5317	Tres Cantos, España	019
@BRNhartza	<a href="https://twitter.com/BRNhartza" target="_blank">BRNhartza</a>	2	0	2	108	90	1273		050
@BroggiElisa	<a href="https://twitter.com/BroggiElisa" target="_blank">BroggiElisa</a>	30	0	1	2870	2795	187343	Now, between l'Escala and BCN.	315
@Broken_Remnants	<a href="https://twitter.com/Broken_Remnants" target="_blank">Broken_Remnants</a>	1	0	1	115	106	15817		010
@BrownRebellion	<a href="https://twitter.com/BrownRebellion" target="_blank">BrownRebellion</a>	1	0	1	1332	288	85439		245
@bruce_nicoll	<a href="https://twitter.com/bruce_nicoll" target="_blank">bruce_nicoll</a>	1	0	1	1582	3279	943	Scotland	047
@Brukaneer	<a href="https://twitter.com/Brukaneer" target="_blank">Brukaneer</a>	1	0	1	89	56	2088		010
@BrunetVClara	<a href="https://twitter.com/BrunetVClara" target="_blank">BrunetVClara</a>	3	0	2	157	331	892	Barcelona, España	006
@BrunoFriol	<a href="https://twitter.com/BrunoFriol" target="_blank">BrunoFriol</a>	1	0	1	264	1000	7538	Friol, Galicia	008
@BrunoTaeno13	<a href="https://twitter.com/BrunoTaeno13" target="_blank">BrunoTaeno13</a>	1	0	1	578	747	14696		040
@bsidekidrauhl	<a href="https://twitter.com/bsidekidrauhl" target="_blank">bsidekidrauhl</a>	1	0	1	550	337	4412	mystic falls	012
@bubblesdolan	<a href="https://twitter.com/bubblesdolan" target="_blank">bubblesdolan</a>	3	0	2	325	647	8469		010
@budimatalasser	<a href="https://twitter.com/budimatalasser" target="_blank">budimatalasser</a>	0	1	0					301
@Buenovaledakue1	<a href="https://twitter.com/Buenovaledakue1" target="_blank">Buenovaledakue1</a>	1	0	1	5	120	245	A Place, Un Lloc, Un Sitio	010
@Buiatb	<a href="https://twitter.com/Buiatb" target="_blank">Buiatb</a>	0	1	0					300
@Bullensblue1	<a href="https://twitter.com/Bullensblue1" target="_blank">Bullensblue1</a>	1	0	1	40	132	946	United Kingdom	047
@BurgosMontse	<a href="https://twitter.com/BurgosMontse" target="_blank">BurgosMontse</a>	5	0	1	42	72	2779	Barcelona, Catalunya	017
@burgosusana	<a href="https://twitter.com/burgosusana" target="_blank">burgosusana</a>	1	0	1	4908	1893	22613		040
@burtmuggy	<a href="https://twitter.com/burtmuggy" target="_blank">burtmuggy</a>	1	0	1	88	534	3673	ireland	019
@Butterfly_Reb	<a href="https://twitter.com/Butterfly_Reb" target="_blank">Butterfly_Reb</a>	2	5	0	5463	787	20631	Scotland	066
@buzztyles	<a href="https://twitter.com/buzztyles" target="_blank">buzztyles</a>	1	0	1	451	686	3855	anais's bed	041
@byktorsm	<a href="https://twitter.com/byktorsm" target="_blank">byktorsm</a>	1	0	1	56	125	359		270
@c_escipion	<a href="https://twitter.com/c_escipion" target="_blank">c_escipion</a>	1	0	1	1655	925	51971		040
@c_igle	<a href="https://twitter.com/c_igle" target="_blank">c_igle</a>	2	0	1	199	274	15424	Andorra	015
@c0lipait	<a href="https://twitter.com/c0lipait" target="_blank">c0lipait</a>	1	0	1	251	298	19470	Habitación 328 del otro hotel	227
@C1Christine	<a href="https://twitter.com/C1Christine" target="_blank">C1Christine</a>	1	0	1	961	839	119180		065
@CABACOTE	<a href="https://twitter.com/CABACOTE" target="_blank">CABACOTE</a>	1	0	1	2477	3631	6770	Caracas-Venezuela	010
@cabreramouzo	<a href="https://twitter.com/cabreramouzo" target="_blank">cabreramouzo</a>	1	0	1	409	181	2140		045
@CabrerizoAna	<a href="https://twitter.com/CabrerizoAna" target="_blank">CabrerizoAna</a>	1	0	1	184	165	3195		044
@cafael	<a href="https://twitter.com/cafael" target="_blank">cafael</a>	1	0	1	339	2157	4992		010
@caielis	<a href="https://twitter.com/caielis" target="_blank">caielis</a>	1	1	0	562	1070	861	Cymru, Ewrop	295
@calcosares	<a href="https://twitter.com/calcosares" target="_blank">calcosares</a>	0	97	0					041
@calvoalmirante	<a href="https://twitter.com/calvoalmirante" target="_blank">calvoalmirante</a>	1	0	1	118	449	5922		040
@cam_a_red	<a href="https://twitter.com/cam_a_red" target="_blank">cam_a_red</a>	1	0	1	74	620	1754		329
@camargoraul	<a href="https://twitter.com/camargoraul" target="_blank">camargoraul</a>	0	3	0					097
@CampanillaNose	<a href="https://twitter.com/CampanillaNose" target="_blank">CampanillaNose</a>	2	0	1	81	126	2875		055
@campnouhome	<a href="https://twitter.com/campnouhome" target="_blank">campnouhome</a>	1	0	1	6016	5262	76834		003
@CanalTerrassa	<a href="https://twitter.com/CanalTerrassa" target="_blank">CanalTerrassa</a>	0	1	0					243
@candidovsky	<a href="https://twitter.com/candidovsky" target="_blank">candidovsky</a>	4	0	1	1329	1901	4386		010
@Canela_paz	<a href="https://twitter.com/Canela_paz" target="_blank">Canela_paz</a>	1	0	1	3067	281	35032		012
@Cannibal_Airis	<a href="https://twitter.com/Cannibal_Airis" target="_blank">Cannibal_Airis</a>	1	0	1	577	397	37311	En la cúpula de la ira	041
@cantalejoh	<a href="https://twitter.com/cantalejoh" target="_blank">cantalejoh</a>	1	0	1	2	88	13		017
@cantumenia	<a href="https://twitter.com/cantumenia" target="_blank">cantumenia</a>	1	0	1	81	75	5561	Barcelona, Cataluña	365
@caoimhinmgm	<a href="https://twitter.com/caoimhinmgm" target="_blank">caoimhinmgm</a>	1	0	1	3015	999	17886	Béal Feirste - Belfast	043
@CaolanMc1798	<a href="https://twitter.com/CaolanMc1798" target="_blank">CaolanMc1798</a>	1	0	1	1331	918	3045	Doire, Ireland	043
@Carabullo	<a href="https://twitter.com/Carabullo" target="_blank">Carabullo</a>	1	0	1	72	445	721		045
@carambuchi	<a href="https://twitter.com/carambuchi" target="_blank">carambuchi</a>	1	0	1	2	23	50		003
@carclosa	<a href="https://twitter.com/carclosa" target="_blank">carclosa</a>	2	1	0	11395	10192	66577		242
@CardenasElanie	<a href="https://twitter.com/CardenasElanie" target="_blank">CardenasElanie</a>	1	0	1	2481	1934	263613		019
@CarerGuylaine	<a href="https://twitter.com/CarerGuylaine" target="_blank">CarerGuylaine</a>	1	0	1	332	244	21062	Bretagne (22) ⛵️	241
@cariocache	<a href="https://twitter.com/cariocache" target="_blank">cariocache</a>	3	0	1	272	902	7527		010
@CarlaBarjau	<a href="https://twitter.com/CarlaBarjau" target="_blank">CarlaBarjau</a>	2	0	1	190	219	6738		042
@carlavall	<a href="https://twitter.com/carlavall" target="_blank">carlavall</a>	0	34	0					042
@Carles_Ros	<a href="https://twitter.com/Carles_Ros" target="_blank">Carles_Ros</a>	1	0	1	542	485	1859		010
@Carles_SF	<a href="https://twitter.com/Carles_SF" target="_blank">Carles_SF</a>	2	0	1	180	768	1903	Sant Fost de Campsentelles	031
@Carles871	<a href="https://twitter.com/Carles871" target="_blank">Carles871</a>	3	0	1	32	149	1064		021
@carlesbert	<a href="https://twitter.com/carlesbert" target="_blank">carlesbert</a>	6	1	0	323	301	3261	Barcelona, Espanya	220
@carlespla	<a href="https://twitter.com/carlespla" target="_blank">carlespla</a>	5	0	1	151	299	7175	Cambrils, España	017
@carlesterraza	<a href="https://twitter.com/carlesterraza" target="_blank">carlesterraza</a>	1	0	1	204	469	1983	Barcelona	005
@Carlinhos_mos	<a href="https://twitter.com/Carlinhos_mos" target="_blank">Carlinhos_mos</a>	1	0	1	520	406	13697		147
@CarlitosLop11	<a href="https://twitter.com/CarlitosLop11" target="_blank">CarlitosLop11</a>	1	0	1	85	86	143	Tarragona, España	101
@CarlMalbern	<a href="https://twitter.com/CarlMalbern" target="_blank">CarlMalbern</a>	2	0	1	176	380	6574		010
@carloscortez74	<a href="https://twitter.com/carloscortez74" target="_blank">carloscortez74</a>	1	0	1	53	311	763	maracay	044
@CarlosGameDev	<a href="https://twitter.com/CarlosGameDev" target="_blank">CarlosGameDev</a>	2	0	1	2956	932	4874	Barcelona	019
@CarlosGlez0710	<a href="https://twitter.com/CarlosGlez0710" target="_blank">CarlosGlez0710</a>	2	0	1	10	84	853	Balaguer	017
@CarlosMorenoFr	<a href="https://twitter.com/CarlosMorenoFr" target="_blank">CarlosMorenoFr</a>	0	1	0					218
@Carlospitero	<a href="https://twitter.com/Carlospitero" target="_blank">Carlospitero</a>	1	0	1	546	462	7749		010
@CarlosRibanez	<a href="https://twitter.com/CarlosRibanez" target="_blank">CarlosRibanez</a>	0	1	0					215
@carlosseco75	<a href="https://twitter.com/carlosseco75" target="_blank">carlosseco75</a>	3	0	1	235	423	6082	Corcaigh	008
@carloszardoya	<a href="https://twitter.com/carloszardoya" target="_blank">carloszardoya</a>	0	1	0					212
@Carlota43467886	<a href="https://twitter.com/Carlota43467886" target="_blank">Carlota43467886</a>	2	0	1	6	97	146	Llinars del Vallès, Catalunya	017
@Carlotaadrover	<a href="https://twitter.com/Carlotaadrover" target="_blank">Carlotaadrover</a>	1	0	1	722	727	16944	Alicante	010
@carmealdana	<a href="https://twitter.com/carmealdana" target="_blank">carmealdana</a>	18	0	1	773	668	20908		010
@Carmengg9	<a href="https://twitter.com/Carmengg9" target="_blank">Carmengg9</a>	1	0	1	606	587	27162	12 Grimmauld Place	003
@carmenmmarquez	<a href="https://twitter.com/carmenmmarquez" target="_blank">carmenmmarquez</a>	1	0	1	653	73	33369	andalusia	003
@CarmeSaorin	<a href="https://twitter.com/CarmeSaorin" target="_blank">CarmeSaorin</a>	6	0	1	134	501	1032	Barcelona	021
@Carmevallsg	<a href="https://twitter.com/Carmevallsg" target="_blank">Carmevallsg</a>	1	0	1	34	37	43		278
@CaroleMagoha	<a href="https://twitter.com/CaroleMagoha" target="_blank">CaroleMagoha</a>	2	0	1	2716	2279	124838	Edinburgh	043
@Carolina_Psyco	<a href="https://twitter.com/Carolina_Psyco" target="_blank">Carolina_Psyco</a>	1	0	1	278	267	1194	Barcelona	006
@CarolineArvids1	<a href="https://twitter.com/CarolineArvids1" target="_blank">CarolineArvids1</a>	1	0	1	81	162	124		107
@cartaxeometrica	<a href="https://twitter.com/cartaxeometrica" target="_blank">cartaxeometrica</a>	1	0	1	773	621	6580	A Estrada, Pontevedra	021
@CaseJosep	<a href="https://twitter.com/CaseJosep" target="_blank">CaseJosep</a>	8	0	1	153	468	15099		010
@CastaldoEdgar	<a href="https://twitter.com/CastaldoEdgar" target="_blank">CastaldoEdgar</a>	2	0	1	71	158	3192	Entre Ríos, Argentina	022
@CAT1OCT	<a href="https://twitter.com/CAT1OCT" target="_blank">CAT1OCT</a>	1	0	1	29	1153	83		347
@CatalanVoices	<a href="https://twitter.com/CatalanVoices" target="_blank">CatalanVoices</a>	1	3	0	6183	972	24614	London, United Kingdom	015
@Catalonia1640	<a href="https://twitter.com/Catalonia1640" target="_blank">Catalonia1640</a>	48	0	1	3007	4939	54799		010
@Catalunya1109	<a href="https://twitter.com/Catalunya1109" target="_blank">Catalunya1109</a>	3	0	1	1126	1144	7108	Catalunya, nou estat d'Europa	010
@catalunyabr	<a href="https://twitter.com/catalunyabr" target="_blank">catalunyabr</a>	2	5	2	35	275	37	São Paulo, Brasil	154
@catdrako	<a href="https://twitter.com/catdrako" target="_blank">catdrako</a>	1	0	1	322	802	5246	Here.... later maybe there!	045
@CaterinaSalvaP	<a href="https://twitter.com/CaterinaSalvaP" target="_blank">CaterinaSalvaP</a>	1	0	1	61	174	772	Mallorca	051
@catethetwaate	<a href="https://twitter.com/catethetwaate" target="_blank">catethetwaate</a>	1	0	1	1805	1609	126977		058
@catgarian	<a href="https://twitter.com/catgarian" target="_blank">catgarian</a>	1	0	1	76	205	1041	Caerdydd	053
@Catroig	<a href="https://twitter.com/Catroig" target="_blank">Catroig</a>	2	1	0	409	199	20413		010
@CatWilderness_	<a href="https://twitter.com/CatWilderness_" target="_blank">CatWilderness_</a>	3	2	1	1738	373	70602	Barcelona	156
@CAVIC_XSagrera	<a href="https://twitter.com/CAVIC_XSagrera" target="_blank">CAVIC_XSagrera</a>	2	0	1	668	715	3548	Centelles Barcelona CAT.1.O	132
@cclementeg	<a href="https://twitter.com/cclementeg" target="_blank">cclementeg</a>	7	0	1	274	353	30124		011
@CD_GEMINIS	<a href="https://twitter.com/CD_GEMINIS" target="_blank">CD_GEMINIS</a>	1	0	1	12	22	197	cadiz Andalucía	061
@cdefm	<a href="https://twitter.com/cdefm" target="_blank">cdefm</a>	9	0	1	815	1166	11602	l'Antiga Esquerra de l'Eixampl	010
@CDR_SEulalia	<a href="https://twitter.com/CDR_SEulalia" target="_blank">CDR_SEulalia</a>	12	0	1	501	378	236	L'Hospitalet de Llobregat	361
@CDRGironaSalt	<a href="https://twitter.com/CDRGironaSalt" target="_blank">CDRGironaSalt</a>	3	1	0	641	303	359		198
@CdricV	<a href="https://twitter.com/CdricV" target="_blank">CdricV</a>	1	0	1	48	401	1460	Lille, France	057
@cecigrieco	<a href="https://twitter.com/cecigrieco" target="_blank">cecigrieco</a>	1	0	1	15	90	116		044
@ceciliadg_23	<a href="https://twitter.com/ceciliadg_23" target="_blank">ceciliadg_23</a>	1	0	1	505	376	26671	Llanes, Asturias	010
@CeciliaTorresG6	<a href="https://twitter.com/CeciliaTorresG6" target="_blank">CeciliaTorresG6</a>	1	0	1	55	107	1291		012
@Celiavbc	<a href="https://twitter.com/Celiavbc" target="_blank">Celiavbc</a>	1	0	1	442	868	6123	Almería	041
@CelticCatalunya	<a href="https://twitter.com/CelticCatalunya" target="_blank">CelticCatalunya</a>	1	0	1	859	520	681	Barcelona, Països Catalans	088
@cerratm69	<a href="https://twitter.com/cerratm69" target="_blank">cerratm69</a>	1	0	1	466	3357	12680	MEXICO	056
@cervera_jess	<a href="https://twitter.com/cervera_jess" target="_blank">cervera_jess</a>	35	0	1	3191	3909	251577	Catalunya, Països Catalans, UE	010
@cesar_fdt	<a href="https://twitter.com/cesar_fdt" target="_blank">cesar_fdt</a>	1	0	1	52	947	720		017
@cesarafm87	<a href="https://twitter.com/cesarafm87" target="_blank">cesarafm87</a>	1	0	1	229	1380	5889		040
@CesarIran1	<a href="https://twitter.com/CesarIran1" target="_blank">CesarIran1</a>	1	0	1	15	176	245		041
@CEspelt	<a href="https://twitter.com/CEspelt" target="_blank">CEspelt</a>	0	1	0					194
@CexarConnolly	<a href="https://twitter.com/CexarConnolly" target="_blank">CexarConnolly</a>	1	0	1	379	235	179213	Lunargenta	045
@CF_Ager_aketxe	<a href="https://twitter.com/CF_Ager_aketxe" target="_blank">CF_Ager_aketxe</a>	1	0	1	42	13	227	el corazón de muchos cadistas	061
@cf_manu_bartual	<a href="https://twitter.com/cf_manu_bartual" target="_blank">cf_manu_bartual</a>	1	0	1	1	10	156		061
@CFactorX	<a href="https://twitter.com/CFactorX" target="_blank">CFactorX</a>	3	0	1	10487	10197	57429		120
@cgleyzes	<a href="https://twitter.com/cgleyzes" target="_blank">cgleyzes</a>	1	0	1	1924	2316	8891	Thuir, Pyrénées Orientales	049
@chaantidubii	<a href="https://twitter.com/chaantidubii" target="_blank">chaantidubii</a>	1	0	1	249	233	28517	Malvarrosa, Valencia	010
@CharlioFcker	<a href="https://twitter.com/CharlioFcker" target="_blank">CharlioFcker</a>	2	0	1	80	199	1475	Catalunya	200
@Cheelgeneer	<a href="https://twitter.com/Cheelgeneer" target="_blank">Cheelgeneer</a>	2	0	1	86	182	1221		010
@chefitovzla	<a href="https://twitter.com/chefitovzla" target="_blank">chefitovzla</a>	1	0	1	156	174	13981	ccs,Vzla	044
@CherieBlesse	<a href="https://twitter.com/CherieBlesse" target="_blank">CherieBlesse</a>	1	0	1	4244	3841	98255	Brasil	003
@cherrerosg	<a href="https://twitter.com/cherrerosg" target="_blank">cherrerosg</a>	1	0	1	20	77	32	Barcelona	254
@Chi_kitin	<a href="https://twitter.com/Chi_kitin" target="_blank">Chi_kitin</a>	1	0	1	354	1146	1117	Tierra de tres Baobabs, SLV	012
@chicd1888	<a href="https://twitter.com/chicd1888" target="_blank">chicd1888</a>	1	0	1	226	328	654	Clydebank, Scotland	043
@chipicastillo	<a href="https://twitter.com/chipicastillo" target="_blank">chipicastillo</a>	2	2	0	32569	13512	30717	Buenos Aires, Argentina	103
@chisto1975	<a href="https://twitter.com/chisto1975" target="_blank">chisto1975</a>	2	1	0	402	1076	26906		188
@chiwy888	<a href="https://twitter.com/chiwy888" target="_blank">chiwy888</a>	1	0	1	58	178	546		068
@chochoyve	<a href="https://twitter.com/chochoyve" target="_blank">chochoyve</a>	1	0	1	381	611	15166	Santiago-chile	080
@ChocolaRei	<a href="https://twitter.com/ChocolaRei" target="_blank">ChocolaRei</a>	5	0	1	131	384	3661		209
@ChPiquemal	<a href="https://twitter.com/ChPiquemal" target="_blank">ChPiquemal</a>	1	0	1	7	23	355		150
@chris60060	<a href="https://twitter.com/chris60060" target="_blank">chris60060</a>	2	0	1	38	73	1381		084
@chuan49	<a href="https://twitter.com/chuan49" target="_blank">chuan49</a>	5	0	1	104	168	17012	l'hospitalet de llobregat	020
@chusvar	<a href="https://twitter.com/chusvar" target="_blank">chusvar</a>	1	0	1	325	380	63602		010
@ChusZ	<a href="https://twitter.com/ChusZ" target="_blank">ChusZ</a>	10	0	1	206	121	13850	Barcelona	043
@CIDESPU	<a href="https://twitter.com/CIDESPU" target="_blank">CIDESPU</a>	1	0	1	564	343	7040		007
@CienciaxPueblo	<a href="https://twitter.com/CienciaxPueblo" target="_blank">CienciaxPueblo</a>	1	0	1	3279	2480	21264	Madrid	010
@Cinema1979	<a href="https://twitter.com/Cinema1979" target="_blank">Cinema1979</a>	1	0	1	205	80	4100		010
@CipotaurosOff	<a href="https://twitter.com/CipotaurosOff" target="_blank">CipotaurosOff</a>	0	5	0					067
@Ciudadano_Zer0	<a href="https://twitter.com/Ciudadano_Zer0" target="_blank">Ciudadano_Zer0</a>	2	8	0	8688	2190	88632	Internet y el MundoReal™ (X.)	024
@CJS1084	<a href="https://twitter.com/CJS1084" target="_blank">CJS1084</a>	1	0	1	53	837	723	Looe, England	043
@clacla2307	<a href="https://twitter.com/clacla2307" target="_blank">clacla2307</a>	1	0	1	737	1294	22597		063
@ClaraBouDalmau	<a href="https://twitter.com/ClaraBouDalmau" target="_blank">ClaraBouDalmau</a>	1	0	1	3	19	5		232
@Claudia_ps_96	<a href="https://twitter.com/Claudia_ps_96" target="_blank">Claudia_ps_96</a>	1	1	0	6	16	37		173
@claudiaddorado	<a href="https://twitter.com/claudiaddorado" target="_blank">claudiaddorado</a>	1	0	1	104	292	184	Rubí, Cataluña	041
@clia_g	<a href="https://twitter.com/clia_g" target="_blank">clia_g</a>	6	0	1	2197	1398	326708		010
@ClotildeRipoull	<a href="https://twitter.com/ClotildeRipoull" target="_blank">ClotildeRipoull</a>	1	0	1	2034	1374	11130	Perpignan, France	049
@Clutthewindow	<a href="https://twitter.com/Clutthewindow" target="_blank">Clutthewindow</a>	1	0	1	1999	4039	10910		004
@cma1810	<a href="https://twitter.com/cma1810" target="_blank">cma1810</a>	1	0	1	576	44	143823		010
@cmonparish_	<a href="https://twitter.com/cmonparish_" target="_blank">cmonparish_</a>	1	0	1	199	657	9363	Netflix	041
@cobo_rubio	<a href="https://twitter.com/cobo_rubio" target="_blank">cobo_rubio</a>	1	0	1	25	172	583		010
@Code_lyoko_fans	<a href="https://twitter.com/Code_lyoko_fans" target="_blank">Code_lyoko_fans</a>	1	0	1	12	16	396	Cadix, France	061
@codecraftben	<a href="https://twitter.com/codecraftben" target="_blank">codecraftben</a>	3	0	1	334	368	17553	URSSULA "Lalinista" :v	041
@CollectiuRonda	<a href="https://twitter.com/CollectiuRonda" target="_blank">CollectiuRonda</a>	0	3	0					095
@collettemca_	<a href="https://twitter.com/collettemca_" target="_blank">collettemca_</a>	2	0	1	1885	1500	13099		043
@comeig	<a href="https://twitter.com/comeig" target="_blank">comeig</a>	2	0	1	1029	1967	12871	Rocafort, Horta Nord, PV, Esp	010
@CompaMatt	<a href="https://twitter.com/CompaMatt" target="_blank">CompaMatt</a>	0	4	0					082
@CompaRevolucion	<a href="https://twitter.com/CompaRevolucion" target="_blank">CompaRevolucion</a>	1	0	1	2326	234	16488	México	025
@ComteArnauMir	<a href="https://twitter.com/ComteArnauMir" target="_blank">ComteArnauMir</a>	3	0	1	47	174	3756		175
@Cone888	<a href="https://twitter.com/Cone888" target="_blank">Cone888</a>	1	0	1	275	162	12127	España	041
@Confluyentes	<a href="https://twitter.com/Confluyentes" target="_blank">Confluyentes</a>	1	0	1	1419	704	27989	Madrid	010
@Control_REC	<a href="https://twitter.com/Control_REC" target="_blank">Control_REC</a>	1	2	0	996	9	985	pàgina no oficial	146
@Coordinadora25S	<a href="https://twitter.com/Coordinadora25S" target="_blank">Coordinadora25S</a>	2	3	0	34247	678	32157	Madrid, Comunidad de Madrid	007
@Copichuela_GZ	<a href="https://twitter.com/Copichuela_GZ" target="_blank">Copichuela_GZ</a>	3	0	3	547	1049	4035	San Valentín, Fene - Galiza	018
@corcull	<a href="https://twitter.com/corcull" target="_blank">corcull</a>	3	0	1	48	39	1649		383
@cordelio	<a href="https://twitter.com/cordelio" target="_blank">cordelio</a>	2	0	1	344	820	5686	Montréal	063
@Cori448	<a href="https://twitter.com/Cori448" target="_blank">Cori448</a>	2	0	1	197	965	536		010
@CossackAlexei	<a href="https://twitter.com/CossackAlexei" target="_blank">CossackAlexei</a>	1	0	1	348	2005	12250	London, England	054
@CostaBravaToday	<a href="https://twitter.com/CostaBravaToday" target="_blank">CostaBravaToday</a>	31	0	1	30824	4379	13554	Catalonia, Spain	043
@CotoMarin	<a href="https://twitter.com/CotoMarin" target="_blank">CotoMarin</a>	1	0	1	2588	1724	63394	Málaga, España	040
@CPiqueras1	<a href="https://twitter.com/CPiqueras1" target="_blank">CPiqueras1</a>	1	0	1	61	254	3656		014
@cproma55	<a href="https://twitter.com/cproma55" target="_blank">cproma55</a>	8	0	2	21	277	1258		009
@Cremorius	<a href="https://twitter.com/Cremorius" target="_blank">Cremorius</a>	1	0	1	67	409	884		010
@cris_llorente	<a href="https://twitter.com/cris_llorente" target="_blank">cris_llorente</a>	1	1	0	214	496	2393	Entre Alella i Barcelona	161
@CRIS_taconassos	<a href="https://twitter.com/CRIS_taconassos" target="_blank">CRIS_taconassos</a>	4	1	0	4622	2292	75076	Catalunya	160
@Crispyhna_	<a href="https://twitter.com/Crispyhna_" target="_blank">Crispyhna_</a>	1	0	1	241	190	12390	Azuqueca de Henares, España	010
@cristinaa995	<a href="https://twitter.com/cristinaa995" target="_blank">cristinaa995</a>	1	0	1	389	715	1041		010
@CristinaCabel16	<a href="https://twitter.com/CristinaCabel16" target="_blank">CristinaCabel16</a>	7	0	2	25	49	3050	Barcellona, Catalogna	017
@cristinafs96	<a href="https://twitter.com/cristinafs96" target="_blank">cristinafs96</a>	1	0	1	431	419	6664	Barcelona	041
@CristinaLealGa1	<a href="https://twitter.com/CristinaLealGa1" target="_blank">CristinaLealGa1</a>	1	0	1	980	1165	41037	Murcia	010
@Cristinpz72	<a href="https://twitter.com/Cristinpz72" target="_blank">Cristinpz72</a>	1	0	1	569	1357	9819		018
@crisvall23	<a href="https://twitter.com/crisvall23" target="_blank">crisvall23</a>	13	0	1	69	219	2341		005
@crpinog	<a href="https://twitter.com/crpinog" target="_blank">crpinog</a>	1	0	1	405	691	2627		082
@cruzverde_	<a href="https://twitter.com/cruzverde_" target="_blank">cruzverde_</a>	1	0	1	1419	2375	56834		040
@csagues	<a href="https://twitter.com/csagues" target="_blank">csagues</a>	2	0	1	63	185	781	Badalona, Spain	005
@cuellodegorda	<a href="https://twitter.com/cuellodegorda" target="_blank">cuellodegorda</a>	1	0	1	92	527	9804	wut ru fuckin gey?	042
@CUPBarcelona	<a href="https://twitter.com/CUPBarcelona" target="_blank">CUPBarcelona</a>	7	1	0	19446	1580	32803	Barcelona	159
@cupincapoera	<a href="https://twitter.com/cupincapoera" target="_blank">cupincapoera</a>	1	0	1	311	434	2323	Al otro lado	014
@CurtoIris	<a href="https://twitter.com/CurtoIris" target="_blank">CurtoIris</a>	10	0	3	283	1301	5909		010
@cvicentealves	<a href="https://twitter.com/cvicentealves" target="_blank">cvicentealves</a>	1	0	1	1086	773	26304	Béjar - Madrid	040
@cvilacalvo	<a href="https://twitter.com/cvilacalvo" target="_blank">cvilacalvo</a>	11	0	1	775	614	41572		079
@CynthiaLantaron	<a href="https://twitter.com/CynthiaLantaron" target="_blank">CynthiaLantaron</a>	1	0	1	638	301	10182	Bolmir - Santander	046
@DaArtero	<a href="https://twitter.com/DaArtero" target="_blank">DaArtero</a>	1	0	1	127	128	1313	Viladecans	071
@dacosta_lopez	<a href="https://twitter.com/dacosta_lopez" target="_blank">dacosta_lopez</a>	1	0	1	226	178	5507		010
@dahira69	<a href="https://twitter.com/dahira69" target="_blank">dahira69</a>	1	0	1	160	407	301	Cunit (Tarragona)	239
@DaLeftHook	<a href="https://twitter.com/DaLeftHook" target="_blank">DaLeftHook</a>	1	0	1	1860	5001	173499	Summertime in the LBC	043
@DalylamaJoe	<a href="https://twitter.com/DalylamaJoe" target="_blank">DalylamaJoe</a>	1	0	1	112	376	1032	Mayo, Ireland	047
@DamnMyBallsItch	<a href="https://twitter.com/DamnMyBallsItch" target="_blank">DamnMyBallsItch</a>	1	0	1	755	777	74178		004
@Danablondy	<a href="https://twitter.com/Danablondy" target="_blank">Danablondy</a>	1	0	1	65	398	566	BsAs	010
@DanBumbarger	<a href="https://twitter.com/DanBumbarger" target="_blank">DanBumbarger</a>	1	0	1	239	313	1388	Seattle, WA	019
@danconcepcion30	<a href="https://twitter.com/danconcepcion30" target="_blank">danconcepcion30</a>	1	0	1	129	363	1943	Concepción, Chile	012
@danelluengo	<a href="https://twitter.com/danelluengo" target="_blank">danelluengo</a>	1	0	1	272	297	3505	Atxabalta. Euskal Herria.	162
@dani_albacete	<a href="https://twitter.com/dani_albacete" target="_blank">dani_albacete</a>	1	1	0	317	596	1116	Barcelona, Cataluña	165
@dani_montserrat	<a href="https://twitter.com/dani_montserrat" target="_blank">dani_montserrat</a>	1	0	1	35	118	100		280
@Daniel60251858	<a href="https://twitter.com/Daniel60251858" target="_blank">Daniel60251858</a>	1	0	1	2	1	61		018
@danielberzosa	<a href="https://twitter.com/danielberzosa" target="_blank">danielberzosa</a>	4	0	1	184	31	8884		040
@DanielConesa96	<a href="https://twitter.com/DanielConesa96" target="_blank">DanielConesa96</a>	1	0	1	386	275	28460	Cartagena, Región de Murcia	040
@danilorigados	<a href="https://twitter.com/danilorigados" target="_blank">danilorigados</a>	1	0	1	72	94	4982	Chelyabinsk, Rusia	041
@danimarrani	<a href="https://twitter.com/danimarrani" target="_blank">danimarrani</a>	0	1	0					385
@danimurii31	<a href="https://twitter.com/danimurii31" target="_blank">danimurii31</a>	0	1	0					029
@daniotero97	<a href="https://twitter.com/daniotero97" target="_blank">daniotero97</a>	1	0	1	334	273	9487	Madrid	040
@danipineiro	<a href="https://twitter.com/danipineiro" target="_blank">danipineiro</a>	1	0	1	488	1152	126	allariz	010
@Danips	<a href="https://twitter.com/Danips" target="_blank">Danips</a>	2	3	0	6545	1287	51555		086
@DanLens	<a href="https://twitter.com/DanLens" target="_blank">DanLens</a>	1	0	1	1922	1072	29202		040
@danrhondda	<a href="https://twitter.com/danrhondda" target="_blank">danrhondda</a>	1	0	1	208	221	661	ÜT: 51.540912,-3.172692	257
@Danyydelacruz	<a href="https://twitter.com/Danyydelacruz" target="_blank">Danyydelacruz</a>	1	0	1	256	226	17545		040
@daprso	<a href="https://twitter.com/daprso" target="_blank">daprso</a>	0	1	0					012
@Darknesslady4	<a href="https://twitter.com/Darknesslady4" target="_blank">Darknesslady4</a>	1	0	1	146	397	3081	Bizkaia, País Vasco	010
@darrenoleary825	<a href="https://twitter.com/darrenoleary825" target="_blank">darrenoleary825</a>	6	0	2	754	566	46492	Belfast Ireland	039
@davewalshphoto	<a href="https://twitter.com/davewalshphoto" target="_blank">davewalshphoto</a>	4	1	0	3497	4982	16031	Sant Cugat, Barcelona	377
@david_aristegui	<a href="https://twitter.com/david_aristegui" target="_blank">david_aristegui</a>	3	0	1	1506	1460	20496	Madrid	010
@davidbernfdez	<a href="https://twitter.com/davidbernfdez" target="_blank">davidbernfdez</a>	1	0	1	916	631	42212	Madrid, Comunidad de Madrid	040
@davidcardona	<a href="https://twitter.com/davidcardona" target="_blank">davidcardona</a>	2	0	1	214	316	2620	Barcelona	004
@daviddlpozo	<a href="https://twitter.com/daviddlpozo" target="_blank">daviddlpozo</a>	3	0	3	967	2364	26455		010
@davidesi	<a href="https://twitter.com/davidesi" target="_blank">davidesi</a>	1	0	1	246	414	5090	Berlín, Alemania	040
@davidgmateu	<a href="https://twitter.com/davidgmateu" target="_blank">davidgmateu</a>	1	0	1	487	703	920	Periodisme & Humanitats	036
@DavidGuerreroYT	<a href="https://twitter.com/DavidGuerreroYT" target="_blank">DavidGuerreroYT</a>	1	0	1	225	424	2828	Santa Cruz de Tenerife, España	018
@davidjroud	<a href="https://twitter.com/davidjroud" target="_blank">davidjroud</a>	1	0	1	33	213	1237	London, UK	047
@DAVIDMIREIA	<a href="https://twitter.com/DAVIDMIREIA" target="_blank">DAVIDMIREIA</a>	2	0	1	174	601	3277	Barcelona, Catalunya	010
@DavidMZ1975	<a href="https://twitter.com/DavidMZ1975" target="_blank">DavidMZ1975</a>	8	0	1	14	40	860	Pineda de Mar	368
@davidobrador	<a href="https://twitter.com/davidobrador" target="_blank">davidobrador</a>	1	2	0	1443	871	9420	Barcelona	143
@DavidPeacalleja	<a href="https://twitter.com/DavidPeacalleja" target="_blank">DavidPeacalleja</a>	1	0	1	51	274	298	El Prat de Llobregat, España	206
@DavidPelegri	<a href="https://twitter.com/DavidPelegri" target="_blank">DavidPelegri</a>	20	0	1	80	91	10699		143
@davidserracreus	<a href="https://twitter.com/davidserracreus" target="_blank">davidserracreus</a>	1	0	1	238	877	13352		379
@DavidVFdez	<a href="https://twitter.com/DavidVFdez" target="_blank">DavidVFdez</a>	2	0	1	336	290	14896	Biduido, Ames	010
@Daviemc10	<a href="https://twitter.com/Daviemc10" target="_blank">Daviemc10</a>	1	0	1	1710	1611	21978	West Dunbartonshire	123
@davies42g	<a href="https://twitter.com/davies42g" target="_blank">davies42g</a>	1	0	1	2961	2293	188490		043
@davispiter	<a href="https://twitter.com/davispiter" target="_blank">davispiter</a>	4	0	1	237	415	6144	A Barcelona. Catalunya	010
@Davodielectric	<a href="https://twitter.com/Davodielectric" target="_blank">Davodielectric</a>	1	0	1	7	19	140		163
@dazmctaz44	<a href="https://twitter.com/dazmctaz44" target="_blank">dazmctaz44</a>	2	0	1	3831	4761	44962		043
@dbeltra3	<a href="https://twitter.com/dbeltra3" target="_blank">dbeltra3</a>	1	0	1	8	14	155	Masquefa, Espanya	009
@dbf1982	<a href="https://twitter.com/dbf1982" target="_blank">dbf1982</a>	1	0	1	796	1358	14882		040
@dcoscu	<a href="https://twitter.com/dcoscu" target="_blank">dcoscu</a>	3	0	1	1091	3608	23063	Barcelona - IT - BCN	017
@DdacSubirana	<a href="https://twitter.com/DdacSubirana" target="_blank">DdacSubirana</a>	1	0	1	16	102	70		339
@De_inercia	<a href="https://twitter.com/De_inercia" target="_blank">De_inercia</a>	1	0	1	3	50	18		010
@Decthefeck	<a href="https://twitter.com/Decthefeck" target="_blank">Decthefeck</a>	1	0	1	260	700	2089		080
@Degtyarev78	<a href="https://twitter.com/Degtyarev78" target="_blank">Degtyarev78</a>	1	0	1	623	589	3080	Санкт-Петербург	302
@deja_vu21	<a href="https://twitter.com/deja_vu21" target="_blank">deja_vu21</a>	1	0	1	103	187	1838		038
@del4rco	<a href="https://twitter.com/del4rco" target="_blank">del4rco</a>	1	0	1	205	812	4709		352
@delamapu	<a href="https://twitter.com/delamapu" target="_blank">delamapu</a>	6	0	1	136	154	4490		005
@delavhusein12	<a href="https://twitter.com/delavhusein12" target="_blank">delavhusein12</a>	1	0	1	13	35	212		350
@Democraceitor	<a href="https://twitter.com/Democraceitor" target="_blank">Democraceitor</a>	2	0	1	62	375	1289	Barcelona	010
@Demon_Cyborg	<a href="https://twitter.com/Demon_Cyborg" target="_blank">Demon_Cyborg</a>	2	0	1	176	815	22089	Japan	009
@denis__25	<a href="https://twitter.com/denis__25" target="_blank">denis__25</a>	1	0	1	458	745	27828	Cangas, Galicia	003
@dennis30bcn	<a href="https://twitter.com/dennis30bcn" target="_blank">dennis30bcn</a>	3	0	1	149	371	5157	barcelona	298
@DeplorableKAFIR	<a href="https://twitter.com/DeplorableKAFIR" target="_blank">DeplorableKAFIR</a>	4	0	1	1128	1509	47743	United States	004
@DEREK428	<a href="https://twitter.com/DEREK428" target="_blank">DEREK428</a>	1	0	1	5	11	113		047
@DesigRoig	<a href="https://twitter.com/DesigRoig" target="_blank">DesigRoig</a>	1	0	1	72	507	448		021
@DesireeSeattle	<a href="https://twitter.com/DesireeSeattle" target="_blank">DesireeSeattle</a>	1	0	1	1591	1276	150670		019
@despertaferro74	<a href="https://twitter.com/despertaferro74" target="_blank">despertaferro74</a>	16	0	1	93	408	5974		378
@devildrey33	<a href="https://twitter.com/devildrey33" target="_blank">devildrey33</a>	2	0	1	14	0	138		060
@DexterHouseCAT	<a href="https://twitter.com/DexterHouseCAT" target="_blank">DexterHouseCAT</a>	3	0	1	1788	1261	26726	Catalunya - Europa	017
@dfertl	<a href="https://twitter.com/dfertl" target="_blank">dfertl</a>	10	14	1	1136	3400	4786	Brussels, Belgium	039
@DheysRios	<a href="https://twitter.com/DheysRios" target="_blank">DheysRios</a>	1	3	0	454	1162	27773	Lima	026
@DianaEverington	<a href="https://twitter.com/DianaEverington" target="_blank">DianaEverington</a>	3	0	1	946	1388	45086	Barnsley, England	058
@dictusbeats	<a href="https://twitter.com/dictusbeats" target="_blank">dictusbeats</a>	1	0	1	109	81	45	Talavera de la Reina, España	045
@DiegoDesalojo	<a href="https://twitter.com/DiegoDesalojo" target="_blank">DiegoDesalojo</a>	1	0	1	64	84	490		147
@diegofanara	<a href="https://twitter.com/diegofanara" target="_blank">diegofanara</a>	1	0	1	2021	648	48352	Rosario	051
@diegoforce49	<a href="https://twitter.com/diegoforce49" target="_blank">diegoforce49</a>	1	0	1	59	481	964		045
@diegogriesgo	<a href="https://twitter.com/diegogriesgo" target="_blank">diegogriesgo</a>	1	0	1	67	303	8350	pasando'l muru pa lo verde	019
@diegomontero_uy	<a href="https://twitter.com/diegomontero_uy" target="_blank">diegomontero_uy</a>	2	0	2	0	1	11		003
@diegomoragues	<a href="https://twitter.com/diegomoragues" target="_blank">diegomoragues</a>	1	0	1	184	137	1071	BILBAO	041
@DiegoRequena7	<a href="https://twitter.com/DiegoRequena7" target="_blank">DiegoRequena7</a>	1	0	1	266	213	15507	Majadahonda, Comunidad de Madrid	046
@Dignitat_Rebel_	<a href="https://twitter.com/Dignitat_Rebel_" target="_blank">Dignitat_Rebel_</a>	2	0	1	689	761	3573	Donde pisan mis pies	381
@DIGT190	<a href="https://twitter.com/DIGT190" target="_blank">DIGT190</a>	1	0	1	351	419	34719		040
@Diken_Ezk	<a href="https://twitter.com/Diken_Ezk" target="_blank">Diken_Ezk</a>	1	0	1	2	22	10		032
@dileivac	<a href="https://twitter.com/dileivac" target="_blank">dileivac</a>	1	0	1	636	482	11512	Costa Rica	012
@Diots	<a href="https://twitter.com/Diots" target="_blank">Diots</a>	1	0	1	109	786	1922	Barcelona	017
@diridamdiridu	<a href="https://twitter.com/diridamdiridu" target="_blank">diridamdiridu</a>	5	0	1	199	767	1896	un lugar llamado mundo	027
@diyeicoco	<a href="https://twitter.com/diyeicoco" target="_blank">diyeicoco</a>	1	0	1	2692	847	698	Barcelona	009
@djinnnn19999	<a href="https://twitter.com/djinnnn19999" target="_blank">djinnnn19999</a>	2	0	1	2196	1518	45493	France	063
@DJSfel	<a href="https://twitter.com/DJSfel" target="_blank">DJSfel</a>	1	0	1	187	2010	7523	Switzerland	019
@dlpinedo	<a href="https://twitter.com/dlpinedo" target="_blank">dlpinedo</a>	0	32	0					020
@dlsanchez_12	<a href="https://twitter.com/dlsanchez_12" target="_blank">dlsanchez_12</a>	2	0	2	133	243	5671	Dallas, TX	004
@dmarjove	<a href="https://twitter.com/dmarjove" target="_blank">dmarjove</a>	1	0	1	67	220	770		017
@dmccafferty49	<a href="https://twitter.com/dmccafferty49" target="_blank">dmccafferty49</a>	1	0	1	1551	1088	11002	Clydebank	043
@dnicatala	<a href="https://twitter.com/dnicatala" target="_blank">dnicatala</a>	26	1	0	8855	1570	174784	Terrassa, Catalunya	017
@dnlt	<a href="https://twitter.com/dnlt" target="_blank">dnlt</a>	1	0	1	22	26	404		012
@doc3m	<a href="https://twitter.com/doc3m" target="_blank">doc3m</a>	9	0	1	147	338	10273	barcelona	017
@DoctorJ1972	<a href="https://twitter.com/DoctorJ1972" target="_blank">DoctorJ1972</a>	2	0	1	29	156	947	Vallromanes, España	017
@Dofineta5	<a href="https://twitter.com/Dofineta5" target="_blank">Dofineta5</a>	2	0	1	78	77	2851		269
@dogehkiin	<a href="https://twitter.com/dogehkiin" target="_blank">dogehkiin</a>	2	0	2	11	65	848		028
@Doherty4Carmel	<a href="https://twitter.com/Doherty4Carmel" target="_blank">Doherty4Carmel</a>	3	0	1	76	79	8843		043
@DoLeroux	<a href="https://twitter.com/DoLeroux" target="_blank">DoLeroux</a>	1	0	1	350	809	1400		070
@DonatelaBelen	<a href="https://twitter.com/DonatelaBelen" target="_blank">DonatelaBelen</a>	1	0	1	44	147	424	Almansa	003
@Donnan_S	<a href="https://twitter.com/Donnan_S" target="_blank">Donnan_S</a>	1	0	1	4145	1951	2364	Belfast, Northern Ireland	039
@DonpimPPon	<a href="https://twitter.com/DonpimPPon" target="_blank">DonpimPPon</a>	1	0	1	42	105	653	España	010
@DontEvenFight	<a href="https://twitter.com/DontEvenFight" target="_blank">DontEvenFight</a>	5	0	1	579	371	75315	04/04/2014	010
@dophin11	<a href="https://twitter.com/dophin11" target="_blank">dophin11</a>	8	0	1	2865	3388	242231	Alacant	010
@dracksroyale	<a href="https://twitter.com/dracksroyale" target="_blank">dracksroyale</a>	1	4	0	22	149	145		077
@dramalesbian_	<a href="https://twitter.com/dramalesbian_" target="_blank">dramalesbian_</a>	7	0	1	9860	369	524199	veganismo o barbarie Ⓥ	010
@dramercelgrau	<a href="https://twitter.com/dramercelgrau" target="_blank">dramercelgrau</a>	3	1	0	350	1070	1675	Catalunya!!!!! ICS Bcn. VHIR	339
@Drarexstream	<a href="https://twitter.com/Drarexstream" target="_blank">Drarexstream</a>	3	0	1	143	130	720	Sant Feliu de Guíxols, Espanya	005
@DrCh0le	<a href="https://twitter.com/DrCh0le" target="_blank">DrCh0le</a>	0	1	0					338
@dreadxa	<a href="https://twitter.com/dreadxa" target="_blank">dreadxa</a>	0	1	0					020
@Dressy761	<a href="https://twitter.com/Dressy761" target="_blank">Dressy761</a>	1	0	1	74	65	1564	Death star	087
@drew_hooks1	<a href="https://twitter.com/drew_hooks1" target="_blank">drew_hooks1</a>	2	0	1	80	201	898	Massachusetts; Georgia	080
@dreya_ayoub	<a href="https://twitter.com/dreya_ayoub" target="_blank">dreya_ayoub</a>	1	0	1	234	224	4956		049
@drginopereyra	<a href="https://twitter.com/drginopereyra" target="_blank">drginopereyra</a>	1	0	1	117	219	1208		051
@DrKassandraPari	<a href="https://twitter.com/DrKassandraPari" target="_blank">DrKassandraPari</a>	3	0	1	680	1388	58347	FORTITER inRE SUAVITER  inMODO	043
@drogulo	<a href="https://twitter.com/drogulo" target="_blank">drogulo</a>	1	0	1	117	420	2197		004
@drujanis	<a href="https://twitter.com/drujanis" target="_blank">drujanis</a>	1	0	1	312	1013	1482	Within the Heart	056
@druso58	<a href="https://twitter.com/druso58" target="_blank">druso58</a>	5	0	2	58	453	289		004
@dryssie	<a href="https://twitter.com/dryssie" target="_blank">dryssie</a>	2	0	1	303	199	17095	Barcelona	045
@dtraperom	<a href="https://twitter.com/dtraperom" target="_blank">dtraperom</a>	1	0	1	53	52	586		041
@DTrigoo	<a href="https://twitter.com/DTrigoo" target="_blank">DTrigoo</a>	2	0	2	86	349	349	BCN	010
@duartecorreaGZ	<a href="https://twitter.com/duartecorreaGZ" target="_blank">duartecorreaGZ</a>	1	2	0	1068	741	3514	Galiza	008
@DuglasLobo	<a href="https://twitter.com/DuglasLobo" target="_blank">DuglasLobo</a>	1	0	1	265	385	2699	Aricagua, Merida	044
@DuranEstevez00	<a href="https://twitter.com/DuranEstevez00" target="_blank">DuranEstevez00</a>	3	0	1	2080	2518	56726		010
@DuSoFabulous	<a href="https://twitter.com/DuSoFabulous" target="_blank">DuSoFabulous</a>	2	0	1	3256	3176	104982		314
@dvdblanco23	<a href="https://twitter.com/dvdblanco23" target="_blank">dvdblanco23</a>	1	0	1	6	25	64		020
@DXafer	<a href="https://twitter.com/DXafer" target="_blank">DXafer</a>	1	0	1	39	197	531	Usera City	017
@e_brailsford	<a href="https://twitter.com/e_brailsford" target="_blank">e_brailsford</a>	1	0	1	2128	2199	25060	Scotland	123
@E_Daumal	<a href="https://twitter.com/E_Daumal" target="_blank">E_Daumal</a>	0	1	0					335
@e_maartiineez	<a href="https://twitter.com/e_maartiineez" target="_blank">e_maartiineez</a>	1	0	1	63	202	305	Santiago de Compostela, España	041
@Echelon_43	<a href="https://twitter.com/Echelon_43" target="_blank">Echelon_43</a>	5	0	1	735	268	78371	Madrid, Comunidad de Madrid	010
@EcoDunSuspiro	<a href="https://twitter.com/EcoDunSuspiro" target="_blank">EcoDunSuspiro</a>	1	0	1	231	344	11277	A Coruña, Galicia	008
@ecrehuet	<a href="https://twitter.com/ecrehuet" target="_blank">ecrehuet</a>	1	0	1	67	162	1159	Girona	006
@edcarve	<a href="https://twitter.com/edcarve" target="_blank">edcarve</a>	3	0	1	17329	17322	123755	Edo. Bolivar, Venezuela	001
@Edgaaar_cm	<a href="https://twitter.com/Edgaaar_cm" target="_blank">Edgaaar_cm</a>	1	0	1	2	105	14		007
@Eduard_Argerich	<a href="https://twitter.com/Eduard_Argerich" target="_blank">Eduard_Argerich</a>	3	0	1	33	59	917	Navès, Cataluña	038
@eduard_ribera	<a href="https://twitter.com/eduard_ribera" target="_blank">eduard_ribera</a>	3	0	1	7	109	239	Sabadell, catalunya	017
@EduardEsteban92	<a href="https://twitter.com/EduardEsteban92" target="_blank">EduardEsteban92</a>	0	1	0					333
@eduardo_drama	<a href="https://twitter.com/eduardo_drama" target="_blank">eduardo_drama</a>	1	0	1	990	545	44483	Recife, PE	022
@eduardo19844951	<a href="https://twitter.com/eduardo19844951" target="_blank">eduardo19844951</a>	1	0	1	40	71	1593	Entre Valencia y Zaragoza	040
@EduBague	<a href="https://twitter.com/EduBague" target="_blank">EduBague</a>	2	1	0	72	210	1596	Quart (Catalunya)	332
@EduQuintanaCVS	<a href="https://twitter.com/EduQuintanaCVS" target="_blank">EduQuintanaCVS</a>	1	0	1	83	89	301	Barcelona	019
@effeditallup	<a href="https://twitter.com/effeditallup" target="_blank">effeditallup</a>	4	0	1	674	817	155708	barcelona, ppcc	005
@EFPCOM	<a href="https://twitter.com/EFPCOM" target="_blank">EFPCOM</a>	1	0	1	91	226	5635		010
@egido_perez	<a href="https://twitter.com/egido_perez" target="_blank">egido_perez</a>	1	0	1	2	21	5		019
@egloeda	<a href="https://twitter.com/egloeda" target="_blank">egloeda</a>	1	0	1	471	497	29496	En el Reino de España	040
@EgoArrieta	<a href="https://twitter.com/EgoArrieta" target="_blank">EgoArrieta</a>	2	0	1	39	50	19		013
@egopatxa	<a href="https://twitter.com/egopatxa" target="_blank">egopatxa</a>	1	0	1	141	539	3073	bilbo euskal herria	034
@eguzkihots	<a href="https://twitter.com/eguzkihots" target="_blank">eguzkihots</a>	5	0	2	863	866	5125	Euskal Herria	050
@ehbildu	<a href="https://twitter.com/ehbildu" target="_blank">ehbildu</a>	6	0	1	52913	754	55575	Euskal Herria	050
@EHBilduBaranain	<a href="https://twitter.com/EHBilduBaranain" target="_blank">EHBilduBaranain</a>	0	28	0					050
@eiacosta	<a href="https://twitter.com/eiacosta" target="_blank">eiacosta</a>	5	0	1	4867	1119	68944	Cuba	010
@EileenCouve_	<a href="https://twitter.com/EileenCouve_" target="_blank">EileenCouve_</a>	1	0	1	99	149	312	en la luna	044
@Eire138888	<a href="https://twitter.com/Eire138888" target="_blank">Eire138888</a>	1	0	1	265	2216	2307		028
@eirexado	<a href="https://twitter.com/eirexado" target="_blank">eirexado</a>	1	0	1	421	406	1677	Igrexafeita, San Sadurniño	055
@ejanet15	<a href="https://twitter.com/ejanet15" target="_blank">ejanet15</a>	41	8	0	2498	1290	210612	PLANETA TIERRA	011
@El_bana26	<a href="https://twitter.com/El_bana26" target="_blank">El_bana26</a>	3	0	1	215	596	5332		010
@el_desmontador	<a href="https://twitter.com/el_desmontador" target="_blank">el_desmontador</a>	3	0	1	90	283	6613		004
@EL_MATA_MITOS	<a href="https://twitter.com/EL_MATA_MITOS" target="_blank">EL_MATA_MITOS</a>	0	1	0					003
@el_villano	<a href="https://twitter.com/el_villano" target="_blank">el_villano</a>	1	0	1	320	428	8097	Brum/Barcelona/Dorridge	073
@elapampa	<a href="https://twitter.com/elapampa" target="_blank">elapampa</a>	1	0	1	341	360	19593	España	010
@ElBlogDelDrNo	<a href="https://twitter.com/ElBlogDelDrNo" target="_blank">ElBlogDelDrNo</a>	2	0	1	4	48	116	España	004
@elchicodelmaiz	<a href="https://twitter.com/elchicodelmaiz" target="_blank">elchicodelmaiz</a>	3	0	1	262	191	27769		050
@ElDrakul	<a href="https://twitter.com/ElDrakul" target="_blank">ElDrakul</a>	1	0	1	203	363	6882		051
@elemygaby76	<a href="https://twitter.com/elemygaby76" target="_blank">elemygaby76</a>	1	0	1	1998	2322	32006	Táchira, Venezuela	086
@Elena15358594	<a href="https://twitter.com/Elena15358594" target="_blank">Elena15358594</a>	2	0	1	42	66	641		017
@elenamuozgalla1	<a href="https://twitter.com/elenamuozgalla1" target="_blank">elenamuozgalla1</a>	3	0	1	1428	2494	54851		010
@elenkies	<a href="https://twitter.com/elenkies" target="_blank">elenkies</a>	0	1	0					299
@ElevatedHIrated	<a href="https://twitter.com/ElevatedHIrated" target="_blank">ElevatedHIrated</a>	1	0	1	54	381	1028		043
@elevenththesis	<a href="https://twitter.com/elevenththesis" target="_blank">elevenththesis</a>	1	0	1	633	1113	5342	Seattle, WA	007
@elhilorojo	<a href="https://twitter.com/elhilorojo" target="_blank">elhilorojo</a>	0	1	0					297
@eli_560	<a href="https://twitter.com/eli_560" target="_blank">eli_560</a>	1	0	1	53	114	575		046
@eli_rove	<a href="https://twitter.com/eli_rove" target="_blank">eli_rove</a>	1	0	1	10	46	130		006
@Elianamismi1	<a href="https://twitter.com/Elianamismi1" target="_blank">Elianamismi1</a>	1	0	1	551	375	400	Boliva	041
@eliarf_9b	<a href="https://twitter.com/eliarf_9b" target="_blank">eliarf_9b</a>	0	1	0					298
@Elisabet_Vidal	<a href="https://twitter.com/Elisabet_Vidal" target="_blank">Elisabet_Vidal</a>	1	0	1	222	380	1893	Barcelona	281
@ElisendaE	<a href="https://twitter.com/ElisendaE" target="_blank">ElisendaE</a>	15	0	1	108	153	12939		010
@eliyog0310	<a href="https://twitter.com/eliyog0310" target="_blank">eliyog0310</a>	1	0	1	18	89	964		010
@ellennoppe	<a href="https://twitter.com/ellennoppe" target="_blank">ellennoppe</a>	1	0	1	312	571	1141	Noordwijk, Holland	108
@elmadtu	<a href="https://twitter.com/elmadtu" target="_blank">elmadtu</a>	1	0	1	184	313	521	Madrid	010
@ELMANUDELSW	<a href="https://twitter.com/ELMANUDELSW" target="_blank">ELMANUDELSW</a>	1	0	1	195	233	5564		012
@Elmiillor	<a href="https://twitter.com/Elmiillor" target="_blank">Elmiillor</a>	0	5	0					071
@ElNegrux	<a href="https://twitter.com/ElNegrux" target="_blank">ElNegrux</a>	0	1	0					294
@ElNuevoNoDo	<a href="https://twitter.com/ElNuevoNoDo" target="_blank">ElNuevoNoDo</a>	1	2	0	181	395	360		014
@eloielbonnoi	<a href="https://twitter.com/eloielbonnoi" target="_blank">eloielbonnoi</a>	1	0	1	547	1295	6394	Catalunya	010
@EloiLoPz	<a href="https://twitter.com/EloiLoPz" target="_blank">EloiLoPz</a>	3	0	1	45	176	885	Sants-Badal, Barcelona	005
@eloresotzet	<a href="https://twitter.com/eloresotzet" target="_blank">eloresotzet</a>	16	0	1	91	207	2395		124
@EloyFP_SdS	<a href="https://twitter.com/EloyFP_SdS" target="_blank">EloyFP_SdS</a>	8	0	1	180	168	3801		195
@ElRojoBarbudo	<a href="https://twitter.com/ElRojoBarbudo" target="_blank">ElRojoBarbudo</a>	1	0	1	1328	621	83519	Воркута - Welcome to GULAG	010
@elroyheesbeen	<a href="https://twitter.com/elroyheesbeen" target="_blank">elroyheesbeen</a>	0	1	0					293
@elua99	<a href="https://twitter.com/elua99" target="_blank">elua99</a>	2	0	1	73	173	1181	Sant Celoni	071
@elvisnel	<a href="https://twitter.com/elvisnel" target="_blank">elvisnel</a>	1	0	1	933	1403	43680	argentina	010
@elvocerobdn	<a href="https://twitter.com/elvocerobdn" target="_blank">elvocerobdn</a>	6	0	1	23	40	1711		050
@emamolar	<a href="https://twitter.com/emamolar" target="_blank">emamolar</a>	1	0	1	1176	1371	21106		048
@EmilioRoda3	<a href="https://twitter.com/EmilioRoda3" target="_blank">EmilioRoda3</a>	1	0	1	328	313	7041	Madrid, Comunidad de Madrid	010
@Enanadelasort	<a href="https://twitter.com/Enanadelasort" target="_blank">Enanadelasort</a>	12	0	1	70	98	8734	Barcelona, Catalunya	009
@enazjosebarandi	<a href="https://twitter.com/enazjosebarandi" target="_blank">enazjosebarandi</a>	5	0	1	409	309	5179	EH	010
@EnbataInfo	<a href="https://twitter.com/EnbataInfo" target="_blank">EnbataInfo</a>	9	0	1	1212	253	4503		002
@EnderFox	<a href="https://twitter.com/EnderFox" target="_blank">EnderFox</a>	0	7	0					060
@enekodelamo	<a href="https://twitter.com/enekodelamo" target="_blank">enekodelamo</a>	5	0	1	171	356	1479	Oiartzun, Euskal Herria	002
@EneNewsRox	<a href="https://twitter.com/EneNewsRox" target="_blank">EneNewsRox</a>	1	0	1	504	956	18650	Edinburgh	043
@EnfoqueLatino	<a href="https://twitter.com/EnfoqueLatino" target="_blank">EnfoqueLatino</a>	1	0	1	1615	2219	75225	Los Angeles	044
@Engranatge	<a href="https://twitter.com/Engranatge" target="_blank">Engranatge</a>	0	1	0					291
@engteachervng	<a href="https://twitter.com/engteachervng" target="_blank">engteachervng</a>	1	0	1	2	4	131	Vilanova i la Geltrú, España	019
@enguidanos82	<a href="https://twitter.com/enguidanos82" target="_blank">enguidanos82</a>	1	0	1	63	207	386		310
@enjanpetit	<a href="https://twitter.com/enjanpetit" target="_blank">enjanpetit</a>	1	0	1	39	50	860		043
@enric_abat	<a href="https://twitter.com/enric_abat" target="_blank">enric_abat</a>	1	0	1	1	34	416		004
@enric_sabate	<a href="https://twitter.com/enric_sabate" target="_blank">enric_sabate</a>	1	0	1	386	1292	1601	Almería	117
@EnricHenry	<a href="https://twitter.com/EnricHenry" target="_blank">EnricHenry</a>	1	0	1	375	429	1848	Lleida	004
@EnricSabria	<a href="https://twitter.com/EnricSabria" target="_blank">EnricSabria</a>	2	1	0	79	242	1367	Malpas, England	015
@enriquealdaz	<a href="https://twitter.com/enriquealdaz" target="_blank">enriquealdaz</a>	2	0	1	4646	453	1285	España	010
@Epic_Joel97	<a href="https://twitter.com/Epic_Joel97" target="_blank">Epic_Joel97</a>	0	2	0					126
@EpiriaVictoria	<a href="https://twitter.com/EpiriaVictoria" target="_blank">EpiriaVictoria</a>	1	0	1	123	89	13601	Acres Soleados/ Floor 19	041
@er_gafa	<a href="https://twitter.com/er_gafa" target="_blank">er_gafa</a>	1	0	1	64	26	428	Cádiz, España	061
@ERC_INTL	<a href="https://twitter.com/ERC_INTL" target="_blank">ERC_INTL</a>	1	0	1	2438	792	2570	Catalonia	039
@ErcNoguera	<a href="https://twitter.com/ErcNoguera" target="_blank">ErcNoguera</a>	4	0	1	87	184	283		189
@Erdani_C	<a href="https://twitter.com/Erdani_C" target="_blank">Erdani_C</a>	2	0	1	367	489	21853	ciudad K	010
@EReccio	<a href="https://twitter.com/EReccio" target="_blank">EReccio</a>	1	0	1	826	978	37982		096
@erikinpark96	<a href="https://twitter.com/erikinpark96" target="_blank">erikinpark96</a>	2	0	1	121	199	4641	Barcelona	010
@eripinor	<a href="https://twitter.com/eripinor" target="_blank">eripinor</a>	1	0	1	680	587	43065	Madrid, España	380
@Ermeneutica2	<a href="https://twitter.com/Ermeneutica2" target="_blank">Ermeneutica2</a>	1	0	1	61	111	943	A Coruña, Galicia	010
@ErnaiPortu	<a href="https://twitter.com/ErnaiPortu" target="_blank">ErnaiPortu</a>	0	4	0					032
@ErnaMarlene	<a href="https://twitter.com/ErnaMarlene" target="_blank">ErnaMarlene</a>	3	0	1	989	464	11281	Asunción, Paraguay	010
@eroviracb	<a href="https://twitter.com/eroviracb" target="_blank">eroviracb</a>	1	0	1	279	555	1811	Madrid, Spain	106
@erralzale77	<a href="https://twitter.com/erralzale77" target="_blank">erralzale77</a>	1	1	0	173	254	4239		290
@Erramun2014	<a href="https://twitter.com/Erramun2014" target="_blank">Erramun2014</a>	8	8	0	1744	469	48703	Euskal Herria	035
@Esclarmund	<a href="https://twitter.com/Esclarmund" target="_blank">Esclarmund</a>	4	0	1	146	111	1710	Barceloneta	004
@escuin4	<a href="https://twitter.com/escuin4" target="_blank">escuin4</a>	3	0	1	249	486	3626		010
@esmalts	<a href="https://twitter.com/esmalts" target="_blank">esmalts</a>	3	0	1	395	534	12178	Barcelona	017
@EspaiAlternatiu	<a href="https://twitter.com/EspaiAlternatiu" target="_blank">EspaiAlternatiu</a>	2	0	1	1078	1621	10755	MMSS DE SORORITAT I LLUITA	133
@esperanzagnlez	<a href="https://twitter.com/esperanzagnlez" target="_blank">esperanzagnlez</a>	1	0	1	432	673	4823		010
@EsportsRAC1	<a href="https://twitter.com/EsportsRAC1" target="_blank">EsportsRAC1</a>	1	0	1	52674	187	16005	Catalunya	020
@esquerra_bdv	<a href="https://twitter.com/esquerra_bdv" target="_blank">esquerra_bdv</a>	0	1	0					287
@esquerraunida	<a href="https://twitter.com/esquerraunida" target="_blank">esquerraunida</a>	1	0	1	12069	2309	29576	País Valencià	014
@esquerresarbeca	<a href="https://twitter.com/esquerresarbeca" target="_blank">esquerresarbeca</a>	0	1	0					078
@Essent_huma	<a href="https://twitter.com/Essent_huma" target="_blank">Essent_huma</a>	9	0	2	133	131	13202		036
@estelaalic	<a href="https://twitter.com/estelaalic" target="_blank">estelaalic</a>	1	0	1	436	1047	2583	Alicante, España	137
@estemArreglats	<a href="https://twitter.com/estemArreglats" target="_blank">estemArreglats</a>	3	0	1	94	242	1884	Catalunya	010
@estermartia	<a href="https://twitter.com/estermartia" target="_blank">estermartia</a>	35	0	1	2718	4999	170294	Tortosa	010
@Estersj77	<a href="https://twitter.com/Estersj77" target="_blank">Estersj77</a>	0	3	0					092
@esther_flu	<a href="https://twitter.com/esther_flu" target="_blank">esther_flu</a>	0	1	0					286
@EstherIsthar	<a href="https://twitter.com/EstherIsthar" target="_blank">EstherIsthar</a>	2	0	1	118	659	4556		010
@EstherLugilator	<a href="https://twitter.com/EstherLugilator" target="_blank">EstherLugilator</a>	1	0	1	519	1470	15079	Barcelona, España	042
@esthumbe	<a href="https://twitter.com/esthumbe" target="_blank">esthumbe</a>	2	0	1	15	46	451		010
@estibadors_cat	<a href="https://twitter.com/estibadors_cat" target="_blank">estibadors_cat</a>	2	2	0	835	173	951		010
@EstradaLaia	<a href="https://twitter.com/EstradaLaia" target="_blank">EstradaLaia</a>	3	3	0	3241	1175	5403		101
@estrems1969	<a href="https://twitter.com/estrems1969" target="_blank">estrems1969</a>	1	0	1	1244	1192	23446	Valencia	040
@eteraqueserasi	<a href="https://twitter.com/eteraqueserasi" target="_blank">eteraqueserasi</a>	3	0	1	94	200	22974		008
@EtienneYohann	<a href="https://twitter.com/EtienneYohann" target="_blank">EtienneYohann</a>	1	0	1	326	1982	13271	Vosges, Lorraine	076
@etxaniz_a	<a href="https://twitter.com/etxaniz_a" target="_blank">etxaniz_a</a>	5	0	1	699	1598	4773	Zarautz (Euskal Herria)	002
@euge_dl	<a href="https://twitter.com/euge_dl" target="_blank">euge_dl</a>	1	0	1	593	204	29276	España	040
@eugeniaferre	<a href="https://twitter.com/eugeniaferre" target="_blank">eugeniaferre</a>	2	0	1	54	143	1824		017
@EUPARTYEFA	<a href="https://twitter.com/EUPARTYEFA" target="_blank">EUPARTYEFA</a>	6	15	0	4610	1514	18130	BRUSSELS	038
@EUROLANG	<a href="https://twitter.com/EUROLANG" target="_blank">EUROLANG</a>	2	1	0	3647	1422	8969	Brussels, Truro, Barcelona.	285
@eurorelajado	<a href="https://twitter.com/eurorelajado" target="_blank">eurorelajado</a>	7	0	3	18	153	1482	En alguna parte	004
@euskalduna9	<a href="https://twitter.com/euskalduna9" target="_blank">euskalduna9</a>	9	0	1	371	239	53486	Euskal Herria	005
@euzkogaztedi	<a href="https://twitter.com/euzkogaztedi" target="_blank">euzkogaztedi</a>	3	1	0	1645	568	1754	Euzkadi	284
@Eva_Aura_	<a href="https://twitter.com/Eva_Aura_" target="_blank">Eva_Aura_</a>	1	0	1	23	123	64		060
@Eva_Ontiveros	<a href="https://twitter.com/Eva_Ontiveros" target="_blank">Eva_Ontiveros</a>	2	1	0	404	1156	1107	London	129
@evafelamelas	<a href="https://twitter.com/evafelamelas" target="_blank">evafelamelas</a>	3	0	1	600	492	4460	Barcelona, Ciutat Vella	095
@EvaFerrerGarci1	<a href="https://twitter.com/EvaFerrerGarci1" target="_blank">EvaFerrerGarci1</a>	6	0	1	9	55	2076		005
@Evelinda_2010	<a href="https://twitter.com/Evelinda_2010" target="_blank">Evelinda_2010</a>	1	0	1	223	237	327		138
@Evelllynee	<a href="https://twitter.com/Evelllynee" target="_blank">Evelllynee</a>	1	0	1	1487	686	26280	Warszawa, Polska	047
@EvilPuppet4x2	<a href="https://twitter.com/EvilPuppet4x2" target="_blank">EvilPuppet4x2</a>	2	0	1	519	1137	45356	Lallybroch	010
@ewerton_55	<a href="https://twitter.com/ewerton_55" target="_blank">ewerton_55</a>	4	0	1	168	121	8933	Manresa	010
@EWS_FoTo	<a href="https://twitter.com/EWS_FoTo" target="_blank">EWS_FoTo</a>	1	0	1	610	691	5738	Montréal	015
@EXNdigital	<a href="https://twitter.com/EXNdigital" target="_blank">EXNdigital</a>	0	1	0					283
@ezetzpa	<a href="https://twitter.com/ezetzpa" target="_blank">ezetzpa</a>	2	0	1	302	630	9054		002
@F3R_nan	<a href="https://twitter.com/F3R_nan" target="_blank">F3R_nan</a>	1	0	1	97	753	9381	Madrid	040
@Fabiana_tfp	<a href="https://twitter.com/Fabiana_tfp" target="_blank">Fabiana_tfp</a>	4	2	0	24820	19399	199149		127
@fabianachiani	<a href="https://twitter.com/fabianachiani" target="_blank">fabianachiani</a>	2	0	1	549	372	42301	argentina	010
@fachadasdc	<a href="https://twitter.com/fachadasdc" target="_blank">fachadasdc</a>	6	0	2	69	238	9261		010
@FAFAboy97	<a href="https://twitter.com/FAFAboy97" target="_blank">FAFAboy97</a>	1	0	1	73	108	442	Barcelona, España	017
@FAndolini	<a href="https://twitter.com/FAndolini" target="_blank">FAndolini</a>	1	0	1	4712	4519	175447	America	010
@farlustyle	<a href="https://twitter.com/farlustyle" target="_blank">farlustyle</a>	0	1	0					282
@FatimaAatar	<a href="https://twitter.com/FatimaAatar" target="_blank">FatimaAatar</a>	0	2	0					128
@fattyfuckyou	<a href="https://twitter.com/fattyfuckyou" target="_blank">fattyfuckyou</a>	1	0	1	568	241	5071	Galiza	042
@fbpa_01	<a href="https://twitter.com/fbpa_01" target="_blank">fbpa_01</a>	1	0	1	567	1842	1200	Piura, Peru	085
@fcb1967	<a href="https://twitter.com/fcb1967" target="_blank">fcb1967</a>	2	0	1	4	25	260	Barcelona	004
@FCBtweets	<a href="https://twitter.com/FCBtweets" target="_blank">FCBtweets</a>	3	0	1	354	1013	9361		010
@fcoojeda	<a href="https://twitter.com/fcoojeda" target="_blank">fcoojeda</a>	1	0	1	549	754	11928	Santiago	012
@fefafarre	<a href="https://twitter.com/fefafarre" target="_blank">fefafarre</a>	1	0	1	86	139	180	Lleida	017
@Felip4Aguilera	<a href="https://twitter.com/Felip4Aguilera" target="_blank">Felip4Aguilera</a>	3	0	1	75	46	1814	Masquefa	010
@FelipeAL10	<a href="https://twitter.com/FelipeAL10" target="_blank">FelipeAL10</a>	1	0	1	270	309	2280	no maps	044
@felipecametome	<a href="https://twitter.com/felipecametome" target="_blank">felipecametome</a>	1	0	1	1626	3147	75238	Valencia	048
@felix_estelle	<a href="https://twitter.com/felix_estelle" target="_blank">felix_estelle</a>	2	0	1	115	112	429	tarragona	343
@fer3247	<a href="https://twitter.com/fer3247" target="_blank">fer3247</a>	1	0	1	517	687	8615	Dos Hermanas, España	071
@Ferganec_iz_Bel	<a href="https://twitter.com/Ferganec_iz_Bel" target="_blank">Ferganec_iz_Bel</a>	1	0	1	284	176	33604		056
@Fermintxo6	<a href="https://twitter.com/Fermintxo6" target="_blank">Fermintxo6</a>	2	0	1	68	167	2911		050
@fernacorral	<a href="https://twitter.com/fernacorral" target="_blank">fernacorral</a>	10	0	1	152	535	4563	España - Argentina	010
@FernandoAmbrona	<a href="https://twitter.com/FernandoAmbrona" target="_blank">FernandoAmbrona</a>	1	0	1	598	678	17536		040
@fernandorojibl1	<a href="https://twitter.com/fernandorojibl1" target="_blank">fernandorojibl1</a>	1	0	1	328	29	22009		010
@Ferocu59Curto	<a href="https://twitter.com/Ferocu59Curto" target="_blank">Ferocu59Curto</a>	1	0	1	46	66	1546	Cabrerizos, Castilla y León	079
@Ferran_Anglada	<a href="https://twitter.com/Ferran_Anglada" target="_blank">Ferran_Anglada</a>	2	0	1	24	110	383	Pals, España	091
@ferranguijarro	<a href="https://twitter.com/ferranguijarro" target="_blank">ferranguijarro</a>	2	0	1	632	912	35879	Barcelona	017
@Ferranibaez2	<a href="https://twitter.com/Ferranibaez2" target="_blank">Ferranibaez2</a>	1	0	1	0	38	46		097
@FerranSelf	<a href="https://twitter.com/FerranSelf" target="_blank">FerranSelf</a>	1	1	0	225	618	1266	Barcelona	281
@ferranval1	<a href="https://twitter.com/ferranval1" target="_blank">ferranval1</a>	1	0	1	1456	1393	4468	España	160
@Festeban61	<a href="https://twitter.com/Festeban61" target="_blank">Festeban61</a>	1	0	1	15	40	14		333
@fgz1409	<a href="https://twitter.com/fgz1409" target="_blank">fgz1409</a>	2	0	1	248	1194	7171	Sabadell	010
@fidsanalm	<a href="https://twitter.com/fidsanalm" target="_blank">fidsanalm</a>	1	0	1	104	464	7017	Tijuana, Baja California	010
@FIGOST	<a href="https://twitter.com/FIGOST" target="_blank">FIGOST</a>	1	0	1	686	1078	2427	Antofagasta	364
@FitoCorleone	<a href="https://twitter.com/FitoCorleone" target="_blank">FitoCorleone</a>	4	0	1	607	1184	50341	Vitoria-Gasteiz	010
@fjunytorrent	<a href="https://twitter.com/fjunytorrent" target="_blank">fjunytorrent</a>	1	0	1	4	42	112	Barcelona Catalunya	017
@FLBrooks93	<a href="https://twitter.com/FLBrooks93" target="_blank">FLBrooks93</a>	0	2	0					015
@FleetwoodAuthor	<a href="https://twitter.com/FleetwoodAuthor" target="_blank">FleetwoodAuthor</a>	1	0	1	708	981	322	New York, NY, USA	070
@Flekisatelit	<a href="https://twitter.com/Flekisatelit" target="_blank">Flekisatelit</a>	0	1	0					280
@FonsecaGarcia	<a href="https://twitter.com/FonsecaGarcia" target="_blank">FonsecaGarcia</a>	1	0	1	394	677	39911	Bogotá, D. C. Colombia	369
@FontenlaPaz	<a href="https://twitter.com/FontenlaPaz" target="_blank">FontenlaPaz</a>	4	0	2	55	144	2196	Tatooine	010
@FordFordmiguel	<a href="https://twitter.com/FordFordmiguel" target="_blank">FordFordmiguel</a>	1	0	1	117	268	748		044
@fpicadov	<a href="https://twitter.com/fpicadov" target="_blank">fpicadov</a>	6	0	1	67	158	8144		055
@FranceMob	<a href="https://twitter.com/FranceMob" target="_blank">FranceMob</a>	1	0	1	1082	1	443984	FRANCE (44500)	049
@francesc_fv	<a href="https://twitter.com/francesc_fv" target="_blank">francesc_fv</a>	1	0	1	2	78	567		023
@francesc130	<a href="https://twitter.com/francesc130" target="_blank">francesc130</a>	29	0	1	2377	2471	176043	Sant Just Desvern	064
@francescEG	<a href="https://twitter.com/francescEG" target="_blank">francescEG</a>	8	0	1	27	201	1114		009
@FrancinaTuron	<a href="https://twitter.com/FrancinaTuron" target="_blank">FrancinaTuron</a>	4	0	1	18	79	241		335
@franciscoyapo	<a href="https://twitter.com/franciscoyapo" target="_blank">franciscoyapo</a>	1	0	1	2427	1627	93465		010
@franguila	<a href="https://twitter.com/franguila" target="_blank">franguila</a>	1	0	1	374	684	5446	Vacarisses	049
@Frantxesca	<a href="https://twitter.com/Frantxesca" target="_blank">Frantxesca</a>	3	0	1	43	152	1140		072
@fraserceltic	<a href="https://twitter.com/fraserceltic" target="_blank">fraserceltic</a>	1	0	1	479	390	18760	Celtic	043
@Fred1665	<a href="https://twitter.com/Fred1665" target="_blank">Fred1665</a>	2	0	1	77	74	11548	Riom, Auvergne, France	049
@Free_Mason_Jar	<a href="https://twitter.com/Free_Mason_Jar" target="_blank">Free_Mason_Jar</a>	1	0	1	1675	2165	62612	Portland, OR	003
@freehoule	<a href="https://twitter.com/freehoule" target="_blank">freehoule</a>	1	0	1	182	886	3367	PACA, France	049
@FreeThinker2030	<a href="https://twitter.com/FreeThinker2030" target="_blank">FreeThinker2030</a>	7	10	0	883	2092	23958		055
@FReixach	<a href="https://twitter.com/FReixach" target="_blank">FReixach</a>	9	0	2	246	410	3453	Salt, Catalunya	372
@frentenacecosoc	<a href="https://twitter.com/frentenacecosoc" target="_blank">frentenacecosoc</a>	1	0	1	107	217	1454		044
@FrentePop	<a href="https://twitter.com/FrentePop" target="_blank">FrentePop</a>	4	0	1	3937	3108	28745	Melilla	010
@frgtnsoul	<a href="https://twitter.com/frgtnsoul" target="_blank">frgtnsoul</a>	2	0	1	181	234	9011		041
@friki_twisen	<a href="https://twitter.com/friki_twisen" target="_blank">friki_twisen</a>	1	0	1	60	174	3288	Salamanca	045
@Frikman2K9	<a href="https://twitter.com/Frikman2K9" target="_blank">Frikman2K9</a>	1	0	1	110	94	8083	España	045
@Frisac	<a href="https://twitter.com/Frisac" target="_blank">Frisac</a>	4	0	1	1754	1980	55044	Catalunya	010
@Frutta_Candita	<a href="https://twitter.com/Frutta_Candita" target="_blank">Frutta_Candita</a>	1	0	1	878	2050	4006	Italia	285
@FTnomajishan	<a href="https://twitter.com/FTnomajishan" target="_blank">FTnomajishan</a>	1	0	1	415	93	74845	Detrás tuyo	052
@FuegoFeerico	<a href="https://twitter.com/FuegoFeerico" target="_blank">FuegoFeerico</a>	1	0	1	97	171	16250	Aquí, allí y en ninguna parte.	045
@fumdeplastic	<a href="https://twitter.com/fumdeplastic" target="_blank">fumdeplastic</a>	1	0	1	2087	62	12410	Bella ciao	041
@furines	<a href="https://twitter.com/furines" target="_blank">furines</a>	2	0	1	14	132	441		010
@Fuyu_to_Natsu	<a href="https://twitter.com/Fuyu_to_Natsu" target="_blank">Fuyu_to_Natsu</a>	1	0	1	85	123	9865	Corte Noche	041
@fvillaronga1	<a href="https://twitter.com/fvillaronga1" target="_blank">fvillaronga1</a>	3	0	1	119	267	10865	La Llagosta - BCN - Catalunya.	010
@fwcorto972	<a href="https://twitter.com/fwcorto972" target="_blank">fwcorto972</a>	1	0	1	968	985	41495	Earth	187
@FXavierRC	<a href="https://twitter.com/FXavierRC" target="_blank">FXavierRC</a>	8	0	1	98	396	5956	Catalunya	038
@FxVilar	<a href="https://twitter.com/FxVilar" target="_blank">FxVilar</a>	1	0	1	158	859	1284	Baix Penedès. CATALUNYA ||*||	004
@G_Man_PT	<a href="https://twitter.com/G_Man_PT" target="_blank">G_Man_PT</a>	1	0	1	79	437	1639		040
@gabidelcielo	<a href="https://twitter.com/gabidelcielo" target="_blank">gabidelcielo</a>	1	0	1	144	324	4957	Ciudad de México	311
@GabisFerrari	<a href="https://twitter.com/GabisFerrari" target="_blank">GabisFerrari</a>	1	0	1	93	73	2041	São Paulo, Brasil	154
@gael_95	<a href="https://twitter.com/gael_95" target="_blank">gael_95</a>	1	0	1	181	210	3767	Baiona	040
@galderisi8861	<a href="https://twitter.com/galderisi8861" target="_blank">galderisi8861</a>	1	0	1	1843	1684	59014	Washington, USA	334
@GallegoPuig	<a href="https://twitter.com/GallegoPuig" target="_blank">GallegoPuig</a>	7	0	2	70	185	738	Barcelona	145
@GanemosLatina	<a href="https://twitter.com/GanemosLatina" target="_blank">GanemosLatina</a>	1	0	1	479	110	1147	Madrid, distrito 10	099
@GanemosMadrid	<a href="https://twitter.com/GanemosMadrid" target="_blank">GanemosMadrid</a>	0	3	0					099
@ganeshgp8	<a href="https://twitter.com/ganeshgp8" target="_blank">ganeshgp8</a>	2	0	1	143	218	461		264
@garbi_neu	<a href="https://twitter.com/garbi_neu" target="_blank">garbi_neu</a>	2	0	1	280	420	2658	Barañain -Euskal Herria-	050
@garethjordan	<a href="https://twitter.com/garethjordan" target="_blank">garethjordan</a>	1	0	1	589	2719	5941		213
@GarmanSusi	<a href="https://twitter.com/GarmanSusi" target="_blank">GarmanSusi</a>	0	1	0					278
@GarrafJNC	<a href="https://twitter.com/GarrafJNC" target="_blank">GarrafJNC</a>	0	1	0					277
@garroma	<a href="https://twitter.com/garroma" target="_blank">garroma</a>	1	0	1	363	789	5034	Tirando pa la Sierra	010
@GarroTejero	<a href="https://twitter.com/GarroTejero" target="_blank">GarroTejero</a>	19	0	1	12	90	1974	El Prat de Llobregat, España	124
@gatamaulabcn	<a href="https://twitter.com/gatamaulabcn" target="_blank">gatamaulabcn</a>	0	1	0					279
@Gatoisma	<a href="https://twitter.com/Gatoisma" target="_blank">Gatoisma</a>	1	0	1	58	131	8502		010
@GavinaFreixa	<a href="https://twitter.com/GavinaFreixa" target="_blank">GavinaFreixa</a>	4	0	3	60	121	35		030
@Gaviraeigood	<a href="https://twitter.com/Gaviraeigood" target="_blank">Gaviraeigood</a>	0	1	0					276
@gazbow666	<a href="https://twitter.com/gazbow666" target="_blank">gazbow666</a>	1	0	1	17	165	173		064
@GB_greenboy1622	<a href="https://twitter.com/GB_greenboy1622" target="_blank">GB_greenboy1622</a>	2	0	2	5	8	202	Estella, España	006
@gbi_92	<a href="https://twitter.com/gbi_92" target="_blank">gbi_92</a>	2	0	1	134	499	8953		017
@gebelque	<a href="https://twitter.com/gebelque" target="_blank">gebelque</a>	0	1	0					275
@GeEncLl	<a href="https://twitter.com/GeEncLl" target="_blank">GeEncLl</a>	10	0	1	121	547	4624	København, Hovedstaden	019
@geisterbis	<a href="https://twitter.com/geisterbis" target="_blank">geisterbis</a>	1	0	1	2	112	4		017
@gema	<a href="https://twitter.com/gema" target="_blank">gema</a>	3	1	0	534	337	2479	Rubí, Cataluña	273
@GEMbombers	<a href="https://twitter.com/GEMbombers" target="_blank">GEMbombers</a>	5	0	1	2391	158	3717	Cerdanyola del Vallès	146
@gemgire	<a href="https://twitter.com/gemgire" target="_blank">gemgire</a>	1	0	1	64	273	1369		182
@gemgovinda	<a href="https://twitter.com/gemgovinda" target="_blank">gemgovinda</a>	7	0	1	62	179	4254	l'Escala, Catalonia	291
@gemma_g_fabrega	<a href="https://twitter.com/gemma_g_fabrega" target="_blank">gemma_g_fabrega</a>	0	4	0					083
@gemma349	<a href="https://twitter.com/gemma349" target="_blank">gemma349</a>	3	0	1	6	71	385		092
@gemmaaleman	<a href="https://twitter.com/gemmaaleman" target="_blank">gemmaaleman</a>	0	1	0					272
@GemmaMarlo	<a href="https://twitter.com/GemmaMarlo" target="_blank">GemmaMarlo</a>	1	0	1	293	302	4644	Catalunya	112
@genauhinsehen	<a href="https://twitter.com/genauhinsehen" target="_blank">genauhinsehen</a>	1	0	1	259	27	6561	Bayern, Deutschland	261
@GeneralDefense	<a href="https://twitter.com/GeneralDefense" target="_blank">GeneralDefense</a>	1	0	1	6929	6756	76042	United States	004
@gerard2mylife	<a href="https://twitter.com/gerard2mylife" target="_blank">gerard2mylife</a>	1	0	1	471	1435	14095		010
@GerardGarriga	<a href="https://twitter.com/GerardGarriga" target="_blank">GerardGarriga</a>	5	1	0	336	731	10453	Les Planes d'Hostoles	269
@GerardMartIsern	<a href="https://twitter.com/GerardMartIsern" target="_blank">GerardMartIsern</a>	3	0	1	41	101	626		017
@Gerardpaz10	<a href="https://twitter.com/Gerardpaz10" target="_blank">Gerardpaz10</a>	0	1	0					270
@gerardsese	<a href="https://twitter.com/gerardsese" target="_blank">gerardsese</a>	0	2	0					125
@Germans_4Trump	<a href="https://twitter.com/Germans_4Trump" target="_blank">Germans_4Trump</a>	3	0	1	1901	3776	12758	New Hampshire, USA	043
@germarma	<a href="https://twitter.com/germarma" target="_blank">germarma</a>	1	0	1	335	1164	6983		040
@ggonzalez_29	<a href="https://twitter.com/ggonzalez_29" target="_blank">ggonzalez_29</a>	0	12	0					022
@Ghalia_K_V	<a href="https://twitter.com/Ghalia_K_V" target="_blank">Ghalia_K_V</a>	1	0	1	536	729	2406	Ciudad Real, España	010
@GHdez13	<a href="https://twitter.com/GHdez13" target="_blank">GHdez13</a>	1	0	1	48	100	756		044
@Gialloblu13	<a href="https://twitter.com/Gialloblu13" target="_blank">Gialloblu13</a>	1	0	1	546	556	48597	Vila-real, PV, PPCC	088
@Giinna12	<a href="https://twitter.com/Giinna12" target="_blank">Giinna12</a>	1	0	1	859	1394	4676	Los Angeles, CA	006
@ginasorolla	<a href="https://twitter.com/ginasorolla" target="_blank">ginasorolla</a>	1	0	1	5	25	47		005
@GingerHenny	<a href="https://twitter.com/GingerHenny" target="_blank">GingerHenny</a>	1	0	1	1883	927	150869	Villa Villekulla	066
@GinlLau	<a href="https://twitter.com/GinlLau" target="_blank">GinlLau</a>	1	0	1	2	27	37	Barcelona, Spain	054
@ginntonicnyc	<a href="https://twitter.com/ginntonicnyc" target="_blank">ginntonicnyc</a>	1	0	1	359	649	4551	NYC	293
@GinTonHic	<a href="https://twitter.com/GinTonHic" target="_blank">GinTonHic</a>	1	0	1	488	810	13462	Montréal, QUÉBEC, Canada	076
@GiovannaLiviana	<a href="https://twitter.com/GiovannaLiviana" target="_blank">GiovannaLiviana</a>	1	0	1	460	311	10829	New Romulus	030
@GironaVota	<a href="https://twitter.com/GironaVota" target="_blank">GironaVota</a>	5	1	0	2054	22	373		122
@GIUAR	<a href="https://twitter.com/GIUAR" target="_blank">GIUAR</a>	4	0	1	11801	7887	90121	Córdoba, España	010
@GiwrgosGanas7	<a href="https://twitter.com/GiwrgosGanas7" target="_blank">GiwrgosGanas7</a>	1	0	1	35	210	262		019
@GIZAKIA	<a href="https://twitter.com/GIZAKIA" target="_blank">GIZAKIA</a>	2	0	2	341	496	7515	Vitoria-Gasteiz	010
@Gladmysoul	<a href="https://twitter.com/Gladmysoul" target="_blank">Gladmysoul</a>	0	3	0					037
@Glez_Vecino	<a href="https://twitter.com/Glez_Vecino" target="_blank">Glez_Vecino</a>	1	0	1	354	339	25039	Madrid, España	040
@global_project	<a href="https://twitter.com/global_project" target="_blank">global_project</a>	1	1	0	14124	1517	33402		022
@gloecker	<a href="https://twitter.com/gloecker" target="_blank">gloecker</a>	1	0	1	24	73	37		005
@gloria_colion	<a href="https://twitter.com/gloria_colion" target="_blank">gloria_colion</a>	1	0	1	6	22	948		010
@Gloria20241629	<a href="https://twitter.com/Gloria20241629" target="_blank">Gloria20241629</a>	2	0	1	16	187	594		043
@GloriaMUrbano	<a href="https://twitter.com/GloriaMUrbano" target="_blank">GloriaMUrbano</a>	1	0	1	34	162	164		004
@gmargama	<a href="https://twitter.com/gmargama" target="_blank">gmargama</a>	2	0	1	3	59	56		020
@gmc_tw	<a href="https://twitter.com/gmc_tw" target="_blank">gmc_tw</a>	6	0	1	45	229	686		017
@GMolner	<a href="https://twitter.com/GMolner" target="_blank">GMolner</a>	1	0	1	3	36	216		010
@GNACorunha	<a href="https://twitter.com/GNACorunha" target="_blank">GNACorunha</a>	0	18	0					008
@GNogareda	<a href="https://twitter.com/GNogareda" target="_blank">GNogareda</a>	4	0	1	299	278	22708	Olesa de Montserrat	016
@godspeed23	<a href="https://twitter.com/godspeed23" target="_blank">godspeed23</a>	1	0	1	318	523	2455	Barcelona, Spain	019
@GoicocheaDaniel	<a href="https://twitter.com/GoicocheaDaniel" target="_blank">GoicocheaDaniel</a>	4	0	1	25	142	2426		021
@goikoetxea5	<a href="https://twitter.com/goikoetxea5" target="_blank">goikoetxea5</a>	2	0	2	801	134	2380	BILBAO	001
@goldie_64	<a href="https://twitter.com/goldie_64" target="_blank">goldie_64</a>	2	0	1	25	8	459	UK	043
@goLookGoRead	<a href="https://twitter.com/goLookGoRead" target="_blank">goLookGoRead</a>	1	0	1	606	347	67806	London	047
@gomanego	<a href="https://twitter.com/gomanego" target="_blank">gomanego</a>	1	0	1	4962	4517	105082	en el centro del epicentro.	010
@Gonpluaura	<a href="https://twitter.com/Gonpluaura" target="_blank">Gonpluaura</a>	2	0	1	334	836	12958	España Barcelona	010
@Gonsoliveira	<a href="https://twitter.com/Gonsoliveira" target="_blank">Gonsoliveira</a>	1	0	1	441	360	7177	Cangas do Morrazo	040
@gonzalez_luismi	<a href="https://twitter.com/gonzalez_luismi" target="_blank">gonzalez_luismi</a>	1	0	1	178	564	2714	Navalcan	067
@Gonzalvojordi	<a href="https://twitter.com/Gonzalvojordi" target="_blank">Gonzalvojordi</a>	5	0	1	371	358	20215	Barcelona.	010
@GonzoMau	<a href="https://twitter.com/GonzoMau" target="_blank">GonzoMau</a>	1	0	1	19056	5064	121439	Providencia, Chile	010
@goraaathleeetic	<a href="https://twitter.com/goraaathleeetic" target="_blank">goraaathleeetic</a>	1	0	1	71	228	1860	Las Palmas, Islas Canarias	061
@GordonDunsmuir	<a href="https://twitter.com/GordonDunsmuir" target="_blank">GordonDunsmuir</a>	2	0	1	2625	2943	96895		043
@gorrianik	<a href="https://twitter.com/gorrianik" target="_blank">gorrianik</a>	1	0	1	47	114	412		010
@GougeonMatthieu	<a href="https://twitter.com/GougeonMatthieu" target="_blank">GougeonMatthieu</a>	1	0	1	119	1814	4131		049
@GPC_55	<a href="https://twitter.com/GPC_55" target="_blank">GPC_55</a>	1	0	1	271	130	48358		010
@gporcina_psola	<a href="https://twitter.com/gporcina_psola" target="_blank">gporcina_psola</a>	1	0	1	37	344	369	Veracruz de Ignacio de la Llav	077
@GradosKelviin	<a href="https://twitter.com/GradosKelviin" target="_blank">GradosKelviin</a>	1	0	1	292	381	5176	Palma de Mallorca, España	188
@Gralcul	<a href="https://twitter.com/Gralcul" target="_blank">Gralcul</a>	0	2	0					121
@gralex08	<a href="https://twitter.com/gralex08" target="_blank">gralex08</a>	1	0	1	76	242	10673	Capital Federal, Argentina	044
@grancisne	<a href="https://twitter.com/grancisne" target="_blank">grancisne</a>	1	0	1	111	1339	567	ciudad de mexico	012
@graujoan	<a href="https://twitter.com/graujoan" target="_blank">graujoan</a>	2	0	1	213	726	787	Barcelona, Catalunya	064
@greengranma	<a href="https://twitter.com/greengranma" target="_blank">greengranma</a>	1	0	1	2165	3117	54195	Cardiff, Wales	043
@Gregiorius	<a href="https://twitter.com/Gregiorius" target="_blank">Gregiorius</a>	1	0	1	2412	1927	38288	Dutch Highlands	004
@gregorimpalome	<a href="https://twitter.com/gregorimpalome" target="_blank">gregorimpalome</a>	1	0	1	564	817	2276	Girona	010
@grexx1220grexx	<a href="https://twitter.com/grexx1220grexx" target="_blank">grexx1220grexx</a>	2	0	1	356	139	32286		043
@GrigoriuAdriana	<a href="https://twitter.com/GrigoriuAdriana" target="_blank">GrigoriuAdriana</a>	1	0	1	79	286	569	LLEIDA	091
@GrimmzLawZ	<a href="https://twitter.com/GrimmzLawZ" target="_blank">GrimmzLawZ</a>	1	0	1	50	315	2182	Manchester, Connecticut	004
@GtzFrmming	<a href="https://twitter.com/GtzFrmming" target="_blank">GtzFrmming</a>	0	1	0					261
@guadi_eg	<a href="https://twitter.com/guadi_eg" target="_blank">guadi_eg</a>	1	0	1	362	520	19511	Málaga, España	137
@gudariweb	<a href="https://twitter.com/gudariweb" target="_blank">gudariweb</a>	5	0	1	81	152	4220		034
@guifre2053	<a href="https://twitter.com/guifre2053" target="_blank">guifre2053</a>	67	0	1	964	1407	169567	Sabadell, Vallès, Catalunya	010
@guillem_fs	<a href="https://twitter.com/guillem_fs" target="_blank">guillem_fs</a>	1	0	1	600	550	14011	València	010
@Guillem23_13	<a href="https://twitter.com/Guillem23_13" target="_blank">Guillem23_13</a>	1	0	1	111	209	6183		005
@GuillemTrujillo	<a href="https://twitter.com/GuillemTrujillo" target="_blank">GuillemTrujillo</a>	3	0	2	105	146	327	Barcelona	004
@GUILLER57114806	<a href="https://twitter.com/GUILLER57114806" target="_blank">GUILLER57114806</a>	1	0	1	24	33	935		010
@GuillermoJulioS	<a href="https://twitter.com/GuillermoJulioS" target="_blank">GuillermoJulioS</a>	1	0	1	1188	613	14512		040
@guilless10	<a href="https://twitter.com/guilless10" target="_blank">guilless10</a>	1	0	1	32	126	1569		041
@GuineuNegre	<a href="https://twitter.com/GuineuNegre" target="_blank">GuineuNegre</a>	1	0	1	31	422	281	Anarkia	167
@guinevere368	<a href="https://twitter.com/guinevere368" target="_blank">guinevere368</a>	1	0	1	126	598	7192		002
@gulundru	<a href="https://twitter.com/gulundru" target="_blank">gulundru</a>	1	0	1	1079	167	27067	sevilla / coruña	008
@GumaMonica	<a href="https://twitter.com/GumaMonica" target="_blank">GumaMonica</a>	1	0	1	49	55	120		004
@Gumerpile	<a href="https://twitter.com/Gumerpile" target="_blank">Gumerpile</a>	1	0	1	325	692	7042	La Plata, Argentina	044
@gumonsan74	<a href="https://twitter.com/gumonsan74" target="_blank">gumonsan74</a>	1	0	1	3	18	635		017
@GureEskuDima	<a href="https://twitter.com/GureEskuDima" target="_blank">GureEskuDima</a>	0	1	0					260
@GusDiazMartin	<a href="https://twitter.com/GusDiazMartin" target="_blank">GusDiazMartin</a>	1	0	1	628	820	42238	Madrid	040
@gusolaran	<a href="https://twitter.com/gusolaran" target="_blank">gusolaran</a>	1	0	1	258	265	8893	montevideo	044
@GustavoSasvin	<a href="https://twitter.com/GustavoSasvin" target="_blank">GustavoSasvin</a>	1	0	1	65	193	1494	Guatemala	010
@GuzelyurtNimet	<a href="https://twitter.com/GuzelyurtNimet" target="_blank">GuzelyurtNimet</a>	1	0	1	44	81	180	Hatay, Türkiye	062
@gvalverdeSI	<a href="https://twitter.com/gvalverdeSI" target="_blank">gvalverdeSI</a>	1	0	1	1264	2002	9687	Taradell	060
@gzcontrainfo	<a href="https://twitter.com/gzcontrainfo" target="_blank">gzcontrainfo</a>	0	1	0					258
@Haidarx_	<a href="https://twitter.com/Haidarx_" target="_blank">Haidarx_</a>	3	0	2	1657	1043	47514	Barcelona	024
@HannaMestres	<a href="https://twitter.com/HannaMestres" target="_blank">HannaMestres</a>	3	0	1	73	105	739	Girona	010
@Hanson025	<a href="https://twitter.com/Hanson025" target="_blank">Hanson025</a>	2	0	1	914	3024	3523		043
@harrytaybfc	<a href="https://twitter.com/harrytaybfc" target="_blank">harrytaybfc</a>	1	0	1	233	2609	5049	Sheffield, England	010
@HatxyXT	<a href="https://twitter.com/HatxyXT" target="_blank">HatxyXT</a>	2	0	1	301	154	5273	Barcelona	126
@HausofMai	<a href="https://twitter.com/HausofMai" target="_blank">HausofMai</a>	1	0	1	1696	545	136378	❤ Euskadi 🔄 Barcelona ❤	367
@HAZAZYA	<a href="https://twitter.com/HAZAZYA" target="_blank">HAZAZYA</a>	1	0	1	12	69	924		003
@hecfuca	<a href="https://twitter.com/hecfuca" target="_blank">hecfuca</a>	1	0	1	28	194	225		045
@hector_dcs33	<a href="https://twitter.com/hector_dcs33" target="_blank">hector_dcs33</a>	1	0	1	68	294	939	En la mierda.	046
@HelenTamayins	<a href="https://twitter.com/HelenTamayins" target="_blank">HelenTamayins</a>	1	0	1	45	177	939		046
@heripc5	<a href="https://twitter.com/heripc5" target="_blank">heripc5</a>	1	0	1	276	623	1970	CATALUNYA - EUSKAL HERRIA	005
@HerrerCardena	<a href="https://twitter.com/HerrerCardena" target="_blank">HerrerCardena</a>	2	0	1	94	780	3992	Andújar, España	283
@HerrSchwarz1	<a href="https://twitter.com/HerrSchwarz1" target="_blank">HerrSchwarz1</a>	1	0	1	208	734	20830		286
@Herveta69	<a href="https://twitter.com/Herveta69" target="_blank">Herveta69</a>	1	0	1	3	13	579		373
@hesiantaldea	<a href="https://twitter.com/hesiantaldea" target="_blank">hesiantaldea</a>	0	3	0					090
@HewlettAndrew	<a href="https://twitter.com/HewlettAndrew" target="_blank">HewlettAndrew</a>	1	0	1	901	3617	33351	Norman, OK	065
@heyitssmariaa	<a href="https://twitter.com/heyitssmariaa" target="_blank">heyitssmariaa</a>	2	0	1	223	140	11371	Barcelona, Spain	041
@higevision	<a href="https://twitter.com/higevision" target="_blank">higevision</a>	1	0	1	1069	1762	119440	NONUKES	058
@hiperperry	<a href="https://twitter.com/hiperperry" target="_blank">hiperperry</a>	1	0	1	1	32	18		019
@Hiro_cat	<a href="https://twitter.com/Hiro_cat" target="_blank">Hiro_cat</a>	3	0	1	82	165	913	catalonia	045
@hiruma12_maite	<a href="https://twitter.com/hiruma12_maite" target="_blank">hiruma12_maite</a>	1	0	1	5	37	318		017
@hoIypeach	<a href="https://twitter.com/hoIypeach" target="_blank">hoIypeach</a>	1	0	1	780	457	88464		041
@HolaEmDicGa	<a href="https://twitter.com/HolaEmDicGa" target="_blank">HolaEmDicGa</a>	1	0	1	2	29	112		017
@holycrossydsa	<a href="https://twitter.com/holycrossydsa" target="_blank">holycrossydsa</a>	1	0	1	155	142	259	Worcester, MA	080
@HoracioNPerez	<a href="https://twitter.com/HoracioNPerez" target="_blank">HoracioNPerez</a>	1	0	1	268	1023	8013	Bcn Catalunya	010
@Housetier84	<a href="https://twitter.com/Housetier84" target="_blank">Housetier84</a>	0	1	0					256
@hptamara	<a href="https://twitter.com/hptamara" target="_blank">hptamara</a>	1	0	1	1959	2024	28651		044
@httpsbluemeth	<a href="https://twitter.com/httpsbluemeth" target="_blank">httpsbluemeth</a>	1	0	1	442	60	30671	gay hell	041
@huddite	<a href="https://twitter.com/huddite" target="_blank">huddite</a>	1	0	1	864	1128	14051	Australia	039
@hueleaazufre	<a href="https://twitter.com/hueleaazufre" target="_blank">hueleaazufre</a>	1	0	1	1412	1972	3568		012
@HughJaeger	<a href="https://twitter.com/HughJaeger" target="_blank">HughJaeger</a>	2	0	1	2544	2451	96906	Oxford	038
@hugored	<a href="https://twitter.com/hugored" target="_blank">hugored</a>	1	0	1	433	1293	15002	Roma	022
@Hugorodrigo81	<a href="https://twitter.com/Hugorodrigo81" target="_blank">Hugorodrigo81</a>	3	0	1	538	285	75545	Terrassa, Cataluña, ESPAÑA	040
@Huw_Aber	<a href="https://twitter.com/Huw_Aber" target="_blank">Huw_Aber</a>	1	1	0	111	116	167	Aberystwyth	257
@HZokre	<a href="https://twitter.com/HZokre" target="_blank">HZokre</a>	3	0	1	2371	2996	64834	Sotto l'incessante pioggia	010
@i_am_marcio	<a href="https://twitter.com/i_am_marcio" target="_blank">i_am_marcio</a>	1	0	1	13	51	72	Portugal	317
@iago_87_	<a href="https://twitter.com/iago_87_" target="_blank">iago_87_</a>	1	0	1	201	405	3469		055
@ianFilosofeando	<a href="https://twitter.com/ianFilosofeando" target="_blank">ianFilosofeando</a>	9	0	3	459	1387	22513	Mi buzón ✎✉ @AP33285 - BCN	010
@IanHarrold	<a href="https://twitter.com/IanHarrold" target="_blank">IanHarrold</a>	1	0	1	930	855	9372	North Cornwall, Europe	053
@ibaleire	<a href="https://twitter.com/ibaleire" target="_blank">ibaleire</a>	3	0	2	401	277	2879		005
@Iban1898	<a href="https://twitter.com/Iban1898" target="_blank">Iban1898</a>	2	0	1	264	759	7984	Bizkaia	010
@ibon2002	<a href="https://twitter.com/ibon2002" target="_blank">ibon2002</a>	0	1	0					255
@ICarnerG	<a href="https://twitter.com/ICarnerG" target="_blank">ICarnerG</a>	16	0	1	284	595	9905		010
@icas_13	<a href="https://twitter.com/icas_13" target="_blank">icas_13</a>	0	1	0					254
@icia97	<a href="https://twitter.com/icia97" target="_blank">icia97</a>	1	0	1	618	807	70080	Inserte lugar interesante	062
@iddqjej	<a href="https://twitter.com/iddqjej" target="_blank">iddqjej</a>	2	0	1	49	29	10598		010
@ideiazabaldu	<a href="https://twitter.com/ideiazabaldu" target="_blank">ideiazabaldu</a>	21	0	1	5769	595	49616	Gernika - Euskal Herria	050
@iDiarioES	<a href="https://twitter.com/iDiarioES" target="_blank">iDiarioES</a>	0	1	0					253
@idith120604	<a href="https://twitter.com/idith120604" target="_blank">idith120604</a>	5	0	1	118	279	664		231
@Idoia_07	<a href="https://twitter.com/Idoia_07" target="_blank">Idoia_07</a>	1	0	1	124	46	878		046
@ietxeondo	<a href="https://twitter.com/ietxeondo" target="_blank">ietxeondo</a>	3	0	1	414	461	22659		010
@IgorMeltxor	<a href="https://twitter.com/IgorMeltxor" target="_blank">IgorMeltxor</a>	4	3	0	8414	5624	13759	Ortuella (Bizkaia)	153
@Ijimiii	<a href="https://twitter.com/Ijimiii" target="_blank">Ijimiii</a>	2	0	1	194	139	19438	한국	041
@ikariswings	<a href="https://twitter.com/ikariswings" target="_blank">ikariswings</a>	1	0	1	214	328	6147		010
@ikerlazaro7	<a href="https://twitter.com/ikerlazaro7" target="_blank">ikerlazaro7</a>	1	0	1	570	514	13194	Bilbao, Europa	040
@ikerortega97	<a href="https://twitter.com/ikerortega97" target="_blank">ikerortega97</a>	1	0	1	215	245	5217	Lezo town, Basque country	165
@ikerzam31	<a href="https://twitter.com/ikerzam31" target="_blank">ikerzam31</a>	1	0	1	709	754	8555	Bilbao	046
@ikitomur	<a href="https://twitter.com/ikitomur" target="_blank">ikitomur</a>	0	1	0					252
@imaalw	<a href="https://twitter.com/imaalw" target="_blank">imaalw</a>	1	0	1	309	400	11788		043
@iMacawen	<a href="https://twitter.com/iMacawen" target="_blank">iMacawen</a>	0	37	0					046
@imanolarbaiza	<a href="https://twitter.com/imanolarbaiza" target="_blank">imanolarbaiza</a>	2	0	1	369	593	4007	Basauri	010
@imanolbv89	<a href="https://twitter.com/imanolbv89" target="_blank">imanolbv89</a>	1	0	1	377	841	884	Beijing	003
@IMarcuello	<a href="https://twitter.com/IMarcuello" target="_blank">IMarcuello</a>	4	1	0	1778	1351	33749	Sant Adrià de Besòs/ Barcelona	244
@imcarlosentenza	<a href="https://twitter.com/imcarlosentenza" target="_blank">imcarlosentenza</a>	0	1	0					245
@IMekinasi	<a href="https://twitter.com/IMekinasi" target="_blank">IMekinasi</a>	1	0	1	71	814	623		040
@ImLMP	<a href="https://twitter.com/ImLMP" target="_blank">ImLMP</a>	2	1	1	16	36	192	Vilanova i la Geltrú, Catalunya	387
@immabastida	<a href="https://twitter.com/immabastida" target="_blank">immabastida</a>	10	0	1	373	827	48067	Banlieu sud de Paris	009
@immabebo	<a href="https://twitter.com/immabebo" target="_blank">immabebo</a>	9	0	1	84	149	2181	Sant Antoni de Vilamajor	010
@immafp	<a href="https://twitter.com/immafp" target="_blank">immafp</a>	1	0	1	14	160	135	Sant Boi de Llobregat	020
@immavilaltasala	<a href="https://twitter.com/immavilaltasala" target="_blank">immavilaltasala</a>	1	0	1	12	43	733	Baden, Österreich	017
@ImundiRL	<a href="https://twitter.com/ImundiRL" target="_blank">ImundiRL</a>	1	0	1	1346	3901	45980	Universal	010
@imxrenx	<a href="https://twitter.com/imxrenx" target="_blank">imxrenx</a>	1	0	1	798	185	60660		010
@in_your_room	<a href="https://twitter.com/in_your_room" target="_blank">in_your_room</a>	1	0	1	12	76	696	Msk	030
@Inalbis63	<a href="https://twitter.com/Inalbis63" target="_blank">Inalbis63</a>	1	0	1	94	629	3902		010
@InaMA_1998	<a href="https://twitter.com/InaMA_1998" target="_blank">InaMA_1998</a>	1	0	1	295	316	3734	Barañain, EH | Bartzelona, CAT	050
@independentcata	<a href="https://twitter.com/independentcata" target="_blank">independentcata</a>	9	0	1	1745	2306	36816	Barcelona, Catalunya	010
@indepesCCOO	<a href="https://twitter.com/indepesCCOO" target="_blank">indepesCCOO</a>	11	43	0	1169	247	5056	Catalunya	012
@INDIGNATOR	<a href="https://twitter.com/INDIGNATOR" target="_blank">INDIGNATOR</a>	1	0	1	149	418	7973	THIS PATHETIC WORLD	019
@Inestable00	<a href="https://twitter.com/Inestable00" target="_blank">Inestable00</a>	0	1	0					237
@infoBLOC	<a href="https://twitter.com/infoBLOC" target="_blank">infoBLOC</a>	2	0	1	6175	2553	7899	País Valencià	081
@ingigo33	<a href="https://twitter.com/ingigo33" target="_blank">ingigo33</a>	1	0	1	2775	1456	178479		058
@Ingrid_Chm	<a href="https://twitter.com/Ingrid_Chm" target="_blank">Ingrid_Chm</a>	2	1	0	11	152	224		236
@inigolanda	<a href="https://twitter.com/inigolanda" target="_blank">inigolanda</a>	2	2	0	1125	691	17154	Bilbao-Bizkaia-Euzkadi-Europa	001
@inkontz	<a href="https://twitter.com/inkontz" target="_blank">inkontz</a>	0	1	0					234
@Innnnnnside	<a href="https://twitter.com/Innnnnnside" target="_blank">Innnnnnside</a>	1	0	1	4020	1852	128449	Venus	012
@inpanda_	<a href="https://twitter.com/inpanda_" target="_blank">inpanda_</a>	4	0	1	633	157	112910	Invernalia.	010
@Ins0mnia___	<a href="https://twitter.com/Ins0mnia___" target="_blank">Ins0mnia___</a>	1	0	1	549	348	38003	Come as you are	041
@intelicolectiva	<a href="https://twitter.com/intelicolectiva" target="_blank">intelicolectiva</a>	1	0	1	126	286	762	Madrid, Comunidad de Madrid	041
@intxaursaltsa	<a href="https://twitter.com/intxaursaltsa" target="_blank">intxaursaltsa</a>	2	0	2	1026	2402	14164		002
@iolandagc	<a href="https://twitter.com/iolandagc" target="_blank">iolandagc</a>	0	1	0					235
@ionandonidelamo	<a href="https://twitter.com/ionandonidelamo" target="_blank">ionandonidelamo</a>	1	2	0	283	217	608		013
@IraitzSierra	<a href="https://twitter.com/IraitzSierra" target="_blank">IraitzSierra</a>	1	0	1	418	2034	3778	Bizkaia, País Vasco	010
@Iraultza82	<a href="https://twitter.com/Iraultza82" target="_blank">Iraultza82</a>	3	0	1	45	203	2075		050
@IreenanisSUP	<a href="https://twitter.com/IreenanisSUP" target="_blank">IreenanisSUP</a>	1	0	1	176	383	15314		040
@irenenaruba	<a href="https://twitter.com/irenenaruba" target="_blank">irenenaruba</a>	0	1	0					233
@IriaSenraPiment	<a href="https://twitter.com/IriaSenraPiment" target="_blank">IriaSenraPiment</a>	1	0	1	204	311	3648	Galicia	010
@Irieiriepas	<a href="https://twitter.com/Irieiriepas" target="_blank">Irieiriepas</a>	2	0	1	81	151	10697		047
@IrisGarciaBCN	<a href="https://twitter.com/IrisGarciaBCN" target="_blank">IrisGarciaBCN</a>	10	0	2	340	518	7191	Sant Martí de Tous, Catalunya	010
@IrishGolfDesk	<a href="https://twitter.com/IrishGolfDesk" target="_blank">IrishGolfDesk</a>	1	0	1	14134	3545	41997	Dublin, Ireland	030
@is_vic_there	<a href="https://twitter.com/is_vic_there" target="_blank">is_vic_there</a>	1	0	1	872	760	20397	England, United Kingdom	065
@isa_roor	<a href="https://twitter.com/isa_roor" target="_blank">isa_roor</a>	40	0	2	104	112	13609	Barcelona	025
@IsaacTenas	<a href="https://twitter.com/IsaacTenas" target="_blank">IsaacTenas</a>	0	1	0					232
@IsabelAlcal3	<a href="https://twitter.com/IsabelAlcal3" target="_blank">IsabelAlcal3</a>	2	0	1	514	672	35258		044
@IsabelAlmato	<a href="https://twitter.com/IsabelAlmato" target="_blank">IsabelAlmato</a>	3	0	1	275	225	4558	Esplugues	004
@IsabelPrezVale2	<a href="https://twitter.com/IsabelPrezVale2" target="_blank">IsabelPrezVale2</a>	7	0	1	54	36	4022		143
@iscagz	<a href="https://twitter.com/iscagz" target="_blank">iscagz</a>	3	0	1	3378	406	7875	Galiza	258
@ISMVALSyR	<a href="https://twitter.com/ISMVALSyR" target="_blank">ISMVALSyR</a>	16	0	1	4650	4045	243604	Valencia	010
@israfel070	<a href="https://twitter.com/israfel070" target="_blank">israfel070</a>	6	0	2	2640	2724	9116	Long Beach, CA	030
@IsThisAB0t	<a href="https://twitter.com/IsThisAB0t" target="_blank">IsThisAB0t</a>	61	0	1	2460	1272	415431	Scotland, United Kingdom	117
@itsbasilisco	<a href="https://twitter.com/itsbasilisco" target="_blank">itsbasilisco</a>	3	0	1	329	1180	6489		046
@itsFranco	<a href="https://twitter.com/itsFranco" target="_blank">itsFranco</a>	1	0	1	11651	3658	93501	Arizona, USA	004
@itssaalma	<a href="https://twitter.com/itssaalma" target="_blank">itssaalma</a>	1	0	1	18	152	69		007
@ITSUE666	<a href="https://twitter.com/ITSUE666" target="_blank">ITSUE666</a>	2	0	1	28	60	976		043
@itxasoatutxa	<a href="https://twitter.com/itxasoatutxa" target="_blank">itxasoatutxa</a>	1	2	0	2539	203	2840	Euskadi	001
@ItziOne	<a href="https://twitter.com/ItziOne" target="_blank">ItziOne</a>	1	0	1	156	345	4068		014
@itzz04	<a href="https://twitter.com/itzz04" target="_blank">itzz04</a>	1	0	1	133	124	582	Bilbo, Euskal Herria.	051
@IUDEX1970	<a href="https://twitter.com/IUDEX1970" target="_blank">IUDEX1970</a>	1	0	1	833	1120	24127	D.F.	044
@iuserraelias	<a href="https://twitter.com/iuserraelias" target="_blank">iuserraelias</a>	4	0	1	11	92	285		146
@ivan_arroyo86	<a href="https://twitter.com/ivan_arroyo86" target="_blank">ivan_arroyo86</a>	1	0	1	328	310	15437	Béjar-Getafe	040
@IvanAlman	<a href="https://twitter.com/IvanAlman" target="_blank">IvanAlman</a>	4	0	1	446	284	1274		210
@IvanLianes	<a href="https://twitter.com/IvanLianes" target="_blank">IvanLianes</a>	1	0	1	13	71	205		028
@ivanmc81	<a href="https://twitter.com/ivanmc81" target="_blank">ivanmc81</a>	5	0	2	48	69	1265	Tarragona	017
@IvanMosovitch	<a href="https://twitter.com/IvanMosovitch" target="_blank">IvanMosovitch</a>	1	0	1	1186	2175	79909	the deep sth Wales	047
@ivanol79	<a href="https://twitter.com/ivanol79" target="_blank">ivanol79</a>	1	1	0	1371	1767	23204	Olesa de Montserrat	231
@ivanovsly	<a href="https://twitter.com/ivanovsly" target="_blank">ivanovsly</a>	1	0	1	15	119	358	Caldes de Montbui, España	005
@ivetplaya99	<a href="https://twitter.com/ivetplaya99" target="_blank">ivetplaya99</a>	0	1	0					230
@IXVIE	<a href="https://twitter.com/IXVIE" target="_blank">IXVIE</a>	1	0	1	3	126	21	Mars	057
@Izan_One	<a href="https://twitter.com/Izan_One" target="_blank">Izan_One</a>	1	0	1	79	193	1150	Mercurio	025
@izquierdadiario	<a href="https://twitter.com/izquierdadiario" target="_blank">izquierdadiario</a>	0	57	0					044
@iztumar	<a href="https://twitter.com/iztumar" target="_blank">iztumar</a>	1	0	1	146	194	4814	Lasarte-Oria	050
@j_palet	<a href="https://twitter.com/j_palet" target="_blank">j_palet</a>	1	0	1	31	47	839		005
@J0HNyRISu	<a href="https://twitter.com/J0HNyRISu" target="_blank">J0HNyRISu</a>	1	0	1	473	777	27012	Barcelona	045
@JacintoRelleno	<a href="https://twitter.com/JacintoRelleno" target="_blank">JacintoRelleno</a>	0	1	0					205
@JacobAWohl	<a href="https://twitter.com/JacobAWohl" target="_blank">JacobAWohl</a>	1	0	1	76068	33155	13026	Los Angeles, CA	004
@jaded_gal05	<a href="https://twitter.com/jaded_gal05" target="_blank">jaded_gal05</a>	1	0	1	395	458	15975	Holyshitville, USA	054
@jaeleeme	<a href="https://twitter.com/jaeleeme" target="_blank">jaeleeme</a>	1	0	1	41	153	2680	Marte	010
@JaEspsLr	<a href="https://twitter.com/JaEspsLr" target="_blank">JaEspsLr</a>	1	0	1	288	482	25240	Irrelevante, Búscame	041
@jafeliu	<a href="https://twitter.com/jafeliu" target="_blank">jafeliu</a>	3	0	1	57	101	1175	Cardedeu, Catalunya	020
@jahz1979	<a href="https://twitter.com/jahz1979" target="_blank">jahz1979</a>	5	0	1	190	399	3609	barcelona	238
@Jaimeatangarife	<a href="https://twitter.com/Jaimeatangarife" target="_blank">Jaimeatangarife</a>	2	0	1	62	173	740	Barcelona - España	173
@Jakista	<a href="https://twitter.com/Jakista" target="_blank">Jakista</a>	0	5	0					070
@jalfaras1	<a href="https://twitter.com/jalfaras1" target="_blank">jalfaras1</a>	2	0	1	61	35	5105		196
@Jamesforleader	<a href="https://twitter.com/Jamesforleader" target="_blank">Jamesforleader</a>	1	0	1	60	47	580	Oxford, England	004
@JamieKelseyFry	<a href="https://twitter.com/JamieKelseyFry" target="_blank">JamieKelseyFry</a>	0	11	0					053
@Jamohiventa	<a href="https://twitter.com/Jamohiventa" target="_blank">Jamohiventa</a>	1	0	1	10	85	264		040
@jan_logbcn	<a href="https://twitter.com/jan_logbcn" target="_blank">jan_logbcn</a>	1	0	1	14	80	790	Vila de Gracia, Barcelona	005
@Jan1ce2011	<a href="https://twitter.com/Jan1ce2011" target="_blank">Jan1ce2011</a>	1	0	1	844	1352	21626	Scotland	047
@janasole_23	<a href="https://twitter.com/janasole_23" target="_blank">janasole_23</a>	2	0	2	109	71	1355	Barcelona, Catalunya	006
@JaNcUs_7	<a href="https://twitter.com/JaNcUs_7" target="_blank">JaNcUs_7</a>	1	0	1	130	313	22	Barcelona, Catalunya	004
@jandre2k3	<a href="https://twitter.com/jandre2k3" target="_blank">jandre2k3</a>	1	0	1	79	94	4916	Carmichael, CA	056
@janekendrick56	<a href="https://twitter.com/janekendrick56" target="_blank">janekendrick56</a>	1	0	1	28	53	24		015
@janiberta17	<a href="https://twitter.com/janiberta17" target="_blank">janiberta17</a>	2	0	2	73	99	652		035
@janiceponchak	<a href="https://twitter.com/janiceponchak" target="_blank">janiceponchak</a>	1	0	1	1205	1034	73876		004
@janinavilana	<a href="https://twitter.com/janinavilana" target="_blank">janinavilana</a>	4	0	1	667	288	9824	Berga	017
@JanMargarit	<a href="https://twitter.com/JanMargarit" target="_blank">JanMargarit</a>	0	1	0					229
@jantongo	<a href="https://twitter.com/jantongo" target="_blank">jantongo</a>	5	0	1	498	304	64552	41.351582,2.123916	004
@janvlug	<a href="https://twitter.com/janvlug" target="_blank">janvlug</a>	1	0	1	608	1475	3710	Delft	030
@JanVoordouw	<a href="https://twitter.com/JanVoordouw" target="_blank">JanVoordouw</a>	1	0	1	5732	853	13865	Between Haiti & Jamaica	030
@Jaolmedagm	<a href="https://twitter.com/Jaolmedagm" target="_blank">Jaolmedagm</a>	1	0	1	134	304	15403	Madrid, Spain	040
@japereiras	<a href="https://twitter.com/japereiras" target="_blank">japereiras</a>	2	0	1	119	610	6548		010
@jarquecm	<a href="https://twitter.com/jarquecm" target="_blank">jarquecm</a>	1	0	1	203	332	5571		040
@JasoBaso	<a href="https://twitter.com/JasoBaso" target="_blank">JasoBaso</a>	1	0	1	270	805	757	Eratsun	019
@Jaspepic	<a href="https://twitter.com/Jaspepic" target="_blank">Jaspepic</a>	1	0	1	137	108	14628	Elche (Alicante)	040
@Jaume_Berenguer	<a href="https://twitter.com/Jaume_Berenguer" target="_blank">Jaume_Berenguer</a>	1	0	1	110	124	2563		081
@jaumelloret	<a href="https://twitter.com/jaumelloret" target="_blank">jaumelloret</a>	5	0	1	309	1289	4774		004
@JaumeMoyaM	<a href="https://twitter.com/JaumeMoyaM" target="_blank">JaumeMoyaM</a>	0	2	0					105
@JaumeRoque	<a href="https://twitter.com/JaumeRoque" target="_blank">JaumeRoque</a>	2	0	1	220	1073	998	Sant Gervasi Galvany, BCN	010
@jaumetarga	<a href="https://twitter.com/jaumetarga" target="_blank">jaumetarga</a>	1	0	1	107	184	1579		158
@Javi_Quique_OK	<a href="https://twitter.com/Javi_Quique_OK" target="_blank">Javi_Quique_OK</a>	34	0	1	26859	19052	400612	Galdo, España	008
@javialquezar	<a href="https://twitter.com/javialquezar" target="_blank">javialquezar</a>	2	0	1	193	843	28806	Depende	010
@JaviCamino88	<a href="https://twitter.com/JaviCamino88" target="_blank">JaviCamino88</a>	1	0	1	195	215	3986	Sevilla	040
@javier_monge	<a href="https://twitter.com/javier_monge" target="_blank">javier_monge</a>	1	0	1	359	909	1508	Alcalá de Guadaíra, Sevilla	040
@javier_sanr	<a href="https://twitter.com/javier_sanr" target="_blank">javier_sanr</a>	1	0	1	46	246	2635	Cantabria, España	040
@Javierjogav	<a href="https://twitter.com/Javierjogav" target="_blank">Javierjogav</a>	14	0	8	250	579	2141		010
@javierpino1976	<a href="https://twitter.com/javierpino1976" target="_blank">javierpino1976</a>	1	0	1	72	449	731		010
@javierpoveda	<a href="https://twitter.com/javierpoveda" target="_blank">javierpoveda</a>	0	2	0					106
@Javierr92	<a href="https://twitter.com/Javierr92" target="_blank">Javierr92</a>	1	0	1	49	286	118		097
@javierwarrillo	<a href="https://twitter.com/javierwarrillo" target="_blank">javierwarrillo</a>	1	0	1	148	419	2788	VIVO EN MI CASA	007
@JaviSanchez199	<a href="https://twitter.com/JaviSanchez199" target="_blank">JaviSanchez199</a>	7	0	1	175	1173	372	Montbui - Igualada	089
@javisr14	<a href="https://twitter.com/javisr14" target="_blank">javisr14</a>	8	0	2	129	471	21651	Barcelona	010
@javitrc	<a href="https://twitter.com/javitrc" target="_blank">javitrc</a>	4	0	1	451	1118	20617		024
@jaymckelvie	<a href="https://twitter.com/jaymckelvie" target="_blank">jaymckelvie</a>	1	0	1	54	101	1556		066
@Jayu31415	<a href="https://twitter.com/Jayu31415" target="_blank">Jayu31415</a>	1	0	1	32	61	2749		005
@JAZR86	<a href="https://twitter.com/JAZR86" target="_blank">JAZR86</a>	2	0	1	62	345	18701		010
@JazzaJohn	<a href="https://twitter.com/JazzaJohn" target="_blank">JazzaJohn</a>	2	1	1	7213	1902	19289	牛津 / 伦敦	388
@jbaijet	<a href="https://twitter.com/jbaijet" target="_blank">jbaijet</a>	2	0	1	1218	1302	2090	Sitges	010
@jbrunyol	<a href="https://twitter.com/jbrunyol" target="_blank">jbrunyol</a>	8	0	1	259	501	7549		004
@JC_Gonzalo69	<a href="https://twitter.com/JC_Gonzalo69" target="_blank">JC_Gonzalo69</a>	5	0	1	46	217	3091	Sabadell, España	020
@Jcanyizares	<a href="https://twitter.com/Jcanyizares" target="_blank">Jcanyizares</a>	3	0	1	97	359	3885	Catalunya	010
@jcarlosmendi	<a href="https://twitter.com/jcarlosmendi" target="_blank">jcarlosmendi</a>	4	0	1	335	653	22672	Basqueland	115
@jcdiezginer	<a href="https://twitter.com/jcdiezginer" target="_blank">jcdiezginer</a>	2	0	1	192	373	1487		004
@jcolome10	<a href="https://twitter.com/jcolome10" target="_blank">jcolome10</a>	1	0	1	93	101	1596	Les Franqueses del Valles	020
@jcr1515	<a href="https://twitter.com/jcr1515" target="_blank">jcr1515</a>	1	0	1	232	453	544	Sallent, Espanya	017
@Jcreusgarcia	<a href="https://twitter.com/Jcreusgarcia" target="_blank">Jcreusgarcia</a>	0	2	0					012
@jdalmau3	<a href="https://twitter.com/jdalmau3" target="_blank">jdalmau3</a>	1	0	1	24	139	1079		033
@JeanYvesFilion	<a href="https://twitter.com/JeanYvesFilion" target="_blank">JeanYvesFilion</a>	4	0	1	3092	2969	227036		076
@jefebauer	<a href="https://twitter.com/jefebauer" target="_blank">jefebauer</a>	1	0	1	2340	3980	57057	CataluÑa	308
@jeffresquito	<a href="https://twitter.com/jeffresquito" target="_blank">jeffresquito</a>	2	0	1	542	724	48352	Steel Ball Run	156
@JelenHayworth	<a href="https://twitter.com/JelenHayworth" target="_blank">JelenHayworth</a>	1	0	1	116	107	10950		042
@jemerott	<a href="https://twitter.com/jemerott" target="_blank">jemerott</a>	1	0	1	323	843	555		103
@jenhayns	<a href="https://twitter.com/jenhayns" target="_blank">jenhayns</a>	1	0	1	25	41	48		053
@Jenni_JMF	<a href="https://twitter.com/Jenni_JMF" target="_blank">Jenni_JMF</a>	1	0	1	1776	1758	62942	Nun lugar máxico	010
@JenniferHeale10	<a href="https://twitter.com/JenniferHeale10" target="_blank">JenniferHeale10</a>	1	0	1	58	130	3998	Jakarta Capital Region, Indonesia	144
@jennyann67	<a href="https://twitter.com/jennyann67" target="_blank">jennyann67</a>	2	0	2	1450	1779	111143	Kansas City, MO	004
@JennyJo63331290	<a href="https://twitter.com/JennyJo63331290" target="_blank">JennyJo63331290</a>	1	0	1	74	108	245	Barcelona, Spain	107
@JeroMartinez11	<a href="https://twitter.com/JeroMartinez11" target="_blank">JeroMartinez11</a>	1	0	1	442	591	11110	Elche	040
@jestejedno	<a href="https://twitter.com/jestejedno" target="_blank">jestejedno</a>	6	0	1	6325	4717	3175	Central Europe	043
@jesusgr61	<a href="https://twitter.com/jesusgr61" target="_blank">jesusgr61</a>	2	0	1	1084	1779	198027	México	044
@jeswonehouse	<a href="https://twitter.com/jeswonehouse" target="_blank">jeswonehouse</a>	5	0	1	2291	2897	19266		010
@jg_giorgio	<a href="https://twitter.com/jg_giorgio" target="_blank">jg_giorgio</a>	1	0	1	55	74	1638	martinez	131
@Jgg87c	<a href="https://twitter.com/Jgg87c" target="_blank">Jgg87c</a>	1	0	1	494	1180	17984	La Coruña, Galicia, España.	040
@JGodall	<a href="https://twitter.com/JGodall" target="_blank">JGodall</a>	9	0	1	1128	1760	42085		242
@Jim_Moor	<a href="https://twitter.com/Jim_Moor" target="_blank">Jim_Moor</a>	5	0	1	950	2446	73207	Wesht	039
@JimBlakesong	<a href="https://twitter.com/JimBlakesong" target="_blank">JimBlakesong</a>	1	0	1	218	495	3489	Philadelphia, PA	004
@JimFragma	<a href="https://twitter.com/JimFragma" target="_blank">JimFragma</a>	1	0	1	313	48	5694		047
@jimmallon88	<a href="https://twitter.com/jimmallon88" target="_blank">jimmallon88</a>	1	0	1	641	963	9585	Armagh, Ireland	043
@jjesussv	<a href="https://twitter.com/jjesussv" target="_blank">jjesussv</a>	1	0	1	42	24	3701		025
@JJM36	<a href="https://twitter.com/JJM36" target="_blank">JJM36</a>	1	2	0	521	500	20184	Flanders, EU	108
@JjustinDBieberM	<a href="https://twitter.com/JjustinDBieberM" target="_blank">JjustinDBieberM</a>	1	0	1	557	171	19240	México, Monterrey	019
@jlobonande	<a href="https://twitter.com/jlobonande" target="_blank">jlobonande</a>	3	0	1	2577	3179	35008	CUBA	010
@jltorresmartin	<a href="https://twitter.com/jltorresmartin" target="_blank">jltorresmartin</a>	1	0	1	637	1743	40184	Málaga	010
@jluke121	<a href="https://twitter.com/jluke121" target="_blank">jluke121</a>	1	0	1	2145	3071	13747	Waynesboro, PA	098
@JM_Depp	<a href="https://twitter.com/JM_Depp" target="_blank">JM_Depp</a>	1	0	1	1719	1307	51099	Andalucía, España	010
@jmescoda	<a href="https://twitter.com/jmescoda" target="_blank">jmescoda</a>	6	0	1	4846	4116	111759	Sóc a la Milky Way	275
@jmlopezzafra	<a href="https://twitter.com/jmlopezzafra" target="_blank">jmlopezzafra</a>	0	131	0					040
@jmontanard	<a href="https://twitter.com/jmontanard" target="_blank">jmontanard</a>	1	0	1	78	292	701	Paris	157
@jmorenocusac	<a href="https://twitter.com/jmorenocusac" target="_blank">jmorenocusac</a>	0	1	0					352
@JMSociomundi	<a href="https://twitter.com/JMSociomundi" target="_blank">JMSociomundi</a>	1	0	1	308	219	13978		044
@jmterricabras	<a href="https://twitter.com/jmterricabras" target="_blank">jmterricabras</a>	1	2	0	32928	606	3914	Girona	005
@JMTibau	<a href="https://twitter.com/JMTibau" target="_blank">JMTibau</a>	2	1	0	3232	2866	8920	Tortosa/Cornudella. Catalunya	349
@jncgava	<a href="https://twitter.com/jncgava" target="_blank">jncgava</a>	2	1	0	638	1056	281	Gavà, España	145
@jncvilanova	<a href="https://twitter.com/jncvilanova" target="_blank">jncvilanova</a>	1	0	1	253	128	464	Vilanova i la Geltrú	277
@joanafarrera	<a href="https://twitter.com/joanafarrera" target="_blank">joanafarrera</a>	7	0	1	44	149	887		060
@joancaragones	<a href="https://twitter.com/joancaragones" target="_blank">joancaragones</a>	1	1	0	74	63	5209	CATALUNYA	348
@joancodinablas1	<a href="https://twitter.com/joancodinablas1" target="_blank">joancodinablas1</a>	1	0	1	114	361	8804	Barcelona ,Catalunya	012
@joanfbr	<a href="https://twitter.com/joanfbr" target="_blank">joanfbr</a>	1	0	1	35	93	80		017
@Joangi2	<a href="https://twitter.com/Joangi2" target="_blank">Joangi2</a>	5	0	1	27	89	1061	Barcelona	017
@JoaninMartinez	<a href="https://twitter.com/JoaninMartinez" target="_blank">JoaninMartinez</a>	1	0	1	343	463	1609	Sant Esteve Sesrovires	068
@joaninsky	<a href="https://twitter.com/joaninsky" target="_blank">joaninsky</a>	9	0	1	201	333	6013	Tarragona, Catalunya.	094
@joanjvm	<a href="https://twitter.com/joanjvm" target="_blank">joanjvm</a>	1	0	1	94	261	874	Barcelona	318
@joanmiquel55_	<a href="https://twitter.com/joanmiquel55_" target="_blank">joanmiquel55_</a>	7	0	3	31	96	1324	Catalunya	005
@joannetmc	<a href="https://twitter.com/joannetmc" target="_blank">joannetmc</a>	0	1	0					017
@joanpaurue	<a href="https://twitter.com/joanpaurue" target="_blank">joanpaurue</a>	18	0	1	1495	2245	22228	República de Catalunya i Aran	010
@JoanSonet	<a href="https://twitter.com/JoanSonet" target="_blank">JoanSonet</a>	4	0	1	34	104	2511	Sant Antoni de Vilamajor (CAT)	020
@JoanThelorious	<a href="https://twitter.com/JoanThelorious" target="_blank">JoanThelorious</a>	1	0	1	209	358	624	Barcelona	010
@JoaquinVillenaG	<a href="https://twitter.com/JoaquinVillenaG" target="_blank">JoaquinVillenaG</a>	1	0	1	716	629	23384	Getafe, España	083
@joastella	<a href="https://twitter.com/joastella" target="_blank">joastella</a>	1	0	1	208	145	3317	San Martín de la Vega, España	040
@jochita7	<a href="https://twitter.com/jochita7" target="_blank">jochita7</a>	1	0	1	247	988	2916	san bernardo, santiago chile	003
@joderelsakilla	<a href="https://twitter.com/joderelsakilla" target="_blank">joderelsakilla</a>	1	0	1	151	160	7252	Mi Málaga quería	041
@Joe32618396Joe	<a href="https://twitter.com/Joe32618396Joe" target="_blank">Joe32618396Joe</a>	1	0	1	206	1298	24415		040
@JoeDunnSF	<a href="https://twitter.com/JoeDunnSF" target="_blank">JoeDunnSF</a>	1	0	1	867	707	1514	Creggan, Derry	043
@JoeEDwyer	<a href="https://twitter.com/JoeEDwyer" target="_blank">JoeEDwyer</a>	1	0	1	1500	2030	7030	Saint Albans, England	039
@JoeHayes82	<a href="https://twitter.com/JoeHayes82" target="_blank">JoeHayes82</a>	1	0	1	28	200	211		030
@joelalfredo70	<a href="https://twitter.com/joelalfredo70" target="_blank">joelalfredo70</a>	1	0	1	105	430	277	Lota Chile	010
@JoelPS33	<a href="https://twitter.com/JoelPS33" target="_blank">JoelPS33</a>	16	0	1	39	74	2318	Girona, Catalunya.	052
@JoelR_S	<a href="https://twitter.com/JoelR_S" target="_blank">JoelR_S</a>	1	0	1	213	335	8275	La Rosa de Foc	017
@JoeNadela	<a href="https://twitter.com/JoeNadela" target="_blank">JoeNadela</a>	9	0	1	112	273	6197	Barcelona	005
@Joffzm	<a href="https://twitter.com/Joffzm" target="_blank">Joffzm</a>	2	0	1	532	2372	8242	Moià, Cataluña	017
@jofre_saez	<a href="https://twitter.com/jofre_saez" target="_blank">jofre_saez</a>	1	1	0	626	563	6553	Vilablareix - Barcelona	345
@johnjoechad	<a href="https://twitter.com/johnjoechad" target="_blank">johnjoechad</a>	12	0	1	5526	6105	454509		006
@JohnnyDessu	<a href="https://twitter.com/JohnnyDessu" target="_blank">JohnnyDessu</a>	5	0	1	264	872	50931		010
@JohnnyWTF_max	<a href="https://twitter.com/JohnnyWTF_max" target="_blank">JohnnyWTF_max</a>	6	0	1	462	1185	22284		038
@jojotaxi56	<a href="https://twitter.com/jojotaxi56" target="_blank">jojotaxi56</a>	1	0	1	204	466	3359	East Kilbride, Scotland	019
@jokintxu10	<a href="https://twitter.com/jokintxu10" target="_blank">jokintxu10</a>	1	0	1	366	372	2046		050
@Jolualfe	<a href="https://twitter.com/Jolualfe" target="_blank">Jolualfe</a>	5	0	1	7607	7265	106873	Madrid Libertario	010
@Jon_lai22	<a href="https://twitter.com/Jon_lai22" target="_blank">Jon_lai22</a>	1	0	1	289	300	3131		046
@jonadomenech	<a href="https://twitter.com/jonadomenech" target="_blank">jonadomenech</a>	2	0	1	24	87	2020	Barcelona	017
@jonandiamandis	<a href="https://twitter.com/jonandiamandis" target="_blank">jonandiamandis</a>	1	0	1	267	169	24140	Madrid, Comunidad de Madrid	041
@jonasandrev	<a href="https://twitter.com/jonasandrev" target="_blank">jonasandrev</a>	1	0	1	562	1339	31094		040
@JonathanFTP	<a href="https://twitter.com/JonathanFTP" target="_blank">JonathanFTP</a>	0	1	0					346
@JoneEtxeberria	<a href="https://twitter.com/JoneEtxeberria" target="_blank">JoneEtxeberria</a>	3	0	1	3316	2405	36829		002
@Joniac11	<a href="https://twitter.com/Joniac11" target="_blank">Joniac11</a>	4	0	1	34	750	922	Colombia	050
@jontolest	<a href="https://twitter.com/jontolest" target="_blank">jontolest</a>	1	0	1	1553	3025	30064	Lasarte-Oria, Nafarroa	020
@jonyBCN	<a href="https://twitter.com/jonyBCN" target="_blank">jonyBCN</a>	2	0	1	2580	234	65859	DogVille	045
@jonyko15	<a href="https://twitter.com/jonyko15" target="_blank">jonyko15</a>	2	1	0	308	701	2640	Barcelona, España	344
@Jordi_MarBar	<a href="https://twitter.com/Jordi_MarBar" target="_blank">Jordi_MarBar</a>	2	0	1	75	275	799	Sabadell, Cataluña	012
@jordi_mill	<a href="https://twitter.com/jordi_mill" target="_blank">jordi_mill</a>	3	0	1	133	220	6552	London, England	010
@jordi_ronda	<a href="https://twitter.com/jordi_ronda" target="_blank">jordi_ronda</a>	2	1	0	52	176	363	Tarragona, España	347
@jordi_serra13	<a href="https://twitter.com/jordi_serra13" target="_blank">jordi_serra13</a>	2	0	1	63	300	213		004
@Jordi_Solaa03	<a href="https://twitter.com/Jordi_Solaa03" target="_blank">Jordi_Solaa03</a>	7	0	1	207	1346	3370	Centelles,Barcelona, Catalunya	010
@JordiBar3	<a href="https://twitter.com/JordiBar3" target="_blank">JordiBar3</a>	2	0	1	302	285	4603	la Dreta de l'Eixample, Barcelona	004
@JordiBarcino	<a href="https://twitter.com/JordiBarcino" target="_blank">JordiBarcino</a>	5	1	0	32	374	543	Catalonia	343
@JordiBarral	<a href="https://twitter.com/JordiBarral" target="_blank">JordiBarral</a>	1	0	1	11	25	67	Canyamars	004
@JordiCastellv	<a href="https://twitter.com/JordiCastellv" target="_blank">JordiCastellv</a>	1	0	1	53	52	388		017
@JordifarreFcb	<a href="https://twitter.com/JordifarreFcb" target="_blank">JordifarreFcb</a>	1	12	0	2899	641	4660	Barcelona, Espanya	009
@jordifr72	<a href="https://twitter.com/jordifr72" target="_blank">jordifr72</a>	1	0	1	38	190	253		017
@JordiFZR	<a href="https://twitter.com/JordiFZR" target="_blank">JordiFZR</a>	13	0	1	140	128	15321	Barcelona, Catalunya	010
@Jordiii_JK	<a href="https://twitter.com/Jordiii_JK" target="_blank">Jordiii_JK</a>	1	0	1	99	296	339	Tarragona, Cataluña	005
@jordimaso	<a href="https://twitter.com/jordimaso" target="_blank">jordimaso</a>	1	0	1	61	90	2664	girona	198
@jordiporcel	<a href="https://twitter.com/jordiporcel" target="_blank">jordiporcel</a>	10	0	1	260	630	19035		013
@JordiQ9	<a href="https://twitter.com/JordiQ9" target="_blank">JordiQ9</a>	4	0	1	155	521	2497		094
@jordisarerols	<a href="https://twitter.com/jordisarerols" target="_blank">jordisarerols</a>	1	0	1	33	422	809	Sabadell	017
@JordiTR1	<a href="https://twitter.com/JordiTR1" target="_blank">JordiTR1</a>	9	0	1	414	355	83873		004
@jorditron1	<a href="https://twitter.com/jorditron1" target="_blank">jorditron1</a>	6	0	1	160	627	702	Tots units fent pinya👫	220
@JorgeAlavesista	<a href="https://twitter.com/JorgeAlavesista" target="_blank">JorgeAlavesista</a>	1	0	1	14	62	94		018
@JorginaMarser	<a href="https://twitter.com/JorginaMarser" target="_blank">JorginaMarser</a>	8	0	1	84	179	4602		226
@jorgino_nino	<a href="https://twitter.com/jorgino_nino" target="_blank">jorgino_nino</a>	3	0	1	43	245	1526		004
@jorperezpa	<a href="https://twitter.com/jorperezpa" target="_blank">jorperezpa</a>	9	0	1	87	242	1674	Ripollet, Cataluña	045
@jose_gracia	<a href="https://twitter.com/jose_gracia" target="_blank">jose_gracia</a>	2	0	1	28	122	953	barcelona	027
@joseaarjona	<a href="https://twitter.com/joseaarjona" target="_blank">joseaarjona</a>	1	0	1	83	255	819	Vilanova i la Geltrú, España	004
@JoseAngel621	<a href="https://twitter.com/JoseAngel621" target="_blank">JoseAngel621</a>	1	0	1	2422	2521	21294	Bogotá. Col.	012
@JoseAreces94	<a href="https://twitter.com/JoseAreces94" target="_blank">JoseAreces94</a>	1	0	1	218	319	4186	Gijon/Marbella/Stuttgart	040
@JoseCarlos_Tala	<a href="https://twitter.com/JoseCarlos_Tala" target="_blank">JoseCarlos_Tala</a>	1	0	1	376	528	19725	Bajo los palos ⚽	067
@JosechoXP	<a href="https://twitter.com/JosechoXP" target="_blank">JosechoXP</a>	1	0	1	196	280	18928	Ordes	040
@josedealcala	<a href="https://twitter.com/josedealcala" target="_blank">josedealcala</a>	1	0	1	1188	576	3241		018
@JoseJosepaterna	<a href="https://twitter.com/JoseJosepaterna" target="_blank">JoseJosepaterna</a>	3	0	1	10	90	722	Barcelona, Catalunya	010
@JoseJPriego	<a href="https://twitter.com/JoseJPriego" target="_blank">JoseJPriego</a>	1	2	1	10559	712	10858	 Girona, Barcelona, Madrid 	158
@JoseMaricaste95	<a href="https://twitter.com/JoseMaricaste95" target="_blank">JoseMaricaste95</a>	2	0	1	730	762	18823	en tomelloso	010
@JOSEMARTCORUNHA	<a href="https://twitter.com/JOSEMARTCORUNHA" target="_blank">JOSEMARTCORUNHA</a>	2	0	1	117	139	10551		048
@josemostoles666	<a href="https://twitter.com/josemostoles666" target="_blank">josemostoles666</a>	4	0	2	343	63	81916		041
@josep_salvado	<a href="https://twitter.com/josep_salvado" target="_blank">josep_salvado</a>	18	0	1	1457	2470	59646	Barcelona, Països Catalans	010
@josep_segura	<a href="https://twitter.com/josep_segura" target="_blank">josep_segura</a>	2	0	1	23	82	288	Cataluña, España	203
@Josep103	<a href="https://twitter.com/Josep103" target="_blank">Josep103</a>	4	0	1	2883	2802	10055		010
@josepmariatost	<a href="https://twitter.com/josepmariatost" target="_blank">josepmariatost</a>	8	0	2	4200	3896	27002	Riudecanyes, Catalunya	109
@JosepMGasset	<a href="https://twitter.com/JosepMGasset" target="_blank">JosepMGasset</a>	1	0	1	179	596	1746	Cova del Batman-Golmés Shore	012
@josepmvalero	<a href="https://twitter.com/josepmvalero" target="_blank">josepmvalero</a>	0	3	0					098
@josepvives	<a href="https://twitter.com/josepvives" target="_blank">josepvives</a>	4	0	1	444	935	4929	Barcelona	017
@JosepYus	<a href="https://twitter.com/JosepYus" target="_blank">JosepYus</a>	0	1	0					342
@joseruizmolina6	<a href="https://twitter.com/joseruizmolina6" target="_blank">joseruizmolina6</a>	1	0	1	357	521	22469	puente tocinos murcia	010
@JoseSanchis18	<a href="https://twitter.com/JoseSanchis18" target="_blank">JoseSanchis18</a>	1	0	1	569	619	17949		040
@Josete_FA	<a href="https://twitter.com/Josete_FA" target="_blank">Josete_FA</a>	1	0	1	71	259	5120		048
@josinhobesti	<a href="https://twitter.com/josinhobesti" target="_blank">josinhobesti</a>	1	0	1	228	608	11839	A Coruña	008
@JossHepburn	<a href="https://twitter.com/JossHepburn" target="_blank">JossHepburn</a>	1	0	1	99	340	285	Barcelona	068
@josuegameresp	<a href="https://twitter.com/josuegameresp" target="_blank">josuegameresp</a>	1	0	1	51	272	1634	Hamburgo, Alemania	003
@Jotajoteando	<a href="https://twitter.com/Jotajoteando" target="_blank">Jotajoteando</a>	1	0	1	116	501	2406		018
@JovesEU_Vlc	<a href="https://twitter.com/JovesEU_Vlc" target="_blank">JovesEU_Vlc</a>	2	6	0	1700	715	5808	València, País Valencià	014
@joxemarigalarra	<a href="https://twitter.com/joxemarigalarra" target="_blank">joxemarigalarra</a>	2	0	1	264	1463	1025		002
@jpardellfedac	<a href="https://twitter.com/jpardellfedac" target="_blank">jpardellfedac</a>	1	0	1	88	151	242		197
@jpauriol	<a href="https://twitter.com/jpauriol" target="_blank">jpauriol</a>	1	0	1	217	315	3407	Las Rozas de Madrid	040
@jperezmu	<a href="https://twitter.com/jperezmu" target="_blank">jperezmu</a>	2	0	1	8	28	274		092
@JPNelson18	<a href="https://twitter.com/JPNelson18" target="_blank">JPNelson18</a>	1	0	1	30	207	98	South West	043
@Jrap105	<a href="https://twitter.com/Jrap105" target="_blank">Jrap105</a>	1	0	1	88	177	6406		004
@JRdelaFlor	<a href="https://twitter.com/JRdelaFlor" target="_blank">JRdelaFlor</a>	1	0	1	180	293	7852		040
@jspmrl	<a href="https://twitter.com/jspmrl" target="_blank">jspmrl</a>	5	0	1	98	547	14705	Palaudàries	024
@Juan_MiguelRa	<a href="https://twitter.com/Juan_MiguelRa" target="_blank">Juan_MiguelRa</a>	1	0	1	3606	2484	175364	Me marcho.	012
@juan90833809	<a href="https://twitter.com/juan90833809" target="_blank">juan90833809</a>	1	0	1	50	65	2547	Disneyland	040
@juanagallardo1	<a href="https://twitter.com/juanagallardo1" target="_blank">juanagallardo1</a>	2	1	0	1782	639	16390	Argentina	010
@JuananGS86	<a href="https://twitter.com/JuananGS86" target="_blank">JuananGS86</a>	0	1	0					341
@juaniasegi	<a href="https://twitter.com/juaniasegi" target="_blank">juaniasegi</a>	1	0	1	48	299	58		013
@JuanitaRomn	<a href="https://twitter.com/JuanitaRomn" target="_blank">JuanitaRomn</a>	1	0	1	243	430	2354		012
@JuanmaCuerva	<a href="https://twitter.com/JuanmaCuerva" target="_blank">JuanmaCuerva</a>	4	0	1	42	80	1951	R.I.M.	044
@Juanmi_News	<a href="https://twitter.com/Juanmi_News" target="_blank">Juanmi_News</a>	6	472	0	49529	112	99605	Sevilla	010
@juanmuto	<a href="https://twitter.com/juanmuto" target="_blank">juanmuto</a>	1	0	1	94	374	3534	Españistán	045
@juansd1905	<a href="https://twitter.com/juansd1905" target="_blank">juansd1905</a>	4	0	1	159	341	5708		010
@juasmas1980	<a href="https://twitter.com/juasmas1980" target="_blank">juasmas1980</a>	1	0	1	657	924	3846		028
@jucadoldan	<a href="https://twitter.com/jucadoldan" target="_blank">jucadoldan</a>	1	0	1	0	40	21		012
@judddithr	<a href="https://twitter.com/judddithr" target="_blank">judddithr</a>	1	0	1	206	285	21080	Españistán	041
@judiitoc5	<a href="https://twitter.com/judiitoc5" target="_blank">judiitoc5</a>	2	1	0	170	111	7770		251
@Judit_Freixas	<a href="https://twitter.com/Judit_Freixas" target="_blank">Judit_Freixas</a>	0	1	0					250
@JudithAmatriain	<a href="https://twitter.com/JudithAmatriain" target="_blank">JudithAmatriain</a>	1	0	1	15	65	40		038
@juhann10	<a href="https://twitter.com/juhann10" target="_blank">juhann10</a>	1	0	1	1	35	47		012
@JuleGoi	<a href="https://twitter.com/JuleGoi" target="_blank">JuleGoi</a>	1	15	0	4323	1502	6935		002
@juliaaapie	<a href="https://twitter.com/juliaaapie" target="_blank">juliaaapie</a>	1	6	0	24	49	39	Barcelona, España	065
@JuliaCR16	<a href="https://twitter.com/JuliaCR16" target="_blank">JuliaCR16</a>	1	0	1	94	78	4338		033
@JulianAssange	<a href="https://twitter.com/JulianAssange" target="_blank">JulianAssange</a>	2	125	0	438828	1	3018	Everywhere	004
@JulianPGarrote	<a href="https://twitter.com/JulianPGarrote" target="_blank">JulianPGarrote</a>	3	0	1	663	577	24183	A Coruña,Galicia	008
@julianTfe	<a href="https://twitter.com/julianTfe" target="_blank">julianTfe</a>	1	0	1	113	233	14436		010
@JuliaSantasusag	<a href="https://twitter.com/JuliaSantasusag" target="_blank">JuliaSantasusag</a>	1	0	1	180	294	1201	Catalunya	164
@juliasuderow	<a href="https://twitter.com/juliasuderow" target="_blank">juliasuderow</a>	1	0	1	1278	2463	8724	Bilbao	040
@julieagannon	<a href="https://twitter.com/julieagannon" target="_blank">julieagannon</a>	1	0	1	3483	4313	112258	California, USA	047
@julieta_sunyol	<a href="https://twitter.com/julieta_sunyol" target="_blank">julieta_sunyol</a>	2	0	1	22	35	330	Catalunya	177
@julitoalonso	<a href="https://twitter.com/julitoalonso" target="_blank">julitoalonso</a>	1	0	1	1388	915	31711	Argentina	044
@julsgumas	<a href="https://twitter.com/julsgumas" target="_blank">julsgumas</a>	1	0	1	4	12	3		068
@julsoofg	<a href="https://twitter.com/julsoofg" target="_blank">julsoofg</a>	1	1	0	522	262	14623		239
@Julymon35	<a href="https://twitter.com/Julymon35" target="_blank">Julymon35</a>	4	0	1	97	387	1457	Catalonia	017
@junimont	<a href="https://twitter.com/junimont" target="_blank">junimont</a>	14	0	1	492	1102	24286		010
@JuntsSi	<a href="https://twitter.com/JuntsSi" target="_blank">JuntsSi</a>	9	0	2	85	321	6229		010
@jusha_cosplay	<a href="https://twitter.com/jusha_cosplay" target="_blank">jusha_cosplay</a>	0	1	0					030
@juzeoi	<a href="https://twitter.com/juzeoi" target="_blank">juzeoi</a>	1	0	1	31	81	861	Bilbao capital del mundo	284
@JVERA74	<a href="https://twitter.com/JVERA74" target="_blank">JVERA74</a>	1	0	1	38	35	1170		010
@jvilach	<a href="https://twitter.com/jvilach" target="_blank">jvilach</a>	35	0	1	741	1036	39308	Barcelona, República Catalana	010
@JvpJviader	<a href="https://twitter.com/JvpJviader" target="_blank">JvpJviader</a>	4	0	1	176	293	21954		010
@KaDosBK	<a href="https://twitter.com/KaDosBK" target="_blank">KaDosBK</a>	1	0	1	134	305	27577		045
@kairofernandesl	<a href="https://twitter.com/kairofernandesl" target="_blank">kairofernandesl</a>	1	0	1	4	47	9		022
@KaisoYugon	<a href="https://twitter.com/KaisoYugon" target="_blank">KaisoYugon</a>	1	0	1	50	120	994	Badalona, España	004
@kalamireya	<a href="https://twitter.com/kalamireya" target="_blank">kalamireya</a>	1	0	1	745	5000	113229	peru	010
@Kaliophe	<a href="https://twitter.com/Kaliophe" target="_blank">Kaliophe</a>	1	0	1	666	579	30900	Minahonda	045
@kamaradaDavid	<a href="https://twitter.com/kamaradaDavid" target="_blank">kamaradaDavid</a>	1	0	1	209	111	16482	Guayaquil	082
@kaosb	<a href="https://twitter.com/kaosb" target="_blank">kaosb</a>	1	0	1	453	413	8253	127.0.0.1	349
@Karlos_Rb17	<a href="https://twitter.com/Karlos_Rb17" target="_blank">Karlos_Rb17</a>	3	0	1	43	139	845	Cataluña, España	010
@karnage	<a href="https://twitter.com/karnage" target="_blank">karnage</a>	1	0	1	79	239	1568		045
@Karol_en_Red	<a href="https://twitter.com/Karol_en_Red" target="_blank">Karol_en_Red</a>	9	0	2	9866	5460	285779	Nearby	010
@Karramarrogorri	<a href="https://twitter.com/Karramarrogorri" target="_blank">Karramarrogorri</a>	1	0	1	114	265	1688	Lodazal Herria	034
@Katalanskt	<a href="https://twitter.com/Katalanskt" target="_blank">Katalanskt</a>	0	1	0					240
@katheee13	<a href="https://twitter.com/katheee13" target="_blank">katheee13</a>	2	0	1	637	222	13975	Barcelona, España	007
@KatiaCatala	<a href="https://twitter.com/KatiaCatala" target="_blank">KatiaCatala</a>	1	0	1	24	56	329		010
@kayak_twit	<a href="https://twitter.com/kayak_twit" target="_blank">kayak_twit</a>	4	0	1	2442	2343	133882		010
@kborrells	<a href="https://twitter.com/kborrells" target="_blank">kborrells</a>	1	3	0	320	618	4024	Lleida	093
@KDEMx	<a href="https://twitter.com/KDEMx" target="_blank">KDEMx</a>	1	0	1	203	120	19523	Natilland	041
@keithpp	<a href="https://twitter.com/keithpp" target="_blank">keithpp</a>	1	0	1	2504	68	118565	near Guildford	058
@Kenny4PartickKd	<a href="https://twitter.com/Kenny4PartickKd" target="_blank">Kenny4PartickKd</a>	1	1	1	2636	2305	17128	Partick	389
@KersausonDe	<a href="https://twitter.com/KersausonDe" target="_blank">KersausonDe</a>	1	1	0	12512	3809	49757	La Trinité sur Mer	241
@kesejodaelmundo	<a href="https://twitter.com/kesejodaelmundo" target="_blank">kesejodaelmundo</a>	32	0	1	152	359	6490		010
@keskese_cemerde	<a href="https://twitter.com/keskese_cemerde" target="_blank">keskese_cemerde</a>	1	1	1	10	43	137	Vinyols i els Arcs, Espanya	390
@kevinvanreenen	<a href="https://twitter.com/kevinvanreenen" target="_blank">kevinvanreenen</a>	0	1	0					020
@keyserjande	<a href="https://twitter.com/keyserjande" target="_blank">keyserjande</a>	0	5	0					068
@kheatherbrown	<a href="https://twitter.com/kheatherbrown" target="_blank">kheatherbrown</a>	1	0	1	768	751	112578		004
@kidrauhloving	<a href="https://twitter.com/kidrauhloving" target="_blank">kidrauhloving</a>	3	0	1	937	652	35385		042
@Kikimen1899	<a href="https://twitter.com/Kikimen1899" target="_blank">Kikimen1899</a>	1	0	1	63	160	690	Manresa, Cataluña	005
@kirisutegomen_3	<a href="https://twitter.com/kirisutegomen_3" target="_blank">kirisutegomen_3</a>	1	0	1	415	1401	22913	Vitoria-Gasteiz, Euskal Herria	010
@kisimel	<a href="https://twitter.com/kisimel" target="_blank">kisimel</a>	1	0	1	26	39	1566		010
@kituseb	<a href="https://twitter.com/kituseb" target="_blank">kituseb</a>	1	0	1	132	111	202	Barcelona, Spain	170
@kkarlets	<a href="https://twitter.com/kkarlets" target="_blank">kkarlets</a>	1	0	1	71	396	1053	BCN 08730	004
@knassios	<a href="https://twitter.com/knassios" target="_blank">knassios</a>	1	0	1	749	432	62181		004
@KocmocKocma	<a href="https://twitter.com/KocmocKocma" target="_blank">KocmocKocma</a>	1	0	1	677	368	97800		073
@koko_liso	<a href="https://twitter.com/koko_liso" target="_blank">koko_liso</a>	1	0	1	1263	2352	9287		048
@kokoliso4	<a href="https://twitter.com/kokoliso4" target="_blank">kokoliso4</a>	1	0	1	293	721	3130		010
@kolontai1959	<a href="https://twitter.com/kolontai1959" target="_blank">kolontai1959</a>	14	0	1	19230	1585	369749	Madrid	011
@komachek	<a href="https://twitter.com/komachek" target="_blank">komachek</a>	1	1	0	851	571	4083	Barcelona	238
@Konell	<a href="https://twitter.com/Konell" target="_blank">Konell</a>	1	0	1	2285	1989	50041		004
@Kontxi01730749	<a href="https://twitter.com/Kontxi01730749" target="_blank">Kontxi01730749</a>	5	0	1	62	346	4686		011
@konx78	<a href="https://twitter.com/konx78" target="_blank">konx78</a>	7	0	1	189	251	34651	Granollers	020
@koopaconan	<a href="https://twitter.com/koopaconan" target="_blank">koopaconan</a>	0	47	0					045
@korocotta75	<a href="https://twitter.com/korocotta75" target="_blank">korocotta75</a>	8	0	1	2782	4999	59092	Torrelavega. Cantabria	010
@KoroKoronel75	<a href="https://twitter.com/KoroKoronel75" target="_blank">KoroKoronel75</a>	9	0	1	252	361	8840		020
@kosachi1959	<a href="https://twitter.com/kosachi1959" target="_blank">kosachi1959</a>	4	0	4	2002	1995	57555	神奈川県の田舎の方	030
@kox7	<a href="https://twitter.com/kox7" target="_blank">kox7</a>	4	0	1	376	1138	1211	Euskal Herria	034
@Kratos22222	<a href="https://twitter.com/Kratos22222" target="_blank">Kratos22222</a>	2	2	1	186	583	2641	Horta, Barcelona	010
@krismoncherie	<a href="https://twitter.com/krismoncherie" target="_blank">krismoncherie</a>	0	1	0					226
@krles	<a href="https://twitter.com/krles" target="_blank">krles</a>	2	0	1	142	387	2583	Artesa de Segre	045
@krlina_93	<a href="https://twitter.com/krlina_93" target="_blank">krlina_93</a>	1	0	1	183	696	1068	Vic, Barcelona, Catalonia	017
@Krostens	<a href="https://twitter.com/Krostens" target="_blank">Krostens</a>	12	0	1	241	614	15162	Badalona, Catalunya	020
@kukacristi	<a href="https://twitter.com/kukacristi" target="_blank">kukacristi</a>	2	2	0	88	325	1154	Cubelles, Espanya	028
@kur41	<a href="https://twitter.com/kur41" target="_blank">kur41</a>	1	0	1	108	482	14326		045
@kuraibeing	<a href="https://twitter.com/kuraibeing" target="_blank">kuraibeing</a>	1	0	1	174	157	12095		010
@KurimuzonYume	<a href="https://twitter.com/KurimuzonYume" target="_blank">KurimuzonYume</a>	1	0	1	672	727	126741	Icon by @narumyNatsue	041
@kuttunena	<a href="https://twitter.com/kuttunena" target="_blank">kuttunena</a>	2	0	2	44	194	190		012
@kvngl8	<a href="https://twitter.com/kvngl8" target="_blank">kvngl8</a>	2	0	1	77	268	3952	Barcelona, España	017
@l0velyhar0ld	<a href="https://twitter.com/l0velyhar0ld" target="_blank">l0velyhar0ld</a>	2	0	1	2525	498	87868	REAL RACING CLUB ♡	041
@L1stn	<a href="https://twitter.com/L1stn" target="_blank">L1stn</a>	1	0	1	71	1781	2403		004
@L4KITTY	<a href="https://twitter.com/L4KITTY" target="_blank">L4KITTY</a>	3	0	1	78	213	4354	blot city	041
@la_chouet	<a href="https://twitter.com/la_chouet" target="_blank">la_chouet</a>	0	2	0					114
@la_garrapatera	<a href="https://twitter.com/la_garrapatera" target="_blank">la_garrapatera</a>	2	0	1	44	133	1059		003
@la_IAC	<a href="https://twitter.com/la_IAC" target="_blank">la_IAC</a>	2	1	0	2057	1869	6640	Catalunya	225
@Laau03_	<a href="https://twitter.com/Laau03_" target="_blank">Laau03_</a>	1	0	1	32	75	290	Ourense, España	042
@lacaornaalmagro	<a href="https://twitter.com/lacaornaalmagro" target="_blank">lacaornaalmagro</a>	1	0	1	197	664	5028		040
@LadyPmpp	<a href="https://twitter.com/LadyPmpp" target="_blank">LadyPmpp</a>	1	0	1	42	202	481		224
@laguipikiyokian	<a href="https://twitter.com/laguipikiyokian" target="_blank">laguipikiyokian</a>	0	1	0					223
@Laiablesa75	<a href="https://twitter.com/Laiablesa75" target="_blank">Laiablesa75</a>	1	0	1	51	111	141	Barcelona	005
@LaiaCQ	<a href="https://twitter.com/LaiaCQ" target="_blank">LaiaCQ</a>	0	1	0					224
@LaiaMoreso	<a href="https://twitter.com/LaiaMoreso" target="_blank">LaiaMoreso</a>	1	0	1	9	82	20	Móra d'Ebre - Barcelona	010
@laiapm	<a href="https://twitter.com/laiapm" target="_blank">laiapm</a>	1	3	0	724	1008	1471	Tarragona	094
@laiapratco	<a href="https://twitter.com/laiapratco" target="_blank">laiapratco</a>	4	0	1	14	109	544	Sabadell, Espanya	018
@LairucPons	<a href="https://twitter.com/LairucPons" target="_blank">LairucPons</a>	1	0	1	42	234	730		130
@lakatinou	<a href="https://twitter.com/lakatinou" target="_blank">lakatinou</a>	0	1	0					003
@Lakeli1	<a href="https://twitter.com/Lakeli1" target="_blank">Lakeli1</a>	4	0	1	380	1040	27408	Bilbao	050
@LaLuzSara	<a href="https://twitter.com/LaLuzSara" target="_blank">LaLuzSara</a>	1	0	1	75	360	416	Vejer-Barbate, Cadiz	053
@lampreaman	<a href="https://twitter.com/lampreaman" target="_blank">lampreaman</a>	1	0	1	32	171	418	Rio Minho	018
@landergarro	<a href="https://twitter.com/landergarro" target="_blank">landergarro</a>	0	3	0					002
@LaPandereta	<a href="https://twitter.com/LaPandereta" target="_blank">LaPandereta</a>	1	0	1	108	246	2351	Spain	017
@LaraSaiz	<a href="https://twitter.com/LaraSaiz" target="_blank">LaraSaiz</a>	1	0	1	568	202	16430	Santander ~ Reinosa ❤	046
@Larguizida	<a href="https://twitter.com/Larguizida" target="_blank">Larguizida</a>	0	1	0					019
@Larraitxuu	<a href="https://twitter.com/Larraitxuu" target="_blank">Larraitxuu</a>	1	0	1	486	468	12461	Euskal Herrie ✈ Australia	090
@lasute123	<a href="https://twitter.com/lasute123" target="_blank">lasute123</a>	1	0	1	15	54	23		036
@LaTiger1	<a href="https://twitter.com/LaTiger1" target="_blank">LaTiger1</a>	10	0	1	1314	1475	47532	Confoederatio Helvetica	185
@lau_mvargas	<a href="https://twitter.com/lau_mvargas" target="_blank">lau_mvargas</a>	0	6	0					062
@LauraaMendezr	<a href="https://twitter.com/LauraaMendezr" target="_blank">LauraaMendezr</a>	1	0	1	772	834	16299	GALICIA	276
@lauracrxl	<a href="https://twitter.com/lauracrxl" target="_blank">lauracrxl</a>	1	0	1	841	1264	34457	Colmenar de Oreja	028
@LauraJacintoMJ	<a href="https://twitter.com/LauraJacintoMJ" target="_blank">LauraJacintoMJ</a>	1	0	1	348	626	29962	Por siempre Andalucía ❤	052
@lauralruiz	<a href="https://twitter.com/lauralruiz" target="_blank">lauralruiz</a>	0	5	0					001
@LauraM_1993	<a href="https://twitter.com/LauraM_1993" target="_blank">LauraM_1993</a>	2	0	1	263	306	9556	Sevilla	010
@laurameler	<a href="https://twitter.com/laurameler" target="_blank">laurameler</a>	1	0	1	21	227	345		004
@LauraRiera4	<a href="https://twitter.com/LauraRiera4" target="_blank">LauraRiera4</a>	1	0	1	285	309	10232	Barcelona (España)	010
@LaureanoMiro	<a href="https://twitter.com/LaureanoMiro" target="_blank">LaureanoMiro</a>	1	0	1	165	141	18554		044
@LaurentRic	<a href="https://twitter.com/LaurentRic" target="_blank">LaurentRic</a>	1	0	1	16	100	212	Paris	114
@laurichlelich	<a href="https://twitter.com/laurichlelich" target="_blank">laurichlelich</a>	1	0	1	46	67	3733	Aragón, España	041
@LauritaAP22	<a href="https://twitter.com/LauritaAP22" target="_blank">LauritaAP22</a>	1	0	1	641	401	78251		346
@LaVida94749440	<a href="https://twitter.com/LaVida94749440" target="_blank">LaVida94749440</a>	0	1	0					228
@LAVmieuxetre	<a href="https://twitter.com/LAVmieuxetre" target="_blank">LAVmieuxetre</a>	1	0	1	105	225	12488	Québec, Canada	057
@lbella0	<a href="https://twitter.com/lbella0" target="_blank">lbella0</a>	1	2	0	37	36	56		112
@lcastanbroto	<a href="https://twitter.com/lcastanbroto" target="_blank">lcastanbroto</a>	1	0	1	6	57	36	Huesca, España	003
@le_routiers	<a href="https://twitter.com/le_routiers" target="_blank">le_routiers</a>	1	0	1	841	1652	23960		063
@LeandraDelicado	<a href="https://twitter.com/LeandraDelicado" target="_blank">LeandraDelicado</a>	1	0	1	514	299	7527	Crevillente , Alicante	018
@LeHavreLutte	<a href="https://twitter.com/LeHavreLutte" target="_blank">LeHavreLutte</a>	0	2	0					115
@LeilZahra	<a href="https://twitter.com/LeilZahra" target="_blank">LeilZahra</a>	1	0	1	18022	3470	69265	Barcelona - Cairo - Berlin	059
@leire_hdz	<a href="https://twitter.com/leire_hdz" target="_blank">leire_hdz</a>	1	0	1	191	296	1821		090
@leirearrazola	<a href="https://twitter.com/leirearrazola" target="_blank">leirearrazola</a>	1	0	1	63	94	281		010
@LeireRoRo2	<a href="https://twitter.com/LeireRoRo2" target="_blank">LeireRoRo2</a>	1	0	1	255	200	3427	Gasteiz, Euskal Herria	048
@LeirosJosefa	<a href="https://twitter.com/LeirosJosefa" target="_blank">LeirosJosefa</a>	1	0	1	6485	5468	129937	Pontevedra, Galicia	010
@LEKUONADomenja	<a href="https://twitter.com/LEKUONADomenja" target="_blank">LEKUONADomenja</a>	16	0	1	824	1579	8503	Occitania (Bearn Gasconha)	002
@LeneCaballero	<a href="https://twitter.com/LeneCaballero" target="_blank">LeneCaballero</a>	1	0	1	106	447	1048	Paraguay	003
@leonardofacello	<a href="https://twitter.com/leonardofacello" target="_blank">leonardofacello</a>	2	0	2	264	393	20681	Zárate, Argentina	010
@leonortaboada	<a href="https://twitter.com/leonortaboada" target="_blank">leonortaboada</a>	1	0	1	58	69	573		010
@lesportiucat	<a href="https://twitter.com/lesportiucat" target="_blank">lesportiucat</a>	1	0	1	32272	661	19052	Catalunya	020
@lestoulousains2	<a href="https://twitter.com/lestoulousains2" target="_blank">lestoulousains2</a>	5	1	0	549	783	18062	Barcelone, Espagne	221
@Letiocampo	<a href="https://twitter.com/Letiocampo" target="_blank">Letiocampo</a>	1	0	1	2453	2818	111890		104
@levamexa	<a href="https://twitter.com/levamexa" target="_blank">levamexa</a>	10	0	2	178	1176	4151	Vigo, España	008
@lexxxandra_	<a href="https://twitter.com/lexxxandra_" target="_blank">lexxxandra_</a>	1	1	0	18	94	98		222
@lgmusi	<a href="https://twitter.com/lgmusi" target="_blank">lgmusi</a>	1	0	1	450	485	3258	Mexico City	309
@libahe40	<a href="https://twitter.com/libahe40" target="_blank">libahe40</a>	2	0	1	30	118	584		020
@LiberalValencia	<a href="https://twitter.com/LiberalValencia" target="_blank">LiberalValencia</a>	1	0	1	96	404	1116	Valencia (España)	040
@LibertadVerbal	<a href="https://twitter.com/LibertadVerbal" target="_blank">LibertadVerbal</a>	3	0	1	536	656	11498		306
@Libertaria1978	<a href="https://twitter.com/Libertaria1978" target="_blank">Libertaria1978</a>	10	0	1	1111	862	100107		153
@licjagr	<a href="https://twitter.com/licjagr" target="_blank">licjagr</a>	1	0	1	2277	1788	61953	en todo el mundo	010
@Lidamass	<a href="https://twitter.com/Lidamass" target="_blank">Lidamass</a>	1	1	0	245	564	3987		217
@lidia_glub	<a href="https://twitter.com/lidia_glub" target="_blank">lidia_glub</a>	1	0	1	23	71	175		072
@LidiaInfanteM	<a href="https://twitter.com/LidiaInfanteM" target="_blank">LidiaInfanteM</a>	0	1	0					216
@lifesitu	<a href="https://twitter.com/lifesitu" target="_blank">lifesitu</a>	5	0	1	255	69	111316	Barcelona, España	010
@liherlarrea	<a href="https://twitter.com/liherlarrea" target="_blank">liherlarrea</a>	2	0	1	268	635	5891	Aramaio-Arrasate-Gasteiz	002
@LilaLoto65	<a href="https://twitter.com/LilaLoto65" target="_blank">LilaLoto65</a>	1	0	1	2540	550	76826	Barcelona.	010
@Lilian1956Mar	<a href="https://twitter.com/Lilian1956Mar" target="_blank">Lilian1956Mar</a>	1	0	1	45	60	2691	Montevideo, Uruguay	010
@Lilimarlene5	<a href="https://twitter.com/Lilimarlene5" target="_blank">Lilimarlene5</a>	1	0	1	190	170	16124	Islas Canarias, España	010
@lilithell	<a href="https://twitter.com/lilithell" target="_blank">lilithell</a>	1	0	1	64	203	1873		017
@Lillithput	<a href="https://twitter.com/Lillithput" target="_blank">Lillithput</a>	6	0	1	216	239	8852		152
@Linaguasca	<a href="https://twitter.com/Linaguasca" target="_blank">Linaguasca</a>	7	1	0	2515	2527	11365	Sant Fost de Campsentelles	031
@Linker03	<a href="https://twitter.com/Linker03" target="_blank">Linker03</a>	1	0	1	242	117	28907	Zebes	151
@LIQAY	<a href="https://twitter.com/LIQAY" target="_blank">LIQAY</a>	1	0	1	565	1221	4128	Madrid	040
@lisainsworth	<a href="https://twitter.com/lisainsworth" target="_blank">lisainsworth</a>	2	0	1	2028	197	60374	Acariciando gatos.	042
@LisaMalibu96	<a href="https://twitter.com/LisaMalibu96" target="_blank">LisaMalibu96</a>	1	0	1	514	302	38123	San Pedro del Pinatar.(Murcia)	041
@Lisztop65	<a href="https://twitter.com/Lisztop65" target="_blank">Lisztop65</a>	1	0	1	8	42	97		044
@Lito23Manuel	<a href="https://twitter.com/Lito23Manuel" target="_blank">Lito23Manuel</a>	1	0	1	80	202	203		040
@lizcastro	<a href="https://twitter.com/lizcastro" target="_blank">lizcastro</a>	11	1	0	30429	4716	119908	Massachusetts/Barcelona	219
@Ll_Mateo	<a href="https://twitter.com/Ll_Mateo" target="_blank">Ll_Mateo</a>	9	0	1	649	606	55610	Catalunya	010
@llagus77	<a href="https://twitter.com/llagus77" target="_blank">llagus77</a>	5	0	1	53	105	2383		028
@LLANOSRABADAN	<a href="https://twitter.com/LLANOSRABADAN" target="_blank">LLANOSRABADAN</a>	5	0	2	579	746	17143	Albacete	010
@llaunesvall	<a href="https://twitter.com/llaunesvall" target="_blank">llaunesvall</a>	2	1	0	473	700	2118	Avinyó,Catalunya	214
@LLEIXAPAU	<a href="https://twitter.com/LLEIXAPAU" target="_blank">LLEIXAPAU</a>	1	0	1	247	511	697		118
@Llibertatcat	<a href="https://twitter.com/Llibertatcat" target="_blank">Llibertatcat</a>	18	17	1	23922	17014	54723	Països Catalans	021
@llimoo	<a href="https://twitter.com/llimoo" target="_blank">llimoo</a>	1	1	0	42148	245	27833	info@llimoo.com	211
@LluciaJulbe	<a href="https://twitter.com/LluciaJulbe" target="_blank">LluciaJulbe</a>	11	0	1	15	189	1770	Rheinfelden Deutschland	004
@Lluisa1969	<a href="https://twitter.com/Lluisa1969" target="_blank">Lluisa1969</a>	2	0	1	141	432	742	Amposta	010
@LluisEstadella	<a href="https://twitter.com/LluisEstadella" target="_blank">LluisEstadella</a>	1	0	1	93	329	592	Barcelona, Catalunya	312
@lluisfarremarti	<a href="https://twitter.com/lluisfarremarti" target="_blank">lluisfarremarti</a>	7	0	1	44	66	3926		005
@LluisTio95	<a href="https://twitter.com/LluisTio95" target="_blank">LluisTio95</a>	1	0	1	130	184	583	Pineda de Mar	010
@LluisUrrea	<a href="https://twitter.com/LluisUrrea" target="_blank">LluisUrrea</a>	1	0	1	906	1203	12119	Tremp	017
@Lobaviva	<a href="https://twitter.com/Lobaviva" target="_blank">Lobaviva</a>	1	0	1	69	293	823		010
@lobikoylonji	<a href="https://twitter.com/lobikoylonji" target="_blank">lobikoylonji</a>	10	0	1	73	104	9549	Tona-Catalunya	006
@loco_yiyo	<a href="https://twitter.com/loco_yiyo" target="_blank">loco_yiyo</a>	1	0	1	954	1199	18992		012
@LoDolcet99	<a href="https://twitter.com/LoDolcet99" target="_blank">LoDolcet99</a>	1	1	0	9	21	5	Sort, Catalunya	213
@lola_vendetta	<a href="https://twitter.com/lola_vendetta" target="_blank">lola_vendetta</a>	0	3	0					085
@Lolacebolla	<a href="https://twitter.com/Lolacebolla" target="_blank">Lolacebolla</a>	1	0	1	2770	1405	61530	Lolalandia	040
@lolaperpi	<a href="https://twitter.com/lolaperpi" target="_blank">lolaperpi</a>	9	0	1	478	1591	21828		069
@lolaternero	<a href="https://twitter.com/lolaternero" target="_blank">lolaternero</a>	2	0	1	17	82	833		005
@lolleidata31415	<a href="https://twitter.com/lolleidata31415" target="_blank">lolleidata31415</a>	7	0	1	21	803	1039	Lleida	091
@loloolol_	<a href="https://twitter.com/loloolol_" target="_blank">loloolol_</a>	38	0	1	61	72	8038		029
@Lolpad2	<a href="https://twitter.com/Lolpad2" target="_blank">Lolpad2</a>	5	0	1	338	839	42420	nata montana you're my hammer	041
@londonblacktaxi	<a href="https://twitter.com/londonblacktaxi" target="_blank">londonblacktaxi</a>	1	0	1	1385	289	74048	N 51°17' 0'' / E 0°18' 0''	053
@lordoftheyoyo	<a href="https://twitter.com/lordoftheyoyo" target="_blank">lordoftheyoyo</a>	1	0	1	4026	1531	38793	Hampshire, UK	043
@lorenalacalleA	<a href="https://twitter.com/lorenalacalleA" target="_blank">lorenalacalleA</a>	9	4	0	760	291	22071	Vitoria-Gasteiz, España	081
@loriBra16435608	<a href="https://twitter.com/loriBra16435608" target="_blank">loriBra16435608</a>	1	0	1	694	541	44815	United States	004
@lotofaga23	<a href="https://twitter.com/lotofaga23" target="_blank">lotofaga23</a>	3	0	1	124	219	12684	Atlantis/Atlántida	126
@Loupo85	<a href="https://twitter.com/Loupo85" target="_blank">Loupo85</a>	1	0	1	4138	2166	1077823	FRANCE (44500)	049
@LovCimorelli	<a href="https://twitter.com/LovCimorelli" target="_blank">LovCimorelli</a>	3	0	1	903	1151	18808		223
@LR_ALBA	<a href="https://twitter.com/LR_ALBA" target="_blank">LR_ALBA</a>	1	0	1	601	607	10524	Cabra (Cordoba).	010
@LSudlow	<a href="https://twitter.com/LSudlow" target="_blank">LSudlow</a>	1	0	1	740	382	8850	Madrid	079
@lu_doctubre	<a href="https://twitter.com/lu_doctubre" target="_blank">lu_doctubre</a>	2	0	1	15	41	1506		017
@LUCCKETI	<a href="https://twitter.com/LUCCKETI" target="_blank">LUCCKETI</a>	1	0	1	726	1138	52337	Derry City, Ireland	043
@Luci_mac13	<a href="https://twitter.com/Luci_mac13" target="_blank">Luci_mac13</a>	1	0	1	439	362	75563		047
@LucianRuben1	<a href="https://twitter.com/LucianRuben1" target="_blank">LucianRuben1</a>	1	0	1	27	39	829		010
@LucilitaBhreatn	<a href="https://twitter.com/LucilitaBhreatn" target="_blank">LucilitaBhreatn</a>	1	0	1	1754	3008	15405	Dublin Éire Ireland	001
@Luck_At	<a href="https://twitter.com/Luck_At" target="_blank">Luck_At</a>	1	0	1	68	453	952	Buenos Aires	010
@lucruzyya	<a href="https://twitter.com/lucruzyya" target="_blank">lucruzyya</a>	1	0	1	4	44	24	México	041
@lucymdonoghue	<a href="https://twitter.com/lucymdonoghue" target="_blank">lucymdonoghue</a>	1	0	1	1739	4070	22942	Newcastle, Australia	047
@Lughson	<a href="https://twitter.com/Lughson" target="_blank">Lughson</a>	1	0	1	1045	185	67420	Here,there,everywhere	001
@LuisAbenza	<a href="https://twitter.com/LuisAbenza" target="_blank">LuisAbenza</a>	1	0	1	377	543	1640	Madrid, Spain	040
@luisaluisa3	<a href="https://twitter.com/luisaluisa3" target="_blank">luisaluisa3</a>	1	0	1	205	311	4985		022
@LuisCeleiro	<a href="https://twitter.com/LuisCeleiro" target="_blank">LuisCeleiro</a>	2	0	1	511	935	7562	Sarria, Galiza	055
@LuisdelaMata1	<a href="https://twitter.com/LuisdelaMata1" target="_blank">LuisdelaMata1</a>	1	0	1	186	347	6855		010
@LuisFM260982	<a href="https://twitter.com/LuisFM260982" target="_blank">LuisFM260982</a>	8	0	1	30	190	2393	Barcelona, Catalunya, Europa	017
@LUISROJINEGRO2	<a href="https://twitter.com/LUISROJINEGRO2" target="_blank">LUISROJINEGRO2</a>	1	0	1	1149	1359	10855		010
@luisromerosa	<a href="https://twitter.com/luisromerosa" target="_blank">luisromerosa</a>	1	0	1	189	528	2146	Alea iacta est	040
@lulu6019	<a href="https://twitter.com/lulu6019" target="_blank">lulu6019</a>	23	0	1	719	1129	60728		004
@lumoscriptum	<a href="https://twitter.com/lumoscriptum" target="_blank">lumoscriptum</a>	0	1	0					210
@LunaAzulEc	<a href="https://twitter.com/LunaAzulEc" target="_blank">LunaAzulEc</a>	1	0	1	1886	3317	51089	Ecuador	044
@LunaBackes	<a href="https://twitter.com/LunaBackes" target="_blank">LunaBackes</a>	1	0	1	58	208	306		004
@Lunademadera1	<a href="https://twitter.com/Lunademadera1" target="_blank">Lunademadera1</a>	1	0	1	291	443	10154	Madrid	010
@LunarKnigth	<a href="https://twitter.com/LunarKnigth" target="_blank">LunarKnigth</a>	2	0	1	261	108	6177	House of Gold	046
@LuucilaBelen2	<a href="https://twitter.com/LuucilaBelen2" target="_blank">LuucilaBelen2</a>	1	0	1	257	63	10339	Buenos Aires, Argentina	044
@luz_iglesias	<a href="https://twitter.com/luz_iglesias" target="_blank">luz_iglesias</a>	1	0	1	1212	2206	29831	Buenos aires, argentina	103
@LuzVicente53	<a href="https://twitter.com/LuzVicente53" target="_blank">LuzVicente53</a>	1	0	1	27	104	107		125
@Ma_Heller	<a href="https://twitter.com/Ma_Heller" target="_blank">Ma_Heller</a>	1	11	0	5875	1219	4037	webvideoblog.de	054
@ma_vicente	<a href="https://twitter.com/ma_vicente" target="_blank">ma_vicente</a>	1	0	1	560	494	55271		040
@Maaarc5	<a href="https://twitter.com/Maaarc5" target="_blank">Maaarc5</a>	1	0	1	78	80	424		093
@Maby22902085	<a href="https://twitter.com/Maby22902085" target="_blank">Maby22902085</a>	1	0	1	96	186	3097		010
@macanyelles	<a href="https://twitter.com/macanyelles" target="_blank">macanyelles</a>	1	0	1	123	148	829		191
@MAdserias	<a href="https://twitter.com/MAdserias" target="_blank">MAdserias</a>	2	0	1	6	17	221		010
@maeg1970	<a href="https://twitter.com/maeg1970" target="_blank">maeg1970</a>	1	0	1	1407	2632	26304	República de Pardaleras	028
@MaeseSonoro	<a href="https://twitter.com/MaeseSonoro" target="_blank">MaeseSonoro</a>	2	0	1	1387	1607	97121	Spain is Pain	010
@maeugega	<a href="https://twitter.com/maeugega" target="_blank">maeugega</a>	1	0	1	32	183	221		297
@magirull19	<a href="https://twitter.com/magirull19" target="_blank">magirull19</a>	1	0	1	33	82	78		168
@magniguess	<a href="https://twitter.com/magniguess" target="_blank">magniguess</a>	3	0	1	10	50	386		035
@magodeltrago	<a href="https://twitter.com/magodeltrago" target="_blank">magodeltrago</a>	1	0	1	160	185	27349		040
@magu_04	<a href="https://twitter.com/magu_04" target="_blank">magu_04</a>	1	0	1	147	369	1266	En tierra de nadie...	075
@maherro2	<a href="https://twitter.com/maherro2" target="_blank">maherro2</a>	2	0	1	369	1373	23439	Tres Cantos, España	040
@Maider1	<a href="https://twitter.com/Maider1" target="_blank">Maider1</a>	3	0	1	2221	2285	61789	Etxera • |-/ • 9¾	034
@Maiitiiuss	<a href="https://twitter.com/Maiitiiuss" target="_blank">Maiitiiuss</a>	1	0	1	685	764	3083	NAFARROA	046
@mailategui99	<a href="https://twitter.com/mailategui99" target="_blank">mailategui99</a>	1	0	1	515	509	8144	zizur nagusia-pedraja	046
@maimendi	<a href="https://twitter.com/maimendi" target="_blank">maimendi</a>	3	0	1	179	391	4725	Valldoreix-Bcn	010
@maine666	<a href="https://twitter.com/maine666" target="_blank">maine666</a>	1	0	1	2451	2690	61055	Madrid	040
@maite6669	<a href="https://twitter.com/maite6669" target="_blank">maite6669</a>	1	0	1	3793	3966	148530	#TampocoPrestoSexo	010
@maiteanaya	<a href="https://twitter.com/maiteanaya" target="_blank">maiteanaya</a>	0	2	0					113
@maitejuanola	<a href="https://twitter.com/maitejuanola" target="_blank">maitejuanola</a>	1	0	1	322	356	1149	Cataluña, FIGUERES	005
@maitesancat	<a href="https://twitter.com/maitesancat" target="_blank">maitesancat</a>	3	0	1	162	88	19732	Barcelona	010
@majosiscar	<a href="https://twitter.com/majosiscar" target="_blank">majosiscar</a>	0	1	0					208
@malapunta	<a href="https://twitter.com/malapunta" target="_blank">malapunta</a>	5	0	2	305	239	70597		010
@malkabethwendy	<a href="https://twitter.com/malkabethwendy" target="_blank">malkabethwendy</a>	2	0	1	1164	2693	36956	Barcelona, Spain	004
@mallagro	<a href="https://twitter.com/mallagro" target="_blank">mallagro</a>	2	0	1	42	351	247	Barcelona, Catalunya	003
@MalMayiriti	<a href="https://twitter.com/MalMayiriti" target="_blank">MalMayiriti</a>	5	0	1	849	1414	49849	Madrid, Comunidad de Madrid	048
@malokaloka_	<a href="https://twitter.com/malokaloka_" target="_blank">malokaloka_</a>	2	0	1	891	1492	14176		028
@mamen176	<a href="https://twitter.com/mamen176" target="_blank">mamen176</a>	2	0	1	418	630	1243	Madrid	012
@Mamfach62	<a href="https://twitter.com/Mamfach62" target="_blank">Mamfach62</a>	1	0	1	538	861	25941	Cymru - Wales	149
@mamia55	<a href="https://twitter.com/mamia55" target="_blank">mamia55</a>	6	0	1	39	385	4930		005
@MammaClara	<a href="https://twitter.com/MammaClara" target="_blank">MammaClara</a>	4	0	1	6	17	1757	Sevilla	010
@ManelGarcia93	<a href="https://twitter.com/ManelGarcia93" target="_blank">ManelGarcia93</a>	1	0	1	227	473	7631	TGN - BCN	330
@Manelic_sensei	<a href="https://twitter.com/Manelic_sensei" target="_blank">Manelic_sensei</a>	0	1	0					209
@manelrawal	<a href="https://twitter.com/manelrawal" target="_blank">manelrawal</a>	19	0	1	310	646	80157	Raval (Barcelona)	327
@Mannaleemer	<a href="https://twitter.com/Mannaleemer" target="_blank">Mannaleemer</a>	1	0	1	573	912	3756		004
@MannyThunder	<a href="https://twitter.com/MannyThunder" target="_blank">MannyThunder</a>	2	0	1	405	910	19884	Починки	041
@manoandmetal	<a href="https://twitter.com/manoandmetal" target="_blank">manoandmetal</a>	1	0	1	1673	2166	58672	Chile	012
@ManttoniG	<a href="https://twitter.com/ManttoniG" target="_blank">ManttoniG</a>	1	0	1	242	295	1996	Euskal Herria.	042
@manuel_1257	<a href="https://twitter.com/manuel_1257" target="_blank">manuel_1257</a>	1	0	1	144	193	13622	dentro de una patata hervida	041
@ManuGuix	<a href="https://twitter.com/ManuGuix" target="_blank">ManuGuix</a>	0	2	0					116
@ManusitoGelhe	<a href="https://twitter.com/ManusitoGelhe" target="_blank">ManusitoGelhe</a>	3	0	1	200	134	12669	Málaga, España	010
@Mapilnc	<a href="https://twitter.com/Mapilnc" target="_blank">Mapilnc</a>	1	0	1	5	16	184		150
@MAQUIAVELOCOSTE	<a href="https://twitter.com/MAQUIAVELOCOSTE" target="_blank">MAQUIAVELOCOSTE</a>	1	0	1	35790	37089	104793	I´M Always NEXT2YOU	012
@maquis62	<a href="https://twitter.com/maquis62" target="_blank">maquis62</a>	1	0	1	211	299	6284	Revolución	010
@Mar30483763	<a href="https://twitter.com/Mar30483763" target="_blank">Mar30483763</a>	8	0	2	45	35	5479	Catalunya	017
@Maras70	<a href="https://twitter.com/Maras70" target="_blank">Maras70</a>	2	0	1	1953	2654	24698	merida	040
@maraylucy	<a href="https://twitter.com/maraylucy" target="_blank">maraylucy</a>	3	0	1	1360	1150	25116	En la gran ciudad.	110
@marbarrilet	<a href="https://twitter.com/marbarrilet" target="_blank">marbarrilet</a>	2	0	1	230	365	406		101
@Marc_Ferret	<a href="https://twitter.com/Marc_Ferret" target="_blank">Marc_Ferret</a>	12	0	1	510	500	24039	Argelaguer, Catalunya	017
@marc_hahn	<a href="https://twitter.com/marc_hahn" target="_blank">marc_hahn</a>	2	1	0	368	1031	5015	El Prat de Llobregat	206
@Marc2GB	<a href="https://twitter.com/Marc2GB" target="_blank">Marc2GB</a>	3	0	1	51	149	598	Girona, Catalunya	010
@Marc9501	<a href="https://twitter.com/Marc9501" target="_blank">Marc9501</a>	1	0	1	29	101	2617		041
@marcamau	<a href="https://twitter.com/marcamau" target="_blank">marcamau</a>	1	0	1	22	160	233		218
@marcbalafc	<a href="https://twitter.com/marcbalafc" target="_blank">marcbalafc</a>	2	1	0	591	625	947	Vilanova i la Geltrú	207
@marcballus	<a href="https://twitter.com/marcballus" target="_blank">marcballus</a>	1	0	1	192	88	9441	Manresa	010
@marcbarbena	<a href="https://twitter.com/marcbarbena" target="_blank">marcbarbena</a>	0	1	0					204
@MarcCR79	<a href="https://twitter.com/MarcCR79" target="_blank">MarcCR79</a>	3	0	1	62	23	1173		004
@marcctaber	<a href="https://twitter.com/marcctaber" target="_blank">marcctaber</a>	1	0	1	114	157	2746	ES 08021 - 17470	004
@MarcelloBotzo	<a href="https://twitter.com/MarcelloBotzo" target="_blank">MarcelloBotzo</a>	1	0	1	591	986	1005	Berlin, Germany	054
@MarceMontanaro	<a href="https://twitter.com/MarceMontanaro" target="_blank">MarceMontanaro</a>	0	2	0					110
@marcespinar	<a href="https://twitter.com/marcespinar" target="_blank">marcespinar</a>	0	1	0					012
@MARCGIRONESSABA	<a href="https://twitter.com/MARCGIRONESSABA" target="_blank">MARCGIRONESSABA</a>	1	0	1	19	62	259		004
@MarciaVargasS	<a href="https://twitter.com/MarciaVargasS" target="_blank">MarciaVargasS</a>	1	0	1	12185	9965	140862	Las Condes, Chile	012
@MarcJaraGimeno	<a href="https://twitter.com/MarcJaraGimeno" target="_blank">MarcJaraGimeno</a>	10	0	1	1074	2343	33793		052
@MarcMarfa	<a href="https://twitter.com/MarcMarfa" target="_blank">MarcMarfa</a>	3	0	1	321	317	2015	Barcelona, España	019
@MarcosGallardo	<a href="https://twitter.com/MarcosGallardo" target="_blank">MarcosGallardo</a>	4	0	1	310	793	2294	Barcelona	017
@MarcosHCrespo	<a href="https://twitter.com/MarcosHCrespo" target="_blank">MarcosHCrespo</a>	18	0	2	1052	1696	26215	Santa Perpètua de Mogoda, Catalunya.	033
@Marcosrg_93	<a href="https://twitter.com/Marcosrg_93" target="_blank">Marcosrg_93</a>	1	0	1	163	274	8740	Motril (Granada), España	045
@marcrenye14	<a href="https://twitter.com/marcrenye14" target="_blank">marcrenye14</a>	0	1	0					078
@mardelumes	<a href="https://twitter.com/mardelumes" target="_blank">mardelumes</a>	7	5	0	1990	1057	3077	Galiza	003
@margahg63	<a href="https://twitter.com/margahg63" target="_blank">margahg63</a>	3	0	1	3143	4995	24731		010
@marhola	<a href="https://twitter.com/marhola" target="_blank">marhola</a>	1	0	1	37	298	173		010
@Mari_Gi94	<a href="https://twitter.com/Mari_Gi94" target="_blank">Mari_Gi94</a>	9	0	2	976	821	113802	Girona	122
@Maria__Cabrera	<a href="https://twitter.com/Maria__Cabrera" target="_blank">Maria__Cabrera</a>	1	0	1	1544	970	144428	Concha Espina.	040
@Maria_Asensio	<a href="https://twitter.com/Maria_Asensio" target="_blank">Maria_Asensio</a>	1	0	1	156	259	344		205
@mariaa_martin99	<a href="https://twitter.com/mariaa_martin99" target="_blank">mariaa_martin99</a>	1	0	1	209	102	13997	Sevilla, España	010
@mariaalgo	<a href="https://twitter.com/mariaalgo" target="_blank">mariaalgo</a>	1	0	1	388	611	21963		010
@mariacat_5	<a href="https://twitter.com/mariacat_5" target="_blank">mariacat_5</a>	1	0	1	174	167	1822		046
@MariaElias11	<a href="https://twitter.com/MariaElias11" target="_blank">MariaElias11</a>	1	0	1	227	693	745		010
@mariafigueredo3	<a href="https://twitter.com/mariafigueredo3" target="_blank">mariafigueredo3</a>	1	0	1	3705	2691	150570		044
@mariamiret_	<a href="https://twitter.com/mariamiret_" target="_blank">mariamiret_</a>	1	1	0	373	85	1131	De l'oest de Catalunya.	025
@mariana_19605	<a href="https://twitter.com/mariana_19605" target="_blank">mariana_19605</a>	1	0	1	35	110	419	Montevideo	010
@MarianoVerano	<a href="https://twitter.com/MarianoVerano" target="_blank">MarianoVerano</a>	1	0	1	154	101	8711		120
@MariaOxbow	<a href="https://twitter.com/MariaOxbow" target="_blank">MariaOxbow</a>	48	0	1	1072	1912	225081	Barcelona	017
@MariaPasqual1	<a href="https://twitter.com/MariaPasqual1" target="_blank">MariaPasqual1</a>	1	0	1	255	660	3587		010
@MariaRoigAlsina	<a href="https://twitter.com/MariaRoigAlsina" target="_blank">MariaRoigAlsina</a>	7	1	0	252	578	1611	Tarragona	202
@mariasolbs	<a href="https://twitter.com/mariasolbs" target="_blank">mariasolbs</a>	10	0	1	236	636	7364	Galiza	018
@maribelmsp	<a href="https://twitter.com/maribelmsp" target="_blank">maribelmsp</a>	3	0	1	229	156	12252		263
@maricelaguzg	<a href="https://twitter.com/maricelaguzg" target="_blank">maricelaguzg</a>	1	0	1	1205	1813	13649	Monterrey, Mexico	077
@mariceli23	<a href="https://twitter.com/mariceli23" target="_blank">mariceli23</a>	1	0	1	1441	586	241950		040
@marichmoda2	<a href="https://twitter.com/marichmoda2" target="_blank">marichmoda2</a>	6	0	1	1676	1715	48173		010
@mariellaclamart	<a href="https://twitter.com/mariellaclamart" target="_blank">mariellaclamart</a>	0	1	0					200
@Mariia143_	<a href="https://twitter.com/Mariia143_" target="_blank">Mariia143_</a>	2	0	2	98	232	583		010
@mariilopez97	<a href="https://twitter.com/mariilopez97" target="_blank">mariilopez97</a>	1	0	1	481	181	6562	España	041
@Marijos65214014	<a href="https://twitter.com/Marijos65214014" target="_blank">Marijos65214014</a>	11	0	1	111	140	14144		013
@marilopez07	<a href="https://twitter.com/marilopez07" target="_blank">marilopez07</a>	8	0	1	3726	3682	180074	benidorm	010
@marinaaher9	<a href="https://twitter.com/marinaaher9" target="_blank">marinaaher9</a>	1	0	1	67	148	478		046
@MarinaAreste	<a href="https://twitter.com/MarinaAreste" target="_blank">MarinaAreste</a>	1	4	0	194	189	1028	Lleida - Dublin	027
@MarinahOfficial	<a href="https://twitter.com/MarinahOfficial" target="_blank">MarinahOfficial</a>	1	0	1	1747	1281	3522		048
@Marinanduix	<a href="https://twitter.com/Marinanduix" target="_blank">Marinanduix</a>	1	0	1	180	172	3594	Barcelona, España	051
@marinayanezfort	<a href="https://twitter.com/marinayanezfort" target="_blank">marinayanezfort</a>	1	0	1	68	116	653	Badalona, España	052
@MarinellaScogna	<a href="https://twitter.com/MarinellaScogna" target="_blank">MarinellaScogna</a>	1	0	1	443	612	1063	napoli	043
@MarionaSF	<a href="https://twitter.com/MarionaSF" target="_blank">MarionaSF</a>	0	3	0					003
@mark_masip89	<a href="https://twitter.com/mark_masip89" target="_blank">mark_masip89</a>	5	0	1	46	106	1203		010
@Marlasca__	<a href="https://twitter.com/Marlasca__" target="_blank">Marlasca__</a>	1	0	1	137	328	2945	Castro-Urdiales, España	041
@MarlosWarlos	<a href="https://twitter.com/MarlosWarlos" target="_blank">MarlosWarlos</a>	3	0	1	85	341	4890		055
@marnau70	<a href="https://twitter.com/marnau70" target="_blank">marnau70</a>	1	1	0	43	67	701		197
@marpclavero	<a href="https://twitter.com/marpclavero" target="_blank">marpclavero</a>	1	0	1	140	411	7659		010
@marta_queralt	<a href="https://twitter.com/marta_queralt" target="_blank">marta_queralt</a>	2	0	1	146	259	14483	#fromreustohellas	041
@martaa_66	<a href="https://twitter.com/martaa_66" target="_blank">martaa_66</a>	2	0	1	503	331	9236	Amposta, Catalunya	305
@Martabalaux	<a href="https://twitter.com/Martabalaux" target="_blank">Martabalaux</a>	1	0	1	91	200	414	Sants	083
@martaclar	<a href="https://twitter.com/martaclar" target="_blank">martaclar</a>	2	1	0	1006	939	5909	Vilassar de Mar	195
@martaestr	<a href="https://twitter.com/martaestr" target="_blank">martaestr</a>	3	0	1	45	107	967		017
@martagober	<a href="https://twitter.com/martagober" target="_blank">martagober</a>	1	0	1	112	136	5942		042
@MartaIndignada	<a href="https://twitter.com/MartaIndignada" target="_blank">MartaIndignada</a>	1	0	1	1005	1977	11051	Zaragoza, Spain	010
@MartaPerezSouto	<a href="https://twitter.com/MartaPerezSouto" target="_blank">MartaPerezSouto</a>	1	0	1	414	393	20949		169
@MartaPretel	<a href="https://twitter.com/MartaPretel" target="_blank">MartaPretel</a>	0	1	0					196
@MartaPuBe	<a href="https://twitter.com/MartaPuBe" target="_blank">MartaPuBe</a>	1	0	1	19	228	157		274
@martaqueralto	<a href="https://twitter.com/martaqueralto" target="_blank">martaqueralto</a>	0	1	0					199
@Marthaaaa99	<a href="https://twitter.com/Marthaaaa99" target="_blank">Marthaaaa99</a>	1	0	1	5	28	55		236
@MartiChecaJ	<a href="https://twitter.com/MartiChecaJ" target="_blank">MartiChecaJ</a>	2	0	1	53	585	1142	Països Catalans	341
@martinez97alber	<a href="https://twitter.com/martinez97alber" target="_blank">martinez97alber</a>	1	0	1	492	399	11730	Madrid, España	040
@MarUrabain	<a href="https://twitter.com/MarUrabain" target="_blank">MarUrabain</a>	4	0	2	74	245	1833		006
@maryammush	<a href="https://twitter.com/maryammush" target="_blank">maryammush</a>	1	0	1	251	296	5656	Copenhague, Dinamarca	128
@Marywave_	<a href="https://twitter.com/Marywave_" target="_blank">Marywave_</a>	1	0	1	198	287	7140		005
@Mates60DN	<a href="https://twitter.com/Mates60DN" target="_blank">Mates60DN</a>	1	0	1	328	2235	46203	Düren / NRW	328
@matriuxpc	<a href="https://twitter.com/matriuxpc" target="_blank">matriuxpc</a>	11	0	1	54	32	5585		020
@Matsuoka_Sora	<a href="https://twitter.com/Matsuoka_Sora" target="_blank">Matsuoka_Sora</a>	2	0	2	8	12	144		012
@MattGargan	<a href="https://twitter.com/MattGargan" target="_blank">MattGargan</a>	1	0	1	45	221	2484		043
@MatthewHirtes	<a href="https://twitter.com/MatthewHirtes" target="_blank">MatthewHirtes</a>	1	0	1	4299	1745	22704	Las Palmas de Gran Canaria	363
@MattiasTolvanen	<a href="https://twitter.com/MattiasTolvanen" target="_blank">MattiasTolvanen</a>	1	0	1	751	882	13462	Helsinki Finland	047
@Maty_arg	<a href="https://twitter.com/Maty_arg" target="_blank">Maty_arg</a>	0	1	0					203
@MAUCHINE	<a href="https://twitter.com/MAUCHINE" target="_blank">MAUCHINE</a>	1	0	1	86	290	3258	la seu	331
@mauradass	<a href="https://twitter.com/mauradass" target="_blank">mauradass</a>	1	0	1	474	3288	4339	Barcelona, Spain	017
@maxence1414	<a href="https://twitter.com/maxence1414" target="_blank">maxence1414</a>	1	0	1	1	21	89		049
@maxi_ezequiel	<a href="https://twitter.com/maxi_ezequiel" target="_blank">maxi_ezequiel</a>	1	0	1	853	2330	41786	Lanús Oeste, Argentina	005
@mayka_Caballero	<a href="https://twitter.com/mayka_Caballero" target="_blank">mayka_Caballero</a>	2	0	1	479	1025	8065	Madrid	007
@Mayu_Miller	<a href="https://twitter.com/Mayu_Miller" target="_blank">Mayu_Miller</a>	0	5	0					073
@mcarme68	<a href="https://twitter.com/mcarme68" target="_blank">mcarme68</a>	1	0	1	35	73	77	Sant Andreu, Barcelona	036
@mcmm2010	<a href="https://twitter.com/mcmm2010" target="_blank">mcmm2010</a>	10	0	1	593	1092	7886	Catalunya, Tarragona	240
@mcparrapla	<a href="https://twitter.com/mcparrapla" target="_blank">mcparrapla</a>	4	0	1	9	29	496		246
@mdekstrand	<a href="https://twitter.com/mdekstrand" target="_blank">mdekstrand</a>	1	0	1	1343	938	33711	Sol III	338
@mecsoler	<a href="https://twitter.com/mecsoler" target="_blank">mecsoler</a>	4	0	1	80	232	1717		033
@mefusa_confusa	<a href="https://twitter.com/mefusa_confusa" target="_blank">mefusa_confusa</a>	1	0	1	24	53	523	El Mundo	010
@Meikecass	<a href="https://twitter.com/Meikecass" target="_blank">Meikecass</a>	6	1	0	781	894	9454	MadHavi city	111
@melanielelapin	<a href="https://twitter.com/melanielelapin" target="_blank">melanielelapin</a>	1	0	1	579	194	28807		100
@meli_verheyden	<a href="https://twitter.com/meli_verheyden" target="_blank">meli_verheyden</a>	0	1	0					193
@meliriade	<a href="https://twitter.com/meliriade" target="_blank">meliriade</a>	0	1	0					192
@MeLlamoDomenico	<a href="https://twitter.com/MeLlamoDomenico" target="_blank">MeLlamoDomenico</a>	1	0	1	38	35	6016	Mi cueva.	136
@melomaniass	<a href="https://twitter.com/melomaniass" target="_blank">melomaniass</a>	2	0	1	10133	9664	11290	España	010
@melomaniias	<a href="https://twitter.com/melomaniias" target="_blank">melomaniias</a>	1	0	1	1248	1578	3400		010
@melopeya	<a href="https://twitter.com/melopeya" target="_blank">melopeya</a>	1	0	1	179	532	27919	Marramiau, Catland	001
@meninhagato	<a href="https://twitter.com/meninhagato" target="_blank">meninhagato</a>	3	0	1	203	87	6344		141
@mentapoleo87	<a href="https://twitter.com/mentapoleo87" target="_blank">mentapoleo87</a>	0	1	0					190
@Mephistophleigh	<a href="https://twitter.com/Mephistophleigh" target="_blank">Mephistophleigh</a>	1	0	1	63	225	536		004
@mepregas	<a href="https://twitter.com/mepregas" target="_blank">mepregas</a>	2	0	1	40	118	5784	Barcelona, Montreal	004
@mercebellido	<a href="https://twitter.com/mercebellido" target="_blank">mercebellido</a>	6	0	1	387	318	1738	Mataró	069
@MerceDiazp3	<a href="https://twitter.com/MerceDiazp3" target="_blank">MerceDiazp3</a>	0	1	0					191
@MerceMercebla	<a href="https://twitter.com/MerceMercebla" target="_blank">MerceMercebla</a>	6	0	1	308	337	8619	Barcelona	038
@MerceRovira	<a href="https://twitter.com/MerceRovira" target="_blank">MerceRovira</a>	2	0	1	1896	2042	14046		017
@merialriial	<a href="https://twitter.com/merialriial" target="_blank">merialriial</a>	7	0	1	4778	4635	220245	Barcelona, CATALUNYA	010
@Meritxell0	<a href="https://twitter.com/Meritxell0" target="_blank">Meritxell0</a>	1	0	1	96	309	763		005
@Merlinelo	<a href="https://twitter.com/Merlinelo" target="_blank">Merlinelo</a>	1	0	1	110	313	4946	Joliette, Québec, Canada	057
@mermaidjorgea	<a href="https://twitter.com/mermaidjorgea" target="_blank">mermaidjorgea</a>	1	0	1	986	538	174861	RJ/BRA	022
@mernieste	<a href="https://twitter.com/mernieste" target="_blank">mernieste</a>	2	0	2	913	52	14488	Valencia, España	010
@MerParg	<a href="https://twitter.com/MerParg" target="_blank">MerParg</a>	3	0	1	137	165	12159		010
@Mertxemp	<a href="https://twitter.com/Mertxemp" target="_blank">Mertxemp</a>	1	0	1	865	1640	14704	Vallecas	010
@MeryGarcia_15	<a href="https://twitter.com/MeryGarcia_15" target="_blank">MeryGarcia_15</a>	2	0	1	343	466	4154	Barcelona	287
@mesaba89	<a href="https://twitter.com/mesaba89" target="_blank">mesaba89</a>	1	0	1	25	230	11	Roquetes	370
@MesEnComu	<a href="https://twitter.com/MesEnComu" target="_blank">MesEnComu</a>	1	1	1	146	731	1466	Valencia, España	133
@Meteorologo85	<a href="https://twitter.com/Meteorologo85" target="_blank">Meteorologo85</a>	1	0	1	120	78	1837	Valencia (España)	228
@metring5	<a href="https://twitter.com/metring5" target="_blank">metring5</a>	1	0	1	36	3	1450		036
@Mets_91	<a href="https://twitter.com/Mets_91" target="_blank">Mets_91</a>	5	0	1	2019	609	8790		010
@mfornells	<a href="https://twitter.com/mfornells" target="_blank">mfornells</a>	3	1	0	2623	729	18099	Ribelles (Vilanova de l'Aguda)	189
@mgilbarr	<a href="https://twitter.com/mgilbarr" target="_blank">mgilbarr</a>	4	0	1	16	46	970		017
@mgmulet	<a href="https://twitter.com/mgmulet" target="_blank">mgmulet</a>	1	0	1	261	349	5014	Barcelona	028
@mgs_eire	<a href="https://twitter.com/mgs_eire" target="_blank">mgs_eire</a>	4	0	2	997	1017	9835	An Dún Theas	039
@mguinjoan	<a href="https://twitter.com/mguinjoan" target="_blank">mguinjoan</a>	0	1	0					111
@MHRMort	<a href="https://twitter.com/MHRMort" target="_blank">MHRMort</a>	1	0	1	614	433	46367		070
@miar_sky	<a href="https://twitter.com/miar_sky" target="_blank">miar_sky</a>	1	0	1	1161	315	30663	En mi cama, y en la suya.	042
@Michael_Veritas	<a href="https://twitter.com/Michael_Veritas" target="_blank">Michael_Veritas</a>	1	0	1	198	75	10564	Naples, FL	004
@MichaMarek1001	<a href="https://twitter.com/MichaMarek1001" target="_blank">MichaMarek1001</a>	1	0	1	51	161	99	Pomorskie, Polska	056
@Miche16San	<a href="https://twitter.com/Miche16San" target="_blank">Miche16San</a>	1	0	1	128	313	5300		041
@michellemacewan	<a href="https://twitter.com/michellemacewan" target="_blank">michellemacewan</a>	1	0	1	6829	4034	35956	Glenaire, Australia	377
@michellevm24ag1	<a href="https://twitter.com/michellevm24ag1" target="_blank">michellevm24ag1</a>	1	0	1	7	87	35		003
@MickBate111	<a href="https://twitter.com/MickBate111" target="_blank">MickBate111</a>	4	0	2	806	2306	69082	Madrid	010
@mickrab	<a href="https://twitter.com/mickrab" target="_blank">mickrab</a>	1	0	1	199	148	21155	Galway/Doncaster/Estepona	039
@MicPassarelli	<a href="https://twitter.com/MicPassarelli" target="_blank">MicPassarelli</a>	1	0	1	64	568	106		043
@Migmas95	<a href="https://twitter.com/Migmas95" target="_blank">Migmas95</a>	0	1	0					010
@Migosh76	<a href="https://twitter.com/Migosh76" target="_blank">Migosh76</a>	1	0	1	76	145	7789		040
@migueeez_	<a href="https://twitter.com/migueeez_" target="_blank">migueeez_</a>	1	0	1	164	167	19619	España	018
@Miguelsm_19	<a href="https://twitter.com/Miguelsm_19" target="_blank">Miguelsm_19</a>	1	0	1	65	350	242		045
@MiguelSoaz	<a href="https://twitter.com/MiguelSoaz" target="_blank">MiguelSoaz</a>	1	0	1	95	350	3867		040
@mikedisbury	<a href="https://twitter.com/mikedisbury" target="_blank">mikedisbury</a>	1	0	1	536	1137	16385	based in Edinburgh	065
@Mikel_peyron	<a href="https://twitter.com/Mikel_peyron" target="_blank">Mikel_peyron</a>	1	0	1	164	289	498		046
@MikelArreseigor	<a href="https://twitter.com/MikelArreseigor" target="_blank">MikelArreseigor</a>	1	7	0	4117	4850	3862	Tolosa	034
@MikeldelRio1	<a href="https://twitter.com/MikeldelRio1" target="_blank">MikeldelRio1</a>	2	0	1	52	150	139		046
@Miklobius	<a href="https://twitter.com/Miklobius" target="_blank">Miklobius</a>	1	0	1	271	497	4249	Santiago, Chile	012
@Milagros0999	<a href="https://twitter.com/Milagros0999" target="_blank">Milagros0999</a>	1	0	1	240	250	10666	Buta Ranquil, Argentina	148
@MilagrosAlii	<a href="https://twitter.com/MilagrosAlii" target="_blank">MilagrosAlii</a>	1	0	1	860	3047	14993	buenos aires,lujan	044
@MilanesVale	<a href="https://twitter.com/MilanesVale" target="_blank">MilanesVale</a>	1	0	1	500	425	1564	Buenos Aires, Argentina	087
@miliojmn	<a href="https://twitter.com/miliojmn" target="_blank">miliojmn</a>	1	0	1	1598	2322	82933		010
@mim46mauler	<a href="https://twitter.com/mim46mauler" target="_blank">mim46mauler</a>	9	0	1	598	1548	7747	🌎	017
@MinaTorras	<a href="https://twitter.com/MinaTorras" target="_blank">MinaTorras</a>	1	0	1	63	322	522	Montcada i Reixac, Espanya	042
@mingusmd	<a href="https://twitter.com/mingusmd" target="_blank">mingusmd</a>	1	0	1	222	553	3398	París, Francia	040
@MIQUEL_01	<a href="https://twitter.com/MIQUEL_01" target="_blank">MIQUEL_01</a>	50	0	1	3697	1816	232471	II*IIPaïsos CatalansII*II #DUI	121
@miquelayllon24	<a href="https://twitter.com/miquelayllon24" target="_blank">miquelayllon24</a>	1	1	0	124	272	14029	Barcelona	186
@miqueljornet	<a href="https://twitter.com/miqueljornet" target="_blank">miqueljornet</a>	1	1	0	1046	1745	4822	Gavà (Catalunya) | Antzuola (Euskal Herria)	145
@MIQUELLARA	<a href="https://twitter.com/MIQUELLARA" target="_blank">MIQUELLARA</a>	82	1	0	8993	9419	300619	SALT - CATALUNYA	012
@MireiaCarreno	<a href="https://twitter.com/MireiaCarreno" target="_blank">MireiaCarreno</a>	10	0	1	163	272	4723		006
@mireiaguasch7	<a href="https://twitter.com/mireiaguasch7" target="_blank">mireiaguasch7</a>	1	0	1	11	144	72	Barcelona, España	166
@MireiaM6	<a href="https://twitter.com/MireiaM6" target="_blank">MireiaM6</a>	3	0	1	7	180	411		025
@Mireiavam	<a href="https://twitter.com/Mireiavam" target="_blank">Mireiavam</a>	7	0	1	200	33	18326	Blanes, Girona, Catalunya	017
@miriamberoset	<a href="https://twitter.com/miriamberoset" target="_blank">miriamberoset</a>	2	0	1	109	484	4160	TGN-BCN- PERU	010
@MiRichart	<a href="https://twitter.com/MiRichart" target="_blank">MiRichart</a>	0	1	0					185
@misspherson	<a href="https://twitter.com/misspherson" target="_blank">misspherson</a>	1	0	1	156	333	15111		100
@missymml	<a href="https://twitter.com/missymml" target="_blank">missymml</a>	1	0	1	321	441	17829		040
@Misyrlou	<a href="https://twitter.com/Misyrlou" target="_blank">Misyrlou</a>	1	0	1	326	417	4284	Aqui, around the world	010
@MjauZedong	<a href="https://twitter.com/MjauZedong" target="_blank">MjauZedong</a>	1	0	1	16	71	143	Stockholm, Sverige	019
@mjco22	<a href="https://twitter.com/mjco22" target="_blank">mjco22</a>	1	0	1	13	71	178	Ecuador	354
@mjestevez	<a href="https://twitter.com/mjestevez" target="_blank">mjestevez</a>	1	0	1	1453	410	94306	España MADRID	040
@MjosePintor	<a href="https://twitter.com/MjosePintor" target="_blank">MjosePintor</a>	1	0	1	2418	2293	47156		096
@MJVelP	<a href="https://twitter.com/MJVelP" target="_blank">MJVelP</a>	2	0	1	48	210	1697	Vigo/Gz.	010
@MKACITV5M	<a href="https://twitter.com/MKACITV5M" target="_blank">MKACITV5M</a>	2	19	1	11043	1477	7164	Paris, France	049
@mlarac64	<a href="https://twitter.com/mlarac64" target="_blank">mlarac64</a>	2	0	1	63	184	6903	Sant Joan Despi	004
@MMarAlcalde	<a href="https://twitter.com/MMarAlcalde" target="_blank">MMarAlcalde</a>	6	0	1	269	223	26502		064
@mmarkmiller	<a href="https://twitter.com/mmarkmiller" target="_blank">mmarkmiller</a>	0	1	0					182
@mmeriew	<a href="https://twitter.com/mmeriew" target="_blank">mmeriew</a>	1	0	1	44	29	60	Galiza	237
@mmmarcotic	<a href="https://twitter.com/mmmarcotic" target="_blank">mmmarcotic</a>	1	0	1	101	290	198	barcelona	004
@mmoli588	<a href="https://twitter.com/mmoli588" target="_blank">mmoli588</a>	7	0	1	3148	4996	204049	aranjuez	017
@mmontarditp	<a href="https://twitter.com/mmontarditp" target="_blank">mmontarditp</a>	1	0	1	30	83	358		348
@mmorphd	<a href="https://twitter.com/mmorphd" target="_blank">mmorphd</a>	3	0	1	67	53	5217		113
@Mnk_Svd	<a href="https://twitter.com/Mnk_Svd" target="_blank">Mnk_Svd</a>	1	0	1	40	156	138		018
@Mo00	<a href="https://twitter.com/Mo00" target="_blank">Mo00</a>	1	0	1	15	80	78		142
@moanaraijin	<a href="https://twitter.com/moanaraijin" target="_blank">moanaraijin</a>	2	0	1	408	395	20197	Volando sobre el nido del cuco	010
@mohicana_cdr	<a href="https://twitter.com/mohicana_cdr" target="_blank">mohicana_cdr</a>	1	0	1	0	30	10		017
@MojcaJereb	<a href="https://twitter.com/MojcaJereb" target="_blank">MojcaJereb</a>	1	0	1	598	777	18535		062
@Mon60655691	<a href="https://twitter.com/Mon60655691" target="_blank">Mon60655691</a>	1	0	1	2	48	140	Barcelona, España	003
@monforcolla	<a href="https://twitter.com/monforcolla" target="_blank">monforcolla</a>	5	0	2	13	96	1663		009
@monicafaan	<a href="https://twitter.com/monicafaan" target="_blank">monicafaan</a>	2	0	1	37	105	675		003
@monicaktorres	<a href="https://twitter.com/monicaktorres" target="_blank">monicaktorres</a>	2	0	2	548	999	35805		154
@MonikaStarkHG	<a href="https://twitter.com/MonikaStarkHG" target="_blank">MonikaStarkHG</a>	1	0	1	246	463	4914	|-/	041
@monkeyturban	<a href="https://twitter.com/monkeyturban" target="_blank">monkeyturban</a>	1	0	1	139	122	20577		065
@monru_oc	<a href="https://twitter.com/monru_oc" target="_blank">monru_oc</a>	1	0	1	74	158	501		005
@monsbalanya	<a href="https://twitter.com/monsbalanya" target="_blank">monsbalanya</a>	1	0	1	34	65	1354	Sant Feliu de Llobregat	020
@Montcau	<a href="https://twitter.com/Montcau" target="_blank">Montcau</a>	6	1	0	1172	1669	4638		179
@monti_anton	<a href="https://twitter.com/monti_anton" target="_blank">monti_anton</a>	1	0	1	212	296	437		043
@MontriciaHubba1	<a href="https://twitter.com/MontriciaHubba1" target="_blank">MontriciaHubba1</a>	5	0	1	4553	4820	137628	Salem, OR	004
@montsant_	<a href="https://twitter.com/montsant_" target="_blank">montsant_</a>	1	5	0	1800	1021	14876		069
@montse_bigas	<a href="https://twitter.com/montse_bigas" target="_blank">montse_bigas</a>	1	0	1	8	44	61		374
@montse607	<a href="https://twitter.com/montse607" target="_blank">montse607</a>	1	0	1	32	108	429		134
@MontseCantinMas	<a href="https://twitter.com/MontseCantinMas" target="_blank">MontseCantinMas</a>	4	1	0	929	791	10275	Barcelona	109
@montsegvera	<a href="https://twitter.com/montsegvera" target="_blank">montsegvera</a>	1	1	0	355	667	2899	Eivissa	037
@MONTSERRATMAOS1	<a href="https://twitter.com/MONTSERRATMAOS1" target="_blank">MONTSERRATMAOS1</a>	7	0	1	291	658	19199	Barcelona, Catalunya	017
@moon_serranita	<a href="https://twitter.com/moon_serranita" target="_blank">moon_serranita</a>	1	0	1	46	63	58	Barcelona	095
@moonsoonsalado	<a href="https://twitter.com/moonsoonsalado" target="_blank">moonsoonsalado</a>	1	0	1	279	899	1816	mondoñedo	004
@MoooriPM	<a href="https://twitter.com/MoooriPM" target="_blank">MoooriPM</a>	2	0	1	632	430	24070	Pontevedra, Galiza	018
@morales_mire	<a href="https://twitter.com/morales_mire" target="_blank">morales_mire</a>	2	0	1	50	102	2297		018
@moran_emortor	<a href="https://twitter.com/moran_emortor" target="_blank">moran_emortor</a>	4	0	2	173	296	31375		010
@morato74	<a href="https://twitter.com/morato74" target="_blank">morato74</a>	2	1	0	239	207	1479		180
@morestel	<a href="https://twitter.com/morestel" target="_blank">morestel</a>	6	0	1	31	90	2153	Andorra	024
@MovAlcudienc	<a href="https://twitter.com/MovAlcudienc" target="_blank">MovAlcudienc</a>	0	1	0					183
@mp221984	<a href="https://twitter.com/mp221984" target="_blank">mp221984</a>	1	0	1	43	160	438	Barcelona	004
@Mr_cava	<a href="https://twitter.com/Mr_cava" target="_blank">Mr_cava</a>	1	0	1	835	799	15428		313
@mralexlopez	<a href="https://twitter.com/mralexlopez" target="_blank">mralexlopez</a>	1	0	1	1956	461	90451	Barcelona, España	007
@mrevv66	<a href="https://twitter.com/mrevv66" target="_blank">mrevv66</a>	1	0	1	8	14	348	Països Catalans	012
@mriamcs	<a href="https://twitter.com/mriamcs" target="_blank">mriamcs</a>	4	0	2	8	137	413		035
@MribelAynDoming	<a href="https://twitter.com/MribelAynDoming" target="_blank">MribelAynDoming</a>	3	1	0	1903	2198	11381	Terrassa	178
@MrLexDeejay	<a href="https://twitter.com/MrLexDeejay" target="_blank">MrLexDeejay</a>	1	0	1	229	1510	4218	Atlanta, GA	048
@mroigcreus	<a href="https://twitter.com/mroigcreus" target="_blank">mroigcreus</a>	1	0	1	220	239	4255		174
@MRosaCompanys	<a href="https://twitter.com/MRosaCompanys" target="_blank">MRosaCompanys</a>	1	0	1	18	101	109	Catalonia	074
@msanahuja	<a href="https://twitter.com/msanahuja" target="_blank">msanahuja</a>	1	2	1	2463	607	3270	Barcelona	155
@mstarjuelo	<a href="https://twitter.com/mstarjuelo" target="_blank">mstarjuelo</a>	1	0	1	341	333	4855	Catalunya ||*||	005
@msunyol	<a href="https://twitter.com/msunyol" target="_blank">msunyol</a>	1	1	0	517	1204	4387		177
@msxsnatcher	<a href="https://twitter.com/msxsnatcher" target="_blank">msxsnatcher</a>	2	0	1	976	762	17347		057
@muguruzafm	<a href="https://twitter.com/muguruzafm" target="_blank">muguruzafm</a>	5	2	0	29448	2174	11560	Irun, Euskal Herria	009
@mullingardreaam	<a href="https://twitter.com/mullingardreaam" target="_blank">mullingardreaam</a>	1	0	1	720	311	3565	Barcelona, Catalunya	336
@muntadalluis	<a href="https://twitter.com/muntadalluis" target="_blank">muntadalluis</a>	3	0	1	518	345	5879		337
@muriel11_1	<a href="https://twitter.com/muriel11_1" target="_blank">muriel11_1</a>	2	0	1	547	593	15401	España	010
@murri1972	<a href="https://twitter.com/murri1972" target="_blank">murri1972</a>	31	0	1	335	351	40759		010
@musakola	<a href="https://twitter.com/musakola" target="_blank">musakola</a>	2	0	1	386	462	6378	musakola DF	113
@Muyayo22	<a href="https://twitter.com/Muyayo22" target="_blank">Muyayo22</a>	1	0	1	4919	4741	5444	Canario en Cataluñalandia!	045
@muybastos	<a href="https://twitter.com/muybastos" target="_blank">muybastos</a>	10	1	0	1763	753	23047		102
@muyfandel36	<a href="https://twitter.com/muyfandel36" target="_blank">muyfandel36</a>	0	18	0					028
@MValdes67	<a href="https://twitter.com/MValdes67" target="_blank">MValdes67</a>	1	0	1	1271	1210	3312	Mérida, Extremadura, España.	040
@mvidalcalvet	<a href="https://twitter.com/mvidalcalvet" target="_blank">mvidalcalvet</a>	0	1	0					174
@mxfpardo	<a href="https://twitter.com/mxfpardo" target="_blank">mxfpardo</a>	1	0	1	74	113	352		141
@mxvai	<a href="https://twitter.com/mxvai" target="_blank">mxvai</a>	1	0	1	3267	3834	127355		010
@MyDreamIsReal16	<a href="https://twitter.com/MyDreamIsReal16" target="_blank">MyDreamIsReal16</a>	1	0	1	483	1170	5367	Barcelona	012
@Myhobbyviajar	<a href="https://twitter.com/Myhobbyviajar" target="_blank">Myhobbyviajar</a>	0	2	0					010
@mzfressinaud	<a href="https://twitter.com/mzfressinaud" target="_blank">mzfressinaud</a>	7	0	2	129	255	6653	barcelona	009
@NaAliceWeber	<a href="https://twitter.com/NaAliceWeber" target="_blank">NaAliceWeber</a>	2	3	0	750	675	5153		004
@nachoalmeida5	<a href="https://twitter.com/nachoalmeida5" target="_blank">nachoalmeida5</a>	1	0	1	126	233	1248	Madrid	040
@Nadia7_1D	<a href="https://twitter.com/Nadia7_1D" target="_blank">Nadia7_1D</a>	2	0	1	1215	1005	20053	Catalunya	004
@Nahia389	<a href="https://twitter.com/Nahia389" target="_blank">Nahia389</a>	1	0	1	73	201	3717		010
@NahiaMf	<a href="https://twitter.com/NahiaMf" target="_blank">NahiaMf</a>	2	0	1	745	1975	42733	Euskal Herria ~ Basque Country	007
@naiz_info	<a href="https://twitter.com/naiz_info" target="_blank">naiz_info</a>	6	0	1	59463	509	125393	Euskal Herria	013
@naki81	<a href="https://twitter.com/naki81" target="_blank">naki81</a>	1	0	1	52	109	479		043
@naleam22	<a href="https://twitter.com/naleam22" target="_blank">naleam22</a>	1	0	1	5	112	74		012
@NanaSaysGTFO	<a href="https://twitter.com/NanaSaysGTFO" target="_blank">NanaSaysGTFO</a>	3	0	1	2532	243	35644	Satán(jo)der // Tormenheim	042
@Nanayoonmin	<a href="https://twitter.com/Nanayoonmin" target="_blank">Nanayoonmin</a>	3	0	1	763	328	90470	Eng/Spa	012
@NANDO98676353	<a href="https://twitter.com/NANDO98676353" target="_blank">NANDO98676353</a>	1	0	1	40	422	5845		010
@nani_caldu	<a href="https://twitter.com/nani_caldu" target="_blank">nani_caldu</a>	2	0	1	1103	2071	15721	Vilanova i La Geltrú	052
@naoqqnao	<a href="https://twitter.com/naoqqnao" target="_blank">naoqqnao</a>	1	0	1	821	1402	45473	京都	073
@NarchoTrot	<a href="https://twitter.com/NarchoTrot" target="_blank">NarchoTrot</a>	1	0	1	250	257	4943	around cincinnati, thats all you need to know CIA	043
@NarroOria	<a href="https://twitter.com/NarroOria" target="_blank">NarroOria</a>	1	0	1	41	43	2364	La Rioja, España	046
@Narrow9494	<a href="https://twitter.com/Narrow9494" target="_blank">Narrow9494</a>	1	0	1	87	416	1812	Mi casa	041
@nasyaax99	<a href="https://twitter.com/nasyaax99" target="_blank">nasyaax99</a>	2	0	1	14	17	117	California, USA (Catalonia)	018
@natabcn1970	<a href="https://twitter.com/natabcn1970" target="_blank">natabcn1970</a>	1	0	1	54	261	686	Barcelona	005
@nataliahelo	<a href="https://twitter.com/nataliahelo" target="_blank">nataliahelo</a>	0	2	0					107
@NatGaGo	<a href="https://twitter.com/NatGaGo" target="_blank">NatGaGo</a>	1	0	1	533	675	8623	sant andreu / trinitat vella	036
@Natibel97	<a href="https://twitter.com/Natibel97" target="_blank">Natibel97</a>	1	0	1	6265	19	174331	ViñaRock.	186
@natx1958	<a href="https://twitter.com/natx1958" target="_blank">natx1958</a>	13	0	1	248	364	26469	Barcelona, España	004
@natyelias22	<a href="https://twitter.com/natyelias22" target="_blank">natyelias22</a>	1	0	1	1349	1423	38861	Rosario.Sta Fé.Argentina	230
@NavarinoHackney	<a href="https://twitter.com/NavarinoHackney" target="_blank">NavarinoHackney</a>	1	0	1	290	652	5987		050
@navarrito01	<a href="https://twitter.com/navarrito01" target="_blank">navarrito01</a>	1	0	1	637	1077	24408	España	040
@navynotnuclear	<a href="https://twitter.com/navynotnuclear" target="_blank">navynotnuclear</a>	22	2	0	851	1423	19641	Scotland, United Kingdom	123
@nbanyos	<a href="https://twitter.com/nbanyos" target="_blank">nbanyos</a>	12	0	1	41	97	2108		017
@Nekare_	<a href="https://twitter.com/Nekare_" target="_blank">Nekare_</a>	0	1	0					172
@neknauj	<a href="https://twitter.com/neknauj" target="_blank">neknauj</a>	5	0	1	30	66	2176		010
@nelidilla_	<a href="https://twitter.com/nelidilla_" target="_blank">nelidilla_</a>	2	0	1	72	63	559	barcelona	038
@nenawd3200_laia	<a href="https://twitter.com/nenawd3200_laia" target="_blank">nenawd3200_laia</a>	2	1	0	2628	3183	33385		175
@nereatxuu	<a href="https://twitter.com/nereatxuu" target="_blank">nereatxuu</a>	2	0	1	654	811	1602	AIARALDEA	005
@NereidaGV	<a href="https://twitter.com/NereidaGV" target="_blank">NereidaGV</a>	11	0	1	18	26	1283		010
@Nessemut	<a href="https://twitter.com/Nessemut" target="_blank">Nessemut</a>	0	2	0					104
@neus_vilalta	<a href="https://twitter.com/neus_vilalta" target="_blank">neus_vilalta</a>	0	1	0					010
@neusbert	<a href="https://twitter.com/neusbert" target="_blank">neusbert</a>	7	0	1	841	2111	29742	Barcelona	010
@NeusFreixa	<a href="https://twitter.com/NeusFreixa" target="_blank">NeusFreixa</a>	2	0	1	6	51	173		140
@NeusNavarroCa	<a href="https://twitter.com/NeusNavarroCa" target="_blank">NeusNavarroCa</a>	3	0	1	156	221	6811		041
@Neusvaya_09	<a href="https://twitter.com/Neusvaya_09" target="_blank">Neusvaya_09</a>	0	1	0					170
@NeverLewinsky	<a href="https://twitter.com/NeverLewinsky" target="_blank">NeverLewinsky</a>	2	0	1	262	205	38208	Barcelona, CATALUNYA	010
@nia2418	<a href="https://twitter.com/nia2418" target="_blank">nia2418</a>	1	0	1	72	53	4769	Valls	202
@NickezTheDj	<a href="https://twitter.com/NickezTheDj" target="_blank">NickezTheDj</a>	1	0	1	2728	4996	9670	Carlisle, PA	043
@NicoCistel	<a href="https://twitter.com/NicoCistel" target="_blank">NicoCistel</a>	1	0	1	608	831	23660	Saint-Emilion, France	221
@nicoliso19	<a href="https://twitter.com/nicoliso19" target="_blank">nicoliso19</a>	1	0	1	196	177	2761		041
@nicopicop77	<a href="https://twitter.com/nicopicop77" target="_blank">nicopicop77</a>	0	1	0					169
@NICOVENDOME55	<a href="https://twitter.com/NICOVENDOME55" target="_blank">NICOVENDOME55</a>	2	0	1	222	382	49822	Italia	044
@NiitaBarrero	<a href="https://twitter.com/NiitaBarrero" target="_blank">NiitaBarrero</a>	1	0	1	5628	203	26463	Kamikaze.	041
@nilnovau	<a href="https://twitter.com/nilnovau" target="_blank">nilnovau</a>	0	1	0					168
@niluspc	<a href="https://twitter.com/niluspc" target="_blank">niluspc</a>	8	10	0	1018	863	22174	Catalunya	056
@NinaAgusti	<a href="https://twitter.com/NinaAgusti" target="_blank">NinaAgusti</a>	4	0	1	420	848	2331	Barcelona	026
@ninguneada	<a href="https://twitter.com/ninguneada" target="_blank">ninguneada</a>	6	0	1	43	96	1581		235
@Nispru_	<a href="https://twitter.com/Nispru_" target="_blank">Nispru_</a>	1	0	1	16	38	87	Barcelona	028
@NissuNisset	<a href="https://twitter.com/NissuNisset" target="_blank">NissuNisset</a>	2	0	2	60	319	4081		129
@niunpasoatras28	<a href="https://twitter.com/niunpasoatras28" target="_blank">niunpasoatras28</a>	1	0	1	285	207	4874		028
@Niyako1924	<a href="https://twitter.com/Niyako1924" target="_blank">Niyako1924</a>	1	0	1	1003	638	2693	Detrás de la portería,Vallekas	028
@Nnuriaaa	<a href="https://twitter.com/Nnuriaaa" target="_blank">Nnuriaaa</a>	1	0	1	463	442	5402	Barcelona, España	041
@no_clasismo	<a href="https://twitter.com/no_clasismo" target="_blank">no_clasismo</a>	3	0	1	608	818	3619	España	010
@nobodylikethem	<a href="https://twitter.com/nobodylikethem" target="_blank">nobodylikethem</a>	1	0	1	2277	1714	50455	Doncaster, England	012
@noelhamill777	<a href="https://twitter.com/noelhamill777" target="_blank">noelhamill777</a>	1	0	1	1004	1882	17115		043
@noelmaguireSF	<a href="https://twitter.com/noelmaguireSF" target="_blank">noelmaguireSF</a>	2	0	1	758	650	10491	Antrim Town	043
@NoemiPAH	<a href="https://twitter.com/NoemiPAH" target="_blank">NoemiPAH</a>	25	0	2	750	918	61226		152
@nomadayo	<a href="https://twitter.com/nomadayo" target="_blank">nomadayo</a>	1	0	1	629	852	49803		010
@NomedigannoPatr	<a href="https://twitter.com/NomedigannoPatr" target="_blank">NomedigannoPatr</a>	1	0	1	2585	528	364929	Venezuela	010
@NoMePeguesMucho	<a href="https://twitter.com/NoMePeguesMucho" target="_blank">NoMePeguesMucho</a>	8	0	1	346	894	11761		324
@NoMiddleNameAH	<a href="https://twitter.com/NoMiddleNameAH" target="_blank">NoMiddleNameAH</a>	1	0	1	118	88	2494		053
@NoraaCastillo9	<a href="https://twitter.com/NoraaCastillo9" target="_blank">NoraaCastillo9</a>	0	1	0					166
@noradrew266	<a href="https://twitter.com/noradrew266" target="_blank">noradrew266</a>	1	0	1	295	488	3900		063
@not__amused	<a href="https://twitter.com/not__amused" target="_blank">not__amused</a>	1	0	1	236	464	3427		056
@NPA_officiel	<a href="https://twitter.com/NPA_officiel" target="_blank">NPA_officiel</a>	0	1	0					167
@nubecitaverde7	<a href="https://twitter.com/nubecitaverde7" target="_blank">nubecitaverde7</a>	2	0	1	1169	1272	67240	Galicia	010
@Nubri	<a href="https://twitter.com/Nubri" target="_blank">Nubri</a>	1	0	1	1820	2054	15917	Venezuela	044
@Nuclear_jelly47	<a href="https://twitter.com/Nuclear_jelly47" target="_blank">Nuclear_jelly47</a>	1	0	1	549	866	17926		047
@numquamsuperata	<a href="https://twitter.com/numquamsuperata" target="_blank">numquamsuperata</a>	2	0	1	24	134	1457		010
@NuneMart	<a href="https://twitter.com/NuneMart" target="_blank">NuneMart</a>	0	1	0					171
@NunuLluneta	<a href="https://twitter.com/NunuLluneta" target="_blank">NunuLluneta</a>	1	0	1	14	82	409	Caldes de Montbui, Espanya	140
@Nunulopez	<a href="https://twitter.com/Nunulopez" target="_blank">Nunulopez</a>	1	0	1	23	52	417		017
@nuria_134	<a href="https://twitter.com/nuria_134" target="_blank">nuria_134</a>	1	0	1	210	977	1578	Vans Warped Tour	386
@Nuria_urra	<a href="https://twitter.com/Nuria_urra" target="_blank">Nuria_urra</a>	0	2	0					139
@NuriaEspasandin	<a href="https://twitter.com/NuriaEspasandin" target="_blank">NuriaEspasandin</a>	1	0	1	1062	568	8035	https://www.youtube.com/user/n	008
@nuriaferresamat	<a href="https://twitter.com/nuriaferresamat" target="_blank">nuriaferresamat</a>	2	0	1	28	228	160	Chicago	010
@nuriamar79	<a href="https://twitter.com/nuriamar79" target="_blank">nuriamar79</a>	2	0	1	22	59	152		035
@NuriaMonfulleda	<a href="https://twitter.com/NuriaMonfulleda" target="_blank">NuriaMonfulleda</a>	0	12	0					051
@Nuron90	<a href="https://twitter.com/Nuron90" target="_blank">Nuron90</a>	1	0	1	9	37	78	Barcelona	351
@nuvoldecoto	<a href="https://twitter.com/nuvoldecoto" target="_blank">nuvoldecoto</a>	1	0	1	215	1739	727	Barcelona	012
@NWI_Cubs_Fan	<a href="https://twitter.com/NWI_Cubs_Fan" target="_blank">NWI_Cubs_Fan</a>	1	0	1	80	28	7804		054
@nxriamartin	<a href="https://twitter.com/nxriamartin" target="_blank">nxriamartin</a>	2	0	1	167	180	28973	Barcelona, España	005
@Nyaranyar	<a href="https://twitter.com/Nyaranyar" target="_blank">Nyaranyar</a>	14	0	7	1144	1986	78319	Denver, CO	015
@NZFoWL	<a href="https://twitter.com/NZFoWL" target="_blank">NZFoWL</a>	2	0	1	1172	2780	58337	New Zealand	054
@Oatcake1967	<a href="https://twitter.com/Oatcake1967" target="_blank">Oatcake1967</a>	1	0	1	5598	5351	418681		058
@ObiJoann	<a href="https://twitter.com/ObiJoann" target="_blank">ObiJoann</a>	0	3	0					026
@OBoriba	<a href="https://twitter.com/OBoriba" target="_blank">OBoriba</a>	2	0	1	173	441	7977		010
@OCARNEVALI	<a href="https://twitter.com/OCARNEVALI" target="_blank">OCARNEVALI</a>	1	0	1	411	507	588	CARACAS-VENEZUELA	044
@OccupyLondon	<a href="https://twitter.com/OccupyLondon" target="_blank">OccupyLondon</a>	1	7	0	65026	2781	48595	London	058
@OccupyParis	<a href="https://twitter.com/OccupyParis" target="_blank">OccupyParis</a>	2	0	1	11316	11340	40473	OccupyTogether	043
@odieales	<a href="https://twitter.com/odieales" target="_blank">odieales</a>	0	1	0					163
@odiopinkfloyd	<a href="https://twitter.com/odiopinkfloyd" target="_blank">odiopinkfloyd</a>	1	0	1	143	314	1332	Your Head	159
@ofmandsirens	<a href="https://twitter.com/ofmandsirens" target="_blank">ofmandsirens</a>	1	0	1	1228	779	45257	Málaga, Spain	041
@ofont97	<a href="https://twitter.com/ofont97" target="_blank">ofont97</a>	0	1	0					164
@OhanaAnna_	<a href="https://twitter.com/OhanaAnna_" target="_blank">OhanaAnna_</a>	1	0	1	181	1105	7931		005
@Oihane0717	<a href="https://twitter.com/Oihane0717" target="_blank">Oihane0717</a>	4	0	1	352	439	17723	Spain	006
@olaferlandsen	<a href="https://twitter.com/olaferlandsen" target="_blank">olaferlandsen</a>	27	0	4	46	404	368	Santiago, Chile	026
@OlaiaBenito	<a href="https://twitter.com/OlaiaBenito" target="_blank">OlaiaBenito</a>	1	1	0	277	272	1025	Eskoitza, Euskal Herria.	162
@OlaPropolis	<a href="https://twitter.com/OlaPropolis" target="_blank">OlaPropolis</a>	1	47	0	95	176	201	Bergen	019
@OlatzodiomiPC	<a href="https://twitter.com/OlatzodiomiPC" target="_blank">OlatzodiomiPC</a>	6	0	1	287	361	5130	Portugalete, Euskal Herria	032
@oletusbuevos	<a href="https://twitter.com/oletusbuevos" target="_blank">oletusbuevos</a>	15	0	1	3181	2618	56240	Vete a tu puelo	052
@olgaholmes8	<a href="https://twitter.com/olgaholmes8" target="_blank">olgaholmes8</a>	0	1	0					382
@OlgaPiu	<a href="https://twitter.com/OlgaPiu" target="_blank">OlgaPiu</a>	1	0	1	1100	1119	16426	Vacarisses (Catalunya)	353
@OlgaRossRip	<a href="https://twitter.com/OlgaRossRip" target="_blank">OlgaRossRip</a>	3	0	1	184	182	2767		005
@olik_turk	<a href="https://twitter.com/olik_turk" target="_blank">olik_turk</a>	2	0	1	1688	2265	146408	USSR 2.0	010
@olivaresda	<a href="https://twitter.com/olivaresda" target="_blank">olivaresda</a>	1	0	1	773	2049	8476	Santiago	010
@olive1664	<a href="https://twitter.com/olive1664" target="_blank">olive1664</a>	1	0	1	52	92	6624	Quelque part	115
@omacsotay	<a href="https://twitter.com/omacsotay" target="_blank">omacsotay</a>	1	0	1	49	125	238		003
@Omora3	<a href="https://twitter.com/Omora3" target="_blank">Omora3</a>	105	0	11	213	500	5331		003
@On_Mars8	<a href="https://twitter.com/On_Mars8" target="_blank">On_Mars8</a>	1	0	1	22	27	4	Roma, Lazio	022
@onisboniss	<a href="https://twitter.com/onisboniss" target="_blank">onisboniss</a>	1	0	1	177	106	2402	onaxszg	041
@oricab	<a href="https://twitter.com/oricab" target="_blank">oricab</a>	0	1	0					383
@oriocosmic	<a href="https://twitter.com/oriocosmic" target="_blank">oriocosmic</a>	1	1	0	1203	673	2571	Bad.alone	381
@OriolMiras	<a href="https://twitter.com/OriolMiras" target="_blank">OriolMiras</a>	1	0	1	331	704	492	Mataró-Barcelona	069
@oriolmolist	<a href="https://twitter.com/oriolmolist" target="_blank">oriolmolist</a>	6	0	1	857	2067	11721	Barcelona	358
@OriolSoler7	<a href="https://twitter.com/OriolSoler7" target="_blank">OriolSoler7</a>	2	0	1	413	492	4545	Girona, Catalunya	020
@orkatz_go	<a href="https://twitter.com/orkatz_go" target="_blank">orkatz_go</a>	12	0	1	911	2337	11400		005
@Orlik_Cat	<a href="https://twitter.com/Orlik_Cat" target="_blank">Orlik_Cat</a>	13	0	2	2231	1905	153862	Achill Island, Ireland	043
@OrnsteinsGate	<a href="https://twitter.com/OrnsteinsGate" target="_blank">OrnsteinsGate</a>	1	0	1	52	160	1701		045
@orqueria3	<a href="https://twitter.com/orqueria3" target="_blank">orqueria3</a>	4	2	0	116	150	4923	Al norte del muro	134
@ortegar1978	<a href="https://twitter.com/ortegar1978" target="_blank">ortegar1978</a>	1	0	1	25	59	464		005
@osalgueiro31	<a href="https://twitter.com/osalgueiro31" target="_blank">osalgueiro31</a>	9	0	2	253	391	22933		005
@Osareana	<a href="https://twitter.com/Osareana" target="_blank">Osareana</a>	2	0	2	76	84	1712		028
@oscar_trullas	<a href="https://twitter.com/oscar_trullas" target="_blank">oscar_trullas</a>	24	0	1	46	193	6666		033
@OSCAR75MIIVERSE	<a href="https://twitter.com/OSCAR75MIIVERSE" target="_blank">OSCAR75MIIVERSE</a>	1	0	1	98	108	2469	Barcelona	026
@Oscar85299217	<a href="https://twitter.com/Oscar85299217" target="_blank">Oscar85299217</a>	4	0	1	13	146	1536		017
@OscarBCN18	<a href="https://twitter.com/OscarBCN18" target="_blank">OscarBCN18</a>	1	0	1	167	313	2186		005
@oscarcl15	<a href="https://twitter.com/oscarcl15" target="_blank">oscarcl15</a>	1	0	1	132	321	1200		041
@oscarlm98	<a href="https://twitter.com/oscarlm98" target="_blank">oscarlm98</a>	49	0	1	2893	1890	117254	Barcelona, Catalunya	052
@OscarNvjC	<a href="https://twitter.com/OscarNvjC" target="_blank">OscarNvjC</a>	1	0	1	88	145	1078	Barcelona, Cataluña	046
@oscarrivero_19	<a href="https://twitter.com/oscarrivero_19" target="_blank">oscarrivero_19</a>	1	0	1	195	691	18502		084
@Oskar_Almazan_	<a href="https://twitter.com/Oskar_Almazan_" target="_blank">Oskar_Almazan_</a>	1	0	1	7023	5315	22635	Nuevo México, USA	018
@OskarMeGo	<a href="https://twitter.com/OskarMeGo" target="_blank">OskarMeGo</a>	9	0	1	1261	910	19378	Sant Pere de Ribes, Catalunya	181
@oskgolmar	<a href="https://twitter.com/oskgolmar" target="_blank">oskgolmar</a>	1	0	1	223	388	1404		008
@OsoIngeni	<a href="https://twitter.com/OsoIngeni" target="_blank">OsoIngeni</a>	8	0	1	11	107	1967		017
@otiotxo	<a href="https://twitter.com/otiotxo" target="_blank">otiotxo</a>	3	0	2	73	204	1868		153
@OtroFilosofo_	<a href="https://twitter.com/OtroFilosofo_" target="_blank">OtroFilosofo_</a>	1	0	1	1807	2179	30147	Elche	040
@Ouagadougu123	<a href="https://twitter.com/Ouagadougu123" target="_blank">Ouagadougu123</a>	10	0	1	1295	1270	46437	Catalunya /Catalufia	119
@oursongsavedme	<a href="https://twitter.com/oursongsavedme" target="_blank">oursongsavedme</a>	1	0	1	2080	1341	81851	Kidrauhl.	042
@ovejuna	<a href="https://twitter.com/ovejuna" target="_blank">ovejuna</a>	1	0	1	1412	1582	34375	Chile	012
@overoldforests	<a href="https://twitter.com/overoldforests" target="_blank">overoldforests</a>	1	0	1	270	186	3439	Barcelona	041
@oxelhaizea	<a href="https://twitter.com/oxelhaizea" target="_blank">oxelhaizea</a>	1	0	1	173	777	1731	aia, gipuzkoa, basque country	219
@Pa_a_lull	<a href="https://twitter.com/Pa_a_lull" target="_blank">Pa_a_lull</a>	1	0	1	36	68	435		017
@pabbblolozano	<a href="https://twitter.com/pabbblolozano" target="_blank">pabbblolozano</a>	1	0	1	152	186	510	Burgos, España	042
@Pablo_Calde913	<a href="https://twitter.com/Pablo_Calde913" target="_blank">Pablo_Calde913</a>	1	0	1	10	109	685		012
@Pablo_Gandara	<a href="https://twitter.com/Pablo_Gandara" target="_blank">Pablo_Gandara</a>	1	0	1	282	272	11069	Vancouver, British Columbia	019
@Pablo_Joel56	<a href="https://twitter.com/Pablo_Joel56" target="_blank">Pablo_Joel56</a>	1	0	1	262	1598	22287	Un chalet al lado del Estigio.	041
@pablocf_6	<a href="https://twitter.com/pablocf_6" target="_blank">pablocf_6</a>	1	0	1	279	249	1119		067
@pablodigal	<a href="https://twitter.com/pablodigal" target="_blank">pablodigal</a>	1	0	1	88	286	3010	Spain	040
@pabloiadanza	<a href="https://twitter.com/pabloiadanza" target="_blank">pabloiadanza</a>	1	0	1	4	34	88		044
@pablorr1996	<a href="https://twitter.com/pablorr1996" target="_blank">pablorr1996</a>	1	0	1	545	682	3825	Madrid-Santiago de Chile	040
@pablorroca	<a href="https://twitter.com/pablorroca" target="_blank">pablorroca</a>	1	0	1	67	326	267		040
@paco_ez	<a href="https://twitter.com/paco_ez" target="_blank">paco_ez</a>	1	0	1	714	922	116989	Hoy soy de aquí, de donde piso	040
@paddymcelduff13	<a href="https://twitter.com/paddymcelduff13" target="_blank">paddymcelduff13</a>	1	0	1	6	19	10	Ireland	043
@PadresAnna	<a href="https://twitter.com/PadresAnna" target="_blank">PadresAnna</a>	1	0	1	9	25	41	Corts (Catalunya)	019
@paferme63	<a href="https://twitter.com/paferme63" target="_blank">paferme63</a>	1	0	1	1285	2076	13170	Sestao (Bizkaia)	018
@pagan_gines	<a href="https://twitter.com/pagan_gines" target="_blank">pagan_gines</a>	1	0	1	132	146	9367	cartagena y murcia	010
@PaisIndependent	<a href="https://twitter.com/PaisIndependent" target="_blank">PaisIndependent</a>	2	1	0	219	795	275	Tarragona, España	379
@palamos1990	<a href="https://twitter.com/palamos1990" target="_blank">palamos1990</a>	2	0	1	451	458	18286	Granada	010
@palita4real	<a href="https://twitter.com/palita4real" target="_blank">palita4real</a>	1	0	1	53	198	1065	Ciudad Autónoma de Buenos Aire	044
@palko18	<a href="https://twitter.com/palko18" target="_blank">palko18</a>	1	0	1	190	1013	319	an chorr criche,  tir eoghain	088
@PalomaLightwood	<a href="https://twitter.com/PalomaLightwood" target="_blank">PalomaLightwood</a>	0	1	0					378
@PanDePipas_yeah	<a href="https://twitter.com/PanDePipas_yeah" target="_blank">PanDePipas_yeah</a>	1	0	1	1568	749	49282	La rasta de Hara	010
@panosbasket1	<a href="https://twitter.com/panosbasket1" target="_blank">panosbasket1</a>	1	0	1	37	97	845		047
@paoloolo21	<a href="https://twitter.com/paoloolo21" target="_blank">paoloolo21</a>	1	0	1	507	360	22807	Toledo.	041
@papel61	<a href="https://twitter.com/papel61" target="_blank">papel61</a>	1	0	1	7814	7140	80499	Banana Republic	190
@paranormalkid95	<a href="https://twitter.com/paranormalkid95" target="_blank">paranormalkid95</a>	0	1	0					380
@Parch4	<a href="https://twitter.com/Parch4" target="_blank">Parch4</a>	1	0	1	2	42	942		054
@PartyPooperDad	<a href="https://twitter.com/PartyPooperDad" target="_blank">PartyPooperDad</a>	0	1	0					015
@parxisxdemo	<a href="https://twitter.com/parxisxdemo" target="_blank">parxisxdemo</a>	7	1	0	88	1	136	Gavà	021
@Pascal_Sauvage_	<a href="https://twitter.com/Pascal_Sauvage_" target="_blank">Pascal_Sauvage_</a>	3	0	1	130	137	16343	Bilbao, Basque Country	002
@Pascu_LOL	<a href="https://twitter.com/Pascu_LOL" target="_blank">Pascu_LOL</a>	0	1	0					384
@Paski_07	<a href="https://twitter.com/Paski_07" target="_blank">Paski_07</a>	1	0	1	254	192	5795		272
@Paso_d_Tu	<a href="https://twitter.com/Paso_d_Tu" target="_blank">Paso_d_Tu</a>	6	0	1	25	94	5814	Twitter	041
@passihobe	<a href="https://twitter.com/passihobe" target="_blank">passihobe</a>	6	2	0	47	43	1170	Catalunya	031
@passorge	<a href="https://twitter.com/passorge" target="_blank">passorge</a>	3	0	1	17	102	364	Vilanova i la Geltru	004
@PatJGord	<a href="https://twitter.com/PatJGord" target="_blank">PatJGord</a>	1	0	1	25	112	270	Europe	043
@PatPeba	<a href="https://twitter.com/PatPeba" target="_blank">PatPeba</a>	5	0	1	320	447	6173	#Badalona #Barcelona	005
@patrimarly	<a href="https://twitter.com/patrimarly" target="_blank">patrimarly</a>	1	0	1	1269	1272	80915		018
@Patryarevalo	<a href="https://twitter.com/Patryarevalo" target="_blank">Patryarevalo</a>	1	0	1	864	945	12115	València, Valencia	042
@Pau_schoenen	<a href="https://twitter.com/Pau_schoenen" target="_blank">Pau_schoenen</a>	0	1	0					376
@paucasasbo	<a href="https://twitter.com/paucasasbo" target="_blank">paucasasbo</a>	1	0	1	47	321	2642		052
@paudiazcano	<a href="https://twitter.com/paudiazcano" target="_blank">paudiazcano</a>	1	0	1	35	64	98		003
@paula_azcarate	<a href="https://twitter.com/paula_azcarate" target="_blank">paula_azcarate</a>	5	0	2	106	250	9395	Amorebieta-Etxano, España	010
@Paula_Mrtn	<a href="https://twitter.com/Paula_Mrtn" target="_blank">Paula_Mrtn</a>	3	0	1	1309	552	65851	Inverness, Scotland	041
@PaulaEiriz	<a href="https://twitter.com/PaulaEiriz" target="_blank">PaulaEiriz</a>	1	0	1	78	228	2543		040
@PAULApadro1	<a href="https://twitter.com/PAULApadro1" target="_blank">PAULApadro1</a>	13	0	1	41	83	1575		021
@paulina_cocina	<a href="https://twitter.com/paulina_cocina" target="_blank">paulina_cocina</a>	0	1	0					375
@PauParisC	<a href="https://twitter.com/PauParisC" target="_blank">PauParisC</a>	2	0	1	51	97	885		005
@Pausuzu	<a href="https://twitter.com/Pausuzu" target="_blank">Pausuzu</a>	1	33	0	39	192	289	Barcelona, Cataluña	047
@pautapias	<a href="https://twitter.com/pautapias" target="_blank">pautapias</a>	0	1	0					027
@Paywocket	<a href="https://twitter.com/Paywocket" target="_blank">Paywocket</a>	1	0	1	162	285	7126	En la ciudad de los gatos	040
@PBarczak	<a href="https://twitter.com/PBarczak" target="_blank">PBarczak</a>	1	2	0	1553	1361	6507	Brussels	140
@Pcg46	<a href="https://twitter.com/Pcg46" target="_blank">Pcg46</a>	1	0	1	554	349	8041		040
@pcincorect43	<a href="https://twitter.com/pcincorect43" target="_blank">pcincorect43</a>	1	0	1	78	165	2455		047
@pcodinag	<a href="https://twitter.com/pcodinag" target="_blank">pcodinag</a>	16	0	1	298	557	16544	Girona	020
@PDeCATNOGUERA	<a href="https://twitter.com/PDeCATNOGUERA" target="_blank">PDeCATNOGUERA</a>	4	0	1	300	965	1131		074
@pdomenech1	<a href="https://twitter.com/pdomenech1" target="_blank">pdomenech1</a>	8	1	0	32	80	1253		373
@peacefrog67	<a href="https://twitter.com/peacefrog67" target="_blank">peacefrog67</a>	1	0	1	69	172	2637	Reality	047
@peccicola	<a href="https://twitter.com/peccicola" target="_blank">peccicola</a>	1	0	1	411	728	5287	Madrid	046
@PedroPabloGMay	<a href="https://twitter.com/PedroPabloGMay" target="_blank">PedroPabloGMay</a>	1	0	1	993	1111	26552	Midgard	040
@Peio_72	<a href="https://twitter.com/Peio_72" target="_blank">Peio_72</a>	0	1	0					003
@peire_cardenal	<a href="https://twitter.com/peire_cardenal" target="_blank">peire_cardenal</a>	1	0	1	51	111	282		043
@pep_elias	<a href="https://twitter.com/pep_elias" target="_blank">pep_elias</a>	2	0	1	705	600	11547	Igualada	089
@pepa_arenos	<a href="https://twitter.com/pepa_arenos" target="_blank">pepa_arenos</a>	4	0	1	85	70	12708		083
@pepa2015	<a href="https://twitter.com/pepa2015" target="_blank">pepa2015</a>	1	0	1	2375	4885	116566	Suiza	044
@pepcosta09	<a href="https://twitter.com/pepcosta09" target="_blank">pepcosta09</a>	1	0	1	109	123	560	Manresa	017
@PepPalacios	<a href="https://twitter.com/PepPalacios" target="_blank">PepPalacios</a>	1	0	1	16	89	190		005
@Pepro666	<a href="https://twitter.com/Pepro666" target="_blank">Pepro666</a>	1	0	1	36	209	644	Alicante	045
@pepsolavall	<a href="https://twitter.com/pepsolavall" target="_blank">pepsolavall</a>	19	0	1	198	260	7808	La Safor	021
@peptorra10	<a href="https://twitter.com/peptorra10" target="_blank">peptorra10</a>	5	0	1	587	320	42639	Catalunya	172
@pere_moline	<a href="https://twitter.com/pere_moline" target="_blank">pere_moline</a>	1	0	1	311	726	2165		017
@peremirosax	<a href="https://twitter.com/peremirosax" target="_blank">peremirosax</a>	0	1	0					374
@PerePaella	<a href="https://twitter.com/PerePaella" target="_blank">PerePaella</a>	12	0	1	662	2048	16117	Mallorca	057
@PereSerrat	<a href="https://twitter.com/PereSerrat" target="_blank">PereSerrat</a>	0	2	0					372
@pereyraortizna1	<a href="https://twitter.com/pereyraortizna1" target="_blank">pereyraortizna1</a>	1	0	1	177	736	6177	Ciudad Autónoma de Buenos Aires, Argentina	252
@perezcompagnucc	<a href="https://twitter.com/perezcompagnucc" target="_blank">perezcompagnucc</a>	1	0	1	488	715	5987	Bahía Blanca, Argentina	035
@Perroflauta81_	<a href="https://twitter.com/Perroflauta81_" target="_blank">Perroflauta81_</a>	0	2	0					137
@petehynd	<a href="https://twitter.com/petehynd" target="_blank">petehynd</a>	3	0	1	833	340	111004		066
@PeterBull2	<a href="https://twitter.com/PeterBull2" target="_blank">PeterBull2</a>	3	0	1	24	76	944		176
@PeterJAlba	<a href="https://twitter.com/PeterJAlba" target="_blank">PeterJAlba</a>	1	0	1	18	108	96		038
@Petita_Sic	<a href="https://twitter.com/Petita_Sic" target="_blank">Petita_Sic</a>	1	0	1	35	167	124	Cataluña, España	017
@PetrieGeorge	<a href="https://twitter.com/PetrieGeorge" target="_blank">PetrieGeorge</a>	1	0	1	943	1693	8613		038
@PetrovVacheslav	<a href="https://twitter.com/PetrovVacheslav" target="_blank">PetrovVacheslav</a>	3	0	3	300	309	39099		007
@pglezvillegas	<a href="https://twitter.com/pglezvillegas" target="_blank">pglezvillegas</a>	1	0	1	124	193	87	Mérida, Extremadura	010
@PhilippeBanyols	<a href="https://twitter.com/PhilippeBanyols" target="_blank">PhilippeBanyols</a>	1	0	1	1879	1840	11830	France	049
@PhoenixKomrad	<a href="https://twitter.com/PhoenixKomrad" target="_blank">PhoenixKomrad</a>	1	0	1	15	82	1187	Украина	019
@picadurademosca	<a href="https://twitter.com/picadurademosca" target="_blank">picadurademosca</a>	1	0	1	96	122	1548		041
@PieterBauwens	<a href="https://twitter.com/PieterBauwens" target="_blank">PieterBauwens</a>	5	0	1	2206	1005	24530	Hofstade (Aalst)	356
@PilarAbadias	<a href="https://twitter.com/PilarAbadias" target="_blank">PilarAbadias</a>	4	0	1	66	39	5068	Barcelona, Catalunya	099
@pilaraymara	<a href="https://twitter.com/pilaraymara" target="_blank">pilaraymara</a>	8	1	0	5448	2963	170394	Santiago de Compostela	371
@PilarHernande26	<a href="https://twitter.com/PilarHernande26" target="_blank">PilarHernande26</a>	1	0	1	46	231	1437		017
@pilarvilla20	<a href="https://twitter.com/pilarvilla20" target="_blank">pilarvilla20</a>	5	0	1	13	106	295		017
@pililparera	<a href="https://twitter.com/pililparera" target="_blank">pililparera</a>	2	0	1	15	57	402	bcn	010
@pilmanver	<a href="https://twitter.com/pilmanver" target="_blank">pilmanver</a>	1	0	1	430	536	42664		010
@pinagol	<a href="https://twitter.com/pinagol" target="_blank">pinagol</a>	2	1	0	36	210	1225	Sants, Barcelona	370
@pinguinazo2006	<a href="https://twitter.com/pinguinazo2006" target="_blank">pinguinazo2006</a>	1	0	1	2299	26	66648	Santiago	012
@pino_nostro	<a href="https://twitter.com/pino_nostro" target="_blank">pino_nostro</a>	2	0	2	605	531	45807	lecce	102
@PinoMarcial	<a href="https://twitter.com/PinoMarcial" target="_blank">PinoMarcial</a>	1	0	1	57	264	940		044
@PinzonLuisC	<a href="https://twitter.com/PinzonLuisC" target="_blank">PinzonLuisC</a>	0	1	0					369
@PipoKatari	<a href="https://twitter.com/PipoKatari" target="_blank">PipoKatari</a>	1	0	1	2515	4511	22443	UNASUR	082
@piratajonkar	<a href="https://twitter.com/piratajonkar" target="_blank">piratajonkar</a>	45	0	3	51	210	8305		005
@piruleta_mundo	<a href="https://twitter.com/piruleta_mundo" target="_blank">piruleta_mundo</a>	1	0	1	55	110	4070	Calle de la piruleta	019
@Pistolaskike	<a href="https://twitter.com/Pistolaskike" target="_blank">Pistolaskike</a>	4	0	2	265	130	35614	Cartagena	010
@piterg77	<a href="https://twitter.com/piterg77" target="_blank">piterg77</a>	1	0	1	140	363	1591		041
@PitilloMonillo	<a href="https://twitter.com/PitilloMonillo" target="_blank">PitilloMonillo</a>	1	0	1	90	100	2045	Badalona	045
@platdescudella	<a href="https://twitter.com/platdescudella" target="_blank">platdescudella</a>	1	0	1	4146	4384	22686	La Ciutat dels 4 rius	010
@PlazaGrillo	<a href="https://twitter.com/PlazaGrillo" target="_blank">PlazaGrillo</a>	1	0	1	2	226	25	Païssos Catalans	214
@pmorales95	<a href="https://twitter.com/pmorales95" target="_blank">pmorales95</a>	2	0	1	458	369	4716	El Prat de Llobregat, España	045
@pocoprats	<a href="https://twitter.com/pocoprats" target="_blank">pocoprats</a>	1	0	1	304	219	949	Prats de Lluçanès	295
@PodemosPeriodis	<a href="https://twitter.com/PodemosPeriodis" target="_blank">PodemosPeriodis</a>	2	0	1	16278	1918	30023	España	010
@PodolskyRosen	<a href="https://twitter.com/PodolskyRosen" target="_blank">PodolskyRosen</a>	6	0	1	30	80	903	Barcelona, Catalunya	017
@PokrsStorm	<a href="https://twitter.com/PokrsStorm" target="_blank">PokrsStorm</a>	1	0	1	11	19	654		018
@PoliRulus	<a href="https://twitter.com/PoliRulus" target="_blank">PoliRulus</a>	2	0	1	46	255	1940	Tarragona, Catalonia	017
@politicologia	<a href="https://twitter.com/politicologia" target="_blank">politicologia</a>	2	2	2	655	629	1002	España	391
@Pollam1	<a href="https://twitter.com/Pollam1" target="_blank">Pollam1</a>	3	0	1	1136	216	33350		076
@PolSantandreu	<a href="https://twitter.com/PolSantandreu" target="_blank">PolSantandreu</a>	0	3	0					087
@POLTICOSCORRUP1	<a href="https://twitter.com/POLTICOSCORRUP1" target="_blank">POLTICOSCORRUP1</a>	2	0	1	819	1393	11817		010
@PorcularPartido	<a href="https://twitter.com/PorcularPartido" target="_blank">PorcularPartido</a>	6	0	1	843	1115	19214		052
@porquesi21	<a href="https://twitter.com/porquesi21" target="_blank">porquesi21</a>	1	0	1	4201	3867	102849		010
@PortabellaJordi	<a href="https://twitter.com/PortabellaJordi" target="_blank">PortabellaJordi</a>	1	0	1	34	141	1375	Barcelona, Catalunya	005
@PositivelyJoan	<a href="https://twitter.com/PositivelyJoan" target="_blank">PositivelyJoan</a>	2	0	1	7850	8620	335409		004
@PotserNoCal	<a href="https://twitter.com/PotserNoCal" target="_blank">PotserNoCal</a>	3	0	1	10	99	147		043
@povedavotarem	<a href="https://twitter.com/povedavotarem" target="_blank">povedavotarem</a>	9	0	1	84	106	141	Barcelona, Espanya	142
@ppsoe2000	<a href="https://twitter.com/ppsoe2000" target="_blank">ppsoe2000</a>	4	0	1	2454	1764	107278	Arrasate	024
@PratCaterina	<a href="https://twitter.com/PratCaterina" target="_blank">PratCaterina</a>	1	0	1	12	94	85	Barcelona, Espanya	017
@presidentedavid	<a href="https://twitter.com/presidentedavid" target="_blank">presidentedavid</a>	2	0	2	77	302	3803		010
@Presykun	<a href="https://twitter.com/Presykun" target="_blank">Presykun</a>	1	0	1	328	174	54136	1945	010
@PrisUrrutiaPR	<a href="https://twitter.com/PrisUrrutiaPR" target="_blank">PrisUrrutiaPR</a>	1	0	1	377	1213	2247		085
@profbzh29	<a href="https://twitter.com/profbzh29" target="_blank">profbzh29</a>	2	0	2	546	490	15532	Bretagne, France	030
@PrrfectMadness	<a href="https://twitter.com/PrrfectMadness" target="_blank">PrrfectMadness</a>	1	0	1	230	53	15443	Drackwen/Bosque ancestral	017
@PSBallart	<a href="https://twitter.com/PSBallart" target="_blank">PSBallart</a>	42	1	0	76	234	4918	Barcelona CATALUNYA	368
@psicolegsanc	<a href="https://twitter.com/psicolegsanc" target="_blank">psicolegsanc</a>	7	2	0	1594	871	9128		023
@puig_pinya	<a href="https://twitter.com/puig_pinya" target="_blank">puig_pinya</a>	1	0	1	7	55	62		038
@PujolGuillem	<a href="https://twitter.com/PujolGuillem" target="_blank">PujolGuillem</a>	1	0	1	3	33	245		004
@Purific00792695	<a href="https://twitter.com/Purific00792695" target="_blank">Purific00792695</a>	2	0	1	1	47	352		010
@purospalos	<a href="https://twitter.com/purospalos" target="_blank">purospalos</a>	1	0	1	1056	2967	16935		044
@PWMartin_Leith	<a href="https://twitter.com/PWMartin_Leith" target="_blank">PWMartin_Leith</a>	2	0	1	3253	5000	18623	Leith	043
@QueenoftheClyde	<a href="https://twitter.com/QueenoftheClyde" target="_blank">QueenoftheClyde</a>	1	0	1	386	670	2222	Glasgow, SCOTLAND	005
@queerobbers	<a href="https://twitter.com/queerobbers" target="_blank">queerobbers</a>	1	0	1	1698	945	103856	Catalunya	005
@QuelTn21	<a href="https://twitter.com/QuelTn21" target="_blank">QuelTn21</a>	1	0	1	7	40	162	Barcelona	300
@quepesatsoutots	<a href="https://twitter.com/quepesatsoutots" target="_blank">quepesatsoutots</a>	4	0	1	8	64	656		004
@quicoenvenena	<a href="https://twitter.com/quicoenvenena" target="_blank">quicoenvenena</a>	6	0	1	308	804	9516		024
@QuimBagetSalari	<a href="https://twitter.com/QuimBagetSalari" target="_blank">QuimBagetSalari</a>	1	0	1	91	234	712	UPC Campus Nord	019
@quimsb	<a href="https://twitter.com/quimsb" target="_blank">quimsb</a>	4	1	0	2329	2665	14195		010
@quinbroquil	<a href="https://twitter.com/quinbroquil" target="_blank">quinbroquil</a>	1	0	1	630	326	30864	Poblenou, Bcn	008
@R_KeioU	<a href="https://twitter.com/R_KeioU" target="_blank">R_KeioU</a>	6	0	1	182	363	14448		020
@rachescat	<a href="https://twitter.com/rachescat" target="_blank">rachescat</a>	2	0	1	409	1161	24495	Córdoba, España	010
@radio20165	<a href="https://twitter.com/radio20165" target="_blank">radio20165</a>	1	0	1	2142	2027	2990		044
@Rafa_Cantos	<a href="https://twitter.com/Rafa_Cantos" target="_blank">Rafa_Cantos</a>	3	0	1	36	90	650		004
@rafael_hv	<a href="https://twitter.com/rafael_hv" target="_blank">rafael_hv</a>	0	1	0					015
@Rafaela_RivasM	<a href="https://twitter.com/Rafaela_RivasM" target="_blank">Rafaela_RivasM</a>	0	1	0					366
@rafaelcarrasc0	<a href="https://twitter.com/rafaelcarrasc0" target="_blank">rafaelcarrasc0</a>	1	0	1	93	388	1616	Barcelona	045
@rafagraciab	<a href="https://twitter.com/rafagraciab" target="_blank">rafagraciab</a>	0	1	0					367
@rafefe69	<a href="https://twitter.com/rafefe69" target="_blank">rafefe69</a>	2	0	1	546	588	1048	Reus	030
@rafsm72	<a href="https://twitter.com/rafsm72" target="_blank">rafsm72</a>	2	0	1	10	41	2374		017
@ragedroidnet	<a href="https://twitter.com/ragedroidnet" target="_blank">ragedroidnet</a>	3	0	1	289	1289	89610	Ande andaré?!	045
@ragranados	<a href="https://twitter.com/ragranados" target="_blank">ragranados</a>	1	0	1	663	4998	4621		010
@raguilarf	<a href="https://twitter.com/raguilarf" target="_blank">raguilarf</a>	1	0	1	36	39	36		041
@Rakel_lafuente	<a href="https://twitter.com/Rakel_lafuente" target="_blank">Rakel_lafuente</a>	1	0	1	35	69	38		095
@ralcazargatell	<a href="https://twitter.com/ralcazargatell" target="_blank">ralcazargatell</a>	1	0	1	54	97	107	Terrassa	243
@rallytrivino	<a href="https://twitter.com/rallytrivino" target="_blank">rallytrivino</a>	1	0	1	516	1839	4025	México	038
@RamirezSote	<a href="https://twitter.com/RamirezSote" target="_blank">RamirezSote</a>	2	0	1	1286	880	116111		010
@ramonda99	<a href="https://twitter.com/ramonda99" target="_blank">ramonda99</a>	0	2	0					003
@ramonini63	<a href="https://twitter.com/ramonini63" target="_blank">ramonini63</a>	2	0	1	51	167	4525	Cataluña, España	040
@rappinsuperbass	<a href="https://twitter.com/rappinsuperbass" target="_blank">rappinsuperbass</a>	1	0	1	2021	380	24792	Gran Canaria	010
@rapsiencyn	<a href="https://twitter.com/rapsiencyn" target="_blank">rapsiencyn</a>	3	0	1	1369	1723	77130	Llangrallo	043
@RaquelE16	<a href="https://twitter.com/RaquelE16" target="_blank">RaquelE16</a>	1	1	0	3011	2818	383		365
@Raquelicat	<a href="https://twitter.com/Raquelicat" target="_blank">Raquelicat</a>	4	0	1	159	204	16266	Galicia, España	216
@RaquiPalou	<a href="https://twitter.com/RaquiPalou" target="_blank">RaquiPalou</a>	1	0	1	64	123	186	Palou	105
@Raul_PJ	<a href="https://twitter.com/Raul_PJ" target="_blank">Raul_PJ</a>	1	0	1	86	107	12071		040
@RaulCarDa	<a href="https://twitter.com/RaulCarDa" target="_blank">RaulCarDa</a>	1	0	1	120	401	388	Gavà	005
@raulcmoya	<a href="https://twitter.com/raulcmoya" target="_blank">raulcmoya</a>	1	0	1	76	131	5184		045
@raulcobole	<a href="https://twitter.com/raulcobole" target="_blank">raulcobole</a>	14	0	1	434	1535	3279	República Catalana	010
@rauldeprado	<a href="https://twitter.com/rauldeprado" target="_blank">rauldeprado</a>	3	0	1	774	697	163514	Valladolid, España.	010
@RaulLor66933597	<a href="https://twitter.com/RaulLor66933597" target="_blank">RaulLor66933597</a>	1	0	1	6	24	997		017
@raulmira	<a href="https://twitter.com/raulmira" target="_blank">raulmira</a>	1	0	1	407	2276	6227	Madrid-Tenerife	048
@RawIran	<a href="https://twitter.com/RawIran" target="_blank">RawIran</a>	0	2	0					003
@Rcmfay	<a href="https://twitter.com/Rcmfay" target="_blank">Rcmfay</a>	1	0	1	207	158	6483		004
@RDP1987	<a href="https://twitter.com/RDP1987" target="_blank">RDP1987</a>	1	0	1	877	338	3109	A Coruña GZ	008
@RdtTancredi	<a href="https://twitter.com/RdtTancredi" target="_blank">RdtTancredi</a>	1	0	1	126	1200	1048		044
@Rebepg84	<a href="https://twitter.com/Rebepg84" target="_blank">Rebepg84</a>	1	0	1	16	111	471	Vilanova i la Geltrú, España	040
@Recarens	<a href="https://twitter.com/Recarens" target="_blank">Recarens</a>	8	0	1	122	66	1550	Arbúcies, España	005
@redanon17	<a href="https://twitter.com/redanon17" target="_blank">redanon17</a>	9	0	1	609	1661	58551	Galiza	050
@Redrum486	<a href="https://twitter.com/Redrum486" target="_blank">Redrum486</a>	3	0	1	72	68	1039	Barcelona	017
@ReducedCapacity	<a href="https://twitter.com/ReducedCapacity" target="_blank">ReducedCapacity</a>	1	0	1	1952	1644	24261	Scotland	043
@ref1oct	<a href="https://twitter.com/ref1oct" target="_blank">ref1oct</a>	0	6	0					033
@referendumSSG	<a href="https://twitter.com/referendumSSG" target="_blank">referendumSSG</a>	3	1	0	551	418	489	Sarrià-San Gervasi, Barcelona	109
@ReggaeFyah	<a href="https://twitter.com/ReggaeFyah" target="_blank">ReggaeFyah</a>	1	0	1	634	648	33585	Salvando la Tierra #ReggaeLife	046
@reneperret	<a href="https://twitter.com/reneperret" target="_blank">reneperret</a>	0	1	0					364
@revolucionari68	<a href="https://twitter.com/revolucionari68" target="_blank">revolucionari68</a>	1	0	1	1519	2801	88171		010
@revurevindicat	<a href="https://twitter.com/revurevindicat" target="_blank">revurevindicat</a>	1	0	1	1826	742	28972	Artes Escénicas	041
@rey_gva	<a href="https://twitter.com/rey_gva" target="_blank">rey_gva</a>	1	0	1	41	67	4111	tijuana	044
@ReySombra128	<a href="https://twitter.com/ReySombra128" target="_blank">ReySombra128</a>	1	0	1	24	38	317		041
@rfrancofacilita	<a href="https://twitter.com/rfrancofacilita" target="_blank">rfrancofacilita</a>	1	0	1	952	497	7214		266
@Rg131313	<a href="https://twitter.com/Rg131313" target="_blank">Rg131313</a>	1	0	1	29	95	1466		040
@RGras_	<a href="https://twitter.com/RGras_" target="_blank">RGras_</a>	5	0	1	57	274	2283	Barna, Països Catalans	128
@rhaukgen	<a href="https://twitter.com/rhaukgen" target="_blank">rhaukgen</a>	2	0	1	126	254	2854	Volgogrado, Rusia	010
@ribera96	<a href="https://twitter.com/ribera96" target="_blank">ribera96</a>	1	1	0	361	547	1057	Arbeca, Catalunya	078
@ricci_davide77	<a href="https://twitter.com/ricci_davide77" target="_blank">ricci_davide77</a>	0	4	0					015
@riderpls	<a href="https://twitter.com/riderpls" target="_blank">riderpls</a>	2	0	1	441	649	25963	Barcelona, Catalunya	017
@RieraTri	<a href="https://twitter.com/RieraTri" target="_blank">RieraTri</a>	2	0	1	45	229	462		010
@Rigodon36	<a href="https://twitter.com/Rigodon36" target="_blank">Rigodon36</a>	8	0	2	3	2	398		015
@RikiArti	<a href="https://twitter.com/RikiArti" target="_blank">RikiArti</a>	5	0	1	305	1161	6246		010
@RikNoten	<a href="https://twitter.com/RikNoten" target="_blank">RikNoten</a>	1	0	1	23	59	364	kontich	316
@Rinn0r	<a href="https://twitter.com/Rinn0r" target="_blank">Rinn0r</a>	1	0	1	790	1510	2483		011
@RitaRed	<a href="https://twitter.com/RitaRed" target="_blank">RitaRed</a>	0	2	0					135
@ritornelo52	<a href="https://twitter.com/ritornelo52" target="_blank">ritornelo52</a>	1	0	1	7382	7894	93135		086
@rjber15	<a href="https://twitter.com/rjber15" target="_blank">rjber15</a>	1	0	1	1863	579	397888	Wichita, Kansas	004
@rlucastorres	<a href="https://twitter.com/rlucastorres" target="_blank">rlucastorres</a>	2	0	1	65	342	1408	Planet Earth	010
@rmarquezsaez	<a href="https://twitter.com/rmarquezsaez" target="_blank">rmarquezsaez</a>	5	0	2	109	72	1538	Cervera	004
@rmassipr	<a href="https://twitter.com/rmassipr" target="_blank">rmassipr</a>	4	0	1	257	558	1845	Barcelona	010
@rmoraledac	<a href="https://twitter.com/rmoraledac" target="_blank">rmoraledac</a>	1	0	1	134	694	1486		040
@RoaringNurse	<a href="https://twitter.com/RoaringNurse" target="_blank">RoaringNurse</a>	8	2	0	30061	30102	27438	Here, there & everywhere!	144
@Roberbass	<a href="https://twitter.com/Roberbass" target="_blank">Roberbass</a>	1	0	1	1064	2353	7741	Vigo, España	005
@Robert_Masip	<a href="https://twitter.com/Robert_Masip" target="_blank">Robert_Masip</a>	1	1	0	667	1272	4256	Lleida (Catalunya)	362
@Roberto_Galgani	<a href="https://twitter.com/Roberto_Galgani" target="_blank">Roberto_Galgani</a>	1	0	1	61	156	4866	Toscana/Italy	010
@robertopinto611	<a href="https://twitter.com/robertopinto611" target="_blank">robertopinto611</a>	1	0	1	1958	2484	33115		011
@Robinlogly	<a href="https://twitter.com/Robinlogly" target="_blank">Robinlogly</a>	2	0	1	283	1696	12941		020
@roburs	<a href="https://twitter.com/roburs" target="_blank">roburs</a>	0	1	0					363
@RocioCruz1977	<a href="https://twitter.com/RocioCruz1977" target="_blank">RocioCruz1977</a>	5	21	0	814	355	21847		003
@Rocknclassicss	<a href="https://twitter.com/Rocknclassicss" target="_blank">Rocknclassicss</a>	4	0	1	65	136	1414	Barcelona	005
@rodamon_	<a href="https://twitter.com/rodamon_" target="_blank">rodamon_</a>	3	1	0	312	694	17511	Hospitalet Llob (BCN)	361
@Rodri_D9	<a href="https://twitter.com/Rodri_D9" target="_blank">Rodri_D9</a>	1	3	0	1699	791	4665		016
@Rodri_Edu1979	<a href="https://twitter.com/Rodri_Edu1979" target="_blank">Rodri_Edu1979</a>	4	0	1	147	537	2506	Barcelona, Cataluña	005
@rodrigocordente	<a href="https://twitter.com/rodrigocordente" target="_blank">rodrigocordente</a>	1	0	1	118	168	779		040
@RodrigoJavierV	<a href="https://twitter.com/RodrigoJavierV" target="_blank">RodrigoJavierV</a>	1	0	1	765	2345	13409	Concepción, Chile	012
@RodriguezSVQ	<a href="https://twitter.com/RodriguezSVQ" target="_blank">RodriguezSVQ</a>	1	0	1	1229	595	27566	Sevilla, Andalucía	294
@rodsxger	<a href="https://twitter.com/rodsxger" target="_blank">rodsxger</a>	1	0	1	303	689	16247	Santiago, Chile.	010
@Rogelio_intriag	<a href="https://twitter.com/Rogelio_intriag" target="_blank">Rogelio_intriag</a>	1	0	1	545	1112	3705	Ecuador.  Santo Domingo	010
@roger_josep	<a href="https://twitter.com/roger_josep" target="_blank">roger_josep</a>	4	0	1	41	67	3881	Lucerna, Suïssa	017
@RogerAran	<a href="https://twitter.com/RogerAran" target="_blank">RogerAran</a>	0	2	0					150
@rogercuybaq	<a href="https://twitter.com/rogercuybaq" target="_blank">rogercuybaq</a>	2	0	1	47	101	1685		010
@rogerden1	<a href="https://twitter.com/rogerden1" target="_blank">rogerden1</a>	1	0	1	16	19	179		033
@RogerDeSants	<a href="https://twitter.com/RogerDeSants" target="_blank">RogerDeSants</a>	2	0	1	247	569	17827		116
@RogerElric	<a href="https://twitter.com/RogerElric" target="_blank">RogerElric</a>	1	0	1	2766	904	1649	Barcelona	018
@rogergabin	<a href="https://twitter.com/rogergabin" target="_blank">rogergabin</a>	0	2	0					023
@RogerGalazan	<a href="https://twitter.com/RogerGalazan" target="_blank">RogerGalazan</a>	5	0	1	639	913	26238	Repiular no és compartir	362
@rogermilego	<a href="https://twitter.com/rogermilego" target="_blank">rogermilego</a>	3	0	1	1144	1648	24089	Cardedeu, Catalunya	043
@rogerpichm	<a href="https://twitter.com/rogerpichm" target="_blank">rogerpichm</a>	1	0	1	16	77	455		004
@rogerpv84	<a href="https://twitter.com/rogerpv84" target="_blank">rogerpv84</a>	1	0	1	193	369	430		005
@rogersm23	<a href="https://twitter.com/rogersm23" target="_blank">rogersm23</a>	0	9	0					006
@rogerstaeugenia	<a href="https://twitter.com/rogerstaeugenia" target="_blank">rogerstaeugenia</a>	1	0	1	1251	1407	6158	Marxista-Leninista	008
@RogertorrentCat	<a href="https://twitter.com/RogertorrentCat" target="_blank">RogertorrentCat</a>	2	0	1	168	205	8248	Alella	288
@rollicofrito	<a href="https://twitter.com/rollicofrito" target="_blank">rollicofrito</a>	2	0	2	49	318	663		042
@Romekpolska	<a href="https://twitter.com/Romekpolska" target="_blank">Romekpolska</a>	1	0	1	39	151	31098		047
@rommyarce	<a href="https://twitter.com/rommyarce" target="_blank">rommyarce</a>	2	4	0	4696	1995	4877	Madrid (Spain)	079
@Rosa_in_Mundo	<a href="https://twitter.com/Rosa_in_Mundo" target="_blank">Rosa_in_Mundo</a>	10	0	1	2278	982	72475	Por todas partes	010
@RosaCebrian7	<a href="https://twitter.com/RosaCebrian7" target="_blank">RosaCebrian7</a>	1	0	1	33	493	147		028
@rosagpl44	<a href="https://twitter.com/rosagpl44" target="_blank">rosagpl44</a>	24	0	1	561	1557	81556		011
@Roser86592039	<a href="https://twitter.com/Roser86592039" target="_blank">Roser86592039</a>	2	0	2	0	16	50		325
@RoserBausa	<a href="https://twitter.com/RoserBausa" target="_blank">RoserBausa</a>	1	0	1	2	77	10	La Sagrera, Barcelona	011
@RossJack10	<a href="https://twitter.com/RossJack10" target="_blank">RossJack10</a>	1	0	1	68	279	3771	Ireland	004
@rostauro	<a href="https://twitter.com/rostauro" target="_blank">rostauro</a>	2	0	1	888	1757	41068	España	138
@rosvalarg	<a href="https://twitter.com/rosvalarg" target="_blank">rosvalarg</a>	7	0	1	2901	3035	184809	Huelva. Huelva.	010
@Rousobbes	<a href="https://twitter.com/Rousobbes" target="_blank">Rousobbes</a>	1	0	1	45	115	6148		048
@roykolepoyko	<a href="https://twitter.com/roykolepoyko" target="_blank">roykolepoyko</a>	1	0	1	1372	4996	91453	Antwerpen City	019
@rozul123	<a href="https://twitter.com/rozul123" target="_blank">rozul123</a>	11	0	1	95	137	5678	ak	021
@rpnz_13	<a href="https://twitter.com/rpnz_13" target="_blank">rpnz_13</a>	1	0	1	637	594	13099	Bundoran, Ireland	136
@rrocai	<a href="https://twitter.com/rrocai" target="_blank">rrocai</a>	25	0	1	97	136	14246	Independiente	017
@ruben8516	<a href="https://twitter.com/ruben8516" target="_blank">ruben8516</a>	1	0	1	2325	2156	30345	BERNAL, Bs.As., Argentina	010
@rubengu10	<a href="https://twitter.com/rubengu10" target="_blank">rubengu10</a>	1	0	1	26	27	1396		010
@ruchiferio	<a href="https://twitter.com/ruchiferio" target="_blank">ruchiferio</a>	2	0	1	51	45	668	Barcelona	376
@rudith69	<a href="https://twitter.com/rudith69" target="_blank">rudith69</a>	1	0	1	397	536	1224	Rubí, Catalunya	148
@rufo_soto	<a href="https://twitter.com/rufo_soto" target="_blank">rufo_soto</a>	2	0	1	504	670	18334		035
@RuggAlan	<a href="https://twitter.com/RuggAlan" target="_blank">RuggAlan</a>	2	0	1	584	123	77251		130
@rumaa7	<a href="https://twitter.com/rumaa7" target="_blank">rumaa7</a>	1	0	1	59	143	378		069
@RumboArtwork	<a href="https://twitter.com/RumboArtwork" target="_blank">RumboArtwork</a>	1	0	1	514	837	16521	Barcelona	045
@RusoAzul	<a href="https://twitter.com/RusoAzul" target="_blank">RusoAzul</a>	2	0	1	3868	1997	108152	Canarias	010
@RussellEngland	<a href="https://twitter.com/RussellEngland" target="_blank">RussellEngland</a>	4	0	1	145	116	1235	Bewdley, Worcestershire, UK	249
@RussiaConnects	<a href="https://twitter.com/RussiaConnects" target="_blank">RussiaConnects</a>	1	0	1	39061	190	568011		043
@rustedblake	<a href="https://twitter.com/rustedblake" target="_blank">rustedblake</a>	1	0	1	448	246	44800	they/them | 19 | wales	149
@RWPropagandist	<a href="https://twitter.com/RWPropagandist" target="_blank">RWPropagandist</a>	1	0	1	671	570	942		004
@s_inma	<a href="https://twitter.com/s_inma" target="_blank">s_inma</a>	1	0	1	409	406	18683		010
@S_meredith88	<a href="https://twitter.com/S_meredith88" target="_blank">S_meredith88</a>	1	0	1	8909	8654	76173		004
@s_valls	<a href="https://twitter.com/s_valls" target="_blank">s_valls</a>	12	0	2	820	531	97431		020
@Sabs0000	<a href="https://twitter.com/Sabs0000" target="_blank">Sabs0000</a>	1	0	1	49	71	6271	Derry, Ireland	043
@sac_diego	<a href="https://twitter.com/sac_diego" target="_blank">sac_diego</a>	0	2	0					148
@sacamoko	<a href="https://twitter.com/sacamoko" target="_blank">sacamoko</a>	3	0	1	63	424	3093	Llagostera🔄Motril	010
@safranquesa	<a href="https://twitter.com/safranquesa" target="_blank">safranquesa</a>	2	0	1	163	344	973	Badalona	017
@SaimonOscar	<a href="https://twitter.com/SaimonOscar" target="_blank">SaimonOscar</a>	23	0	1	90	154	8243		064
@saioa_37	<a href="https://twitter.com/saioa_37" target="_blank">saioa_37</a>	3	0	1	286	254	9811	Iruñea, Nafarroa,Euskal Herria	042
@Sakura_Nath	<a href="https://twitter.com/Sakura_Nath" target="_blank">Sakura_Nath</a>	1	0	1	581	970	11711		049
@Sala16gsar	<a href="https://twitter.com/Sala16gsar" target="_blank">Sala16gsar</a>	1	0	1	25	76	1595		010
@SalaFenix	<a href="https://twitter.com/SalaFenix" target="_blank">SalaFenix</a>	1	0	1	1259	906	5377	riereta 31, barcelona	041
@Salidator11	<a href="https://twitter.com/Salidator11" target="_blank">Salidator11</a>	1	0	1	208	377	1750	Córdoba, España	040
@saltolabaranda	<a href="https://twitter.com/saltolabaranda" target="_blank">saltolabaranda</a>	1	0	1	981	982	21352	Chimbamba	010
@SalzaBarzanne	<a href="https://twitter.com/SalzaBarzanne" target="_blank">SalzaBarzanne</a>	1	0	1	329	891	5201	Holland BABY	039
@Sammy4992	<a href="https://twitter.com/Sammy4992" target="_blank">Sammy4992</a>	1	0	1	207	179	4908		057
@samoandrea	<a href="https://twitter.com/samoandrea" target="_blank">samoandrea</a>	0	1	0					359
@samuelblazquez	<a href="https://twitter.com/samuelblazquez" target="_blank">samuelblazquez</a>	1	0	1	132	303	607	GIRONA	005
@SamuGDD	<a href="https://twitter.com/SamuGDD" target="_blank">SamuGDD</a>	1	0	1	621	773	16696	ESPAÑA	040
@sandrao1944	<a href="https://twitter.com/sandrao1944" target="_blank">sandrao1944</a>	1	0	1	57	593	1216	Comunidad Valenciana, España	004
@Sanitarium17	<a href="https://twitter.com/Sanitarium17" target="_blank">Sanitarium17</a>	2	0	1	292	358	47650	Katalonien.	041
@santa_i_am	<a href="https://twitter.com/santa_i_am" target="_blank">santa_i_am</a>	1	0	1	291	396	1810	Valencia	046
@santboidecideix	<a href="https://twitter.com/santboidecideix" target="_blank">santboidecideix</a>	0	2	0					037
@Santi_Caballar	<a href="https://twitter.com/Santi_Caballar" target="_blank">Santi_Caballar</a>	1	0	1	370	180	10910	Segovia, Spain	005
@Santi_V81	<a href="https://twitter.com/Santi_V81" target="_blank">Santi_V81</a>	1	0	1	76	376	530		045
@Santisbd	<a href="https://twitter.com/Santisbd" target="_blank">Santisbd</a>	7	1	1	1376	2818	32806	Sabadell. Catalunya. España.	392
@santyparente	<a href="https://twitter.com/santyparente" target="_blank">santyparente</a>	1	0	1	143	136	13907		044
@sapijoma2	<a href="https://twitter.com/sapijoma2" target="_blank">sapijoma2</a>	2	0	1	4221	4199	99046	Lican Ray	010
@sarabarbsan	<a href="https://twitter.com/sarabarbsan" target="_blank">sarabarbsan</a>	1	0	1	239	228	14774	Cáceres, Extremadura	041
@SaraBarm	<a href="https://twitter.com/SaraBarm" target="_blank">SaraBarm</a>	1	0	1	6	51	17	Vielha e Mijaran, Espanya	019
@saracr2000	<a href="https://twitter.com/saracr2000" target="_blank">saracr2000</a>	1	0	1	703	1688	7222	Islas Canarias, España	042
@saralupin	<a href="https://twitter.com/saralupin" target="_blank">saralupin</a>	1	0	1	508	691	2383	Santa Coloma de Gramenet	044
@saraoutecame	<a href="https://twitter.com/saraoutecame" target="_blank">saraoutecame</a>	0	2	0					147
@saturnomit	<a href="https://twitter.com/saturnomit" target="_blank">saturnomit</a>	1	0	1	69	45	20174		010
@saulocorona	<a href="https://twitter.com/saulocorona" target="_blank">saulocorona</a>	1	1	0	4344	868	29508	Sol | Zuccotti | Gezi	360
@SBC_1992	<a href="https://twitter.com/SBC_1992" target="_blank">SBC_1992</a>	1	0	1	192	189	2963	Villanueva de la Peña	040
@sbergeron	<a href="https://twitter.com/sbergeron" target="_blank">sbergeron</a>	2	4	0	10269	584	14745		076
@schinestra	<a href="https://twitter.com/schinestra" target="_blank">schinestra</a>	1	2	1	544	488	8136	Argentina	029
@SchouwDick	<a href="https://twitter.com/SchouwDick" target="_blank">SchouwDick</a>	0	1	0					356
@schuyteneer	<a href="https://twitter.com/schuyteneer" target="_blank">schuyteneer</a>	1	0	1	538	308	43592		108
@SDemeulenaere	<a href="https://twitter.com/SDemeulenaere" target="_blank">SDemeulenaere</a>	1	0	1	21	79	364		019
@seanmc770	<a href="https://twitter.com/seanmc770" target="_blank">seanmc770</a>	1	0	1	141	230	18067	narnia	385
@Seanoward4	<a href="https://twitter.com/Seanoward4" target="_blank">Seanoward4</a>	2	0	1	1072	743	22845	Hamilton, Scotland	043
@Sebastia_Jordi	<a href="https://twitter.com/Sebastia_Jordi" target="_blank">Sebastia_Jordi</a>	2	0	1	9820	4347	13422	Brussel•les - Burjassot	081
@sebastiacl	<a href="https://twitter.com/sebastiacl" target="_blank">sebastiacl</a>	3	0	1	118	483	2192		020
@secrxtsofdark	<a href="https://twitter.com/secrxtsofdark" target="_blank">secrxtsofdark</a>	1	0	1	5687	119	89829	Beacon Hills	041
@semponspuig	<a href="https://twitter.com/semponspuig" target="_blank">semponspuig</a>	1	0	1	2262	1127	41030	Barcelona	024
@Senenmon	<a href="https://twitter.com/Senenmon" target="_blank">Senenmon</a>	1	0	1	456	580	4137	Alicante	010
@sensecobertura	<a href="https://twitter.com/sensecobertura" target="_blank">sensecobertura</a>	0	1	0					355
@senugi	<a href="https://twitter.com/senugi" target="_blank">senugi</a>	3	1	0	396	396	1572	Vilademí, Catalonia	102
@senyor_jones	<a href="https://twitter.com/senyor_jones" target="_blank">senyor_jones</a>	0	1	0					357
@senyorpla	<a href="https://twitter.com/senyorpla" target="_blank">senyorpla</a>	0	1	0					358
@seobarcelonaseo	<a href="https://twitter.com/seobarcelonaseo" target="_blank">seobarcelonaseo</a>	1	0	1	916	2127	600	Barcelona, Catalonia	004
@sepies	<a href="https://twitter.com/sepies" target="_blank">sepies</a>	1	0	1	96	186	2866	República de Catalunya	043
@sergeyrag	<a href="https://twitter.com/sergeyrag" target="_blank">sergeyrag</a>	4	2	0	346	957	5086	Cardedeu, Catalunya	011
@sergi_collbru	<a href="https://twitter.com/sergi_collbru" target="_blank">sergi_collbru</a>	3	0	1	106	127	641		020
@sergi_if	<a href="https://twitter.com/sergi_if" target="_blank">sergi_if</a>	1	0	1	57	83	302	Catalunya	059
@sergi_sb	<a href="https://twitter.com/sergi_sb" target="_blank">sergi_sb</a>	2	0	1	108	421	7145		017
@Sergi3g	<a href="https://twitter.com/Sergi3g" target="_blank">Sergi3g</a>	1	0	1	24	43	150		017
@SergiFerret	<a href="https://twitter.com/SergiFerret" target="_blank">SergiFerret</a>	3	0	1	139	147	1791	Tarragona	094
@sergio_almah	<a href="https://twitter.com/sergio_almah" target="_blank">sergio_almah</a>	2	0	1	161	183	9280	Burkina Faso	004
@sergiocerdan95	<a href="https://twitter.com/sergiocerdan95" target="_blank">sergiocerdan95</a>	13	0	1	726	2691	28404	Rubí, España	020
@Sergiomin93	<a href="https://twitter.com/Sergiomin93" target="_blank">Sergiomin93</a>	0	1	0					354
@SergioRubioRuiz	<a href="https://twitter.com/SergioRubioRuiz" target="_blank">SergioRubioRuiz</a>	0	1	0					351
@SergioZyre	<a href="https://twitter.com/SergioZyre" target="_blank">SergioZyre</a>	2	0	1	363	670	4363		340
@SergiPA1984	<a href="https://twitter.com/SergiPA1984" target="_blank">SergiPA1984</a>	3	0	2	147	421	2906	Corbera de Llobregat	023
@SergiPanadero	<a href="https://twitter.com/SergiPanadero" target="_blank">SergiPanadero</a>	18	1	0	17	14	364		353
@SergiR16	<a href="https://twitter.com/SergiR16" target="_blank">SergiR16</a>	0	2	0					142
@sergiset	<a href="https://twitter.com/sergiset" target="_blank">sergiset</a>	4	0	1	208	412	10307	Figueres,Catalunya	009
@SerMendoza	<a href="https://twitter.com/SerMendoza" target="_blank">SerMendoza</a>	2	0	1	376	892	1274		112
@SerraCribi	<a href="https://twitter.com/SerraCribi" target="_blank">SerraCribi</a>	1	0	1	108	169	312		005
@SerraMontse	<a href="https://twitter.com/SerraMontse" target="_blank">SerraMontse</a>	1	0	1	14	145	463		116
@servando_carlos	<a href="https://twitter.com/servando_carlos" target="_blank">servando_carlos</a>	2	0	1	4191	4766	4387		010
@SerVid_isReal	<a href="https://twitter.com/SerVid_isReal" target="_blank">SerVid_isReal</a>	1	0	1	15	70	357		262
@seyda_hevi	<a href="https://twitter.com/seyda_hevi" target="_blank">seyda_hevi</a>	0	1	0					350
@Sf_isa	<a href="https://twitter.com/Sf_isa" target="_blank">Sf_isa</a>	1	0	1	254	175	7554		041
@Shaktive	<a href="https://twitter.com/Shaktive" target="_blank">Shaktive</a>	1	0	1	19817	21571	106810		044
@ShamameK	<a href="https://twitter.com/ShamameK" target="_blank">ShamameK</a>	1	0	1	28	163	283	Via Lactea, creo, eso dicen	045
@ShaneDalyUCC	<a href="https://twitter.com/ShaneDalyUCC" target="_blank">ShaneDalyUCC</a>	1	0	1	219	352	2000	Cork	043
@shawnsv0ice	<a href="https://twitter.com/shawnsv0ice" target="_blank">shawnsv0ice</a>	1	0	1	2052	726	33832	Madrid, Spain.	041
@sheeshkarla	<a href="https://twitter.com/sheeshkarla" target="_blank">sheeshkarla</a>	6	0	1	1486	797	97412	j	010
@sherar_sese	<a href="https://twitter.com/sherar_sese" target="_blank">sherar_sese</a>	6	0	5	161	827	15454		010
@Sherlockain	<a href="https://twitter.com/Sherlockain" target="_blank">Sherlockain</a>	18	0	4	592	1737	17366	Barcelona	037
@shikaka007	<a href="https://twitter.com/shikaka007" target="_blank">shikaka007</a>	1	0	1	303	323	12459		047
@shrewst	<a href="https://twitter.com/shrewst" target="_blank">shrewst</a>	1	0	1	2202	2245	22480	Healthy America	004
@shul_evolution	<a href="https://twitter.com/shul_evolution" target="_blank">shul_evolution</a>	3	23	0	14970	1067	48171	Lavapiés	048
@Si_podem	<a href="https://twitter.com/Si_podem" target="_blank">Si_podem</a>	2	0	1	513	1544	12606		043
@Sil_Adamar	<a href="https://twitter.com/Sil_Adamar" target="_blank">Sil_Adamar</a>	1	0	1	225	488	1317	Madrid	110
@silepele	<a href="https://twitter.com/silepele" target="_blank">silepele</a>	0	1	0					122
@silverter40	<a href="https://twitter.com/silverter40" target="_blank">silverter40</a>	1	0	1	260	1087	2485		043
@silvia_barret	<a href="https://twitter.com/silvia_barret" target="_blank">silvia_barret</a>	1	0	1	15	156	340	Sant Feliu de Pallerols, Espan	005
@silviacasorran	<a href="https://twitter.com/silviacasorran" target="_blank">silviacasorran</a>	0	21	0					030
@SilviaGallart_	<a href="https://twitter.com/SilviaGallart_" target="_blank">SilviaGallart_</a>	1	0	1	12	144	181	Vilafranca del Penedès, Catalonia	023
@SilviaPalomera	<a href="https://twitter.com/SilviaPalomera" target="_blank">SilviaPalomera</a>	1	0	1	253	1313	4449	Barcelona, Catalunya	004
@silviarojor	<a href="https://twitter.com/silviarojor" target="_blank">silviarojor</a>	2	0	1	437	722	9233	catalunya	121
@SimonBarber5	<a href="https://twitter.com/SimonBarber5" target="_blank">SimonBarber5</a>	1	0	1	4	18	28	London	030
@SimoneEmma0506	<a href="https://twitter.com/SimoneEmma0506" target="_blank">SimoneEmma0506</a>	1	0	1	60	185	391	Nederland	019
@simonig2	<a href="https://twitter.com/simonig2" target="_blank">simonig2</a>	1	0	1	165	455	8189	Gavà-Castelldefels-Begues(BCN)	010
@SimonThomasAC	<a href="https://twitter.com/SimonThomasAC" target="_blank">SimonThomasAC</a>	0	2	0					149
@Sinabhfuil	<a href="https://twitter.com/Sinabhfuil" target="_blank">Sinabhfuil</a>	1	0	1	2570	2393	1465	Dublin	001
@sinasdv	<a href="https://twitter.com/sinasdv" target="_blank">sinasdv</a>	14	0	2	42	304	2602		027
@SindicaEstudian	<a href="https://twitter.com/SindicaEstudian" target="_blank">SindicaEstudian</a>	6	13	0	21599	1386	17786	Estado español	007
@SindicEstudiCat	<a href="https://twitter.com/SindicEstudiCat" target="_blank">SindicEstudiCat</a>	0	4	0					080
@sinemizm	<a href="https://twitter.com/sinemizm" target="_blank">sinemizm</a>	1	0	1	270	375	9515		098
@sinnfeinireland	<a href="https://twitter.com/sinnfeinireland" target="_blank">sinnfeinireland</a>	0	86	0					043
@sintasol	<a href="https://twitter.com/sintasol" target="_blank">sintasol</a>	1	0	1	448	1378	4991	Donostia	255
@sippymads	<a href="https://twitter.com/sippymads" target="_blank">sippymads</a>	1	0	1	1317	824	45033	sweetwater river	041
@Sircussss	<a href="https://twitter.com/Sircussss" target="_blank">Sircussss</a>	1	0	1	159	98	22365	Twitter-Pradesh	047
@siueta	<a href="https://twitter.com/siueta" target="_blank">siueta</a>	2	0	2	35	185	569		005
@Siviraalfonso	<a href="https://twitter.com/Siviraalfonso" target="_blank">Siviraalfonso</a>	1	0	1	147	437	12740	Punto Fijo, Venezuela	044
@SixtoCasado	<a href="https://twitter.com/SixtoCasado" target="_blank">SixtoCasado</a>	9	0	1	996	715	18547		010
@sjBaldwin7	<a href="https://twitter.com/sjBaldwin7" target="_blank">sjBaldwin7</a>	1	0	1	1909	3765	25968	St. Louis, MO	004
@SJVxindependnci	<a href="https://twitter.com/SJVxindependnci" target="_blank">SJVxindependnci</a>	3	0	1	927	1971	1501	sant joan de vilatorrada	125
@Skalamotxo	<a href="https://twitter.com/Skalamotxo" target="_blank">Skalamotxo</a>	1	0	1	474	322	51174	En el trazo de algún dibujo	045
@SlviaRius	<a href="https://twitter.com/SlviaRius" target="_blank">SlviaRius</a>	2	0	1	17	52	95	Vilassar de Mar, España	292
@smarielsilva	<a href="https://twitter.com/smarielsilva" target="_blank">smarielsilva</a>	1	0	1	460	912	7755	De las Sierras de Cba!	003
@sms_sullivan	<a href="https://twitter.com/sms_sullivan" target="_blank">sms_sullivan</a>	1	0	1	2937	5001	49260	Barcelona, Spain	004
@smujal	<a href="https://twitter.com/smujal" target="_blank">smujal</a>	60	0	1	4220	4994	218901	Barcelona	021
@SMunne	<a href="https://twitter.com/SMunne" target="_blank">SMunne</a>	10	0	1	285	484	1968	Barcelona	010
@snorl4x	<a href="https://twitter.com/snorl4x" target="_blank">snorl4x</a>	1	0	1	277	192	8219		045
@sobreelterreny	<a href="https://twitter.com/sobreelterreny" target="_blank">sobreelterreny</a>	2	0	1	833	933	4913	Entre lo Pallars i la Plana	030
@socialistworker	<a href="https://twitter.com/socialistworker" target="_blank">socialistworker</a>	0	1	0					337
@sofisolerrr	<a href="https://twitter.com/sofisolerrr" target="_blank">sofisolerrr</a>	5	0	5	414	392	13027	Montevideo, Uruguay	012
@SohanNavarro_	<a href="https://twitter.com/SohanNavarro_" target="_blank">SohanNavarro_</a>	1	0	1	321	176	2784	Pedreguer City	041
@soledad_valpo	<a href="https://twitter.com/soledad_valpo" target="_blank">soledad_valpo</a>	1	0	1	799	1463	7657	Valparaíso, Chile	010
@soler_anna	<a href="https://twitter.com/soler_anna" target="_blank">soler_anna</a>	2	0	1	355	372	1766		018
@soler_toni	<a href="https://twitter.com/soler_toni" target="_blank">soler_toni</a>	9	0	1	249331	182	49483	Barcelona	017
@SolerBatlle	<a href="https://twitter.com/SolerBatlle" target="_blank">SolerBatlle</a>	1	0	1	2	1	485		017
@solmagarolas	<a href="https://twitter.com/solmagarolas" target="_blank">solmagarolas</a>	1	0	1	106	208	203	Barcelona, Espanya	217
@SomBellvitge	<a href="https://twitter.com/SomBellvitge" target="_blank">SomBellvitge</a>	16	1	0	704	512	1935	l'Hospitalet de Llobregat	340
@somcheryl	<a href="https://twitter.com/somcheryl" target="_blank">somcheryl</a>	1	0	1	33	256	994		019
@SomdOlesa	<a href="https://twitter.com/SomdOlesa" target="_blank">SomdOlesa</a>	2	0	1	1088	62	3202	Olesa de Montserrat	016
@Somnolenciaa	<a href="https://twitter.com/Somnolenciaa" target="_blank">Somnolenciaa</a>	3	0	1	1367	1107	38220	Catalunya	010
@soniaEDA	<a href="https://twitter.com/soniaEDA" target="_blank">soniaEDA</a>	1	0	1	54	93	535		134
@sonilereky	<a href="https://twitter.com/sonilereky" target="_blank">sonilereky</a>	0	1	0					336
@SopranoVioleta	<a href="https://twitter.com/SopranoVioleta" target="_blank">SopranoVioleta</a>	1	0	1	82	133	610	Salzburg 🇦🇹  Zadar 🇭🇷	010
@SortuBaranain	<a href="https://twitter.com/SortuBaranain" target="_blank">SortuBaranain</a>	2	0	2	241	302	1693	Barañain-Euskal Herria	050
@SouthwarkGP	<a href="https://twitter.com/SouthwarkGP" target="_blank">SouthwarkGP</a>	1	0	1	2941	2505	22553	Southwark, London	053
@soutiff	<a href="https://twitter.com/soutiff" target="_blank">soutiff</a>	1	0	1	81	265	1522		049
@soynara	<a href="https://twitter.com/soynara" target="_blank">soynara</a>	1	0	1	82	193	974		010
@soyuz33	<a href="https://twitter.com/soyuz33" target="_blank">soyuz33</a>	1	0	1	28	49	441		005
@SpagghettosMC	<a href="https://twitter.com/SpagghettosMC" target="_blank">SpagghettosMC</a>	2	0	1	910	1217	128642	XDD	384
@spawn_1985	<a href="https://twitter.com/spawn_1985" target="_blank">spawn_1985</a>	1	0	1	29	166	1062	Madrid	028
@Spencercool99	<a href="https://twitter.com/Spencercool99" target="_blank">Spencercool99</a>	1	0	1	313	1414	13520	Cascadia	004
@SpiderAgent3	<a href="https://twitter.com/SpiderAgent3" target="_blank">SpiderAgent3</a>	1	0	1	5	207	47	Belgium	084
@Spinkshawol	<a href="https://twitter.com/Spinkshawol" target="_blank">Spinkshawol</a>	1	0	1	92	715	1798	Barcelona, España	139
@Splth32	<a href="https://twitter.com/Splth32" target="_blank">Splth32</a>	42	0	1	66	100	6157		010
@Sramio	<a href="https://twitter.com/Sramio" target="_blank">Sramio</a>	0	1	0					334
@SRigui	<a href="https://twitter.com/SRigui" target="_blank">SRigui</a>	3	0	1	222	416	1605	Girona	020
@Srita_Pichardo	<a href="https://twitter.com/Srita_Pichardo" target="_blank">Srita_Pichardo</a>	1	0	1	51	71	1265		010
@SrLiche	<a href="https://twitter.com/SrLiche" target="_blank">SrLiche</a>	1	0	1	66	215	513		004
@srmilonga	<a href="https://twitter.com/srmilonga" target="_blank">srmilonga</a>	1	0	1	465	635	397	Capitalismo sin consumo	044
@ssfreixas	<a href="https://twitter.com/ssfreixas" target="_blank">ssfreixas</a>	27	0	1	144	351	13783		010
@stajojf	<a href="https://twitter.com/stajojf" target="_blank">stajojf</a>	1	0	1	2142	2404	16171	Valencia-Carabobo	086
@StAndreuExpres	<a href="https://twitter.com/StAndreuExpres" target="_blank">StAndreuExpres</a>	0	11	0					036
@staniam50	<a href="https://twitter.com/staniam50" target="_blank">staniam50</a>	1	0	1	597	1426	22220	Ireland	039
@stasevich	<a href="https://twitter.com/stasevich" target="_blank">stasevich</a>	1	0	1	762	959	12978	Buenos Aires, Argentina	044
@sterblicher_mad	<a href="https://twitter.com/sterblicher_mad" target="_blank">sterblicher_mad</a>	1	0	1	818	1911	19936	México DF	077
@stopretallades	<a href="https://twitter.com/stopretallades" target="_blank">stopretallades</a>	5	0	1	48	76	1792		055
@sublibrarian	<a href="https://twitter.com/sublibrarian" target="_blank">sublibrarian</a>	1	0	1	658	1820	15223	Monarquía bananera	010
@suchanidleteen	<a href="https://twitter.com/suchanidleteen" target="_blank">suchanidleteen</a>	1	0	1	668	724	62591	THEY/THEM	041
@SuecaPacheca	<a href="https://twitter.com/SuecaPacheca" target="_blank">SuecaPacheca</a>	1	0	1	60	183	1563	Catalunya	012
@SueEsteller	<a href="https://twitter.com/SueEsteller" target="_blank">SueEsteller</a>	1	0	1	66	134	852	Delta del Llobregat	299
@Sule_Martin8	<a href="https://twitter.com/Sule_Martin8" target="_blank">Sule_Martin8</a>	1	0	1	566	255	15876	Las Palmas de Gran Canaria	017
@sullinho15	<a href="https://twitter.com/sullinho15" target="_blank">sullinho15</a>	1	0	1	31	103	37		043
@sumagan	<a href="https://twitter.com/sumagan" target="_blank">sumagan</a>	1	0	1	48	298	675		042
@suneastkol	<a href="https://twitter.com/suneastkol" target="_blank">suneastkol</a>	1	0	1	258	306	3462		053
@supermaruxi	<a href="https://twitter.com/supermaruxi" target="_blank">supermaruxi</a>	3	0	1	105	259	2373		060
@Suprunaman82	<a href="https://twitter.com/Suprunaman82" target="_blank">Suprunaman82</a>	2	0	1	724	1560	13841	Catalunya	010
@SurrenderWont	<a href="https://twitter.com/SurrenderWont" target="_blank">SurrenderWont</a>	1	0	1	117	634	1129		039
@susan_bell1212	<a href="https://twitter.com/susan_bell1212" target="_blank">susan_bell1212</a>	6	0	1	4738	5150	412733		043
@susanalovesele	<a href="https://twitter.com/susanalovesele" target="_blank">susanalovesele</a>	1	0	1	2307	1786	115458	Gotham	041
@susannix2002	<a href="https://twitter.com/susannix2002" target="_blank">susannix2002</a>	2	0	1	107	96	3108	Cataluña, España	043
@SusanoOrbatos	<a href="https://twitter.com/SusanoOrbatos" target="_blank">SusanoOrbatos</a>	1	0	1	29	67	1329		048
@susiboh	<a href="https://twitter.com/susiboh" target="_blank">susiboh</a>	1	0	1	64	375	471		022
@SuzyCortez_	<a href="https://twitter.com/SuzyCortez_" target="_blank">SuzyCortez_</a>	1	3	0	141063	297	525		084
@SVHxIND	<a href="https://twitter.com/SVHxIND" target="_blank">SVHxIND</a>	0	1	0					331
@SwaderPolly	<a href="https://twitter.com/SwaderPolly" target="_blank">SwaderPolly</a>	1	0	1	1974	1569	123658	Cleveland, OH	059
@SweeneyCathy	<a href="https://twitter.com/SweeneyCathy" target="_blank">SweeneyCathy</a>	1	0	1	563	359	5917	Mallorca, Països Catalans	043
@sweetcamzi_	<a href="https://twitter.com/sweetcamzi_" target="_blank">sweetcamzi_</a>	1	0	1	601	858	29913		022
@SweetDestroya	<a href="https://twitter.com/SweetDestroya" target="_blank">SweetDestroya</a>	1	0	1	250	74	71293	Dentro de un azucarero	042
@sweethome_nd	<a href="https://twitter.com/sweethome_nd" target="_blank">sweethome_nd</a>	1	0	1	282	604	4707	Madrid	005
@sweetjodiee	<a href="https://twitter.com/sweetjodiee" target="_blank">sweetjodiee</a>	3	0	1	1691	474	64461		046
@swingTIC	<a href="https://twitter.com/swingTIC" target="_blank">swingTIC</a>	16	0	1	82	260	3457	Tarragona, Catalunya	017
@SxMreferendum	<a href="https://twitter.com/SxMreferendum" target="_blank">SxMreferendum</a>	5	1	0	600	38	188		024
@SydSalesman	<a href="https://twitter.com/SydSalesman" target="_blank">SydSalesman</a>	1	0	1	5787	3150	229480	Mlati Glondong - Sleman	004
@sylpach	<a href="https://twitter.com/sylpach" target="_blank">sylpach</a>	1	0	1	34	225	241	Barcelona	028
@Symp_Khaos	<a href="https://twitter.com/Symp_Khaos" target="_blank">Symp_Khaos</a>	1	0	1	118	668	507	Reus, España	045
@t_chance	<a href="https://twitter.com/t_chance" target="_blank">t_chance</a>	1	0	1	176	493	3462	London, England	070
@TaaniaDuran98	<a href="https://twitter.com/TaaniaDuran98" target="_blank">TaaniaDuran98</a>	2	0	1	202	212	15070	Euskal Herria	010
@TagridRadical	<a href="https://twitter.com/TagridRadical" target="_blank">TagridRadical</a>	1	0	1	6326	6503	31126	Caracas Venezuela	044
@Taguzga	<a href="https://twitter.com/Taguzga" target="_blank">Taguzga</a>	1	0	1	214	596	4347	Ourense, Galiza. ╰☆╮	055
@talanca64	<a href="https://twitter.com/talanca64" target="_blank">talanca64</a>	2	0	1	648	778	17303	Barcelona, España	010
@TandemVipera	<a href="https://twitter.com/TandemVipera" target="_blank">TandemVipera</a>	1	0	1	731	2313	95335	NRW	043
@TaoainzeGoierri	<a href="https://twitter.com/TaoainzeGoierri" target="_blank">TaoainzeGoierri</a>	6	0	2	187	172	814	Goierri	013
@tapiajesus	<a href="https://twitter.com/tapiajesus" target="_blank">tapiajesus</a>	1	0	1	230	453	660	Zaragoza, Madrid, L.A., Mexico	106
@tarragonablog	<a href="https://twitter.com/tarragonablog" target="_blank">tarragonablog</a>	0	1	0					015
@TarragonaCdr	<a href="https://twitter.com/TarragonaCdr" target="_blank">TarragonaCdr</a>	10	1	0	761	298	636	Tarragona, Països Catalans	330
@tarrakito	<a href="https://twitter.com/tarrakito" target="_blank">tarrakito</a>	1	0	1	737	756	26465	Tarragona	021
@tashLDN	<a href="https://twitter.com/tashLDN" target="_blank">tashLDN</a>	0	1	0					329
@TassjaArt	<a href="https://twitter.com/TassjaArt" target="_blank">TassjaArt</a>	18	0	1	31	172	156	Barcelona	049
@Tatianamgs	<a href="https://twitter.com/Tatianamgs" target="_blank">Tatianamgs</a>	1	0	1	1789	1195	92883	A Coruña, España	018
@tatys555	<a href="https://twitter.com/tatys555" target="_blank">tatys555</a>	1	0	1	1068	1329	1297		127
@taxi_de_manuel	<a href="https://twitter.com/taxi_de_manuel" target="_blank">taxi_de_manuel</a>	1	0	1	13	9	205		061
@Taxi_Vader	<a href="https://twitter.com/Taxi_Vader" target="_blank">Taxi_Vader</a>	1	0	1	3253	882	5797		053
@TCoker_Photos	<a href="https://twitter.com/TCoker_Photos" target="_blank">TCoker_Photos</a>	1	0	1	745	639	4908	Lagos•NYC•Abuja•Manchester	062
@teketen	<a href="https://twitter.com/teketen" target="_blank">teketen</a>	2	0	1	4705	985	37017	Donostia, Buruntza-Oarso, Gip	050
@tentadoceleste	<a href="https://twitter.com/tentadoceleste" target="_blank">tentadoceleste</a>	1	0	1	838	381	11510		044
@TeresaMarqus	<a href="https://twitter.com/TeresaMarqus" target="_blank">TeresaMarqus</a>	0	2	0					138
@TeresaMontao	<a href="https://twitter.com/TeresaMontao" target="_blank">TeresaMontao</a>	19	0	2	1173	96	241909		010
@teresitabele	<a href="https://twitter.com/teresitabele" target="_blank">teresitabele</a>	4	0	1	102	173	4871		244
@TEstarellas	<a href="https://twitter.com/TEstarellas" target="_blank">TEstarellas</a>	1	0	1	126	431	870		005
@ThatStonemGirl	<a href="https://twitter.com/ThatStonemGirl" target="_blank">ThatStonemGirl</a>	0	1	0					326
@ThDramaPrincess	<a href="https://twitter.com/ThDramaPrincess" target="_blank">ThDramaPrincess</a>	1	0	1	206	71	7075	En tu corazón	041
@the_enhe	<a href="https://twitter.com/the_enhe" target="_blank">the_enhe</a>	1	0	1	4	8	8		046
@TheAndresdom	<a href="https://twitter.com/TheAndresdom" target="_blank">TheAndresdom</a>	1	0	1	972	2872	2771	Galiza, Europa	151
@thedesperaterun	<a href="https://twitter.com/thedesperaterun" target="_blank">thedesperaterun</a>	1	0	1	159	209	2987		030
@Thekanet	<a href="https://twitter.com/Thekanet" target="_blank">Thekanet</a>	2	0	1	43	163	1008		004
@TheMavericK_YT	<a href="https://twitter.com/TheMavericK_YT" target="_blank">TheMavericK_YT</a>	2	0	1	399	136	2879	19.000 SUBS	010
@ThePlanetWatch	<a href="https://twitter.com/ThePlanetWatch" target="_blank">ThePlanetWatch</a>	1	0	1	952	2484	51890	San Diego, CA	098
@therealgregjack	<a href="https://twitter.com/therealgregjack" target="_blank">therealgregjack</a>	1	0	1	1591	1802	41583	Christchurch, New Zealand	043
@TheWalrus81	<a href="https://twitter.com/TheWalrus81" target="_blank">TheWalrus81</a>	2	0	1	123	311	7801	Cataluña, España	010
@theWondrWarrior	<a href="https://twitter.com/theWondrWarrior" target="_blank">theWondrWarrior</a>	1	0	1	319	1305	1758	Leeds, England	039
@Think_753	<a href="https://twitter.com/Think_753" target="_blank">Think_753</a>	3	0	1	21	152	2106	A Coruña, España	010
@ThomasMcDerment	<a href="https://twitter.com/ThomasMcDerment" target="_blank">ThomasMcDerment</a>	1	0	1	258	475	3987	East Dunbartonshire	043
@Thomaspraekelt	<a href="https://twitter.com/Thomaspraekelt" target="_blank">Thomaspraekelt</a>	0	1	0					328
@Thorned_Bug	<a href="https://twitter.com/Thorned_Bug" target="_blank">Thorned_Bug</a>	2	0	1	287	165	48702	Cainhurst	201
@thverses	<a href="https://twitter.com/thverses" target="_blank">thverses</a>	1	0	1	1145	295	10073	Barcelona, Cataluña	062
@TiexableLoL	<a href="https://twitter.com/TiexableLoL" target="_blank">TiexableLoL</a>	1	0	1	290	259	6246	Palma, España	071
@Timbalerdelbru2	<a href="https://twitter.com/Timbalerdelbru2" target="_blank">Timbalerdelbru2</a>	11	0	1	237	210	37607		017
@Timcast	<a href="https://twitter.com/Timcast" target="_blank">Timcast</a>	1	2	0	154165	635	18049	New York	130
@timgoldsby	<a href="https://twitter.com/timgoldsby" target="_blank">timgoldsby</a>	1	0	1	137	622	2043		047
@tino_ord	<a href="https://twitter.com/tino_ord" target="_blank">tino_ord</a>	1	0	1	2382	2989	17118	Ávila/León (Spain)	040
@tinovigo	<a href="https://twitter.com/tinovigo" target="_blank">tinovigo</a>	1	0	1	264	232	58800	ÜT: 42.195029,-8.719446	040
@TitaniaArtG	<a href="https://twitter.com/TitaniaArtG" target="_blank">TitaniaArtG</a>	12	0	2	430	1837	43073	Ciberespai - Barcelona	038
@TitoJuez	<a href="https://twitter.com/TitoJuez" target="_blank">TitoJuez</a>	0	4	0					010
@TittaDGirolamo	<a href="https://twitter.com/TittaDGirolamo" target="_blank">TittaDGirolamo</a>	1	0	1	73	574	464		040
@tm0102	<a href="https://twitter.com/tm0102" target="_blank">tm0102</a>	1	0	1	260	642	8432	chile	012
@tofetsameute	<a href="https://twitter.com/tofetsameute" target="_blank">tofetsameute</a>	2	0	1	449	1201	30068		063
@tomasalamiduro	<a href="https://twitter.com/tomasalamiduro" target="_blank">tomasalamiduro</a>	1	0	1	114	2071	110		207
@tomasp0e	<a href="https://twitter.com/tomasp0e" target="_blank">tomasp0e</a>	1	0	1	50	120	6671		040
@tomixixon	<a href="https://twitter.com/tomixixon" target="_blank">tomixixon</a>	1	0	1	741	431	16057	Gijón - Xixón / Asturies	018
@toni_pons	<a href="https://twitter.com/toni_pons" target="_blank">toni_pons</a>	0	1	0					010
@Toni_Torrente	<a href="https://twitter.com/Toni_Torrente" target="_blank">Toni_Torrente</a>	0	2	0					325
@Toni34rn	<a href="https://twitter.com/Toni34rn" target="_blank">Toni34rn</a>	6	0	1	408	844	4321	CATALUNYA||*||	010
@ToniCG71	<a href="https://twitter.com/ToniCG71" target="_blank">ToniCG71</a>	1	0	1	92	182	346		342
@tonigines	<a href="https://twitter.com/tonigines" target="_blank">tonigines</a>	6	0	2	854	1122	28735	barcelona	011
@toninho___	<a href="https://twitter.com/toninho___" target="_blank">toninho___</a>	1	0	1	318	221	8184		320
@TonyWilson47	<a href="https://twitter.com/TonyWilson47" target="_blank">TonyWilson47</a>	1	0	1	656	1255	9479	Glasgow	019
@torrentsba	<a href="https://twitter.com/torrentsba" target="_blank">torrentsba</a>	1	0	1	91	194	726	Barcelona, Cataluña	045
@TostadoraVeloz	<a href="https://twitter.com/TostadoraVeloz" target="_blank">TostadoraVeloz</a>	2	0	1	13	97	1125		075
@Tostaky	<a href="https://twitter.com/Tostaky" target="_blank">Tostaky</a>	1	0	1	25	53	204	Earth	057
@totiaprop	<a href="https://twitter.com/totiaprop" target="_blank">totiaprop</a>	11	0	1	556	1183	1550		010
@totivitoneu	<a href="https://twitter.com/totivitoneu" target="_blank">totivitoneu</a>	2	0	1	32	99	1199		009
@Totojefa	<a href="https://twitter.com/Totojefa" target="_blank">Totojefa</a>	3	0	1	202	537	14927		183
@totolopez91	<a href="https://twitter.com/totolopez91" target="_blank">totolopez91</a>	1	0	1	153	199	1571		048
@TousJordi	<a href="https://twitter.com/TousJordi" target="_blank">TousJordi</a>	1	0	1	9	57	121		004
@TowersAlba	<a href="https://twitter.com/TowersAlba" target="_blank">TowersAlba</a>	1	0	1	767	30	29905	España	010
@Trapped7073	<a href="https://twitter.com/Trapped7073" target="_blank">Trapped7073</a>	6	0	1	162	237	4075		017
@trashtu	<a href="https://twitter.com/trashtu" target="_blank">trashtu</a>	1	2	0	36	282	232		004
@travis_janes	<a href="https://twitter.com/travis_janes" target="_blank">travis_janes</a>	1	0	1	210	217	2306		004
@treblasab	<a href="https://twitter.com/treblasab" target="_blank">treblasab</a>	3	4	0	361	559	1280	Mataro	075
@treceycuatro	<a href="https://twitter.com/treceycuatro" target="_blank">treceycuatro</a>	1	0	1	88	535	2584		017
@Trescci	<a href="https://twitter.com/Trescci" target="_blank">Trescci</a>	15	0	1	1042	1229	34321	Barcelona	010
@trevorocSF	<a href="https://twitter.com/trevorocSF" target="_blank">trevorocSF</a>	5	0	1	3513	2719	5024	Gaillimh Galway	039
@trishwakeford	<a href="https://twitter.com/trishwakeford" target="_blank">trishwakeford</a>	1	0	1	2293	399	63165		004
@Trix69Luisma	<a href="https://twitter.com/Trix69Luisma" target="_blank">Trix69Luisma</a>	3	0	1	1996	2638	75120		010
@troleadagalega	<a href="https://twitter.com/troleadagalega" target="_blank">troleadagalega</a>	1	0	1	3147	1921	14565		055
@Trynyty79	<a href="https://twitter.com/Trynyty79" target="_blank">Trynyty79</a>	1	1	0	29	142	356		324
@TTinan	<a href="https://twitter.com/TTinan" target="_blank">TTinan</a>	1	0	1	16	55	164		211
@Tudela46	<a href="https://twitter.com/Tudela46" target="_blank">Tudela46</a>	1	0	1	294	168	1037	Cieza, Región de Murcia	042
@tulkubcn	<a href="https://twitter.com/tulkubcn" target="_blank">tulkubcn</a>	2	0	1	1190	2320	21852		010
@Tuty64XD	<a href="https://twitter.com/Tuty64XD" target="_blank">Tuty64XD</a>	1	0	1	26	60	56		071
@TV5MONDEMOE	<a href="https://twitter.com/TV5MONDEMOE" target="_blank">TV5MONDEMOE</a>	2	0	1	5421	248	11707		049
@TVinyes	<a href="https://twitter.com/TVinyes" target="_blank">TVinyes</a>	5	0	1	81	435	8832	Corbera de Llobregat/Barcelona	010
@tween_peaks	<a href="https://twitter.com/tween_peaks" target="_blank">tween_peaks</a>	1	0	1	12	43	58	Barcelona	005
@twiettogo	<a href="https://twitter.com/twiettogo" target="_blank">twiettogo</a>	1	0	1	1625	2826	14600		171
@txantxi	<a href="https://twitter.com/txantxi" target="_blank">txantxi</a>	13	0	1	167	856	9357	Catalonia	043
@Txapelavecfuet	<a href="https://twitter.com/Txapelavecfuet" target="_blank">Txapelavecfuet</a>	1	0	1	86	288	2394	Barcelona, España	089
@txapulin	<a href="https://twitter.com/txapulin" target="_blank">txapulin</a>	2	0	2	403	95	44803	München, Bayern	001
@txatolm	<a href="https://twitter.com/txatolm" target="_blank">txatolm</a>	1	0	1	181	301	50179		019
@txellbassolas	<a href="https://twitter.com/txellbassolas" target="_blank">txellbassolas</a>	2	0	1	323	475	4374	Barcelona	009
@txellen1piu	<a href="https://twitter.com/txellen1piu" target="_blank">txellen1piu</a>	1	0	1	374	420	2960		225
@TxusSanchezLl	<a href="https://twitter.com/TxusSanchezLl" target="_blank">TxusSanchezLl</a>	1	0	1	156	551	4322		179
@UALMADLLEDA	<a href="https://twitter.com/UALMADLLEDA" target="_blank">UALMADLLEDA</a>	4	0	1	30	211	648		010
@UgtComite	<a href="https://twitter.com/UgtComite" target="_blank">UgtComite</a>	2	0	1	347	1303	11609		010
@uladessuk	<a href="https://twitter.com/uladessuk" target="_blank">uladessuk</a>	2	0	1	95	573	3787	ULAN BATOR	010
@ulldegat	<a href="https://twitter.com/ulldegat" target="_blank">ulldegat</a>	2	0	2	11	138	692		111
@Um7bjTw	<a href="https://twitter.com/Um7bjTw" target="_blank">Um7bjTw</a>	0	3	0					096
@UnaiHer	<a href="https://twitter.com/UnaiHer" target="_blank">UnaiHer</a>	2	0	1	468	553	3456		020
@unaim6	<a href="https://twitter.com/unaim6" target="_blank">unaim6</a>	3	0	1	50	211	3306		017
@unaipasku	<a href="https://twitter.com/unaipasku" target="_blank">unaipasku</a>	3	0	1	2149	1172	13791	Bssque Country	005
@uncoveredeyes0	<a href="https://twitter.com/uncoveredeyes0" target="_blank">uncoveredeyes0</a>	1	0	1	6	43	167	The Valley of the Wind	012
@untiucullunut	<a href="https://twitter.com/untiucullunut" target="_blank">untiucullunut</a>	1	0	1	4	25	69	Catalunya	064
@UriS77	<a href="https://twitter.com/UriS77" target="_blank">UriS77</a>	3	0	1	328	373	15158	#PlanetNine	010
@Uristrong	<a href="https://twitter.com/Uristrong" target="_blank">Uristrong</a>	11	0	2	497	1182	24769	Barcelona, Catalunya	010
@UrraAguilera	<a href="https://twitter.com/UrraAguilera" target="_blank">UrraAguilera</a>	1	0	1	18	30	106		139
@urresta2	<a href="https://twitter.com/urresta2" target="_blank">urresta2</a>	4	0	2	147	232	7472		002
@uvefe	<a href="https://twitter.com/uvefe" target="_blank">uvefe</a>	0	1	0					323
@Uxuerreala8	<a href="https://twitter.com/Uxuerreala8" target="_blank">Uxuerreala8</a>	1	0	1	10	35	15		046
@uxuueekorta	<a href="https://twitter.com/uxuueekorta" target="_blank">uxuueekorta</a>	1	0	1	161	147	7211	Emakume askea, lur askean.	046
@UzunEfe03	<a href="https://twitter.com/UzunEfe03" target="_blank">UzunEfe03</a>	1	0	1	242	505	4604	İstanbul, Türkiye	056
@Val_Do	<a href="https://twitter.com/Val_Do" target="_blank">Val_Do</a>	1	0	1	5164	3021	168703		100
@ValenciaPatsCSC	<a href="https://twitter.com/ValenciaPatsCSC" target="_blank">ValenciaPatsCSC</a>	0	3	0					088
@valeriafgl	<a href="https://twitter.com/valeriafgl" target="_blank">valeriafgl</a>	3	2	0	10223	3016	142122	Buenos Aires, Argentina	131
@VaneDiThei	<a href="https://twitter.com/VaneDiThei" target="_blank">VaneDiThei</a>	1	0	1	149	314	2035	Tarragona	005
@Vanee_R_J	<a href="https://twitter.com/Vanee_R_J" target="_blank">Vanee_R_J</a>	5	0	1	815	644	20159	Barcelona, Catalonia	043
@VaneSpaccavento	<a href="https://twitter.com/VaneSpaccavento" target="_blank">VaneSpaccavento</a>	1	0	1	5639	4502	59638	The North Remembers	010
@vashondogboy	<a href="https://twitter.com/vashondogboy" target="_blank">vashondogboy</a>	12	0	1	1354	1368	23994	Vashon Island, WA	059
@Vecoborja	<a href="https://twitter.com/Vecoborja" target="_blank">Vecoborja</a>	1	0	1	567	716	843	Alameda de la Sagra, España	010
@veganrockstars	<a href="https://twitter.com/veganrockstars" target="_blank">veganrockstars</a>	2	0	1	3599	3563	16207	ɪsʀᴀᴇʟ	006
@velahd	<a href="https://twitter.com/velahd" target="_blank">velahd</a>	1	0	1	370	419	6748	Sabadell, Catalunya	045
@velvetmorning10	<a href="https://twitter.com/velvetmorning10" target="_blank">velvetmorning10</a>	2	0	1	26	81	5136		058
@venao221	<a href="https://twitter.com/venao221" target="_blank">venao221</a>	1	0	1	11	35	664	PTY	135
@Veneno_Hyde	<a href="https://twitter.com/Veneno_Hyde" target="_blank">Veneno_Hyde</a>	2	0	1	152	270	14033		010
@venezuelaviva78	<a href="https://twitter.com/venezuelaviva78" target="_blank">venezuelaviva78</a>	1	0	1	2734	3058	21808	Venezuela	010
@verdglauc	<a href="https://twitter.com/verdglauc" target="_blank">verdglauc</a>	14	0	1	517	1488	44024		021
@VerifiedNutcase	<a href="https://twitter.com/VerifiedNutcase" target="_blank">VerifiedNutcase</a>	1	0	1	36	33	3394	Earth	047
@VerixHarris	<a href="https://twitter.com/VerixHarris" target="_blank">VerixHarris</a>	1	0	1	465	291	10777		042
@VeuAnoia	<a href="https://twitter.com/VeuAnoia" target="_blank">VeuAnoia</a>	1	3	0	6174	2229	11491	Anoia, Catalunya	089
@VG_ANONIMOUS	<a href="https://twitter.com/VG_ANONIMOUS" target="_blank">VG_ANONIMOUS</a>	1	0	1	51	153	4728		010
@VGauthierJoe	<a href="https://twitter.com/VGauthierJoe" target="_blank">VGauthierJoe</a>	1	0	1	31	317	454	Saint-Bruno-de-Montarville, Qu	070
@viccki_94	<a href="https://twitter.com/viccki_94" target="_blank">viccki_94</a>	1	0	1	61	90	2310	Salou, España	193
@Viccttoria	<a href="https://twitter.com/Viccttoria" target="_blank">Viccttoria</a>	14	0	1	257	465	11605	Tarragona	005
@VicenteVinas	<a href="https://twitter.com/VicenteVinas" target="_blank">VicenteVinas</a>	1	0	1	11	158	679		043
@vicentgalduf	<a href="https://twitter.com/vicentgalduf" target="_blank">vicentgalduf</a>	0	6	0					064
@VickyAlohomora	<a href="https://twitter.com/VickyAlohomora" target="_blank">VickyAlohomora</a>	1	0	1	134	128	7645	Mi cueva	042
@Victor_burdel	<a href="https://twitter.com/Victor_burdel" target="_blank">Victor_burdel</a>	0	1	0					318
@victor7804	<a href="https://twitter.com/victor7804" target="_blank">victor7804</a>	1	0	1	187	220	2139		040
@victordomingos	<a href="https://twitter.com/victordomingos" target="_blank">victordomingos</a>	5	1	0	1682	2106	8549	Braga, Portugal	317
@VictorLopezB_	<a href="https://twitter.com/VictorLopezB_" target="_blank">VictorLopezB_</a>	1	0	1	596	182	23349	Madrid	040
@Victorsa97	<a href="https://twitter.com/Victorsa97" target="_blank">Victorsa97</a>	1	0	1	274	229	2398		040
@vikavika601	<a href="https://twitter.com/vikavika601" target="_blank">vikavika601</a>	3	0	1	1745	2727	69766		010
@ViktorANS	<a href="https://twitter.com/ViktorANS" target="_blank">ViktorANS</a>	1	0	1	1381	2427	12712	Berlín, Alemania	010
@VilladiegoCeles	<a href="https://twitter.com/VilladiegoCeles" target="_blank">VilladiegoCeles</a>	1	0	1	360	351	11248	Entre la gente	055
@villarpordi	<a href="https://twitter.com/villarpordi" target="_blank">villarpordi</a>	1	0	1	36	108	3604		010
@VincentAbinet	<a href="https://twitter.com/VincentAbinet" target="_blank">VincentAbinet</a>	6	0	2	580	1853	20732	Barcelone, Espagne	026
@viniciusnikolod	<a href="https://twitter.com/viniciusnikolod" target="_blank">viniciusnikolod</a>	1	0	1	759	5002	60017	日本 東京	004
@vinpoloaire	<a href="https://twitter.com/vinpoloaire" target="_blank">vinpoloaire</a>	1	1	0	199	670	1557	Galiza	320
@virgidn	<a href="https://twitter.com/virgidn" target="_blank">virgidn</a>	1	0	1	6	26	27		222
@vistacha	<a href="https://twitter.com/vistacha" target="_blank">vistacha</a>	1	0	1	3201	2025	109330	Venezuela	048
@vitormerces	<a href="https://twitter.com/vitormerces" target="_blank">vitormerces</a>	1	0	1	440	277	24620	Rio Tiete.	022
@viva_castilla	<a href="https://twitter.com/viva_castilla" target="_blank">viva_castilla</a>	4	0	1	744	1130	8605	Mataro(Barcelona)	010
@vjcoguan	<a href="https://twitter.com/vjcoguan" target="_blank">vjcoguan</a>	2	0	2	574	873	7695		012
@VKofSEVASTOPOL	<a href="https://twitter.com/VKofSEVASTOPOL" target="_blank">VKofSEVASTOPOL</a>	2	0	2	1462	2077	31883		004
@VladimirBuchan	<a href="https://twitter.com/VladimirBuchan" target="_blank">VladimirBuchan</a>	1	0	1	185	227	4719		054
@vmartina2005	<a href="https://twitter.com/vmartina2005" target="_blank">vmartina2005</a>	2	0	1	1819	3442	25194	Almassora.País Valencià.Europa	014
@VMatterfilm	<a href="https://twitter.com/VMatterfilm" target="_blank">VMatterfilm</a>	10	0	1	25076	10913	301976	Planet Earth	010
@vmsotelo	<a href="https://twitter.com/vmsotelo" target="_blank">vmsotelo</a>	1	0	1	69	110	2356	Badalona	085
@Vnd4LA	<a href="https://twitter.com/Vnd4LA" target="_blank">Vnd4LA</a>	4	0	1	2	38	16		019
@voidtribute	<a href="https://twitter.com/voidtribute" target="_blank">voidtribute</a>	1	0	1	72	157	2275	Stiles' Jeep	046
@vruset	<a href="https://twitter.com/vruset" target="_blank">vruset</a>	5	0	2	226	875	1786		021
@VullMamm	<a href="https://twitter.com/VullMamm" target="_blank">VullMamm</a>	3	1	0	137	1350	1969	Barcelona	315
@VulpixAzul	<a href="https://twitter.com/VulpixAzul" target="_blank">VulpixAzul</a>	1	0	1	49	40	2007	Dorne	041
@VV_ECO	<a href="https://twitter.com/VV_ECO" target="_blank">VV_ECO</a>	1	0	1	55	231	649	Ispra, Lombardia	360
@vyqthor	<a href="https://twitter.com/vyqthor" target="_blank">vyqthor</a>	1	0	1	70	399	1372	Mexico City	087
@WACCOE	<a href="https://twitter.com/WACCOE" target="_blank">WACCOE</a>	1	0	1	17348	1598	720916	#LUFC 19 19 19 19 19 19 19 19	065
@waldorapaz	<a href="https://twitter.com/waldorapaz" target="_blank">waldorapaz</a>	1	0	1	316	501	8920	Al lado de la fosa del AVE	036
@walidosDZ	<a href="https://twitter.com/walidosDZ" target="_blank">walidosDZ</a>	1	0	1	92	317	594	Isla Mujeres, Quintana Roo	019
@wallsy67	<a href="https://twitter.com/wallsy67" target="_blank">wallsy67</a>	1	0	1	763	973	17575	Bucureşti, România	043
@walrusavatar	<a href="https://twitter.com/walrusavatar" target="_blank">walrusavatar</a>	1	0	1	235	761	4318	Madrid	030
@WalterCisneros_	<a href="https://twitter.com/WalterCisneros_" target="_blank">WalterCisneros_</a>	1	0	1	8694	8320	28601	Campana, Bs.As	051
@wanderwilde	<a href="https://twitter.com/wanderwilde" target="_blank">wanderwilde</a>	2	0	1	457	539	17480	Narnia Shore	271
@watasiwahime	<a href="https://twitter.com/watasiwahime" target="_blank">watasiwahime</a>	1	0	1	82	198	1001	Barcelona, Espanya	068
@weenoonie	<a href="https://twitter.com/weenoonie" target="_blank">weenoonie</a>	4	0	1	4301	4327	65337	north lanarkshire	003
@WeeScottishMamm	<a href="https://twitter.com/WeeScottishMamm" target="_blank">WeeScottishMamm</a>	4	0	1	2642	1251	81868	Scotland	043
@WGaztea	<a href="https://twitter.com/WGaztea" target="_blank">WGaztea</a>	3	0	1	56	67	9433		002
@Whatdoyallmean	<a href="https://twitter.com/Whatdoyallmean" target="_blank">Whatdoyallmean</a>	1	0	1	1455	2298	103790		040
@wigetta4zeuspan	<a href="https://twitter.com/wigetta4zeuspan" target="_blank">wigetta4zeuspan</a>	1	0	1	51	255	1837	Quilicura, Chile	018
@wiljun59	<a href="https://twitter.com/wiljun59" target="_blank">wiljun59</a>	1	0	1	164	171	10020	Glasgow, Scotland	047
@willveloza	<a href="https://twitter.com/willveloza" target="_blank">willveloza</a>	1	0	1	1343	711	27547	Caracas, Venezuela	044
@willygonzalezi	<a href="https://twitter.com/willygonzalezi" target="_blank">willygonzalezi</a>	1	0	1	311	279	4611	El Salvador	010
@WimVanDijck	<a href="https://twitter.com/WimVanDijck" target="_blank">WimVanDijck</a>	0	1	0					316
@wonderanimals	<a href="https://twitter.com/wonderanimals" target="_blank">wonderanimals</a>	2	0	1	703	529	51876	en el alma de la Tierra	010
@WouterAvet	<a href="https://twitter.com/WouterAvet" target="_blank">WouterAvet</a>	1	1	0	2564	4825	25984	Vlaanderen	314
@WPB_VZLA	<a href="https://twitter.com/WPB_VZLA" target="_blank">WPB_VZLA</a>	1	0	1	218	487	16728		044
@wuod_claudy	<a href="https://twitter.com/wuod_claudy" target="_blank">wuod_claudy</a>	1	0	1	20	212	15	Nairobi, Kenya	043
@wwwlarosacat	<a href="https://twitter.com/wwwlarosacat" target="_blank">wwwlarosacat</a>	1	2	0	1492	2017	15179	Catalunya	132
@WXXRDJXV	<a href="https://twitter.com/WXXRDJXV" target="_blank">WXXRDJXV</a>	2	0	1	536	491	41318		192
@xabi7473	<a href="https://twitter.com/xabi7473" target="_blank">xabi7473</a>	2	0	1	126	89	5014	Barcelona, Catalunya	355
@xabiber	<a href="https://twitter.com/xabiber" target="_blank">xabiber</a>	6	0	1	479	509	9392	Euskalherriko nafar estatua	043
@xabimatxino	<a href="https://twitter.com/xabimatxino" target="_blank">xabimatxino</a>	1	0	1	10	43	177	Euskal Herria	321
@xamacoiba	<a href="https://twitter.com/xamacoiba" target="_blank">xamacoiba</a>	1	0	1	983	630	15430	Baleares, Islas Baleares	017
@Xan_AsparuX	<a href="https://twitter.com/Xan_AsparuX" target="_blank">Xan_AsparuX</a>	1	0	1	9	24	38		047
@XansaiSipor	<a href="https://twitter.com/XansaiSipor" target="_blank">XansaiSipor</a>	1	0	1	935	2022	25203	Spain	043
@xarxaindepe	<a href="https://twitter.com/xarxaindepe" target="_blank">xarxaindepe</a>	17	1	0	9529	10468	26080	Catalunya	129
@Xaus82	<a href="https://twitter.com/Xaus82" target="_blank">Xaus82</a>	5	0	2	2072	1928	44883	sant boi de llobregat	037
@Xavi_Costas	<a href="https://twitter.com/Xavi_Costas" target="_blank">Xavi_Costas</a>	4	0	1	118	175	5224		017
@XaviBurgos1	<a href="https://twitter.com/XaviBurgos1" target="_blank">XaviBurgos1</a>	1	0	1	1474	4991	48325	Calonge de Segarra. Cat. PPCC	105
@xavichica	<a href="https://twitter.com/xavichica" target="_blank">xavichica</a>	1	1	0	4163	2397	13527	Santa Coloma de Gramenet, Espanya	312
@xavier_torrens	<a href="https://twitter.com/xavier_torrens" target="_blank">xavier_torrens</a>	11	1	0	27323	29992	25273		311
@Xavier22424248	<a href="https://twitter.com/Xavier22424248" target="_blank">Xavier22424248</a>	1	0	1	3	17	409	Cerdanyola del Vallès, Espanya	010
@XavierGascon	<a href="https://twitter.com/XavierGascon" target="_blank">XavierGascon</a>	5	0	1	294	514	5209		010
@XaviEscufi	<a href="https://twitter.com/XaviEscufi" target="_blank">XaviEscufi</a>	9	0	1	1321	585	72876	Tarragona-Catalunya	101
@XaviPortales	<a href="https://twitter.com/XaviPortales" target="_blank">XaviPortales</a>	27	0	2	1808	1131	92047	Benicàssim	010
@xaviromeo84	<a href="https://twitter.com/xaviromeo84" target="_blank">xaviromeo84</a>	1	0	1	32	51	82		289
@xavisee	<a href="https://twitter.com/xavisee" target="_blank">xavisee</a>	5	0	1	184	220	9530	bcn	010
@xaviterrades	<a href="https://twitter.com/xaviterrades" target="_blank">xaviterrades</a>	2	0	1	383	457	1851	vilafranca del penedès	010
@xavizaragozam	<a href="https://twitter.com/xavizaragozam" target="_blank">xavizaragozam</a>	1	0	1	13	86	1098	Sant Vicenç de Montalt	004
@XBalaguer	<a href="https://twitter.com/XBalaguer" target="_blank">XBalaguer</a>	1	1	0	188	338	1011	Barcelona	313
@xbalaguerbel	<a href="https://twitter.com/xbalaguerbel" target="_blank">xbalaguerbel</a>	1	0	1	532	399	3940	Sabadell, Catalunya	020
@XCarbonell44	<a href="https://twitter.com/XCarbonell44" target="_blank">XCarbonell44</a>	1	0	1	123	123	860	Visca Sitges!	017
@xchimtaki	<a href="https://twitter.com/xchimtaki" target="_blank">xchimtaki</a>	1	0	1	477	212	64887		041
@xDavidLM	<a href="https://twitter.com/xDavidLM" target="_blank">xDavidLM</a>	1	0	1	182	871	4336	Barcelona, Catalunya	010
@xDeiviid	<a href="https://twitter.com/xDeiviid" target="_blank">xDeiviid</a>	1	0	1	327	112	23780	Alicante, Comunidad Valenciana	010
@xellcuyas79	<a href="https://twitter.com/xellcuyas79" target="_blank">xellcuyas79</a>	1	0	1	132	337	270		030
@XeviXevifi2	<a href="https://twitter.com/XeviXevifi2" target="_blank">XeviXevifi2</a>	1	0	1	57	251	351	Mai enlloc, sempre arreu.	010
@xfdezdecastro	<a href="https://twitter.com/xfdezdecastro" target="_blank">xfdezdecastro</a>	1	0	1	1121	150	5438	Barcelona, Spain	036
@xibalba68	<a href="https://twitter.com/xibalba68" target="_blank">xibalba68</a>	1	0	1	550	727	5222		051
@ximenovo	<a href="https://twitter.com/ximenovo" target="_blank">ximenovo</a>	1	0	1	87	177	6135		041
@XingolaUsurbil	<a href="https://twitter.com/XingolaUsurbil" target="_blank">XingolaUsurbil</a>	0	1	0					321
@Xiquein	<a href="https://twitter.com/Xiquein" target="_blank">Xiquein</a>	10	0	1	3095	2225	62481	Girona	069
@Xoanmanuel	<a href="https://twitter.com/Xoanmanuel" target="_blank">Xoanmanuel</a>	1	0	1	350	653	9947	Santiago de Compostela	010
@xomabepo	<a href="https://twitter.com/xomabepo" target="_blank">xomabepo</a>	8	0	1	768	1401	22166		008
@xOnlyOneTruth	<a href="https://twitter.com/xOnlyOneTruth" target="_blank">xOnlyOneTruth</a>	1	0	1	105	79	17451		041
@xrosell1974	<a href="https://twitter.com/xrosell1974" target="_blank">xrosell1974</a>	2	0	1	48	82	5188	Barcelona	017
@XuspyPRZ	<a href="https://twitter.com/XuspyPRZ" target="_blank">XuspyPRZ</a>	1	0	1	204	604	4521	València, Comunitat Valenciana	017
@xwanghoe	<a href="https://twitter.com/xwanghoe" target="_blank">xwanghoe</a>	1	0	1	1668	444	134467	FANXY | 030517 • 050817	041
@xwondervan	<a href="https://twitter.com/xwondervan" target="_blank">xwondervan</a>	1	0	1	1970	598	92201	Chile	041
@yai_59	<a href="https://twitter.com/yai_59" target="_blank">yai_59</a>	1	0	1	777	636	17872	Bilbo, Distrito 4	046
@yakimalalimpia	<a href="https://twitter.com/yakimalalimpia" target="_blank">yakimalalimpia</a>	10	0	2	403	57	11247		013
@Yami_Portela	<a href="https://twitter.com/Yami_Portela" target="_blank">Yami_Portela</a>	1	0	1	124	242	3992	Buenos aires	044
@yaseisasuke	<a href="https://twitter.com/yaseisasuke" target="_blank">yaseisasuke</a>	1	0	1	133	192	6389	Mikasa	041
@yasminapd	<a href="https://twitter.com/yasminapd" target="_blank">yasminapd</a>	1	0	1	1959	519	20944		040
@yelisan03	<a href="https://twitter.com/yelisan03" target="_blank">yelisan03</a>	1	0	1	671	1949	39703	Caracas, Venezuela	077
@yeray2019	<a href="https://twitter.com/yeray2019" target="_blank">yeray2019</a>	1	0	1	110	90	5424		042
@YoCambio20D	<a href="https://twitter.com/YoCambio20D" target="_blank">YoCambio20D</a>	8	0	1	1493	2662	59774	España	004
@yohannan_11	<a href="https://twitter.com/yohannan_11" target="_blank">yohannan_11</a>	1	0	1	88	114	5667		010
@YOLANDABC5	<a href="https://twitter.com/YOLANDABC5" target="_blank">YOLANDABC5</a>	1	0	1	13	32	65		092
@yolipalmi	<a href="https://twitter.com/yolipalmi" target="_blank">yolipalmi</a>	1	0	1	17	97	60	Andorra	010
@yomi1553	<a href="https://twitter.com/yomi1553" target="_blank">yomi1553</a>	7	0	2	199	369	7109	Donostia	010
@Yonfri	<a href="https://twitter.com/Yonfri" target="_blank">Yonfri</a>	7	0	1	703	231	38430	Barcelona	045
@Yonowaaru1	<a href="https://twitter.com/Yonowaaru1" target="_blank">Yonowaaru1</a>	2	0	1	402	104	82861	Apartment 302|ElBarrio|NDS/HB	256
@Yore89	<a href="https://twitter.com/Yore89" target="_blank">Yore89</a>	1	0	1	551	312	68762	Spain, Madrid	045
@yortiz29	<a href="https://twitter.com/yortiz29" target="_blank">yortiz29</a>	3	0	1	63	72	534		273
@yortx76	<a href="https://twitter.com/yortx76" target="_blank">yortx76</a>	1	0	1	64	99	563		003
@YORYO25MD	<a href="https://twitter.com/YORYO25MD" target="_blank">YORYO25MD</a>	21	127	0	739	874	127886	Madrid, Villa Vallecas	017
@yuyu_96	<a href="https://twitter.com/yuyu_96" target="_blank">yuyu_96</a>	1	0	1	388	407	18069	Barcelona	010
@zamu80	<a href="https://twitter.com/zamu80" target="_blank">zamu80</a>	1	0	1	382	1727	22649	Santander, España	040
@zdavalos_	<a href="https://twitter.com/zdavalos_" target="_blank">zdavalos_</a>	3	0	1	73	208	6740		005
@zebsnyc	<a href="https://twitter.com/zebsnyc" target="_blank">zebsnyc</a>	1	0	1	140	865	8842	NYC	047
@zelaiak	<a href="https://twitter.com/zelaiak" target="_blank">zelaiak</a>	2	0	1	310	209	8596		002
@ZiperVic81	<a href="https://twitter.com/ZiperVic81" target="_blank">ZiperVic81</a>	8	0	1	247	708	7901	Vic-Bcn	004
@ziuziole	<a href="https://twitter.com/ziuziole" target="_blank">ziuziole</a>	2	1	0	72	165	426	Catalunya	296
@zobseque	<a href="https://twitter.com/zobseque" target="_blank">zobseque</a>	1	0	1	59	278	4914		049
@zonexCS	<a href="https://twitter.com/zonexCS" target="_blank">zonexCS</a>	1	3	1	462	66	562	Blanes, Catalunya.	003
@Zortzi1	<a href="https://twitter.com/Zortzi1" target="_blank">Zortzi1</a>	1	0	1	48	116	3408		090
@Zulero23	<a href="https://twitter.com/Zulero23" target="_blank">Zulero23</a>	1	0	1	3	9	163		018
@zzz8600444	<a href="https://twitter.com/zzz8600444" target="_blank">zzz8600444</a>	1	0	1	659	1105	17915		268
