name	link	tuits	retuits	rteados	followers	following	status	location	Walktrap
@____gorgeousme_	<a href="https://twitter.com/____gorgeousme_" target="_blank">____gorgeousme_</a>	1	0	1	78	2289	1399	Detroit	006
@____shaine	<a href="https://twitter.com/____shaine" target="_blank">____shaine</a>	1	0	1	51	1450	1337	Swallow Falls ChewandSwallow	006
@__BeDatPrettyMf	<a href="https://twitter.com/__BeDatPrettyMf" target="_blank">__BeDatPrettyMf</a>	1	0	1	76	2294	1230		006
@__Elnora778x	<a href="https://twitter.com/__Elnora778x" target="_blank">__Elnora778x</a>	1	0	1	73	2280	1273	USA, Missouri	006
@__RCHS__	<a href="https://twitter.com/__RCHS__" target="_blank">__RCHS__</a>	1	0	1	58	2286	1417	texas	006
@_4yeShe_Badd	<a href="https://twitter.com/_4yeShe_Badd" target="_blank">_4yeShe_Badd</a>	1	0	1	59	62	7356	W33D(:	006
@_6everMoments	<a href="https://twitter.com/_6everMoments" target="_blank">_6everMoments</a>	1	0	1	91	2318	1501	Pierce County, WA	006
@_BarbaraVC	<a href="https://twitter.com/_BarbaraVC" target="_blank">_BarbaraVC</a>	2	0	1	97	226	1810	Barcelona	001
@_BeautyDeflneME	<a href="https://twitter.com/_BeautyDeflneME" target="_blank">_BeautyDeflneME</a>	1	0	1	69	877	7425	Brooklyn,Ny	006
@_buddyiEE_	<a href="https://twitter.com/_buddyiEE_" target="_blank">_buddyiEE_</a>	1	0	1	104	57	7398	Loungin' in the void...	006
@_ccsllm	<a href="https://twitter.com/_ccsllm" target="_blank">_ccsllm</a>	1	0	1	97	63	7200	SCAD17	006
@_DarwinPZ	<a href="https://twitter.com/_DarwinPZ" target="_blank">_DarwinPZ</a>	26	1	0	3958	298	126359	🇨🇴	111
@_DlANAGARCiA_	<a href="https://twitter.com/_DlANAGARCiA_" target="_blank">_DlANAGARCiA_</a>	1	0	1	72	106	7178	SAN GABRIEL VALLEY, CALI	006
@_GreatUnwashed	<a href="https://twitter.com/_GreatUnwashed" target="_blank">_GreatUnwashed</a>	21	1	0	19186	9991	69078	Cascadia	112
@_Irenemazaira_	<a href="https://twitter.com/_Irenemazaira_" target="_blank">_Irenemazaira_</a>	9	0	1	5	42	51		007
@_isra23	<a href="https://twitter.com/_isra23" target="_blank">_isra23</a>	2	0	1	101	219	5121	Barcelona, Catalunya	035
@_Jass_Monlque	<a href="https://twitter.com/_Jass_Monlque" target="_blank">_Jass_Monlque</a>	1	0	1	63	68	7239	Houston tx	006
@_MahonelsStar_	<a href="https://twitter.com/_MahonelsStar_" target="_blank">_MahonelsStar_</a>	1	0	1	59	472	7107	Made In Florida	006
@_xMuah_lLoveYOU	<a href="https://twitter.com/_xMuah_lLoveYOU" target="_blank">_xMuah_lLoveYOU</a>	1	0	1	69	84	7315	Somewhere Eating Fries	006
@00lightwoodia	<a href="https://twitter.com/00lightwoodia" target="_blank">00lightwoodia</a>	1	0	1	325	1251	11234	Sitges	003
@0SOS_SavedUsAll	<a href="https://twitter.com/0SOS_SavedUsAll" target="_blank">0SOS_SavedUsAll</a>	1	0	1	60	72	7482	||Ruby||	006
@10_In_A_Row	<a href="https://twitter.com/10_In_A_Row" target="_blank">10_In_A_Row</a>	1	0	1	3928	3722	53178	at paradise	020
@11jordi	<a href="https://twitter.com/11jordi" target="_blank">11jordi</a>	2	2	0	205	856	1034		004
@1denmadrid	<a href="https://twitter.com/1denmadrid" target="_blank">1denmadrid</a>	20	0	1	1540	276	394105	Madrid, Colombia	086
@1ftfirst	<a href="https://twitter.com/1ftfirst" target="_blank">1ftfirst</a>	1	0	1	124	2289	1312	Detroit	006
@1Recluta_Patoso	<a href="https://twitter.com/1Recluta_Patoso" target="_blank">1Recluta_Patoso</a>	0	2	0					039
@2C6LEW6RLD2	<a href="https://twitter.com/2C6LEW6RLD2" target="_blank">2C6LEW6RLD2</a>	1	0	1	51	92	7126	Columbus	006
@4BC_Carpet	<a href="https://twitter.com/4BC_Carpet" target="_blank">4BC_Carpet</a>	1	0	1	65	88	7299	ÜT: 40.754741,-73.971868	006
@4bekaaa	<a href="https://twitter.com/4bekaaa" target="_blank">4bekaaa</a>	1	0	1	73	115	7335		006
@4NOVACAIN3	<a href="https://twitter.com/4NOVACAIN3" target="_blank">4NOVACAIN3</a>	1	0	1	44	61	5286	BYSM! BATON ROUGE	006
@4shTBH	<a href="https://twitter.com/4shTBH" target="_blank">4shTBH</a>	1	0	1	72	91	7159		006
@5nd_may_fight	<a href="https://twitter.com/5nd_may_fight" target="_blank">5nd_may_fight</a>	1	0	1	64	2292	1230	United States	006
@738_matt	<a href="https://twitter.com/738_matt" target="_blank">738_matt</a>	1	0	1	82	2239	1438	Stillwater	006
@7clemsonfan	<a href="https://twitter.com/7clemsonfan" target="_blank">7clemsonfan</a>	1	0	1	101	497	7318	Marion Virginia	006
@8_BeContiinued	<a href="https://twitter.com/8_BeContiinued" target="_blank">8_BeContiinued</a>	1	0	1	69	74	7413	Coolinn' At The Top	006
@9davidgrau	<a href="https://twitter.com/9davidgrau" target="_blank">9davidgrau</a>	2	1	0	653	843	8626	CATALUNYA	061
@A_Pr0tti_Chiq	<a href="https://twitter.com/A_Pr0tti_Chiq" target="_blank">A_Pr0tti_Chiq</a>	1	0	1	67	687	7161	Ruleville and Columbus	006
@a7f2c30d3ef9454	<a href="https://twitter.com/a7f2c30d3ef9454" target="_blank">a7f2c30d3ef9454</a>	1	0	1	2	21	18		004
@aaaarondc	<a href="https://twitter.com/aaaarondc" target="_blank">aaaarondc</a>	1	0	1	448	472	27667	Seattle, Wa	011
@aaron_hewiett	<a href="https://twitter.com/aaron_hewiett" target="_blank">aaron_hewiett</a>	1	0	1	307	104	7929		006
@abigailkendall7	<a href="https://twitter.com/abigailkendall7" target="_blank">abigailkendall7</a>	1	0	1	71	2268	1302	new jersey	006
@AbigailRFord374	<a href="https://twitter.com/AbigailRFord374" target="_blank">AbigailRFord374</a>	1	0	1	47	2284	1195	Maine	006
@adaiasand	<a href="https://twitter.com/adaiasand" target="_blank">adaiasand</a>	1	0	1	3	32	41		098
@ADecroissance	<a href="https://twitter.com/ADecroissance" target="_blank">ADecroissance</a>	1	7	0	5905	1930	30780	local to global	013
@Adelineig99	<a href="https://twitter.com/Adelineig99" target="_blank">Adelineig99</a>	1	0	1	390	1918	8237	La Serena, Chile	006
@adithloandella	<a href="https://twitter.com/adithloandella" target="_blank">adithloandella</a>	1	0	1	60	2277	1245		006
@adrianrbravo	<a href="https://twitter.com/adrianrbravo" target="_blank">adrianrbravo</a>	1	1	0	1960	1636	46811	Teis, Vigo - Galiza	001
@adrigs95	<a href="https://twitter.com/adrigs95" target="_blank">adrigs95</a>	1	0	1	94	101	203		012
@AFIMPAVE	<a href="https://twitter.com/AFIMPAVE" target="_blank">AFIMPAVE</a>	2	0	2	148	111	10753		048
@Agent_379_	<a href="https://twitter.com/Agent_379_" target="_blank">Agent_379_</a>	1	0	1	46	1859	1340	Colorado 3	006
@agurain77	<a href="https://twitter.com/agurain77" target="_blank">agurain77</a>	1	0	1	74	320	527	Donostia- Euskal Herria	009
@AhoyyAngeil	<a href="https://twitter.com/AhoyyAngeil" target="_blank">AhoyyAngeil</a>	1	0	1	73	1598	7296	☯Don't Worry About It☯	006
@aicatworld	<a href="https://twitter.com/aicatworld" target="_blank">aicatworld</a>	1	0	1	84	1649	7331	Florida	006
@ainara_oto	<a href="https://twitter.com/ainara_oto" target="_blank">ainara_oto</a>	1	0	1	69	75	455	Pamplona, Iruñea	014
@aitana_rc	<a href="https://twitter.com/aitana_rc" target="_blank">aitana_rc</a>	1	0	1	121	204	2115	Leganés, España	026
@aiytrombley	<a href="https://twitter.com/aiytrombley" target="_blank">aiytrombley</a>	1	0	1	54	2260	1168	wisconsin	006
@Ajb438Bell	<a href="https://twitter.com/Ajb438Bell" target="_blank">Ajb438Bell</a>	1	0	1	55	1551	1411	Flagstaff	006
@AjenjoDani	<a href="https://twitter.com/AjenjoDani" target="_blank">AjenjoDani</a>	1	0	1	897	1558	1907		007
@AjLeeBrooks5	<a href="https://twitter.com/AjLeeBrooks5" target="_blank">AjLeeBrooks5</a>	1	0	1	62	2281	1263	Raccoon City	006
@AKPescat0re	<a href="https://twitter.com/AKPescat0re" target="_blank">AKPescat0re</a>	1	0	1	66	41	7506	Baltimore	006
@Alan_martinez64	<a href="https://twitter.com/Alan_martinez64" target="_blank">Alan_martinez64</a>	1	0	1	62	57	7145	new york	006
@alayiskenevleri	<a href="https://twitter.com/alayiskenevleri" target="_blank">alayiskenevleri</a>	1	0	1	180	264	3114		052
@Albaa_riicoque	<a href="https://twitter.com/Albaa_riicoque" target="_blank">Albaa_riicoque</a>	1	0	1	1545	1780	80164		007
@albaax95	<a href="https://twitter.com/albaax95" target="_blank">albaax95</a>	1	0	1	1400	784	3452	Barcelona, Catalunya	012
@albertodiaznsb	<a href="https://twitter.com/albertodiaznsb" target="_blank">albertodiaznsb</a>	2	0	1	488	497	6354	Malpartida de Cáceres// CC	007
@albertsecall	<a href="https://twitter.com/albertsecall" target="_blank">albertsecall</a>	0	1	0					105
@alee_dvl	<a href="https://twitter.com/alee_dvl" target="_blank">alee_dvl</a>	1	0	1	320	424	7147	pancorbo,mde,torrevieja	007
@aleexpolo_	<a href="https://twitter.com/aleexpolo_" target="_blank">aleexpolo_</a>	1	0	1	58	75	131	Euskadi, Espainia	014
@alexbarcelona71	<a href="https://twitter.com/alexbarcelona71" target="_blank">alexbarcelona71</a>	1	0	1	430	426	8468	Barcelona	019
@AlexisMayet	<a href="https://twitter.com/AlexisMayet" target="_blank">AlexisMayet</a>	0	1	0					099
@alexmiquel	<a href="https://twitter.com/alexmiquel" target="_blank">alexmiquel</a>	7	2	0	4604	5001	11458	Barcelona, Catalonia, Europe	043
@AlexToRemember_	<a href="https://twitter.com/AlexToRemember_" target="_blank">AlexToRemember_</a>	1	1	0	652	269	51005	Alcorcón is not spain	086
@AlfaSchz	<a href="https://twitter.com/AlfaSchz" target="_blank">AlfaSchz</a>	1	1	0	1199	829	4802	BCN	033
@Algonfdez	<a href="https://twitter.com/Algonfdez" target="_blank">Algonfdez</a>	15	0	1	3291	4998	545375		016
@AliAroundCop	<a href="https://twitter.com/AliAroundCop" target="_blank">AliAroundCop</a>	1	0	1	53	2284	1303		006
@alice_17rme	<a href="https://twitter.com/alice_17rme" target="_blank">alice_17rme</a>	1	0	1	378	324	22708	Mi camita	007
@alicekcornlsh	<a href="https://twitter.com/alicekcornlsh" target="_blank">alicekcornlsh</a>	1	0	1	45	1422	1255	New york	006
@AliCologne	<a href="https://twitter.com/AliCologne" target="_blank">AliCologne</a>	0	1	0					071
@Alli_J_Brooks	<a href="https://twitter.com/Alli_J_Brooks" target="_blank">Alli_J_Brooks</a>	1	0	1	337	559	5834	Tal-y-Bont, Ceredigion, Wales	008
@Alll_Christie	<a href="https://twitter.com/Alll_Christie" target="_blank">Alll_Christie</a>	1	0	1	79	1739	7173	Chicago, IL	006
@AlSondel23_	<a href="https://twitter.com/AlSondel23_" target="_blank">AlSondel23_</a>	2	0	1	3740	996	165391		020
@amandaelkins71	<a href="https://twitter.com/amandaelkins71" target="_blank">amandaelkins71</a>	1	0	1	74	2313	1299	United States	006
@amandamarlew	<a href="https://twitter.com/amandamarlew" target="_blank">amandamarlew</a>	1	0	1	67	78	7308	Mobile, AL	006
@AmeliaAber	<a href="https://twitter.com/AmeliaAber" target="_blank">AmeliaAber</a>	4	0	1	1613	2348	77690	ABERYSTWYTH	008
@amlrighteousnow	<a href="https://twitter.com/amlrighteousnow" target="_blank">amlrighteousnow</a>	1	0	1	68	61	7338	in the 99%	006
@amoxxle	<a href="https://twitter.com/amoxxle" target="_blank">amoxxle</a>	1	0	1	53	2217	1208	USA	006
@AmySleepAllways	<a href="https://twitter.com/AmySleepAllways" target="_blank">AmySleepAllways</a>	1	0	1	75	154	4899		059
@ana_alarcon4	<a href="https://twitter.com/ana_alarcon4" target="_blank">ana_alarcon4</a>	1	0	1	141	156	3096	Puerto de Mazarron, Murcia	007
@anabele1983	<a href="https://twitter.com/anabele1983" target="_blank">anabele1983</a>	1	0	1	96	347	754		105
@anamforce	<a href="https://twitter.com/anamforce" target="_blank">anamforce</a>	1	0	1	5	26	572		007
@anatyepes932	<a href="https://twitter.com/anatyepes932" target="_blank">anatyepes932</a>	1	0	1	53	2266	1194		006
@ANC_SHS	<a href="https://twitter.com/ANC_SHS" target="_blank">ANC_SHS</a>	0	1	0					067
@ANCBaix	<a href="https://twitter.com/ANCBaix" target="_blank">ANCBaix</a>	6	0	1	4842	5041	14247	Baix Llobregat - Catalunya	030
@aneelio_29	<a href="https://twitter.com/aneelio_29" target="_blank">aneelio_29</a>	1	0	1	97	2271	1463		006
@Angela_1723	<a href="https://twitter.com/Angela_1723" target="_blank">Angela_1723</a>	2	0	1	228	533	7985		025
@angelbarbara___	<a href="https://twitter.com/angelbarbara___" target="_blank">angelbarbara___</a>	2	0	1	76	2259	1196		006
@Angelep95	<a href="https://twitter.com/Angelep95" target="_blank">Angelep95</a>	1	0	1	315	1903	8351	40.884037,-73.898281	006
@angelsmcastells	<a href="https://twitter.com/angelsmcastells" target="_blank">angelsmcastells</a>	11	1	0	11276	2250	70786	Barcelona	064
@AngleCaplette	<a href="https://twitter.com/AngleCaplette" target="_blank">AngleCaplette</a>	1	0	1	166	90	7101	Hardy, VA	006
@annaaserra	<a href="https://twitter.com/annaaserra" target="_blank">annaaserra</a>	1	0	1	675	416	46844		012
@AnnaEastwood_96	<a href="https://twitter.com/AnnaEastwood_96" target="_blank">AnnaEastwood_96</a>	0	2	0					044
@annaesru	<a href="https://twitter.com/annaesru" target="_blank">annaesru</a>	1	0	1	4	27	216		073
@Annie_Weber58	<a href="https://twitter.com/Annie_Weber58" target="_blank">Annie_Weber58</a>	1	0	1	73	2241	1286	Florida	006
@annunziata07	<a href="https://twitter.com/annunziata07" target="_blank">annunziata07</a>	0	1	0					058
@Annyllmes	<a href="https://twitter.com/Annyllmes" target="_blank">Annyllmes</a>	1	0	1	72	1786	7142	Iowa	006
@anpelydraws	<a href="https://twitter.com/anpelydraws" target="_blank">anpelydraws</a>	2	0	1	392	526	7630	Magnolia, Fiore	019
@anpricor5	<a href="https://twitter.com/anpricor5" target="_blank">anpricor5</a>	1	0	1	1432	1752	120741	bogota	001
@anseal64	<a href="https://twitter.com/anseal64" target="_blank">anseal64</a>	1	0	1	381	1052	9046	Estado Divergente	007
@AntonioPerezSFC	<a href="https://twitter.com/AntonioPerezSFC" target="_blank">AntonioPerezSFC</a>	1	0	1	2485	896	24032	Entre Murcia y Sevilla	007
@AprilDawn0988	<a href="https://twitter.com/AprilDawn0988" target="_blank">AprilDawn0988</a>	1	0	1	71	1520	1381	Knoxville, TN	006
@AresMelgar	<a href="https://twitter.com/AresMelgar" target="_blank">AresMelgar</a>	1	0	1	8	22	169		001
@Aricasb87	<a href="https://twitter.com/Aricasb87" target="_blank">Aricasb87</a>	1	0	1	408	1905	8243	Milwaukee, WI	006
@arnau_llambrich	<a href="https://twitter.com/arnau_llambrich" target="_blank">arnau_llambrich</a>	4	0	1	244	443	1016	la selva del camp	095
@Arnoguen	<a href="https://twitter.com/Arnoguen" target="_blank">Arnoguen</a>	1	0	1	29	124	770		094
@artworkl4rry	<a href="https://twitter.com/artworkl4rry" target="_blank">artworkl4rry</a>	5	0	1	228	229	8872	Barcelona	007
@arytzam	<a href="https://twitter.com/arytzam" target="_blank">arytzam</a>	5	8	0	1518	995	34197	Euskal Errepublika	012
@asaham0d	<a href="https://twitter.com/asaham0d" target="_blank">asaham0d</a>	1	0	1	1203	128	2338		006
@AsambleaCC	<a href="https://twitter.com/AsambleaCC" target="_blank">AsambleaCC</a>	0	3	0					025
@AsambleaUEx	<a href="https://twitter.com/AsambleaUEx" target="_blank">AsambleaUEx</a>	1	0	1	2240	25	4005	Badajoz	025
@ash_morgan10	<a href="https://twitter.com/ash_morgan10" target="_blank">ash_morgan10</a>	1	0	1	64	2257	1297	Virginia	006
@AshleyNazario09	<a href="https://twitter.com/AshleyNazario09" target="_blank">AshleyNazario09</a>	1	0	1	58	91	7359	Sitting on top of the world	006
@asier_snchez	<a href="https://twitter.com/asier_snchez" target="_blank">asier_snchez</a>	1	0	1	133	162	2930	Basauri, EUSKAL HERRIA.	037
@AsierBerrocal17	<a href="https://twitter.com/AsierBerrocal17" target="_blank">AsierBerrocal17</a>	1	0	1	7	46	153	Alicante, España	007
@AssembleaValls	<a href="https://twitter.com/AssembleaValls" target="_blank">AssembleaValls</a>	7	1	0	2443	2054	7390	Valls, Països Catalans	088
@associatloninc	<a href="https://twitter.com/associatloninc" target="_blank">associatloninc</a>	1	0	1	78	2279	1272	Alexandria, VA	006
@ATorresGabriela	<a href="https://twitter.com/ATorresGabriela" target="_blank">ATorresGabriela</a>	0	1	0					087
@Aurivis	<a href="https://twitter.com/Aurivis" target="_blank">Aurivis</a>	10	0	3	1456	453	42773	#DEPTrotsky #NoT'oblidaréMai	002
@Austin_288	<a href="https://twitter.com/Austin_288" target="_blank">Austin_288</a>	1	0	1	50	2269	1169	Ohio	006
@AveSteei	<a href="https://twitter.com/AveSteei" target="_blank">AveSteei</a>	1	0	1	89	2255	1264	Charlotte • Tuscaloosa	006
@avldnostalgic	<a href="https://twitter.com/avldnostalgic" target="_blank">avldnostalgic</a>	1	0	1	63	49	7193	EDM and Craft Beer	006
@awllvur	<a href="https://twitter.com/awllvur" target="_blank">awllvur</a>	1	0	1	85	2292	1238	Chicago	006
@azpen_p0nce	<a href="https://twitter.com/azpen_p0nce" target="_blank">azpen_p0nce</a>	1	0	1	52	93	5248	Moline, IL	006
@B3nFuss	<a href="https://twitter.com/B3nFuss" target="_blank">B3nFuss</a>	1	0	1	61	858	7290	Brockport, NY	006
@BA_Bass26	<a href="https://twitter.com/BA_Bass26" target="_blank">BA_Bass26</a>	1	0	1	69	50	7101	fair grove, missouri	006
@BabyLex68	<a href="https://twitter.com/BabyLex68" target="_blank">BabyLex68</a>	1	0	1	61	2262	1242		006
@badat0b	<a href="https://twitter.com/badat0b" target="_blank">badat0b</a>	1	0	1	70	2270	1204	Texas	006
@Barakaldo1917	<a href="https://twitter.com/Barakaldo1917" target="_blank">Barakaldo1917</a>	1	0	1	572	1680	41934		066
@barbaraqagnew87	<a href="https://twitter.com/barbaraqagnew87" target="_blank">barbaraqagnew87</a>	1	0	1	105	2236	1355		006
@bark0tatyen	<a href="https://twitter.com/bark0tatyen" target="_blank">bark0tatyen</a>	1	0	1	63	58	7319	Saint-Petersburg	006
@BasaurikoJaiak	<a href="https://twitter.com/BasaurikoJaiak" target="_blank">BasaurikoJaiak</a>	0	2	0					037
@BasFina	<a href="https://twitter.com/BasFina" target="_blank">BasFina</a>	6	0	2	29	87	533		074
@batecslliures	<a href="https://twitter.com/batecslliures" target="_blank">batecslliures</a>	7	0	2	78	149	7156	Catalunya	004
@BcnCatEu	<a href="https://twitter.com/BcnCatEu" target="_blank">BcnCatEu</a>	7	0	1	394	1054	12465	Barri gòtic	100
@bealab79	<a href="https://twitter.com/bealab79" target="_blank">bealab79</a>	4	0	1	61	336	794		038
@BEERGAMBINO531	<a href="https://twitter.com/BEERGAMBINO531" target="_blank">BEERGAMBINO531</a>	1	0	1	75	2230	1268	stay positive	006
@bekks_books	<a href="https://twitter.com/bekks_books" target="_blank">bekks_books</a>	1	0	1	137	287	1584		071
@BenetBeca	<a href="https://twitter.com/BenetBeca" target="_blank">BenetBeca</a>	3	0	1	4235	3821	84369	La Roca del Valles, Barcelona	044
@Benjaminovitz	<a href="https://twitter.com/Benjaminovitz" target="_blank">Benjaminovitz</a>	1	0	1	257	189	1265		011
@bestbellevemee	<a href="https://twitter.com/bestbellevemee" target="_blank">bestbellevemee</a>	1	0	1	57	477	7425	somewhere in your dreams.	006
@bethan_wil	<a href="https://twitter.com/bethan_wil" target="_blank">bethan_wil</a>	1	0	1	533	276	2017	Eglwyswrw	008
@Bettieki97	<a href="https://twitter.com/Bettieki97" target="_blank">Bettieki97</a>	1	0	1	348	1905	8095		006
@Bettyannwl31	<a href="https://twitter.com/Bettyannwl31" target="_blank">Bettyannwl31</a>	1	0	1	414	1910	8218		006
@BiameMyGenes	<a href="https://twitter.com/BiameMyGenes" target="_blank">BiameMyGenes</a>	1	0	1	74	2294	1340	Hattiesburg, MS	006
@bieber_709	<a href="https://twitter.com/bieber_709" target="_blank">bieber_709</a>	1	0	1	50	73	7219		006
@BIGGUAPBOYS8	<a href="https://twitter.com/BIGGUAPBOYS8" target="_blank">BIGGUAPBOYS8</a>	1	0	1	56	2287	1198		006
@bigrumph74	<a href="https://twitter.com/bigrumph74" target="_blank">bigrumph74</a>	1	0	1	52	99	7288	TX/FL	006
@BkiynBlAckk	<a href="https://twitter.com/BkiynBlAckk" target="_blank">BkiynBlAckk</a>	1	0	1	57	724	7135	Bedstuy, Brooklyn	006
@BlackShELF13	<a href="https://twitter.com/BlackShELF13" target="_blank">BlackShELF13</a>	1	0	1	191	117	9887	En el lunar de Taehyung	001
@BlancaKarmen	<a href="https://twitter.com/BlancaKarmen" target="_blank">BlancaKarmen</a>	1	0	1	628	647	1562		001
@blancrougebleu	<a href="https://twitter.com/blancrougebleu" target="_blank">blancrougebleu</a>	2	0	1	157	1092	8272		013
@BlindedByLove78	<a href="https://twitter.com/BlindedByLove78" target="_blank">BlindedByLove78</a>	1	0	1	79	82	7319	Topeka, Kansas	006
@bllabraces	<a href="https://twitter.com/bllabraces" target="_blank">bllabraces</a>	1	0	1	70	65	7154	WA	006
@blmarusela	<a href="https://twitter.com/blmarusela" target="_blank">blmarusela</a>	1	0	1	46	845	5175	Find me!	006
@BloodRaven060	<a href="https://twitter.com/BloodRaven060" target="_blank">BloodRaven060</a>	1	0	1	79	869	7418	In Your Deepest NightMares	006
@blrdsfollow	<a href="https://twitter.com/blrdsfollow" target="_blank">blrdsfollow</a>	1	0	1	51	490	7421	Orlando, Florida	006
@Boe_Tle	<a href="https://twitter.com/Boe_Tle" target="_blank">Boe_Tle</a>	1	0	1	72	80	7103	Wherever this life takes me	006
@Bonifacia3	<a href="https://twitter.com/Bonifacia3" target="_blank">Bonifacia3</a>	1	0	1	218	258	7287	MADRID	007
@Bonlta_Faith	<a href="https://twitter.com/Bonlta_Faith" target="_blank">Bonlta_Faith</a>	1	0	1	78	50	7434	Texas	006
@BooglMel	<a href="https://twitter.com/BooglMel" target="_blank">BooglMel</a>	1	0	1	88	2262	1231	ATL	006
@BoomBenls	<a href="https://twitter.com/BoomBenls" target="_blank">BoomBenls</a>	1	0	1	54	82	7149	NC	006
@BorxaGC	<a href="https://twitter.com/BorxaGC" target="_blank">BorxaGC</a>	14	0	1	838	1958	15274	Pontevedra, Galiza	031
@Boukeeiynn	<a href="https://twitter.com/Boukeeiynn" target="_blank">Boukeeiynn</a>	1	0	1	75	2376	1405	ohio	006
@bowenrich	<a href="https://twitter.com/bowenrich" target="_blank">bowenrich</a>	1	0	1	77	440	233	london and elsewhere	008
@Br0wnEye_Shawty	<a href="https://twitter.com/Br0wnEye_Shawty" target="_blank">Br0wnEye_Shawty</a>	1	0	1	50	732	5156	Western Kentucky University	006
@bradwhltcomb	<a href="https://twitter.com/bradwhltcomb" target="_blank">bradwhltcomb</a>	1	0	1	94	2232	1380	Seattle, WA	006
@brentobeil	<a href="https://twitter.com/brentobeil" target="_blank">brentobeil</a>	1	0	1	69	1671	7264	$$$ Jack Dail $$$	006
@BrlanBizCom	<a href="https://twitter.com/BrlanBizCom" target="_blank">BrlanBizCom</a>	1	0	1	60	2256	1429	Denver, CO	006
@brlsseisalice	<a href="https://twitter.com/brlsseisalice" target="_blank">brlsseisalice</a>	1	0	1	65	103	7300	Flying Dutchman	006
@BROMPs2lx	<a href="https://twitter.com/BROMPs2lx" target="_blank">BROMPs2lx</a>	1	0	1	0	41	38		041
@brookiynand_me	<a href="https://twitter.com/brookiynand_me" target="_blank">brookiynand_me</a>	1	0	1	54	448	5239	Brooklyn, NY	006
@brown0356	<a href="https://twitter.com/brown0356" target="_blank">brown0356</a>	1	0	1	341	133	7797		006
@Bryannamw09	<a href="https://twitter.com/Bryannamw09" target="_blank">Bryannamw09</a>	1	0	1	459	1914	8333	Dubai	006
@budcarp939	<a href="https://twitter.com/budcarp939" target="_blank">budcarp939</a>	1	0	1	75	2251	1443	CWA Local 6312/ AT&T	006
@BulckensGeert	<a href="https://twitter.com/BulckensGeert" target="_blank">BulckensGeert</a>	3	0	1	7	155	1253		068
@BuongiornoLivor	<a href="https://twitter.com/BuongiornoLivor" target="_blank">BuongiornoLivor</a>	0	1	0					085
@bush__keri	<a href="https://twitter.com/bush__keri" target="_blank">bush__keri</a>	1	0	1	48	1323	1414	Ohio	006
@Busquets_896	<a href="https://twitter.com/Busquets_896" target="_blank">Busquets_896</a>	1	1	0	84	73	196	Alguaire (Lleida)	004
@BusquetsAlex	<a href="https://twitter.com/BusquetsAlex" target="_blank">BusquetsAlex</a>	1	0	1	137	297	6127	Barcelona	043
@BwayRlghtNow	<a href="https://twitter.com/BwayRlghtNow" target="_blank">BwayRlghtNow</a>	1	0	1	84	1324	7318	New York, New York	006
@bxtulsallbrary	<a href="https://twitter.com/bxtulsallbrary" target="_blank">bxtulsallbrary</a>	1	0	1	47	1662	1357	Bixby, OK	006
@C0urtneyPett	<a href="https://twitter.com/C0urtneyPett" target="_blank">C0urtneyPett</a>	1	0	1	59	2284	1196	Brick, NJ	006
@C4mKushh	<a href="https://twitter.com/C4mKushh" target="_blank">C4mKushh</a>	1	0	1	78	121	7313		006
@caeiebbosscher	<a href="https://twitter.com/caeiebbosscher" target="_blank">caeiebbosscher</a>	1	0	1	63	1654	7287	ÜT: 26.282516,-81.751837	006
@CailinMarie43	<a href="https://twitter.com/CailinMarie43" target="_blank">CailinMarie43</a>	1	0	1	76	2267	1423	Florida!!	006
@calcosares	<a href="https://twitter.com/calcosares" target="_blank">calcosares</a>	0	10	0					001
@CaltyONeil	<a href="https://twitter.com/CaltyONeil" target="_blank">CaltyONeil</a>	1	0	1	93	1789	7371	Connecticut	006
@CandledDream	<a href="https://twitter.com/CandledDream" target="_blank">CandledDream</a>	1	0	1	71	41	7468	loveland...aka Louisiana	006
@canyas8	<a href="https://twitter.com/canyas8" target="_blank">canyas8</a>	0	3	0					023
@Carla_Ales	<a href="https://twitter.com/Carla_Ales" target="_blank">Carla_Ales</a>	1	0	1	728	1198	17785	Madrid. España. Mundo.	001
@CarladelCampo13	<a href="https://twitter.com/CarladelCampo13" target="_blank">CarladelCampo13</a>	5	0	1	16	60	2406	Barcelona, Espanya	001
@carlavall	<a href="https://twitter.com/carlavall" target="_blank">carlavall</a>	0	3	0					026
@Carles_Rico	<a href="https://twitter.com/Carles_Rico" target="_blank">Carles_Rico</a>	0	2	0					002
@carlesdomingo	<a href="https://twitter.com/carlesdomingo" target="_blank">carlesdomingo</a>	1	1	0	316	112	1617	barcelona	034
@Carlespinone	<a href="https://twitter.com/Carlespinone" target="_blank">Carlespinone</a>	3	1	0	150	244	970	Catalunya	027
@Carlos__K	<a href="https://twitter.com/Carlos__K" target="_blank">Carlos__K</a>	0	1	0					096
@carlos99sm	<a href="https://twitter.com/carlos99sm" target="_blank">carlos99sm</a>	1	0	1	212	274	2979	Getafe, Madrid	007
@CarlosMorenoFr	<a href="https://twitter.com/CarlosMorenoFr" target="_blank">CarlosMorenoFr</a>	0	1	0					094
@CarlotaMarzo	<a href="https://twitter.com/CarlotaMarzo" target="_blank">CarlotaMarzo</a>	0	1	0					091
@carmealba1	<a href="https://twitter.com/carmealba1" target="_blank">carmealba1</a>	7	0	1	544	625	15362		103
@Carmela15MA	<a href="https://twitter.com/Carmela15MA" target="_blank">Carmela15MA</a>	1	0	1	381	625	8567	A coruña	031
@CarmeSaorin	<a href="https://twitter.com/CarmeSaorin" target="_blank">CarmeSaorin</a>	6	0	2	134	501	1032	Barcelona	033
@carolinekvitter	<a href="https://twitter.com/carolinekvitter" target="_blank">carolinekvitter</a>	1	0	1	1446	790	97116	Stockholm, Sweden	088
@Carutelam	<a href="https://twitter.com/Carutelam" target="_blank">Carutelam</a>	2	0	1	2044	1799	86131		013
@CaslanoBrandon	<a href="https://twitter.com/CaslanoBrandon" target="_blank">CaslanoBrandon</a>	1	0	1	78	2311	1441	California	006
@catalan_knight	<a href="https://twitter.com/catalan_knight" target="_blank">catalan_knight</a>	2	0	2	6	65	153		001
@cbosch16	<a href="https://twitter.com/cbosch16" target="_blank">cbosch16</a>	2	1	0	178	446	1137	Barcelona, Catalunya	002
@ccid78	<a href="https://twitter.com/ccid78" target="_blank">ccid78</a>	1	0	1	366	386	748	Reus, Spain	106
@celsopastrana	<a href="https://twitter.com/celsopastrana" target="_blank">celsopastrana</a>	0	4	0					019
@cflaher03	<a href="https://twitter.com/cflaher03" target="_blank">cflaher03</a>	1	0	1	54	63	7115	Wisconsin	006
@cgall688	<a href="https://twitter.com/cgall688" target="_blank">cgall688</a>	1	0	1	57	544	7396	louisville, Ky	006
@chakie51	<a href="https://twitter.com/chakie51" target="_blank">chakie51</a>	4	0	1	1701	2990	44147	costa daurada	001
@chalr_ru_T	<a href="https://twitter.com/chalr_ru_T" target="_blank">chalr_ru_T</a>	1	0	1	57	861	7390	Memphis, TN	006
@ChaneiCarpenter	<a href="https://twitter.com/ChaneiCarpenter" target="_blank">ChaneiCarpenter</a>	1	0	1	61	58	7307	Pride Rock	006
@charlescolgao	<a href="https://twitter.com/charlescolgao" target="_blank">charlescolgao</a>	1	0	1	295	426	3776	Entre Sevilla e Isengard	015
@charlie_chino	<a href="https://twitter.com/charlie_chino" target="_blank">charlie_chino</a>	1	0	1	6222	6249	7914	Lima, Peru	032
@CharlieCronin3	<a href="https://twitter.com/CharlieCronin3" target="_blank">CharlieCronin3</a>	1	0	1	67	1661	6971	IOWA	006
@CharlyeArias	<a href="https://twitter.com/CharlyeArias" target="_blank">CharlyeArias</a>	1	0	1	14	45	1146	España	007
@ChelseaSueSmlth	<a href="https://twitter.com/ChelseaSueSmlth" target="_blank">ChelseaSueSmlth</a>	1	0	1	64	2284	1270	sparta tn	006
@ChennlaF	<a href="https://twitter.com/ChennlaF" target="_blank">ChennlaF</a>	1	0	1	64	2246	1176	Atlanta GA, Kingston JA, FTL	006
@ChestnutPiaceMU	<a href="https://twitter.com/ChestnutPiaceMU" target="_blank">ChestnutPiaceMU</a>	1	0	1	59	443	7146	Oxford, OH	006
@Chlcago_Rixton	<a href="https://twitter.com/Chlcago_Rixton" target="_blank">Chlcago_Rixton</a>	1	0	1	59	477	7353	In between Jake's Ball Sack	006
@chocoprlncessss	<a href="https://twitter.com/chocoprlncessss" target="_blank">chocoprlncessss</a>	1	0	1	57	2314	1251	Beaumont-Texas	006
@ChuckWlnborn	<a href="https://twitter.com/ChuckWlnborn" target="_blank">ChuckWlnborn</a>	1	0	1	59	1560	1244	eastman	006
@Chuso_Pilot	<a href="https://twitter.com/Chuso_Pilot" target="_blank">Chuso_Pilot</a>	1	0	1	13	107	403		007
@Cirocboy89	<a href="https://twitter.com/Cirocboy89" target="_blank">Cirocboy89</a>	1	0	1	71	2304	1255	Syracuse NY	006
@Ciudadano_Zer0	<a href="https://twitter.com/Ciudadano_Zer0" target="_blank">Ciudadano_Zer0</a>	2	9	0	8688	2190	88632	Internet y el MundoReal™ (X.)	010
@ClaireAlison_52	<a href="https://twitter.com/ClaireAlison_52" target="_blank">ClaireAlison_52</a>	1	0	1	49	116	7180	Nashville	006
@ClaraPrUb	<a href="https://twitter.com/ClaraPrUb" target="_blank">ClaraPrUb</a>	4	1	1	533	573	5264	Catalunya	114
@claudiamalaga9	<a href="https://twitter.com/claudiamalaga9" target="_blank">claudiamalaga9</a>	1	0	1	5264	2138	127824	Málaga	007
@cleloxxlmte	<a href="https://twitter.com/cleloxxlmte" target="_blank">cleloxxlmte</a>	1	0	1	63	2264	1184	California	006
@Cloveronli	<a href="https://twitter.com/Cloveronli" target="_blank">Cloveronli</a>	1	0	1	62	498	7393	Florida/California	006
@Cmandersonx6	<a href="https://twitter.com/Cmandersonx6" target="_blank">Cmandersonx6</a>	1	0	1	319	61	2862		006
@cmonteyshomar	<a href="https://twitter.com/cmonteyshomar" target="_blank">cmonteyshomar</a>	1	0	1	43	83	540		010
@CNYfoodtogo0279	<a href="https://twitter.com/CNYfoodtogo0279" target="_blank">CNYfoodtogo0279</a>	1	0	1	61	2292	1151	Central New York	006
@CobbleBrltt	<a href="https://twitter.com/CobbleBrltt" target="_blank">CobbleBrltt</a>	1	0	1	116	2280	1431	Tennessee	006
@coldskull01	<a href="https://twitter.com/coldskull01" target="_blank">coldskull01</a>	4	0	1	27	210	883	República de Catalunya	001
@CollectiuRonda	<a href="https://twitter.com/CollectiuRonda" target="_blank">CollectiuRonda</a>	0	1	0					079
@COlnsurancegal	<a href="https://twitter.com/COlnsurancegal" target="_blank">COlnsurancegal</a>	1	0	1	79	2268	1276	Colorado Springs	006
@ColsonLeach73	<a href="https://twitter.com/ColsonLeach73" target="_blank">ColsonLeach73</a>	1	0	1	59	1772	5183	Indianapolis	006
@ConradLlovera	<a href="https://twitter.com/ConradLlovera" target="_blank">ConradLlovera</a>	4	0	1	25	111	2047		022
@Contempislesfic	<a href="https://twitter.com/Contempislesfic" target="_blank">Contempislesfic</a>	1	0	1	1331	1617	8223	Aberystwyth	008
@cordoandalu	<a href="https://twitter.com/cordoandalu" target="_blank">cordoandalu</a>	0	2	0					076
@COREgasm912	<a href="https://twitter.com/COREgasm912" target="_blank">COREgasm912</a>	1	0	1	58	2284	1208	Pa	006
@cpique29	<a href="https://twitter.com/cpique29" target="_blank">cpique29</a>	9	0	1	263	409	11419		010
@Cr0ssnotworks	<a href="https://twitter.com/Cr0ssnotworks" target="_blank">Cr0ssnotworks</a>	1	0	1	78	77	7494	USA	006
@craig_craig71	<a href="https://twitter.com/craig_craig71" target="_blank">craig_craig71</a>	1	0	1	62	2263	1240	newport news va	006
@cralsinmonster	<a href="https://twitter.com/cralsinmonster" target="_blank">cralsinmonster</a>	1	0	1	65	68	7369	Ohio	006
@CrisCabello8	<a href="https://twitter.com/CrisCabello8" target="_blank">CrisCabello8</a>	3	0	1	15	36	515		017
@cristina96br	<a href="https://twitter.com/cristina96br" target="_blank">cristina96br</a>	0	1	0					075
@CristinaRiusCam	<a href="https://twitter.com/CristinaRiusCam" target="_blank">CristinaRiusCam</a>	1	0	1	17	118	10		023
@crisvillacris	<a href="https://twitter.com/crisvillacris" target="_blank">crisvillacris</a>	6	2	0	1700	1703	5108	Barcelona	049
@cruztorrijos	<a href="https://twitter.com/cruztorrijos" target="_blank">cruztorrijos</a>	2	0	1	377	689	19726		053
@CrysFiyDawn	<a href="https://twitter.com/CrysFiyDawn" target="_blank">CrysFiyDawn</a>	1	0	1	264	98	7106	Flyest one in the room.	006
@ctluzler	<a href="https://twitter.com/ctluzler" target="_blank">ctluzler</a>	1	0	1	78	1583	7315	Clearfield, PA	006
@cuchifluchis	<a href="https://twitter.com/cuchifluchis" target="_blank">cuchifluchis</a>	1	0	1	87	102	6303	Begur, Catalunya.	007
@Cue_Que8dastage	<a href="https://twitter.com/Cue_Que8dastage" target="_blank">Cue_Que8dastage</a>	1	0	1	65	2243	1128	ï¿½T: 33.495488,-86.907366	006
@cumtomecaium	<a href="https://twitter.com/cumtomecaium" target="_blank">cumtomecaium</a>	1	0	1	58	483	7253		006
@CuppycakeChioe	<a href="https://twitter.com/CuppycakeChioe" target="_blank">CuppycakeChioe</a>	1	0	1	79	716	7358	Missouri	006
@D_Rock6934	<a href="https://twitter.com/D_Rock6934" target="_blank">D_Rock6934</a>	1	0	1	98	112	7320	correctionville, IA	006
@d0ugspoetry	<a href="https://twitter.com/d0ugspoetry" target="_blank">d0ugspoetry</a>	1	0	1	74	98	7154	Beaumont, California.	006
@DaanjaGri	<a href="https://twitter.com/DaanjaGri" target="_blank">DaanjaGri</a>	1	0	1	42	82	7266	Houston, TX	006
@DaFlock79	<a href="https://twitter.com/DaFlock79" target="_blank">DaFlock79</a>	1	0	1	321	349	7838		006
@Damarisnk04	<a href="https://twitter.com/Damarisnk04" target="_blank">Damarisnk04</a>	1	0	1	413	1911	8116	Hawaii	006
@Dana_GA2666	<a href="https://twitter.com/Dana_GA2666" target="_blank">Dana_GA2666</a>	1	0	1	59	2203	1027		006
@danielarrufat	<a href="https://twitter.com/danielarrufat" target="_blank">danielarrufat</a>	2	1	0	54	90	624		068
@danlvargasgm	<a href="https://twitter.com/danlvargasgm" target="_blank">danlvargasgm</a>	1	0	1	91	1627	7327	New York	006
@DAreal_JAZZlKAT	<a href="https://twitter.com/DAreal_JAZZlKAT" target="_blank">DAreal_JAZZlKAT</a>	1	0	1	37	86	5221	chicago/memphis	006
@Dario_91_	<a href="https://twitter.com/Dario_91_" target="_blank">Dario_91_</a>	1	0	1	283	1788	32560		007
@david_gv_	<a href="https://twitter.com/david_gv_" target="_blank">david_gv_</a>	1	0	1	97	336	1282		007
@davidcodi	<a href="https://twitter.com/davidcodi" target="_blank">davidcodi</a>	3	0	1	530	135	8746		110
@DavidMachucasjd	<a href="https://twitter.com/DavidMachucasjd" target="_blank">DavidMachucasjd</a>	1	0	1	280	294	7019	Barcelona, Sant Joan Despi.	055
@Dbatessss20	<a href="https://twitter.com/Dbatessss20" target="_blank">Dbatessss20</a>	1	0	1	98	2270	1204		006
@dblankenship69	<a href="https://twitter.com/dblankenship69" target="_blank">dblankenship69</a>	1	0	1	63	2246	1240	bland	006
@DEEZYd0esItBEST	<a href="https://twitter.com/DEEZYd0esItBEST" target="_blank">DEEZYd0esItBEST</a>	1	0	1	89	2276	1255	Atlanta, GA	006
@deiveneix	<a href="https://twitter.com/deiveneix" target="_blank">deiveneix</a>	2	1	0	104	151	657		027
@DemocratesJoves	<a href="https://twitter.com/DemocratesJoves" target="_blank">DemocratesJoves</a>	0	2	0					036
@Depor_Info	<a href="https://twitter.com/Depor_Info" target="_blank">Depor_Info</a>	0	1	0					066
@det_er_skam	<a href="https://twitter.com/det_er_skam" target="_blank">det_er_skam</a>	5	0	1	6	19	1079		039
@detrolttigersnt	<a href="https://twitter.com/detrolttigersnt" target="_blank">detrolttigersnt</a>	1	0	1	62	2272	1433	Michigan	006
@dev0ndotcom	<a href="https://twitter.com/dev0ndotcom" target="_blank">dev0ndotcom</a>	1	0	1	153	101	7226	Athens, Ohio	006
@Dev0nSheppard	<a href="https://twitter.com/Dev0nSheppard" target="_blank">Dev0nSheppard</a>	1	0	1	78	889	7413	Seattle, WA	006
@Devinsims77	<a href="https://twitter.com/Devinsims77" target="_blank">Devinsims77</a>	1	0	1	50	76	7314	TX	006
@DevourDestlnee	<a href="https://twitter.com/DevourDestlnee" target="_blank">DevourDestlnee</a>	1	0	1	65	43	7336	Atlanta	006
@dfertl	<a href="https://twitter.com/dfertl" target="_blank">dfertl</a>	10	1	0	1136	3400	4786	Brussels, Belgium	065
@Diana_ramirez48	<a href="https://twitter.com/Diana_ramirez48" target="_blank">Diana_ramirez48</a>	1	0	1	91	56	7189	miley's heart	006
@diegopucela23	<a href="https://twitter.com/diegopucela23" target="_blank">diegopucela23</a>	1	0	1	215	167	2633		007
@DietroLeIncanto	<a href="https://twitter.com/DietroLeIncanto" target="_blank">DietroLeIncanto</a>	1	0	1	349	345	43713	EINA - Zaragoza	046
@dim114114	<a href="https://twitter.com/dim114114" target="_blank">dim114114</a>	1	0	1	7247	6766	103853	Corfu - Athens	018
@dj_actlve	<a href="https://twitter.com/dj_actlve" target="_blank">dj_actlve</a>	1	0	1	63	55	7465	Corona	006
@djthrottleboi44	<a href="https://twitter.com/djthrottleboi44" target="_blank">djthrottleboi44</a>	1	0	1	84	2265	1336	wisconsin	006
@DljaVuu	<a href="https://twitter.com/DljaVuu" target="_blank">DljaVuu</a>	1	0	1	61	483	7127	Philadelphia PA | Trinidad	006
@dlpinedo	<a href="https://twitter.com/dlpinedo" target="_blank">dlpinedo</a>	0	2	0					035
@dlstinctioni	<a href="https://twitter.com/dlstinctioni" target="_blank">dlstinctioni</a>	1	0	1	89	448	7411	New York, NY	006
@Dlxon_News	<a href="https://twitter.com/Dlxon_News" target="_blank">Dlxon_News</a>	1	0	1	71	483	7231	Tennessee	006
@DMac86612	<a href="https://twitter.com/DMac86612" target="_blank">DMac86612</a>	1	0	1	69	2244	1288	memphis	006
@dnclcinnati	<a href="https://twitter.com/dnclcinnati" target="_blank">dnclcinnati</a>	1	0	1	64	491	7357	Greensboro, NC	006
@Doherty4Carmel	<a href="https://twitter.com/Doherty4Carmel" target="_blank">Doherty4Carmel</a>	3	0	1	76	79	8843		016
@domin_dj	<a href="https://twitter.com/domin_dj" target="_blank">domin_dj</a>	1	0	1	295	438	2066	Madrid	007
@domlnimii	<a href="https://twitter.com/domlnimii" target="_blank">domlnimii</a>	1	0	1	47	55	7013	not exactly a southern bell	006
@DonaldReynolds0	<a href="https://twitter.com/DonaldReynolds0" target="_blank">DonaldReynolds0</a>	1	0	1	88	2290	1241	Pekin, Illinois	006
@DonegalPol	<a href="https://twitter.com/DonegalPol" target="_blank">DonegalPol</a>	1	0	1	224	469	23619	TWINTOWNS	065
@DopeConfldence_	<a href="https://twitter.com/DopeConfldence_" target="_blank">DopeConfldence_</a>	2	0	1	75	45	7193	New York City ♥	006
@Dottore_Napster	<a href="https://twitter.com/Dottore_Napster" target="_blank">Dottore_Napster</a>	0	1	0					063
@dr0kddd	<a href="https://twitter.com/dr0kddd" target="_blank">dr0kddd</a>	1	0	1	64	115	7345	Austin,TX	006
@dracksroyale	<a href="https://twitter.com/dracksroyale" target="_blank">dracksroyale</a>	1	1	0	22	149	145		062
@Draklunn	<a href="https://twitter.com/Draklunn" target="_blank">Draklunn</a>	1	0	1	531	503	37098	Siguiendo al viento.	015
@drugporndally	<a href="https://twitter.com/drugporndally" target="_blank">drugporndally</a>	1	0	1	71	2250	1266		006
@dvallespi	<a href="https://twitter.com/dvallespi" target="_blank">dvallespi</a>	29	0	2	2428	1856	120283	Barcelona - Catalunya	049
@DvAtleti23	<a href="https://twitter.com/DvAtleti23" target="_blank">DvAtleti23</a>	1	0	1	884	200	13776	Salamanca, España	007
@EandSC0mm	<a href="https://twitter.com/EandSC0mm" target="_blank">EandSC0mm</a>	1	0	1	50	1785	1308	pekin, Illinois	006
@eBobbieheads	<a href="https://twitter.com/eBobbieheads" target="_blank">eBobbieheads</a>	1	0	1	53	2293	1244	Orange County, Calif.	006
@econacionalitar	<a href="https://twitter.com/econacionalitar" target="_blank">econacionalitar</a>	4	0	1	247	727	9176		010
@Edrissi31	<a href="https://twitter.com/Edrissi31" target="_blank">Edrissi31</a>	1	0	1	400	1900	8164		006
@edujordancruz	<a href="https://twitter.com/edujordancruz" target="_blank">edujordancruz</a>	1	0	1	363	494	13696	Islas Canarias, España	007
@Edurma_	<a href="https://twitter.com/Edurma_" target="_blank">Edurma_</a>	1	0	1	531	345	38429	Almería	007
@ef90a7f96e624bd	<a href="https://twitter.com/ef90a7f96e624bd" target="_blank">ef90a7f96e624bd</a>	14	0	1	261	256	15019	Roquetes, Catalunya	002
@ehaez664	<a href="https://twitter.com/ehaez664" target="_blank">ehaez664</a>	1	0	1	46	2278	1241		006
@Ehyrt	<a href="https://twitter.com/Ehyrt" target="_blank">Ehyrt</a>	11	0	1	1435	1083	63753	Èrtia -Terra de nous principis	069
@EiderHurtado	<a href="https://twitter.com/EiderHurtado" target="_blank">EiderHurtado</a>	0	2	0					042
@eiyeorch	<a href="https://twitter.com/eiyeorch" target="_blank">eiyeorch</a>	1	0	1	81	2242	1421	Chicago	006
@EJM4hany	<a href="https://twitter.com/EJM4hany" target="_blank">EJM4hany</a>	1	0	1	70	710	7145	New York State	006
@ElghteenHearts	<a href="https://twitter.com/ElghteenHearts" target="_blank">ElghteenHearts</a>	1	0	1	69	70	7387	Wilmer, AL	006
@ElinCeredigion	<a href="https://twitter.com/ElinCeredigion" target="_blank">ElinCeredigion</a>	1	0	1	8689	2051	11493	Ceredigion	008
@elisabe71915000	<a href="https://twitter.com/elisabe71915000" target="_blank">elisabe71915000</a>	1	0	1	147	264	2260	Barcelona, Catalunya	002
@elisaberm	<a href="https://twitter.com/elisaberm" target="_blank">elisaberm</a>	1	0	1	8246	6463	292618	CHILE SANTIAGO	016
@elishabeba82	<a href="https://twitter.com/elishabeba82" target="_blank">elishabeba82</a>	1	0	1	67	355	748	Barcelona	023
@EllkaGonzales	<a href="https://twitter.com/EllkaGonzales" target="_blank">EllkaGonzales</a>	1	0	1	76	2275	1396	Tennessee	006
@EllteHRTeam	<a href="https://twitter.com/EllteHRTeam" target="_blank">EllteHRTeam</a>	1	0	1	72	93	7122	Mascoutah, IL	006
@EllzzaBobo	<a href="https://twitter.com/EllzzaBobo" target="_blank">EllzzaBobo</a>	1	0	1	79	1117	7428	madison AL	006
@ElNuevoNoDo	<a href="https://twitter.com/ElNuevoNoDo" target="_blank">ElNuevoNoDo</a>	1	1	0	181	395	360		060
@embproyect	<a href="https://twitter.com/embproyect" target="_blank">embproyect</a>	1	1	0	1242	3601	11303	Barcelona	045
@Emilio_Narvaez	<a href="https://twitter.com/Emilio_Narvaez" target="_blank">Emilio_Narvaez</a>	0	3	0					048
@EmmaBP86	<a href="https://twitter.com/EmmaBP86" target="_blank">EmmaBP86</a>	6	0	1	64	177	1305	Barcelona!!!!	019
@emotionaI192	<a href="https://twitter.com/emotionaI192" target="_blank">emotionaI192</a>	1	0	1	86	1791	7330	LA	006
@EnderFox	<a href="https://twitter.com/EnderFox" target="_blank">EnderFox</a>	0	1	0					001
@EnekoJimenez2	<a href="https://twitter.com/EnekoJimenez2" target="_blank">EnekoJimenez2</a>	0	1	0					057
@engrJ4yEm	<a href="https://twitter.com/engrJ4yEm" target="_blank">engrJ4yEm</a>	1	0	1	51	448	5145	follow my bro @tsasantelices	006
@enidparry	<a href="https://twitter.com/enidparry" target="_blank">enidparry</a>	1	0	1	508	295	19586		008
@ErinSterling9	<a href="https://twitter.com/ErinSterling9" target="_blank">ErinSterling9</a>	1	0	1	116	1716	7216	Vicksburg	006
@ErnaiPortu	<a href="https://twitter.com/ErnaiPortu" target="_blank">ErnaiPortu</a>	0	2	0					028
@Erramun2014	<a href="https://twitter.com/Erramun2014" target="_blank">Erramun2014</a>	8	2	0	1744	469	48703	Euskal Herria	001
@Escobar73_	<a href="https://twitter.com/Escobar73_" target="_blank">Escobar73_</a>	1	0	1	60	2341	1207	Sacramento, CA	006
@esembely	<a href="https://twitter.com/esembely" target="_blank">esembely</a>	1	0	1	63	201	1514		013
@espiritutiflaut	<a href="https://twitter.com/espiritutiflaut" target="_blank">espiritutiflaut</a>	1	0	1	1336	2460	66333	México con EPN	062
@estebanhullo	<a href="https://twitter.com/estebanhullo" target="_blank">estebanhullo</a>	1	0	1	65	442	7158	the tipton	006
@EstebanPR10	<a href="https://twitter.com/EstebanPR10" target="_blank">EstebanPR10</a>	1	0	1	1251	653	33664	Alicante	007
@Estefaniagud	<a href="https://twitter.com/Estefaniagud" target="_blank">Estefaniagud</a>	1	0	1	636	193	45181		001
@estizaitegi	<a href="https://twitter.com/estizaitegi" target="_blank">estizaitegi</a>	1	0	1	39	52	154		001
@etassies	<a href="https://twitter.com/etassies" target="_blank">etassies</a>	0	1	0					052
@ethanbell58	<a href="https://twitter.com/ethanbell58" target="_blank">ethanbell58</a>	1	0	1	62	75	7428	Tennessee	006
@EUPARTYEFA	<a href="https://twitter.com/EUPARTYEFA" target="_blank">EUPARTYEFA</a>	6	1	0	4610	1514	18130	BRUSSELS	054
@ev0boom	<a href="https://twitter.com/ev0boom" target="_blank">ev0boom</a>	1	0	1	55	59	6411		006
@ev4ngela	<a href="https://twitter.com/ev4ngela" target="_blank">ev4ngela</a>	1	0	1	27	99	1638	Barcelona	038
@evanzm0m	<a href="https://twitter.com/evanzm0m" target="_blank">evanzm0m</a>	1	0	1	95	2288	1323	North Carolina	006
@EVellesObertes	<a href="https://twitter.com/EVellesObertes" target="_blank">EVellesObertes</a>	2	1	0	62	98	185	Sant Esteve de Palautordera	110
@Evetse	<a href="https://twitter.com/Evetse" target="_blank">Evetse</a>	2	0	1	121	193	1847		001
@ExpllcitVocab	<a href="https://twitter.com/ExpllcitVocab" target="_blank">ExpllcitVocab</a>	1	0	1	87	1110	7268	From the Mid Dubb, Northwest	006
@ezgoidenop	<a href="https://twitter.com/ezgoidenop" target="_blank">ezgoidenop</a>	1	0	1	73	1226	6235	California	006
@F0amStash	<a href="https://twitter.com/F0amStash" target="_blank">F0amStash</a>	1	0	1	75	2273	1413	Colorado springs	006
@F0rnaxus	<a href="https://twitter.com/F0rnaxus" target="_blank">F0rnaxus</a>	1	0	1	84	97	7322	Lodi, California	006
@FaclalsbyMary	<a href="https://twitter.com/FaclalsbyMary" target="_blank">FaclalsbyMary</a>	1	0	1	73	2390	1389	Stuart, FL	006
@FaeScotia	<a href="https://twitter.com/FaeScotia" target="_blank">FaeScotia</a>	2	0	1	4902	5280	121809		008
@Faffiebeans	<a href="https://twitter.com/Faffiebeans" target="_blank">Faffiebeans</a>	1	0	1	62	1720	5218	memphis	006
@FailPeterson	<a href="https://twitter.com/FailPeterson" target="_blank">FailPeterson</a>	1	0	1	263	108	7830		006
@FatiimaDavila	<a href="https://twitter.com/FatiimaDavila" target="_blank">FatiimaDavila</a>	1	0	1	873	749	14937	Zalamea de la Srna.Extremadura	007
@Faus_7	<a href="https://twitter.com/Faus_7" target="_blank">Faus_7</a>	1	0	1	129	40	5137	Málaga	007
@felix_south	<a href="https://twitter.com/felix_south" target="_blank">felix_south</a>	1	0	1	46	203	963	Bariloche	001
@Fenjas642	<a href="https://twitter.com/Fenjas642" target="_blank">Fenjas642</a>	1	0	1	49	2194	930	The Nexxus of Neon	006
@fernandez_luzz	<a href="https://twitter.com/fernandez_luzz" target="_blank">fernandez_luzz</a>	1	0	1	126	638	7288	Argentina	001
@ferrdykunc0ro	<a href="https://twitter.com/ferrdykunc0ro" target="_blank">ferrdykunc0ro</a>	1	0	1	52	105	5240	Mars	006
@ffioneluned24	<a href="https://twitter.com/ffioneluned24" target="_blank">ffioneluned24</a>	1	0	1	630	918	2806	Aberystwyth / Groeslon	008
@FiUFFFY_BEARR	<a href="https://twitter.com/FiUFFFY_BEARR" target="_blank">FiUFFFY_BEARR</a>	1	0	1	51	79	5212	socorro	006
@Fllrty_Feline	<a href="https://twitter.com/Fllrty_Feline" target="_blank">Fllrty_Feline</a>	1	0	1	61	1800	7084	NYC	006
@Flnnielorraine	<a href="https://twitter.com/Flnnielorraine" target="_blank">Flnnielorraine</a>	1	0	1	78	95	7530		006
@FrancisVolvio	<a href="https://twitter.com/FrancisVolvio" target="_blank">FrancisVolvio</a>	1	0	1	1158	5001	1241	Spain	001
@FrankleFCR	<a href="https://twitter.com/FrankleFCR" target="_blank">FrankleFCR</a>	1	0	1	69	83	7419	L..A. ,Philly,Worldwide	006
@freed4Catalonia	<a href="https://twitter.com/freed4Catalonia" target="_blank">freed4Catalonia</a>	82	0	1	11809	6013	108489	Barcelona	030
@Fresh_Psalmlst	<a href="https://twitter.com/Fresh_Psalmlst" target="_blank">Fresh_Psalmlst</a>	1	0	1	45	79	7186	Climbing the Mountain	006
@FrittsAlexls	<a href="https://twitter.com/FrittsAlexls" target="_blank">FrittsAlexls</a>	1	0	1	109	2248	1274	United States	006
@fruz35	<a href="https://twitter.com/fruz35" target="_blank">fruz35</a>	1	0	1	316	314	9263	Chile	024
@FtWayneFashlon	<a href="https://twitter.com/FtWayneFashlon" target="_blank">FtWayneFashlon</a>	1	0	1	59	2245	1219	Fort Wayne, IN	006
@FuCCyOfEEiNs	<a href="https://twitter.com/FuCCyOfEEiNs" target="_blank">FuCCyOfEEiNs</a>	1	0	1	58	51	7389	H-TOWN,TEXAS	006
@g0rJESS___	<a href="https://twitter.com/g0rJESS___" target="_blank">g0rJESS___</a>	1	0	1	72	94	7144	South Florida	006
@GariManci	<a href="https://twitter.com/GariManci" target="_blank">GariManci</a>	1	0	1	156	178	1657	Moscú, Rusia	028
@Garoppoius	<a href="https://twitter.com/Garoppoius" target="_blank">Garoppoius</a>	1	0	1	100	2259	1359	Patriot's Bench	006
@GawklngGeek	<a href="https://twitter.com/GawklngGeek" target="_blank">GawklngGeek</a>	1	0	1	93	2260	1409	United States	006
@Gemlni_Princezz	<a href="https://twitter.com/Gemlni_Princezz" target="_blank">Gemlni_Princezz</a>	1	0	1	103	1738	7138	Charleston	006
@Georgeannth33	<a href="https://twitter.com/Georgeannth33" target="_blank">Georgeannth33</a>	1	0	1	345	1919	8075	PLANΞT JΞDWARD :D	006
@GeTuNa	<a href="https://twitter.com/GeTuNa" target="_blank">GeTuNa</a>	2	0	1	68	130	1053	Palamós, Girona, Catalunya	001
@GibsGiustlniani	<a href="https://twitter.com/GibsGiustlniani" target="_blank">GibsGiustlniani</a>	1	0	1	59	2277	1224	eastchester, new york	006
@gilgarciajordi	<a href="https://twitter.com/gilgarciajordi" target="_blank">gilgarciajordi</a>	1	1	1	51	172	922	Barcelona, Cataluña	115
@GillyRoots	<a href="https://twitter.com/GillyRoots" target="_blank">GillyRoots</a>	1	0	1	112	317	2905	London, England	054
@GironaDC	<a href="https://twitter.com/GironaDC" target="_blank">GironaDC</a>	10	0	1	212	273	1670	Girona, Catalunya	036
@glitteryzeby5	<a href="https://twitter.com/glitteryzeby5" target="_blank">glitteryzeby5</a>	1	0	1	125	2282	1273	United States	006
@GoHugBeckl	<a href="https://twitter.com/GoHugBeckl" target="_blank">GoHugBeckl</a>	1	0	1	72	115	7162	My street !	006
@GotThemSoftLlps	<a href="https://twitter.com/GotThemSoftLlps" target="_blank">GotThemSoftLlps</a>	1	0	1	79	2315	1231	Chicago, IL	006
@Gr4ceChunMUA	<a href="https://twitter.com/Gr4ceChunMUA" target="_blank">Gr4ceChunMUA</a>	1	0	1	74	477	7362	OC/LA, California	006
@greenetraveier	<a href="https://twitter.com/greenetraveier" target="_blank">greenetraveier</a>	1	0	1	78	1828	5084	Knoxville, TN	006
@Grets02	<a href="https://twitter.com/Grets02" target="_blank">Grets02</a>	1	0	1	265	288	7193		008
@GriffBed	<a href="https://twitter.com/GriffBed" target="_blank">GriffBed</a>	1	0	1	556	1500	7020	Dinbych, Cymru/Wales	008
@guillemwil	<a href="https://twitter.com/guillemwil" target="_blank">guillemwil</a>	1	0	1	345	422	3502	Port de Sóller	061
@GurryGulld	<a href="https://twitter.com/GurryGulld" target="_blank">GurryGulld</a>	1	0	1	59	77	7033	New York	006
@GwenithOwen	<a href="https://twitter.com/GwenithOwen" target="_blank">GwenithOwen</a>	2	0	1	1610	1068	13121		008
@gypsyygrace357	<a href="https://twitter.com/gypsyygrace357" target="_blank">gypsyygrace357</a>	1	0	1	97	2283	1452	Planet Earth	006
@gzcontrainfo	<a href="https://twitter.com/gzcontrainfo" target="_blank">gzcontrainfo</a>	0	2	0					031
@h__abshir	<a href="https://twitter.com/h__abshir" target="_blank">h__abshir</a>	1	0	1	87	2276	1187	Nashville , TN	006
@H4nnahhStewartt	<a href="https://twitter.com/H4nnahhStewartt" target="_blank">H4nnahhStewartt</a>	1	0	1	78	1681	7323	Washington, IL	006
@H4rdD_n_Gum	<a href="https://twitter.com/H4rdD_n_Gum" target="_blank">H4rdD_n_Gum</a>	1	0	1	68	99	7218	Bronx~Brooklyn	006
@hapinto2	<a href="https://twitter.com/hapinto2" target="_blank">hapinto2</a>	6	2	0	1486	271	31658	Rusia	032
@harmaxldiane	<a href="https://twitter.com/harmaxldiane" target="_blank">harmaxldiane</a>	1	0	1	64	776	6387	www.facebook.com/harmaxidiane	006
@Hashlra_shira	<a href="https://twitter.com/Hashlra_shira" target="_blank">Hashlra_shira</a>	1	0	1	47	457	7325	Michigan	006
@hashtag7905	<a href="https://twitter.com/hashtag7905" target="_blank">hashtag7905</a>	1	0	1	238	81	8003		006
@hayaiovesme	<a href="https://twitter.com/hayaiovesme" target="_blank">hayaiovesme</a>	1	0	1	68	2273	1247		006
@HazeiEyesYella	<a href="https://twitter.com/HazeiEyesYella" target="_blank">HazeiEyesYella</a>	1	0	1	82	58	7184		006
@HBpr3ttyeyez	<a href="https://twitter.com/HBpr3ttyeyez" target="_blank">HBpr3ttyeyez</a>	1	0	1	69	1796	6317	Chicago , IL	006
@HeadlngForLight	<a href="https://twitter.com/HeadlngForLight" target="_blank">HeadlngForLight</a>	1	0	1	71	2288	1352	Fleming Island, FL	006
@hearthappi	<a href="https://twitter.com/hearthappi" target="_blank">hearthappi</a>	2	0	2	11	11	853		076
@HeleddG	<a href="https://twitter.com/HeleddG" target="_blank">HeleddG</a>	1	0	1	1177	1263	2783	Talgarreg	008
@helenavilalala	<a href="https://twitter.com/helenavilalala" target="_blank">helenavilalala</a>	0	2	0					030
@helenezabalab	<a href="https://twitter.com/helenezabalab" target="_blank">helenezabalab</a>	1	0	1	2694	2679	55569	España	016
@Heyiysaa	<a href="https://twitter.com/Heyiysaa" target="_blank">Heyiysaa</a>	1	0	1	49	89	7238	Pasadena.Ca	006
@hlghkuguy	<a href="https://twitter.com/hlghkuguy" target="_blank">hlghkuguy</a>	1	0	1	69	54	7247	melancholy hill	006
@HlghleyUnbound	<a href="https://twitter.com/HlghleyUnbound" target="_blank">HlghleyUnbound</a>	1	0	1	88	2188	1092	Timilpan	006
@HlramgIz	<a href="https://twitter.com/HlramgIz" target="_blank">HlramgIz</a>	1	0	1	44	2270	1170		006
@HM_3_LPN	<a href="https://twitter.com/HM_3_LPN" target="_blank">HM_3_LPN</a>	1	0	1	66	2279	1236	Monroe MI	006
@Hoggllneent	<a href="https://twitter.com/Hoggllneent" target="_blank">Hoggllneent</a>	1	0	1	43	128	7316	Houston	006
@HolyShltltsJake	<a href="https://twitter.com/HolyShltltsJake" target="_blank">HolyShltltsJake</a>	1	0	1	59	2268	1252	Schenectady, NY	006
@hondazomble	<a href="https://twitter.com/hondazomble" target="_blank">hondazomble</a>	1	0	1	51	440	5193	Bovard, PA	006
@Hootie_575	<a href="https://twitter.com/Hootie_575" target="_blank">Hootie_575</a>	1	0	1	62	2256	1296	wilmington northside	006
@HQuesnay	<a href="https://twitter.com/HQuesnay" target="_blank">HQuesnay</a>	1	0	1	83	400	2188		058
@iady_Gaga_US	<a href="https://twitter.com/iady_Gaga_US" target="_blank">iady_Gaga_US</a>	1	0	1	60	110	7330	California	006
@IanNPerklns	<a href="https://twitter.com/IanNPerklns" target="_blank">IanNPerklns</a>	1	0	1	115	2268	1446	Ft. Lauderdale	006
@IbanAsenjo	<a href="https://twitter.com/IbanAsenjo" target="_blank">IbanAsenjo</a>	1	1	0	1184	1210	16203		001
@iets_Talk_Paper	<a href="https://twitter.com/iets_Talk_Paper" target="_blank">iets_Talk_Paper</a>	1	0	1	67	55	7323	Jackson, MS	006
@Ignorance055	<a href="https://twitter.com/Ignorance055" target="_blank">Ignorance055</a>	1	0	1	73	491	7335	Georgia	006
@illtud	<a href="https://twitter.com/illtud" target="_blank">illtud</a>	1	0	1	804	1079	9134	Aberystwyth	008
@iMacawen	<a href="https://twitter.com/iMacawen" target="_blank">iMacawen</a>	0	7	0					014
@indepesCCOO	<a href="https://twitter.com/indepesCCOO" target="_blank">indepesCCOO</a>	11	3	0	1169	247	5056	Catalunya	024
@InesPanadero	<a href="https://twitter.com/InesPanadero" target="_blank">InesPanadero</a>	1	0	1	865	745	29506	Salamanca, Castilla y León	007
@inigolanda	<a href="https://twitter.com/inigolanda" target="_blank">inigolanda</a>	2	1	0	1125	691	17154	Bilbao-Bizkaia-Euzkadi-Europa	104
@Ion_give6fks	<a href="https://twitter.com/Ion_give6fks" target="_blank">Ion_give6fks</a>	1	0	1	62	103	7030	alabama	006
@IotaSoui	<a href="https://twitter.com/IotaSoui" target="_blank">IotaSoui</a>	1	0	1	68	2262	1141	Franklin, TN	006
@iovan1	<a href="https://twitter.com/iovan1" target="_blank">iovan1</a>	1	0	1	138	369	1086	vitoria-gasteiz	014
@irfan__zht	<a href="https://twitter.com/irfan__zht" target="_blank">irfan__zht</a>	1	0	1	66	2272	1506	Malang Rock City	006
@irmorus1	<a href="https://twitter.com/irmorus1" target="_blank">irmorus1</a>	1	0	1	586	519	1621	Aberystwyth	008
@Isabelle89100	<a href="https://twitter.com/Isabelle89100" target="_blank">Isabelle89100</a>	1	0	1	66	208	2193		013
@itxasoatutxa	<a href="https://twitter.com/itxasoatutxa" target="_blank">itxasoatutxa</a>	1	1	0	2539	203	2840	Euskadi	003
@Ivannusky96	<a href="https://twitter.com/Ivannusky96" target="_blank">Ivannusky96</a>	1	0	1	1157	2216	15545	Barcelona city	007
@ivettedianne92	<a href="https://twitter.com/ivettedianne92" target="_blank">ivettedianne92</a>	1	0	1	77	1467	1347		006
@IwBala	<a href="https://twitter.com/IwBala" target="_blank">IwBala</a>	1	0	1	639	3073	7896	Cymru	008
@izquierdadiario	<a href="https://twitter.com/izquierdadiario" target="_blank">izquierdadiario</a>	0	6	0					001
@j_auguste8912	<a href="https://twitter.com/j_auguste8912" target="_blank">j_auguste8912</a>	1	0	1	139	2303	1419	Miami	006
@j0nkavanaugh	<a href="https://twitter.com/j0nkavanaugh" target="_blank">j0nkavanaugh</a>	1	0	1	88	405	7278	Chicago	006
@j0novak	<a href="https://twitter.com/j0novak" target="_blank">j0novak</a>	1	0	1	63	1667	6359	Indiana	006
@J0rdanJEOtt	<a href="https://twitter.com/J0rdanJEOtt" target="_blank">J0rdanJEOtt</a>	1	0	1	48	1760	1329	California	006
@J4cePSSH	<a href="https://twitter.com/J4cePSSH" target="_blank">J4cePSSH</a>	1	0	1	56	90	7205	Sunshine State	006
@J4MRZCafe	<a href="https://twitter.com/J4MRZCafe" target="_blank">J4MRZCafe</a>	1	0	1	70	1784	7066	Austin, Texas, Earth	006
@J4yyHP	<a href="https://twitter.com/J4yyHP" target="_blank">J4yyHP</a>	1	0	1	71	460	7510	North Port, Florida	006
@jacobhanson64	<a href="https://twitter.com/jacobhanson64" target="_blank">jacobhanson64</a>	1	0	1	54	1815	1348	Clermont, Fl	006
@jake_fledler	<a href="https://twitter.com/jake_fledler" target="_blank">jake_fledler</a>	1	0	1	50	451	5271	Hopatcong	006
@Jaklm_LaSha	<a href="https://twitter.com/Jaklm_LaSha" target="_blank">Jaklm_LaSha</a>	1	0	1	66	903	7278	Nashua, NH/ Boston, MA	006
@JameslsVegan	<a href="https://twitter.com/JameslsVegan" target="_blank">JameslsVegan</a>	1	0	1	77	77	7365	NYC/NJ/MARS	006
@jamielelsnaith	<a href="https://twitter.com/jamielelsnaith" target="_blank">jamielelsnaith</a>	1	0	1	74	2277	1460	Newcastle Upon Tyne	006
@JAMonzon	<a href="https://twitter.com/JAMonzon" target="_blank">JAMonzon</a>	9	0	1	1716	1729	69300	Barcelona, Catalunya, UE	011
@janlcebranthafe	<a href="https://twitter.com/janlcebranthafe" target="_blank">janlcebranthafe</a>	1	0	1	56	2375	1214	Indiana	006
@JanlsahForever	<a href="https://twitter.com/JanlsahForever" target="_blank">JanlsahForever</a>	1	0	1	75	111	7232	The Moon.	006
@jannatallya	<a href="https://twitter.com/jannatallya" target="_blank">jannatallya</a>	1	0	1	46	82	5149	221 B Baker Street	006
@jasmineann363	<a href="https://twitter.com/jasmineann363" target="_blank">jasmineann363</a>	1	0	1	48	1712	1374	GA	006
@JaumeGrauLopez	<a href="https://twitter.com/JaumeGrauLopez" target="_blank">JaumeGrauLopez</a>	1	1	0	297	233	1619		005
@JavierGofio79	<a href="https://twitter.com/JavierGofio79" target="_blank">JavierGofio79</a>	1	0	1	7	32	275		021
@javigomezrigol	<a href="https://twitter.com/javigomezrigol" target="_blank">javigomezrigol</a>	1	0	1	823	999	2077		012
@JaviiRCCelta	<a href="https://twitter.com/JaviiRCCelta" target="_blank">JaviiRCCelta</a>	4	1	0	1646	1394	49313	Vigo|Galiza Afouteza e Corazón	097
@JayD0Pray	<a href="https://twitter.com/JayD0Pray" target="_blank">JayD0Pray</a>	1	0	1	83	685	7129	Breaux Bridge , LA	006
@jazzlFreshTaDef	<a href="https://twitter.com/jazzlFreshTaDef" target="_blank">jazzlFreshTaDef</a>	1	0	1	68	2283	1198		006
@jbarere103	<a href="https://twitter.com/jbarere103" target="_blank">jbarere103</a>	1	0	1	46	1582	1416		006
@JeffMlchaelVice	<a href="https://twitter.com/JeffMlchaelVice" target="_blank">JeffMlchaelVice</a>	1	0	1	63	815	7422	Salt Lake City, Utah	006
@JessicaShai021	<a href="https://twitter.com/JessicaShai021" target="_blank">JessicaShai021</a>	1	0	1	84	2270	1264	USA	006
@jesus_vazquez91	<a href="https://twitter.com/jesus_vazquez91" target="_blank">jesus_vazquez91</a>	1	0	1	223	403	5002	Málaga, Andalucía	007
@JimmyMac430	<a href="https://twitter.com/JimmyMac430" target="_blank">JimmyMac430</a>	1	0	1	62	2283	1223	ÜT: 40.639072,-73.642222	006
@JJ_J4bber	<a href="https://twitter.com/JJ_J4bber" target="_blank">JJ_J4bber</a>	1	0	1	56	449	7436	Milwaukee	006
@Jlive8401	<a href="https://twitter.com/Jlive8401" target="_blank">Jlive8401</a>	1	0	1	29	1586	1255	Jeanerette,La	006
@jm_rona35	<a href="https://twitter.com/jm_rona35" target="_blank">jm_rona35</a>	1	0	1	87	2251	1225	Davao Region, Republic of the Philippines	006
@jmlopezzafra	<a href="https://twitter.com/jmlopezzafra" target="_blank">jmlopezzafra</a>	0	2	0					046
@jmterricabras	<a href="https://twitter.com/jmterricabras" target="_blank">jmterricabras</a>	1	1	0	32928	606	3914	Girona	045
@JMTibau	<a href="https://twitter.com/JMTibau" target="_blank">JMTibau</a>	2	1	0	3232	2866	8920	Tortosa/Cornudella. Catalunya	098
@JoacoGil15	<a href="https://twitter.com/JoacoGil15" target="_blank">JoacoGil15</a>	1	0	1	27	88	1100	Alderaan	001
@Joan_Ru_Ca	<a href="https://twitter.com/Joan_Ru_Ca" target="_blank">Joan_Ru_Ca</a>	9	1	0	1133	546	62533	Tarragona, España	093
@joanantonialtim	<a href="https://twitter.com/joanantonialtim" target="_blank">joanantonialtim</a>	1	0	1	100	328	2783	Països	020
@JoanGarciaGarr	<a href="https://twitter.com/JoanGarciaGarr" target="_blank">JoanGarciaGarr</a>	2	0	1	60	499	781	Altafulla, España	077
@joel_lete	<a href="https://twitter.com/joel_lete" target="_blank">joel_lete</a>	1	0	1	160	176	4258	Vitoria-Gasteiz	014
@johanjaxiha	<a href="https://twitter.com/johanjaxiha" target="_blank">johanjaxiha</a>	1	0	1	122	2326	1431	West Borneo	006
@jomagonma	<a href="https://twitter.com/jomagonma" target="_blank">jomagonma</a>	1	0	1	277	1067	15903		001
@JonatanMedia	<a href="https://twitter.com/JonatanMedia" target="_blank">JonatanMedia</a>	1	0	1	152	507	5325	Bilbao	078
@JonSais	<a href="https://twitter.com/JonSais" target="_blank">JonSais</a>	3	0	1	362	827	927	Derbyshire, UK	008
@JordanlsHerName	<a href="https://twitter.com/JordanlsHerName" target="_blank">JordanlsHerName</a>	1	0	1	74	1658	7163	In the World but not of It!	006
@Jordi_Galderic	<a href="https://twitter.com/Jordi_Galderic" target="_blank">Jordi_Galderic</a>	9	0	1	3853	2129	136636	Girona, Països Catalans	002
@Jordi_Oliva	<a href="https://twitter.com/Jordi_Oliva" target="_blank">Jordi_Oliva</a>	0	1	0					033
@jordi_rubioes	<a href="https://twitter.com/jordi_rubioes" target="_blank">jordi_rubioes</a>	2	0	1	348	519	2327	Olot, Catalunya	036
@JordiCalpeC	<a href="https://twitter.com/JordiCalpeC" target="_blank">JordiCalpeC</a>	0	1	0					092
@jordicostaa	<a href="https://twitter.com/jordicostaa" target="_blank">jordicostaa</a>	1	0	1	31	90	90	catalunya ||☆||	056
@jordigarri91	<a href="https://twitter.com/jordigarri91" target="_blank">jordigarri91</a>	0	1	0					090
@jordigb3	<a href="https://twitter.com/jordigb3" target="_blank">jordigb3</a>	2	1	0	177	149	2828		095
@jordijoanferre	<a href="https://twitter.com/jordijoanferre" target="_blank">jordijoanferre</a>	10	0	1	337	733	9708	On my way to Catalonia	013
@jordimirosa	<a href="https://twitter.com/jordimirosa" target="_blank">jordimirosa</a>	1	0	1	48	351	436		022
@JordiOrell	<a href="https://twitter.com/JordiOrell" target="_blank">JordiOrell</a>	1	0	1	48	267	10	Menorca ✈ Barcelona	040
@jordisendra	<a href="https://twitter.com/jordisendra" target="_blank">jordisendra</a>	10	0	1	3453	3513	29032	Tarragona, CATALUNYA	093
@josepbartroli	<a href="https://twitter.com/josepbartroli" target="_blank">josepbartroli</a>	27	0	2	830	1937	13648	Barcelona	049
@JosepmariaJosep	<a href="https://twitter.com/JosepmariaJosep" target="_blank">JosepmariaJosep</a>	17	0	1	301	534	8947	Barcelona, España	003
@jplanella	<a href="https://twitter.com/jplanella" target="_blank">jplanella</a>	1	0	1	30	90	796	PPCC	107
@jq__________	<a href="https://twitter.com/jq__________" target="_blank">jq__________</a>	1	0	1	282	357	34590		018
@jttarpieyyy	<a href="https://twitter.com/jttarpieyyy" target="_blank">jttarpieyyy</a>	1	0	1	74	63	7354		006
@Juampa93_	<a href="https://twitter.com/Juampa93_" target="_blank">Juampa93_</a>	2	0	1	547	265	4355	Ciudad Del Betis	007
@juanjo_malaga90	<a href="https://twitter.com/juanjo_malaga90" target="_blank">juanjo_malaga90</a>	1	0	1	394	609	3410		007
@juanjofdezsola	<a href="https://twitter.com/juanjofdezsola" target="_blank">juanjofdezsola</a>	2	2	0	2640	646	18595		049
@JuanmaRamos23	<a href="https://twitter.com/JuanmaRamos23" target="_blank">JuanmaRamos23</a>	6	1	0	210	252	1879		089
@Juanmi_News	<a href="https://twitter.com/Juanmi_News" target="_blank">Juanmi_News</a>	6	25	0	49529	112	99605	Sevilla	001
@JuanNegrin	<a href="https://twitter.com/JuanNegrin" target="_blank">JuanNegrin</a>	1	0	1	455	390	24821	Calamonte-Cáceres	025
@juanxito_9	<a href="https://twitter.com/juanxito_9" target="_blank">juanxito_9</a>	1	0	1	1771	5000	93537	Madrid (Barcelona)	021
@Jud0ThaGod	<a href="https://twitter.com/Jud0ThaGod" target="_blank">Jud0ThaGod</a>	1	0	1	70	1841	5219	Zone 6 Atlanta,GA	006
@judfont	<a href="https://twitter.com/judfont" target="_blank">judfont</a>	0	1	0					084
@JuG_768xXx	<a href="https://twitter.com/JuG_768xXx" target="_blank">JuG_768xXx</a>	1	0	1	57	94	7083	Russellville, KY	006
@Juh_R_Ruh207	<a href="https://twitter.com/Juh_R_Ruh207" target="_blank">Juh_R_Ruh207</a>	1	0	1	61	458	7321	Starkville, MS	006
@JulianAssange	<a href="https://twitter.com/JulianAssange" target="_blank">JulianAssange</a>	2	4	0	438828	1	3018	Everywhere	001
@JulianLmacia9	<a href="https://twitter.com/JulianLmacia9" target="_blank">JulianLmacia9</a>	1	0	1	55	1493	1359		006
@JulioGa38116048	<a href="https://twitter.com/JulioGa38116048" target="_blank">JulioGa38116048</a>	1	0	1	52	150	2349	España	001
@Jus_DntGve4Fuc	<a href="https://twitter.com/Jus_DntGve4Fuc" target="_blank">Jus_DntGve4Fuc</a>	1	0	1	79	453	7372	3rd ward tx bish Htwn i reside	006
@just_j0ya	<a href="https://twitter.com/just_j0ya" target="_blank">just_j0ya</a>	1	0	1	53	422	7190	Atlanta	006
@JustDion2	<a href="https://twitter.com/JustDion2" target="_blank">JustDion2</a>	1	0	1	58	2279	1274		006
@JustDlmples	<a href="https://twitter.com/JustDlmples" target="_blank">JustDlmples</a>	1	0	1	67	2287	1245	On the road to success	006
@justlikethat5	<a href="https://twitter.com/justlikethat5" target="_blank">justlikethat5</a>	1	0	1	1207	1079	31586	Catalunya	012
@kai__simson	<a href="https://twitter.com/kai__simson" target="_blank">kai__simson</a>	1	0	1	90	2257	1230	earth	006
@Kalkinator9308	<a href="https://twitter.com/Kalkinator9308" target="_blank">Kalkinator9308</a>	1	0	1	54	2197	981	Michigan	006
@KarmatlcKandyy	<a href="https://twitter.com/KarmatlcKandyy" target="_blank">KarmatlcKandyy</a>	1	0	1	45	57	5338	Atlanta, Georgia	006
@KateiynMWood	<a href="https://twitter.com/KateiynMWood" target="_blank">KateiynMWood</a>	1	0	1	68	2258	1257	U.S.A.	006
@kates_7322	<a href="https://twitter.com/kates_7322" target="_blank">kates_7322</a>	1	0	1	219	850	2093	Melbourne Australia	006
@kathornton0741	<a href="https://twitter.com/kathornton0741" target="_blank">kathornton0741</a>	1	0	1	54	44	7145	♥ Texas ♥	006
@kaulem4	<a href="https://twitter.com/kaulem4" target="_blank">kaulem4</a>	1	0	1	52	61	5158	somewhere in the US of A	006
@Kayia_GNF	<a href="https://twitter.com/Kayia_GNF" target="_blank">Kayia_GNF</a>	1	0	1	57	90	5254	Chicago IL,	006
@KeithMorrisAber	<a href="https://twitter.com/KeithMorrisAber" target="_blank">KeithMorrisAber</a>	0	37	0					008
@Kelly_Nicole57	<a href="https://twitter.com/Kelly_Nicole57" target="_blank">Kelly_Nicole57</a>	1	0	1	69	670	7070	Florida, United States	006
@KelseyCraln	<a href="https://twitter.com/KelseyCraln" target="_blank">KelseyCraln</a>	1	0	1	75	70	7343	Dallas	006
@KenVigllant	<a href="https://twitter.com/KenVigllant" target="_blank">KenVigllant</a>	1	0	1	92	2252	1243	Lone Star State	006
@kerbstomp56	<a href="https://twitter.com/kerbstomp56" target="_blank">kerbstomp56</a>	1	0	1	50	2319	1455	Albuquerque	006
@kevinperkasa22	<a href="https://twitter.com/kevinperkasa22" target="_blank">kevinperkasa22</a>	1	0	1	49	1523	1436	Mukilteo, Seattle	006
@khalifornlacam	<a href="https://twitter.com/khalifornlacam" target="_blank">khalifornlacam</a>	1	0	1	66	2294	1269	Dover	006
@kidrauhloving	<a href="https://twitter.com/kidrauhloving" target="_blank">kidrauhloving</a>	3	0	1	937	652	35385		001
@kilkirberde	<a href="https://twitter.com/kilkirberde" target="_blank">kilkirberde</a>	2	0	1	25	171	595		009
@kimberlymontse1	<a href="https://twitter.com/kimberlymontse1" target="_blank">kimberlymontse1</a>	1	0	1	4855	4337	111852	#EyesWideOpen #KnowYourChemistry	097
@Kirasua1	<a href="https://twitter.com/Kirasua1" target="_blank">Kirasua1</a>	1	0	1	6	65	21		101
@kitllydi	<a href="https://twitter.com/kitllydi" target="_blank">kitllydi</a>	1	0	1	86	2224	1304		006
@KlmTHutchinson	<a href="https://twitter.com/KlmTHutchinson" target="_blank">KlmTHutchinson</a>	1	0	1	62	1539	1392	Pembroke Lakes, Florida	006
@koaiaburrx	<a href="https://twitter.com/koaiaburrx" target="_blank">koaiaburrx</a>	1	0	1	63	96	7147	Terre Haute	006
@konagirl59905	<a href="https://twitter.com/konagirl59905" target="_blank">konagirl59905</a>	1	0	1	109	2272	1261	Kailua Kona	006
@koopaconan	<a href="https://twitter.com/koopaconan" target="_blank">koopaconan</a>	0	6	0					015
@kscrowther83	<a href="https://twitter.com/kscrowther83" target="_blank">kscrowther83</a>	1	0	1	36	1583	1159	Cincinnati, OH	006
@KT0umbs	<a href="https://twitter.com/KT0umbs" target="_blank">KT0umbs</a>	1	0	1	73	2279	1251	Newcastle, OK	006
@ktpeab0dy	<a href="https://twitter.com/ktpeab0dy" target="_blank">ktpeab0dy</a>	1	0	1	82	2289	1438	Fishers Island	006
@KultureShock65	<a href="https://twitter.com/KultureShock65" target="_blank">KultureShock65</a>	1	0	1	40	903	6281	Anywhere theres music!	006
@kuromiaiko	<a href="https://twitter.com/kuromiaiko" target="_blank">kuromiaiko</a>	0	4	0					017
@kvisleis	<a href="https://twitter.com/kvisleis" target="_blank">kvisleis</a>	3	0	2	1614	5000	13953	Edinburgh, Scotland	034
@kvrju4rez	<a href="https://twitter.com/kvrju4rez" target="_blank">kvrju4rez</a>	1	0	1	60	87	7392	Columbus, Ohio	006
@l_AM_SUpA	<a href="https://twitter.com/l_AM_SUpA" target="_blank">l_AM_SUpA</a>	1	0	1	68	832	7263	Planet  Krypton	006
@l_AmDhadChiick	<a href="https://twitter.com/l_AmDhadChiick" target="_blank">l_AmDhadChiick</a>	1	0	1	62	489	5203	W / Rich Homie Quan	006
@lanmeansdyer	<a href="https://twitter.com/lanmeansdyer" target="_blank">lanmeansdyer</a>	1	0	1	68	1711	7309	baton rouge, la	006
@lau_mvargas	<a href="https://twitter.com/lau_mvargas" target="_blank">lau_mvargas</a>	0	1	0					059
@LauraCiriza	<a href="https://twitter.com/LauraCiriza" target="_blank">LauraCiriza</a>	1	0	1	249	125	36643	Perranth ✨	007
@lauralruiz	<a href="https://twitter.com/lauralruiz" target="_blank">lauralruiz</a>	0	5	0					016
@LaurenSlvley	<a href="https://twitter.com/LaurenSlvley" target="_blank">LaurenSlvley</a>	1	0	1	56	1903	1352	Dallas, TX	006
@LaXinaDelRaval	<a href="https://twitter.com/LaXinaDelRaval" target="_blank">LaXinaDelRaval</a>	1	0	1	17	104	438		018
@ldf2017	<a href="https://twitter.com/ldf2017" target="_blank">ldf2017</a>	1	0	1	12	105	199	Maresme, Cataluña, España	096
@Lefifou85	<a href="https://twitter.com/Lefifou85" target="_blank">Lefifou85</a>	1	0	1	10	48	250	Univers	047
@LeHavreLutte	<a href="https://twitter.com/LeHavreLutte" target="_blank">LeHavreLutte</a>	0	2	0					047
@Leroy69Leroy	<a href="https://twitter.com/Leroy69Leroy" target="_blank">Leroy69Leroy</a>	3	0	1	153	230	10711		009
@LesBauxdeProven	<a href="https://twitter.com/LesBauxdeProven" target="_blank">LesBauxdeProven</a>	2	0	1	345	346	23567		009
@leslleseuffert	<a href="https://twitter.com/leslleseuffert" target="_blank">leslleseuffert</a>	1	0	1	67	2286	1263	New York City	006
@letmallkudown	<a href="https://twitter.com/letmallkudown" target="_blank">letmallkudown</a>	1	0	1	60	521	7234	☹ stuck in the fanzone ☹	006
@LGBTQIArelatlon	<a href="https://twitter.com/LGBTQIArelatlon" target="_blank">LGBTQIArelatlon</a>	1	0	1	46	1528	1276	California	006
@LILJAE0274	<a href="https://twitter.com/LILJAE0274" target="_blank">LILJAE0274</a>	1	0	1	52	116	7421	Richmond VA	006
@liMisTv	<a href="https://twitter.com/liMisTv" target="_blank">liMisTv</a>	1	0	1	54	88	7332	United States of America	006
@LittleDesastre	<a href="https://twitter.com/LittleDesastre" target="_blank">LittleDesastre</a>	3	0	1	1085	2453	93907	Ciudad K	007
@lizzie6191	<a href="https://twitter.com/lizzie6191" target="_blank">lizzie6191</a>	1	0	1	1547	1573	31930	Abernethy Scotland	008
@LJlzzo	<a href="https://twitter.com/LJlzzo" target="_blank">LJlzzo</a>	1	0	1	53	104	5276	Raleigh, North Carolina	006
@LKalimanjlra	<a href="https://twitter.com/LKalimanjlra" target="_blank">LKalimanjlra</a>	1	0	1	73	2291	1378	New York	006
@llagosteraj	<a href="https://twitter.com/llagosteraj" target="_blank">llagosteraj</a>	14	0	1	527	1971	16237	Campinas, São Paulo, Brasil	081
@Llansky_	<a href="https://twitter.com/Llansky_" target="_blank">Llansky_</a>	1	0	1	55	77	7299		006
@lLauraa__M	<a href="https://twitter.com/lLauraa__M" target="_blank">lLauraa__M</a>	1	0	1	53	980	1232	@Mllee_paulineL ❤️.	006
@Llibertatcat	<a href="https://twitter.com/Llibertatcat" target="_blank">Llibertatcat</a>	18	5	0	23922	17014	54723	Països Catalans	002
@Lll_Yo_TuFF	<a href="https://twitter.com/Lll_Yo_TuFF" target="_blank">Lll_Yo_TuFF</a>	1	0	1	57	87	7180	Tennessee	006
@LllLaDyXXX_	<a href="https://twitter.com/LllLaDyXXX_" target="_blank">LllLaDyXXX_</a>	1	0	1	55	55	7074	Dodge City Ks	006
@LlLNATEBOY	<a href="https://twitter.com/LlLNATEBOY" target="_blank">LlLNATEBOY</a>	1	0	1	53	88	7162	St.Louis	006
@LlttleMahela	<a href="https://twitter.com/LlttleMahela" target="_blank">LlttleMahela</a>	1	0	1	65	717	7339	Tennessee	006
@LluisRealKlein	<a href="https://twitter.com/LluisRealKlein" target="_blank">LluisRealKlein</a>	8	0	1	2487	3999	31126	Barcelona - Catalunya	017
@llunaonline	<a href="https://twitter.com/llunaonline" target="_blank">llunaonline</a>	1	0	1	295	581	808	Barcelona	089
@LManen	<a href="https://twitter.com/LManen" target="_blank">LManen</a>	1	0	1	702	375	2390	Barcelona	091
@lmGaySoWhat_	<a href="https://twitter.com/lmGaySoWhat_" target="_blank">lmGaySoWhat_</a>	1	0	1	272	109	7694	New Jersey	006
@lmma_DoMhe	<a href="https://twitter.com/lmma_DoMhe" target="_blank">lmma_DoMhe</a>	1	0	1	72	44	7220	columbus ohio	006
@lnternationalTJ	<a href="https://twitter.com/lnternationalTJ" target="_blank">lnternationalTJ</a>	1	0	1	62	50	7286	reddog land	006
@lntricate_Life	<a href="https://twitter.com/lntricate_Life" target="_blank">lntricate_Life</a>	1	0	1	60	71	7289	My Happy Place, Ca	006
@logan__gaskill	<a href="https://twitter.com/logan__gaskill" target="_blank">logan__gaskill</a>	1	0	1	49	1588	1294	Emporia	006
@Lorekrx8	<a href="https://twitter.com/Lorekrx8" target="_blank">Lorekrx8</a>	1	0	1	418	256	24409		007
@LORICBCN	<a href="https://twitter.com/LORICBCN" target="_blank">LORICBCN</a>	5	0	1	53	206	2014		003
@LosGatosLlbrary	<a href="https://twitter.com/LosGatosLlbrary" target="_blank">LosGatosLlbrary</a>	1	0	1	80	73	7264	Los Gatos, CA	006
@Lour_destiny	<a href="https://twitter.com/Lour_destiny" target="_blank">Lour_destiny</a>	1	0	1	79	220	378	Girona, Catalunya.	001
@LousyTr0uts	<a href="https://twitter.com/LousyTr0uts" target="_blank">LousyTr0uts</a>	1	0	1	67	2269	1394	milwaukee	006
@Love__Shakyra	<a href="https://twitter.com/Love__Shakyra" target="_blank">Love__Shakyra</a>	1	0	1	79	2262	1243	Fayetteville, NC	006
@lovelyshea74	<a href="https://twitter.com/lovelyshea74" target="_blank">lovelyshea74</a>	1	0	1	61	69	7283	little rock	006
@LRS633	<a href="https://twitter.com/LRS633" target="_blank">LRS633</a>	1	0	1	57	63	7414	MKE	006
@lsabeljaney	<a href="https://twitter.com/lsabeljaney" target="_blank">lsabeljaney</a>	1	0	1	69	1799	1400	New York	006
@lsha_Hefner	<a href="https://twitter.com/lsha_Hefner" target="_blank">lsha_Hefner</a>	1	0	1	61	44	7354	in the burbs	006
@ltsABoyMahomie	<a href="https://twitter.com/ltsABoyMahomie" target="_blank">ltsABoyMahomie</a>	1	0	1	65	57	7408	Waiting For Austin's Follow	006
@LucyAud	<a href="https://twitter.com/LucyAud" target="_blank">LucyAud</a>	1	0	1	502	766	3191	Gibraltar	102
@luismendozadl	<a href="https://twitter.com/luismendozadl" target="_blank">luismendozadl</a>	9	0	9	78	220	1860	Querétaro	001
@lur85	<a href="https://twitter.com/lur85" target="_blank">lur85</a>	1	0	1	75	480	1370	Barcelona	003
@Lyndanl78	<a href="https://twitter.com/Lyndanl78" target="_blank">Lyndanl78</a>	1	0	1	341	1914	8176		006
@LYP_Offlcial	<a href="https://twitter.com/LYP_Offlcial" target="_blank">LYP_Offlcial</a>	1	0	1	69	910	7216	Los Angeles CALI	006
@M0_Judge	<a href="https://twitter.com/M0_Judge" target="_blank">M0_Judge</a>	1	0	1	69	76	7328	Bay Area, CA	006
@m0rgangwynn	<a href="https://twitter.com/m0rgangwynn" target="_blank">m0rgangwynn</a>	1	0	1	59	1826	1242	Auburn	006
@m3eshkm	<a href="https://twitter.com/m3eshkm" target="_blank">m3eshkm</a>	1	0	1	57	81	7266	Los Angeles, California	006
@M4ryCBurgess	<a href="https://twitter.com/M4ryCBurgess" target="_blank">M4ryCBurgess</a>	1	0	1	81	1673	7188	Columbus, OH	006
@Macgraw165	<a href="https://twitter.com/Macgraw165" target="_blank">Macgraw165</a>	3	0	1	564	415	151197	Las Palmas de Gran Canaria.	015
@MacheenInc265	<a href="https://twitter.com/MacheenInc265" target="_blank">MacheenInc265</a>	1	0	1	60	1583	1373	Austin, TX	006
@mackeiham	<a href="https://twitter.com/mackeiham" target="_blank">mackeiham</a>	1	0	1	237	376	11017	El mundo	007
@Madison__Grand	<a href="https://twitter.com/Madison__Grand" target="_blank">Madison__Grand</a>	1	0	1	76	2280	1318	Madison, MN	006
@madlsynforever	<a href="https://twitter.com/madlsynforever" target="_blank">madlsynforever</a>	1	0	1	67	1003	7241	Home Of The Trillest	006
@Mailepq07	<a href="https://twitter.com/Mailepq07" target="_blank">Mailepq07</a>	1	0	1	479	1915	8197	Memphis	006
@Makotosama_85	<a href="https://twitter.com/Makotosama_85" target="_blank">Makotosama_85</a>	6	0	1	1505	136	46487	Vila del Pingüí (BCN)	039
@MAngelesdiaz38	<a href="https://twitter.com/MAngelesdiaz38" target="_blank">MAngelesdiaz38</a>	1	0	1	242	186	2226	españa	083
@MangelsLors	<a href="https://twitter.com/MangelsLors" target="_blank">MangelsLors</a>	2	0	1	37	85	174		092
@ManKastie	<a href="https://twitter.com/ManKastie" target="_blank">ManKastie</a>	1	0	1	57	474	5191	The Man Kastle, Chicago	006
@ManuFructuoso	<a href="https://twitter.com/ManuFructuoso" target="_blank">ManuFructuoso</a>	1	0	1	228	111	30835		007
@Mapiawater	<a href="https://twitter.com/Mapiawater" target="_blank">Mapiawater</a>	1	0	1	269	390	8742	Gotham	007
@Marc62060681	<a href="https://twitter.com/Marc62060681" target="_blank">Marc62060681</a>	0	2	0					003
@MarceMontanaro	<a href="https://twitter.com/MarceMontanaro" target="_blank">MarceMontanaro</a>	0	1	0					053
@MarcMar87721302	<a href="https://twitter.com/MarcMar87721302" target="_blank">MarcMar87721302</a>	6	0	1	168	1561	5684	Republic of Catalonia	008
@mardelumes	<a href="https://twitter.com/mardelumes" target="_blank">mardelumes</a>	7	1	0	1990	1057	3077	Galiza	051
@Margueritaxr76	<a href="https://twitter.com/Margueritaxr76" target="_blank">Margueritaxr76</a>	1	0	1	457	1911	8226		006
@MarinaAreste	<a href="https://twitter.com/MarinaAreste" target="_blank">MarinaAreste</a>	1	1	0	194	189	1028	Lleida - Dublin	050
@Marinagdr	<a href="https://twitter.com/Marinagdr" target="_blank">Marinagdr</a>	1	0	1	116	112	449	Madrid	007
@MarinaViedmaa	<a href="https://twitter.com/MarinaViedmaa" target="_blank">MarinaViedmaa</a>	1	0	1	171	376	821	Porreres(Mllc), PaïsosCatalans	040
@marionaboldu	<a href="https://twitter.com/marionaboldu" target="_blank">marionaboldu</a>	1	0	1	93	145	2695		075
@MarionaSF	<a href="https://twitter.com/MarionaSF" target="_blank">MarionaSF</a>	0	1	0					055
@marision7	<a href="https://twitter.com/marision7" target="_blank">marision7</a>	1	0	1	411	306	955	Aberystwyth	008
@markastrong2	<a href="https://twitter.com/markastrong2" target="_blank">markastrong2</a>	1	0	1	670	964	3580	CYMRU	008
@marlssareneexox	<a href="https://twitter.com/marlssareneexox" target="_blank">marlssareneexox</a>	1	0	1	89	83	7257	@weheartit follows me!!♡	006
@Marsal95	<a href="https://twitter.com/Marsal95" target="_blank">Marsal95</a>	45	0	1	938	1013	100690	Sant Hilari Sacalm. Catalunya	067
@martaroca27	<a href="https://twitter.com/martaroca27" target="_blank">martaroca27</a>	0	1	0					077
@martaropa	<a href="https://twitter.com/martaropa" target="_blank">martaropa</a>	3	0	1	242	380	5674	Igualada	029
@martintorres580	<a href="https://twitter.com/martintorres580" target="_blank">martintorres580</a>	1	0	1	47	1405	1314	White Plain, NY	006
@MattCorsica	<a href="https://twitter.com/MattCorsica" target="_blank">MattCorsica</a>	4	0	1	626	2157	11958	Corse	099
@mattykay__	<a href="https://twitter.com/mattykay__" target="_blank">mattykay__</a>	1	0	1	61	2267	1146	Fort Wayne, IN	006
@Mauriciomtz1899	<a href="https://twitter.com/Mauriciomtz1899" target="_blank">Mauriciomtz1899</a>	1	0	1	4	43	96	Distrito Federal, México	024
@Mayfernandez17	<a href="https://twitter.com/Mayfernandez17" target="_blank">Mayfernandez17</a>	1	0	1	577	814	18471		007
@MBTotorika	<a href="https://twitter.com/MBTotorika" target="_blank">MBTotorika</a>	1	0	1	1617	4998	183526	Bilbao, España	042
@McCullenMorrls	<a href="https://twitter.com/McCullenMorrls" target="_blank">McCullenMorrls</a>	1	0	1	66	75	7379	Hopkinsville, Ky	006
@McKenziX2	<a href="https://twitter.com/McKenziX2" target="_blank">McKenziX2</a>	1	0	1	37	1398	1173	Boston	006
@mcpedemonte	<a href="https://twitter.com/mcpedemonte" target="_blank">mcpedemonte</a>	2	1	0	297	468	3455	Vilassar de Mar, Barcelona	034
@MCruz_Nunez	<a href="https://twitter.com/MCruz_Nunez" target="_blank">MCruz_Nunez</a>	3	0	1	88	120	3332		010
@MeanGreenGoid	<a href="https://twitter.com/MeanGreenGoid" target="_blank">MeanGreenGoid</a>	1	0	1	54	1266	1309	DFW	006
@megan_foley6	<a href="https://twitter.com/megan_foley6" target="_blank">megan_foley6</a>	1	0	1	64	503	7352	Boston, MA / Villanova, PA	006
@meganvestll	<a href="https://twitter.com/meganvestll" target="_blank">meganvestll</a>	1	0	1	83	2231	1501		006
@men0verboard	<a href="https://twitter.com/men0verboard" target="_blank">men0verboard</a>	1	0	1	71	2282	1161		006
@menaillwyd	<a href="https://twitter.com/menaillwyd" target="_blank">menaillwyd</a>	1	0	1	242	381	7035		008
@michaelandrewg6	<a href="https://twitter.com/michaelandrewg6" target="_blank">michaelandrewg6</a>	1	0	1	78	2294	1503	Colorado	006
@MiguelRabaneda	<a href="https://twitter.com/MiguelRabaneda" target="_blank">MiguelRabaneda</a>	1	1	1	1713	779	4251	Wichita, KS	116
@mikayla__isugly	<a href="https://twitter.com/mikayla__isugly" target="_blank">mikayla__isugly</a>	1	0	1	50	2031	1221		006
@mikimateo68	<a href="https://twitter.com/mikimateo68" target="_blank">mikimateo68</a>	1	0	1	66	148	1412	Elche, España	046
@MiquelRudrigues	<a href="https://twitter.com/MiquelRudrigues" target="_blank">MiquelRudrigues</a>	12	0	1	364	1540	6694	Països Catalans	010
@MiraLomax	<a href="https://twitter.com/MiraLomax" target="_blank">MiraLomax</a>	4	0	1	193	228	19427	Madrid	009
@MireiaTweet	<a href="https://twitter.com/MireiaTweet" target="_blank">MireiaTweet</a>	1	0	1	47	81	1970	Catalunya	050
@MissDimples3883	<a href="https://twitter.com/MissDimples3883" target="_blank">MissDimples3883</a>	1	0	1	49	127	6251	Louisiana	006
@MissMae892	<a href="https://twitter.com/MissMae892" target="_blank">MissMae892</a>	1	0	1	107	2265	1273	Columbus, OHIO	006
@MissMensi	<a href="https://twitter.com/MissMensi" target="_blank">MissMensi</a>	4	0	1	48	116	2084		044
@Miturbolin	<a href="https://twitter.com/Miturbolin" target="_blank">Miturbolin</a>	3	0	1	110	276	2647		011
@MJosepBer	<a href="https://twitter.com/MJosepBer" target="_blank">MJosepBer</a>	1	0	1	13	55	351		012
@Mjusca_	<a href="https://twitter.com/Mjusca_" target="_blank">Mjusca_</a>	1	0	1	508	440	8715		026
@MKACITV5M	<a href="https://twitter.com/MKACITV5M" target="_blank">MKACITV5M</a>	2	4	0	11043	1477	7164	Paris, France	018
@mkrnyc2	<a href="https://twitter.com/mkrnyc2" target="_blank">mkrnyc2</a>	1	0	1	79	1787	7220	nyc	006
@MlkaelaRachel	<a href="https://twitter.com/MlkaelaRachel" target="_blank">MlkaelaRachel</a>	1	0	1	66	77	7325	Bernalillo, NM	006
@mlkepdyce	<a href="https://twitter.com/mlkepdyce" target="_blank">mlkepdyce</a>	1	0	1	40	496	6358	somewhere higherlearning in dc	006
@mlkesportsman	<a href="https://twitter.com/mlkesportsman" target="_blank">mlkesportsman</a>	1	0	1	90	2175	1202	Northfield	006
@Mlssteviwonder	<a href="https://twitter.com/Mlssteviwonder" target="_blank">Mlssteviwonder</a>	1	0	1	68	412	7249	Charleston	006
@Mlssz_Exquisite	<a href="https://twitter.com/Mlssz_Exquisite" target="_blank">Mlssz_Exquisite</a>	1	0	1	53	92	5310	brookhaven ms	006
@MlxtapeSD	<a href="https://twitter.com/MlxtapeSD" target="_blank">MlxtapeSD</a>	1	0	1	65	1774	7095	San Diego, CA	006
@mlzzdayzee	<a href="https://twitter.com/mlzzdayzee" target="_blank">mlzzdayzee</a>	1	0	1	59	2280	1365	Milton, Fl	006
@mmontesdorado	<a href="https://twitter.com/mmontesdorado" target="_blank">mmontesdorado</a>	19	0	1	122	379	19128	Mullant-me els peus al Rubicó	104
@mmwright75	<a href="https://twitter.com/mmwright75" target="_blank">mmwright75</a>	1	0	1	75	451	7051	Knoxville, TN	006
@moganiooney	<a href="https://twitter.com/moganiooney" target="_blank">moganiooney</a>	1	0	1	229	184	7818		006
@MONEYHUNGRY7845	<a href="https://twitter.com/MONEYHUNGRY7845" target="_blank">MONEYHUNGRY7845</a>	1	0	1	45	55	7025	waukegan	006
@moniATM13	<a href="https://twitter.com/moniATM13" target="_blank">moniATM13</a>	1	0	1	1317	2247	22896	España	007
@MonicaNJover	<a href="https://twitter.com/MonicaNJover" target="_blank">MonicaNJover</a>	7	0	1	248	401	10747		010
@MostPaldTourney	<a href="https://twitter.com/MostPaldTourney" target="_blank">MostPaldTourney</a>	1	0	1	74	2242	1297	North Carolina	006
@mpcmarcprat	<a href="https://twitter.com/mpcmarcprat" target="_blank">mpcmarcprat</a>	12	0	4	542	2032	5192		027
@Mr__Nine__Ace	<a href="https://twitter.com/Mr__Nine__Ace" target="_blank">Mr__Nine__Ace</a>	1	0	1	85	2264	1226		006
@MR_CEO_79	<a href="https://twitter.com/MR_CEO_79" target="_blank">MR_CEO_79</a>	1	0	1	47	1639	5263	✈️✈️✈️✈️✈️	006
@mrahumadaa120	<a href="https://twitter.com/mrahumadaa120" target="_blank">mrahumadaa120</a>	1	0	1	77	2287	1406	Nj	006
@MrsEff_	<a href="https://twitter.com/MrsEff_" target="_blank">MrsEff_</a>	1	0	1	1476	915	22605		008
@mrshannahh0ward	<a href="https://twitter.com/mrshannahh0ward" target="_blank">mrshannahh0ward</a>	1	0	1	70	78	7375	Texas	006
@MRSJEFFTHOMP05	<a href="https://twitter.com/MRSJEFFTHOMP05" target="_blank">MRSJEFFTHOMP05</a>	1	0	1	56	91	7148	Jasper,Ala FloresvilleTx	006
@MrsNeale2330	<a href="https://twitter.com/MrsNeale2330" target="_blank">MrsNeale2330</a>	1	0	1	66	1835	1365	Spartanburg, SC	006
@MrsP4rahunterD	<a href="https://twitter.com/MrsP4rahunterD" target="_blank">MrsP4rahunterD</a>	1	0	1	73	1821	7376	Massachusetts	006
@mrtoskis	<a href="https://twitter.com/mrtoskis" target="_blank">mrtoskis</a>	2	0	1	1261	1495	57575	Catalunya	001
@ms_northslde	<a href="https://twitter.com/ms_northslde" target="_blank">ms_northslde</a>	1	0	1	45	63	7013	EARTH	006
@MsAddlOh	<a href="https://twitter.com/MsAddlOh" target="_blank">MsAddlOh</a>	1	0	1	93	2294	1261	IOWA	006
@MsAimondd	<a href="https://twitter.com/MsAimondd" target="_blank">MsAimondd</a>	1	0	1	65	1685	7301	living life in paradise	006
@MsDannleHotness	<a href="https://twitter.com/MsDannleHotness" target="_blank">MsDannleHotness</a>	1	0	1	65	50	7362	Largo, MD	006
@msolermarce	<a href="https://twitter.com/msolermarce" target="_blank">msolermarce</a>	1	0	1	36	120	120		008
@muaburria	<a href="https://twitter.com/muaburria" target="_blank">muaburria</a>	2	0	1	226	35	38427	pozo negro	011
@MudbugsPub893	<a href="https://twitter.com/MudbugsPub893" target="_blank">MudbugsPub893</a>	1	0	1	60	2305	1421	Gulf Shores, AL	006
@muyfandel36	<a href="https://twitter.com/muyfandel36" target="_blank">muyfandel36</a>	0	2	0					001
@MyGlngersnaps	<a href="https://twitter.com/MyGlngersnaps" target="_blank">MyGlngersnaps</a>	1	0	1	57	76	5210	NYC	006
@MYRIAMcanto	<a href="https://twitter.com/MYRIAMcanto" target="_blank">MYRIAMcanto</a>	1	0	1	50	99	267	Cantoria	003
@MZADE9U	<a href="https://twitter.com/MZADE9U" target="_blank">MZADE9U</a>	1	0	1	84	2258	1240	LAWRENCEVILLE, GA	006
@MzCorlThickumms	<a href="https://twitter.com/MzCorlThickumms" target="_blank">MzCorlThickumms</a>	1	0	1	66	1252	5221	San Antonio, Texas	006
@MzV_Surfb0ard	<a href="https://twitter.com/MzV_Surfb0ard" target="_blank">MzV_Surfb0ard</a>	1	0	1	68	60	7202	Ms	006
@N0_MeansYes	<a href="https://twitter.com/N0_MeansYes" target="_blank">N0_MeansYes</a>	1	0	1	53	98	7120	Los Angeles, California	006
@NabongAiyssa	<a href="https://twitter.com/NabongAiyssa" target="_blank">NabongAiyssa</a>	1	0	1	75	471	7298	BCUT7 Wonderland	006
@NachoVillalba01	<a href="https://twitter.com/NachoVillalba01" target="_blank">NachoVillalba01</a>	1	0	1	24	49	1103	Málaga	007
@Nagore_93	<a href="https://twitter.com/Nagore_93" target="_blank">Nagore_93</a>	1	0	1	215	491	8247		007
@naniinanii_	<a href="https://twitter.com/naniinanii_" target="_blank">naniinanii_</a>	1	1	0	60	195	292		109
@Natacha4591	<a href="https://twitter.com/Natacha4591" target="_blank">Natacha4591</a>	1	0	1	9	67	1645		021
@natashabiaess	<a href="https://twitter.com/natashabiaess" target="_blank">natashabiaess</a>	1	0	1	40	1215	1167	Manistique, Michigan	006
@NatBrugat	<a href="https://twitter.com/NatBrugat" target="_blank">NatBrugat</a>	11	0	2	194	1055	2890	torroella de montgri	045
@NateGardnerNYC3	<a href="https://twitter.com/NateGardnerNYC3" target="_blank">NateGardnerNYC3</a>	1	0	1	69	2283	1210	New York City	006
@NavarroJosep	<a href="https://twitter.com/NavarroJosep" target="_blank">NavarroJosep</a>	0	1	0					108
@Neaaath200	<a href="https://twitter.com/Neaaath200" target="_blank">Neaaath200</a>	1	0	1	72	166	1739	Barcelona, Spain	007
@neko_mizu	<a href="https://twitter.com/neko_mizu" target="_blank">neko_mizu</a>	1	0	1	145	476	3134		007
@NerdetteAngle	<a href="https://twitter.com/NerdetteAngle" target="_blank">NerdetteAngle</a>	1	0	1	63	64	7110	HAYWARD, CA	006
@Nereavicnte_	<a href="https://twitter.com/Nereavicnte_" target="_blank">Nereavicnte_</a>	1	0	1	697	994	15179	Madrid-Zamora-Sanabria	026
@Neusleon	<a href="https://twitter.com/Neusleon" target="_blank">Neusleon</a>	0	8	0					003
@nGageLabs708	<a href="https://twitter.com/nGageLabs708" target="_blank">nGageLabs708</a>	1	0	1	59	2244	1357	Scottsdale, Arizona	006
@niceworldx	<a href="https://twitter.com/niceworldx" target="_blank">niceworldx</a>	6	1	0	1140	1875	28369	Pineda de Mar	113
@NickJB0721	<a href="https://twitter.com/NickJB0721" target="_blank">NickJB0721</a>	1	0	1	49	80	7278	Jensen Beach, Florida	006
@nicoleolson4225	<a href="https://twitter.com/nicoleolson4225" target="_blank">nicoleolson4225</a>	1	0	1	71	2280	1266	North Dakota	006
@nigromantis	<a href="https://twitter.com/nigromantis" target="_blank">nigromantis</a>	1	0	1	169	268	5496	En algun lugar	007
@NikkiBivens9	<a href="https://twitter.com/NikkiBivens9" target="_blank">NikkiBivens9</a>	1	0	1	77	1755	7324	Maysville, Wv (;	006
@nil_masso	<a href="https://twitter.com/nil_masso" target="_blank">nil_masso</a>	3	1	0	35	100	118		107
@NlckQueenOfMeme	<a href="https://twitter.com/NlckQueenOfMeme" target="_blank">NlckQueenOfMeme</a>	1	0	1	76	2295	1478	Seattle, WA	006
@nlkepolo_	<a href="https://twitter.com/nlkepolo_" target="_blank">nlkepolo_</a>	1	0	1	62	1627	7153	In ya hoe...While you work!!	006
@NlnaSmart	<a href="https://twitter.com/NlnaSmart" target="_blank">NlnaSmart</a>	1	0	1	45	1502	1174		006
@nlw41	<a href="https://twitter.com/nlw41" target="_blank">nlw41</a>	1	0	1	75	2236	1189	Milky Way Galaxy, Earth ;)	006
@NNadela	<a href="https://twitter.com/NNadela" target="_blank">NNadela</a>	1	0	1	41	56	129		043
@NoirMiller	<a href="https://twitter.com/NoirMiller" target="_blank">NoirMiller</a>	1	0	1	513	155	92527	Aquí, Allá	001
@NomiLP	<a href="https://twitter.com/NomiLP" target="_blank">NomiLP</a>	3	0	1	124	582	2331	Catalunya	035
@nordicca	<a href="https://twitter.com/nordicca" target="_blank">nordicca</a>	2	0	1	1977	1994	20005	Cataluña	011
@notecortespavo	<a href="https://twitter.com/notecortespavo" target="_blank">notecortespavo</a>	0	14	0					009
@nsabate4	<a href="https://twitter.com/nsabate4" target="_blank">nsabate4</a>	1	1	0	878	1039	3096	Reus/Cambrils	106
@NuriaMonfulleda	<a href="https://twitter.com/NuriaMonfulleda" target="_blank">NuriaMonfulleda</a>	0	3	0					048
@Nwdls	<a href="https://twitter.com/Nwdls" target="_blank">Nwdls</a>	3	0	1	4290	1346	28136	Gwalaxia	008
@nwennakal	<a href="https://twitter.com/nwennakal" target="_blank">nwennakal</a>	1	0	1	72	747	7359	Philadelphia	006
@ObjetivoCOBRAR	<a href="https://twitter.com/ObjetivoCOBRAR" target="_blank">ObjetivoCOBRAR</a>	2	0	2	159	75	11736		048
@odeitxu_fer	<a href="https://twitter.com/odeitxu_fer" target="_blank">odeitxu_fer</a>	1	0	1	121	150	458	EUSKAL HERRIA:)	014
@offlcialannajee	<a href="https://twitter.com/offlcialannajee" target="_blank">offlcialannajee</a>	1	0	1	85	1803	7419	The Delta	006
@OGDlmples_Hoe	<a href="https://twitter.com/OGDlmples_Hoe" target="_blank">OGDlmples_Hoe</a>	1	0	1	54	64	6371	saint louis,MO	006
@OGeeiarBear	<a href="https://twitter.com/OGeeiarBear" target="_blank">OGeeiarBear</a>	1	0	1	56	117	7288	San Bernardino Cail	006
@OhhLoulsT	<a href="https://twitter.com/OhhLoulsT" target="_blank">OhhLoulsT</a>	1	0	1	83	2306	1226	Under your bed..	006
@oihanelouro	<a href="https://twitter.com/oihanelouro" target="_blank">oihanelouro</a>	1	0	1	281	261	13345		007
@OlaPropolis	<a href="https://twitter.com/OlaPropolis" target="_blank">OlaPropolis</a>	1	2	0	95	176	201	Bergen	041
@Olatzerozortzi	<a href="https://twitter.com/Olatzerozortzi" target="_blank">Olatzerozortzi</a>	1	0	1	244	238	298		014
@oldtown_93	<a href="https://twitter.com/oldtown_93" target="_blank">oldtown_93</a>	3	0	1	1244	785	29060	Ao pé do carballo nun buraco	010
@olgagd97	<a href="https://twitter.com/olgagd97" target="_blank">olgagd97</a>	1	0	1	426	418	6605	L.A / Cartagena / Murcia	007
@OnaCastellvi	<a href="https://twitter.com/OnaCastellvi" target="_blank">OnaCastellvi</a>	1	0	1	0	63	24		001
@OneLlfeLiveWell	<a href="https://twitter.com/OneLlfeLiveWell" target="_blank">OneLlfeLiveWell</a>	1	0	1	83	450	7418	Atlanta, GA and Everywhere	006
@oniegrina	<a href="https://twitter.com/oniegrina" target="_blank">oniegrina</a>	1	0	1	110	386	6905	Inglaterra siglo XVI	063
@OnnoSeroo	<a href="https://twitter.com/OnnoSeroo" target="_blank">OnnoSeroo</a>	2	0	1	208	1954	555		001
@opiqueb	<a href="https://twitter.com/opiqueb" target="_blank">opiqueb</a>	4	0	1	611	835	6834	Catalunya	009
@OplnionedPagan	<a href="https://twitter.com/OplnionedPagan" target="_blank">OplnionedPagan</a>	1	0	1	77	106	7376	Philadelphia, Pa	006
@Orangereix	<a href="https://twitter.com/Orangereix" target="_blank">Orangereix</a>	1	0	1	394	770	14681	Lorca, Spain	007
@orchinchilla	<a href="https://twitter.com/orchinchilla" target="_blank">orchinchilla</a>	4	0	1	209	389	6869	Meudon, Hauts-de-Seine (92)	003
@Orren_Lewls	<a href="https://twitter.com/Orren_Lewls" target="_blank">Orren_Lewls</a>	1	0	1	58	501	7222	Louisiana	006
@oscarmilan13	<a href="https://twitter.com/oscarmilan13" target="_blank">oscarmilan13</a>	1	0	1	312	348	3641		007
@Outiaw_lex	<a href="https://twitter.com/Outiaw_lex" target="_blank">Outiaw_lex</a>	1	0	1	52	78	7132	Where you're not..	006
@Ovallezinho18	<a href="https://twitter.com/Ovallezinho18" target="_blank">Ovallezinho18</a>	1	0	1	16	20	17	Barcelona, España	007
@P3p_My_Tweets	<a href="https://twitter.com/P3p_My_Tweets" target="_blank">P3p_My_Tweets</a>	1	0	1	63	85	7391	Never Hated Land	006
@pablo22rv	<a href="https://twitter.com/pablo22rv" target="_blank">pablo22rv</a>	1	0	1	272	247	2192	Galiza	057
@pablocrresppo	<a href="https://twitter.com/pablocrresppo" target="_blank">pablocrresppo</a>	1	0	1	164	132	1354		007
@pablofelixgo	<a href="https://twitter.com/pablofelixgo" target="_blank">pablofelixgo</a>	1	0	1	380	224	4415	Zaragoza	019
@pabloMP2P	<a href="https://twitter.com/pabloMP2P" target="_blank">pabloMP2P</a>	1	0	1	22910	1361	17317	Madrid	009
@PaieoLab_SC	<a href="https://twitter.com/PaieoLab_SC" target="_blank">PaieoLab_SC</a>	1	0	1	70	1863	7134	HOLLY HILL, SC	006
@palacinpc	<a href="https://twitter.com/palacinpc" target="_blank">palacinpc</a>	6	0	1	723	2281	36588	catalunya, sistema solar	008
@pali17	<a href="https://twitter.com/pali17" target="_blank">pali17</a>	1	0	1	19	46	1079	argentina	070
@PancracioSagra2	<a href="https://twitter.com/PancracioSagra2" target="_blank">PancracioSagra2</a>	1	0	1	136	2346	4287		041
@papaTA0bob	<a href="https://twitter.com/papaTA0bob" target="_blank">papaTA0bob</a>	1	0	1	56	456	7363		006
@parxisxdemo	<a href="https://twitter.com/parxisxdemo" target="_blank">parxisxdemo</a>	7	4	0	88	1	136	Gavà	005
@patria_122	<a href="https://twitter.com/patria_122" target="_blank">patria_122</a>	1	0	1	37	1313	1236	Hoboken, NJ	006
@pau_la17	<a href="https://twitter.com/pau_la17" target="_blank">pau_la17</a>	1	0	1	70	89	1207	Barcelona, Catalunya	007
@PauAguilar8	<a href="https://twitter.com/PauAguilar8" target="_blank">PauAguilar8</a>	1	0	1	189	283	3748		007
@paucorcelles	<a href="https://twitter.com/paucorcelles" target="_blank">paucorcelles</a>	0	2	0					029
@PauDuranMar1	<a href="https://twitter.com/PauDuranMar1" target="_blank">PauDuranMar1</a>	3	0	3	35	123	345		001
@pauf_sj	<a href="https://twitter.com/pauf_sj" target="_blank">pauf_sj</a>	3	0	1	130	520	7955	Premià de Mar	010
@PeaceOneLuv174	<a href="https://twitter.com/PeaceOneLuv174" target="_blank">PeaceOneLuv174</a>	1	0	1	91	2221	1146	Alaska, USA	006
@PeachtreeDentai	<a href="https://twitter.com/PeachtreeDentai" target="_blank">PeachtreeDentai</a>	1	0	1	52	2218	1092	Northeast Louisiana	006
@peplanaespanyol	<a href="https://twitter.com/peplanaespanyol" target="_blank">peplanaespanyol</a>	6	1	0	599	625	11794		103
@perfxctmallkk	<a href="https://twitter.com/perfxctmallkk" target="_blank">perfxctmallkk</a>	1	0	1	55	67	7326	what, california	006
@Periko_1995	<a href="https://twitter.com/Periko_1995" target="_blank">Periko_1995</a>	1	0	1	551	452	14000	Euskal Herria	037
@ph08nix	<a href="https://twitter.com/ph08nix" target="_blank">ph08nix</a>	0	1	0					102
@phatsglrlz	<a href="https://twitter.com/phatsglrlz" target="_blank">phatsglrlz</a>	1	0	1	54	1546	1288	in sanity	006
@philippabrownn	<a href="https://twitter.com/philippabrownn" target="_blank">philippabrownn</a>	1	0	1	794	38	17701	Middlesbrough, England	021
@PhlGamFam	<a href="https://twitter.com/PhlGamFam" target="_blank">PhlGamFam</a>	1	0	1	58	94	7314	Richmond	006
@Phllfollows	<a href="https://twitter.com/Phllfollows" target="_blank">Phllfollows</a>	1	0	1	76	99	7244	VT, Miss MA	006
@PiexLg	<a href="https://twitter.com/PiexLg" target="_blank">PiexLg</a>	1	0	1	34	377	1158	NYC ATL	006
@piipe_ramirez51	<a href="https://twitter.com/piipe_ramirez51" target="_blank">piipe_ramirez51</a>	1	0	1	216	630	2437	Colombia	006
@PijoanRosa	<a href="https://twitter.com/PijoanRosa" target="_blank">PijoanRosa</a>	11	0	1	635	1154	47080	Baix Emporda	001
@PiliMelero00	<a href="https://twitter.com/PiliMelero00" target="_blank">PiliMelero00</a>	6	0	3	139	193	773		005
@PiPlayhouse	<a href="https://twitter.com/PiPlayhouse" target="_blank">PiPlayhouse</a>	1	0	1	70	1624	7156	211 S Columbus Blvd - Philly	006
@pitu_nava	<a href="https://twitter.com/pitu_nava" target="_blank">pitu_nava</a>	1	0	1	188	159	822	Nava del Rey	007
@PlaidCymruLdn	<a href="https://twitter.com/PlaidCymruLdn" target="_blank">PlaidCymruLdn</a>	1	0	1	340	466	3615	London, England	008
@pleasure_nlque	<a href="https://twitter.com/pleasure_nlque" target="_blank">pleasure_nlque</a>	1	0	1	58	49	7319	new york	006
@pompon92130	<a href="https://twitter.com/pompon92130" target="_blank">pompon92130</a>	1	0	1	83	549	5750	Pays Basque, Espagne	047
@PorscheEnthusla	<a href="https://twitter.com/PorscheEnthusla" target="_blank">PorscheEnthusla</a>	1	0	1	77	1663	7112	Oregon	006
@Pr3shRenee	<a href="https://twitter.com/Pr3shRenee" target="_blank">Pr3shRenee</a>	1	0	1	66	1593	7203	Shreveport, Louisiana	006
@preety283	<a href="https://twitter.com/preety283" target="_blank">preety283</a>	1	0	1	124	1605	7418	Clouds...	006
@Pretty_F4ceSade	<a href="https://twitter.com/Pretty_F4ceSade" target="_blank">Pretty_F4ceSade</a>	1	0	1	79	1767	7280	O-Zone	006
@PrettyPink_77	<a href="https://twitter.com/PrettyPink_77" target="_blank">PrettyPink_77</a>	1	0	1	74	1782	6166	Columbus Georgia	006
@PrlmaDonnaProds	<a href="https://twitter.com/PrlmaDonnaProds" target="_blank">PrlmaDonnaProds</a>	1	0	1	62	88	7299	San Antonio, Texas	006
@producedbyPJ	<a href="https://twitter.com/producedbyPJ" target="_blank">producedbyPJ</a>	1	0	1	923	1980	19372	Priego de Córdoba	007
@PseudolusBCN	<a href="https://twitter.com/PseudolusBCN" target="_blank">PseudolusBCN</a>	2	0	1	56	212	676	Barcelona	015
@Psykezzl	<a href="https://twitter.com/Psykezzl" target="_blank">Psykezzl</a>	1	0	1	78	2277	1355		006
@PuerlleRogue	<a href="https://twitter.com/PuerlleRogue" target="_blank">PuerlleRogue</a>	1	0	1	63	2303	1462	Rosewood.	006
@Que_Bes	<a href="https://twitter.com/Que_Bes" target="_blank">Que_Bes</a>	1	0	1	40	195	746	Girona - Catalunya	108
@QueNoooMeCallo	<a href="https://twitter.com/QueNoooMeCallo" target="_blank">QueNoooMeCallo</a>	2	0	2	110	75	10954		048
@quimmarce	<a href="https://twitter.com/quimmarce" target="_blank">quimmarce</a>	0	1	0					101
@Quisaba	<a href="https://twitter.com/Quisaba" target="_blank">Quisaba</a>	2	0	1	56	166	1110		012
@Quise40	<a href="https://twitter.com/Quise40" target="_blank">Quise40</a>	1	0	1	77	2267	1327	USA	006
@R0BERONE_KEYST_	<a href="https://twitter.com/R0BERONE_KEYST_" target="_blank">R0BERONE_KEYST_</a>	1	0	1	58	515	7216	Delhi, Ca	006
@Radulffum	<a href="https://twitter.com/Radulffum" target="_blank">Radulffum</a>	1	0	1	43	226	78	BARCELONA	009
@Ralncynamon	<a href="https://twitter.com/Ralncynamon" target="_blank">Ralncynamon</a>	1	0	1	87	971	7348	Earth is my Paradise ♥	006
@RalnHacks	<a href="https://twitter.com/RalnHacks" target="_blank">RalnHacks</a>	1	0	1	64	912	7177	Latest Victim	006
@RalnyCloudDays	<a href="https://twitter.com/RalnyCloudDays" target="_blank">RalnyCloudDays</a>	1	0	1	62	489	7091	~~FL~~	006
@ramonmorte8	<a href="https://twitter.com/ramonmorte8" target="_blank">ramonmorte8</a>	1	0	1	437	324	58689	Where amazing happens	007
@ramontremosa	<a href="https://twitter.com/ramontremosa" target="_blank">ramontremosa</a>	18	1	0	69364	1301	31183	BCN, CAT & EU	100
@randommuslcgirl	<a href="https://twitter.com/randommuslcgirl" target="_blank">randommuslcgirl</a>	1	0	1	60	436	7127	Georgia	006
@rapsiencyn	<a href="https://twitter.com/rapsiencyn" target="_blank">rapsiencyn</a>	3	0	1	1369	1723	77130	Llangrallo	008
@raquelgarne13	<a href="https://twitter.com/raquelgarne13" target="_blank">raquelgarne13</a>	1	0	1	192	177	1501		007
@raulcobole	<a href="https://twitter.com/raulcobole" target="_blank">raulcobole</a>	14	0	1	434	1535	3279	República Catalana	002
@RaySllvia	<a href="https://twitter.com/RaySllvia" target="_blank">RaySllvia</a>	1	0	1	59	80	7288	Sharon,Vermont	006
@Rayzlrr	<a href="https://twitter.com/Rayzlrr" target="_blank">Rayzlrr</a>	1	0	1	81	77	7449	Stamford Bridge	006
@rcomesmu	<a href="https://twitter.com/rcomesmu" target="_blank">rcomesmu</a>	1	0	1	1	29	222		001
@realgarcianerea	<a href="https://twitter.com/realgarcianerea" target="_blank">realgarcianerea</a>	1	0	1	585	443	49665	Pontevedra, España	007
@RealistlcallyMe	<a href="https://twitter.com/RealistlcallyMe" target="_blank">RealistlcallyMe</a>	1	0	1	43	2245	1195	Empire Under Construction	006
@rebeccadaitonx	<a href="https://twitter.com/rebeccadaitonx" target="_blank">rebeccadaitonx</a>	1	0	1	307	100	7779	Co Waterford Ireland	006
@Recarens	<a href="https://twitter.com/Recarens" target="_blank">Recarens</a>	8	0	1	122	66	1550	Arbúcies, España	011
@Refugeflmuslc	<a href="https://twitter.com/Refugeflmuslc" target="_blank">Refugeflmuslc</a>	1	0	1	46	1561	1300	FL	006
@Ren4BenaBaby	<a href="https://twitter.com/Ren4BenaBaby" target="_blank">Ren4BenaBaby</a>	1	0	1	48	61	5208	In the Kitchen Literally lol	006
@Rene5_02	<a href="https://twitter.com/Rene5_02" target="_blank">Rene5_02</a>	1	0	1	54	2236	1277	DMV...Iowa!!	006
@reservoirjocs	<a href="https://twitter.com/reservoirjocs" target="_blank">reservoirjocs</a>	3	0	1	584	414	391	Catalunya	005
@RestaAulla	<a href="https://twitter.com/RestaAulla" target="_blank">RestaAulla</a>	1	0	1	39	68	6306	Golden Gate	006
@RhodriLlwydMorg	<a href="https://twitter.com/RhodriLlwydMorg" target="_blank">RhodriLlwydMorg</a>	4	0	1	1867	2152	12483	Ceredigion	008
@riana2358hiq	<a href="https://twitter.com/riana2358hiq" target="_blank">riana2358hiq</a>	1	0	1	59	2153	1026		006
@rissarea21	<a href="https://twitter.com/rissarea21" target="_blank">rissarea21</a>	1	0	1	79	2372	1334	Texas	006
@Riverside__FM	<a href="https://twitter.com/Riverside__FM" target="_blank">Riverside__FM</a>	1	0	1	72	2288	1458	Roswell, GA	006
@rlckcolwell	<a href="https://twitter.com/rlckcolwell" target="_blank">rlckcolwell</a>	1	0	1	79	648	7303	West Virginia	006
@RlngsmuthLaw	<a href="https://twitter.com/RlngsmuthLaw" target="_blank">RlngsmuthLaw</a>	1	0	1	76	67	7271	Tustin, CA	006
@rlssapooh_	<a href="https://twitter.com/rlssapooh_" target="_blank">rlssapooh_</a>	1	0	1	69	838	7223	Denton Tx	006
@RoaDeiaFuente	<a href="https://twitter.com/RoaDeiaFuente" target="_blank">RoaDeiaFuente</a>	1	0	1	73	1776	7209	I'm in search of it...	006
@RoberTmac_	<a href="https://twitter.com/RoberTmac_" target="_blank">RoberTmac_</a>	1	0	1	442	252	13795	Entre Madrid y Balconete	007
@robwllmink	<a href="https://twitter.com/robwllmink" target="_blank">robwllmink</a>	1	0	1	65	1568	6991	West Virginia	006
@RocioCruz1977	<a href="https://twitter.com/RocioCruz1977" target="_blank">RocioCruz1977</a>	5	4	0	814	355	21847		021
@RockArias_94	<a href="https://twitter.com/RockArias_94" target="_blank">RockArias_94</a>	0	74	0					007
@ROGMARIMON	<a href="https://twitter.com/ROGMARIMON" target="_blank">ROGMARIMON</a>	18	0	1	145	190	1762		029
@RoiandTheReal	<a href="https://twitter.com/RoiandTheReal" target="_blank">RoiandTheReal</a>	1	0	1	121	2315	1415	Chicago IL	006
@rojayrosaflor	<a href="https://twitter.com/rojayrosaflor" target="_blank">rojayrosaflor</a>	1	0	1	5	69	114		082
@rommyarce	<a href="https://twitter.com/rommyarce" target="_blank">rommyarce</a>	2	1	0	4696	1995	4877	Madrid (Spain)	083
@Rosannen15	<a href="https://twitter.com/Rosannen15" target="_blank">Rosannen15</a>	1	0	1	328	1900	8183	Madrid	006
@roxcibear53	<a href="https://twitter.com/roxcibear53" target="_blank">roxcibear53</a>	1	0	1	62	85	7353	Nyc	006
@RussellRElliott	<a href="https://twitter.com/RussellRElliott" target="_blank">RussellRElliott</a>	4	0	1	2269	2156	56845	Gogledd Cymru	008
@RutiandCERT	<a href="https://twitter.com/RutiandCERT" target="_blank">RutiandCERT</a>	1	0	1	21	395	1188	Rutland, MA	006
@rwildrover	<a href="https://twitter.com/rwildrover" target="_blank">rwildrover</a>	3	0	1	189	1171	10666		020
@RWSof3052	<a href="https://twitter.com/RWSof3052" target="_blank">RWSof3052</a>	1	0	1	65	69	7484	Alabama	006
@ryan_donovan82	<a href="https://twitter.com/ryan_donovan82" target="_blank">ryan_donovan82</a>	1	0	1	113	2267	1316	California	006
@S0cramOrravan	<a href="https://twitter.com/S0cramOrravan" target="_blank">S0cramOrravan</a>	1	0	1	62	489	7297		006
@s0nyannette	<a href="https://twitter.com/s0nyannette" target="_blank">s0nyannette</a>	1	0	1	65	2242	1269	cleveland tn	006
@S0urPatchBxtch_	<a href="https://twitter.com/S0urPatchBxtch_" target="_blank">S0urPatchBxtch_</a>	1	0	1	55	485	7252	IG; felisha_rosalie.	006
@SadleCress	<a href="https://twitter.com/SadleCress" target="_blank">SadleCress</a>	1	0	1	67	2250	1249	Hollywood	006
@SadleSasser	<a href="https://twitter.com/SadleSasser" target="_blank">SadleSasser</a>	1	0	1	56	54	7055	Colorado	006
@Salvathorium	<a href="https://twitter.com/Salvathorium" target="_blank">Salvathorium</a>	14	0	1	95	253	1921	Barcelona, España	111
@sam10rc	<a href="https://twitter.com/sam10rc" target="_blank">sam10rc</a>	1	0	1	291	320	16940	Madrid, Spain (European Union)	007
@SamanthaBedf0rd	<a href="https://twitter.com/SamanthaBedf0rd" target="_blank">SamanthaBedf0rd</a>	1	0	1	58	2251	1214	Denver CO	006
@SandraLone99	<a href="https://twitter.com/SandraLone99" target="_blank">SandraLone99</a>	1	0	1	54	1404	1246	Torrance, CA	006
@sandratroule	<a href="https://twitter.com/sandratroule" target="_blank">sandratroule</a>	1	0	1	264	438	6602	Cantabria	007
@Sandriita_1992	<a href="https://twitter.com/Sandriita_1992" target="_blank">Sandriita_1992</a>	1	0	1	2178	676	124211	Bilbao - Santander	007
@sanjkhar0d	<a href="https://twitter.com/sanjkhar0d" target="_blank">sanjkhar0d</a>	1	0	1	64	706	7301	New Orleans	006
@santos_aangel	<a href="https://twitter.com/santos_aangel" target="_blank">santos_aangel</a>	1	0	1	289	1219	2367	sevilla	007
@sarahdawnseaie	<a href="https://twitter.com/sarahdawnseaie" target="_blank">sarahdawnseaie</a>	1	0	1	59	62	6315	TEXAS	006
@SaraTortosa1	<a href="https://twitter.com/SaraTortosa1" target="_blank">SaraTortosa1</a>	1	0	1	185	200	12138		017
@Saved_By_0SOS_	<a href="https://twitter.com/Saved_By_0SOS_" target="_blank">Saved_By_0SOS_</a>	1	0	1	68	2244	1220	Massachusetts	006
@Scre4mFa_Kassy	<a href="https://twitter.com/Scre4mFa_Kassy" target="_blank">Scre4mFa_Kassy</a>	1	0	1	78	1831	7256		006
@seather22	<a href="https://twitter.com/seather22" target="_blank">seather22</a>	1	0	1	972	50	20623	Barcelona, España	015
@SEGMATICPROMO34	<a href="https://twitter.com/SEGMATICPROMO34" target="_blank">SEGMATICPROMO34</a>	1	0	1	63	2253	1225	MIAMI BEACH FL	006
@Serafinahq38	<a href="https://twitter.com/Serafinahq38" target="_blank">Serafinahq38</a>	1	0	1	395	1867	8038	Rhode Island	006
@sergeyrag	<a href="https://twitter.com/sergeyrag" target="_blank">sergeyrag</a>	4	2	0	346	957	5086	Cardedeu, Catalunya	038
@SergioGa1980	<a href="https://twitter.com/SergioGa1980" target="_blank">SergioGa1980</a>	1	0	1	305	746	5338	Pamplona-Iruña	009
@SergiSeira	<a href="https://twitter.com/SergiSeira" target="_blank">SergiSeira</a>	2	0	1	44	136	481		009
@SergyRey	<a href="https://twitter.com/SergyRey" target="_blank">SergyRey</a>	1	0	1	135	174	1196	TORRETE	051
@sgranovskala	<a href="https://twitter.com/sgranovskala" target="_blank">sgranovskala</a>	1	0	1	72	2262	1221	NYC.	006
@Sh0ntaLattej	<a href="https://twitter.com/Sh0ntaLattej" target="_blank">Sh0ntaLattej</a>	1	0	1	65	2305	1416	USA, Tennessee	006
@ShaktiLila	<a href="https://twitter.com/ShaktiLila" target="_blank">ShaktiLila</a>	1	0	1	4204	5001	253479	California	112
@shann0nshowe	<a href="https://twitter.com/shann0nshowe" target="_blank">shann0nshowe</a>	1	0	1	88	2313	1434	Washington, DC	006
@Shaylavwg	<a href="https://twitter.com/Shaylavwg" target="_blank">Shaylavwg</a>	1	0	1	361	1914	8281	Van Nuts, California	006
@sheibysykex	<a href="https://twitter.com/sheibysykex" target="_blank">sheibysykex</a>	1	0	1	74	86	7039	Fall River, Massachusetts	006
@ShelbyKaln	<a href="https://twitter.com/ShelbyKaln" target="_blank">ShelbyKaln</a>	1	0	1	67	542	7354	Rossville, IL	006
@SherrondaDenlse	<a href="https://twitter.com/SherrondaDenlse" target="_blank">SherrondaDenlse</a>	1	0	1	67	1592	7248	Raleigh	006
@shit_happenss50	<a href="https://twitter.com/shit_happenss50" target="_blank">shit_happenss50</a>	1	0	1	77	2421	1309	Milford, D.E	006
@shitt_cheaa8	<a href="https://twitter.com/shitt_cheaa8" target="_blank">shitt_cheaa8</a>	1	0	1	46	113	7294	rayne	006
@Shizzlr8	<a href="https://twitter.com/Shizzlr8" target="_blank">Shizzlr8</a>	1	0	1	71	4266	1281	Miami	006
@ShlanLovesSRK	<a href="https://twitter.com/ShlanLovesSRK" target="_blank">ShlanLovesSRK</a>	1	0	1	92	2244	1227	WorldWide w/ SRKians	006
@ShlobvonRenee	<a href="https://twitter.com/ShlobvonRenee" target="_blank">ShlobvonRenee</a>	1	0	1	77	1019	7140	DETROIT/KANSAS CITY/MEMPHIS	006
@SHop472	<a href="https://twitter.com/SHop472" target="_blank">SHop472</a>	1	0	1	58	2289	1222	MKE to Tennessee	006
@ShtUp_lmTweetin	<a href="https://twitter.com/ShtUp_lmTweetin" target="_blank">ShtUp_lmTweetin</a>	1	0	1	73	89	7318	The Pyramid	006
@shul_evolution	<a href="https://twitter.com/shul_evolution" target="_blank">shul_evolution</a>	3	1	0	14970	1067	48171	Lavapiés	082
@sianhowys	<a href="https://twitter.com/sianhowys" target="_blank">sianhowys</a>	5	0	1	2217	2219	8725	Aberystwyth	008
@sicolley	<a href="https://twitter.com/sicolley" target="_blank">sicolley</a>	1	0	1	50	92	5306	Dallas, Texas	006
@SignsMary	<a href="https://twitter.com/SignsMary" target="_blank">SignsMary</a>	2	0	1	252	203	46566	United States	072
@silversampler	<a href="https://twitter.com/silversampler" target="_blank">silversampler</a>	4	0	1	1364	3010	53911	Españistan	001
@SilviabelB	<a href="https://twitter.com/SilviabelB" target="_blank">SilviabelB</a>	0	1	0					081
@silviablack	<a href="https://twitter.com/silviablack" target="_blank">silviablack</a>	1	0	1	309	342	42312		012
@Silvina_bruno1	<a href="https://twitter.com/Silvina_bruno1" target="_blank">Silvina_bruno1</a>	1	0	1	57	287	288		001
@SimonThomasAC	<a href="https://twitter.com/SimonThomasAC" target="_blank">SimonThomasAC</a>	0	1	0					080
@Sinconectar	<a href="https://twitter.com/Sinconectar" target="_blank">Sinconectar</a>	0	1	0					078
@SindicaEstudian	<a href="https://twitter.com/SindicaEstudian" target="_blank">SindicaEstudian</a>	6	8	0	21599	1386	17786	Estado español	011
@sinnfeinireland	<a href="https://twitter.com/sinnfeinireland" target="_blank">sinnfeinireland</a>	0	4	0					020
@siscugiralt	<a href="https://twitter.com/siscugiralt" target="_blank">siscugiralt</a>	1	0	1	4655	4991	26038	Catalunya	064
@siynnbuckner	<a href="https://twitter.com/siynnbuckner" target="_blank">siynnbuckner</a>	1	0	1	85	2280	1209	Raynham, MA	006
@skuzz__montana	<a href="https://twitter.com/skuzz__montana" target="_blank">skuzz__montana</a>	1	0	1	72	2270	1182		006
@slavetotheplg	<a href="https://twitter.com/slavetotheplg" target="_blank">slavetotheplg</a>	1	0	1	89	2248	1258	Lost in the Woods, Alaska	006
@sllmplug_	<a href="https://twitter.com/sllmplug_" target="_blank">sllmplug_</a>	1	0	1	63	91	7287		006
@SlmplyBeautfiul	<a href="https://twitter.com/SlmplyBeautfiul" target="_blank">SlmplyBeautfiul</a>	1	0	1	55	2270	1256		006
@smartlnternetad	<a href="https://twitter.com/smartlnternetad" target="_blank">smartlnternetad</a>	1	0	1	48	2296	1257	Agoura Hills, CA	006
@smiley_6604	<a href="https://twitter.com/smiley_6604" target="_blank">smiley_6604</a>	1	0	1	78	101	7492	Small Town USA	006
@SoclalMarisa	<a href="https://twitter.com/SoclalMarisa" target="_blank">SoclalMarisa</a>	1	0	1	57	487	7329		006
@SoclalMpresa	<a href="https://twitter.com/SoclalMpresa" target="_blank">SoclalMpresa</a>	1	0	1	52	484	6277	Washington D.C.	006
@Soledadfg84	<a href="https://twitter.com/Soledadfg84" target="_blank">Soledadfg84</a>	1	0	1	321	1904	8290	Indiana	006
@solilluna1	<a href="https://twitter.com/solilluna1" target="_blank">solilluna1</a>	11	0	1	79	104	2682	Castelldefels, Barcelona	090
@SomsDavid	<a href="https://twitter.com/SomsDavid" target="_blank">SomsDavid</a>	1	2	0	25	97	518		074
@sorryeyesash	<a href="https://twitter.com/sorryeyesash" target="_blank">sorryeyesash</a>	1	0	1	1185	1033	52935	edith styles is mine	001
@SoSwigglEnt	<a href="https://twitter.com/SoSwigglEnt" target="_blank">SoSwigglEnt</a>	1	0	1	88	2283	1242	United States	006
@SouthBuffPr0bs	<a href="https://twitter.com/SouthBuffPr0bs" target="_blank">SouthBuffPr0bs</a>	1	0	1	58	2289	1252	South Buffalo, NY	006
@SpartacusVVV	<a href="https://twitter.com/SpartacusVVV" target="_blank">SpartacusVVV</a>	1	0	1	1134	1117	19939		013
@SpideyPeter1	<a href="https://twitter.com/SpideyPeter1" target="_blank">SpideyPeter1</a>	1	0	1	2761	5001	703587	✌Αλέξης✌Unidos✌Podemos✌	018
@sra_danvers	<a href="https://twitter.com/sra_danvers" target="_blank">sra_danvers</a>	27	0	1	1739	1710	88681		009
@SrtaHaush	<a href="https://twitter.com/SrtaHaush" target="_blank">SrtaHaush</a>	1	0	1	1036	728	80837	A tomar por culo a la izquiera	001
@SrtaNorimaki	<a href="https://twitter.com/SrtaNorimaki" target="_blank">SrtaNorimaki</a>	1	0	1	23	114	101	Under The Stars	003
@Stay_3tru	<a href="https://twitter.com/Stay_3tru" target="_blank">Stay_3tru</a>	1	0	1	86	1788	7172		006
@steevc0co	<a href="https://twitter.com/steevc0co" target="_blank">steevc0co</a>	1	0	1	80	2299	1416	New York City	006
@StephBurchett40	<a href="https://twitter.com/StephBurchett40" target="_blank">StephBurchett40</a>	1	0	1	68	2266	1210	Northern Colorado	006
@Steven89s	<a href="https://twitter.com/Steven89s" target="_blank">Steven89s</a>	1	0	1	89	2260	1459	Ayrshire	006
@STFU_NOTALKlN	<a href="https://twitter.com/STFU_NOTALKlN" target="_blank">STFU_NOTALKlN</a>	1	0	1	70	41	7119	small star green plants	006
@stonersRus645	<a href="https://twitter.com/stonersRus645" target="_blank">stonersRus645</a>	1	0	1	47	107	7099	wonderland.	006
@stupldonion	<a href="https://twitter.com/stupldonion" target="_blank">stupldonion</a>	1	0	1	62	47	7206	memphis tn	006
@StyiemasterUSA	<a href="https://twitter.com/StyiemasterUSA" target="_blank">StyiemasterUSA</a>	1	0	1	78	2299	1440	New York	006
@STYULme581	<a href="https://twitter.com/STYULme581" target="_blank">STYULme581</a>	1	0	1	99	2287	1234	United States	006
@Sudltmvs	<a href="https://twitter.com/Sudltmvs" target="_blank">Sudltmvs</a>	1	0	1	50	1463	1299	Boston, MA	006
@SuggarTCM	<a href="https://twitter.com/SuggarTCM" target="_blank">SuggarTCM</a>	0	1	0					001
@summysums720	<a href="https://twitter.com/summysums720" target="_blank">summysums720</a>	1	0	1	85	2252	1256	Dallas	006
@SuperVincee46	<a href="https://twitter.com/SuperVincee46" target="_blank">SuperVincee46</a>	1	0	1	62	51	7053	HellaFresh,PA	006
@susanna01022010	<a href="https://twitter.com/susanna01022010" target="_blank">susanna01022010</a>	4	0	4	6	36	103		003
@sydneytrlstan	<a href="https://twitter.com/sydneytrlstan" target="_blank">sydneytrlstan</a>	1	0	1	43	1800	1388	vegas,greeley,steamboat.. etc	006
@SylvyAKo	<a href="https://twitter.com/SylvyAKo" target="_blank">SylvyAKo</a>	4	0	1	120	240	2284	Entre turn y river.	113
@t_equo	<a href="https://twitter.com/t_equo" target="_blank">t_equo</a>	86	0	1	9	173	470	Europe	080
@TaatliYelaa	<a href="https://twitter.com/TaatliYelaa" target="_blank">TaatliYelaa</a>	1	0	1	345	1671	2574	colombia	006
@taayyy_72	<a href="https://twitter.com/taayyy_72" target="_blank">taayyy_72</a>	1	0	1	65	1785	7401	north carolina ✌	006
@TAGProServlces	<a href="https://twitter.com/TAGProServlces" target="_blank">TAGProServlces</a>	1	0	1	28	1439	1149	Georgia	006
@TallaferroAina	<a href="https://twitter.com/TallaferroAina" target="_blank">TallaferroAina</a>	2	0	1	14	104	193	Hesse, Germany	022
@TanaStyiess	<a href="https://twitter.com/TanaStyiess" target="_blank">TanaStyiess</a>	1	0	1	73	474	7319	New York, New York	006
@Tandyvn71	<a href="https://twitter.com/Tandyvn71" target="_blank">Tandyvn71</a>	1	0	1	416	1900	8177		006
@tarsol23	<a href="https://twitter.com/tarsol23" target="_blank">tarsol23</a>	1	0	1	476	591	5437	Catalunya	001
@Taste0fAja	<a href="https://twitter.com/Taste0fAja" target="_blank">Taste0fAja</a>	1	0	1	53	38	7326	Dallas/California	006
@taymackenzie97	<a href="https://twitter.com/taymackenzie97" target="_blank">taymackenzie97</a>	1	0	1	61	2416	1358	Melbourne FL	006
@TBrad_64	<a href="https://twitter.com/TBrad_64" target="_blank">TBrad_64</a>	1	0	1	93	2261	1300	New York	006
@tclarkster17	<a href="https://twitter.com/tclarkster17" target="_blank">tclarkster17</a>	1	0	1	78	2273	1237	Atlanta Ga	006
@tdherrm4nn	<a href="https://twitter.com/tdherrm4nn" target="_blank">tdherrm4nn</a>	1	0	1	62	712	7059	St. Louis	006
@Team_Minaj88	<a href="https://twitter.com/Team_Minaj88" target="_blank">Team_Minaj88</a>	1	0	1	87	1688	6996	United States	006
@TechXpertsUSA75	<a href="https://twitter.com/TechXpertsUSA75" target="_blank">TechXpertsUSA75</a>	1	0	1	37	372	1242	3036 NW 72 Ave Miami FL 33122	006
@teeducatlonal	<a href="https://twitter.com/teeducatlonal" target="_blank">teeducatlonal</a>	1	0	1	47	946	1312	Atlanta, GA	006
@Teenlove132	<a href="https://twitter.com/Teenlove132" target="_blank">Teenlove132</a>	1	0	1	69	2273	1254	New York	006
@Telasmarineras	<a href="https://twitter.com/Telasmarineras" target="_blank">Telasmarineras</a>	2	0	1	1152	1355	79657		009
@TerenceLeavey80	<a href="https://twitter.com/TerenceLeavey80" target="_blank">TerenceLeavey80</a>	1	0	1	43	1520	1397	Los Angeles	006
@TeresaJorda	<a href="https://twitter.com/TeresaJorda" target="_blank">TeresaJorda</a>	4	1	0	8278	4853	6937	Ripoll	073
@tetebartolo	<a href="https://twitter.com/tetebartolo" target="_blank">tetebartolo</a>	1	0	1	188	194	9721	Barcelona	003
@teuchterdavid	<a href="https://twitter.com/teuchterdavid" target="_blank">teuchterdavid</a>	0	1	0					072
@TezHolton3	<a href="https://twitter.com/TezHolton3" target="_blank">TezHolton3</a>	1	0	1	69	78	7208	Pelham Ga.	006
@TheEvllGuns	<a href="https://twitter.com/TheEvllGuns" target="_blank">TheEvllGuns</a>	1	0	1	77	2298	1214		006
@TheFEED915	<a href="https://twitter.com/TheFEED915" target="_blank">TheFEED915</a>	1	0	1	66	2302	1468	Washington D.C.	006
@TheHAWK85	<a href="https://twitter.com/TheHAWK85" target="_blank">TheHAWK85</a>	1	0	1	79	2298	1480	SheVegas, WI	006
@TheLABelleber	<a href="https://twitter.com/TheLABelleber" target="_blank">TheLABelleber</a>	1	0	1	62	84	7277	making noodles with justin	006
@themandus_8d	<a href="https://twitter.com/themandus_8d" target="_blank">themandus_8d</a>	1	0	1	73	2282	1320	wisconsin	006
@themomsheil	<a href="https://twitter.com/themomsheil" target="_blank">themomsheil</a>	1	0	1	46	47	5352	Pennsylvania	006
@theprettyone61	<a href="https://twitter.com/theprettyone61" target="_blank">theprettyone61</a>	1	0	1	52	851	7336	Jonesvile,Louisiana	006
@thereaischultz	<a href="https://twitter.com/thereaischultz" target="_blank">thereaischultz</a>	1	0	1	39	694	5177	Portland-LA	006
@Theresa_DTerr0r	<a href="https://twitter.com/Theresa_DTerr0r" target="_blank">Theresa_DTerr0r</a>	1	0	1	60	1365	7532	MILKYWAY	006
@TheSleazeHlppie	<a href="https://twitter.com/TheSleazeHlppie" target="_blank">TheSleazeHlppie</a>	1	0	1	59	436	7415	$outh$ide	006
@TheTlffUp	<a href="https://twitter.com/TheTlffUp" target="_blank">TheTlffUp</a>	1	0	1	90	2281	1237		006
@TheWeideGroup	<a href="https://twitter.com/TheWeideGroup" target="_blank">TheWeideGroup</a>	1	0	1	56	1600	1394	McLean, VA	006
@thomasscarrott	<a href="https://twitter.com/thomasscarrott" target="_blank">thomasscarrott</a>	1	0	1	707	958	3500	Aberystwyth, Wales, UK.	008
@THORCRUZHEN	<a href="https://twitter.com/THORCRUZHEN" target="_blank">THORCRUZHEN</a>	1	0	1	6	105	33		024
@TihriVila	<a href="https://twitter.com/TihriVila" target="_blank">TihriVila</a>	1	0	1	102	246	3268	Navàs	084
@tijanazablc	<a href="https://twitter.com/tijanazablc" target="_blank">tijanazablc</a>	1	0	1	54	2244	1210		006
@titan9L	<a href="https://twitter.com/titan9L" target="_blank">titan9L</a>	1	0	1	64	494	7330	Atlanta, GA	006
@TomberyFFX	<a href="https://twitter.com/TomberyFFX" target="_blank">TomberyFFX</a>	1	0	1	157	691	10132	En la mierda	007
@tomhart_2	<a href="https://twitter.com/tomhart_2" target="_blank">tomhart_2</a>	1	0	1	45	1533	1074	Salisbury, MD	006
@tonividal1	<a href="https://twitter.com/tonividal1" target="_blank">tonividal1</a>	1	0	1	1209	1656	15265		007
@Tony_B146	<a href="https://twitter.com/Tony_B146" target="_blank">Tony_B146</a>	1	0	1	61	96	7368	Starkville, MS	006
@TonySosalnurret	<a href="https://twitter.com/TonySosalnurret" target="_blank">TonySosalnurret</a>	1	0	1	66	448	7172	Lost in thought..	006
@Toriemte	<a href="https://twitter.com/Toriemte" target="_blank">Toriemte</a>	1	0	1	387	1902	8153	Brooklyn, NY	006
@tostadaconjalea	<a href="https://twitter.com/tostadaconjalea" target="_blank">tostadaconjalea</a>	1	0	1	9149	9242	47344	Molinos del rio Aguas	016
@totiarimany	<a href="https://twitter.com/totiarimany" target="_blank">totiarimany</a>	4	2	0	150	216	973		040
@Tra9261	<a href="https://twitter.com/Tra9261" target="_blank">Tra9261</a>	1	0	1	67	893	7328	WhereI'veBEEN/MyrtleBeach,SC	006
@trainyour__dog	<a href="https://twitter.com/trainyour__dog" target="_blank">trainyour__dog</a>	1	0	1	64	2318	1204	Pittsburgh, PA	006
@TravionColllns	<a href="https://twitter.com/TravionColllns" target="_blank">TravionColllns</a>	1	0	1	49	1587	1253	Texarkana, Texas	006
@Tresadd49	<a href="https://twitter.com/Tresadd49" target="_blank">Tresadd49</a>	1	0	1	346	1910	8375	San Pedro GG	006
@trj2523	<a href="https://twitter.com/trj2523" target="_blank">trj2523</a>	1	0	1	85	2278	1241	Georgia	006
@TrlllAssDrea	<a href="https://twitter.com/TrlllAssDrea" target="_blank">TrlllAssDrea</a>	1	0	1	75	2444	1460		006
@TrlllvKvy	<a href="https://twitter.com/TrlllvKvy" target="_blank">TrlllvKvy</a>	1	0	1	61	98	7359		006
@TRUshydd304	<a href="https://twitter.com/TRUshydd304" target="_blank">TRUshydd304</a>	1	0	1	44	1555	1353	Charlotte, NC	006
@tsjohnson52	<a href="https://twitter.com/tsjohnson52" target="_blank">tsjohnson52</a>	1	0	1	55	447	5328	Georgia	006
@twarren306	<a href="https://twitter.com/twarren306" target="_blank">twarren306</a>	1	0	1	89	2268	1230	Detroit	006
@TWCAmerlca	<a href="https://twitter.com/TWCAmerlca" target="_blank">TWCAmerlca</a>	1	0	1	54	91	7250	Boulder, CO	006
@TyBeilah	<a href="https://twitter.com/TyBeilah" target="_blank">TyBeilah</a>	1	0	1	59	2258	1263	Baltimore	006
@TyierCaruthers	<a href="https://twitter.com/TyierCaruthers" target="_blank">TyierCaruthers</a>	1	0	1	57	2278	1194	West Virginia	006
@uauaua17	<a href="https://twitter.com/uauaua17" target="_blank">uauaua17</a>	4	0	1	274	1052	5322	Barcelona, Cataluña	023
@ubershann8	<a href="https://twitter.com/ubershann8" target="_blank">ubershann8</a>	1	0	1	90	2255	1447	portland, or	006
@unagunterinamas	<a href="https://twitter.com/unagunterinamas" target="_blank">unagunterinamas</a>	1	0	1	222	254	10425		001
@UncleKenny58	<a href="https://twitter.com/UncleKenny58" target="_blank">UncleKenny58</a>	1	0	1	55	97	7248	lawnside	006
@UndebPlaidCymru	<a href="https://twitter.com/UndebPlaidCymru" target="_blank">UndebPlaidCymru</a>	1	0	1	2817	2836	63822	Cymru	008
@unknown_vlsions	<a href="https://twitter.com/unknown_vlsions" target="_blank">unknown_vlsions</a>	1	0	1	57	74	7147	nowhere.	006
@UnVeicroMyGeox	<a href="https://twitter.com/UnVeicroMyGeox" target="_blank">UnVeicroMyGeox</a>	1	0	1	60	100	6373	Chicago	006
@utopiaatrofiada	<a href="https://twitter.com/utopiaatrofiada" target="_blank">utopiaatrofiada</a>	1	0	1	3	38	226		011
@Uxiamus	<a href="https://twitter.com/Uxiamus" target="_blank">Uxiamus</a>	1	0	1	2552	2531	1058	California, USA	007
@Vadorgarbos	<a href="https://twitter.com/Vadorgarbos" target="_blank">Vadorgarbos</a>	2	0	1	3140	986	41740	Space: the final frontier...	087
@Valeelarab	<a href="https://twitter.com/Valeelarab" target="_blank">Valeelarab</a>	1	0	1	58	72	289		085
@valeriafgl	<a href="https://twitter.com/valeriafgl" target="_blank">valeriafgl</a>	3	1	0	10223	3016	142122	Buenos Aires, Argentina	070
@Vallribera	<a href="https://twitter.com/Vallribera" target="_blank">Vallribera</a>	1	0	1	185	331	802		079
@Valpilar1	<a href="https://twitter.com/Valpilar1" target="_blank">Valpilar1</a>	1	0	1	14	55	1237		017
@VanFabre995	<a href="https://twitter.com/VanFabre995" target="_blank">VanFabre995</a>	1	0	1	104	2263	1267	Jakarta Barat, DKI Jakarta	006
@Vani_1984	<a href="https://twitter.com/Vani_1984" target="_blank">Vani_1984</a>	1	0	1	34	375	161	La Plata, Argentina	001
@varetevp86	<a href="https://twitter.com/varetevp86" target="_blank">varetevp86</a>	1	0	1	123	178	5809		007
@VayekanadeAlba	<a href="https://twitter.com/VayekanadeAlba" target="_blank">VayekanadeAlba</a>	2	0	1	9472	9456	117675	¡NO COMPRO SEGUIDORES COÑO!	060
@venanciogrillo	<a href="https://twitter.com/venanciogrillo" target="_blank">venanciogrillo</a>	1	0	1	10	33	220		007
@Veronapl57	<a href="https://twitter.com/Veronapl57" target="_blank">Veronapl57</a>	1	0	1	399	1894	8228		006
@VFProduccions	<a href="https://twitter.com/VFProduccions" target="_blank">VFProduccions</a>	0	1	0					069
@Vickie__Evon	<a href="https://twitter.com/Vickie__Evon" target="_blank">Vickie__Evon</a>	1	0	1	107	2274	1314	Dallas	006
@vickyxuelas	<a href="https://twitter.com/vickyxuelas" target="_blank">vickyxuelas</a>	1	0	1	492	306	2141	zaragoza	007
@VicMaldon	<a href="https://twitter.com/VicMaldon" target="_blank">VicMaldon</a>	2	0	1	237	1202	1884	Gràcia, Barcelona, Catalunya	001
@VictorOsuna7	<a href="https://twitter.com/VictorOsuna7" target="_blank">VictorOsuna7</a>	1	0	1	206	147	5307	México df	032
@vienneinsoumise	<a href="https://twitter.com/vienneinsoumise" target="_blank">vienneinsoumise</a>	3	0	1	227	853	2554	Vienne, France	013
@VivesRoger	<a href="https://twitter.com/VivesRoger" target="_blank">VivesRoger</a>	2	0	1	43	80	514	Barcelona	001
@vlllayoro	<a href="https://twitter.com/vlllayoro" target="_blank">vlllayoro</a>	1	0	1	67	2274	1260	marrero	006
@VonPolo95	<a href="https://twitter.com/VonPolo95" target="_blank">VonPolo95</a>	1	0	1	70	2233	1118	Baltimore	006
@VotacioTelem	<a href="https://twitter.com/VotacioTelem" target="_blank">VotacioTelem</a>	0	582	0					006
@vruset	<a href="https://twitter.com/vruset" target="_blank">vruset</a>	5	0	1	226	875	1786		005
@WalkingTall367	<a href="https://twitter.com/WalkingTall367" target="_blank">WalkingTall367</a>	1	0	1	76	2269	1291	Alamance County,North Carolina	006
@WhinyBitch8	<a href="https://twitter.com/WhinyBitch8" target="_blank">WhinyBitch8</a>	1	0	1	52	2362	1250		006
@whoispollito	<a href="https://twitter.com/whoispollito" target="_blank">whoispollito</a>	1	0	1	518	285	12132		014
@Wilheminalm12	<a href="https://twitter.com/Wilheminalm12" target="_blank">Wilheminalm12</a>	1	0	1	344	1916	8169		006
@WiniDavies	<a href="https://twitter.com/WiniDavies" target="_blank">WiniDavies</a>	3	0	1	575	319	17745		008
@WllliamLucChau	<a href="https://twitter.com/WllliamLucChau" target="_blank">WllliamLucChau</a>	1	0	1	66	674	7251	Texas	006
@WlshboneMatt	<a href="https://twitter.com/WlshboneMatt" target="_blank">WlshboneMatt</a>	1	0	1	66	2279	1209	Carlsbad, CA	006
@woridofzune	<a href="https://twitter.com/woridofzune" target="_blank">woridofzune</a>	1	0	1	86	2416	1490	Southern California	006
@WorldlzzMine	<a href="https://twitter.com/WorldlzzMine" target="_blank">WorldlzzMine</a>	1	0	1	56	2279	1160	Dallas	006
@XaviBanus	<a href="https://twitter.com/XaviBanus" target="_blank">XaviBanus</a>	0	1	0					056
@xaviervallverdu	<a href="https://twitter.com/xaviervallverdu" target="_blank">xaviervallverdu</a>	9	0	1	52	198	2246	la Selva del Camp, Catalunya	109
@xdiume	<a href="https://twitter.com/xdiume" target="_blank">xdiume</a>	5	0	1	237	248	8451	Santa Pau, Girona	002
@xgc1986	<a href="https://twitter.com/xgc1986" target="_blank">xgc1986</a>	1	0	1	58	68	473	Barcelona	015
@xmonge	<a href="https://twitter.com/xmonge" target="_blank">xmonge</a>	3	0	1	4611	923	47287	Barna city, Països Catalans	010
@xo_andrea30	<a href="https://twitter.com/xo_andrea30" target="_blank">xo_andrea30</a>	1	0	1	81	1680	7092	Glendale, AZ	006
@XombleFox	<a href="https://twitter.com/XombleFox" target="_blank">XombleFox</a>	1	0	1	65	61	7269	San Diego, CA	006
@xoPauiyy	<a href="https://twitter.com/xoPauiyy" target="_blank">xoPauiyy</a>	1	0	1	55	729	7412	Miami	006
@xtinafrlis	<a href="https://twitter.com/xtinafrlis" target="_blank">xtinafrlis</a>	1	0	1	98	2251	1287	New Orleans, LA.	006
@xuzonDev	<a href="https://twitter.com/xuzonDev" target="_blank">xuzonDev</a>	1	0	1	177	364	4623	Vigo,Spain	007
@Y0ung_Jasss	<a href="https://twitter.com/Y0ung_Jasss" target="_blank">Y0ung_Jasss</a>	1	0	1	81	1168	7104	Blytheville AR	006
@yakubiuk	<a href="https://twitter.com/yakubiuk" target="_blank">yakubiuk</a>	1	0	1	2011	2075	31880	Roquetas de Mar	009
@Yeah_bcn	<a href="https://twitter.com/Yeah_bcn" target="_blank">Yeah_bcn</a>	10	0	1	5	93	1026	Barcelona, Catalunya	001
@YesAberystwyth	<a href="https://twitter.com/YesAberystwyth" target="_blank">YesAberystwyth</a>	2	0	1	422	329	759	Aberystwyth, Wales	008
@YesCymru	<a href="https://twitter.com/YesCymru" target="_blank">YesCymru</a>	2	0	1	5179	3663	5767	Cymru / Wales / Pays de Galles	008
@ygMraz938	<a href="https://twitter.com/ygMraz938" target="_blank">ygMraz938</a>	1	0	1	73	2278	1181	Newark, NewJersey	006
@Ygritte_Snow	<a href="https://twitter.com/Ygritte_Snow" target="_blank">Ygritte_Snow</a>	2	0	1	3156	244	193081	Pueblo Libre (País Valencià)	007
@YORYO25MD	<a href="https://twitter.com/YORYO25MD" target="_blank">YORYO25MD</a>	21	3	0	739	874	127886	Madrid, Villa Vallecas	022
@youaintlovln	<a href="https://twitter.com/youaintlovln" target="_blank">youaintlovln</a>	1	0	1	77	2186	1235		006
@YoungBadazz798	<a href="https://twitter.com/YoungBadazz798" target="_blank">YoungBadazz798</a>	1	0	1	72	1625	7339	MIlwaukee, WI	006
@YourBrunette3_4	<a href="https://twitter.com/YourBrunette3_4" target="_blank">YourBrunette3_4</a>	1	0	1	54	79	7235		006
@Yr_Hen_Fart	<a href="https://twitter.com/Yr_Hen_Fart" target="_blank">Yr_Hen_Fart</a>	1	0	1	1461	1482	16185	Aberystwyth	008
@z4ch_badass	<a href="https://twitter.com/z4ch_badass" target="_blank">z4ch_badass</a>	1	0	1	50	100	7048	toledo, ohio	006
@zaldun	<a href="https://twitter.com/zaldun" target="_blank">zaldun</a>	2	0	1	119	347	4207	Genabackis	042
@ZebraMeltlngPot	<a href="https://twitter.com/ZebraMeltlngPot" target="_blank">ZebraMeltlngPot</a>	1	0	1	57	48	6405	Saint Louis, Missouri	006
@Zephyr3912	<a href="https://twitter.com/Zephyr3912" target="_blank">Zephyr3912</a>	2	0	1	492	855	32202	Madagascar	001
@Zepidix	<a href="https://twitter.com/Zepidix" target="_blank">Zepidix</a>	1	0	1	966	200	4848	Liga pokemon	007
@zihortza1	<a href="https://twitter.com/zihortza1" target="_blank">zihortza1</a>	2	0	1	129	276	442		028
@zitorikruz	<a href="https://twitter.com/zitorikruz" target="_blank">zitorikruz</a>	1	0	1	737	1165	38982	Compañera,amatxo,y amatxi :)	009
@zuurrii	<a href="https://twitter.com/zuurrii" target="_blank">zuurrii</a>	3	2	0	194	262	964		027
