name	link	tuits	retuits	rteados	followers	following	status	location	Walktrap
@____gorgeousme_	<a href="https://twitter.com/____gorgeousme_" target="_blank">____gorgeousme_</a>	1	0	1	78	2289	1399	Detroit	008
@____shaine	<a href="https://twitter.com/____shaine" target="_blank">____shaine</a>	1	0	1	51	1450	1337	Swallow Falls ChewandSwallow	008
@__BeDatPrettyMf	<a href="https://twitter.com/__BeDatPrettyMf" target="_blank">__BeDatPrettyMf</a>	1	0	1	76	2294	1230		008
@__Elnora778x	<a href="https://twitter.com/__Elnora778x" target="_blank">__Elnora778x</a>	1	0	1	73	2280	1273	USA, Missouri	008
@__RCHS__	<a href="https://twitter.com/__RCHS__" target="_blank">__RCHS__</a>	1	0	1	58	2286	1417	texas	008
@_4yeShe_Badd	<a href="https://twitter.com/_4yeShe_Badd" target="_blank">_4yeShe_Badd</a>	1	0	1	59	62	7356	W33D(:	008
@_6everMoments	<a href="https://twitter.com/_6everMoments" target="_blank">_6everMoments</a>	1	0	1	91	2318	1501	Pierce County, WA	008
@_BeautyDeflneME	<a href="https://twitter.com/_BeautyDeflneME" target="_blank">_BeautyDeflneME</a>	1	0	1	69	877	7425	Brooklyn,Ny	008
@_buddyiEE_	<a href="https://twitter.com/_buddyiEE_" target="_blank">_buddyiEE_</a>	1	0	1	104	57	7398	Loungin' in the void...	008
@_DlANAGARCiA_	<a href="https://twitter.com/_DlANAGARCiA_" target="_blank">_DlANAGARCiA_</a>	1	0	1	72	106	7178	SAN GABRIEL VALLEY, CALI	008
@_GreatUnwashed	<a href="https://twitter.com/_GreatUnwashed" target="_blank">_GreatUnwashed</a>	21	1	0	19186	9991	69078	Cascadia	101
@_Jass_Monlque	<a href="https://twitter.com/_Jass_Monlque" target="_blank">_Jass_Monlque</a>	1	0	1	63	68	7239	Houston tx	008
@_justtbreathe	<a href="https://twitter.com/_justtbreathe" target="_blank">_justtbreathe</a>	1	0	1	824	740	80601	521 kms. @iStratfordBiebr	009
@_xMuah_lLoveYOU	<a href="https://twitter.com/_xMuah_lLoveYOU" target="_blank">_xMuah_lLoveYOU</a>	1	0	1	69	84	7315	Somewhere Eating Fries	008
@10_In_A_Row	<a href="https://twitter.com/10_In_A_Row" target="_blank">10_In_A_Row</a>	1	0	1	3928	3722	53178	at paradise	021
@1denmadrid	<a href="https://twitter.com/1denmadrid" target="_blank">1denmadrid</a>	20	0	1	1540	276	394105	Madrid, Colombia	027
@1ftfirst	<a href="https://twitter.com/1ftfirst" target="_blank">1ftfirst</a>	1	0	1	124	2289	1312	Detroit	008
@1jesusabascal	<a href="https://twitter.com/1jesusabascal" target="_blank">1jesusabascal</a>	2	0	2	31	162	112	Tarragona, España	003
@1Recluta_Patoso	<a href="https://twitter.com/1Recluta_Patoso" target="_blank">1Recluta_Patoso</a>	0	1	0					102
@4BC_Carpet	<a href="https://twitter.com/4BC_Carpet" target="_blank">4BC_Carpet</a>	1	0	1	65	88	7299	ÜT: 40.754741,-73.971868	008
@4bekaaa	<a href="https://twitter.com/4bekaaa" target="_blank">4bekaaa</a>	1	0	1	73	115	7335		008
@4shTBH	<a href="https://twitter.com/4shTBH" target="_blank">4shTBH</a>	1	0	1	72	91	7159		008
@738_matt	<a href="https://twitter.com/738_matt" target="_blank">738_matt</a>	1	0	1	82	2239	1438	Stillwater	008
@7clemsonfan	<a href="https://twitter.com/7clemsonfan" target="_blank">7clemsonfan</a>	1	0	1	101	497	7318	Marion Virginia	008
@8_BeContiinued	<a href="https://twitter.com/8_BeContiinued" target="_blank">8_BeContiinued</a>	1	0	1	69	74	7413	Coolinn' At The Top	008
@A_Pr0tti_Chiq	<a href="https://twitter.com/A_Pr0tti_Chiq" target="_blank">A_Pr0tti_Chiq</a>	1	0	1	67	687	7161	Ruleville and Columbus	008
@aaaarondc	<a href="https://twitter.com/aaaarondc" target="_blank">aaaarondc</a>	1	0	1	448	472	27667	Seattle, Wa	017
@aaron_hewiett	<a href="https://twitter.com/aaron_hewiett" target="_blank">aaron_hewiett</a>	1	0	1	307	104	7929		008
@AberArtisans	<a href="https://twitter.com/AberArtisans" target="_blank">AberArtisans</a>	1	0	1	1801	1088	50617	Aberteifi, Ceredigion.	010
@AberPsych	<a href="https://twitter.com/AberPsych" target="_blank">AberPsych</a>	1	0	1	213	39	1014		010
@AbigailRFord374	<a href="https://twitter.com/AbigailRFord374" target="_blank">AbigailRFord374</a>	1	0	1	47	2284	1195	Maine	008
@ADecroissance	<a href="https://twitter.com/ADecroissance" target="_blank">ADecroissance</a>	1	6	0	5905	1930	30780	local to global	014
@Adelineig99	<a href="https://twitter.com/Adelineig99" target="_blank">Adelineig99</a>	1	0	1	390	1918	8237	La Serena, Chile	008
@adrianrbravo	<a href="https://twitter.com/adrianrbravo" target="_blank">adrianrbravo</a>	1	1	0	1960	1636	46811	Teis, Vigo - Galiza	002
@Agent_379_	<a href="https://twitter.com/Agent_379_" target="_blank">Agent_379_</a>	1	0	1	46	1859	1340	Colorado 3	008
@agurain77	<a href="https://twitter.com/agurain77" target="_blank">agurain77</a>	1	0	1	74	320	527	Donostia- Euskal Herria	011
@AhoyyAngeil	<a href="https://twitter.com/AhoyyAngeil" target="_blank">AhoyyAngeil</a>	1	0	1	73	1598	7296	☯Don't Worry About It☯	008
@aicatworld	<a href="https://twitter.com/aicatworld" target="_blank">aicatworld</a>	1	0	1	84	1649	7331	Florida	008
@ailTHAT_jaasss	<a href="https://twitter.com/ailTHAT_jaasss" target="_blank">ailTHAT_jaasss</a>	1	0	1	56	43	7192	Downingtown, Pa	008
@ainara_oto	<a href="https://twitter.com/ainara_oto" target="_blank">ainara_oto</a>	1	0	1	69	75	455	Pamplona, Iruñea	020
@aitana_rc	<a href="https://twitter.com/aitana_rc" target="_blank">aitana_rc</a>	1	0	1	121	204	2115	Leganés, España	015
@aiytrombley	<a href="https://twitter.com/aiytrombley" target="_blank">aiytrombley</a>	1	0	1	54	2260	1168	wisconsin	008
@AjLeeBrooks5	<a href="https://twitter.com/AjLeeBrooks5" target="_blank">AjLeeBrooks5</a>	1	0	1	62	2281	1263	Raccoon City	008
@AKPescat0re	<a href="https://twitter.com/AKPescat0re" target="_blank">AKPescat0re</a>	1	0	1	66	41	7506	Baltimore	008
@Alan_martinez64	<a href="https://twitter.com/Alan_martinez64" target="_blank">Alan_martinez64</a>	1	0	1	62	57	7145	new york	008
@alba_guarne	<a href="https://twitter.com/alba_guarne" target="_blank">alba_guarne</a>	0	1	0					083
@Albaa_riicoque	<a href="https://twitter.com/Albaa_riicoque" target="_blank">Albaa_riicoque</a>	1	0	1	1545	1780	80164		009
@albaax95	<a href="https://twitter.com/albaax95" target="_blank">albaax95</a>	1	0	1	1400	784	3452	Barcelona, Catalunya	003
@alberto_pons	<a href="https://twitter.com/alberto_pons" target="_blank">alberto_pons</a>	1	0	1	120	145	7172		004
@alexbarcelona71	<a href="https://twitter.com/alexbarcelona71" target="_blank">alexbarcelona71</a>	1	0	1	430	426	8468	Barcelona	016
@AlexCastillo444	<a href="https://twitter.com/AlexCastillo444" target="_blank">AlexCastillo444</a>	8	0	2	671	552	6911	Barcelona	043
@alexmiquel	<a href="https://twitter.com/alexmiquel" target="_blank">alexmiquel</a>	7	1	0	4604	5001	11458	Barcelona, Catalonia, Europe	074
@AlexToRemember_	<a href="https://twitter.com/AlexToRemember_" target="_blank">AlexToRemember_</a>	1	2	0	652	269	51005	Alcorcón is not spain	027
@AlfaSchz	<a href="https://twitter.com/AlfaSchz" target="_blank">AlfaSchz</a>	1	1	0	1199	829	4802	BCN	043
@alice_17rme	<a href="https://twitter.com/alice_17rme" target="_blank">alice_17rme</a>	1	0	1	378	324	22708	Mi camita	009
@alicekcornlsh	<a href="https://twitter.com/alicekcornlsh" target="_blank">alicekcornlsh</a>	1	0	1	45	1422	1255	New york	008
@Alll_Christie	<a href="https://twitter.com/Alll_Christie" target="_blank">Alll_Christie</a>	1	0	1	79	1739	7173	Chicago, IL	008
@AlSondel23_	<a href="https://twitter.com/AlSondel23_" target="_blank">AlSondel23_</a>	2	0	1	3740	996	165391		021
@alvaritoRM97	<a href="https://twitter.com/alvaritoRM97" target="_blank">alvaritoRM97</a>	1	0	1	166	223	1187		009
@AmadeuCarb	<a href="https://twitter.com/AmadeuCarb" target="_blank">AmadeuCarb</a>	1	0	1	420	416	2871		078
@amandaelkins71	<a href="https://twitter.com/amandaelkins71" target="_blank">amandaelkins71</a>	1	0	1	74	2313	1299	United States	008
@amandamarlew	<a href="https://twitter.com/amandamarlew" target="_blank">amandamarlew</a>	1	0	1	67	78	7308	Mobile, AL	008
@amlrighteousnow	<a href="https://twitter.com/amlrighteousnow" target="_blank">amlrighteousnow</a>	1	0	1	68	61	7338	in the 99%	008
@amoxxle	<a href="https://twitter.com/amoxxle" target="_blank">amoxxle</a>	1	0	1	53	2217	1208	USA	008
@AmySleepAllways	<a href="https://twitter.com/AmySleepAllways" target="_blank">AmySleepAllways</a>	1	0	1	75	154	4899		103
@anatyepes932	<a href="https://twitter.com/anatyepes932" target="_blank">anatyepes932</a>	1	0	1	53	2266	1194		008
@ANC_Bombers	<a href="https://twitter.com/ANC_Bombers" target="_blank">ANC_Bombers</a>	4	1	0	13931	6149	7063	Països Catalans	041
@ANC_SHS	<a href="https://twitter.com/ANC_SHS" target="_blank">ANC_SHS</a>	0	1	0					086
@AnderLopez_	<a href="https://twitter.com/AnderLopez_" target="_blank">AnderLopez_</a>	1	0	1	411	428	2942		069
@aneelio_29	<a href="https://twitter.com/aneelio_29" target="_blank">aneelio_29</a>	1	0	1	97	2271	1463		008
@Angela_1723	<a href="https://twitter.com/Angela_1723" target="_blank">Angela_1723</a>	2	0	1	228	533	7985		022
@angelbarbara___	<a href="https://twitter.com/angelbarbara___" target="_blank">angelbarbara___</a>	2	0	1	76	2259	1196		008
@Angelep95	<a href="https://twitter.com/Angelep95" target="_blank">Angelep95</a>	1	0	1	315	1903	8351	40.884037,-73.898281	008
@angelsmcastells	<a href="https://twitter.com/angelsmcastells" target="_blank">angelsmcastells</a>	11	1	0	11276	2250	70786	Barcelona	084
@AngleCaplette	<a href="https://twitter.com/AngleCaplette" target="_blank">AngleCaplette</a>	1	0	1	166	90	7101	Hardy, VA	008
@AniaPhelps	<a href="https://twitter.com/AniaPhelps" target="_blank">AniaPhelps</a>	1	0	1	341	343	3101	Gasteiz / urnieta / el mundo	015
@annaaserra	<a href="https://twitter.com/annaaserra" target="_blank">annaaserra</a>	1	0	1	675	416	46844		003
@AnnaEastwood_96	<a href="https://twitter.com/AnnaEastwood_96" target="_blank">AnnaEastwood_96</a>	0	2	0					040
@annaesru	<a href="https://twitter.com/annaesru" target="_blank">annaesru</a>	1	0	1	4	27	216		090
@Annie_Weber58	<a href="https://twitter.com/Annie_Weber58" target="_blank">Annie_Weber58</a>	1	0	1	73	2241	1286	Florida	008
@annunziata07	<a href="https://twitter.com/annunziata07" target="_blank">annunziata07</a>	0	1	0					077
@anpelydraws	<a href="https://twitter.com/anpelydraws" target="_blank">anpelydraws</a>	2	0	1	392	526	7630	Magnolia, Fiore	016
@anseal64	<a href="https://twitter.com/anseal64" target="_blank">anseal64</a>	1	0	1	381	1052	9046	Estado Divergente	009
@Anticapiext	<a href="https://twitter.com/Anticapiext" target="_blank">Anticapiext</a>	2	0	1	480	757	1348	Extremadura, España	022
@aranjones	<a href="https://twitter.com/aranjones" target="_blank">aranjones</a>	1	0	1	1519	2934	9346	Mynytho	036
@Aricasb87	<a href="https://twitter.com/Aricasb87" target="_blank">Aricasb87</a>	1	0	1	408	1905	8243	Milwaukee, WI	008
@arytzam	<a href="https://twitter.com/arytzam" target="_blank">arytzam</a>	5	7	0	1518	995	34197	Euskal Errepublika	003
@asaham0d	<a href="https://twitter.com/asaham0d" target="_blank">asaham0d</a>	1	0	1	1203	128	2338		008
@AsambleaCC	<a href="https://twitter.com/AsambleaCC" target="_blank">AsambleaCC</a>	0	4	0					022
@AsambleaUEx	<a href="https://twitter.com/AsambleaUEx" target="_blank">AsambleaUEx</a>	1	0	1	2240	25	4005	Badajoz	022
@ash_morgan10	<a href="https://twitter.com/ash_morgan10" target="_blank">ash_morgan10</a>	1	0	1	64	2257	1297	Virginia	008
@AshleyNazario09	<a href="https://twitter.com/AshleyNazario09" target="_blank">AshleyNazario09</a>	1	0	1	58	91	7359	Sitting on top of the world	008
@associatloninc	<a href="https://twitter.com/associatloninc" target="_blank">associatloninc</a>	1	0	1	78	2279	1272	Alexandria, VA	008
@Aurivis	<a href="https://twitter.com/Aurivis" target="_blank">Aurivis</a>	10	0	3	1456	453	42773	#DEPTrotsky #NoT'oblidaréMai	001
@Austin_288	<a href="https://twitter.com/Austin_288" target="_blank">Austin_288</a>	1	0	1	50	2269	1169	Ohio	008
@avldnostalgic	<a href="https://twitter.com/avldnostalgic" target="_blank">avldnostalgic</a>	1	0	1	63	49	7193	EDM and Craft Beer	008
@awllvur	<a href="https://twitter.com/awllvur" target="_blank">awllvur</a>	1	0	1	85	2292	1238	Chicago	008
@azpen_p0nce	<a href="https://twitter.com/azpen_p0nce" target="_blank">azpen_p0nce</a>	1	0	1	52	93	5248	Moline, IL	008
@B3nFuss	<a href="https://twitter.com/B3nFuss" target="_blank">B3nFuss</a>	1	0	1	61	858	7290	Brockport, NY	008
@BA_Bass26	<a href="https://twitter.com/BA_Bass26" target="_blank">BA_Bass26</a>	1	0	1	69	50	7101	fair grove, missouri	008
@badat0b	<a href="https://twitter.com/badat0b" target="_blank">badat0b</a>	1	0	1	70	2270	1204	Texas	008
@baires1965	<a href="https://twitter.com/baires1965" target="_blank">baires1965</a>	3	0	1	262	414	13859		040
@bajanjules27	<a href="https://twitter.com/bajanjules27" target="_blank">bajanjules27</a>	1	0	1	142	160	789	Hamilton, Ontario	083
@Barakaldo1917	<a href="https://twitter.com/Barakaldo1917" target="_blank">Barakaldo1917</a>	1	0	1	572	1680	41934		075
@barbaraqagnew87	<a href="https://twitter.com/barbaraqagnew87" target="_blank">barbaraqagnew87</a>	1	0	1	105	2236	1355		008
@bark0tatyen	<a href="https://twitter.com/bark0tatyen" target="_blank">bark0tatyen</a>	1	0	1	63	58	7319	Saint-Petersburg	008
@BasaurikoJaiak	<a href="https://twitter.com/BasaurikoJaiak" target="_blank">BasaurikoJaiak</a>	0	1	0					092
@BasFina	<a href="https://twitter.com/BasFina" target="_blank">BasFina</a>	6	0	2	29	87	533		091
@BcnCatEu	<a href="https://twitter.com/BcnCatEu" target="_blank">BcnCatEu</a>	7	0	1	394	1054	12465	Barri gòtic	049
@bealab79	<a href="https://twitter.com/bealab79" target="_blank">bealab79</a>	4	0	1	61	336	794		042
@BEERGAMBINO531	<a href="https://twitter.com/BEERGAMBINO531" target="_blank">BEERGAMBINO531</a>	1	0	1	75	2230	1268	stay positive	008
@BenetBeca	<a href="https://twitter.com/BenetBeca" target="_blank">BenetBeca</a>	3	0	1	4235	3821	84369	La Roca del Valles, Barcelona	040
@Benjaminovitz	<a href="https://twitter.com/Benjaminovitz" target="_blank">Benjaminovitz</a>	1	0	1	257	189	1265		017
@benjiquiros	<a href="https://twitter.com/benjiquiros" target="_blank">benjiquiros</a>	1	0	1	243	207	840		009
@bestbellevemee	<a href="https://twitter.com/bestbellevemee" target="_blank">bestbellevemee</a>	1	0	1	57	477	7425	somewhere in your dreams.	008
@Bettyannwl31	<a href="https://twitter.com/Bettyannwl31" target="_blank">Bettyannwl31</a>	1	0	1	414	1910	8218		008
@BiameMyGenes	<a href="https://twitter.com/BiameMyGenes" target="_blank">BiameMyGenes</a>	1	0	1	74	2294	1340	Hattiesburg, MS	008
@BIGGUAPBOYS8	<a href="https://twitter.com/BIGGUAPBOYS8" target="_blank">BIGGUAPBOYS8</a>	1	0	1	56	2287	1198		008
@bigrumph74	<a href="https://twitter.com/bigrumph74" target="_blank">bigrumph74</a>	1	0	1	52	99	7288	TX/FL	008
@binglebts	<a href="https://twitter.com/binglebts" target="_blank">binglebts</a>	1	0	1	1314	86	90714	ppgz	012
@BkiynBlAckk	<a href="https://twitter.com/BkiynBlAckk" target="_blank">BkiynBlAckk</a>	1	0	1	57	724	7135	Bedstuy, Brooklyn	008
@BlackShELF13	<a href="https://twitter.com/BlackShELF13" target="_blank">BlackShELF13</a>	1	0	1	191	117	9887	En el lunar de Taehyung	012
@Blaiaguilera16	<a href="https://twitter.com/Blaiaguilera16" target="_blank">Blaiaguilera16</a>	1	0	1	128	163	264		055
@BlancaKarmen	<a href="https://twitter.com/BlancaKarmen" target="_blank">BlancaKarmen</a>	1	0	1	628	647	1562		002
@blancrougebleu	<a href="https://twitter.com/blancrougebleu" target="_blank">blancrougebleu</a>	2	0	1	157	1092	8272		014
@bllabraces	<a href="https://twitter.com/bllabraces" target="_blank">bllabraces</a>	1	0	1	70	65	7154	WA	008
@blmarusela	<a href="https://twitter.com/blmarusela" target="_blank">blmarusela</a>	1	0	1	46	845	5175	Find me!	008
@BloodRaven060	<a href="https://twitter.com/BloodRaven060" target="_blank">BloodRaven060</a>	1	0	1	79	869	7418	In Your Deepest NightMares	008
@BNEWS24_off	<a href="https://twitter.com/BNEWS24_off" target="_blank">BNEWS24_off</a>	3	1	0	9	100	259	Barcelona	087
@bombersfigueres	<a href="https://twitter.com/bombersfigueres" target="_blank">bombersfigueres</a>	4	1	0	712	793	2114	Parc de Bombers de Figueres	041
@Bonifacia3	<a href="https://twitter.com/Bonifacia3" target="_blank">Bonifacia3</a>	1	0	1	218	258	7287	MADRID	009
@Bonlta_Faith	<a href="https://twitter.com/Bonlta_Faith" target="_blank">Bonlta_Faith</a>	1	0	1	78	50	7434	Texas	008
@BooglMel	<a href="https://twitter.com/BooglMel" target="_blank">BooglMel</a>	1	0	1	88	2262	1231	ATL	008
@BorxaGC	<a href="https://twitter.com/BorxaGC" target="_blank">BorxaGC</a>	14	0	1	838	1958	15274	Pontevedra, Galiza	028
@Boukeeiynn	<a href="https://twitter.com/Boukeeiynn" target="_blank">Boukeeiynn</a>	1	0	1	75	2376	1405	ohio	008
@Br0wnEye_Shawty	<a href="https://twitter.com/Br0wnEye_Shawty" target="_blank">Br0wnEye_Shawty</a>	1	0	1	50	732	5156	Western Kentucky University	008
@bradwhltcomb	<a href="https://twitter.com/bradwhltcomb" target="_blank">bradwhltcomb</a>	1	0	1	94	2232	1380	Seattle, WA	008
@brentobeil	<a href="https://twitter.com/brentobeil" target="_blank">brentobeil</a>	1	0	1	69	1671	7264	$$$ Jack Dail $$$	008
@brlsseisalice	<a href="https://twitter.com/brlsseisalice" target="_blank">brlsseisalice</a>	1	0	1	65	103	7300	Flying Dutchman	008
@BROMPs2lx	<a href="https://twitter.com/BROMPs2lx" target="_blank">BROMPs2lx</a>	1	0	1	0	41	38		025
@brookiynand_me	<a href="https://twitter.com/brookiynand_me" target="_blank">brookiynand_me</a>	1	0	1	54	448	5239	Brooklyn, NY	008
@Bryannamw09	<a href="https://twitter.com/Bryannamw09" target="_blank">Bryannamw09</a>	1	0	1	459	1914	8333	Dubai	008
@budcarp939	<a href="https://twitter.com/budcarp939" target="_blank">budcarp939</a>	1	0	1	75	2251	1443	CWA Local 6312/ AT&T	008
@bush__keri	<a href="https://twitter.com/bush__keri" target="_blank">bush__keri</a>	1	0	1	48	1323	1414	Ohio	008
@BwayRlghtNow	<a href="https://twitter.com/BwayRlghtNow" target="_blank">BwayRlghtNow</a>	1	0	1	84	1324	7318	New York, New York	008
@C0urtneyPett	<a href="https://twitter.com/C0urtneyPett" target="_blank">C0urtneyPett</a>	1	0	1	59	2284	1196	Brick, NJ	008
@C4mKushh	<a href="https://twitter.com/C4mKushh" target="_blank">C4mKushh</a>	1	0	1	78	121	7313		008
@CailinMarie43	<a href="https://twitter.com/CailinMarie43" target="_blank">CailinMarie43</a>	1	0	1	76	2267	1423	Florida!!	008
@calcosares	<a href="https://twitter.com/calcosares" target="_blank">calcosares</a>	0	12	0					012
@CaltyONeil	<a href="https://twitter.com/CaltyONeil" target="_blank">CaltyONeil</a>	1	0	1	93	1789	7371	Connecticut	008
@camargoraul	<a href="https://twitter.com/camargoraul" target="_blank">camargoraul</a>	0	1	0					052
@CandledDream	<a href="https://twitter.com/CandledDream" target="_blank">CandledDream</a>	1	0	1	71	41	7468	loveland...aka Louisiana	008
@canyas8	<a href="https://twitter.com/canyas8" target="_blank">canyas8</a>	0	2	0					026
@CarladelCampo13	<a href="https://twitter.com/CarladelCampo13" target="_blank">CarladelCampo13</a>	5	0	1	16	60	2406	Barcelona, Espanya	002
@carlavall	<a href="https://twitter.com/carlavall" target="_blank">carlavall</a>	0	5	0					015
@Carles_Rico	<a href="https://twitter.com/Carles_Rico" target="_blank">Carles_Rico</a>	0	2	0					001
@carlesdomingo	<a href="https://twitter.com/carlesdomingo" target="_blank">carlesdomingo</a>	1	1	0	316	112	1617	barcelona	039
@Carlespinone	<a href="https://twitter.com/Carlespinone" target="_blank">Carlespinone</a>	3	1	0	150	244	970	Catalunya	006
@CarlotaMarzo	<a href="https://twitter.com/CarlotaMarzo" target="_blank">CarlotaMarzo</a>	0	1	0					085
@Carmela15MA	<a href="https://twitter.com/Carmela15MA" target="_blank">Carmela15MA</a>	1	0	1	381	625	8567	A coruña	028
@carnedecapital	<a href="https://twitter.com/carnedecapital" target="_blank">carnedecapital</a>	12	0	1	1945	1744	201801	MADRID Pedanias...	024
@catalan_knight	<a href="https://twitter.com/catalan_knight" target="_blank">catalan_knight</a>	2	0	2	6	65	153		007
@cbergis	<a href="https://twitter.com/cbergis" target="_blank">cbergis</a>	3	0	1	106	447	3113		034
@cbosch16	<a href="https://twitter.com/cbosch16" target="_blank">cbosch16</a>	2	1	0	178	446	1137	Barcelona, Catalunya	001
@ccid78	<a href="https://twitter.com/ccid78" target="_blank">ccid78</a>	1	0	1	366	386	748	Reus, Spain	050
@CDRGoticRaval	<a href="https://twitter.com/CDRGoticRaval" target="_blank">CDRGoticRaval</a>	11	1	0	982	44	497	El Raval, Barcelona	043
@celsopastrana	<a href="https://twitter.com/celsopastrana" target="_blank">celsopastrana</a>	0	5	0					016
@CescLisa	<a href="https://twitter.com/CescLisa" target="_blank">CescLisa</a>	1	0	1	2	10	8	Arenys de Munt, España	018
@cflaher03	<a href="https://twitter.com/cflaher03" target="_blank">cflaher03</a>	1	0	1	54	63	7115	Wisconsin	008
@cgall688	<a href="https://twitter.com/cgall688" target="_blank">cgall688</a>	1	0	1	57	544	7396	louisville, Ky	008
@ChaneiCarpenter	<a href="https://twitter.com/ChaneiCarpenter" target="_blank">ChaneiCarpenter</a>	1	0	1	61	58	7307	Pride Rock	008
@charlie_chino	<a href="https://twitter.com/charlie_chino" target="_blank">charlie_chino</a>	1	0	1	6222	6249	7914	Lima, Peru	051
@CharlieCronin3	<a href="https://twitter.com/CharlieCronin3" target="_blank">CharlieCronin3</a>	1	0	1	67	1661	6971	IOWA	008
@ChelseaSueSmlth	<a href="https://twitter.com/ChelseaSueSmlth" target="_blank">ChelseaSueSmlth</a>	1	0	1	64	2284	1270	sparta tn	008
@ChennlaF	<a href="https://twitter.com/ChennlaF" target="_blank">ChennlaF</a>	1	0	1	64	2246	1176	Atlanta GA, Kingston JA, FTL	008
@ChestnutPiaceMU	<a href="https://twitter.com/ChestnutPiaceMU" target="_blank">ChestnutPiaceMU</a>	1	0	1	59	443	7146	Oxford, OH	008
@Chlcago_Rixton	<a href="https://twitter.com/Chlcago_Rixton" target="_blank">Chlcago_Rixton</a>	1	0	1	59	477	7353	In between Jake's Ball Sack	008
@chocoprlncessss	<a href="https://twitter.com/chocoprlncessss" target="_blank">chocoprlncessss</a>	1	0	1	57	2314	1251	Beaumont-Texas	008
@ChuckWlnborn	<a href="https://twitter.com/ChuckWlnborn" target="_blank">ChuckWlnborn</a>	1	0	1	59	1560	1244	eastman	008
@CintasSole	<a href="https://twitter.com/CintasSole" target="_blank">CintasSole</a>	1	0	1	38	25	395		002
@Cirocboy89	<a href="https://twitter.com/Cirocboy89" target="_blank">Cirocboy89</a>	1	0	1	71	2304	1255	Syracuse NY	008
@Ciudadano_Zer0	<a href="https://twitter.com/Ciudadano_Zer0" target="_blank">Ciudadano_Zer0</a>	2	9	0	8688	2190	88632	Internet y el MundoReal™ (X.)	013
@ClaireAlison_52	<a href="https://twitter.com/ClaireAlison_52" target="_blank">ClaireAlison_52</a>	1	0	1	49	116	7180	Nashville	008
@Cloveronli	<a href="https://twitter.com/Cloveronli" target="_blank">Cloveronli</a>	1	0	1	62	498	7393	Florida/California	008
@cmonteyshomar	<a href="https://twitter.com/cmonteyshomar" target="_blank">cmonteyshomar</a>	1	0	1	43	83	540		013
@CNYfoodtogo0279	<a href="https://twitter.com/CNYfoodtogo0279" target="_blank">CNYfoodtogo0279</a>	1	0	1	61	2292	1151	Central New York	008
@CobbleBrltt	<a href="https://twitter.com/CobbleBrltt" target="_blank">CobbleBrltt</a>	1	0	1	116	2280	1431	Tennessee	008
@coldskull01	<a href="https://twitter.com/coldskull01" target="_blank">coldskull01</a>	4	0	1	27	210	883	República de Catalunya	002
@CollectiuRonda	<a href="https://twitter.com/CollectiuRonda" target="_blank">CollectiuRonda</a>	0	1	0					082
@ColsonLeach73	<a href="https://twitter.com/ColsonLeach73" target="_blank">ColsonLeach73</a>	1	0	1	59	1772	5183	Indianapolis	008
@ConradLlovera	<a href="https://twitter.com/ConradLlovera" target="_blank">ConradLlovera</a>	4	0	1	25	111	2047		037
@cordoandalu	<a href="https://twitter.com/cordoandalu" target="_blank">cordoandalu</a>	0	2	0					080
@COREgasm912	<a href="https://twitter.com/COREgasm912" target="_blank">COREgasm912</a>	1	0	1	58	2284	1208	Pa	008
@CostasDamian	<a href="https://twitter.com/CostasDamian" target="_blank">CostasDamian</a>	1	0	1	427	1602	2250	Galiza	059
@cpique29	<a href="https://twitter.com/cpique29" target="_blank">cpique29</a>	9	0	1	263	409	11419		013
@cralsinmonster	<a href="https://twitter.com/cralsinmonster" target="_blank">cralsinmonster</a>	1	0	1	65	68	7369	Ohio	008
@CrisCabello8	<a href="https://twitter.com/CrisCabello8" target="_blank">CrisCabello8</a>	3	0	1	15	36	515		019
@CrysFiyDawn	<a href="https://twitter.com/CrysFiyDawn" target="_blank">CrysFiyDawn</a>	1	0	1	264	98	7106	Flyest one in the room.	008
@ctluzler	<a href="https://twitter.com/ctluzler" target="_blank">ctluzler</a>	1	0	1	78	1583	7315	Clearfield, PA	008
@Cue_Que8dastage	<a href="https://twitter.com/Cue_Que8dastage" target="_blank">Cue_Que8dastage</a>	1	0	1	65	2243	1128	ï¿½T: 33.495488,-86.907366	008
@cumtomecaium	<a href="https://twitter.com/cumtomecaium" target="_blank">cumtomecaium</a>	1	0	1	58	483	7253		008
@CuppycakeChioe	<a href="https://twitter.com/CuppycakeChioe" target="_blank">CuppycakeChioe</a>	1	0	1	79	716	7358	Missouri	008
@D_Rock6934	<a href="https://twitter.com/D_Rock6934" target="_blank">D_Rock6934</a>	1	0	1	98	112	7320	correctionville, IA	008
@d0ugspoetry	<a href="https://twitter.com/d0ugspoetry" target="_blank">d0ugspoetry</a>	1	0	1	74	98	7154	Beaumont, California.	008
@DaanjaGri	<a href="https://twitter.com/DaanjaGri" target="_blank">DaanjaGri</a>	1	0	1	42	82	7266	Houston, TX	008
@DaFlock79	<a href="https://twitter.com/DaFlock79" target="_blank">DaFlock79</a>	1	0	1	321	349	7838		008
@Damarisnk04	<a href="https://twitter.com/Damarisnk04" target="_blank">Damarisnk04</a>	1	0	1	413	1911	8116	Hawaii	008
@dan1leitte	<a href="https://twitter.com/dan1leitte" target="_blank">dan1leitte</a>	1	0	1	24	416	1109	Juiz de Fora, MG - Brasil	007
@Dana_GA2666	<a href="https://twitter.com/Dana_GA2666" target="_blank">Dana_GA2666</a>	1	0	1	59	2203	1027		008
@DAreal_JAZZlKAT	<a href="https://twitter.com/DAreal_JAZZlKAT" target="_blank">DAreal_JAZZlKAT</a>	1	0	1	37	86	5221	chicago/memphis	008
@DarkTamashii	<a href="https://twitter.com/DarkTamashii" target="_blank">DarkTamashii</a>	1	0	1	91	278	3109	Underthing | Winterfell | Ooo	012
@Dasha_fcb	<a href="https://twitter.com/Dasha_fcb" target="_blank">Dasha_fcb</a>	4	0	2	398	272	6883	Barcelona	004
@DashlPegasister	<a href="https://twitter.com/DashlPegasister" target="_blank">DashlPegasister</a>	1	0	1	72	81	7296	In your hottub.	008
@davidcodi	<a href="https://twitter.com/davidcodi" target="_blank">davidcodi</a>	3	0	1	530	135	8746		054
@DavidMachucasjd	<a href="https://twitter.com/DavidMachucasjd" target="_blank">DavidMachucasjd</a>	1	0	1	280	294	7019	Barcelona, Sant Joan Despi.	064
@Dbatessss20	<a href="https://twitter.com/Dbatessss20" target="_blank">Dbatessss20</a>	1	0	1	98	2270	1204		008
@DEEZYd0esItBEST	<a href="https://twitter.com/DEEZYd0esItBEST" target="_blank">DEEZYd0esItBEST</a>	1	0	1	89	2276	1255	Atlanta, GA	008
@deiveneix	<a href="https://twitter.com/deiveneix" target="_blank">deiveneix</a>	2	1	0	104	151	657		006
@DemocratesJoves	<a href="https://twitter.com/DemocratesJoves" target="_blank">DemocratesJoves</a>	0	2	0					038
@Depor_Info	<a href="https://twitter.com/Depor_Info" target="_blank">Depor_Info</a>	0	1	0					075
@detrolttigersnt	<a href="https://twitter.com/detrolttigersnt" target="_blank">detrolttigersnt</a>	1	0	1	62	2272	1433	Michigan	008
@dev0ndotcom	<a href="https://twitter.com/dev0ndotcom" target="_blank">dev0ndotcom</a>	1	0	1	153	101	7226	Athens, Ohio	008
@Dev0nSheppard	<a href="https://twitter.com/Dev0nSheppard" target="_blank">Dev0nSheppard</a>	1	0	1	78	889	7413	Seattle, WA	008
@Devinsims77	<a href="https://twitter.com/Devinsims77" target="_blank">Devinsims77</a>	1	0	1	50	76	7314	TX	008
@DevourDestlnee	<a href="https://twitter.com/DevourDestlnee" target="_blank">DevourDestlnee</a>	1	0	1	65	43	7336	Atlanta	008
@dfertl	<a href="https://twitter.com/dfertl" target="_blank">dfertl</a>	10	1	0	1136	3400	4786	Brussels, Belgium	073
@DietroLeIncanto	<a href="https://twitter.com/DietroLeIncanto" target="_blank">DietroLeIncanto</a>	1	0	1	349	345	43713	EINA - Zaragoza	031
@dim114114	<a href="https://twitter.com/dim114114" target="_blank">dim114114</a>	1	0	1	7247	6766	103853	Corfu - Athens	023
@Djrubioh87	<a href="https://twitter.com/Djrubioh87" target="_blank">Djrubioh87</a>	2	0	2	26	125	347	Barcelona, CATALUNYA	041
@djthrottleboi44	<a href="https://twitter.com/djthrottleboi44" target="_blank">djthrottleboi44</a>	1	0	1	84	2265	1336	wisconsin	008
@DljaVuu	<a href="https://twitter.com/DljaVuu" target="_blank">DljaVuu</a>	1	0	1	61	483	7127	Philadelphia PA | Trinidad	008
@dlpinedo	<a href="https://twitter.com/dlpinedo" target="_blank">dlpinedo</a>	0	2	0					004
@dlstinctioni	<a href="https://twitter.com/dlstinctioni" target="_blank">dlstinctioni</a>	1	0	1	89	448	7411	New York, NY	008
@Dlxon_News	<a href="https://twitter.com/Dlxon_News" target="_blank">Dlxon_News</a>	1	0	1	71	483	7231	Tennessee	008
@DMac86612	<a href="https://twitter.com/DMac86612" target="_blank">DMac86612</a>	1	0	1	69	2244	1288	memphis	008
@DonaldReynolds0	<a href="https://twitter.com/DonaldReynolds0" target="_blank">DonaldReynolds0</a>	1	0	1	88	2290	1241	Pekin, Illinois	008
@donAlvar	<a href="https://twitter.com/donAlvar" target="_blank">donAlvar</a>	1	0	1	3714	1541	104290	Glasgow / Pasto	017
@DonegalPol	<a href="https://twitter.com/DonegalPol" target="_blank">DonegalPol</a>	1	0	1	224	469	23619	TWINTOWNS	073
@DopeConfldence_	<a href="https://twitter.com/DopeConfldence_" target="_blank">DopeConfldence_</a>	2	0	1	75	45	7193	New York City ♥	008
@Dottore_Napster	<a href="https://twitter.com/Dottore_Napster" target="_blank">Dottore_Napster</a>	0	1	0					068
@dr0kddd	<a href="https://twitter.com/dr0kddd" target="_blank">dr0kddd</a>	1	0	1	64	115	7345	Austin,TX	008
@DrSarahMWest	<a href="https://twitter.com/DrSarahMWest" target="_blank">DrSarahMWest</a>	2	0	2	39	132	22	Tacoma, WA	005
@DrScherf	<a href="https://twitter.com/DrScherf" target="_blank">DrScherf</a>	1	0	1	316	222	3615	kamloops, british columbia.	010
@drugporndally	<a href="https://twitter.com/drugporndally" target="_blank">drugporndally</a>	1	0	1	71	2250	1266		008
@EandSC0mm	<a href="https://twitter.com/EandSC0mm" target="_blank">EandSC0mm</a>	1	0	1	50	1785	1308	pekin, Illinois	008
@eBobbieheads	<a href="https://twitter.com/eBobbieheads" target="_blank">eBobbieheads</a>	1	0	1	53	2293	1244	Orange County, Calif.	008
@econacionalitar	<a href="https://twitter.com/econacionalitar" target="_blank">econacionalitar</a>	4	0	1	247	727	9176		013
@Edrissi31	<a href="https://twitter.com/Edrissi31" target="_blank">Edrissi31</a>	1	0	1	400	1900	8164		008
@edubugaloo	<a href="https://twitter.com/edubugaloo" target="_blank">edubugaloo</a>	5	0	1	130	282	519		019
@ef90a7f96e624bd	<a href="https://twitter.com/ef90a7f96e624bd" target="_blank">ef90a7f96e624bd</a>	14	0	2	261	256	15019	Roquetes, Catalunya	001
@ehaez664	<a href="https://twitter.com/ehaez664" target="_blank">ehaez664</a>	1	0	1	46	2278	1241		008
@Ehyrt	<a href="https://twitter.com/Ehyrt" target="_blank">Ehyrt</a>	11	0	1	1435	1083	63753	Èrtia -Terra de nous principis	088
@eiyeorch	<a href="https://twitter.com/eiyeorch" target="_blank">eiyeorch</a>	1	0	1	81	2242	1421	Chicago	008
@EJM4hany	<a href="https://twitter.com/EJM4hany" target="_blank">EJM4hany</a>	1	0	1	70	710	7145	New York State	008
@ekaitzeka14	<a href="https://twitter.com/ekaitzeka14" target="_blank">ekaitzeka14</a>	1	1	0	372	341	6384	Derio ~ Euskal Herria	069
@ElghteenHearts	<a href="https://twitter.com/ElghteenHearts" target="_blank">ElghteenHearts</a>	1	0	1	69	70	7387	Wilmer, AL	008
@elhilorojo	<a href="https://twitter.com/elhilorojo" target="_blank">elhilorojo</a>	0	1	0					067
@eliarf_9b	<a href="https://twitter.com/eliarf_9b" target="_blank">eliarf_9b</a>	0	2	0					004
@ElinCeredigion	<a href="https://twitter.com/ElinCeredigion" target="_blank">ElinCeredigion</a>	1	0	1	8689	2051	11493	Ceredigion	010
@elisabe71915000	<a href="https://twitter.com/elisabe71915000" target="_blank">elisabe71915000</a>	1	0	1	147	264	2260	Barcelona, Catalunya	001
@elisaberm	<a href="https://twitter.com/elisaberm" target="_blank">elisaberm</a>	1	0	1	8246	6463	292618	CHILE SANTIAGO	035
@elishabeba82	<a href="https://twitter.com/elishabeba82" target="_blank">elishabeba82</a>	1	0	1	67	355	748	Barcelona	026
@EllkaGonzales	<a href="https://twitter.com/EllkaGonzales" target="_blank">EllkaGonzales</a>	1	0	1	76	2275	1396	Tennessee	008
@EllteHRTeam	<a href="https://twitter.com/EllteHRTeam" target="_blank">EllteHRTeam</a>	1	0	1	72	93	7122	Mascoutah, IL	008
@EllzzaBobo	<a href="https://twitter.com/EllzzaBobo" target="_blank">EllzzaBobo</a>	1	0	1	79	1117	7428	madison AL	008
@embproyect	<a href="https://twitter.com/embproyect" target="_blank">embproyect</a>	1	1	0	1242	3601	11303	Barcelona	030
@EmmaBP86	<a href="https://twitter.com/EmmaBP86" target="_blank">EmmaBP86</a>	6	0	1	64	177	1305	Barcelona!!!!	016
@emotionaI192	<a href="https://twitter.com/emotionaI192" target="_blank">emotionaI192</a>	1	0	1	86	1791	7330	LA	008
@EnderFox	<a href="https://twitter.com/EnderFox" target="_blank">EnderFox</a>	0	2	0					002
@EnekoJimenez2	<a href="https://twitter.com/EnekoJimenez2" target="_blank">EnekoJimenez2</a>	0	1	0					061
@Engranatge	<a href="https://twitter.com/Engranatge" target="_blank">Engranatge</a>	0	2	0					029
@engrJ4yEm	<a href="https://twitter.com/engrJ4yEm" target="_blank">engrJ4yEm</a>	1	0	1	51	448	5145	follow my bro @tsasantelices	008
@ereabresoli	<a href="https://twitter.com/ereabresoli" target="_blank">ereabresoli</a>	1	0	1	139	317	703		089
@ErinSterling9	<a href="https://twitter.com/ErinSterling9" target="_blank">ErinSterling9</a>	1	0	1	116	1716	7216	Vicksburg	008
@Erramun2014	<a href="https://twitter.com/Erramun2014" target="_blank">Erramun2014</a>	8	2	0	1744	469	48703	Euskal Herria	002
@Escobar73_	<a href="https://twitter.com/Escobar73_" target="_blank">Escobar73_</a>	1	0	1	60	2341	1207	Sacramento, CA	008
@esembely	<a href="https://twitter.com/esembely" target="_blank">esembely</a>	1	0	1	63	201	1514		014
@estebanhullo	<a href="https://twitter.com/estebanhullo" target="_blank">estebanhullo</a>	1	0	1	65	442	7158	the tipton	008
@EstebanPR10	<a href="https://twitter.com/EstebanPR10" target="_blank">EstebanPR10</a>	1	0	1	1251	653	33664	Alicante	009
@Estefaniagud	<a href="https://twitter.com/Estefaniagud" target="_blank">Estefaniagud</a>	1	0	1	636	193	45181		002
@estizaitegi	<a href="https://twitter.com/estizaitegi" target="_blank">estizaitegi</a>	1	0	1	39	52	154		002
@ethanbell58	<a href="https://twitter.com/ethanbell58" target="_blank">ethanbell58</a>	1	0	1	62	75	7428	Tennessee	008
@EUPARTYEFA	<a href="https://twitter.com/EUPARTYEFA" target="_blank">EUPARTYEFA</a>	6	2	0	4610	1514	18130	BRUSSELS	003
@ev4ngela	<a href="https://twitter.com/ev4ngela" target="_blank">ev4ngela</a>	1	0	1	27	99	1638	Barcelona	042
@EVellesObertes	<a href="https://twitter.com/EVellesObertes" target="_blank">EVellesObertes</a>	2	1	0	62	98	185	Sant Esteve de Palautordera	054
@Evetse	<a href="https://twitter.com/Evetse" target="_blank">Evetse</a>	2	0	1	121	193	1847		007
@ExpllcitVocab	<a href="https://twitter.com/ExpllcitVocab" target="_blank">ExpllcitVocab</a>	1	0	1	87	1110	7268	From the Mid Dubb, Northwest	008
@ezgoidenop	<a href="https://twitter.com/ezgoidenop" target="_blank">ezgoidenop</a>	1	0	1	73	1226	6235	California	008
@F0amStash	<a href="https://twitter.com/F0amStash" target="_blank">F0amStash</a>	1	0	1	75	2273	1413	Colorado springs	008
@F0rnaxus	<a href="https://twitter.com/F0rnaxus" target="_blank">F0rnaxus</a>	1	0	1	84	97	7322	Lodi, California	008
@Faffiebeans	<a href="https://twitter.com/Faffiebeans" target="_blank">Faffiebeans</a>	1	0	1	62	1720	5218	memphis	008
@felix_south	<a href="https://twitter.com/felix_south" target="_blank">felix_south</a>	1	0	1	46	203	963	Bariloche	002
@FerEzkovedo	<a href="https://twitter.com/FerEzkovedo" target="_blank">FerEzkovedo</a>	1	0	1	7	33	5		097
@ferrdykunc0ro	<a href="https://twitter.com/ferrdykunc0ro" target="_blank">ferrdykunc0ro</a>	1	0	1	52	105	5240	Mars	008
@FiUFFFY_BEARR	<a href="https://twitter.com/FiUFFFY_BEARR" target="_blank">FiUFFFY_BEARR</a>	1	0	1	51	79	5212	socorro	008
@Fllrty_Feline	<a href="https://twitter.com/Fllrty_Feline" target="_blank">Fllrty_Feline</a>	1	0	1	61	1800	7084	NYC	008
@Flnnielorraine	<a href="https://twitter.com/Flnnielorraine" target="_blank">Flnnielorraine</a>	1	0	1	78	95	7530		008
@focusonjimin	<a href="https://twitter.com/focusonjimin" target="_blank">focusonjimin</a>	1	0	1	1610	89	61654	bangtan sonyeondan ⋆.*ೃ✧	012
@FrancisVolvio	<a href="https://twitter.com/FrancisVolvio" target="_blank">FrancisVolvio</a>	1	0	1	1158	5001	1241	Spain	002
@Fred1665	<a href="https://twitter.com/Fred1665" target="_blank">Fred1665</a>	2	0	1	77	74	11548	Riom, Auvergne, France	087
@Fresh_Psalmlst	<a href="https://twitter.com/Fresh_Psalmlst" target="_blank">Fresh_Psalmlst</a>	1	0	1	45	79	7186	Climbing the Mountain	008
@FuCCyOfEEiNs	<a href="https://twitter.com/FuCCyOfEEiNs" target="_blank">FuCCyOfEEiNs</a>	1	0	1	58	51	7389	H-TOWN,TEXAS	008
@g0rJESS___	<a href="https://twitter.com/g0rJESS___" target="_blank">g0rJESS___</a>	1	0	1	72	94	7144	South Florida	008
@gabiceuti	<a href="https://twitter.com/gabiceuti" target="_blank">gabiceuti</a>	1	0	1	26	124	80	Ceutí, España	045
@Garoppoius	<a href="https://twitter.com/Garoppoius" target="_blank">Garoppoius</a>	1	0	1	100	2259	1359	Patriot's Bench	008
@GarrafJNC	<a href="https://twitter.com/GarrafJNC" target="_blank">GarrafJNC</a>	0	2	0					032
@GawklngGeek	<a href="https://twitter.com/GawklngGeek" target="_blank">GawklngGeek</a>	1	0	1	93	2260	1409	United States	008
@gebelque	<a href="https://twitter.com/gebelque" target="_blank">gebelque</a>	0	1	0					053
@Gemlni_Princezz	<a href="https://twitter.com/Gemlni_Princezz" target="_blank">Gemlni_Princezz</a>	1	0	1	103	1738	7138	Charleston	008
@Gemmsok	<a href="https://twitter.com/Gemmsok" target="_blank">Gemmsok</a>	8	0	1	105	287	5693		001
@GeTuNa	<a href="https://twitter.com/GeTuNa" target="_blank">GeTuNa</a>	2	0	1	68	130	1053	Palamós, Girona, Catalunya	007
@GibsGiustlniani	<a href="https://twitter.com/GibsGiustlniani" target="_blank">GibsGiustlniani</a>	1	0	1	59	2277	1224	eastchester, new york	008
@GironaDC	<a href="https://twitter.com/GironaDC" target="_blank">GironaDC</a>	10	0	1	212	273	1670	Girona, Catalunya	038
@GoHugBeckl	<a href="https://twitter.com/GoHugBeckl" target="_blank">GoHugBeckl</a>	1	0	1	72	115	7162	My street !	008
@GotThemSoftLlps	<a href="https://twitter.com/GotThemSoftLlps" target="_blank">GotThemSoftLlps</a>	1	0	1	79	2315	1231	Chicago, IL	008
@Gr4ceChunMUA	<a href="https://twitter.com/Gr4ceChunMUA" target="_blank">Gr4ceChunMUA</a>	1	0	1	74	477	7362	OC/LA, California	008
@greenetraveier	<a href="https://twitter.com/greenetraveier" target="_blank">greenetraveier</a>	1	0	1	78	1828	5084	Knoxville, TN	008
@Grets02	<a href="https://twitter.com/Grets02" target="_blank">Grets02</a>	1	0	1	265	288	7193		010
@GurryGulld	<a href="https://twitter.com/GurryGulld" target="_blank">GurryGulld</a>	1	0	1	59	77	7033	New York	008
@GwenithOwen	<a href="https://twitter.com/GwenithOwen" target="_blank">GwenithOwen</a>	2	0	1	1610	1068	13121		010
@gypsyygrace357	<a href="https://twitter.com/gypsyygrace357" target="_blank">gypsyygrace357</a>	1	0	1	97	2283	1452	Planet Earth	008
@gzcontrainfo	<a href="https://twitter.com/gzcontrainfo" target="_blank">gzcontrainfo</a>	0	2	0					028
@h__abshir	<a href="https://twitter.com/h__abshir" target="_blank">h__abshir</a>	1	0	1	87	2276	1187	Nashville , TN	008
@H4nnahhStewartt	<a href="https://twitter.com/H4nnahhStewartt" target="_blank">H4nnahhStewartt</a>	1	0	1	78	1681	7323	Washington, IL	008
@H4rdD_n_Gum	<a href="https://twitter.com/H4rdD_n_Gum" target="_blank">H4rdD_n_Gum</a>	1	0	1	68	99	7218	Bronx~Brooklyn	008
@hapinto2	<a href="https://twitter.com/hapinto2" target="_blank">hapinto2</a>	6	1	0	1486	271	31658	Rusia	051
@harmaxldiane	<a href="https://twitter.com/harmaxldiane" target="_blank">harmaxldiane</a>	1	0	1	64	776	6387	www.facebook.com/harmaxidiane	008
@hashtag7905	<a href="https://twitter.com/hashtag7905" target="_blank">hashtag7905</a>	1	0	1	238	81	8003		008
@hayaiovesme	<a href="https://twitter.com/hayaiovesme" target="_blank">hayaiovesme</a>	1	0	1	68	2273	1247		008
@hayleymarie4940	<a href="https://twitter.com/hayleymarie4940" target="_blank">hayleymarie4940</a>	1	0	1	78	2258	1424	Gladstone, MO	008
@HazeiEyesYella	<a href="https://twitter.com/HazeiEyesYella" target="_blank">HazeiEyesYella</a>	1	0	1	82	58	7184		008
@HBpr3ttyeyez	<a href="https://twitter.com/HBpr3ttyeyez" target="_blank">HBpr3ttyeyez</a>	1	0	1	69	1796	6317	Chicago , IL	008
@hearthappi	<a href="https://twitter.com/hearthappi" target="_blank">hearthappi</a>	2	0	2	11	11	853		080
@HeleddG	<a href="https://twitter.com/HeleddG" target="_blank">HeleddG</a>	1	0	1	1177	1263	2783	Talgarreg	010
@Heyiysaa	<a href="https://twitter.com/Heyiysaa" target="_blank">Heyiysaa</a>	1	0	1	49	89	7238	Pasadena.Ca	008
@hlghkuguy	<a href="https://twitter.com/hlghkuguy" target="_blank">hlghkuguy</a>	1	0	1	69	54	7247	melancholy hill	008
@HlramgIz	<a href="https://twitter.com/HlramgIz" target="_blank">HlramgIz</a>	1	0	1	44	2270	1170		008
@HM_3_LPN	<a href="https://twitter.com/HM_3_LPN" target="_blank">HM_3_LPN</a>	1	0	1	66	2279	1236	Monroe MI	008
@Hoggllneent	<a href="https://twitter.com/Hoggllneent" target="_blank">Hoggllneent</a>	1	0	1	43	128	7316	Houston	008
@HolyShltltsJake	<a href="https://twitter.com/HolyShltltsJake" target="_blank">HolyShltltsJake</a>	1	0	1	59	2268	1252	Schenectady, NY	008
@hondazomble	<a href="https://twitter.com/hondazomble" target="_blank">hondazomble</a>	1	0	1	51	440	5193	Bovard, PA	008
@Hootie_575	<a href="https://twitter.com/Hootie_575" target="_blank">Hootie_575</a>	1	0	1	62	2256	1296	wilmington northside	008
@HopesandSomnis	<a href="https://twitter.com/HopesandSomnis" target="_blank">HopesandSomnis</a>	2	0	1	98	139	750	Catalunya	018
@HQuesnay	<a href="https://twitter.com/HQuesnay" target="_blank">HQuesnay</a>	1	0	1	83	400	2188		077
@iady_Gaga_US	<a href="https://twitter.com/iady_Gaga_US" target="_blank">iady_Gaga_US</a>	1	0	1	60	110	7330	California	008
@IanNPerklns	<a href="https://twitter.com/IanNPerklns" target="_blank">IanNPerklns</a>	1	0	1	115	2268	1446	Ft. Lauderdale	008
@IbanAsenjo	<a href="https://twitter.com/IbanAsenjo" target="_blank">IbanAsenjo</a>	1	2	0	1184	1210	16203		002
@ifor_ap	<a href="https://twitter.com/ifor_ap" target="_blank">ifor_ap</a>	0	2	0					036
@Ignorance055	<a href="https://twitter.com/Ignorance055" target="_blank">Ignorance055</a>	1	0	1	73	491	7335	Georgia	008
@iMacawen	<a href="https://twitter.com/iMacawen" target="_blank">iMacawen</a>	0	4	0					020
@imandreaprats	<a href="https://twitter.com/imandreaprats" target="_blank">imandreaprats</a>	1	0	1	316	684	15065	Catalonia, Spain	066
@indepesCCOO	<a href="https://twitter.com/indepesCCOO" target="_blank">indepesCCOO</a>	11	3	0	1169	247	5056	Catalunya	024
@Ion_give6fks	<a href="https://twitter.com/Ion_give6fks" target="_blank">Ion_give6fks</a>	1	0	1	62	103	7030	alabama	008
@IotaSoui	<a href="https://twitter.com/IotaSoui" target="_blank">IotaSoui</a>	1	0	1	68	2262	1141	Franklin, TN	008
@iovan1	<a href="https://twitter.com/iovan1" target="_blank">iovan1</a>	1	0	1	138	369	1086	vitoria-gasteiz	020
@irfan__zht	<a href="https://twitter.com/irfan__zht" target="_blank">irfan__zht</a>	1	0	1	66	2272	1506	Malang Rock City	008
@isaaa_saanchez	<a href="https://twitter.com/isaaa_saanchez" target="_blank">isaaa_saanchez</a>	1	0	1	743	323	40740		015
@Isabelle89100	<a href="https://twitter.com/Isabelle89100" target="_blank">Isabelle89100</a>	1	0	1	66	208	2193		014
@itxasoatutxa	<a href="https://twitter.com/itxasoatutxa" target="_blank">itxasoatutxa</a>	1	1	0	2539	203	2840	Euskadi	002
@IwBala	<a href="https://twitter.com/IwBala" target="_blank">IwBala</a>	1	0	1	639	3073	7896	Cymru	010
@izquierdadiario	<a href="https://twitter.com/izquierdadiario" target="_blank">izquierdadiario</a>	0	5	0					002
@j0nkavanaugh	<a href="https://twitter.com/j0nkavanaugh" target="_blank">j0nkavanaugh</a>	1	0	1	88	405	7278	Chicago	008
@J0rdanJEOtt	<a href="https://twitter.com/J0rdanJEOtt" target="_blank">J0rdanJEOtt</a>	1	0	1	48	1760	1329	California	008
@J4MRZCafe	<a href="https://twitter.com/J4MRZCafe" target="_blank">J4MRZCafe</a>	1	0	1	70	1784	7066	Austin, Texas, Earth	008
@J4yyHP	<a href="https://twitter.com/J4yyHP" target="_blank">J4yyHP</a>	1	0	1	71	460	7510	North Port, Florida	008
@jacobhanson64	<a href="https://twitter.com/jacobhanson64" target="_blank">jacobhanson64</a>	1	0	1	54	1815	1348	Clermont, Fl	008
@jake_fledler	<a href="https://twitter.com/jake_fledler" target="_blank">jake_fledler</a>	1	0	1	50	451	5271	Hopatcong	008
@JakeBurdess	<a href="https://twitter.com/JakeBurdess" target="_blank">JakeBurdess</a>	8	0	1	143	140	140	New Zealand	005
@Jaklm_LaSha	<a href="https://twitter.com/Jaklm_LaSha" target="_blank">Jaklm_LaSha</a>	1	0	1	66	903	7278	Nashua, NH/ Boston, MA	008
@JameslsVegan	<a href="https://twitter.com/JameslsVegan" target="_blank">JameslsVegan</a>	1	0	1	77	77	7365	NYC/NJ/MARS	008
@JamieKelseyFry	<a href="https://twitter.com/JamieKelseyFry" target="_blank">JamieKelseyFry</a>	0	3	0					005
@JAMonzon	<a href="https://twitter.com/JAMonzon" target="_blank">JAMonzon</a>	9	0	1	1716	1729	69300	Barcelona, Catalunya, UE	017
@janlcebranthafe	<a href="https://twitter.com/janlcebranthafe" target="_blank">janlcebranthafe</a>	1	0	1	56	2375	1214	Indiana	008
@JanlsahForever	<a href="https://twitter.com/JanlsahForever" target="_blank">JanlsahForever</a>	1	0	1	75	111	7232	The Moon.	008
@jasmineann363	<a href="https://twitter.com/jasmineann363" target="_blank">jasmineann363</a>	1	0	1	48	1712	1374	GA	008
@JaumeGrauLopez	<a href="https://twitter.com/JaumeGrauLopez" target="_blank">JaumeGrauLopez</a>	1	1	0	297	233	1619		006
@JaviiSedano	<a href="https://twitter.com/JaviiSedano" target="_blank">JaviiSedano</a>	1	0	1	256	223	2531	Málaga, España	009
@JayD0Pray	<a href="https://twitter.com/JayD0Pray" target="_blank">JayD0Pray</a>	1	0	1	83	685	7129	Breaux Bridge , LA	008
@jazzlFreshTaDef	<a href="https://twitter.com/jazzlFreshTaDef" target="_blank">jazzlFreshTaDef</a>	1	0	1	68	2283	1198		008
@jbarere103	<a href="https://twitter.com/jbarere103" target="_blank">jbarere103</a>	1	0	1	46	1582	1416		008
@JeffMlchaelVice	<a href="https://twitter.com/JeffMlchaelVice" target="_blank">JeffMlchaelVice</a>	1	0	1	63	815	7422	Salt Lake City, Utah	008
@JessicaShai021	<a href="https://twitter.com/JessicaShai021" target="_blank">JessicaShai021</a>	1	0	1	84	2270	1264	USA	008
@jesus_vazquez91	<a href="https://twitter.com/jesus_vazquez91" target="_blank">jesus_vazquez91</a>	1	0	1	223	403	5002	Málaga, Andalucía	009
@Jlive8401	<a href="https://twitter.com/Jlive8401" target="_blank">Jlive8401</a>	1	0	1	29	1586	1255	Jeanerette,La	008
@jm_rona35	<a href="https://twitter.com/jm_rona35" target="_blank">jm_rona35</a>	1	0	1	87	2251	1225	Davao Region, Republic of the Philippines	008
@jmlopezzafra	<a href="https://twitter.com/jmlopezzafra" target="_blank">jmlopezzafra</a>	0	2	0					031
@jmterricabras	<a href="https://twitter.com/jmterricabras" target="_blank">jmterricabras</a>	1	1	0	32928	606	3914	Girona	030
@JNCCubelles	<a href="https://twitter.com/JNCCubelles" target="_blank">JNCCubelles</a>	1	0	1	197	224	564	Cubelles, Catalunya	032
@jncSitges	<a href="https://twitter.com/jncSitges" target="_blank">jncSitges</a>	1	0	1	92	133	387	Sitges, Cataluña	032
@JoacoGil15	<a href="https://twitter.com/JoacoGil15" target="_blank">JoacoGil15</a>	1	0	1	27	88	1100	Alderaan	012
@Joan_Ru_Ca	<a href="https://twitter.com/Joan_Ru_Ca" target="_blank">Joan_Ru_Ca</a>	9	1	0	1133	546	62533	Tarragona, España	098
@joanantonialtim	<a href="https://twitter.com/joanantonialtim" target="_blank">joanantonialtim</a>	1	0	1	100	328	2783	Països	021
@JoanGarciaGarr	<a href="https://twitter.com/JoanGarciaGarr" target="_blank">JoanGarciaGarr</a>	2	0	1	60	499	781	Altafulla, España	063
@JoanZurriaga	<a href="https://twitter.com/JoanZurriaga" target="_blank">JoanZurriaga</a>	6	0	1	145	531	904		006
@joel_lete	<a href="https://twitter.com/joel_lete" target="_blank">joel_lete</a>	1	0	1	160	176	4258	Vitoria-Gasteiz	020
@johanjaxiha	<a href="https://twitter.com/johanjaxiha" target="_blank">johanjaxiha</a>	1	0	1	122	2326	1431	West Borneo	008
@JordanlsHerName	<a href="https://twitter.com/JordanlsHerName" target="_blank">JordanlsHerName</a>	1	0	1	74	1658	7163	In the World but not of It!	008
@Jordi_Galderic	<a href="https://twitter.com/Jordi_Galderic" target="_blank">Jordi_Galderic</a>	9	0	1	3853	2129	136636	Girona, Països Catalans	001
@jordi_rubioes	<a href="https://twitter.com/jordi_rubioes" target="_blank">jordi_rubioes</a>	2	0	1	348	519	2327	Olot, Catalunya	038
@JordiCalpeC	<a href="https://twitter.com/JordiCalpeC" target="_blank">JordiCalpeC</a>	0	1	0					095
@jordimirosa	<a href="https://twitter.com/jordimirosa" target="_blank">jordimirosa</a>	1	0	1	48	351	436		037
@jordisendra	<a href="https://twitter.com/jordisendra" target="_blank">jordisendra</a>	10	0	1	3453	3513	29032	Tarragona, CATALUNYA	098
@josepaubeso	<a href="https://twitter.com/josepaubeso" target="_blank">josepaubeso</a>	1	0	1	34	219	200		096
@josepgoded	<a href="https://twitter.com/josepgoded" target="_blank">josepgoded</a>	0	1	0					005
@JosMudikun	<a href="https://twitter.com/JosMudikun" target="_blank">JosMudikun</a>	1	0	1	1	25	1		005
@jq__________	<a href="https://twitter.com/jq__________" target="_blank">jq__________</a>	1	0	1	282	357	34590		023
@Juampa93_	<a href="https://twitter.com/Juampa93_" target="_blank">Juampa93_</a>	2	0	1	547	265	4355	Ciudad Del Betis	009
@juanjo_malaga90	<a href="https://twitter.com/juanjo_malaga90" target="_blank">juanjo_malaga90</a>	1	0	1	394	609	3410		009
@JuanmaRamos23	<a href="https://twitter.com/JuanmaRamos23" target="_blank">JuanmaRamos23</a>	6	1	0	210	252	1879		099
@Juanmi_News	<a href="https://twitter.com/Juanmi_News" target="_blank">Juanmi_News</a>	6	22	0	49529	112	99605	Sevilla	002
@JuanNegrin	<a href="https://twitter.com/JuanNegrin" target="_blank">JuanNegrin</a>	1	0	1	455	390	24821	Calamonte-Cáceres	022
@Jud0ThaGod	<a href="https://twitter.com/Jud0ThaGod" target="_blank">Jud0ThaGod</a>	1	0	1	70	1841	5219	Zone 6 Atlanta,GA	008
@Juditespin	<a href="https://twitter.com/Juditespin" target="_blank">Juditespin</a>	1	0	1	50	158	623		019
@JudithLuengos13	<a href="https://twitter.com/JudithLuengos13" target="_blank">JudithLuengos13</a>	1	0	1	640	326	34051	La gran ciudad	020
@JuG_768xXx	<a href="https://twitter.com/JuG_768xXx" target="_blank">JuG_768xXx</a>	1	0	1	57	94	7083	Russellville, KY	008
@Juh_R_Ruh207	<a href="https://twitter.com/Juh_R_Ruh207" target="_blank">Juh_R_Ruh207</a>	1	0	1	61	458	7321	Starkville, MS	008
@JulianAssange	<a href="https://twitter.com/JulianAssange" target="_blank">JulianAssange</a>	2	7	0	438828	1	3018	Everywhere	007
@JulianLmacia9	<a href="https://twitter.com/JulianLmacia9" target="_blank">JulianLmacia9</a>	1	0	1	55	1493	1359		008
@JulioGa38116048	<a href="https://twitter.com/JulioGa38116048" target="_blank">JulioGa38116048</a>	1	0	1	52	150	2349	España	002
@Jus_DntGve4Fuc	<a href="https://twitter.com/Jus_DntGve4Fuc" target="_blank">Jus_DntGve4Fuc</a>	1	0	1	79	453	7372	3rd ward tx bish Htwn i reside	008
@Just_Darble	<a href="https://twitter.com/Just_Darble" target="_blank">Just_Darble</a>	1	0	1	58	451	7370	My house	008
@just_j0ya	<a href="https://twitter.com/just_j0ya" target="_blank">just_j0ya</a>	1	0	1	53	422	7190	Atlanta	008
@JustDion2	<a href="https://twitter.com/JustDion2" target="_blank">JustDion2</a>	1	0	1	58	2279	1274		008
@justlikethat5	<a href="https://twitter.com/justlikethat5" target="_blank">justlikethat5</a>	1	0	1	1207	1079	31586	Catalunya	003
@Kalexdoscopi	<a href="https://twitter.com/Kalexdoscopi" target="_blank">Kalexdoscopi</a>	2	0	1	45	159	1903		001
@kathornton0741	<a href="https://twitter.com/kathornton0741" target="_blank">kathornton0741</a>	1	0	1	54	44	7145	♥ Texas ♥	008
@kaulem4	<a href="https://twitter.com/kaulem4" target="_blank">kaulem4</a>	1	0	1	52	61	5158	somewhere in the US of A	008
@Kayia_GNF	<a href="https://twitter.com/Kayia_GNF" target="_blank">Kayia_GNF</a>	1	0	1	57	90	5254	Chicago IL,	008
@KeithMorrisAber	<a href="https://twitter.com/KeithMorrisAber" target="_blank">KeithMorrisAber</a>	0	15	0					010
@Kelly_Nicole57	<a href="https://twitter.com/Kelly_Nicole57" target="_blank">Kelly_Nicole57</a>	1	0	1	69	670	7070	Florida, United States	008
@KelseyCraln	<a href="https://twitter.com/KelseyCraln" target="_blank">KelseyCraln</a>	1	0	1	75	70	7343	Dallas	008
@kerbstomp56	<a href="https://twitter.com/kerbstomp56" target="_blank">kerbstomp56</a>	1	0	1	50	2319	1455	Albuquerque	008
@khalifornlacam	<a href="https://twitter.com/khalifornlacam" target="_blank">khalifornlacam</a>	1	0	1	66	2294	1269	Dover	008
@kidrauhloving	<a href="https://twitter.com/kidrauhloving" target="_blank">kidrauhloving</a>	3	0	1	937	652	35385		002
@kilkirberde	<a href="https://twitter.com/kilkirberde" target="_blank">kilkirberde</a>	2	0	1	25	171	595		011
@Kirasua1	<a href="https://twitter.com/Kirasua1" target="_blank">Kirasua1</a>	1	0	1	6	65	21		046
@kitllydi	<a href="https://twitter.com/kitllydi" target="_blank">kitllydi</a>	1	0	1	86	2224	1304		008
@KlmTHutchinson	<a href="https://twitter.com/KlmTHutchinson" target="_blank">KlmTHutchinson</a>	1	0	1	62	1539	1392	Pembroke Lakes, Florida	008
@koaiaburrx	<a href="https://twitter.com/koaiaburrx" target="_blank">koaiaburrx</a>	1	0	1	63	96	7147	Terre Haute	008
@koopaconan	<a href="https://twitter.com/koopaconan" target="_blank">koopaconan</a>	0	1	0					076
@kscrowther83	<a href="https://twitter.com/kscrowther83" target="_blank">kscrowther83</a>	1	0	1	36	1583	1159	Cincinnati, OH	008
@KT0umbs	<a href="https://twitter.com/KT0umbs" target="_blank">KT0umbs</a>	1	0	1	73	2279	1251	Newcastle, OK	008
@ktpeab0dy	<a href="https://twitter.com/ktpeab0dy" target="_blank">ktpeab0dy</a>	1	0	1	82	2289	1438	Fishers Island	008
@KultureShock65	<a href="https://twitter.com/KultureShock65" target="_blank">KultureShock65</a>	1	0	1	40	903	6281	Anywhere theres music!	008
@kuromiaiko	<a href="https://twitter.com/kuromiaiko" target="_blank">kuromiaiko</a>	0	5	0					019
@kvisleis	<a href="https://twitter.com/kvisleis" target="_blank">kvisleis</a>	3	0	2	1614	5000	13953	Edinburgh, Scotland	039
@l_AM_SUpA	<a href="https://twitter.com/l_AM_SUpA" target="_blank">l_AM_SUpA</a>	1	0	1	68	832	7263	Planet  Krypton	008
@l_AmDhadChiick	<a href="https://twitter.com/l_AmDhadChiick" target="_blank">l_AmDhadChiick</a>	1	0	1	62	489	5203	W / Rich Homie Quan	008
@l0lucky	<a href="https://twitter.com/l0lucky" target="_blank">l0lucky</a>	1	0	1	76	2254	1234	jacksonville florida	008
@LadyFotocopias	<a href="https://twitter.com/LadyFotocopias" target="_blank">LadyFotocopias</a>	2	0	2	9	5	4655		003
@landergarro	<a href="https://twitter.com/landergarro" target="_blank">landergarro</a>	0	1	0					081
@lanmeansdyer	<a href="https://twitter.com/lanmeansdyer" target="_blank">lanmeansdyer</a>	1	0	1	68	1711	7309	baton rouge, la	008
@larrymail1	<a href="https://twitter.com/larrymail1" target="_blank">larrymail1</a>	1	0	1	412	360	9554	Franquilandia	024
@lau_mvargas	<a href="https://twitter.com/lau_mvargas" target="_blank">lau_mvargas</a>	0	1	0					103
@LauraCiriza	<a href="https://twitter.com/LauraCiriza" target="_blank">LauraCiriza</a>	1	0	1	249	125	36643	Perranth ✨	009
@lauralruiz	<a href="https://twitter.com/lauralruiz" target="_blank">lauralruiz</a>	0	2	0					035
@LaurenSlvley	<a href="https://twitter.com/LaurenSlvley" target="_blank">LaurenSlvley</a>	1	0	1	56	1903	1352	Dallas, TX	008
@LaVozDeTu	<a href="https://twitter.com/LaVozDeTu" target="_blank">LaVozDeTu</a>	0	1	0					072
@LaXinaDelRaval	<a href="https://twitter.com/LaXinaDelRaval" target="_blank">LaXinaDelRaval</a>	1	0	1	17	104	438		023
@LeHavreLutte	<a href="https://twitter.com/LeHavreLutte" target="_blank">LeHavreLutte</a>	0	1	0					071
@Leroy69Leroy	<a href="https://twitter.com/Leroy69Leroy" target="_blank">Leroy69Leroy</a>	3	0	1	153	230	10711		011
@LesBauxdeProven	<a href="https://twitter.com/LesBauxdeProven" target="_blank">LesBauxdeProven</a>	2	0	1	345	346	23567		011
@letmallkudown	<a href="https://twitter.com/letmallkudown" target="_blank">letmallkudown</a>	1	0	1	60	521	7234	☹ stuck in the fanzone ☹	008
@level5veganlady	<a href="https://twitter.com/level5veganlady" target="_blank">level5veganlady</a>	1	0	1	422	720	12717	Meatland, unfortunately...	081
@lgh___	<a href="https://twitter.com/lgh___" target="_blank">lgh___</a>	1	0	1	1259	291	57963		027
@liMisTv	<a href="https://twitter.com/liMisTv" target="_blank">liMisTv</a>	1	0	1	54	88	7332	United States of America	008
@LittleDesastre	<a href="https://twitter.com/LittleDesastre" target="_blank">LittleDesastre</a>	3	0	1	1085	2453	93907	Ciudad K	009
@LJlzzo	<a href="https://twitter.com/LJlzzo" target="_blank">LJlzzo</a>	1	0	1	53	104	5276	Raleigh, North Carolina	008
@LKalimanjlra	<a href="https://twitter.com/LKalimanjlra" target="_blank">LKalimanjlra</a>	1	0	1	73	2291	1378	New York	008
@llagosteraj	<a href="https://twitter.com/llagosteraj" target="_blank">llagosteraj</a>	14	0	1	527	1971	16237	Campinas, São Paulo, Brasil	100
@Llansky_	<a href="https://twitter.com/Llansky_" target="_blank">Llansky_</a>	1	0	1	55	77	7299		008
@Llibertatcat	<a href="https://twitter.com/Llibertatcat" target="_blank">Llibertatcat</a>	18	8	0	23922	17014	54723	Països Catalans	001
@Lll_Yo_TuFF	<a href="https://twitter.com/Lll_Yo_TuFF" target="_blank">Lll_Yo_TuFF</a>	1	0	1	57	87	7180	Tennessee	008
@LlLNATEBOY	<a href="https://twitter.com/LlLNATEBOY" target="_blank">LlLNATEBOY</a>	1	0	1	53	88	7162	St.Louis	008
@LluisRealKlein	<a href="https://twitter.com/LluisRealKlein" target="_blank">LluisRealKlein</a>	8	0	1	2487	3999	31126	Barcelona - Catalunya	019
@llunaonline	<a href="https://twitter.com/llunaonline" target="_blank">llunaonline</a>	1	0	1	295	581	808	Barcelona	099
@LManen	<a href="https://twitter.com/LManen" target="_blank">LManen</a>	1	0	1	702	375	2390	Barcelona	085
@lmma_DoMhe	<a href="https://twitter.com/lmma_DoMhe" target="_blank">lmma_DoMhe</a>	1	0	1	72	44	7220	columbus ohio	008
@logan__gaskill	<a href="https://twitter.com/logan__gaskill" target="_blank">logan__gaskill</a>	1	0	1	49	1588	1294	Emporia	008
@lola_vendetta	<a href="https://twitter.com/lola_vendetta" target="_blank">lola_vendetta</a>	0	1	0					033
@Lour_destiny	<a href="https://twitter.com/Lour_destiny" target="_blank">Lour_destiny</a>	1	0	1	79	220	378	Girona, Catalunya.	007
@LousyTr0uts	<a href="https://twitter.com/LousyTr0uts" target="_blank">LousyTr0uts</a>	1	0	1	67	2269	1394	milwaukee	008
@lovelyshea74	<a href="https://twitter.com/lovelyshea74" target="_blank">lovelyshea74</a>	1	0	1	61	69	7283	little rock	008
@LRS633	<a href="https://twitter.com/LRS633" target="_blank">LRS633</a>	1	0	1	57	63	7414	MKE	008
@lsabeljaney	<a href="https://twitter.com/lsabeljaney" target="_blank">lsabeljaney</a>	1	0	1	69	1799	1400	New York	008
@ltsABoyMahomie	<a href="https://twitter.com/ltsABoyMahomie" target="_blank">ltsABoyMahomie</a>	1	0	1	65	57	7408	Waiting For Austin's Follow	008
@LuciaLaFlaca1	<a href="https://twitter.com/LuciaLaFlaca1" target="_blank">LuciaLaFlaca1</a>	1	0	1	677	295	14343		016
@LuisFernandezdr	<a href="https://twitter.com/LuisFernandezdr" target="_blank">LuisFernandezdr</a>	1	0	1	223	240	5376	Madrid-Ciudad real	009
@luismendozadl	<a href="https://twitter.com/luismendozadl" target="_blank">luismendozadl</a>	9	0	9	78	220	1860	Querétaro	002
@LuMerveilleux	<a href="https://twitter.com/LuMerveilleux" target="_blank">LuMerveilleux</a>	1	0	1	68	564	1275		007
@Lyndanl78	<a href="https://twitter.com/Lyndanl78" target="_blank">Lyndanl78</a>	1	0	1	341	1914	8176		008
@LYP_Offlcial	<a href="https://twitter.com/LYP_Offlcial" target="_blank">LYP_Offlcial</a>	1	0	1	69	910	7216	Los Angeles CALI	008
@M0_Judge	<a href="https://twitter.com/M0_Judge" target="_blank">M0_Judge</a>	1	0	1	69	76	7328	Bay Area, CA	008
@MacheenInc265	<a href="https://twitter.com/MacheenInc265" target="_blank">MacheenInc265</a>	1	0	1	60	1583	1373	Austin, TX	008
@Madison__Grand	<a href="https://twitter.com/Madison__Grand" target="_blank">Madison__Grand</a>	1	0	1	76	2280	1318	Madison, MN	008
@madlsynforever	<a href="https://twitter.com/madlsynforever" target="_blank">madlsynforever</a>	1	0	1	67	1003	7241	Home Of The Trillest	008
@madorell	<a href="https://twitter.com/madorell" target="_blank">madorell</a>	1	0	1	32	62	35		025
@Mailepq07	<a href="https://twitter.com/Mailepq07" target="_blank">Mailepq07</a>	1	0	1	479	1915	8197	Memphis	008
@MangelsLors	<a href="https://twitter.com/MangelsLors" target="_blank">MangelsLors</a>	2	0	1	37	85	174		095
@ManKastie	<a href="https://twitter.com/ManKastie" target="_blank">ManKastie</a>	1	0	1	57	474	5191	The Man Kastle, Chicago	008
@ManuFructuoso	<a href="https://twitter.com/ManuFructuoso" target="_blank">ManuFructuoso</a>	1	0	1	228	111	30835		009
@Marc62060681	<a href="https://twitter.com/Marc62060681" target="_blank">Marc62060681</a>	0	1	0					002
@MarcMar87721302	<a href="https://twitter.com/MarcMar87721302" target="_blank">MarcMar87721302</a>	6	0	1	168	1561	5684	Republic of Catalonia	010
@MarcMateos	<a href="https://twitter.com/MarcMateos" target="_blank">MarcMateos</a>	5	0	1	439	626	27440		079
@marcpuigperez	<a href="https://twitter.com/marcpuigperez" target="_blank">marcpuigperez</a>	5	1	0	2993	1816	28815	Blanes (Països Catalans)	066
@mardelumes	<a href="https://twitter.com/mardelumes" target="_blank">mardelumes</a>	7	1	0	1990	1057	3077	Galiza	065
@Margueritaxr76	<a href="https://twitter.com/Margueritaxr76" target="_blank">Margueritaxr76</a>	1	0	1	457	1911	8226		008
@Maria_ll00	<a href="https://twitter.com/Maria_ll00" target="_blank">Maria_ll00</a>	1	0	1	201	864	8886	Aquí y allá	009
@MariaReferendum	<a href="https://twitter.com/MariaReferendum" target="_blank">MariaReferendum</a>	23	0	1	5	110	516		002
@marilitabcn	<a href="https://twitter.com/marilitabcn" target="_blank">marilitabcn</a>	5	0	1	39	212	2417	Barcelona, España	060
@MarinaAreste	<a href="https://twitter.com/MarinaAreste" target="_blank">MarinaAreste</a>	1	1	0	194	189	1028	Lleida - Dublin	070
@Marinagdr	<a href="https://twitter.com/Marinagdr" target="_blank">Marinagdr</a>	1	0	1	116	112	449	Madrid	009
@MarionaCastells	<a href="https://twitter.com/MarionaCastells" target="_blank">MarionaCastells</a>	0	1	0					033
@MarionaSF	<a href="https://twitter.com/MarionaSF" target="_blank">MarionaSF</a>	0	1	0					064
@marision7	<a href="https://twitter.com/marision7" target="_blank">marision7</a>	1	0	1	411	306	955	Aberystwyth	010
@marlssareneexox	<a href="https://twitter.com/marlssareneexox" target="_blank">marlssareneexox</a>	1	0	1	89	83	7257	@weheartit follows me!!♡	008
@Marsal95	<a href="https://twitter.com/Marsal95" target="_blank">Marsal95</a>	45	0	1	938	1013	100690	Sant Hilari Sacalm. Catalunya	086
@martaroca27	<a href="https://twitter.com/martaroca27" target="_blank">martaroca27</a>	0	1	0					063
@martaropa	<a href="https://twitter.com/martaropa" target="_blank">martaropa</a>	3	1	0	242	380	5674	Igualada	062
@Marti_Tapias	<a href="https://twitter.com/Marti_Tapias" target="_blank">Marti_Tapias</a>	0	1	0					060
@martintorres580	<a href="https://twitter.com/martintorres580" target="_blank">martintorres580</a>	1	0	1	47	1405	1314	White Plain, NY	008
@mattykay__	<a href="https://twitter.com/mattykay__" target="_blank">mattykay__</a>	1	0	1	61	2267	1146	Fort Wayne, IN	008
@McCullenMorrls	<a href="https://twitter.com/McCullenMorrls" target="_blank">McCullenMorrls</a>	1	0	1	66	75	7379	Hopkinsville, Ky	008
@McKenziX2	<a href="https://twitter.com/McKenziX2" target="_blank">McKenziX2</a>	1	0	1	37	1398	1173	Boston	008
@mcpedemonte	<a href="https://twitter.com/mcpedemonte" target="_blank">mcpedemonte</a>	2	1	0	297	468	3455	Vilassar de Mar, Barcelona	039
@McrosoftXD	<a href="https://twitter.com/McrosoftXD" target="_blank">McrosoftXD</a>	1	0	1	16	123	696	Reus, Cataluña, España	072
@MCruz_Nunez	<a href="https://twitter.com/MCruz_Nunez" target="_blank">MCruz_Nunez</a>	3	0	1	88	120	3332		013
@MeAventuro	<a href="https://twitter.com/MeAventuro" target="_blank">MeAventuro</a>	16	0	1	226	1647	1001		057
@megan_foley6	<a href="https://twitter.com/megan_foley6" target="_blank">megan_foley6</a>	1	0	1	64	503	7352	Boston, MA / Villanova, PA	008
@menaillwyd	<a href="https://twitter.com/menaillwyd" target="_blank">menaillwyd</a>	1	0	1	242	381	7035		010
@michaelandrewg6	<a href="https://twitter.com/michaelandrewg6" target="_blank">michaelandrewg6</a>	1	0	1	78	2294	1503	Colorado	008
@MiguelRabaneda	<a href="https://twitter.com/MiguelRabaneda" target="_blank">MiguelRabaneda</a>	1	1	1	1713	779	4251	Wichita, KS	104
@mikayla__isugly	<a href="https://twitter.com/mikayla__isugly" target="_blank">mikayla__isugly</a>	1	0	1	50	2031	1221		008
@mikimateo68	<a href="https://twitter.com/mikimateo68" target="_blank">mikimateo68</a>	1	0	1	66	148	1412	Elche, España	031
@mincinho	<a href="https://twitter.com/mincinho" target="_blank">mincinho</a>	0	1	0					059
@MiquelRudrigues	<a href="https://twitter.com/MiquelRudrigues" target="_blank">MiquelRudrigues</a>	12	0	1	364	1540	6694	Països Catalans	013
@Mir_Mtnz	<a href="https://twitter.com/Mir_Mtnz" target="_blank">Mir_Mtnz</a>	1	0	1	12	54	598		047
@MiraLomax	<a href="https://twitter.com/MiraLomax" target="_blank">MiraLomax</a>	4	0	1	193	228	19427	Madrid	011
@MiralvitaMadrid	<a href="https://twitter.com/MiralvitaMadrid" target="_blank">MiralvitaMadrid</a>	1	0	1	285	97	21120	Madrid, Comunidad de Madrid	012
@miranda_ag10	<a href="https://twitter.com/miranda_ag10" target="_blank">miranda_ag10</a>	2	0	2	209	317	1201	Saltillo, Coahuila de Zaragoza	033
@mireia_albiol	<a href="https://twitter.com/mireia_albiol" target="_blank">mireia_albiol</a>	12	0	1	578	2119	7870	Tarragone, Catalogne	058
@MireiaTweet	<a href="https://twitter.com/MireiaTweet" target="_blank">MireiaTweet</a>	1	0	1	47	81	1970	Catalunya	070
@MissDimples3883	<a href="https://twitter.com/MissDimples3883" target="_blank">MissDimples3883</a>	1	0	1	49	127	6251	Louisiana	008
@MissMae892	<a href="https://twitter.com/MissMae892" target="_blank">MissMae892</a>	1	0	1	107	2265	1273	Columbus, OHIO	008
@MKACITV5M	<a href="https://twitter.com/MKACITV5M" target="_blank">MKACITV5M</a>	2	3	0	11043	1477	7164	Paris, France	023
@mkrnyc2	<a href="https://twitter.com/mkrnyc2" target="_blank">mkrnyc2</a>	1	0	1	79	1787	7220	nyc	008
@MlkaelaRachel	<a href="https://twitter.com/MlkaelaRachel" target="_blank">MlkaelaRachel</a>	1	0	1	66	77	7325	Bernalillo, NM	008
@Mlssteviwonder	<a href="https://twitter.com/Mlssteviwonder" target="_blank">Mlssteviwonder</a>	1	0	1	68	412	7249	Charleston	008
@MlxtapeSD	<a href="https://twitter.com/MlxtapeSD" target="_blank">MlxtapeSD</a>	1	0	1	65	1774	7095	San Diego, CA	008
@mlzzdayzee	<a href="https://twitter.com/mlzzdayzee" target="_blank">mlzzdayzee</a>	1	0	1	59	2280	1365	Milton, Fl	008
@moganiooney	<a href="https://twitter.com/moganiooney" target="_blank">moganiooney</a>	1	0	1	229	184	7818		008
@MONEYHUNGRY7845	<a href="https://twitter.com/MONEYHUNGRY7845" target="_blank">MONEYHUNGRY7845</a>	1	0	1	45	55	7025	waukegan	008
@MonicaNJover	<a href="https://twitter.com/MonicaNJover" target="_blank">MonicaNJover</a>	7	0	1	248	401	10747		013
@MostPaldTourney	<a href="https://twitter.com/MostPaldTourney" target="_blank">MostPaldTourney</a>	1	0	1	74	2242	1297	North Carolina	008
@mpcmarcprat	<a href="https://twitter.com/mpcmarcprat" target="_blank">mpcmarcprat</a>	12	0	8	542	2032	5192		006
@Mr__Nine__Ace	<a href="https://twitter.com/Mr__Nine__Ace" target="_blank">Mr__Nine__Ace</a>	1	0	1	85	2264	1226		008
@MR_CEO_79	<a href="https://twitter.com/MR_CEO_79" target="_blank">MR_CEO_79</a>	1	0	1	47	1639	5263	✈️✈️✈️✈️✈️	008
@mrahumadaa120	<a href="https://twitter.com/mrahumadaa120" target="_blank">mrahumadaa120</a>	1	0	1	77	2287	1406	Nj	008
@mrshannahh0ward	<a href="https://twitter.com/mrshannahh0ward" target="_blank">mrshannahh0ward</a>	1	0	1	70	78	7375	Texas	008
@MRSJEFFTHOMP05	<a href="https://twitter.com/MRSJEFFTHOMP05" target="_blank">MRSJEFFTHOMP05</a>	1	0	1	56	91	7148	Jasper,Ala FloresvilleTx	008
@MrsNeale2330	<a href="https://twitter.com/MrsNeale2330" target="_blank">MrsNeale2330</a>	1	0	1	66	1835	1365	Spartanburg, SC	008
@MrsP4rahunterD	<a href="https://twitter.com/MrsP4rahunterD" target="_blank">MrsP4rahunterD</a>	1	0	1	73	1821	7376	Massachusetts	008
@mrtoskis	<a href="https://twitter.com/mrtoskis" target="_blank">mrtoskis</a>	2	0	1	1261	1495	57575	Catalunya	002
@ms_northslde	<a href="https://twitter.com/ms_northslde" target="_blank">ms_northslde</a>	1	0	1	45	63	7013	EARTH	008
@MsAddlOh	<a href="https://twitter.com/MsAddlOh" target="_blank">MsAddlOh</a>	1	0	1	93	2294	1261	IOWA	008
@MsAimondd	<a href="https://twitter.com/MsAimondd" target="_blank">MsAimondd</a>	1	0	1	65	1685	7301	living life in paradise	008
@MsDannleHotness	<a href="https://twitter.com/MsDannleHotness" target="_blank">MsDannleHotness</a>	1	0	1	65	50	7362	Largo, MD	008
@muaburria	<a href="https://twitter.com/muaburria" target="_blank">muaburria</a>	2	0	1	226	35	38427	pozo negro	017
@muyfandel36	<a href="https://twitter.com/muyfandel36" target="_blank">muyfandel36</a>	0	1	0					002
@mvidalcalvet	<a href="https://twitter.com/mvidalcalvet" target="_blank">mvidalcalvet</a>	0	1	0					058
@MyGlngersnaps	<a href="https://twitter.com/MyGlngersnaps" target="_blank">MyGlngersnaps</a>	1	0	1	57	76	5210	NYC	008
@MYRIAMcanto	<a href="https://twitter.com/MYRIAMcanto" target="_blank">MYRIAMcanto</a>	1	0	1	50	99	267	Cantoria	018
@MZADE9U	<a href="https://twitter.com/MZADE9U" target="_blank">MZADE9U</a>	1	0	1	84	2258	1240	LAWRENCEVILLE, GA	008
@N0_MeansYes	<a href="https://twitter.com/N0_MeansYes" target="_blank">N0_MeansYes</a>	1	0	1	53	98	7120	Los Angeles, California	008
@NachoVillalba01	<a href="https://twitter.com/NachoVillalba01" target="_blank">NachoVillalba01</a>	1	0	1	24	49	1103	Málaga	009
@NatalieSarantos	<a href="https://twitter.com/NatalieSarantos" target="_blank">NatalieSarantos</a>	6	1	0	822	910	4151	Gibraltar	057
@NatBrugat	<a href="https://twitter.com/NatBrugat" target="_blank">NatBrugat</a>	11	0	2	194	1055	2890	torroella de montgri	030
@NavarroJosep	<a href="https://twitter.com/NavarroJosep" target="_blank">NavarroJosep</a>	0	1	0					056
@NerdetteAngle	<a href="https://twitter.com/NerdetteAngle" target="_blank">NerdetteAngle</a>	1	0	1	63	64	7110	HAYWARD, CA	008
@nerealay	<a href="https://twitter.com/nerealay" target="_blank">nerealay</a>	1	0	1	260	277	1709		015
@Nereavicnte_	<a href="https://twitter.com/Nereavicnte_" target="_blank">Nereavicnte_</a>	1	0	1	697	994	15179	Madrid-Zamora-Sanabria	015
@NereDeadiereN	<a href="https://twitter.com/NereDeadiereN" target="_blank">NereDeadiereN</a>	0	1	0					055
@Neusleon	<a href="https://twitter.com/Neusleon" target="_blank">Neusleon</a>	0	5	0					018
@nGageLabs708	<a href="https://twitter.com/nGageLabs708" target="_blank">nGageLabs708</a>	1	0	1	59	2244	1357	Scottsdale, Arizona	008
@nicoleolson4225	<a href="https://twitter.com/nicoleolson4225" target="_blank">nicoleolson4225</a>	1	0	1	71	2280	1266	North Dakota	008
@nigromantis	<a href="https://twitter.com/nigromantis" target="_blank">nigromantis</a>	1	0	1	169	268	5496	En algun lugar	009
@NikkiBivens9	<a href="https://twitter.com/NikkiBivens9" target="_blank">NikkiBivens9</a>	1	0	1	77	1755	7324	Maysville, Wv (;	008
@nlkepolo_	<a href="https://twitter.com/nlkepolo_" target="_blank">nlkepolo_</a>	1	0	1	62	1627	7153	In ya hoe...While you work!!	008
@NlnaSmart	<a href="https://twitter.com/NlnaSmart" target="_blank">NlnaSmart</a>	1	0	1	45	1502	1174		008
@nlw41	<a href="https://twitter.com/nlw41" target="_blank">nlw41</a>	1	0	1	75	2236	1189	Milky Way Galaxy, Earth ;)	008
@NNadela	<a href="https://twitter.com/NNadela" target="_blank">NNadela</a>	1	0	1	41	56	129		074
@NoirMiller	<a href="https://twitter.com/NoirMiller" target="_blank">NoirMiller</a>	1	0	1	513	155	92527	Aquí, Allá	012
@NomiLP	<a href="https://twitter.com/NomiLP" target="_blank">NomiLP</a>	3	0	1	124	582	2331	Catalunya	004
@notecortespavo	<a href="https://twitter.com/notecortespavo" target="_blank">notecortespavo</a>	0	12	0					011
@nsabate4	<a href="https://twitter.com/nsabate4" target="_blank">nsabate4</a>	1	1	0	878	1039	3096	Reus/Cambrils	050
@NuriaSimBa	<a href="https://twitter.com/NuriaSimBa" target="_blank">NuriaSimBa</a>	1	0	1	29	108	69		019
@Nwdls	<a href="https://twitter.com/Nwdls" target="_blank">Nwdls</a>	3	0	1	4290	1346	28136	Gwalaxia	010
@nwennakal	<a href="https://twitter.com/nwennakal" target="_blank">nwennakal</a>	1	0	1	72	747	7359	Philadelphia	008
@offlcialannajee	<a href="https://twitter.com/offlcialannajee" target="_blank">offlcialannajee</a>	1	0	1	85	1803	7419	The Delta	008
@OGDlmples_Hoe	<a href="https://twitter.com/OGDlmples_Hoe" target="_blank">OGDlmples_Hoe</a>	1	0	1	54	64	6371	saint louis,MO	008
@OGeeiarBear	<a href="https://twitter.com/OGeeiarBear" target="_blank">OGeeiarBear</a>	1	0	1	56	117	7288	San Bernardino Cail	008
@OlaPropolis	<a href="https://twitter.com/OlaPropolis" target="_blank">OlaPropolis</a>	1	2	0	95	176	201	Bergen	025
@oldtown_93	<a href="https://twitter.com/oldtown_93" target="_blank">oldtown_93</a>	3	0	1	1244	785	29060	Ao pé do carballo nun buraco	013
@olgagd97	<a href="https://twitter.com/olgagd97" target="_blank">olgagd97</a>	1	0	1	426	418	6605	L.A / Cartagena / Murcia	009
@oniegrina	<a href="https://twitter.com/oniegrina" target="_blank">oniegrina</a>	1	0	1	110	386	6905	Inglaterra siglo XVI	068
@OnnoSeroo	<a href="https://twitter.com/OnnoSeroo" target="_blank">OnnoSeroo</a>	2	0	1	208	1954	555		002
@opiqueb	<a href="https://twitter.com/opiqueb" target="_blank">opiqueb</a>	4	0	1	611	835	6834	Catalunya	011
@Orangereix	<a href="https://twitter.com/Orangereix" target="_blank">Orangereix</a>	1	0	1	394	770	14681	Lorca, Spain	009
@Orren_Lewls	<a href="https://twitter.com/Orren_Lewls" target="_blank">Orren_Lewls</a>	1	0	1	58	501	7222	Louisiana	008
@oskarh71	<a href="https://twitter.com/oskarh71" target="_blank">oskarh71</a>	26	0	1	43	22	7218	Barcelona	018
@Outiaw_lex	<a href="https://twitter.com/Outiaw_lex" target="_blank">Outiaw_lex</a>	1	0	1	52	78	7132	Where you're not..	008
@pablo22rv	<a href="https://twitter.com/pablo22rv" target="_blank">pablo22rv</a>	1	0	1	272	247	2192	Galiza	061
@PaieoLab_SC	<a href="https://twitter.com/PaieoLab_SC" target="_blank">PaieoLab_SC</a>	1	0	1	70	1863	7134	HOLLY HILL, SC	008
@palacinpc	<a href="https://twitter.com/palacinpc" target="_blank">palacinpc</a>	6	0	1	723	2281	36588	catalunya, sistema solar	010
@papaTA0bob	<a href="https://twitter.com/papaTA0bob" target="_blank">papaTA0bob</a>	1	0	1	56	456	7363		008
@parxisxdemo	<a href="https://twitter.com/parxisxdemo" target="_blank">parxisxdemo</a>	7	4	0	88	1	136	Gavà	006
@patri_fierro	<a href="https://twitter.com/patri_fierro" target="_blank">patri_fierro</a>	1	0	1	303	201	3931	Ponferrada, España	009
@patria_122	<a href="https://twitter.com/patria_122" target="_blank">patria_122</a>	1	0	1	37	1313	1236	Hoboken, NJ	008
@patronus12	<a href="https://twitter.com/patronus12" target="_blank">patronus12</a>	8	0	1	37	105	1544		018
@paucorcelles	<a href="https://twitter.com/paucorcelles" target="_blank">paucorcelles</a>	0	1	0					048
@PauDuranMar1	<a href="https://twitter.com/PauDuranMar1" target="_blank">PauDuranMar1</a>	3	0	3	35	123	345		002
@pauf_sj	<a href="https://twitter.com/pauf_sj" target="_blank">pauf_sj</a>	3	0	1	130	520	7955	Premià de Mar	013
@PeachtreeDentai	<a href="https://twitter.com/PeachtreeDentai" target="_blank">PeachtreeDentai</a>	1	0	1	52	2218	1092	Northeast Louisiana	008
@pepecugat	<a href="https://twitter.com/pepecugat" target="_blank">pepecugat</a>	1	0	1	181	196	512	Barcelona	052
@perfxctmallkk	<a href="https://twitter.com/perfxctmallkk" target="_blank">perfxctmallkk</a>	1	0	1	55	67	7326	what, california	008
@Periko_1995	<a href="https://twitter.com/Periko_1995" target="_blank">Periko_1995</a>	1	0	1	551	452	14000	Euskal Herria	092
@PhlGamFam	<a href="https://twitter.com/PhlGamFam" target="_blank">PhlGamFam</a>	1	0	1	58	94	7314	Richmond	008
@Phllfollows	<a href="https://twitter.com/Phllfollows" target="_blank">Phllfollows</a>	1	0	1	76	99	7244	VT, Miss MA	008
@piipe_ramirez51	<a href="https://twitter.com/piipe_ramirez51" target="_blank">piipe_ramirez51</a>	1	0	1	216	630	2437	Colombia	008
@PijoanRosa	<a href="https://twitter.com/PijoanRosa" target="_blank">PijoanRosa</a>	11	0	1	635	1154	47080	Baix Emporda	002
@PIOPIOSOY	<a href="https://twitter.com/PIOPIOSOY" target="_blank">PIOPIOSOY</a>	1	0	1	812	298	25273	España	002
@PiPlayhouse	<a href="https://twitter.com/PiPlayhouse" target="_blank">PiPlayhouse</a>	1	0	1	70	1624	7156	211 S Columbus Blvd - Philly	008
@pleasure_nlque	<a href="https://twitter.com/pleasure_nlque" target="_blank">pleasure_nlque</a>	1	0	1	58	49	7319	new york	008
@PolSantandreu	<a href="https://twitter.com/PolSantandreu" target="_blank">PolSantandreu</a>	0	1	0					047
@pompon92130	<a href="https://twitter.com/pompon92130" target="_blank">pompon92130</a>	1	0	1	83	549	5750	Pays Basque, Espagne	071
@PorscheEnthusla	<a href="https://twitter.com/PorscheEnthusla" target="_blank">PorscheEnthusla</a>	1	0	1	77	1663	7112	Oregon	008
@Pr3shRenee	<a href="https://twitter.com/Pr3shRenee" target="_blank">Pr3shRenee</a>	1	0	1	66	1593	7203	Shreveport, Louisiana	008
@Pretty_F4ceSade	<a href="https://twitter.com/Pretty_F4ceSade" target="_blank">Pretty_F4ceSade</a>	1	0	1	79	1767	7280	O-Zone	008
@PrettyPink_77	<a href="https://twitter.com/PrettyPink_77" target="_blank">PrettyPink_77</a>	1	0	1	74	1782	6166	Columbus Georgia	008
@PrlmaDonnaProds	<a href="https://twitter.com/PrlmaDonnaProds" target="_blank">PrlmaDonnaProds</a>	1	0	1	62	88	7299	San Antonio, Texas	008
@producedbyPJ	<a href="https://twitter.com/producedbyPJ" target="_blank">producedbyPJ</a>	1	0	1	923	1980	19372	Priego de Córdoba	009
@PseudolusBCN	<a href="https://twitter.com/PseudolusBCN" target="_blank">PseudolusBCN</a>	2	0	1	56	212	676	Barcelona	076
@PSL_Merida	<a href="https://twitter.com/PSL_Merida" target="_blank">PSL_Merida</a>	1	0	1	629	539	5338		067
@Psykezzl	<a href="https://twitter.com/Psykezzl" target="_blank">Psykezzl</a>	1	0	1	78	2277	1355		008
@PulmondeWild	<a href="https://twitter.com/PulmondeWild" target="_blank">PulmondeWild</a>	1	0	1	1911	3320	53667	en la lista negra de Dalas	009
@Que_Bes	<a href="https://twitter.com/Que_Bes" target="_blank">Que_Bes</a>	1	0	1	40	195	746	Girona - Catalunya	056
@quimmarce	<a href="https://twitter.com/quimmarce" target="_blank">quimmarce</a>	0	1	0					046
@quimsb	<a href="https://twitter.com/quimsb" target="_blank">quimsb</a>	4	2	0	2329	2665	14195		034
@Quisaba	<a href="https://twitter.com/Quisaba" target="_blank">Quisaba</a>	2	0	1	56	166	1110		003
@Quise40	<a href="https://twitter.com/Quise40" target="_blank">Quise40</a>	1	0	1	77	2267	1327	USA	008
@rabiatifuscoler	<a href="https://twitter.com/rabiatifuscoler" target="_blank">rabiatifuscoler</a>	19	0	1	94	321	6892	Kabul	062
@RalnHacks	<a href="https://twitter.com/RalnHacks" target="_blank">RalnHacks</a>	1	0	1	64	912	7177	Latest Victim	008
@ramontremosa	<a href="https://twitter.com/ramontremosa" target="_blank">ramontremosa</a>	18	1	0	69364	1301	31183	BCN, CAT & EU	049
@rapsiencyn	<a href="https://twitter.com/rapsiencyn" target="_blank">rapsiencyn</a>	3	0	1	1369	1723	77130	Llangrallo	010
@raquelgarne13	<a href="https://twitter.com/raquelgarne13" target="_blank">raquelgarne13</a>	1	0	1	192	177	1501		009
@raulcobole	<a href="https://twitter.com/raulcobole" target="_blank">raulcobole</a>	14	0	1	434	1535	3279	República Catalana	001
@RaySllvia	<a href="https://twitter.com/RaySllvia" target="_blank">RaySllvia</a>	1	0	1	59	80	7288	Sharon,Vermont	008
@Rayzlrr	<a href="https://twitter.com/Rayzlrr" target="_blank">Rayzlrr</a>	1	0	1	81	77	7449	Stamford Bridge	008
@rcomesmu	<a href="https://twitter.com/rcomesmu" target="_blank">rcomesmu</a>	1	0	1	1	29	222		002
@Rebecarlop	<a href="https://twitter.com/Rebecarlop" target="_blank">Rebecarlop</a>	0	1	0					045
@rebeccadaitonx	<a href="https://twitter.com/rebeccadaitonx" target="_blank">rebeccadaitonx</a>	1	0	1	307	100	7779	Co Waterford Ireland	008
@Refugeflmuslc	<a href="https://twitter.com/Refugeflmuslc" target="_blank">Refugeflmuslc</a>	1	0	1	46	1561	1300	FL	008
@Ren4BenaBaby	<a href="https://twitter.com/Ren4BenaBaby" target="_blank">Ren4BenaBaby</a>	1	0	1	48	61	5208	In the Kitchen Literally lol	008
@Rene5_02	<a href="https://twitter.com/Rene5_02" target="_blank">Rene5_02</a>	1	0	1	54	2236	1277	DMV...Iowa!!	008
@RestaAulla	<a href="https://twitter.com/RestaAulla" target="_blank">RestaAulla</a>	1	0	1	39	68	6306	Golden Gate	008
@riana2358hiq	<a href="https://twitter.com/riana2358hiq" target="_blank">riana2358hiq</a>	1	0	1	59	2153	1026		008
@rissarea21	<a href="https://twitter.com/rissarea21" target="_blank">rissarea21</a>	1	0	1	79	2372	1334	Texas	008
@Riverside__FM	<a href="https://twitter.com/Riverside__FM" target="_blank">Riverside__FM</a>	1	0	1	72	2288	1458	Roswell, GA	008
@rlssapooh_	<a href="https://twitter.com/rlssapooh_" target="_blank">rlssapooh_</a>	1	0	1	69	838	7223	Denton Tx	008
@RoaDeiaFuente	<a href="https://twitter.com/RoaDeiaFuente" target="_blank">RoaDeiaFuente</a>	1	0	1	73	1776	7209	I'm in search of it...	008
@RoaringNurse	<a href="https://twitter.com/RoaringNurse" target="_blank">RoaringNurse</a>	8	2	0	30061	30102	27438	Here, there & everywhere!	044
@robwllmink	<a href="https://twitter.com/robwllmink" target="_blank">robwllmink</a>	1	0	1	65	1568	6991	West Virginia	008
@RockArias_94	<a href="https://twitter.com/RockArias_94" target="_blank">RockArias_94</a>	0	31	0					009
@ROGMARIMON	<a href="https://twitter.com/ROGMARIMON" target="_blank">ROGMARIMON</a>	18	0	1	145	190	1762		048
@rojayrosaflor	<a href="https://twitter.com/rojayrosaflor" target="_blank">rojayrosaflor</a>	1	0	1	5	69	114		094
@Rosannen15	<a href="https://twitter.com/Rosannen15" target="_blank">Rosannen15</a>	1	0	1	328	1900	8183	Madrid	008
@RutiandCERT	<a href="https://twitter.com/RutiandCERT" target="_blank">RutiandCERT</a>	1	0	1	21	395	1188	Rutland, MA	008
@rwildrover	<a href="https://twitter.com/rwildrover" target="_blank">rwildrover</a>	3	0	1	189	1171	10666		021
@ryan_donovan82	<a href="https://twitter.com/ryan_donovan82" target="_blank">ryan_donovan82</a>	1	0	1	113	2267	1316	California	008
@S0urPatchBxtch_	<a href="https://twitter.com/S0urPatchBxtch_" target="_blank">S0urPatchBxtch_</a>	1	0	1	55	485	7252	IG; felisha_rosalie.	008
@s9tmt	<a href="https://twitter.com/s9tmt" target="_blank">s9tmt</a>	13	0	1	4194	911	533485	manchester	044
@sabrebel	<a href="https://twitter.com/sabrebel" target="_blank">sabrebel</a>	3	0	1	809	2920	10200	Sants	029
@SadleSasser	<a href="https://twitter.com/SadleSasser" target="_blank">SadleSasser</a>	1	0	1	56	54	7055	Colorado	008
@sam10rc	<a href="https://twitter.com/sam10rc" target="_blank">sam10rc</a>	1	0	1	291	320	16940	Madrid, Spain (European Union)	009
@SamanthaBedf0rd	<a href="https://twitter.com/SamanthaBedf0rd" target="_blank">SamanthaBedf0rd</a>	1	0	1	58	2251	1214	Denver CO	008
@sandratroule	<a href="https://twitter.com/sandratroule" target="_blank">sandratroule</a>	1	0	1	264	438	6602	Cantabria	009
@sarahdawnseaie	<a href="https://twitter.com/sarahdawnseaie" target="_blank">sarahdawnseaie</a>	1	0	1	59	62	6315	TEXAS	008
@Saved_By_0SOS_	<a href="https://twitter.com/Saved_By_0SOS_" target="_blank">Saved_By_0SOS_</a>	1	0	1	68	2244	1220	Massachusetts	008
@Serafinahq38	<a href="https://twitter.com/Serafinahq38" target="_blank">Serafinahq38</a>	1	0	1	395	1867	8038	Rhode Island	008
@sergeyrag	<a href="https://twitter.com/sergeyrag" target="_blank">sergeyrag</a>	4	2	0	346	957	5086	Cardedeu, Catalunya	042
@sergicava	<a href="https://twitter.com/sergicava" target="_blank">sergicava</a>	0	1	0					097
@SergioGa1980	<a href="https://twitter.com/SergioGa1980" target="_blank">SergioGa1980</a>	1	0	1	305	746	5338	Pamplona-Iruña	011
@SergiSeira	<a href="https://twitter.com/SergiSeira" target="_blank">SergiSeira</a>	2	0	1	44	136	481		011
@sergivilanovac	<a href="https://twitter.com/sergivilanovac" target="_blank">sergivilanovac</a>	0	1	0					096
@SergyRey	<a href="https://twitter.com/SergyRey" target="_blank">SergyRey</a>	1	0	1	135	174	1196	TORRETE	065
@sgranovskala	<a href="https://twitter.com/sgranovskala" target="_blank">sgranovskala</a>	1	0	1	72	2262	1221	NYC.	008
@ShaktiLila	<a href="https://twitter.com/ShaktiLila" target="_blank">ShaktiLila</a>	1	0	1	4204	5001	253479	California	101
@shann0nshowe	<a href="https://twitter.com/shann0nshowe" target="_blank">shann0nshowe</a>	1	0	1	88	2313	1434	Washington, DC	008
@sheibysykex	<a href="https://twitter.com/sheibysykex" target="_blank">sheibysykex</a>	1	0	1	74	86	7039	Fall River, Massachusetts	008
@SherrondaDenlse	<a href="https://twitter.com/SherrondaDenlse" target="_blank">SherrondaDenlse</a>	1	0	1	67	1592	7248	Raleigh	008
@shirleyyoung2	<a href="https://twitter.com/shirleyyoung2" target="_blank">shirleyyoung2</a>	2	0	1	1076	735	141475	Fife, Scotland	044
@shitt_cheaa8	<a href="https://twitter.com/shitt_cheaa8" target="_blank">shitt_cheaa8</a>	1	0	1	46	113	7294	rayne	008
@Shizzlr8	<a href="https://twitter.com/Shizzlr8" target="_blank">Shizzlr8</a>	1	0	1	71	4266	1281	Miami	008
@ShlanLovesSRK	<a href="https://twitter.com/ShlanLovesSRK" target="_blank">ShlanLovesSRK</a>	1	0	1	92	2244	1227	WorldWide w/ SRKians	008
@ShlobvonRenee	<a href="https://twitter.com/ShlobvonRenee" target="_blank">ShlobvonRenee</a>	1	0	1	77	1019	7140	DETROIT/KANSAS CITY/MEMPHIS	008
@SHop472	<a href="https://twitter.com/SHop472" target="_blank">SHop472</a>	1	0	1	58	2289	1222	MKE to Tennessee	008
@ShtUp_lmTweetin	<a href="https://twitter.com/ShtUp_lmTweetin" target="_blank">ShtUp_lmTweetin</a>	1	0	1	73	89	7318	The Pyramid	008
@shul_evolution	<a href="https://twitter.com/shul_evolution" target="_blank">shul_evolution</a>	3	1	0	14970	1067	48171	Lavapiés	094
@sicolley	<a href="https://twitter.com/sicolley" target="_blank">sicolley</a>	1	0	1	50	92	5306	Dallas, Texas	008
@silversampler	<a href="https://twitter.com/silversampler" target="_blank">silversampler</a>	4	0	1	1364	3010	53911	Españistan	002
@SilviabelB	<a href="https://twitter.com/SilviabelB" target="_blank">SilviabelB</a>	0	1	0					100
@silviablack	<a href="https://twitter.com/silviablack" target="_blank">silviablack</a>	1	0	1	309	342	42312		003
@Silvina_bruno1	<a href="https://twitter.com/Silvina_bruno1" target="_blank">Silvina_bruno1</a>	1	0	1	57	287	288		002
@SimonThomasAC	<a href="https://twitter.com/SimonThomasAC" target="_blank">SimonThomasAC</a>	0	1	0					093
@SindicaEstudian	<a href="https://twitter.com/SindicaEstudian" target="_blank">SindicaEstudian</a>	6	5	0	21599	1386	17786	Estado español	017
@sinnfeinireland	<a href="https://twitter.com/sinnfeinireland" target="_blank">sinnfeinireland</a>	0	4	0					021
@siscugiralt	<a href="https://twitter.com/siscugiralt" target="_blank">siscugiralt</a>	1	0	1	4655	4991	26038	Catalunya	084
@SiwanRosser	<a href="https://twitter.com/SiwanRosser" target="_blank">SiwanRosser</a>	1	0	1	691	720	2098	Caerdydd	036
@siynnbuckner	<a href="https://twitter.com/siynnbuckner" target="_blank">siynnbuckner</a>	1	0	1	85	2280	1209	Raynham, MA	008
@slavetotheplg	<a href="https://twitter.com/slavetotheplg" target="_blank">slavetotheplg</a>	1	0	1	89	2248	1258	Lost in the Woods, Alaska	008
@sllmplug_	<a href="https://twitter.com/sllmplug_" target="_blank">sllmplug_</a>	1	0	1	63	91	7287		008
@SlmplyBeautfiul	<a href="https://twitter.com/SlmplyBeautfiul" target="_blank">SlmplyBeautfiul</a>	1	0	1	55	2270	1256		008
@smartlnternetad	<a href="https://twitter.com/smartlnternetad" target="_blank">smartlnternetad</a>	1	0	1	48	2296	1257	Agoura Hills, CA	008
@SoclalMarisa	<a href="https://twitter.com/SoclalMarisa" target="_blank">SoclalMarisa</a>	1	0	1	57	487	7329		008
@SoclalMpresa	<a href="https://twitter.com/SoclalMpresa" target="_blank">SoclalMpresa</a>	1	0	1	52	484	6277	Washington D.C.	008
@SomsDavid	<a href="https://twitter.com/SomsDavid" target="_blank">SomsDavid</a>	1	2	0	25	97	518		091
@sorryeyesash	<a href="https://twitter.com/sorryeyesash" target="_blank">sorryeyesash</a>	1	0	1	1185	1033	52935	edith styles is mine	012
@SoSwigglEnt	<a href="https://twitter.com/SoSwigglEnt" target="_blank">SoSwigglEnt</a>	1	0	1	88	2283	1242	United States	008
@SouthBuffPr0bs	<a href="https://twitter.com/SouthBuffPr0bs" target="_blank">SouthBuffPr0bs</a>	1	0	1	58	2289	1252	South Buffalo, NY	008
@sp256	<a href="https://twitter.com/sp256" target="_blank">sp256</a>	5	0	1	606	765	24479	Bcn  Cataluña  PlanetaTierra	016
@SpartacusVVV	<a href="https://twitter.com/SpartacusVVV" target="_blank">SpartacusVVV</a>	1	0	1	1134	1117	19939		014
@Splth32	<a href="https://twitter.com/Splth32" target="_blank">Splth32</a>	42	0	1	66	100	6157		102
@sra_danvers	<a href="https://twitter.com/sra_danvers" target="_blank">sra_danvers</a>	27	0	1	1739	1710	88681		011
@SrtaHaush	<a href="https://twitter.com/SrtaHaush" target="_blank">SrtaHaush</a>	1	0	1	1036	728	80837	A tomar por culo a la izquiera	012
@Ssuneb	<a href="https://twitter.com/Ssuneb" target="_blank">Ssuneb</a>	29	0	1	531	652	33849	Barcelona, Catalunya	053
@Stay_3tru	<a href="https://twitter.com/Stay_3tru" target="_blank">Stay_3tru</a>	1	0	1	86	1788	7172		008
@steevc0co	<a href="https://twitter.com/steevc0co" target="_blank">steevc0co</a>	1	0	1	80	2299	1416	New York City	008
@StephBurchett40	<a href="https://twitter.com/StephBurchett40" target="_blank">StephBurchett40</a>	1	0	1	68	2266	1210	Northern Colorado	008
@Steven89s	<a href="https://twitter.com/Steven89s" target="_blank">Steven89s</a>	1	0	1	89	2260	1459	Ayrshire	008
@STFU_NOTALKlN	<a href="https://twitter.com/STFU_NOTALKlN" target="_blank">STFU_NOTALKlN</a>	1	0	1	70	41	7119	small star green plants	008
@stonersRus645	<a href="https://twitter.com/stonersRus645" target="_blank">stonersRus645</a>	1	0	1	47	107	7099	wonderland.	008
@stupldonion	<a href="https://twitter.com/stupldonion" target="_blank">stupldonion</a>	1	0	1	62	47	7206	memphis tn	008
@StyiemasterUSA	<a href="https://twitter.com/StyiemasterUSA" target="_blank">StyiemasterUSA</a>	1	0	1	78	2299	1440	New York	008
@STYULme581	<a href="https://twitter.com/STYULme581" target="_blank">STYULme581</a>	1	0	1	99	2287	1234	United States	008
@SubPlnkLatex	<a href="https://twitter.com/SubPlnkLatex" target="_blank">SubPlnkLatex</a>	1	0	1	43	1446	1445	Michigan	008
@Sudltmvs	<a href="https://twitter.com/Sudltmvs" target="_blank">Sudltmvs</a>	1	0	1	50	1463	1299	Boston, MA	008
@SuggarTCM	<a href="https://twitter.com/SuggarTCM" target="_blank">SuggarTCM</a>	0	1	0					002
@summysums720	<a href="https://twitter.com/summysums720" target="_blank">summysums720</a>	1	0	1	85	2252	1256	Dallas	008
@SunbeitNOLA	<a href="https://twitter.com/SunbeitNOLA" target="_blank">SunbeitNOLA</a>	1	0	1	62	53	6297	New Orleans, LA	008
@susanna01022010	<a href="https://twitter.com/susanna01022010" target="_blank">susanna01022010</a>	4	0	3	6	36	103		002
@t_equo	<a href="https://twitter.com/t_equo" target="_blank">t_equo</a>	86	0	1	9	173	470	Europe	093
@TAGProServlces	<a href="https://twitter.com/TAGProServlces" target="_blank">TAGProServlces</a>	1	0	1	28	1439	1149	Georgia	008
@Tandyvn71	<a href="https://twitter.com/Tandyvn71" target="_blank">Tandyvn71</a>	1	0	1	416	1900	8177		008
@tarsol23	<a href="https://twitter.com/tarsol23" target="_blank">tarsol23</a>	1	0	1	476	591	5437	Catalunya	002
@Taste0fAja	<a href="https://twitter.com/Taste0fAja" target="_blank">Taste0fAja</a>	1	0	1	53	38	7326	Dallas/California	008
@TBrad_64	<a href="https://twitter.com/TBrad_64" target="_blank">TBrad_64</a>	1	0	1	93	2261	1300	New York	008
@tdherrm4nn	<a href="https://twitter.com/tdherrm4nn" target="_blank">tdherrm4nn</a>	1	0	1	62	712	7059	St. Louis	008
@TechXpertsUSA75	<a href="https://twitter.com/TechXpertsUSA75" target="_blank">TechXpertsUSA75</a>	1	0	1	37	372	1242	3036 NW 72 Ave Miami FL 33122	008
@teeducatlonal	<a href="https://twitter.com/teeducatlonal" target="_blank">teeducatlonal</a>	1	0	1	47	946	1312	Atlanta, GA	008
@Teenlove132	<a href="https://twitter.com/Teenlove132" target="_blank">Teenlove132</a>	1	0	1	69	2273	1254	New York	008
@Telasmarineras	<a href="https://twitter.com/Telasmarineras" target="_blank">Telasmarineras</a>	2	0	1	1152	1355	79657		011
@TerenceLeavey80	<a href="https://twitter.com/TerenceLeavey80" target="_blank">TerenceLeavey80</a>	1	0	1	43	1520	1397	Los Angeles	008
@TeresaJorda	<a href="https://twitter.com/TeresaJorda" target="_blank">TeresaJorda</a>	4	1	0	8278	4853	6937	Ripoll	090
@TheFEED915	<a href="https://twitter.com/TheFEED915" target="_blank">TheFEED915</a>	1	0	1	66	2302	1468	Washington D.C.	008
@TheHAWK85	<a href="https://twitter.com/TheHAWK85" target="_blank">TheHAWK85</a>	1	0	1	79	2298	1480	SheVegas, WI	008
@TheLABelleber	<a href="https://twitter.com/TheLABelleber" target="_blank">TheLABelleber</a>	1	0	1	62	84	7277	making noodles with justin	008
@themandus_8d	<a href="https://twitter.com/themandus_8d" target="_blank">themandus_8d</a>	1	0	1	73	2282	1320	wisconsin	008
@themomsheil	<a href="https://twitter.com/themomsheil" target="_blank">themomsheil</a>	1	0	1	46	47	5352	Pennsylvania	008
@theprettyone61	<a href="https://twitter.com/theprettyone61" target="_blank">theprettyone61</a>	1	0	1	52	851	7336	Jonesvile,Louisiana	008
@Theresa_DTerr0r	<a href="https://twitter.com/Theresa_DTerr0r" target="_blank">Theresa_DTerr0r</a>	1	0	1	60	1365	7532	MILKYWAY	008
@TheSleazeHlppie	<a href="https://twitter.com/TheSleazeHlppie" target="_blank">TheSleazeHlppie</a>	1	0	1	59	436	7415	$outh$ide	008
@TheTlffUp	<a href="https://twitter.com/TheTlffUp" target="_blank">TheTlffUp</a>	1	0	1	90	2281	1237		008
@TheWeideGroup	<a href="https://twitter.com/TheWeideGroup" target="_blank">TheWeideGroup</a>	1	0	1	56	1600	1394	McLean, VA	008
@THORCRUZHEN	<a href="https://twitter.com/THORCRUZHEN" target="_blank">THORCRUZHEN</a>	1	0	1	6	105	33		024
@titan9L	<a href="https://twitter.com/titan9L" target="_blank">titan9L</a>	1	0	1	64	494	7330	Atlanta, GA	008
@tomhart_2	<a href="https://twitter.com/tomhart_2" target="_blank">tomhart_2</a>	1	0	1	45	1533	1074	Salisbury, MD	008
@Tonivelos	<a href="https://twitter.com/Tonivelos" target="_blank">Tonivelos</a>	1	0	1	1393	2788	72364	Utrera del Norte	002
@Tony_B146	<a href="https://twitter.com/Tony_B146" target="_blank">Tony_B146</a>	1	0	1	61	96	7368	Starkville, MS	008
@TonySosalnurret	<a href="https://twitter.com/TonySosalnurret" target="_blank">TonySosalnurret</a>	1	0	1	66	448	7172	Lost in thought..	008
@Toriemte	<a href="https://twitter.com/Toriemte" target="_blank">Toriemte</a>	1	0	1	387	1902	8153	Brooklyn, NY	008
@TorruellaJoel	<a href="https://twitter.com/TorruellaJoel" target="_blank">TorruellaJoel</a>	0	1	0					089
@tostadaconjalea	<a href="https://twitter.com/tostadaconjalea" target="_blank">tostadaconjalea</a>	1	0	1	9149	9242	47344	Molinos del rio Aguas	035
@Tra9261	<a href="https://twitter.com/Tra9261" target="_blank">Tra9261</a>	1	0	1	67	893	7328	WhereI'veBEEN/MyrtleBeach,SC	008
@trainyour__dog	<a href="https://twitter.com/trainyour__dog" target="_blank">trainyour__dog</a>	1	0	1	64	2318	1204	Pittsburgh, PA	008
@TravionColllns	<a href="https://twitter.com/TravionColllns" target="_blank">TravionColllns</a>	1	0	1	49	1587	1253	Texarkana, Texas	008
@treballadors	<a href="https://twitter.com/treballadors" target="_blank">treballadors</a>	28	0	1	1546	4999	35467		007
@Tresadd49	<a href="https://twitter.com/Tresadd49" target="_blank">Tresadd49</a>	1	0	1	346	1910	8375	San Pedro GG	008
@Trescci	<a href="https://twitter.com/Trescci" target="_blank">Trescci</a>	15	0	1	1042	1229	34321	Barcelona	029
@trj2523	<a href="https://twitter.com/trj2523" target="_blank">trj2523</a>	1	0	1	85	2278	1241	Georgia	008
@TRUshydd304	<a href="https://twitter.com/TRUshydd304" target="_blank">TRUshydd304</a>	1	0	1	44	1555	1353	Charlotte, NC	008
@twarren306	<a href="https://twitter.com/twarren306" target="_blank">twarren306</a>	1	0	1	89	2268	1230	Detroit	008
@TyierCaruthers	<a href="https://twitter.com/TyierCaruthers" target="_blank">TyierCaruthers</a>	1	0	1	57	2278	1194	West Virginia	008
@uauaua17	<a href="https://twitter.com/uauaua17" target="_blank">uauaua17</a>	4	0	1	274	1052	5322	Barcelona, Cataluña	026
@UncleKenny58	<a href="https://twitter.com/UncleKenny58" target="_blank">UncleKenny58</a>	1	0	1	55	97	7248	lawnside	008
@unknown_vlsions	<a href="https://twitter.com/unknown_vlsions" target="_blank">unknown_vlsions</a>	1	0	1	57	74	7147	nowhere.	008
@UnVeicroMyGeox	<a href="https://twitter.com/UnVeicroMyGeox" target="_blank">UnVeicroMyGeox</a>	1	0	1	60	100	6373	Chicago	008
@Vallribera	<a href="https://twitter.com/Vallribera" target="_blank">Vallribera</a>	1	0	1	185	331	802		082
@Vani_1984	<a href="https://twitter.com/Vani_1984" target="_blank">Vani_1984</a>	1	0	1	34	375	161	La Plata, Argentina	002
@VFProduccions	<a href="https://twitter.com/VFProduccions" target="_blank">VFProduccions</a>	0	1	0					088
@Vickie__Evon	<a href="https://twitter.com/Vickie__Evon" target="_blank">Vickie__Evon</a>	1	0	1	107	2274	1314	Dallas	008
@vienneinsoumise	<a href="https://twitter.com/vienneinsoumise" target="_blank">vienneinsoumise</a>	3	0	1	227	853	2554	Vienne, France	014
@vlllayoro	<a href="https://twitter.com/vlllayoro" target="_blank">vlllayoro</a>	1	0	1	67	2274	1260	marrero	008
@VonPolo95	<a href="https://twitter.com/VonPolo95" target="_blank">VonPolo95</a>	1	0	1	70	2233	1118	Baltimore	008
@VotacioTelem	<a href="https://twitter.com/VotacioTelem" target="_blank">VotacioTelem</a>	0	432	0					008
@vruset	<a href="https://twitter.com/vruset" target="_blank">vruset</a>	5	0	1	226	875	1786		006
@WalkingTall367	<a href="https://twitter.com/WalkingTall367" target="_blank">WalkingTall367</a>	1	0	1	76	2269	1291	Alamance County,North Carolina	008
@WhinyBitch8	<a href="https://twitter.com/WhinyBitch8" target="_blank">WhinyBitch8</a>	1	0	1	52	2362	1250		008
@Wilheminalm12	<a href="https://twitter.com/Wilheminalm12" target="_blank">Wilheminalm12</a>	1	0	1	344	1916	8169		008
@WllliamLucChau	<a href="https://twitter.com/WllliamLucChau" target="_blank">WllliamLucChau</a>	1	0	1	66	674	7251	Texas	008
@woridofzune	<a href="https://twitter.com/woridofzune" target="_blank">woridofzune</a>	1	0	1	86	2416	1490	Southern California	008
@xdiume	<a href="https://twitter.com/xdiume" target="_blank">xdiume</a>	5	0	1	237	248	8451	Santa Pau, Girona	001
@xecspir	<a href="https://twitter.com/xecspir" target="_blank">xecspir</a>	4	1	0	449	728	6472		078
@Xiula2	<a href="https://twitter.com/Xiula2" target="_blank">Xiula2</a>	1	0	1	3	23	523		034
@xmonge	<a href="https://twitter.com/xmonge" target="_blank">xmonge</a>	3	0	1	4611	923	47287	Barna city, Països Catalans	013
@xo_andrea30	<a href="https://twitter.com/xo_andrea30" target="_blank">xo_andrea30</a>	1	0	1	81	1680	7092	Glendale, AZ	008
@xoPauiyy	<a href="https://twitter.com/xoPauiyy" target="_blank">xoPauiyy</a>	1	0	1	55	729	7412	Miami	008
@xtinafrlis	<a href="https://twitter.com/xtinafrlis" target="_blank">xtinafrlis</a>	1	0	1	98	2251	1287	New Orleans, LA.	008
@xuzonDev	<a href="https://twitter.com/xuzonDev" target="_blank">xuzonDev</a>	1	0	1	177	364	4623	Vigo,Spain	009
@Y0ung_Jasss	<a href="https://twitter.com/Y0ung_Jasss" target="_blank">Y0ung_Jasss</a>	1	0	1	81	1168	7104	Blytheville AR	008
@yakubiuk	<a href="https://twitter.com/yakubiuk" target="_blank">yakubiuk</a>	1	0	1	2011	2075	31880	Roquetas de Mar	011
@Yeah_bcn	<a href="https://twitter.com/Yeah_bcn" target="_blank">Yeah_bcn</a>	10	0	1	5	93	1026	Barcelona, Catalunya	002
@YesCymru	<a href="https://twitter.com/YesCymru" target="_blank">YesCymru</a>	2	0	1	5179	3663	5767	Cymru / Wales / Pays de Galles	010
@yessiica936	<a href="https://twitter.com/yessiica936" target="_blank">yessiica936</a>	1	0	1	122	65	3136		009
@ygMraz938	<a href="https://twitter.com/ygMraz938" target="_blank">ygMraz938</a>	1	0	1	73	2278	1181	Newark, NewJersey	008
@Ygritte_Snow	<a href="https://twitter.com/Ygritte_Snow" target="_blank">Ygritte_Snow</a>	2	0	1	3156	244	193081	Pueblo Libre (País Valencià)	009
@YokoTono	<a href="https://twitter.com/YokoTono" target="_blank">YokoTono</a>	1	0	1	12	212	457		003
@yory5	<a href="https://twitter.com/yory5" target="_blank">yory5</a>	0	1	0					079
@YORYO25MD	<a href="https://twitter.com/YORYO25MD" target="_blank">YORYO25MD</a>	21	2	0	739	874	127886	Madrid, Villa Vallecas	037
@youaintlovln	<a href="https://twitter.com/youaintlovln" target="_blank">youaintlovln</a>	1	0	1	77	2186	1235		008
@YoungBadazz798	<a href="https://twitter.com/YoungBadazz798" target="_blank">YoungBadazz798</a>	1	0	1	72	1625	7339	MIlwaukee, WI	008
@YourBrunette3_4	<a href="https://twitter.com/YourBrunette3_4" target="_blank">YourBrunette3_4</a>	1	0	1	54	79	7235		008
@ZebraMeltlngPot	<a href="https://twitter.com/ZebraMeltlngPot" target="_blank">ZebraMeltlngPot</a>	1	0	1	57	48	6405	Saint Louis, Missouri	008
@Zephyr3912	<a href="https://twitter.com/Zephyr3912" target="_blank">Zephyr3912</a>	2	0	1	492	855	32202	Madagascar	012
@zitorikruz	<a href="https://twitter.com/zitorikruz" target="_blank">zitorikruz</a>	1	0	1	737	1165	38982	Compañera,amatxo,y amatxi :)	011
@ZNARF13	<a href="https://twitter.com/ZNARF13" target="_blank">ZNARF13</a>	1	0	1	23	45	1292	MARSEILLE	014
@zobaran_nagore	<a href="https://twitter.com/zobaran_nagore" target="_blank">zobaran_nagore</a>	2	0	1	38	68	281		002
@zuurrii	<a href="https://twitter.com/zuurrii" target="_blank">zuurrii</a>	3	3	0	194	262	964		006
